{"type":"FeatureCollection","features":[{"type":"Feature","properties":{"level":940},"geometry":{"type":"LineString","coordinates":[[-126.75,-62.8],[-127.31,-62.0],[-127.24,-61.5],[-126.5,-61.02],[-125.9,-61.0],[-125.65,-61.25],[-125.69,-61.75],[-126.2,-62.5],[-126.75,-62.8]]}},{"type":"Feature","properties":{"level":944},"geometry":{"type":"LineString","coordinates":[[-126.0,-63.75],[-127.25,-63.33],[-127.98,-62.75],[-128.3,-62.25],[-128.15,-61.5],[-127.5,-60.8],[-125.25,-59.45],[-123.77,-59.75],[-123.61,-60.0],[-123.84,-62.75],[-124.75,-63.56],[-126.0,-63.75]]}},{"type":"Feature","properties":{"level":948},"geometry":{"type":"LineString","coordinates":[[-127.75,-64.26],[-128.75,-63.97],[-129.56,-62.75],[-129.48,-61.75],[-128.75,-60.74],[-127.0,-59.4],[-124.75,-58.45],[-123.51,-58.75],[-122.58,-59.5],[-121.96,-60.5],[-121.78,-62.25],[-122.5,-63.41],[-123.32,-64.0],[-124.75,-64.46],[-127.75,-64.26]]}},{"type":"Feature","properties":{"level":948},"geometry":{"type":"LineString","coordinates":[[-6.0,-56.75],[-6.76,-56.25],[-6.5,-55.66],[-6.0,-55.66],[-5.47,-56.0],[-5.5,-56.49],[-6.0,-56.75]]}},{"type":"Feature","properties":{"level":952},"geometry":{"type":"LineString","coordinates":[[-134.5,-71.54],[-136.04,-70.75],[-136.38,-70.25],[-136.25,-69.59],[-133.75,-67.49],[-133.27,-66.25],[-131.95,-64.75],[-131.86,-63.5],[-131.27,-61.75],[-129.01,-59.5],[-126.92,-58.5],[-124.25,-58.03],[-122.62,-58.5],[-121.0,-59.82],[-120.35,-61.5],[-120.36,-62.5],[-120.63,-63.0],[-121.52,-64.0],[-122.75,-64.81],[-125.88,-65.75],[-126.61,-67.5],[-128.36,-68.5],[-128.28,-69.25],[-127.76,-70.0],[-127.88,-70.25],[-128.9,-70.75],[-131.2,-71.25],[-133.75,-71.63],[-134.5,-71.54]]}},{"type":"Feature","properties":{"level":952},"geometry":{"type":"LineString","coordinates":[[-160.0,-62.26],[-160.31,-62.0],[-159.04,-61.5],[-155.75,-61.08],[-154.13,-60.5],[-154.84,-61.25],[-157.0,-62.1],[-160.0,-62.26]]}},{"type":"Feature","properties":{"level":952},"geometry":{"type":"LineString","coordinates":[[-4.75,-58.02],[-6.5,-57.5],[-7.78,-56.5],[-8.65,-54.5],[-10.52,-52.0],[-10.66,-51.5],[-10.5,-50.96],[-9.25,-50.65],[-7.25,-50.85],[-4.29,-52.5],[-3.56,-53.25],[-2.34,-55.25],[-1.63,-57.0],[-1.65,-57.5],[-2.25,-58.01],[-4.75,-58.02]]}},{"type":"Feature","properties":{"level":956},"geometry":{"type":"LineString","coordinates":[[180.0,-83.68],[171.5,-82.58],[170.11,-82.25],[169.97,-82.0],[170.59,-81.5],[172.19,-81.0],[180.0,-79.96]]}},{"type":"Feature","properties":{"level":956},"geometry":{"type":"LineString","coordinates":[[-180.0,-79.96],[-174.5,-79.61],[-165.5,-79.64],[-159.25,-80.16],[-157.0,-79.89],[-155.0,-79.24],[-153.5,-79.54],[-152.19,-79.25],[-154.25,-78.86],[-154.36,-78.75],[-153.65,-78.5],[-154.0,-78.23],[-156.0,-78.09],[-156.87,-77.75],[-156.25,-77.35],[-155.5,-77.3],[-151.25,-78.33],[-147.9,-78.75],[-148.42,-79.25],[-144.85,-79.75],[-143.22,-80.75],[-145.25,-80.77],[-146.75,-80.07],[-150.25,-79.7],[-151.32,-79.5],[-150.62,-79.25],[-151.25,-79.24],[-154.12,-80.25],[-154.41,-80.75],[-155.05,-81.0],[-145.44,-82.0],[-144.75,-82.54],[-143.06,-83.25],[-143.16,-83.5],[-145.75,-83.82],[-155.5,-84.08],[-176.0,-84.0],[-180.0,-83.68]]}},{"type":"Feature","properties":{"level":956},"geometry":{"type":"LineString","coordinates":[[-162.0,-79.57],[-162.75,-79.38],[-163.15,-79.0],[-161.75,-78.91],[-160.1,-79.5],[-162.0,-79.57]]}},{"type":"Feature","properties":{"level":956},"geometry":{"type":"LineString","coordinates":[[-134.25,-73.02],[-136.37,-72.75],[-139.75,-71.8],[-140.92,-71.25],[-141.43,-70.75],[-141.72,-70.0],[-141.5,-68.5],[-140.27,-67.25],[-136.75,-64.89],[-132.53,-60.5],[-129.25,-58.16],[-126.75,-57.6],[-124.0,-57.51],[-121.75,-58.2],[-120.0,-59.31],[-118.97,-61.0],[-118.95,-62.0],[-120.05,-64.25],[-122.12,-66.25],[-122.48,-67.25],[-121.76,-68.5],[-121.65,-69.25],[-122.41,-70.25],[-123.75,-70.82],[-128.43,-72.0],[-132.5,-72.88],[-134.25,-73.02]]}},{"type":"Feature","properties":{"level":956},"geometry":{"type":"LineString","coordinates":[[-157.75,-63.76],[-163.5,-62.95],[-165.15,-62.25],[-164.25,-61.83],[-159.25,-60.64],[-152.25,-59.25],[-151.89,-59.5],[-151.73,-60.25],[-151.93,-61.5],[-151.67,-62.25],[-151.89,-62.5],[-154.25,-63.47],[-156.0,-63.86],[-157.75,-63.76]]}},{"type":"Feature","properties":{"level":956},"geometry":{"type":"LineString","coordinates":[[-4.25,-58.75],[-7.04,-58.0],[-9.04,-56.5],[-11.41,-52.75],[-11.56,-51.5],[-11.17,-50.75],[-10.0,-50.15],[-8.25,-49.95],[-6.75,-50.01],[-5.32,-50.5],[-3.21,-51.75],[-1.72,-53.0],[0.22,-55.5],[1.26,-57.25],[0.79,-58.0],[-0.25,-58.5],[-2.0,-58.83],[-4.25,-58.75]]}},{"type":"Feature","properties":{"level":956},"geometry":{"type":"LineString","coordinates":[[147.0,21.73],[147.36,21.75],[147.0,21.73]]}},{"type":"Feature","properties":{"level":960},"geometry":{"type":"LineString","coordinates":[[180.0,-84.78],[170.75,-85.01],[170.35,-84.75],[171.5,-84.61],[172.04,-84.0],[170.25,-83.8],[169.5,-84.29],[168.0,-84.48],[166.75,-84.26],[164.25,-84.28],[164.05,-84.25],[168.5,-83.5],[166.75,-83.22],[166.0,-83.44],[164.5,-83.31],[163.5,-83.62],[160.34,-83.5],[160.25,-83.16],[159.69,-83.0],[162.18,-82.5],[160.93,-82.25],[159.75,-81.65],[158.6,-81.5],[158.82,-81.0],[162.0,-80.29],[170.75,-79.62],[180.0,-78.44]]}},{"type":"Feature","properties":{"level":960},"geometry":{"type":"LineString","coordinates":[[-180.0,-78.44],[-172.5,-77.37],[-162.0,-76.6],[-153.25,-75.35],[-149.93,-72.75],[-148.85,-71.25],[-148.69,-69.0],[-146.25,-66.75],[-139.63,-63.75],[-136.75,-61.9],[-133.75,-59.43],[-130.75,-57.47],[-128.75,-56.49],[-124.75,-56.54],[-120.75,-57.22],[-119.25,-58.25],[-118.25,-59.54],[-117.82,-60.5],[-117.81,-63.25],[-118.88,-66.5],[-118.66,-67.75],[-118.21,-68.25],[-117.9,-69.5],[-118.25,-70.44],[-119.55,-71.25],[-122.25,-72.21],[-127.0,-73.08],[-127.5,-73.6],[-139.75,-74.62],[-143.0,-75.29],[-143.54,-75.5],[-143.92,-76.0],[-140.43,-77.25],[-141.64,-77.75],[-139.51,-78.5],[-139.46,-78.75],[-140.35,-79.0],[-139.99,-79.25],[-133.67,-82.25],[-132.64,-83.75],[-132.91,-84.0],[-138.17,-84.75],[-143.0,-84.93],[-166.0,-84.74],[-174.25,-85.03],[-176.75,-84.73],[-180.0,-84.78]]}},{"type":"Feature","properties":{"level":960},"geometry":{"type":"LineString","coordinates":[[-114.75,-72.02],[-115.63,-71.75],[-116.06,-71.25],[-114.75,-70.69],[-113.75,-70.77],[-113.46,-71.0],[-113.79,-71.75],[-114.75,-72.02]]}},{"type":"Feature","properties":{"level":960},"geometry":{"type":"LineString","coordinates":[[-157.0,-65.5],[-164.75,-63.83],[-167.48,-62.5],[-165.75,-61.55],[-163.5,-60.75],[-152.0,-58.29],[-151.25,-58.46],[-148.74,-60.0],[-148.5,-61.76],[-149.06,-62.75],[-150.0,-63.47],[-154.0,-65.32],[-155.5,-65.62],[-157.0,-65.5]]}},{"type":"Feature","properties":{"level":960},"geometry":{"type":"LineString","coordinates":[[-145.75,-64.81],[-145.91,-64.75],[-145.75,-64.81]]}},{"type":"Feature","properties":{"level":960},"geometry":{"type":"LineString","coordinates":[[106.25,-64.58],[106.25,-64.34],[106.75,-64.15],[107.44,-64.25],[107.6,-64.5],[106.75,-64.72],[106.25,-64.58]]}},{"type":"Feature","properties":{"level":960},"geometry":{"type":"LineString","coordinates":[[-3.0,-59.5],[-5.75,-59.13],[-7.5,-58.55],[-9.0,-57.78],[-10.47,-56.5],[-11.74,-54.75],[-12.48,-53.0],[-12.43,-51.5],[-11.75,-50.5],[-10.0,-49.68],[-7.5,-49.44],[-5.5,-49.69],[-3.0,-50.53],[-0.37,-52.5],[3.66,-57.0],[3.54,-57.75],[1.5,-58.84],[-0.5,-59.33],[-3.0,-59.5]]}},{"type":"Feature","properties":{"level":960},"geometry":{"type":"LineString","coordinates":[[147.0,21.49],[146.71,21.75],[146.84,22.0],[147.58,22.0],[147.5,21.55],[147.0,21.49]]}},{"type":"Feature","properties":{"level":964},"geometry":{"type":"LineString","coordinates":[[-167.25,-85.76],[-166.21,-85.75],[-167.25,-85.76]]}},{"type":"Feature","properties":{"level":964},"geometry":{"type":"LineString","coordinates":[[160.75,-85.25],[163.25,-84.93],[164.11,-85.25],[160.75,-85.25]]}},{"type":"Feature","properties":{"level":964},"geometry":{"type":"LineString","coordinates":[[180.0,-85.09],[169.0,-85.08],[167.5,-85.25],[167.33,-85.0],[167.93,-84.75],[158.28,-84.25],[161.93,-84.0],[159.5,-83.56],[159.31,-83.5],[159.69,-83.25],[158.25,-82.6],[157.5,-82.65],[157.46,-82.5],[158.55,-82.25],[158.1,-82.0],[155.27,-81.75],[156.0,-81.71],[157.25,-81.32],[157.49,-81.0],[159.4,-80.5],[159.95,-80.25],[160.25,-79.47],[161.75,-79.01],[163.0,-79.0],[164.0,-78.29],[166.75,-78.35],[169.0,-77.75],[171.5,-77.96],[175.0,-77.7],[180.0,-76.89]]}},{"type":"Feature","properties":{"level":964},"geometry":{"type":"LineString","coordinates":[[162.03,-84.0],[162.75,-84.22],[166.36,-83.75],[164.75,-83.48],[164.0,-83.92],[162.03,-84.0]]}},{"type":"Feature","properties":{"level":964},"geometry":{"type":"LineString","coordinates":[[153.0,-81.78],[153.98,-81.75],[153.0,-81.78]]}},{"type":"Feature","properties":{"level":964},"geometry":{"type":"LineString","coordinates":[[167.75,-77.68],[167.52,-77.5],[169.33,-77.5],[169.0,-77.75],[167.75,-77.68]]}},{"type":"Feature","properties":{"level":964},"geometry":{"type":"LineString","coordinates":[[-180.0,-76.89],[-172.81,-75.75],[-167.75,-75.3],[-162.49,-74.5],[-159.0,-73.43],[-156.86,-72.25],[-155.96,-71.0],[-156.1,-70.25],[-156.79,-69.5],[-160.5,-68.08],[-161.22,-67.5],[-161.71,-66.5],[-162.41,-66.0],[-169.31,-63.5],[-170.5,-63.0],[-170.52,-62.75],[-165.9,-60.5],[-162.22,-59.5],[-152.0,-57.39],[-149.0,-58.43],[-147.0,-58.69],[-146.34,-59.75],[-145.75,-60.09],[-142.0,-61.07],[-138.0,-60.19],[-133.53,-57.5],[-129.4,-55.5],[-126.75,-55.11],[-121.25,-55.5],[-119.04,-56.5],[-117.31,-58.75],[-116.26,-61.5],[-116.02,-65.75],[-114.84,-67.5],[-113.25,-68.34],[-110.84,-68.75],[-110.14,-69.75],[-110.49,-71.75],[-112.0,-72.85],[-120.0,-73.18],[-128.25,-74.59],[-132.0,-74.85],[-133.75,-75.42],[-138.02,-75.75],[-138.41,-76.5],[-133.98,-78.0],[-134.13,-78.75],[-133.88,-79.25],[-133.98,-79.5],[-130.18,-81.0],[-126.54,-82.75],[-125.95,-83.25],[-125.86,-83.5],[-126.22,-83.75],[-128.25,-84.31],[-136.02,-85.25],[-146.75,-85.66],[-164.0,-85.24],[-176.0,-85.53],[-180.0,-85.09]]}},{"type":"Feature","properties":{"level":964},"geometry":{"type":"LineString","coordinates":[[105.75,-65.53],[103.08,-65.0],[101.27,-64.0],[100.95,-63.75],[101.02,-63.5],[102.75,-62.85],[106.75,-62.5],[109.5,-62.98],[110.66,-63.5],[111.15,-64.0],[110.86,-64.75],[110.02,-65.25],[107.75,-65.61],[105.75,-65.53]]}},{"type":"Feature","properties":{"level":964},"geometry":{"type":"LineString","coordinates":[[129.75,-62.51],[128.68,-62.0],[128.46,-61.5],[128.6,-61.25],[129.95,-61.0],[130.77,-61.5],[131.1,-62.5],[129.75,-62.51]]}},{"type":"Feature","properties":{"level":964},"geometry":{"type":"LineString","coordinates":[[-4.75,-60.01],[-6.75,-59.62],[-9.25,-58.65],[-10.95,-57.5],[-12.35,-56.0],[-13.36,-54.25],[-13.66,-52.75],[-13.25,-51.25],[-12.25,-50.11],[-10.5,-49.31],[-8.0,-48.96],[-5.5,-49.09],[-2.17,-49.75],[1.75,-52.65],[5.25,-56.0],[5.75,-56.75],[5.71,-57.5],[4.98,-58.25],[2.0,-59.52],[-1.0,-60.1],[-4.75,-60.01]]}},{"type":"Feature","properties":{"level":964},"geometry":{"type":"LineString","coordinates":[[146.75,21.45],[146.53,21.75],[146.75,22.17],[147.75,22.0],[147.5,21.35],[146.75,21.45]]}},{"type":"Feature","properties":{"level":968},"geometry":{"type":"LineString","coordinates":[[180.0,-85.37],[178.03,-85.25],[174.25,-85.8],[163.0,-86.29],[155.0,-85.77],[153.85,-85.5],[153.75,-85.25],[154.36,-85.0],[152.41,-84.5],[154.75,-83.99],[154.49,-83.75],[152.75,-83.39],[152.46,-83.0],[152.75,-82.5],[151.25,-82.15],[150.92,-81.75],[152.75,-81.21],[154.75,-81.6],[156.5,-81.29],[158.46,-80.5],[157.38,-80.25],[158.75,-80.12],[159.25,-79.82],[159.31,-79.5],[158.8,-79.25],[158.87,-79.0],[160.25,-79.04],[163.08,-78.5],[161.89,-77.75],[162.06,-77.5],[161.48,-77.25],[161.84,-76.5],[161.68,-76.0],[161.85,-75.75],[161.25,-75.5],[164.0,-75.21],[172.25,-76.06],[180.0,-75.55]]}},{"type":"Feature","properties":{"level":968},"geometry":{"type":"LineString","coordinates":[[-180.0,-75.55],[-172.75,-74.49],[-166.94,-73.25],[-164.0,-72.18],[-162.85,-71.0],[-162.69,-70.25],[-162.87,-69.75],[-164.29,-68.25],[-168.54,-65.25],[-173.35,-63.25],[-173.05,-62.75],[-171.47,-61.75],[-165.0,-59.28],[-156.5,-57.62],[-152.73,-56.5],[-151.5,-56.63],[-148.5,-57.54],[-145.75,-57.82],[-144.75,-58.39],[-142.25,-58.79],[-140.75,-58.73],[-138.25,-58.13],[-134.25,-56.12],[-130.25,-54.47],[-128.5,-54.0],[-124.5,-53.56],[-124.0,-53.3],[-119.75,-54.64],[-117.97,-56.0],[-115.76,-59.0],[-113.5,-64.22],[-112.0,-65.61],[-111.25,-65.87],[-110.0,-65.91],[-106.0,-65.35],[-105.18,-65.5],[-104.32,-66.0],[-104.46,-66.5],[-106.07,-67.5],[-106.69,-68.25],[-108.2,-72.25],[-109.33,-73.25],[-114.75,-73.96],[-120.25,-74.18],[-126.0,-74.97],[-130.5,-75.95],[-132.0,-75.76],[-133.27,-76.5],[-131.5,-77.33],[-128.48,-77.75],[-129.73,-78.5],[-129.22,-79.0],[-129.18,-79.25],[-129.49,-79.5],[-129.25,-79.75],[-128.0,-79.97],[-122.83,-82.0],[-120.49,-83.5],[-120.75,-83.89],[-122.75,-84.64],[-127.12,-85.25],[-139.5,-85.95],[-144.75,-85.94],[-147.5,-86.2],[-150.5,-85.9],[-154.75,-86.28],[-159.0,-86.36],[-159.93,-86.25],[-158.46,-86.0],[-176.5,-85.66],[-180.0,-85.37]]}},{"type":"Feature","properties":{"level":968},"geometry":{"type":"LineString","coordinates":[[169.0,-72.07],[168.05,-71.75],[168.5,-71.46],[169.81,-71.75],[169.75,-72.09],[169.0,-72.07]]}},{"type":"Feature","properties":{"level":968},"geometry":{"type":"LineString","coordinates":[[-18.5,-70.05],[-18.86,-69.5],[-18.68,-69.0],[-18.25,-68.73],[-16.75,-68.54],[-16.16,-69.0],[-16.36,-69.75],[-16.77,-70.0],[-18.0,-70.24],[-18.5,-70.05]]}},{"type":"Feature","properties":{"level":968},"geometry":{"type":"LineString","coordinates":[[110.75,-66.76],[104.25,-66.39],[103.25,-66.14],[100.57,-66.5],[100.85,-66.25],[100.75,-66.11],[98.75,-65.65],[94.25,-65.17],[93.85,-64.75],[96.6,-62.5],[100.5,-60.9],[100.75,-60.39],[101.75,-59.71],[103.0,-59.47],[104.5,-58.42],[107.0,-58.27],[109.25,-58.43],[113.75,-59.18],[118.25,-60.93],[119.16,-61.5],[119.8,-62.25],[119.81,-63.0],[118.75,-64.28],[115.75,-64.93],[113.0,-65.82],[111.52,-66.75],[110.75,-66.76]]}},{"type":"Feature","properties":{"level":968},"geometry":{"type":"LineString","coordinates":[[131.0,-63.5],[129.25,-63.34],[127.5,-62.84],[126.58,-62.25],[126.46,-61.5],[127.03,-61.0],[128.5,-60.42],[130.5,-60.3],[133.75,-61.38],[134.62,-62.25],[134.57,-62.75],[134.0,-63.09],[131.0,-63.5]]}},{"type":"Feature","properties":{"level":968},"geometry":{"type":"LineString","coordinates":[[122.5,-61.6],[122.18,-61.25],[122.33,-61.0],[123.0,-60.7],[123.48,-60.75],[123.25,-61.27],[122.5,-61.6]]}},{"type":"Feature","properties":{"level":968},"geometry":{"type":"LineString","coordinates":[[-5.25,-60.78],[-8.0,-60.18],[-10.33,-59.25],[-12.48,-57.75],[-13.74,-56.25],[-14.68,-54.5],[-14.86,-52.75],[-14.34,-51.25],[-12.87,-49.75],[-11.0,-48.9],[-8.25,-48.45],[-5.5,-48.51],[-1.5,-49.02],[2.71,-51.75],[6.75,-55.25],[7.35,-56.25],[7.42,-57.0],[6.87,-58.0],[5.25,-59.13],[3.9,-59.75],[-0.25,-60.82],[-5.25,-60.78]]}},{"type":"Feature","properties":{"level":968},"geometry":{"type":"LineString","coordinates":[[95.5,-57.13],[95.14,-56.75],[95.22,-56.5],[95.93,-55.5],[96.69,-55.0],[97.08,-53.5],[98.1,-52.25],[102.25,-50.97],[103.5,-50.74],[103.75,-50.93],[104.02,-52.0],[103.5,-52.75],[98.65,-54.5],[99.01,-55.0],[99.12,-56.0],[98.5,-56.06],[97.19,-57.0],[95.5,-57.13]]}},{"type":"Feature","properties":{"level":968},"geometry":{"type":"LineString","coordinates":[[147.0,21.18],[146.46,21.5],[146.47,22.25],[147.0,22.38],[147.75,22.14],[147.75,21.43],[147.0,21.18]]}},{"type":"Feature","properties":{"level":972},"geometry":{"type":"LineString","coordinates":[[180.0,-85.95],[177.86,-86.0],[178.36,-86.25],[176.0,-86.41],[162.0,-86.76],[155.0,-86.64],[150.81,-86.0],[150.14,-85.5],[150.07,-85.0],[148.89,-84.5],[149.76,-84.0],[149.55,-83.5],[149.82,-82.75],[149.61,-81.75],[151.66,-81.0],[153.25,-80.76],[153.88,-81.25],[154.5,-81.39],[156.25,-81.14],[157.46,-80.75],[156.94,-80.25],[157.25,-80.04],[158.76,-79.75],[157.54,-79.0],[157.75,-78.9],[160.5,-78.81],[162.25,-78.43],[162.42,-78.25],[160.64,-77.75],[160.5,-76.12],[159.06,-75.5],[162.0,-75.04],[164.33,-74.25],[163.0,-73.89],[163.0,-73.66],[163.5,-73.45],[165.5,-73.67],[165.62,-73.5],[165.0,-73.39],[164.88,-73.0],[165.75,-72.74],[166.5,-72.89],[166.5,-72.34],[167.74,-72.0],[167.21,-71.75],[167.1,-71.25],[167.05,-71.0],[167.5,-70.78],[169.5,-70.75],[172.53,-71.5],[173.63,-72.5],[173.16,-73.75],[174.0,-74.35],[176.75,-74.4],[180.0,-74.09]]}},{"type":"Feature","properties":{"level":972},"geometry":{"type":"LineString","coordinates":[[-180.0,-74.09],[-173.0,-72.75],[-169.91,-71.25],[-168.81,-70.0],[-168.92,-68.75],[-170.5,-66.69],[-175.75,-63.25],[-174.25,-62.15],[-171.58,-60.75],[-168.0,-59.39],[-156.25,-56.74],[-153.25,-55.67],[-147.5,-56.72],[-144.5,-57.1],[-142.0,-57.11],[-138.75,-56.04],[-132.5,-53.46],[-129.0,-52.51],[-126.0,-52.03],[-125.75,-51.77],[-123.75,-52.0],[-120.5,-52.79],[-118.5,-54.08],[-115.27,-57.5],[-113.64,-59.75],[-111.93,-62.75],[-110.81,-63.75],[-108.5,-64.56],[-103.96,-64.75],[-102.75,-65.35],[-102.31,-66.0],[-102.53,-66.75],[-103.72,-67.75],[-104.19,-68.5],[-106.06,-73.25],[-106.75,-73.65],[-111.5,-74.43],[-113.25,-74.34],[-120.0,-75.01],[-125.75,-75.88],[-126.23,-76.0],[-126.49,-76.25],[-126.2,-76.5],[-126.38,-76.75],[-126.98,-77.0],[-125.29,-77.25],[-124.76,-77.75],[-125.12,-78.25],[-124.9,-78.75],[-123.63,-80.0],[-122.0,-80.66],[-119.25,-81.31],[-115.54,-82.75],[-113.89,-83.75],[-113.72,-84.0],[-114.33,-84.25],[-117.3,-85.0],[-126.94,-85.75],[-123.74,-86.0],[-131.75,-86.0],[-135.0,-86.33],[-143.5,-86.45],[-147.78,-87.0],[-151.25,-86.65],[-167.6,-86.5],[-161.75,-86.47],[-160.62,-86.25],[-161.75,-86.07],[-180.0,-85.95]]}},{"type":"Feature","properties":{"level":972},"geometry":{"type":"LineString","coordinates":[[-22.0,-73.01],[-23.62,-72.5],[-24.08,-72.25],[-24.34,-71.75],[-22.38,-70.5],[-21.31,-68.75],[-18.75,-66.78],[-18.25,-65.86],[-16.93,-66.0],[-14.64,-66.75],[-12.75,-67.97],[-11.99,-69.0],[-11.91,-69.75],[-12.26,-70.5],[-13.0,-71.31],[-14.0,-71.87],[-17.75,-72.8],[-22.0,-73.01]]}},{"type":"Feature","properties":{"level":972},"geometry":{"type":"LineString","coordinates":[[107.75,-67.29],[103.25,-66.79],[100.75,-66.87],[100.0,-67.16],[99.5,-66.81],[88.04,-66.75],[89.18,-65.5],[93.3,-62.0],[94.22,-60.75],[94.68,-59.5],[93.11,-57.75],[92.93,-57.25],[93.21,-54.75],[94.01,-53.75],[95.5,-52.33],[96.52,-51.75],[100.5,-50.48],[104.0,-49.8],[104.5,-49.85],[106.04,-50.75],[108.72,-53.0],[110.37,-55.0],[111.25,-55.65],[115.0,-56.09],[117.75,-56.89],[118.25,-56.66],[121.75,-58.41],[123.5,-58.83],[130.5,-59.46],[133.75,-60.08],[135.78,-61.0],[136.91,-62.25],[136.79,-62.75],[136.28,-63.25],[134.5,-63.89],[132.25,-64.29],[126.25,-64.78],[118.25,-67.01],[115.5,-67.39],[114.0,-67.22],[110.5,-67.48],[107.75,-67.29]]}},{"type":"Feature","properties":{"level":972},"geometry":{"type":"LineString","coordinates":[[-6.25,-61.77],[-8.75,-61.29],[-11.15,-60.25],[-13.35,-58.75],[-14.61,-57.5],[-15.69,-56.0],[-16.35,-54.25],[-16.1,-52.25],[-15.05,-50.5],[-13.49,-49.25],[-11.25,-48.34],[-8.25,-47.87],[-5.5,-47.92],[-0.5,-48.53],[3.0,-50.43],[5.8,-52.5],[7.75,-54.25],[8.75,-55.52],[8.84,-56.75],[8.25,-57.98],[6.75,-59.3],[5.18,-60.25],[2.5,-61.11],[-0.25,-61.67],[-3.25,-61.9],[-6.25,-61.77]]}},{"type":"Feature","properties":{"level":972},"geometry":{"type":"LineString","coordinates":[[-112.75,19.91],[-112.75,20.22],[-112.43,20.25],[-112.36,20.0],[-112.75,19.91]]}},{"type":"Feature","properties":{"level":972},"geometry":{"type":"LineString","coordinates":[[146.75,21.09],[146.18,21.75],[146.27,22.25],[146.5,22.52],[147.0,22.57],[147.75,22.3],[148.02,21.75],[147.76,21.25],[146.75,21.09]]}},{"type":"Feature","properties":{"level":972},"geometry":{"type":"LineString","coordinates":[[180.0,53.15],[179.5,53.32],[179.21,53.75],[180.0,54.07]]}},{"type":"Feature","properties":{"level":972},"geometry":{"type":"LineString","coordinates":[[-180.0,54.07],[-179.5,53.96],[-179.24,53.5],[-180.0,53.15]]}},{"type":"Feature","properties":{"level":976},"geometry":{"type":"LineString","coordinates":[[180.0,-86.92],[163.0,-87.24],[153.25,-87.04],[147.61,-86.25],[146.41,-85.75],[146.3,-85.25],[145.78,-84.75],[147.56,-83.75],[147.57,-83.25],[148.41,-82.25],[148.24,-81.75],[152.0,-80.64],[155.5,-80.61],[157.33,-79.5],[157.25,-79.2],[155.96,-79.0],[160.42,-78.0],[160.0,-77.75],[160.32,-77.5],[159.77,-77.0],[160.05,-76.75],[159.53,-76.5],[159.6,-76.25],[159.25,-76.01],[158.39,-75.75],[158.57,-75.5],[162.25,-74.78],[163.15,-74.25],[162.53,-73.5],[164.5,-73.31],[165.0,-72.79],[165.93,-72.5],[166.09,-72.0],[166.47,-71.75],[166.29,-71.5],[166.54,-71.25],[166.0,-71.05],[164.75,-71.02],[164.0,-71.35],[163.0,-71.14],[162.31,-70.5],[162.25,-70.17],[164.75,-69.79],[170.0,-70.09],[173.75,-70.71],[177.75,-71.8],[180.0,-71.94]]}},{"type":"Feature","properties":{"level":976},"geometry":{"type":"LineString","coordinates":[[-163.14,-86.25],[-161.39,-86.25],[-163.14,-86.25]]}},{"type":"Feature","properties":{"level":976},"geometry":{"type":"LineString","coordinates":[[154.13,-81.0],[155.5,-81.0],[155.0,-80.76],[154.13,-81.0]]}},{"type":"Feature","properties":{"level":976},"geometry":{"type":"LineString","coordinates":[[156.04,-80.75],[157.12,-80.75],[156.04,-80.75]]}},{"type":"Feature","properties":{"level":976},"geometry":{"type":"LineString","coordinates":[[-20.75,-75.03],[-26.5,-73.95],[-27.27,-73.25],[-27.45,-72.5],[-27.32,-71.5],[-26.67,-70.5],[-23.93,-67.5],[-22.38,-66.25],[-21.75,-64.43],[-20.75,-64.21],[-18.5,-64.19],[-12.5,-65.06],[-10.25,-65.86],[-8.56,-66.75],[-5.7,-69.0],[-5.4,-69.5],[-5.61,-70.0],[-6.95,-71.25],[-6.92,-71.75],[-8.5,-72.09],[-9.39,-73.25],[-10.0,-73.65],[-14.5,-74.68],[-20.75,-75.03]]}},{"type":"Feature","properties":{"level":976},"geometry":{"type":"LineString","coordinates":[[-180.0,-71.94],[-177.75,-71.63],[-175.92,-71.0],[-174.17,-69.5],[-173.64,-68.5],[-174.65,-66.75],[-178.29,-63.5],[-176.29,-62.0],[-171.48,-59.75],[-168.5,-58.83],[-156.5,-55.92],[-154.0,-54.8],[-147.25,-55.78],[-143.25,-55.61],[-140.76,-54.75],[-134.75,-51.38],[-128.5,-50.8],[-126.25,-50.32],[-122.75,-50.45],[-120.5,-51.48],[-118.0,-53.15],[-114.9,-56.0],[-112.5,-58.43],[-110.19,-61.75],[-109.42,-62.5],[-106.83,-63.75],[-101.7,-64.75],[-100.77,-65.75],[-101.0,-67.11],[-101.99,-68.5],[-103.36,-71.75],[-103.12,-72.25],[-103.65,-72.75],[-103.35,-73.25],[-104.25,-73.9],[-106.75,-74.47],[-111.75,-75.12],[-120.69,-76.0],[-123.19,-76.75],[-121.34,-77.75],[-122.47,-78.25],[-122.42,-78.5],[-121.5,-79.13],[-106.88,-83.25],[-107.27,-83.75],[-108.85,-84.5],[-108.56,-84.75],[-114.07,-85.5],[-124.05,-86.25],[-124.22,-86.5],[-125.39,-86.75],[-147.25,-87.19],[-156.0,-87.02],[-166.25,-87.19],[-173.0,-86.89],[-180.0,-86.92]]}},{"type":"Feature","properties":{"level":976},"geometry":{"type":"LineString","coordinates":[[73.0,-70.41],[72.87,-69.75],[73.43,-68.75],[74.75,-67.75],[76.33,-67.0],[77.0,-66.35],[82.6,-64.25],[85.25,-63.55],[86.81,-62.5],[87.84,-60.5],[87.69,-59.75],[84.33,-59.0],[84.86,-58.25],[84.75,-57.47],[85.0,-57.22],[85.56,-57.25],[85.7,-57.0],[85.58,-56.5],[85.92,-55.75],[90.81,-53.75],[96.25,-50.92],[99.5,-49.89],[103.75,-48.93],[105.25,-49.01],[108.0,-50.47],[109.25,-50.86],[110.08,-51.5],[112.15,-52.5],[113.28,-53.5],[115.0,-53.97],[120.25,-54.39],[126.78,-56.5],[129.69,-58.0],[134.5,-59.39],[137.27,-60.75],[138.2,-61.5],[138.63,-62.25],[138.0,-63.37],[136.75,-64.13],[135.25,-64.66],[125.5,-66.15],[121.51,-67.5],[118.25,-68.01],[112.75,-68.23],[103.0,-67.25],[101.0,-67.25],[99.75,-67.6],[99.25,-67.17],[94.5,-67.38],[93.0,-67.21],[90.75,-67.36],[88.5,-67.93],[86.5,-68.13],[78.5,-69.87],[76.5,-69.77],[73.25,-70.13],[73.0,-70.41]]}},{"type":"Feature","properties":{"level":976},"geometry":{"type":"LineString","coordinates":[[-6.0,-63.53],[-9.5,-62.61],[-12.5,-61.07],[-15.25,-58.7],[-17.46,-56.0],[-18.15,-54.0],[-18.01,-52.75],[-17.14,-51.0],[-15.5,-49.39],[-13.0,-48.1],[-9.25,-47.31],[-6.0,-47.23],[0.0,-47.81],[1.74,-48.5],[5.47,-50.5],[8.48,-53.25],[9.84,-55.0],[10.12,-56.0],[9.66,-57.75],[8.6,-59.25],[7.0,-60.35],[3.5,-61.75],[-2.79,-63.5],[-6.0,-63.53]]}},{"type":"Feature","properties":{"level":976},"geometry":{"type":"LineString","coordinates":[[-112.75,19.74],[-112.87,20.25],[-112.25,20.27],[-112.25,19.93],[-112.75,19.74]]}},{"type":"Feature","properties":{"level":976},"geometry":{"type":"LineString","coordinates":[[146.5,21.0],[145.97,21.75],[146.22,22.5],[146.75,22.75],[147.75,22.55],[148.14,22.0],[147.95,21.25],[147.5,20.86],[146.5,21.0]]}},{"type":"Feature","properties":{"level":976},"geometry":{"type":"LineString","coordinates":[[-173.75,23.15],[-173.45,23.25],[-173.75,23.15]]}},{"type":"Feature","properties":{"level":976},"geometry":{"type":"LineString","coordinates":[[180.0,52.59],[178.25,52.84],[177.65,53.25],[177.51,53.75],[178.25,55.09],[179.0,55.41],[180.0,55.42]]}},{"type":"Feature","properties":{"level":976},"geometry":{"type":"LineString","coordinates":[[-180.0,55.42],[-178.5,54.87],[-178.11,54.25],[-178.41,53.25],[-179.0,52.83],[-180.0,52.59]]}},{"type":"Feature","properties":{"level":980},"geometry":{"type":"LineString","coordinates":[[180.0,-87.59],[165.5,-87.61],[153.0,-87.31],[145.25,-86.67],[141.6,-85.75],[142.56,-85.25],[142.61,-84.75],[145.42,-84.0],[145.68,-83.75],[145.6,-83.5],[147.05,-82.5],[146.82,-82.0],[147.04,-81.75],[150.75,-80.55],[152.75,-80.19],[155.61,-80.25],[155.74,-80.0],[155.23,-79.75],[155.51,-79.25],[155.02,-79.0],[155.19,-78.75],[158.25,-78.34],[159.73,-77.5],[158.82,-77.0],[158.55,-76.25],[157.75,-75.73],[159.5,-74.91],[162.25,-74.6],[162.71,-74.25],[162.35,-73.75],[162.36,-73.25],[164.25,-73.25],[164.25,-72.88],[164.96,-72.5],[165.0,-72.21],[163.0,-72.04],[162.5,-71.58],[160.75,-72.07],[160.73,-71.75],[159.57,-71.0],[159.71,-70.75],[159.53,-70.5],[157.83,-69.75],[157.25,-69.21],[159.75,-68.77],[177.75,-69.43],[179.0,-69.25],[180.0,-68.8]]}},{"type":"Feature","properties":{"level":980},"geometry":{"type":"LineString","coordinates":[[-30.25,-76.33],[-31.59,-74.0],[-31.54,-72.25],[-28.31,-67.75],[-25.14,-64.0],[-23.25,-63.22],[-18.0,-62.4],[-15.8,-61.75],[-15.94,-60.75],[-19.52,-55.5],[-19.92,-54.0],[-19.77,-52.0],[-19.25,-50.69],[-17.93,-49.25],[-16.5,-48.38],[-13.25,-47.21],[-9.75,-46.61],[-6.25,-46.54],[0.0,-46.97],[2.5,-47.77],[7.0,-50.12],[8.35,-51.75],[10.0,-53.23],[11.25,-55.25],[11.25,-56.75],[10.87,-57.5],[10.95,-58.0],[9.51,-59.75],[7.5,-61.17],[3.24,-63.25],[0.65,-65.25],[0.85,-65.75],[1.28,-66.0],[6.51,-67.5],[3.75,-68.66],[1.19,-70.25],[-3.17,-71.5],[-4.25,-71.46],[-5.0,-71.7],[-5.98,-72.25],[-6.73,-73.25],[-7.94,-73.75],[-7.85,-74.0],[-8.15,-74.25],[-10.51,-75.0],[-12.5,-74.99],[-14.25,-75.47],[-18.75,-76.11],[-30.25,-76.33]]}},{"type":"Feature","properties":{"level":980},"geometry":{"type":"LineString","coordinates":[[68.25,-73.07],[68.25,-72.39],[67.51,-72.0],[67.51,-71.75],[68.41,-71.0],[68.12,-70.75],[69.25,-70.0],[68.83,-69.5],[69.5,-68.76],[69.66,-68.25],[69.25,-67.83],[67.0,-67.77],[66.48,-67.5],[68.98,-67.25],[69.36,-66.75],[70.75,-66.12],[74.28,-63.75],[77.5,-62.53],[79.92,-61.25],[79.86,-60.5],[80.38,-59.5],[79.87,-58.25],[76.83,-56.5],[76.54,-56.25],[76.75,-55.74],[78.75,-55.02],[84.0,-54.52],[86.75,-53.89],[90.0,-52.75],[95.75,-50.17],[99.25,-49.06],[103.5,-48.11],[106.25,-48.35],[109.75,-49.49],[110.25,-49.91],[113.0,-50.99],[120.5,-52.69],[124.18,-54.0],[125.49,-54.25],[137.75,-59.94],[139.5,-61.07],[140.32,-62.25],[140.22,-62.75],[139.27,-64.0],[137.75,-64.94],[133.25,-65.76],[132.49,-66.0],[132.53,-66.25],[132.25,-66.36],[131.0,-66.2],[130.5,-67.06],[129.75,-67.42],[129.25,-67.19],[126.0,-67.3],[118.25,-68.75],[114.5,-68.94],[110.5,-68.53],[108.0,-68.55],[104.25,-67.67],[99.5,-67.97],[98.5,-67.43],[97.75,-67.44],[93.0,-67.92],[91.25,-68.37],[86.5,-69.0],[82.5,-69.98],[79.5,-71.02],[77.25,-71.36],[76.69,-72.25],[74.75,-73.07],[71.0,-73.06],[70.5,-72.64],[69.75,-72.57],[68.25,-73.07]]}},{"type":"Feature","properties":{"level":980},"geometry":{"type":"LineString","coordinates":[[72.77,-72.25],[74.0,-72.28],[74.36,-72.0],[74.25,-71.85],[73.75,-72.11],[73.5,-71.87],[73.0,-71.87],[72.64,-72.0],[72.77,-72.25]]}},{"type":"Feature","properties":{"level":980},"geometry":{"type":"LineString","coordinates":[[-180.0,-68.8],[-179.23,-67.5],[-179.1,-66.75],[-180.0,-64.49]]}},{"type":"Feature","properties":{"level":980},"geometry":{"type":"LineString","coordinates":[[8.25,-67.51],[8.77,-67.5],[8.25,-67.51]]}},{"type":"Feature","properties":{"level":980},"geometry":{"type":"LineString","coordinates":[[50.75,-65.01],[49.0,-64.67],[47.98,-64.0],[47.83,-63.25],[49.42,-61.75],[50.75,-61.55],[55.09,-61.75],[55.57,-62.0],[55.18,-62.75],[55.35,-64.25],[54.94,-64.75],[53.0,-65.08],[50.75,-65.01]]}},{"type":"Feature","properties":{"level":980},"geometry":{"type":"LineString","coordinates":[[180.0,-64.49],[179.47,-63.5],[180.0,-62.79]]}},{"type":"Feature","properties":{"level":980},"geometry":{"type":"LineString","coordinates":[[-180.0,-62.79],[-179.0,-62.14],[-172.75,-59.36],[-159.25,-55.83],[-156.75,-54.99],[-155.25,-54.11],[-147.75,-54.63],[-144.5,-54.19],[-143.25,-53.72],[-141.71,-52.75],[-138.5,-49.76],[-138.47,-49.25],[-138.0,-48.89],[-131.25,-49.05],[-126.75,-48.66],[-125.75,-48.77],[-125.5,-48.38],[-125.0,-48.45],[-121.5,-49.75],[-118.5,-51.51],[-112.0,-56.51],[-110.12,-59.0],[-107.49,-61.75],[-104.77,-63.25],[-100.65,-64.5],[-99.92,-65.0],[-99.31,-66.0],[-99.44,-67.5],[-100.56,-70.5],[-101.4,-71.75],[-100.42,-72.25],[-101.13,-72.5],[-101.55,-73.0],[-101.05,-73.25],[-101.74,-73.75],[-101.19,-74.25],[-112.0,-75.95],[-112.48,-76.25],[-111.94,-76.5],[-112.5,-76.89],[-112.82,-76.75],[-112.58,-76.5],[-112.75,-76.35],[-113.5,-76.38],[-116.75,-77.64],[-117.5,-77.54],[-117.5,-77.22],[-118.75,-77.03],[-119.22,-77.25],[-119.49,-77.75],[-119.25,-78.45],[-118.93,-78.75],[-113.17,-80.25],[-108.0,-81.2],[-105.25,-82.05],[-100.5,-82.55],[-99.9,-82.75],[-99.92,-83.0],[-100.77,-83.5],[-100.25,-84.01],[-96.61,-84.5],[-102.66,-85.0],[-108.75,-85.15],[-116.0,-85.97],[-118.3,-86.0],[-116.44,-86.25],[-119.75,-86.77],[-143.75,-87.43],[-180.0,-87.59]]}},{"type":"Feature","properties":{"level":980},"geometry":{"type":"LineString","coordinates":[[57.25,-61.76],[56.66,-61.5],[56.83,-61.25],[57.75,-61.2],[58.42,-61.5],[57.25,-61.76]]}},{"type":"Feature","properties":{"level":980},"geometry":{"type":"LineString","coordinates":[[-112.75,19.63],[-113.07,20.0],[-113.0,20.25],[-112.75,20.47],[-112.25,20.42],[-112.1,20.0],[-112.25,19.75],[-112.75,19.63]]}},{"type":"Feature","properties":{"level":980},"geometry":{"type":"LineString","coordinates":[[146.75,20.47],[145.86,21.25],[145.73,22.25],[146.5,22.92],[147.5,22.91],[148.24,22.25],[148.32,21.5],[147.75,20.75],[146.75,20.47]]}},{"type":"Feature","properties":{"level":980},"geometry":{"type":"LineString","coordinates":[[-173.75,22.98],[-174.0,23.25],[-173.75,23.43],[-173.25,23.25],[-173.75,22.98]]}},{"type":"Feature","properties":{"level":980},"geometry":{"type":"LineString","coordinates":[[180.0,52.11],[178.25,52.22],[175.84,53.5],[175.09,54.25],[174.19,56.0],[174.47,56.5],[175.93,57.25],[180.0,58.22]]}},{"type":"Feature","properties":{"level":980},"geometry":{"type":"LineString","coordinates":[[-180.0,58.22],[-176.75,58.28],[-175.08,57.75],[-174.93,57.5],[-175.75,57.16],[-176.45,56.25],[-176.35,54.25],[-176.88,53.5],[-178.25,52.52],[-180.0,52.11]]}},{"type":"Feature","properties":{"level":980},"geometry":{"type":"LineString","coordinates":[[-17.5,65.89],[-17.64,66.0],[-17.22,66.5],[-16.75,66.74],[-15.71,66.5],[-16.75,65.88],[-17.5,65.89]]}},{"type":"Feature","properties":{"level":980},"geometry":{"type":"LineString","coordinates":[[-20.75,66.11],[-20.95,66.25],[-20.43,66.25],[-20.75,66.11]]}},{"type":"Feature","properties":{"level":980},"geometry":{"type":"LineString","coordinates":[[-19.25,66.19],[-19.47,66.25],[-18.75,66.52],[-17.92,66.25],[-19.25,66.19]]}},{"type":"Feature","properties":{"level":984},"geometry":{"type":"LineString","coordinates":[[180.0,-87.96],[152.0,-87.52],[143.0,-86.99],[139.63,-86.5],[137.16,-85.75],[139.19,-85.25],[139.34,-84.75],[143.33,-84.0],[143.49,-83.75],[143.3,-83.5],[145.1,-82.75],[145.74,-81.75],[149.75,-80.34],[154.0,-79.55],[154.15,-79.25],[153.91,-78.75],[154.43,-78.5],[156.0,-78.1],[158.2,-78.0],[158.35,-77.75],[158.06,-77.5],[158.22,-77.25],[157.0,-76.75],[157.04,-76.0],[156.51,-75.75],[156.71,-75.5],[159.5,-74.65],[161.75,-74.55],[162.51,-74.25],[162.0,-73.32],[159.79,-72.25],[159.73,-71.5],[158.32,-70.5],[156.0,-69.67],[154.88,-69.5],[154.08,-69.0],[154.5,-68.42],[157.25,-67.85],[169.25,-67.96],[173.75,-67.32],[176.25,-66.25],[177.25,-65.1],[178.45,-62.75],[180.0,-61.69]]}},{"type":"Feature","properties":{"level":984},"geometry":{"type":"LineString","coordinates":[[-94.0,-83.26],[-92.13,-83.0],[-92.7,-83.25],[-94.0,-83.26]]}},{"type":"Feature","properties":{"level":984},"geometry":{"type":"LineString","coordinates":[[-37.0,-78.29],[-37.6,-78.0],[-37.1,-77.25],[-37.02,-74.0],[-30.96,-65.75],[-26.5,-62.85],[-24.25,-61.94],[-20.25,-60.78],[-20.0,-60.53],[-19.7,-59.0],[-21.3,-55.0],[-21.64,-53.25],[-21.64,-51.25],[-21.22,-50.0],[-20.58,-49.0],[-19.61,-48.0],[-17.75,-46.81],[-14.5,-46.03],[-9.25,-45.71],[-2.5,-45.97],[1.5,-46.44],[5.25,-47.82],[7.01,-48.75],[8.26,-49.75],[10.68,-52.5],[12.21,-54.75],[12.22,-56.75],[12.52,-57.25],[12.01,-58.25],[10.26,-60.5],[7.07,-63.25],[6.99,-64.0],[7.84,-65.25],[11.0,-66.34],[12.79,-67.25],[13.4,-68.0],[13.5,-68.52],[15.7,-69.25],[15.83,-69.5],[13.04,-70.5],[11.4,-70.75],[7.0,-70.99],[3.58,-71.5],[2.94,-72.0],[2.0,-71.93],[-1.25,-72.55],[-5.0,-72.59],[-5.4,-72.75],[-5.57,-73.25],[-4.87,-73.75],[-8.75,-75.14],[-13.75,-76.21],[-15.5,-76.04],[-16.75,-76.54],[-23.25,-76.51],[-28.75,-76.81],[-34.0,-77.71],[-36.0,-78.5],[-37.0,-78.29]]}},{"type":"Feature","properties":{"level":984},"geometry":{"type":"LineString","coordinates":[[66.5,-74.02],[64.97,-73.5],[65.0,-73.25],[66.62,-71.0],[65.95,-70.75],[65.98,-70.5],[65.62,-70.25],[67.1,-69.25],[66.63,-68.75],[65.5,-68.73],[64.75,-68.22],[56.75,-67.61],[55.75,-67.34],[55.23,-67.0],[55.11,-66.5],[54.75,-66.45],[54.47,-66.5],[54.96,-66.75],[54.75,-66.85],[52.75,-67.02],[50.75,-67.71],[50.0,-67.67],[48.75,-68.21],[47.5,-67.95],[44.5,-68.28],[43.5,-68.18],[39.25,-69.21],[38.0,-68.83],[37.71,-68.25],[38.78,-66.75],[42.25,-62.92],[45.0,-62.13],[47.75,-60.92],[50.75,-60.15],[55.25,-59.41],[58.0,-59.38],[61.0,-60.23],[62.03,-61.25],[63.0,-61.63],[65.25,-61.92],[67.25,-61.71],[69.75,-62.08],[71.25,-62.02],[72.75,-61.65],[74.78,-60.5],[75.74,-59.0],[75.39,-55.75],[76.25,-55.0],[78.0,-54.37],[83.25,-53.59],[87.25,-52.66],[97.0,-48.78],[102.5,-47.32],[104.25,-47.18],[108.75,-47.79],[110.5,-48.55],[113.25,-49.32],[120.0,-49.87],[138.75,-59.46],[140.98,-61.0],[141.59,-61.75],[141.83,-62.5],[141.52,-64.5],[141.16,-64.75],[139.0,-65.51],[135.5,-66.15],[135.0,-66.9],[134.5,-67.13],[134.13,-67.0],[134.47,-66.25],[133.75,-66.19],[133.17,-66.5],[133.49,-67.0],[131.25,-67.82],[126.0,-68.16],[119.75,-69.25],[115.5,-69.59],[111.0,-69.08],[108.0,-69.13],[105.25,-68.1],[102.0,-68.47],[100.5,-68.39],[98.75,-68.09],[98.62,-67.75],[98.25,-67.65],[94.07,-68.25],[83.75,-70.61],[81.57,-71.5],[79.05,-73.0],[76.0,-73.68],[75.51,-74.0],[74.25,-74.06],[73.0,-73.81],[70.25,-74.14],[66.5,-74.02]]}},{"type":"Feature","properties":{"level":984},"geometry":{"type":"LineString","coordinates":[[68.85,-73.5],[69.5,-73.58],[69.89,-73.25],[69.0,-73.17],[68.85,-73.5]]}},{"type":"Feature","properties":{"level":984},"geometry":{"type":"LineString","coordinates":[[162.68,-73.0],[163.74,-73.0],[162.75,-72.4],[162.29,-72.75],[162.68,-73.0]]}},{"type":"Feature","properties":{"level":984},"geometry":{"type":"LineString","coordinates":[[25.0,-71.51],[21.5,-71.04],[19.0,-71.14],[17.33,-70.5],[18.5,-69.88],[21.25,-69.66],[22.18,-70.0],[21.62,-70.25],[22.13,-70.75],[24.5,-71.12],[26.25,-70.98],[26.58,-71.25],[25.75,-71.59],[25.0,-71.51]]}},{"type":"Feature","properties":{"level":984},"geometry":{"type":"LineString","coordinates":[[26.75,-71.1],[27.0,-70.91],[27.75,-71.0],[26.75,-71.1]]}},{"type":"Feature","properties":{"level":984},"geometry":{"type":"LineString","coordinates":[[24.5,-70.08],[23.68,-69.75],[28.25,-68.19],[31.0,-68.08],[31.98,-68.75],[28.75,-69.84],[24.5,-70.08]]}},{"type":"Feature","properties":{"level":984},"geometry":{"type":"LineString","coordinates":[[-180.0,-61.69],[-174.8,-59.25],[-159.5,-55.0],[-156.25,-53.4],[-149.5,-53.39],[-146.75,-53.04],[-145.0,-52.45],[-144.19,-52.0],[-141.0,-48.75],[-140.67,-48.25],[-140.88,-47.75],[-140.75,-47.56],[-139.25,-47.34],[-130.25,-47.34],[-128.5,-47.09],[-128.32,-47.0],[-128.5,-46.71],[-126.25,-47.08],[-123.25,-47.95],[-120.25,-49.26],[-111.0,-55.06],[-107.78,-59.0],[-105.59,-61.0],[-102.92,-62.75],[-99.5,-64.32],[-98.06,-65.5],[-97.67,-66.5],[-97.7,-67.75],[-98.48,-71.0],[-98.94,-71.75],[-98.23,-72.25],[-99.14,-73.0],[-98.92,-73.25],[-99.15,-73.75],[-98.47,-74.5],[-98.55,-74.75],[-102.25,-75.25],[-106.57,-76.5],[-110.07,-77.75],[-111.01,-78.5],[-111.26,-79.0],[-108.87,-80.0],[-107.49,-80.25],[-95.08,-81.5],[-93.73,-82.5],[-96.45,-83.25],[-94.5,-83.29],[-94.18,-83.5],[-96.25,-84.62],[-99.24,-85.0],[-107.0,-85.17],[-111.0,-85.49],[-109.07,-85.75],[-115.94,-86.75],[-127.0,-87.07],[-139.27,-87.75],[-180.0,-87.96]]}},{"type":"Feature","properties":{"level":984},"geometry":{"type":"LineString","coordinates":[[55.5,-58.77],[54.25,-58.06],[53.75,-57.22],[54.25,-57.03],[55.25,-57.45],[55.86,-58.75],[55.5,-58.77]]}},{"type":"Feature","properties":{"level":984},"geometry":{"type":"LineString","coordinates":[[-113.0,19.64],[-113.19,20.0],[-113.0,20.42],[-112.5,20.63],[-112.17,20.5],[-111.99,20.25],[-112.1,19.75],[-112.5,19.51],[-113.0,19.64]]}},{"type":"Feature","properties":{"level":984},"geometry":{"type":"LineString","coordinates":[[146.5,20.23],[145.51,21.0],[145.26,21.75],[145.42,22.5],[146.25,23.21],[147.75,23.11],[148.4,22.5],[148.61,21.5],[148.0,20.61],[146.5,20.23]]}},{"type":"Feature","properties":{"level":984},"geometry":{"type":"LineString","coordinates":[[144.75,21.44],[144.75,21.7],[144.75,21.44]]}},{"type":"Feature","properties":{"level":984},"geometry":{"type":"LineString","coordinates":[[-174.0,23.0],[-174.15,23.25],[-173.75,23.55],[-173.15,23.25],[-173.5,22.87],[-174.0,23.0]]}},{"type":"Feature","properties":{"level":984},"geometry":{"type":"LineString","coordinates":[[180.0,51.53],[178.0,51.61],[175.5,52.22],[171.25,53.63],[169.75,54.56],[169.41,55.0],[169.72,55.5],[171.5,56.04],[174.5,57.67],[177.25,58.47],[180.0,58.92]]}},{"type":"Feature","properties":{"level":984},"geometry":{"type":"LineString","coordinates":[[-180.0,58.92],[-177.25,59.0],[-175.0,58.73],[-173.29,58.0],[-172.89,57.25],[-173.15,56.25],[-174.25,54.52],[-175.5,53.09],[-177.66,52.0],[-180.0,51.53]]}},{"type":"Feature","properties":{"level":984},"geometry":{"type":"LineString","coordinates":[[-23.5,63.23],[-25.25,63.76],[-26.62,65.0],[-26.0,66.03],[-24.0,67.09],[-21.0,67.69],[-15.5,68.09],[-13.0,67.54],[-12.05,67.0],[-11.68,66.5],[-11.83,66.0],[-13.0,65.14],[-17.25,63.49],[-20.25,63.06],[-23.5,63.23]]}},{"type":"Feature","properties":{"level":984},"geometry":{"type":"LineString","coordinates":[[-17.21,64.0],[-16.71,64.0],[-17.21,64.0]]}},{"type":"Feature","properties":{"level":984},"geometry":{"type":"LineString","coordinates":[[116.0,71.98],[114.84,72.25],[114.49,72.75],[116.25,73.17],[117.75,73.06],[118.62,72.75],[118.64,72.5],[118.0,72.13],[116.0,71.98]]}},{"type":"Feature","properties":{"level":988},"geometry":{"type":"LineString","coordinates":[[180.0,-88.16],[156.75,-87.94],[143.0,-87.46],[137.75,-86.94],[135.33,-86.5],[134.16,-86.0],[134.33,-85.75],[137.0,-84.75],[141.13,-84.0],[141.44,-83.75],[141.28,-83.5],[143.0,-82.88],[143.44,-82.25],[144.2,-81.75],[148.75,-80.0],[151.42,-79.5],[153.47,-78.25],[156.21,-77.5],[156.29,-77.25],[155.62,-76.75],[155.15,-75.75],[156.5,-75.07],[159.75,-74.19],[161.5,-74.42],[162.2,-74.25],[161.75,-73.38],[158.5,-72.26],[158.47,-71.5],[157.5,-70.67],[151.13,-68.75],[152.03,-68.5],[152.5,-67.85],[156.75,-66.42],[165.25,-66.8],[168.0,-66.64],[170.11,-66.25],[173.0,-65.33],[175.14,-64.25],[177.52,-62.25],[180.0,-60.65]]}},{"type":"Feature","properties":{"level":988},"geometry":{"type":"LineString","coordinates":[[-38.0,-78.75],[-41.0,-78.18],[-41.89,-77.75],[-42.94,-76.0],[-42.45,-74.5],[-38.83,-70.25],[-36.94,-67.25],[-33.22,-65.0],[-28.5,-61.71],[-23.97,-60.0],[-22.89,-59.25],[-22.41,-58.0],[-23.02,-55.5],[-23.51,-50.5],[-23.29,-49.75],[-22.93,-48.75],[-20.25,-45.48],[-19.97,-44.25],[-19.25,-43.84],[-18.25,-43.66],[-17.25,-43.85],[-15.5,-43.63],[-14.25,-44.65],[-7.75,-44.68],[1.5,-45.47],[4.86,-46.5],[7.5,-47.8],[9.5,-49.64],[12.38,-53.0],[13.56,-55.25],[13.69,-56.5],[13.41,-57.75],[12.88,-59.0],[10.99,-62.0],[10.8,-62.75],[10.93,-63.5],[13.25,-64.98],[16.7,-66.25],[19.25,-66.84],[22.75,-66.8],[31.5,-65.86],[33.75,-65.37],[35.94,-64.25],[36.77,-63.0],[44.25,-60.74],[47.91,-58.75],[51.25,-57.78],[54.0,-55.98],[56.0,-56.37],[59.5,-58.38],[64.25,-59.75],[66.25,-59.99],[70.0,-59.53],[72.5,-58.62],[73.75,-57.34],[75.25,-54.85],[76.99,-54.0],[85.5,-52.24],[96.25,-48.15],[101.5,-46.6],[105.0,-46.15],[107.63,-46.5],[113.0,-47.69],[118.25,-48.17],[120.5,-49.08],[140.98,-59.75],[142.76,-61.25],[144.86,-63.75],[145.18,-64.5],[141.98,-65.75],[138.92,-66.5],[138.77,-67.0],[135.0,-67.81],[132.79,-68.0],[131.25,-68.57],[125.25,-68.84],[121.86,-69.5],[117.25,-69.99],[107.75,-69.59],[106.5,-68.91],[106.26,-69.0],[106.48,-69.25],[106.0,-69.39],[103.25,-68.9],[100.25,-68.79],[99.25,-68.38],[95.5,-68.48],[85.5,-71.08],[79.97,-73.75],[77.0,-74.07],[74.5,-74.99],[68.75,-74.49],[67.25,-74.58],[65.33,-74.25],[63.58,-73.5],[63.61,-73.25],[64.74,-72.25],[65.21,-71.25],[64.75,-70.52],[63.74,-69.75],[63.73,-69.5],[64.32,-69.25],[64.0,-69.0],[63.16,-69.0],[63.76,-68.75],[61.25,-68.34],[56.0,-68.5],[56.0,-67.96],[55.0,-67.77],[50.75,-68.88],[48.75,-68.61],[45.25,-69.25],[43.5,-69.24],[42.75,-68.97],[41.0,-69.36],[40.72,-69.75],[40.76,-70.25],[40.31,-70.5],[36.75,-70.47],[36.0,-70.81],[35.8,-71.0],[35.84,-71.5],[35.5,-71.64],[34.5,-71.52],[31.25,-72.09],[25.5,-72.29],[24.25,-72.68],[22.5,-72.73],[16.0,-72.29],[15.0,-71.97],[13.81,-72.0],[13.5,-71.64],[11.75,-71.98],[10.75,-71.67],[7.75,-71.72],[1.5,-72.35],[-3.0,-73.32],[-5.63,-74.5],[-6.52,-75.25],[-8.25,-75.84],[-8.97,-75.75],[-8.69,-76.0],[-9.7,-76.25],[-8.57,-76.75],[-8.75,-76.88],[-10.75,-76.79],[-11.39,-77.0],[-9.19,-77.75],[-11.5,-77.68],[-15.25,-77.08],[-20.0,-77.58],[-22.5,-77.12],[-24.25,-77.05],[-32.5,-77.87],[-34.0,-78.86],[-38.0,-78.75]]}},{"type":"Feature","properties":{"level":988},"geometry":{"type":"LineString","coordinates":[[-4.62,-73.25],[-4.0,-73.34],[-3.28,-72.75],[-4.49,-72.75],[-4.62,-73.25]]}},{"type":"Feature","properties":{"level":988},"geometry":{"type":"LineString","coordinates":[[53.5,-67.25],[54.0,-67.4],[54.86,-67.25],[53.5,-67.25]]}},{"type":"Feature","properties":{"level":988},"geometry":{"type":"LineString","coordinates":[[137.7,-66.5],[138.13,-66.5],[137.7,-66.5]]}},{"type":"Feature","properties":{"level":988},"geometry":{"type":"LineString","coordinates":[[-180.0,-60.65],[-175.0,-58.52],[-162.0,-54.86],[-159.5,-53.88],[-157.75,-52.87],[-150.5,-52.31],[-147.0,-51.37],[-145.33,-50.25],[-143.5,-48.0],[-142.95,-46.5],[-142.25,-46.01],[-140.75,-45.83],[-132.75,-45.89],[-130.75,-45.68],[-130.25,-45.26],[-128.25,-45.57],[-124.0,-46.62],[-121.0,-47.68],[-109.75,-53.9],[-108.5,-54.89],[-104.25,-59.57],[-102.12,-61.25],[-98.5,-63.47],[-96.5,-65.26],[-96.03,-66.5],[-95.92,-68.75],[-96.07,-71.0],[-96.34,-71.75],[-96.05,-72.25],[-96.7,-73.25],[-96.38,-73.75],[-95.39,-74.0],[-95.19,-74.25],[-95.31,-74.5],[-97.13,-75.25],[-100.41,-76.0],[-101.3,-77.0],[-103.82,-77.75],[-102.9,-78.75],[-98.5,-79.68],[-93.5,-80.4],[-91.75,-80.47],[-88.5,-80.1],[-86.86,-80.25],[-86.76,-80.5],[-87.0,-80.67],[-88.55,-81.0],[-88.25,-81.09],[-86.0,-80.74],[-84.5,-80.99],[-82.5,-80.84],[-81.77,-80.5],[-82.19,-80.25],[-81.75,-80.0],[-78.53,-80.5],[-81.0,-81.05],[-82.5,-81.12],[-84.0,-81.83],[-93.5,-83.66],[-94.5,-84.14],[-94.74,-84.5],[-96.25,-85.1],[-105.06,-85.25],[-105.76,-85.75],[-113.5,-86.8],[-139.5,-88.12],[-180.0,-88.16]]}},{"type":"Feature","properties":{"level":988},"geometry":{"type":"LineString","coordinates":[[-104.0,-49.33],[-104.0,-48.67],[-103.5,-48.51],[-103.14,-48.75],[-103.44,-49.25],[-104.0,-49.33]]}},{"type":"Feature","properties":{"level":988},"geometry":{"type":"LineString","coordinates":[[-113.0,19.47],[-113.33,20.0],[-113.13,20.5],[-112.5,20.74],[-112.0,20.52],[-111.84,20.0],[-112.0,19.68],[-112.5,19.36],[-113.0,19.47]]}},{"type":"Feature","properties":{"level":988},"geometry":{"type":"LineString","coordinates":[[146.25,19.99],[145.36,20.5],[144.5,21.35],[144.38,21.75],[145.5,23.72],[147.0,23.82],[148.0,23.41],[148.73,22.75],[148.94,21.5],[148.36,20.5],[147.61,20.0],[147.0,19.83],[146.25,19.99]]}},{"type":"Feature","properties":{"level":988},"geometry":{"type":"LineString","coordinates":[[-174.0,22.86],[-174.29,23.25],[-174.0,23.58],[-173.5,23.64],[-173.05,23.25],[-173.25,22.83],[-174.0,22.86]]}},{"type":"Feature","properties":{"level":988},"geometry":{"type":"LineString","coordinates":[[180.0,50.79],[176.75,50.9],[171.0,52.01],[169.06,53.25],[168.5,54.07],[168.23,55.0],[168.5,55.75],[169.0,56.24],[172.0,57.8],[176.5,59.19],[180.0,59.7]]}},{"type":"Feature","properties":{"level":988},"geometry":{"type":"LineString","coordinates":[[-180.0,59.7],[-176.25,59.66],[-173.08,59.0],[-169.74,57.0],[-168.66,56.0],[-168.45,55.5],[-168.75,55.03],[-171.28,54.5],[-174.41,52.5],[-176.25,51.64],[-178.25,51.01],[-180.0,50.79]]}},{"type":"Feature","properties":{"level":988},"geometry":{"type":"LineString","coordinates":[[-22.5,62.49],[-25.0,62.93],[-27.15,63.75],[-28.28,64.75],[-28.39,65.25],[-28.18,66.0],[-27.21,67.0],[-25.46,67.75],[-21.0,68.47],[-16.25,68.85],[-11.9,68.5],[-10.49,67.75],[-9.44,66.5],[-9.55,65.75],[-10.03,65.25],[-15.5,62.93],[-18.75,62.48],[-22.5,62.49]]}},{"type":"Feature","properties":{"level":988},"geometry":{"type":"LineString","coordinates":[[116.75,69.74],[115.75,70.56],[112.5,72.25],[112.19,72.75],[112.31,73.25],[114.0,74.21],[117.25,74.22],[121.0,73.86],[124.66,72.75],[124.08,72.5],[124.25,71.68],[123.0,70.45],[119.25,69.8],[116.75,69.74]]}},{"type":"Feature","properties":{"level":988},"geometry":{"type":"LineString","coordinates":[[126.5,72.2],[125.88,72.5],[126.75,72.81],[127.48,72.5],[126.5,72.2]]}},{"type":"Feature","properties":{"level":992},"geometry":{"type":"LineString","coordinates":[[180.0,-88.34],[156.5,-88.18],[140.6,-87.75],[135.27,-87.25],[131.54,-86.5],[131.28,-86.0],[132.67,-85.25],[138.71,-84.0],[139.34,-83.75],[140.52,-82.5],[143.12,-81.5],[143.57,-81.0],[150.0,-79.1],[154.42,-77.5],[154.66,-77.25],[154.17,-76.0],[154.39,-75.5],[156.25,-74.55],[158.65,-73.75],[159.02,-73.25],[157.25,-72.5],[157.0,-71.62],[155.75,-70.83],[152.03,-70.0],[150.0,-68.96],[146.97,-68.75],[146.63,-68.5],[147.02,-68.25],[146.89,-68.0],[145.02,-67.75],[144.75,-67.5],[144.82,-67.25],[144.25,-67.17],[136.0,-68.22],[134.0,-68.22],[131.75,-69.01],[128.0,-69.1],[122.0,-70.02],[113.75,-70.64],[111.75,-70.31],[110.25,-70.46],[103.25,-69.29],[101.0,-69.27],[96.5,-68.63],[89.95,-70.25],[89.25,-70.85],[86.22,-71.75],[82.55,-74.0],[80.75,-74.34],[78.0,-74.44],[76.0,-75.3],[74.75,-75.38],[69.5,-75.22],[64.75,-74.72],[63.0,-73.92],[62.33,-73.25],[64.05,-71.25],[63.5,-70.25],[59.5,-69.06],[55.03,-68.75],[54.9,-68.5],[55.1,-68.25],[54.5,-68.2],[51.5,-69.16],[46.5,-69.24],[40.75,-70.81],[37.75,-70.98],[35.25,-72.43],[31.0,-72.99],[27.75,-72.48],[25.5,-72.7],[24.75,-73.07],[22.5,-73.09],[16.0,-72.57],[12.75,-72.03],[11.5,-72.28],[8.0,-72.02],[4.75,-72.54],[2.5,-72.43],[1.69,-73.0],[0.5,-72.98],[-2.25,-73.48],[-4.79,-74.5],[-4.75,-75.02],[-2.15,-76.25],[-1.25,-77.0],[-1.35,-77.25],[-1.15,-77.5],[-1.66,-77.75],[-1.41,-78.0],[-6.0,-77.9],[-11.27,-78.25],[-13.75,-79.17],[-15.0,-78.88],[-16.0,-78.92],[-16.2,-79.0],[-15.78,-79.75],[-18.0,-80.04],[-18.43,-80.25],[-18.05,-80.5],[-18.32,-80.75],[-19.25,-80.93],[-25.75,-80.63],[-30.5,-80.92],[-31.89,-81.25],[-39.0,-81.95],[-40.47,-82.25],[-40.46,-82.5],[-41.0,-82.62],[-49.0,-82.51],[-50.36,-82.25],[-49.75,-82.2],[-48.75,-81.43],[-45.88,-80.25],[-46.25,-79.96],[-48.12,-79.75],[-47.87,-79.25],[-48.5,-78.92],[-51.5,-78.95],[-52.5,-79.32],[-53.22,-79.25],[-51.75,-78.51],[-51.46,-78.0],[-51.85,-77.5],[-51.79,-77.25],[-51.13,-76.5],[-48.03,-74.25],[-46.34,-72.0],[-40.63,-67.25],[-30.25,-60.68],[-25.78,-58.75],[-24.94,-57.75],[-24.59,-56.5],[-24.96,-54.0],[-24.98,-48.75],[-22.0,-45.3],[-20.25,-43.73],[-18.0,-42.92],[-15.25,-42.66],[-11.25,-43.4],[1.5,-44.45],[4.0,-45.04],[6.75,-46.13],[9.25,-48.15],[11.5,-50.46],[14.25,-54.25],[14.71,-55.75],[14.5,-58.0],[13.71,-60.75],[13.62,-61.5],[13.95,-62.5],[14.75,-63.14],[16.4,-63.75],[17.09,-64.25],[18.75,-64.74],[21.25,-65.08],[26.75,-64.88],[31.5,-63.88],[33.0,-63.26],[36.25,-61.02],[40.0,-60.5],[42.17,-59.75],[43.2,-58.75],[43.25,-57.74],[46.75,-56.89],[50.25,-56.54],[54.5,-55.29],[56.0,-55.44],[60.19,-57.25],[62.75,-57.92],[67.0,-58.2],[69.22,-57.75],[70.75,-57.24],[75.0,-54.23],[76.56,-53.5],[86.75,-50.84],[95.25,-47.52],[99.5,-46.16],[104.25,-45.32],[113.0,-46.04],[116.25,-46.6],[119.5,-47.63],[140.79,-58.5],[146.3,-62.25],[149.5,-63.49],[159.0,-64.37],[163.0,-65.25],[167.01,-65.25],[170.0,-64.6],[172.0,-63.85],[180.0,-59.46]]}},{"type":"Feature","properties":{"level":992},"geometry":{"type":"LineString","coordinates":[[-24.87,-79.75],[-22.95,-79.75],[-24.87,-79.75]]}},{"type":"Feature","properties":{"level":992},"geometry":{"type":"LineString","coordinates":[[-14.0,-79.51],[-13.01,-79.5],[-14.0,-79.51]]}},{"type":"Feature","properties":{"level":992},"geometry":{"type":"LineString","coordinates":[[-28.95,-78.25],[-27.25,-78.42],[-26.45,-78.25],[-27.5,-77.96],[-29.17,-78.0],[-28.95,-78.25]]}},{"type":"Feature","properties":{"level":992},"geometry":{"type":"LineString","coordinates":[[-55.75,-78.04],[-55.0,-77.67],[-54.25,-77.75],[-55.75,-78.04]]}},{"type":"Feature","properties":{"level":992},"geometry":{"type":"LineString","coordinates":[[-85.0,-77.52],[-81.84,-77.25],[-82.0,-77.51],[-85.0,-77.52]]}},{"type":"Feature","properties":{"level":992},"geometry":{"type":"LineString","coordinates":[[161.38,-74.25],[161.86,-74.0],[161.55,-73.5],[161.0,-73.32],[160.25,-73.52],[160.21,-74.0],[161.38,-74.25]]}},{"type":"Feature","properties":{"level":992},"geometry":{"type":"LineString","coordinates":[[-180.0,-59.46],[-174.75,-57.55],[-164.75,-54.77],[-161.99,-53.75],[-159.25,-52.27],[-152.75,-51.45],[-149.5,-50.47],[-148.25,-49.87],[-146.94,-48.75],[-144.46,-45.75],[-143.25,-45.23],[-140.75,-44.78],[-132.75,-44.38],[-131.75,-44.06],[-129.25,-44.34],[-123.25,-45.66],[-114.0,-49.6],[-112.75,-49.94],[-111.89,-49.75],[-105.25,-53.47],[-102.31,-56.25],[-101.46,-57.5],[-100.0,-58.72],[-98.5,-59.41],[-97.6,-61.0],[-95.25,-63.78],[-94.52,-65.25],[-93.12,-72.75],[-93.2,-73.0],[-93.78,-73.25],[-93.81,-73.5],[-93.0,-73.72],[-92.75,-74.01],[-91.46,-74.25],[-92.0,-74.95],[-95.81,-76.0],[-96.07,-76.75],[-95.74,-77.25],[-96.19,-77.75],[-94.5,-78.25],[-94.05,-78.75],[-91.25,-79.4],[-87.5,-79.26],[-87.0,-78.96],[-85.0,-78.85],[-84.93,-78.5],[-85.27,-78.25],[-85.0,-78.16],[-84.25,-78.71],[-84.25,-79.06],[-79.25,-79.93],[-76.5,-79.41],[-75.0,-79.44],[-74.71,-79.25],[-74.98,-79.0],[-74.25,-78.86],[-74.17,-78.5],[-74.73,-78.0],[-74.55,-77.75],[-75.0,-77.59],[-80.87,-77.5],[-78.25,-76.8],[-72.0,-76.84],[-66.0,-75.69],[-65.11,-76.0],[-65.7,-76.5],[-65.25,-76.62],[-60.77,-76.75],[-60.29,-77.5],[-59.65,-77.75],[-59.95,-78.25],[-59.5,-78.65],[-57.0,-78.54],[-55.5,-79.33],[-53.64,-79.5],[-56.0,-80.18],[-56.78,-80.75],[-56.94,-81.0],[-56.78,-81.25],[-55.58,-81.75],[-59.23,-82.75],[-58.25,-82.91],[-56.25,-82.62],[-55.35,-83.0],[-58.75,-83.94],[-62.75,-84.08],[-65.5,-83.52],[-70.25,-83.57],[-72.98,-83.25],[-72.75,-82.75],[-73.02,-82.5],[-77.13,-81.0],[-75.0,-80.6],[-74.66,-80.25],[-76.5,-80.09],[-77.5,-80.17],[-77.75,-80.69],[-78.57,-80.75],[-78.53,-81.0],[-79.62,-81.0],[-79.36,-81.25],[-80.5,-81.67],[-87.75,-82.8],[-89.5,-83.32],[-90.66,-83.25],[-90.66,-83.5],[-91.68,-83.75],[-91.2,-84.25],[-94.92,-85.0],[-92.35,-85.25],[-92.59,-85.5],[-94.0,-85.71],[-98.77,-85.25],[-102.01,-85.25],[-110.75,-86.88],[-131.25,-88.29],[-180.0,-88.34]]}},{"type":"Feature","properties":{"level":992},"geometry":{"type":"LineString","coordinates":[[-104.75,-50.44],[-105.37,-49.75],[-105.55,-49.0],[-104.75,-47.88],[-103.25,-47.78],[-102.03,-48.5],[-101.85,-49.5],[-102.43,-50.25],[-104.75,-50.44]]}},{"type":"Feature","properties":{"level":992},"geometry":{"type":"LineString","coordinates":[[-112.75,19.18],[-113.31,19.5],[-113.5,20.25],[-113.0,20.82],[-112.25,20.88],[-111.79,20.5],[-111.66,20.0],[-112.0,19.41],[-112.75,19.18]]}},{"type":"Feature","properties":{"level":992},"geometry":{"type":"LineString","coordinates":[[146.5,19.49],[145.5,19.8],[144.75,20.35],[144.15,21.25],[144.03,22.0],[144.44,23.25],[145.0,23.79],[146.25,24.37],[147.5,24.38],[149.08,23.0],[149.37,21.5],[149.0,20.6],[148.25,19.91],[147.5,19.56],[146.5,19.49]]}},{"type":"Feature","properties":{"level":992},"geometry":{"type":"LineString","coordinates":[[-174.0,22.71],[-174.46,23.25],[-174.35,23.5],[-173.75,23.77],[-173.08,23.5],[-172.95,23.0],[-173.18,22.75],[-174.0,22.71]]}},{"type":"Feature","properties":{"level":992},"geometry":{"type":"LineString","coordinates":[[180.0,50.06],[176.25,50.09],[170.5,51.0],[167.76,52.25],[166.78,53.5],[166.52,54.25],[166.79,55.5],[167.32,56.5],[169.75,58.13],[174.25,59.77],[180.0,60.65]]}},{"type":"Feature","properties":{"level":992},"geometry":{"type":"LineString","coordinates":[[-180.0,60.65],[-175.25,60.45],[-171.25,59.4],[-168.25,57.99],[-166.3,56.0],[-165.6,54.75],[-166.5,53.0],[-168.0,52.93],[-168.75,53.37],[-169.25,53.29],[-176.25,50.7],[-180.0,50.06]]}},{"type":"Feature","properties":{"level":992},"geometry":{"type":"LineString","coordinates":[[-23.0,61.98],[-26.75,62.59],[-29.18,63.5],[-30.67,65.0],[-30.82,65.75],[-30.65,66.5],[-29.28,68.25],[-19.0,69.7],[-15.25,69.81],[-12.25,69.6],[-9.0,68.82],[-7.72,68.0],[-7.43,65.75],[-8.33,64.75],[-9.72,64.0],[-13.14,62.75],[-15.5,62.2],[-19.25,61.86],[-23.0,61.98]]}},{"type":"Feature","properties":{"level":992},"geometry":{"type":"LineString","coordinates":[[-58.5,65.98],[-59.95,66.5],[-60.23,67.0],[-60.0,67.75],[-59.25,67.89],[-55.6,67.0],[-57.0,66.06],[-58.5,65.98]]}},{"type":"Feature","properties":{"level":992},"geometry":{"type":"LineString","coordinates":[[121.5,68.49],[115.25,68.98],[112.14,69.75],[110.18,71.75],[109.71,72.5],[109.67,73.25],[111.95,74.5],[113.5,74.86],[122.25,75.31],[126.0,74.82],[128.75,74.09],[130.74,73.25],[131.66,72.25],[131.52,71.5],[130.5,70.47],[129.25,70.43],[127.75,69.64],[125.25,68.78],[121.5,68.49]]}},{"type":"Feature","properties":{"level":996},"geometry":{"type":"LineString","coordinates":[[180.0,-88.51],[155.0,-88.38],[139.89,-88.0],[131.75,-87.37],[128.0,-86.55],[128.08,-86.25],[129.42,-85.5],[137.0,-83.51],[136.57,-83.0],[136.84,-82.75],[138.31,-82.25],[138.68,-81.75],[140.48,-81.0],[147.29,-79.25],[152.86,-77.25],[153.13,-77.0],[152.92,-76.25],[153.15,-75.5],[155.47,-73.5],[154.66,-73.0],[154.56,-72.75],[154.87,-72.25],[153.0,-70.99],[145.25,-68.74],[142.25,-68.88],[141.0,-68.48],[139.75,-68.4],[134.5,-68.46],[133.0,-69.09],[127.0,-69.75],[123.01,-70.5],[117.12,-70.75],[118.63,-71.25],[114.0,-71.56],[110.0,-71.21],[105.0,-70.06],[96.75,-69.0],[94.5,-69.85],[92.48,-70.0],[90.26,-71.25],[88.77,-71.5],[87.74,-72.0],[86.99,-73.0],[86.15,-73.5],[83.5,-74.49],[78.5,-74.99],[76.25,-75.66],[74.25,-75.69],[70.0,-75.58],[63.11,-75.0],[62.5,-74.73],[61.27,-73.25],[61.28,-72.25],[62.75,-71.32],[63.22,-70.5],[62.5,-70.14],[58.16,-69.25],[54.0,-68.94],[50.5,-69.65],[48.25,-69.47],[46.5,-69.73],[43.0,-70.81],[37.47,-71.75],[36.73,-72.0],[35.5,-72.94],[34.25,-73.19],[31.5,-73.35],[28.5,-73.05],[23.75,-73.45],[14.75,-72.59],[7.75,-72.28],[5.5,-72.81],[-0.5,-73.49],[-3.49,-74.25],[-3.79,-74.5],[0.5,-77.12],[2.66,-77.5],[0.0,-78.4],[-5.5,-78.91],[-8.5,-78.82],[-10.21,-79.25],[-9.25,-79.46],[-9.25,-80.0],[-8.5,-80.34],[-4.0,-80.68],[3.75,-80.62],[4.75,-80.76],[5.84,-81.25],[5.12,-81.5],[-1.5,-81.77],[-7.17,-81.5],[-7.75,-81.19],[-9.0,-81.02],[-15.75,-80.85],[-18.0,-81.31],[-18.98,-81.25],[-18.56,-81.5],[-20.99,-81.75],[-27.0,-81.58],[-36.5,-82.12],[-38.5,-82.41],[-40.0,-83.03],[-42.25,-83.44],[-49.25,-82.91],[-55.0,-83.44],[-56.75,-84.12],[-58.25,-84.34],[-64.25,-84.51],[-67.5,-85.07],[-74.56,-84.75],[-74.94,-84.5],[-74.2,-84.25],[-75.5,-84.0],[-85.5,-83.84],[-90.87,-85.0],[-91.5,-85.58],[-93.0,-85.88],[-96.25,-85.92],[-100.75,-85.53],[-104.45,-86.25],[-105.04,-86.5],[-103.91,-86.75],[-104.03,-87.0],[-105.0,-87.19],[-115.79,-88.25],[-138.25,-88.62],[-180.0,-88.51]]}},{"type":"Feature","properties":{"level":996},"geometry":{"type":"LineString","coordinates":[[-25.82,-81.0],[-22.45,-81.0],[-25.82,-81.0]]}},{"type":"Feature","properties":{"level":996},"geometry":{"type":"LineString","coordinates":[[-180.0,-58.35],[-176.0,-56.91],[-166.75,-54.37],[-161.0,-51.78],[-156.27,-51.0],[-152.25,-49.86],[-149.79,-48.5],[-145.75,-45.01],[-144.0,-44.29],[-141.25,-43.65],[-134.25,-42.74],[-129.0,-43.22],[-123.75,-44.26],[-115.0,-47.25],[-113.75,-47.35],[-112.0,-47.09],[-108.75,-48.21],[-107.5,-47.82],[-104.75,-45.69],[-102.75,-45.01],[-101.56,-45.75],[-100.45,-48.0],[-100.22,-49.25],[-100.72,-51.25],[-100.22,-52.75],[-93.51,-62.0],[-92.89,-63.5],[-92.0,-67.82],[-90.49,-70.75],[-88.95,-73.0],[-89.08,-73.5],[-88.63,-74.25],[-86.84,-75.0],[-86.96,-75.25],[-89.38,-75.5],[-89.15,-76.0],[-89.77,-76.25],[-89.4,-76.5],[-91.5,-77.2],[-91.56,-77.5],[-90.51,-78.25],[-89.7,-78.5],[-86.5,-78.65],[-85.29,-78.5],[-85.92,-78.0],[-86.41,-77.25],[-86.25,-77.16],[-84.25,-76.81],[-81.0,-76.8],[-80.51,-76.5],[-80.74,-76.25],[-80.25,-76.14],[-74.5,-76.26],[-70.75,-76.08],[-68.11,-75.75],[-66.0,-75.09],[-64.75,-74.32],[-64.0,-74.74],[-60.75,-74.18],[-58.75,-74.44],[-57.25,-74.31],[-55.31,-73.75],[-54.87,-73.25],[-53.5,-72.75],[-49.0,-70.06],[-42.96,-66.0],[-38.5,-63.86],[-30.75,-58.97],[-28.35,-57.75],[-26.9,-56.0],[-26.48,-48.0],[-25.01,-46.75],[-23.34,-44.75],[-22.0,-43.79],[-19.75,-42.68],[-16.0,-41.75],[-15.75,-41.51],[-11.75,-42.22],[3.0,-43.63],[4.25,-43.93],[6.25,-44.85],[9.75,-47.37],[14.6,-53.0],[15.56,-55.0],[15.8,-56.25],[15.84,-60.5],[16.74,-61.75],[18.0,-62.5],[20.27,-63.25],[22.0,-63.55],[27.0,-63.29],[30.5,-62.4],[36.0,-60.08],[39.82,-59.0],[41.0,-57.93],[42.0,-56.42],[43.25,-56.36],[45.75,-55.61],[50.25,-55.28],[55.0,-54.35],[57.0,-54.83],[61.0,-56.28],[63.75,-56.9],[66.0,-56.94],[68.5,-56.46],[70.5,-55.83],[74.32,-53.75],[76.75,-52.72],[85.25,-50.37],[98.0,-45.56],[103.5,-44.49],[112.5,-44.96],[115.5,-45.46],[119.25,-46.57],[123.0,-48.23],[137.0,-55.36],[146.75,-60.76],[150.5,-62.12],[153.0,-62.54],[160.75,-63.13],[168.75,-62.4],[174.25,-60.66],[180.0,-58.35]]}},{"type":"Feature","properties":{"level":996},"geometry":{"type":"LineString","coordinates":[[-81.5,-48.5],[-82.15,-48.25],[-82.46,-47.5],[-81.0,-46.29],[-77.5,-46.49],[-76.18,-47.5],[-77.5,-48.5],[-79.0,-48.71],[-81.5,-48.5]]}},{"type":"Feature","properties":{"level":996},"geometry":{"type":"LineString","coordinates":[[-113.0,18.92],[-113.69,19.5],[-113.83,20.25],[-113.25,21.04],[-112.25,21.18],[-111.64,20.75],[-111.4,19.75],[-112.0,19.03],[-113.0,18.92]]}},{"type":"Feature","properties":{"level":996},"geometry":{"type":"LineString","coordinates":[[145.75,18.95],[144.5,19.59],[143.65,20.5],[143.3,21.75],[143.6,23.0],[144.25,24.1],[145.0,24.65],[146.5,25.02],[147.75,24.88],[148.75,24.34],[149.5,23.5],[149.99,22.25],[149.98,21.5],[149.32,20.0],[148.75,19.44],[147.25,18.89],[145.75,18.95]]}},{"type":"Feature","properties":{"level":996},"geometry":{"type":"LineString","coordinates":[[-173.75,22.45],[-174.25,22.66],[-174.63,23.25],[-174.5,23.65],[-173.75,23.95],[-173.25,23.84],[-172.8,23.25],[-173.0,22.72],[-173.75,22.45]]}},{"type":"Feature","properties":{"level":996},"geometry":{"type":"LineString","coordinates":[[180.0,49.21],[173.0,49.57],[168.5,50.65],[166.5,51.6],[165.3,52.5],[164.54,53.5],[164.15,54.75],[164.47,56.25],[165.25,57.25],[166.19,58.0],[168.25,59.07],[174.15,61.0],[180.0,61.71]]}},{"type":"Feature","properties":{"level":996},"geometry":{"type":"LineString","coordinates":[[-151.5,54.21],[-152.75,54.72],[-153.75,55.83],[-155.0,56.34],[-155.17,56.75],[-154.5,57.12],[-153.25,57.18],[-152.66,57.5],[-152.0,58.45],[-151.5,58.61],[-149.75,58.87],[-148.35,58.25],[-147.75,57.61],[-147.56,57.0],[-148.22,55.5],[-150.25,54.14],[-151.5,54.21]]}},{"type":"Feature","properties":{"level":996},"geometry":{"type":"LineString","coordinates":[[-43.0,59.94],[-43.09,60.5],[-42.26,61.75],[-42.55,62.75],[-41.03,63.75],[-41.71,64.25],[-41.31,64.75],[-41.53,65.0],[-41.25,65.27],[-40.0,65.82],[-38.5,65.9],[-38.0,66.55],[-36.25,66.33],[-35.88,66.5],[-36.8,66.75],[-34.75,67.04],[-32.0,68.48],[-29.75,68.86],[-28.5,68.79],[-26.11,69.25],[-25.4,69.5],[-25.77,69.75],[-24.5,70.12],[-23.31,70.0],[-22.5,70.73],[-21.75,70.63],[-21.15,71.0],[-21.0,71.85],[-18.97,72.5],[-15.75,72.79],[-13.67,72.0],[-8.75,71.04],[-6.0,69.31],[-4.69,67.75],[-5.8,65.25],[-6.82,64.25],[-9.0,63.13],[-13.25,61.87],[-19.25,61.18],[-25.25,61.44],[-29.52,62.25],[-34.0,64.04],[-35.5,64.11],[-38.25,63.21],[-40.05,61.5],[-40.6,60.5],[-43.0,59.94]]}},{"type":"Feature","properties":{"level":996},"geometry":{"type":"LineString","coordinates":[[-63.25,60.97],[-66.96,62.0],[-67.41,62.5],[-67.25,62.73],[-66.76,62.75],[-68.03,64.0],[-69.75,64.74],[-70.97,65.75],[-72.0,66.2],[-74.58,66.75],[-75.38,67.5],[-75.47,68.25],[-74.0,68.72],[-71.5,68.74],[-68.25,68.46],[-67.47,68.25],[-67.78,68.0],[-67.5,67.9],[-66.78,68.0],[-67.08,67.75],[-66.75,67.58],[-66.0,68.3],[-61.75,69.75],[-56.25,71.27],[-54.5,70.53],[-54.59,70.0],[-53.5,69.21],[-51.25,69.04],[-49.76,67.75],[-49.75,67.4],[-50.34,66.75],[-50.22,66.5],[-53.5,66.03],[-54.87,64.75],[-58.5,62.46],[-58.93,62.0],[-58.86,61.25],[-59.25,60.9],[-63.25,60.97]]}},{"type":"Feature","properties":{"level":996},"geometry":{"type":"LineString","coordinates":[[-180.0,61.71],[-174.25,61.41],[-169.5,60.26],[-167.25,59.21],[-164.97,57.5],[-163.68,56.0],[-163.34,55.0],[-163.76,54.5],[-163.36,53.25],[-164.5,51.94],[-165.25,51.42],[-169.75,51.41],[-177.5,49.51],[-180.0,49.21]]}},{"type":"Feature","properties":{"level":996},"geometry":{"type":"LineString","coordinates":[[119.75,66.97],[112.33,68.5],[108.51,69.75],[107.58,70.5],[107.91,71.0],[107.04,71.75],[107.17,72.25],[106.59,72.5],[106.37,73.0],[107.14,73.75],[110.5,75.06],[115.25,75.84],[121.25,76.06],[126.75,75.73],[131.13,75.0],[134.25,73.79],[135.02,73.25],[135.57,72.5],[135.7,71.75],[135.31,70.75],[133.25,69.89],[132.87,69.25],[132.25,68.87],[130.25,68.43],[129.25,68.96],[123.5,67.08],[121.5,66.86],[119.75,66.97]]}},{"type":"Feature","properties":{"level":996},"geometry":{"type":"LineString","coordinates":[[-66.73,67.5],[-65.64,67.5],[-66.73,67.5]]}},{"type":"Feature","properties":{"level":996},"geometry":{"type":"LineString","coordinates":[[-52.75,72.75],[-52.96,73.0],[-52.25,73.93],[-51.62,74.0],[-51.13,73.75],[-50.98,73.25],[-51.5,72.62],[-52.75,72.75]]}},{"type":"Feature","properties":{"level":996},"geometry":{"type":"LineString","coordinates":[[-63.0,73.45],[-62.3,73.5],[-63.0,73.45]]}},{"type":"Feature","properties":{"level":996},"geometry":{"type":"LineString","coordinates":[[-2.25,75.22],[-5.0,75.75],[-9.0,75.91],[-9.98,76.25],[-10.91,77.0],[-10.4,77.25],[-7.75,77.57],[-6.21,78.25],[-6.08,78.5],[-6.64,79.0],[-6.57,79.5],[-5.0,80.88],[-4.18,82.25],[-4.43,82.5],[-4.31,82.75],[-5.54,83.5],[-5.31,83.75],[-3.0,84.25],[-0.5,84.28],[3.75,83.68],[11.25,83.85],[15.0,83.43],[15.06,83.0],[14.04,82.0],[14.19,81.75],[13.74,80.5],[13.45,80.25],[14.0,80.09],[14.1,79.75],[13.25,79.25],[12.0,79.0],[11.84,78.25],[11.25,77.72],[5.25,75.78],[-0.25,75.08],[-2.25,75.22]]}},{"type":"Feature","properties":{"level":996},"geometry":{"type":"LineString","coordinates":[[145.0,75.7],[144.8,75.75],[145.27,75.75],[145.0,75.7]]}},{"type":"Feature","properties":{"level":1000},"geometry":{"type":"LineString","coordinates":[[180.0,-88.65],[146.0,-88.47],[130.25,-87.77],[124.55,-87.0],[124.27,-86.75],[124.63,-86.5],[126.03,-86.0],[128.5,-84.64],[133.6,-83.5],[133.99,-83.25],[133.75,-83.0],[133.89,-82.75],[134.97,-82.25],[135.82,-81.5],[148.5,-78.25],[151.66,-77.0],[151.75,-75.5],[152.45,-74.0],[152.13,-73.25],[152.31,-72.5],[151.95,-72.0],[150.75,-71.36],[145.25,-69.59],[141.75,-69.62],[139.25,-68.95],[135.0,-68.67],[133.25,-69.33],[127.5,-70.41],[127.21,-70.5],[127.26,-70.75],[112.5,-72.08],[111.0,-72.02],[108.55,-71.25],[99.5,-69.64],[96.75,-69.45],[96.34,-69.75],[96.9,-70.25],[96.25,-70.56],[93.5,-70.49],[91.97,-70.75],[91.67,-71.0],[92.54,-71.5],[92.44,-71.75],[90.09,-72.25],[89.67,-72.5],[89.83,-73.0],[88.29,-73.75],[83.25,-74.87],[74.75,-75.92],[65.75,-75.71],[62.0,-75.33],[61.35,-75.0],[60.51,-74.0],[60.27,-73.0],[59.38,-72.25],[62.44,-70.5],[61.25,-70.12],[58.0,-70.01],[54.75,-69.52],[52.75,-69.55],[49.75,-70.23],[48.0,-69.78],[43.25,-71.26],[37.75,-72.12],[36.51,-73.25],[34.5,-73.65],[23.25,-73.7],[14.25,-72.8],[7.0,-72.68],[6.33,-73.0],[2.75,-73.62],[-1.0,-74.0],[-2.3,-74.5],[-1.49,-75.25],[0.94,-76.75],[3.3,-77.25],[3.52,-77.5],[2.78,-78.0],[3.0,-78.1],[4.25,-77.97],[5.5,-77.54],[7.25,-77.71],[9.76,-79.0],[12.3,-79.75],[13.34,-80.75],[13.04,-81.0],[6.4,-81.75],[0.5,-82.0],[-12.25,-81.6],[-20.5,-82.08],[-29.5,-81.99],[-36.03,-82.5],[-44.0,-84.08],[-44.88,-84.0],[-44.81,-83.75],[-45.17,-83.5],[-47.75,-83.28],[-53.5,-83.46],[-55.01,-84.0],[-55.11,-84.25],[-54.77,-84.5],[-56.48,-84.75],[-64.0,-84.88],[-69.21,-85.25],[-66.04,-85.5],[-66.28,-85.75],[-68.93,-86.25],[-72.5,-86.46],[-80.05,-87.5],[-83.53,-87.75],[-103.43,-88.5],[-127.5,-88.78],[-180.0,-88.65]]}},{"type":"Feature","properties":{"level":1000},"geometry":{"type":"LineString","coordinates":[[-14.48,-81.25],[-12.42,-81.25],[-14.48,-81.25]]}},{"type":"Feature","properties":{"level":1000},"geometry":{"type":"LineString","coordinates":[[-7.01,-79.25],[-5.59,-79.25],[-7.01,-79.25]]}},{"type":"Feature","properties":{"level":1000},"geometry":{"type":"LineString","coordinates":[[-2.74,-79.0],[-1.75,-79.16],[-1.34,-79.0],[-2.74,-79.0]]}},{"type":"Feature","properties":{"level":1000},"geometry":{"type":"LineString","coordinates":[[-89.57,-77.5],[-87.57,-77.5],[-88.75,-77.33],[-89.57,-77.5]]}},{"type":"Feature","properties":{"level":1000},"geometry":{"type":"LineString","coordinates":[[-180.0,-57.14],[-178.51,-56.5],[-168.0,-53.46],[-163.0,-51.38],[-156.69,-50.0],[-154.65,-49.25],[-153.01,-48.5],[-150.01,-46.25],[-148.43,-44.75],[-146.25,-43.51],[-143.75,-42.65],[-138.0,-41.41],[-132.5,-41.59],[-126.75,-42.24],[-117.0,-44.71],[-115.0,-44.88],[-113.5,-44.24],[-109.75,-45.32],[-108.0,-45.15],[-105.75,-44.31],[-103.25,-43.78],[-101.0,-43.97],[-100.25,-44.57],[-99.21,-46.0],[-98.66,-47.5],[-98.42,-49.25],[-95.83,-54.5],[-94.96,-55.5],[-93.0,-56.73],[-92.44,-57.5],[-91.75,-59.83],[-90.88,-61.75],[-90.4,-65.0],[-90.47,-66.25],[-88.85,-68.75],[-85.91,-71.5],[-82.28,-73.5],[-82.6,-73.75],[-84.0,-73.97],[-84.0,-74.29],[-76.75,-74.96],[-74.5,-75.36],[-68.0,-75.13],[-64.25,-74.07],[-63.75,-73.71],[-63.5,-74.07],[-62.8,-74.0],[-62.37,-73.75],[-62.64,-73.5],[-62.5,-73.4],[-61.34,-73.0],[-62.4,-72.5],[-61.75,-72.43],[-61.71,-72.0],[-61.29,-71.75],[-61.0,-71.0],[-60.44,-70.75],[-60.51,-70.5],[-59.5,-70.47],[-58.0,-69.69],[-57.31,-68.75],[-57.44,-68.0],[-57.24,-67.75],[-55.5,-66.81],[-51.5,-66.34],[-47.4,-65.5],[-40.41,-62.75],[-35.5,-60.07],[-31.09,-57.25],[-29.76,-55.75],[-29.15,-54.5],[-28.43,-52.0],[-27.87,-48.5],[-25.5,-44.63],[-24.5,-43.79],[-21.5,-42.26],[-16.25,-40.62],[1.25,-42.16],[3.25,-42.52],[5.5,-43.28],[8.25,-45.02],[10.0,-46.52],[14.65,-51.5],[15.73,-53.0],[16.45,-54.5],[17.19,-56.75],[17.18,-57.75],[17.5,-58.97],[18.74,-60.5],[20.5,-61.37],[23.75,-62.03],[27.5,-61.77],[30.5,-61.0],[36.25,-58.74],[37.0,-58.64],[39.25,-57.56],[41.0,-56.25],[42.47,-55.5],[46.5,-54.46],[53.0,-53.76],[54.5,-53.34],[62.75,-55.55],[64.25,-55.7],[67.25,-55.51],[70.75,-54.42],[73.63,-53.25],[73.5,-52.99],[74.1,-53.0],[75.7,-52.25],[83.48,-50.0],[88.37,-48.25],[96.38,-45.0],[101.25,-43.83],[104.75,-43.6],[111.75,-43.88],[114.75,-44.29],[121.0,-46.22],[135.9,-53.5],[147.21,-59.5],[152.25,-61.16],[158.75,-61.76],[164.25,-61.65],[170.25,-60.51],[175.12,-59.0],[180.0,-57.14]]}},{"type":"Feature","properties":{"level":1000},"geometry":{"type":"LineString","coordinates":[[-75.25,-52.26],[-76.37,-52.0],[-79.0,-50.85],[-83.25,-50.48],[-84.25,-50.19],[-85.7,-48.75],[-85.82,-48.0],[-85.56,-46.75],[-84.5,-45.67],[-83.5,-45.12],[-80.25,-44.11],[-78.5,-43.95],[-76.1,-44.5],[-75.12,-45.0],[-74.37,-45.75],[-74.66,-46.0],[-74.59,-46.25],[-74.0,-46.46],[-73.75,-46.99],[-73.42,-46.75],[-73.25,-47.45],[-72.43,-47.0],[-72.0,-46.2],[-71.32,-46.0],[-71.33,-45.75],[-70.92,-45.5],[-71.14,-45.0],[-71.0,-44.84],[-70.0,-44.56],[-68.75,-43.64],[-67.0,-43.11],[-66.75,-43.4],[-64.82,-43.5],[-64.89,-43.75],[-63.95,-44.5],[-64.29,-45.25],[-60.0,-46.72],[-59.12,-48.25],[-59.38,-49.0],[-60.39,-49.75],[-65.5,-51.0],[-68.0,-51.93],[-68.95,-51.75],[-69.54,-51.25],[-70.16,-49.75],[-69.66,-49.25],[-69.9,-49.0],[-70.5,-48.9],[-72.5,-49.29],[-72.97,-49.0],[-72.92,-48.75],[-73.5,-48.47],[-73.75,-48.75],[-73.6,-50.5],[-73.95,-51.5],[-75.25,-52.26]]}},{"type":"Feature","properties":{"level":1000},"geometry":{"type":"LineString","coordinates":[[-61.75,-23.63],[-62.39,-23.25],[-62.47,-22.75],[-63.01,-22.5],[-63.31,-22.0],[-63.49,-21.25],[-63.12,-20.5],[-63.33,-19.75],[-63.75,-19.55],[-63.83,-19.25],[-63.25,-18.39],[-60.41,-20.25],[-61.75,-20.49],[-61.94,-20.75],[-61.25,-21.34],[-61.0,-20.97],[-60.29,-21.5],[-60.25,-22.74],[-59.0,-22.25],[-58.89,-22.5],[-59.75,-22.99],[-60.0,-22.91],[-60.17,-23.25],[-60.75,-23.52],[-61.75,-23.63]]}},{"type":"Feature","properties":{"level":1000},"geometry":{"type":"LineString","coordinates":[[-59.5,-21.82],[-59.68,-21.5],[-59.39,-20.75],[-59.0,-20.69],[-58.53,-21.25],[-59.5,-21.82]]}},{"type":"Feature","properties":{"level":1000},"geometry":{"type":"LineString","coordinates":[[-59.75,-20.5],[-59.96,-20.25],[-59.74,-20.25],[-59.75,-20.5]]}},{"type":"Feature","properties":{"level":1000},"geometry":{"type":"LineString","coordinates":[[145.25,17.94],[143.5,18.69],[142.37,20.0],[141.89,21.25],[142.08,22.75],[142.75,24.04],[145.0,25.68],[146.5,26.02],[148.0,25.74],[149.56,24.75],[150.47,23.5],[150.8,21.75],[150.56,20.5],[149.55,19.0],[148.75,18.43],[146.75,17.77],[145.25,17.94]]}},{"type":"Feature","properties":{"level":1000},"geometry":{"type":"LineString","coordinates":[[-113.25,18.2],[-114.0,18.65],[-114.37,19.25],[-114.4,20.75],[-114.0,21.32],[-113.25,21.79],[-111.75,21.7],[-110.9,21.0],[-110.84,19.25],[-111.75,18.32],[-113.25,18.2]]}},{"type":"Feature","properties":{"level":1000},"geometry":{"type":"LineString","coordinates":[[-174.0,22.15],[-174.72,22.75],[-174.83,23.5],[-174.25,24.15],[-173.5,24.2],[-172.8,23.75],[-172.59,23.0],[-173.0,22.36],[-174.0,22.15]]}},{"type":"Feature","properties":{"level":1000},"geometry":{"type":"LineString","coordinates":[[180.0,48.3],[172.25,48.62],[168.0,49.4],[164.75,50.35],[161.64,52.0],[161.0,52.59],[159.25,53.09],[159.07,53.25],[159.4,53.75],[159.32,54.25],[160.82,55.0],[161.15,55.75],[160.84,56.0],[160.76,56.5],[160.0,56.34],[159.89,56.5],[160.6,57.5],[160.5,58.38],[158.0,57.61],[154.75,58.61],[153.5,58.47],[151.25,56.65],[149.5,56.48],[146.0,56.92],[141.5,58.49],[141.59,59.25],[141.98,59.5],[141.78,60.0],[142.54,61.0],[143.25,61.38],[144.25,61.29],[145.44,62.0],[145.7,62.75],[145.14,63.75],[145.83,64.5],[145.63,64.75],[145.87,65.25],[147.25,64.7],[147.52,64.75],[147.31,65.25],[147.5,65.33],[149.25,65.4],[149.74,65.75],[148.22,67.0],[148.34,67.75],[147.85,68.25],[147.81,68.75],[148.29,70.0],[147.94,71.0],[147.25,71.57],[146.0,72.03],[143.5,72.32],[141.0,72.03],[140.31,71.75],[139.34,70.5],[135.75,69.28],[134.98,68.5],[133.1,67.5],[129.0,66.6],[128.67,66.75],[129.38,67.25],[128.75,67.46],[127.72,66.75],[126.75,66.69],[123.8,65.0],[121.5,64.25],[120.25,64.32],[113.2,67.0],[106.0,69.28],[104.25,70.31],[103.01,70.75],[102.7,71.25],[101.59,72.0],[101.09,72.75],[101.28,73.25],[102.82,74.5],[104.25,75.0],[109.75,75.56],[110.89,76.0],[111.3,76.5],[113.25,76.81],[127.48,77.75],[127.92,78.0],[127.13,78.75],[127.5,79.05],[133.0,79.01],[140.25,78.32],[146.25,77.47],[150.35,76.5],[152.13,75.75],[155.5,73.49],[157.5,72.5],[160.5,71.59],[167.21,70.25],[168.75,69.44],[168.91,69.25],[168.75,69.05],[167.75,68.7],[165.5,69.01],[164.75,68.84],[164.25,69.12],[163.89,69.0],[164.5,68.7],[164.52,68.0],[165.74,67.25],[165.65,67.0],[164.75,66.85],[164.36,66.5],[164.5,66.15],[161.75,65.82],[162.61,65.25],[161.91,65.0],[161.23,65.0],[161.31,65.25],[161.04,65.5],[160.0,65.5],[159.85,65.0],[160.36,64.75],[160.25,64.44],[158.36,63.75],[158.96,63.25],[158.53,63.0],[159.25,62.8],[159.75,62.03],[160.75,62.22],[161.42,62.0],[161.09,61.75],[161.25,61.32],[162.25,61.58],[162.75,62.04],[164.25,62.32],[164.5,61.85],[166.17,61.5],[167.58,62.25],[168.0,62.79],[169.0,63.14],[170.25,63.08],[170.51,62.75],[170.15,62.5],[171.25,61.99],[172.0,62.19],[172.5,62.65],[174.25,62.69],[175.25,63.2],[176.75,62.97],[180.0,63.14]]}},{"type":"Feature","properties":{"level":1000},"geometry":{"type":"LineString","coordinates":[[161.08,56.75],[161.75,56.73],[162.06,57.0],[161.25,57.08],[161.08,56.75]]}},{"type":"Feature","properties":{"level":1000},"geometry":{"type":"LineString","coordinates":[[-61.25,57.95],[-63.0,58.46],[-64.0,59.67],[-64.96,60.25],[-67.75,60.95],[-75.75,63.72],[-80.51,66.0],[-82.35,68.25],[-82.67,69.75],[-81.99,71.0],[-81.0,71.3],[-79.25,71.26],[-77.56,70.75],[-74.25,70.32],[-72.5,69.65],[-71.25,69.59],[-71.0,69.83],[-69.08,69.5],[-69.73,70.5],[-71.49,71.0],[-71.75,71.3],[-74.5,71.6],[-74.55,72.0],[-76.74,72.75],[-76.5,73.0],[-79.14,74.5],[-78.0,75.7],[-76.46,76.75],[-74.5,77.69],[-73.0,78.09],[-70.25,77.6],[-70.01,77.5],[-70.45,77.25],[-70.25,77.05],[-68.25,76.78],[-68.0,76.53],[-61.5,76.28],[-58.5,75.83],[-56.75,75.21],[-50.75,75.57],[-50.01,75.25],[-49.57,74.5],[-46.74,73.5],[-48.02,72.75],[-47.58,72.25],[-47.35,71.25],[-46.58,70.0],[-48.21,69.75],[-47.75,69.0],[-48.69,68.75],[-48.88,68.25],[-48.75,67.5],[-47.94,67.0],[-48.0,66.83],[-49.99,65.5],[-50.27,65.0],[-50.16,64.75],[-50.64,64.5],[-50.66,64.25],[-51.0,64.32],[-51.52,64.0],[-51.85,63.0],[-52.59,62.25],[-50.92,60.75],[-51.2,60.25],[-58.0,58.14],[-60.0,57.83],[-61.25,57.95]]}},{"type":"Feature","properties":{"level":1000},"geometry":{"type":"LineString","coordinates":[[-43.75,59.23],[-44.5,59.52],[-44.96,60.0],[-44.5,60.48],[-44.0,60.42],[-43.93,61.0],[-43.22,62.0],[-43.32,62.75],[-42.23,63.75],[-42.24,65.25],[-41.75,66.11],[-41.0,65.9],[-37.4,67.25],[-34.25,67.85],[-34.11,68.0],[-34.48,68.25],[-33.98,68.5],[-33.5,69.14],[-30.75,69.2],[-30.25,69.0],[-29.25,69.2],[-29.19,69.5],[-28.75,69.66],[-28.0,69.34],[-27.25,69.43],[-27.08,69.5],[-27.25,69.72],[-28.82,70.0],[-28.5,70.29],[-27.5,70.41],[-27.0,70.86],[-26.94,71.0],[-27.53,71.25],[-27.32,71.5],[-27.5,71.84],[-25.25,72.08],[-25.03,72.25],[-25.7,72.5],[-25.75,72.86],[-25.25,72.8],[-24.25,73.42],[-23.75,73.17],[-23.25,73.83],[-23.02,73.75],[-23.0,73.4],[-22.5,73.78],[-21.31,74.0],[-21.49,74.25],[-21.25,74.37],[-20.75,74.24],[-19.63,74.5],[-20.25,74.69],[-20.86,75.25],[-19.98,75.5],[-20.36,76.0],[-20.26,76.25],[-21.39,76.75],[-20.0,77.07],[-19.16,77.0],[-19.23,77.25],[-20.4,77.5],[-20.3,77.75],[-21.0,78.06],[-21.22,78.75],[-21.74,79.0],[-20.55,79.25],[-20.75,79.75],[-20.43,80.0],[-18.51,80.75],[-16.75,80.72],[-14.51,81.5],[-18.05,82.25],[-19.22,83.0],[-19.22,83.25],[-18.43,83.75],[-17.0,84.25],[-11.25,85.09],[-1.25,85.68],[11.5,85.82],[22.24,85.5],[27.69,85.0],[30.0,84.49],[31.55,84.0],[33.75,82.75],[37.0,81.7],[38.58,80.75],[38.12,80.25],[37.0,79.85],[29.75,78.81],[25.53,77.75],[25.18,77.5],[25.34,77.0],[21.5,75.78],[18.79,74.5],[18.59,73.75],[19.09,73.25],[19.78,73.0],[19.3,72.5],[19.41,72.25],[18.72,71.75],[17.25,71.21],[14.5,70.7],[13.25,70.71],[9.25,71.97],[7.25,72.02],[3.5,71.66],[0.17,70.75],[-0.75,70.03],[-1.42,69.0],[-1.78,68.25],[-1.78,67.5],[-2.29,66.5],[-3.09,66.0],[-4.85,64.25],[-7.25,62.77],[-10.75,61.52],[-14.0,60.85],[-21.5,60.36],[-25.5,60.53],[-34.25,61.48],[-35.5,61.15],[-39.25,59.27],[-42.0,59.02],[-43.75,59.23]]}},{"type":"Feature","properties":{"level":1000},"geometry":{"type":"LineString","coordinates":[[165.75,61.83],[165.75,62.07],[165.75,61.83]]}},{"type":"Feature","properties":{"level":1000},"geometry":{"type":"LineString","coordinates":[[-180.0,63.14],[-175.5,62.88],[-169.25,61.77],[-166.75,60.98],[-163.0,59.24],[-161.75,59.0],[-161.43,58.5],[-159.75,57.81],[-159.0,57.91],[-158.0,58.76],[-156.25,59.18],[-155.25,59.08],[-155.34,58.5],[-154.5,58.28],[-153.25,58.52],[-152.0,59.49],[-146.75,59.79],[-144.62,59.25],[-143.54,58.0],[-143.1,57.0],[-143.9,56.75],[-143.85,56.25],[-144.5,56.13],[-144.93,55.5],[-146.25,54.6],[-148.75,53.36],[-150.5,53.14],[-152.25,53.27],[-155.25,53.8],[-157.5,54.8],[-158.5,54.8],[-159.35,54.0],[-159.42,52.0],[-161.75,51.47],[-164.75,49.7],[-169.5,49.99],[-174.25,48.99],[-180.0,48.3]]}},{"type":"Feature","properties":{"level":1000},"geometry":{"type":"LineString","coordinates":[[150.2,64.5],[150.75,64.3],[150.93,64.5],[150.5,64.93],[150.04,64.75],[150.2,64.5]]}},{"type":"Feature","properties":{"level":1000},"geometry":{"type":"LineString","coordinates":[[-79.5,72.49],[-79.78,72.75],[-77.88,72.75],[-79.5,72.49]]}},{"type":"Feature","properties":{"level":1000},"geometry":{"type":"LineString","coordinates":[[-25.0,73.48],[-24.79,73.5],[-25.0,73.48]]}},{"type":"Feature","properties":{"level":1000},"geometry":{"type":"LineString","coordinates":[[-69.5,77.17],[-69.74,77.25],[-69.5,77.34],[-69.5,77.17]]}},{"type":"Feature","properties":{"level":1000},"geometry":{"type":"LineString","coordinates":[[-19.63,80.0],[-18.91,80.0],[-19.63,80.0]]}},{"type":"Feature","properties":{"level":1004},"geometry":{"type":"LineString","coordinates":[[180.0,-88.85],[147.75,-88.89],[124.25,-88.06],[122.0,-87.81],[120.27,-87.25],[120.97,-86.75],[124.36,-85.5],[125.23,-84.75],[131.59,-83.25],[130.8,-82.75],[132.63,-81.75],[135.74,-81.0],[137.73,-80.0],[145.51,-78.5],[148.31,-77.75],[149.97,-77.0],[149.86,-75.25],[150.04,-74.25],[149.41,-73.25],[148.7,-72.5],[147.81,-72.0],[147.62,-71.5],[146.5,-71.25],[145.0,-70.53],[139.0,-70.16],[138.54,-70.0],[138.58,-69.75],[138.24,-69.5],[135.25,-68.94],[133.0,-69.83],[131.73,-70.0],[131.25,-70.46],[119.25,-71.87],[118.67,-72.25],[116.4,-72.75],[116.25,-73.05],[114.0,-73.32],[109.25,-72.78],[108.24,-72.25],[108.56,-72.0],[106.0,-71.17],[102.33,-70.5],[99.0,-70.22],[97.5,-70.64],[97.0,-71.04],[95.0,-71.13],[94.69,-71.25],[95.19,-71.75],[94.84,-72.0],[92.75,-72.49],[90.75,-73.46],[88.25,-74.18],[83.25,-75.15],[75.0,-76.13],[65.25,-76.18],[61.0,-75.5],[59.18,-74.75],[59.5,-74.0],[58.64,-73.25],[58.71,-72.75],[58.28,-72.0],[58.86,-71.25],[58.49,-71.0],[59.24,-70.5],[55.0,-70.14],[52.75,-70.16],[49.75,-70.81],[45.75,-71.13],[39.0,-72.25],[38.21,-72.5],[37.97,-73.25],[35.25,-73.85],[23.0,-74.0],[14.25,-72.99],[8.75,-73.01],[-0.52,-74.75],[0.44,-75.75],[2.63,-76.75],[7.5,-77.41],[9.5,-78.07],[13.38,-78.75],[17.38,-80.0],[16.65,-80.5],[14.1,-81.25],[7.0,-81.81],[-0.25,-82.16],[-12.25,-81.93],[-16.5,-82.34],[-25.25,-82.45],[-33.61,-83.0],[-36.1,-83.25],[-42.25,-84.58],[-45.25,-84.67],[-49.0,-84.39],[-60.25,-85.62],[-67.75,-86.79],[-69.25,-87.25],[-68.99,-87.5],[-69.75,-87.73],[-72.29,-88.0],[-87.69,-88.5],[-118.5,-88.93],[-180.0,-88.85]]}},{"type":"Feature","properties":{"level":1004},"geometry":{"type":"LineString","coordinates":[[-52.38,-84.0],[-50.03,-83.75],[-51.76,-83.5],[-52.64,-83.75],[-52.38,-84.0]]}},{"type":"Feature","properties":{"level":1004},"geometry":{"type":"LineString","coordinates":[[96.75,-72.03],[96.59,-72.0],[97.56,-71.5],[97.63,-71.25],[99.75,-71.03],[101.99,-71.5],[101.75,-71.73],[99.75,-71.98],[96.75,-72.03]]}},{"type":"Feature","properties":{"level":1004},"geometry":{"type":"LineString","coordinates":[[-180.0,-55.67],[-172.0,-53.3],[-165.75,-51.13],[-157.85,-49.0],[-154.5,-47.37],[-152.73,-46.0],[-149.59,-43.0],[-144.76,-41.0],[-141.75,-40.34],[-141.49,-40.0],[-134.75,-40.07],[-127.5,-40.63],[-117.75,-42.33],[-113.75,-41.28],[-112.0,-41.94],[-109.25,-42.32],[-107.57,-42.0],[-105.1,-41.0],[-103.0,-39.38],[-102.0,-38.97],[-101.0,-39.58],[-100.52,-40.25],[-100.01,-41.25],[-100.05,-41.75],[-98.11,-44.25],[-95.88,-48.0],[-93.75,-50.11],[-91.5,-49.65],[-86.5,-45.19],[-85.0,-44.24],[-82.75,-43.35],[-79.75,-42.75],[-77.0,-42.8],[-73.0,-43.99],[-72.84,-44.5],[-73.0,-44.77],[-72.75,-44.86],[-71.72,-44.25],[-71.05,-43.25],[-71.0,-42.75],[-70.5,-42.44],[-69.75,-42.21],[-68.25,-42.28],[-65.75,-41.07],[-64.0,-41.27],[-62.19,-41.75],[-61.86,-42.0],[-61.78,-42.5],[-61.0,-43.04],[-58.75,-43.61],[-57.25,-44.46],[-56.54,-45.75],[-56.37,-47.25],[-56.61,-48.5],[-57.28,-49.25],[-59.5,-50.57],[-66.0,-53.07],[-69.0,-53.39],[-72.5,-53.13],[-72.55,-53.75],[-71.93,-54.25],[-72.0,-54.58],[-71.38,-54.75],[-71.0,-55.14],[-70.27,-55.0],[-70.75,-55.39],[-72.5,-55.36],[-77.75,-56.04],[-79.85,-55.75],[-82.75,-54.92],[-84.0,-54.87],[-85.5,-55.25],[-85.99,-55.75],[-86.31,-56.5],[-86.36,-57.5],[-87.75,-60.1],[-88.21,-62.25],[-88.15,-64.25],[-87.79,-66.0],[-86.45,-68.0],[-83.96,-69.75],[-77.34,-73.0],[-78.0,-73.42],[-79.5,-73.39],[-79.5,-74.02],[-78.0,-74.39],[-68.5,-74.83],[-64.5,-73.85],[-62.93,-72.75],[-62.9,-72.5],[-63.36,-72.25],[-62.13,-71.5],[-62.1,-71.25],[-62.5,-70.8],[-63.23,-70.5],[-62.86,-70.25],[-63.09,-69.75],[-63.75,-69.22],[-64.95,-68.75],[-65.45,-68.25],[-65.51,-67.75],[-65.13,-67.0],[-64.25,-66.6],[-63.75,-66.09],[-63.0,-65.98],[-61.82,-65.0],[-61.0,-64.87],[-58.5,-63.79],[-58.07,-63.5],[-58.37,-63.25],[-56.5,-62.74],[-54.0,-62.57],[-49.25,-62.96],[-44.75,-62.01],[-38.75,-59.9],[-34.48,-57.5],[-32.92,-56.25],[-31.24,-54.0],[-29.13,-48.0],[-27.78,-45.75],[-27.75,-44.75],[-27.44,-44.25],[-23.25,-41.88],[-17.0,-39.71],[-15.0,-39.67],[1.75,-40.88],[4.0,-41.5],[5.5,-42.19],[8.5,-44.21],[12.25,-47.6],[15.0,-50.5],[16.92,-53.0],[18.5,-56.87],[19.25,-58.14],[21.25,-59.73],[25.0,-60.51],[28.0,-60.25],[31.75,-59.23],[34.5,-58.24],[36.17,-57.25],[37.89,-56.75],[41.5,-54.92],[45.25,-53.52],[51.0,-52.84],[53.25,-52.23],[55.25,-52.44],[60.0,-53.74],[63.75,-54.44],[65.25,-54.49],[67.75,-54.12],[70.25,-53.47],[76.74,-51.0],[85.25,-48.28],[91.1,-45.75],[95.75,-44.04],[100.0,-43.1],[104.5,-42.64],[107.75,-42.64],[113.75,-43.14],[116.75,-43.77],[120.5,-44.91],[123.75,-46.18],[147.79,-58.25],[152.5,-59.78],[159.75,-60.51],[165.75,-60.18],[172.0,-58.61],[180.0,-55.67]]}},{"type":"Feature","properties":{"level":1004},"geometry":{"type":"LineString","coordinates":[[-64.0,-27.01],[-64.42,-25.25],[-64.05,-24.25],[-64.6,-23.75],[-64.5,-22.86],[-63.79,-21.75],[-64.26,-21.0],[-64.22,-19.5],[-64.75,-18.71],[-65.0,-19.25],[-65.25,-19.17],[-65.85,-18.0],[-64.75,-18.39],[-64.25,-18.84],[-63.71,-18.5],[-63.6,-18.0],[-64.25,-17.37],[-65.5,-16.92],[-67.25,-14.72],[-67.75,-14.56],[-67.61,-14.0],[-66.5,-13.85],[-65.5,-14.68],[-64.75,-14.49],[-64.68,-15.0],[-63.25,-15.25],[-62.85,-16.25],[-62.0,-16.67],[-60.75,-16.72],[-60.25,-16.41],[-60.0,-16.56],[-60.0,-15.86],[-59.5,-16.22],[-58.75,-16.19],[-57.5,-17.5],[-58.0,-18.22],[-59.25,-17.57],[-59.34,-18.0],[-58.25,-18.39],[-57.25,-18.23],[-56.55,-18.75],[-57.13,-20.0],[-56.92,-21.5],[-56.55,-22.25],[-56.87,-23.25],[-56.58,-23.5],[-56.5,-24.63],[-57.5,-24.58],[-58.5,-24.99],[-59.0,-24.89],[-59.5,-24.33],[-60.0,-25.12],[-60.25,-24.98],[-61.25,-25.46],[-61.5,-25.96],[-61.75,-25.64],[-63.0,-25.94],[-63.13,-26.5],[-63.5,-26.57],[-63.75,-27.07],[-64.0,-27.01]]}},{"type":"Feature","properties":{"level":1004},"geometry":{"type":"LineString","coordinates":[[-65.3,-15.25],[-64.86,-15.25],[-65.0,-14.96],[-65.3,-15.25]]}},{"type":"Feature","properties":{"level":1004},"geometry":{"type":"LineString","coordinates":[[-112.75,15.99],[-114.25,16.35],[-115.14,17.0],[-116.35,18.75],[-116.61,20.25],[-116.5,20.89],[-115.5,22.57],[-112.0,24.41],[-110.5,23.81],[-110.28,23.5],[-110.86,23.25],[-109.25,21.99],[-108.49,20.5],[-108.83,18.75],[-110.0,16.65],[-111.0,16.13],[-112.75,15.99]]}},{"type":"Feature","properties":{"level":1004},"geometry":{"type":"LineString","coordinates":[[145.5,15.99],[143.5,16.44],[141.25,17.54],[140.06,19.25],[139.47,22.0],[140.35,24.25],[142.0,26.1],[143.5,26.81],[146.5,27.28],[148.55,26.75],[150.25,25.96],[151.58,24.75],[151.89,23.25],[151.86,21.25],[151.65,20.0],[151.17,19.0],[149.25,17.01],[148.0,16.26],[145.5,15.99]]}},{"type":"Feature","properties":{"level":1004},"geometry":{"type":"LineString","coordinates":[[-174.0,21.41],[-175.13,22.0],[-175.42,23.25],[-174.5,24.47],[-173.25,24.66],[-172.27,24.0],[-172.1,22.75],[-172.25,22.23],[-172.75,21.76],[-174.0,21.41]]}},{"type":"Feature","properties":{"level":1004},"geometry":{"type":"LineString","coordinates":[[180.0,47.31],[177.0,47.16],[171.0,47.44],[165.5,48.55],[157.89,51.75],[158.22,52.5],[157.26,53.25],[157.39,54.25],[157.0,55.33],[156.25,54.65],[155.5,54.83],[152.0,54.62],[148.5,54.83],[143.0,56.41],[141.5,57.27],[140.0,57.65],[140.23,58.25],[140.28,60.0],[139.72,60.5],[140.5,61.44],[141.1,61.75],[140.87,62.0],[143.75,61.97],[144.71,62.5],[144.18,62.75],[144.25,62.97],[144.82,63.0],[144.25,63.16],[144.34,64.0],[143.81,64.5],[143.82,64.75],[142.25,65.12],[141.79,65.5],[141.5,66.4],[140.16,67.0],[138.75,68.35],[138.0,68.44],[137.09,68.0],[137.01,67.5],[136.21,67.0],[135.0,66.68],[132.0,65.12],[130.5,65.3],[130.25,65.64],[129.25,65.83],[127.92,65.5],[126.6,64.25],[126.51,63.5],[125.46,62.0],[124.5,61.21],[119.25,60.66],[115.0,61.11],[113.94,61.5],[115.04,62.25],[114.18,62.75],[113.98,64.0],[112.53,65.5],[105.51,68.25],[99.25,70.2],[99.59,70.5],[99.37,70.75],[95.0,72.62],[93.56,73.5],[95.53,74.0],[95.25,74.4],[94.5,74.69],[94.5,75.0],[94.0,75.51],[90.16,75.75],[90.5,76.31],[91.5,76.84],[95.25,77.9],[99.0,78.62],[100.0,78.59],[100.41,78.25],[103.75,78.4],[104.45,78.75],[103.85,79.25],[104.45,79.5],[110.0,80.31],[118.5,80.78],[130.75,80.55],[142.25,79.6],[150.75,78.46],[157.5,76.72],[161.11,75.0],[165.66,73.5],[175.0,71.84],[178.5,71.09],[180.0,70.49]]}},{"type":"Feature","properties":{"level":1004},"geometry":{"type":"LineString","coordinates":[[-43.75,51.91],[-43.86,52.25],[-43.59,52.75],[-43.1,53.0],[-42.57,53.75],[-42.5,54.81],[-41.92,55.25],[-42.01,55.5],[-42.75,55.68],[-42.6,55.0],[-43.0,54.98],[-45.5,56.21],[-51.25,57.39],[-53.25,57.41],[-57.5,56.81],[-61.5,56.91],[-63.75,57.74],[-65.25,58.97],[-70.0,59.71],[-74.5,61.22],[-78.25,62.05],[-81.28,63.0],[-83.76,64.5],[-86.0,66.75],[-90.23,69.5],[-92.0,70.91],[-92.53,71.75],[-92.55,72.5],[-91.46,73.5],[-91.6,73.75],[-93.13,74.25],[-93.06,75.75],[-92.5,75.84],[-91.63,75.5],[-91.9,75.25],[-91.5,75.09],[-90.25,74.97],[-89.62,75.25],[-90.73,76.0],[-88.75,76.78],[-85.5,76.91],[-82.75,76.59],[-80.0,76.89],[-79.72,77.25],[-81.5,77.72],[-81.52,78.0],[-81.09,78.5],[-81.14,78.75],[-80.5,79.15],[-79.03,79.25],[-77.96,79.75],[-80.37,80.0],[-79.5,80.22],[-76.5,80.08],[-74.5,80.51],[-71.0,80.61],[-67.75,81.09],[-62.75,80.95],[-61.25,81.36],[-59.25,81.24],[-58.27,81.0],[-58.11,80.75],[-59.5,80.62],[-60.75,80.8],[-61.5,80.54],[-63.2,80.5],[-63.95,80.25],[-63.25,79.84],[-62.4,79.75],[-67.75,78.43],[-68.5,78.61],[-69.91,78.25],[-67.5,77.99],[-65.25,78.33],[-64.0,78.26],[-64.62,78.0],[-64.0,77.39],[-63.39,77.25],[-64.09,76.75],[-62.75,76.82],[-58.25,76.28],[-52.75,76.04],[-48.0,76.27],[-47.32,75.0],[-44.98,73.5],[-45.79,71.5],[-44.99,69.25],[-43.25,68.33],[-42.5,67.63],[-41.75,67.48],[-41.0,66.95],[-40.0,66.93],[-35.75,67.87],[-34.57,68.5],[-34.21,69.0],[-34.77,69.25],[-34.5,69.37],[-33.25,69.61],[-31.18,69.5],[-31.31,69.75],[-30.02,70.75],[-30.05,71.25],[-30.51,72.0],[-29.77,72.25],[-29.5,72.58],[-28.0,72.86],[-26.97,72.0],[-26.15,72.25],[-26.9,72.75],[-26.89,73.0],[-26.25,73.9],[-25.67,74.25],[-27.0,74.42],[-28.31,74.25],[-27.25,74.75],[-25.32,74.75],[-24.75,75.13],[-23.41,75.0],[-23.23,75.5],[-23.57,75.75],[-23.46,76.25],[-24.75,76.5],[-24.11,77.0],[-24.17,77.25],[-24.87,77.5],[-24.37,78.0],[-24.54,78.25],[-30.03,79.5],[-31.5,80.58],[-33.6,81.0],[-38.5,81.37],[-39.25,81.63],[-42.75,81.47],[-43.29,81.75],[-35.0,81.92],[-34.73,82.0],[-35.03,82.25],[-39.12,82.5],[-36.09,82.75],[-35.85,83.0],[-36.21,83.25],[-35.5,83.39],[-33.12,83.5],[-33.05,83.75],[-35.32,84.0],[-33.99,84.5],[-29.13,85.25],[-22.75,85.88],[-4.0,86.71],[20.0,86.76],[37.0,86.07],[43.5,85.49],[48.6,84.75],[58.25,82.46],[59.85,81.75],[60.17,81.25],[60.77,81.0],[60.81,80.5],[64.75,80.35],[69.75,79.6],[80.75,76.86],[87.5,75.46],[87.84,75.25],[88.1,74.5],[91.33,72.5],[88.5,71.68],[83.0,71.81],[79.32,72.75],[76.92,73.75],[74.25,75.34],[71.81,76.25],[69.53,76.75],[69.43,77.0],[68.73,77.25],[56.79,80.0],[57.63,80.25],[56.25,80.34],[54.39,80.0],[50.0,79.82],[47.69,79.25],[34.75,77.31],[27.63,75.25],[26.36,74.75],[26.11,73.0],[25.5,72.04],[21.5,70.65],[16.5,69.73],[9.0,70.01],[5.5,69.5],[1.75,67.63],[-0.53,65.5],[-5.5,62.51],[-9.0,61.07],[-12.0,60.25],[-15.5,59.7],[-22.0,59.25],[-31.75,59.26],[-31.58,59.0],[-31.75,58.84],[-33.0,58.32],[-34.29,58.25],[-34.45,58.0],[-34.1,57.75],[-34.21,57.5],[-35.0,56.75],[-34.87,56.5],[-35.07,56.25],[-34.62,55.75],[-35.2,54.75],[-36.25,54.73],[-37.25,53.74],[-40.0,52.31],[-42.5,51.81],[-43.75,51.91]]}},{"type":"Feature","properties":{"level":1004},"geometry":{"type":"LineString","coordinates":[[-47.21,61.25],[-45.0,61.47],[-44.25,61.23],[-44.0,61.48],[-43.74,62.75],[-42.68,63.75],[-42.81,64.75],[-43.73,65.75],[-42.59,66.25],[-44.0,66.9],[-46.0,67.14],[-46.75,66.9],[-46.62,65.75],[-47.85,65.0],[-47.43,64.5],[-48.25,64.43],[-48.89,63.0],[-48.67,62.25],[-47.85,61.5],[-47.21,61.25]]}},{"type":"Feature","properties":{"level":1004},"geometry":{"type":"LineString","coordinates":[[-180.0,65.24],[-176.75,64.55],[-170.5,63.84],[-163.75,62.67],[-162.75,62.74],[-160.75,62.13],[-159.0,62.21],[-157.5,61.78],[-154.25,62.39],[-153.75,61.48],[-153.25,61.28],[-152.75,61.57],[-152.36,61.5],[-153.03,60.75],[-152.5,60.45],[-151.75,61.05],[-149.25,61.62],[-148.91,61.5],[-149.5,60.82],[-149.31,60.25],[-145.5,60.43],[-145.25,60.21],[-144.0,60.16],[-142.03,59.25],[-140.5,57.5],[-139.22,56.5],[-138.27,55.0],[-138.48,54.5],[-139.0,54.16],[-142.5,52.6],[-144.0,52.54],[-149.25,51.19],[-152.25,50.94],[-155.25,50.11],[-158.38,50.0],[-162.25,48.98],[-165.25,47.85],[-170.0,48.4],[-180.0,47.31]]}},{"type":"Feature","properties":{"level":1004},"geometry":{"type":"LineString","coordinates":[[143.56,67.0],[144.33,67.0],[143.19,67.25],[143.56,67.0]]}},{"type":"Feature","properties":{"level":1004},"geometry":{"type":"LineString","coordinates":[[180.0,68.54],[175.75,68.82],[174.6,68.5],[174.67,68.25],[173.55,67.25],[173.75,67.02],[174.5,67.26],[174.61,67.0],[175.29,66.75],[175.0,66.25],[175.0,65.69],[180.0,65.24]]}},{"type":"Feature","properties":{"level":1004},"geometry":{"type":"LineString","coordinates":[[-180.0,70.49],[-177.5,70.15],[-176.99,69.75],[-177.75,68.24],[-178.5,68.14],[-180.0,68.54]]}},{"type":"Feature","properties":{"level":1004},"geometry":{"type":"LineString","coordinates":[[-89.7,75.75],[-89.46,75.75],[-89.7,75.75]]}},{"type":"Feature","properties":{"level":1004},"geometry":{"type":"LineString","coordinates":[[67.5,76.47],[68.0,76.78],[69.15,76.75],[67.5,76.47]]}},{"type":"Feature","properties":{"level":1004},"geometry":{"type":"LineString","coordinates":[[-61.0,79.55],[-61.07,79.75],[-60.5,80.06],[-56.78,79.75],[-61.0,79.55]]}},{"type":"Feature","properties":{"level":1004},"geometry":{"type":"LineString","coordinates":[[52.83,80.25],[53.31,80.25],[52.83,80.25]]}},{"type":"Feature","properties":{"level":1004},"geometry":{"type":"LineString","coordinates":[[-83.25,81.21],[-80.25,81.5],[-80.19,81.25],[-80.75,81.06],[-83.25,81.21]]}},{"type":"Feature","properties":{"level":1004},"geometry":{"type":"LineString","coordinates":[[-32.6,83.0],[-31.41,83.0],[-32.6,83.0]]}},{"type":"Feature","properties":{"level":1008},"geometry":{"type":"LineString","coordinates":[[180.0,-89.2],[141.26,-89.25],[118.75,-88.66],[116.08,-88.5],[115.36,-88.25],[115.81,-87.5],[116.38,-87.25],[120.75,-86.0],[123.85,-84.5],[128.18,-83.5],[128.64,-83.25],[128.21,-82.75],[128.44,-82.5],[129.97,-81.75],[133.94,-81.0],[134.07,-80.75],[133.52,-80.5],[133.56,-80.25],[134.17,-80.0],[144.25,-78.25],[146.85,-77.5],[147.81,-77.0],[146.81,-76.25],[146.74,-76.0],[147.27,-75.25],[146.24,-73.5],[144.96,-72.0],[144.0,-71.69],[142.25,-71.79],[140.75,-71.25],[137.5,-71.57],[136.5,-71.92],[129.75,-71.64],[129.06,-71.5],[129.46,-71.25],[129.0,-71.12],[125.98,-71.25],[120.25,-72.11],[118.5,-72.89],[118.37,-73.25],[117.48,-73.5],[116.5,-74.73],[115.5,-74.94],[112.44,-74.5],[104.75,-72.54],[97.75,-72.57],[93.25,-73.02],[88.88,-74.5],[79.25,-76.13],[65.5,-76.85],[60.28,-75.75],[58.3,-75.0],[58.02,-74.75],[58.13,-74.25],[57.43,-74.0],[57.12,-73.25],[57.3,-72.5],[57.1,-71.5],[56.57,-71.25],[56.75,-71.0],[54.0,-70.69],[50.75,-71.42],[45.75,-71.7],[40.25,-72.64],[39.27,-73.0],[38.68,-73.5],[36.4,-74.0],[31.75,-74.25],[24.5,-74.25],[13.75,-73.23],[12.79,-73.5],[9.26,-73.5],[6.75,-73.91],[3.58,-74.75],[3.0,-75.5],[2.95,-75.75],[3.51,-76.25],[4.96,-76.75],[19.24,-79.5],[18.11,-80.5],[15.97,-81.25],[0.0,-82.33],[-11.5,-82.24],[-18.68,-83.0],[-21.25,-83.53],[-22.86,-83.5],[-22.17,-83.25],[-22.75,-83.18],[-26.25,-83.25],[-34.24,-84.5],[-37.5,-84.5],[-41.25,-84.91],[-56.57,-85.75],[-60.36,-86.25],[-61.15,-86.5],[-61.57,-87.0],[-62.47,-87.25],[-61.99,-87.5],[-62.33,-87.75],[-66.0,-88.24],[-115.25,-89.16],[-180.0,-89.2]]}},{"type":"Feature","properties":{"level":1008},"geometry":{"type":"LineString","coordinates":[[104.44,-71.75],[106.0,-71.82],[106.31,-71.5],[105.25,-71.24],[103.82,-71.25],[104.86,-71.5],[104.44,-71.75]]}},{"type":"Feature","properties":{"level":1008},"geometry":{"type":"LineString","coordinates":[[129.42,-71.0],[129.75,-71.22],[131.56,-71.0],[129.42,-71.0]]}},{"type":"Feature","properties":{"level":1008},"geometry":{"type":"LineString","coordinates":[[134.99,-70.75],[136.9,-70.75],[137.36,-70.5],[137.35,-70.0],[136.63,-69.5],[135.25,-69.21],[134.13,-69.5],[134.0,-70.0],[134.99,-70.75]]}},{"type":"Feature","properties":{"level":1008},"geometry":{"type":"LineString","coordinates":[[-65.75,-65.67],[-65.98,-65.5],[-65.16,-65.25],[-65.09,-65.5],[-65.75,-65.67]]}},{"type":"Feature","properties":{"level":1008},"geometry":{"type":"LineString","coordinates":[[-180.0,-54.34],[-174.5,-52.83],[-168.43,-50.75],[-163.57,-49.5],[-159.75,-48.19],[-155.65,-46.0],[-152.07,-42.25],[-147.98,-40.0],[-145.5,-39.08],[-145.38,-38.75],[-138.0,-38.43],[-133.0,-38.53],[-119.0,-39.9],[-115.0,-38.54],[-111.25,-38.77],[-108.25,-38.07],[-105.59,-36.75],[-103.5,-34.57],[-102.75,-34.48],[-99.0,-32.74],[-97.0,-33.4],[-96.89,-33.75],[-96.85,-35.0],[-97.17,-35.5],[-97.11,-36.0],[-97.83,-36.5],[-98.17,-38.25],[-97.32,-41.5],[-95.75,-43.13],[-95.0,-44.26],[-93.25,-45.32],[-91.25,-45.08],[-85.33,-42.5],[-81.5,-41.53],[-77.25,-41.29],[-73.5,-42.05],[-72.25,-42.64],[-72.0,-42.23],[-71.5,-42.07],[-71.25,-41.3],[-69.75,-41.27],[-68.25,-40.79],[-67.91,-40.25],[-67.25,-39.88],[-64.25,-39.11],[-63.25,-39.44],[-62.0,-39.31],[-59.0,-39.98],[-55.75,-42.01],[-53.94,-43.75],[-54.0,-45.25],[-54.55,-47.25],[-54.91,-48.25],[-55.75,-49.26],[-59.0,-51.63],[-65.35,-54.75],[-66.2,-55.5],[-66.88,-56.75],[-68.0,-57.6],[-69.25,-58.19],[-71.0,-58.61],[-79.25,-58.83],[-81.25,-59.09],[-83.0,-59.86],[-84.5,-61.51],[-85.11,-63.5],[-84.98,-65.5],[-83.62,-67.25],[-81.75,-68.37],[-76.75,-70.03],[-76.1,-70.5],[-76.17,-70.75],[-75.91,-71.0],[-75.07,-71.25],[-75.12,-71.5],[-74.78,-71.75],[-72.75,-71.88],[-72.28,-72.0],[-72.48,-72.25],[-72.25,-72.35],[-70.19,-72.75],[-70.16,-73.0],[-71.83,-73.5],[-69.58,-74.5],[-67.5,-74.32],[-66.35,-74.0],[-66.57,-73.75],[-64.75,-73.57],[-63.47,-72.5],[-63.91,-72.0],[-63.77,-71.75],[-62.66,-71.25],[-63.89,-70.5],[-63.67,-70.0],[-63.89,-69.75],[-65.93,-68.5],[-66.07,-67.0],[-65.82,-66.75],[-62.64,-65.25],[-62.75,-65.0],[-63.44,-65.0],[-63.75,-64.69],[-64.17,-64.75],[-64.25,-65.05],[-64.75,-64.94],[-64.87,-64.75],[-64.4,-64.0],[-62.5,-63.04],[-58.25,-61.87],[-54.25,-61.46],[-53.75,-61.16],[-49.0,-60.76],[-47.0,-60.3],[-41.25,-58.57],[-36.0,-56.19],[-35.02,-55.5],[-32.85,-52.75],[-30.69,-47.75],[-29.42,-45.25],[-28.36,-43.75],[-24.5,-41.19],[-19.75,-39.33],[-17.0,-38.7],[-9.75,-38.68],[0.5,-39.23],[3.75,-40.01],[5.62,-41.0],[8.5,-43.09],[13.5,-47.65],[17.61,-52.25],[19.12,-54.5],[20.0,-56.3],[22.75,-58.16],[24.5,-58.74],[28.0,-58.74],[36.25,-56.11],[44.25,-52.78],[46.5,-52.18],[50.25,-51.63],[51.75,-51.01],[54.5,-51.22],[64.0,-53.03],[66.25,-52.98],[69.1,-52.5],[82.0,-48.18],[93.25,-43.61],[100.25,-41.94],[104.75,-41.56],[113.25,-41.93],[120.75,-43.46],[145.07,-55.5],[149.5,-57.39],[153.25,-58.35],[159.5,-59.02],[164.5,-58.75],[171.5,-57.26],[176.5,-55.25],[180.0,-54.34]]}},{"type":"Feature","properties":{"level":1008},"geometry":{"type":"LineString","coordinates":[[-67.75,-33.26],[-68.8,-32.75],[-68.65,-31.75],[-68.9,-30.25],[-68.6,-29.75],[-68.72,-29.5],[-68.33,-29.0],[-68.3,-28.5],[-68.03,-29.25],[-67.75,-29.47],[-67.62,-29.25],[-67.75,-27.15],[-67.5,-27.81],[-67.0,-27.4],[-66.25,-27.61],[-66.16,-28.5],[-66.0,-28.64],[-65.75,-28.3],[-65.5,-28.82],[-65.42,-28.25],[-65.78,-27.25],[-65.33,-26.75],[-65.11,-25.75],[-65.25,-25.37],[-65.55,-25.5],[-65.52,-25.0],[-65.25,-24.1],[-64.78,-23.5],[-64.85,-22.75],[-64.58,-22.0],[-65.0,-21.31],[-65.33,-21.5],[-65.42,-21.0],[-65.75,-20.75],[-65.5,-20.31],[-65.0,-20.63],[-64.73,-20.0],[-65.25,-19.64],[-66.45,-17.5],[-66.25,-17.39],[-65.5,-17.85],[-64.31,-17.75],[-65.73,-17.0],[-66.5,-16.28],[-68.0,-15.75],[-68.51,-15.0],[-68.05,-14.75],[-68.5,-13.9],[-71.25,-12.91],[-72.25,-11.85],[-73.0,-12.11],[-73.75,-11.16],[-74.47,-9.25],[-74.75,-9.08],[-74.93,-9.5],[-74.74,-10.0],[-75.0,-10.25],[-75.51,-9.0],[-75.79,-7.25],[-75.4,-6.75],[-76.25,-6.06],[-76.5,-5.19],[-77.25,-4.77],[-77.26,-4.25],[-76.5,-4.77],[-75.75,-4.82],[-74.5,-5.89],[-74.25,-5.49],[-74.0,-5.59],[-73.83,-6.5],[-74.66,-7.25],[-74.0,-7.47],[-73.75,-8.06],[-72.5,-7.54],[-72.25,-8.57],[-71.5,-8.71],[-70.44,-8.0],[-70.5,-7.72],[-70.75,-7.69],[-71.5,-7.9],[-71.5,-7.43],[-72.18,-7.25],[-71.99,-7.0],[-71.0,-6.73],[-69.75,-6.86],[-69.5,-7.09],[-67.82,-7.0],[-67.93,-6.5],[-67.25,-6.0],[-67.0,-5.1],[-66.5,-4.96],[-66.16,-4.25],[-66.4,-3.0],[-65.63,-2.5],[-65.25,-1.13],[-65.0,-1.07],[-65.21,-1.5],[-64.75,-1.73],[-64.59,0.25],[-64.78,0.75],[-64.5,0.93],[-63.25,0.6],[-62.75,1.34],[-62.0,1.35],[-61.59,1.75],[-61.75,2.26],[-61.19,2.5],[-61.59,2.75],[-61.55,3.25],[-61.25,3.3],[-61.0,3.71],[-60.5,3.75],[-59.44,2.75],[-59.35,2.25],[-59.62,1.5],[-59.0,0.95],[-57.5,0.69],[-57.0,1.22],[-56.75,1.14],[-56.05,0.5],[-55.76,-0.25],[-56.0,-0.36],[-56.5,-0.02],[-56.52,-0.25],[-55.75,-1.06],[-55.25,-0.96],[-54.5,-1.65],[-52.5,-1.75],[-53.75,-2.46],[-54.42,-3.25],[-54.5,-3.81],[-54.75,-3.39],[-55.0,-3.45],[-55.18,-4.25],[-55.75,-4.75],[-56.75,-5.07],[-57.0,-5.54],[-58.0,-5.36],[-59.75,-5.89],[-60.0,-6.32],[-60.75,-6.15],[-62.0,-6.5],[-62.4,-7.5],[-62.36,-8.0],[-61.88,-8.25],[-61.43,-9.5],[-61.75,-9.77],[-62.25,-9.08],[-62.34,-9.75],[-62.0,-10.38],[-61.5,-10.46],[-60.82,-11.0],[-60.94,-11.25],[-60.51,-12.5],[-59.25,-14.6],[-58.25,-14.67],[-57.75,-14.35],[-56.76,-14.75],[-56.8,-15.25],[-56.5,-14.93],[-56.25,-15.12],[-55.49,-16.25],[-55.0,-16.57],[-54.75,-17.59],[-53.94,-18.0],[-53.76,-18.5],[-54.0,-19.75],[-53.67,-20.5],[-54.09,-20.5],[-54.21,-20.0],[-54.0,-19.75],[-54.25,-19.64],[-54.51,-20.5],[-53.31,-21.75],[-53.5,-22.23],[-54.0,-21.98],[-54.6,-22.5],[-53.46,-24.25],[-53.85,-24.5],[-53.93,-25.0],[-53.54,-25.5],[-53.81,-25.75],[-53.83,-26.25],[-53.06,-27.0],[-52.34,-29.0],[-51.19,-29.5],[-50.7,-30.25],[-51.0,-30.63],[-52.0,-30.38],[-51.84,-31.0],[-52.25,-31.17],[-52.79,-30.75],[-52.35,-30.5],[-52.38,-30.25],[-53.5,-29.95],[-53.75,-29.38],[-54.25,-29.49],[-54.25,-30.43],[-54.5,-30.48],[-54.82,-29.75],[-54.73,-29.0],[-54.0,-28.89],[-53.5,-29.17],[-53.13,-28.0],[-53.94,-27.5],[-54.25,-26.94],[-55.25,-26.55],[-55.5,-26.15],[-56.1,-26.5],[-56.14,-26.25],[-55.7,-26.0],[-56.25,-25.81],[-56.5,-26.13],[-56.75,-25.96],[-56.91,-26.25],[-56.52,-26.5],[-56.89,-26.75],[-56.65,-27.0],[-57.0,-27.8],[-57.31,-27.75],[-57.5,-27.38],[-59.25,-27.9],[-59.75,-27.2],[-60.0,-27.16],[-60.32,-27.75],[-60.01,-28.5],[-60.25,-29.3],[-62.5,-30.08],[-63.25,-29.94],[-63.75,-29.52],[-65.22,-31.25],[-65.08,-31.75],[-65.25,-32.49],[-66.0,-32.42],[-66.5,-33.4],[-67.75,-33.26]]}},{"type":"Feature","properties":{"level":1008},"geometry":{"type":"LineString","coordinates":[[-54.25,-30.8],[-54.25,-30.59],[-54.25,-30.8]]}},{"type":"Feature","properties":{"level":1008},"geometry":{"type":"LineString","coordinates":[[-56.5,-29.0],[-57.23,-28.75],[-56.65,-28.0],[-56.22,-28.0],[-56.25,-28.52],[-55.5,-28.18],[-55.24,-28.5],[-55.75,-28.96],[-56.5,-29.0]]}},{"type":"Feature","properties":{"level":1008},"geometry":{"type":"LineString","coordinates":[[-54.0,-28.35],[-54.18,-28.25],[-54.0,-28.11],[-53.83,-28.25],[-54.0,-28.35]]}},{"type":"Feature","properties":{"level":1008},"geometry":{"type":"LineString","coordinates":[[-55.0,-27.54],[-55.19,-27.5],[-55.13,-27.25],[-54.78,-27.25],[-54.66,-27.5],[-55.0,-27.54]]}},{"type":"Feature","properties":{"level":1008},"geometry":{"type":"LineString","coordinates":[[26.0,-9.13],[26.21,-8.0],[26.75,-7.87],[27.0,-7.52],[27.0,-8.17],[26.0,-9.13]]}},{"type":"Feature","properties":{"level":1008},"geometry":{"type":"LineString","coordinates":[[-76.5,-7.26],[-76.5,-6.87],[-76.33,-7.0],[-76.5,-7.26]]}},{"type":"Feature","properties":{"level":1008},"geometry":{"type":"LineString","coordinates":[[-71.4,-7.25],[-71.09,-7.25],[-71.25,-7.04],[-71.4,-7.25]]}},{"type":"Feature","properties":{"level":1008},"geometry":{"type":"LineString","coordinates":[[-66.75,-4.38],[-66.96,-4.25],[-66.5,-3.87],[-66.37,-4.25],[-66.75,-4.38]]}},{"type":"Feature","properties":{"level":1008},"geometry":{"type":"LineString","coordinates":[[-53.5,-4.17],[-53.71,-3.75],[-53.5,-3.02],[-52.06,-3.0],[-53.13,-3.5],[-53.5,-4.17]]}},{"type":"Feature","properties":{"level":1008},"geometry":{"type":"LineString","coordinates":[[-130.0,-3.84],[-131.14,-3.0],[-131.79,-1.5],[-131.65,-1.0],[-132.0,-0.77],[-133.0,-1.46],[-133.66,-1.5],[-134.25,-2.11],[-134.75,-1.95],[-135.0,-1.42],[-135.75,-2.13],[-137.25,-2.08],[-137.5,-1.78],[-138.17,-2.0],[-138.25,-2.44],[-139.5,-2.92],[-139.68,-2.75],[-139.5,-2.27],[-140.25,-2.91],[-141.0,-2.51],[-141.5,-2.51],[-141.17,-2.0],[-141.53,-1.5],[-140.5,-0.83],[-140.25,-1.1],[-140.36,-0.75],[-139.25,-0.18],[-136.5,0.5],[-135.77,1.0],[-135.25,2.03],[-134.75,2.37],[-133.78,4.25],[-134.15,5.0],[-133.8,5.75],[-134.51,7.0],[-134.5,7.91],[-133.5,7.87],[-133.0,7.24],[-132.5,7.5],[-133.02,8.25],[-132.75,8.44],[-132.38,8.25],[-132.5,7.75],[-132.25,7.55],[-131.0,8.6],[-130.75,8.41],[-130.25,8.81],[-129.89,8.5],[-129.94,9.0],[-129.62,9.5],[-129.74,10.0],[-129.38,10.75],[-129.66,11.0],[-129.76,11.75],[-129.48,13.75],[-129.79,14.5],[-128.6,13.75],[-126.25,13.24],[-123.52,14.75],[-123.26,15.75],[-123.26,18.0],[-122.22,19.5],[-121.0,22.87],[-119.81,25.25],[-118.89,26.5],[-118.85,28.25],[-119.32,33.25],[-118.54,34.5],[-118.25,34.1],[-117.25,34.07],[-116.98,33.75],[-117.12,33.25],[-116.67,32.25],[-115.5,30.27],[-114.5,29.33],[-114.0,29.16],[-113.78,29.25],[-113.87,29.5],[-114.55,30.0],[-116.14,33.25],[-116.0,33.55],[-115.0,33.2],[-115.0,33.57],[-114.25,34.09],[-114.57,33.25],[-114.0,32.98],[-112.75,33.12],[-112.7,32.0],[-112.25,31.83],[-112.42,31.5],[-111.96,31.0],[-111.25,30.59],[-110.0,29.09],[-109.75,29.43],[-109.25,29.49],[-109.42,28.5],[-108.8,27.0],[-108.28,26.75],[-108.18,26.25],[-107.0,25.08],[-106.64,24.25],[-104.76,21.75],[-105.1,21.5],[-105.03,21.0],[-105.34,20.25],[-104.48,19.25],[-103.75,18.98],[-103.64,18.5],[-103.25,18.17],[-102.0,18.06],[-101.0,17.23],[-99.31,16.5],[-100.0,15.89],[-101.0,15.65],[-102.5,16.46],[-104.0,16.33],[-104.82,15.25],[-104.85,13.75],[-104.53,13.25],[-106.0,11.06],[-106.79,10.75],[-106.7,10.5],[-107.19,10.0],[-106.6,9.5],[-106.65,9.25],[-107.25,8.86],[-107.75,9.82],[-107.76,9.5],[-109.25,8.36],[-111.25,7.73],[-113.25,8.61],[-113.85,8.5],[-114.25,7.96],[-114.38,8.5],[-115.0,8.75],[-116.75,7.94],[-117.5,7.35],[-118.11,7.25],[-117.5,6.99],[-118.5,7.08],[-119.5,6.83],[-120.17,6.25],[-119.72,6.0],[-120.55,5.5],[-120.5,5.14],[-121.53,5.25],[-121.33,4.75],[-121.84,3.75],[-121.5,3.24],[-120.37,3.25],[-120.75,3.19],[-123.22,1.25],[-124.0,-0.11],[-124.5,-0.49],[-126.25,-1.18],[-126.91,-2.5],[-129.0,-3.13],[-129.25,-3.52],[-130.0,-3.84]]}},{"type":"Feature","properties":{"level":1008},"geometry":{"type":"LineString","coordinates":[[-142.25,-2.13],[-142.44,-2.0],[-142.03,-2.0],[-142.25,-2.13]]}},{"type":"Feature","properties":{"level":1008},"geometry":{"type":"LineString","coordinates":[[-64.82,-2.0],[-64.75,-1.79],[-64.82,-2.0]]}},{"type":"Feature","properties":{"level":1008},"geometry":{"type":"LineString","coordinates":[[-56.52,0.25],[-56.5,0.02],[-56.03,0.25],[-56.52,0.25]]}},{"type":"Feature","properties":{"level":1008},"geometry":{"type":"LineString","coordinates":[[-57.28,0.5],[-56.98,0.5],[-57.25,0.68],[-57.28,0.5]]}},{"type":"Feature","properties":{"level":1008},"geometry":{"type":"LineString","coordinates":[[-60.33,2.25],[-60.25,2.55],[-60.33,2.25]]}},{"type":"Feature","properties":{"level":1008},"geometry":{"type":"LineString","coordinates":[[-137.25,2.66],[-137.0,3.15],[-136.96,2.75],[-137.25,2.66]]}},{"type":"Feature","properties":{"level":1008},"geometry":{"type":"LineString","coordinates":[[-75.0,3.73],[-75.0,4.1],[-75.0,3.73]]}},{"type":"Feature","properties":{"level":1008},"geometry":{"type":"LineString","coordinates":[[-122.12,4.5],[-121.82,4.75],[-121.88,5.0],[-122.25,4.81],[-122.12,4.5]]}},{"type":"Feature","properties":{"level":1008},"geometry":{"type":"LineString","coordinates":[[-154.0,4.69],[-154.47,5.0],[-154.0,5.51],[-153.44,5.0],[-154.0,4.69]]}},{"type":"Feature","properties":{"level":1008},"geometry":{"type":"LineString","coordinates":[[-123.69,5.0],[-123.25,4.94],[-122.69,5.5],[-123.5,5.97],[-123.75,5.5],[-123.69,5.0]]}},{"type":"Feature","properties":{"level":1008},"geometry":{"type":"LineString","coordinates":[[32.25,4.95],[31.75,5.25],[31.7,6.75],[31.25,7.0],[31.76,7.5],[32.75,7.6],[33.0,8.05],[33.0,7.32],[32.05,6.25],[33.61,5.25],[33.0,4.8],[32.25,4.95]]}},{"type":"Feature","properties":{"level":1008},"geometry":{"type":"LineString","coordinates":[[33.75,5.44],[33.99,5.5],[33.75,5.44]]}},{"type":"Feature","properties":{"level":1008},"geometry":{"type":"LineString","coordinates":[[-130.27,5.75],[-129.94,5.75],[-130.0,6.45],[-130.34,6.0],[-130.27,5.75]]}},{"type":"Feature","properties":{"level":1008},"geometry":{"type":"LineString","coordinates":[[-128.56,6.0],[-128.0,6.07],[-127.0,6.73],[-127.0,7.31],[-128.41,8.0],[-129.75,8.15],[-129.94,8.0],[-129.75,7.45],[-129.32,7.25],[-129.0,6.39],[-128.47,6.25],[-128.56,6.0]]}},{"type":"Feature","properties":{"level":1008},"geometry":{"type":"LineString","coordinates":[[-125.08,6.0],[-124.5,6.01],[-124.28,6.5],[-124.75,6.75],[-125.28,6.25],[-125.08,6.0]]}},{"type":"Feature","properties":{"level":1008},"geometry":{"type":"LineString","coordinates":[[-132.86,6.25],[-132.75,6.4],[-132.86,6.25]]}},{"type":"Feature","properties":{"level":1008},"geometry":{"type":"LineString","coordinates":[[-118.75,6.24],[-118.75,6.52],[-118.75,6.24]]}},{"type":"Feature","properties":{"level":1008},"geometry":{"type":"LineString","coordinates":[[-132.7,6.5],[-132.5,6.39],[-131.82,7.0],[-132.5,7.16],[-132.7,6.5]]}},{"type":"Feature","properties":{"level":1008},"geometry":{"type":"LineString","coordinates":[[-126.78,6.5],[-126.5,6.28],[-125.75,6.42],[-125.4,6.75],[-125.3,7.25],[-125.75,7.39],[-126.0,6.93],[-126.78,6.5]]}},{"type":"Feature","properties":{"level":1008},"geometry":{"type":"LineString","coordinates":[[-118.25,6.7],[-118.25,6.97],[-118.25,6.7]]}},{"type":"Feature","properties":{"level":1008},"geometry":{"type":"LineString","coordinates":[[-128.5,7.2],[-128.82,7.5],[-128.34,7.25],[-128.5,7.2]]}},{"type":"Feature","properties":{"level":1008},"geometry":{"type":"LineString","coordinates":[[-124.84,7.5],[-124.5,7.48],[-124.25,8.03],[-125.0,8.07],[-124.84,7.5]]}},{"type":"Feature","properties":{"level":1008},"geometry":{"type":"LineString","coordinates":[[-114.75,7.64],[-114.89,7.75],[-114.5,7.84],[-114.75,7.64]]}},{"type":"Feature","properties":{"level":1008},"geometry":{"type":"LineString","coordinates":[[-112.25,7.73],[-112.0,7.94],[-112.0,7.64],[-112.25,7.73]]}},{"type":"Feature","properties":{"level":1008},"geometry":{"type":"LineString","coordinates":[[31.25,7.84],[31.4,8.0],[31.25,7.84]]}},{"type":"Feature","properties":{"level":1008},"geometry":{"type":"LineString","coordinates":[[-125.84,8.25],[-125.75,8.06],[-125.55,8.25],[-125.75,8.42],[-125.84,8.25]]}},{"type":"Feature","properties":{"level":1008},"geometry":{"type":"LineString","coordinates":[[-122.76,8.25],[-122.26,8.5],[-122.25,8.86],[-122.78,8.5],[-122.76,8.25]]}},{"type":"Feature","properties":{"level":1008},"geometry":{"type":"LineString","coordinates":[[170.0,8.21],[170.41,8.25],[170.0,8.21]]}},{"type":"Feature","properties":{"level":1008},"geometry":{"type":"LineString","coordinates":[[172.0,8.12],[171.77,8.25],[171.92,8.5],[171.75,8.7],[171.5,8.39],[171.0,8.56],[170.75,9.19],[170.5,8.82],[169.95,8.75],[169.75,8.32],[168.38,8.5],[168.59,9.25],[169.25,9.86],[169.97,9.5],[170.05,10.0],[169.77,10.5],[170.75,11.85],[172.0,11.54],[172.5,11.83],[172.61,11.5],[172.34,11.0],[173.04,10.5],[172.44,10.25],[172.46,10.0],[173.29,9.75],[173.18,9.0],[173.0,8.79],[172.2,8.75],[172.05,8.5],[172.2,8.25],[172.0,8.12]]}},{"type":"Feature","properties":{"level":1008},"geometry":{"type":"LineString","coordinates":[[-129.3,8.5],[-129.25,8.34],[-129.3,8.5]]}},{"type":"Feature","properties":{"level":1008},"geometry":{"type":"LineString","coordinates":[[-128.31,8.5],[-128.01,8.5],[-128.31,8.5]]}},{"type":"Feature","properties":{"level":1008},"geometry":{"type":"LineString","coordinates":[[-111.58,8.5],[-111.02,8.75],[-111.5,8.82],[-111.58,8.5]]}},{"type":"Feature","properties":{"level":1008},"geometry":{"type":"LineString","coordinates":[[170.48,9.25],[171.14,9.5],[170.75,9.77],[170.1,9.5],[170.48,9.25]]}},{"type":"Feature","properties":{"level":1008},"geometry":{"type":"LineString","coordinates":[[173.5,9.86],[173.5,10.05],[173.5,9.86]]}},{"type":"Feature","properties":{"level":1008},"geometry":{"type":"LineString","coordinates":[[-138.5,11.75],[-138.83,12.5],[-137.5,13.4],[-137.18,13.25],[-137.02,12.25],[-137.75,11.68],[-138.5,11.75]]}},{"type":"Feature","properties":{"level":1008},"geometry":{"type":"LineString","coordinates":[[-136.25,11.98],[-136.25,12.33],[-136.25,11.98]]}},{"type":"Feature","properties":{"level":1008},"geometry":{"type":"LineString","coordinates":[[32.5,11.9],[32.28,12.0],[32.5,12.16],[32.78,12.0],[32.5,11.9]]}},{"type":"Feature","properties":{"level":1008},"geometry":{"type":"LineString","coordinates":[[32.25,12.7],[31.92,13.25],[32.0,14.97],[32.75,14.36],[33.09,13.75],[32.25,12.7]]}},{"type":"Feature","properties":{"level":1008},"geometry":{"type":"LineString","coordinates":[[142.25,13.25],[139.75,14.08],[136.0,16.5],[136.04,17.0],[135.75,17.53],[135.09,18.0],[134.83,18.75],[135.2,20.0],[135.2,21.75],[135.68,23.0],[137.24,25.0],[139.75,27.51],[141.75,28.48],[143.75,29.09],[147.5,29.04],[151.75,26.91],[152.89,25.5],[153.4,24.5],[153.67,23.25],[153.61,20.75],[153.17,18.5],[151.41,16.0],[149.75,14.66],[148.75,14.35],[148.25,13.9],[147.25,13.92],[145.0,13.21],[142.25,13.25]]}},{"type":"Feature","properties":{"level":1008},"geometry":{"type":"LineString","coordinates":[[16.75,13.45],[16.45,13.75],[16.65,14.5],[17.18,15.25],[17.75,15.54],[18.75,15.18],[20.0,15.12],[20.19,14.5],[20.53,14.25],[20.25,14.05],[19.5,14.27],[18.5,15.15],[18.25,13.59],[17.75,13.35],[16.75,13.45]]}},{"type":"Feature","properties":{"level":1008},"geometry":{"type":"LineString","coordinates":[[-173.0,15.44],[-173.17,15.5],[-173.0,15.73],[-173.0,15.44]]}},{"type":"Feature","properties":{"level":1008},"geometry":{"type":"LineString","coordinates":[[32.5,15.35],[32.29,15.75],[32.5,16.08],[32.84,15.5],[32.5,15.35]]}},{"type":"Feature","properties":{"level":1008},"geometry":{"type":"LineString","coordinates":[[-94.75,15.73],[-94.47,15.75],[-94.75,15.73]]}},{"type":"Feature","properties":{"level":1008},"geometry":{"type":"LineString","coordinates":[[29.0,16.17],[29.0,16.5],[29.0,16.17]]}},{"type":"Feature","properties":{"level":1008},"geometry":{"type":"LineString","coordinates":[[-174.75,16.3],[-175.02,16.75],[-176.84,17.5],[-177.5,18.21],[-177.77,18.75],[-177.83,20.25],[-177.33,21.25],[-176.92,23.25],[-176.0,24.55],[-174.25,25.34],[-172.75,25.34],[-171.59,24.75],[-170.35,23.25],[-170.6,20.0],[-171.47,18.5],[-173.39,17.25],[-173.34,17.0],[-173.85,16.75],[-174.0,16.34],[-174.75,16.3]]}},{"type":"Feature","properties":{"level":1008},"geometry":{"type":"LineString","coordinates":[[-91.75,17.65],[-91.99,18.0],[-91.25,18.02],[-91.25,17.7],[-91.75,17.65]]}},{"type":"Feature","properties":{"level":1008},"geometry":{"type":"LineString","coordinates":[[-100.5,17.99],[-101.5,18.49],[-102.0,18.41],[-102.75,18.86],[-102.97,19.25],[-102.75,19.52],[-102.5,19.23],[-102.0,19.17],[-101.5,18.6],[-100.75,19.21],[-100.0,18.01],[-99.25,18.79],[-98.25,18.64],[-97.92,18.25],[-98.25,17.86],[-100.5,17.99]]}},{"type":"Feature","properties":{"level":1008},"geometry":{"type":"LineString","coordinates":[[68.0,25.95],[67.41,26.5],[67.35,27.0],[67.5,29.13],[67.75,29.61],[68.0,29.63],[68.75,28.66],[69.45,28.5],[69.67,28.0],[68.59,26.0],[68.0,25.95]]}},{"type":"Feature","properties":{"level":1008},"geometry":{"type":"LineString","coordinates":[[70.0,28.69],[70.0,29.47],[70.44,30.5],[70.23,32.0],[70.68,33.0],[71.71,32.75],[72.0,32.11],[74.38,31.0],[74.13,30.5],[73.0,30.26],[72.5,29.55],[70.0,28.69]]}},{"type":"Feature","properties":{"level":1008},"geometry":{"type":"LineString","coordinates":[[70.8,32.25],[71.45,32.25],[71.25,32.63],[70.8,32.25]]}},{"type":"Feature","properties":{"level":1008},"geometry":{"type":"LineString","coordinates":[[-117.57,33.5],[-117.41,33.5],[-117.5,33.76],[-117.57,33.5]]}},{"type":"Feature","properties":{"level":1008},"geometry":{"type":"LineString","coordinates":[[-119.0,34.99],[-119.5,35.07],[-120.24,35.75],[-120.47,36.5],[-121.14,37.0],[-121.2,37.5],[-122.15,38.25],[-122.04,38.5],[-122.53,40.25],[-122.25,40.66],[-120.75,38.0],[-119.0,36.4],[-118.71,35.25],[-119.0,34.99]]}},{"type":"Feature","properties":{"level":1008},"geometry":{"type":"LineString","coordinates":[[-120.75,35.6],[-121.25,36.14],[-121.25,36.48],[-120.28,35.75],[-120.75,35.6]]}},{"type":"Feature","properties":{"level":1008},"geometry":{"type":"LineString","coordinates":[[-116.5,35.75],[-116.22,35.75],[-116.5,35.75]]}},{"type":"Feature","properties":{"level":1008},"geometry":{"type":"LineString","coordinates":[[180.0,46.22],[176.25,46.02],[171.0,46.19],[166.25,46.99],[159.0,49.69],[155.63,51.5],[153.75,52.2],[144.71,53.75],[141.75,55.08],[140.25,56.25],[138.75,57.05],[138.63,57.25],[139.05,57.75],[138.23,59.0],[138.26,59.75],[138.71,60.5],[138.69,61.75],[139.78,62.25],[139.13,62.75],[139.79,63.0],[139.8,64.0],[140.86,64.75],[141.0,65.25],[140.41,66.0],[139.35,66.5],[139.45,66.75],[139.25,66.88],[138.44,66.5],[138.75,66.21],[137.5,66.16],[137.16,65.75],[137.5,65.48],[136.0,65.13],[135.5,64.72],[133.75,64.59],[133.75,64.17],[133.5,64.11],[132.25,64.42],[131.12,64.25],[134.06,63.25],[131.0,62.06],[129.88,60.25],[119.0,59.15],[116.0,59.19],[114.0,59.89],[110.2,60.25],[109.6,61.0],[110.31,61.5],[109.66,62.0],[109.94,62.5],[109.73,63.5],[108.98,64.5],[108.03,65.25],[105.3,66.5],[101.0,67.71],[99.5,68.56],[97.0,69.34],[95.0,69.84],[90.75,70.21],[85.25,70.01],[81.0,70.47],[71.25,72.46],[65.75,73.19],[62.97,74.5],[61.5,74.91],[61.34,75.25],[60.77,75.25],[61.19,74.75],[60.75,74.67],[60.19,74.75],[60.45,75.0],[60.25,75.14],[59.44,75.25],[61.83,76.0],[61.5,76.29],[57.0,76.89],[49.5,77.16],[43.75,76.77],[40.25,76.26],[34.28,74.75],[32.4,73.75],[32.02,73.0],[32.08,71.75],[31.18,70.75],[28.75,70.3],[28.0,69.8],[24.75,68.57],[22.0,68.15],[21.03,68.75],[21.23,69.25],[19.75,69.09],[18.25,69.4],[11.5,68.76],[9.25,68.26],[5.0,66.9],[-4.0,62.12],[-9.27,60.0],[-13.75,58.9],[-24.64,57.5],[-27.24,56.5],[-30.94,54.5],[-39.0,51.17],[-42.5,50.26],[-44.75,50.23],[-45.77,50.5],[-47.0,52.77],[-48.75,54.14],[-54.25,55.48],[-58.25,55.39],[-62.0,55.79],[-67.0,57.59],[-70.5,58.13],[-73.5,59.01],[-81.0,60.57],[-85.93,62.5],[-87.5,63.41],[-90.19,65.75],[-95.97,69.5],[-96.41,70.25],[-96.3,71.25],[-96.58,71.75],[-98.47,73.5],[-98.85,74.75],[-99.32,75.25],[-98.84,75.5],[-99.3,75.75],[-99.28,76.0],[-98.46,76.75],[-99.04,78.0],[-98.8,79.0],[-98.0,79.58],[-96.75,79.97],[-95.0,80.18],[-91.5,80.04],[-90.83,80.5],[-91.0,80.81],[-90.25,81.17],[-88.73,81.0],[-86.5,81.64],[-79.5,81.94],[-79.2,82.0],[-81.12,82.25],[-79.25,82.52],[-78.0,82.53],[-77.94,82.25],[-77.0,82.12],[-74.75,82.03],[-65.75,82.66],[-65.27,82.75],[-65.15,83.0],[-66.93,83.25],[-66.96,83.5],[-66.04,84.0],[-60.0,85.1],[-40.25,86.77],[-28.0,87.43],[-9.75,87.85],[13.75,87.92],[37.0,87.5],[53.75,86.52],[61.5,85.42],[76.0,81.89],[82.75,81.15],[89.0,81.16],[115.25,82.65],[125.25,82.57],[134.25,82.05],[154.66,80.0],[163.25,77.65],[169.99,75.25],[180.0,73.44]]}},{"type":"Feature","properties":{"level":1008},"geometry":{"type":"LineString","coordinates":[[70.0,49.47],[68.25,50.77],[67.5,50.9],[67.09,52.5],[67.25,53.5],[67.75,54.3],[68.5,54.92],[69.5,55.19],[70.5,54.61],[71.25,53.41],[72.15,53.0],[72.02,52.5],[72.55,51.25],[71.68,50.5],[71.48,50.0],[70.0,49.47]]}},{"type":"Feature","properties":{"level":1008},"geometry":{"type":"LineString","coordinates":[[57.25,56.0],[56.21,56.25],[56.19,56.75],[57.26,57.75],[58.0,58.05],[61.5,58.32],[63.28,57.5],[62.65,56.75],[61.73,56.25],[57.25,56.0]]}},{"type":"Feature","properties":{"level":1008},"geometry":{"type":"LineString","coordinates":[[-143.75,61.74],[-144.25,61.9],[-144.43,62.25],[-144.25,62.43],[-142.74,62.0],[-143.0,61.7],[-143.75,61.74]]}},{"type":"Feature","properties":{"level":1008},"geometry":{"type":"LineString","coordinates":[[-45.28,61.75],[-44.75,62.02],[-44.34,62.5],[-44.27,63.0],[-43.42,63.5],[-43.13,64.0],[-43.87,65.0],[-45.0,65.6],[-46.29,65.0],[-46.25,64.0],[-47.41,63.75],[-47.79,63.0],[-47.34,62.5],[-47.25,61.94],[-45.28,61.75]]}},{"type":"Feature","properties":{"level":1008},"geometry":{"type":"LineString","coordinates":[[-172.51,66.25],[-172.25,66.5],[-172.5,66.65],[-172.73,66.5],[-172.51,66.25]]}},{"type":"Feature","properties":{"level":1008},"geometry":{"type":"LineString","coordinates":[[-38.75,67.5],[-37.25,67.68],[-35.12,68.5],[-35.41,68.75],[-35.2,69.0],[-35.48,69.5],[-31.04,70.5],[-30.79,71.25],[-31.48,72.0],[-30.75,72.83],[-28.64,73.5],[-28.75,73.8],[-30.0,73.58],[-30.37,73.75],[-27.66,75.25],[-27.74,76.25],[-27.22,76.75],[-27.14,77.25],[-27.6,77.5],[-27.47,77.75],[-31.25,78.95],[-38.5,80.2],[-42.0,80.66],[-46.0,80.8],[-47.28,80.75],[-46.4,80.25],[-46.55,80.0],[-47.0,79.75],[-49.46,79.5],[-49.13,79.25],[-49.58,79.0],[-56.29,78.75],[-59.78,77.5],[-59.27,77.25],[-53.5,76.91],[-46.5,76.88],[-45.25,76.55],[-45.21,76.25],[-45.83,75.75],[-45.87,75.25],[-44.75,74.47],[-43.0,73.89],[-42.69,73.5],[-43.74,72.75],[-43.92,72.0],[-44.55,71.25],[-43.62,69.25],[-42.25,67.9],[-41.5,67.7],[-40.5,68.03],[-39.25,67.82],[-38.75,67.5]]}},{"type":"Feature","properties":{"level":1008},"geometry":{"type":"LineString","coordinates":[[-180.0,73.44],[-173.75,71.91],[-169.72,70.5],[-170.71,69.75],[-170.64,69.5],[-172.31,67.75],[-172.15,66.75],[-171.56,66.5],[-171.46,66.25],[-171.68,66.0],[-171.25,65.63],[-166.5,65.22],[-162.25,64.42],[-160.25,64.5],[-159.66,64.25],[-159.83,64.0],[-159.5,63.65],[-157.0,63.93],[-152.25,63.69],[-148.88,64.0],[-150.17,63.25],[-150.0,63.01],[-149.25,63.1],[-148.64,62.0],[-148.24,61.75],[-147.0,61.64],[-144.85,60.75],[-143.5,60.84],[-143.0,60.51],[-142.25,60.44],[-141.75,59.86],[-139.83,58.75],[-138.25,57.25],[-137.0,55.68],[-136.48,54.5],[-138.0,52.06],[-139.0,51.15],[-140.18,50.75],[-139.84,50.0],[-140.0,49.76],[-141.0,50.18],[-143.34,48.75],[-145.25,47.24],[-148.25,47.27],[-150.75,47.64],[-156.5,47.39],[-157.75,47.66],[-159.5,47.67],[-162.5,47.17],[-164.5,46.34],[-165.75,46.11],[-172.25,46.78],[-180.0,46.22]]}},{"type":"Feature","properties":{"level":1008},"geometry":{"type":"LineString","coordinates":[[-43.5,76.48],[-44.84,76.75],[-43.75,77.32],[-42.64,77.0],[-43.5,76.48]]}},{"type":"Feature","properties":{"level":1008},"geometry":{"type":"LineString","coordinates":[[-54.41,80.75],[-52.66,80.75],[-52.88,81.0],[-54.6,81.0],[-54.41,80.75]]}},{"type":"Feature","properties":{"level":1008},"geometry":{"type":"LineString","coordinates":[[-51.18,80.75],[-49.13,80.75],[-51.18,80.75]]}},{"type":"Feature","properties":{"level":1008},"geometry":{"type":"LineString","coordinates":[[-48.68,80.75],[-47.66,80.75],[-48.68,80.75]]}},{"type":"Feature","properties":{"level":1008},"geometry":{"type":"LineString","coordinates":[[-40.07,80.75],[-38.29,80.75],[-40.87,81.0],[-40.07,80.75]]}},{"type":"Feature","properties":{"level":1008},"geometry":{"type":"LineString","coordinates":[[-87.75,81.74],[-87.91,81.75],[-87.75,81.74]]}},{"type":"Feature","properties":{"level":1012},"geometry":{"type":"LineString","coordinates":[[180.0,-89.51],[138.06,-89.5],[115.0,-89.16],[74.32,-89.25],[101.5,-88.72],[109.0,-88.11],[118.54,-86.0],[120.52,-85.0],[124.09,-84.0],[124.77,-83.5],[124.51,-83.0],[126.11,-82.5],[127.15,-81.75],[131.55,-81.0],[130.55,-80.5],[132.65,-79.75],[142.35,-78.0],[143.39,-77.5],[142.74,-76.5],[142.26,-76.25],[142.95,-75.25],[141.75,-74.35],[139.94,-73.75],[139.65,-73.5],[139.88,-72.75],[139.75,-72.59],[138.75,-72.52],[138.25,-72.93],[136.25,-73.14],[133.5,-72.57],[130.0,-72.62],[127.25,-71.6],[120.95,-72.25],[118.89,-73.25],[118.62,-73.5],[119.31,-74.0],[117.53,-75.25],[114.0,-75.0],[104.75,-72.95],[97.25,-72.96],[94.28,-73.25],[90.25,-74.55],[79.25,-76.5],[73.75,-76.66],[65.5,-77.45],[63.5,-77.15],[57.0,-75.08],[55.33,-74.75],[54.49,-74.25],[55.17,-73.75],[55.77,-72.75],[55.93,-71.75],[54.75,-71.53],[44.0,-72.67],[40.75,-73.16],[37.98,-74.0],[34.5,-74.33],[27.0,-74.49],[14.0,-73.61],[10.25,-73.88],[7.25,-74.56],[5.75,-75.22],[5.3,-75.75],[5.45,-76.25],[6.39,-76.75],[9.0,-77.27],[20.75,-78.86],[21.2,-79.0],[21.12,-79.25],[18.31,-81.0],[18.54,-81.25],[17.5,-81.42],[-11.75,-83.32],[-22.25,-84.38],[-30.78,-84.75],[-38.25,-85.62],[-52.34,-86.25],[-56.45,-87.25],[-54.57,-87.75],[-55.25,-88.25],[-65.5,-88.67],[-108.5,-89.41],[-180.0,-89.51]]}},{"type":"Feature","properties":{"level":1012},"geometry":{"type":"LineString","coordinates":[[-65.52,-72.5],[-64.5,-72.46],[-64.41,-72.25],[-64.89,-72.0],[-64.85,-71.75],[-63.58,-71.0],[-64.25,-70.75],[-64.58,-70.0],[-64.46,-69.75],[-65.0,-70.04],[-65.86,-69.75],[-64.87,-69.5],[-65.25,-69.33],[-66.0,-69.31],[-67.29,-69.75],[-67.24,-70.0],[-66.65,-70.25],[-66.31,-71.25],[-65.43,-71.75],[-65.52,-72.5]]}},{"type":"Feature","properties":{"level":1012},"geometry":{"type":"LineString","coordinates":[[-180.0,-53.12],[-170.75,-50.19],[-165.5,-48.79],[-160.06,-46.5],[-158.53,-45.5],[-154.5,-41.38],[-150.25,-38.58],[-148.93,-38.0],[-148.75,-37.69],[-144.0,-37.05],[-136.75,-36.71],[-124.0,-37.19],[-120.25,-36.99],[-116.75,-36.21],[-114.0,-35.89],[-112.0,-35.27],[-110.5,-34.22],[-110.0,-34.31],[-108.84,-34.0],[-108.72,-33.5],[-107.89,-33.0],[-108.02,-32.75],[-107.75,-32.34],[-107.25,-32.12],[-106.25,-32.22],[-105.75,-31.66],[-105.25,-31.65],[-104.75,-31.99],[-104.0,-31.89],[-103.0,-31.35],[-101.5,-31.64],[-99.62,-31.25],[-99.0,-30.85],[-98.0,-31.05],[-97.75,-30.73],[-97.25,-30.89],[-96.75,-30.73],[-95.25,-31.75],[-94.7,-33.0],[-95.03,-34.5],[-94.0,-37.25],[-94.41,-39.25],[-93.71,-40.5],[-92.5,-41.43],[-91.25,-41.7],[-89.0,-41.48],[-83.25,-39.99],[-78.75,-39.46],[-75.25,-39.92],[-73.5,-40.36],[-72.5,-40.9],[-70.55,-39.0],[-70.75,-38.39],[-70.39,-38.0],[-69.75,-36.23],[-69.25,-36.52],[-69.16,-36.25],[-69.67,-35.5],[-69.26,-34.25],[-69.35,-32.25],[-69.06,-31.75],[-69.25,-31.32],[-69.5,-31.93],[-69.58,-31.75],[-69.39,-30.0],[-68.5,-29.0],[-68.8,-28.75],[-68.73,-28.5],[-68.5,-28.22],[-67.96,-28.25],[-67.75,-27.0],[-67.25,-27.56],[-67.0,-27.06],[-66.25,-26.48],[-66.11,-26.25],[-66.54,-25.75],[-66.5,-25.25],[-66.0,-24.52],[-65.5,-24.55],[-65.5,-23.91],[-64.97,-23.25],[-65.24,-22.0],[-65.5,-22.27],[-66.17,-21.75],[-65.59,-19.75],[-65.83,-19.0],[-66.54,-18.25],[-66.85,-17.25],[-66.75,-17.1],[-65.5,-17.62],[-65.12,-17.5],[-66.5,-16.6],[-67.0,-16.41],[-67.5,-16.55],[-68.62,-15.25],[-69.15,-14.0],[-71.5,-13.04],[-72.0,-12.2],[-72.47,-12.25],[-72.75,-12.67],[-73.45,-12.75],[-73.26,-12.25],[-73.75,-11.42],[-73.75,-12.75],[-74.29,-12.25],[-74.54,-11.5],[-75.3,-11.0],[-75.17,-10.5],[-75.75,-9.28],[-76.0,-9.39],[-76.25,-9.13],[-77.14,-7.25],[-76.75,-5.85],[-77.0,-6.06],[-77.29,-5.75],[-77.16,-5.5],[-77.75,-5.17],[-78.25,-5.32],[-78.5,-6.15],[-79.0,-6.03],[-78.97,-5.5],[-78.6,-5.0],[-78.57,-4.25],[-78.22,-4.0],[-78.03,-3.25],[-78.25,-2.99],[-77.84,-2.25],[-77.94,-1.5],[-77.37,-0.5],[-77.35,0.25],[-76.5,1.13],[-75.25,1.82],[-74.25,3.14],[-74.0,3.01],[-73.25,4.52],[-71.89,6.0],[-71.71,6.5],[-71.93,7.5],[-71.0,7.97],[-69.28,9.5],[-69.0,10.02],[-68.75,9.74],[-67.75,9.72],[-65.39,10.0],[-65.9,10.25],[-66.25,10.85],[-68.5,10.44],[-69.5,11.08],[-69.74,10.75],[-69.58,10.0],[-70.25,9.89],[-72.5,7.85],[-73.25,9.0],[-72.55,10.25],[-72.47,11.0],[-74.0,11.28],[-74.17,10.75],[-73.87,10.25],[-73.18,10.5],[-73.58,8.5],[-73.25,7.21],[-74.43,5.5],[-74.54,4.25],[-74.93,3.25],[-75.75,2.26],[-75.51,3.75],[-74.94,4.75],[-74.75,7.11],[-75.5,7.57],[-76.25,7.68],[-76.5,8.02],[-76.75,7.14],[-77.0,7.12],[-77.5,7.79],[-78.25,7.9],[-78.41,7.75],[-78.25,6.69],[-79.25,7.26],[-80.25,6.92],[-80.25,7.29],[-79.87,7.25],[-80.0,7.5],[-80.75,7.93],[-81.0,7.76],[-81.16,8.0],[-80.54,8.5],[-82.25,8.93],[-83.25,9.85],[-84.75,10.37],[-84.14,9.5],[-83.0,8.52],[-81.97,8.25],[-81.5,7.62],[-81.0,7.75],[-80.95,7.25],[-80.21,6.5],[-79.96,5.75],[-80.26,5.25],[-79.5,5.18],[-79.25,4.55],[-79.0,4.64],[-78.75,4.32],[-78.25,4.74],[-77.48,3.5],[-77.87,2.5],[-78.33,2.25],[-78.22,2.0],[-79.15,0.5],[-79.38,-1.5],[-79.23,-2.25],[-80.22,-4.0],[-79.95,-4.5],[-80.23,-5.0],[-79.5,-6.54],[-78.99,-8.5],[-81.25,-7.23],[-84.0,-8.01],[-85.25,-7.83],[-86.31,-7.25],[-90.25,-6.24],[-92.25,-6.9],[-94.25,-6.57],[-96.0,-6.63],[-96.99,-7.25],[-100.0,-7.69],[-100.75,-8.36],[-102.5,-8.82],[-103.0,-9.74],[-103.5,-9.9],[-106.25,-10.08],[-108.5,-9.09],[-111.25,-11.19],[-112.75,-11.33],[-114.56,-11.0],[-115.19,-11.5],[-117.25,-11.94],[-117.75,-12.34],[-119.0,-12.33],[-119.5,-12.81],[-120.77,-12.75],[-121.19,-13.75],[-120.95,-15.5],[-121.42,-15.75],[-121.59,-17.25],[-122.25,-17.95],[-122.0,-19.25],[-122.5,-19.36],[-123.75,-19.27],[-124.68,-18.75],[-125.5,-18.78],[-127.0,-17.86],[-129.75,-17.17],[-130.75,-16.51],[-134.75,-15.34],[-138.5,-15.01],[-141.0,-14.1],[-143.75,-13.93],[-146.25,-13.32],[-150.75,-12.9],[-154.5,-13.14],[-156.25,-13.01],[-160.75,-13.39],[-164.75,-12.54],[-170.0,-12.37],[-171.25,-12.13],[-172.5,-12.31],[-173.5,-11.98],[-176.75,-11.92],[-178.0,-10.91],[-179.75,-11.16],[-180.0,-11.52]]}},{"type":"Feature","properties":{"level":1012},"geometry":{"type":"LineString","coordinates":[[-56.08,-34.75],[-55.75,-34.8],[-55.32,-34.25],[-55.41,-33.75],[-55.75,-33.65],[-56.19,-34.0],[-56.08,-34.75]]}},{"type":"Feature","properties":{"level":1012},"geometry":{"type":"LineString","coordinates":[[-56.37,-33.5],[-56.12,-33.25],[-56.25,-33.09],[-56.48,-33.25],[-56.37,-33.5]]}},{"type":"Feature","properties":{"level":1012},"geometry":{"type":"LineString","coordinates":[[-106.4,-32.5],[-106.25,-32.33],[-106.4,-32.5]]}},{"type":"Feature","properties":{"level":1012},"geometry":{"type":"LineString","coordinates":[[-66.35,-27.25],[-66.0,-27.42],[-65.74,-27.0],[-65.75,-26.26],[-65.81,-26.75],[-66.35,-27.25]]}},{"type":"Feature","properties":{"level":1012},"geometry":{"type":"LineString","coordinates":[[-121.0,-20.53],[-121.24,-20.25],[-121.0,-20.1],[-120.75,-20.5],[-121.0,-20.53]]}},{"type":"Feature","properties":{"level":1012},"geometry":{"type":"LineString","coordinates":[[16.25,-19.33],[15.81,-18.5],[14.92,-18.0],[15.4,-17.25],[14.8,-17.0],[14.85,-16.75],[15.25,-16.41],[15.56,-16.5],[15.44,-17.0],[16.25,-17.68],[17.13,-17.25],[17.0,-16.85],[16.16,-16.5],[16.5,-16.35],[17.07,-16.25],[18.25,-17.03],[18.25,-15.6],[19.0,-15.61],[19.25,-15.4],[19.5,-16.11],[20.25,-16.5],[20.25,-17.3],[20.75,-17.38],[21.51,-18.0],[21.5,-18.5],[20.25,-18.11],[18.25,-18.04],[18.25,-18.75],[17.75,-18.58],[17.25,-19.33],[16.75,-19.49],[16.25,-19.33]]}},{"type":"Feature","properties":{"level":1012},"geometry":{"type":"LineString","coordinates":[[-69.0,-16.56],[-70.05,-15.75],[-69.75,-15.25],[-68.68,-16.25],[-69.0,-16.56]]}},{"type":"Feature","properties":{"level":1012},"geometry":{"type":"LineString","coordinates":[[21.5,-15.54],[20.99,-15.25],[21.28,-14.25],[20.61,-13.5],[20.66,-13.0],[20.0,-11.24],[19.57,-11.25],[19.3,-12.0],[18.75,-12.11],[18.25,-12.79],[17.75,-13.04],[17.0,-12.86],[17.09,-11.5],[16.5,-11.06],[16.1,-10.25],[16.59,-9.25],[15.25,-6.0],[15.0,-5.66],[14.75,-6.01],[13.97,-5.5],[13.88,-5.0],[14.25,-4.5],[13.63,-4.25],[14.5,-3.66],[15.26,-3.75],[14.72,-2.5],[14.0,-1.68],[13.25,-1.37],[12.95,-0.75],[14.0,-0.25],[14.38,0.5],[14.0,1.15],[14.25,1.31],[14.5,1.08],[14.74,2.0],[15.59,2.5],[15.51,3.0],[15.83,3.25],[15.33,4.0],[15.4,4.25],[16.0,4.7],[16.5,4.54],[16.89,6.0],[16.0,7.38],[15.29,7.75],[15.36,8.5],[15.0,8.59],[14.88,8.25],[13.75,8.07],[13.25,8.68],[12.9,8.5],[12.97,8.25],[12.5,8.24],[12.78,8.75],[12.5,8.91],[12.25,8.64],[11.5,9.23],[11.37,8.25],[11.6,7.75],[10.75,7.86],[10.38,7.5],[10.46,7.25],[9.2,7.0],[7.53,8.0],[7.64,8.25],[8.23,8.25],[8.5,7.93],[8.69,8.0],[8.25,8.51],[9.0,8.63],[9.5,8.35],[10.75,8.38],[10.86,8.5],[10.39,8.75],[10.77,9.0],[10.5,9.56],[10.75,9.7],[11.5,9.26],[11.78,9.75],[11.23,10.25],[11.25,11.15],[10.25,11.02],[9.5,11.37],[9.0,11.34],[8.66,11.75],[8.89,12.0],[8.75,12.07],[8.5,11.92],[8.25,12.13],[6.25,12.34],[5.28,11.75],[4.94,11.0],[4.91,9.75],[5.5,9.51],[6.0,9.77],[6.0,9.34],[5.68,9.0],[4.5,9.2],[3.75,10.65],[3.5,10.76],[3.0,10.51],[2.0,11.12],[1.5,10.95],[1.03,10.5],[1.0,10.17],[0.25,9.64],[0.0,9.87],[-1.0,9.57],[-1.51,10.25],[-1.53,10.75],[-1.21,11.25],[-1.67,12.25],[-1.61,12.75],[-1.88,13.0],[-1.7,13.5],[-2.0,13.36],[-2.5,13.68],[-3.25,13.66],[-3.31,14.0],[-2.81,14.5],[-1.75,14.9],[-0.5,16.32],[-0.25,17.07],[0.5,17.45],[1.45,17.5],[3.25,18.11],[4.25,18.94],[4.75,18.97],[6.0,18.29],[7.0,18.43],[7.75,18.08],[8.5,16.57],[9.25,16.15],[10.75,17.29],[12.75,17.63],[13.75,18.26],[14.25,18.07],[15.0,18.56],[15.79,19.5],[17.25,19.65],[18.22,19.5],[18.15,19.25],[18.75,19.08],[19.5,18.41],[21.75,18.68],[23.0,18.36],[23.2,18.25],[23.1,18.0],[22.0,17.5],[22.02,17.25],[23.0,16.61],[25.0,17.82],[26.0,17.9],[26.5,17.69],[27.0,18.0],[27.71,18.0],[30.5,20.56],[32.25,20.37],[33.0,20.68],[33.5,21.29],[35.5,19.66],[36.5,18.22],[37.0,17.84],[37.5,18.1],[37.75,17.93],[38.03,17.0],[37.81,16.25],[38.31,15.5],[38.25,15.25],[37.5,14.74],[36.99,14.0],[37.0,13.46],[36.57,13.0],[36.5,12.5],[36.13,12.25],[35.6,11.0],[35.02,10.5],[34.5,10.5],[34.23,9.5],[35.17,7.25],[34.95,6.75],[35.43,6.5],[35.25,5.91],[36.0,6.52],[36.25,6.48],[36.58,5.25],[36.75,5.07],[37.0,5.42],[37.08,5.25],[37.05,4.5],[37.56,4.0],[37.57,3.25],[38.16,2.75],[37.5,2.21],[37.0,2.83],[36.25,0.94],[36.0,0.94],[36.0,1.29],[35.75,1.24],[34.75,2.81],[34.64,1.5],[34.26,1.0],[34.62,0.5],[34.43,0.25],[34.92,-0.25],[34.51,-0.75],[34.56,-1.5],[34.27,-1.75],[34.66,-2.25],[34.52,-3.25],[35.02,-3.75],[34.4,-4.25],[34.5,-5.16],[33.74,-5.75],[33.38,-6.75],[32.29,-7.5],[33.25,-8.5],[33.0,-8.73],[32.25,-8.61],[31.25,-7.39],[31.0,-7.43],[31.34,-8.75],[30.75,-8.76],[29.61,-9.5],[29.39,-10.25],[30.09,-11.0],[29.75,-11.3],[29.0,-10.85],[28.25,-11.63],[27.5,-11.15],[27.18,-11.75],[26.75,-11.84],[26.67,-11.0],[26.25,-10.18],[26.0,-10.11],[25.65,-10.25],[25.57,-10.75],[25.0,-11.18],[24.25,-10.91],[24.31,-11.25],[22.93,-12.75],[23.17,-13.25],[22.91,-13.75],[23.0,-14.71],[22.75,-14.63],[21.5,-15.54]]}},{"type":"Feature","properties":{"level":1012},"geometry":{"type":"LineString","coordinates":[[-72.0,-14.54],[-72.25,-13.97],[-72.54,-14.0],[-72.5,-13.58],[-72.0,-13.46],[-71.15,-14.25],[-72.0,-14.54]]}},{"type":"Feature","properties":{"level":1012},"geometry":{"type":"LineString","coordinates":[[180.0,-11.52],[179.5,-11.15],[178.5,-11.55],[177.75,-10.94],[177.25,-11.07],[176.5,-10.71],[175.75,-10.84],[174.5,-10.52],[174.01,-9.75],[173.69,-9.75],[173.72,-9.0],[173.26,-8.5],[173.25,-8.14],[172.0,-8.21],[171.0,-7.82],[170.25,-7.82],[169.5,-7.1],[168.75,-7.41],[168.0,-7.2],[167.97,-7.75],[167.25,-8.4],[166.44,-8.5],[166.88,-9.0],[166.75,-9.6],[165.75,-9.36],[165.18,-9.75],[164.25,-9.92],[163.25,-9.26],[163.22,-9.0],[162.75,-8.75],[162.87,-8.25],[162.33,-8.0],[162.46,-7.5],[162.09,-7.0],[162.48,-6.5],[161.42,-6.25],[161.36,-6.0],[161.76,-5.5],[161.3,-3.25],[161.79,-2.5],[161.5,-2.61],[160.91,-1.5],[161.35,-1.25],[161.36,-1.0],[160.5,-0.18],[160.0,-0.18],[159.85,0.5],[158.64,2.0],[157.95,5.0],[157.66,5.5],[157.0,5.76],[156.27,7.5],[156.5,7.65],[156.68,7.0],[157.14,6.5],[157.58,6.5],[156.85,7.5],[157.3,8.0],[156.91,9.25],[157.54,9.75],[157.43,11.5],[157.79,11.75],[158.5,13.17],[158.55,14.0],[159.04,14.5],[159.2,15.25],[160.31,15.75],[160.47,16.5],[161.5,16.71],[161.53,16.5],[162.0,16.41],[162.75,17.74],[164.75,18.54],[165.0,18.38],[166.25,18.64],[166.75,19.64],[167.25,19.37],[168.75,20.36],[171.0,20.46],[174.0,21.16],[175.25,21.96],[179.0,23.46],[180.0,24.14]]}},{"type":"Feature","properties":{"level":1012},"geometry":{"type":"LineString","coordinates":[[27.71,-10.5],[28.0,-10.74],[28.11,-10.5],[28.0,-8.93],[27.59,-9.25],[27.71,-10.5]]}},{"type":"Feature","properties":{"level":1012},"geometry":{"type":"LineString","coordinates":[[173.75,-10.64],[173.75,-10.37],[173.9,-10.5],[173.75,-10.64]]}},{"type":"Feature","properties":{"level":1012},"geometry":{"type":"LineString","coordinates":[[167.5,-9.52],[167.2,-9.25],[167.5,-9.12],[167.5,-9.52]]}},{"type":"Feature","properties":{"level":1012},"geometry":{"type":"LineString","coordinates":[[163.29,-9.0],[163.6,-9.0],[163.5,-8.69],[163.19,-8.75],[163.29,-9.0]]}},{"type":"Feature","properties":{"level":1012},"geometry":{"type":"LineString","coordinates":[[29.28,-8.25],[29.5,-8.39],[30.07,-8.0],[30.0,-7.22],[29.51,-7.5],[29.28,-8.25]]}},{"type":"Feature","properties":{"level":1012},"geometry":{"type":"LineString","coordinates":[[165.74,-8.25],[166.04,-8.25],[165.74,-8.25]]}},{"type":"Feature","properties":{"level":1012},"geometry":{"type":"LineString","coordinates":[[165.47,-7.25],[166.75,-7.22],[166.93,-7.0],[166.5,-6.6],[165.5,-6.54],[165.47,-7.25]]}},{"type":"Feature","properties":{"level":1012},"geometry":{"type":"LineString","coordinates":[[-40.0,-7.03],[-40.63,-6.25],[-40.9,-5.0],[-40.5,-4.37],[-40.11,-5.25],[-40.0,-7.03]]}},{"type":"Feature","properties":{"level":1012},"geometry":{"type":"LineString","coordinates":[[161.75,-7.07],[161.75,-6.65],[161.95,-7.0],[161.75,-7.07]]}},{"type":"Feature","properties":{"level":1012},"geometry":{"type":"LineString","coordinates":[[28.61,-4.25],[28.75,-4.41],[29.16,-3.5],[29.0,-2.64],[29.4,-3.0],[29.45,-3.75],[29.75,-4.12],[29.98,-3.25],[30.28,-3.0],[30.33,-2.75],[30.0,-2.63],[29.86,-2.25],[30.33,-2.0],[30.22,-1.25],[30.5,-0.75],[30.25,-0.35],[29.5,-0.91],[29.31,-0.75],[29.5,-0.13],[30.22,0.25],[30.31,0.5],[30.0,0.71],[29.57,0.5],[29.5,0.11],[29.25,0.37],[29.02,0.25],[28.3,-0.75],[27.92,-1.75],[28.32,-3.0],[28.1,-3.75],[28.61,-4.25]]}},{"type":"Feature","properties":{"level":1012},"geometry":{"type":"LineString","coordinates":[[-41.5,-1.86],[-41.5,-1.63],[-41.5,-1.86]]}},{"type":"Feature","properties":{"level":1012},"geometry":{"type":"LineString","coordinates":[[-44.75,-0.79],[-44.5,-0.49],[-43.52,-0.5],[-44.25,-0.85],[-44.75,-0.79]]}},{"type":"Feature","properties":{"level":1012},"geometry":{"type":"LineString","coordinates":[[-43.25,-0.77],[-42.99,-0.75],[-43.25,-0.77]]}},{"type":"Feature","properties":{"level":1012},"geometry":{"type":"LineString","coordinates":[[66.25,-0.08],[66.01,0.25],[66.5,0.35],[66.25,-0.08]]}},{"type":"Feature","properties":{"level":1012},"geometry":{"type":"LineString","coordinates":[[31.08,0.25],[31.75,0.14],[32.18,0.75],[31.75,1.08],[31.25,0.96],[31.0,1.27],[30.62,0.75],[31.08,0.25]]}},{"type":"Feature","properties":{"level":1012},"geometry":{"type":"LineString","coordinates":[[30.09,1.75],[30.5,1.66],[30.98,2.0],[31.1,2.25],[30.75,2.74],[29.51,2.25],[30.09,1.75]]}},{"type":"Feature","properties":{"level":1012},"geometry":{"type":"LineString","coordinates":[[-64.15,2.5],[-63.45,2.5],[-64.0,3.38],[-64.31,3.5],[-64.11,4.5],[-64.5,5.02],[-64.75,4.47],[-65.64,4.5],[-65.54,4.0],[-65.84,3.5],[-65.5,3.42],[-65.25,3.83],[-64.99,3.75],[-64.75,3.25],[-64.42,3.25],[-64.15,2.5]]}},{"type":"Feature","properties":{"level":1012},"geometry":{"type":"LineString","coordinates":[[42.0,4.2],[41.69,4.5],[42.0,5.27],[42.31,4.5],[42.25,4.22],[42.0,4.2]]}},{"type":"Feature","properties":{"level":1012},"geometry":{"type":"LineString","coordinates":[[-67.11,4.5],[-66.62,4.75],[-66.72,5.25],[-65.75,5.96],[-65.25,5.12],[-65.07,5.25],[-65.25,6.58],[-65.75,6.03],[-66.45,6.25],[-66.17,6.5],[-66.25,6.85],[-66.41,6.75],[-67.16,5.75],[-67.13,5.25],[-67.4,5.0],[-67.11,4.5]]}},{"type":"Feature","properties":{"level":1012},"geometry":{"type":"LineString","coordinates":[[-61.54,4.75],[-59.5,4.62],[-59.29,5.0],[-60.75,6.69],[-61.25,6.17],[-62.25,5.97],[-62.22,6.25],[-62.5,6.24],[-62.71,6.0],[-62.25,5.08],[-61.34,5.0],[-61.54,4.75]]}},{"type":"Feature","properties":{"level":1012},"geometry":{"type":"LineString","coordinates":[[-53.33,5.0],[-52.78,5.0],[-53.0,5.16],[-53.33,5.0]]}},{"type":"Feature","properties":{"level":1012},"geometry":{"type":"LineString","coordinates":[[44.25,5.16],[43.75,5.62],[42.83,5.75],[41.87,6.5],[42.23,7.25],[42.25,6.65],[42.75,6.38],[43.25,6.52],[43.75,6.34],[43.84,6.0],[44.68,5.25],[44.25,5.16]]}},{"type":"Feature","properties":{"level":1012},"geometry":{"type":"LineString","coordinates":[[128.0,6.74],[128.0,7.02],[127.04,7.0],[127.25,7.5],[127.0,7.69],[126.75,7.52],[126.39,8.75],[125.75,9.6],[125.27,9.5],[125.14,9.0],[124.75,9.44],[124.37,9.5],[124.63,9.75],[123.91,10.25],[124.11,10.5],[124.0,10.83],[123.5,10.19],[123.49,10.75],[123.25,10.97],[122.25,10.43],[123.11,11.25],[122.0,11.89],[121.75,11.35],[120.75,10.95],[119.25,11.46],[118.99,12.25],[118.75,12.31],[118.25,11.9],[118.25,12.7],[117.6,12.5],[117.36,12.0],[116.75,11.62],[116.25,11.9],[116.0,11.63],[115.25,12.23],[115.31,13.0],[115.03,13.75],[115.24,14.25],[114.78,15.75],[115.0,16.31],[115.5,16.0],[115.82,16.25],[115.74,17.0],[116.49,18.0],[116.5,18.39],[116.75,18.23],[117.75,18.47],[118.75,19.53],[119.63,19.75],[119.56,20.25],[121.0,21.12],[121.5,21.15],[122.25,21.74],[122.5,21.62],[123.75,22.14],[125.0,23.18],[126.04,24.5],[127.19,24.75],[129.0,25.8],[130.0,25.94],[130.63,26.5],[130.75,27.25],[131.92,28.5],[133.5,30.05],[134.25,30.27],[139.75,30.49],[146.5,31.4],[149.25,30.95],[153.29,28.75],[155.5,26.87],[156.35,25.75],[157.27,24.25],[157.84,22.5],[157.66,20.75],[157.17,19.5],[157.63,17.0],[156.87,15.75],[157.26,14.5],[156.75,14.46],[156.5,13.71],[155.75,13.75],[155.42,13.0],[155.47,12.5],[155.0,11.99],[154.39,11.75],[154.3,11.5],[154.75,11.0],[154.75,10.68],[154.25,10.6],[153.75,11.13],[153.46,10.75],[153.48,10.0],[152.25,9.55],[151.5,8.93],[149.75,8.77],[149.0,8.35],[148.5,8.4],[147.0,7.9],[144.0,8.11],[143.25,7.66],[141.0,8.51],[140.75,7.85],[140.25,7.83],[140.0,8.5],[139.0,7.83],[138.25,8.06],[137.5,7.57],[137.0,7.75],[136.0,7.35],[135.5,7.6],[135.25,7.2],[134.75,7.28],[134.5,6.99],[132.75,7.16],[132.25,6.96],[131.75,7.14],[131.5,6.92],[131.22,7.0],[131.0,7.58],[130.5,7.46],[130.0,7.69],[129.5,7.02],[129.0,6.87],[128.5,7.11],[128.0,6.74]]}},{"type":"Feature","properties":{"level":1012},"geometry":{"type":"LineString","coordinates":[[8.0,7.21],[8.0,7.36],[8.0,7.21]]}},{"type":"Feature","properties":{"level":1012},"geometry":{"type":"LineString","coordinates":[[126.75,7.19],[126.75,7.45],[126.75,7.19]]}},{"type":"Feature","properties":{"level":1012},"geometry":{"type":"LineString","coordinates":[[-74.56,7.5],[-74.5,7.34],[-74.19,7.5],[-74.25,8.38],[-74.56,7.5]]}},{"type":"Feature","properties":{"level":1012},"geometry":{"type":"LineString","coordinates":[[22.37,7.5],[22.5,7.29],[22.76,7.75],[23.48,8.0],[23.53,8.5],[23.25,8.94],[22.43,8.5],[22.37,7.5]]}},{"type":"Feature","properties":{"level":1012},"geometry":{"type":"LineString","coordinates":[[-80.33,8.5],[-80.09,8.5],[-80.33,8.5]]}},{"type":"Feature","properties":{"level":1012},"geometry":{"type":"LineString","coordinates":[[123.75,9.42],[123.75,10.07],[123.75,9.42]]}},{"type":"Feature","properties":{"level":1012},"geometry":{"type":"LineString","coordinates":[[12.19,10.0],[12.57,10.0],[12.0,10.77],[11.77,10.25],[12.19,10.0]]}},{"type":"Feature","properties":{"level":1012},"geometry":{"type":"LineString","coordinates":[[125.1,10.0],[125.25,9.88],[125.51,10.25],[125.25,10.28],[124.5,11.59],[124.65,10.25],[124.75,10.02],[125.1,10.0]]}},{"type":"Feature","properties":{"level":1012},"geometry":{"type":"LineString","coordinates":[[-0.31,10.5],[-0.1,10.5],[-0.31,10.5]]}},{"type":"Feature","properties":{"level":1012},"geometry":{"type":"LineString","coordinates":[[72.5,10.35],[72.25,10.77],[72.53,10.75],[72.66,11.0],[71.57,11.5],[70.96,12.25],[70.78,13.0],[70.3,13.25],[69.57,16.25],[69.19,16.5],[69.5,17.3],[71.5,18.54],[71.75,18.55],[72.0,18.19],[72.5,18.51],[73.0,18.11],[73.85,15.25],[74.71,13.5],[74.6,12.25],[74.75,11.79],[75.02,11.75],[74.75,11.72],[74.18,11.0],[73.75,10.96],[73.5,10.39],[72.5,10.35]]}},{"type":"Feature","properties":{"level":1012},"geometry":{"type":"LineString","coordinates":[[-73.0,10.7],[-73.0,10.98],[-73.0,10.7]]}},{"type":"Feature","properties":{"level":1012},"geometry":{"type":"LineString","coordinates":[[100.25,10.74],[100.31,11.0],[99.75,11.08],[99.86,12.75],[99.38,14.0],[99.65,15.25],[99.26,17.0],[99.75,17.8],[100.0,17.62],[100.28,17.75],[100.58,16.5],[101.32,15.5],[101.02,14.5],[101.46,13.75],[101.01,13.0],[101.6,12.5],[101.56,11.75],[101.21,11.25],[101.35,11.0],[101.0,10.54],[100.75,10.77],[100.25,10.74]]}},{"type":"Feature","properties":{"level":1012},"geometry":{"type":"LineString","coordinates":[[40.75,10.97],[40.82,11.75],[40.46,12.5],[40.62,12.75],[40.17,13.75],[39.97,15.0],[39.2,15.75],[38.83,17.25],[38.42,18.0],[38.0,18.25],[37.39,19.75],[37.48,20.25],[36.91,21.75],[37.11,22.5],[36.51,23.5],[36.75,25.2],[39.03,24.0],[39.52,23.25],[39.84,21.0],[41.0,20.07],[41.67,19.0],[41.64,18.25],[43.0,16.91],[43.5,13.12],[43.25,12.77],[42.75,12.77],[41.0,14.5],[40.92,14.0],[41.5,13.2],[41.94,13.0],[42.32,12.25],[41.72,12.25],[41.5,11.33],[41.25,11.56],[40.75,10.97]]}},{"type":"Feature","properties":{"level":1012},"geometry":{"type":"LineString","coordinates":[[125.18,11.25],[125.34,11.25],[125.25,11.79],[125.18,11.25]]}},{"type":"Feature","properties":{"level":1012},"geometry":{"type":"LineString","coordinates":[[120.41,11.5],[120.58,11.5],[120.41,11.5]]}},{"type":"Feature","properties":{"level":1012},"geometry":{"type":"LineString","coordinates":[[119.98,11.75],[120.41,12.0],[120.25,12.12],[119.98,11.75]]}},{"type":"Feature","properties":{"level":1012},"geometry":{"type":"LineString","coordinates":[[124.91,12.0],[125.08,12.0],[124.91,12.0]]}},{"type":"Feature","properties":{"level":1012},"geometry":{"type":"LineString","coordinates":[[117.05,12.5],[117.34,12.5],[117.05,12.5]]}},{"type":"Feature","properties":{"level":1012},"geometry":{"type":"LineString","coordinates":[[121.03,12.5],[121.25,12.3],[121.44,12.5],[121.47,13.0],[121.0,13.5],[120.5,13.55],[121.03,12.5]]}},{"type":"Feature","properties":{"level":1012},"geometry":{"type":"LineString","coordinates":[[5.37,13.25],[6.12,13.25],[5.98,13.75],[6.23,14.25],[6.11,14.5],[6.39,14.75],[6.25,15.06],[4.88,14.25],[4.81,13.75],[5.37,13.25]]}},{"type":"Feature","properties":{"level":1012},"geometry":{"type":"LineString","coordinates":[[103.5,13.25],[103.18,13.5],[103.25,14.01],[103.5,14.0],[103.5,13.25]]}},{"type":"Feature","properties":{"level":1012},"geometry":{"type":"LineString","coordinates":[[121.18,13.75],[121.72,14.0],[121.44,15.25],[121.75,16.0],[122.44,16.75],[122.2,17.75],[122.38,18.25],[121.5,18.37],[121.0,18.69],[120.63,18.5],[120.34,16.5],[121.0,15.52],[121.29,14.25],[120.78,14.25],[121.18,13.75]]}},{"type":"Feature","properties":{"level":1012},"geometry":{"type":"LineString","coordinates":[[-88.04,14.0],[-87.75,14.17],[-87.03,14.0],[-87.5,14.51],[-87.75,14.41],[-88.5,14.79],[-89.0,14.84],[-89.26,14.5],[-88.04,14.0]]}},{"type":"Feature","properties":{"level":1012},"geometry":{"type":"LineString","coordinates":[[122.64,14.0],[122.88,14.0],[122.64,14.0]]}},{"type":"Feature","properties":{"level":1012},"geometry":{"type":"LineString","coordinates":[[-91.12,14.5],[-89.93,14.5],[-90.5,14.67],[-90.71,15.25],[-90.51,15.5],[-91.63,16.25],[-92.0,16.93],[-92.75,17.14],[-92.82,16.75],[-91.75,15.82],[-92.63,15.5],[-91.12,14.5]]}},{"type":"Feature","properties":{"level":1012},"geometry":{"type":"LineString","coordinates":[[120.46,14.5],[120.7,15.25],[120.25,15.91],[119.9,15.5],[120.46,14.5]]}},{"type":"Feature","properties":{"level":1012},"geometry":{"type":"LineString","coordinates":[[102.75,14.65],[102.0,14.94],[101.65,15.5],[101.75,15.88],[102.06,16.0],[102.04,17.0],[102.5,18.47],[103.0,18.07],[103.97,18.25],[104.54,17.5],[104.46,17.25],[103.76,17.0],[104.5,15.61],[104.0,14.92],[102.75,14.65]]}},{"type":"Feature","properties":{"level":1012},"geometry":{"type":"LineString","coordinates":[[-12.5,14.85],[-13.86,15.75],[-12.75,15.63],[-12.25,15.81],[-12.11,15.75],[-12.48,15.5],[-12.25,15.07],[-12.0,15.08],[-11.5,16.19],[-11.35,15.5],[-11.75,14.97],[-12.5,14.85]]}},{"type":"Feature","properties":{"level":1012},"geometry":{"type":"LineString","coordinates":[[-14.75,15.98],[-15.14,16.25],[-14.75,16.37],[-14.09,16.0],[-14.75,15.98]]}},{"type":"Feature","properties":{"level":1012},"geometry":{"type":"LineString","coordinates":[[107.5,16.43],[106.94,16.75],[104.95,19.0],[105.58,20.5],[105.09,21.5],[105.25,21.62],[106.25,21.5],[106.75,21.03],[107.5,20.84],[108.0,19.65],[108.5,19.6],[108.36,19.0],[108.64,16.5],[108.5,16.31],[107.5,16.43]]}},{"type":"Feature","properties":{"level":1012},"geometry":{"type":"LineString","coordinates":[[95.5,16.69],[94.93,17.25],[95.5,18.39],[96.33,17.0],[96.0,16.7],[95.5,16.69]]}},{"type":"Feature","properties":{"level":1012},"geometry":{"type":"LineString","coordinates":[[-13.75,17.19],[-14.1,17.75],[-14.0,17.95],[-13.33,17.5],[-13.75,17.19]]}},{"type":"Feature","properties":{"level":1012},"geometry":{"type":"LineString","coordinates":[[95.25,18.48],[95.19,19.5],[94.48,20.25],[94.45,21.5],[94.75,22.9],[95.09,23.0],[95.25,23.5],[95.5,23.59],[96.03,23.25],[96.27,21.5],[96.0,20.93],[95.0,20.95],[95.5,20.0],[95.25,18.48]]}},{"type":"Feature","properties":{"level":1012},"geometry":{"type":"LineString","coordinates":[[-13.5,19.1],[-13.73,19.25],[-13.5,19.51],[-13.35,19.25],[-13.5,19.1]]}},{"type":"Feature","properties":{"level":1012},"geometry":{"type":"LineString","coordinates":[[14.75,19.63],[15.25,20.6],[16.0,20.78],[15.75,20.04],[14.75,19.63]]}},{"type":"Feature","properties":{"level":1012},"geometry":{"type":"LineString","coordinates":[[85.75,19.65],[85.52,19.75],[86.4,19.75],[86.25,19.55],[85.75,19.65]]}},{"type":"Feature","properties":{"level":1012},"geometry":{"type":"LineString","coordinates":[[86.75,19.95],[86.22,21.0],[86.71,21.75],[86.81,23.0],[86.32,23.75],[86.65,24.25],[86.0,24.76],[82.25,24.78],[80.75,25.0],[79.75,24.74],[78.0,25.27],[77.5,25.84],[77.0,25.85],[75.75,25.16],[75.25,25.62],[74.7,25.75],[74.71,26.5],[74.5,26.77],[73.25,25.63],[72.25,25.63],[71.25,24.28],[70.75,24.37],[70.0,23.95],[69.25,23.87],[65.75,24.02],[63.5,24.51],[61.75,24.19],[59.44,25.25],[61.5,26.23],[63.0,26.09],[64.0,25.66],[65.75,26.54],[66.5,26.53],[66.75,26.16],[67.5,29.97],[69.0,30.26],[69.5,29.93],[70.0,30.19],[70.0,31.74],[69.46,32.0],[70.1,32.75],[70.0,33.51],[71.14,33.75],[71.1,34.0],[70.25,34.25],[70.08,34.5],[72.0,34.71],[76.55,32.0],[77.25,30.67],[77.84,30.5],[79.5,29.25],[81.25,28.76],[82.5,27.84],[84.5,27.58],[86.5,26.84],[91.22,26.5],[91.32,26.25],[90.25,25.87],[90.05,25.5],[90.5,25.15],[91.5,24.94],[91.91,24.5],[91.3,23.5],[91.72,22.25],[91.59,21.5],[88.0,20.69],[86.75,19.95]]}},{"type":"Feature","properties":{"level":1012},"geometry":{"type":"LineString","coordinates":[[109.0,19.99],[108.76,20.25],[109.0,20.45],[109.0,19.99]]}},{"type":"Feature","properties":{"level":1012},"geometry":{"type":"LineString","coordinates":[[-13.5,20.9],[-13.72,21.0],[-13.5,21.25],[-13.34,21.0],[-13.5,20.9]]}},{"type":"Feature","properties":{"level":1012},"geometry":{"type":"LineString","coordinates":[[-15.0,21.71],[-14.91,22.25],[-15.44,22.5],[-15.21,22.75],[-15.25,23.31],[-13.5,23.27],[-12.5,24.55],[-11.59,24.5],[-11.31,23.75],[-11.75,23.3],[-12.3,23.25],[-13.25,21.73],[-13.5,21.53],[-15.0,21.71]]}},{"type":"Feature","properties":{"level":1012},"geometry":{"type":"LineString","coordinates":[[-180.0,24.14],[-175.5,26.75],[-173.25,27.03],[-171.92,26.75],[-170.25,25.98],[-168.96,25.0],[-166.75,21.87],[-163.75,19.3],[-163.5,18.65],[-161.0,17.35],[-158.75,16.95],[-154.75,17.75],[-153.5,17.57],[-152.0,17.81],[-147.5,18.87],[-144.5,18.8],[-141.75,19.84],[-139.0,20.44],[-137.75,21.01],[-136.75,21.08],[-135.25,21.59],[-134.5,21.44],[-133.25,22.25],[-130.08,26.0],[-129.82,28.25],[-129.45,29.0],[-129.04,31.5],[-127.75,33.61],[-127.01,34.25],[-126.54,36.75],[-125.78,38.0],[-125.05,40.0],[-124.13,40.75],[-124.28,42.75],[-123.98,42.75],[-123.25,43.45],[-123.0,43.05],[-122.5,42.85],[-122.62,42.25],[-122.25,42.13],[-121.25,42.54],[-121.21,42.25],[-120.31,41.5],[-120.45,40.75],[-120.0,40.49],[-119.25,40.72],[-119.0,40.47],[-118.5,40.53],[-118.25,40.23],[-118.0,40.4],[-117.17,40.0],[-118.07,39.5],[-117.86,39.0],[-118.12,38.5],[-117.75,38.26],[-117.5,38.42],[-117.24,38.0],[-117.5,37.65],[-118.0,37.82],[-118.75,38.66],[-119.38,38.75],[-119.5,39.21],[-119.75,38.82],[-119.91,39.5],[-120.5,39.75],[-120.25,40.06],[-121.13,40.0],[-120.59,40.75],[-120.75,41.28],[-121.25,40.81],[-121.78,40.75],[-121.57,40.0],[-120.87,39.5],[-120.42,38.5],[-118.97,36.75],[-118.25,35.39],[-117.73,36.25],[-118.03,36.75],[-117.75,37.35],[-117.25,37.22],[-117.0,37.49],[-116.25,36.94],[-116.0,37.15],[-115.75,36.97],[-114.0,37.22],[-113.34,37.0],[-113.93,36.75],[-113.83,35.75],[-113.5,35.91],[-113.35,35.75],[-113.52,35.25],[-112.53,34.25],[-112.25,34.26],[-112.0,34.72],[-111.75,34.56],[-111.01,33.25],[-110.57,33.0],[-110.5,32.73],[-110.88,32.5],[-110.52,32.0],[-110.86,31.75],[-110.74,31.25],[-110.5,30.87],[-109.75,30.54],[-109.25,30.89],[-108.96,30.5],[-108.48,29.0],[-109.0,28.67],[-109.06,28.25],[-108.5,28.24],[-108.31,28.0],[-108.2,27.25],[-107.66,27.0],[-107.5,26.75],[-107.67,26.5],[-107.25,26.33],[-107.04,25.5],[-106.5,25.28],[-105.5,23.5],[-104.5,22.85],[-104.0,23.21],[-103.5,22.96],[-103.0,23.39],[-102.25,23.5],[-101.9,23.75],[-102.0,24.27],[-101.0,24.13],[-100.75,23.45],[-100.64,23.75],[-100.41,23.75],[-100.17,23.0],[-101.0,22.55],[-101.25,22.72],[-101.67,22.25],[-101.36,22.0],[-101.42,21.25],[-100.75,21.25],[-99.57,20.5],[-100.25,19.86],[-100.81,19.75],[-100.75,19.56],[-99.75,18.83],[-99.11,19.0],[-99.06,19.25],[-99.36,19.5],[-99.25,19.99],[-99.0,19.94],[-98.94,19.0],[-98.5,18.96],[-98.25,19.31],[-97.15,18.25],[-97.75,17.44],[-98.75,17.21],[-97.5,16.9],[-97.25,17.16],[-97.12,17.0],[-97.35,16.75],[-97.0,16.58],[-96.75,17.1],[-96.25,16.83],[-95.79,17.0],[-96.81,18.5],[-96.67,19.75],[-97.72,20.25],[-99.11,21.75],[-99.02,22.25],[-99.34,22.75],[-99.06,23.5],[-99.28,24.25],[-98.75,24.47],[-98.64,24.75],[-99.28,25.0],[-99.02,26.5],[-97.5,28.31],[-93.75,29.92],[-93.0,29.96],[-92.4,29.75],[-91.57,28.75],[-91.0,28.48],[-90.03,27.5],[-89.78,26.5],[-89.11,25.75],[-88.88,25.0],[-87.25,22.61],[-85.75,22.36],[-84.7,21.25],[-84.0,21.02],[-81.75,19.06],[-79.5,18.03],[-78.0,18.04],[-77.5,17.57],[-76.82,17.75],[-76.59,17.25],[-75.68,16.75],[-72.0,15.64],[-69.0,15.33],[-68.5,15.67],[-68.11,15.0],[-68.29,14.0],[-67.3,12.5],[-66.5,12.46],[-66.0,12.02],[-65.25,12.07],[-64.18,11.0],[-63.51,10.75],[-64.25,10.45],[-64.46,10.0],[-64.0,9.77],[-62.87,10.0],[-61.85,9.25],[-61.45,8.75],[-62.33,8.25],[-61.5,7.59],[-61.0,7.59],[-60.0,7.02],[-59.25,7.08],[-59.25,8.28],[-58.25,8.03],[-55.0,7.91],[-54.5,7.36],[-53.6,7.0],[-51.89,7.0],[-51.25,6.12],[-50.63,4.5],[-50.58,3.5],[-49.75,1.73],[-49.25,1.35],[-46.5,0.39],[-45.06,-1.0],[-44.83,-1.5],[-45.25,-1.96],[-45.18,-2.25],[-44.0,-3.2],[-43.0,-2.96],[-42.5,-3.26],[-42.0,-2.77],[-41.58,-3.0],[-41.11,-4.25],[-41.55,-4.5],[-41.11,-4.75],[-41.06,-6.0],[-40.75,-6.74],[-40.36,-7.0],[-40.75,-7.56],[-40.5,-7.9],[-40.25,-7.7],[-39.48,-7.75],[-39.11,-8.25],[-39.61,-9.0],[-40.5,-9.64],[-42.0,-10.0],[-41.75,-10.17],[-41.75,-10.53],[-42.63,-11.0],[-43.1,-12.25],[-43.0,-14.1],[-43.25,-14.22],[-43.61,-14.0],[-44.11,-12.75],[-43.95,-12.25],[-44.43,-12.25],[-44.75,-12.56],[-45.25,-11.41],[-46.25,-10.91],[-46.74,-11.25],[-46.86,-11.75],[-46.5,-12.27],[-46.5,-12.85],[-46.75,-12.66],[-47.0,-12.81],[-47.0,-13.31],[-48.0,-13.22],[-48.65,-13.75],[-48.6,-14.25],[-49.0,-14.75],[-49.5,-14.74],[-50.0,-15.16],[-50.2,-16.25],[-51.15,-17.25],[-50.89,-17.5],[-51.06,-18.0],[-50.75,-18.29],[-50.35,-18.25],[-50.7,-17.5],[-50.5,-17.35],[-50.0,-17.7],[-49.67,-18.5],[-49.74,-19.0],[-48.9,-20.0],[-49.24,-20.25],[-48.86,-20.75],[-49.77,-22.25],[-49.83,-23.0],[-50.83,-23.75],[-50.68,-24.25],[-50.84,-25.25],[-51.54,-25.0],[-51.53,-25.5],[-52.0,-26.25],[-51.27,-27.0],[-51.27,-27.75],[-50.73,-28.5],[-50.25,-28.75],[-49.25,-28.28],[-48.95,-28.5],[-48.64,-29.25],[-48.59,-30.25],[-49.06,-32.0],[-50.75,-33.93],[-51.57,-36.75],[-52.5,-36.79],[-52.75,-37.03],[-53.0,-36.74],[-53.5,-36.9],[-54.0,-36.23],[-54.5,-36.63],[-55.5,-36.5],[-55.8,-36.25],[-55.36,-35.75],[-55.75,-35.08],[-56.54,-36.0],[-57.0,-35.69],[-57.16,-34.75],[-57.68,-34.0],[-59.25,-33.59],[-60.22,-33.75],[-60.0,-34.25],[-60.2,-34.75],[-59.07,-35.0],[-59.09,-35.5],[-56.4,-37.0],[-55.75,-37.62],[-55.42,-38.75],[-52.92,-41.5],[-52.12,-42.75],[-52.22,-45.5],[-53.72,-48.75],[-55.46,-50.75],[-61.68,-55.75],[-64.18,-58.5],[-67.75,-59.75],[-77.0,-61.25],[-78.64,-61.75],[-79.88,-62.5],[-80.77,-63.5],[-80.56,-65.0],[-79.81,-65.75],[-77.75,-66.79],[-75.25,-67.05],[-73.0,-66.8],[-70.83,-65.5],[-67.6,-63.0],[-64.75,-61.86],[-60.5,-60.91],[-50.75,-59.24],[-46.75,-58.01],[-44.5,-57.06],[-41.5,-56.28],[-38.25,-54.9],[-36.25,-54.82],[-36.5,-54.4],[-37.65,-54.0],[-37.45,-53.25],[-34.34,-50.75],[-33.46,-48.25],[-32.75,-47.5],[-32.25,-46.45],[-29.76,-43.5],[-26.94,-41.25],[-25.0,-40.09],[-20.0,-38.04],[-17.5,-37.62],[-10.75,-37.1],[-3.75,-37.25],[-3.25,-37.44],[-2.0,-37.27],[-1.25,-37.5],[-0.5,-37.36],[1.5,-37.87],[4.5,-39.13],[8.75,-42.19],[11.75,-44.77],[18.56,-51.5],[21.25,-54.83],[23.0,-56.12],[24.29,-56.75],[26.0,-56.98],[29.75,-56.65],[33.3,-55.75],[36.41,-54.75],[42.75,-52.07],[48.75,-50.53],[50.36,-49.75],[53.25,-49.8],[56.25,-50.26],[57.5,-50.68],[64.25,-51.39],[67.5,-51.28],[71.48,-50.5],[75.75,-49.09],[84.28,-45.75],[87.26,-44.25],[90.5,-43.16],[97.5,-41.13],[101.5,-40.49],[105.25,-40.29],[114.25,-40.73],[116.5,-41.06],[122.0,-42.6],[141.75,-52.46],[148.5,-55.36],[152.25,-56.44],[158.75,-57.14],[164.25,-56.85],[180.0,-53.12]]}},{"type":"Feature","properties":{"level":1012},"geometry":{"type":"LineString","coordinates":[[56.5,24.66],[56.5,25.0],[56.68,24.75],[56.5,24.66]]}},{"type":"Feature","properties":{"level":1012},"geometry":{"type":"LineString","coordinates":[[62.75,27.72],[62.06,28.5],[62.23,28.75],[63.5,29.0],[64.14,28.75],[64.03,28.5],[64.25,28.44],[65.5,28.73],[65.5,28.25],[64.82,27.75],[63.5,27.52],[62.75,27.72]]}},{"type":"Feature","properties":{"level":1012},"geometry":{"type":"LineString","coordinates":[[59.25,28.47],[58.75,28.75],[57.2,31.25],[57.5,31.8],[58.5,31.83],[59.31,30.5],[59.75,29.56],[59.79,28.75],[59.25,28.47]]}},{"type":"Feature","properties":{"level":1012},"geometry":{"type":"LineString","coordinates":[[61.75,29.33],[60.85,30.25],[60.7,31.0],[60.98,32.25],[60.77,32.75],[61.0,32.81],[61.25,32.43],[62.25,32.62],[62.5,32.35],[64.0,32.08],[65.0,32.14],[65.05,31.75],[65.51,31.5],[64.75,31.53],[64.0,30.41],[63.5,30.58],[62.39,29.5],[61.75,29.33]]}},{"type":"Feature","properties":{"level":1012},"geometry":{"type":"LineString","coordinates":[[-115.58,36.0],[-114.99,36.5],[-115.0,36.83],[-115.25,36.93],[-115.46,36.5],[-115.89,36.5],[-115.92,36.25],[-115.58,36.0]]}},{"type":"Feature","properties":{"level":1012},"geometry":{"type":"LineString","coordinates":[[121.5,40.66],[121.26,40.75],[121.5,40.91],[121.92,40.75],[121.5,40.66]]}},{"type":"Feature","properties":{"level":1012},"geometry":{"type":"LineString","coordinates":[[72.25,43.98],[72.14,44.25],[72.5,44.43],[72.6,44.25],[72.25,43.98]]}},{"type":"Feature","properties":{"level":1012},"geometry":{"type":"LineString","coordinates":[[71.5,44.5],[71.5,44.89],[72.0,45.23],[72.19,44.75],[71.5,44.5]]}},{"type":"Feature","properties":{"level":1012},"geometry":{"type":"LineString","coordinates":[[180.0,44.89],[171.75,44.86],[166.75,45.4],[164.5,45.93],[156.25,49.1],[151.75,50.48],[143.25,52.18],[141.25,52.92],[140.5,53.53],[138.25,54.32],[137.5,55.0],[136.57,55.25],[136.39,55.75],[136.71,56.25],[136.19,56.75],[136.53,56.75],[136.25,57.46],[134.75,57.37],[134.5,57.17],[134.0,57.59],[133.75,57.45],[131.78,57.75],[131.82,58.0],[131.25,58.28],[128.75,58.42],[124.0,58.37],[122.5,57.99],[121.75,58.21],[121.25,57.88],[120.0,58.15],[118.0,58.13],[117.5,57.91],[114.75,58.74],[108.75,58.97],[106.04,59.5],[105.16,60.0],[104.86,60.5],[105.75,61.02],[106.2,62.25],[103.5,65.33],[102.75,65.59],[102.37,66.0],[101.25,66.05],[99.5,66.82],[95.75,67.64],[95.41,68.0],[96.19,68.25],[96.27,68.5],[95.75,69.04],[94.25,69.29],[92.75,69.27],[92.25,69.04],[90.0,69.23],[88.5,68.83],[82.75,69.07],[69.25,71.07],[55.5,72.28],[54.94,72.75],[55.74,73.5],[55.8,74.0],[55.5,74.16],[48.0,74.5],[45.5,74.24],[41.25,73.18],[40.01,72.5],[39.88,71.75],[38.42,70.5],[36.42,69.25],[31.5,68.0],[30.57,67.5],[23.0,65.1],[21.25,65.06],[16.75,66.65],[16.57,66.75],[17.83,67.5],[17.75,67.73],[16.5,67.74],[16.25,68.04],[12.0,67.19],[7.75,65.92],[-6.5,59.96],[-11.0,58.42],[-14.5,57.57],[-20.76,56.5],[-25.5,55.26],[-39.5,49.62],[-43.5,48.7],[-45.0,48.64],[-45.79,48.75],[-47.5,49.56],[-50.25,52.07],[-53.0,53.36],[-61.75,54.57],[-67.25,56.11],[-73.75,57.49],[-82.0,58.87],[-85.0,59.73],[-88.75,61.34],[-93.21,64.25],[-95.93,66.5],[-98.25,67.92],[-101.66,71.25],[-103.11,73.5],[-103.66,75.0],[-103.67,76.0],[-103.34,76.25],[-103.75,77.25],[-103.72,78.25],[-102.29,79.75],[-98.25,81.9],[-95.0,83.18],[-79.5,86.54],[-70.0,87.69],[-58.0,88.46],[-39.25,88.95],[-9.75,89.21],[26.5,89.17],[54.25,88.8],[71.0,88.12],[79.75,87.39],[86.23,86.25],[90.92,85.0],[95.0,84.72],[128.0,85.34],[139.0,85.03],[147.5,83.99],[153.75,83.64],[157.0,83.23],[171.5,77.74],[175.54,76.5],[180.0,75.45]]}},{"type":"Feature","properties":{"level":1012},"geometry":{"type":"LineString","coordinates":[[70.0,45.34],[69.75,45.89],[70.12,45.75],[70.0,45.34]]}},{"type":"Feature","properties":{"level":1012},"geometry":{"type":"LineString","coordinates":[[72.5,45.92],[73.0,46.27],[73.26,46.0],[73.0,45.81],[72.5,45.92]]}},{"type":"Feature","properties":{"level":1012},"geometry":{"type":"LineString","coordinates":[[69.75,46.5],[69.25,47.19],[68.75,47.02],[67.0,48.11],[64.94,48.5],[63.98,49.5],[62.0,50.92],[61.0,51.32],[60.0,51.32],[56.25,49.59],[54.25,49.83],[51.25,51.67],[50.69,52.25],[50.44,53.25],[50.85,55.0],[51.82,56.25],[53.11,57.25],[56.11,58.75],[57.5,59.12],[64.25,59.55],[68.95,58.75],[72.47,56.25],[72.82,55.5],[74.0,54.52],[76.82,53.75],[77.22,53.0],[77.0,52.78],[75.75,52.73],[75.52,52.75],[75.69,53.0],[75.37,53.0],[75.11,50.5],[72.75,48.59],[72.72,48.25],[72.97,48.0],[72.5,47.86],[71.75,48.05],[70.98,47.5],[70.9,47.0],[70.23,46.75],[70.0,46.29],[69.75,46.5]]}},{"type":"Feature","properties":{"level":1012},"geometry":{"type":"LineString","coordinates":[[71.5,46.46],[71.21,46.75],[71.5,47.0],[72.2,47.0],[72.25,46.75],[71.5,46.46]]}},{"type":"Feature","properties":{"level":1012},"geometry":{"type":"LineString","coordinates":[[135.76,58.5],[136.74,58.5],[136.58,59.0],[136.88,59.75],[136.75,60.06],[136.25,60.28],[134.99,59.5],[134.95,59.25],[135.76,58.5]]}},{"type":"Feature","properties":{"level":1012},"geometry":{"type":"LineString","coordinates":[[-46.12,62.25],[-44.73,62.5],[-44.73,63.0],[-44.04,64.0],[-44.75,64.86],[-45.5,64.85],[-45.83,64.25],[-45.67,63.75],[-46.79,63.25],[-46.65,62.75],[-46.12,62.25]]}},{"type":"Feature","properties":{"level":1012},"geometry":{"type":"LineString","coordinates":[[-41.54,68.0],[-40.0,68.68],[-38.5,68.48],[-38.0,68.97],[-37.25,69.02],[-36.82,69.5],[-36.0,69.86],[-32.24,70.5],[-31.64,71.25],[-32.38,72.0],[-32.37,72.75],[-30.02,74.75],[-30.9,75.25],[-31.0,75.63],[-31.75,76.19],[-32.5,76.21],[-34.5,75.63],[-36.5,75.84],[-38.63,76.25],[-38.97,76.5],[-37.98,76.75],[-38.66,77.0],[-40.62,77.25],[-40.16,76.75],[-40.34,76.25],[-40.6,76.0],[-42.34,75.75],[-42.75,75.5],[-42.74,75.0],[-40.48,74.0],[-40.53,73.75],[-42.46,72.75],[-42.81,72.0],[-43.4,71.5],[-42.54,70.0],[-42.77,69.75],[-42.67,69.0],[-41.54,68.0]]}},{"type":"Feature","properties":{"level":1012},"geometry":{"type":"LineString","coordinates":[[-156.75,73.99],[-159.08,74.25],[-160.5,74.67],[-161.23,75.0],[-161.54,75.75],[-160.92,76.25],[-159.25,76.78],[-152.25,77.18],[-149.0,76.75],[-146.94,75.5],[-147.29,75.0],[-151.25,74.28],[-156.75,73.99]]}},{"type":"Feature","properties":{"level":1012},"geometry":{"type":"LineString","coordinates":[[-180.0,75.45],[-169.25,73.46],[-160.7,71.25],[-160.9,70.5],[-161.82,69.5],[-163.46,69.0],[-164.75,68.28],[-164.58,67.5],[-163.7,67.0],[-160.0,66.18],[-157.75,65.24],[-155.75,65.52],[-153.75,65.13],[-151.75,65.38],[-149.5,65.16],[-147.5,65.48],[-144.5,64.8],[-144.0,64.07],[-142.94,63.75],[-143.89,63.5],[-142.5,62.5],[-142.5,63.53],[-141.49,63.0],[-141.19,62.5],[-140.5,62.4],[-139.25,62.66],[-138.27,62.5],[-137.92,61.5],[-138.78,61.25],[-138.6,60.5],[-139.25,60.26],[-139.62,60.75],[-139.98,60.75],[-140.25,60.5],[-139.59,60.25],[-140.09,60.0],[-138.0,59.03],[-137.5,58.57],[-137.5,58.0],[-136.5,57.15],[-135.2,55.25],[-135.1,54.25],[-135.47,52.75],[-136.37,51.0],[-137.5,49.0],[-138.75,47.39],[-141.75,45.32],[-142.5,45.21],[-143.61,44.0],[-145.0,43.15],[-147.75,43.57],[-151.5,43.77],[-152.75,44.11],[-154.75,44.03],[-157.75,45.13],[-160.5,45.4],[-162.83,45.25],[-167.5,44.05],[-170.0,44.24],[-173.25,44.99],[-180.0,44.89]]}},{"type":"Feature","properties":{"level":1012},"geometry":{"type":"LineString","coordinates":[[-36.28,77.75],[-34.25,77.74],[-33.72,78.0],[-34.25,78.33],[-36.0,78.5],[-37.25,78.26],[-37.46,78.0],[-36.28,77.75]]}},{"type":"Feature","properties":{"level":1016},"geometry":{"type":"LineString","coordinates":[[180.0,-89.74],[60.4,-89.5],[62.08,-89.25],[96.25,-88.56],[102.75,-88.22],[107.75,-87.65],[116.45,-86.0],[121.19,-84.25],[121.02,-83.5],[120.4,-83.25],[120.42,-83.0],[123.97,-82.5],[124.95,-81.75],[127.75,-81.14],[129.5,-80.17],[137.67,-78.25],[138.27,-78.0],[138.61,-77.5],[138.44,-76.75],[137.92,-76.25],[138.31,-75.75],[138.2,-75.5],[138.81,-75.25],[138.75,-74.91],[137.0,-75.01],[133.0,-73.54],[129.5,-73.59],[129.43,-73.0],[127.5,-71.99],[124.25,-72.62],[121.9,-72.5],[119.5,-73.17],[119.17,-73.5],[120.15,-74.0],[120.1,-75.5],[117.75,-75.51],[113.75,-75.08],[105.5,-73.29],[96.98,-73.25],[94.5,-73.51],[90.5,-74.75],[82.75,-76.02],[78.75,-76.95],[74.0,-76.98],[63.75,-78.06],[63.12,-78.0],[62.58,-77.5],[61.25,-77.17],[60.21,-76.5],[53.0,-74.74],[52.29,-74.25],[53.11,-73.5],[52.49,-73.25],[52.5,-72.64],[41.5,-73.55],[36.75,-74.35],[31.75,-74.66],[28.5,-74.7],[13.75,-73.88],[10.0,-74.4],[7.5,-75.41],[6.95,-76.0],[7.5,-76.41],[9.5,-76.99],[22.25,-78.69],[22.18,-79.25],[20.56,-80.5],[20.73,-80.75],[20.24,-81.0],[20.58,-81.25],[19.25,-81.69],[7.0,-82.13],[-0.6,-83.25],[-18.59,-84.75],[-21.69,-85.75],[-24.75,-85.78],[-25.79,-85.5],[-27.75,-85.44],[-48.5,-86.97],[-50.02,-87.25],[-50.32,-87.5],[-49.51,-87.75],[-49.15,-88.0],[-49.16,-88.25],[-52.75,-88.77],[-73.5,-89.51],[-85.75,-89.71],[-180.0,-89.74]]}},{"type":"Feature","properties":{"level":1016},"geometry":{"type":"LineString","coordinates":[[-180.0,-51.68],[-168.0,-48.14],[-163.25,-46.04],[-161.51,-44.75],[-160.51,-43.5],[-159.0,-42.32],[-157.32,-40.5],[-154.08,-38.0],[-153.25,-37.0],[-152.5,-36.68],[-143.75,-34.87],[-139.0,-34.49],[-132.0,-34.52],[-125.75,-34.21],[-122.37,-33.5],[-121.09,-32.75],[-121.38,-32.5],[-120.0,-31.56],[-119.91,-31.25],[-120.27,-29.75],[-121.34,-28.5],[-121.66,-27.75],[-122.25,-27.5],[-122.46,-28.0],[-122.75,-27.81],[-124.48,-25.25],[-125.0,-25.09],[-125.5,-24.44],[-129.75,-22.14],[-132.5,-21.41],[-133.5,-20.89],[-136.75,-20.16],[-140.75,-20.07],[-142.75,-19.51],[-148.25,-19.0],[-149.75,-18.65],[-156.5,-18.8],[-162.75,-18.07],[-165.5,-18.07],[-166.0,-17.87],[-171.0,-18.07],[-171.75,-17.85],[-173.5,-18.18],[-174.75,-18.02],[-175.5,-18.22],[-176.01,-18.5],[-176.05,-19.75],[-176.25,-20.05],[-176.5,-19.76],[-177.0,-19.79],[-178.0,-18.73],[-178.25,-18.64],[-178.75,-19.16],[-179.0,-18.83],[-180.0,-18.4]]}},{"type":"Feature","properties":{"level":1016},"geometry":{"type":"LineString","coordinates":[[151.25,-40.56],[150.0,-39.94],[149.32,-39.25],[149.23,-38.75],[149.72,-38.25],[151.0,-38.24],[151.25,-38.84],[152.25,-39.65],[151.71,-40.5],[151.25,-40.56]]}},{"type":"Feature","properties":{"level":1016},"geometry":{"type":"LineString","coordinates":[[-72.41,-39.0],[-71.75,-38.84],[-70.82,-37.0],[-70.25,-36.79],[-69.79,-35.0],[-69.37,-34.25],[-69.32,-33.0],[-69.79,-32.0],[-69.73,-30.75],[-69.33,-29.75],[-69.27,-28.75],[-68.25,-27.85],[-67.74,-26.75],[-68.01,-26.25],[-67.66,-25.5],[-67.77,-24.5],[-67.36,-24.5],[-67.47,-24.75],[-67.0,-25.43],[-66.18,-24.5],[-66.42,-23.75],[-66.21,-23.0],[-66.67,-22.0],[-66.56,-21.75],[-67.38,-21.5],[-67.24,-21.0],[-67.52,-20.75],[-66.28,-20.5],[-66.37,-20.0],[-66.05,-19.5],[-66.5,-18.9],[-67.0,-19.86],[-68.25,-19.81],[-68.25,-19.6],[-67.76,-19.5],[-68.5,-19.27],[-68.7,-17.75],[-69.5,-16.79],[-69.77,-16.75],[-70.49,-15.75],[-70.58,-15.25],[-71.0,-15.08],[-71.5,-15.34],[-72.5,-14.45],[-74.0,-14.23],[-74.54,-13.25],[-75.75,-12.07],[-76.11,-11.25],[-75.0,-12.2],[-74.75,-11.5],[-75.0,-11.24],[-75.25,-11.4],[-75.42,-11.25],[-76.0,-9.97],[-76.25,-10.78],[-77.34,-9.5],[-77.0,-8.92],[-76.92,-9.5],[-76.5,-10.04],[-76.25,-9.72],[-77.75,-6.74],[-77.2,-8.75],[-77.5,-8.68],[-78.25,-7.68],[-78.5,-7.81],[-78.52,-8.25],[-78.02,-8.75],[-77.89,-9.75],[-76.25,-12.63],[-73.93,-15.5],[-73.5,-15.61],[-73.25,-15.35],[-72.75,-15.91],[-72.5,-15.82],[-71.27,-16.75],[-70.97,-16.75],[-70.75,-17.24],[-70.25,-17.5],[-69.38,-19.5],[-69.08,-22.25],[-68.86,-22.5],[-69.16,-23.25],[-69.05,-23.75],[-69.67,-25.0],[-69.52,-26.0],[-69.88,-28.0],[-70.75,-29.19],[-71.0,-29.22],[-71.56,-28.5],[-71.11,-28.0],[-71.25,-27.5],[-70.72,-27.25],[-71.02,-26.5],[-70.75,-26.23],[-71.63,-25.75],[-73.42,-24.0],[-73.56,-23.5],[-75.0,-21.77],[-76.75,-20.72],[-77.25,-20.73],[-77.5,-20.42],[-78.25,-20.5],[-79.0,-19.97],[-79.58,-20.0],[-79.89,-19.75],[-80.0,-19.23],[-80.5,-19.5],[-82.25,-18.36],[-84.25,-18.08],[-84.75,-17.65],[-86.25,-17.05],[-89.75,-16.79],[-93.0,-17.0],[-95.25,-16.74],[-96.5,-17.17],[-97.53,-18.25],[-99.32,-18.75],[-100.18,-19.75],[-102.25,-20.03],[-102.4,-20.75],[-103.12,-21.5],[-102.82,-22.75],[-103.25,-22.76],[-103.75,-23.7],[-104.97,-24.0],[-104.77,-25.0],[-102.84,-26.25],[-98.25,-27.47],[-96.0,-28.34],[-93.88,-30.0],[-92.0,-31.0],[-92.0,-31.41],[-92.36,-31.5],[-91.66,-32.5],[-92.02,-32.75],[-91.55,-33.25],[-91.61,-34.75],[-91.25,-34.84],[-91.33,-34.5],[-91.0,-34.06],[-90.25,-35.07],[-90.25,-35.43],[-90.5,-35.54],[-90.75,-35.13],[-90.79,-36.25],[-90.25,-35.93],[-90.0,-36.12],[-89.5,-36.03],[-89.25,-35.78],[-87.94,-36.75],[-87.5,-37.81],[-86.75,-37.44],[-86.25,-37.66],[-85.5,-37.24],[-84.75,-37.52],[-83.75,-37.13],[-82.25,-37.1],[-81.75,-36.7],[-80.25,-36.92],[-78.5,-36.84],[-77.0,-36.97],[-74.25,-37.92],[-72.41,-39.0]]}},{"type":"Feature","properties":{"level":1016},"geometry":{"type":"LineString","coordinates":[[152.5,-38.86],[152.5,-38.65],[152.5,-38.86]]}},{"type":"Feature","properties":{"level":1016},"geometry":{"type":"LineString","coordinates":[[153.0,-38.7],[152.85,-38.5],[153.25,-37.62],[153.41,-38.25],[153.0,-38.7]]}},{"type":"Feature","properties":{"level":1016},"geometry":{"type":"LineString","coordinates":[[17.5,-30.86],[17.03,-30.25],[17.13,-30.0],[17.62,-30.0],[18.09,-30.75],[17.5,-30.86]]}},{"type":"Feature","properties":{"level":1016},"geometry":{"type":"LineString","coordinates":[[-118.94,-29.0],[-118.03,-28.75],[-119.5,-28.18],[-119.65,-28.75],[-118.94,-29.0]]}},{"type":"Feature","properties":{"level":1016},"geometry":{"type":"LineString","coordinates":[[-115.29,-28.75],[-115.25,-28.54],[-115.29,-28.75]]}},{"type":"Feature","properties":{"level":1016},"geometry":{"type":"LineString","coordinates":[[67.25,-28.92],[67.02,-28.75],[67.25,-28.62],[67.41,-28.75],[67.25,-28.92]]}},{"type":"Feature","properties":{"level":1016},"geometry":{"type":"LineString","coordinates":[[-118.25,-27.75],[-117.9,-27.75],[-118.0,-27.21],[-118.25,-27.75]]}},{"type":"Feature","properties":{"level":1016},"geometry":{"type":"LineString","coordinates":[[24.75,-27.58],[24.69,-26.5],[24.48,-26.5],[24.35,-27.0],[24.0,-26.89],[23.5,-27.13],[23.29,-27.0],[23.53,-26.5],[23.01,-26.25],[23.65,-25.75],[24.25,-24.66],[25.19,-24.75],[25.25,-24.42],[26.18,-23.75],[25.9,-23.5],[26.25,-23.18],[26.33,-23.75],[26.62,-24.0],[26.25,-24.58],[25.52,-24.75],[25.77,-25.0],[25.4,-25.25],[25.54,-26.0],[25.25,-25.94],[24.76,-26.5],[25.11,-26.75],[24.75,-27.58]]}},{"type":"Feature","properties":{"level":1016},"geometry":{"type":"LineString","coordinates":[[-67.22,-26.25],[-67.0,-26.46],[-66.34,-26.25],[-67.0,-25.52],[-67.57,-25.75],[-67.22,-26.25]]}},{"type":"Feature","properties":{"level":1016},"geometry":{"type":"LineString","coordinates":[[38.5,-26.27],[38.22,-25.0],[38.5,-24.8],[38.89,-25.0],[38.9,-25.25],[38.5,-26.27]]}},{"type":"Feature","properties":{"level":1016},"geometry":{"type":"LineString","coordinates":[[-70.56,-25.0],[-70.5,-24.65],[-70.56,-25.0]]}},{"type":"Feature","properties":{"level":1016},"geometry":{"type":"LineString","coordinates":[[165.0,-21.31],[164.37,-20.75],[164.25,-20.23],[165.25,-21.25],[165.0,-21.31]]}},{"type":"Feature","properties":{"level":1016},"geometry":{"type":"LineString","coordinates":[[122.5,-21.1],[121.25,-20.66],[120.75,-20.13],[120.09,-20.0],[121.08,-19.5],[121.2,-19.0],[122.25,-19.76],[123.25,-19.7],[123.75,-19.12],[124.3,-19.25],[124.49,-17.75],[124.16,-17.0],[123.62,-16.5],[124.0,-15.87],[124.62,-15.75],[124.48,-15.5],[124.75,-14.8],[125.34,-15.0],[125.16,-15.25],[125.35,-15.5],[124.71,-16.25],[124.75,-16.75],[125.25,-17.32],[125.5,-17.46],[125.5,-16.93],[126.25,-16.84],[127.25,-17.51],[127.58,-17.25],[127.25,-16.57],[126.3,-16.25],[126.67,-16.0],[126.24,-15.25],[126.25,-14.68],[125.75,-14.82],[125.25,-14.52],[125.2,-14.0],[125.75,-13.31],[126.5,-13.24],[127.25,-13.61],[127.75,-13.34],[128.5,-13.92],[130.14,-13.75],[130.06,-14.5],[130.78,-15.25],[130.12,-16.5],[130.42,-16.75],[130.14,-17.25],[130.34,-17.75],[129.99,-18.0],[131.18,-19.25],[130.7,-20.25],[130.75,-21.01],[130.25,-21.17],[128.5,-20.0],[128.25,-20.02],[128.25,-20.77],[127.75,-20.55],[126.5,-21.13],[125.5,-20.57],[124.75,-21.1],[123.25,-21.25],[122.5,-21.1]]}},{"type":"Feature","properties":{"level":1016},"geometry":{"type":"LineString","coordinates":[[128.5,-20.53],[128.5,-20.32],[128.5,-20.53]]}},{"type":"Feature","properties":{"level":1016},"geometry":{"type":"LineString","coordinates":[[180.0,-18.4],[179.75,-18.33],[179.5,-19.04],[178.5,-18.43],[178.0,-18.91],[176.25,-18.59],[175.75,-19.33],[175.55,-19.25],[175.5,-18.71],[175.38,-19.0],[174.75,-18.96],[174.5,-19.21],[173.25,-18.86],[172.25,-19.01],[171.5,-18.7],[170.75,-19.23],[169.75,-19.14],[168.5,-19.85],[168.25,-19.54],[166.5,-19.72],[165.0,-19.34],[163.75,-19.61],[163.0,-19.13],[162.5,-19.23],[161.5,-17.92],[161.0,-17.81],[159.01,-16.5],[158.5,-15.39],[156.5,-14.65],[155.45,-13.5],[154.74,-13.5],[153.75,-12.41],[153.25,-12.35],[153.09,-11.0],[152.57,-9.75],[151.5,-8.72],[150.75,-7.51],[149.03,-7.5],[148.33,-8.25],[148.47,-8.75],[148.0,-8.83],[147.24,-7.25],[147.25,-6.96],[147.83,-6.75],[147.77,-6.5],[146.5,-5.65],[146.0,-5.59],[145.5,-5.89],[145.0,-5.56],[144.5,-5.68],[143.25,-4.86],[141.5,-4.96],[138.75,-3.37],[137.5,-3.55],[136.5,-3.2],[135.33,-4.0],[135.37,-4.25],[139.5,-4.7],[140.25,-5.14],[140.75,-5.12],[142.0,-5.61],[143.65,-7.25],[143.48,-8.0],[142.74,-8.25],[142.98,-8.5],[141.5,-9.04],[140.75,-9.1],[139.5,-8.31],[139.08,-9.0],[138.5,-9.29],[137.25,-9.21],[136.75,-9.45],[136.0,-8.74],[135.57,-8.75],[135.5,-9.1],[135.07,-8.75],[135.04,-8.25],[134.32,-7.5],[134.5,-6.9],[133.75,-7.03],[132.75,-6.33],[132.0,-6.33],[130.0,-5.62],[129.25,-5.59],[126.25,-6.74],[126.08,-7.5],[125.45,-8.0],[125.44,-8.5],[124.1,-9.25],[123.5,-9.11],[123.0,-9.59],[122.25,-9.62],[121.85,-9.25],[121.91,-9.0],[123.0,-8.49],[123.5,-8.74],[123.91,-8.25],[123.75,-8.12],[123.5,-8.29],[123.0,-8.14],[122.25,-8.59],[122.0,-8.3],[121.5,-8.57],[120.5,-8.26],[119.5,-8.78],[119.0,-8.29],[118.25,-8.33],[118.0,-8.05],[117.76,-8.25],[118.08,-8.5],[118.0,-8.91],[117.25,-8.48],[116.91,-8.75],[116.87,-9.0],[117.46,-9.25],[117.5,-9.5],[117.0,-10.36],[116.25,-9.69],[115.65,-9.75],[115.45,-9.0],[115.73,-8.5],[115.5,-8.08],[114.5,-8.2],[114.25,-7.82],[113.25,-7.92],[112.5,-7.6],[112.27,-8.0],[112.47,-8.25],[113.18,-8.5],[114.32,-9.5],[113.25,-9.65],[112.25,-10.46],[109.5,-10.03],[103.75,-10.35],[102.5,-10.8],[102.05,-11.25],[100.5,-11.75],[96.0,-12.07],[93.0,-12.8],[89.5,-13.15],[88.5,-12.78],[86.0,-13.16],[85.0,-13.01],[82.78,-12.0],[80.75,-11.49],[77.5,-12.02],[75.0,-11.78],[74.0,-12.53],[69.75,-13.38],[69.25,-14.05],[68.6,-14.25],[68.25,-14.67],[67.0,-14.96],[66.25,-15.54],[63.32,-14.0],[62.25,-12.8],[59.5,-11.7],[57.5,-12.15],[53.0,-10.74],[50.25,-10.6],[47.25,-9.84],[46.93,-10.25],[46.75,-11.45],[46.5,-11.5],[45.25,-10.53],[44.65,-10.5],[44.5,-10.75],[44.76,-12.0],[44.0,-12.0],[42.0,-15.13],[41.2,-13.25],[40.58,-12.5],[40.25,-10.87],[39.5,-9.85],[38.75,-10.22],[38.25,-10.11],[38.08,-9.5],[37.75,-9.37],[36.5,-9.83],[36.46,-9.5],[37.02,-9.0],[36.75,-8.55],[36.0,-9.53],[35.75,-9.67],[35.64,-9.5],[35.69,-8.75],[37.23,-7.5],[36.94,-7.0],[37.25,-6.5],[37.7,-6.5],[37.26,-7.25],[37.75,-7.42],[37.91,-7.25],[37.92,-6.5],[37.66,-6.25],[38.71,-4.75],[38.22,-4.25],[38.58,-3.5],[37.88,-3.0],[38.18,-2.75],[37.96,-2.25],[38.02,-1.0],[37.29,-0.75],[37.64,-0.5],[37.75,0.03],[36.83,0.5],[36.75,1.25],[36.0,-0.13],[35.53,0.75],[35.5,1.35],[35.25,1.25],[35.39,-0.25],[34.99,-0.75],[35.65,-1.25],[35.5,-2.17],[36.0,-1.83],[36.12,-1.25],[36.5,-1.25],[36.68,-1.75],[36.46,-2.5],[36.71,-3.0],[36.2,-3.5],[36.5,-4.5],[36.27,-4.75],[35.5,-3.76],[35.3,-4.25],[35.5,-4.69],[36.25,-5.15],[36.58,-6.0],[36.53,-7.5],[36.0,-7.52],[35.26,-8.0],[34.75,-8.9],[33.5,-8.99],[33.36,-9.25],[34.0,-9.38],[34.75,-10.06],[35.25,-9.87],[35.69,-10.0],[35.75,-10.26],[34.77,-11.0],[35.0,-11.44],[35.75,-10.97],[36.75,-11.03],[37.0,-11.26],[37.75,-10.73],[38.5,-10.69],[38.36,-11.25],[37.99,-11.5],[38.5,-11.5],[38.5,-12.0],[38.25,-12.34],[36.75,-13.03],[37.0,-12.29],[38.0,-12.07],[38.0,-11.8],[37.0,-12.21],[35.75,-12.15],[35.0,-12.83],[35.11,-14.0],[34.75,-14.3],[34.24,-14.0],[34.0,-13.36],[33.72,-13.75],[33.75,-14.18],[33.0,-13.66],[32.5,-14.05],[31.68,-14.25],[30.94,-15.0],[31.82,-15.75],[31.27,-16.25],[30.0,-16.08],[29.5,-16.41],[29.57,-17.0],[30.04,-17.75],[30.0,-18.2],[29.75,-18.47],[28.87,-18.25],[28.0,-19.49],[27.22,-19.75],[26.5,-21.15],[25.25,-21.6],[24.0,-23.85],[22.75,-21.19],[21.75,-20.91],[21.5,-21.35],[20.75,-21.3],[20.51,-21.5],[20.91,-22.25],[20.5,-22.93],[21.0,-23.39],[21.38,-24.25],[21.75,-24.21],[22.1,-24.5],[22.16,-26.0],[21.5,-26.64],[21.0,-26.56],[20.75,-26.17],[19.75,-27.28],[19.5,-27.32],[19.25,-26.99],[18.75,-27.12],[18.71,-27.5],[19.25,-28.0],[18.91,-28.25],[19.0,-29.0],[17.5,-29.46],[17.13,-28.75],[17.32,-28.0],[16.75,-27.75],[16.25,-27.07],[15.5,-27.21],[14.75,-26.81],[13.8,-25.25],[13.64,-22.75],[13.78,-22.25],[14.28,-22.0],[13.25,-21.85],[13.0,-21.19],[11.01,-19.75],[10.98,-19.25],[9.96,-18.75],[8.5,-17.03],[7.75,-16.75],[7.56,-16.0],[7.03,-15.75],[6.02,-14.5],[4.92,-12.5],[3.75,-11.78],[3.25,-10.75],[2.25,-10.33],[1.25,-9.38],[-0.7,-8.75],[-1.5,-8.11],[-3.75,-7.64],[-4.25,-7.26],[-6.25,-7.07],[-6.75,-6.8],[-8.75,-7.17],[-10.25,-6.83],[-11.5,-7.43],[-12.0,-7.4],[-13.25,-6.58],[-14.0,-5.58],[-14.5,-5.7],[-15.0,-6.28],[-17.0,-6.79],[-17.25,-5.47],[-18.5,-4.66],[-19.25,-4.77],[-19.5,-4.49],[-20.0,-4.78],[-20.67,-4.0],[-20.75,-3.43],[-21.5,-4.03],[-22.0,-3.73],[-22.25,-4.23],[-23.25,-4.1],[-25.5,-5.04],[-26.25,-4.85],[-27.49,-6.0],[-28.75,-6.13],[-29.5,-6.62],[-30.5,-6.54],[-31.0,-6.11],[-31.25,-6.17],[-31.75,-6.55],[-32.25,-6.54],[-32.75,-7.3],[-33.68,-7.5],[-34.5,-8.07],[-35.32,-6.75],[-36.0,-6.63],[-36.21,-7.5],[-37.11,-8.5],[-36.75,-8.75],[-36.51,-10.25],[-37.75,-10.59],[-38.0,-11.41],[-38.5,-11.22],[-39.22,-11.5],[-39.2,-12.0],[-39.5,-12.47],[-40.25,-12.87],[-40.48,-13.25],[-40.57,-14.0],[-41.01,-14.75],[-41.96,-15.25],[-42.01,-16.0],[-41.53,-16.5],[-42.0,-16.89],[-42.49,-16.75],[-42.3,-16.5],[-42.42,-15.75],[-42.75,-15.55],[-43.5,-15.88],[-43.75,-16.5],[-44.02,-16.5],[-44.0,-17.41],[-44.34,-17.5],[-44.25,-18.93],[-44.5,-18.8],[-45.0,-19.32],[-45.5,-19.28],[-46.25,-18.71],[-46.5,-19.12],[-47.39,-19.5],[-47.25,-20.12],[-46.75,-20.34],[-46.57,-20.75],[-46.85,-21.0],[-46.63,-22.5],[-46.85,-23.5],[-47.35,-23.75],[-47.4,-24.0],[-47.0,-24.1],[-46.0,-23.66],[-45.39,-24.0],[-46.26,-25.0],[-46.75,-26.25],[-46.28,-29.25],[-46.5,-30.36],[-46.83,-30.75],[-47.05,-33.0],[-49.2,-36.75],[-49.51,-37.75],[-49.45,-40.0],[-49.94,-41.5],[-50.36,-44.75],[-51.23,-47.25],[-51.26,-48.0],[-52.25,-49.7],[-55.78,-53.75],[-56.56,-55.75],[-56.41,-56.75],[-55.25,-57.64],[-51.75,-57.37],[-45.5,-55.27],[-41.0,-53.36],[-37.25,-50.26],[-34.75,-46.54],[-31.5,-42.95],[-28.25,-40.21],[-22.75,-37.37],[-20.0,-36.59],[-12.5,-35.56],[-11.75,-35.22],[-6.75,-35.24],[-6.0,-34.8],[-1.75,-35.06],[2.0,-36.48],[4.25,-37.85],[5.0,-37.99],[14.5,-45.63],[18.75,-50.4],[22.25,-53.39],[24.25,-54.61],[26.75,-55.31],[29.25,-55.23],[32.5,-54.62],[37.75,-52.9],[44.0,-50.38],[47.0,-49.55],[49.0,-48.45],[54.25,-48.37],[65.5,-49.74],[68.76,-49.5],[69.25,-49.05],[71.0,-48.93],[77.02,-47.0],[85.5,-43.28],[89.75,-42.04],[94.0,-40.42],[99.0,-39.29],[106.25,-38.82],[113.25,-38.92],[116.25,-39.48],[117.0,-39.34],[118.25,-39.73],[123.0,-41.44],[132.5,-46.38],[142.0,-50.94],[149.25,-53.69],[153.0,-54.63],[159.0,-55.25],[163.5,-55.0],[172.25,-53.5],[180.0,-51.68]]}},{"type":"Feature","properties":{"level":1016},"geometry":{"type":"LineString","coordinates":[[125.5,-15.85],[125.34,-15.75],[125.5,-15.66],[125.5,-15.85]]}},{"type":"Feature","properties":{"level":1016},"geometry":{"type":"LineString","coordinates":[[-69.23,-15.25],[-68.89,-15.25],[-69.0,-14.77],[-70.0,-13.74],[-72.0,-12.92],[-72.5,-13.16],[-73.04,-13.0],[-73.05,-13.25],[-72.75,-13.34],[-72.0,-13.08],[-71.45,-13.75],[-70.25,-14.19],[-69.23,-15.25]]}},{"type":"Feature","properties":{"level":1016},"geometry":{"type":"LineString","coordinates":[[47.0,-14.6],[46.52,-14.25],[46.75,-14.04],[47.24,-14.25],[47.29,-14.5],[47.0,-14.6]]}},{"type":"Feature","properties":{"level":1016},"geometry":{"type":"LineString","coordinates":[[43.11,-11.75],[43.5,-12.0],[43.75,-11.75],[43.25,-11.45],[43.11,-11.75]]}},{"type":"Feature","properties":{"level":1016},"geometry":{"type":"LineString","coordinates":[[39.0,-11.32],[38.82,-11.0],[39.0,-10.88],[39.22,-11.25],[39.0,-11.32]]}},{"type":"Feature","properties":{"level":1016},"geometry":{"type":"LineString","coordinates":[[113.25,-11.28],[113.25,-10.9],[114.5,-10.78],[114.5,-11.03],[113.25,-11.28]]}},{"type":"Feature","properties":{"level":1016},"geometry":{"type":"LineString","coordinates":[[-37.5,-10.84],[-37.5,-10.53],[-37.5,-10.84]]}},{"type":"Feature","properties":{"level":1016},"geometry":{"type":"LineString","coordinates":[[-38.59,-10.5],[-38.33,-10.25],[-38.5,-10.13],[-38.59,-10.5]]}},{"type":"Feature","properties":{"level":1016},"geometry":{"type":"LineString","coordinates":[[38.39,-9.5],[38.59,-9.5],[38.39,-9.5]]}},{"type":"Feature","properties":{"level":1016},"geometry":{"type":"LineString","coordinates":[[148.5,-9.51],[148.5,-9.14],[149.07,-9.25],[148.5,-9.51]]}},{"type":"Feature","properties":{"level":1016},"geometry":{"type":"LineString","coordinates":[[147.25,-9.37],[147.04,-9.25],[147.25,-9.19],[147.25,-9.37]]}},{"type":"Feature","properties":{"level":1016},"geometry":{"type":"LineString","coordinates":[[146.75,-9.01],[146.0,-8.0],[146.25,-7.61],[147.0,-9.19],[146.75,-9.01]]}},{"type":"Feature","properties":{"level":1016},"geometry":{"type":"LineString","coordinates":[[114.75,-8.81],[114.75,-8.46],[115.15,-8.75],[114.75,-8.81]]}},{"type":"Feature","properties":{"level":1016},"geometry":{"type":"LineString","coordinates":[[111.36,-8.25],[111.75,-8.41],[111.94,-8.25],[111.8,-7.75],[111.5,-8.04],[111.16,-7.75],[111.36,-8.25]]}},{"type":"Feature","properties":{"level":1016},"geometry":{"type":"LineString","coordinates":[[124.14,-8.25],[125.0,-8.47],[125.2,-8.25],[125.0,-8.03],[124.14,-8.25]]}},{"type":"Feature","properties":{"level":1016},"geometry":{"type":"LineString","coordinates":[[130.75,-8.09],[130.58,-8.0],[131.5,-7.1],[131.5,-7.47],[130.75,-8.09]]}},{"type":"Feature","properties":{"level":1016},"geometry":{"type":"LineString","coordinates":[[-78.54,-7.5],[-78.5,-7.65],[-78.27,-7.0],[-78.5,-6.47],[-79.0,-6.74],[-79.02,-7.0],[-78.54,-7.25],[-78.54,-7.5]]}},{"type":"Feature","properties":{"level":1016},"geometry":{"type":"LineString","coordinates":[[107.66,-7.5],[108.25,-7.67],[108.91,-7.25],[107.75,-6.77],[107.25,-6.98],[107.0,-6.67],[106.43,-6.75],[106.75,-6.75],[107.1,-7.25],[107.66,-7.5]]}},{"type":"Feature","properties":{"level":1016},"geometry":{"type":"LineString","coordinates":[[109.66,-7.5],[110.25,-7.68],[110.57,-7.5],[110.0,-7.13],[109.02,-7.25],[109.66,-7.5]]}},{"type":"Feature","properties":{"level":1016},"geometry":{"type":"LineString","coordinates":[[145.25,-7.63],[145.0,-7.24],[145.5,-7.42],[145.5,-7.68],[145.25,-7.63]]}},{"type":"Feature","properties":{"level":1016},"geometry":{"type":"LineString","coordinates":[[121.61,-7.0],[122.25,-7.2],[122.91,-7.0],[121.5,-6.25],[121.42,-6.75],[121.61,-7.0]]}},{"type":"Feature","properties":{"level":1016},"geometry":{"type":"LineString","coordinates":[[146.5,-6.61],[146.77,-6.5],[146.5,-6.61]]}},{"type":"Feature","properties":{"level":1016},"geometry":{"type":"LineString","coordinates":[[122.17,-6.25],[122.5,-6.37],[124.33,-6.0],[124.0,-5.07],[123.37,-4.25],[122.69,-4.0],[122.43,-3.0],[121.34,-2.0],[122.62,-1.25],[123.0,-1.59],[123.09,-1.25],[122.5,-0.84],[120.75,-1.6],[120.25,-1.0],[119.75,-1.14],[119.63,-2.5],[119.18,-2.75],[119.26,-3.0],[120.0,-3.69],[120.25,-3.63],[120.25,-2.59],[121.09,-2.5],[121.15,-3.0],[120.88,-3.5],[121.57,-4.0],[121.87,-5.0],[121.55,-6.0],[122.17,-6.25]]}},{"type":"Feature","properties":{"level":1016},"geometry":{"type":"LineString","coordinates":[[149.86,-6.0],[150.68,-6.0],[149.86,-6.0]]}},{"type":"Feature","properties":{"level":1016},"geometry":{"type":"LineString","coordinates":[[150.84,-6.0],[151.88,-5.5],[151.85,-5.25],[151.25,-5.38],[150.84,-6.0]]}},{"type":"Feature","properties":{"level":1016},"geometry":{"type":"LineString","coordinates":[[119.86,-5.5],[120.0,-5.68],[120.46,-5.25],[120.0,-4.53],[119.77,-4.75],[119.86,-5.5]]}},{"type":"Feature","properties":{"level":1016},"geometry":{"type":"LineString","coordinates":[[122.5,-4.91],[122.5,-4.66],[122.5,-4.91]]}},{"type":"Feature","properties":{"level":1016},"geometry":{"type":"LineString","coordinates":[[37.75,-4.56],[37.17,-3.5],[37.62,-3.5],[37.75,-4.56]]}},{"type":"Feature","properties":{"level":1016},"geometry":{"type":"LineString","coordinates":[[126.48,-3.75],[126.75,-3.91],[127.09,-3.75],[126.5,-3.14],[125.92,-3.25],[126.48,-3.75]]}},{"type":"Feature","properties":{"level":1016},"geometry":{"type":"LineString","coordinates":[[-79.1,-3.5],[-78.71,-3.25],[-78.35,-2.5],[-78.07,-1.0],[-77.68,-0.5],[-77.65,0.25],[-76.5,1.59],[-76.25,1.6],[-76.04,2.5],[-75.73,2.75],[-75.73,3.5],[-75.09,4.75],[-75.25,5.76],[-75.5,5.47],[-75.96,5.75],[-76.0,6.61],[-76.25,6.64],[-76.29,6.0],[-76.0,5.1],[-75.75,5.44],[-75.61,5.25],[-75.67,4.5],[-76.13,4.0],[-76.23,3.25],[-77.15,1.5],[-77.75,1.38],[-78.63,0.5],[-78.54,0.0],[-79.08,-1.5],[-78.94,-2.25],[-79.51,-3.0],[-79.1,-3.5]]}},{"type":"Feature","properties":{"level":1016},"geometry":{"type":"LineString","coordinates":[[128.46,-3.25],[128.75,-3.32],[128.98,-3.0],[128.5,-2.96],[128.46,-3.25]]}},{"type":"Feature","properties":{"level":1016},"geometry":{"type":"LineString","coordinates":[[101.48,-2.25],[101.68,-2.25],[101.63,-1.75],[101.14,-1.5],[100.75,-0.85],[100.65,-1.25],[101.48,-2.25]]}},{"type":"Feature","properties":{"level":1016},"geometry":{"type":"LineString","coordinates":[[133.45,-1.5],[133.75,-1.6],[134.04,-1.25],[133.5,-0.96],[132.91,-1.25],[133.45,-1.5]]}},{"type":"Feature","properties":{"level":1016},"geometry":{"type":"LineString","coordinates":[[123.23,-1.0],[123.25,-0.73],[123.23,-1.0]]}},{"type":"Feature","properties":{"level":1016},"geometry":{"type":"LineString","coordinates":[[113.91,1.0],[114.5,0.95],[115.25,1.5],[115.25,0.97],[115.5,0.84],[115.75,1.1],[116.0,0.93],[116.59,1.5],[116.25,2.73],[116.21,2.5],[115.75,2.5],[116.24,2.75],[116.11,4.75],[115.5,4.64],[115.0,4.02],[115.0,3.0],[114.52,3.0],[114.29,2.5],[114.75,2.15],[115.69,2.25],[115.63,2.0],[115.25,1.91],[115.0,1.53],[114.75,1.64],[114.25,1.02],[113.91,1.0]]}},{"type":"Feature","properties":{"level":1016},"geometry":{"type":"LineString","coordinates":[[99.13,1.75],[99.37,1.75],[99.38,2.25],[99.0,2.76],[98.71,2.75],[98.5,3.23],[98.33,2.5],[99.13,1.75]]}},{"type":"Feature","properties":{"level":1016},"geometry":{"type":"LineString","coordinates":[[97.43,3.25],[97.75,3.17],[97.97,3.5],[97.5,4.38],[97.0,4.82],[96.09,5.0],[97.43,3.25]]}},{"type":"Feature","properties":{"level":1016},"geometry":{"type":"LineString","coordinates":[[-74.65,3.5],[-74.5,3.37],[-74.0,3.66],[-73.25,4.94],[-72.53,5.5],[-71.88,6.5],[-72.26,7.0],[-72.25,7.55],[-72.75,7.6],[-73.0,8.07],[-72.98,7.0],[-72.65,6.5],[-73.5,5.87],[-73.75,5.92],[-74.65,3.5]]}},{"type":"Feature","properties":{"level":1016},"geometry":{"type":"LineString","coordinates":[[38.14,5.25],[38.25,5.11],[39.28,5.5],[39.68,6.25],[40.57,6.75],[40.88,7.25],[40.75,7.58],[40.25,7.71],[40.22,8.25],[40.5,8.53],[42.5,9.27],[43.5,8.95],[44.14,9.5],[43.75,9.96],[43.0,10.26],[42.5,9.66],[41.0,9.32],[39.75,8.52],[39.5,8.63],[40.03,10.75],[39.73,12.25],[39.9,14.0],[39.56,15.0],[38.75,15.92],[38.57,15.75],[38.64,14.75],[39.04,14.75],[39.02,14.5],[38.36,14.25],[38.36,14.0],[38.82,13.75],[39.0,13.12],[38.5,12.66],[38.25,12.71],[38.69,13.25],[38.5,13.64],[38.25,13.59],[37.02,12.5],[37.0,12.18],[37.5,12.28],[37.5,12.0],[36.86,11.75],[36.51,11.0],[36.75,10.47],[36.24,10.0],[36.5,9.63],[36.75,9.66],[36.75,9.4],[36.25,8.94],[35.54,9.0],[35.19,8.0],[35.5,7.36],[36.5,7.16],[37.5,7.64],[37.75,7.03],[38.25,6.73],[37.9,5.5],[38.14,5.25]]}},{"type":"Feature","properties":{"level":1016},"geometry":{"type":"LineString","coordinates":[[-72.13,8.0],[-72.0,7.85],[-71.0,8.2],[-70.0,9.61],[-71.0,9.09],[-71.35,8.5],[-72.13,8.0]]}},{"type":"Feature","properties":{"level":1016},"geometry":{"type":"LineString","coordinates":[[-12.09,10.25],[-11.44,10.5],[-12.5,11.33],[-12.62,11.0],[-12.09,10.25]]}},{"type":"Feature","properties":{"level":1016},"geometry":{"type":"LineString","coordinates":[[47.01,10.25],[47.5,10.1],[48.85,10.75],[48.41,11.0],[47.5,10.87],[47.21,10.75],[47.01,10.25]]}},{"type":"Feature","properties":{"level":1016},"geometry":{"type":"LineString","coordinates":[[43.96,13.75],[44.0,13.56],[45.25,13.62],[48.0,14.58],[48.75,14.45],[49.25,14.88],[51.25,15.38],[51.54,16.0],[50.75,16.13],[50.7,15.5],[50.5,15.42],[49.25,15.47],[48.5,15.19],[47.5,15.37],[46.75,14.38],[46.0,14.35],[45.0,15.14],[45.03,15.5],[44.35,16.25],[45.0,16.21],[45.29,16.5],[45.01,17.0],[45.06,18.0],[44.36,19.75],[43.75,19.5],[43.0,20.03],[42.35,20.0],[42.25,21.36],[41.5,20.71],[40.5,21.42],[40.25,21.25],[41.81,19.75],[42.25,18.25],[43.12,17.75],[43.38,16.75],[43.75,16.47],[43.55,15.5],[43.76,14.5],[44.03,14.25],[43.96,13.75]]}},{"type":"Feature","properties":{"level":1016},"geometry":{"type":"LineString","coordinates":[[49.35,16.5],[50.5,16.3],[51.25,16.58],[53.0,16.63],[53.79,17.0],[51.25,17.33],[49.35,16.5]]}},{"type":"Feature","properties":{"level":1016},"geometry":{"type":"LineString","coordinates":[[-71.3,18.0],[-70.14,18.5],[-70.52,19.25],[-70.23,19.5],[-72.25,19.33],[-72.56,19.0],[-72.1,18.25],[-71.3,18.0]]}},{"type":"Feature","properties":{"level":1016},"geometry":{"type":"LineString","coordinates":[[1.8,20.25],[2.21,20.25],[2.0,20.77],[2.75,20.65],[3.0,21.12],[3.37,21.25],[3.55,21.5],[3.09,22.0],[2.5,21.84],[2.25,22.06],[1.75,21.63],[1.52,20.5],[1.8,20.25]]}},{"type":"Feature","properties":{"level":1016},"geometry":{"type":"LineString","coordinates":[[93.65,21.25],[94.01,21.25],[93.59,22.0],[93.75,24.06],[93.39,23.75],[93.28,22.75],[93.65,21.25]]}},{"type":"Feature","properties":{"level":1016},"geometry":{"type":"LineString","coordinates":[[120.95,23.0],[121.56,24.25],[121.25,24.57],[121.07,23.75],[120.79,23.5],[120.95,23.0]]}},{"type":"Feature","properties":{"level":1016},"geometry":{"type":"LineString","coordinates":[[93.7,25.0],[94.25,24.89],[94.75,25.16],[95.36,26.0],[95.32,26.5],[94.69,26.25],[94.5,25.74],[93.73,25.5],[93.55,25.25],[93.7,25.0]]}},{"type":"Feature","properties":{"level":1016},"geometry":{"type":"LineString","coordinates":[[4.24,25.25],[4.75,25.25],[5.09,26.0],[4.75,26.21],[4.24,25.25]]}},{"type":"Feature","properties":{"level":1016},"geometry":{"type":"LineString","coordinates":[[61.07,27.0],[61.59,27.0],[61.56,27.75],[62.18,27.75],[61.5,28.37],[61.02,29.5],[60.25,29.93],[59.99,29.5],[60.46,28.5],[60.43,28.0],[61.0,27.68],[61.2,27.25],[61.07,27.0]]}},{"type":"Feature","properties":{"level":1016},"geometry":{"type":"LineString","coordinates":[[-12.11,28.0],[-11.66,28.0],[-12.11,28.0]]}},{"type":"Feature","properties":{"level":1016},"geometry":{"type":"LineString","coordinates":[[-180.0,28.02],[-178.5,28.49],[-174.0,29.23],[-172.0,29.32],[-170.0,29.08],[-166.69,28.0],[-162.0,24.84],[-158.75,24.24],[-155.75,24.32],[-153.0,24.92],[-150.5,25.17],[-150.0,25.44],[-146.75,25.29],[-145.0,25.85],[-138.75,28.86],[-137.75,29.79],[-136.5,30.32],[-136.22,30.75],[-134.5,31.97],[-134.15,32.75],[-132.37,35.0],[-130.68,36.75],[-129.78,38.0],[-129.45,39.0],[-127.1,42.0],[-124.45,47.25],[-124.58,48.0],[-122.5,47.73],[-122.22,48.0],[-122.23,48.5],[-121.25,49.02],[-120.88,48.75],[-121.31,47.5],[-120.98,47.25],[-121.0,46.46],[-120.75,46.99],[-120.25,46.95],[-120.0,47.37],[-119.25,47.68],[-118.0,47.41],[-116.75,47.6],[-116.19,47.25],[-116.42,47.0],[-115.74,46.75],[-115.0,45.73],[-114.75,45.91],[-114.77,45.5],[-114.33,45.25],[-114.75,44.69],[-115.08,44.75],[-115.25,45.3],[-115.5,45.12],[-116.0,45.45],[-116.38,45.25],[-115.15,43.5],[-113.75,43.38],[-112.5,44.07],[-111.39,44.0],[-112.28,43.0],[-112.25,42.81],[-111.84,42.75],[-112.05,42.5],[-111.73,42.25],[-111.83,40.5],[-111.5,40.25],[-111.46,39.5],[-112.07,38.5],[-112.0,38.05],[-112.5,37.62],[-112.75,37.84],[-113.09,37.5],[-112.25,37.36],[-111.1,38.0],[-111.27,38.75],[-110.75,39.6],[-110.0,39.38],[-109.75,39.08],[-109.0,39.48],[-108.25,39.46],[-108.0,39.25],[-108.25,39.0],[-107.66,38.75],[-108.0,38.43],[-108.81,39.0],[-108.94,38.75],[-108.33,38.25],[-108.77,37.75],[-108.25,37.32],[-107.25,37.0],[-106.91,35.75],[-106.17,35.5],[-106.63,35.0],[-106.75,34.37],[-107.16,35.5],[-108.32,35.75],[-108.62,35.5],[-108.34,35.0],[-108.5,34.43],[-108.75,34.22],[-109.75,34.21],[-109.81,34.0],[-109.5,33.59],[-108.75,33.71],[-108.74,33.25],[-108.29,33.0],[-108.5,32.42],[-107.25,32.38],[-107.25,32.83],[-107.0,32.9],[-106.71,32.75],[-106.5,32.13],[-106.25,32.63],[-106.07,31.75],[-104.61,30.5],[-104.75,29.87],[-105.25,30.05],[-105.65,29.75],[-105.65,29.25],[-105.25,29.12],[-105.0,29.45],[-104.69,28.75],[-105.08,28.75],[-105.0,28.25],[-105.25,28.12],[-106.05,28.5],[-105.97,29.75],[-107.07,29.5],[-107.0,29.2],[-107.75,29.82],[-108.27,29.75],[-107.73,29.5],[-107.38,29.0],[-107.8,28.0],[-107.73,27.5],[-106.58,26.5],[-106.25,25.49],[-105.5,24.4],[-104.66,24.5],[-104.85,24.75],[-104.73,25.25],[-103.68,25.5],[-104.56,26.75],[-104.25,27.11],[-103.61,27.25],[-103.25,27.83],[-103.0,27.74],[-102.3,26.25],[-101.75,26.23],[-101.56,25.75],[-102.27,25.5],[-101.75,25.17],[-100.5,25.13],[-99.65,23.75],[-99.48,24.0],[-100.25,25.5],[-101.31,26.0],[-100.68,26.25],[-100.72,27.0],[-101.33,27.25],[-100.28,29.5],[-99.0,30.06],[-97.75,31.47],[-96.75,31.52],[-96.0,31.96],[-94.0,32.35],[-92.77,33.0],[-91.5,34.35],[-90.25,34.69],[-89.75,34.2],[-88.5,34.24],[-86.75,33.76],[-85.98,32.75],[-86.22,32.0],[-85.75,29.65],[-85.25,29.39],[-84.5,28.44],[-83.25,28.11],[-82.39,27.0],[-81.82,26.75],[-80.5,25.5],[-78.5,24.9],[-77.75,24.4],[-71.5,23.34],[-70.5,22.8],[-69.5,22.72],[-68.25,22.16],[-65.5,20.34],[-62.75,19.8],[-60.25,18.66],[-59.25,18.76],[-58.75,18.46],[-57.25,18.35],[-56.58,18.5],[-56.8,18.0],[-56.5,17.76],[-56.25,17.97],[-55.99,17.75],[-54.0,17.4],[-53.0,17.53],[-51.75,17.22],[-50.25,17.57],[-45.25,16.54],[-44.75,16.66],[-44.0,16.22],[-43.25,16.42],[-41.25,15.65],[-40.25,16.05],[-37.5,15.75],[-34.25,16.07],[-32.5,17.4],[-31.75,17.52],[-31.0,18.21],[-29.5,18.88],[-29.0,18.76],[-28.0,19.27],[-27.5,19.16],[-25.25,20.09],[-23.75,20.97],[-21.11,23.5],[-17.32,26.25],[-15.5,27.01],[-14.5,27.07],[-12.28,28.25],[-11.74,29.5],[-10.25,31.49],[-9.75,31.84],[-9.54,31.5],[-9.74,30.75],[-9.28,30.25],[-10.12,29.25],[-10.03,29.0],[-10.38,28.5],[-10.0,28.33],[-9.03,28.5],[-10.31,27.75],[-10.25,27.45],[-9.5,27.03],[-5.75,26.5],[-4.75,25.97],[-3.25,25.96],[-2.5,26.14],[-0.25,27.49],[1.75,27.26],[3.5,27.5],[4.75,27.07],[5.26,26.5],[5.58,25.25],[3.87,23.0],[5.25,21.93],[7.25,21.75],[8.54,21.0],[8.71,20.75],[8.47,20.0],[8.99,19.5],[8.75,19.48],[8.67,19.0],[9.0,18.84],[9.27,19.0],[9.0,19.5],[10.0,20.85],[11.75,21.46],[13.25,21.06],[13.75,21.72],[15.0,22.37],[16.0,21.72],[16.75,20.7],[17.0,20.77],[17.5,20.3],[18.0,20.56],[18.5,19.66],[19.75,20.06],[21.5,21.12],[23.0,21.17],[23.5,21.79],[24.5,22.15],[25.5,21.22],[26.75,21.13],[28.8,23.0],[30.5,24.11],[31.0,24.31],[32.0,24.21],[32.75,26.08],[33.25,26.17],[33.75,25.9],[33.71,27.0],[33.26,28.5],[33.5,28.55],[34.0,28.02],[34.71,28.75],[34.75,29.19],[34.78,28.75],[36.5,27.59],[37.5,26.12],[37.75,25.97],[38.25,26.43],[39.5,26.0],[40.0,25.3],[40.25,25.39],[41.0,26.71],[41.5,26.62],[41.75,26.82],[42.5,26.33],[42.84,26.5],[42.96,28.0],[42.68,28.25],[43.25,28.3],[44.0,27.96],[44.5,28.5],[46.22,29.25],[46.47,29.75],[45.35,31.0],[46.0,31.9],[46.75,32.17],[47.0,32.57],[48.5,32.58],[49.12,32.25],[50.0,30.97],[51.47,29.5],[51.75,28.75],[53.25,28.31],[54.0,27.46],[54.53,27.5],[54.66,28.0],[55.0,28.21],[55.5,28.14],[56.25,28.46],[56.5,28.4],[56.5,28.08],[56.0,27.95],[56.75,28.01],[57.75,28.87],[58.25,28.38],[58.5,28.41],[56.55,32.0],[56.75,32.25],[56.69,33.75],[57.5,33.1],[58.0,33.33],[58.96,32.75],[59.29,32.0],[60.0,31.63],[60.32,32.0],[60.24,33.25],[58.25,34.56],[57.95,34.5],[57.5,33.69],[57.17,34.25],[57.25,34.94],[56.75,34.28],[56.5,34.4],[55.64,33.5],[55.25,33.41],[55.0,34.08],[53.25,33.95],[52.91,34.25],[52.93,34.75],[52.21,35.0],[53.5,35.47],[54.25,35.4],[54.2,36.0],[54.5,36.29],[55.5,36.08],[57.36,36.5],[56.84,37.0],[57.0,37.02],[58.5,36.66],[58.78,36.0],[58.25,35.73],[56.75,35.61],[56.75,35.22],[57.5,35.42],[59.5,35.29],[60.5,34.43],[60.86,34.5],[60.84,34.75],[61.25,35.02],[61.75,34.55],[62.5,34.42],[62.68,34.25],[62.27,34.0],[62.47,33.5],[64.0,32.57],[64.75,32.84],[65.25,32.75],[65.5,33.05],[66.1,32.75],[66.25,32.31],[67.04,32.5],[67.2,31.5],[66.71,31.0],[67.2,30.75],[67.19,30.5],[66.94,29.75],[66.21,29.0],[66.28,28.5],[66.5,28.4],[67.05,29.25],[67.09,30.0],[68.0,30.32],[68.18,30.5],[68.07,30.75],[68.87,31.25],[68.74,32.0],[69.0,32.52],[69.57,32.5],[69.37,33.0],[69.75,33.71],[70.61,34.0],[69.85,34.25],[69.63,34.75],[71.5,35.14],[73.0,35.0],[74.5,33.41],[75.25,33.27],[75.65,32.75],[76.0,32.75],[76.35,32.25],[77.21,31.75],[77.5,30.94],[80.5,29.85],[81.75,28.87],[83.0,28.26],[84.43,28.25],[86.5,27.36],[87.0,27.31],[87.25,27.52],[88.0,26.98],[88.5,27.38],[88.75,27.12],[89.75,26.9],[91.25,27.27],[92.0,26.94],[93.0,27.56],[93.1,27.25],[93.5,27.2],[94.06,27.5],[93.64,28.0],[94.5,28.1],[94.75,28.38],[95.75,28.32],[96.33,28.0],[96.59,27.0],[97.25,26.72],[97.35,27.5],[97.88,27.5],[98.19,26.0],[97.75,24.36],[98.25,24.36],[98.5,24.63],[98.61,24.0],[99.14,23.75],[99.25,23.19],[99.75,22.92],[100.0,22.97],[100.27,23.75],[101.25,24.15],[101.2,24.75],[101.94,25.25],[101.52,25.5],[101.5,26.21],[101.02,26.5],[101.25,26.73],[102.0,26.75],[102.22,26.25],[102.06,25.75],[102.34,25.5],[102.11,24.5],[103.0,23.91],[103.5,24.05],[103.51,23.5],[104.0,23.21],[104.75,23.64],[105.5,23.48],[105.7,24.25],[106.0,24.43],[107.25,24.46],[108.25,25.05],[109.0,24.72],[109.75,24.85],[110.25,24.62],[110.75,24.84],[111.0,24.59],[112.5,24.34],[113.75,25.28],[115.25,25.72],[115.5,26.15],[116.96,26.5],[118.0,27.85],[120.58,29.0],[121.15,29.75],[120.62,30.25],[121.0,30.57],[122.5,30.97],[123.5,30.89],[124.5,31.1],[126.25,31.92],[127.25,31.95],[127.75,31.67],[128.75,31.81],[129.49,32.75],[129.75,32.53],[130.25,32.69],[130.5,33.09],[130.79,32.75],[130.51,32.25],[131.15,32.0],[131.25,31.72],[131.75,32.44],[132.25,32.67],[132.75,32.58],[135.0,33.4],[135.5,33.33],[136.25,32.79],[138.25,32.81],[139.5,32.42],[141.5,32.49],[144.75,33.13],[148.25,33.48],[150.5,33.44],[152.5,32.91],[153.5,32.88],[153.75,32.33],[154.94,32.25],[155.79,31.25],[157.5,30.17],[159.5,28.23],[161.25,27.03],[161.78,27.0],[162.5,26.54],[163.75,26.54],[165.25,25.71],[167.5,25.84],[169.25,25.45],[170.75,25.94],[178.0,27.31],[180.0,28.02]]}},{"type":"Feature","properties":{"level":1016},"geometry":{"type":"LineString","coordinates":[[118.0,28.46],[118.26,28.5],[118.0,28.46]]}},{"type":"Feature","properties":{"level":1016},"geometry":{"type":"LineString","coordinates":[[35.5,31.06],[35.5,31.89],[35.5,31.06]]}},{"type":"Feature","properties":{"level":1016},"geometry":{"type":"LineString","coordinates":[[45.0,32.28],[44.84,32.5],[45.25,32.71],[45.25,32.27],[45.0,32.28]]}},{"type":"Feature","properties":{"level":1016},"geometry":{"type":"LineString","coordinates":[[-111.27,34.5],[-110.72,34.5],[-111.75,35.96],[-111.86,35.25],[-111.27,34.5]]}},{"type":"Feature","properties":{"level":1016},"geometry":{"type":"LineString","coordinates":[[63.5,35.48],[62.75,36.0],[63.09,36.5],[62.68,37.0],[62.59,38.0],[62.92,38.75],[63.5,39.15],[63.81,40.5],[64.0,40.6],[64.5,40.33],[65.5,40.92],[66.0,40.33],[66.75,40.39],[67.5,40.09],[67.43,39.75],[66.9,39.5],[67.01,39.0],[66.57,38.5],[66.5,37.65],[68.0,38.41],[68.25,37.76],[68.75,38.0],[69.25,37.32],[69.5,37.58],[69.75,37.52],[68.75,36.1],[68.25,36.49],[67.25,36.62],[66.53,36.0],[65.5,36.09],[63.5,35.48]]}},{"type":"Feature","properties":{"level":1016},"geometry":{"type":"LineString","coordinates":[[-106.0,35.89],[-106.85,36.5],[-106.25,36.37],[-105.77,36.75],[-105.75,37.06],[-105.73,36.25],[-106.0,35.89]]}},{"type":"Feature","properties":{"level":1016},"geometry":{"type":"LineString","coordinates":[[-118.6,36.5],[-118.25,36.26],[-118.16,36.5],[-118.75,37.56],[-119.03,37.25],[-118.6,36.5]]}},{"type":"Feature","properties":{"level":1016},"geometry":{"type":"LineString","coordinates":[[60.75,36.95],[60.75,38.07],[61.04,37.25],[61.0,36.97],[60.75,36.95]]}},{"type":"Feature","properties":{"level":1016},"geometry":{"type":"LineString","coordinates":[[-110.03,37.75],[-109.75,37.66],[-109.08,38.0],[-109.23,38.25],[-109.01,38.5],[-109.25,38.66],[-109.28,38.25],[-110.03,37.75]]}},{"type":"Feature","properties":{"level":1016},"geometry":{"type":"LineString","coordinates":[[-102.25,37.63],[-104.2,38.25],[-103.5,39.03],[-102.5,38.8],[-100.53,40.25],[-100.0,40.4],[-99.82,39.75],[-100.33,38.75],[-101.75,37.63],[-102.25,37.63]]}},{"type":"Feature","properties":{"level":1016},"geometry":{"type":"LineString","coordinates":[[122.25,38.21],[120.14,38.75],[119.25,39.75],[119.5,41.01],[120.75,41.87],[122.5,41.99],[123.93,41.5],[123.43,40.75],[124.51,40.0],[124.25,38.75],[123.25,38.03],[122.25,38.21]]}},{"type":"Feature","properties":{"level":1016},"geometry":{"type":"LineString","coordinates":[[-110.0,39.59],[-110.23,40.25],[-110.0,40.34],[-109.25,40.52],[-109.0,40.28],[-108.5,40.41],[-108.36,40.25],[-110.0,39.59]]}},{"type":"Feature","properties":{"level":1016},"geometry":{"type":"LineString","coordinates":[[69.0,39.96],[67.75,40.11],[67.25,40.58],[66.17,41.0],[67.24,42.75],[67.0,43.29],[66.25,43.25],[66.0,43.52],[66.08,44.25],[65.75,44.45],[65.59,45.0],[65.75,45.52],[64.25,46.62],[60.25,48.05],[54.25,47.51],[50.75,48.93],[49.0,50.76],[48.14,52.5],[48.0,53.75],[48.33,55.0],[49.09,56.25],[50.9,57.75],[52.0,58.31],[57.34,60.25],[58.25,60.37],[59.5,60.07],[61.5,60.42],[64.25,60.54],[69.0,60.01],[74.5,58.55],[76.93,57.25],[77.93,55.75],[79.35,55.0],[79.87,54.0],[79.72,52.75],[78.17,50.25],[77.11,50.0],[77.0,49.64],[75.64,49.0],[75.14,48.5],[75.16,47.75],[75.75,47.74],[76.23,47.25],[75.96,46.75],[76.1,45.75],[77.0,45.42],[77.34,44.75],[76.9,44.0],[76.5,43.96],[76.74,45.0],[76.5,45.33],[75.75,45.57],[75.59,45.5],[75.96,45.25],[76.04,44.75],[75.81,44.25],[75.0,43.97],[74.63,43.5],[74.68,43.0],[73.75,42.78],[72.0,42.85],[71.5,42.56],[70.75,42.63],[69.75,42.27],[69.86,41.0],[69.63,40.5],[69.91,40.25],[69.65,40.0],[69.0,39.96]]}},{"type":"Feature","properties":{"level":1016},"geometry":{"type":"LineString","coordinates":[[180.0,42.87],[178.5,43.13],[170.5,43.34],[165.5,43.96],[155.25,47.52],[148.75,48.94],[144.25,49.56],[143.0,50.21],[142.75,49.76],[142.25,50.32],[140.5,50.13],[140.0,50.97],[138.5,51.54],[137.86,52.25],[136.75,52.45],[135.73,51.75],[135.19,52.25],[134.98,52.75],[135.1,53.25],[134.25,54.15],[134.28,54.5],[132.5,54.69],[132.25,54.49],[131.72,54.75],[131.5,55.29],[130.75,55.51],[130.0,55.37],[129.49,56.0],[129.25,57.0],[127.25,57.16],[126.75,57.58],[125.64,57.5],[125.23,57.25],[125.5,57.0],[124.75,56.5],[123.0,56.92],[122.5,56.73],[122.06,57.0],[122.16,57.25],[121.68,57.25],[121.79,57.0],[120.75,57.13],[120.43,57.0],[121.05,56.5],[120.75,56.37],[119.94,56.75],[119.96,57.0],[119.25,57.43],[118.5,57.13],[117.57,57.25],[117.9,57.0],[117.75,56.6],[116.5,57.42],[115.5,57.56],[114.5,57.39],[114.25,57.83],[113.5,57.59],[113.0,57.99],[110.0,57.63],[109.25,57.89],[103.75,58.0],[101.04,58.5],[99.45,59.5],[99.44,59.75],[100.34,60.0],[101.16,61.5],[101.54,61.75],[100.44,63.0],[100.6,63.5],[98.75,64.38],[97.5,65.41],[95.76,66.0],[95.76,66.25],[92.0,67.45],[89.5,67.8],[82.75,68.02],[69.0,70.03],[61.0,70.5],[54.25,70.31],[43.5,68.82],[37.75,67.47],[35.5,66.64],[34.5,65.92],[30.5,64.53],[23.0,62.55],[20.25,62.12],[19.25,62.11],[18.0,62.56],[17.74,63.0],[17.75,64.1],[15.5,65.31],[14.0,65.67],[12.5,65.55],[1.55,62.0],[-11.0,57.14],[-24.0,54.15],[-27.25,53.05],[-37.75,48.66],[-43.0,47.12],[-46.75,46.71],[-49.5,47.9],[-50.17,48.75],[-52.25,49.78],[-56.75,51.26],[-58.0,52.34],[-71.0,55.54],[-86.5,57.59],[-88.75,58.16],[-92.25,59.64],[-94.3,60.25],[-94.41,61.0],[-96.26,62.75],[-99.6,65.25],[-100.1,66.0],[-103.91,68.0],[-104.86,68.75],[-105.4,70.5],[-109.06,75.0],[-107.86,75.75],[-108.5,76.25],[-108.61,76.75],[-109.16,77.25],[-109.85,79.75],[-109.83,81.0],[-110.81,82.25],[-111.07,83.0],[-112.5,84.46],[-115.75,85.72],[-122.5,86.87],[-130.0,87.46],[-140.25,87.82],[-158.0,87.84],[-167.73,87.5],[-170.24,86.25],[-180.0,84.36]]}},{"type":"Feature","properties":{"level":1016},"geometry":{"type":"LineString","coordinates":[[66.35,43.5],[66.5,43.44],[66.35,43.5]]}},{"type":"Feature","properties":{"level":1016},"geometry":{"type":"LineString","coordinates":[[77.5,43.68],[77.25,43.75],[77.34,44.0],[77.75,44.06],[77.8,43.75],[77.5,43.68]]}},{"type":"Feature","properties":{"level":1016},"geometry":{"type":"LineString","coordinates":[[-114.25,44.15],[-114.37,44.5],[-113.75,45.24],[-113.6,45.0],[-113.91,44.75],[-113.75,44.45],[-114.25,44.15]]}},{"type":"Feature","properties":{"level":1016},"geometry":{"type":"LineString","coordinates":[[-95.5,44.17],[-97.11,45.5],[-97.52,46.75],[-97.44,47.5],[-96.75,49.48],[-96.25,49.62],[-95.75,50.23],[-94.49,50.75],[-95.25,51.39],[-96.0,51.6],[-96.75,51.43],[-97.5,50.63],[-98.52,51.5],[-98.45,52.0],[-99.08,53.5],[-98.53,54.75],[-98.69,55.0],[-98.53,55.5],[-98.76,55.75],[-98.8,56.5],[-99.69,57.25],[-100.01,58.25],[-98.5,59.16],[-97.25,59.22],[-95.31,58.75],[-95.2,58.5],[-95.58,58.25],[-94.63,57.5],[-94.53,57.25],[-94.83,56.75],[-94.5,56.53],[-94.0,56.7],[-89.5,56.35],[-86.6,55.25],[-85.99,54.5],[-86.12,54.0],[-85.89,53.75],[-86.25,53.4],[-88.5,52.94],[-90.75,53.24],[-91.91,52.25],[-91.95,51.75],[-90.26,51.0],[-89.73,50.0],[-89.83,49.75],[-88.8,48.25],[-88.87,48.0],[-89.54,47.25],[-92.75,45.9],[-93.0,45.13],[-92.41,45.25],[-92.75,44.85],[-93.75,44.75],[-95.0,44.03],[-95.5,44.17]]}},{"type":"Feature","properties":{"level":1016},"geometry":{"type":"LineString","coordinates":[[67.02,44.25],[67.29,44.25],[67.02,44.25]]}},{"type":"Feature","properties":{"level":1016},"geometry":{"type":"LineString","coordinates":[[-122.5,48.99],[-122.25,49.15],[-122.25,48.94],[-122.5,48.99]]}},{"type":"Feature","properties":{"level":1016},"geometry":{"type":"LineString","coordinates":[[-122.0,49.19],[-122.22,49.25],[-121.75,49.43],[-121.7,49.25],[-122.0,49.19]]}},{"type":"Feature","properties":{"level":1016},"geometry":{"type":"LineString","coordinates":[[-41.81,69.75],[-38.5,69.83],[-36.75,70.42],[-33.75,70.84],[-33.39,71.25],[-33.55,71.5],[-34.39,72.0],[-36.25,72.49],[-36.29,72.75],[-33.5,73.34],[-32.75,74.02],[-33.5,74.61],[-35.75,74.98],[-38.5,74.57],[-38.66,74.25],[-40.67,73.25],[-41.21,72.5],[-41.21,72.0],[-42.59,71.5],[-42.69,71.25],[-42.15,70.75],[-41.81,69.75]]}},{"type":"Feature","properties":{"level":1016},"geometry":{"type":"LineString","coordinates":[[-39.41,75.0],[-38.75,74.95],[-38.07,75.25],[-39.25,75.27],[-39.41,75.0]]}},{"type":"Feature","properties":{"level":1016},"geometry":{"type":"LineString","coordinates":[[-180.0,78.75],[-176.5,77.74],[-172.25,77.49],[-161.25,78.8],[-153.75,78.98],[-147.25,78.53],[-142.59,77.5],[-141.25,76.76],[-140.87,76.25],[-140.82,75.75],[-141.42,74.75],[-142.75,73.92],[-149.58,70.75],[-150.75,69.9],[-151.16,69.25],[-152.0,69.24],[-152.95,68.75],[-152.25,68.44],[-155.49,68.0],[-154.35,67.25],[-155.3,67.0],[-152.75,66.71],[-150.5,66.89],[-150.0,66.34],[-146.5,66.25],[-142.0,66.78],[-140.75,66.66],[-139.12,65.75],[-139.29,65.5],[-138.25,65.15],[-138.07,64.5],[-137.75,64.41],[-137.37,64.5],[-137.53,64.75],[-136.77,65.25],[-137.01,65.5],[-136.5,65.54],[-136.64,65.25],[-135.82,65.25],[-135.32,65.0],[-136.5,64.73],[-136.52,64.25],[-135.0,64.25],[-134.53,63.5],[-135.65,63.0],[-134.25,63.14],[-133.74,62.75],[-134.58,62.5],[-133.78,62.0],[-134.0,61.03],[-134.45,60.75],[-133.75,60.25],[-132.8,60.0],[-134.0,60.11],[-134.5,59.77],[-135.25,60.07],[-135.75,59.67],[-136.5,59.66],[-136.52,59.25],[-137.25,59.02],[-136.75,58.56],[-136.25,58.84],[-134.98,58.25],[-134.54,57.25],[-134.86,57.0],[-134.75,56.72],[-133.5,55.75],[-133.71,55.25],[-133.5,53.5],[-133.7,52.0],[-134.81,49.5],[-136.01,47.5],[-142.75,38.47],[-143.62,36.25],[-145.0,35.13],[-145.75,35.18],[-147.25,34.67],[-147.75,34.79],[-148.75,34.38],[-149.33,34.5],[-150.25,35.37],[-151.65,35.75],[-151.85,38.0],[-153.25,39.52],[-154.5,40.34],[-158.5,42.19],[-160.0,42.64],[-163.0,42.94],[-164.5,42.85],[-169.25,41.77],[-172.75,41.73],[-175.25,42.78],[-176.75,42.97],[-180.0,42.87]]}},{"type":"Feature","properties":{"level":1016},"geometry":{"type":"LineString","coordinates":[[180.0,84.36],[178.14,83.5],[176.31,82.0],[175.9,81.25],[176.59,80.25],[180.0,78.75]]}},{"type":"Feature","properties":{"level":1020},"geometry":{"type":"LineString","coordinates":[[-31.69,-89.5],[-1.5,-89.66],[43.0,-89.46],[81.75,-88.8],[100.0,-88.08],[107.5,-87.28],[114.69,-86.0],[118.56,-84.5],[118.23,-84.0],[118.14,-83.25],[118.32,-83.0],[121.9,-82.5],[122.68,-82.25],[123.07,-81.75],[124.07,-81.25],[126.5,-80.75],[132.5,-78.75],[132.86,-78.5],[133.0,-78.0],[132.83,-77.75],[133.24,-77.0],[133.19,-76.75],[132.45,-76.5],[127.5,-75.58],[120.75,-75.84],[115.0,-75.38],[105.25,-73.47],[95.5,-73.66],[94.25,-73.82],[90.5,-74.95],[82.92,-76.25],[79.05,-77.25],[74.0,-77.24],[70.9,-77.75],[70.0,-78.29],[66.75,-78.25],[67.54,-78.75],[65.66,-79.5],[64.75,-79.59],[63.89,-79.5],[62.49,-78.5],[60.0,-78.45],[59.37,-78.0],[59.67,-77.0],[59.63,-76.75],[59.25,-76.59],[54.0,-75.59],[49.5,-74.22],[43.75,-73.98],[30.0,-74.91],[16.0,-74.24],[13.0,-74.3],[10.25,-74.86],[8.76,-76.25],[14.0,-77.36],[23.0,-78.42],[23.25,-78.75],[23.09,-79.25],[22.23,-80.0],[22.18,-80.5],[26.89,-82.0],[25.5,-82.23],[15.75,-81.94],[7.1,-82.25],[4.35,-83.25],[-11.25,-85.21],[-13.5,-85.75],[-16.75,-86.14],[-38.0,-86.7],[-42.9,-87.5],[-43.05,-87.75],[-42.72,-88.0],[-43.83,-88.5],[-43.0,-88.81],[-40.5,-89.1],[-31.69,-89.5]]}},{"type":"Feature","properties":{"level":1020},"geometry":{"type":"LineString","coordinates":[[122.87,-74.75],[124.0,-74.56],[125.26,-74.0],[125.25,-73.73],[127.25,-73.52],[128.6,-73.0],[128.25,-72.73],[126.75,-72.5],[123.75,-73.06],[120.25,-73.25],[121.0,-74.09],[122.87,-74.75]]}},{"type":"Feature","properties":{"level":1020},"geometry":{"type":"LineString","coordinates":[[-180.0,-50.21],[-170.89,-47.5],[-166.7,-45.5],[-165.8,-44.75],[-165.46,-43.75],[-164.12,-43.0],[-161.25,-40.25],[-158.98,-37.25],[-158.8,-36.5],[-158.97,-36.25],[-158.25,-35.75],[-152.23,-34.0],[-147.75,-32.3],[-144.25,-31.43],[-141.84,-31.25],[-138.0,-30.19],[-136.99,-29.75],[-136.7,-29.0],[-136.63,-27.75],[-137.0,-27.15],[-137.75,-27.2],[-138.0,-26.68],[-138.75,-27.08],[-139.0,-26.62],[-139.51,-26.5],[-140.0,-25.95],[-141.25,-25.87],[-141.75,-26.37],[-142.25,-25.7],[-143.25,-25.81],[-144.75,-25.01],[-145.0,-25.14],[-146.75,-24.44],[-149.75,-23.88],[-150.18,-24.25],[-151.5,-24.17],[-155.0,-23.26],[-157.75,-23.29],[-161.0,-22.37],[-163.5,-22.68],[-166.75,-22.45],[-167.75,-22.84],[-168.25,-22.62],[-170.0,-23.07],[-171.25,-23.03],[-171.75,-23.37],[-173.25,-23.15],[-174.25,-23.27],[-175.0,-23.48],[-176.25,-24.49],[-177.25,-23.38],[-177.75,-24.49],[-179.25,-24.73],[-180.0,-25.6]]}},{"type":"Feature","properties":{"level":1020},"geometry":{"type":"LineString","coordinates":[[152.75,-45.52],[150.41,-44.5],[148.98,-43.0],[149.05,-42.75],[148.0,-41.24],[147.31,-41.25],[147.91,-38.75],[149.19,-37.5],[149.1,-37.0],[149.41,-36.5],[149.25,-36.27],[148.5,-36.66],[147.9,-35.75],[148.75,-35.12],[149.25,-35.22],[149.49,-35.0],[149.19,-34.75],[149.55,-34.0],[149.3,-33.75],[149.29,-33.25],[149.75,-33.34],[149.66,-32.75],[149.95,-32.25],[149.75,-31.51],[149.25,-31.54],[149.07,-31.25],[150.0,-30.35],[151.25,-30.92],[151.5,-31.27],[152.18,-30.25],[152.06,-29.75],[152.25,-29.62],[152.5,-30.02],[153.14,-30.25],[153.43,-31.25],[153.77,-31.5],[154.0,-33.5],[155.36,-36.75],[155.43,-37.5],[155.15,-38.0],[155.37,-38.5],[154.45,-41.0],[154.31,-42.25],[154.8,-45.0],[154.0,-45.58],[152.75,-45.52]]}},{"type":"Feature","properties":{"level":1020},"geometry":{"type":"LineString","coordinates":[[146.0,-42.27],[145.32,-41.25],[145.5,-40.85],[146.52,-41.25],[147.18,-42.0],[146.5,-42.14],[146.25,-42.48],[146.0,-42.27]]}},{"type":"Feature","properties":{"level":1020},"geometry":{"type":"LineString","coordinates":[[-70.97,-36.5],[-70.5,-36.67],[-70.38,-36.5],[-70.25,-35.73],[-69.39,-34.0],[-69.39,-33.0],[-69.92,-32.0],[-69.92,-30.75],[-69.42,-29.75],[-69.35,-28.75],[-68.36,-27.75],[-68.0,-26.75],[-68.25,-26.08],[-68.82,-25.75],[-69.0,-25.36],[-68.99,-27.0],[-69.25,-27.04],[-70.34,-29.5],[-70.14,-30.0],[-70.41,-30.25],[-70.65,-31.5],[-70.18,-33.75],[-70.68,-34.5],[-70.41,-35.0],[-70.94,-35.5],[-71.0,-35.93],[-71.26,-36.0],[-70.89,-36.25],[-70.97,-36.5]]}},{"type":"Feature","properties":{"level":1020},"geometry":{"type":"LineString","coordinates":[[149.81,-31.5],[150.02,-31.5],[150.0,-31.22],[149.81,-31.5]]}},{"type":"Feature","properties":{"level":1020},"geometry":{"type":"LineString","coordinates":[[-86.52,-31.0],[-86.5,-30.69],[-86.68,-30.75],[-86.52,-31.0]]}},{"type":"Feature","properties":{"level":1020},"geometry":{"type":"LineString","coordinates":[[-84.98,-31.0],[-84.75,-31.18],[-84.61,-31.0],[-85.31,-30.5],[-85.39,-30.75],[-84.98,-31.0]]}},{"type":"Feature","properties":{"level":1020},"geometry":{"type":"LineString","coordinates":[[-82.03,-31.0],[-81.44,-31.0],[-81.0,-30.42],[-80.25,-30.78],[-79.75,-30.14],[-79.72,-30.5],[-79.25,-30.69],[-78.95,-30.0],[-79.5,-29.68],[-80.25,-29.87],[-80.75,-29.17],[-81.75,-29.05],[-82.25,-28.47],[-82.75,-28.85],[-83.25,-28.21],[-83.0,-29.13],[-82.75,-29.2],[-82.5,-28.87],[-82.38,-29.25],[-82.7,-29.75],[-82.03,-31.0]]}},{"type":"Feature","properties":{"level":1020},"geometry":{"type":"LineString","coordinates":[[67.25,-30.51],[65.9,-29.75],[65.36,-28.5],[65.68,-27.75],[66.25,-27.23],[68.0,-26.68],[69.3,-27.5],[69.79,-29.25],[68.45,-30.5],[67.25,-30.51]]}},{"type":"Feature","properties":{"level":1020},"geometry":{"type":"LineString","coordinates":[[70.25,-30.53],[70.09,-30.25],[70.25,-30.12],[70.72,-30.25],[70.66,-30.5],[70.25,-30.53]]}},{"type":"Feature","properties":{"level":1020},"geometry":{"type":"LineString","coordinates":[[71.5,-30.39],[71.5,-30.07],[72.0,-30.0],[71.75,-30.42],[71.5,-30.39]]}},{"type":"Feature","properties":{"level":1020},"geometry":{"type":"LineString","coordinates":[[-84.96,-30.0],[-84.62,-30.0],[-84.96,-30.0]]}},{"type":"Feature","properties":{"level":1020},"geometry":{"type":"LineString","coordinates":[[22.42,-30.0],[22.75,-30.25],[23.61,-29.0],[23.5,-28.75],[22.6,-29.5],[22.42,-30.0]]}},{"type":"Feature","properties":{"level":1020},"geometry":{"type":"LineString","coordinates":[[149.5,-30.14],[149.19,-29.75],[149.75,-29.53],[149.5,-30.14]]}},{"type":"Feature","properties":{"level":1020},"geometry":{"type":"LineString","coordinates":[[71.75,-29.59],[71.47,-29.25],[71.75,-29.31],[71.75,-29.59]]}},{"type":"Feature","properties":{"level":1020},"geometry":{"type":"LineString","coordinates":[[148.75,-28.76],[148.25,-28.34],[147.75,-28.26],[147.41,-27.75],[147.16,-26.75],[147.75,-26.36],[149.02,-27.25],[149.14,-28.25],[149.0,-28.77],[148.75,-28.76]]}},{"type":"Feature","properties":{"level":1020},"geometry":{"type":"LineString","coordinates":[[-68.61,-25.5],[-68.26,-25.25],[-68.25,-24.63],[-67.42,-24.0],[-67.25,-23.1],[-66.95,-23.0],[-66.98,-22.0],[-67.5,-21.98],[-68.0,-21.46],[-68.3,-21.5],[-68.29,-20.75],[-68.68,-20.25],[-69.08,-18.5],[-69.01,-18.0],[-69.5,-17.71],[-70.5,-16.36],[-70.65,-17.0],[-70.03,-17.5],[-69.4,-18.5],[-68.79,-21.5],[-68.35,-22.0],[-67.87,-23.25],[-68.0,-23.96],[-68.82,-24.75],[-68.61,-25.5]]}},{"type":"Feature","properties":{"level":1020},"geometry":{"type":"LineString","coordinates":[[46.25,-25.56],[46.25,-25.35],[46.25,-25.56]]}},{"type":"Feature","properties":{"level":1020},"geometry":{"type":"LineString","coordinates":[[180.0,-25.6],[179.77,-25.5],[180.0,-25.34]]}},{"type":"Feature","properties":{"level":1020},"geometry":{"type":"LineString","coordinates":[[-180.0,-25.34],[-180.0,-25.19]]}},{"type":"Feature","properties":{"level":1020},"geometry":{"type":"LineString","coordinates":[[180.0,-25.19],[179.82,-25.0],[180.0,-24.72]]}},{"type":"Feature","properties":{"level":1020},"geometry":{"type":"LineString","coordinates":[[46.0,-24.88],[46.0,-24.7],[46.0,-24.88]]}},{"type":"Feature","properties":{"level":1020},"geometry":{"type":"LineString","coordinates":[[-180.0,-24.72],[-180.0,-24.04]]}},{"type":"Feature","properties":{"level":1020},"geometry":{"type":"LineString","coordinates":[[180.0,-24.04],[179.5,-24.59],[179.25,-24.27],[179.0,-24.47],[178.5,-25.81],[178.0,-25.47],[175.75,-25.29],[174.5,-25.87],[169.5,-25.26],[167.75,-25.67],[167.0,-25.33],[165.75,-25.44],[164.0,-24.77],[163.25,-24.73],[162.25,-24.11],[161.5,-24.12],[159.5,-23.43],[157.0,-23.1],[156.75,-23.28],[154.5,-22.54],[153.75,-21.89],[150.75,-20.44],[147.68,-18.5],[146.75,-17.74],[146.43,-17.0],[145.75,-16.55],[145.5,-15.94],[145.09,-16.25],[145.25,-16.63],[145.86,-17.0],[145.33,-17.5],[145.85,-19.0],[145.77,-19.25],[145.0,-18.98],[144.25,-19.34],[144.25,-19.75],[145.13,-20.5],[145.29,-21.0],[144.5,-22.0],[144.23,-22.75],[144.39,-23.75],[145.04,-24.0],[144.65,-24.75],[145.14,-25.75],[146.25,-26.02],[146.44,-26.5],[145.25,-26.1],[144.0,-26.48],[143.25,-26.98],[141.75,-26.22],[140.75,-26.78],[138.25,-26.26],[137.75,-25.89],[136.25,-26.31],[136.0,-25.82],[134.5,-24.46],[133.5,-24.22],[132.5,-23.52],[130.75,-23.3],[130.53,-23.5],[130.85,-24.0],[130.83,-24.5],[130.0,-24.72],[129.69,-25.25],[130.08,-26.0],[131.5,-26.5],[132.57,-27.5],[132.0,-27.87],[131.76,-28.75],[131.46,-29.0],[130.5,-29.21],[129.05,-28.5],[127.86,-26.75],[124.75,-25.31],[121.25,-24.59],[119.75,-25.05],[119.25,-24.93],[118.5,-25.13],[117.5,-25.05],[116.5,-24.58],[115.5,-24.7],[115.25,-24.39],[114.75,-24.5],[114.25,-23.64],[112.26,-21.75],[111.75,-20.62],[110.48,-19.25],[109.89,-18.0],[109.5,-17.75],[107.75,-17.76],[107.25,-17.59],[107.0,-17.2],[104.75,-17.22],[101.0,-16.28],[100.25,-16.59],[98.25,-16.69],[95.5,-17.39],[93.75,-18.14],[92.25,-18.21],[91.75,-18.01],[89.75,-18.49],[87.0,-17.87],[85.25,-17.98],[83.75,-18.48],[82.5,-18.41],[81.25,-18.86],[80.75,-18.89],[80.25,-18.6],[79.5,-18.79],[79.0,-18.62],[77.75,-19.24],[76.5,-19.06],[75.75,-19.2],[74.75,-19.75],[74.16,-20.5],[73.11,-21.25],[73.09,-22.0],[72.73,-22.5],[72.98,-25.0],[72.5,-25.05],[72.0,-24.45],[71.53,-25.5],[71.0,-25.7],[69.75,-24.94],[67.75,-22.88],[63.0,-20.82],[59.0,-19.73],[58.25,-19.71],[57.25,-19.32],[56.75,-18.86],[55.75,-18.65],[51.75,-18.64],[50.75,-17.91],[50.0,-17.8],[49.75,-17.33],[49.68,-15.75],[49.75,-15.48],[50.0,-15.75],[50.21,-15.5],[49.5,-13.67],[49.0,-13.88],[48.55,-14.5],[49.0,-15.86],[48.0,-16.39],[47.47,-17.0],[47.0,-18.28],[46.71,-18.25],[46.51,-20.0],[46.66,-20.25],[46.37,-20.5],[46.58,-21.0],[46.22,-21.5],[46.32,-21.75],[45.25,-22.33],[44.0,-22.5],[44.25,-22.68],[44.5,-22.51],[45.36,-23.5],[44.88,-24.0],[45.48,-24.5],[45.06,-25.25],[45.09,-25.75],[45.46,-26.25],[45.25,-26.81],[43.0,-28.53],[39.0,-29.91],[37.5,-30.12],[35.75,-29.91],[34.75,-29.42],[33.64,-28.25],[32.37,-25.75],[31.5,-24.54],[30.5,-24.36],[29.5,-25.78],[28.75,-26.27],[27.75,-27.75],[27.77,-28.75],[28.29,-29.0],[27.48,-29.75],[27.28,-30.5],[26.0,-30.21],[25.0,-30.41],[24.0,-29.92],[23.25,-30.64],[22.5,-30.29],[22.25,-30.72],[21.75,-30.95],[20.0,-31.16],[19.75,-32.04],[19.5,-31.76],[19.07,-32.25],[19.04,-33.25],[18.75,-33.32],[17.25,-32.98],[15.75,-32.12],[13.0,-28.04],[10.56,-25.25],[8.75,-22.75],[3.33,-19.5],[1.52,-18.0],[-0.25,-17.1],[-7.0,-15.01],[-9.0,-14.8],[-10.5,-14.27],[-13.0,-13.87],[-16.5,-13.86],[-18.0,-14.26],[-23.25,-14.64],[-24.75,-14.89],[-26.0,-15.69],[-27.25,-15.74],[-27.75,-16.09],[-29.25,-15.88],[-29.5,-16.09],[-30.75,-15.73],[-31.75,-16.76],[-32.25,-16.67],[-33.0,-17.66],[-35.1,-19.25],[-35.75,-20.19],[-39.75,-21.36],[-40.34,-21.0],[-40.5,-19.79],[-41.75,-20.09],[-42.51,-20.75],[-42.49,-21.25],[-42.75,-21.42],[-43.0,-21.49],[-43.5,-21.1],[-43.83,-21.5],[-43.93,-21.75],[-43.75,-21.85],[-43.0,-21.92],[-43.16,-22.25],[-43.0,-22.34],[-41.75,-22.53],[-41.06,-24.0],[-41.36,-24.25],[-41.69,-25.25],[-42.17,-25.5],[-43.26,-27.25],[-45.24,-34.75],[-46.09,-37.0],[-46.89,-38.0],[-46.59,-39.25],[-47.8,-42.0],[-48.45,-46.25],[-49.13,-48.25],[-50.46,-50.75],[-50.42,-52.25],[-50.05,-53.0],[-49.25,-53.19],[-46.75,-52.98],[-43.0,-51.42],[-40.43,-50.0],[-39.5,-49.17],[-38.55,-48.0],[-37.75,-46.25],[-36.5,-44.81],[-30.75,-39.69],[-28.25,-37.97],[-25.75,-36.68],[-21.0,-34.93],[-18.75,-34.85],[-17.25,-34.0],[-16.5,-34.03],[-16.25,-33.56],[-15.75,-33.77],[-15.5,-33.38],[-15.0,-33.42],[-14.5,-33.05],[-13.75,-33.21],[-13.25,-32.77],[-12.25,-33.04],[-11.75,-32.47],[-10.25,-32.5],[-8.25,-31.2],[-4.0,-32.62],[-2.75,-32.83],[0.5,-34.3],[1.25,-34.24],[3.5,-35.74],[4.25,-35.98],[15.5,-44.75],[18.75,-48.66],[21.5,-51.09],[24.0,-52.78],[27.5,-53.62],[31.25,-53.42],[36.25,-52.12],[45.5,-48.43],[47.0,-47.17],[51.0,-46.36],[51.32,-46.0],[51.5,-44.99],[52.5,-44.67],[54.75,-44.96],[60.33,-46.25],[63.75,-47.58],[68.5,-47.46],[70.75,-47.07],[73.38,-46.25],[80.64,-43.25],[84.78,-42.25],[89.63,-40.0],[93.75,-38.53],[100.75,-37.37],[106.75,-37.19],[109.75,-36.67],[114.75,-37.02],[120.25,-38.23],[126.75,-41.33],[134.5,-45.53],[139.75,-47.96],[147.29,-51.0],[151.5,-52.27],[154.85,-53.0],[158.0,-53.44],[161.0,-53.54],[168.25,-52.82],[180.0,-50.21]]}},{"type":"Feature","properties":{"level":1020},"geometry":{"type":"LineString","coordinates":[[39.07,6.75],[39.75,6.62],[40.13,7.0],[39.75,7.32],[39.07,6.75]]}},{"type":"Feature","properties":{"level":1020},"geometry":{"type":"LineString","coordinates":[[38.98,7.5],[39.25,7.27],[40.0,8.27],[39.25,8.01],[38.98,7.5]]}},{"type":"Feature","properties":{"level":1020},"geometry":{"type":"LineString","coordinates":[[37.84,8.75],[38.28,8.75],[38.25,9.04],[39.11,9.0],[39.78,9.75],[39.7,11.25],[39.25,12.37],[38.8,11.75],[38.93,11.25],[38.7,11.0],[39.19,10.0],[38.47,9.75],[38.5,9.5],[37.84,8.75]]}},{"type":"Feature","properties":{"level":1020},"geometry":{"type":"LineString","coordinates":[[5.45,23.25],[5.75,23.01],[6.47,23.5],[6.25,23.63],[5.45,23.25]]}},{"type":"Feature","properties":{"level":1020},"geometry":{"type":"LineString","coordinates":[[10.97,23.5],[11.13,23.75],[10.63,24.5],[10.5,25.19],[10.25,24.61],[9.5,25.47],[8.25,25.48],[8.0,25.21],[8.0,24.88],[8.75,25.1],[10.0,24.02],[10.75,23.95],[10.97,23.5]]}},{"type":"Feature","properties":{"level":1020},"geometry":{"type":"LineString","coordinates":[[11.83,23.75],[12.25,23.7],[13.0,24.52],[14.75,25.31],[15.25,25.35],[15.5,24.86],[16.0,24.98],[17.0,24.66],[19.0,24.59],[19.75,23.82],[20.75,24.39],[22.25,24.4],[24.25,25.19],[25.5,24.89],[26.25,25.43],[26.35,26.5],[25.92,27.0],[26.21,27.5],[26.0,29.0],[25.76,29.25],[26.0,30.63],[24.3,32.0],[24.1,33.0],[24.24,34.75],[24.38,35.0],[25.62,35.25],[25.03,35.75],[25.75,37.34],[26.5,38.04],[28.17,37.75],[28.31,37.25],[29.75,36.4],[30.25,36.5],[30.75,37.36],[32.75,36.18],[33.5,36.62],[34.0,36.52],[35.75,37.52],[36.25,37.42],[36.5,36.67],[37.25,36.88],[37.68,37.5],[38.5,37.81],[39.16,37.75],[39.13,37.5],[39.5,37.32],[41.5,37.2],[42.25,37.41],[43.25,36.94],[44.25,36.89],[44.51,36.75],[44.48,36.25],[45.08,36.25],[44.98,35.75],[45.25,35.27],[45.84,35.25],[45.97,34.0],[46.41,33.25],[49.25,32.69],[49.99,32.0],[50.25,31.14],[50.5,31.16],[51.0,30.51],[51.5,30.36],[52.25,29.1],[52.74,28.75],[53.94,29.25],[54.0,29.61],[54.33,29.0],[54.75,28.99],[54.75,29.32],[55.13,29.25],[55.17,29.5],[54.49,29.75],[52.0,32.19],[51.42,32.25],[51.5,33.15],[52.75,32.6],[53.04,32.75],[52.92,33.0],[52.0,33.33],[51.0,34.31],[50.57,34.25],[50.5,33.96],[50.05,35.0],[50.5,35.75],[50.0,35.87],[49.92,36.25],[52.75,35.46],[54.25,36.44],[56.65,37.5],[56.0,37.83],[54.89,37.25],[54.71,38.25],[55.0,38.48],[56.75,38.48],[58.0,37.86],[58.19,38.0],[58.04,38.25],[58.99,39.25],[58.26,40.0],[58.75,40.08],[59.0,40.56],[59.51,40.75],[59.74,41.25],[59.44,41.5],[59.49,42.0],[59.85,42.5],[59.0,42.79],[58.06,44.75],[57.25,45.29],[55.25,45.75],[52.75,45.73],[51.0,46.38],[48.44,47.75],[47.33,48.75],[45.92,50.75],[45.4,54.0],[45.59,55.0],[46.36,56.5],[48.85,58.5],[53.89,60.5],[58.75,61.52],[59.75,60.94],[62.25,61.45],[64.25,61.49],[68.25,61.24],[71.5,60.67],[80.5,58.16],[84.0,56.07],[83.5,54.34],[83.04,53.75],[83.15,53.5],[82.5,52.99],[82.11,51.75],[80.61,50.5],[80.76,49.5],[79.9,48.5],[81.0,47.78],[81.07,47.25],[81.72,46.5],[83.15,46.25],[81.99,45.75],[81.25,45.76],[79.0,45.06],[78.48,44.25],[81.0,44.26],[81.8,43.75],[78.75,43.21],[77.5,43.34],[76.06,43.0],[75.5,42.64],[73.25,42.68],[70.5,42.33],[70.14,42.0],[70.1,41.25],[70.5,41.0],[72.25,41.56],[73.44,40.75],[72.64,40.25],[68.25,39.63],[67.5,39.21],[66.99,38.5],[67.25,38.32],[67.75,38.62],[68.75,38.71],[70.0,38.37],[70.38,37.0],[68.75,35.64],[68.5,35.64],[68.25,36.06],[67.75,36.08],[67.0,35.81],[65.75,35.91],[64.36,35.5],[64.35,35.0],[63.48,34.5],[62.81,33.75],[64.0,33.35],[63.92,33.0],[64.25,32.93],[65.25,33.23],[65.5,33.53],[66.5,33.69],[66.74,33.5],[66.48,33.25],[66.78,33.0],[66.75,32.74],[68.13,33.5],[69.25,35.14],[71.0,35.16],[71.75,35.85],[72.5,35.21],[74.0,35.66],[74.45,35.5],[73.5,35.39],[73.23,35.0],[73.34,34.75],[75.0,34.38],[75.45,33.5],[75.75,33.52],[76.64,32.25],[77.25,32.17],[77.5,31.68],[77.98,31.5],[78.75,30.71],[79.5,30.57],[79.75,30.22],[80.5,30.12],[81.25,29.67],[82.0,29.83],[82.25,29.1],[82.5,29.28],[83.0,29.02],[83.25,28.55],[84.5,28.49],[86.5,27.63],[87.25,27.73],[88.25,27.39],[88.5,27.66],[89.25,27.23],[89.75,27.9],[90.25,27.59],[91.25,27.96],[92.25,27.56],[92.98,28.0],[92.75,28.5],[94.0,28.68],[95.25,29.29],[95.25,28.74],[96.0,28.86],[96.91,27.75],[97.75,28.07],[98.25,27.99],[99.24,27.25],[98.96,27.0],[99.5,26.46],[100.25,28.1],[100.51,28.25],[100.33,29.25],[100.75,29.41],[101.02,29.25],[100.91,28.5],[101.25,28.11],[101.75,27.68],[102.25,28.09],[102.62,27.25],[103.0,27.08],[103.5,26.22],[103.75,26.59],[104.75,26.5],[105.43,27.5],[104.47,28.25],[104.1,30.0],[104.54,31.0],[104.25,30.92],[104.25,31.41],[104.75,31.8],[105.5,31.56],[106.25,32.0],[107.95,31.25],[108.25,30.83],[108.5,31.0],[108.2,29.75],[108.51,29.5],[107.75,28.25],[108.14,27.75],[107.94,27.5],[108.25,27.03],[108.5,27.12],[109.0,26.73],[109.75,26.94],[110.0,27.28],[110.75,27.05],[111.0,27.44],[111.5,27.15],[111.75,27.72],[112.7,28.5],[113.0,29.23],[113.97,29.75],[114.14,30.5],[114.6,31.0],[115.25,31.13],[116.5,30.87],[117.25,31.1],[119.75,32.89],[119.49,33.25],[119.56,34.25],[119.13,35.0],[119.75,35.64],[119.75,36.3],[115.97,39.75],[118.0,41.25],[119.0,41.42],[119.75,42.34],[120.5,42.76],[124.25,43.96],[125.5,43.85],[126.75,43.02],[127.5,43.33],[127.75,42.91],[128.5,42.92],[129.0,42.09],[129.25,42.21],[129.35,42.0],[128.92,40.75],[129.25,40.6],[130.07,41.0],[129.93,40.5],[130.5,39.8],[130.5,39.0],[131.08,38.75],[130.99,38.0],[131.85,37.5],[133.0,37.18],[133.75,37.37],[134.0,37.07],[135.25,37.63],[137.0,37.2],[138.05,37.25],[138.23,37.0],[137.56,36.5],[138.25,35.06],[139.0,34.66],[140.75,34.92],[142.5,34.48],[146.0,35.1],[149.0,35.26],[153.25,35.88],[153.75,35.65],[155.0,35.9],[155.75,35.78],[156.5,36.08],[157.75,35.69],[160.0,35.83],[160.5,35.43],[163.0,35.65],[168.0,37.35],[169.44,38.5],[169.75,39.24],[169.69,38.5],[170.0,38.48],[170.39,39.25],[170.25,39.53],[169.75,39.26],[169.6,39.5],[169.82,40.0],[169.25,40.21],[168.96,40.75],[167.25,40.6],[165.0,41.56],[164.25,41.57],[163.5,41.97],[161.25,42.43],[158.75,43.83],[156.0,45.0],[153.75,45.39],[150.25,46.42],[145.0,46.87],[143.5,46.51],[142.75,46.76],[142.25,46.54],[141.96,46.75],[142.0,47.01],[140.75,46.96],[139.0,47.51],[138.52,48.5],[137.54,49.25],[137.75,49.57],[135.5,48.84],[134.25,48.95],[133.9,49.25],[133.92,50.0],[133.69,50.25],[134.32,50.75],[133.83,51.0],[134.39,51.75],[133.99,52.0],[134.25,52.25],[133.25,52.53],[132.95,52.0],[132.41,52.5],[132.25,53.02],[131.0,52.98],[130.0,52.45],[129.0,52.56],[128.5,52.7],[128.35,53.0],[127.41,53.0],[125.83,54.0],[123.75,54.59],[122.0,54.22],[121.0,54.35],[119.25,54.15],[119.24,54.5],[119.89,55.0],[119.13,55.5],[117.25,55.85],[116.25,55.73],[116.25,56.5],[115.5,56.68],[114.0,56.19],[113.96,56.75],[113.25,57.06],[112.25,57.13],[111.5,56.77],[110.5,57.05],[108.5,56.81],[108.0,56.98],[107.25,56.65],[106.0,56.82],[103.75,56.44],[102.0,56.54],[101.5,56.33],[95.4,57.25],[94.95,57.5],[94.55,58.25],[94.95,58.75],[94.03,59.5],[93.99,60.0],[94.45,60.25],[94.5,60.8],[96.5,60.93],[97.3,61.5],[96.48,62.5],[96.51,62.75],[93.75,64.6],[89.25,66.37],[81.5,67.13],[70.25,68.74],[61.0,69.48],[52.89,68.75],[44.25,67.2],[39.25,65.73],[29.5,61.26],[27.0,61.29],[24.75,61.01],[15.75,59.35],[10.33,59.0],[10.1,59.5],[10.22,60.5],[10.54,61.0],[10.42,61.25],[10.0,61.54],[9.75,61.31],[9.7,61.75],[9.01,62.25],[7.5,62.4],[6.25,62.24],[-4.75,58.12],[-7.0,57.67],[-9.0,56.64],[-13.0,55.1],[-27.25,51.26],[-33.0,48.79],[-38.25,46.15],[-40.5,45.79],[-50.0,42.88],[-50.75,42.89],[-51.66,43.25],[-51.62,44.0],[-52.05,44.75],[-54.5,46.54],[-55.07,47.25],[-55.57,48.5],[-56.94,49.25],[-58.75,49.4],[-60.57,50.0],[-61.0,50.25],[-61.65,51.25],[-62.5,51.75],[-66.25,53.02],[-71.5,54.15],[-78.0,54.28],[-79.17,53.75],[-79.16,53.0],[-79.75,52.51],[-84.5,50.51],[-86.13,50.25],[-86.67,49.75],[-86.03,47.75],[-86.69,46.75],[-87.96,45.75],[-88.0,44.94],[-88.25,44.81],[-88.5,45.06],[-89.5,44.57],[-92.26,42.5],[-94.5,41.4],[-95.11,40.75],[-94.25,40.64],[-93.75,40.09],[-91.41,39.75],[-90.86,39.25],[-90.25,39.23],[-90.0,38.47],[-88.75,38.76],[-87.25,38.24],[-85.75,38.26],[-84.5,37.82],[-84.0,37.33],[-83.5,37.37],[-83.26,37.25],[-83.41,37.0],[-83.24,36.75],[-82.14,36.5],[-82.75,35.73],[-83.27,35.75],[-83.43,35.5],[-83.0,35.14],[-82.54,35.25],[-82.5,35.51],[-82.25,35.27],[-78.25,34.94],[-78.0,34.65],[-77.73,34.75],[-77.99,35.0],[-77.75,35.07],[-76.1,34.5],[-75.86,34.0],[-76.27,32.5],[-76.0,31.87],[-75.0,31.21],[-74.56,30.5],[-73.0,30.36],[-70.5,28.81],[-68.0,28.86],[-65.5,29.66],[-64.25,29.71],[-63.5,29.58],[-61.75,28.7],[-59.52,29.0],[-59.06,27.0],[-57.75,26.33],[-54.75,26.11],[-51.0,25.1],[-49.75,25.17],[-48.25,24.74],[-46.25,24.98],[-45.5,24.72],[-44.5,24.86],[-41.75,24.65],[-41.25,25.0],[-39.5,25.43],[-38.25,25.46],[-36.75,25.15],[-35.0,25.66],[-33.0,25.27],[-31.25,25.3],[-28.25,26.27],[-27.0,26.06],[-25.0,27.39],[-24.0,27.22],[-21.5,28.44],[-16.8,31.75],[-14.57,35.5],[-13.13,36.5],[-12.66,37.75],[-10.98,39.5],[-10.43,41.75],[-9.0,42.73],[-7.75,40.23],[-6.25,40.35],[-5.75,40.12],[-4.0,40.11],[-3.75,39.73],[-4.52,39.5],[-3.75,39.43],[-3.0,39.01],[-3.33,38.5],[-2.94,38.25],[-3.08,38.0],[-5.25,36.83],[-5.25,36.59],[-1.25,36.95],[1.0,38.75],[2.0,38.99],[3.25,38.73],[5.0,37.88],[5.5,37.92],[5.98,37.5],[5.83,37.0],[5.41,36.75],[4.5,36.92],[2.75,36.5],[1.75,36.51],[0.75,35.46],[-2.25,34.86],[-2.9,34.25],[-4.0,34.23],[-6.0,33.52],[-6.56,33.0],[-6.01,32.75],[-6.5,32.19],[-7.58,31.5],[-9.11,31.0],[-8.75,30.68],[-8.2,30.75],[-8.16,30.5],[-8.9,30.0],[-9.19,29.5],[-8.75,29.4],[-7.0,30.14],[-6.25,30.05],[-5.75,30.24],[-5.0,30.0],[-4.25,30.3],[-3.0,29.65],[-2.5,29.67],[-2.25,30.0],[-1.75,29.71],[1.5,29.96],[2.5,29.63],[4.5,30.21],[6.25,29.99],[8.0,29.03],[7.9,28.5],[9.32,27.5],[10.0,26.15],[10.25,26.37],[10.5,26.27],[11.0,25.56],[11.25,25.6],[11.45,24.25],[11.83,23.75]]}},{"type":"Feature","properties":{"level":1020},"geometry":{"type":"LineString","coordinates":[[88.0,28.23],[87.5,28.5],[87.71,28.75],[87.32,29.0],[86.5,29.13],[86.44,29.5],[87.26,29.5],[87.5,29.94],[87.75,29.94],[88.25,29.6],[90.5,29.42],[91.25,30.07],[92.05,30.0],[91.58,29.5],[92.09,29.25],[91.17,29.0],[90.75,28.45],[89.75,28.86],[88.0,28.23]]}},{"type":"Feature","properties":{"level":1020},"geometry":{"type":"LineString","coordinates":[[56.45,28.75],[57.75,29.22],[57.5,30.19],[56.5,30.03],[55.65,30.25],[54.75,30.93],[54.5,30.77],[54.5,30.45],[55.5,29.9],[56.45,28.75]]}},{"type":"Feature","properties":{"level":1020},"geometry":{"type":"LineString","coordinates":[[54.18,31.0],[54.47,31.0],[54.4,31.5],[53.5,32.3],[53.26,32.25],[53.33,31.75],[54.18,31.0]]}},{"type":"Feature","properties":{"level":1020},"geometry":{"type":"LineString","coordinates":[[-180.0,31.77],[-177.09,32.5],[-170.25,32.95],[-164.0,34.0],[-163.29,34.25],[-162.26,35.25],[-162.41,35.5],[-161.81,35.75],[-163.0,36.72],[-162.96,37.25],[-163.5,37.78],[-165.0,38.25],[-166.0,38.94],[-168.0,39.25],[-170.75,39.19],[-176.5,38.49],[-180.0,37.72]]}},{"type":"Feature","properties":{"level":1020},"geometry":{"type":"LineString","coordinates":[[-32.25,32.96],[-33.5,33.81],[-33.96,34.75],[-34.08,35.75],[-33.5,37.13],[-32.0,37.45],[-30.25,36.79],[-29.72,36.25],[-29.38,35.25],[-29.91,34.0],[-30.6,33.25],[-31.25,32.87],[-32.25,32.96]]}},{"type":"Feature","properties":{"level":1020},"geometry":{"type":"LineString","coordinates":[[35.89,33.5],[37.1,34.25],[36.25,34.51],[36.0,34.37],[35.89,33.5]]}},{"type":"Feature","properties":{"level":1020},"geometry":{"type":"LineString","coordinates":[[-4.34,34.5],[-3.75,34.27],[-3.27,34.5],[-3.75,34.92],[-4.75,35.14],[-4.99,35.0],[-4.34,34.5]]}},{"type":"Feature","properties":{"level":1020},"geometry":{"type":"LineString","coordinates":[[-105.32,36.25],[-104.87,37.25],[-105.25,37.71],[-105.48,36.75],[-105.32,36.25]]}},{"type":"Feature","properties":{"level":1020},"geometry":{"type":"LineString","coordinates":[[45.75,36.99],[45.5,37.01],[45.17,37.75],[45.25,38.39],[46.3,38.0],[45.92,37.75],[46.01,37.0],[45.75,36.99]]}},{"type":"Feature","properties":{"level":1020},"geometry":{"type":"LineString","coordinates":[[-107.94,37.75],[-107.5,37.58],[-106.86,38.0],[-107.5,38.2],[-107.91,38.0],[-107.94,37.75]]}},{"type":"Feature","properties":{"level":1020},"geometry":{"type":"LineString","coordinates":[[26.72,37.75],[26.75,37.95],[26.72,37.75]]}},{"type":"Feature","properties":{"level":1020},"geometry":{"type":"LineString","coordinates":[[180.0,37.72],[174.75,36.36],[172.5,36.33],[171.25,35.8],[170.42,35.75],[169.0,34.87],[167.44,33.0],[168.5,31.8],[170.0,32.02],[170.58,31.25],[171.0,31.09],[173.5,31.18],[175.75,31.9],[176.5,31.66],[178.25,32.01],[179.25,31.61],[180.0,31.77]]}},{"type":"Feature","properties":{"level":1020},"geometry":{"type":"LineString","coordinates":[[-106.52,38.75],[-106.25,39.1],[-105.39,39.25],[-105.27,40.75],[-104.38,41.5],[-104.59,42.0],[-103.5,42.13],[-103.0,41.89],[-102.0,42.07],[-100.96,43.25],[-101.6,44.0],[-101.06,44.5],[-100.64,45.5],[-100.87,47.25],[-103.47,52.5],[-104.17,53.0],[-104.51,53.75],[-104.25,54.78],[-105.63,55.75],[-106.0,56.45],[-107.75,56.87],[-110.5,57.1],[-111.5,56.93],[-112.76,57.25],[-112.96,57.75],[-110.0,58.14],[-107.75,57.76],[-107.25,58.21],[-105.39,58.25],[-105.75,58.64],[-107.75,59.39],[-108.09,59.75],[-106.75,60.75],[-106.46,61.5],[-104.95,62.75],[-104.33,63.0],[-103.71,63.75],[-104.25,64.69],[-105.5,65.57],[-113.75,68.75],[-115.35,69.75],[-117.57,70.5],[-117.69,70.75],[-117.5,70.87],[-115.75,70.76],[-114.73,71.0],[-114.89,71.25],[-114.59,71.5],[-115.13,72.0],[-117.75,72.92],[-117.24,73.75],[-117.37,74.25],[-118.71,75.0],[-118.0,75.43],[-114.79,75.5],[-114.6,75.75],[-114.72,76.0],[-115.25,76.29],[-116.68,76.5],[-117.46,77.25],[-123.06,80.25],[-125.25,80.78],[-129.25,81.32],[-132.25,82.17],[-142.0,82.73],[-151.0,82.53],[-153.59,82.25],[-153.99,82.0],[-153.8,81.75],[-152.5,81.54],[-145.75,80.95],[-138.75,79.96],[-134.98,79.0],[-131.27,77.25],[-130.16,75.5],[-130.2,73.75],[-130.0,73.0],[-128.59,71.75],[-128.14,71.0],[-128.25,70.59],[-128.5,70.49],[-130.5,71.04],[-131.41,71.5],[-131.66,72.0],[-130.89,72.75],[-130.91,73.0],[-131.75,73.53],[-134.79,72.75],[-135.61,72.25],[-135.9,71.75],[-133.42,69.5],[-133.64,69.25],[-132.78,68.5],[-132.93,68.0],[-132.67,67.5],[-131.48,67.25],[-131.82,67.0],[-131.48,66.5],[-129.75,65.64],[-128.92,65.5],[-128.77,65.25],[-127.5,65.31],[-127.25,64.74],[-126.93,64.75],[-127.0,65.04],[-126.25,65.05],[-125.43,64.75],[-124.97,63.75],[-125.17,63.25],[-124.23,62.25],[-124.24,61.75],[-124.5,61.64],[-125.0,62.07],[-125.63,62.0],[-125.4,61.75],[-124.75,61.68],[-124.5,61.16],[-124.15,61.0],[-124.16,60.5],[-124.67,60.0],[-124.42,59.5],[-122.83,58.75],[-121.75,57.87],[-120.25,57.64],[-120.11,57.5],[-121.19,57.25],[-120.69,56.75],[-120.89,56.5],[-120.75,56.29],[-119.97,56.0],[-120.19,55.75],[-120.0,55.55],[-118.75,54.56],[-117.0,54.08],[-117.07,53.75],[-115.92,53.0],[-113.05,51.75],[-112.92,51.25],[-111.15,49.75],[-111.16,49.25],[-111.52,48.75],[-111.38,48.5],[-111.0,48.23],[-110.25,48.2],[-109.46,47.25],[-109.44,47.0],[-110.5,47.1],[-110.75,46.76],[-110.46,46.0],[-110.03,45.75],[-110.44,45.5],[-109.75,44.78],[-110.05,44.0],[-109.76,43.5],[-109.93,43.25],[-108.97,42.5],[-108.79,42.75],[-109.13,43.25],[-108.71,43.5],[-108.97,44.75],[-108.5,45.03],[-107.37,44.0],[-107.33,43.75],[-107.81,43.5],[-107.37,42.25],[-106.0,42.26],[-105.85,42.0],[-106.0,41.6],[-106.51,41.5],[-106.49,41.25],[-105.94,41.0],[-105.91,40.0],[-107.1,39.0],[-106.52,38.75]]}},{"type":"Feature","properties":{"level":1020},"geometry":{"type":"LineString","coordinates":[[-110.96,40.75],[-110.5,40.59],[-109.66,40.75],[-110.5,40.95],[-110.96,40.75]]}},{"type":"Feature","properties":{"level":1020},"geometry":{"type":"LineString","coordinates":[[-133.61,42.0],[-131.77,44.25],[-131.81,45.0],[-130.63,46.75],[-130.75,47.27],[-131.75,46.91],[-133.54,43.5],[-133.37,42.75],[-133.61,42.0]]}},{"type":"Feature","properties":{"level":1020},"geometry":{"type":"LineString","coordinates":[[58.75,42.46],[59.0,42.65],[59.14,42.5],[58.75,42.46]]}},{"type":"Feature","properties":{"level":1020},"geometry":{"type":"LineString","coordinates":[[-116.91,50.5],[-116.43,50.5],[-117.0,51.05],[-117.5,51.15],[-116.91,50.5]]}},{"type":"Feature","properties":{"level":1020},"geometry":{"type":"LineString","coordinates":[[-116.49,51.25],[-116.25,51.1],[-116.04,51.25],[-115.83,51.5],[-115.97,51.75],[-117.25,52.61],[-118.22,52.75],[-118.75,53.46],[-120.25,53.57],[-120.04,53.25],[-120.83,53.0],[-120.0,52.35],[-119.25,52.77],[-119.07,52.5],[-119.5,52.23],[-119.0,51.82],[-118.5,52.01],[-118.0,51.3],[-117.75,51.27],[-117.5,51.61],[-116.49,51.25]]}},{"type":"Feature","properties":{"level":1020},"geometry":{"type":"LineString","coordinates":[[-122.89,54.25],[-122.5,54.01],[-120.89,54.25],[-120.71,54.5],[-121.5,55.26],[-122.45,55.75],[-122.35,56.25],[-123.0,56.39],[-123.06,56.75],[-124.75,58.47],[-126.25,58.6],[-126.75,58.16],[-127.5,58.22],[-129.0,57.69],[-130.0,57.62],[-130.25,57.21],[-130.75,57.56],[-131.52,57.0],[-130.75,56.87],[-130.44,56.5],[-130.63,56.25],[-130.47,56.0],[-129.36,55.5],[-129.75,55.18],[-129.03,55.25],[-128.25,55.98],[-128.0,55.87],[-127.75,56.09],[-127.25,55.88],[-127.13,56.0],[-127.5,56.06],[-127.5,56.34],[-126.5,56.4],[-126.0,56.08],[-125.25,56.25],[-123.75,55.24],[-123.8,54.75],[-123.03,54.5],[-122.89,54.25]]}},{"type":"Feature","properties":{"level":1020},"geometry":{"type":"LineString","coordinates":[[115.0,55.12],[114.5,55.74],[114.21,55.75],[114.25,56.14],[115.25,56.21],[115.64,56.0],[115.45,55.75],[115.67,55.5],[115.57,55.25],[115.0,55.12]]}},{"type":"Feature","properties":{"level":1020},"geometry":{"type":"LineString","coordinates":[[-113.25,58.25],[-114.07,58.5],[-112.58,58.5],[-112.73,58.25],[-113.25,58.25]]}},{"type":"Feature","properties":{"level":1020},"geometry":{"type":"LineString","coordinates":[[-127.82,61.5],[-127.53,61.5],[-128.0,62.21],[-128.5,62.06],[-129.1,62.25],[-129.0,61.81],[-128.75,61.9],[-127.82,61.5]]}},{"type":"Feature","properties":{"level":1020},"geometry":{"type":"LineString","coordinates":[[11.22,61.5],[12.25,61.43],[13.25,61.93],[14.0,61.72],[14.23,62.0],[14.01,62.5],[13.4,62.75],[11.25,62.97],[10.48,62.5],[10.5,62.09],[11.19,62.0],[11.22,61.5]]}},{"type":"Feature","properties":{"level":1020},"geometry":{"type":"LineString","coordinates":[[-127.24,62.25],[-126.17,62.25],[-126.96,62.5],[-127.24,63.0],[-126.93,63.25],[-127.25,63.43],[-128.5,63.45],[-128.68,63.5],[-128.56,63.75],[-129.0,63.87],[-130.12,63.5],[-130.0,63.17],[-129.25,63.38],[-128.0,63.01],[-128.07,62.75],[-127.24,62.25]]}},{"type":"Feature","properties":{"level":1020},"geometry":{"type":"LineString","coordinates":[[-139.87,68.0],[-139.05,68.0],[-138.17,68.25],[-138.09,68.5],[-140.0,68.69],[-140.35,68.5],[-139.87,68.0]]}},{"type":"Feature","properties":{"level":1020},"geometry":{"type":"LineString","coordinates":[[-143.0,68.25],[-141.15,68.5],[-141.29,68.75],[-144.75,69.05],[-146.01,68.5],[-144.0,68.29],[-143.5,68.6],[-143.0,68.25]]}},{"type":"Feature","properties":{"level":1020},"geometry":{"type":"LineString","coordinates":[[-40.48,70.5],[-38.25,70.48],[-35.13,71.25],[-35.56,71.75],[-37.25,72.0],[-37.17,72.25],[-37.5,72.37],[-38.8,72.5],[-38.79,72.75],[-38.5,72.85],[-36.5,72.99],[-35.18,73.5],[-35.25,73.71],[-36.0,73.83],[-39.53,73.5],[-39.52,73.0],[-40.56,72.5],[-40.22,72.0],[-41.67,71.25],[-41.25,70.78],[-40.48,70.5]]}},{"type":"Feature","properties":{"level":1020},"geometry":{"type":"LineString","coordinates":[[-116.5,71.22],[-116.67,71.25],[-116.5,71.5],[-115.57,71.5],[-116.0,71.2],[-116.5,71.22]]}},{"type":"Feature","properties":{"level":1024},"geometry":{"type":"LineString","coordinates":[[-26.02,-89.25],[-5.25,-89.42],[37.5,-89.3],[78.5,-88.77],[97.5,-88.02],[103.35,-87.5],[112.14,-86.25],[115.31,-85.0],[115.47,-84.5],[114.8,-84.25],[114.89,-84.0],[116.16,-83.0],[120.25,-82.39],[120.67,-82.25],[120.54,-81.75],[122.9,-80.5],[127.0,-79.96],[129.3,-79.25],[129.82,-78.75],[129.46,-77.5],[128.94,-77.0],[126.5,-76.09],[120.5,-76.08],[114.25,-75.42],[104.75,-73.6],[95.25,-73.88],[90.5,-75.14],[83.14,-76.5],[81.0,-77.29],[75.69,-77.75],[74.75,-78.33],[73.5,-78.21],[72.49,-78.5],[74.87,-79.0],[74.25,-79.18],[69.5,-79.11],[68.2,-79.25],[68.15,-79.5],[69.26,-79.75],[66.5,-80.05],[63.19,-80.0],[65.14,-81.25],[65.0,-81.55],[64.25,-81.63],[61.5,-81.25],[60.01,-80.25],[58.72,-78.75],[58.38,-78.0],[58.69,-77.0],[50.25,-75.11],[48.75,-75.22],[46.02,-74.75],[40.5,-74.42],[31.0,-75.08],[25.0,-74.67],[14.2,-74.5],[11.0,-75.14],[10.74,-75.25],[11.37,-75.75],[10.38,-76.0],[10.8,-76.5],[14.52,-77.25],[23.75,-78.11],[24.31,-78.5],[23.83,-79.75],[24.25,-80.13],[29.5,-81.24],[33.75,-81.85],[34.65,-82.25],[30.75,-82.23],[27.3,-82.75],[28.25,-82.83],[29.65,-83.5],[28.75,-83.63],[22.21,-83.25],[27.24,-82.75],[24.94,-82.5],[17.0,-82.12],[9.43,-82.25],[8.07,-82.5],[8.44,-83.0],[6.0,-83.91],[-6.0,-86.14],[-8.32,-86.75],[-22.0,-87.99],[-37.75,-88.5],[-34.25,-88.9],[-26.02,-89.25]]}},{"type":"Feature","properties":{"level":1024},"geometry":{"type":"LineString","coordinates":[[36.5,-88.5],[36.3,-88.5],[40.5,-88.22],[48.7,-88.5],[36.5,-88.5]]}},{"type":"Feature","properties":{"level":1024},"geometry":{"type":"LineString","coordinates":[[122.7,-74.25],[125.0,-73.32],[126.92,-73.0],[121.75,-73.51],[121.4,-73.75],[122.7,-74.25]]}},{"type":"Feature","properties":{"level":1024},"geometry":{"type":"LineString","coordinates":[[28.36,-52.0],[31.5,-51.8],[35.5,-50.84],[42.84,-47.75],[43.79,-47.0],[44.01,-46.25],[44.5,-45.78],[46.75,-45.02],[48.05,-44.0],[48.49,-43.0],[47.54,-42.25],[47.75,-42.18],[58.75,-44.26],[64.25,-44.83],[69.0,-44.74],[75.21,-43.0],[79.98,-42.0],[88.6,-37.75],[92.0,-36.66],[99.75,-35.1],[101.92,-35.0],[102.75,-34.63],[105.25,-34.3],[109.5,-34.23],[110.75,-33.81],[112.5,-33.67],[114.36,-32.75],[114.29,-31.0],[113.5,-29.29],[109.17,-25.25],[108.5,-25.04],[107.0,-23.71],[106.25,-23.58],[105.5,-23.05],[102.5,-22.52],[101.0,-22.86],[99.5,-22.52],[98.25,-22.67],[97.0,-21.98],[96.75,-22.29],[96.25,-22.06],[95.75,-22.81],[95.25,-22.69],[94.75,-23.06],[93.25,-22.99],[92.75,-23.2],[91.75,-22.79],[91.25,-23.01],[90.75,-22.73],[90.5,-23.05],[90.0,-22.58],[89.5,-22.69],[88.75,-22.48],[85.75,-22.54],[85.25,-22.92],[84.25,-22.7],[83.75,-22.95],[82.75,-22.93],[82.25,-23.27],[81.75,-23.19],[79.5,-24.61],[78.76,-25.5],[77.25,-25.39],[76.74,-26.25],[76.02,-26.5],[76.0,-27.25],[75.94,-26.75],[75.5,-26.65],[75.25,-27.43],[74.75,-27.53],[74.66,-28.25],[73.28,-30.5],[71.5,-31.81],[70.25,-32.17],[67.5,-32.2],[65.25,-31.23],[63.5,-29.68],[61.86,-26.75],[60.82,-25.5],[56.5,-24.05],[55.75,-24.08],[52.75,-24.71],[52.25,-25.15],[50.5,-25.64],[45.0,-30.15],[43.0,-30.55],[40.0,-32.03],[35.5,-33.25],[33.75,-32.8],[31.5,-31.37],[30.75,-31.7],[30.49,-30.75],[31.25,-28.55],[30.75,-28.38],[30.0,-28.63],[29.5,-28.11],[28.75,-28.66],[29.13,-29.25],[29.06,-29.5],[28.75,-29.84],[28.5,-29.75],[27.85,-31.0],[26.42,-31.5],[26.0,-32.19],[25.25,-32.0],[25.0,-32.61],[24.25,-32.33],[23.75,-32.83],[23.0,-32.59],[22.0,-33.06],[21.25,-32.46],[21.04,-33.25],[20.06,-33.5],[20.43,-34.0],[19.5,-34.94],[18.25,-34.8],[17.25,-35.08],[14.5,-34.46],[10.5,-30.15],[10.0,-29.7],[9.5,-29.61],[7.25,-27.44],[5.94,-26.5],[-1.0,-23.11],[-2.5,-22.94],[-4.75,-22.28],[-8.0,-22.84],[-8.5,-22.64],[-9.25,-21.78],[-11.0,-21.47],[-11.75,-21.73],[-13.5,-21.57],[-15.5,-21.75],[-16.5,-21.97],[-17.0,-22.4],[-18.08,-22.5],[-17.92,-23.0],[-18.18,-23.5],[-17.55,-24.5],[-15.85,-25.5],[-13.5,-26.3],[-11.01,-27.5],[-4.75,-29.44],[4.25,-33.54],[5.5,-34.39],[8.0,-37.01],[9.25,-37.77],[10.5,-38.97],[12.25,-39.9],[15.66,-42.75],[19.21,-47.0],[20.75,-48.49],[24.5,-51.19],[25.75,-51.61],[28.36,-52.0]]}},{"type":"Feature","properties":{"level":1024},"geometry":{"type":"LineString","coordinates":[[-180.0,-48.59],[-173.75,-46.78],[-171.78,-45.75],[-169.5,-43.74],[-169.03,-42.25],[-167.29,-40.25],[-166.99,-39.5],[-167.46,-38.25],[-168.75,-37.54],[-173.5,-36.11],[-176.4,-34.75],[-180.0,-34.15]]}},{"type":"Feature","properties":{"level":1024},"geometry":{"type":"LineString","coordinates":[[-43.11,-46.0],[-43.0,-46.24],[-42.25,-45.16],[-41.25,-45.0],[-41.0,-44.42],[-39.5,-43.66],[-37.34,-42.0],[-36.14,-40.25],[-35.72,-40.0],[-35.61,-39.5],[-34.58,-39.0],[-34.62,-38.5],[-32.75,-37.59],[-32.43,-37.0],[-31.62,-36.5],[-29.0,-35.15],[-27.68,-34.75],[-27.21,-34.25],[-25.25,-33.83],[-24.75,-33.4],[-23.25,-32.88],[-22.66,-32.0],[-21.87,-32.0],[-21.41,-31.25],[-20.89,-31.0],[-21.32,-30.5],[-20.75,-29.63],[-20.5,-29.62],[-20.25,-30.08],[-19.5,-29.75],[-20.25,-29.25],[-20.8,-28.25],[-21.75,-27.84],[-22.0,-28.05],[-22.75,-27.65],[-22.89,-27.5],[-22.69,-27.0],[-23.25,-25.96],[-23.54,-26.0],[-23.34,-26.75],[-23.75,-27.0],[-24.25,-26.71],[-25.0,-25.48],[-25.25,-25.79],[-26.75,-24.75],[-28.5,-24.26],[-29.25,-24.43],[-29.75,-23.94],[-31.0,-24.36],[-31.5,-24.09],[-32.5,-24.55],[-32.75,-24.07],[-33.0,-24.13],[-33.5,-25.43],[-34.21,-25.75],[-34.25,-26.17],[-34.75,-26.21],[-35.0,-26.51],[-35.5,-26.46],[-36.0,-26.86],[-36.75,-26.8],[-37.75,-27.29],[-38.42,-28.0],[-39.04,-28.25],[-39.14,-28.75],[-40.11,-29.5],[-40.75,-31.54],[-41.5,-32.47],[-41.11,-33.0],[-41.07,-33.5],[-42.23,-35.25],[-43.22,-39.0],[-42.62,-40.75],[-43.71,-42.25],[-44.29,-44.5],[-43.88,-45.0],[-43.91,-45.75],[-43.75,-45.86],[-43.21,-45.5],[-43.11,-46.0]]}},{"type":"Feature","properties":{"level":1024},"geometry":{"type":"LineString","coordinates":[[141.41,-45.25],[142.5,-45.14],[143.2,-44.75],[142.87,-43.0],[143.0,-42.0],[142.75,-41.25],[142.91,-39.75],[143.33,-38.75],[142.69,-38.25],[143.28,-37.75],[142.75,-37.43],[142.25,-37.59],[141.1,-37.25],[140.8,-36.0],[140.0,-35.64],[139.56,-34.5],[140.02,-33.5],[139.75,-33.08],[139.0,-33.35],[139.18,-34.75],[138.75,-35.17],[138.25,-34.23],[135.5,-34.21],[134.95,-33.5],[134.5,-32.11],[134.25,-31.98],[133.5,-32.22],[133.25,-31.74],[132.5,-32.34],[131.96,-32.25],[131.96,-33.25],[131.55,-33.75],[131.5,-34.29],[131.25,-34.44],[130.84,-34.0],[130.25,-33.83],[129.75,-34.3],[128.97,-34.5],[128.75,-35.09],[128.25,-34.9],[127.75,-35.5],[128.5,-37.76],[130.0,-38.88],[131.0,-40.35],[133.5,-42.36],[134.51,-43.0],[138.51,-44.5],[141.41,-45.25]]}},{"type":"Feature","properties":{"level":1024},"geometry":{"type":"LineString","coordinates":[[-70.41,-34.75],[-70.0,-34.98],[-69.95,-34.5],[-69.46,-34.0],[-69.65,-33.5],[-69.46,-33.0],[-69.75,-32.28],[-70.25,-31.87],[-70.04,-33.75],[-70.41,-34.75]]}},{"type":"Feature","properties":{"level":1024},"geometry":{"type":"LineString","coordinates":[[20.75,-34.05],[20.6,-34.0],[20.75,-34.05]]}},{"type":"Feature","properties":{"level":1024},"geometry":{"type":"LineString","coordinates":[[180.0,-34.15],[177.75,-33.73],[176.75,-33.8],[176.25,-34.09],[175.75,-33.94],[174.5,-34.46],[173.75,-33.87],[173.25,-34.24],[172.86,-33.75],[173.17,-33.25],[173.26,-32.0],[173.05,-31.5],[173.23,-30.75],[172.96,-30.25],[172.17,-29.75],[170.25,-29.15],[166.5,-28.9],[163.75,-28.22],[162.75,-28.1],[162.25,-28.28],[161.75,-27.94],[158.75,-28.62],[158.25,-28.42],[158.0,-29.02],[157.42,-29.25],[157.18,-30.25],[157.39,-34.0],[157.2,-35.25],[157.44,-36.75],[157.2,-43.25],[156.59,-45.25],[155.75,-46.08],[154.25,-46.71],[150.75,-47.26],[149.0,-46.93],[148.41,-47.25],[149.26,-47.5],[148.96,-47.75],[150.0,-48.82],[151.75,-49.71],[155.5,-51.02],[159.75,-51.64],[162.75,-51.72],[167.25,-51.37],[173.25,-50.25],[180.0,-48.59]]}},{"type":"Feature","properties":{"level":1024},"geometry":{"type":"LineString","coordinates":[[-165.58,-33.75],[-164.5,-33.75],[-163.25,-32.87],[-162.25,-33.0],[-161.5,-32.41],[-161.0,-31.65],[-160.75,-31.75],[-160.89,-32.25],[-160.72,-32.5],[-159.75,-32.34],[-158.28,-30.75],[-158.29,-30.25],[-159.0,-29.31],[-159.0,-28.85],[-159.75,-28.84],[-160.25,-27.95],[-160.75,-28.12],[-161.25,-27.69],[-162.0,-27.91],[-163.25,-27.18],[-164.0,-27.66],[-164.75,-27.16],[-165.25,-27.59],[-166.0,-27.46],[-167.09,-27.75],[-167.75,-28.96],[-169.0,-29.87],[-168.89,-31.25],[-169.68,-32.5],[-168.75,-33.1],[-165.58,-33.75]]}},{"type":"Feature","properties":{"level":1024},"geometry":{"type":"LineString","coordinates":[[131.93,-31.5],[132.12,-31.5],[131.93,-31.5]]}},{"type":"Feature","properties":{"level":1024},"geometry":{"type":"LineString","coordinates":[[132.33,-31.5],[132.75,-31.52],[132.77,-31.25],[132.33,-31.5]]}},{"type":"Feature","properties":{"level":1024},"geometry":{"type":"LineString","coordinates":[[133.43,-31.5],[133.5,-31.71],[134.16,-31.5],[133.75,-31.21],[133.43,-31.5]]}},{"type":"Feature","properties":{"level":1024},"geometry":{"type":"LineString","coordinates":[[-70.09,-30.25],[-69.75,-30.41],[-69.42,-29.5],[-69.43,-28.75],[-68.7,-28.0],[-68.18,-27.0],[-68.5,-26.38],[-69.84,-28.5],[-69.77,-29.0],[-70.1,-29.25],[-69.92,-30.0],[-70.09,-30.25]]}},{"type":"Feature","properties":{"level":1024},"geometry":{"type":"LineString","coordinates":[[75.25,-28.28],[75.25,-27.55],[75.48,-28.0],[75.25,-28.28]]}},{"type":"Feature","properties":{"level":1024},"geometry":{"type":"LineString","coordinates":[[-21.05,-27.25],[-21.0,-27.47],[-20.32,-27.25],[-20.75,-26.69],[-21.05,-27.25]]}},{"type":"Feature","properties":{"level":1024},"geometry":{"type":"LineString","coordinates":[[-22.61,-26.25],[-22.45,-26.25],[-22.61,-26.25]]}},{"type":"Feature","properties":{"level":1024},"geometry":{"type":"LineString","coordinates":[[86.9,27.75],[87.17,28.0],[87.08,28.25],[86.25,28.42],[86.08,28.25],[86.9,27.75]]}},{"type":"Feature","properties":{"level":1024},"geometry":{"type":"LineString","coordinates":[[16.97,28.5],[17.5,28.35],[17.75,28.95],[18.5,28.66],[18.75,29.18],[19.84,29.5],[20.26,30.75],[19.59,31.5],[19.67,32.25],[20.5,32.9],[21.25,33.93],[22.5,36.5],[24.7,38.25],[25.52,39.25],[26.25,39.53],[30.25,38.66],[30.5,39.0],[31.5,38.79],[31.75,39.06],[32.0,38.49],[32.25,39.27],[33.75,39.13],[34.0,38.71],[35.0,38.9],[35.5,39.32],[36.5,39.01],[38.75,39.4],[41.0,39.18],[43.0,39.94],[43.5,40.52],[44.01,40.5],[44.75,41.07],[45.0,40.75],[46.5,40.49],[47.25,39.3],[47.75,39.28],[48.59,38.5],[48.58,38.0],[49.08,37.25],[48.92,37.75],[49.09,38.75],[49.5,39.28],[50.0,39.27],[51.5,39.9],[51.5,40.3],[51.99,40.75],[52.1,42.0],[50.9,43.0],[49.25,45.0],[45.76,47.25],[44.75,48.14],[42.88,51.0],[42.55,52.75],[42.64,55.0],[43.25,57.12],[43.5,57.01],[45.21,58.75],[48.38,60.5],[51.75,61.67],[55.0,62.33],[58.25,62.69],[59.25,62.5],[59.75,62.15],[62.0,62.67],[65.5,62.78],[73.0,61.85],[83.0,59.66],[86.0,59.77],[87.75,59.57],[90.0,60.75],[90.7,62.0],[90.56,62.75],[90.08,63.25],[88.25,64.21],[79.25,66.15],[74.25,66.75],[66.5,66.74],[66.28,67.0],[66.72,67.5],[66.38,68.0],[65.25,68.31],[58.25,67.84],[53.75,67.28],[50.75,66.59],[48.75,66.52],[42.0,64.69],[37.63,62.5],[34.24,59.5],[31.5,57.67],[30.5,57.29],[28.5,57.39],[26.5,58.44],[25.0,58.54],[13.5,57.12],[12.75,57.44],[10.75,57.54],[8.75,58.1],[7.66,58.75],[8.1,60.25],[7.25,60.67],[6.25,60.62],[3.25,59.09],[-2.0,57.26],[-5.5,57.08],[-10.0,54.67],[-15.25,52.84],[-21.94,49.75],[-25.77,48.5],[-26.5,48.02],[-27.25,47.98],[-28.81,47.0],[-32.25,45.59],[-33.24,44.75],[-33.49,44.25],[-33.25,43.82],[-32.5,43.7],[-32.11,42.5],[-31.5,42.19],[-30.82,41.0],[-28.5,40.05],[-26.5,38.66],[-26.0,38.0],[-25.56,36.5],[-25.0,35.66],[-24.25,35.17],[-23.0,34.93],[-22.0,35.01],[-17.92,37.25],[-11.96,42.5],[-10.75,43.29],[-8.75,43.92],[-6.5,44.17],[-4.55,45.25],[-2.5,45.74],[-1.5,45.9],[0.12,45.75],[1.33,45.0],[2.5,43.83],[2.38,43.0],[1.75,42.84],[-0.75,42.98],[-1.0,42.64],[-0.25,42.14],[0.25,42.21],[1.25,41.77],[1.5,41.44],[2.0,41.68],[3.75,41.28],[4.25,41.74],[5.75,41.24],[7.25,41.27],[7.09,40.75],[9.25,38.45],[9.66,37.5],[8.99,36.5],[7.5,36.19],[7.25,35.9],[6.75,36.1],[6.5,35.89],[5.5,36.33],[3.47,36.0],[4.5,35.79],[5.25,35.21],[2.75,35.24],[2.06,35.0],[2.0,34.58],[0.81,33.5],[1.5,33.29],[3.25,33.98],[4.0,34.01],[5.5,35.06],[6.84,34.75],[8.13,33.5],[8.88,33.25],[9.25,32.71],[10.53,31.75],[11.0,30.92],[12.28,29.75],[13.75,29.45],[14.25,29.72],[14.75,29.66],[15.75,29.22],[16.0,29.39],[16.5,28.71],[16.97,28.5]]}},{"type":"Feature","properties":{"level":1024},"geometry":{"type":"LineString","coordinates":[[83.23,28.75],[83.75,28.87],[83.93,29.25],[83.86,29.75],[83.25,30.11],[83.25,30.33],[85.5,29.68],[86.08,29.75],[86.36,30.25],[86.25,30.53],[84.39,30.75],[83.83,31.25],[84.0,31.61],[84.75,31.33],[85.75,31.39],[86.25,31.1],[86.75,31.32],[88.0,31.15],[88.25,31.33],[88.6,31.0],[88.34,30.5],[88.49,30.25],[89.5,29.9],[90.55,30.25],[90.25,30.43],[90.0,30.2],[89.85,30.75],[89.3,31.0],[90.25,31.19],[90.12,31.5],[91.02,31.5],[90.45,31.0],[91.25,30.99],[91.5,30.62],[91.73,30.75],[91.75,31.17],[92.93,31.25],[93.25,31.63],[93.75,31.59],[94.0,32.05],[94.69,32.0],[94.75,31.7],[95.0,31.91],[95.75,31.7],[96.08,31.75],[96.0,32.08],[96.5,31.87],[97.0,32.23],[97.75,31.32],[98.67,31.75],[99.5,31.53],[99.05,31.25],[99.31,30.5],[99.75,30.25],[100.0,30.45],[100.75,29.96],[101.25,30.48],[101.75,30.3],[101.75,29.26],[102.0,28.93],[102.31,29.0],[102.25,29.62],[103.22,29.5],[102.71,30.0],[103.96,31.5],[103.84,31.75],[104.2,32.5],[105.5,32.92],[107.75,32.61],[110.0,31.43],[111.46,31.75],[111.62,32.0],[111.11,32.5],[111.25,33.15],[111.75,33.41],[113.25,33.27],[114.28,34.25],[114.44,35.25],[114.16,35.75],[114.65,36.0],[114.64,36.25],[114.26,36.5],[114.52,36.75],[114.19,37.0],[114.01,38.25],[114.17,39.0],[115.4,40.0],[115.45,40.75],[116.25,41.26],[117.25,42.46],[118.75,42.97],[118.73,43.5],[120.0,44.44],[121.0,45.63],[123.05,46.5],[124.6,47.75],[124.75,48.34],[124.27,48.5],[123.86,50.0],[123.45,50.25],[123.75,50.62],[123.0,51.32],[122.75,50.93],[121.59,51.25],[121.77,51.5],[121.5,51.5],[121.25,51.96],[120.75,51.65],[120.74,52.0],[119.75,51.86],[119.25,52.23],[118.63,52.25],[118.5,52.57],[117.25,52.7],[116.75,52.52],[115.75,52.89],[114.75,52.81],[114.39,53.0],[114.25,53.45],[113.5,53.71],[112.5,53.62],[112.6,54.25],[111.99,54.5],[111.91,55.25],[112.39,55.75],[112.25,56.0],[113.29,56.25],[112.5,56.57],[111.0,56.0],[111.37,55.75],[111.0,55.68],[110.79,55.75],[111.0,56.0],[110.75,56.19],[109.5,56.27],[108.67,56.0],[108.5,55.69],[107.75,55.75],[106.75,55.44],[106.5,55.65],[105.5,55.72],[100.5,54.49],[99.5,54.86],[99.0,54.67],[97.5,55.06],[97.0,54.62],[96.5,54.85],[95.0,54.73],[93.25,55.16],[92.5,55.63],[91.84,55.5],[92.14,55.25],[91.75,55.4],[91.44,55.25],[90.67,54.5],[90.75,54.11],[89.0,55.09],[88.25,55.04],[87.39,54.0],[87.12,52.75],[86.25,51.8],[84.75,51.7],[82.86,50.75],[83.53,50.25],[83.03,49.75],[82.99,49.25],[83.75,49.28],[84.38,49.0],[84.29,48.75],[86.25,47.74],[86.58,47.25],[84.75,47.12],[83.75,45.9],[82.75,45.8],[82.25,45.34],[81.5,45.44],[79.4,45.0],[79.75,44.7],[81.0,44.77],[83.8,43.5],[82.0,42.98],[80.69,43.25],[80.75,42.74],[79.75,42.75],[80.23,43.25],[79.85,43.25],[78.79,42.5],[77.5,42.13],[75.5,42.17],[74.75,42.57],[74.01,42.5],[74.0,42.09],[73.5,42.52],[72.29,42.25],[73.5,41.94],[74.75,42.11],[74.94,42.0],[74.5,41.65],[75.25,41.52],[75.3,41.25],[74.0,41.09],[73.5,40.23],[68.78,39.5],[67.59,39.0],[70.63,39.0],[70.53,37.75],[71.0,37.17],[71.0,36.79],[69.66,36.25],[69.77,36.0],[69.25,35.57],[68.0,35.09],[67.57,35.25],[67.5,35.55],[66.0,35.5],[65.46,34.75],[65.64,34.5],[65.13,34.25],[65.5,33.97],[67.25,34.29],[67.75,33.92],[68.77,34.75],[68.55,35.0],[69.25,35.4],[70.0,35.17],[70.25,35.38],[71.0,35.35],[72.5,36.55],[72.68,36.25],[72.25,36.05],[72.16,35.75],[73.0,35.7],[73.82,36.0],[73.49,36.25],[73.75,36.42],[74.5,36.12],[75.03,35.5],[75.25,34.81],[75.5,34.66],[76.25,34.96],[77.86,34.0],[77.82,33.75],[77.37,33.75],[77.0,33.38],[76.64,33.75],[76.88,34.0],[75.57,34.25],[76.75,32.89],[77.32,32.75],[77.75,31.75],[78.17,32.0],[78.0,32.38],[78.5,32.29],[78.69,32.5],[78.24,32.75],[78.68,33.25],[79.5,33.05],[79.75,33.25],[79.29,33.5],[79.5,33.67],[80.5,33.53],[80.81,33.25],[80.73,33.0],[80.0,33.21],[79.76,33.0],[81.0,32.34],[81.14,32.0],[80.2,32.25],[79.89,32.0],[80.27,31.25],[80.0,31.13],[78.75,31.6],[78.48,31.25],[79.25,30.68],[79.98,30.75],[80.0,30.28],[80.75,30.33],[81.25,29.93],[82.0,30.06],[82.75,29.61],[83.25,29.57],[83.23,28.75]]}},{"type":"Feature","properties":{"level":1024},"geometry":{"type":"LineString","coordinates":[[84.12,28.75],[84.5,28.62],[85.19,29.0],[84.25,29.17],[84.12,28.75]]}},{"type":"Feature","properties":{"level":1024},"geometry":{"type":"LineString","coordinates":[[18.75,30.47],[18.75,30.87],[18.75,30.47]]}},{"type":"Feature","properties":{"level":1024},"geometry":{"type":"LineString","coordinates":[[20.58,31.25],[20.81,31.25],[21.0,32.67],[20.25,32.0],[20.58,31.25]]}},{"type":"Feature","properties":{"level":1024},"geometry":{"type":"LineString","coordinates":[[-6.97,31.5],[-6.75,31.27],[-5.75,31.25],[-5.25,31.78],[-3.5,32.37],[-2.91,33.0],[-3.11,33.5],[-3.25,33.65],[-3.75,33.21],[-4.0,33.8],[-5.0,33.51],[-5.7,32.5],[-6.97,31.5]]}},{"type":"Feature","properties":{"level":1024},"geometry":{"type":"LineString","coordinates":[[89.0,31.44],[88.25,31.83],[88.0,31.51],[86.31,32.0],[89.0,32.14],[90.0,32.56],[90.5,32.39],[90.75,32.53],[90.85,32.25],[90.0,31.53],[89.25,31.3],[89.0,31.44]]}},{"type":"Feature","properties":{"level":1024},"geometry":{"type":"LineString","coordinates":[[100.25,31.72],[101.0,32.62],[102.35,32.0],[101.75,31.75],[101.25,32.19],[101.14,31.75],[100.25,31.72]]}},{"type":"Feature","properties":{"level":1024},"geometry":{"type":"LineString","coordinates":[[73.7,35.0],[74.96,35.0],[74.5,35.34],[74.25,35.03],[73.7,35.0]]}},{"type":"Feature","properties":{"level":1024},"geometry":{"type":"LineString","coordinates":[[-43.24,35.75],[-42.75,35.6],[-42.46,35.75],[-43.24,35.75]]}},{"type":"Feature","properties":{"level":1024},"geometry":{"type":"LineString","coordinates":[[80.75,36.39],[80.5,36.67],[77.17,37.5],[76.75,37.78],[76.5,38.62],[75.5,39.33],[76.0,39.81],[76.75,40.03],[77.5,39.93],[78.73,40.25],[78.8,40.5],[79.68,40.75],[79.9,41.0],[79.58,41.25],[79.75,41.4],[84.75,41.95],[85.42,41.75],[85.79,41.25],[85.62,40.75],[86.03,40.25],[84.61,38.75],[84.91,38.5],[85.5,38.42],[86.5,39.09],[88.0,39.55],[90.66,39.75],[83.13,36.75],[80.75,36.39]]}},{"type":"Feature","properties":{"level":1024},"geometry":{"type":"LineString","coordinates":[[-79.57,37.0],[-79.25,36.87],[-77.75,37.38],[-77.0,38.12],[-75.25,39.15],[-74.5,39.1],[-73.5,39.55],[-73.0,39.39],[-71.5,39.5],[-61.25,41.57],[-57.5,43.15],[-56.85,43.75],[-56.79,44.5],[-57.73,45.75],[-60.25,47.51],[-65.47,50.0],[-66.75,51.12],[-70.0,52.08],[-72.0,52.24],[-75.5,51.79],[-79.75,49.78],[-82.12,47.5],[-83.25,47.26],[-84.08,46.5],[-84.08,45.0],[-84.69,44.25],[-84.3,43.5],[-83.58,43.25],[-84.6,42.0],[-84.5,41.84],[-83.5,41.15],[-83.18,41.25],[-83.25,41.76],[-81.75,41.79],[-81.25,41.21],[-80.0,41.35],[-79.25,41.02],[-78.75,40.09],[-78.25,40.26],[-77.38,39.75],[-77.5,39.19],[-78.5,39.1],[-78.84,39.5],[-78.4,39.75],[-79.25,39.91],[-79.71,38.5],[-79.51,38.25],[-79.7,38.0],[-79.57,37.75],[-79.21,37.75],[-79.57,37.0]]}},{"type":"Feature","properties":{"level":1024},"geometry":{"type":"LineString","coordinates":[[43.04,37.75],[43.75,37.61],[44.12,38.25],[44.0,38.43],[43.0,38.1],[43.04,37.75]]}},{"type":"Feature","properties":{"level":1024},"geometry":{"type":"LineString","coordinates":[[-77.0,39.72],[-77.0,40.0],[-76.64,40.0],[-77.0,39.72]]}},{"type":"Feature","properties":{"level":1024},"geometry":{"type":"LineString","coordinates":[[45.5,41.21],[45.5,41.37],[45.84,41.25],[45.5,41.21]]}},{"type":"Feature","properties":{"level":1024},"geometry":{"type":"LineString","coordinates":[[47.25,41.2],[47.0,41.67],[46.41,42.0],[46.5,42.14],[47.0,42.05],[48.04,41.25],[47.25,41.2]]}},{"type":"Feature","properties":{"level":1024},"geometry":{"type":"LineString","coordinates":[[137.3,41.75],[137.75,41.58],[137.86,41.75],[137.3,41.75]]}},{"type":"Feature","properties":{"level":1024},"geometry":{"type":"LineString","coordinates":[[70.92,42.0],[71.5,42.15],[71.75,41.88],[72.03,42.0],[71.59,42.25],[70.7,42.25],[70.92,42.0]]}},{"type":"Feature","properties":{"level":1024},"geometry":{"type":"LineString","coordinates":[[89.5,42.42],[88.57,42.75],[88.75,42.96],[89.5,43.01],[90.13,42.5],[89.5,42.42]]}},{"type":"Feature","properties":{"level":1024},"geometry":{"type":"LineString","coordinates":[[76.38,42.75],[77.0,42.66],[78.03,43.0],[77.25,43.11],[76.38,42.75]]}},{"type":"Feature","properties":{"level":1024},"geometry":{"type":"LineString","coordinates":[[-6.51,43.0],[-5.37,43.0],[-6.25,43.37],[-6.51,43.0]]}},{"type":"Feature","properties":{"level":1024},"geometry":{"type":"LineString","coordinates":[[-83.75,43.61],[-83.87,43.75],[-83.5,43.87],[-83.75,43.61]]}},{"type":"Feature","properties":{"level":1024},"geometry":{"type":"LineString","coordinates":[[133.75,44.75],[134.0,44.5],[134.35,44.75],[134.0,45.04],[133.75,44.75]]}},{"type":"Feature","properties":{"level":1024},"geometry":{"type":"LineString","coordinates":[[129.2,47.25],[129.43,47.25],[129.25,47.75],[128.75,48.08],[128.53,47.75],[129.0,47.68],[129.2,47.25]]}},{"type":"Feature","properties":{"level":1024},"geometry":{"type":"LineString","coordinates":[[124.47,49.0],[124.82,49.0],[124.47,49.0]]}},{"type":"Feature","properties":{"level":1024},"geometry":{"type":"LineString","coordinates":[[-40.01,71.0],[-37.0,71.09],[-36.45,71.5],[-39.25,71.94],[-40.4,71.5],[-40.47,71.25],[-40.01,71.0]]}},{"type":"Feature","properties":{"level":1028},"geometry":{"type":"LineString","coordinates":[[-11.95,-89.0],[31.89,-89.0],[23.69,-88.5],[34.73,-88.0],[33.83,-87.75],[36.25,-87.55],[65.0,-88.76],[83.17,-88.5],[98.25,-87.75],[108.79,-86.5],[111.57,-85.75],[112.77,-85.25],[112.25,-84.87],[110.52,-84.5],[110.3,-84.25],[113.02,-83.25],[113.06,-83.0],[111.25,-82.75],[110.97,-82.5],[112.25,-82.3],[117.68,-82.25],[117.96,-82.0],[117.76,-81.75],[118.36,-81.25],[118.41,-80.75],[119.5,-80.3],[126.95,-79.25],[127.17,-77.75],[126.86,-77.0],[125.75,-76.61],[119.0,-76.29],[113.0,-75.41],[105.25,-73.8],[94.5,-74.08],[91.0,-75.22],[84.5,-76.55],[82.11,-77.5],[77.25,-77.95],[75.76,-78.5],[76.25,-78.83],[78.98,-79.25],[76.0,-79.82],[75.5,-79.49],[71.75,-79.59],[70.74,-80.0],[66.68,-80.5],[66.34,-80.75],[67.3,-81.5],[67.31,-82.0],[65.0,-82.06],[59.62,-81.25],[60.15,-81.0],[60.04,-80.75],[59.31,-80.25],[58.1,-78.5],[57.5,-78.0],[57.64,-77.75],[56.64,-77.0],[51.75,-76.09],[44.75,-76.02],[43.89,-75.75],[43.86,-75.5],[44.28,-75.25],[43.88,-75.0],[40.5,-74.66],[36.25,-75.24],[30.0,-75.21],[24.5,-74.74],[20.25,-74.73],[16.87,-75.0],[21.0,-75.28],[23.25,-75.2],[25.3,-75.75],[24.5,-75.88],[17.75,-75.53],[16.0,-75.25],[15.84,-75.0],[16.87,-74.75],[15.0,-74.72],[12.75,-75.11],[11.79,-75.5],[12.18,-76.0],[12.78,-76.25],[12.94,-76.75],[18.98,-77.5],[24.0,-77.77],[25.1,-78.0],[25.58,-78.75],[27.4,-79.5],[27.19,-80.0],[27.5,-80.14],[36.5,-81.37],[39.59,-82.0],[39.7,-82.25],[37.61,-83.0],[37.61,-83.25],[39.41,-83.75],[39.5,-84.0],[37.7,-85.75],[38.49,-86.25],[42.07,-86.75],[39.25,-87.18],[31.96,-87.25],[26.25,-86.36],[24.75,-85.75],[18.75,-85.18],[3.5,-86.75],[9.25,-87.17],[12.47,-87.75],[12.24,-88.0],[11.5,-88.11],[2.75,-88.5],[-12.08,-88.75],[-11.95,-89.0]]}},{"type":"Feature","properties":{"level":1028},"geometry":{"type":"LineString","coordinates":[[13.79,-84.0],[15.25,-84.21],[18.0,-84.17],[18.69,-83.75],[15.4,-83.0],[17.0,-82.75],[20.25,-82.77],[21.06,-82.5],[16.25,-82.31],[10.45,-82.5],[10.79,-82.75],[10.77,-83.25],[11.0,-83.4],[13.79,-84.0]]}},{"type":"Feature","properties":{"level":1028},"geometry":{"type":"LineString","coordinates":[[28.46,-50.25],[32.75,-49.9],[36.25,-48.81],[39.25,-47.36],[41.05,-46.0],[41.51,-45.25],[41.37,-44.25],[43.92,-43.0],[43.99,-42.25],[43.39,-41.75],[43.12,-40.75],[42.51,-40.0],[40.25,-38.38],[35.55,-36.5],[34.0,-36.4],[31.0,-35.47],[28.0,-35.16],[26.0,-35.23],[23.89,-36.25],[23.0,-36.42],[22.74,-36.75],[21.5,-37.06],[19.0,-36.39],[18.0,-37.23],[17.2,-37.5],[17.13,-38.75],[16.5,-39.09],[16.0,-38.47],[16.33,-40.0],[17.31,-41.5],[17.03,-41.75],[17.29,-42.25],[18.59,-43.25],[20.0,-45.21],[20.75,-45.67],[22.5,-47.8],[26.0,-49.77],[28.46,-50.25]]}},{"type":"Feature","properties":{"level":1028},"geometry":{"type":"LineString","coordinates":[[-180.0,-46.77],[-177.5,-45.99],[-175.37,-45.0],[-174.9,-44.25],[-174.88,-42.25],[-174.59,-41.75],[-175.0,-40.75],[-176.02,-39.75],[-180.0,-37.18]]}},{"type":"Feature","properties":{"level":1028},"geometry":{"type":"LineString","coordinates":[[169.75,-44.77],[169.55,-44.5],[170.25,-44.56],[170.66,-44.25],[170.45,-43.75],[172.19,-42.75],[172.75,-41.9],[173.34,-42.0],[172.08,-43.25],[170.92,-44.0],[170.5,-44.94],[169.75,-44.77]]}},{"type":"Feature","properties":{"level":1028},"geometry":{"type":"LineString","coordinates":[[60.01,-42.5],[63.25,-42.7],[66.75,-42.47],[72.53,-41.5],[74.25,-40.95],[80.12,-38.25],[82.25,-36.62],[85.25,-35.21],[88.0,-33.29],[88.87,-33.0],[89.2,-32.25],[88.5,-31.39],[86.5,-30.05],[82.25,-28.93],[80.5,-29.88],[77.75,-30.75],[76.75,-31.52],[72.75,-33.59],[66.5,-34.04],[62.25,-32.07],[58.61,-29.25],[57.5,-29.26],[56.75,-28.89],[55.75,-29.24],[55.5,-29.0],[54.25,-29.53],[53.75,-29.46],[52.5,-30.02],[52.0,-29.81],[50.75,-30.36],[49.75,-30.3],[47.0,-32.16],[44.0,-33.52],[42.63,-33.75],[40.5,-35.25],[39.43,-36.5],[41.25,-37.79],[44.75,-39.24],[52.75,-41.38],[60.01,-42.5]]}},{"type":"Feature","properties":{"level":1028},"geometry":{"type":"LineString","coordinates":[[175.25,-39.4],[175.0,-39.25],[175.09,-38.75],[174.75,-38.59],[174.75,-38.21],[175.39,-38.0],[175.75,-37.56],[176.34,-37.75],[175.31,-38.75],[175.96,-39.0],[175.25,-39.4]]}},{"type":"Feature","properties":{"level":1028},"geometry":{"type":"LineString","coordinates":[[180.0,-37.18],[178.5,-36.66],[174.75,-36.13],[174.39,-36.25],[174.75,-36.82],[175.5,-37.18],[175.5,-37.4],[174.75,-37.48],[173.75,-36.52],[168.75,-36.42],[167.25,-35.51],[164.25,-35.42],[164.07,-35.25],[164.35,-34.5],[164.09,-34.0],[163.75,-33.77],[163.25,-33.96],[162.25,-34.93],[161.5,-36.42],[161.28,-37.25],[161.38,-38.25],[160.26,-43.25],[159.3,-45.5],[158.39,-46.75],[157.98,-47.75],[158.27,-48.5],[159.25,-48.93],[162.5,-49.54],[164.0,-49.53],[165.75,-49.22],[167.0,-49.28],[176.0,-47.82],[180.0,-46.77]]}},{"type":"Feature","properties":{"level":1028},"geometry":{"type":"LineString","coordinates":[[98.48,32.5],[98.77,32.75],[98.41,33.0],[98.42,33.25],[99.5,33.33],[100.02,33.75],[100.08,34.5],[99.45,36.0],[98.5,36.88],[97.92,36.75],[97.98,36.25],[97.5,35.92],[95.33,36.75],[96.0,37.02],[96.5,36.95],[96.75,37.64],[97.75,37.54],[98.5,37.06],[98.97,37.25],[99.0,37.5],[99.25,37.18],[100.25,37.21],[102.0,35.6],[102.64,35.5],[102.75,34.95],[103.18,35.0],[103.25,35.3],[103.6,34.5],[104.75,34.21],[104.81,34.5],[103.75,35.19],[102.86,36.25],[103.43,37.5],[101.5,38.37],[100.75,38.39],[98.95,39.25],[96.5,40.04],[96.0,39.72],[95.25,39.86],[94.0,39.5],[93.5,39.61],[92.25,39.23],[90.5,39.21],[88.75,38.82],[83.75,36.72],[80.75,36.13],[80.28,36.25],[80.25,36.55],[80.21,36.25],[79.75,36.24],[78.5,36.87],[76.75,37.05],[76.03,38.0],[76.27,38.25],[74.53,39.75],[78.0,40.78],[79.5,41.8],[80.25,41.67],[82.75,42.39],[85.25,42.19],[86.25,42.82],[86.75,42.64],[87.36,42.75],[87.25,43.06],[86.25,43.58],[84.75,43.84],[84.21,43.75],[84.43,43.5],[84.25,43.22],[82.25,42.78],[82.0,42.53],[79.5,42.52],[77.0,41.8],[76.25,41.9],[76.53,41.5],[76.24,41.25],[74.5,40.64],[73.25,39.5],[73.0,39.73],[72.41,39.75],[72.67,39.5],[71.17,39.0],[71.25,38.39],[72.0,38.02],[71.7,37.75],[72.06,37.25],[71.56,37.0],[71.77,36.75],[70.77,36.25],[70.75,35.95],[70.5,36.38],[69.75,35.75],[70.75,35.5],[72.5,36.7],[74.75,36.47],[74.92,36.25],[74.67,36.0],[75.0,35.77],[75.56,35.75],[76.55,35.25],[76.75,34.83],[77.5,34.78],[78.75,33.97],[81.0,34.0],[82.25,33.12],[83.25,33.09],[83.5,32.66],[84.0,32.8],[84.75,32.58],[85.32,32.75],[85.25,33.02],[86.25,32.74],[86.75,33.12],[87.25,33.11],[88.75,33.84],[89.25,33.86],[89.25,34.18],[88.87,34.5],[89.0,34.72],[89.5,34.69],[89.81,35.0],[89.74,35.25],[90.25,35.47],[91.25,35.45],[92.17,35.25],[91.95,35.0],[92.12,34.75],[93.7,34.25],[94.0,33.43],[94.5,33.65],[95.5,33.18],[97.25,33.24],[97.76,32.75],[98.25,32.79],[98.48,32.5]]}},{"type":"Feature","properties":{"level":1028},"geometry":{"type":"LineString","coordinates":[[108.17,33.75],[109.25,33.72],[110.61,34.5],[110.09,35.0],[110.22,35.5],[111.35,36.25],[111.44,37.0],[112.25,37.76],[112.75,38.9],[113.5,38.97],[113.87,39.75],[113.53,40.25],[113.88,41.0],[114.5,41.63],[115.5,42.13],[116.03,43.25],[118.07,45.25],[117.7,45.75],[117.95,46.0],[117.73,46.5],[117.99,47.0],[116.68,48.5],[116.25,48.49],[115.5,49.04],[114.05,49.0],[113.74,49.25],[114.01,49.5],[113.27,50.0],[113.84,50.5],[112.75,50.64],[112.23,51.0],[112.41,51.25],[112.25,51.33],[111.36,51.25],[111.58,51.75],[110.59,51.75],[110.75,52.04],[110.03,52.0],[110.4,51.75],[109.87,51.75],[109.15,52.25],[109.4,52.5],[109.25,52.58],[108.25,52.12],[107.75,52.4],[107.23,52.25],[107.27,52.0],[106.81,51.75],[105.0,51.23],[104.5,51.4],[103.5,51.08],[103.29,51.25],[103.64,51.5],[103.5,51.93],[101.5,51.89],[101.27,52.25],[101.58,52.5],[100.75,53.28],[96.5,54.17],[95.5,54.11],[94.75,53.58],[93.96,53.5],[94.25,52.99],[91.25,52.76],[90.25,52.17],[89.42,52.25],[89.5,51.76],[89.75,51.85],[89.75,51.66],[88.5,51.49],[88.25,51.82],[88.0,51.3],[87.75,51.65],[87.5,51.53],[87.25,50.98],[86.07,51.0],[86.77,50.25],[87.0,49.51],[87.75,49.32],[88.03,49.5],[88.08,49.25],[87.65,48.75],[87.11,48.5],[87.25,48.32],[87.75,48.62],[88.25,48.4],[88.43,48.25],[88.01,48.0],[89.34,47.25],[89.5,46.82],[89.75,46.88],[89.48,46.5],[89.79,45.5],[90.99,45.25],[91.0,44.95],[91.25,44.9],[94.75,44.8],[96.43,44.0],[96.31,43.75],[95.96,43.75],[95.75,43.14],[93.5,44.08],[92.25,44.34],[91.75,44.09],[91.79,43.75],[94.75,42.82],[95.28,42.25],[95.5,41.52],[96.5,41.16],[97.25,41.08],[98.0,41.65],[99.25,40.79],[100.5,40.75],[101.5,41.02],[102.64,40.25],[102.01,39.25],[102.17,38.75],[104.74,37.25],[104.63,37.0],[106.0,35.57],[106.08,34.5],[106.35,34.25],[108.17,33.75]]}},{"type":"Feature","properties":{"level":1028},"geometry":{"type":"LineString","coordinates":[[74.75,37.47],[73.75,37.79],[73.67,38.0],[74.25,39.04],[74.55,39.0],[74.35,38.75],[74.64,38.5],[74.75,37.47]]}},{"type":"Feature","properties":{"level":1028},"geometry":{"type":"LineString","coordinates":[[15.99,38.0],[16.0,38.28],[15.99,38.0]]}},{"type":"Feature","properties":{"level":1028},"geometry":{"type":"LineString","coordinates":[[98.25,38.09],[97.86,39.0],[98.0,39.14],[98.5,38.58],[99.03,38.5],[98.5,38.43],[98.25,38.09]]}},{"type":"Feature","properties":{"level":1028},"geometry":{"type":"LineString","coordinates":[[21.95,38.5],[22.83,38.5],[24.0,40.21],[27.08,40.75],[32.0,42.47],[34.28,42.25],[32.69,41.75],[32.43,41.25],[34.25,40.93],[35.0,40.16],[36.25,40.0],[37.5,40.08],[38.01,40.25],[38.0,40.58],[38.5,40.41],[39.0,40.6],[39.5,40.21],[39.75,40.59],[42.75,40.81],[43.75,41.35],[43.75,41.72],[42.5,42.06],[40.96,41.25],[40.0,41.05],[38.5,41.43],[36.52,42.75],[35.97,43.5],[35.0,43.96],[33.75,43.21],[33.31,43.25],[33.25,43.91],[33.64,44.25],[34.25,44.26],[35.35,45.0],[35.13,45.75],[36.45,47.0],[37.42,47.5],[37.38,48.0],[37.66,48.25],[37.39,48.5],[37.49,49.25],[36.32,49.75],[36.18,51.0],[35.13,53.25],[33.5,53.03],[32.0,53.45],[30.5,53.21],[26.5,53.81],[24.75,53.71],[21.0,54.46],[19.0,54.34],[17.75,54.77],[14.5,54.26],[11.75,54.32],[10.0,54.58],[9.01,55.25],[4.0,56.27],[-1.5,55.42],[-3.75,55.58],[-4.74,55.25],[-5.25,54.75],[-6.25,54.8],[-8.0,54.15],[-8.91,53.25],[-11.5,51.73],[-18.16,49.0],[-21.35,47.25],[-23.0,46.0],[-23.77,45.0],[-24.34,43.25],[-24.34,42.75],[-23.25,40.61],[-22.5,40.39],[-21.25,40.45],[-18.5,41.32],[-11.5,45.03],[-6.0,47.17],[-3.95,47.75],[-2.5,47.8],[-1.25,48.22],[1.25,48.54],[2.0,49.01],[4.25,49.63],[7.5,48.94],[8.5,49.23],[8.59,49.0],[8.06,48.5],[7.69,47.5],[7.0,47.39],[6.16,46.75],[6.25,46.51],[6.75,46.86],[6.96,46.75],[6.49,46.25],[6.23,45.75],[6.36,45.5],[5.99,45.25],[5.75,44.56],[5.48,45.0],[5.71,44.25],[6.0,44.47],[6.45,43.75],[6.75,43.7],[9.0,44.47],[11.25,43.91],[11.5,43.45],[12.5,43.02],[13.0,41.95],[14.45,41.25],[15.27,40.25],[15.83,40.0],[16.5,38.84],[16.89,39.25],[16.17,39.75],[16.44,40.0],[16.18,40.75],[16.43,41.0],[15.55,41.25],[15.16,41.75],[14.24,42.25],[13.39,43.5],[12.03,44.5],[12.47,45.25],[13.5,45.55],[14.0,45.07],[14.75,45.06],[15.25,44.32],[16.5,43.59],[19.5,42.15],[20.12,41.0],[20.04,40.25],[20.36,39.75],[21.95,38.5]]}},{"type":"Feature","properties":{"level":1028},"geometry":{"type":"LineString","coordinates":[[48.28,41.25],[48.75,41.09],[48.87,41.25],[47.75,42.03],[47.75,41.64],[48.28,41.25]]}},{"type":"Feature","properties":{"level":1028},"geometry":{"type":"LineString","coordinates":[[45.46,42.5],[46.75,42.43],[46.82,43.0],[46.25,43.29],[43.75,43.61],[41.0,44.53],[39.75,44.48],[39.4,44.25],[39.6,44.0],[40.5,44.03],[41.18,43.75],[41.0,43.43],[41.5,43.32],[42.0,43.62],[42.75,43.48],[43.75,42.9],[45.46,42.5]]}},{"type":"Feature","properties":{"level":1028},"geometry":{"type":"LineString","coordinates":[[97.75,42.99],[96.67,43.5],[97.07,44.0],[96.76,45.0],[97.25,45.0],[97.47,44.5],[97.34,44.25],[98.75,44.54],[99.54,44.25],[98.47,44.25],[98.73,43.5],[99.36,43.25],[99.25,42.76],[98.75,43.06],[97.75,42.99]]}},{"type":"Feature","properties":{"level":1028},"geometry":{"type":"LineString","coordinates":[[-74.2,43.5],[-73.66,43.5],[-73.25,44.04],[-73.0,43.57],[-72.75,43.55],[-72.25,43.9],[-71.5,43.92],[-69.25,44.86],[-68.85,45.75],[-68.17,46.25],[-68.44,46.5],[-67.75,46.87],[-67.25,46.44],[-66.71,47.25],[-67.5,46.98],[-67.41,47.25],[-68.0,48.16],[-69.25,47.81],[-70.07,47.25],[-69.93,47.0],[-71.75,46.45],[-73.5,45.26],[-74.9,44.75],[-75.13,44.25],[-74.2,43.5]]}},{"type":"Feature","properties":{"level":1028},"geometry":{"type":"LineString","coordinates":[[-75.56,45.75],[-74.25,45.74],[-73.12,46.75],[-73.2,47.25],[-73.75,47.45],[-74.73,47.25],[-75.56,45.75]]}},{"type":"Feature","properties":{"level":1028},"geometry":{"type":"LineString","coordinates":[[-71.81,47.0],[-70.75,47.15],[-70.19,48.0],[-71.5,48.16],[-71.95,48.0],[-72.1,47.25],[-71.81,47.0]]}},{"type":"Feature","properties":{"level":1028},"geometry":{"type":"LineString","coordinates":[[-73.52,48.0],[-73.09,48.0],[-73.0,48.25],[-73.25,48.32],[-73.52,48.0]]}},{"type":"Feature","properties":{"level":1028},"geometry":{"type":"LineString","coordinates":[[-70.75,48.5],[-70.0,48.57],[-69.78,49.25],[-71.0,49.44],[-71.57,49.25],[-71.58,49.0],[-70.75,48.5]]}},{"type":"Feature","properties":{"level":1028},"geometry":{"type":"LineString","coordinates":[[85.25,50.0],[85.82,50.25],[85.0,50.72],[84.62,50.5],[85.25,50.0]]}},{"type":"Feature","properties":{"level":1028},"geometry":{"type":"LineString","coordinates":[[14.5,51.73],[14.44,52.0],[15.01,52.25],[15.0,52.0],[14.5,51.73]]}},{"type":"Feature","properties":{"level":1028},"geometry":{"type":"LineString","coordinates":[[15.75,51.65],[15.75,51.89],[15.99,51.75],[15.75,51.65]]}},{"type":"Feature","properties":{"level":1028},"geometry":{"type":"LineString","coordinates":[[18.25,52.89],[17.6,53.25],[17.77,53.75],[19.0,54.15],[19.55,54.0],[19.5,53.34],[18.25,52.89]]}},{"type":"Feature","properties":{"level":1032},"geometry":{"type":"LineString","coordinates":[[64.52,-88.25],[77.25,-88.39],[92.5,-87.91],[100.5,-87.26],[106.22,-86.5],[107.36,-86.25],[107.95,-85.75],[105.08,-84.75],[105.42,-84.25],[104.85,-83.75],[105.0,-83.64],[108.25,-83.23],[109.25,-82.35],[110.5,-81.87],[114.8,-81.25],[115.05,-81.0],[114.71,-80.75],[116.25,-80.0],[121.75,-79.0],[124.72,-77.75],[124.81,-77.5],[123.22,-77.0],[118.5,-76.61],[114.25,-75.89],[105.0,-73.93],[94.25,-74.24],[91.25,-75.35],[86.19,-76.5],[83.5,-77.72],[76.74,-78.5],[77.02,-78.75],[79.77,-79.25],[76.53,-80.0],[79.21,-80.25],[78.53,-80.5],[75.0,-80.92],[73.75,-81.4],[71.16,-81.0],[70.75,-80.64],[69.25,-80.88],[68.08,-81.25],[69.15,-82.0],[69.1,-82.25],[67.5,-82.41],[62.5,-82.09],[58.5,-81.25],[59.14,-81.0],[59.12,-80.75],[58.72,-80.5],[58.42,-79.5],[57.3,-78.5],[56.38,-78.25],[54.75,-77.07],[53.0,-76.71],[48.25,-76.79],[42.5,-78.02],[39.39,-77.75],[39.75,-77.53],[39.71,-77.25],[41.09,-76.75],[41.52,-76.25],[40.08,-75.75],[41.5,-75.5],[39.75,-75.12],[32.5,-75.51],[26.0,-75.12],[25.74,-75.25],[26.26,-75.75],[26.21,-76.0],[25.25,-76.1],[14.25,-75.59],[13.24,-75.75],[15.39,-76.75],[17.5,-77.06],[27.0,-77.95],[28.5,-77.78],[29.95,-78.0],[29.52,-78.25],[30.19,-78.5],[29.97,-78.75],[31.84,-79.0],[31.56,-79.25],[32.43,-79.5],[31.8,-80.0],[41.25,-81.74],[42.01,-82.5],[41.34,-83.0],[41.32,-83.25],[41.66,-83.5],[43.79,-84.5],[47.04,-85.25],[46.5,-85.54],[43.27,-86.0],[48.66,-86.75],[49.2,-87.0],[48.2,-87.5],[51.75,-87.86],[64.52,-88.25]]}},{"type":"Feature","properties":{"level":1032},"geometry":{"type":"LineString","coordinates":[[71.5,-82.26],[74.0,-81.84],[74.4,-82.0],[71.5,-82.26]]}},{"type":"Feature","properties":{"level":1032},"geometry":{"type":"LineString","coordinates":[[98.25,-81.25],[99.83,-81.25],[98.25,-81.25]]}},{"type":"Feature","properties":{"level":1032},"geometry":{"type":"LineString","coordinates":[[73.37,-80.75],[74.0,-80.93],[74.51,-80.75],[74.0,-80.59],[73.37,-80.75]]}},{"type":"Feature","properties":{"level":1032},"geometry":{"type":"LineString","coordinates":[[107.0,-80.78],[107.75,-80.62],[109.15,-80.75],[107.0,-80.78]]}},{"type":"Feature","properties":{"level":1032},"geometry":{"type":"LineString","coordinates":[[73.6,-79.75],[74.0,-79.94],[74.76,-79.75],[73.6,-79.75]]}},{"type":"Feature","properties":{"level":1032},"geometry":{"type":"LineString","coordinates":[[98.0,-78.8],[97.83,-78.75],[99.15,-78.0],[102.78,-77.5],[102.5,-77.81],[99.0,-78.36],[98.74,-78.75],[98.0,-78.8]]}},{"type":"Feature","properties":{"level":1032},"geometry":{"type":"LineString","coordinates":[[31.5,-78.27],[30.03,-78.0],[30.75,-77.58],[31.96,-77.75],[32.22,-78.25],[31.5,-78.27]]}},{"type":"Feature","properties":{"level":1032},"geometry":{"type":"LineString","coordinates":[[27.92,-48.0],[29.75,-48.23],[31.75,-47.29],[33.75,-46.86],[37.0,-45.16],[37.64,-43.75],[36.47,-41.75],[34.5,-40.75],[34.33,-39.75],[33.25,-39.11],[32.25,-38.84],[30.75,-38.73],[30.25,-39.01],[28.75,-38.75],[27.5,-39.11],[25.0,-39.2],[24.5,-39.41],[23.58,-40.0],[23.5,-40.88],[23.0,-40.91],[22.49,-41.5],[22.54,-42.0],[22.05,-43.0],[22.96,-44.25],[23.32,-45.25],[24.48,-46.5],[26.25,-47.56],[27.92,-48.0]]}},{"type":"Feature","properties":{"level":1032},"geometry":{"type":"LineString","coordinates":[[167.6,-44.5],[167.75,-44.36],[167.6,-44.5]]}},{"type":"Feature","properties":{"level":1032},"geometry":{"type":"LineString","coordinates":[[174.89,-44.5],[176.0,-44.67],[177.75,-44.12],[179.17,-43.25],[179.12,-42.75],[178.0,-41.45],[177.25,-41.12],[177.0,-40.1],[176.75,-40.11],[175.25,-41.67],[174.2,-41.0],[173.96,-41.5],[174.16,-41.75],[174.05,-43.0],[174.5,-44.2],[174.89,-44.5]]}},{"type":"Feature","properties":{"level":1032},"geometry":{"type":"LineString","coordinates":[[168.07,-44.0],[168.75,-44.25],[169.25,-43.84],[170.19,-43.75],[170.85,-43.25],[171.52,-42.5],[171.12,-41.75],[171.17,-41.25],[170.72,-41.0],[171.23,-40.5],[169.45,-40.5],[169.35,-41.0],[169.56,-41.5],[169.28,-42.25],[168.07,-44.0]]}},{"type":"Feature","properties":{"level":1032},"geometry":{"type":"LineString","coordinates":[[60.35,-39.5],[62.5,-39.62],[64.27,-38.75],[63.08,-37.0],[60.0,-35.18],[56.25,-33.83],[55.5,-34.12],[54.5,-33.44],[54.0,-33.84],[53.5,-33.44],[52.75,-33.63],[52.5,-34.44],[51.7,-35.0],[51.25,-35.68],[50.75,-35.79],[50.83,-36.75],[51.38,-37.5],[52.75,-38.22],[55.0,-38.88],[55.75,-38.77],[57.5,-39.22],[60.35,-39.5]]}},{"type":"Feature","properties":{"level":1032},"geometry":{"type":"LineString","coordinates":[[83.02,33.75],[83.5,33.56],[84.25,33.93],[85.0,33.65],[85.5,33.98],[86.75,34.24],[86.08,35.0],[88.0,35.64],[89.15,36.5],[89.96,36.75],[89.82,37.0],[90.0,37.11],[90.0,36.44],[90.47,37.0],[90.0,37.39],[89.25,37.31],[89.05,37.5],[89.45,37.75],[89.13,38.0],[89.65,38.25],[89.0,38.39],[87.31,38.0],[86.88,37.5],[86.25,37.53],[83.75,36.55],[82.5,36.48],[81.75,36.01],[80.5,35.97],[79.0,36.38],[78.77,36.25],[79.0,35.78],[79.8,35.25],[79.75,35.08],[79.0,35.39],[78.54,35.25],[78.94,35.0],[78.72,34.75],[79.04,34.5],[80.5,34.75],[80.75,34.22],[81.25,34.49],[82.0,34.14],[82.0,34.38],[81.67,34.5],[81.75,34.79],[83.37,34.0],[83.02,33.75]]}},{"type":"Feature","properties":{"level":1032},"geometry":{"type":"LineString","coordinates":[[78.17,34.5],[78.55,34.5],[77.88,35.0],[77.73,35.75],[76.95,36.25],[76.5,36.87],[76.25,36.92],[76.0,36.52],[75.5,37.01],[74.25,37.23],[74.0,36.83],[73.75,36.96],[73.58,36.75],[74.5,36.49],[74.42,36.75],[75.0,36.98],[75.2,36.5],[74.83,36.0],[75.89,35.75],[77.0,34.89],[77.25,35.01],[78.17,34.5]]}},{"type":"Feature","properties":{"level":1032},"geometry":{"type":"LineString","coordinates":[[91.6,37.0],[91.93,37.0],[91.54,37.5],[90.2,37.75],[90.25,37.44],[90.75,37.07],[91.6,37.0]]}},{"type":"Feature","properties":{"level":1032},"geometry":{"type":"LineString","coordinates":[[71.97,38.5],[72.5,38.31],[73.16,39.25],[72.75,39.37],[71.47,39.0],[71.97,38.5]]}},{"type":"Feature","properties":{"level":1032},"geometry":{"type":"LineString","coordinates":[[24.06,41.5],[24.75,41.46],[25.08,41.75],[24.18,42.25],[24.0,42.7],[23.5,42.9],[23.25,42.72],[22.77,43.25],[22.25,43.3],[22.52,43.0],[22.25,42.5],[22.36,42.25],[23.0,41.75],[23.25,42.37],[23.5,41.75],[24.06,41.5]]}},{"type":"Feature","properties":{"level":1032},"geometry":{"type":"LineString","coordinates":[[109.45,41.5],[109.63,41.5],[109.57,41.75],[108.42,41.75],[109.45,41.5]]}},{"type":"Feature","properties":{"level":1032},"geometry":{"type":"LineString","coordinates":[[19.63,42.75],[20.08,43.0],[19.6,43.75],[19.0,43.9],[18.66,43.5],[19.26,43.5],[19.63,42.75]]}},{"type":"Feature","properties":{"level":1032},"geometry":{"type":"LineString","coordinates":[[112.9,44.75],[114.95,45.0],[115.56,45.75],[115.25,45.98],[114.0,45.92],[113.25,44.88],[112.9,44.75]]}},{"type":"Feature","properties":{"level":1032},"geometry":{"type":"LineString","coordinates":[[24.14,45.0],[26.25,45.4],[26.58,46.0],[25.86,47.5],[25.25,48.03],[24.75,48.05],[24.0,48.5],[23.72,48.0],[24.45,47.5],[24.33,47.25],[24.86,47.0],[24.99,46.75],[24.67,46.25],[25.0,45.75],[24.5,45.45],[24.25,45.85],[23.25,45.75],[23.0,45.97],[23.03,45.5],[22.67,45.25],[24.14,45.0]]}},{"type":"Feature","properties":{"level":1032},"geometry":{"type":"LineString","coordinates":[[97.62,47.25],[97.87,47.25],[97.72,47.5],[98.0,47.77],[98.25,47.33],[99.0,47.75],[99.5,47.14],[99.75,47.44],[100.25,47.22],[101.14,47.5],[100.76,48.25],[100.99,48.5],[100.57,48.75],[100.89,49.25],[100.0,49.12],[99.67,49.5],[100.5,49.38],[100.9,50.0],[99.95,50.5],[100.18,51.0],[99.97,51.5],[100.53,51.75],[100.25,51.89],[99.75,51.67],[98.25,52.55],[97.5,52.28],[97.09,52.5],[97.68,52.75],[97.5,52.85],[96.5,52.58],[96.0,52.83],[96.09,52.25],[96.73,52.0],[95.5,51.83],[95.0,52.12],[94.8,52.0],[95.05,51.75],[94.85,51.5],[95.09,50.75],[94.65,50.5],[94.64,50.25],[96.14,49.5],[96.5,49.07],[97.45,48.75],[97.06,48.25],[97.75,48.05],[97.37,47.5],[97.62,47.25]]}},{"type":"Feature","properties":{"level":1032},"geometry":{"type":"LineString","coordinates":[[107.25,47.75],[108.11,47.75],[108.25,48.25],[108.35,47.75],[108.58,47.75],[109.27,48.5],[108.76,48.75],[109.92,49.25],[109.61,49.75],[109.84,50.0],[109.0,50.1],[108.92,49.75],[107.79,49.0],[108.31,48.75],[108.0,48.59],[107.5,49.21],[107.25,47.75]]}},{"type":"Feature","properties":{"level":1032},"geometry":{"type":"LineString","coordinates":[[101.81,50.25],[102.35,50.25],[102.09,50.5],[102.41,50.75],[101.5,50.79],[101.32,50.5],[101.81,50.25]]}},{"type":"Feature","properties":{"level":1036},"geometry":{"type":"LineString","coordinates":[[62.25,-88.0],[74.25,-88.19],[89.25,-87.84],[96.5,-87.4],[101.81,-86.75],[103.67,-86.25],[97.26,-85.75],[96.94,-85.5],[98.47,-85.0],[97.58,-84.5],[97.96,-84.25],[97.5,-83.96],[83.25,-84.82],[81.39,-84.75],[80.45,-84.5],[80.44,-84.25],[79.5,-84.11],[71.75,-84.26],[64.5,-84.09],[57.5,-83.33],[57.14,-83.25],[62.12,-82.5],[61.25,-82.43],[59.13,-81.5],[56.51,-81.25],[58.33,-81.0],[57.47,-80.0],[57.69,-79.5],[56.51,-78.75],[52.0,-77.27],[48.25,-77.38],[43.5,-78.52],[40.0,-78.42],[35.49,-79.0],[37.62,-79.25],[36.23,-79.5],[35.54,-80.0],[35.75,-80.27],[41.25,-81.11],[44.57,-82.0],[44.54,-82.25],[47.0,-82.69],[52.45,-83.0],[50.75,-83.26],[47.0,-83.24],[46.4,-83.5],[46.58,-83.75],[48.08,-84.0],[47.98,-84.5],[60.53,-86.5],[54.25,-86.92],[52.56,-87.5],[62.25,-88.0]]}},{"type":"Feature","properties":{"level":1036},"geometry":{"type":"LineString","coordinates":[[65.12,-83.0],[72.0,-83.09],[74.2,-83.0],[74.79,-82.75],[63.12,-82.75],[65.12,-83.0]]}},{"type":"Feature","properties":{"level":1036},"geometry":{"type":"LineString","coordinates":[[82.68,-82.5],[83.5,-82.73],[90.0,-82.44],[94.38,-81.5],[94.0,-81.19],[93.25,-81.12],[83.53,-82.0],[82.7,-82.25],[82.68,-82.5]]}},{"type":"Feature","properties":{"level":1036},"geometry":{"type":"LineString","coordinates":[[69.94,-81.75],[71.5,-81.91],[72.35,-81.75],[72.36,-81.5],[71.25,-81.19],[69.19,-81.25],[69.08,-81.5],[69.94,-81.75]]}},{"type":"Feature","properties":{"level":1036},"geometry":{"type":"LineString","coordinates":[[76.02,-81.75],[78.0,-81.86],[83.25,-81.4],[88.5,-80.48],[92.75,-80.68],[97.66,-80.25],[96.15,-80.0],[96.63,-79.75],[94.5,-79.0],[97.61,-77.75],[100.75,-77.07],[102.25,-76.99],[104.01,-77.25],[105.34,-77.75],[106.0,-78.29],[108.83,-76.75],[113.25,-76.93],[114.9,-76.75],[113.19,-76.0],[107.46,-74.5],[105.0,-74.1],[94.25,-74.37],[91.25,-75.55],[88.5,-76.27],[87.77,-76.75],[87.49,-77.25],[86.4,-77.75],[79.52,-78.75],[80.25,-78.82],[80.89,-79.25],[77.94,-79.75],[80.0,-80.25],[76.0,-81.09],[75.32,-81.5],[76.02,-81.75]]}},{"type":"Feature","properties":{"level":1036},"geometry":{"type":"LineString","coordinates":[[108.69,-79.75],[110.0,-79.87],[113.0,-79.5],[112.22,-79.25],[113.41,-79.0],[113.0,-78.7],[109.5,-78.48],[106.38,-78.75],[108.69,-79.75]]}},{"type":"Feature","properties":{"level":1036},"geometry":{"type":"LineString","coordinates":[[25.76,-77.5],[27.0,-77.63],[30.75,-77.37],[34.25,-77.72],[38.25,-77.65],[39.03,-77.5],[39.13,-77.0],[39.85,-76.75],[39.37,-76.5],[40.23,-76.25],[38.59,-76.0],[38.27,-75.75],[39.55,-75.5],[39.0,-75.35],[31.5,-75.62],[27.5,-75.24],[27.11,-75.5],[28.93,-76.25],[27.25,-76.39],[18.25,-76.12],[16.55,-76.5],[19.0,-77.03],[25.76,-77.5]]}},{"type":"Feature","properties":{"level":1036},"geometry":{"type":"LineString","coordinates":[[85.59,34.25],[86.0,34.1],[86.26,34.5],[85.5,34.7],[85.06,34.5],[85.59,34.25]]}},{"type":"Feature","properties":{"level":1036},"geometry":{"type":"LineString","coordinates":[[76.85,35.25],[77.0,35.0],[77.25,35.29],[77.5,35.03],[77.6,35.75],[75.75,36.57],[75.26,36.25],[76.85,35.25]]}},{"type":"Feature","properties":{"level":1036},"geometry":{"type":"LineString","coordinates":[[80.38,35.25],[82.0,35.07],[83.12,35.75],[82.75,35.95],[81.75,35.66],[79.33,36.0],[80.38,35.25]]}},{"type":"Feature","properties":{"level":1036},"geometry":{"type":"LineString","coordinates":[[97.29,50.5],[97.5,50.39],[98.03,50.75],[98.0,50.97],[97.6,51.0],[98.0,51.03],[98.0,51.59],[97.08,51.25],[97.36,51.0],[97.29,50.5]]}},{"type":"Feature","properties":{"level":1040},"geometry":{"type":"LineString","coordinates":[[67.85,-88.0],[90.25,-87.63],[95.75,-87.21],[100.22,-86.5],[97.25,-86.27],[91.0,-86.27],[63.25,-86.86],[58.0,-87.04],[56.69,-87.25],[56.43,-87.5],[67.85,-88.0]]}},{"type":"Feature","properties":{"level":1040},"geometry":{"type":"LineString","coordinates":[[52.57,-82.25],[56.75,-82.37],[59.21,-82.0],[59.19,-81.75],[58.25,-81.52],[55.06,-81.25],[57.46,-81.0],[57.49,-80.75],[56.84,-80.25],[56.85,-79.75],[55.75,-78.9],[51.0,-77.78],[48.5,-77.9],[43.25,-78.74],[39.5,-78.86],[37.77,-79.5],[37.15,-80.0],[42.5,-80.82],[45.5,-81.56],[52.57,-82.25]]}},{"type":"Feature","properties":{"level":1040},"geometry":{"type":"LineString","coordinates":[[69.97,-81.5],[71.38,-81.5],[69.97,-81.5]]}},{"type":"Feature","properties":{"level":1040},"geometry":{"type":"LineString","coordinates":[[76.22,-81.5],[78.75,-81.6],[82.03,-81.25],[83.96,-80.75],[84.0,-80.23],[85.75,-80.4],[86.5,-80.18],[92.5,-79.96],[93.33,-79.75],[93.89,-79.0],[95.81,-78.0],[97.62,-77.5],[98.0,-77.17],[101.0,-76.68],[105.75,-77.2],[106.11,-77.0],[105.17,-76.25],[105.49,-76.0],[107.25,-75.54],[108.84,-75.5],[105.94,-74.5],[104.5,-74.24],[100.5,-74.18],[94.0,-74.54],[91.33,-75.75],[91.24,-76.5],[90.0,-76.78],[89.5,-77.27],[86.88,-78.0],[81.8,-78.75],[81.69,-79.0],[82.37,-79.25],[80.46,-79.75],[82.16,-80.0],[77.37,-81.0],[76.22,-81.5]]}},{"type":"Feature","properties":{"level":1040},"geometry":{"type":"LineString","coordinates":[[34.29,-77.5],[38.34,-77.5],[38.5,-77.23],[37.35,-77.0],[38.81,-76.25],[36.38,-76.0],[37.49,-75.75],[31.76,-75.75],[30.49,-76.0],[32.07,-76.25],[32.44,-76.75],[30.01,-77.0],[34.29,-77.5]]}},{"type":"Feature","properties":{"level":1040},"geometry":{"type":"LineString","coordinates":[[20.77,-77.0],[29.51,-77.0],[25.25,-76.61],[18.67,-76.5],[18.88,-76.75],[20.77,-77.0]]}},{"type":"Feature","properties":{"level":1040},"geometry":{"type":"LineString","coordinates":[[80.59,35.25],[82.0,35.18],[82.37,35.5],[82.25,35.66],[81.75,35.43],[79.93,35.75],[80.59,35.25]]}},{"type":"Feature","properties":{"level":1044},"geometry":{"type":"LineString","coordinates":[[63.22,-87.75],[71.5,-87.89],[84.75,-87.68],[92.25,-87.33],[96.83,-86.75],[95.81,-86.5],[92.75,-86.46],[65.5,-86.98],[60.25,-87.2],[59.56,-87.5],[63.22,-87.75]]}},{"type":"Feature","properties":{"level":1044},"geometry":{"type":"LineString","coordinates":[[53.72,-82.0],[56.0,-82.05],[57.81,-81.75],[53.15,-81.25],[56.2,-81.0],[56.6,-80.75],[55.93,-80.25],[56.14,-79.75],[55.32,-79.25],[51.5,-78.44],[47.5,-78.35],[43.75,-78.85],[40.25,-79.02],[38.7,-79.75],[40.5,-80.25],[44.07,-80.75],[45.75,-81.32],[53.72,-82.0]]}},{"type":"Feature","properties":{"level":1044},"geometry":{"type":"LineString","coordinates":[[77.56,-81.25],[78.0,-81.42],[80.0,-81.33],[82.75,-80.75],[83.06,-80.5],[82.75,-80.31],[81.25,-80.48],[77.56,-81.25]]}},{"type":"Feature","properties":{"level":1044},"geometry":{"type":"LineString","coordinates":[[87.46,-80.0],[92.25,-79.65],[97.75,-76.85],[100.25,-76.05],[102.75,-76.78],[104.08,-76.75],[104.11,-76.5],[103.5,-76.0],[103.92,-75.25],[103.03,-74.5],[102.0,-74.32],[95.5,-74.48],[93.75,-74.73],[92.59,-75.25],[92.17,-75.75],[92.2,-76.5],[91.55,-77.0],[90.5,-76.95],[89.25,-77.68],[83.06,-79.0],[83.0,-79.5],[83.5,-79.64],[87.46,-80.0]]}},{"type":"Feature","properties":{"level":1044},"geometry":{"type":"LineString","coordinates":[[34.79,-77.0],[36.58,-77.0],[36.5,-76.76],[34.79,-77.0]]}},{"type":"Feature","properties":{"level":1044},"geometry":{"type":"LineString","coordinates":[[36.34,-76.5],[36.75,-76.73],[38.07,-76.25],[36.34,-76.5]]}},{"type":"Feature","properties":{"level":1048},"geometry":{"type":"LineString","coordinates":[[67.42,-87.75],[86.0,-87.5],[91.5,-87.18],[94.18,-86.75],[88.0,-86.68],[65.0,-87.17],[62.8,-87.25],[62.52,-87.5],[67.42,-87.75]]}},{"type":"Feature","properties":{"level":1048},"geometry":{"type":"LineString","coordinates":[[52.95,-81.75],[55.99,-81.75],[54.5,-81.49],[50.65,-81.5],[52.95,-81.75]]}},{"type":"Feature","properties":{"level":1048},"geometry":{"type":"LineString","coordinates":[[47.82,-81.25],[54.0,-81.1],[55.47,-80.75],[54.64,-80.25],[54.48,-79.75],[54.0,-79.48],[49.75,-78.59],[47.25,-78.58],[42.5,-79.09],[41.72,-79.25],[41.21,-79.75],[41.75,-80.12],[47.82,-81.25]]}},{"type":"Feature","properties":{"level":1048},"geometry":{"type":"LineString","coordinates":[[85.59,-79.75],[89.75,-79.85],[92.25,-79.43],[94.35,-78.5],[94.5,-78.23],[93.25,-78.24],[92.93,-78.0],[94.37,-77.0],[94.55,-76.0],[95.25,-75.8],[96.48,-76.25],[95.88,-76.75],[96.0,-77.3],[97.41,-76.5],[100.5,-75.61],[100.85,-75.25],[100.89,-74.5],[96.75,-74.51],[93.25,-75.0],[92.67,-75.5],[92.86,-76.25],[92.25,-77.04],[90.5,-77.19],[89.5,-77.9],[88.25,-77.94],[83.77,-79.25],[84.02,-79.5],[85.59,-79.75]]}},{"type":"Feature","properties":{"level":1052},"geometry":{"type":"LineString","coordinates":[[73.97,-87.25],[84.0,-87.26],[90.24,-87.0],[73.97,-87.25]]}},{"type":"Feature","properties":{"level":1052},"geometry":{"type":"LineString","coordinates":[[48.97,-81.0],[53.47,-81.0],[54.13,-80.75],[53.23,-80.25],[53.51,-79.75],[53.08,-79.5],[48.0,-78.79],[43.34,-79.25],[42.44,-79.75],[46.0,-80.8],[48.97,-81.0]]}},{"type":"Feature","properties":{"level":1052},"geometry":{"type":"LineString","coordinates":[[47.25,-80.03],[47.08,-80.0],[48.64,-80.0],[47.25,-80.03]]}},{"type":"Feature","properties":{"level":1052},"geometry":{"type":"LineString","coordinates":[[44.5,-79.75],[45.75,-79.75],[44.5,-79.75]]}},{"type":"Feature","properties":{"level":1052},"geometry":{"type":"LineString","coordinates":[[88.68,-79.75],[91.25,-79.57],[93.48,-78.75],[91.0,-78.9],[90.31,-78.75],[92.25,-78.03],[93.29,-77.25],[93.57,-77.0],[93.75,-76.11],[92.25,-77.33],[90.75,-77.3],[89.75,-78.07],[88.25,-78.09],[84.62,-79.25],[85.25,-79.55],[88.68,-79.75]]}},{"type":"Feature","properties":{"level":1052},"geometry":{"type":"LineString","coordinates":[[97.0,-76.0],[97.5,-76.16],[98.0,-76.01],[99.71,-74.75],[96.25,-74.64],[95.52,-74.75],[95.25,-75.15],[94.87,-75.25],[97.0,-76.0]]}},{"type":"Feature","properties":{"level":1052},"geometry":{"type":"LineString","coordinates":[[93.28,-75.75],[93.75,-75.98],[94.83,-75.5],[94.5,-75.28],[93.25,-75.17],[92.98,-75.5],[93.28,-75.75]]}},{"type":"Feature","properties":{"level":1056},"geometry":{"type":"LineString","coordinates":[[46.71,-80.75],[51.93,-80.75],[46.25,-80.23],[45.43,-80.25],[45.28,-80.5],[46.71,-80.75]]}},{"type":"Feature","properties":{"level":1056},"geometry":{"type":"LineString","coordinates":[[49.15,-79.75],[51.75,-79.93],[52.4,-79.75],[52.0,-79.5],[49.0,-79.11],[47.5,-79.03],[46.35,-79.25],[49.15,-79.75]]}},{"type":"Feature","properties":{"level":1056},"geometry":{"type":"LineString","coordinates":[[88.91,-79.5],[91.0,-79.5],[91.71,-79.25],[89.55,-79.25],[88.91,-79.5]]}},{"type":"Feature","properties":{"level":1056},"geometry":{"type":"LineString","coordinates":[[85.45,-79.25],[88.24,-79.25],[88.28,-79.0],[89.88,-78.5],[88.0,-78.3],[85.45,-79.25]]}},{"type":"Feature","properties":{"level":1056},"geometry":{"type":"LineString","coordinates":[[90.37,-78.0],[90.75,-78.19],[91.8,-77.75],[91.0,-77.47],[90.38,-77.75],[90.37,-78.0]]}},{"type":"Feature","properties":{"level":1056},"geometry":{"type":"LineString","coordinates":[[96.77,-75.5],[97.75,-75.6],[98.76,-74.75],[96.19,-74.75],[96.2,-75.25],[96.77,-75.5]]}},{"type":"Feature","properties":{"level":1060},"geometry":{"type":"LineString","coordinates":[[87.31,-78.75],[88.41,-78.5],[87.72,-78.5],[87.31,-78.75]]}}]}