{"type":"FeatureCollection","features":[{"type":"Feature","properties":{"level":940},"geometry":{"type":"LineString","coordinates":[[-126.25,-69.04],[-128.25,-67.67],[-128.23,-67.25],[-123.55,-67.5],[-121.75,-68.03],[-121.27,-68.5],[-121.43,-68.75],[-122.25,-68.93],[-124.75,-68.59],[-126.25,-69.04]]}},{"type":"Feature","properties":{"level":940},"geometry":{"type":"LineString","coordinates":[[1.5,-61.56],[0.75,-61.25],[0.34,-60.5],[0.72,-59.5],[1.5,-58.74],[2.59,-59.5],[2.92,-60.5],[2.5,-61.29],[1.5,-61.56]]}},{"type":"Feature","properties":{"level":944},"geometry":{"type":"LineString","coordinates":[[-127.75,-70.51],[-131.5,-70.23],[-132.09,-69.75],[-132.17,-69.0],[-131.5,-68.0],[-130.26,-67.25],[-127.0,-66.6],[-121.75,-66.63],[-120.16,-67.25],[-119.54,-68.0],[-120.24,-69.0],[-121.25,-69.37],[-125.5,-70.52],[-127.75,-70.51]]}},{"type":"Feature","properties":{"level":944},"geometry":{"type":"LineString","coordinates":[[2.25,-62.75],[0.5,-62.33],[-0.5,-61.75],[-1.01,-61.0],[-1.0,-60.0],[-0.25,-58.72],[2.5,-55.97],[3.5,-55.51],[4.75,-55.61],[5.78,-56.5],[6.69,-59.75],[8.37,-61.25],[8.42,-61.75],[7.84,-62.25],[6.22,-62.75],[2.25,-62.75]]}},{"type":"Feature","properties":{"level":944},"geometry":{"type":"LineString","coordinates":[[146.0,23.5],[146.25,23.94],[146.57,23.75],[146.5,23.43],[146.0,23.5]]}},{"type":"Feature","properties":{"level":948},"geometry":{"type":"LineString","coordinates":[[-131.75,-71.52],[-133.6,-71.0],[-134.31,-70.5],[-134.64,-69.75],[-134.29,-68.75],[-133.39,-67.75],[-131.0,-66.63],[-127.5,-66.01],[-123.0,-65.95],[-119.75,-66.46],[-118.55,-67.0],[-118.14,-67.5],[-118.28,-68.5],[-119.02,-69.25],[-123.0,-70.99],[-125.75,-71.48],[-131.75,-71.52]]}},{"type":"Feature","properties":{"level":948},"geometry":{"type":"LineString","coordinates":[[1.75,-63.51],[-0.39,-63.0],[-1.75,-62.25],[-2.46,-61.25],[-2.44,-60.25],[-1.43,-58.5],[0.55,-56.5],[2.25,-55.24],[4.0,-54.59],[6.12,-54.75],[7.5,-55.21],[8.3,-57.5],[9.25,-59.1],[10.71,-60.0],[13.34,-61.0],[14.02,-61.75],[13.15,-62.5],[10.87,-63.25],[5.5,-63.7],[1.75,-63.51]]}},{"type":"Feature","properties":{"level":948},"geometry":{"type":"LineString","coordinates":[[146.25,23.16],[145.82,23.75],[146.25,24.1],[146.79,23.75],[146.56,23.25],[146.25,23.16]]}},{"type":"Feature","properties":{"level":952},"geometry":{"type":"LineString","coordinates":[[-132.5,-72.5],[-134.2,-72.25],[-137.5,-71.04],[-139.6,-70.75],[-139.76,-70.5],[-135.07,-67.0],[-133.25,-66.28],[-130.5,-65.65],[-126.5,-65.27],[-121.75,-65.45],[-118.5,-66.21],[-117.5,-66.78],[-116.88,-67.5],[-116.97,-68.75],[-117.51,-69.5],[-119.25,-70.69],[-121.17,-71.5],[-125.5,-72.25],[-132.5,-72.5]]}},{"type":"Feature","properties":{"level":952},"geometry":{"type":"LineString","coordinates":[[1.75,-64.28],[-1.0,-63.77],[-2.78,-63.0],[-3.84,-62.0],[-4.04,-60.75],[-3.12,-59.0],[-0.5,-56.26],[1.67,-54.75],[3.75,-54.06],[5.75,-54.03],[8.41,-54.75],[8.9,-55.25],[9.94,-57.25],[11.02,-58.5],[12.53,-59.5],[15.66,-61.0],[16.32,-61.5],[16.58,-62.0],[16.25,-62.58],[15.25,-63.16],[12.5,-63.86],[7.25,-64.42],[1.75,-64.28]]}},{"type":"Feature","properties":{"level":952},"geometry":{"type":"LineString","coordinates":[[-138.5,-61.5],[-140.75,-61.32],[-143.78,-60.25],[-142.75,-60.01],[-140.75,-60.17],[-137.63,-61.25],[-138.5,-61.5]]}},{"type":"Feature","properties":{"level":952},"geometry":{"type":"LineString","coordinates":[[146.25,22.99],[145.69,23.75],[145.75,24.01],[146.25,24.22],[146.75,24.06],[146.92,23.75],[146.76,23.25],[146.25,22.99]]}},{"type":"Feature","properties":{"level":956},"geometry":{"type":"LineString","coordinates":[[-128.75,-73.76],[-133.0,-73.51],[-137.0,-72.97],[-141.75,-73.11],[-142.5,-72.37],[-142.85,-70.75],[-142.56,-70.0],[-141.23,-68.5],[-139.0,-66.81],[-137.75,-66.17],[-134.68,-65.25],[-130.25,-64.63],[-125.0,-64.38],[-120.5,-64.86],[-117.0,-66.1],[-115.84,-67.0],[-115.4,-67.75],[-115.28,-69.0],[-115.69,-69.75],[-116.5,-70.55],[-118.11,-71.5],[-121.75,-72.49],[-126.5,-73.12],[-127.28,-73.75],[-128.75,-73.76]]}},{"type":"Feature","properties":{"level":956},"geometry":{"type":"LineString","coordinates":[[1.5,-65.0],[-1.71,-64.5],[-4.0,-63.74],[-5.38,-62.75],[-5.66,-62.25],[-5.67,-61.5],[-4.72,-59.5],[-2.01,-56.5],[0.64,-54.5],[3.25,-53.58],[6.25,-53.56],[8.79,-54.25],[9.8,-55.0],[12.45,-58.0],[17.85,-61.0],[18.89,-62.0],[18.83,-62.5],[18.41,-63.0],[17.42,-63.5],[13.25,-64.49],[7.0,-65.12],[1.5,-65.0]]}},{"type":"Feature","properties":{"level":956},"geometry":{"type":"LineString","coordinates":[[-138.75,-62.25],[-141.25,-62.01],[-144.0,-61.09],[-147.5,-59.28],[-148.03,-58.75],[-148.25,-58.0],[-144.25,-56.83],[-143.0,-56.88],[-142.66,-56.75],[-143.28,-56.5],[-142.75,-56.38],[-142.47,-56.5],[-142.18,-57.25],[-141.75,-57.45],[-138.75,-58.14],[-136.25,-59.24],[-134.75,-59.45],[-134.36,-59.75],[-134.13,-60.75],[-134.5,-61.5],[-136.5,-62.07],[-138.75,-62.25]]}},{"type":"Feature","properties":{"level":956},"geometry":{"type":"LineString","coordinates":[[146.0,22.96],[145.61,23.5],[145.75,24.25],[146.75,24.2],[147.05,23.75],[146.91,23.25],[146.5,22.93],[146.0,22.96]]}},{"type":"Feature","properties":{"level":960},"geometry":{"type":"LineString","coordinates":[[-136.5,-83.0],[-144.4,-82.75],[-144.84,-82.5],[-143.75,-81.99],[-147.08,-81.5],[-147.28,-81.25],[-145.25,-80.55],[-139.0,-80.29],[-135.66,-80.75],[-133.9,-81.5],[-134.05,-82.5],[-133.81,-82.75],[-134.43,-83.0],[-136.5,-83.0]]}},{"type":"Feature","properties":{"level":960},"geometry":{"type":"LineString","coordinates":[[-147.0,-76.09],[-147.2,-76.0],[-147.16,-75.25],[-146.46,-74.0],[-145.92,-71.25],[-145.36,-70.0],[-142.74,-66.5],[-141.43,-65.0],[-140.16,-64.25],[-139.95,-63.75],[-145.5,-61.62],[-148.83,-59.25],[-149.8,-57.75],[-149.97,-57.0],[-149.23,-56.25],[-148.86,-54.75],[-148.5,-54.61],[-145.25,-55.19],[-142.56,-55.25],[-135.75,-57.39],[-133.75,-57.72],[-131.57,-60.75],[-132.41,-62.5],[-132.25,-62.87],[-130.5,-63.14],[-124.25,-63.32],[-118.75,-64.28],[-116.5,-65.16],[-114.81,-66.25],[-114.04,-67.0],[-113.22,-68.5],[-113.28,-69.5],[-114.74,-71.0],[-116.75,-72.06],[-120.32,-73.0],[-128.75,-74.45],[-135.75,-74.54],[-136.5,-75.0],[-138.0,-74.88],[-142.75,-75.34],[-145.25,-75.76],[-146.25,-76.18],[-147.0,-76.09]]}},{"type":"Feature","properties":{"level":960},"geometry":{"type":"LineString","coordinates":[[1.5,-65.76],[-2.5,-65.22],[-5.5,-64.33],[-7.0,-63.31],[-7.32,-62.0],[-6.96,-60.75],[-6.19,-59.5],[-2.84,-56.0],[-0.47,-54.25],[2.75,-53.07],[6.0,-52.98],[9.25,-53.8],[10.65,-54.75],[13.67,-57.5],[20.35,-61.25],[21.06,-62.25],[20.76,-63.0],[20.02,-63.5],[15.0,-64.9],[8.0,-65.74],[1.5,-65.76]]}},{"type":"Feature","properties":{"level":960},"geometry":{"type":"LineString","coordinates":[[146.0,22.85],[145.49,23.5],[145.61,24.25],[146.0,24.49],[146.75,24.34],[147.13,24.0],[147.06,23.25],[146.5,22.83],[146.0,22.85]]}},{"type":"Feature","properties":{"level":964},"geometry":{"type":"LineString","coordinates":[[-142.5,-84.25],[-158.75,-82.84],[-163.98,-81.5],[-163.7,-81.0],[-161.77,-80.25],[-159.25,-79.71],[-156.25,-79.17],[-151.17,-79.0],[-154.0,-78.86],[-154.14,-78.75],[-153.47,-78.25],[-157.0,-77.92],[-157.41,-77.75],[-157.51,-77.25],[-157.08,-76.75],[-153.0,-75.38],[-151.04,-74.0],[-149.41,-72.0],[-146.72,-67.75],[-145.87,-66.0],[-145.78,-64.5],[-146.07,-63.75],[-149.75,-59.86],[-151.34,-57.25],[-151.07,-56.0],[-149.27,-54.25],[-142.75,-54.08],[-134.25,-56.17],[-132.39,-57.25],[-129.77,-59.5],[-128.87,-60.75],[-128.01,-61.25],[-119.96,-62.75],[-116.46,-63.75],[-112.93,-65.75],[-111.56,-67.0],[-110.91,-68.0],[-110.9,-68.75],[-111.21,-69.5],[-112.18,-70.75],[-113.75,-71.88],[-115.2,-72.5],[-119.75,-73.79],[-126.92,-75.0],[-136.0,-75.8],[-137.0,-76.01],[-139.83,-77.5],[-137.25,-78.41],[-133.28,-79.25],[-130.62,-80.25],[-128.25,-81.51],[-127.72,-82.5],[-126.7,-83.0],[-127.07,-83.25],[-130.5,-83.98],[-132.5,-84.14],[-142.5,-84.25]]}},{"type":"Feature","properties":{"level":964},"geometry":{"type":"LineString","coordinates":[[180.0,-80.32],[174.0,-80.21],[169.19,-79.75],[166.8,-79.25],[166.34,-78.75],[163.5,-78.36],[160.75,-77.37],[159.24,-77.25],[161.5,-77.02],[161.6,-76.25],[161.1,-76.0],[162.75,-75.43],[168.75,-76.15],[176.0,-76.32],[180.0,-76.89]]}},{"type":"Feature","properties":{"level":964},"geometry":{"type":"LineString","coordinates":[[-150.83,-79.25],[-150.28,-79.25],[-150.2,-79.0],[-150.83,-79.25]]}},{"type":"Feature","properties":{"level":964},"geometry":{"type":"LineString","coordinates":[[-180.0,-76.89],[-170.44,-77.75],[-174.43,-79.0],[-174.0,-79.31],[-171.22,-79.75],[-171.68,-80.0],[-180.0,-80.32]]}},{"type":"Feature","properties":{"level":964},"geometry":{"type":"LineString","coordinates":[[0.75,-66.51],[-4.0,-65.92],[-7.5,-64.87],[-8.48,-64.25],[-9.06,-63.5],[-9.5,-62.25],[-9.46,-61.25],[-9.02,-60.25],[-8.16,-59.25],[-2.83,-54.75],[-0.25,-53.26],[2.5,-52.44],[4.25,-52.27],[6.25,-52.41],[9.75,-53.4],[15.98,-57.75],[20.0,-59.67],[22.23,-61.0],[23.13,-62.0],[22.85,-63.0],[21.8,-63.75],[19.5,-64.56],[15.75,-65.46],[7.25,-66.49],[0.75,-66.51]]}},{"type":"Feature","properties":{"level":964},"geometry":{"type":"LineString","coordinates":[[120.0,-63.79],[119.6,-63.5],[120.5,-62.9],[121.5,-63.05],[122.12,-63.5],[120.0,-63.79]]}},{"type":"Feature","properties":{"level":964},"geometry":{"type":"LineString","coordinates":[[125.0,-61.83],[124.77,-61.5],[125.0,-61.22],[125.75,-61.06],[126.13,-61.25],[125.95,-61.75],[125.0,-61.83]]}},{"type":"Feature","properties":{"level":964},"geometry":{"type":"LineString","coordinates":[[125.75,-60.41],[125.55,-60.0],[124.65,-59.75],[123.93,-59.0],[124.0,-57.76],[126.17,-58.5],[125.96,-59.0],[126.17,-59.25],[126.02,-59.75],[126.2,-60.25],[125.75,-60.41]]}},{"type":"Feature","properties":{"level":964},"geometry":{"type":"LineString","coordinates":[[120.25,-59.28],[119.25,-58.84],[119.57,-58.0],[120.75,-57.68],[122.28,-58.0],[122.14,-59.0],[120.25,-59.28]]}},{"type":"Feature","properties":{"level":964},"geometry":{"type":"LineString","coordinates":[[123.5,-57.01],[117.5,-55.52],[116.41,-55.0],[118.25,-54.59],[119.0,-54.21],[119.25,-52.0],[119.5,-51.72],[121.75,-51.6],[125.5,-51.81],[127.25,-52.33],[127.91,-53.5],[127.68,-54.25],[128.41,-54.75],[128.65,-55.25],[128.0,-55.15],[127.25,-55.79],[126.62,-55.75],[127.11,-56.0],[125.75,-56.91],[124.5,-56.8],[123.5,-57.01]]}},{"type":"Feature","properties":{"level":964},"geometry":{"type":"LineString","coordinates":[[-133.5,-56.22],[-133.66,-56.0],[-133.5,-55.91],[-133.32,-56.0],[-133.5,-56.22]]}},{"type":"Feature","properties":{"level":964},"geometry":{"type":"LineString","coordinates":[[146.0,22.73],[145.41,23.25],[145.34,24.0],[145.75,24.54],[146.5,24.58],[147.12,24.25],[147.32,23.5],[146.75,22.8],[146.0,22.73]]}},{"type":"Feature","properties":{"level":968},"geometry":{"type":"LineString","coordinates":[[180.0,-83.01],[171.5,-82.53],[166.0,-81.8],[161.25,-80.46],[158.75,-80.12],[156.0,-80.08],[155.73,-80.0],[157.47,-79.5],[154.4,-79.25],[154.01,-78.75],[152.66,-78.5],[155.5,-77.59],[158.13,-77.25],[158.0,-76.94],[157.3,-76.75],[157.74,-76.5],[160.0,-76.53],[160.06,-76.25],[159.79,-76.0],[160.5,-75.32],[162.25,-75.13],[162.75,-74.78],[164.0,-74.64],[164.8,-74.25],[164.75,-73.88],[164.0,-73.67],[164.5,-73.56],[165.25,-73.9],[166.0,-73.85],[166.25,-73.2],[167.0,-73.43],[167.4,-73.25],[166.85,-72.75],[167.0,-72.7],[168.5,-72.66],[168.86,-72.75],[168.46,-73.0],[168.75,-73.09],[169.5,-73.09],[170.06,-72.75],[170.22,-72.0],[170.0,-71.84],[169.75,-72.32],[169.5,-72.0],[169.25,-72.29],[168.5,-71.98],[168.25,-71.46],[167.25,-71.33],[166.25,-70.87],[163.75,-70.69],[163.25,-70.88],[162.75,-70.52],[162.18,-70.5],[161.89,-70.0],[162.01,-69.75],[163.0,-69.21],[164.75,-68.8],[168.0,-68.59],[180.0,-69.75]]}},{"type":"Feature","properties":{"level":968},"geometry":{"type":"LineString","coordinates":[[157.0,-81.0],[157.5,-80.7],[158.26,-80.75],[157.5,-81.07],[157.0,-81.0]]}},{"type":"Feature","properties":{"level":968},"geometry":{"type":"LineString","coordinates":[[-180.0,-69.75],[-178.25,-69.87],[-177.42,-70.5],[-174.85,-73.75],[-176.15,-74.5],[-176.13,-74.75],[-173.75,-75.54],[-169.0,-75.87],[-163.75,-75.5],[-159.0,-74.7],[-155.5,-73.42],[-153.89,-72.5],[-151.77,-70.5],[-149.77,-67.75],[-149.26,-66.5],[-149.38,-64.75],[-149.97,-63.5],[-149.93,-63.0],[-152.36,-57.75],[-152.46,-56.75],[-152.19,-55.5],[-151.27,-54.5],[-150.25,-53.97],[-145.0,-52.98],[-135.25,-54.44],[-133.75,-54.48],[-133.25,-53.99],[-133.0,-54.04],[-131.25,-56.34],[-127.5,-59.03],[-124.75,-60.08],[-118.0,-61.56],[-113.75,-62.94],[-110.25,-65.0],[-109.0,-66.29],[-108.67,-67.5],[-108.71,-68.25],[-109.35,-69.75],[-110.7,-71.5],[-111.76,-72.25],[-115.5,-73.77],[-122.97,-75.25],[-124.25,-75.71],[-126.25,-75.89],[-126.64,-76.0],[-126.0,-76.58],[-127.75,-76.64],[-129.0,-77.15],[-130.19,-77.25],[-129.1,-77.5],[-129.56,-78.0],[-129.21,-78.25],[-129.25,-79.09],[-128.8,-79.5],[-119.79,-81.75],[-119.56,-82.0],[-120.34,-82.25],[-120.4,-82.5],[-119.81,-83.0],[-119.8,-83.25],[-120.49,-83.75],[-121.25,-83.94],[-130.5,-84.75],[-145.25,-84.93],[-180.0,-83.01]]}},{"type":"Feature","properties":{"level":968},"geometry":{"type":"LineString","coordinates":[[-0.5,-67.26],[-6.5,-66.54],[-9.5,-65.66],[-11.23,-64.75],[-12.25,-63.89],[-12.3,-62.0],[-11.41,-59.75],[-9.75,-57.8],[-7.0,-56.64],[-3.85,-54.25],[-1.5,-52.9],[2.25,-51.62],[6.25,-51.76],[10.25,-52.92],[11.89,-53.75],[17.25,-57.34],[23.86,-60.5],[24.56,-61.0],[25.08,-61.75],[24.95,-62.75],[23.9,-63.75],[21.0,-64.9],[17.0,-65.94],[8.75,-67.13],[3.75,-67.36],[-0.5,-67.26]]}},{"type":"Feature","properties":{"level":968},"geometry":{"type":"LineString","coordinates":[[160.25,-66.76],[158.32,-66.25],[160.25,-66.16],[165.88,-66.75],[163.5,-66.97],[160.25,-66.76]]}},{"type":"Feature","properties":{"level":968},"geometry":{"type":"LineString","coordinates":[[116.75,-65.75],[112.0,-65.18],[109.87,-64.5],[108.77,-63.0],[109.25,-62.3],[110.75,-61.91],[111.25,-61.4],[111.58,-60.5],[111.55,-59.75],[112.1,-59.0],[112.1,-58.5],[112.5,-57.92],[113.25,-57.48],[114.25,-55.3],[116.61,-53.0],[117.72,-51.5],[119.0,-50.38],[120.0,-50.12],[123.75,-50.58],[126.5,-50.63],[128.0,-51.21],[131.32,-54.5],[132.63,-56.5],[132.3,-58.25],[133.29,-59.75],[132.74,-61.5],[137.0,-63.07],[141.25,-63.83],[143.07,-64.5],[143.17,-64.75],[136.75,-65.33],[133.0,-64.65],[132.03,-64.25],[131.57,-63.25],[130.25,-63.14],[119.25,-65.65],[116.75,-65.75]]}},{"type":"Feature","properties":{"level":968},"geometry":{"type":"LineString","coordinates":[[145.75,22.72],[145.11,23.5],[145.5,24.49],[146.25,24.79],[147.25,24.4],[147.54,23.75],[147.23,23.0],[146.5,22.57],[145.75,22.72]]}},{"type":"Feature","properties":{"level":972},"geometry":{"type":"LineString","coordinates":[[180.0,-84.55],[176.75,-84.44],[176.25,-84.72],[173.28,-84.5],[173.25,-84.15],[174.27,-84.0],[174.31,-83.75],[170.5,-83.32],[169.5,-83.43],[168.0,-83.06],[167.25,-83.29],[166.75,-82.94],[165.25,-83.18],[162.0,-83.07],[161.5,-82.63],[159.5,-82.28],[158.06,-81.75],[147.75,-81.01],[145.05,-80.25],[145.2,-80.0],[147.05,-79.25],[155.0,-77.19],[155.24,-77.0],[155.17,-76.5],[155.47,-76.25],[157.5,-76.04],[156.77,-75.75],[157.75,-75.3],[160.0,-74.98],[162.04,-75.0],[162.75,-74.47],[163.84,-74.25],[162.83,-74.0],[163.5,-73.35],[164.25,-73.42],[164.61,-73.0],[165.8,-72.75],[166.22,-72.25],[167.0,-72.46],[167.53,-72.0],[166.75,-71.75],[166.45,-71.25],[165.75,-71.03],[164.75,-71.12],[164.11,-71.5],[159.55,-70.25],[159.5,-69.99],[157.75,-69.4],[155.5,-69.26],[154.25,-68.73],[152.33,-68.75],[152.86,-68.5],[151.5,-67.04],[150.25,-66.5],[148.25,-66.09],[144.75,-65.87],[140.0,-66.0],[137.0,-66.64],[136.5,-66.43],[135.0,-66.52],[134.25,-66.17],[132.5,-66.5],[132.75,-66.15],[132.0,-66.1],[130.0,-66.38],[129.25,-66.86],[126.25,-66.59],[119.75,-67.26],[116.0,-67.3],[113.0,-66.37],[111.75,-66.85],[110.25,-66.88],[106.0,-66.2],[99.25,-64.32],[98.36,-63.5],[98.59,-62.75],[100.0,-61.78],[108.0,-58.42],[112.5,-54.82],[116.5,-50.89],[119.0,-49.45],[120.75,-49.12],[126.25,-49.46],[127.85,-49.75],[130.06,-51.5],[135.79,-57.25],[138.7,-59.25],[141.12,-61.5],[142.0,-61.83],[153.5,-64.09],[169.25,-65.95],[174.31,-67.25],[180.0,-67.82]]}},{"type":"Feature","properties":{"level":972},"geometry":{"type":"LineString","coordinates":[[167.25,-83.76],[168.76,-83.75],[168.0,-83.98],[167.25,-83.76]]}},{"type":"Feature","properties":{"level":972},"geometry":{"type":"LineString","coordinates":[[-118.75,-77.79],[-118.77,-77.5],[-118.0,-76.85],[-117.16,-77.0],[-117.74,-77.5],[-118.75,-77.79]]}},{"type":"Feature","properties":{"level":972},"geometry":{"type":"LineString","coordinates":[[-0.25,-68.25],[-9.75,-67.35],[-14.75,-65.85],[-15.29,-64.5],[-15.44,-63.0],[-14.49,-60.25],[-13.78,-59.0],[-13.87,-58.75],[-13.57,-58.25],[-12.71,-57.75],[-12.68,-57.5],[-8.28,-55.75],[-3.31,-52.75],[1.0,-50.8],[3.5,-50.55],[4.75,-50.66],[8.0,-51.43],[10.75,-52.4],[18.25,-56.78],[24.95,-59.75],[26.25,-60.71],[26.92,-61.75],[26.77,-62.75],[25.75,-63.8],[22.25,-65.33],[18.08,-66.5],[9.25,-67.83],[-0.25,-68.25]]}},{"type":"Feature","properties":{"level":972},"geometry":{"type":"LineString","coordinates":[[-180.0,-67.82],[-176.75,-68.24],[-166.75,-73.2],[-164.75,-73.27],[-162.25,-73.0],[-158.0,-71.6],[-156.75,-70.94],[-153.92,-68.75],[-152.94,-67.5],[-152.54,-66.25],[-152.56,-63.25],[-153.67,-57.5],[-153.62,-56.25],[-153.3,-55.5],[-152.08,-54.25],[-150.3,-53.25],[-146.0,-52.15],[-136.5,-53.08],[-133.25,-53.13],[-133.0,-52.93],[-128.25,-56.28],[-126.0,-57.34],[-123.5,-58.17],[-119.5,-59.02],[-112.75,-60.08],[-111.82,-60.5],[-109.89,-62.0],[-108.75,-61.96],[-108.25,-62.38],[-107.1,-64.25],[-106.6,-66.5],[-107.04,-69.0],[-107.45,-70.0],[-108.38,-71.75],[-109.01,-72.25],[-111.69,-73.75],[-113.75,-74.27],[-115.46,-75.0],[-115.21,-75.25],[-116.44,-75.75],[-120.04,-76.5],[-118.58,-76.75],[-119.5,-76.91],[-121.86,-78.5],[-123.03,-78.5],[-123.28,-79.0],[-122.0,-79.45],[-120.25,-79.61],[-119.25,-80.05],[-117.75,-79.91],[-116.98,-80.25],[-117.42,-80.5],[-116.25,-80.64],[-111.8,-82.0],[-113.57,-82.5],[-111.5,-83.25],[-112.5,-83.55],[-114.48,-84.0],[-122.43,-84.75],[-136.0,-85.35],[-138.25,-85.73],[-163.0,-85.48],[-170.0,-84.84],[-180.0,-84.55]]}},{"type":"Feature","properties":{"level":972},"geometry":{"type":"LineString","coordinates":[[146.0,22.47],[145.15,23.0],[144.97,24.0],[145.75,24.85],[146.75,24.88],[147.63,24.25],[147.76,23.5],[147.0,22.59],[146.0,22.47]]}},{"type":"Feature","properties":{"level":972},"geometry":{"type":"LineString","coordinates":[[-179.0,24.15],[-179.0,24.36],[-178.69,24.25],[-179.0,24.15]]}},{"type":"Feature","properties":{"level":976},"geometry":{"type":"LineString","coordinates":[[180.0,-84.82],[172.0,-84.71],[170.5,-84.0],[169.5,-84.33],[168.0,-84.41],[166.75,-84.16],[165.5,-84.34],[165.02,-84.25],[166.48,-83.75],[164.75,-83.36],[163.5,-83.6],[161.75,-83.26],[160.25,-83.46],[159.75,-83.25],[152.47,-82.75],[147.75,-82.2],[146.04,-81.5],[143.56,-81.25],[143.87,-80.75],[143.5,-80.5],[143.39,-80.0],[144.16,-79.5],[152.75,-77.45],[153.57,-77.0],[153.45,-76.75],[153.9,-76.25],[156.75,-75.18],[162.25,-74.64],[162.95,-74.25],[162.31,-73.5],[163.75,-73.17],[164.25,-73.3],[164.26,-73.0],[165.75,-72.5],[165.25,-71.95],[166.91,-72.0],[166.25,-71.65],[165.25,-71.46],[160.75,-71.67],[159.83,-71.0],[160.0,-70.75],[159.84,-70.5],[159.02,-70.25],[158.75,-69.94],[156.57,-69.5],[154.78,-69.5],[150.75,-68.62],[147.43,-68.5],[147.53,-68.25],[147.0,-67.84],[144.75,-67.83],[144.53,-67.75],[144.65,-67.25],[143.75,-67.1],[132.75,-67.39],[129.75,-67.8],[125.25,-67.4],[119.25,-68.07],[114.0,-67.94],[108.0,-67.1],[105.25,-66.45],[100.0,-66.45],[94.75,-65.23],[93.93,-64.75],[94.2,-64.25],[96.48,-62.25],[105.5,-57.33],[107.81,-55.75],[110.0,-53.82],[112.5,-52.48],[115.76,-50.0],[119.75,-48.42],[126.75,-48.22],[128.03,-48.75],[130.25,-50.32],[137.5,-56.83],[142.55,-59.75],[145.5,-60.94],[151.0,-62.38],[156.5,-63.4],[171.75,-65.31],[177.25,-66.31],[180.0,-66.42]]}},{"type":"Feature","properties":{"level":976},"geometry":{"type":"LineString","coordinates":[[-114.31,-77.0],[-113.25,-77.07],[-112.7,-76.5],[-113.38,-76.5],[-114.31,-77.0]]}},{"type":"Feature","properties":{"level":976},"geometry":{"type":"LineString","coordinates":[[-7.0,-69.0],[-13.0,-68.35],[-17.0,-67.2],[-18.44,-66.0],[-18.72,-65.0],[-18.58,-63.75],[-17.41,-60.25],[-16.94,-59.75],[-16.93,-58.25],[-13.5,-56.47],[-8.54,-54.5],[-0.75,-50.22],[1.75,-49.4],[4.33,-49.0],[5.0,-48.71],[5.25,-48.33],[5.75,-48.42],[6.52,-49.0],[6.89,-49.75],[7.48,-50.25],[13.75,-53.03],[18.25,-55.73],[25.94,-59.0],[27.5,-60.06],[28.5,-61.5],[28.46,-62.75],[26.82,-64.25],[23.76,-65.75],[18.75,-67.17],[12.0,-68.39],[5.25,-69.06],[-2.75,-69.24],[-7.0,-69.0]]}},{"type":"Feature","properties":{"level":976},"geometry":{"type":"LineString","coordinates":[[-180.0,-66.42],[-175.5,-66.87],[-167.5,-69.77],[-164.75,-70.28],[-162.25,-70.32],[-159.25,-69.27],[-156.66,-67.5],[-155.88,-66.5],[-155.31,-65.0],[-154.98,-63.25],[-155.46,-59.25],[-154.86,-56.0],[-153.5,-54.42],[-151.76,-53.0],[-149.25,-51.9],[-147.5,-51.43],[-145.25,-51.27],[-138.25,-51.76],[-134.0,-51.8],[-133.86,-51.5],[-133.5,-51.47],[-127.25,-54.26],[-122.0,-54.96],[-116.5,-56.86],[-111.75,-56.38],[-111.0,-56.01],[-110.5,-55.22],[-110.12,-55.25],[-110.0,-55.52],[-109.6,-54.75],[-109.25,-54.69],[-105.01,-64.5],[-104.73,-65.75],[-104.84,-68.75],[-105.12,-70.25],[-106.46,-72.5],[-107.68,-73.75],[-108.21,-75.5],[-109.56,-76.5],[-109.81,-77.0],[-110.83,-77.25],[-111.42,-78.25],[-110.95,-79.0],[-110.0,-79.5],[-109.0,-80.52],[-106.4,-81.5],[-104.2,-82.0],[-106.19,-82.75],[-104.86,-83.0],[-105.27,-83.25],[-107.46,-83.75],[-120.25,-84.97],[-126.44,-85.25],[-129.75,-85.76],[-134.75,-85.55],[-139.5,-85.96],[-150.75,-85.68],[-157.0,-85.94],[-164.0,-85.73],[-170.5,-85.02],[-174.25,-85.11],[-176.5,-84.73],[-180.0,-84.82]]}},{"type":"Feature","properties":{"level":976},"geometry":{"type":"LineString","coordinates":[[71.75,-60.0],[70.25,-59.75],[68.55,-58.75],[68.2,-57.75],[68.65,-57.0],[69.58,-56.5],[70.5,-56.4],[71.75,-56.7],[72.49,-57.25],[73.63,-58.75],[73.6,-59.25],[73.12,-59.75],[71.75,-60.0]]}},{"type":"Feature","properties":{"level":976},"geometry":{"type":"LineString","coordinates":[[-114.0,20.09],[-114.0,20.32],[-113.7,20.25],[-114.0,20.09]]}},{"type":"Feature","properties":{"level":976},"geometry":{"type":"LineString","coordinates":[[146.25,22.23],[145.1,22.75],[144.7,23.75],[145.17,24.75],[146.25,25.17],[147.25,24.94],[148.26,24.0],[147.5,22.68],[146.25,22.23]]}},{"type":"Feature","properties":{"level":976},"geometry":{"type":"LineString","coordinates":[[-179.0,23.98],[-179.24,24.25],[-178.75,24.5],[-178.55,24.25],[-179.0,23.98]]}},{"type":"Feature","properties":{"level":976},"geometry":{"type":"LineString","coordinates":[[-169.0,55.21],[-169.6,55.75],[-169.25,56.1],[-168.5,56.24],[-167.77,56.0],[-167.67,55.75],[-167.99,55.25],[-169.0,55.21]]}},{"type":"Feature","properties":{"level":980},"geometry":{"type":"LineString","coordinates":[[180.0,-84.97],[169.81,-85.0],[169.41,-84.75],[169.75,-84.5],[168.0,-84.62],[163.7,-84.25],[165.73,-83.75],[164.75,-83.56],[161.75,-83.98],[144.87,-82.75],[141.55,-82.25],[141.67,-81.75],[140.58,-81.5],[141.97,-80.75],[141.4,-80.0],[142.0,-79.57],[150.0,-77.7],[151.68,-77.0],[152.42,-76.25],[154.5,-75.37],[157.77,-74.75],[162.25,-74.52],[162.67,-74.25],[161.97,-73.25],[163.92,-73.0],[163.5,-72.75],[164.14,-72.5],[164.37,-71.75],[162.3,-71.75],[162.09,-72.5],[161.5,-73.0],[161.09,-72.75],[161.9,-72.25],[161.75,-72.03],[161.25,-72.34],[160.75,-72.1],[159.48,-71.0],[159.75,-70.7],[159.29,-70.5],[150.25,-68.89],[146.75,-68.78],[146.09,-68.5],[146.16,-68.25],[145.75,-68.08],[144.0,-68.28],[143.53,-68.0],[143.25,-67.47],[133.5,-67.85],[130.75,-68.32],[125.0,-68.14],[120.25,-68.69],[116.5,-68.42],[113.5,-68.48],[112.0,-67.95],[107.75,-67.45],[105.25,-66.77],[102.0,-66.75],[100.25,-67.09],[99.75,-66.85],[92.0,-66.75],[85.0,-67.42],[80.75,-68.11],[78.45,-68.75],[79.0,-68.16],[80.25,-67.77],[81.0,-67.81],[89.75,-64.31],[98.53,-59.5],[99.5,-58.63],[102.25,-57.19],[104.92,-55.25],[105.53,-54.0],[105.27,-53.25],[106.0,-52.45],[108.75,-51.85],[112.5,-50.65],[115.5,-49.0],[118.75,-47.75],[124.75,-47.24],[126.75,-47.33],[129.24,-48.5],[131.99,-50.5],[139.23,-56.5],[142.75,-58.43],[147.25,-60.27],[151.25,-61.36],[156.5,-62.42],[176.0,-65.12],[180.0,-65.46]]}},{"type":"Feature","properties":{"level":980},"geometry":{"type":"LineString","coordinates":[[-6.25,-70.25],[-15.75,-69.39],[-20.86,-67.75],[-22.75,-66.7],[-23.26,-66.0],[-21.9,-65.0],[-21.12,-62.5],[-18.74,-58.0],[-14.79,-55.75],[-12.57,-55.0],[-7.64,-52.75],[-2.0,-49.51],[0.5,-48.44],[3.77,-47.75],[4.75,-47.09],[7.27,-48.0],[8.25,-49.11],[9.53,-50.0],[19.09,-55.0],[27.23,-58.5],[29.18,-60.0],[29.81,-60.75],[30.22,-61.75],[29.75,-63.15],[27.58,-65.0],[25.5,-66.03],[20.5,-67.69],[13.0,-69.2],[8.0,-69.84],[1.75,-70.23],[-6.25,-70.25]]}},{"type":"Feature","properties":{"level":980},"geometry":{"type":"LineString","coordinates":[[-180.0,-65.46],[-174.75,-65.69],[-169.0,-67.29],[-165.75,-67.86],[-163.25,-67.8],[-160.75,-67.1],[-159.25,-66.0],[-157.76,-63.75],[-157.36,-62.5],[-157.46,-61.75],[-157.11,-59.5],[-156.33,-56.5],[-154.25,-53.47],[-153.51,-52.75],[-151.27,-51.5],[-147.5,-50.39],[-146.25,-50.25],[-138.75,-50.51],[-135.5,-50.38],[-134.75,-50.11],[-130.75,-51.33],[-126.75,-52.0],[-125.25,-52.03],[-121.75,-51.3],[-119.0,-52.33],[-116.5,-54.01],[-114.75,-54.33],[-111.5,-53.76],[-110.75,-53.3],[-109.0,-52.79],[-108.0,-53.57],[-107.08,-55.0],[-102.64,-65.5],[-102.73,-66.25],[-102.39,-67.0],[-102.44,-69.0],[-102.59,-70.0],[-103.37,-71.5],[-103.65,-72.75],[-103.48,-73.0],[-103.9,-73.5],[-103.78,-74.0],[-101.81,-75.75],[-100.6,-76.25],[-100.33,-76.75],[-104.09,-77.75],[-104.65,-78.25],[-104.7,-79.0],[-102.33,-80.25],[-97.0,-81.13],[-96.14,-82.0],[-98.74,-82.75],[-104.84,-83.75],[-116.9,-85.0],[-123.25,-85.25],[-127.5,-85.93],[-134.0,-85.75],[-134.02,-86.0],[-140.5,-86.08],[-150.5,-85.84],[-159.25,-86.32],[-159.86,-86.25],[-159.49,-86.0],[-164.5,-85.85],[-170.75,-85.2],[-175.0,-85.34],[-175.86,-85.25],[-175.22,-85.0],[-175.75,-84.94],[-180.0,-84.97]]}},{"type":"Feature","properties":{"level":980},"geometry":{"type":"LineString","coordinates":[[72.25,-61.26],[69.75,-60.55],[67.81,-59.25],[67.21,-58.0],[67.75,-56.65],[69.75,-55.86],[74.0,-55.78],[75.23,-56.75],[76.13,-58.0],[77.05,-60.5],[76.92,-60.75],[75.0,-61.44],[72.25,-61.26]]}},{"type":"Feature","properties":{"level":980},"geometry":{"type":"LineString","coordinates":[[-114.25,19.99],[-114.33,20.25],[-114.0,20.52],[-113.46,20.25],[-113.75,19.92],[-114.25,19.99]]}},{"type":"Feature","properties":{"level":980},"geometry":{"type":"LineString","coordinates":[[146.25,21.96],[144.94,22.5],[144.39,23.75],[145.0,24.94],[146.25,25.44],[147.66,25.0],[148.45,24.0],[148.26,23.25],[147.73,22.5],[146.25,21.96]]}},{"type":"Feature","properties":{"level":980},"geometry":{"type":"LineString","coordinates":[[-179.0,23.9],[-179.34,24.25],[-179.23,24.5],[-178.75,24.59],[-178.5,24.05],[-179.0,23.9]]}},{"type":"Feature","properties":{"level":980},"geometry":{"type":"LineString","coordinates":[[-170.0,54.66],[-171.11,55.25],[-171.64,56.0],[-171.54,56.5],[-170.5,57.29],[-169.75,57.54],[-167.75,57.53],[-166.75,57.14],[-166.17,56.5],[-166.18,55.25],[-166.75,54.94],[-168.0,54.53],[-170.0,54.66]]}},{"type":"Feature","properties":{"level":980},"geometry":{"type":"LineString","coordinates":[[-3.25,68.23],[-3.63,68.5],[-3.69,69.0],[-2.75,69.55],[0.0,69.52],[1.09,69.0],[0.75,68.47],[-3.25,68.23]]}},{"type":"Feature","properties":{"level":984},"geometry":{"type":"LineString","coordinates":[[153.25,-86.25],[148.97,-85.5],[155.5,-85.71],[157.69,-86.25],[153.25,-86.25]]}},{"type":"Feature","properties":{"level":984},"geometry":{"type":"LineString","coordinates":[[169.25,-85.77],[175.35,-85.5],[174.25,-85.89],[169.25,-85.77]]}},{"type":"Feature","properties":{"level":984},"geometry":{"type":"LineString","coordinates":[[180.0,-85.19],[169.25,-85.14],[164.0,-85.74],[162.25,-85.72],[160.65,-85.5],[163.25,-85.05],[165.18,-85.0],[159.25,-84.53],[157.61,-84.25],[159.25,-84.0],[156.25,-83.72],[143.23,-83.5],[143.15,-83.25],[142.5,-83.04],[138.15,-82.25],[137.88,-82.0],[138.08,-81.75],[139.62,-81.0],[138.22,-80.5],[139.5,-79.41],[148.5,-77.58],[150.0,-77.08],[151.74,-76.0],[153.75,-75.19],[159.25,-74.25],[161.25,-74.49],[162.46,-74.25],[161.75,-73.34],[160.88,-73.0],[160.58,-72.5],[159.71,-72.5],[159.5,-72.25],[159.95,-71.5],[157.75,-70.44],[153.25,-69.93],[149.25,-69.13],[146.5,-68.97],[140.25,-68.06],[134.25,-68.16],[131.5,-68.66],[121.25,-69.28],[117.25,-68.75],[113.5,-68.82],[111.75,-68.34],[108.5,-68.02],[105.0,-67.16],[101.0,-67.16],[100.0,-67.44],[99.0,-67.06],[95.0,-67.31],[91.25,-67.18],[81.25,-68.7],[78.75,-69.79],[75.29,-70.25],[74.6,-70.5],[74.25,-71.09],[73.63,-71.5],[73.73,-71.75],[73.25,-73.1],[71.5,-73.97],[69.5,-74.34],[66.5,-74.49],[65.12,-74.25],[65.25,-73.85],[66.25,-73.79],[67.75,-73.31],[68.45,-72.25],[69.75,-72.27],[71.25,-71.56],[71.5,-71.25],[70.75,-70.77],[70.79,-70.25],[71.64,-68.5],[74.5,-66.29],[77.0,-65.0],[79.25,-63.26],[85.0,-62.47],[89.0,-61.36],[94.0,-59.52],[95.5,-58.39],[101.67,-55.25],[103.16,-54.0],[104.5,-52.27],[105.63,-51.5],[109.0,-50.15],[112.25,-49.18],[116.25,-47.4],[120.25,-46.62],[126.0,-46.35],[128.1,-47.0],[131.3,-48.75],[140.57,-56.0],[144.75,-58.15],[149.0,-59.75],[155.0,-61.22],[161.0,-62.23],[175.5,-64.15],[180.0,-64.43]]}},{"type":"Feature","properties":{"level":984},"geometry":{"type":"LineString","coordinates":[[162.1,-73.0],[163.6,-73.0],[163.24,-72.75],[163.37,-72.5],[163.0,-72.08],[162.56,-72.25],[162.1,-73.0]]}},{"type":"Feature","properties":{"level":984},"geometry":{"type":"LineString","coordinates":[[-6.5,-71.77],[-7.5,-71.39],[-10.0,-71.39],[-11.25,-71.03],[-19.0,-70.4],[-22.25,-69.2],[-23.93,-68.25],[-24.79,-66.75],[-24.9,-65.75],[-23.25,-61.5],[-22.73,-59.5],[-19.99,-57.25],[-15.86,-55.0],[-9.11,-52.25],[-3.5,-48.92],[0.0,-47.4],[5.25,-46.59],[7.25,-47.19],[7.75,-47.15],[9.25,-48.54],[12.0,-50.25],[20.75,-54.75],[26.0,-56.71],[27.75,-57.63],[30.53,-59.75],[31.59,-61.5],[31.52,-62.5],[30.94,-63.75],[29.5,-65.06],[25.75,-67.21],[21.25,-68.68],[17.62,-69.5],[8.0,-70.94],[2.75,-71.46],[-4.0,-71.41],[-5.75,-71.85],[-6.5,-71.77]]}},{"type":"Feature","properties":{"level":984},"geometry":{"type":"LineString","coordinates":[[-180.0,-64.43],[-174.0,-64.66],[-167.0,-65.77],[-164.75,-65.7],[-163.25,-65.24],[-161.18,-64.0],[-160.09,-62.75],[-157.75,-56.5],[-155.46,-52.75],[-154.75,-52.12],[-152.75,-51.04],[-148.0,-49.37],[-145.75,-49.13],[-139.5,-49.31],[-137.0,-49.1],[-136.5,-48.82],[-131.5,-49.75],[-126.75,-49.98],[-125.5,-49.82],[-123.75,-49.21],[-121.25,-49.92],[-115.25,-52.22],[-112.5,-52.16],[-109.0,-51.41],[-107.55,-52.25],[-106.76,-53.0],[-104.42,-56.0],[-99.93,-65.75],[-100.02,-70.0],[-100.93,-72.0],[-99.87,-72.25],[-100.91,-73.0],[-100.6,-73.25],[-100.97,-73.75],[-97.35,-75.0],[-97.19,-75.75],[-96.42,-76.5],[-97.14,-77.5],[-98.6,-78.25],[-98.63,-78.75],[-97.59,-79.25],[-94.75,-79.97],[-88.86,-80.5],[-89.98,-81.25],[-92.4,-82.0],[-102.76,-83.75],[-113.85,-85.0],[-123.74,-85.75],[-122.97,-86.0],[-125.25,-86.24],[-130.5,-86.0],[-141.25,-86.19],[-150.25,-85.98],[-154.75,-86.36],[-159.5,-86.44],[-161.25,-86.07],[-172.0,-85.41],[-177.67,-85.75],[-177.5,-85.5],[-180.0,-85.19]]}},{"type":"Feature","properties":{"level":984},"geometry":{"type":"LineString","coordinates":[[70.0,-63.31],[69.67,-63.0],[69.68,-62.5],[66.49,-59.25],[66.04,-58.0],[66.26,-57.25],[67.25,-56.11],[71.75,-54.39],[72.62,-53.75],[72.75,-53.26],[73.5,-53.21],[74.75,-53.68],[77.16,-55.75],[79.95,-59.5],[80.08,-60.5],[79.79,-61.25],[78.5,-62.69],[78.0,-62.85],[72.75,-63.36],[70.0,-63.31]]}},{"type":"Feature","properties":{"level":984},"geometry":{"type":"LineString","coordinates":[[76.25,-50.8],[75.9,-50.5],[76.0,-50.24],[76.75,-50.29],[77.25,-50.75],[76.25,-50.8]]}},{"type":"Feature","properties":{"level":984},"geometry":{"type":"LineString","coordinates":[[-114.25,19.84],[-114.48,20.25],[-114.25,20.56],[-113.75,20.62],[-113.32,20.25],[-113.75,19.79],[-114.25,19.84]]}},{"type":"Feature","properties":{"level":984},"geometry":{"type":"LineString","coordinates":[[146.75,21.49],[145.0,22.0],[144.03,23.25],[144.0,24.0],[144.31,24.75],[145.0,25.41],[145.75,25.7],[147.0,25.67],[147.5,25.41],[148.3,24.75],[148.69,24.0],[148.62,23.25],[148.2,22.5],[146.75,21.49]]}},{"type":"Feature","properties":{"level":984},"geometry":{"type":"LineString","coordinates":[[-179.25,23.93],[-179.44,24.25],[-179.25,24.61],[-178.48,24.5],[-178.5,23.9],[-179.25,23.93]]}},{"type":"Feature","properties":{"level":984},"geometry":{"type":"LineString","coordinates":[[-171.25,53.98],[-173.0,54.33],[-173.97,55.0],[-175.1,56.5],[-175.45,57.75],[-174.25,58.47],[-170.0,59.25],[-167.0,59.11],[-163.6,58.25],[-163.66,57.75],[-163.19,57.0],[-164.14,55.5],[-165.0,54.7],[-166.75,53.92],[-169.25,53.79],[-171.25,53.98]]}},{"type":"Feature","properties":{"level":984},"geometry":{"type":"LineString","coordinates":[[-9.25,66.75],[-9.85,67.0],[-10.5,68.0],[-10.34,69.0],[-6.76,70.5],[-1.25,71.5],[1.75,71.69],[5.5,71.5],[6.87,71.25],[7.08,71.0],[5.61,69.5],[5.21,68.75],[3.0,67.83],[-4.0,66.71],[-9.25,66.75]]}},{"type":"Feature","properties":{"level":988},"geometry":{"type":"LineString","coordinates":[[-169.75,-86.3],[-170.0,-86.25],[-168.15,-86.25],[-169.75,-86.3]]}},{"type":"Feature","properties":{"level":988},"geometry":{"type":"LineString","coordinates":[[-146.53,-86.25],[-143.74,-86.25],[-146.53,-86.25]]}},{"type":"Feature","properties":{"level":988},"geometry":{"type":"LineString","coordinates":[[180.0,-86.46],[155.25,-87.32],[150.75,-87.14],[149.5,-86.92],[149.36,-86.75],[149.62,-86.5],[149.13,-86.0],[147.63,-85.5],[149.25,-84.75],[151.25,-84.8],[155.06,-84.25],[154.0,-84.03],[150.75,-84.01],[149.25,-84.33],[142.5,-83.72],[138.0,-83.05],[136.43,-82.5],[136.52,-81.25],[135.39,-80.75],[136.5,-80.25],[136.5,-79.99],[135.33,-79.5],[136.0,-79.18],[147.07,-77.5],[148.69,-77.0],[152.5,-75.23],[155.5,-74.41],[159.25,-73.62],[160.5,-74.28],[162.17,-74.25],[161.35,-73.25],[158.75,-72.39],[158.59,-72.25],[158.99,-71.5],[158.66,-71.25],[156.5,-70.5],[151.75,-70.22],[145.0,-69.0],[138.75,-68.44],[134.5,-68.44],[131.0,-69.12],[123.5,-69.73],[118.0,-69.15],[111.84,-69.0],[105.0,-67.51],[102.25,-67.72],[100.75,-67.53],[99.75,-67.67],[98.75,-67.31],[95.25,-67.62],[92.75,-67.51],[88.5,-68.17],[86.25,-68.25],[82.25,-69.34],[79.25,-70.61],[77.0,-71.05],[75.96,-71.75],[75.44,-73.5],[75.87,-74.0],[74.25,-74.87],[71.0,-75.43],[68.0,-75.52],[64.25,-75.23],[62.88,-74.75],[63.88,-73.5],[65.19,-73.0],[66.19,-72.25],[67.14,-71.0],[66.5,-70.73],[66.3,-70.25],[68.84,-68.5],[65.75,-68.08],[65.36,-68.0],[65.25,-67.74],[63.25,-67.56],[62.49,-67.25],[63.21,-65.75],[64.42,-64.5],[65.38,-61.5],[64.65,-58.25],[64.79,-57.5],[65.4,-56.5],[66.5,-55.48],[69.97,-53.5],[71.08,-52.25],[71.42,-51.25],[73.75,-50.64],[75.75,-49.49],[77.75,-49.59],[78.73,-50.0],[79.25,-50.5],[78.21,-52.25],[78.5,-53.5],[79.25,-55.11],[82.17,-58.25],[83.37,-58.75],[83.5,-59.31],[84.25,-59.68],[85.0,-59.7],[87.0,-59.34],[90.25,-57.87],[95.96,-56.0],[99.0,-54.4],[103.5,-51.34],[104.55,-50.25],[107.25,-49.15],[108.75,-48.84],[116.25,-46.32],[118.5,-45.87],[123.75,-45.39],[125.25,-45.4],[127.25,-45.83],[131.75,-47.91],[133.87,-49.25],[137.3,-52.25],[141.0,-54.96],[145.5,-57.37],[149.75,-58.97],[156.0,-60.54],[163.25,-61.69],[174.5,-63.13],[180.0,-63.38]]}},{"type":"Feature","properties":{"level":988},"geometry":{"type":"LineString","coordinates":[[173.95,-85.25],[177.25,-85.41],[177.95,-85.25],[173.95,-85.25]]}},{"type":"Feature","properties":{"level":988},"geometry":{"type":"LineString","coordinates":[[-15.5,-73.01],[-16.0,-72.72],[-20.0,-72.1],[-22.75,-71.38],[-24.38,-70.75],[-26.02,-69.5],[-26.92,-68.0],[-27.42,-66.0],[-27.22,-64.5],[-26.11,-61.25],[-26.19,-60.75],[-24.5,-58.97],[-21.14,-56.5],[-16.75,-54.3],[-10.25,-51.51],[-2.52,-47.0],[-0.25,-46.25],[2.25,-45.78],[7.75,-46.14],[13.06,-49.75],[20.5,-53.43],[25.75,-55.5],[29.25,-57.35],[31.87,-59.5],[32.75,-60.68],[33.26,-62.0],[33.29,-62.5],[32.7,-63.75],[29.75,-66.73],[27.25,-68.36],[23.26,-69.75],[19.25,-70.24],[18.0,-70.66],[10.0,-71.28],[7.41,-71.75],[4.25,-71.55],[-1.0,-72.27],[-2.25,-72.0],[-4.5,-72.0],[-9.25,-72.66],[-10.25,-72.48],[-12.5,-73.09],[-15.5,-73.01]]}},{"type":"Feature","properties":{"level":988},"geometry":{"type":"LineString","coordinates":[[-180.0,-63.38],[-173.0,-63.46],[-168.0,-63.92],[-166.25,-63.77],[-164.0,-63.12],[-163.15,-62.5],[-161.5,-60.52],[-159.14,-56.0],[-156.51,-52.0],[-153.5,-50.2],[-149.25,-48.55],[-145.0,-47.89],[-140.0,-48.01],[-138.25,-47.7],[-132.75,-48.27],[-130.25,-48.29],[-123.75,-47.72],[-115.0,-50.41],[-109.0,-50.22],[-107.0,-51.23],[-102.5,-54.95],[-101.0,-55.9],[-100.62,-56.75],[-100.24,-59.75],[-98.73,-62.75],[-96.2,-66.0],[-96.32,-67.0],[-97.0,-68.25],[-96.78,-69.0],[-97.1,-71.25],[-97.77,-72.0],[-96.94,-72.5],[-97.94,-73.25],[-97.66,-73.75],[-94.47,-74.25],[-92.86,-75.25],[-92.73,-77.5],[-91.15,-78.5],[-89.0,-78.86],[-87.0,-78.61],[-86.13,-78.75],[-87.16,-79.25],[-86.81,-79.5],[-87.15,-80.25],[-88.75,-81.21],[-90.33,-81.75],[-98.36,-83.25],[-106.54,-84.25],[-107.11,-84.5],[-105.66,-84.75],[-106.5,-84.95],[-116.21,-85.25],[-116.76,-85.5],[-116.85,-85.75],[-116.12,-86.0],[-124.5,-86.55],[-131.0,-86.46],[-132.75,-86.21],[-142.5,-86.72],[-151.75,-86.37],[-164.75,-86.96],[-167.36,-86.5],[-162.25,-86.46],[-161.09,-86.25],[-165.25,-86.18],[-169.75,-85.64],[-180.0,-86.46]]}},{"type":"Feature","properties":{"level":988},"geometry":{"type":"LineString","coordinates":[[-114.25,19.68],[-114.6,20.0],[-114.5,20.51],[-114.0,20.75],[-113.31,20.5],[-113.22,20.0],[-113.49,19.75],[-114.25,19.68]]}},{"type":"Feature","properties":{"level":988},"geometry":{"type":"LineString","coordinates":[[145.75,21.2],[144.75,21.55],[143.87,22.25],[143.43,23.25],[143.48,24.25],[144.01,25.25],[144.75,25.85],[145.75,26.15],[147.0,26.11],[148.0,25.55],[148.79,24.75],[149.07,24.0],[149.04,23.0],[147.75,21.45],[146.75,21.11],[145.75,21.2]]}},{"type":"Feature","properties":{"level":988},"geometry":{"type":"LineString","coordinates":[[-179.0,23.73],[-179.55,24.25],[-179.0,24.81],[-178.5,24.65],[-178.26,24.25],[-178.5,23.78],[-179.0,23.73]]}},{"type":"Feature","properties":{"level":988},"geometry":{"type":"LineString","coordinates":[[-174.5,52.97],[-176.06,53.5],[-176.75,54.07],[-177.68,55.0],[-178.46,56.5],[-178.52,57.25],[-177.99,58.0],[-175.75,59.16],[-171.25,60.22],[-167.75,60.38],[-161.75,59.71],[-161.09,59.0],[-158.79,58.25],[-158.72,56.75],[-160.25,55.47],[-162.25,54.39],[-165.25,53.33],[-168.0,52.9],[-174.5,52.97]]}},{"type":"Feature","properties":{"level":988},"geometry":{"type":"LineString","coordinates":[[-25.75,59.59],[-25.93,59.75],[-25.81,60.0],[-25.3,60.25],[-23.93,60.25],[-25.0,59.67],[-25.75,59.59]]}},{"type":"Feature","properties":{"level":988},"geometry":{"type":"LineString","coordinates":[[-6.0,65.49],[-9.75,65.67],[-11.78,66.0],[-13.11,66.75],[-13.56,67.5],[-13.44,68.25],[-12.5,69.47],[-10.5,70.52],[-6.25,71.7],[-1.75,72.4],[3.25,72.66],[7.5,72.49],[10.24,72.0],[12.0,71.26],[12.14,71.0],[7.25,68.14],[5.5,67.41],[-1.25,65.94],[-6.0,65.49]]}},{"type":"Feature","properties":{"level":988},"geometry":{"type":"LineString","coordinates":[[29.25,76.97],[26.43,77.75],[25.75,78.25],[25.73,78.5],[28.5,79.33],[32.24,79.75],[34.25,79.57],[35.35,79.0],[34.68,78.0],[33.3,77.25],[31.25,76.94],[29.25,76.97]]}},{"type":"Feature","properties":{"level":992},"geometry":{"type":"LineString","coordinates":[[180.0,-86.95],[171.64,-87.25],[176.85,-87.75],[168.75,-88.08],[151.0,-87.88],[142.94,-87.25],[142.97,-87.0],[144.0,-86.37],[146.88,-86.0],[146.93,-85.75],[146.27,-85.5],[146.26,-85.25],[147.25,-84.89],[147.23,-84.5],[145.75,-84.16],[135.32,-83.25],[134.82,-82.75],[135.31,-82.25],[135.15,-81.75],[134.5,-81.38],[133.15,-81.25],[133.1,-81.0],[133.79,-80.5],[131.8,-79.5],[132.5,-79.09],[134.25,-78.7],[145.5,-77.4],[147.75,-76.77],[151.97,-75.0],[158.35,-73.25],[158.51,-73.0],[158.03,-72.0],[158.31,-71.5],[158.03,-71.25],[155.5,-70.75],[150.5,-70.48],[143.25,-69.17],[135.25,-68.69],[130.75,-69.58],[125.0,-69.99],[118.0,-69.52],[113.75,-69.72],[105.5,-67.83],[102.0,-68.12],[97.75,-67.57],[88.0,-68.73],[86.5,-68.66],[84.75,-69.06],[77.5,-72.0],[77.09,-72.5],[77.65,-73.0],[77.97,-74.0],[76.68,-74.75],[76.22,-75.25],[76.25,-75.51],[72.75,-76.24],[68.0,-76.37],[64.19,-76.0],[61.65,-75.0],[61.53,-74.75],[62.35,-74.0],[64.72,-72.5],[65.57,-71.5],[65.62,-71.25],[65.06,-70.5],[64.25,-70.02],[63.67,-69.25],[63.05,-69.0],[63.19,-68.5],[61.25,-68.27],[58.98,-68.5],[58.8,-68.25],[59.5,-67.99],[58.0,-67.61],[55.75,-67.49],[55.21,-67.0],[55.55,-66.5],[55.23,-66.25],[52.66,-66.0],[52.6,-65.75],[58.0,-64.31],[60.08,-63.0],[61.19,-62.0],[62.25,-60.51],[62.48,-59.75],[62.14,-58.75],[63.75,-56.66],[65.05,-55.25],[68.25,-52.98],[71.25,-49.72],[76.75,-48.59],[78.5,-48.9],[80.0,-49.79],[80.64,-50.75],[80.86,-52.0],[80.73,-53.25],[81.5,-54.52],[83.25,-55.8],[85.5,-56.62],[88.0,-56.68],[91.5,-55.87],[94.5,-54.33],[95.5,-54.04],[98.0,-52.5],[98.47,-52.0],[98.17,-51.5],[98.52,-51.25],[105.5,-48.53],[115.25,-45.45],[123.25,-44.41],[125.0,-44.49],[127.0,-44.92],[132.0,-46.9],[134.44,-48.5],[139.25,-52.41],[143.06,-55.0],[147.06,-57.0],[150.25,-58.11],[154.0,-59.19],[160.75,-60.45],[174.5,-62.19],[180.0,-62.34]]}},{"type":"Feature","properties":{"level":992},"geometry":{"type":"LineString","coordinates":[[-162.86,-86.25],[-161.8,-86.25],[-162.86,-86.25]]}},{"type":"Feature","properties":{"level":992},"geometry":{"type":"LineString","coordinates":[[-21.25,-75.75],[-22.47,-75.5],[-22.45,-75.0],[-23.06,-74.5],[-26.47,-73.0],[-29.65,-70.0],[-30.51,-68.25],[-30.59,-67.0],[-30.19,-63.5],[-30.61,-62.5],[-30.46,-62.25],[-27.67,-59.5],[-23.83,-56.75],[-17.0,-53.25],[-11.79,-51.0],[-5.5,-47.08],[-3.0,-45.81],[-0.25,-44.96],[1.1,-44.25],[1.25,-43.95],[7.0,-45.24],[7.5,-45.12],[12.0,-47.85],[18.0,-51.01],[26.0,-54.51],[29.57,-56.5],[32.09,-58.25],[34.25,-60.5],[34.68,-61.5],[34.37,-63.75],[33.54,-66.25],[33.54,-67.0],[34.1,-68.25],[33.99,-68.5],[33.25,-68.61],[32.7,-69.0],[32.86,-69.75],[32.39,-70.0],[24.82,-71.25],[23.25,-71.16],[22.25,-71.53],[18.5,-71.24],[13.25,-71.38],[1.5,-72.32],[-1.5,-72.82],[-4.5,-72.43],[-6.75,-73.16],[-7.75,-72.97],[-10.4,-73.75],[-10.59,-74.0],[-12.25,-74.11],[-13.0,-74.64],[-16.0,-75.02],[-17.25,-75.53],[-21.25,-75.75]]}},{"type":"Feature","properties":{"level":992},"geometry":{"type":"LineString","coordinates":[[160.36,-74.0],[161.68,-74.0],[161.0,-73.34],[159.44,-73.25],[159.75,-73.54],[160.18,-73.5],[160.36,-74.0]]}},{"type":"Feature","properties":{"level":992},"geometry":{"type":"LineString","coordinates":[[24.35,-71.0],[24.56,-71.0],[24.35,-71.0]]}},{"type":"Feature","properties":{"level":992},"geometry":{"type":"LineString","coordinates":[[-180.0,-62.34],[-171.0,-62.28],[-168.5,-61.9],[-165.0,-60.95],[-163.75,-60.12],[-162.5,-58.66],[-158.0,-51.75],[-155.25,-49.91],[-150.75,-47.75],[-147.5,-46.97],[-144.75,-46.79],[-131.25,-46.76],[-127.75,-46.0],[-127.35,-45.5],[-126.0,-45.55],[-121.75,-46.49],[-114.75,-48.6],[-113.0,-48.7],[-111.5,-48.38],[-110.25,-48.64],[-108.5,-49.21],[-104.0,-51.74],[-101.5,-52.82],[-100.75,-53.02],[-99.0,-52.95],[-98.05,-53.25],[-97.71,-54.25],[-98.17,-58.0],[-97.78,-59.5],[-95.82,-62.5],[-92.94,-65.75],[-92.05,-67.5],[-92.22,-68.5],[-92.79,-69.0],[-93.42,-70.25],[-93.4,-71.75],[-93.81,-72.75],[-94.36,-73.25],[-92.5,-73.78],[-90.39,-74.0],[-90.25,-74.55],[-88.87,-75.0],[-89.68,-75.5],[-88.45,-76.25],[-89.0,-76.86],[-88.86,-77.25],[-87.5,-78.06],[-85.5,-77.98],[-85.51,-78.25],[-84.95,-78.5],[-86.85,-79.25],[-85.47,-79.75],[-85.54,-80.0],[-86.25,-80.74],[-87.75,-81.31],[-93.25,-82.58],[-101.0,-83.97],[-103.75,-84.25],[-103.68,-84.5],[-101.76,-84.75],[-103.03,-85.0],[-112.27,-85.25],[-110.04,-85.5],[-109.6,-85.75],[-112.25,-86.02],[-122.25,-86.63],[-137.25,-86.86],[-146.25,-87.34],[-154.5,-87.09],[-166.5,-87.31],[-172.75,-86.9],[-180.0,-86.95]]}},{"type":"Feature","properties":{"level":992},"geometry":{"type":"LineString","coordinates":[[-114.0,19.45],[-114.5,19.64],[-114.85,20.25],[-114.25,20.89],[-113.75,20.91],[-113.13,20.5],[-113.03,20.0],[-113.5,19.55],[-114.0,19.45]]}},{"type":"Feature","properties":{"level":992},"geometry":{"type":"LineString","coordinates":[[145.75,20.43],[144.5,20.94],[143.25,22.0],[142.73,23.0],[142.66,24.0],[143.05,25.25],[144.25,26.57],[146.25,26.78],[147.75,26.43],[148.75,25.74],[149.4,24.75],[149.67,23.25],[149.18,22.0],[148.25,21.09],[147.25,20.57],[145.75,20.43]]}},{"type":"Feature","properties":{"level":992},"geometry":{"type":"LineString","coordinates":[[-179.25,23.7],[-179.59,24.0],[-179.64,24.5],[-179.25,24.87],[-178.5,24.78],[-178.14,24.25],[-178.25,23.88],[-178.5,23.63],[-179.25,23.7]]}},{"type":"Feature","properties":{"level":992},"geometry":{"type":"LineString","coordinates":[[180.0,54.09],[178.07,56.0],[177.83,56.5],[178.19,57.25],[180.0,58.88]]}},{"type":"Feature","properties":{"level":992},"geometry":{"type":"LineString","coordinates":[[-180.0,58.88],[-178.25,59.91],[-174.0,61.18],[-166.75,62.34],[-163.0,62.41],[-161.75,62.33],[-161.0,61.96],[-158.47,62.0],[-157.79,61.5],[-158.25,60.74],[-156.75,60.85],[-155.74,61.75],[-154.25,62.28],[-154.0,61.49],[-152.7,61.25],[-153.26,61.0],[-152.77,60.75],[-152.73,60.5],[-153.16,60.25],[-152.75,60.04],[-151.75,60.6],[-150.75,60.62],[-149.25,61.59],[-149.2,61.25],[-150.0,60.5],[-149.75,60.06],[-148.25,60.03],[-147.5,60.4],[-146.69,60.0],[-147.25,59.0],[-150.93,55.75],[-154.5,55.51],[-156.5,55.02],[-162.75,52.8],[-165.5,52.19],[-170.0,51.84],[-174.25,51.98],[-177.8,52.75],[-180.0,54.09]]}},{"type":"Feature","properties":{"level":992},"geometry":{"type":"LineString","coordinates":[[-25.75,58.96],[-26.43,59.5],[-26.45,60.0],[-25.0,61.15],[-22.0,61.31],[-20.33,60.5],[-21.0,60.01],[-23.53,59.0],[-24.75,58.82],[-25.75,58.96]]}},{"type":"Feature","properties":{"level":992},"geometry":{"type":"LineString","coordinates":[[-38.0,60.74],[-38.4,61.0],[-37.75,61.19],[-36.87,61.0],[-37.02,60.75],[-38.0,60.74]]}},{"type":"Feature","properties":{"level":992},"geometry":{"type":"LineString","coordinates":[[-152.0,62.76],[-152.0,63.04],[-151.0,63.11],[-150.75,63.37],[-150.43,63.25],[-152.0,62.76]]}},{"type":"Feature","properties":{"level":992},"geometry":{"type":"LineString","coordinates":[[-11.25,64.49],[-12.25,64.77],[-15.34,66.5],[-15.89,67.25],[-16.03,68.25],[-15.65,69.0],[-14.25,70.27],[-9.0,72.54],[-1.25,73.69],[5.75,74.04],[8.75,73.92],[12.5,73.35],[14.25,72.91],[15.47,72.25],[15.22,71.75],[15.23,70.75],[14.75,69.98],[10.8,68.25],[6.0,66.53],[1.25,65.4],[-3.75,64.6],[-6.25,64.39],[-11.25,64.49]]}},{"type":"Feature","properties":{"level":992},"geometry":{"type":"LineString","coordinates":[[33.25,75.5],[24.0,76.12],[19.75,76.0],[14.07,76.25],[12.43,76.75],[12.17,77.0],[12.38,77.25],[11.77,77.75],[8.74,78.5],[7.88,79.0],[7.94,79.25],[9.78,79.75],[10.08,80.25],[12.99,81.0],[17.75,81.16],[22.17,81.75],[26.0,81.95],[39.25,81.22],[41.25,80.67],[42.72,79.5],[42.64,79.0],[41.87,77.75],[41.05,77.25],[37.25,75.99],[33.25,75.5]]}},{"type":"Feature","properties":{"level":992},"geometry":{"type":"LineString","coordinates":[[12.91,78.75],[13.75,78.64],[14.3,79.0],[14.0,79.19],[12.5,79.22],[12.2,79.0],[12.91,78.75]]}},{"type":"Feature","properties":{"level":992},"geometry":{"type":"LineString","coordinates":[[10.55,79.5],[11.01,79.5],[10.55,79.5]]}},{"type":"Feature","properties":{"level":992},"geometry":{"type":"LineString","coordinates":[[13.05,79.5],[14.0,79.5],[13.05,79.5]]}},{"type":"Feature","properties":{"level":996},"geometry":{"type":"LineString","coordinates":[[180.0,-88.29],[159.25,-88.32],[140.25,-87.75],[138.5,-87.36],[138.1,-87.0],[138.2,-86.75],[137.24,-86.5],[138.5,-85.95],[143.19,-85.5],[142.25,-85.0],[145.14,-84.75],[145.63,-84.5],[140.5,-84.01],[128.0,-84.27],[126.74,-84.0],[128.0,-83.73],[132.75,-83.6],[133.41,-83.5],[133.62,-83.25],[133.41,-82.75],[134.0,-82.24],[132.88,-81.75],[129.98,-81.5],[131.21,-80.75],[128.86,-80.25],[128.63,-79.75],[129.0,-79.48],[133.75,-78.32],[145.25,-77.0],[152.75,-74.35],[155.26,-73.0],[156.75,-72.63],[157.16,-72.0],[156.5,-71.51],[147.25,-70.51],[143.0,-69.48],[136.75,-69.27],[135.0,-68.95],[133.0,-69.56],[129.75,-70.1],[125.25,-70.17],[118.25,-69.89],[114.5,-70.12],[109.75,-69.29],[105.5,-68.14],[102.0,-68.42],[99.0,-68.12],[98.0,-67.78],[84.5,-69.75],[79.03,-72.25],[78.82,-72.5],[79.01,-73.25],[79.91,-74.25],[77.75,-75.69],[77.52,-76.25],[74.75,-76.91],[69.0,-76.87],[64.25,-76.6],[60.75,-75.38],[60.36,-74.75],[63.08,-72.75],[64.38,-71.25],[63.81,-70.5],[63.25,-70.07],[60.5,-69.19],[57.25,-68.47],[56.0,-68.47],[55.5,-68.09],[54.53,-68.0],[54.3,-67.75],[54.77,-67.25],[52.5,-66.75],[51.25,-66.98],[50.75,-67.38],[49.5,-67.52],[49.25,-68.1],[50.0,-68.25],[49.0,-68.33],[48.25,-68.68],[46.75,-68.66],[45.25,-68.12],[41.75,-68.68],[40.5,-69.2],[40.4,-69.75],[39.26,-70.5],[39.66,-70.75],[39.31,-71.0],[39.77,-71.25],[38.75,-71.32],[38.0,-70.91],[37.79,-71.0],[38.39,-71.25],[38.1,-71.5],[35.25,-72.33],[32.07,-72.75],[30.5,-72.77],[28.25,-72.2],[25.75,-72.08],[18.0,-72.27],[17.5,-72.08],[16.0,-72.27],[15.5,-71.82],[14.25,-72.02],[13.5,-71.72],[8.75,-72.19],[5.58,-72.25],[0.25,-73.21],[-2.75,-73.3],[-3.49,-72.75],[-4.0,-72.73],[-5.84,-73.5],[-8.16,-74.0],[-7.7,-74.25],[-10.75,-74.63],[-14.25,-75.92],[-17.75,-76.24],[-28.0,-76.48],[-32.06,-77.25],[-33.5,-77.31],[-33.69,-77.25],[-33.01,-76.5],[-31.91,-76.0],[-31.82,-74.5],[-32.88,-72.25],[-34.59,-69.5],[-35.27,-65.75],[-35.97,-64.25],[-35.71,-63.5],[-32.97,-61.25],[-25.08,-56.25],[-12.75,-50.11],[-7.09,-46.25],[-4.25,-44.66],[0.75,-43.04],[4.5,-43.53],[8.0,-44.41],[19.5,-50.56],[26.0,-53.42],[30.49,-56.0],[32.54,-57.25],[34.84,-59.25],[36.12,-61.25],[36.9,-64.25],[37.97,-65.5],[39.75,-66.3],[42.75,-66.47],[48.75,-65.78],[53.5,-64.04],[57.25,-62.16],[58.5,-61.23],[61.08,-57.75],[63.25,-55.45],[69.88,-49.75],[70.17,-49.25],[71.25,-48.66],[75.25,-47.96],[76.0,-47.51],[78.5,-48.11],[80.75,-49.3],[81.88,-50.5],[82.8,-52.25],[84.0,-53.42],[86.25,-54.48],[88.25,-54.55],[91.25,-54.13],[93.0,-53.51],[95.73,-52.0],[95.83,-51.5],[96.25,-51.11],[98.64,-49.75],[107.58,-46.5],[114.0,-44.6],[122.25,-43.34],[125.5,-43.65],[128.75,-44.44],[130.0,-44.97],[134.25,-47.19],[140.24,-51.75],[144.5,-54.49],[148.0,-56.12],[152.75,-57.93],[156.25,-58.74],[166.0,-60.22],[173.5,-61.09],[180.0,-61.33]]}},{"type":"Feature","properties":{"level":996},"geometry":{"type":"LineString","coordinates":[[-34.5,-77.57],[-34.67,-77.5],[-34.5,-77.4],[-34.5,-77.57]]}},{"type":"Feature","properties":{"level":996},"geometry":{"type":"LineString","coordinates":[[34.2,-70.75],[34.75,-70.98],[38.4,-70.5],[36.5,-70.34],[35.5,-70.02],[34.2,-70.75]]}},{"type":"Feature","properties":{"level":996},"geometry":{"type":"LineString","coordinates":[[56.51,-68.0],[57.57,-68.0],[56.51,-68.0]]}},{"type":"Feature","properties":{"level":996},"geometry":{"type":"LineString","coordinates":[[-180.0,-61.33],[-171.0,-61.03],[-168.5,-60.43],[-166.25,-59.53],[-165.0,-58.75],[-163.5,-57.19],[-159.86,-52.0],[-159.1,-51.25],[-153.5,-47.31],[-148.25,-46.12],[-133.5,-45.38],[-130.25,-44.79],[-127.75,-43.97],[-125.75,-44.03],[-121.5,-44.67],[-120.68,-44.25],[-121.03,-44.0],[-120.75,-43.95],[-120.11,-44.25],[-120.25,-44.51],[-119.25,-44.58],[-117.0,-45.68],[-110.0,-47.45],[-103.75,-50.09],[-100.5,-51.22],[-97.5,-51.88],[-96.87,-52.25],[-96.17,-53.0],[-95.9,-53.75],[-95.74,-54.75],[-95.94,-56.25],[-95.12,-59.25],[-93.8,-61.5],[-89.18,-67.25],[-88.8,-68.75],[-88.73,-70.25],[-88.08,-72.0],[-88.04,-72.5],[-88.44,-73.25],[-88.31,-73.75],[-86.66,-74.5],[-83.04,-75.0],[-84.74,-75.5],[-82.7,-76.0],[-81.88,-76.75],[-78.25,-76.97],[-77.25,-77.5],[-79.25,-77.56],[-81.5,-77.14],[-85.94,-77.25],[-85.42,-77.5],[-85.54,-77.75],[-84.7,-78.5],[-86.0,-79.03],[-84.21,-79.75],[-84.5,-80.07],[-83.35,-80.25],[-83.21,-80.5],[-83.44,-80.75],[-86.25,-81.08],[-90.73,-82.5],[-98.25,-83.73],[-99.0,-84.25],[-98.22,-84.5],[-98.55,-84.75],[-97.75,-85.03],[-107.89,-85.25],[-106.76,-85.5],[-107.39,-85.75],[-114.49,-86.5],[-139.25,-87.5],[-167.5,-87.73],[-180.0,-88.29]]}},{"type":"Feature","properties":{"level":996},"geometry":{"type":"LineString","coordinates":[[-114.25,19.25],[-114.92,19.75],[-115.11,20.5],[-114.25,21.14],[-113.5,21.08],[-112.91,20.5],[-112.94,19.75],[-113.5,19.29],[-114.25,19.25]]}},{"type":"Feature","properties":{"level":996},"geometry":{"type":"LineString","coordinates":[[145.0,19.49],[143.75,19.89],[142.11,21.25],[141.5,22.34],[141.37,23.5],[141.83,25.25],[142.77,26.5],[143.75,27.3],[145.25,27.79],[147.5,27.29],[149.0,26.47],[150.15,25.0],[150.45,23.0],[149.52,21.0],[148.05,19.75],[146.5,19.29],[145.0,19.49]]}},{"type":"Feature","properties":{"level":996},"geometry":{"type":"LineString","coordinates":[[-179.0,23.48],[-179.5,23.69],[-179.81,24.25],[-179.67,24.75],[-179.0,25.08],[-178.25,24.76],[-178.01,24.25],[-178.25,23.68],[-179.0,23.48]]}},{"type":"Feature","properties":{"level":996},"geometry":{"type":"LineString","coordinates":[[180.0,52.58],[177.11,54.75],[176.5,55.75],[176.28,56.75],[176.55,57.75],[177.5,59.08],[178.66,60.25],[180.0,61.14]]}},{"type":"Feature","properties":{"level":996},"geometry":{"type":"LineString","coordinates":[[62.5,57.22],[61.88,57.5],[61.82,58.0],[62.13,58.25],[63.25,58.53],[64.09,58.0],[64.07,57.5],[63.75,57.3],[62.5,57.22]]}},{"type":"Feature","properties":{"level":996},"geometry":{"type":"LineString","coordinates":[[-25.5,58.47],[-27.25,59.24],[-28.25,60.09],[-29.0,60.39],[-32.25,60.6],[-35.5,59.72],[-39.0,59.71],[-40.96,60.5],[-41.77,61.5],[-40.0,64.14],[-38.82,65.0],[-37.0,65.45],[-35.5,65.42],[-32.0,64.13],[-30.0,63.7],[-29.34,63.75],[-29.27,65.0],[-25.25,65.71],[-22.75,65.55],[-21.0,64.97],[-20.69,65.0],[-20.92,65.25],[-20.75,65.31],[-18.75,65.3],[-18.55,65.5],[-18.8,65.75],[-17.6,66.0],[-18.67,66.5],[-19.07,67.0],[-19.14,67.75],[-18.6,69.0],[-17.75,70.17],[-15.55,71.75],[-11.25,74.22],[-9.42,75.0],[-3.9,75.75],[-1.19,76.5],[-0.29,79.5],[-0.34,80.5],[-0.73,81.0],[-3.4,82.25],[-8.51,83.5],[-9.42,84.0],[-9.25,84.28],[-7.0,84.59],[-2.25,84.66],[15.0,83.99],[37.0,83.78],[51.75,82.3],[54.5,81.91],[55.54,81.5],[55.25,81.11],[51.25,80.39],[49.49,79.75],[47.87,78.5],[46.11,76.5],[42.5,75.09],[36.0,74.0],[28.75,74.44],[22.0,73.84],[21.1,73.5],[20.38,72.75],[19.25,72.15],[17.5,69.99],[11.25,67.07],[7.03,65.75],[0.5,64.37],[-4.75,63.64],[-11.5,63.19],[-14.75,62.87],[-15.75,62.54],[-17.5,62.5],[-17.93,61.5],[-17.19,60.5],[-18.0,59.81],[-22.75,58.42],[-25.5,58.47]]}},{"type":"Feature","properties":{"level":996},"geometry":{"type":"LineString","coordinates":[[-180.0,61.14],[-178.5,61.88],[-175.63,62.75],[-166.5,64.35],[-161.0,64.57],[-160.0,64.18],[-159.75,63.59],[-159.5,63.57],[-157.0,64.17],[-155.0,64.24],[-152.75,63.85],[-146.0,64.5],[-144.35,64.25],[-144.71,63.75],[-143.97,63.25],[-145.25,63.15],[-148.25,63.62],[-149.03,63.5],[-148.79,63.25],[-149.09,62.75],[-148.11,61.75],[-144.99,61.5],[-145.77,61.0],[-145.0,60.61],[-144.25,60.62],[-143.23,59.5],[-144.75,58.15],[-145.4,56.5],[-148.75,54.36],[-150.0,54.02],[-154.75,53.84],[-165.0,51.17],[-169.5,50.79],[-173.5,50.89],[-178.0,51.66],[-180.0,52.58]]}},{"type":"Feature","properties":{"level":996},"geometry":{"type":"LineString","coordinates":[[-142.0,61.49],[-141.75,61.72],[-140.7,61.5],[-142.0,61.49]]}},{"type":"Feature","properties":{"level":996},"geometry":{"type":"LineString","coordinates":[[136.25,61.5],[135.01,62.0],[134.13,63.25],[134.25,63.5],[136.25,63.75],[137.62,63.25],[137.51,63.0],[137.81,62.75],[137.45,62.25],[136.25,61.5]]}},{"type":"Feature","properties":{"level":996},"geometry":{"type":"LineString","coordinates":[[-143.5,61.71],[-144.5,61.91],[-144.54,62.25],[-142.75,62.44],[-141.88,62.0],[-143.5,61.71]]}},{"type":"Feature","properties":{"level":996},"geometry":{"type":"LineString","coordinates":[[131.75,64.73],[131.81,65.0],[131.0,65.2],[130.81,65.5],[129.5,66.06],[129.18,66.0],[128.9,65.25],[128.5,64.99],[127.75,65.23],[124.75,64.96],[123.25,65.08],[122.0,65.93],[117.5,67.49],[117.03,68.75],[117.25,69.12],[118.91,69.75],[122.75,69.75],[124.62,70.25],[125.25,70.74],[126.25,71.07],[128.0,71.08],[128.75,70.86],[128.96,71.0],[128.85,71.25],[129.75,71.43],[131.25,71.25],[132.25,70.75],[133.67,70.5],[133.93,70.0],[133.57,69.75],[133.6,69.5],[134.41,69.0],[134.51,68.75],[134.28,68.5],[134.7,68.0],[134.43,67.25],[134.89,66.75],[133.46,65.5],[132.86,65.25],[132.75,64.86],[131.75,64.73]]}},{"type":"Feature","properties":{"level":996},"geometry":{"type":"LineString","coordinates":[[128.47,67.0],[128.63,67.5],[128.26,67.75],[128.19,68.25],[127.75,68.46],[127.52,68.25],[127.97,67.25],[128.47,67.0]]}},{"type":"Feature","properties":{"level":996},"geometry":{"type":"LineString","coordinates":[[135.25,66.97],[135.55,67.0],[135.25,66.97]]}},{"type":"Feature","properties":{"level":996},"geometry":{"type":"LineString","coordinates":[[-59.25,67.75],[-60.1,68.25],[-60.43,68.75],[-60.45,69.25],[-60.05,69.75],[-59.0,69.8],[-57.25,69.4],[-56.46,69.0],[-55.95,68.25],[-57.25,67.61],[-59.25,67.75]]}},{"type":"Feature","properties":{"level":1000},"geometry":{"type":"LineString","coordinates":[[180.0,-88.59],[152.5,-88.55],[135.1,-88.0],[132.9,-87.75],[133.04,-87.5],[132.67,-87.25],[130.29,-86.75],[130.28,-86.5],[130.73,-86.25],[132.73,-85.75],[132.0,-85.3],[130.48,-85.0],[130.42,-84.75],[122.86,-84.75],[122.69,-84.5],[123.19,-83.75],[123.5,-83.65],[127.91,-83.25],[131.22,-82.5],[126.26,-82.0],[125.67,-81.75],[126.58,-81.25],[126.6,-81.0],[125.96,-80.75],[125.72,-80.25],[126.8,-79.5],[131.5,-78.21],[140.25,-77.29],[145.0,-76.45],[151.2,-74.5],[151.88,-74.0],[152.07,-73.5],[153.15,-73.0],[153.75,-72.25],[152.25,-71.72],[151.75,-71.83],[150.75,-71.47],[146.25,-70.94],[142.5,-69.8],[141.0,-69.56],[137.5,-69.59],[134.75,-69.27],[132.86,-70.0],[130.75,-70.3],[120.25,-70.3],[116.0,-70.55],[110.0,-69.67],[105.25,-68.49],[101.5,-68.7],[97.25,-68.18],[86.25,-69.88],[81.75,-71.37],[79.75,-72.64],[79.8,-73.0],[80.32,-73.5],[81.69,-74.25],[81.42,-74.75],[79.59,-75.75],[80.25,-76.0],[80.25,-76.5],[79.0,-77.02],[76.25,-77.32],[65.25,-77.18],[63.5,-77.03],[61.8,-76.5],[60.0,-75.72],[59.29,-75.0],[59.28,-74.75],[59.64,-74.5],[61.17,-73.75],[62.02,-72.25],[63.1,-71.25],[63.0,-70.38],[58.13,-69.0],[55.25,-68.75],[54.5,-68.34],[53.91,-68.5],[53.84,-68.75],[52.25,-68.68],[50.25,-69.27],[48.25,-69.21],[43.25,-71.32],[34.75,-72.86],[30.75,-73.03],[28.0,-72.47],[25.75,-72.31],[24.25,-72.66],[23.0,-72.47],[18.75,-72.59],[14.0,-72.31],[12.75,-71.98],[11.5,-72.43],[7.75,-72.36],[4.5,-72.88],[2.0,-73.59],[-1.25,-73.5],[-6.5,-74.49],[-10.75,-74.92],[-11.91,-75.25],[-11.87,-75.75],[-14.25,-76.58],[-19.0,-76.94],[-23.75,-76.86],[-28.75,-77.51],[-29.28,-77.25],[-33.54,-78.25],[-33.2,-78.5],[-36.0,-78.72],[-39.03,-78.25],[-40.37,-77.25],[-39.94,-76.75],[-40.48,-76.5],[-40.64,-76.25],[-40.42,-76.0],[-41.17,-75.0],[-40.73,-74.5],[-40.5,-73.5],[-40.94,-72.75],[-42.01,-72.0],[-42.5,-71.35],[-44.0,-71.02],[-44.78,-70.5],[-45.32,-69.75],[-42.0,-68.28],[-41.05,-66.75],[-41.22,-65.5],[-41.09,-64.5],[-40.14,-63.5],[-28.33,-56.75],[-13.75,-49.25],[-9.0,-45.75],[-6.75,-43.49],[-3.25,-42.23],[-2.0,-42.3],[-0.75,-41.98],[4.5,-42.43],[8.66,-43.5],[25.0,-51.8],[34.75,-57.5],[36.83,-59.75],[39.54,-63.25],[41.25,-64.15],[42.25,-64.3],[45.0,-64.32],[48.5,-63.83],[53.5,-62.17],[56.53,-60.25],[65.75,-51.4],[69.0,-48.89],[71.25,-47.7],[74.6,-47.0],[75.0,-46.44],[78.25,-47.21],[80.5,-48.1],[82.5,-49.5],[84.41,-51.25],[86.0,-52.21],[88.25,-52.71],[90.0,-52.64],[91.75,-52.21],[93.5,-51.41],[97.26,-49.0],[108.75,-44.92],[116.25,-42.9],[119.5,-42.31],[121.25,-42.24],[125.0,-42.59],[128.25,-43.27],[130.21,-44.0],[135.0,-46.59],[141.55,-51.25],[144.5,-53.0],[148.75,-55.15],[153.75,-57.03],[160.5,-58.52],[166.5,-59.38],[175.25,-60.14],[180.0,-60.31]]}},{"type":"Feature","properties":{"level":1000},"geometry":{"type":"LineString","coordinates":[[-73.75,-75.51],[-72.42,-75.5],[-73.75,-75.51]]}},{"type":"Feature","properties":{"level":1000},"geometry":{"type":"LineString","coordinates":[[51.24,-68.5],[51.5,-68.65],[52.79,-68.25],[52.71,-67.5],[52.5,-67.42],[52.4,-67.75],[50.85,-68.25],[51.24,-68.5]]}},{"type":"Feature","properties":{"level":1000},"geometry":{"type":"LineString","coordinates":[[-180.0,-60.31],[-171.75,-59.85],[-169.5,-59.28],[-166.75,-57.99],[-164.54,-56.0],[-160.76,-51.25],[-159.0,-49.63],[-156.5,-47.58],[-153.75,-46.28],[-149.0,-45.28],[-136.25,-44.19],[-129.5,-42.71],[-127.75,-42.48],[-125.75,-42.56],[-124.75,-42.16],[-124.5,-41.61],[-124.25,-41.64],[-111.5,-45.59],[-104.75,-47.96],[-102.0,-48.52],[-99.5,-49.47],[-95.86,-49.5],[-95.0,-50.22],[-94.31,-51.25],[-93.34,-56.25],[-92.0,-59.73],[-85.81,-69.0],[-83.26,-72.25],[-83.32,-73.25],[-84.41,-73.75],[-84.39,-74.0],[-83.25,-74.39],[-80.44,-74.5],[-79.25,-74.91],[-75.65,-75.0],[-78.14,-75.5],[-78.02,-75.75],[-76.5,-76.22],[-72.25,-76.39],[-68.75,-76.14],[-68.27,-76.25],[-69.76,-76.75],[-67.83,-77.75],[-68.88,-78.25],[-73.25,-79.0],[-75.5,-78.79],[-78.0,-78.15],[-78.75,-78.18],[-79.75,-78.59],[-80.75,-78.56],[-81.74,-78.25],[-82.92,-77.5],[-84.75,-77.59],[-85.1,-78.0],[-84.54,-78.5],[-84.74,-79.0],[-83.58,-79.5],[-83.55,-79.75],[-82.2,-80.0],[-81.53,-80.75],[-83.0,-81.1],[-85.64,-81.25],[-87.41,-82.25],[-88.3,-82.5],[-92.71,-83.0],[-92.97,-83.25],[-95.78,-84.0],[-93.27,-84.5],[-95.83,-85.0],[-93.6,-85.25],[-93.68,-85.5],[-94.0,-85.53],[-96.0,-85.62],[-99.25,-85.2],[-103.83,-85.25],[-105.75,-85.76],[-111.5,-86.53],[-134.0,-87.71],[-180.0,-88.59]]}},{"type":"Feature","properties":{"level":1000},"geometry":{"type":"LineString","coordinates":[[-62.0,-53.52],[-63.25,-53.07],[-63.91,-52.25],[-63.81,-51.25],[-62.95,-50.0],[-62.0,-49.62],[-60.75,-49.56],[-59.0,-49.97],[-58.25,-50.5],[-58.03,-51.75],[-58.81,-53.0],[-60.25,-53.59],[-62.0,-53.52]]}},{"type":"Feature","properties":{"level":1000},"geometry":{"type":"LineString","coordinates":[[-47.5,-37.04],[-47.25,-36.58],[-46.75,-36.54],[-46.65,-36.75],[-46.91,-37.0],[-47.5,-37.04]]}},{"type":"Feature","properties":{"level":1000},"geometry":{"type":"LineString","coordinates":[[143.5,17.96],[141.5,19.13],[139.93,21.25],[139.49,22.5],[139.77,24.5],[140.93,26.75],[142.25,27.9],[143.75,28.58],[146.25,28.76],[146.5,28.46],[149.25,27.38],[150.56,26.25],[151.46,24.25],[151.36,22.0],[151.0,21.1],[150.03,19.75],[149.0,18.79],[146.5,17.99],[143.5,17.96]]}},{"type":"Feature","properties":{"level":1000},"geometry":{"type":"LineString","coordinates":[[-114.5,18.9],[-115.42,19.75],[-115.33,20.75],[-114.5,21.52],[-113.25,21.42],[-112.55,20.5],[-112.73,19.5],[-113.5,18.86],[-114.5,18.9]]}},{"type":"Feature","properties":{"level":1000},"geometry":{"type":"LineString","coordinates":[[-179.0,23.24],[-179.75,23.6],[-179.98,24.5],[-179.5,25.14],[-178.75,25.26],[-178.0,24.75],[-177.84,24.0],[-178.5,23.3],[-179.0,23.24]]}},{"type":"Feature","properties":{"level":1000},"geometry":{"type":"LineString","coordinates":[[180.0,50.92],[175.39,54.0],[174.15,55.75],[173.97,57.0],[174.43,59.0],[176.25,61.39],[177.5,62.27],[180.0,63.37]]}},{"type":"Feature","properties":{"level":1000},"geometry":{"type":"LineString","coordinates":[[61.0,56.23],[60.25,56.57],[59.93,57.5],[60.21,58.25],[61.25,58.92],[62.5,59.39],[64.5,59.69],[66.5,59.78],[68.07,59.5],[68.01,59.25],[66.65,58.75],[65.96,57.5],[64.75,56.61],[63.0,56.21],[61.0,56.23]]}},{"type":"Feature","properties":{"level":1000},"geometry":{"type":"LineString","coordinates":[[-24.75,57.75],[-30.75,58.82],[-37.75,58.73],[-42.25,59.14],[-43.75,59.43],[-44.75,60.0],[-43.98,60.75],[-43.72,61.75],[-44.09,62.5],[-43.75,62.96],[-42.23,64.0],[-41.78,64.75],[-41.12,65.25],[-40.19,65.75],[-38.84,66.0],[-38.59,66.5],[-37.89,66.75],[-38.75,67.01],[-39.32,67.75],[-38.5,67.99],[-36.5,67.81],[-36.0,68.02],[-35.61,67.75],[-35.95,67.5],[-35.75,67.41],[-34.5,67.49],[-33.0,68.35],[-32.5,68.34],[-32.39,68.5],[-33.11,69.25],[-32.75,69.35],[-31.83,69.25],[-32.17,69.0],[-31.75,68.7],[-29.25,69.01],[-29.0,69.3],[-27.5,69.33],[-25.75,68.89],[-24.25,69.38],[-23.84,69.75],[-21.25,70.09],[-20.8,71.0],[-19.65,72.25],[-16.75,74.47],[-15.0,75.44],[-10.83,77.0],[-9.62,78.0],[-9.46,78.5],[-10.08,79.5],[-11.45,80.25],[-12.0,80.81],[-12.75,80.62],[-13.19,81.0],[-15.29,81.25],[-13.63,81.5],[-12.86,81.75],[-13.0,81.85],[-17.25,83.09],[-20.05,84.5],[-20.02,84.75],[-19.25,85.09],[-13.5,85.75],[-1.75,86.06],[40.25,85.27],[48.75,84.61],[56.5,83.58],[63.5,82.27],[64.75,81.76],[65.29,81.25],[64.75,80.91],[63.64,80.75],[63.92,80.5],[57.0,79.17],[54.25,78.37],[51.49,77.0],[49.0,74.67],[46.0,73.71],[43.5,73.26],[38.75,72.9],[32.0,72.95],[28.0,72.55],[25.2,71.75],[24.37,70.75],[22.75,70.29],[22.15,69.75],[19.25,69.09],[18.5,68.63],[15.25,67.71],[15.0,67.43],[11.25,65.85],[7.0,64.59],[-0.01,63.25],[-10.5,61.89],[-12.5,61.31],[-13.81,60.25],[-16.0,59.22],[-18.0,58.6],[-22.0,57.74],[-24.75,57.75]]}},{"type":"Feature","properties":{"level":1000},"geometry":{"type":"LineString","coordinates":[[140.75,57.99],[140.25,58.6],[139.75,58.47],[137.0,58.84],[135.5,59.29],[134.96,60.0],[133.25,61.33],[131.5,62.11],[129.0,62.83],[125.75,63.31],[121.0,63.57],[120.0,64.0],[118.25,65.36],[114.64,67.25],[112.79,69.0],[112.35,70.0],[114.75,71.09],[119.75,72.5],[123.25,72.66],[129.0,73.33],[132.75,73.13],[135.75,72.69],[138.58,72.0],[142.0,70.61],[142.31,70.25],[142.09,70.0],[138.0,69.73],[137.19,69.25],[138.0,68.87],[139.0,68.93],[139.5,68.25],[139.75,68.4],[140.5,68.09],[141.87,68.25],[141.91,67.75],[142.67,67.5],[142.16,67.0],[143.85,66.25],[143.77,65.75],[141.75,65.14],[141.25,65.67],[140.01,66.25],[140.58,66.5],[139.43,67.0],[139.5,67.63],[138.5,67.77],[138.29,67.5],[138.6,66.25],[137.57,66.25],[137.84,65.25],[136.65,65.0],[137.0,64.72],[138.0,64.95],[140.5,64.19],[141.5,64.22],[142.0,64.49],[142.5,64.23],[143.0,64.3],[143.04,63.75],[143.56,63.5],[143.66,62.75],[143.31,62.5],[143.56,62.25],[142.93,61.75],[143.25,61.48],[143.89,61.5],[144.43,60.5],[144.22,60.0],[144.5,59.61],[142.75,58.3],[141.75,57.94],[140.75,57.99]]}},{"type":"Feature","properties":{"level":1000},"geometry":{"type":"LineString","coordinates":[[154.5,58.23],[153.91,58.5],[155.0,58.72],[156.75,58.55],[157.13,58.25],[156.0,58.05],[154.5,58.23]]}},{"type":"Feature","properties":{"level":1000},"geometry":{"type":"LineString","coordinates":[[155.5,60.1],[155.5,60.39],[156.26,60.5],[156.25,60.2],[155.5,60.1]]}},{"type":"Feature","properties":{"level":1000},"geometry":{"type":"LineString","coordinates":[[158.75,60.73],[159.0,61.03],[159.5,60.97],[159.59,60.75],[158.75,60.73]]}},{"type":"Feature","properties":{"level":1000},"geometry":{"type":"LineString","coordinates":[[-52.5,61.71],[-53.23,62.25],[-52.0,62.4],[-51.46,62.0],[-51.75,61.75],[-52.5,61.71]]}},{"type":"Feature","properties":{"level":1000},"geometry":{"type":"LineString","coordinates":[[-59.25,62.43],[-60.75,62.95],[-62.53,64.5],[-64.14,65.25],[-64.75,66.19],[-66.49,66.5],[-66.18,67.0],[-64.5,66.7],[-64.25,67.05],[-63.75,66.85],[-62.94,67.25],[-63.91,68.0],[-64.88,70.25],[-66.21,71.0],[-66.51,71.5],[-66.25,71.79],[-63.0,72.38],[-62.5,72.21],[-59.0,72.76],[-56.25,72.92],[-54.75,72.49],[-53.89,72.5],[-54.93,73.25],[-55.4,74.0],[-55.43,74.5],[-56.49,75.5],[-57.43,77.0],[-57.0,77.36],[-55.5,77.35],[-54.61,77.0],[-54.17,76.25],[-53.1,75.25],[-54.21,74.25],[-54.0,73.5],[-53.14,72.5],[-54.64,71.5],[-54.0,71.36],[-53.5,70.95],[-52.75,71.15],[-51.0,70.86],[-50.63,70.5],[-51.1,70.25],[-50.08,70.0],[-50.16,69.5],[-49.88,69.0],[-50.73,68.5],[-50.21,67.75],[-50.94,67.25],[-50.48,66.75],[-52.75,66.14],[-53.5,66.23],[-53.73,66.0],[-53.95,65.0],[-55.18,63.25],[-55.32,62.5],[-59.25,62.43]]}},{"type":"Feature","properties":{"level":1000},"geometry":{"type":"LineString","coordinates":[[-180.0,63.37],[-176.0,65.14],[-173.25,64.98],[-172.5,65.22],[-172.25,65.57],[-167.25,66.24],[-165.0,66.11],[-164.31,65.75],[-163.75,66.08],[-163.0,65.57],[-162.55,65.75],[-162.94,66.0],[-162.75,66.09],[-161.75,66.18],[-159.25,65.85],[-157.75,66.21],[-152.25,65.81],[-150.0,65.41],[-147.5,65.78],[-144.25,65.2],[-143.44,65.25],[-142.5,65.93],[-141.25,66.39],[-140.25,64.96],[-137.5,64.61],[-136.5,65.0],[-135.0,64.81],[-133.75,65.26],[-130.25,65.4],[-129.0,65.09],[-127.5,65.05],[-126.69,64.5],[-126.86,64.25],[-126.47,64.0],[-127.0,63.91],[-127.75,64.73],[-129.0,64.96],[-129.5,64.61],[-131.25,64.49],[-133.5,64.76],[-134.0,64.54],[-135.75,64.54],[-136.49,64.0],[-136.19,63.5],[-135.27,63.25],[-135.96,62.75],[-134.75,62.78],[-134.57,62.5],[-135.5,62.25],[-136.0,61.7],[-138.0,61.05],[-138.75,60.39],[-140.0,60.55],[-141.86,60.25],[-140.92,59.5],[-140.96,59.0],[-144.2,54.75],[-148.75,52.67],[-153.75,52.5],[-162.5,50.55],[-167.5,49.89],[-172.25,49.78],[-176.75,50.06],[-178.75,50.31],[-180.0,50.92]]}},{"type":"Feature","properties":{"level":1000},"geometry":{"type":"LineString","coordinates":[[155.5,65.71],[155.86,66.0],[155.5,65.71]]}},{"type":"Feature","properties":{"level":1000},"geometry":{"type":"LineString","coordinates":[[141.46,66.0],[142.35,66.0],[141.0,66.43],[140.71,66.25],[141.46,66.0]]}},{"type":"Feature","properties":{"level":1000},"geometry":{"type":"LineString","coordinates":[[-67.0,66.74],[-66.71,66.75],[-67.0,66.74]]}},{"type":"Feature","properties":{"level":1000},"geometry":{"type":"LineString","coordinates":[[-62.8,67.0],[-62.35,67.0],[-62.8,67.0]]}},{"type":"Feature","properties":{"level":1000},"geometry":{"type":"LineString","coordinates":[[145.0,67.0],[143.25,67.34],[143.0,67.13],[142.77,67.25],[142.91,67.75],[142.01,68.0],[142.75,68.33],[144.53,68.25],[145.4,67.75],[145.7,67.25],[145.49,67.0],[145.0,67.0]]}},{"type":"Feature","properties":{"level":1000},"geometry":{"type":"LineString","coordinates":[[154.0,67.5],[152.5,67.71],[149.36,69.0],[150.49,69.75],[148.0,70.87],[146.33,72.0],[146.33,72.5],[146.94,73.5],[147.5,73.7],[149.5,73.55],[157.38,72.25],[161.59,71.25],[163.25,70.53],[163.58,70.0],[161.75,69.71],[159.63,68.25],[158.0,67.61],[156.75,67.37],[154.0,67.5]]}},{"type":"Feature","properties":{"level":1000},"geometry":{"type":"LineString","coordinates":[[140.77,67.75],[141.51,67.75],[141.25,68.2],[140.77,67.75]]}},{"type":"Feature","properties":{"level":1000},"geometry":{"type":"LineString","coordinates":[[-26.84,68.75],[-26.65,68.75],[-26.84,68.75]]}},{"type":"Feature","properties":{"level":1000},"geometry":{"type":"LineString","coordinates":[[-53.14,70.0],[-52.75,69.8],[-52.62,70.25],[-51.75,70.5],[-52.5,70.64],[-53.14,70.0]]}},{"type":"Feature","properties":{"level":1000},"geometry":{"type":"LineString","coordinates":[[-52.87,70.75],[-52.71,70.75],[-52.87,70.75]]}},{"type":"Feature","properties":{"level":1000},"geometry":{"type":"LineString","coordinates":[[-53.5,71.67],[-53.5,71.83],[-53.5,71.67]]}},{"type":"Feature","properties":{"level":1000},"geometry":{"type":"LineString","coordinates":[[-64.25,73.47],[-65.0,73.75],[-67.0,73.87],[-67.58,74.25],[-67.0,74.62],[-65.75,74.65],[-63.75,74.23],[-63.02,73.75],[-64.25,73.47]]}},{"type":"Feature","properties":{"level":1004},"geometry":{"type":"LineString","coordinates":[[180.0,-88.95],[146.0,-88.99],[129.0,-88.25],[127.19,-88.0],[127.11,-87.5],[125.96,-87.25],[125.73,-87.0],[127.81,-86.0],[127.25,-85.61],[120.25,-85.2],[118.6,-84.75],[119.34,-84.5],[119.57,-84.25],[119.53,-83.75],[120.01,-83.5],[127.13,-82.75],[123.25,-82.17],[122.75,-81.75],[122.5,-80.81],[121.33,-80.5],[122.27,-79.75],[131.24,-77.75],[139.75,-77.05],[147.5,-75.45],[149.95,-74.5],[150.38,-73.25],[150.05,-73.0],[150.12,-72.75],[150.96,-72.5],[150.75,-72.21],[150.25,-72.4],[150.0,-72.12],[149.18,-72.5],[149.14,-72.25],[149.51,-72.0],[149.25,-71.93],[148.5,-72.34],[148.5,-71.9],[148.0,-72.15],[147.75,-72.0],[148.0,-71.66],[147.25,-72.07],[146.95,-72.0],[147.36,-71.75],[147.25,-71.59],[146.5,-71.75],[146.5,-71.5],[145.75,-71.76],[143.0,-70.51],[140.25,-69.8],[138.0,-69.95],[134.75,-69.71],[133.0,-70.27],[131.25,-70.5],[121.5,-70.76],[119.5,-71.16],[117.75,-71.21],[110.14,-70.0],[104.75,-68.86],[101.0,-69.02],[97.0,-68.47],[86.0,-70.35],[82.12,-71.75],[80.65,-72.75],[80.69,-73.0],[83.37,-74.0],[83.42,-74.5],[82.63,-75.25],[82.4,-76.5],[80.86,-77.25],[78.5,-77.53],[70.25,-77.4],[65.0,-77.61],[63.0,-77.46],[61.0,-77.0],[59.03,-76.0],[58.54,-75.25],[58.66,-74.75],[60.17,-74.0],[60.65,-73.5],[60.67,-73.0],[60.27,-72.25],[61.88,-70.75],[62.09,-70.5],[61.93,-70.25],[60.5,-69.96],[59.25,-70.01],[57.56,-69.25],[54.75,-69.08],[49.35,-69.75],[49.59,-70.0],[48.75,-70.05],[46.75,-71.06],[42.39,-72.0],[35.0,-73.13],[31.0,-73.25],[25.75,-72.56],[24.5,-72.89],[21.0,-72.92],[15.0,-72.51],[8.5,-72.65],[6.85,-72.75],[2.0,-74.17],[-3.0,-73.97],[-6.0,-74.85],[-7.75,-75.02],[-8.25,-75.31],[-9.53,-75.25],[-9.5,-75.67],[-10.25,-76.24],[-12.5,-77.05],[-15.04,-77.0],[-17.16,-77.25],[-18.35,-78.0],[-19.74,-78.25],[-19.21,-78.75],[-19.4,-79.25],[-17.75,-78.98],[-17.18,-79.25],[-17.5,-79.49],[-18.14,-79.5],[-19.0,-80.21],[-19.5,-80.29],[-26.0,-80.5],[-27.25,-80.78],[-31.25,-80.84],[-33.0,-81.2],[-39.25,-81.55],[-42.05,-81.25],[-42.31,-80.75],[-41.22,-79.75],[-42.0,-79.5],[-43.0,-79.74],[-52.25,-80.07],[-56.07,-79.5],[-56.34,-79.25],[-49.24,-76.75],[-49.14,-75.75],[-48.32,-74.5],[-48.8,-73.5],[-50.78,-72.25],[-51.06,-71.75],[-51.2,-70.25],[-50.76,-69.5],[-49.86,-68.75],[-46.82,-67.25],[-45.9,-66.5],[-45.79,-65.75],[-46.25,-64.0],[-45.88,-63.25],[-44.74,-62.0],[-38.5,-60.31],[-25.75,-54.45],[-15.0,-48.49],[-11.21,-45.5],[-8.8,-42.75],[-7.75,-42.19],[-6.5,-41.98],[-5.38,-41.25],[-3.0,-40.85],[1.0,-40.91],[5.25,-41.37],[10.75,-43.02],[19.75,-47.47],[29.5,-53.17],[34.75,-56.38],[38.75,-59.91],[41.03,-61.5],[42.38,-62.25],[43.75,-62.56],[48.25,-62.15],[50.75,-61.39],[53.0,-60.36],[61.0,-54.33],[65.75,-49.62],[70.75,-46.85],[73.5,-46.0],[73.5,-45.46],[75.25,-45.65],[79.76,-46.75],[81.25,-47.38],[83.5,-48.91],[87.0,-50.48],[88.5,-50.75],[90.0,-50.65],[92.25,-50.11],[95.75,-48.3],[109.73,-43.25],[116.5,-41.42],[120.0,-41.09],[125.25,-41.51],[129.71,-42.75],[133.25,-44.38],[141.5,-49.57],[147.43,-53.0],[150.75,-54.61],[154.75,-56.06],[160.0,-57.41],[166.5,-58.42],[180.0,-59.28]]}},{"type":"Feature","properties":{"level":1004},"geometry":{"type":"LineString","coordinates":[[-43.08,-79.25],[-42.89,-79.0],[-43.75,-78.49],[-46.33,-78.75],[-43.75,-78.83],[-43.08,-79.25]]}},{"type":"Feature","properties":{"level":1004},"geometry":{"type":"LineString","coordinates":[[-180.0,-59.28],[-175.75,-59.07],[-172.25,-58.53],[-170.5,-58.11],[-168.75,-57.33],[-165.5,-54.71],[-158.32,-47.0],[-155.25,-45.61],[-149.75,-44.33],[-140.25,-43.16],[-132.25,-41.53],[-127.5,-40.88],[-126.75,-40.51],[-126.68,-40.0],[-126.5,-39.97],[-118.25,-41.98],[-105.75,-45.84],[-103.75,-46.05],[-100.5,-46.83],[-98.75,-46.77],[-97.84,-46.25],[-96.73,-44.75],[-96.97,-43.25],[-96.39,-41.5],[-96.31,-40.0],[-95.81,-39.0],[-94.5,-37.55],[-93.5,-37.19],[-92.75,-37.22],[-92.45,-37.75],[-92.54,-38.5],[-93.38,-40.75],[-93.37,-42.75],[-93.88,-45.25],[-92.26,-49.0],[-91.78,-51.5],[-90.3,-56.5],[-89.65,-58.0],[-87.75,-61.0],[-86.64,-63.75],[-85.06,-66.5],[-83.68,-68.25],[-79.81,-71.75],[-78.9,-73.0],[-79.75,-73.24],[-79.86,-73.5],[-79.32,-74.0],[-77.4,-74.5],[-69.29,-75.25],[-70.54,-75.75],[-70.25,-75.79],[-67.75,-75.64],[-67.19,-75.25],[-65.75,-74.9],[-64.0,-75.29],[-63.85,-75.25],[-64.26,-75.0],[-62.5,-74.68],[-62.5,-74.97],[-63.2,-75.25],[-61.25,-76.3],[-60.75,-77.5],[-62.0,-78.95],[-66.19,-80.5],[-71.18,-81.0],[-70.24,-81.25],[-71.5,-81.44],[-76.25,-80.81],[-77.25,-80.94],[-78.32,-81.25],[-76.88,-82.25],[-82.25,-83.09],[-85.5,-82.99],[-87.39,-83.25],[-89.45,-83.75],[-89.68,-84.0],[-89.25,-84.25],[-89.53,-84.5],[-92.75,-85.0],[-92.08,-85.25],[-92.2,-85.5],[-93.0,-85.64],[-95.75,-85.75],[-101.0,-85.39],[-111.5,-86.99],[-137.29,-88.75],[-180.0,-88.95]]}},{"type":"Feature","properties":{"level":1004},"geometry":{"type":"LineString","coordinates":[[-62.25,-54.76],[-65.12,-54.0],[-66.96,-53.0],[-68.25,-51.83],[-70.5,-51.0],[-69.78,-50.0],[-71.5,-49.54],[-73.25,-49.47],[-73.47,-48.75],[-72.72,-48.25],[-72.28,-46.5],[-72.0,-46.19],[-71.23,-46.0],[-71.43,-45.0],[-70.75,-44.78],[-69.75,-44.99],[-69.25,-44.27],[-65.25,-43.33],[-63.75,-44.31],[-60.0,-43.57],[-58.5,-43.86],[-57.44,-44.5],[-56.87,-46.0],[-56.9,-47.0],[-55.19,-48.25],[-53.37,-50.0],[-52.99,-50.5],[-52.92,-51.25],[-58.0,-54.39],[-60.0,-54.84],[-62.25,-54.76]]}},{"type":"Feature","properties":{"level":1004},"geometry":{"type":"LineString","coordinates":[[-74.75,-51.13],[-74.94,-50.75],[-74.75,-50.66],[-73.75,-50.77],[-73.69,-51.0],[-74.75,-51.13]]}},{"type":"Feature","properties":{"level":1004},"geometry":{"type":"LineString","coordinates":[[-75.25,-50.85],[-75.25,-50.6],[-75.05,-50.75],[-75.25,-50.85]]}},{"type":"Feature","properties":{"level":1004},"geometry":{"type":"LineString","coordinates":[[-75.25,-50.4],[-75.0,-50.08],[-75.0,-50.43],[-75.25,-50.4]]}},{"type":"Feature","properties":{"level":1004},"geometry":{"type":"LineString","coordinates":[[-74.5,-50.42],[-75.16,-49.75],[-75.0,-49.23],[-75.47,-49.0],[-75.25,-48.84],[-74.75,-48.7],[-73.88,-49.25],[-74.0,-50.15],[-74.5,-50.42]]}},{"type":"Feature","properties":{"level":1004},"geometry":{"type":"LineString","coordinates":[[-78.5,-48.56],[-79.89,-47.75],[-79.0,-46.43],[-77.25,-45.8],[-76.25,-46.03],[-75.4,-46.75],[-75.38,-47.5],[-76.0,-48.16],[-78.0,-48.64],[-78.5,-48.56]]}},{"type":"Feature","properties":{"level":1004},"geometry":{"type":"LineString","coordinates":[[-49.0,-39.31],[-49.81,-38.25],[-48.7,-36.25],[-47.5,-35.58],[-45.66,-36.0],[-45.36,-37.0],[-45.75,-37.56],[-46.94,-38.0],[-47.0,-38.27],[-46.57,-38.5],[-46.75,-38.72],[-48.5,-39.46],[-49.0,-39.31]]}},{"type":"Feature","properties":{"level":1004},"geometry":{"type":"LineString","coordinates":[[-91.75,-36.77],[-91.82,-36.25],[-91.0,-35.77],[-90.25,-35.87],[-89.65,-36.25],[-90.0,-36.76],[-90.5,-36.99],[-91.0,-37.0],[-91.5,-36.62],[-91.75,-36.77]]}},{"type":"Feature","properties":{"level":1004},"geometry":{"type":"LineString","coordinates":[[-68.75,-29.52],[-68.3,-29.0],[-68.5,-28.64],[-68.07,-28.5],[-68.22,-29.0],[-68.0,-29.74],[-68.75,-29.52]]}},{"type":"Feature","properties":{"level":1004},"geometry":{"type":"LineString","coordinates":[[-67.5,-28.61],[-67.87,-27.5],[-67.75,-27.03],[-67.41,-27.25],[-67.25,-27.87],[-67.0,-27.66],[-66.19,-27.75],[-66.42,-28.5],[-67.0,-28.34],[-67.5,-28.61]]}},{"type":"Feature","properties":{"level":1004},"geometry":{"type":"LineString","coordinates":[[-67.0,-27.39],[-67.2,-27.0],[-66.75,-26.93],[-66.25,-26.32],[-66.0,-26.35],[-66.0,-26.89],[-66.5,-27.33],[-67.0,-27.39]]}},{"type":"Feature","properties":{"level":1004},"geometry":{"type":"LineString","coordinates":[[-66.5,-25.82],[-66.47,-25.25],[-66.0,-24.66],[-66.02,-25.75],[-66.5,-25.82]]}},{"type":"Feature","properties":{"level":1004},"geometry":{"type":"LineString","coordinates":[[-65.0,-24.8],[-65.25,-24.25],[-65.0,-24.23],[-64.51,-23.5],[-64.54,-22.0],[-65.0,-21.41],[-65.5,-23.35],[-65.75,-23.0],[-66.05,-23.0],[-66.01,-21.75],[-65.75,-21.25],[-65.5,-21.3],[-65.46,-21.0],[-65.75,-21.23],[-65.84,-20.75],[-65.5,-20.31],[-64.95,-20.75],[-64.65,-20.0],[-64.85,-19.75],[-64.61,-19.0],[-65.08,-19.0],[-65.25,-19.59],[-65.44,-18.75],[-65.85,-18.5],[-66.4,-17.5],[-65.99,-17.5],[-65.75,-17.83],[-64.5,-18.0],[-64.25,-18.28],[-63.75,-18.1],[-63.54,-17.75],[-65.58,-17.0],[-67.0,-15.42],[-67.25,-15.8],[-68.0,-15.66],[-68.5,-15.09],[-68.5,-14.77],[-67.94,-15.25],[-68.06,-14.5],[-67.75,-13.75],[-67.0,-13.67],[-65.5,-14.47],[-61.5,-17.41],[-61.0,-16.76],[-60.12,-16.5],[-60.42,-15.25],[-60.0,-15.28],[-59.5,-16.35],[-58.5,-15.7],[-57.5,-17.45],[-57.25,-17.49],[-56.75,-16.47],[-56.25,-16.04],[-56.68,-17.5],[-57.25,-17.54],[-57.27,-17.75],[-56.5,-18.32],[-56.15,-18.25],[-55.89,-18.5],[-55.87,-19.0],[-55.4,-19.25],[-55.69,-19.75],[-56.0,-19.57],[-56.2,-19.75],[-56.51,-20.75],[-56.0,-21.59],[-57.0,-21.54],[-57.25,-22.25],[-57.75,-22.6],[-58.25,-22.5],[-58.52,-22.75],[-58.54,-23.25],[-59.5,-23.62],[-61.0,-22.81],[-62.25,-21.39],[-62.75,-21.43],[-63.35,-22.0],[-63.18,-23.5],[-63.75,-24.61],[-63.86,-24.0],[-64.25,-23.79],[-65.0,-24.8]]}},{"type":"Feature","properties":{"level":1004},"geometry":{"type":"LineString","coordinates":[[-57.12,-20.0],[-56.92,-20.0],[-57.12,-20.0]]}},{"type":"Feature","properties":{"level":1004},"geometry":{"type":"LineString","coordinates":[[-58.39,-18.5],[-57.96,-18.5],[-58.25,-18.15],[-58.74,-18.25],[-58.39,-18.5]]}},{"type":"Feature","properties":{"level":1004},"geometry":{"type":"LineString","coordinates":[[-60.5,-18.25],[-60.0,-18.48],[-59.71,-18.25],[-60.88,-17.25],[-60.78,-18.0],[-60.5,-18.25]]}},{"type":"Feature","properties":{"level":1004},"geometry":{"type":"LineString","coordinates":[[-59.32,-18.0],[-58.95,-18.0],[-59.32,-18.0]]}},{"type":"Feature","properties":{"level":1004},"geometry":{"type":"LineString","coordinates":[[-57.61,-18.0],[-57.46,-18.0],[-57.61,-18.0]]}},{"type":"Feature","properties":{"level":1004},"geometry":{"type":"LineString","coordinates":[[-59.58,-17.75],[-59.36,-17.75],[-59.75,-16.77],[-60.1,-17.25],[-59.58,-17.75]]}},{"type":"Feature","properties":{"level":1004},"geometry":{"type":"LineString","coordinates":[[-61.25,-16.11],[-61.25,-15.93],[-60.92,-16.0],[-61.25,-16.11]]}},{"type":"Feature","properties":{"level":1004},"geometry":{"type":"LineString","coordinates":[[-60.5,-15.15],[-60.5,-14.99],[-60.5,-15.15]]}},{"type":"Feature","properties":{"level":1004},"geometry":{"type":"LineString","coordinates":[[-64.0,-14.54],[-64.0,-14.37],[-64.0,-14.54]]}},{"type":"Feature","properties":{"level":1004},"geometry":{"type":"LineString","coordinates":[[-64.75,-14.26],[-64.5,-14.05],[-64.02,-14.25],[-64.75,-14.26]]}},{"type":"Feature","properties":{"level":1004},"geometry":{"type":"LineString","coordinates":[[141.75,15.23],[139.84,15.75],[137.47,17.75],[137.39,19.0],[137.14,19.25],[136.65,21.0],[136.48,22.75],[136.89,24.75],[138.0,26.65],[139.54,28.25],[141.23,29.25],[144.5,30.02],[147.25,29.74],[149.91,28.5],[151.39,27.5],[152.64,25.25],[153.0,23.5],[152.53,20.25],[151.25,18.24],[149.5,16.61],[147.75,15.72],[144.75,15.35],[144.5,15.49],[143.0,15.12],[141.75,15.23]]}},{"type":"Feature","properties":{"level":1004},"geometry":{"type":"LineString","coordinates":[[-114.25,17.99],[-115.72,18.75],[-116.16,19.5],[-116.31,20.5],[-116.09,21.25],[-115.5,21.92],[-114.5,22.37],[-113.5,22.41],[-112.75,22.15],[-112.02,21.5],[-111.65,20.75],[-111.66,20.0],[-112.75,18.39],[-114.25,17.99]]}},{"type":"Feature","properties":{"level":1004},"geometry":{"type":"LineString","coordinates":[[180.0,23.1],[179.54,24.25],[180.0,25.12]]}},{"type":"Feature","properties":{"level":1004},"geometry":{"type":"LineString","coordinates":[[-180.0,25.12],[-179.25,25.54],[-178.5,25.5],[-177.75,24.94],[-177.49,24.25],[-177.75,23.46],[-178.5,22.79],[-179.25,22.68],[-180.0,23.1]]}},{"type":"Feature","properties":{"level":1004},"geometry":{"type":"LineString","coordinates":[[180.0,49.38],[176.2,51.0],[173.13,52.75],[173.13,53.0],[172.39,53.5],[171.13,55.0],[170.5,57.38],[169.0,58.19],[168.0,58.4],[166.5,58.2],[165.0,57.48],[163.25,57.32],[162.75,57.75],[161.25,57.12],[160.86,57.25],[160.75,57.86],[160.5,57.57],[159.52,57.25],[159.5,56.96],[158.0,56.97],[155.0,56.3],[152.03,56.5],[148.5,57.23],[146.25,57.3],[138.25,55.38],[136.77,55.5],[137.68,57.0],[137.25,57.28],[135.5,57.13],[135.11,56.75],[135.22,56.5],[135.0,56.45],[134.7,56.5],[134.75,57.01],[134.25,56.86],[132.25,57.39],[131.75,57.23],[130.35,57.5],[130.71,58.25],[131.85,58.75],[131.55,59.0],[131.56,59.75],[131.0,60.32],[130.0,60.82],[126.25,61.7],[119.5,62.62],[116.05,63.5],[113.67,66.0],[109.64,69.0],[109.9,69.5],[109.75,69.83],[111.5,71.64],[114.5,72.99],[119.25,74.07],[128.85,75.25],[129.61,75.5],[129.66,75.75],[126.04,77.0],[126.5,77.29],[133.0,77.85],[139.11,77.75],[145.75,76.78],[155.0,75.04],[161.75,74.13],[168.25,73.66],[176.5,72.5],[180.0,72.59]]}},{"type":"Feature","properties":{"level":1004},"geometry":{"type":"LineString","coordinates":[[-80.0,50.74],[-81.04,51.0],[-83.51,52.25],[-83.79,53.0],[-83.69,53.5],[-83.0,53.99],[-81.75,53.95],[-79.5,52.94],[-79.0,52.4],[-78.89,51.5],[-79.25,50.93],[-80.0,50.74]]}},{"type":"Feature","properties":{"level":1004},"geometry":{"type":"LineString","coordinates":[[62.25,54.44],[60.0,55.16],[57.94,56.5],[57.67,57.25],[58.16,58.5],[62.25,60.2],[65.5,60.68],[69.5,60.62],[74.5,59.5],[78.02,58.0],[78.98,56.75],[79.19,55.75],[78.89,55.0],[78.5,54.89],[75.75,56.44],[73.25,57.4],[71.5,57.79],[69.25,57.2],[66.5,55.63],[64.75,54.93],[63.25,54.47],[62.25,54.44]]}},{"type":"Feature","properties":{"level":1004},"geometry":{"type":"LineString","coordinates":[[-25.75,57.0],[-30.25,57.49],[-47.0,58.13],[-56.0,60.55],[-65.5,62.13],[-65.75,62.51],[-66.37,62.5],[-66.7,63.25],[-67.5,63.71],[-68.75,63.71],[-73.5,64.8],[-78.2,66.75],[-79.65,68.0],[-80.34,70.0],[-79.75,70.77],[-74.75,70.28],[-72.25,69.52],[-71.5,69.53],[-70.55,70.25],[-71.0,70.49],[-70.89,70.75],[-71.5,70.9],[-72.0,71.37],[-73.75,71.7],[-75.25,72.58],[-76.21,72.75],[-76.04,73.0],[-77.13,73.75],[-77.76,74.5],[-78.04,75.25],[-77.21,76.0],[-76.75,76.91],[-75.0,77.92],[-73.0,78.21],[-69.5,77.74],[-68.5,77.82],[-67.5,77.37],[-66.5,77.77],[-66.35,77.75],[-67.33,77.25],[-65.49,77.0],[-66.75,76.75],[-66.25,76.62],[-61.0,76.51],[-60.23,76.75],[-59.78,77.5],[-59.25,77.86],[-56.25,78.28],[-54.67,78.25],[-54.55,78.0],[-53.78,77.75],[-51.75,77.35],[-49.78,75.75],[-49.71,75.25],[-50.18,74.75],[-50.17,74.25],[-50.74,73.75],[-50.61,73.0],[-49.0,71.83],[-49.12,71.25],[-46.49,68.5],[-46.53,68.25],[-47.5,68.28],[-48.75,67.76],[-48.92,66.5],[-49.73,66.0],[-49.68,65.5],[-49.02,64.75],[-49.12,63.0],[-48.83,62.5],[-47.25,61.49],[-46.75,61.41],[-46.44,62.0],[-45.25,62.23],[-44.75,63.24],[-43.88,64.0],[-43.37,65.0],[-42.25,65.57],[-41.25,65.74],[-40.26,66.5],[-40.54,67.0],[-40.42,67.5],[-39.75,68.12],[-38.75,68.52],[-35.65,68.25],[-36.0,68.59],[-37.5,68.93],[-38.0,68.71],[-39.0,68.81],[-40.0,68.47],[-40.5,68.75],[-40.32,69.0],[-36.75,69.52],[-31.67,69.75],[-31.55,70.0],[-29.79,70.75],[-29.71,71.25],[-30.08,71.5],[-30.0,71.74],[-29.0,72.39],[-28.25,72.56],[-27.75,72.07],[-26.75,71.88],[-25.24,72.25],[-26.25,72.4],[-26.63,73.0],[-26.0,73.67],[-25.2,74.0],[-25.41,74.25],[-26.58,74.5],[-24.75,74.86],[-23.25,74.85],[-22.5,75.32],[-20.75,75.74],[-20.72,76.0],[-21.0,76.13],[-22.25,76.24],[-23.51,76.75],[-23.31,77.25],[-23.76,77.5],[-22.2,78.0],[-22.27,78.5],[-24.85,79.75],[-20.75,79.99],[-19.75,80.83],[-22.0,80.39],[-25.25,81.2],[-27.75,81.38],[-28.75,81.88],[-32.5,81.73],[-33.0,81.97],[-29.98,82.5],[-31.09,82.75],[-27.34,83.5],[-32.06,84.5],[-33.07,85.0],[-32.83,85.25],[-30.75,85.77],[-25.0,86.37],[-11.0,86.99],[8.25,87.23],[29.75,87.03],[47.0,86.43],[56.25,85.72],[64.07,84.5],[69.25,83.03],[70.75,82.23],[71.74,81.25],[71.77,80.5],[71.3,80.0],[69.25,79.31],[64.75,78.61],[59.29,77.25],[56.51,76.0],[54.09,74.0],[49.75,72.14],[48.0,71.68],[41.0,70.91],[37.51,71.0],[29.25,70.48],[25.55,69.25],[21.0,67.07],[18.0,66.84],[14.25,66.08],[10.25,64.24],[7.25,63.34],[-6.08,61.0],[-16.25,57.93],[-19.5,57.22],[-22.25,56.85],[-25.75,57.0]]}},{"type":"Feature","properties":{"level":1004},"geometry":{"type":"LineString","coordinates":[[162.88,65.25],[163.5,65.81],[161.93,65.75],[162.88,65.25]]}},{"type":"Feature","properties":{"level":1004},"geometry":{"type":"LineString","coordinates":[[176.42,65.75],[176.79,65.75],[176.42,65.75]]}},{"type":"Feature","properties":{"level":1004},"geometry":{"type":"LineString","coordinates":[[169.38,66.25],[169.75,66.21],[171.39,67.0],[171.0,67.17],[170.0,67.07],[169.38,66.25]]}},{"type":"Feature","properties":{"level":1004},"geometry":{"type":"LineString","coordinates":[[167.29,66.5],[168.5,66.74],[168.62,67.0],[167.0,67.12],[166.78,67.25],[167.37,67.5],[166.75,67.57],[166.41,66.75],[167.29,66.5]]}},{"type":"Feature","properties":{"level":1004},"geometry":{"type":"LineString","coordinates":[[-180.0,66.53],[-179.37,67.0],[-178.5,67.25],[-178.47,67.5],[-180.0,68.68]]}},{"type":"Feature","properties":{"level":1004},"geometry":{"type":"LineString","coordinates":[[-161.08,67.75],[-160.19,67.75],[-161.0,68.09],[-161.27,68.0],[-161.08,67.75]]}},{"type":"Feature","properties":{"level":1004},"geometry":{"type":"LineString","coordinates":[[168.78,67.75],[169.36,67.75],[169.23,68.0],[168.25,68.34],[166.8,68.25],[168.25,68.06],[168.78,67.75]]}},{"type":"Feature","properties":{"level":1004},"geometry":{"type":"LineString","coordinates":[[180.0,68.68],[176.75,69.39],[175.5,69.1],[173.03,69.0],[173.3,68.5],[172.56,68.0],[173.0,67.36],[172.2,66.75],[172.85,66.25],[172.34,65.75],[172.57,65.25],[172.25,64.0],[172.5,63.69],[169.75,63.58],[170.28,63.0],[169.08,62.5],[168.69,62.0],[169.0,61.79],[170.5,61.85],[172.0,61.32],[172.4,61.5],[172.37,62.0],[173.16,62.5],[173.0,63.05],[173.75,63.0],[176.08,64.75],[175.46,66.5],[176.34,66.75],[176.25,67.06],[177.16,66.75],[176.82,66.25],[177.0,66.12],[180.0,66.53]]}},{"type":"Feature","properties":{"level":1004},"geometry":{"type":"LineString","coordinates":[[33.25,69.25],[34.75,69.77],[35.3,69.75],[35.0,69.2],[33.5,69.01],[33.25,69.25]]}},{"type":"Feature","properties":{"level":1004},"geometry":{"type":"LineString","coordinates":[[-27.92,70.75],[-27.75,70.55],[-27.32,70.75],[-27.37,71.0],[-28.0,71.39],[-29.02,71.25],[-27.92,70.75]]}},{"type":"Feature","properties":{"level":1004},"geometry":{"type":"LineString","coordinates":[[-180.0,72.59],[-178.25,72.64],[-176.75,72.27],[-175.77,71.5],[-174.0,69.33],[-173.0,68.81],[-171.75,68.62],[-166.25,68.95],[-165.75,68.66],[-163.5,68.36],[-160.25,68.1],[-159.61,68.25],[-159.87,68.0],[-159.05,68.0],[-159.25,67.74],[-157.75,67.98],[-156.0,67.34],[-153.25,67.45],[-149.75,67.09],[-148.5,67.06],[-145.25,67.6],[-142.0,67.66],[-140.5,67.2],[-136.75,67.34],[-135.94,66.5],[-135.25,66.25],[-134.25,66.42],[-132.75,67.36],[-128.0,67.24],[-126.25,66.73],[-124.75,65.98],[-123.54,65.0],[-122.98,63.5],[-124.02,62.75],[-124.36,62.0],[-124.25,61.71],[-125.25,62.21],[-127.25,62.35],[-127.5,62.25],[-127.26,62.0],[-127.75,61.9],[-129.75,62.15],[-130.25,62.05],[-130.85,61.5],[-133.0,61.14],[-133.36,60.75],[-134.26,60.5],[-134.5,59.92],[-134.75,60.09],[-136.75,60.05],[-137.0,59.67],[-137.5,59.6],[-137.53,59.25],[-137.95,59.0],[-138.33,57.5],[-142.75,53.45],[-147.0,51.6],[-148.75,51.09],[-153.5,51.05],[-161.0,49.59],[-168.0,48.83],[-176.0,48.86],[-180.0,49.38]]}},{"type":"Feature","properties":{"level":1004},"geometry":{"type":"LineString","coordinates":[[-49.25,73.13],[-49.2,73.5],[-48.85,73.75],[-47.71,73.75],[-48.5,73.2],[-49.25,73.13]]}},{"type":"Feature","properties":{"level":1004},"geometry":{"type":"LineString","coordinates":[[-26.2,73.25],[-25.5,73.08],[-25.2,73.25],[-26.2,73.25]]}},{"type":"Feature","properties":{"level":1004},"geometry":{"type":"LineString","coordinates":[[-22.59,74.75],[-21.5,74.64],[-21.02,75.0],[-22.0,75.1],[-22.59,74.75]]}},{"type":"Feature","properties":{"level":1004},"geometry":{"type":"LineString","coordinates":[[-23.08,77.0],[-22.6,77.0],[-23.08,77.0]]}},{"type":"Feature","properties":{"level":1004},"geometry":{"type":"LineString","coordinates":[[-22.2,77.25],[-21.39,77.25],[-22.2,77.25]]}},{"type":"Feature","properties":{"level":1004},"geometry":{"type":"LineString","coordinates":[[-66.0,77.31],[-66.25,77.5],[-65.85,77.5],[-66.0,77.31]]}},{"type":"Feature","properties":{"level":1008},"geometry":{"type":"LineString","coordinates":[[180.0,-89.79],[145.75,-89.66],[120.58,-88.75],[120.59,-88.25],[120.31,-88.0],[120.76,-87.75],[119.83,-87.5],[121.24,-87.0],[120.84,-86.75],[120.82,-86.5],[122.78,-86.0],[112.5,-86.4],[112.29,-86.25],[114.38,-85.75],[114.88,-85.0],[115.66,-84.5],[115.04,-84.0],[115.5,-83.75],[120.11,-82.25],[120.27,-82.0],[119.85,-81.25],[118.45,-80.75],[118.35,-80.5],[118.8,-80.0],[119.5,-79.71],[128.58,-77.75],[139.25,-76.89],[144.75,-75.86],[147.89,-75.0],[148.08,-74.75],[148.05,-73.5],[146.0,-72.44],[145.5,-72.51],[145.5,-72.23],[145.0,-72.31],[143.5,-71.71],[141.71,-71.5],[142.79,-71.25],[141.25,-70.48],[139.75,-70.21],[134.5,-70.1],[133.0,-70.58],[125.0,-71.21],[123.25,-72.11],[120.0,-72.4],[116.25,-71.76],[107.5,-69.62],[103.75,-69.27],[99.06,-69.25],[97.0,-68.94],[86.25,-70.73],[83.7,-71.5],[82.93,-72.0],[82.45,-73.0],[82.5,-73.25],[84.59,-73.75],[84.63,-74.5],[84.12,-76.5],[82.35,-77.25],[79.5,-77.63],[71.25,-77.66],[63.5,-78.16],[60.5,-77.69],[58.0,-76.09],[57.84,-75.5],[58.17,-74.75],[59.65,-73.75],[59.42,-73.25],[59.56,-73.0],[58.97,-72.25],[59.45,-71.0],[60.04,-70.5],[56.03,-69.75],[53.0,-69.61],[45.7,-71.75],[35.5,-73.31],[31.0,-73.41],[27.75,-73.11],[26.5,-72.73],[25.65,-72.75],[24.75,-73.09],[21.0,-73.18],[14.5,-72.81],[8.25,-73.14],[5.0,-74.21],[2.25,-74.62],[0.25,-74.7],[-3.0,-74.23],[-6.95,-75.5],[-8.2,-76.5],[-10.59,-77.0],[-10.51,-77.25],[-9.0,-77.35],[-8.84,-77.5],[-9.09,-78.0],[-7.42,-78.5],[-9.17,-79.0],[-8.23,-79.25],[-8.75,-79.57],[-9.75,-79.85],[-12.5,-80.0],[-12.94,-80.5],[-13.5,-80.66],[-16.75,-80.42],[-18.0,-81.26],[-36.75,-82.12],[-38.75,-82.35],[-43.0,-83.41],[-48.5,-82.95],[-54.25,-83.48],[-55.75,-84.09],[-57.75,-84.45],[-69.57,-85.25],[-71.25,-85.55],[-79.25,-85.36],[-79.86,-85.25],[-79.68,-84.75],[-80.5,-84.67],[-86.42,-85.0],[-88.25,-85.39],[-89.75,-85.2],[-91.15,-85.5],[-90.75,-85.96],[-90.0,-86.06],[-84.25,-86.06],[-78.24,-86.5],[-81.25,-87.01],[-91.55,-87.75],[-107.77,-88.0],[-101.47,-88.5],[-103.89,-88.75],[-102.39,-89.0],[-107.39,-89.25],[-141.25,-89.46],[-154.71,-89.75],[-180.0,-89.79]]}},{"type":"Feature","properties":{"level":1008},"geometry":{"type":"LineString","coordinates":[[111.25,-86.5],[112.23,-86.5],[111.25,-86.5]]}},{"type":"Feature","properties":{"level":1008},"geometry":{"type":"LineString","coordinates":[[-103.95,-86.25],[-102.0,-86.43],[-99.53,-86.25],[-99.74,-86.0],[-100.75,-85.79],[-103.95,-86.25]]}},{"type":"Feature","properties":{"level":1008},"geometry":{"type":"LineString","coordinates":[[-85.25,-85.8],[-85.25,-85.61],[-84.72,-85.5],[-82.44,-85.5],[-83.32,-85.75],[-85.25,-85.8]]}},{"type":"Feature","properties":{"level":1008},"geometry":{"type":"LineString","coordinates":[[-26.49,-81.0],[-24.5,-81.16],[-22.32,-81.0],[-26.49,-81.0]]}},{"type":"Feature","properties":{"level":1008},"geometry":{"type":"LineString","coordinates":[[-180.0,-58.17],[-174.5,-57.59],[-172.0,-56.95],[-169.5,-55.98],[-167.63,-54.75],[-166.26,-53.5],[-161.7,-48.5],[-161.36,-47.75],[-160.9,-47.5],[-160.81,-47.0],[-157.25,-45.1],[-154.75,-44.3],[-129.25,-39.15],[-128.85,-39.0],[-128.81,-38.5],[-128.5,-38.48],[-127.5,-38.49],[-114.25,-41.38],[-108.5,-43.21],[-102.0,-43.79],[-101.0,-43.46],[-100.25,-42.81],[-99.65,-42.0],[-98.38,-39.25],[-96.0,-36.62],[-94.67,-35.75],[-93.25,-35.2],[-92.72,-35.25],[-92.0,-34.5],[-90.25,-34.28],[-88.5,-34.8],[-87.93,-35.5],[-87.9,-36.75],[-89.6,-39.25],[-90.35,-41.25],[-90.87,-44.0],[-90.7,-45.25],[-89.0,-48.37],[-88.0,-49.13],[-87.0,-49.42],[-86.15,-50.0],[-85.36,-51.0],[-85.78,-51.5],[-85.45,-52.25],[-85.93,-54.25],[-85.6,-55.0],[-85.26,-57.75],[-84.33,-61.75],[-83.03,-65.5],[-81.21,-67.75],[-76.34,-72.0],[-75.85,-73.25],[-76.52,-74.0],[-73.5,-74.53],[-67.25,-74.85],[-65.25,-74.15],[-64.25,-74.05],[-63.5,-73.44],[-62.3,-73.0],[-63.25,-72.25],[-62.76,-72.0],[-62.84,-71.5],[-62.51,-71.25],[-62.58,-71.0],[-63.28,-70.75],[-63.13,-70.25],[-64.13,-69.25],[-64.75,-68.95],[-63.5,-68.98],[-62.75,-69.42],[-61.5,-69.44],[-60.5,-69.81],[-59.25,-69.9],[-58.5,-69.82],[-56.75,-69.03],[-54.75,-67.71],[-53.78,-66.75],[-53.4,-66.25],[-53.58,-66.0],[-52.85,-65.0],[-53.14,-64.5],[-51.5,-62.93],[-46.5,-60.75],[-40.0,-59.14],[-26.78,-53.75],[-22.5,-51.48],[-15.75,-47.38],[-13.25,-45.42],[-10.59,-42.25],[-9.5,-41.46],[-7.75,-40.56],[-3.5,-39.42],[2.5,-39.56],[4.25,-39.8],[9.25,-40.91],[14.25,-42.85],[25.0,-49.65],[34.66,-55.25],[40.0,-58.83],[43.48,-60.5],[44.75,-60.76],[48.75,-60.35],[53.25,-58.24],[53.91,-57.5],[58.0,-55.0],[60.75,-52.99],[64.46,-49.0],[66.75,-47.62],[71.75,-45.26],[72.17,-45.0],[72.06,-44.5],[73.5,-44.53],[79.75,-45.59],[82.0,-46.36],[86.0,-48.2],[88.0,-48.75],[89.5,-48.78],[92.5,-48.17],[111.5,-41.15],[114.5,-40.35],[118.25,-39.83],[125.5,-40.24],[129.75,-41.55],[134.0,-43.45],[140.5,-47.32],[151.75,-53.41],[154.84,-54.75],[158.5,-55.91],[161.75,-56.69],[165.75,-57.29],[173.75,-57.96],[180.0,-58.17]]}},{"type":"Feature","properties":{"level":1008},"geometry":{"type":"LineString","coordinates":[[-75.25,-57.28],[-76.07,-57.0],[-77.0,-56.12],[-80.0,-55.31],[-82.4,-54.0],[-82.47,-52.75],[-82.84,-52.25],[-82.73,-50.25],[-83.54,-47.5],[-83.06,-46.0],[-81.73,-45.0],[-79.0,-44.03],[-76.5,-43.87],[-74.0,-44.37],[-73.25,-44.71],[-73.34,-45.0],[-73.0,-45.19],[-72.25,-44.83],[-72.21,-44.5],[-71.83,-44.25],[-71.52,-43.0],[-71.1,-42.5],[-69.83,-41.75],[-67.91,-41.75],[-66.75,-40.96],[-64.5,-40.48],[-62.5,-40.42],[-60.0,-41.24],[-55.25,-41.79],[-53.96,-42.25],[-53.39,-42.75],[-52.14,-45.25],[-50.18,-48.25],[-49.93,-49.25],[-50.18,-50.25],[-51.5,-51.77],[-55.25,-54.62],[-57.25,-55.68],[-61.0,-56.29],[-67.0,-56.31],[-72.5,-57.44],[-75.25,-57.28]]}},{"type":"Feature","properties":{"level":1008},"geometry":{"type":"LineString","coordinates":[[-49.0,-40.03],[-50.0,-39.45],[-50.59,-38.75],[-50.6,-37.75],[-49.93,-36.0],[-48.0,-34.69],[-46.75,-34.38],[-44.75,-35.31],[-44.25,-35.78],[-43.71,-37.0],[-44.36,-38.0],[-45.25,-38.29],[-45.25,-38.81],[-46.5,-39.58],[-48.25,-40.08],[-49.0,-40.03]]}},{"type":"Feature","properties":{"level":1008},"geometry":{"type":"LineString","coordinates":[[-66.75,-34.88],[-68.5,-33.51],[-69.0,-34.21],[-69.26,-33.5],[-68.87,-32.75],[-69.0,-32.22],[-69.25,-32.78],[-69.37,-32.5],[-69.25,-32.0],[-69.59,-31.75],[-69.57,-30.75],[-69.25,-29.71],[-68.55,-29.0],[-68.73,-28.75],[-68.5,-28.14],[-68.2,-28.0],[-67.63,-26.0],[-67.85,-25.75],[-67.0,-25.35],[-66.75,-25.65],[-66.11,-24.5],[-66.53,-23.75],[-66.26,-23.5],[-66.57,-22.0],[-66.34,-21.75],[-66.82,-21.5],[-66.45,-21.0],[-66.9,-20.75],[-66.5,-20.66],[-65.75,-19.86],[-65.73,-19.0],[-67.25,-16.75],[-68.62,-15.25],[-69.14,-14.25],[-69.06,-13.75],[-71.5,-12.89],[-71.59,-12.5],[-72.25,-11.87],[-73.0,-12.14],[-73.75,-11.21],[-74.13,-10.0],[-74.75,-9.06],[-74.93,-9.25],[-74.75,-10.31],[-75.25,-10.12],[-75.81,-7.25],[-75.48,-6.75],[-76.25,-6.19],[-76.45,-5.5],[-76.2,-5.25],[-76.25,-4.66],[-75.5,-4.23],[-75.0,-4.26],[-74.0,-3.62],[-72.75,-4.25],[-72.0,-3.1],[-71.08,-2.75],[-71.25,-2.15],[-69.75,-2.32],[-69.83,-1.75],[-70.53,-1.5],[-70.25,-1.41],[-70.41,-1.0],[-70.25,-0.74],[-69.5,-0.74],[-69.25,-1.01],[-68.75,-0.75],[-69.21,0.25],[-68.48,0.75],[-68.75,1.02],[-69.0,0.51],[-69.25,0.56],[-69.59,0.75],[-69.53,1.0],[-66.94,2.25],[-67.53,3.25],[-67.5,3.54],[-67.2,3.5],[-67.1,4.25],[-66.63,4.25],[-66.25,3.75],[-65.99,3.75],[-65.75,3.17],[-65.25,3.68],[-65.0,3.63],[-64.58,2.5],[-64.24,2.25],[-65.25,1.6],[-65.5,2.02],[-66.36,0.75],[-66.0,0.4],[-65.25,0.47],[-65.42,0.75],[-64.24,1.5],[-63.85,2.25],[-63.21,2.25],[-63.49,3.0],[-64.27,3.5],[-64.0,4.56],[-63.59,4.5],[-63.5,4.11],[-63.34,4.25],[-64.12,5.25],[-64.0,5.53],[-63.25,5.75],[-63.11,6.25],[-63.55,6.5],[-63.5,6.78],[-61.75,7.36],[-60.25,7.25],[-60.25,6.95],[-59.75,7.04],[-59.55,6.75],[-59.25,5.52],[-58.5,5.97],[-58.13,5.75],[-58.0,5.25],[-57.62,5.75],[-57.9,6.0],[-57.5,6.11],[-57.0,5.81],[-54.5,5.89],[-53.25,5.29],[-52.26,4.25],[-51.97,2.25],[-50.98,1.5],[-51.5,-0.48],[-50.5,-0.29],[-49.5,-0.73],[-48.96,-1.25],[-49.0,-1.75],[-48.75,-1.82],[-48.0,-0.98],[-47.57,-1.5],[-47.79,-2.25],[-47.71,-3.75],[-48.04,-4.75],[-47.5,-5.38],[-47.0,-5.28],[-46.72,-6.25],[-47.25,-6.6],[-47.5,-6.38],[-47.99,-6.5],[-47.74,-6.75],[-47.75,-7.27],[-48.75,-6.98],[-49.29,-7.25],[-49.0,-7.57],[-48.75,-7.34],[-48.59,-7.5],[-49.02,-8.0],[-48.75,-8.33],[-48.44,-8.25],[-48.26,-9.0],[-49.34,-10.0],[-48.75,-10.41],[-48.5,-10.21],[-48.44,-11.0],[-48.58,-11.5],[-48.94,-11.5],[-49.17,-11.25],[-48.62,-10.75],[-49.25,-10.3],[-49.9,-10.5],[-49.88,-11.0],[-50.11,-11.25],[-49.74,-11.5],[-49.69,-12.0],[-49.06,-12.5],[-49.23,-13.0],[-48.97,-13.25],[-49.25,-13.42],[-49.75,-12.29],[-50.17,-12.5],[-50.25,-13.38],[-49.38,-13.75],[-49.5,-14.28],[-50.0,-14.36],[-50.25,-14.82],[-50.18,-15.75],[-50.44,-16.25],[-49.72,-17.25],[-49.89,-18.0],[-49.46,-18.5],[-49.64,-18.75],[-49.5,-19.36],[-48.82,-20.25],[-49.26,-20.5],[-48.93,-20.75],[-49.08,-21.25],[-48.75,-21.07],[-48.5,-21.3],[-48.19,-22.25],[-47.57,-22.75],[-47.75,-23.2],[-48.5,-22.65],[-49.0,-22.76],[-49.5,-22.19],[-51.5,-21.76],[-52.0,-21.35],[-52.5,-21.28],[-53.25,-21.84],[-53.75,-21.69],[-54.5,-22.46],[-55.25,-22.65],[-55.8,-22.5],[-55.69,-23.75],[-55.2,-24.75],[-55.26,-25.5],[-55.76,-26.0],[-55.71,-26.25],[-56.25,-26.23],[-56.5,-26.61],[-58.75,-26.69],[-60.25,-27.23],[-60.5,-26.88],[-60.85,-27.5],[-61.25,-27.59],[-61.75,-27.04],[-62.29,-27.0],[-62.76,-27.75],[-64.0,-28.25],[-64.49,-28.0],[-64.5,-27.51],[-64.75,-27.5],[-65.0,-27.92],[-65.58,-27.5],[-65.37,-26.75],[-65.5,-26.3],[-65.64,-26.75],[-66.19,-27.25],[-65.95,-27.75],[-66.05,-28.5],[-65.75,-28.31],[-65.62,-28.5],[-65.68,-29.25],[-66.75,-29.85],[-67.0,-29.51],[-67.69,-30.5],[-67.25,-31.1],[-66.75,-30.71],[-66.6,-31.5],[-66.79,-32.0],[-66.48,-32.0],[-66.52,-32.75],[-66.32,-33.0],[-65.25,-33.14],[-64.77,-33.75],[-65.75,-34.81],[-66.5,-34.61],[-66.75,-34.88]]}},{"type":"Feature","properties":{"level":1008},"geometry":{"type":"LineString","coordinates":[[-48.0,-24.25],[-47.23,-24.25],[-48.0,-24.25]]}},{"type":"Feature","properties":{"level":1008},"geometry":{"type":"LineString","coordinates":[[-45.75,-24.14],[-45.94,-24.0],[-45.44,-24.0],[-45.75,-24.14]]}},{"type":"Feature","properties":{"level":1008},"geometry":{"type":"LineString","coordinates":[[18.75,-20.58],[17.97,-18.5],[17.25,-17.81],[16.75,-17.78],[16.66,-18.25],[17.29,-18.75],[17.0,-19.14],[16.5,-19.16],[15.88,-18.5],[14.75,-18.01],[14.75,-17.46],[13.67,-17.25],[14.44,-17.0],[15.25,-14.92],[16.61,-15.25],[16.44,-14.5],[17.25,-14.62],[17.88,-14.0],[17.75,-13.82],[17.5,-14.2],[17.0,-14.01],[17.26,-13.5],[16.92,-13.25],[17.75,-11.04],[17.85,-11.5],[17.58,-11.75],[18.0,-12.82],[19.0,-13.37],[19.65,-13.0],[20.13,-12.0],[20.1,-11.5],[19.63,-10.75],[19.74,-9.75],[20.09,-9.5],[20.11,-9.0],[20.75,-7.86],[21.5,-7.83],[22.25,-8.12],[22.75,-7.91],[23.0,-8.15],[23.25,-7.69],[23.59,-8.75],[24.25,-9.6],[24.83,-9.25],[24.9,-9.5],[24.41,-9.75],[25.09,-10.5],[24.75,-10.61],[24.5,-10.16],[23.83,-12.0],[24.25,-12.35],[25.75,-12.42],[25.5,-12.82],[25.5,-13.5],[26.38,-13.75],[26.31,-14.5],[25.5,-14.4],[25.0,-15.44],[24.7,-15.5],[24.5,-16.53],[23.95,-17.25],[24.23,-18.0],[23.94,-18.25],[23.0,-18.18],[22.14,-18.75],[21.75,-19.85],[21.5,-19.94],[21.0,-19.2],[21.05,-19.75],[20.25,-19.78],[19.25,-20.58],[18.75,-20.58]]}},{"type":"Feature","properties":{"level":1008},"geometry":{"type":"LineString","coordinates":[[-52.07,-19.5],[-51.87,-19.5],[-51.96,-19.25],[-52.89,-18.0],[-52.62,-17.5],[-53.0,-17.3],[-53.44,-18.0],[-53.57,-19.0],[-53.25,-19.32],[-52.75,-18.92],[-52.07,-19.5]]}},{"type":"Feature","properties":{"level":1008},"geometry":{"type":"LineString","coordinates":[[-50.92,-19.5],[-50.75,-19.71],[-50.51,-19.5],[-51.0,-19.14],[-50.92,-19.5]]}},{"type":"Feature","properties":{"level":1008},"geometry":{"type":"LineString","coordinates":[[-50.42,-19.25],[-50.16,-19.25],[-50.25,-19.02],[-50.42,-19.25]]}},{"type":"Feature","properties":{"level":1008},"geometry":{"type":"LineString","coordinates":[[-54.41,-18.75],[-54.17,-18.75],[-54.0,-18.41],[-54.25,-18.4],[-54.41,-18.75]]}},{"type":"Feature","properties":{"level":1008},"geometry":{"type":"LineString","coordinates":[[-50.94,-18.75],[-50.5,-18.98],[-50.32,-18.75],[-50.75,-17.8],[-50.82,-17.0],[-51.0,-16.72],[-52.0,-16.8],[-52.13,-17.25],[-51.91,-17.75],[-51.5,-17.94],[-50.94,-18.75]]}},{"type":"Feature","properties":{"level":1008},"geometry":{"type":"LineString","coordinates":[[-65.68,-17.5],[-65.0,-17.69],[-64.8,-17.5],[-66.25,-16.55],[-66.73,-16.75],[-66.5,-17.37],[-65.68,-17.5]]}},{"type":"Feature","properties":{"level":1008},"geometry":{"type":"LineString","coordinates":[[-54.58,-17.5],[-54.25,-17.62],[-54.0,-16.93],[-53.64,-17.25],[-53.75,-17.56],[-53.29,-17.25],[-53.75,-16.75],[-53.43,-16.5],[-53.5,-16.19],[-54.75,-16.86],[-54.83,-17.25],[-54.58,-17.5]]}},{"type":"Feature","properties":{"level":1008},"geometry":{"type":"LineString","coordinates":[[-52.36,-15.75],[-52.25,-15.92],[-52.36,-15.75]]}},{"type":"Feature","properties":{"level":1008},"geometry":{"type":"LineString","coordinates":[[-51.05,-14.5],[-50.7,-14.5],[-51.05,-14.5]]}},{"type":"Feature","properties":{"level":1008},"geometry":{"type":"LineString","coordinates":[[-52.02,-14.0],[-51.75,-14.16],[-51.61,-14.0],[-51.92,-13.25],[-51.75,-12.48],[-51.25,-12.39],[-51.03,-12.5],[-51.16,-12.75],[-50.75,-12.83],[-50.15,-12.25],[-50.75,-11.87],[-51.56,-11.75],[-50.5,-11.53],[-50.35,-11.0],[-50.33,-10.25],[-50.7,-10.0],[-50.38,-9.0],[-50.98,-8.75],[-49.98,-8.0],[-50.82,-8.0],[-50.87,-7.75],[-50.14,-7.0],[-50.5,-6.82],[-50.99,-7.0],[-50.84,-7.25],[-51.25,-7.01],[-51.6,-7.25],[-51.82,-8.0],[-51.52,-8.5],[-51.03,-8.75],[-51.71,-9.5],[-52.5,-9.3],[-53.0,-9.84],[-54.28,-10.25],[-53.66,-10.5],[-53.5,-11.3],[-53.0,-11.16],[-53.01,-11.75],[-52.72,-12.0],[-52.93,-12.25],[-52.62,-13.0],[-52.74,-13.5],[-52.5,-13.89],[-52.02,-14.0]]}},{"type":"Feature","properties":{"level":1008},"geometry":{"type":"LineString","coordinates":[[-47.75,-12.78],[-48.78,-12.25],[-48.25,-12.0],[-48.0,-12.48],[-47.25,-11.65],[-46.59,-12.0],[-46.75,-12.36],[-47.0,-12.08],[-47.12,-12.5],[-47.75,-12.78]]}},{"type":"Feature","properties":{"level":1008},"geometry":{"type":"LineString","coordinates":[[-59.0,-11.25],[-58.75,-11.43],[-58.63,-11.25],[-59.0,-11.25]]}},{"type":"Feature","properties":{"level":1008},"geometry":{"type":"LineString","coordinates":[[-57.52,-11.25],[-57.25,-11.29],[-57.09,-11.0],[-57.25,-10.66],[-57.75,-10.47],[-57.82,-11.0],[-57.52,-11.25]]}},{"type":"Feature","properties":{"level":1008},"geometry":{"type":"LineString","coordinates":[[-47.75,-10.6],[-47.75,-10.44],[-47.75,-10.6]]}},{"type":"Feature","properties":{"level":1008},"geometry":{"type":"LineString","coordinates":[[-57.52,-10.25],[-57.5,-10.45],[-57.52,-10.25]]}},{"type":"Feature","properties":{"level":1008},"geometry":{"type":"LineString","coordinates":[[-46.75,-10.4],[-47.26,-9.75],[-47.0,-9.42],[-46.5,-9.73],[-46.23,-9.0],[-46.5,-8.39],[-47.0,-8.41],[-47.0,-8.12],[-46.54,-8.0],[-47.21,-7.75],[-47.11,-7.5],[-45.94,-7.5],[-45.75,-8.22],[-45.25,-8.25],[-45.5,-8.18],[-45.58,-7.5],[-44.5,-7.51],[-44.35,-7.25],[-44.64,-7.0],[-44.38,-6.5],[-44.87,-5.5],[-44.56,-4.5],[-44.0,-4.37],[-43.58,-3.25],[-41.75,-3.36],[-40.68,-3.0],[-40.43,-3.25],[-40.75,-3.72],[-41.0,-3.43],[-41.34,-3.5],[-41.17,-4.25],[-41.39,-4.5],[-41.15,-5.0],[-41.18,-6.25],[-40.39,-7.0],[-42.3,-8.25],[-43.25,-8.28],[-44.5,-9.75],[-44.51,-10.25],[-44.75,-10.42],[-45.25,-9.98],[-46.0,-10.05],[-46.5,-9.81],[-46.48,-10.25],[-46.75,-10.4]]}},{"type":"Feature","properties":{"level":1008},"geometry":{"type":"LineString","coordinates":[[-47.75,-10.13],[-47.75,-9.89],[-47.28,-10.0],[-47.75,-10.13]]}},{"type":"Feature","properties":{"level":1008},"geometry":{"type":"LineString","coordinates":[[17.5,-9.87],[17.17,-9.5],[17.5,-8.56],[17.82,-9.0],[17.77,-9.75],[17.5,-9.87]]}},{"type":"Feature","properties":{"level":1008},"geometry":{"type":"LineString","coordinates":[[-55.26,-9.5],[-54.98,-9.25],[-55.25,-9.1],[-55.26,-9.5]]}},{"type":"Feature","properties":{"level":1008},"geometry":{"type":"LineString","coordinates":[[25.25,-9.62],[25.09,-9.5],[26.12,-8.5],[26.0,-8.25],[27.0,-7.78],[26.42,-9.0],[25.25,-9.62]]}},{"type":"Feature","properties":{"level":1008},"geometry":{"type":"LineString","coordinates":[[-51.0,-9.31],[-50.84,-9.25],[-51.0,-9.31]]}},{"type":"Feature","properties":{"level":1008},"geometry":{"type":"LineString","coordinates":[[-54.0,-9.0],[-53.75,-9.2],[-53.5,-8.84],[-52.5,-9.16],[-52.0,-8.52],[-52.04,-8.25],[-52.75,-7.68],[-52.75,-8.21],[-52.49,-8.25],[-52.67,-8.5],[-53.5,-8.72],[-53.99,-8.5],[-54.0,-9.0]]}},{"type":"Feature","properties":{"level":1008},"geometry":{"type":"LineString","coordinates":[[-56.54,-8.75],[-56.1,-8.5],[-56.61,-8.5],[-56.54,-8.75]]}},{"type":"Feature","properties":{"level":1008},"geometry":{"type":"LineString","coordinates":[[-49.36,-8.25],[-49.12,-8.25],[-49.36,-8.25]]}},{"type":"Feature","properties":{"level":1008},"geometry":{"type":"LineString","coordinates":[[17.5,-8.28],[17.07,-7.75],[17.25,-7.17],[17.61,-7.75],[17.5,-8.28]]}},{"type":"Feature","properties":{"level":1008},"geometry":{"type":"LineString","coordinates":[[30.5,-7.84],[29.16,-6.0],[29.42,-5.5],[29.25,-4.31],[29.5,-4.34],[29.82,-5.25],[29.66,-6.25],[30.48,-6.75],[30.5,-7.84]]}},{"type":"Feature","properties":{"level":1008},"geometry":{"type":"LineString","coordinates":[[32.0,-7.91],[30.84,-6.75],[31.0,-6.4],[31.5,-6.69],[32.0,-7.91]]}},{"type":"Feature","properties":{"level":1008},"geometry":{"type":"LineString","coordinates":[[-54.18,-7.5],[-53.93,-7.5],[-54.07,-7.25],[-54.78,-7.0],[-54.91,-7.25],[-54.18,-7.5]]}},{"type":"Feature","properties":{"level":1008},"geometry":{"type":"LineString","coordinates":[[27.0,-7.62],[26.85,-6.5],[27.59,-6.5],[27.51,-5.75],[28.03,-5.5],[28.34,-5.0],[28.25,-4.61],[28.5,-4.61],[28.63,-5.0],[28.41,-5.75],[28.62,-6.0],[28.19,-6.5],[28.51,-7.25],[28.25,-7.54],[27.25,-7.43],[27.0,-7.62]]}},{"type":"Feature","properties":{"level":1008},"geometry":{"type":"LineString","coordinates":[[-76.5,-7.25],[-76.5,-6.8],[-76.25,-7.0],[-76.5,-7.25]]}},{"type":"Feature","properties":{"level":1008},"geometry":{"type":"LineString","coordinates":[[-51.36,-6.5],[-51.25,-6.67],[-50.79,-6.5],[-51.0,-6.1],[-51.36,-6.5]]}},{"type":"Feature","properties":{"level":1008},"geometry":{"type":"LineString","coordinates":[[-50.64,-6.25],[-50.12,-6.25],[-50.64,-6.25]]}},{"type":"Feature","properties":{"level":1008},"geometry":{"type":"LineString","coordinates":[[31.5,-6.26],[31.17,-5.5],[30.72,-5.25],[30.65,-4.75],[30.7,-4.25],[31.5,-4.03],[32.3,-4.5],[31.74,-5.25],[32.25,-6.17],[31.5,-6.26]]}},{"type":"Feature","properties":{"level":1008},"geometry":{"type":"LineString","coordinates":[[-55.38,-6.0],[-55.0,-6.19],[-54.59,-6.0],[-54.42,-5.75],[-54.64,-5.25],[-55.5,-5.75],[-55.38,-6.0]]}},{"type":"Feature","properties":{"level":1008},"geometry":{"type":"LineString","coordinates":[[-47.0,-5.11],[-46.75,-4.82],[-46.75,-5.21],[-47.0,-5.11]]}},{"type":"Feature","properties":{"level":1008},"geometry":{"type":"LineString","coordinates":[[-47.25,-4.89],[-47.25,-4.65],[-47.25,-4.89]]}},{"type":"Feature","properties":{"level":1008},"geometry":{"type":"LineString","coordinates":[[22.75,-4.76],[22.92,-4.5],[22.6,-4.0],[23.0,-3.59],[23.1,-4.75],[22.75,-4.76]]}},{"type":"Feature","properties":{"level":1008},"geometry":{"type":"LineString","coordinates":[[-77.25,-4.63],[-77.25,-4.44],[-77.25,-4.63]]}},{"type":"Feature","properties":{"level":1008},"geometry":{"type":"LineString","coordinates":[[22.25,-4.55],[22.25,-4.38],[22.53,-4.5],[22.25,-4.55]]}},{"type":"Feature","properties":{"level":1008},"geometry":{"type":"LineString","coordinates":[[-76.75,-4.31],[-76.75,-4.11],[-76.75,-4.31]]}},{"type":"Feature","properties":{"level":1008},"geometry":{"type":"LineString","coordinates":[[-40.5,-4.37],[-40.55,-4.0],[-40.25,-3.84],[-40.24,-4.25],[-40.5,-4.37]]}},{"type":"Feature","properties":{"level":1008},"geometry":{"type":"LineString","coordinates":[[-40.25,-3.74],[-40.25,-3.48],[-40.25,-3.74]]}},{"type":"Feature","properties":{"level":1008},"geometry":{"type":"LineString","coordinates":[[-70.78,-3.25],[-70.34,-3.25],[-70.5,-3.08],[-70.78,-3.25]]}},{"type":"Feature","properties":{"level":1008},"geometry":{"type":"LineString","coordinates":[[-63.8,-3.0],[-63.56,-2.75],[-63.8,-3.0]]}},{"type":"Feature","properties":{"level":1008},"geometry":{"type":"LineString","coordinates":[[19.0,-1.92],[18.62,-1.5],[18.84,-0.25],[19.5,-0.12],[20.25,-0.58],[20.81,-0.5],[20.75,-1.86],[19.0,-1.92]]}},{"type":"Feature","properties":{"level":1008},"geometry":{"type":"LineString","coordinates":[[-71.0,-1.37],[-71.0,-1.11],[-71.0,-1.37]]}},{"type":"Feature","properties":{"level":1008},"geometry":{"type":"LineString","coordinates":[[-61.53,-1.0],[-61.25,-1.17],[-61.02,-1.0],[-61.25,-0.72],[-61.53,-1.0]]}},{"type":"Feature","properties":{"level":1008},"geometry":{"type":"LineString","coordinates":[[-61.8,0.0],[-61.5,-0.02],[-61.5,0.19],[-61.8,0.0]]}},{"type":"Feature","properties":{"level":1008},"geometry":{"type":"LineString","coordinates":[[24.0,-0.03],[23.75,0.35],[23.85,0.75],[24.98,1.25],[24.84,0.75],[24.0,-0.03]]}},{"type":"Feature","properties":{"level":1008},"geometry":{"type":"LineString","coordinates":[[-52.0,0.25],[-51.75,0.58],[-52.0,0.58],[-52.0,0.25]]}},{"type":"Feature","properties":{"level":1008},"geometry":{"type":"LineString","coordinates":[[-65.75,0.65],[-65.62,0.75],[-65.75,0.65]]}},{"type":"Feature","properties":{"level":1008},"geometry":{"type":"LineString","coordinates":[[30.25,0.95],[31.34,2.25],[31.05,3.0],[31.46,3.75],[31.0,4.24],[30.25,4.13],[30.0,3.7],[29.0,3.32],[27.75,3.66],[27.37,3.25],[26.75,3.14],[26.25,3.62],[25.5,3.82],[25.25,5.0],[24.93,5.0],[25.11,5.25],[24.5,5.89],[26.73,6.75],[26.2,7.0],[26.34,7.75],[26.0,8.28],[24.98,8.25],[25.43,8.75],[25.53,9.5],[25.0,9.29],[24.25,9.38],[24.25,10.25],[24.0,10.34],[23.5,9.93],[22.75,10.16],[22.03,9.75],[22.58,9.25],[22.25,8.93],[21.25,9.44],[20.0,9.42],[19.17,8.5],[19.39,8.0],[19.16,7.75],[18.75,8.24],[18.5,8.1],[18.0,8.45],[17.5,8.27],[17.44,8.5],[17.98,9.0],[18.0,9.6],[19.4,9.25],[18.95,9.75],[20.04,10.75],[19.75,12.51],[18.5,13.38],[17.0,13.22],[16.0,12.42],[15.75,11.75],[16.08,11.0],[16.0,10.65],[14.75,11.07],[15.07,10.25],[14.75,10.11],[14.06,10.5],[14.12,10.75],[13.75,11.15],[13.25,11.07],[12.5,11.59],[11.75,11.5],[11.5,11.15],[11.25,11.76],[10.0,12.15],[9.14,12.0],[8.74,12.5],[8.53,13.5],[9.5,13.7],[9.62,14.0],[12.0,15.3],[13.5,15.37],[15.88,16.75],[18.75,17.35],[19.2,16.5],[21.25,15.72],[21.47,15.25],[20.9,14.5],[20.87,13.25],[21.0,13.09],[21.25,13.32],[21.94,13.0],[22.38,12.5],[22.25,12.21],[22.75,12.44],[22.95,12.25],[23.0,11.98],[22.36,11.75],[22.5,11.34],[23.75,11.24],[24.5,10.81],[24.67,11.0],[24.41,11.5],[25.5,12.05],[26.5,11.74],[27.0,11.96],[28.25,11.8],[28.17,11.5],[28.5,11.34],[29.0,11.85],[29.0,11.16],[30.25,10.63],[31.69,11.25],[31.79,12.0],[31.25,12.47],[29.97,12.25],[29.96,12.75],[30.43,13.25],[30.08,14.0],[30.7,14.5],[30.3,14.75],[31.2,15.25],[31.75,16.9],[32.25,15.9],[32.75,16.62],[33.25,16.67],[33.4,16.5],[32.94,16.0],[34.5,15.12],[34.84,14.0],[34.14,13.0],[33.24,12.5],[33.3,11.5],[32.95,10.25],[33.5,9.75],[34.33,8.25],[34.25,7.96],[34.0,8.22],[33.78,7.25],[34.28,6.5],[33.71,6.0],[34.32,5.5],[34.3,5.25],[32.3,4.0],[32.58,3.25],[31.75,3.0],[31.87,2.25],[31.18,1.5],[30.25,0.95]]}},{"type":"Feature","properties":{"level":1008},"geometry":{"type":"LineString","coordinates":[[-62.8,1.5],[-62.54,1.5],[-62.8,1.5]]}},{"type":"Feature","properties":{"level":1008},"geometry":{"type":"LineString","coordinates":[[-62.13,1.5],[-61.92,1.5],[-61.94,1.75],[-62.13,1.5]]}},{"type":"Feature","properties":{"level":1008},"geometry":{"type":"LineString","coordinates":[[24.75,2.69],[24.75,3.0],[24.75,2.69]]}},{"type":"Feature","properties":{"level":1008},"geometry":{"type":"LineString","coordinates":[[-56.64,3.75],[-56.43,3.75],[-56.64,3.75]]}},{"type":"Feature","properties":{"level":1008},"geometry":{"type":"LineString","coordinates":[[-57.13,4.0],[-56.89,4.0],[-57.13,4.0]]}},{"type":"Feature","properties":{"level":1008},"geometry":{"type":"LineString","coordinates":[[-61.9,4.5],[-60.5,4.52],[-60.0,4.79],[-59.5,4.46],[-58.99,5.25],[-59.5,5.44],[-60.75,6.63],[-61.17,6.5],[-61.25,6.24],[-61.75,6.21],[-62.33,6.5],[-62.5,6.88],[-63.16,5.75],[-61.9,4.5]]}},{"type":"Feature","properties":{"level":1008},"geometry":{"type":"LineString","coordinates":[[-65.25,4.74],[-65.5,4.75],[-65.25,4.74]]}},{"type":"Feature","properties":{"level":1008},"geometry":{"type":"LineString","coordinates":[[-58.19,4.75],[-58.0,4.69],[-58.0,4.91],[-58.19,4.75]]}},{"type":"Feature","properties":{"level":1008},"geometry":{"type":"LineString","coordinates":[[-66.25,4.96],[-66.0,5.5],[-65.46,5.0],[-65.5,4.75],[-66.25,4.96]]}},{"type":"Feature","properties":{"level":1008},"geometry":{"type":"LineString","coordinates":[[168.25,6.43],[167.0,7.12],[165.25,7.08],[164.06,8.0],[163.75,8.53],[163.5,8.1],[163.0,8.48],[162.91,10.5],[163.75,12.24],[164.0,12.51],[164.25,12.16],[165.0,11.94],[166.25,12.59],[167.75,12.55],[168.08,12.75],[168.15,13.5],[169.0,13.41],[170.0,13.95],[172.25,13.98],[173.0,13.77],[174.39,12.25],[173.98,12.0],[174.01,11.5],[173.43,10.25],[173.8,10.0],[173.25,9.75],[172.45,9.0],[172.24,8.5],[171.25,7.98],[171.0,7.57],[170.75,7.62],[169.25,6.68],[168.25,6.43]]}},{"type":"Feature","properties":{"level":1008},"geometry":{"type":"LineString","coordinates":[[-64.0,7.91],[-64.16,8.0],[-63.16,8.25],[-63.5,7.91],[-64.0,7.91]]}},{"type":"Feature","properties":{"level":1008},"geometry":{"type":"LineString","coordinates":[[16.5,7.83],[16.3,8.0],[16.75,8.0],[16.5,7.83]]}},{"type":"Feature","properties":{"level":1008},"geometry":{"type":"LineString","coordinates":[[17.25,8.22],[17.47,8.25],[17.25,8.22]]}},{"type":"Feature","properties":{"level":1008},"geometry":{"type":"LineString","coordinates":[[14.0,8.68],[13.86,8.75],[14.36,8.75],[14.0,8.68]]}},{"type":"Feature","properties":{"level":1008},"geometry":{"type":"LineString","coordinates":[[16.5,8.7],[16.5,9.32],[17.25,9.0],[16.5,8.7]]}},{"type":"Feature","properties":{"level":1008},"geometry":{"type":"LineString","coordinates":[[33.46,8.75],[33.63,8.75],[33.46,8.75]]}},{"type":"Feature","properties":{"level":1008},"geometry":{"type":"LineString","coordinates":[[134.25,9.0],[133.5,9.65],[132.25,9.13],[130.75,9.53],[129.75,9.29],[129.0,9.87],[128.25,9.54],[127.75,9.81],[127.5,9.7],[127.32,10.25],[126.6,10.75],[126.51,11.75],[125.7,13.0],[125.28,13.25],[125.48,14.0],[124.48,14.75],[124.96,16.25],[126.14,16.75],[126.73,18.75],[127.52,19.5],[127.84,20.25],[129.36,21.5],[130.97,24.75],[131.8,25.75],[132.17,27.25],[133.25,28.96],[134.0,29.58],[135.0,29.58],[137.5,30.19],[141.25,31.5],[144.5,31.84],[147.0,31.39],[149.5,30.16],[151.5,29.55],[153.25,28.05],[154.15,26.75],[155.33,24.0],[155.45,20.75],[154.95,19.75],[154.51,17.0],[152.5,14.62],[150.57,12.75],[147.75,11.82],[146.0,10.84],[145.0,10.87],[144.75,10.51],[143.75,10.47],[143.25,9.73],[143.11,10.0],[142.5,10.16],[142.0,9.81],[141.25,9.75],[140.5,10.14],[137.75,9.36],[137.25,9.53],[136.71,9.25],[136.66,9.0],[134.75,9.37],[134.25,9.0]]}},{"type":"Feature","properties":{"level":1008},"geometry":{"type":"LineString","coordinates":[[15.75,10.1],[15.75,10.33],[15.75,10.1]]}},{"type":"Feature","properties":{"level":1008},"geometry":{"type":"LineString","coordinates":[[-53.5,10.92],[-53.66,11.25],[-53.5,11.36],[-53.5,10.92]]}},{"type":"Feature","properties":{"level":1008},"geometry":{"type":"LineString","coordinates":[[-0.5,11.98],[-0.61,12.5],[-0.25,12.9],[-0.02,12.5],[-0.5,11.98]]}},{"type":"Feature","properties":{"level":1008},"geometry":{"type":"LineString","coordinates":[[0.25,11.88],[0.25,12.09],[0.25,11.88]]}},{"type":"Feature","properties":{"level":1008},"geometry":{"type":"LineString","coordinates":[[19.25,11.92],[19.25,12.14],[19.41,12.0],[19.25,11.92]]}},{"type":"Feature","properties":{"level":1008},"geometry":{"type":"LineString","coordinates":[[20.11,12.0],[20.25,11.86],[20.11,12.0]]}},{"type":"Feature","properties":{"level":1008},"geometry":{"type":"LineString","coordinates":[[28.5,12.43],[28.25,13.01],[27.75,12.76],[27.5,12.99],[27.0,12.61],[26.89,12.75],[27.15,13.0],[27.0,13.4],[27.75,13.15],[28.5,13.22],[28.86,12.5],[28.5,12.43]]}},{"type":"Feature","properties":{"level":1008},"geometry":{"type":"LineString","coordinates":[[-3.5,12.86],[-3.81,13.25],[-3.6,14.0],[-2.78,15.0],[-3.25,15.15],[-3.75,14.91],[-4.21,13.75],[-4.5,13.62],[-4.74,13.75],[-4.64,14.25],[-4.02,15.5],[-2.75,16.36],[-1.08,16.5],[-0.79,16.25],[-1.61,15.75],[-1.28,14.75],[-2.55,14.0],[-3.15,13.0],[-3.5,12.86]]}},{"type":"Feature","properties":{"level":1008},"geometry":{"type":"LineString","coordinates":[[125.0,12.9],[125.0,13.32],[125.28,13.0],[125.0,12.9]]}},{"type":"Feature","properties":{"level":1008},"geometry":{"type":"LineString","coordinates":[[0.0,13.21],[-0.21,13.25],[0.0,13.44],[0.0,13.21]]}},{"type":"Feature","properties":{"level":1008},"geometry":{"type":"LineString","coordinates":[[167.5,13.16],[167.35,13.25],[167.78,13.5],[167.87,13.25],[167.5,13.16]]}},{"type":"Feature","properties":{"level":1008},"geometry":{"type":"LineString","coordinates":[[8.0,13.26],[7.75,13.71],[7.5,13.75],[7.75,14.04],[8.17,14.0],[8.33,13.75],[8.4,13.5],[8.0,13.26]]}},{"type":"Feature","properties":{"level":1008},"geometry":{"type":"LineString","coordinates":[[29.0,13.75],[28.5,14.24],[28.05,14.25],[28.25,14.67],[28.5,14.27],[28.5,15.06],[29.0,15.17],[29.3,14.75],[29.25,14.49],[28.93,14.75],[29.0,13.75]]}},{"type":"Feature","properties":{"level":1008},"geometry":{"type":"LineString","coordinates":[[0.75,13.92],[0.61,14.0],[1.0,14.38],[1.56,14.25],[0.75,13.92]]}},{"type":"Feature","properties":{"level":1008},"geometry":{"type":"LineString","coordinates":[[30.0,14.36],[30.0,14.73],[30.0,14.36]]}},{"type":"Feature","properties":{"level":1008},"geometry":{"type":"LineString","coordinates":[[35.75,14.71],[35.55,15.5],[36.17,15.25],[36.0,14.73],[35.75,14.71]]}},{"type":"Feature","properties":{"level":1008},"geometry":{"type":"LineString","coordinates":[[-2.81,15.25],[-2.75,15.07],[-2.6,15.25],[-2.81,15.25]]}},{"type":"Feature","properties":{"level":1008},"geometry":{"type":"LineString","coordinates":[[30.0,15.1],[30.0,15.48],[30.0,15.1]]}},{"type":"Feature","properties":{"level":1008},"geometry":{"type":"LineString","coordinates":[[-114.75,15.49],[-116.62,16.25],[-117.25,16.96],[-118.38,19.5],[-118.07,21.75],[-117.09,23.5],[-116.0,24.64],[-115.0,25.04],[-112.25,25.05],[-110.37,23.75],[-109.31,20.25],[-109.51,19.0],[-110.45,17.0],[-111.5,15.81],[-112.75,15.26],[-114.75,15.49]]}},{"type":"Feature","properties":{"level":1008},"geometry":{"type":"LineString","coordinates":[[-108.25,15.54],[-108.41,15.75],[-108.25,15.92],[-108.06,15.75],[-108.25,15.54]]}},{"type":"Feature","properties":{"level":1008},"geometry":{"type":"LineString","coordinates":[[28.25,15.54],[28.25,15.81],[29.8,16.75],[29.96,16.25],[29.75,16.01],[29.0,16.15],[28.85,15.75],[28.25,15.54]]}},{"type":"Feature","properties":{"level":1008},"geometry":{"type":"LineString","coordinates":[[30.0,15.52],[29.86,15.75],[30.25,16.09],[30.0,15.52]]}},{"type":"Feature","properties":{"level":1008},"geometry":{"type":"LineString","coordinates":[[124.5,15.82],[124.5,16.07],[124.5,15.82]]}},{"type":"Feature","properties":{"level":1008},"geometry":{"type":"LineString","coordinates":[[125.09,16.0],[125.25,15.82],[125.39,16.0],[125.25,16.2],[125.09,16.0]]}},{"type":"Feature","properties":{"level":1008},"geometry":{"type":"LineString","coordinates":[[155.75,18.93],[155.54,19.5],[155.75,20.08],[156.03,19.75],[156.05,19.25],[155.75,18.93]]}},{"type":"Feature","properties":{"level":1008},"geometry":{"type":"LineString","coordinates":[[180.0,21.58],[178.91,22.25],[178.25,24.0],[179.0,25.3],[180.0,25.87]]}},{"type":"Feature","properties":{"level":1008},"geometry":{"type":"LineString","coordinates":[[-180.0,25.87],[-179.0,26.05],[-178.0,25.81],[-177.08,25.0],[-176.84,24.0],[-177.02,23.0],[-178.0,21.89],[-178.75,21.55],[-180.0,21.58]]}},{"type":"Feature","properties":{"level":1008},"geometry":{"type":"LineString","coordinates":[[67.75,26.22],[67.27,26.75],[67.41,27.75],[67.25,28.5],[67.5,29.6],[67.75,29.86],[68.23,29.75],[69.0,28.81],[69.75,29.03],[70.3,30.25],[70.1,32.0],[70.5,33.06],[71.25,32.94],[71.55,33.5],[72.25,33.81],[72.79,33.25],[72.0,32.44],[73.5,32.67],[73.75,32.98],[75.27,32.25],[74.12,32.0],[75.32,31.0],[75.8,29.75],[75.75,28.66],[75.0,28.93],[73.5,28.72],[69.0,27.06],[68.25,26.02],[67.75,26.22]]}},{"type":"Feature","properties":{"level":1008},"geometry":{"type":"LineString","coordinates":[[71.75,33.94],[71.75,34.25],[72.1,34.0],[71.75,33.94]]}},{"type":"Feature","properties":{"level":1008},"geometry":{"type":"LineString","coordinates":[[130.25,40.9],[130.24,41.25],[130.5,41.39],[131.37,41.25],[130.75,40.85],[130.25,40.9]]}},{"type":"Feature","properties":{"level":1008},"geometry":{"type":"LineString","coordinates":[[81.5,46.0],[81.81,46.0],[81.5,46.0]]}},{"type":"Feature","properties":{"level":1008},"geometry":{"type":"LineString","coordinates":[[180.0,48.2],[169.0,51.22],[159.25,52.82],[158.85,53.25],[158.97,53.75],[158.78,54.0],[157.75,54.2],[157.0,55.22],[154.5,54.67],[147.0,55.56],[144.75,55.26],[140.25,54.04],[139.5,54.23],[138.0,53.9],[136.75,53.91],[136.25,54.4],[135.25,54.3],[134.82,54.5],[134.71,54.75],[134.98,55.0],[134.46,55.25],[134.5,55.5],[133.25,55.53],[132.75,55.99],[131.5,55.82],[130.25,56.02],[129.0,56.42],[128.0,57.09],[127.16,57.0],[127.75,56.82],[127.75,56.65],[127.05,56.75],[126.62,57.25],[127.13,57.75],[127.02,58.0],[128.5,58.33],[127.73,59.0],[124.46,60.25],[111.75,62.82],[107.68,64.25],[108.14,64.75],[109.75,65.44],[109.69,65.75],[110.43,66.0],[108.19,67.25],[106.5,69.0],[107.75,69.44],[108.51,70.0],[108.74,72.0],[109.63,72.75],[110.89,73.5],[115.16,75.25],[115.1,75.75],[113.78,76.5],[113.31,77.25],[113.25,77.55],[113.89,78.0],[117.18,78.75],[128.38,79.75],[135.0,79.8],[144.68,79.25],[156.85,77.25],[180.0,74.28]]}},{"type":"Feature","properties":{"level":1008},"geometry":{"type":"LineString","coordinates":[[-80.0,49.12],[-80.5,49.57],[-85.25,51.05],[-86.17,52.0],[-86.54,53.75],[-84.5,54.9],[-82.25,55.39],[-80.25,55.26],[-78.5,54.58],[-77.36,53.0],[-77.13,51.25],[-78.0,50.01],[-80.0,49.12]]}},{"type":"Feature","properties":{"level":1008},"geometry":{"type":"LineString","coordinates":[[80.0,51.48],[79.0,51.8],[77.6,53.0],[76.07,53.75],[75.0,54.76],[71.0,55.02],[69.75,54.84],[68.75,54.33],[66.75,52.17],[65.5,52.05],[65.66,51.75],[65.5,51.61],[65.0,51.9],[64.25,51.57],[61.25,51.78],[58.75,52.85],[58.0,54.34],[57.0,54.25],[55.75,54.71],[55.01,56.5],[55.08,57.5],[56.22,59.0],[57.75,60.08],[59.75,60.28],[63.0,61.35],[67.5,61.8],[74.0,61.08],[76.25,60.45],[81.0,58.58],[82.69,57.25],[82.8,57.0],[82.45,55.75],[81.55,54.25],[81.82,53.5],[81.46,53.0],[81.62,52.5],[80.89,51.75],[80.0,51.48]]}},{"type":"Feature","properties":{"level":1008},"geometry":{"type":"LineString","coordinates":[[121.75,54.19],[121.09,54.5],[121.5,54.88],[122.5,54.56],[122.88,54.75],[122.75,54.16],[121.75,54.19]]}},{"type":"Feature","properties":{"level":1008},"geometry":{"type":"LineString","coordinates":[[127.75,54.19],[126.75,54.62],[125.9,54.5],[126.75,54.9],[128.24,54.5],[128.17,54.25],[127.75,54.19]]}},{"type":"Feature","properties":{"level":1008},"geometry":{"type":"LineString","coordinates":[[119.5,55.47],[118.99,55.75],[120.09,56.25],[120.24,56.0],[119.9,55.5],[119.5,55.47]]}},{"type":"Feature","properties":{"level":1008},"geometry":{"type":"LineString","coordinates":[[-26.5,56.0],[-39.5,56.63],[-45.5,56.69],[-50.25,57.59],[-56.75,59.3],[-68.25,60.8],[-70.75,60.7],[-76.5,61.89],[-77.49,62.25],[-77.5,62.52],[-77.75,62.39],[-79.34,62.75],[-82.87,64.25],[-83.1,64.5],[-82.66,64.75],[-84.75,66.1],[-86.23,67.75],[-92.11,71.0],[-92.37,71.5],[-92.3,72.5],[-91.31,73.5],[-92.27,74.25],[-92.24,74.5],[-92.0,74.73],[-88.75,75.0],[-86.0,74.91],[-85.51,75.25],[-86.75,75.17],[-88.25,75.56],[-89.0,75.51],[-89.5,75.9],[-90.2,76.0],[-89.5,76.22],[-89.36,76.5],[-88.5,76.64],[-82.75,77.18],[-81.5,77.94],[-81.51,78.25],[-81.9,78.5],[-81.34,78.75],[-81.5,78.9],[-83.0,78.16],[-84.0,78.04],[-84.77,78.25],[-83.77,78.5],[-83.6,78.75],[-84.41,79.0],[-83.5,79.5],[-83.49,79.75],[-83.75,79.86],[-84.46,79.75],[-84.75,79.29],[-85.25,79.63],[-88.79,80.75],[-85.13,81.0],[-86.77,81.25],[-86.47,81.5],[-78.5,81.72],[-78.5,82.02],[-78.0,82.1],[-75.25,81.88],[-72.75,82.12],[-60.0,82.41],[-57.5,83.56],[-47.7,86.25],[-41.0,87.01],[-29.75,87.67],[-10.75,88.19],[13.5,88.36],[39.25,88.16],[57.75,87.64],[66.56,87.0],[72.0,86.1],[76.35,84.75],[80.42,83.0],[81.26,82.0],[80.65,80.75],[78.0,78.86],[76.5,78.09],[71.25,77.05],[70.25,76.66],[67.0,76.6],[62.89,75.75],[62.23,75.5],[63.25,75.47],[63.44,75.25],[63.22,74.75],[60.81,73.25],[58.75,72.47],[55.72,71.5],[53.75,71.26],[47.0,69.64],[40.75,67.66],[39.25,67.44],[35.0,65.55],[33.0,65.49],[27.5,66.01],[24.25,65.19],[20.5,64.96],[19.25,65.14],[17.81,64.75],[17.0,64.78],[14.25,63.76],[13.04,63.75],[14.25,63.74],[14.56,63.25],[14.25,63.01],[13.0,63.36],[9.25,62.46],[6.5,62.21],[1.0,60.53],[-9.75,58.54],[-19.5,56.15],[-22.75,55.78],[-26.5,56.0]]}},{"type":"Feature","properties":{"level":1008},"geometry":{"type":"LineString","coordinates":[[124.5,55.97],[123.75,56.43],[121.89,56.75],[122.75,56.83],[124.25,56.52],[124.62,56.25],[124.5,55.97]]}},{"type":"Feature","properties":{"level":1008},"geometry":{"type":"LineString","coordinates":[[-45.74,63.75],[-45.0,63.71],[-44.65,64.25],[-45.25,64.61],[-46.42,64.5],[-45.74,63.75]]}},{"type":"Feature","properties":{"level":1008},"geometry":{"type":"LineString","coordinates":[[-44.26,65.75],[-43.99,66.0],[-44.0,66.54],[-43.5,66.88],[-43.0,67.0],[-42.75,66.67],[-41.25,67.12],[-40.75,68.09],[-42.5,68.17],[-43.91,69.0],[-41.5,69.73],[-41.0,70.31],[-39.75,70.33],[-37.25,69.81],[-32.5,70.3],[-30.8,70.75],[-30.68,71.0],[-31.15,72.25],[-30.67,72.5],[-30.5,72.94],[-28.75,73.13],[-28.33,73.5],[-28.82,74.0],[-28.5,74.37],[-25.58,75.5],[-26.5,76.12],[-27.21,76.25],[-26.48,76.5],[-27.03,77.5],[-25.14,78.25],[-28.0,78.42],[-28.2,78.5],[-27.91,79.0],[-31.0,80.66],[-39.5,81.55],[-44.25,81.47],[-46.25,81.77],[-49.25,81.7],[-50.0,81.94],[-51.42,81.75],[-51.25,81.48],[-52.5,81.8],[-55.25,81.89],[-57.75,81.83],[-59.76,81.5],[-59.5,81.18],[-56.75,80.63],[-57.0,80.32],[-57.6,80.25],[-54.25,79.91],[-48.75,80.12],[-48.58,80.0],[-49.86,79.75],[-49.6,79.25],[-48.36,78.5],[-48.58,78.0],[-49.7,77.25],[-46.25,76.43],[-45.19,75.5],[-45.25,75.23],[-43.99,74.75],[-43.98,74.25],[-43.71,74.0],[-41.31,74.0],[-40.24,73.5],[-40.0,73.0],[-39.07,72.75],[-39.35,72.5],[-43.5,72.25],[-45.25,72.43],[-46.96,71.25],[-46.92,70.75],[-46.06,69.5],[-44.7,68.5],[-44.93,68.0],[-45.5,67.6],[-45.71,67.0],[-45.59,66.5],[-44.26,65.75]]}},{"type":"Feature","properties":{"level":1008},"geometry":{"type":"LineString","coordinates":[[-155.3,68.0],[-153.86,68.0],[-155.3,68.0]]}},{"type":"Feature","properties":{"level":1008},"geometry":{"type":"LineString","coordinates":[[-156.62,68.25],[-154.5,68.96],[-152.49,69.25],[-155.0,69.6],[-156.0,69.22],[-158.25,69.26],[-158.75,69.0],[-157.94,68.5],[-157.25,68.59],[-156.62,68.25]]}},{"type":"Feature","properties":{"level":1008},"geometry":{"type":"LineString","coordinates":[[-152.31,68.75],[-151.82,68.75],[-152.0,68.92],[-152.31,68.75]]}},{"type":"Feature","properties":{"level":1008},"geometry":{"type":"LineString","coordinates":[[-151.59,68.75],[-150.55,68.75],[-151.5,68.94],[-151.59,68.75]]}},{"type":"Feature","properties":{"level":1008},"geometry":{"type":"LineString","coordinates":[[-147.3,68.75],[-144.25,68.58],[-142.0,68.73],[-141.65,69.0],[-142.75,69.21],[-143.75,68.79],[-144.5,69.18],[-146.0,69.23],[-147.25,69.1],[-147.46,69.0],[-147.3,68.75]]}},{"type":"Feature","properties":{"level":1008},"geometry":{"type":"LineString","coordinates":[[-152.05,69.25],[-151.82,69.25],[-152.05,69.25]]}},{"type":"Feature","properties":{"level":1008},"geometry":{"type":"LineString","coordinates":[[-180.0,74.28],[-165.0,72.82],[-159.5,72.08],[-157.75,71.55],[-157.0,70.81],[-153.75,70.16],[-152.77,70.25],[-152.54,70.75],[-151.75,70.89],[-143.25,70.69],[-129.75,69.04],[-124.9,67.75],[-122.12,66.25],[-122.0,65.87],[-121.0,65.56],[-121.25,65.25],[-120.75,64.76],[-121.04,64.25],[-120.71,63.25],[-119.45,62.5],[-120.96,62.0],[-120.22,60.75],[-120.97,59.75],[-120.5,59.09],[-119.62,58.5],[-119.55,58.0],[-119.75,57.87],[-122.0,57.24],[-123.75,57.63],[-124.59,58.25],[-125.75,58.61],[-126.5,58.59],[-127.0,58.17],[-128.25,58.5],[-129.75,58.19],[-130.12,58.5],[-130.0,58.97],[-130.5,59.11],[-131.25,58.78],[-131.25,58.49],[-132.0,58.72],[-132.25,58.23],[-132.74,59.0],[-133.25,59.14],[-134.67,58.5],[-134.42,57.75],[-134.79,57.0],[-134.21,55.75],[-136.58,53.75],[-139.75,52.7],[-141.0,52.03],[-148.25,49.66],[-150.0,49.28],[-152.25,49.43],[-155.25,49.19],[-163.25,48.02],[-167.75,47.69],[-174.5,47.66],[-180.0,48.2]]}},{"type":"Feature","properties":{"level":1008},"geometry":{"type":"LineString","coordinates":[[-155.25,76.49],[-156.35,77.0],[-153.75,77.49],[-151.75,77.32],[-151.03,77.0],[-152.25,76.44],[-155.25,76.49]]}},{"type":"Feature","properties":{"level":1008},"geometry":{"type":"LineString","coordinates":[[-84.25,77.45],[-84.44,77.5],[-83.98,77.5],[-84.25,77.45]]}},{"type":"Feature","properties":{"level":1008},"geometry":{"type":"LineString","coordinates":[[-86.0,77.73],[-85.5,78.09],[-85.22,77.75],[-86.0,77.73]]}},{"type":"Feature","properties":{"level":1008},"geometry":{"type":"LineString","coordinates":[[-91.5,79.38],[-93.28,79.75],[-90.75,79.9],[-90.25,79.84],[-90.07,79.5],[-91.5,79.38]]}},{"type":"Feature","properties":{"level":1008},"geometry":{"type":"LineString","coordinates":[[-63.51,80.25],[-62.5,80.05],[-58.77,80.5],[-60.75,80.91],[-63.51,80.25]]}},{"type":"Feature","properties":{"level":1008},"geometry":{"type":"LineString","coordinates":[[-50.75,80.44],[-50.92,80.5],[-49.27,80.5],[-49.5,80.3],[-50.75,80.44]]}},{"type":"Feature","properties":{"level":1012},"geometry":{"type":"LineString","coordinates":[[-28.74,-89.75],[78.75,-89.75],[97.25,-89.52],[107.75,-89.03],[112.46,-88.5],[112.92,-88.25],[112.0,-88.0],[111.93,-87.75],[112.48,-87.5],[110.75,-87.36],[95.83,-87.5],[100.03,-86.75],[109.57,-85.75],[110.68,-85.25],[111.23,-84.25],[115.09,-83.25],[116.25,-82.56],[117.47,-82.25],[117.47,-82.0],[116.97,-81.75],[117.0,-81.5],[116.25,-81.23],[115.76,-80.5],[116.67,-79.75],[118.11,-79.25],[129.14,-77.5],[140.5,-76.54],[145.08,-75.5],[145.66,-75.25],[145.83,-74.5],[145.51,-74.0],[145.5,-73.47],[144.25,-72.97],[143.75,-73.06],[142.75,-72.66],[142.25,-72.78],[142.25,-72.45],[140.75,-72.52],[140.91,-72.25],[140.01,-71.25],[138.83,-71.0],[138.75,-70.75],[138.25,-70.63],[136.5,-70.85],[136.06,-71.25],[136.42,-71.5],[136.0,-71.67],[134.46,-71.25],[136.21,-70.75],[134.75,-70.53],[134.0,-70.89],[125.75,-71.5],[124.72,-71.75],[124.48,-72.0],[124.92,-72.25],[124.75,-72.31],[123.25,-72.7],[121.5,-72.82],[118.17,-72.5],[107.5,-69.89],[100.5,-69.75],[97.0,-69.33],[87.72,-71.0],[85.27,-71.75],[84.53,-72.25],[84.74,-73.0],[85.5,-73.2],[85.62,-73.5],[85.27,-76.25],[84.84,-76.75],[84.23,-77.0],[80.75,-77.68],[71.69,-78.0],[67.33,-78.5],[66.25,-78.85],[64.25,-78.92],[60.59,-78.5],[58.3,-77.75],[57.25,-76.28],[57.15,-75.75],[57.41,-75.0],[58.5,-74.0],[58.06,-73.25],[58.26,-72.75],[57.76,-71.75],[57.71,-71.0],[57.25,-70.63],[53.25,-70.25],[45.0,-72.2],[35.5,-73.5],[31.0,-73.57],[26.25,-73.0],[24.5,-73.35],[18.0,-73.47],[13.75,-73.2],[9.75,-73.61],[4.5,-75.05],[0.0,-75.41],[-1.0,-75.85],[-1.5,-75.74],[-2.25,-75.01],[-3.5,-74.71],[-4.29,-75.0],[-4.37,-75.25],[-4.08,-75.5],[-4.31,-76.25],[-3.54,-77.5],[-3.0,-77.75],[-3.24,-78.0],[-2.95,-78.25],[-4.68,-78.5],[-3.81,-78.75],[-5.25,-79.25],[-3.9,-79.5],[-5.25,-79.91],[-6.2,-80.5],[-6.18,-80.75],[-9.5,-80.65],[-20.52,-82.0],[-28.0,-82.05],[-35.0,-82.5],[-38.25,-82.97],[-43.5,-84.41],[-46.75,-84.11],[-49.25,-84.18],[-56.87,-85.25],[-60.5,-85.42],[-74.59,-87.5],[-81.47,-88.25],[-62.25,-88.34],[-56.78,-88.75],[-54.91,-89.0],[-55.47,-89.25],[-52.27,-89.5],[-28.74,-89.75]]}},{"type":"Feature","properties":{"level":1012},"geometry":{"type":"LineString","coordinates":[[-52.12,-84.0],[-50.25,-84.14],[-48.75,-83.86],[-48.41,-83.5],[-52.25,-83.51],[-53.49,-83.75],[-52.12,-84.0]]}},{"type":"Feature","properties":{"level":1012},"geometry":{"type":"LineString","coordinates":[[-69.5,-70.11],[-70.93,-69.75],[-71.33,-69.25],[-71.0,-68.99],[-70.5,-69.06],[-70.25,-69.39],[-69.73,-69.5],[-69.32,-70.0],[-69.5,-70.11]]}},{"type":"Feature","properties":{"level":1012},"geometry":{"type":"LineString","coordinates":[[-69.0,-67.53],[-69.0,-67.28],[-69.0,-67.53]]}},{"type":"Feature","properties":{"level":1012},"geometry":{"type":"LineString","coordinates":[[-180.0,-56.83],[-174.75,-56.14],[-172.25,-55.4],[-170.47,-54.5],[-166.75,-51.7],[-163.75,-48.25],[-162.95,-46.75],[-159.0,-44.43],[-153.25,-42.59],[-132.25,-37.37],[-131.75,-36.99],[-130.25,-36.83],[-127.5,-37.06],[-113.5,-39.66],[-109.5,-40.64],[-106.25,-40.32],[-104.25,-40.38],[-103.25,-40.16],[-102.25,-39.6],[-99.56,-36.25],[-97.0,-34.41],[-96.0,-34.3],[-95.0,-33.17],[-94.0,-33.38],[-93.29,-33.0],[-92.75,-32.25],[-90.0,-32.28],[-89.25,-31.93],[-88.5,-32.16],[-86.75,-33.5],[-86.12,-35.0],[-86.37,-36.25],[-85.99,-37.5],[-86.36,-39.0],[-86.21,-40.25],[-86.52,-41.75],[-85.9,-42.5],[-85.25,-42.85],[-79.75,-42.13],[-77.0,-42.02],[-74.25,-42.49],[-73.75,-42.3],[-72.75,-43.02],[-72.25,-43.12],[-71.52,-42.0],[-71.0,-40.17],[-69.72,-39.75],[-69.92,-39.25],[-69.52,-39.0],[-69.86,-38.5],[-69.6,-38.25],[-70.0,-38.07],[-70.35,-37.5],[-70.08,-37.25],[-69.91,-35.0],[-69.41,-34.0],[-69.36,-33.0],[-69.83,-32.0],[-69.73,-30.75],[-69.25,-29.25],[-68.9,-29.0],[-68.86,-28.5],[-67.93,-26.75],[-68.02,-25.75],[-67.71,-25.25],[-67.97,-24.75],[-67.5,-24.4],[-66.75,-24.47],[-66.59,-24.25],[-67.23,-24.0],[-66.89,-23.5],[-66.93,-22.0],[-68.07,-21.0],[-68.94,-17.75],[-69.48,-17.5],[-69.44,-17.0],[-70.25,-16.1],[-70.75,-16.03],[-70.69,-15.25],[-71.25,-15.1],[-71.5,-15.47],[-71.75,-14.92],[-72.5,-14.39],[-74.14,-14.25],[-74.45,-13.25],[-75.75,-12.12],[-76.77,-10.25],[-77.5,-9.57],[-77.42,-9.0],[-77.71,-8.5],[-77.5,-8.04],[-76.5,-10.04],[-76.15,-10.0],[-76.31,-10.5],[-75.91,-11.25],[-75.0,-12.18],[-74.75,-11.8],[-74.5,-11.91],[-74.5,-11.6],[-75.0,-11.08],[-75.31,-11.25],[-75.4,-10.75],[-75.21,-10.5],[-75.75,-9.28],[-76.0,-9.48],[-76.34,-9.0],[-77.22,-7.0],[-77.06,-6.25],[-77.57,-5.5],[-77.75,-5.31],[-78.25,-5.37],[-78.25,-6.36],[-78.75,-6.17],[-79.0,-6.42],[-79.2,-6.0],[-79.15,-5.0],[-79.0,-4.81],[-78.61,-5.0],[-78.6,-4.25],[-78.37,-4.0],[-78.53,-3.25],[-78.05,-2.25],[-77.9,-1.0],[-77.39,-0.5],[-77.34,0.25],[-76.5,1.31],[-76.25,1.12],[-75.75,1.65],[-75.25,1.75],[-74.66,2.75],[-74.66,3.25],[-74.0,3.39],[-73.25,4.85],[-72.2,5.75],[-71.81,6.5],[-72.17,7.0],[-72.13,7.5],[-72.75,7.64],[-73.07,8.25],[-73.41,8.25],[-73.25,7.18],[-74.17,6.0],[-74.78,3.25],[-75.75,1.92],[-75.87,2.5],[-75.58,2.75],[-75.51,3.75],[-74.97,4.75],[-74.95,6.0],[-74.63,6.75],[-75.5,7.69],[-76.35,7.5],[-76.31,5.0],[-76.0,4.93],[-75.75,5.41],[-75.75,4.55],[-76.59,4.25],[-76.35,3.25],[-77.0,1.77],[-77.25,1.49],[-77.75,1.5],[-78.81,0.5],[-79.3,-1.5],[-79.16,-2.25],[-79.64,-2.75],[-79.75,-3.88],[-80.14,-4.0],[-79.94,-4.5],[-80.15,-5.0],[-79.24,-6.75],[-79.25,-7.48],[-81.5,-5.49],[-82.25,-5.31],[-83.25,-4.11],[-84.0,-3.68],[-84.75,-3.77],[-85.75,-3.45],[-87.25,-2.2],[-88.32,-1.75],[-89.25,-1.0],[-90.75,-0.71],[-92.25,-1.04],[-94.25,-1.85],[-94.41,-1.75],[-94.0,-1.18],[-92.37,0.0],[-92.35,0.5],[-93.5,0.87],[-94.25,0.48],[-95.75,0.38],[-96.75,1.6],[-97.5,1.89],[-98.0,2.39],[-98.6,2.5],[-99.25,3.11],[-100.75,3.29],[-102.0,3.01],[-102.5,3.2],[-102.7,2.75],[-101.83,2.25],[-102.0,1.92],[-102.5,1.69],[-103.0,1.89],[-103.5,1.52],[-104.64,1.5],[-105.2,2.75],[-104.75,2.94],[-104.76,3.5],[-104.5,3.6],[-104.24,3.25],[-103.68,3.25],[-103.87,3.75],[-103.67,4.25],[-104.5,4.03],[-105.25,4.29],[-105.91,3.75],[-106.5,3.66],[-107.39,4.25],[-107.22,4.75],[-107.5,5.26],[-106.79,5.75],[-106.64,6.25],[-107.0,6.43],[-107.75,6.05],[-108.65,6.5],[-108.75,7.08],[-109.25,6.85],[-109.5,7.05],[-109.38,6.25],[-110.0,6.12],[-110.25,6.86],[-111.25,7.33],[-111.75,7.14],[-114.75,7.83],[-115.5,7.63],[-116.0,7.17],[-117.75,6.94],[-118.25,7.18],[-118.29,7.75],[-119.0,8.12],[-119.75,8.4],[-120.29,8.25],[-121.4,9.5],[-121.75,9.24],[-122.17,9.75],[-123.68,10.25],[-123.72,11.0],[-124.75,11.38],[-125.25,11.99],[-125.75,11.9],[-126.35,12.25],[-126.44,13.25],[-126.25,13.55],[-125.5,13.49],[-125.22,13.75],[-125.2,14.25],[-124.34,14.5],[-124.12,15.0],[-123.69,16.75],[-123.91,17.75],[-123.47,20.5],[-121.31,28.5],[-121.0,31.0],[-121.1,32.25],[-121.34,33.75],[-122.31,35.75],[-122.68,37.5],[-122.5,37.64],[-122.25,37.39],[-122.0,37.73],[-121.29,37.0],[-121.36,36.5],[-121.85,36.25],[-121.5,35.89],[-120.5,35.68],[-119.75,34.49],[-117.25,34.02],[-117.25,33.76],[-117.5,33.73],[-117.0,33.76],[-116.13,31.5],[-115.25,30.36],[-114.99,30.25],[-115.05,31.0],[-115.93,33.25],[-115.0,33.09],[-114.75,33.58],[-114.25,32.99],[-113.25,32.99],[-112.83,32.75],[-112.75,32.1],[-112.18,31.75],[-112.34,31.5],[-112.12,31.25],[-111.05,30.5],[-110.0,29.11],[-109.25,28.87],[-109.22,28.0],[-108.48,27.5],[-108.7,27.25],[-108.25,26.9],[-108.05,26.25],[-107.24,26.0],[-107.18,25.5],[-106.23,24.75],[-106.21,24.25],[-105.75,23.55],[-104.9,23.0],[-104.75,22.25],[-104.5,22.68],[-104.04,22.0],[-104.25,21.49],[-103.75,21.21],[-103.25,21.27],[-102.75,20.64],[-101.41,20.25],[-101.75,20.06],[-103.5,20.55],[-103.75,20.41],[-104.25,20.94],[-104.84,20.75],[-104.97,20.25],[-104.27,19.75],[-104.25,19.39],[-103.4,19.25],[-103.25,18.35],[-102.21,18.25],[-102.15,18.5],[-102.95,19.0],[-102.9,19.5],[-101.5,18.81],[-100.58,19.25],[-100.42,19.0],[-100.64,18.75],[-100.22,18.5],[-100.14,18.0],[-101.25,18.43],[-101.63,18.25],[-101.41,17.75],[-100.0,17.15],[-98.0,16.97],[-97.22,16.5],[-97.33,16.25],[-96.5,15.89],[-95.84,16.25],[-96.08,16.75],[-95.65,17.0],[-95.79,17.5],[-96.27,17.75],[-96.77,18.5],[-96.56,21.0],[-97.25,21.05],[-97.71,22.5],[-97.24,24.0],[-95.75,25.02],[-94.83,24.75],[-93.33,23.5],[-92.75,23.41],[-91.25,21.75],[-88.0,21.8],[-87.02,21.5],[-87.15,20.75],[-87.89,20.25],[-87.75,19.74],[-85.75,19.88],[-83.5,18.25],[-79.73,17.25],[-78.27,15.75],[-77.75,15.74],[-76.0,15.02],[-75.41,14.5],[-74.0,13.9],[-73.25,13.71],[-72.75,13.91],[-71.75,13.83],[-71.0,14.26],[-67.75,13.38],[-65.75,13.77],[-65.25,13.26],[-64.5,13.65],[-63.77,13.5],[-63.25,14.51],[-62.5,13.97],[-62.0,13.26],[-61.25,12.84],[-59.75,13.81],[-57.75,13.81],[-57.0,14.3],[-56.25,14.39],[-55.5,14.02],[-53.5,13.87],[-52.0,12.68],[-51.25,12.79],[-50.0,12.34],[-46.25,8.93],[-45.25,8.95],[-44.75,9.34],[-41.0,9.32],[-40.25,8.88],[-39.25,8.72],[-38.5,8.94],[-37.5,8.46],[-37.0,8.64],[-36.0,8.46],[-34.0,8.49],[-33.9,8.75],[-33.0,8.99],[-32.25,8.6],[-31.75,8.74],[-31.5,8.3],[-31.0,8.44],[-30.83,8.25],[-30.8,7.25],[-31.01,6.75],[-30.45,6.75],[-30.76,6.0],[-31.75,4.57],[-32.5,4.48],[-33.39,4.0],[-33.7,2.75],[-34.25,1.76],[-35.75,1.99],[-36.25,1.88],[-36.5,1.16],[-37.0,1.4],[-37.32,2.0],[-36.3,3.75],[-36.75,4.01],[-37.25,3.04],[-37.75,3.08],[-38.11,2.75],[-37.66,2.25],[-38.63,2.25],[-38.97,1.5],[-39.62,1.0],[-39.09,0.0],[-39.18,-2.25],[-38.65,-4.0],[-37.49,-4.75],[-37.22,-4.75],[-37.0,-4.23],[-36.75,-4.34],[-35.92,-5.25],[-35.96,-6.25],[-36.25,-6.26],[-36.42,-7.0],[-36.18,-7.5],[-37.03,-8.25],[-37.0,-8.99],[-37.66,-9.75],[-38.25,-9.99],[-39.75,-10.31],[-40.5,-10.11],[-40.75,-10.3],[-41.0,-10.03],[-41.46,-10.25],[-41.51,-10.75],[-41.28,-11.0],[-41.62,-12.0],[-41.75,-12.14],[-42.55,-11.5],[-42.08,-13.5],[-41.65,-13.75],[-41.66,-14.25],[-43.11,-15.0],[-43.0,-15.59],[-45.0,-14.16],[-45.25,-13.76],[-46.0,-13.73],[-46.68,-14.0],[-46.74,-14.75],[-47.01,-14.75],[-47.0,-15.33],[-47.25,-15.39],[-47.47,-15.0],[-47.41,-14.5],[-46.77,-14.0],[-47.0,-13.61],[-47.5,-13.45],[-47.57,-14.5],[-48.16,-14.75],[-47.62,-15.5],[-47.64,-16.75],[-47.25,-17.51],[-47.0,-17.16],[-46.75,-17.36],[-46.5,-16.87],[-45.99,-17.25],[-47.0,-18.75],[-46.63,-19.25],[-46.25,-19.7],[-46.0,-19.56],[-45.5,-18.55],[-45.0,-18.63],[-44.66,-19.0],[-44.75,-19.24],[-45.08,-19.0],[-45.26,-20.0],[-45.75,-20.27],[-46.75,-19.61],[-47.0,-19.86],[-46.25,-20.75],[-46.69,-21.0],[-46.57,-21.25],[-46.77,-21.5],[-46.28,-22.25],[-46.34,-22.75],[-46.0,-22.94],[-45.0,-22.71],[-45.0,-23.03],[-44.15,-22.75],[-44.64,-22.5],[-44.25,-22.4],[-43.5,-22.7],[-42.22,-22.75],[-42.97,-23.5],[-43.75,-26.18],[-45.25,-27.41],[-45.5,-27.23],[-45.75,-27.39],[-45.89,-27.75],[-45.5,-28.5],[-45.61,-30.0],[-44.97,-31.5],[-44.04,-32.75],[-43.25,-34.82],[-42.68,-35.25],[-42.48,-37.5],[-44.01,-38.75],[-45.0,-39.94],[-46.86,-41.25],[-47.65,-42.5],[-48.27,-44.75],[-48.02,-48.75],[-49.5,-51.6],[-53.93,-56.25],[-56.25,-57.62],[-58.5,-58.6],[-60.0,-58.82],[-65.25,-58.78],[-77.5,-59.65],[-79.0,-60.11],[-80.03,-61.25],[-80.43,-62.5],[-80.1,-64.25],[-79.25,-65.89],[-77.02,-68.25],[-75.49,-69.5],[-74.0,-69.9],[-73.25,-70.38],[-72.94,-70.75],[-73.25,-71.25],[-68.75,-71.76],[-68.75,-72.1],[-70.92,-73.25],[-71.0,-73.5],[-70.72,-73.75],[-67.5,-74.18],[-66.5,-74.01],[-66.33,-73.75],[-64.54,-73.75],[-64.54,-73.5],[-64.09,-73.25],[-64.25,-72.75],[-63.68,-71.25],[-65.0,-70.36],[-66.75,-70.38],[-67.96,-70.0],[-67.25,-69.57],[-66.5,-69.45],[-66.59,-68.25],[-66.82,-68.0],[-66.5,-67.5],[-67.25,-67.37],[-68.0,-66.82],[-68.05,-67.0],[-68.57,-67.0],[-68.06,-66.75],[-67.5,-65.86],[-65.58,-65.0],[-65.88,-64.5],[-63.06,-62.25],[-58.5,-61.1],[-50.75,-60.25],[-41.75,-58.19],[-28.27,-53.0],[-22.58,-50.25],[-18.25,-47.46],[-14.75,-44.72],[-12.85,-42.25],[-10.5,-40.36],[-7.0,-38.76],[-2.75,-37.77],[3.0,-37.92],[5.75,-38.47],[7.25,-38.52],[11.75,-39.92],[18.25,-43.88],[27.2,-50.0],[29.43,-51.0],[37.5,-55.98],[40.75,-57.62],[44.0,-58.68],[45.5,-58.9],[48.75,-58.47],[52.25,-56.9],[55.5,-55.11],[59.66,-52.25],[61.39,-50.25],[63.25,-48.57],[66.0,-46.81],[68.57,-45.5],[70.5,-44.17],[70.68,-44.0],[70.5,-43.75],[70.75,-43.57],[71.5,-43.46],[78.75,-44.21],[81.75,-44.75],[87.75,-46.5],[90.5,-46.53],[93.75,-45.98],[96.76,-45.0],[108.5,-40.31],[112.54,-39.0],[115.5,-38.52],[120.5,-38.18],[123.75,-38.55],[126.9,-39.25],[132.0,-40.93],[136.25,-42.94],[140.25,-45.27],[149.6,-49.5],[151.76,-50.25],[155.5,-52.88],[158.75,-54.47],[162.34,-55.5],[166.25,-56.12],[173.0,-56.74],[180.0,-56.83]]}},{"type":"Feature","properties":{"level":1012},"geometry":{"type":"LineString","coordinates":[[155.75,-50.77],[154.5,-50.46],[153.25,-49.8],[152.39,-48.5],[151.12,-45.5],[151.62,-43.0],[152.47,-42.0],[153.5,-41.52],[154.5,-41.35],[154.77,-41.5],[155.24,-43.25],[154.83,-44.75],[154.94,-45.75],[158.0,-50.5],[157.0,-50.89],[155.75,-50.77]]}},{"type":"Feature","properties":{"level":1012},"geometry":{"type":"LineString","coordinates":[[-56.28,-38.75],[-54.5,-38.75],[-54.0,-38.98],[-53.25,-38.44],[-51.18,-34.75],[-49.5,-33.32],[-49.0,-32.24],[-47.89,-31.5],[-47.81,-30.75],[-48.03,-30.25],[-49.0,-29.86],[-49.75,-29.2],[-49.39,-28.5],[-49.75,-27.84],[-50.75,-27.54],[-51.0,-28.11],[-51.25,-28.22],[-51.5,-27.9],[-52.16,-28.25],[-51.25,-28.53],[-51.28,-29.0],[-51.64,-29.25],[-51.25,-29.5],[-52.5,-30.09],[-52.75,-30.0],[-52.83,-29.5],[-53.2,-29.5],[-53.25,-29.9],[-54.25,-29.35],[-56.0,-29.17],[-57.25,-29.83],[-58.0,-29.73],[-59.03,-30.0],[-60.0,-30.68],[-60.5,-30.7],[-61.5,-30.21],[-62.25,-31.17],[-62.59,-31.0],[-62.3,-30.75],[-62.5,-30.66],[-64.0,-30.96],[-64.25,-30.65],[-64.25,-31.0],[-63.51,-31.5],[-63.77,-31.75],[-63.5,-31.82],[-63.47,-32.5],[-63.0,-32.96],[-62.17,-33.25],[-61.61,-34.0],[-61.63,-34.5],[-61.25,-34.84],[-61.62,-35.0],[-61.75,-35.81],[-62.5,-36.34],[-62.75,-36.07],[-63.28,-36.75],[-64.0,-37.2],[-64.75,-36.96],[-65.0,-37.34],[-67.45,-37.75],[-66.75,-38.19],[-65.0,-38.07],[-64.29,-37.75],[-64.5,-37.21],[-62.25,-37.86],[-57.5,-37.84],[-56.28,-38.75]]}},{"type":"Feature","properties":{"level":1012},"geometry":{"type":"LineString","coordinates":[[-42.75,-34.84],[-42.91,-34.75],[-42.75,-34.54],[-42.75,-34.84]]}},{"type":"Feature","properties":{"level":1012},"geometry":{"type":"LineString","coordinates":[[-54.17,-29.25],[-53.75,-29.5],[-53.68,-29.25],[-54.17,-29.25]]}},{"type":"Feature","properties":{"level":1012},"geometry":{"type":"LineString","coordinates":[[-50.0,-29.33],[-49.79,-29.25],[-50.0,-29.33]]}},{"type":"Feature","properties":{"level":1012},"geometry":{"type":"LineString","coordinates":[[17.75,-28.75],[17.19,-28.25],[17.38,-27.5],[17.21,-26.5],[17.5,-26.66],[17.58,-26.25],[17.36,-25.25],[17.0,-25.07],[16.5,-25.55],[16.09,-25.25],[16.49,-25.0],[16.53,-23.0],[16.96,-22.75],[16.75,-22.47],[16.25,-22.71],[15.75,-22.5],[16.22,-22.0],[15.53,-21.5],[16.4,-21.0],[15.0,-20.76],[15.28,-20.25],[14.75,-19.55],[14.25,-19.95],[13.43,-19.25],[14.0,-18.75],[13.97,-18.5],[13.75,-18.36],[13.25,-18.53],[11.56,-17.5],[11.48,-16.5],[12.5,-15.41],[12.76,-13.75],[12.21,-13.5],[11.77,-12.75],[11.95,-12.25],[11.25,-12.14],[11.24,-11.75],[10.31,-10.75],[9.76,-9.25],[8.96,-8.75],[8.7,-8.0],[9.02,-6.5],[8.75,-5.4],[8.0,-4.34],[7.25,-4.24],[6.11,-3.5],[5.77,-2.75],[5.82,-2.25],[4.73,-0.75],[5.0,0.45],[5.5,0.15],[5.75,0.31],[6.25,0.88],[6.22,1.25],[6.0,1.41],[5.75,0.92],[5.5,1.51],[5.0,1.44],[5.0,2.22],[4.25,2.43],[4.0,2.24],[3.75,2.39],[3.25,1.81],[2.75,2.4],[2.0,2.35],[1.5,2.58],[0.75,2.37],[0.0,2.57],[-0.25,2.97],[-1.46,3.5],[-1.59,4.25],[-2.5,5.27],[-3.0,5.39],[-4.0,4.5],[-4.5,4.61],[-5.25,4.09],[-6.5,4.01],[-8.0,4.2],[-8.02,4.5],[-8.75,4.86],[-9.28,5.5],[-9.11,6.25],[-9.9,7.5],[-9.0,8.47],[-8.75,8.17],[-8.19,8.75],[-8.75,9.52],[-10.36,9.75],[-10.5,10.18],[-10.79,10.25],[-10.85,11.0],[-10.25,11.78],[-9.25,12.29],[-8.75,12.15],[-8.23,12.5],[-7.51,14.25],[-7.69,15.75],[-8.38,17.5],[-7.43,18.25],[-7.25,18.78],[-6.25,18.89],[-5.78,19.25],[-5.5,20.0],[-5.57,20.5],[-5.75,20.7],[-6.5,20.26],[-7.25,20.62],[-7.5,20.47],[-9.5,21.72],[-10.75,21.83],[-12.5,21.31],[-13.75,21.3],[-14.01,21.0],[-13.84,20.5],[-14.0,20.35],[-16.25,19.16],[-15.94,20.75],[-16.09,21.25],[-16.75,21.48],[-16.81,21.75],[-16.5,22.25],[-16.5,22.68],[-16.7,22.75],[-16.48,23.0],[-16.52,23.5],[-16.08,24.25],[-16.28,24.75],[-14.25,27.09],[-11.75,27.69],[-11.25,27.91],[-10.75,28.55],[-10.73,27.75],[-10.03,27.0],[-9.76,26.25],[-8.51,25.75],[-7.75,24.71],[-7.25,24.45],[-6.25,24.43],[-5.75,24.14],[-5.5,23.66],[-3.75,23.63],[-3.25,24.03],[-3.3,23.5],[-3.0,23.16],[-2.65,23.25],[-2.62,23.75],[-2.25,24.1],[-1.75,23.78],[-1.0,24.25],[0.41,24.5],[0.99,25.25],[0.91,26.25],[1.23,26.5],[3.25,26.5],[3.45,25.75],[3.07,25.0],[3.26,24.75],[2.73,24.25],[2.74,23.75],[2.0,23.11],[-0.3,22.5],[-0.75,21.61],[-1.25,21.66],[-1.77,21.25],[-1.77,20.5],[-2.13,19.75],[-1.5,19.68],[-0.75,20.01],[-0.5,19.66],[0.75,19.6],[2.5,18.9],[3.0,19.16],[6.0,19.55],[7.25,19.48],[8.03,19.0],[8.5,17.53],[9.0,17.28],[9.71,17.5],[12.0,19.39],[12.75,19.55],[13.25,19.25],[14.5,20.41],[14.73,21.0],[15.25,21.22],[16.0,20.95],[16.3,20.25],[17.0,20.09],[17.5,19.67],[18.0,19.88],[19.0,19.09],[21.0,19.34],[21.21,19.0],[20.76,18.75],[21.42,18.25],[21.0,18.07],[20.98,17.75],[22.75,16.77],[23.25,16.93],[24.15,18.0],[24.75,18.35],[25.25,18.52],[27.25,18.18],[28.5,19.63],[30.5,20.75],[31.5,20.6],[32.75,20.75],[33.75,21.47],[35.5,19.83],[35.98,18.5],[36.75,17.84],[37.58,18.25],[37.25,19.61],[37.5,19.84],[38.5,19.93],[38.81,19.25],[38.75,18.57],[39.75,18.66],[40.75,17.88],[41.5,18.02],[42.0,17.75],[41.98,17.5],[41.5,17.38],[41.19,15.5],[42.25,14.53],[43.0,14.82],[43.25,14.64],[43.53,13.25],[42.75,12.84],[40.97,14.5],[40.97,14.0],[42.2,12.75],[42.39,12.25],[42.03,11.75],[42.25,11.5],[42.22,11.0],[41.23,10.5],[41.24,10.0],[40.0,9.04],[40.51,11.75],[40.15,12.25],[40.32,13.0],[40.15,14.25],[39.97,15.0],[39.12,15.75],[38.81,17.0],[38.0,18.16],[37.69,18.0],[38.02,17.0],[37.83,16.25],[38.38,15.5],[37.89,14.5],[38.0,14.0],[37.75,13.69],[37.25,13.97],[36.5,12.42],[36.08,12.25],[35.25,10.39],[34.5,10.71],[34.19,9.5],[34.59,8.5],[34.92,8.25],[35.25,7.0],[35.0,7.01],[34.91,6.75],[35.41,6.5],[35.12,6.0],[35.25,5.78],[36.19,6.75],[36.49,6.75],[36.31,6.25],[36.5,5.05],[37.0,5.06],[36.93,4.25],[37.89,2.75],[37.5,2.34],[37.0,2.92],[36.0,0.15],[35.52,1.75],[34.7,2.75],[34.59,2.5],[35.18,1.75],[35.0,1.43],[34.5,1.48],[34.25,1.0],[35.09,-0.25],[34.32,-1.0],[34.6,-1.5],[34.49,-1.75],[34.94,-2.0],[34.64,-3.25],[35.09,-3.75],[34.45,-4.25],[34.5,-5.26],[33.72,-6.0],[33.85,-6.75],[34.15,-7.0],[34.0,-7.34],[33.24,-7.75],[33.25,-8.75],[32.4,-9.25],[32.66,-9.75],[32.25,-10.2],[32.04,-9.75],[32.35,-9.0],[31.8,-8.0],[31.25,-7.76],[31.41,-8.75],[30.75,-9.37],[29.25,-9.13],[28.5,-9.72],[28.0,-8.85],[27.6,-9.25],[27.75,-10.77],[28.0,-10.91],[28.5,-10.35],[28.89,-11.25],[28.72,-11.5],[29.25,-11.66],[29.92,-12.25],[29.58,-12.75],[29.25,-12.54],[28.86,-13.0],[29.3,-14.25],[29.25,-14.41],[29.0,-14.16],[28.85,-14.5],[29.81,-14.75],[29.25,-15.06],[28.5,-14.9],[28.22,-15.75],[27.25,-16.55],[26.61,-16.75],[26.59,-17.5],[26.75,-17.76],[27.75,-16.57],[28.75,-15.95],[29.11,-16.0],[29.0,-16.94],[28.63,-17.0],[28.94,-17.25],[28.88,-17.75],[28.0,-18.02],[28.09,-17.75],[27.75,-17.74],[27.5,-18.14],[26.37,-18.75],[26.5,-19.37],[26.88,-19.75],[25.75,-21.13],[25.45,-20.75],[25.5,-20.07],[24.5,-20.76],[24.16,-20.0],[23.75,-19.83],[22.25,-20.98],[21.25,-20.47],[18.56,-21.75],[18.49,-22.25],[19.38,-23.75],[18.61,-23.75],[17.92,-26.5],[18.35,-26.75],[17.98,-27.25],[17.84,-27.75],[18.02,-28.0],[17.75,-28.75]]}},{"type":"Feature","properties":{"level":1012},"geometry":{"type":"LineString","coordinates":[[-51.44,-26.5],[-51.0,-26.72],[-50.25,-26.0],[-49.25,-26.19],[-48.75,-25.47],[-48.25,-25.5],[-48.44,-25.25],[-48.28,-25.0],[-48.75,-25.01],[-48.94,-24.75],[-48.61,-24.5],[-48.75,-24.33],[-49.07,-24.25],[-49.25,-23.76],[-49.69,-23.75],[-48.94,-23.25],[-50.75,-22.25],[-51.25,-22.3],[-51.71,-22.75],[-51.28,-23.25],[-51.62,-23.75],[-51.46,-24.25],[-52.03,-25.75],[-51.25,-26.0],[-51.44,-26.5]]}},{"type":"Feature","properties":{"level":1012},"geometry":{"type":"LineString","coordinates":[[-48.17,-25.0],[-47.97,-25.0],[-48.17,-25.0]]}},{"type":"Feature","properties":{"level":1012},"geometry":{"type":"LineString","coordinates":[[-69.75,-24.74],[-70.14,-24.25],[-69.67,-21.5],[-69.75,-19.58],[-69.38,-20.5],[-69.23,-22.5],[-69.44,-24.5],[-69.75,-24.74]]}},{"type":"Feature","properties":{"level":1012},"geometry":{"type":"LineString","coordinates":[[-50.5,-23.39],[-51.21,-23.0],[-50.75,-22.84],[-50.05,-23.0],[-50.5,-23.39]]}},{"type":"Feature","properties":{"level":1012},"geometry":{"type":"LineString","coordinates":[[124.75,-21.52],[124.13,-19.5],[124.38,-19.25],[124.0,-19.08],[123.75,-19.38],[123.73,-19.0],[122.75,-18.0],[122.85,-17.5],[122.26,-16.5],[122.75,-16.34],[123.42,-17.0],[123.75,-16.94],[124.5,-18.63],[124.49,-17.5],[124.75,-17.1],[125.5,-17.5],[125.75,-17.0],[126.25,-16.95],[127.5,-17.6],[127.91,-17.0],[127.8,-16.5],[127.5,-17.04],[127.14,-16.5],[126.75,-16.65],[126.57,-16.0],[127.0,-15.4],[126.25,-14.55],[125.47,-14.5],[125.55,-13.25],[126.66,-13.0],[126.75,-12.29],[127.0,-12.52],[128.0,-12.66],[128.5,-13.73],[129.25,-14.06],[130.09,-15.25],[130.73,-15.5],[130.75,-15.93],[131.25,-15.97],[131.0,-16.74],[130.03,-17.0],[130.88,-18.25],[132.0,-19.03],[132.69,-20.0],[132.5,-20.26],[132.05,-20.0],[131.94,-19.5],[131.5,-19.17],[131.3,-19.5],[131.0,-19.53],[130.63,-18.25],[130.25,-17.84],[129.98,-18.75],[129.0,-19.45],[129.0,-19.75],[128.32,-20.0],[128.69,-20.5],[127.75,-20.83],[127.75,-21.36],[127.25,-21.73],[127.0,-21.5],[124.75,-21.52]]}},{"type":"Feature","properties":{"level":1012},"geometry":{"type":"LineString","coordinates":[[132.75,-18.61],[132.75,-18.36],[132.75,-18.61]]}},{"type":"Feature","properties":{"level":1012},"geometry":{"type":"LineString","coordinates":[[132.5,-17.84],[132.36,-17.75],[132.5,-17.84]]}},{"type":"Feature","properties":{"level":1012},"geometry":{"type":"LineString","coordinates":[[131.25,-17.38],[131.25,-17.16],[131.49,-17.25],[131.25,-17.38]]}},{"type":"Feature","properties":{"level":1012},"geometry":{"type":"LineString","coordinates":[[-69.38,-16.25],[-68.0,-16.48],[-67.92,-16.25],[-68.25,-15.7],[-68.75,-15.89],[-69.2,-15.5],[-69.23,-15.25],[-68.88,-15.0],[-69.5,-14.0],[-71.5,-13.11],[-71.75,-12.8],[-72.25,-12.85],[-72.5,-13.15],[-73.0,-12.88],[-73.18,-13.0],[-73.0,-13.32],[-72.0,-13.15],[-71.37,-13.5],[-71.0,-14.63],[-70.59,-14.0],[-70.0,-14.17],[-69.31,-15.25],[-69.75,-15.24],[-69.98,-15.75],[-69.5,-15.95],[-69.38,-16.25]]}},{"type":"Feature","properties":{"level":1012},"geometry":{"type":"LineString","coordinates":[[125.0,-15.26],[124.83,-14.75],[125.0,-14.38],[125.27,-15.0],[125.0,-15.26]]}},{"type":"Feature","properties":{"level":1012},"geometry":{"type":"LineString","coordinates":[[-75.5,-14.54],[-75.35,-14.5],[-75.5,-14.54]]}},{"type":"Feature","properties":{"level":1012},"geometry":{"type":"LineString","coordinates":[[30.5,-14.56],[30.0,-14.47],[29.97,-14.0],[30.5,-13.52],[31.0,-13.53],[31.75,-11.89],[32.21,-11.5],[32.67,-10.25],[33.0,-9.98],[33.28,-10.75],[33.17,-11.25],[32.28,-13.25],[30.5,-14.56]]}},{"type":"Feature","properties":{"level":1012},"geometry":{"type":"LineString","coordinates":[[13.53,-12.75],[13.75,-12.86],[14.56,-12.5],[14.25,-12.4],[14.11,-12.0],[14.5,-10.93],[13.53,-12.75]]}},{"type":"Feature","properties":{"level":1012},"geometry":{"type":"LineString","coordinates":[[127.25,-11.32],[127.25,-11.07],[127.25,-11.32]]}},{"type":"Feature","properties":{"level":1012},"geometry":{"type":"LineString","coordinates":[[161.76,-10.75],[162.0,-10.9],[162.19,-10.75],[161.75,-10.48],[161.76,-10.75]]}},{"type":"Feature","properties":{"level":1012},"geometry":{"type":"LineString","coordinates":[[-170.75,-10.6],[-170.96,-10.25],[-170.75,-10.08],[-170.51,-10.5],[-170.75,-10.6]]}},{"type":"Feature","properties":{"level":1012},"geometry":{"type":"LineString","coordinates":[[127.0,-10.64],[126.56,-10.25],[126.58,-10.0],[126.84,-10.0],[127.0,-10.64]]}},{"type":"Feature","properties":{"level":1012},"geometry":{"type":"LineString","coordinates":[[-174.25,-10.41],[-174.25,-10.07],[-173.87,-10.25],[-174.25,-10.41]]}},{"type":"Feature","properties":{"level":1012},"geometry":{"type":"LineString","coordinates":[[-172.0,-10.19],[-172.24,-10.0],[-172.0,-9.53],[-171.51,-10.0],[-172.0,-10.19]]}},{"type":"Feature","properties":{"level":1012},"geometry":{"type":"LineString","coordinates":[[34.25,-10.21],[34.25,-9.95],[34.25,-10.21]]}},{"type":"Feature","properties":{"level":1012},"geometry":{"type":"LineString","coordinates":[[127.25,-9.83],[127.25,-9.14],[127.25,-9.83]]}},{"type":"Feature","properties":{"level":1012},"geometry":{"type":"LineString","coordinates":[[159.77,-9.75],[160.5,-9.99],[160.75,-9.75],[160.0,-9.42],[159.69,-9.5],[159.77,-9.75]]}},{"type":"Feature","properties":{"level":1012},"geometry":{"type":"LineString","coordinates":[[160.89,-9.0],[161.0,-9.19],[161.12,-9.0],[160.89,-9.0]]}},{"type":"Feature","properties":{"level":1012},"geometry":{"type":"LineString","coordinates":[[15.43,-8.5],[15.75,-8.55],[15.88,-8.0],[15.5,-7.44],[15.31,-8.0],[15.43,-8.5]]}},{"type":"Feature","properties":{"level":1012},"geometry":{"type":"LineString","coordinates":[[180.0,-8.61],[178.5,-7.54],[177.75,-7.29],[176.5,-7.82],[175.5,-7.87],[174.75,-8.91],[172.75,-8.52],[171.75,-9.13],[171.5,-8.64],[170.5,-9.37],[169.75,-8.8],[168.02,-10.5],[167.0,-10.84],[166.75,-11.5],[165.45,-12.0],[164.49,-13.0],[164.0,-13.14],[159.55,-11.5],[159.25,-10.89],[158.5,-11.11],[157.5,-9.53],[155.75,-9.94],[155.25,-9.39],[153.0,-9.01],[152.71,-8.0],[153.08,-7.25],[152.97,-6.0],[152.25,-5.48],[152.45,-4.75],[151.75,-4.18],[151.75,-4.76],[150.75,-5.59],[149.5,-5.67],[149.0,-5.47],[148.25,-5.89],[148.0,-5.61],[148.17,-6.25],[148.0,-6.38],[145.56,-5.25],[145.77,-5.0],[145.66,-4.75],[145.25,-4.5],[145.0,-5.2],[144.25,-4.78],[141.5,-4.54],[141.25,-4.27],[141.0,-4.52],[140.0,-3.65],[139.75,-3.74],[139.0,-3.31],[137.25,-3.3],[136.5,-2.97],[135.25,-3.63],[134.0,-2.62],[134.04,-3.0],[133.68,-3.5],[134.25,-4.0],[135.0,-4.39],[137.05,-4.5],[138.75,-5.5],[139.5,-5.3],[140.4,-5.75],[140.84,-6.5],[140.5,-6.78],[139.75,-6.8],[139.25,-7.22],[139.0,-7.05],[138.27,-7.5],[138.6,-8.0],[138.5,-8.35],[137.75,-8.18],[137.82,-7.5],[137.25,-6.87],[136.25,-7.12],[135.25,-6.89],[135.0,-7.29],[133.89,-7.5],[135.5,-8.62],[135.72,-9.5],[134.5,-9.43],[134.0,-9.14],[133.92,-9.5],[134.33,-10.0],[134.0,-10.05],[131.0,-8.03],[130.0,-8.17],[129.75,-7.82],[129.5,-8.18],[128.5,-8.27],[128.14,-8.0],[127.91,-7.0],[128.31,-7.0],[128.31,-6.75],[127.4,-6.0],[127.56,-5.75],[127.41,-5.0],[128.0,-4.74],[130.0,-5.5],[130.26,-5.25],[129.75,-4.66],[130.75,-4.78],[131.43,-4.25],[130.5,-3.08],[128.5,-2.82],[127.8,-3.25],[127.75,-3.5],[127.0,-3.05],[126.0,-3.05],[125.78,-3.25],[126.15,-3.75],[126.0,-3.98],[125.25,-3.15],[125.08,-1.75],[124.75,-1.54],[124.25,-1.72],[123.25,-0.6],[121.5,-0.91],[120.75,-1.41],[120.11,-0.75],[120.0,-0.32],[119.4,-2.25],[118.85,-3.0],[119.0,-3.43],[119.63,-3.75],[119.69,-5.75],[118.25,-6.57],[116.0,-5.82],[115.0,-5.94],[114.25,-6.86],[114.0,-6.89],[113.34,-6.75],[113.0,-6.17],[112.5,-5.98],[111.5,-6.06],[110.75,-6.38],[110.5,-6.78],[109.5,-5.88],[108.75,-5.81],[108.5,-6.26],[108.25,-5.86],[107.5,-5.95],[107.24,-5.5],[106.5,-5.43],[105.21,-4.25],[105.15,-2.75],[104.5,-2.02],[104.25,-1.94],[103.25,-2.53],[103.19,-2.25],[103.63,-1.75],[103.1,-1.0],[103.0,-0.27],[102.5,-0.34],[102.02,-0.75],[102.25,-1.29],[101.67,-1.25],[101.67,-0.5],[102.05,0.0],[101.25,0.06],[101.19,0.25],[101.57,1.75],[101.0,2.39],[100.75,2.18],[100.22,2.75],[100.59,3.25],[99.83,4.25],[99.75,5.3],[99.5,5.52],[99.25,5.15],[98.9,5.25],[99.22,5.75],[98.18,6.25],[98.05,7.0],[97.75,7.02],[97.5,7.51],[96.75,7.89],[96.9,8.5],[96.25,9.0],[95.75,8.97],[95.72,9.5],[94.79,10.0],[94.25,10.75],[93.52,11.25],[93.0,12.7],[92.51,13.0],[92.42,14.0],[90.71,16.5],[90.5,17.23],[88.0,18.33],[87.25,18.25],[87.0,18.48],[86.0,18.58],[84.49,18.25],[84.75,19.22],[85.39,20.0],[85.41,20.75],[86.67,21.75],[86.18,22.75],[86.4,23.25],[86.15,23.75],[86.5,24.03],[86.5,24.5],[85.75,24.63],[84.0,24.34],[83.5,24.65],[83.0,24.3],[79.0,24.42],[78.25,24.6],[77.0,25.47],[76.75,24.74],[76.0,24.63],[75.88,25.0],[74.62,26.0],[74.5,26.47],[72.01,24.75],[71.92,24.5],[72.28,23.75],[72.0,23.48],[70.93,23.25],[70.75,23.68],[70.0,23.66],[69.75,24.05],[66.25,24.01],[64.93,22.75],[65.45,22.25],[65.06,22.0],[64.0,21.72],[60.75,21.56],[59.75,21.94],[59.37,22.75],[58.75,23.25],[57.5,23.51],[56.74,24.0],[56.34,24.75],[56.25,26.2],[55.25,25.17],[54.5,24.8],[53.99,25.25],[52.5,25.76],[51.42,27.75],[52.0,27.81],[53.75,26.93],[56.75,27.38],[57.5,26.24],[58.25,26.29],[59.0,26.67],[60.5,26.34],[63.0,26.54],[63.23,26.75],[62.99,27.0],[63.37,27.25],[62.75,27.55],[61.83,28.75],[62.25,29.2],[62.75,28.98],[63.25,29.17],[64.25,29.11],[64.66,29.75],[63.5,30.0],[62.25,29.27],[61.75,29.43],[61.25,30.0],[61.31,30.25],[61.88,31.0],[61.94,31.75],[62.25,32.16],[63.0,32.42],[64.25,32.33],[65.5,32.83],[65.84,32.5],[65.5,32.16],[66.58,32.0],[66.38,30.25],[65.55,28.0],[64.75,27.42],[64.04,27.25],[64.5,27.0],[64.75,26.32],[65.75,26.62],[66.0,26.21],[66.5,26.23],[66.75,25.87],[66.69,27.75],[67.26,29.75],[67.75,30.15],[68.25,30.04],[69.0,30.65],[69.5,30.57],[70.0,31.5],[69.75,31.66],[69.2,31.0],[69.2,32.0],[69.98,32.5],[70.0,33.53],[71.11,33.75],[71.0,34.02],[69.88,34.5],[70.25,34.77],[70.75,34.61],[72.0,34.73],[76.54,32.0],[76.88,31.0],[77.25,30.62],[77.79,30.5],[79.5,29.23],[81.25,28.81],[82.5,27.91],[84.5,27.63],[86.5,26.82],[87.5,26.68],[92.11,26.75],[92.65,26.5],[91.52,26.0],[90.25,25.78],[90.17,25.5],[93.04,24.75],[92.07,23.75],[92.5,22.83],[92.4,21.75],[94.0,19.95],[94.75,17.83],[94.94,18.25],[94.81,19.0],[94.18,20.5],[94.2,21.75],[93.98,22.0],[94.25,24.16],[95.75,26.08],[96.25,25.61],[96.75,25.98],[97.0,25.47],[97.5,25.71],[97.65,25.5],[97.25,23.94],[96.75,23.27],[96.14,23.0],[96.44,21.75],[96.35,20.0],[96.89,18.25],[97.25,17.73],[97.5,17.99],[98.22,16.75],[98.32,15.75],[97.99,15.5],[97.96,15.0],[99.25,12.35],[99.38,13.25],[98.71,14.5],[99.24,15.0],[99.19,16.25],[98.53,18.25],[99.0,19.61],[100.0,20.7],[100.75,20.56],[101.25,19.75],[101.02,19.25],[101.25,18.46],[101.75,19.56],[101.82,19.0],[102.5,18.91],[103.0,18.57],[103.75,18.89],[104.5,18.23],[105.75,17.65],[105.5,18.25],[104.46,19.25],[105.0,19.22],[106.25,19.85],[107.25,20.8],[107.64,20.75],[107.75,20.2],[108.25,20.23],[109.5,21.05],[110.25,21.14],[111.0,21.66],[111.75,21.44],[113.25,21.8],[114.0,22.28],[114.5,22.22],[115.25,22.69],[117.25,23.08],[120.75,24.82],[120.53,23.25],[120.75,22.28],[122.68,25.5],[124.52,27.0],[126.75,29.54],[129.0,30.69],[129.75,32.14],[130.75,31.44],[131.25,31.61],[132.25,32.74],[134.0,33.14],[135.25,33.3],[136.25,33.06],[140.25,33.18],[143.5,33.96],[147.25,34.14],[148.5,33.97],[149.0,33.38],[150.75,32.57],[152.46,30.75],[154.5,30.01],[156.5,28.26],[157.0,27.21],[157.82,26.5],[159.77,23.5],[162.5,22.41],[163.0,21.87],[163.75,21.65],[167.0,21.49],[169.75,22.38],[171.25,22.21],[172.0,22.41],[174.25,23.79],[175.5,24.0],[176.5,25.54],[178.75,26.92],[180.0,27.41]]}},{"type":"Feature","properties":{"level":1012},"geometry":{"type":"LineString","coordinates":[[29.49,-8.25],[30.0,-7.89],[30.0,-7.25],[29.42,-7.75],[29.49,-8.25]]}},{"type":"Feature","properties":{"level":1012},"geometry":{"type":"LineString","coordinates":[[-77.75,-8.01],[-78.38,-7.5],[-78.0,-6.62],[-77.62,-7.5],[-77.75,-8.01]]}},{"type":"Feature","properties":{"level":1012},"geometry":{"type":"LineString","coordinates":[[113.5,-7.51],[113.52,-7.25],[113.97,-7.25],[113.92,-7.5],[113.5,-7.51]]}},{"type":"Feature","properties":{"level":1012},"geometry":{"type":"LineString","coordinates":[[134.1,-6.75],[134.5,-6.84],[134.94,-6.25],[134.5,-5.5],[134.25,-6.02],[133.61,-6.25],[134.1,-6.75]]}},{"type":"Feature","properties":{"level":1012},"geometry":{"type":"LineString","coordinates":[[155.32,-6.5],[155.5,-6.71],[155.87,-6.5],[155.0,-5.58],[154.75,-5.71],[155.32,-6.5]]}},{"type":"Feature","properties":{"level":1012},"geometry":{"type":"LineString","coordinates":[[129.78,-5.75],[130.17,-5.75],[130.0,-5.5],[129.78,-5.75]]}},{"type":"Feature","properties":{"level":1012},"geometry":{"type":"LineString","coordinates":[[121.75,-5.34],[121.57,-5.25],[121.75,-5.17],[121.75,-5.34]]}},{"type":"Feature","properties":{"level":1012},"geometry":{"type":"LineString","coordinates":[[28.73,-4.25],[29.13,-3.5],[28.83,-2.75],[29.0,-2.58],[29.5,-3.12],[29.75,-2.0],[30.29,-1.75],[30.17,-1.0],[30.25,-0.75],[30.54,-0.75],[30.48,-0.5],[30.01,-0.5],[30.22,-0.75],[29.5,-1.15],[29.23,-0.75],[29.5,-0.06],[30.0,0.03],[30.4,0.5],[30.0,0.67],[29.5,0.05],[29.25,0.28],[28.4,-0.25],[28.06,-0.75],[28.37,-1.0],[28.45,-1.75],[27.42,-3.0],[27.5,-3.4],[28.25,-3.25],[27.9,-3.75],[28.5,-3.86],[28.73,-4.25]]}},{"type":"Feature","properties":{"level":1012},"geometry":{"type":"LineString","coordinates":[[120.75,-4.29],[120.58,-3.75],[120.75,-3.53],[121.5,-4.25],[121.25,-4.45],[120.75,-4.29]]}},{"type":"Feature","properties":{"level":1012},"geometry":{"type":"LineString","coordinates":[[114.97,-3.75],[115.17,-3.75],[114.97,-3.75]]}},{"type":"Feature","properties":{"level":1012},"geometry":{"type":"LineString","coordinates":[[140.47,-3.75],[141.0,-3.79],[141.06,-3.5],[141.5,-3.33],[142.25,-3.63],[143.28,-3.5],[141.0,-3.08],[140.63,-3.25],[140.9,-3.5],[140.47,-3.75]]}},{"type":"Feature","properties":{"level":1012},"geometry":{"type":"LineString","coordinates":[[115.26,-3.5],[115.66,-3.5],[115.93,-2.75],[115.75,-2.42],[115.26,-3.5]]}},{"type":"Feature","properties":{"level":1012},"geometry":{"type":"LineString","coordinates":[[151.93,-3.5],[152.0,-3.16],[151.93,-3.5]]}},{"type":"Feature","properties":{"level":1012},"geometry":{"type":"LineString","coordinates":[[120.75,-3.46],[120.75,-2.92],[120.9,-3.0],[120.75,-3.46]]}},{"type":"Feature","properties":{"level":1012},"geometry":{"type":"LineString","coordinates":[[132.16,-3.0],[132.5,-3.2],[132.73,-3.0],[132.25,-2.61],[132.02,-2.75],[132.16,-3.0]]}},{"type":"Feature","properties":{"level":1012},"geometry":{"type":"LineString","coordinates":[[139.65,-3.0],[140.5,-3.16],[140.57,-3.0],[140.25,-2.63],[139.65,-2.75],[139.65,-3.0]]}},{"type":"Feature","properties":{"level":1012},"geometry":{"type":"LineString","coordinates":[[137.56,-2.5],[138.08,-2.5],[137.56,-2.5]]}},{"type":"Feature","properties":{"level":1012},"geometry":{"type":"LineString","coordinates":[[4.5,-2.29],[4.18,-1.75],[4.5,-1.6],[5.1,-2.0],[5.0,-2.25],[4.5,-2.29]]}},{"type":"Feature","properties":{"level":1012},"geometry":{"type":"LineString","coordinates":[[133.39,-2.0],[134.0,-2.14],[134.19,-1.25],[133.0,-0.49],[132.24,-0.5],[131.87,-1.0],[131.99,-1.25],[133.39,-2.0]]}},{"type":"Feature","properties":{"level":1012},"geometry":{"type":"LineString","coordinates":[[16.94,-1.75],[17.26,-1.5],[16.92,-1.5],[16.94,-1.75]]}},{"type":"Feature","properties":{"level":1012},"geometry":{"type":"LineString","coordinates":[[111.13,-0.75],[111.25,-0.96],[111.24,-0.5],[111.0,-0.37],[110.82,-0.5],[111.13,-0.75]]}},{"type":"Feature","properties":{"level":1012},"geometry":{"type":"LineString","coordinates":[[112.26,-0.75],[112.94,-0.75],[112.26,-0.75]]}},{"type":"Feature","properties":{"level":1012},"geometry":{"type":"LineString","coordinates":[[113.1,-0.75],[113.29,-0.75],[113.1,-0.75]]}},{"type":"Feature","properties":{"level":1012},"geometry":{"type":"LineString","coordinates":[[127.37,-0.75],[127.76,-0.75],[127.5,-0.45],[127.37,-0.75]]}},{"type":"Feature","properties":{"level":1012},"geometry":{"type":"LineString","coordinates":[[-91.34,0.0],[-91.18,0.0],[-91.34,0.0]]}},{"type":"Feature","properties":{"level":1012},"geometry":{"type":"LineString","coordinates":[[3.25,-0.1],[2.87,0.5],[2.81,1.25],[3.0,1.3],[3.67,0.25],[3.25,-0.1]]}},{"type":"Feature","properties":{"level":1012},"geometry":{"type":"LineString","coordinates":[[16.9,0.0],[17.13,0.0],[16.9,0.0]]}},{"type":"Feature","properties":{"level":1012},"geometry":{"type":"LineString","coordinates":[[6.33,0.25],[6.73,0.25],[6.5,0.43],[6.33,0.25]]}},{"type":"Feature","properties":{"level":1012},"geometry":{"type":"LineString","coordinates":[[26.97,0.25],[27.76,0.5],[26.75,0.88],[26.97,0.25]]}},{"type":"Feature","properties":{"level":1012},"geometry":{"type":"LineString","coordinates":[[112.88,0.25],[113.25,0.03],[114.0,0.46],[114.5,0.37],[116.0,0.71],[116.33,1.0],[116.64,1.75],[116.21,3.0],[116.27,4.5],[117.03,4.5],[116.52,5.25],[116.81,5.5],[116.75,6.34],[116.26,6.0],[114.75,3.68],[113.98,3.25],[113.58,2.25],[113.74,1.75],[112.19,1.5],[112.75,1.47],[113.64,0.75],[112.88,0.25]]}},{"type":"Feature","properties":{"level":1012},"geometry":{"type":"LineString","coordinates":[[123.41,0.25],[123.75,0.06],[124.25,0.27],[125.0,1.29],[124.75,1.33],[124.25,0.88],[123.0,0.75],[123.41,0.25]]}},{"type":"Feature","properties":{"level":1012},"geometry":{"type":"LineString","coordinates":[[10.27,0.5],[10.64,0.5],[11.53,1.5],[12.05,4.0],[11.5,3.95],[10.96,4.25],[10.97,6.0],[11.25,6.37],[11.75,6.39],[12.72,7.0],[12.74,7.25],[12.25,7.45],[11.75,7.47],[11.5,7.12],[11.0,7.37],[10.75,6.76],[10.0,6.73],[9.75,6.44],[9.25,6.56],[9.67,5.5],[9.5,5.3],[8.75,5.6],[8.34,5.5],[8.96,4.5],[8.9,4.0],[8.43,3.5],[8.5,3.15],[8.92,3.5],[9.0,3.9],[9.34,4.0],[9.5,4.63],[10.08,4.5],[10.23,4.0],[10.59,3.75],[9.8,1.5],[10.27,0.5]]}},{"type":"Feature","properties":{"level":1012},"geometry":{"type":"LineString","coordinates":[[120.11,0.5],[120.25,0.32],[120.75,0.6],[122.55,0.75],[121.75,1.06],[121.5,0.83],[121.0,1.22],[120.75,0.79],[120.11,0.5]]}},{"type":"Feature","properties":{"level":1012},"geometry":{"type":"LineString","coordinates":[[127.66,0.5],[127.75,0.33],[128.03,0.5],[128.25,1.11],[127.66,0.5]]}},{"type":"Feature","properties":{"level":1012},"geometry":{"type":"LineString","coordinates":[[15.61,1.25],[15.94,1.25],[16.0,1.63],[15.6,1.5],[15.61,1.25]]}},{"type":"Feature","properties":{"level":1012},"geometry":{"type":"LineString","coordinates":[[-101.5,1.44],[-101.18,1.5],[-101.5,1.44]]}},{"type":"Feature","properties":{"level":1012},"geometry":{"type":"LineString","coordinates":[[-104.72,2.0],[-104.25,1.79],[-103.5,2.38],[-102.86,2.5],[-103.5,2.92],[-103.75,2.52],[-104.5,2.47],[-104.72,2.0]]}},{"type":"Feature","properties":{"level":1012},"geometry":{"type":"LineString","coordinates":[[-99.5,1.87],[-99.5,2.09],[-99.34,2.0],[-99.5,1.87]]}},{"type":"Feature","properties":{"level":1012},"geometry":{"type":"LineString","coordinates":[[-77.58,2.25],[-77.25,2.15],[-76.98,2.5],[-76.63,3.25],[-76.75,3.67],[-77.1,2.75],[-77.58,2.25]]}},{"type":"Feature","properties":{"level":1012},"geometry":{"type":"LineString","coordinates":[[103.08,2.25],[103.29,2.25],[103.25,2.68],[102.98,2.5],[103.08,2.25]]}},{"type":"Feature","properties":{"level":1012},"geometry":{"type":"LineString","coordinates":[[102.09,2.5],[102.42,2.5],[102.45,2.75],[102.17,3.5],[102.5,3.84],[102.75,3.58],[103.0,3.71],[103.14,4.75],[102.5,5.7],[102.0,5.8],[101.5,6.44],[100.46,6.75],[99.75,7.78],[99.72,7.25],[100.36,6.25],[100.17,5.5],[100.88,3.75],[101.5,2.71],[102.09,2.5]]}},{"type":"Feature","properties":{"level":1012},"geometry":{"type":"LineString","coordinates":[[-34.92,3.5],[-34.5,3.33],[-34.1,3.5],[-33.63,4.0],[-33.7,4.5],[-34.74,4.0],[-34.99,3.75],[-34.92,3.5]]}},{"type":"Feature","properties":{"level":1012},"geometry":{"type":"LineString","coordinates":[[99.75,3.34],[99.75,3.79],[99.75,3.34]]}},{"type":"Feature","properties":{"level":1012},"geometry":{"type":"LineString","coordinates":[[21.89,4.5],[22.09,4.5],[21.89,4.5]]}},{"type":"Feature","properties":{"level":1012},"geometry":{"type":"LineString","coordinates":[[22.15,4.75],[22.33,4.75],[22.15,4.75]]}},{"type":"Feature","properties":{"level":1012},"geometry":{"type":"LineString","coordinates":[[-174.07,5.75],[-174.0,5.59],[-174.07,5.75]]}},{"type":"Feature","properties":{"level":1012},"geometry":{"type":"LineString","coordinates":[[-75.75,5.63],[-75.91,6.0],[-75.75,6.58],[-75.45,5.75],[-75.5,5.56],[-75.75,5.63]]}},{"type":"Feature","properties":{"level":1012},"geometry":{"type":"LineString","coordinates":[[96.5,5.68],[96.75,5.9],[96.99,5.75],[96.5,5.68]]}},{"type":"Feature","properties":{"level":1012},"geometry":{"type":"LineString","coordinates":[[97.25,5.64],[97.0,5.75],[97.25,6.12],[97.58,5.75],[97.25,5.64]]}},{"type":"Feature","properties":{"level":1012},"geometry":{"type":"LineString","coordinates":[[-151.26,6.0],[-151.0,6.38],[-151.75,6.65],[-151.94,6.5],[-151.75,6.17],[-151.26,6.0]]}},{"type":"Feature","properties":{"level":1012},"geometry":{"type":"LineString","coordinates":[[43.25,5.96],[43.25,6.12],[43.5,6.0],[43.25,5.96]]}},{"type":"Feature","properties":{"level":1012},"geometry":{"type":"LineString","coordinates":[[-140.75,6.25],[-140.67,6.5],[-140.19,6.5],[-140.35,6.25],[-140.75,6.25]]}},{"type":"Feature","properties":{"level":1012},"geometry":{"type":"LineString","coordinates":[[-132.5,6.23],[-132.5,6.5],[-132.5,6.23]]}},{"type":"Feature","properties":{"level":1012},"geometry":{"type":"LineString","coordinates":[[-134.25,6.32],[-134.84,7.25],[-134.75,7.51],[-134.5,7.55],[-134.05,6.75],[-134.25,6.32]]}},{"type":"Feature","properties":{"level":1012},"geometry":{"type":"LineString","coordinates":[[13.56,7.0],[14.25,6.84],[14.66,7.25],[14.15,7.5],[14.25,7.81],[14.0,7.76],[13.41,7.5],[13.56,7.0]]}},{"type":"Feature","properties":{"level":1012},"geometry":{"type":"LineString","coordinates":[[-8.53,7.5],[-8.5,7.7],[-8.53,7.5]]}},{"type":"Feature","properties":{"level":1012},"geometry":{"type":"LineString","coordinates":[[-72.03,7.75],[-71.0,8.11],[-69.79,9.5],[-69.84,9.75],[-70.25,9.82],[-70.5,9.44],[-71.25,9.09],[-72.3,8.0],[-72.03,7.75]]}},{"type":"Feature","properties":{"level":1012},"geometry":{"type":"LineString","coordinates":[[-30.0,7.64],[-30.19,8.0],[-30.0,8.41],[-29.68,7.75],[-30.0,7.64]]}},{"type":"Feature","properties":{"level":1012},"geometry":{"type":"LineString","coordinates":[[124.14,7.75],[124.5,7.52],[125.18,8.25],[125.0,8.42],[124.14,7.75]]}},{"type":"Feature","properties":{"level":1012},"geometry":{"type":"LineString","coordinates":[[-77.29,8.0],[-77.25,8.35],[-77.29,8.0]]}},{"type":"Feature","properties":{"level":1012},"geometry":{"type":"LineString","coordinates":[[-140.25,8.24],[-140.75,8.57],[-141.25,9.7],[-142.17,10.0],[-142.04,11.0],[-142.25,12.16],[-140.0,12.72],[-138.5,13.41],[-137.0,12.97],[-136.27,12.5],[-136.34,11.5],[-136.75,10.9],[-137.31,10.25],[-138.57,9.5],[-138.5,8.41],[-139.25,8.6],[-139.75,8.43],[-140.0,8.82],[-140.25,8.24]]}},{"type":"Feature","properties":{"level":1012},"geometry":{"type":"LineString","coordinates":[[-23.5,8.12],[-23.7,8.25],[-23.5,8.44],[-23.5,8.12]]}},{"type":"Feature","properties":{"level":1012},"geometry":{"type":"LineString","coordinates":[[-10.75,8.11],[-10.5,8.94],[-10.25,8.88],[-10.25,8.25],[-10.75,8.11]]}},{"type":"Feature","properties":{"level":1012},"geometry":{"type":"LineString","coordinates":[[99.73,8.25],[99.75,8.71],[99.5,8.93],[99.34,8.75],[99.73,8.25]]}},{"type":"Feature","properties":{"level":1012},"geometry":{"type":"LineString","coordinates":[[-22.75,8.32],[-22.95,8.5],[-22.75,8.97],[-22.57,8.5],[-22.75,8.32]]}},{"type":"Feature","properties":{"level":1012},"geometry":{"type":"LineString","coordinates":[[-82.87,8.75],[-82.03,8.75],[-83.25,9.85],[-84.3,10.25],[-84.07,9.5],[-82.87,8.75]]}},{"type":"Feature","properties":{"level":1012},"geometry":{"type":"LineString","coordinates":[[-36.0,8.58],[-36.0,8.78],[-36.0,8.58]]}},{"type":"Feature","properties":{"level":1012},"geometry":{"type":"LineString","coordinates":[[-27.0,8.68],[-27.0,8.92],[-26.78,8.75],[-27.0,8.68]]}},{"type":"Feature","properties":{"level":1012},"geometry":{"type":"LineString","coordinates":[[98.34,8.75],[98.5,8.51],[98.78,8.75],[98.75,10.02],[98.42,9.5],[98.34,8.75]]}},{"type":"Feature","properties":{"level":1012},"geometry":{"type":"LineString","coordinates":[[-22.25,8.79],[-22.4,9.0],[-22.25,9.16],[-21.97,9.0],[-22.25,8.79]]}},{"type":"Feature","properties":{"level":1012},"geometry":{"type":"LineString","coordinates":[[-12.0,8.81],[-12.67,9.5],[-12.6,10.0],[-11.96,9.75],[-12.0,8.81]]}},{"type":"Feature","properties":{"level":1012},"geometry":{"type":"LineString","coordinates":[[-73.38,9.25],[-73.25,9.15],[-72.65,10.0],[-72.46,11.0],[-73.0,10.67],[-72.86,11.0],[-73.25,11.32],[-74.0,11.46],[-74.35,11.0],[-74.17,10.5],[-73.75,10.2],[-73.23,10.5],[-73.38,9.25]]}},{"type":"Feature","properties":{"level":1012},"geometry":{"type":"LineString","coordinates":[[-27.25,9.21],[-27.61,9.75],[-27.0,10.25],[-27.07,10.75],[-26.5,11.01],[-26.0,11.8],[-25.75,11.28],[-25.65,11.75],[-25.0,12.05],[-24.5,11.99],[-24.05,11.5],[-23.5,11.33],[-23.0,11.7],[-23.0,12.09],[-22.31,12.5],[-21.5,11.9],[-21.25,12.49],[-21.0,12.35],[-20.96,13.0],[-21.39,14.5],[-21.0,15.16],[-20.5,15.28],[-20.09,16.5],[-19.7,16.75],[-19.25,17.65],[-18.74,17.25],[-18.0,17.08],[-15.75,18.03],[-15.25,17.64],[-14.75,17.74],[-14.25,17.34],[-13.75,17.29],[-13.5,17.0],[-12.79,17.0],[-12.63,15.25],[-12.8,14.5],[-12.32,14.25],[-12.07,13.75],[-12.22,13.25],[-12.0,12.83],[-11.5,13.06],[-11.17,12.5],[-11.75,12.48],[-12.0,12.71],[-13.0,12.49],[-13.5,12.12],[-13.71,12.5],[-14.0,12.53],[-14.5,11.92],[-14.75,12.37],[-15.0,11.67],[-16.0,10.94],[-17.0,10.65],[-18.75,11.03],[-19.75,10.27],[-21.25,10.23],[-20.75,10.58],[-21.75,11.03],[-21.75,10.19],[-22.5,10.64],[-23.5,10.84],[-23.75,10.28],[-24.0,10.46],[-24.18,10.25],[-24.01,9.75],[-24.25,9.55],[-25.5,10.04],[-25.25,9.39],[-27.25,9.21]]}},{"type":"Feature","properties":{"level":1012},"geometry":{"type":"LineString","coordinates":[[-20.0,9.14],[-20.0,9.34],[-19.5,9.42],[-19.0,9.88],[-18.75,9.71],[-18.5,9.99],[-18.17,9.75],[-18.5,9.3],[-20.0,9.14]]}},{"type":"Feature","properties":{"level":1012},"geometry":{"type":"LineString","coordinates":[[8.61,9.25],[9.0,9.05],[9.47,9.25],[9.52,9.5],[9.0,10.2],[8.55,9.75],[8.61,9.25]]}},{"type":"Feature","properties":{"level":1012},"geometry":{"type":"LineString","coordinates":[[-151.75,9.44],[-151.92,9.5],[-151.55,9.5],[-151.75,9.44]]}},{"type":"Feature","properties":{"level":1012},"geometry":{"type":"LineString","coordinates":[[-67.68,10.5],[-67.0,10.28],[-66.44,10.5],[-67.0,10.65],[-67.68,10.5]]}},{"type":"Feature","properties":{"level":1012},"geometry":{"type":"LineString","coordinates":[[107.66,11.25],[108.73,11.5],[109.21,12.75],[108.72,13.0],[108.99,13.5],[108.78,14.0],[108.89,14.5],[108.47,15.25],[107.98,15.5],[108.0,16.0],[106.75,16.44],[106.56,16.25],[106.81,15.25],[106.25,15.48],[106.03,15.25],[106.15,15.0],[107.15,15.0],[107.37,14.75],[106.87,14.5],[107.0,14.34],[107.5,14.25],[108.0,13.67],[108.5,13.69],[108.54,13.5],[108.05,13.25],[107.95,12.75],[107.09,12.5],[107.66,11.25]]}},{"type":"Feature","properties":{"level":1012},"geometry":{"type":"LineString","coordinates":[[-136.0,11.48],[-136.0,11.64],[-136.0,11.48]]}},{"type":"Feature","properties":{"level":1012},"geometry":{"type":"LineString","coordinates":[[103.18,11.75],[103.75,11.6],[103.88,12.0],[103.0,12.47],[102.75,12.25],[103.18,11.75]]}},{"type":"Feature","properties":{"level":1012},"geometry":{"type":"LineString","coordinates":[[-86.34,13.0],[-85.75,12.91],[-85.52,13.25],[-85.5,13.51],[-86.41,13.5],[-85.89,13.75],[-85.85,14.25],[-86.73,14.25],[-86.45,14.0],[-86.75,13.63],[-87.0,14.1],[-88.0,14.42],[-88.5,14.87],[-89.75,14.64],[-90.09,15.5],[-90.5,15.34],[-91.0,15.68],[-91.65,16.25],[-91.75,17.0],[-92.25,17.31],[-93.25,17.45],[-93.5,17.23],[-94.5,17.28],[-94.82,17.0],[-94.79,16.75],[-94.0,16.41],[-91.75,14.57],[-89.25,13.52],[-88.75,13.63],[-88.5,13.98],[-88.25,13.73],[-87.27,13.75],[-86.34,13.0]]}},{"type":"Feature","properties":{"level":1012},"geometry":{"type":"LineString","coordinates":[[-89.5,13.99],[-89.7,14.25],[-89.5,14.4],[-88.83,14.0],[-89.5,13.99]]}},{"type":"Feature","properties":{"level":1012},"geometry":{"type":"LineString","coordinates":[[-92.25,15.71],[-93.13,16.5],[-92.75,16.55],[-91.98,16.0],[-91.91,15.75],[-92.25,15.71]]}},{"type":"Feature","properties":{"level":1012},"geometry":{"type":"LineString","coordinates":[[120.6,16.5],[121.0,16.28],[121.27,17.0],[121.0,18.29],[120.6,16.5]]}},{"type":"Feature","properties":{"level":1012},"geometry":{"type":"LineString","coordinates":[[98.5,16.73],[98.5,16.95],[98.5,16.73]]}},{"type":"Feature","properties":{"level":1012},"geometry":{"type":"LineString","coordinates":[[22.25,17.69],[22.06,17.75],[22.1,18.5],[21.31,19.0],[21.75,19.18],[23.49,18.25],[23.56,18.0],[23.0,17.7],[22.25,17.69]]}},{"type":"Feature","properties":{"level":1012},"geometry":{"type":"LineString","coordinates":[[-95.04,18.25],[-94.82,18.5],[-95.25,18.62],[-95.04,18.25]]}},{"type":"Feature","properties":{"level":1012},"geometry":{"type":"LineString","coordinates":[[97.5,18.46],[97.24,19.0],[97.5,19.49],[97.75,19.51],[97.99,19.25],[97.5,18.46]]}},{"type":"Feature","properties":{"level":1012},"geometry":{"type":"LineString","coordinates":[[109.33,18.5],[110.0,18.63],[110.17,19.0],[109.75,19.29],[109.25,19.22],[108.94,18.75],[109.33,18.5]]}},{"type":"Feature","properties":{"level":1012},"geometry":{"type":"LineString","coordinates":[[102.0,19.74],[101.95,20.0],[102.75,21.11],[102.84,20.5],[102.0,19.74]]}},{"type":"Feature","properties":{"level":1012},"geometry":{"type":"LineString","coordinates":[[39.25,20.18],[38.75,20.94],[38.0,20.94],[37.92,21.75],[37.45,22.5],[36.44,23.0],[36.64,23.75],[37.25,24.61],[38.25,24.46],[38.5,24.78],[39.0,23.81],[39.0,23.35],[39.25,23.3],[39.23,21.25],[39.76,20.5],[39.25,20.18]]}},{"type":"Feature","properties":{"level":1012},"geometry":{"type":"LineString","coordinates":[[105.25,20.14],[105.59,20.25],[105.25,20.14]]}},{"type":"Feature","properties":{"level":1012},"geometry":{"type":"LineString","coordinates":[[56.0,21.16],[54.5,21.62],[54.41,22.0],[56.0,22.32],[56.75,22.18],[57.21,21.75],[57.04,21.25],[56.0,21.16]]}},{"type":"Feature","properties":{"level":1012},"geometry":{"type":"LineString","coordinates":[[37.0,21.38],[36.71,21.75],[37.0,22.11],[37.2,21.75],[37.0,21.38]]}},{"type":"Feature","properties":{"level":1012},"geometry":{"type":"LineString","coordinates":[[73.25,22.21],[73.25,22.83],[73.25,22.21]]}},{"type":"Feature","properties":{"level":1012},"geometry":{"type":"LineString","coordinates":[[-13.97,22.5],[-13.5,22.38],[-13.25,22.59],[-13.0,22.36],[-12.5,23.44],[-13.25,23.45],[-13.97,22.5]]}},{"type":"Feature","properties":{"level":1012},"geometry":{"type":"LineString","coordinates":[[-12.38,22.5],[-12.0,22.27],[-11.82,22.5],[-12.25,22.82],[-12.38,22.5]]}},{"type":"Feature","properties":{"level":1012},"geometry":{"type":"LineString","coordinates":[[55.75,22.69],[55.52,23.0],[56.51,23.25],[56.46,22.75],[55.75,22.69]]}},{"type":"Feature","properties":{"level":1012},"geometry":{"type":"LineString","coordinates":[[72.25,22.52],[72.25,23.07],[72.25,22.52]]}},{"type":"Feature","properties":{"level":1012},"geometry":{"type":"LineString","coordinates":[[-9.36,23.0],[-8.83,23.25],[-9.5,23.75],[-9.67,23.5],[-9.36,23.0]]}},{"type":"Feature","properties":{"level":1012},"geometry":{"type":"LineString","coordinates":[[-12.86,23.75],[-12.68,23.75],[-12.75,23.96],[-12.86,23.75]]}},{"type":"Feature","properties":{"level":1012},"geometry":{"type":"LineString","coordinates":[[-8.66,23.75],[-8.5,23.58],[-8.24,23.75],[-8.66,23.75]]}},{"type":"Feature","properties":{"level":1012},"geometry":{"type":"LineString","coordinates":[[-9.56,24.25],[-9.5,24.42],[-9.56,24.25]]}},{"type":"Feature","properties":{"level":1012},"geometry":{"type":"LineString","coordinates":[[-10.28,24.5],[-9.92,24.5],[-10.28,24.5]]}},{"type":"Feature","properties":{"level":1012},"geometry":{"type":"LineString","coordinates":[[-5.75,24.3],[-6.0,24.5],[-5.5,24.81],[-4.94,24.5],[-5.75,24.3]]}},{"type":"Feature","properties":{"level":1012},"geometry":{"type":"LineString","coordinates":[[38.75,25.23],[38.17,25.5],[38.25,25.91],[38.82,25.75],[38.75,25.23]]}},{"type":"Feature","properties":{"level":1012},"geometry":{"type":"LineString","coordinates":[[-97.75,25.83],[-97.93,26.25],[-97.5,26.49],[-97.39,26.0],[-97.75,25.83]]}},{"type":"Feature","properties":{"level":1012},"geometry":{"type":"LineString","coordinates":[[-14.25,26.0],[-13.75,26.2],[-13.0,26.08],[-12.5,26.9],[-12.25,26.33],[-12.02,26.5],[-12.09,26.75],[-12.25,27.04],[-12.75,27.08],[-13.5,26.86],[-14.06,26.5],[-14.25,26.0]]}},{"type":"Feature","properties":{"level":1012},"geometry":{"type":"LineString","coordinates":[[96.25,26.24],[96.5,26.63],[96.84,26.5],[96.75,26.01],[96.25,26.24]]}},{"type":"Feature","properties":{"level":1012},"geometry":{"type":"LineString","coordinates":[[59.75,26.65],[58.01,27.25],[57.75,28.55],[58.25,28.11],[60.25,27.73],[60.97,27.25],[60.75,26.97],[59.75,26.65]]}},{"type":"Feature","properties":{"level":1012},"geometry":{"type":"LineString","coordinates":[[-180.0,27.41],[-179.25,27.45],[-177.32,26.75],[-176.11,25.75],[-175.57,24.75],[-174.74,21.0],[-174.89,19.75],[-174.73,19.0],[-174.03,18.5],[-174.04,16.5],[-174.38,15.25],[-173.71,14.0],[-173.25,14.04],[-172.75,13.69],[-171.5,14.32],[-170.75,12.57],[-170.25,12.51],[-169.75,11.91],[-169.25,11.93],[-168.0,10.77],[-167.25,10.85],[-166.75,10.64],[-165.75,10.78],[-165.25,11.13],[-163.75,10.75],[-163.25,11.11],[-161.75,10.94],[-161.0,10.58],[-159.04,10.5],[-158.5,10.1],[-157.75,9.98],[-153.99,11.5],[-153.78,11.75],[-154.69,12.5],[-154.8,13.0],[-153.43,14.25],[-152.5,14.47],[-151.82,14.0],[-151.7,13.5],[-152.19,12.0],[-152.94,11.25],[-152.0,10.75],[-152.25,10.58],[-152.59,9.25],[-152.0,8.72],[-151.37,8.75],[-151.41,8.25],[-150.64,7.25],[-150.79,7.0],[-151.48,7.0],[-151.58,6.75],[-150.25,6.57],[-149.5,7.04],[-148.94,6.75],[-148.96,6.5],[-150.41,5.25],[-150.71,4.0],[-151.25,3.98],[-151.5,3.57],[-152.0,3.87],[-152.75,3.54],[-153.5,4.33],[-153.75,4.09],[-154.97,4.0],[-154.91,3.75],[-155.49,3.5],[-154.98,3.0],[-155.56,2.75],[-155.25,2.6],[-154.75,2.89],[-154.37,2.5],[-154.75,2.24],[-155.75,2.59],[-156.0,2.23],[-157.25,2.42],[-158.0,2.78],[-158.25,2.08],[-158.6,2.5],[-159.5,2.58],[-159.64,2.5],[-159.18,2.25],[-159.75,2.35],[-160.32,1.5],[-161.0,1.36],[-161.5,0.92],[-163.0,1.1],[-163.8,0.75],[-163.75,0.43],[-164.75,-0.25],[-164.67,0.0],[-165.0,0.18],[-165.1,0.75],[-165.46,1.0],[-165.04,1.25],[-165.25,1.37],[-165.75,-0.09],[-166.22,0.25],[-166.25,0.52],[-166.5,0.34],[-167.0,0.58],[-167.17,0.25],[-166.83,-0.75],[-166.5,-0.65],[-166.0,-0.88],[-165.5,-2.5],[-165.25,-2.56],[-164.75,-1.83],[-164.25,-1.89],[-163.62,-2.5],[-163.93,-2.75],[-163.36,-3.5],[-163.65,-4.0],[-164.5,-4.11],[-165.93,-5.5],[-167.0,-6.09],[-168.75,-6.62],[-169.5,-7.87],[-170.53,-8.5],[-170.75,-9.27],[-172.25,-9.37],[-174.0,-8.67],[-177.0,-8.96],[-177.25,-8.42],[-177.5,-8.75],[-177.55,-8.25],[-178.25,-7.98],[-179.0,-8.24],[-179.22,-8.75],[-180.0,-8.61]]}},{"type":"Feature","properties":{"level":1012},"geometry":{"type":"LineString","coordinates":[[59.0,28.64],[58.82,29.25],[57.75,30.45],[57.75,31.18],[58.5,31.22],[59.75,29.62],[59.75,28.66],[59.0,28.64]]}},{"type":"Feature","properties":{"level":1012},"geometry":{"type":"LineString","coordinates":[[50.5,29.4],[50.09,30.0],[50.31,30.0],[50.5,29.4]]}},{"type":"Feature","properties":{"level":1012},"geometry":{"type":"LineString","coordinates":[[-119.25,35.16],[-119.99,35.75],[-120.33,36.5],[-121.61,38.0],[-121.46,38.5],[-121.75,38.75],[-121.75,39.41],[-121.5,39.45],[-121.0,38.87],[-120.37,37.5],[-119.0,36.29],[-118.74,35.25],[-119.25,35.16]]}},{"type":"Feature","properties":{"level":1012},"geometry":{"type":"LineString","coordinates":[[130.0,35.48],[129.5,36.02],[129.25,36.79],[127.96,38.0],[127.75,38.62],[127.0,38.92],[126.5,38.38],[125.5,38.37],[124.7,38.75],[124.58,39.25],[124.75,39.82],[126.5,40.97],[127.0,40.81],[127.25,40.34],[127.5,41.07],[127.75,41.22],[128.25,41.04],[129.48,42.0],[129.13,42.5],[130.5,42.99],[132.0,42.15],[133.03,41.0],[133.3,40.25],[133.21,38.75],[133.87,38.0],[133.24,37.25],[133.15,36.75],[132.39,36.25],[132.0,35.56],[131.75,35.79],[130.0,35.48]]}},{"type":"Feature","properties":{"level":1012},"geometry":{"type":"LineString","coordinates":[[125.5,37.65],[125.31,37.75],[125.5,37.87],[125.65,37.75],[125.5,37.65]]}},{"type":"Feature","properties":{"level":1012},"geometry":{"type":"LineString","coordinates":[[81.75,43.45],[79.75,43.68],[79.39,44.0],[79.75,44.35],[80.75,44.37],[83.22,43.5],[82.5,43.29],[81.75,43.45]]}},{"type":"Feature","properties":{"level":1012},"geometry":{"type":"LineString","coordinates":[[79.75,45.64],[79.08,46.5],[79.28,47.0],[78.96,47.5],[79.75,47.8],[79.81,48.25],[80.5,48.8],[80.54,49.25],[79.5,48.75],[78.75,49.03],[77.25,48.57],[77.25,49.09],[77.75,49.25],[78.41,50.0],[77.75,50.0],[77.0,50.45],[75.75,50.64],[75.32,51.0],[75.25,51.55],[74.75,51.96],[74.25,51.9],[73.5,52.34],[72.0,52.7],[70.5,52.51],[68.0,50.88],[67.25,50.91],[66.25,50.29],[64.25,49.87],[58.0,49.96],[55.5,50.7],[54.56,51.25],[52.46,53.75],[51.99,57.0],[52.14,57.75],[53.25,59.14],[56.0,60.94],[58.75,61.64],[59.75,61.44],[62.25,62.35],[65.5,62.8],[70.25,62.74],[74.32,62.25],[76.66,61.75],[81.42,60.25],[83.25,59.16],[84.73,57.75],[85.97,56.0],[85.9,55.5],[86.68,54.75],[85.73,53.75],[86.17,53.25],[85.88,52.25],[83.0,51.0],[83.19,50.25],[82.67,49.5],[80.79,48.5],[81.5,48.38],[81.57,48.0],[82.25,47.5],[82.05,47.25],[82.5,46.95],[83.53,46.75],[83.69,46.5],[83.55,46.25],[82.25,45.61],[81.25,45.8],[80.25,45.51],[79.75,45.64]]}},{"type":"Feature","properties":{"level":1012},"geometry":{"type":"LineString","coordinates":[[180.0,46.92],[167.5,49.72],[157.25,51.2],[156.75,51.88],[153.75,52.9],[150.0,53.42],[146.75,53.54],[141.0,52.23],[140.5,52.72],[139.76,52.5],[139.5,51.98],[137.25,52.42],[136.94,52.25],[136.79,51.75],[136.0,51.4],[135.24,52.5],[135.43,52.75],[134.5,53.86],[130.25,53.78],[130.05,53.5],[130.33,53.0],[129.78,52.25],[128.25,51.28],[127.0,50.87],[125.25,51.09],[124.65,51.75],[122.25,52.25],[120.75,51.92],[117.25,52.58],[116.75,52.4],[116.3,53.0],[117.0,53.5],[116.41,54.0],[116.5,54.45],[116.0,54.03],[115.69,55.0],[114.83,55.25],[114.71,56.0],[115.5,56.17],[115.67,55.5],[116.0,55.06],[116.25,55.08],[116.86,55.25],[116.18,55.5],[116.42,56.0],[116.9,56.25],[116.25,56.63],[115.5,56.7],[115.25,57.0],[116.82,57.0],[116.13,57.5],[116.33,57.75],[117.39,58.0],[117.5,58.41],[118.25,57.75],[119.75,58.0],[120.0,57.98],[120.01,57.75],[120.71,57.75],[120.01,58.0],[121.4,58.25],[120.98,58.75],[119.5,59.23],[118.25,59.34],[115.03,60.5],[107.5,62.16],[98.19,65.0],[97.04,65.5],[97.0,65.72],[95.75,65.71],[94.91,66.25],[94.85,66.75],[94.46,66.75],[94.61,67.25],[94.06,67.75],[93.94,68.25],[94.25,68.67],[95.0,68.1],[98.5,69.0],[95.0,69.34],[93.75,68.95],[92.25,69.35],[91.97,69.0],[92.36,68.5],[92.75,68.55],[93.25,67.93],[93.91,67.75],[93.5,67.48],[87.25,67.63],[85.42,68.0],[82.02,69.5],[81.54,69.75],[81.47,70.25],[81.05,70.75],[75.92,72.75],[74.25,73.07],[71.75,72.76],[70.5,72.16],[67.5,71.49],[53.0,69.05],[49.75,68.31],[41.25,65.37],[40.0,64.57],[37.25,63.56],[32.0,62.51],[28.25,61.33],[26.54,61.5],[25.75,62.06],[25.25,62.82],[24.5,63.15],[20.25,62.62],[17.5,61.8],[13.5,61.15],[10.5,61.32],[10.3,61.0],[9.5,60.74],[8.29,61.0],[8.0,61.48],[7.5,61.61],[5.5,60.49],[2.5,59.55],[-2.21,58.75],[-4.75,58.01],[-5.25,58.23],[-7.0,57.95],[-19.5,54.92],[-23.25,54.36],[-39.0,55.33],[-46.25,55.48],[-52.5,56.35],[-57.75,57.61],[-62.25,57.58],[-63.47,58.0],[-64.25,58.97],[-65.0,59.11],[-73.25,58.78],[-78.0,59.12],[-81.0,59.55],[-84.47,60.75],[-86.39,61.75],[-87.68,62.75],[-89.22,64.25],[-89.96,65.75],[-91.73,67.25],[-94.75,68.75],[-96.25,69.83],[-97.5,71.99],[-98.7,73.25],[-98.63,74.0],[-99.05,75.0],[-98.58,75.5],[-98.83,75.75],[-98.43,76.5],[-100.09,78.25],[-100.09,78.5],[-99.5,79.75],[-97.3,80.75],[-97.25,81.0],[-96.22,81.75],[-94.5,82.36],[-91.0,83.03],[-81.18,84.25],[-75.8,85.25],[-73.28,86.0],[-70.56,87.25],[-67.25,88.13],[-57.5,89.11],[-44.25,89.57],[-25.25,89.75],[74.0,89.69],[90.75,89.43],[98.69,89.0],[100.97,88.5],[104.35,86.75],[106.97,85.75],[113.0,85.12],[130.75,84.62],[144.75,84.98],[148.19,84.75],[153.0,83.62],[153.6,83.0],[153.48,82.25],[153.67,82.0],[157.41,80.25],[167.53,78.0],[176.17,76.75],[180.0,76.47]]}},{"type":"Feature","properties":{"level":1012},"geometry":{"type":"LineString","coordinates":[[-82.5,47.22],[-82.92,47.5],[-83.06,48.25],[-84.5,48.79],[-84.75,49.29],[-86.66,50.25],[-87.71,52.5],[-87.68,53.5],[-87.4,54.25],[-84.75,55.88],[-81.5,56.72],[-78.25,56.71],[-76.0,56.36],[-75.48,56.0],[-75.74,55.5],[-75.64,55.25],[-74.94,54.75],[-75.17,54.25],[-75.11,52.75],[-75.49,51.0],[-76.0,50.15],[-77.5,48.74],[-80.0,47.42],[-82.5,47.22]]}},{"type":"Feature","properties":{"level":1012},"geometry":{"type":"LineString","coordinates":[[83.75,47.23],[82.75,47.52],[82.75,47.84],[83.26,48.0],[83.5,48.57],[83.78,48.5],[84.07,47.5],[83.75,47.23]]}},{"type":"Feature","properties":{"level":1012},"geometry":{"type":"LineString","coordinates":[[84.25,48.07],[84.05,48.25],[84.5,48.51],[84.5,48.11],[84.25,48.07]]}},{"type":"Feature","properties":{"level":1012},"geometry":{"type":"LineString","coordinates":[[-131.81,55.0],[-131.25,55.0],[-131.24,55.25],[-131.81,55.0]]}},{"type":"Feature","properties":{"level":1012},"geometry":{"type":"LineString","coordinates":[[99.67,68.75],[100.5,68.88],[101.75,68.63],[102.44,69.75],[103.75,70.2],[105.25,69.51],[106.22,69.75],[106.31,70.5],[105.74,70.75],[105.29,71.5],[105.76,72.0],[103.86,72.5],[104.42,73.0],[104.33,73.75],[105.07,74.25],[106.15,74.5],[105.85,74.75],[106.75,74.69],[108.3,75.0],[108.0,75.28],[110.58,75.5],[109.75,75.88],[108.0,75.94],[107.85,76.0],[108.24,76.25],[106.44,76.5],[105.75,76.86],[103.0,77.09],[99.0,76.34],[94.25,76.3],[89.5,75.87],[87.0,75.4],[85.91,74.75],[86.45,73.5],[85.86,73.25],[86.0,73.18],[88.75,72.22],[96.88,70.75],[96.8,70.25],[99.68,69.0],[99.67,68.75]]}},{"type":"Feature","properties":{"level":1012},"geometry":{"type":"LineString","coordinates":[[-43.4,70.25],[-42.5,70.13],[-40.75,70.94],[-36.5,70.33],[-32.75,70.81],[-32.09,71.25],[-32.55,72.0],[-32.21,72.5],[-31.49,73.25],[-29.5,74.47],[-28.81,75.25],[-32.54,75.75],[-31.0,76.16],[-29.25,76.2],[-28.73,76.5],[-30.75,76.79],[-35.5,76.48],[-36.14,76.75],[-34.47,77.5],[-35.75,77.82],[-39.25,77.46],[-38.36,78.0],[-39.25,78.45],[-41.25,78.75],[-43.75,78.77],[-45.75,78.0],[-46.54,77.5],[-44.0,77.59],[-44.06,77.25],[-43.15,77.0],[-43.36,76.5],[-42.88,76.25],[-43.71,76.0],[-43.56,75.75],[-42.5,75.78],[-40.5,75.29],[-37.75,75.44],[-37.54,75.25],[-37.86,75.0],[-38.08,74.25],[-38.98,73.5],[-38.85,73.25],[-37.75,72.98],[-37.64,72.75],[-39.0,72.3],[-41.7,72.25],[-42.0,71.83],[-44.5,71.86],[-45.34,71.5],[-45.43,71.25],[-45.11,70.75],[-43.4,70.25]]}},{"type":"Feature","properties":{"level":1012},"geometry":{"type":"LineString","coordinates":[[105.0,74.72],[104.84,74.75],[105.21,74.75],[105.0,74.72]]}},{"type":"Feature","properties":{"level":1012},"geometry":{"type":"LineString","coordinates":[[-180.0,76.47],[-172.5,76.52],[-164.0,78.43],[-155.25,79.31],[-147.5,79.29],[-142.0,78.52],[-140.5,77.99],[-139.52,77.25],[-139.42,75.75],[-140.3,74.0],[-140.17,73.5],[-137.8,72.75],[-133.5,72.06],[-126.63,70.5],[-123.87,69.25],[-121.16,67.25],[-120.0,66.74],[-119.0,65.75],[-118.57,64.0],[-118.76,63.75],[-118.19,63.0],[-118.08,62.25],[-118.71,62.0],[-117.99,61.75],[-117.34,60.5],[-118.39,59.5],[-117.99,59.0],[-118.01,58.25],[-117.64,57.75],[-118.5,56.81],[-120.09,56.5],[-120.0,56.19],[-119.35,56.0],[-120.25,55.54],[-120.75,55.55],[-121.25,55.14],[-122.98,56.0],[-122.84,56.25],[-123.25,56.12],[-123.73,57.0],[-124.55,57.25],[-124.27,57.5],[-125.66,58.0],[-126.25,57.78],[-125.72,57.25],[-126.25,57.11],[-127.25,57.37],[-129.5,57.07],[-130.5,57.17],[-131.05,56.75],[-130.27,56.25],[-130.92,56.0],[-130.34,54.5],[-130.98,53.75],[-131.08,53.0],[-131.5,52.6],[-132.0,52.59],[-133.0,52.19],[-133.45,51.75],[-135.25,51.28],[-136.25,50.76],[-141.25,49.87],[-150.25,47.58],[-153.5,47.15],[-156.0,47.35],[-168.0,46.39],[-174.25,46.4],[-180.0,46.92]]}},{"type":"Feature","properties":{"level":1012},"geometry":{"type":"LineString","coordinates":[[102.36,78.75],[103.84,78.75],[102.36,78.75]]}},{"type":"Feature","properties":{"level":1012},"geometry":{"type":"LineString","coordinates":[[98.36,79.0],[99.41,79.0],[99.27,79.25],[99.63,79.5],[98.75,79.38],[98.25,79.71],[97.5,79.44],[97.34,79.5],[97.69,79.75],[97.25,79.91],[95.72,79.75],[96.75,79.15],[98.36,79.0]]}},{"type":"Feature","properties":{"level":1012},"geometry":{"type":"LineString","coordinates":[[94.82,79.25],[95.27,79.25],[94.82,79.25]]}},{"type":"Feature","properties":{"level":1012},"geometry":{"type":"LineString","coordinates":[[-36.72,80.25],[-35.32,80.25],[-36.72,80.25]]}},{"type":"Feature","properties":{"level":1012},"geometry":{"type":"LineString","coordinates":[[-95.47,80.5],[-94.36,80.5],[-93.73,80.75],[-95.86,80.75],[-95.47,80.5]]}},{"type":"Feature","properties":{"level":1016},"geometry":{"type":"LineString","coordinates":[[-1.9,-89.5],[62.0,-89.49],[94.42,-88.75],[94.81,-88.5],[94.13,-88.25],[79.5,-88.08],[77.36,-88.0],[76.6,-87.75],[98.5,-86.5],[103.46,-86.0],[105.31,-85.5],[106.19,-85.0],[113.2,-83.0],[112.31,-82.5],[112.86,-82.0],[112.71,-81.5],[113.82,-80.0],[114.7,-79.5],[123.1,-78.0],[139.64,-76.5],[141.58,-76.0],[142.42,-75.25],[142.61,-74.75],[142.31,-74.25],[139.75,-73.28],[139.6,-72.75],[138.5,-72.37],[138.0,-72.31],[136.75,-72.74],[134.5,-72.61],[132.75,-72.25],[130.78,-71.5],[128.25,-71.47],[126.0,-71.75],[124.47,-73.0],[121.5,-73.04],[118.75,-72.77],[113.0,-71.62],[108.0,-70.21],[98.0,-70.28],[97.26,-69.75],[96.25,-69.79],[92.25,-70.92],[89.38,-71.25],[86.99,-72.25],[86.65,-72.5],[86.92,-73.0],[86.16,-73.75],[85.97,-74.75],[86.07,-76.5],[84.29,-77.25],[81.5,-77.77],[73.0,-78.39],[71.0,-78.97],[64.0,-79.49],[59.32,-78.75],[57.02,-78.0],[56.66,-77.5],[56.51,-76.25],[56.82,-75.0],[56.44,-74.75],[56.6,-73.5],[56.89,-73.0],[56.72,-71.75],[56.28,-71.25],[53.5,-70.99],[43.0,-72.78],[35.25,-73.68],[32.0,-73.77],[26.5,-73.34],[24.0,-73.66],[17.5,-73.9],[13.75,-73.73],[11.25,-74.05],[5.5,-75.46],[4.19,-76.0],[4.01,-76.5],[4.25,-76.75],[2.67,-77.5],[1.76,-78.25],[4.64,-79.0],[6.0,-79.97],[6.86,-80.25],[6.73,-80.5],[15.44,-81.25],[5.75,-81.1],[0.0,-81.39],[-5.25,-81.11],[-7.1,-81.5],[-16.25,-82.27],[-28.25,-82.72],[-32.23,-83.25],[-36.29,-84.25],[-36.98,-84.75],[-38.0,-84.96],[-58.25,-85.88],[-62.54,-86.5],[-67.61,-87.5],[-67.82,-87.75],[-51.89,-88.0],[-32.75,-89.18],[-1.9,-89.5]]}},{"type":"Feature","properties":{"level":1016},"geometry":{"type":"LineString","coordinates":[[-9.95,-81.0],[-7.61,-81.0],[-9.95,-81.0]]}},{"type":"Feature","properties":{"level":1016},"geometry":{"type":"LineString","coordinates":[[-180.0,-55.21],[-178.0,-55.14],[-175.75,-54.74],[-173.0,-53.78],[-171.75,-53.1],[-167.57,-50.0],[-165.25,-46.5],[-161.5,-44.0],[-151.5,-40.14],[-148.97,-39.5],[-135.75,-35.17],[-132.75,-34.9],[-130.25,-34.98],[-116.75,-37.05],[-110.0,-37.32],[-105.0,-36.08],[-102.75,-35.16],[-102.09,-34.5],[-102.36,-34.0],[-102.21,-33.75],[-101.48,-33.5],[-101.33,-33.0],[-100.69,-32.5],[-100.5,-31.77],[-100.0,-32.55],[-99.04,-32.0],[-98.64,-31.25],[-96.75,-30.94],[-95.41,-30.25],[-94.75,-29.62],[-92.5,-29.08],[-89.0,-29.16],[-85.75,-31.0],[-85.02,-31.75],[-85.18,-32.25],[-84.72,-33.0],[-83.25,-34.03],[-82.0,-36.85],[-81.2,-37.75],[-80.47,-38.0],[-79.98,-38.5],[-78.75,-38.57],[-77.75,-39.1],[-75.25,-39.61],[-73.75,-40.31],[-72.5,-39.72],[-72.29,-40.25],[-72.5,-40.5],[-72.25,-40.78],[-71.92,-40.5],[-72.16,-40.25],[-71.38,-39.5],[-71.48,-38.5],[-71.0,-38.1],[-71.07,-36.75],[-70.5,-36.74],[-70.41,-36.5],[-70.42,-34.75],[-70.01,-34.5],[-69.8,-34.0],[-69.81,-32.5],[-70.07,-32.0],[-69.95,-30.75],[-69.34,-28.75],[-68.47,-27.75],[-68.07,-26.75],[-68.23,-25.75],[-67.95,-25.5],[-68.31,-24.75],[-67.5,-23.93],[-67.24,-22.5],[-67.76,-21.75],[-68.3,-21.5],[-69.11,-18.25],[-70.5,-16.54],[-70.85,-17.0],[-70.75,-17.26],[-70.14,-17.5],[-70.11,-18.0],[-69.28,-19.5],[-69.0,-21.9],[-68.75,-22.02],[-68.5,-21.81],[-67.92,-23.5],[-68.25,-24.09],[-69.3,-25.0],[-69.7,-27.0],[-70.91,-29.75],[-70.88,-30.75],[-71.25,-32.17],[-71.75,-30.49],[-72.16,-30.25],[-73.0,-28.5],[-72.75,-28.38],[-72.64,-27.75],[-71.94,-27.5],[-71.67,-26.25],[-71.75,-25.31],[-71.5,-25.43],[-71.0,-25.17],[-70.5,-25.52],[-70.43,-24.5],[-70.5,-24.17],[-71.0,-24.28],[-71.75,-23.97],[-71.75,-23.62],[-70.96,-23.75],[-71.42,-23.0],[-71.41,-21.5],[-73.2,-18.75],[-74.0,-17.98],[-75.5,-17.53],[-75.75,-17.11],[-76.5,-16.85],[-78.25,-15.5],[-79.97,-14.75],[-82.25,-13.33],[-85.0,-12.48],[-86.25,-11.85],[-89.25,-11.61],[-91.25,-11.71],[-94.25,-11.01],[-97.0,-9.74],[-101.5,-9.37],[-102.25,-9.56],[-104.0,-9.49],[-107.0,-10.53],[-108.5,-10.63],[-109.13,-11.0],[-109.25,-11.57],[-109.5,-11.54],[-109.9,-12.0],[-112.0,-12.82],[-113.25,-12.4],[-113.75,-12.49],[-114.75,-11.97],[-115.25,-12.28],[-116.25,-11.59],[-116.5,-12.03],[-118.0,-11.57],[-119.5,-11.63],[-120.0,-11.38],[-120.75,-11.57],[-121.5,-11.0],[-122.25,-11.24],[-123.0,-10.87],[-123.74,-11.0],[-123.25,-12.24],[-122.25,-12.71],[-122.14,-13.0],[-122.5,-13.57],[-123.06,-13.75],[-122.5,-13.87],[-122.17,-14.5],[-122.5,-15.37],[-122.92,-15.25],[-122.25,-17.75],[-122.32,-18.0],[-122.75,-18.13],[-123.36,-18.0],[-125.25,-16.82],[-128.25,-16.69],[-129.5,-16.17],[-131.0,-15.89],[-132.75,-15.96],[-135.75,-15.45],[-137.75,-15.62],[-142.25,-14.91],[-143.25,-15.06],[-149.5,-14.09],[-150.25,-13.74],[-153.75,-13.52],[-156.0,-13.63],[-157.5,-14.09],[-158.25,-13.92],[-159.5,-14.2],[-163.5,-14.12],[-166.25,-14.85],[-170.25,-16.79],[-171.0,-16.6],[-172.0,-16.97],[-174.0,-16.5],[-175.75,-16.51],[-176.5,-16.98],[-177.63,-17.0],[-178.25,-17.35],[-178.75,-17.13],[-179.0,-17.58],[-180.0,-17.47]]}},{"type":"Feature","properties":{"level":1016},"geometry":{"type":"LineString","coordinates":[[-103.0,-34.83],[-103.0,-34.66],[-103.0,-34.83]]}},{"type":"Feature","properties":{"level":1016},"geometry":{"type":"LineString","coordinates":[[20.0,-34.06],[20.0,-33.85],[20.34,-34.0],[20.0,-34.06]]}},{"type":"Feature","properties":{"level":1016},"geometry":{"type":"LineString","coordinates":[[19.5,-33.81],[19.5,-33.65],[19.9,-33.75],[19.5,-33.81]]}},{"type":"Feature","properties":{"level":1016},"geometry":{"type":"LineString","coordinates":[[-70.75,-33.69],[-71.21,-33.25],[-71.22,-32.5],[-71.0,-32.19],[-70.63,-32.75],[-70.75,-33.69]]}},{"type":"Feature","properties":{"level":1016},"geometry":{"type":"LineString","coordinates":[[-102.0,-33.43],[-102.0,-33.21],[-102.0,-33.43]]}},{"type":"Feature","properties":{"level":1016},"geometry":{"type":"LineString","coordinates":[[-100.96,-33.25],[-100.75,-33.3],[-100.75,-33.12],[-100.96,-33.25]]}},{"type":"Feature","properties":{"level":1016},"geometry":{"type":"LineString","coordinates":[[68.25,-30.02],[67.57,-29.75],[67.64,-29.0],[68.25,-28.59],[68.75,-28.63],[69.09,-29.0],[69.05,-29.5],[68.25,-30.02]]}},{"type":"Feature","properties":{"level":1016},"geometry":{"type":"LineString","coordinates":[[138.0,-26.96],[137.7,-26.5],[138.0,-26.31],[138.21,-26.5],[138.0,-26.96]]}},{"type":"Feature","properties":{"level":1016},"geometry":{"type":"LineString","coordinates":[[-113.75,-23.55],[-113.75,-23.28],[-113.5,-23.46],[-113.75,-23.55]]}},{"type":"Feature","properties":{"level":1016},"geometry":{"type":"LineString","coordinates":[[-116.0,-22.5],[-116.85,-22.0],[-117.0,-21.53],[-119.25,-21.05],[-121.0,-20.37],[-121.66,-19.5],[-121.43,-19.0],[-121.65,-18.5],[-121.25,-18.44],[-118.48,-19.5],[-115.55,-22.0],[-115.5,-22.5],[-116.0,-22.5]]}},{"type":"Feature","properties":{"level":1016},"geometry":{"type":"LineString","coordinates":[[-70.35,-22.5],[-70.25,-21.84],[-70.35,-22.5]]}},{"type":"Feature","properties":{"level":1016},"geometry":{"type":"LineString","coordinates":[[-42.0,-20.5],[-41.0,-20.56],[-40.53,-20.0],[-40.75,-19.77],[-41.5,-19.84],[-42.0,-19.56],[-42.16,-19.75],[-42.0,-20.5]]}},{"type":"Feature","properties":{"level":1016},"geometry":{"type":"LineString","coordinates":[[-70.47,-20.25],[-70.25,-20.5],[-70.25,-19.13],[-70.66,-19.5],[-70.47,-20.25]]}},{"type":"Feature","properties":{"level":1016},"geometry":{"type":"LineString","coordinates":[[180.0,-17.47],[179.5,-17.07],[179.25,-17.58],[178.25,-17.29],[177.75,-17.39],[177.35,-17.75],[178.08,-18.5],[178.0,-18.72],[177.25,-18.64],[175.75,-19.13],[173.25,-19.02],[171.75,-19.5],[171.0,-20.35],[170.0,-20.32],[169.25,-20.72],[168.25,-20.46],[166.0,-20.54],[164.5,-20.33],[164.35,-20.5],[164.5,-21.13],[164.0,-21.21],[162.0,-20.52],[160.0,-20.5],[159.25,-20.19],[157.0,-19.95],[155.0,-20.01],[152.25,-19.28],[147.5,-17.29],[146.5,-17.23],[145.25,-15.76],[144.75,-15.71],[144.33,-16.0],[144.72,-16.5],[144.64,-17.5],[144.5,-17.83],[144.08,-17.75],[143.96,-18.25],[143.59,-18.5],[143.42,-19.5],[144.4,-20.5],[145.0,-22.1],[144.99,-23.5],[145.55,-24.5],[145.1,-24.75],[145.3,-25.25],[144.75,-24.88],[141.5,-24.34],[141.04,-25.0],[141.55,-25.75],[141.6,-26.25],[140.5,-27.25],[139.84,-27.0],[139.5,-26.48],[139.2,-26.75],[139.23,-27.5],[138.75,-27.82],[138.75,-27.47],[139.24,-27.25],[138.4,-26.25],[138.25,-25.47],[137.75,-25.8],[137.5,-26.37],[137.0,-26.26],[137.1,-25.5],[136.75,-24.3],[136.5,-24.57],[136.0,-24.3],[135.75,-24.71],[135.08,-24.0],[135.0,-23.34],[134.5,-23.14],[134.31,-23.25],[134.25,-24.0],[134.0,-23.41],[133.75,-23.56],[132.5,-23.4],[131.5,-24.23],[131.0,-24.18],[130.81,-24.75],[130.5,-24.92],[128.75,-24.61],[128.0,-24.97],[127.5,-24.51],[127.25,-24.66],[126.0,-24.18],[123.75,-24.18],[123.0,-24.42],[121.75,-24.24],[121.85,-24.5],[121.5,-24.74],[120.25,-24.39],[119.24,-24.75],[119.5,-25.01],[116.5,-25.29],[116.0,-25.53],[115.25,-25.06],[115.3,-24.75],[113.55,-22.0],[113.1,-20.5],[113.38,-19.0],[111.5,-16.55],[110.75,-15.85],[108.0,-15.21],[105.63,-13.75],[103.75,-12.99],[102.0,-13.14],[101.25,-12.98],[99.75,-13.47],[97.75,-13.07],[94.5,-12.84],[90.75,-13.77],[88.25,-13.96],[86.0,-13.63],[84.0,-12.67],[82.5,-12.32],[80.5,-11.92],[79.0,-11.95],[76.62,-11.0],[73.0,-11.16],[67.5,-10.44],[65.75,-9.97],[64.75,-9.44],[64.43,-8.75],[63.25,-7.46],[62.5,-7.25],[61.5,-7.36],[60.74,-8.0],[60.57,-7.75],[61.0,-7.11],[60.5,-7.07],[59.38,-6.25],[59.0,-5.22],[58.44,-4.75],[57.75,-4.88],[57.25,-4.37],[56.5,-4.21],[55.25,-4.48],[54.0,-5.32],[52.25,-4.88],[51.75,-5.36],[50.25,-4.65],[49.61,-4.75],[49.49,-5.25],[49.0,-5.53],[48.25,-5.31],[47.25,-5.9],[45.5,-5.9],[45.08,-5.25],[42.25,-3.31],[42.0,-2.68],[40.75,-1.8],[40.0,-2.02],[39.25,-1.71],[38.5,-1.87],[38.25,-1.0],[37.84,-0.75],[38.0,0.39],[36.5,0.16],[36.0,-0.35],[35.5,0.63],[35.34,0.25],[35.51,-0.75],[36.0,-1.18],[36.5,-1.09],[36.69,-1.5],[36.5,-2.58],[36.75,-2.82],[37.0,-2.42],[37.36,-2.5],[37.0,-3.0],[36.38,-3.25],[36.41,-4.5],[35.89,-4.75],[36.53,-6.5],[36.25,-6.7],[36.25,-7.36],[35.14,-8.0],[34.75,-8.83],[33.5,-8.9],[33.25,-9.25],[34.0,-9.36],[34.75,-10.07],[35.5,-9.91],[35.7,-9.75],[35.53,-9.0],[35.7,-8.75],[36.25,-8.11],[37.25,-7.52],[37.72,-8.25],[37.12,-10.25],[37.75,-10.91],[38.5,-11.27],[38.57,-12.5],[37.25,-13.2],[36.5,-12.86],[36.5,-12.27],[35.5,-12.22],[34.95,-12.75],[35.09,-14.25],[34.75,-14.33],[34.22,-13.75],[33.92,-12.5],[34.0,-11.22],[33.49,-12.25],[33.44,-12.5],[33.74,-12.75],[33.3,-14.25],[33.98,-15.75],[33.87,-16.25],[33.25,-16.1],[33.08,-16.5],[32.25,-16.27],[30.75,-16.72],[30.5,-17.75],[30.74,-18.25],[30.25,-18.78],[29.02,-19.25],[28.68,-20.0],[27.87,-20.5],[27.67,-21.0],[27.25,-21.29],[27.17,-22.5],[26.64,-23.0],[26.99,-23.5],[26.54,-23.75],[26.5,-24.02],[26.0,-23.7],[25.5,-23.91],[25.0,-23.63],[23.75,-23.74],[23.44,-22.75],[22.75,-21.99],[21.25,-21.21],[20.69,-21.75],[21.42,-22.75],[21.07,-24.25],[21.4,-24.75],[21.75,-25.04],[22.25,-25.02],[22.5,-25.46],[23.25,-24.35],[23.75,-24.61],[24.25,-24.52],[24.45,-25.0],[23.85,-26.75],[23.06,-27.75],[22.38,-28.0],[22.55,-29.5],[22.01,-29.75],[22.12,-30.5],[21.0,-30.67],[19.75,-31.43],[20.26,-32.75],[20.0,-33.18],[19.25,-32.48],[19.0,-32.65],[18.95,-33.0],[19.26,-33.5],[19.0,-33.77],[18.5,-33.78],[18.52,-33.5],[16.99,-33.0],[15.62,-31.5],[13.22,-28.0],[10.89,-23.25],[9.26,-21.25],[5.93,-18.0],[5.0,-16.5],[2.52,-15.0],[0.0,-13.97],[-2.25,-12.72],[-5.0,-12.3],[-5.75,-11.72],[-9.0,-11.13],[-10.5,-10.46],[-12.75,-10.38],[-15.0,-9.52],[-16.5,-10.08],[-17.0,-9.99],[-18.0,-10.3],[-19.5,-9.91],[-22.5,-10.1],[-23.75,-10.49],[-25.25,-10.51],[-26.0,-10.21],[-29.75,-10.98],[-32.5,-11.15],[-33.25,-11.67],[-34.75,-12.07],[-36.09,-13.25],[-37.25,-13.75],[-38.75,-13.67],[-39.22,-14.0],[-39.45,-15.25],[-39.04,-16.0],[-39.88,-18.5],[-39.79,-20.5],[-40.1,-24.25],[-40.92,-25.5],[-41.2,-27.5],[-42.16,-29.25],[-42.09,-32.25],[-41.36,-35.75],[-41.77,-36.25],[-41.6,-38.25],[-43.31,-40.0],[-44.05,-41.5],[-45.75,-44.0],[-46.16,-45.0],[-46.44,-48.75],[-46.82,-50.25],[-49.42,-55.25],[-49.36,-55.75],[-48.75,-56.54],[-47.58,-57.0],[-46.0,-57.19],[-41.93,-56.5],[-36.5,-55.1],[-36.13,-54.75],[-36.25,-54.54],[-37.13,-54.0],[-36.0,-53.19],[-28.25,-51.39],[-22.25,-48.6],[-19.2,-46.5],[-16.07,-43.75],[-14.06,-41.25],[-13.57,-41.0],[-13.03,-40.0],[-12.23,-39.75],[-10.25,-38.2],[-9.0,-37.89],[-6.0,-36.5],[-3.25,-35.94],[4.0,-35.61],[7.0,-35.95],[8.5,-36.39],[9.75,-36.82],[12.25,-38.36],[12.75,-38.3],[13.5,-39.07],[14.25,-39.21],[15.0,-40.22],[16.25,-40.49],[21.22,-44.5],[27.75,-49.0],[37.75,-54.9],[41.75,-56.59],[44.25,-57.18],[47.25,-57.16],[49.25,-56.6],[53.51,-54.75],[58.25,-51.69],[59.5,-50.22],[61.48,-48.5],[67.04,-44.75],[68.42,-43.5],[68.72,-43.0],[68.6,-42.75],[69.25,-42.43],[81.25,-42.95],[85.75,-43.82],[90.0,-44.14],[91.5,-44.03],[96.0,-43.0],[101.16,-40.75],[109.75,-37.47],[113.37,-36.75],[118.25,-36.24],[126.0,-36.96],[129.75,-37.85],[134.75,-39.77],[138.25,-41.64],[142.25,-43.38],[144.5,-43.74],[146.5,-43.7],[147.93,-42.75],[148.34,-42.0],[148.35,-41.0],[148.0,-40.85],[146.25,-41.03],[146.12,-40.75],[146.5,-40.32],[147.5,-40.3],[148.5,-40.64],[150.25,-40.36],[152.5,-39.08],[155.25,-38.62],[156.56,-39.5],[157.3,-40.5],[157.5,-41.25],[157.58,-45.25],[158.03,-46.75],[158.7,-48.0],[160.06,-49.75],[160.21,-50.5],[159.82,-52.0],[160.6,-53.0],[163.75,-54.13],[169.25,-55.04],[173.5,-55.37],[180.0,-55.21]]}},{"type":"Feature","properties":{"level":1016},"geometry":{"type":"LineString","coordinates":[[178.96,-16.75],[179.32,-16.75],[178.96,-16.75]]}},{"type":"Feature","properties":{"level":1016},"geometry":{"type":"LineString","coordinates":[[-73.71,-16.25],[-73.5,-16.44],[-73.4,-16.25],[-73.71,-16.25]]}},{"type":"Feature","properties":{"level":1016},"geometry":{"type":"LineString","coordinates":[[34.75,-16.3],[34.75,-16.11],[34.75,-16.3]]}},{"type":"Feature","properties":{"level":1016},"geometry":{"type":"LineString","coordinates":[[-76.3,-12.5],[-76.25,-12.65],[-76.2,-12.0],[-77.25,-10.54],[-77.37,-10.75],[-76.3,-12.5]]}},{"type":"Feature","properties":{"level":1016},"geometry":{"type":"LineString","coordinates":[[-77.62,-10.25],[-77.5,-10.49],[-77.42,-10.0],[-78.0,-8.91],[-78.1,-9.25],[-77.62,-10.25]]}},{"type":"Feature","properties":{"level":1016},"geometry":{"type":"LineString","coordinates":[[147.91,-9.5],[148.17,-9.25],[147.63,-8.75],[147.0,-7.47],[146.5,-7.46],[147.17,-8.75],[147.91,-9.5]]}},{"type":"Feature","properties":{"level":1016},"geometry":{"type":"LineString","coordinates":[[37.25,-7.18],[37.25,-6.75],[37.25,-7.18]]}},{"type":"Feature","properties":{"level":1016},"geometry":{"type":"LineString","coordinates":[[145.66,-7.0],[146.0,-7.19],[146.1,-6.75],[145.25,-5.72],[144.5,-5.76],[143.25,-5.01],[142.75,-5.45],[142.21,-5.5],[143.5,-6.34],[144.0,-6.41],[144.25,-6.13],[145.17,-6.25],[145.25,-6.63],[145.75,-6.6],[145.66,-7.0]]}},{"type":"Feature","properties":{"level":1016},"geometry":{"type":"LineString","coordinates":[[147.18,-6.5],[147.52,-6.25],[146.25,-5.8],[146.14,-6.0],[147.18,-6.5]]}},{"type":"Feature","properties":{"level":1016},"geometry":{"type":"LineString","coordinates":[[140.48,-5.0],[140.75,-4.85],[141.25,-5.16],[141.36,-5.0],[138.73,-3.5],[137.5,-3.65],[136.5,-3.41],[136.24,-3.5],[136.25,-3.77],[135.51,-4.0],[139.25,-4.43],[140.48,-5.0]]}},{"type":"Feature","properties":{"level":1016},"geometry":{"type":"LineString","coordinates":[[-79.04,-3.25],[-78.75,-3.34],[-78.68,-2.75],[-78.25,-2.14],[-77.75,0.2],[-78.51,-0.5],[-78.41,-1.5],[-79.04,-3.25]]}},{"type":"Feature","properties":{"level":1016},"geometry":{"type":"LineString","coordinates":[[-76.08,2.75],[-75.75,2.98],[-75.92,3.5],[-75.5,4.32],[-76.0,3.92],[-76.08,2.75]]}},{"type":"Feature","properties":{"level":1016},"geometry":{"type":"LineString","coordinates":[[97.18,3.5],[97.5,3.26],[97.8,3.75],[97.5,4.25],[96.75,4.72],[96.64,4.25],[97.18,3.5]]}},{"type":"Feature","properties":{"level":1016},"geometry":{"type":"LineString","coordinates":[[38.73,3.75],[39.3,4.0],[38.59,4.5],[38.93,4.75],[38.84,5.0],[39.25,5.2],[39.75,4.88],[40.04,5.0],[40.31,5.75],[40.03,6.25],[40.75,6.61],[41.1,7.25],[40.13,8.0],[40.5,8.68],[41.75,8.8],[42.5,9.12],[43.5,8.81],[44.11,9.5],[43.25,10.08],[41.5,9.56],[40.5,8.81],[39.5,8.42],[38.71,7.5],[38.45,7.5],[38.75,8.52],[39.25,8.59],[39.83,9.5],[40.02,10.75],[39.73,12.25],[39.85,14.25],[39.55,15.0],[38.75,15.9],[38.68,14.75],[39.15,14.75],[39.12,14.5],[38.45,14.0],[38.94,13.75],[39.18,13.0],[38.76,12.5],[38.74,12.0],[38.5,11.93],[37.85,12.5],[38.0,12.87],[38.66,13.25],[38.5,13.52],[37.83,13.25],[37.37,12.75],[37.25,12.36],[37.5,12.38],[37.73,12.0],[37.5,11.76],[36.85,11.75],[36.45,11.0],[36.44,10.75],[37.17,10.25],[36.25,10.08],[36.25,9.73],[36.75,9.74],[36.82,9.5],[36.25,8.75],[35.75,9.04],[35.26,7.75],[35.5,7.32],[36.5,7.08],[37.0,7.38],[37.36,7.25],[37.02,7.0],[37.25,6.91],[37.5,7.14],[37.5,6.65],[38.0,6.69],[38.14,6.5],[37.65,5.75],[38.2,4.75],[38.21,4.0],[38.73,3.75]]}},{"type":"Feature","properties":{"level":1016},"geometry":{"type":"LineString","coordinates":[[-75.54,4.75],[-75.25,4.52],[-75.12,4.75],[-75.25,5.56],[-75.54,4.75]]}},{"type":"Feature","properties":{"level":1016},"geometry":{"type":"LineString","coordinates":[[-72.52,6.0],[-71.95,6.5],[-72.75,7.11],[-72.52,6.0]]}},{"type":"Feature","properties":{"level":1016},"geometry":{"type":"LineString","coordinates":[[49.67,9.25],[50.0,9.19],[50.66,10.0],[50.25,10.16],[49.0,10.04],[48.75,10.44],[48.53,10.25],[48.75,9.72],[49.0,9.92],[49.67,9.25]]}},{"type":"Feature","properties":{"level":1016},"geometry":{"type":"LineString","coordinates":[[38.5,10.14],[38.34,11.0],[38.5,11.37],[38.5,10.14]]}},{"type":"Feature","properties":{"level":1016},"geometry":{"type":"LineString","coordinates":[[47.05,10.5],[47.25,10.31],[48.5,10.93],[49.0,10.66],[49.09,11.0],[47.81,11.0],[47.05,10.5]]}},{"type":"Feature","properties":{"level":1016},"geometry":{"type":"LineString","coordinates":[[50.22,10.5],[50.61,10.75],[51.0,11.53],[50.62,11.5],[50.5,11.17],[49.75,11.36],[49.36,11.0],[50.22,10.5]]}},{"type":"Feature","properties":{"level":1016},"geometry":{"type":"LineString","coordinates":[[44.03,13.25],[46.0,13.52],[46.75,14.02],[47.0,13.88],[48.15,14.25],[48.25,14.51],[48.75,14.3],[49.25,14.76],[51.25,15.3],[51.79,15.75],[51.25,16.15],[50.75,16.08],[50.5,15.48],[49.0,15.48],[48.5,15.23],[47.5,15.34],[46.75,14.47],[46.0,14.36],[44.31,16.25],[45.14,16.5],[44.46,17.5],[44.5,19.19],[44.06,19.75],[43.5,19.51],[43.0,20.18],[42.75,20.03],[42.5,20.23],[42.15,20.75],[42.25,21.44],[41.5,20.89],[40.5,21.78],[40.25,21.5],[40.25,21.03],[41.75,19.71],[42.2,18.25],[43.12,17.75],[43.23,17.0],[43.75,16.42],[43.49,15.5],[44.03,13.25]]}},{"type":"Feature","properties":{"level":1016},"geometry":{"type":"LineString","coordinates":[[49.49,16.5],[50.25,16.36],[53.0,16.6],[54.0,17.14],[55.13,17.25],[54.0,17.32],[53.0,16.98],[51.25,17.41],[49.49,16.5]]}},{"type":"Feature","properties":{"level":1016},"geometry":{"type":"LineString","coordinates":[[-98.55,19.75],[-98.25,19.69],[-97.92,20.0],[-99.25,21.23],[-99.21,21.5],[-100.0,21.6],[-100.5,22.06],[-100.6,21.75],[-101.09,21.5],[-99.5,20.86],[-99.01,20.25],[-99.3,20.0],[-98.75,20.0],[-98.55,19.75]]}},{"type":"Feature","properties":{"level":1016},"geometry":{"type":"LineString","coordinates":[[17.0,21.23],[16.58,21.75],[17.0,21.98],[17.5,21.32],[17.32,22.25],[17.65,22.5],[18.67,22.25],[18.0,21.21],[17.0,21.23]]}},{"type":"Feature","properties":{"level":1016},"geometry":{"type":"LineString","coordinates":[[43.81,21.5],[44.25,21.37],[44.72,21.75],[44.98,22.75],[44.61,22.75],[44.73,22.5],[44.5,22.29],[43.75,22.94],[43.5,22.9],[43.81,21.5]]}},{"type":"Feature","properties":{"level":1016},"geometry":{"type":"LineString","coordinates":[[-101.74,22.25],[-101.25,22.2],[-100.66,22.5],[-101.0,22.6],[-101.25,23.18],[-101.74,22.25]]}},{"type":"Feature","properties":{"level":1016},"geometry":{"type":"LineString","coordinates":[[120.96,23.25],[121.51,24.25],[121.25,24.56],[121.14,23.75],[120.85,23.5],[120.96,23.25]]}},{"type":"Feature","properties":{"level":1016},"geometry":{"type":"LineString","coordinates":[[44.47,23.5],[45.0,23.83],[45.25,23.36],[45.36,23.75],[44.5,24.75],[44.09,24.5],[44.06,24.0],[44.47,23.5]]}},{"type":"Feature","properties":{"level":1016},"geometry":{"type":"LineString","coordinates":[[93.83,25.25],[94.75,25.2],[95.25,25.83],[95.25,26.49],[93.86,25.5],[93.83,25.25]]}},{"type":"Feature","properties":{"level":1016},"geometry":{"type":"LineString","coordinates":[[-180.0,29.07],[-178.0,29.08],[-174.75,27.77],[-170.75,22.95],[-169.75,21.19],[-167.5,19.92],[-167.0,20.01],[-166.0,19.6],[-162.25,19.03],[-160.0,19.47],[-159.0,19.24],[-157.5,19.69],[-157.0,20.15],[-156.0,20.25],[-156.08,19.75],[-155.75,18.95],[-155.25,19.12],[-154.5,18.98],[-152.65,19.5],[-152.25,19.84],[-146.25,20.19],[-140.5,21.78],[-139.25,22.5],[-136.33,23.5],[-134.86,24.5],[-133.25,26.39],[-132.75,26.55],[-131.72,27.5],[-131.58,28.5],[-131.84,29.0],[-131.76,29.5],[-131.09,30.5],[-130.13,33.75],[-128.97,35.75],[-128.75,36.56],[-127.71,38.0],[-127.82,38.5],[-127.41,39.75],[-125.93,42.75],[-124.13,45.25],[-123.84,46.0],[-123.5,46.14],[-123.0,45.88],[-122.25,46.68],[-121.65,46.5],[-122.06,45.75],[-121.75,45.42],[-121.5,44.2],[-120.25,44.61],[-119.5,44.61],[-118.94,44.25],[-119.0,43.98],[-119.82,44.0],[-119.64,44.25],[-120.0,44.5],[-120.73,43.75],[-121.25,43.62],[-121.75,44.06],[-121.75,43.67],[-121.46,43.5],[-122.0,43.21],[-122.3,42.25],[-122.0,41.49],[-121.18,41.75],[-121.0,42.33],[-120.75,42.25],[-120.66,41.75],[-120.29,41.75],[-120.09,42.0],[-120.25,42.24],[-120.75,42.25],[-120.5,42.66],[-119.5,42.13],[-119.5,41.78],[-119.75,41.87],[-119.72,41.5],[-120.0,41.2],[-120.25,41.33],[-120.5,40.9],[-121.5,40.63],[-121.57,40.25],[-120.58,39.75],[-120.22,38.5],[-118.85,36.75],[-118.25,35.36],[-117.25,37.05],[-115.5,36.8],[-115.5,36.51],[-115.75,36.71],[-116.01,36.5],[-115.5,35.83],[-114.75,37.0],[-114.0,37.06],[-113.87,36.25],[-114.25,35.48],[-113.77,35.25],[-113.93,35.0],[-113.75,34.83],[-113.5,34.97],[-112.75,34.15],[-111.75,33.94],[-110.75,33.0],[-111.01,32.75],[-110.65,32.0],[-110.89,31.75],[-110.75,31.35],[-109.75,30.68],[-109.25,30.93],[-109.1,30.75],[-108.28,29.25],[-108.43,28.5],[-108.02,27.25],[-106.37,25.5],[-105.56,23.75],[-103.25,22.65],[-102.8,22.75],[-103.0,23.14],[-103.25,22.96],[-103.16,23.25],[-102.25,23.44],[-101.87,23.75],[-102.43,24.5],[-102.0,24.4],[-101.75,24.66],[-101.5,24.4],[-101.37,24.75],[-101.0,24.85],[-100.75,24.81],[-100.63,24.25],[-100.8,23.5],[-101.17,23.25],[-100.75,23.18],[-100.5,23.73],[-100.15,23.5],[-100.25,23.2],[-99.5,23.11],[-99.31,24.0],[-99.61,25.75],[-99.0,27.25],[-97.85,28.25],[-94.25,30.47],[-94.25,31.12],[-94.0,31.43],[-93.25,31.51],[-91.5,32.62],[-91.0,32.52],[-90.0,32.91],[-89.5,32.56],[-87.83,32.5],[-86.5,31.96],[-85.51,31.25],[-84.95,30.25],[-83.25,28.86],[-82.75,28.96],[-83.22,29.5],[-82.69,30.25],[-82.25,30.76],[-81.75,30.92],[-81.57,30.0],[-80.78,28.75],[-80.82,28.25],[-79.75,26.81],[-78.71,26.5],[-78.42,26.0],[-77.5,26.07],[-76.25,25.41],[-74.25,25.01],[-73.75,24.43],[-72.75,24.2],[-72.5,23.81],[-71.75,23.75],[-71.04,23.25],[-68.18,23.5],[-69.35,23.0],[-68.75,22.7],[-68.5,22.19],[-68.25,22.19],[-68.0,22.66],[-67.0,22.73],[-65.5,22.34],[-64.0,22.57],[-62.5,22.14],[-60.25,22.3],[-56.75,21.63],[-56.0,21.12],[-54.5,21.02],[-53.0,21.31],[-52.5,21.02],[-51.75,21.27],[-50.25,21.31],[-48.25,20.58],[-47.0,20.95],[-45.5,20.09],[-44.5,20.73],[-43.0,20.06],[-42.0,20.73],[-39.5,20.91],[-38.25,21.49],[-36.75,21.52],[-35.0,22.06],[-33.5,21.77],[-29.0,21.85],[-27.0,23.03],[-26.0,23.21],[-22.75,24.6],[-19.27,27.25],[-18.77,28.25],[-18.25,28.66],[-17.75,28.36],[-17.0,28.69],[-16.9,28.25],[-16.5,28.2],[-16.26,28.5],[-16.54,28.75],[-16.38,29.0],[-11.25,33.7],[-10.75,33.87],[-10.25,33.7],[-8.25,34.28],[-8.0,34.56],[-7.5,34.55],[-7.49,35.75],[-6.5,36.12],[-5.93,35.5],[-6.0,34.76],[-6.25,34.71],[-6.82,35.25],[-6.89,34.75],[-6.53,34.25],[-7.0,33.89],[-7.5,34.14],[-7.77,33.0],[-7.5,32.69],[-6.5,32.7],[-6.33,32.5],[-7.25,31.74],[-7.75,31.61],[-8.25,31.85],[-8.75,31.47],[-9.25,31.71],[-9.56,31.25],[-9.56,30.75],[-8.45,30.5],[-9.19,30.0],[-9.7,29.25],[-9.25,29.03],[-7.25,29.64],[-6.93,29.5],[-7.17,29.25],[-6.81,28.75],[-3.75,28.23],[0.0,28.84],[1.82,28.0],[4.5,27.76],[6.25,27.31],[7.08,26.75],[7.53,26.75],[7.27,26.25],[6.75,26.05],[6.25,26.2],[6.0,26.77],[5.75,26.71],[5.25,26.04],[4.75,26.06],[3.96,25.25],[4.0,24.98],[4.47,24.75],[4.19,24.0],[4.99,23.5],[4.75,22.75],[5.0,22.34],[6.25,21.91],[7.5,22.41],[9.0,21.43],[9.75,22.43],[12.25,21.79],[15.0,22.44],[16.09,21.75],[16.5,20.86],[17.0,20.87],[17.5,20.41],[18.0,20.58],[18.5,19.67],[18.88,19.75],[19.5,20.59],[20.25,21.04],[22.0,21.5],[22.75,21.31],[23.25,21.47],[24.0,21.17],[24.75,21.85],[24.91,21.5],[24.53,20.75],[24.73,20.5],[26.0,20.43],[27.5,21.35],[30.25,23.59],[32.0,23.8],[32.36,24.25],[32.51,25.25],[33.12,25.5],[32.7,25.75],[33.0,26.16],[33.5,26.02],[33.65,25.5],[34.5,24.87],[33.36,28.25],[33.5,28.51],[34.0,28.02],[34.25,28.1],[34.72,28.75],[34.75,29.18],[34.78,28.75],[35.8,27.75],[36.5,27.51],[37.12,26.5],[37.5,26.36],[38.21,27.25],[37.99,27.75],[38.49,28.5],[37.75,29.18],[37.5,28.83],[37.4,29.25],[37.86,29.75],[37.23,30.0],[37.27,31.25],[37.88,31.75],[37.63,32.0],[37.73,33.25],[38.5,34.07],[39.25,34.05],[40.23,33.25],[38.75,32.38],[38.64,32.0],[38.75,31.62],[39.0,31.65],[38.84,30.75],[39.26,29.5],[39.09,29.0],[39.85,28.5],[40.0,27.39],[40.48,27.75],[40.13,28.0],[40.78,28.0],[40.8,28.5],[40.4,29.0],[41.0,30.26],[41.5,30.77],[42.25,30.46],[43.0,30.83],[43.75,30.82],[44.19,31.25],[44.18,32.0],[45.0,32.42],[45.5,33.63],[46.75,32.9],[48.5,32.74],[49.31,32.25],[50.02,31.0],[51.29,30.25],[51.2,30.0],[52.03,29.0],[52.75,28.51],[53.75,28.85],[54.5,28.77],[55.0,28.4],[56.25,28.62],[57.0,28.18],[57.38,28.75],[57.75,28.86],[58.5,28.37],[58.64,28.5],[58.29,29.25],[56.58,32.0],[57.0,32.46],[57.25,32.32],[57.59,32.5],[57.0,32.59],[56.75,33.71],[57.5,32.85],[58.0,32.97],[58.61,32.75],[58.49,32.5],[58.89,32.25],[59.25,31.55],[59.85,31.5],[60.1,31.0],[59.96,30.25],[60.24,28.75],[61.0,28.3],[61.37,28.5],[61.34,28.75],[61.08,29.5],[60.6,30.0],[60.5,30.96],[60.17,31.25],[61.0,31.64],[61.4,32.5],[61.75,32.89],[62.26,33.0],[62.25,33.25],[63.49,33.25],[64.0,32.65],[64.75,33.03],[65.25,32.93],[65.5,33.31],[66.0,33.3],[66.25,33.54],[66.41,33.5],[66.29,33.25],[66.5,32.54],[68.5,33.65],[69.0,33.64],[69.0,32.84],[69.25,32.88],[69.75,33.78],[70.55,34.0],[69.5,34.44],[69.0,33.81],[68.75,33.91],[69.22,35.0],[70.75,34.94],[71.5,35.28],[73.0,35.02],[74.37,33.5],[75.25,33.23],[77.1,31.75],[77.5,30.85],[78.3,30.75],[79.5,30.09],[80.5,29.86],[82.75,28.36],[84.25,28.3],[86.5,27.34],[87.0,27.22],[87.25,27.45],[88.0,26.98],[88.5,27.31],[89.75,26.9],[91.25,27.13],[92.0,26.94],[93.0,27.52],[93.08,27.25],[93.5,27.22],[94.04,27.5],[94.15,28.0],[94.75,28.43],[95.75,28.36],[96.32,28.0],[96.71,27.0],[97.25,26.82],[97.25,27.54],[97.89,27.5],[98.22,26.0],[97.75,24.68],[98.5,24.69],[98.75,24.2],[99.0,25.1],[99.95,24.5],[99.88,23.75],[100.32,24.0],[100.5,24.5],[101.75,23.64],[102.07,23.75],[101.93,23.25],[102.25,23.06],[102.75,23.3],[102.79,23.0],[103.5,23.04],[104.25,22.68],[105.0,22.88],[106.5,21.92],[107.18,22.0],[107.52,22.75],[108.25,23.42],[108.75,23.17],[109.45,23.25],[109.5,23.85],[111.25,23.68],[112.0,23.74],[112.25,23.98],[112.75,23.8],[114.25,23.96],[115.07,24.25],[116.5,25.12],[117.11,25.25],[118.25,26.72],[120.0,27.09],[121.0,28.02],[121.91,28.5],[122.88,29.75],[124.54,32.75],[124.79,34.0],[124.73,34.5],[124.02,35.75],[122.92,37.0],[122.56,38.5],[122.53,40.0],[123.76,41.5],[123.76,43.5],[124.56,45.75],[124.0,46.37],[123.5,46.03],[122.82,46.5],[122.77,48.0],[123.02,48.75],[122.81,49.25],[122.5,49.53],[122.08,49.5],[122.32,49.75],[121.5,50.07],[121.25,49.81],[119.97,49.5],[119.75,49.19],[117.25,48.78],[117.04,49.0],[117.0,49.76],[115.5,49.86],[115.06,50.5],[113.44,51.0],[113.18,51.25],[113.39,51.5],[113.25,51.66],[112.75,51.57],[111.88,52.5],[111.0,52.79],[110.57,53.5],[111.5,54.52],[111.75,55.17],[112.25,55.59],[112.59,55.5],[112.25,55.92],[111.75,55.96],[111.25,55.68],[111.0,55.17],[110.5,55.14],[110.37,55.5],[110.75,56.0],[110.47,56.25],[110.83,56.75],[110.7,57.25],[112.71,57.75],[112.5,58.46],[111.5,58.55],[108.75,59.8],[98.25,62.94],[96.25,63.95],[92.0,64.66],[89.0,65.47],[85.75,65.56],[82.0,66.13],[69.0,68.66],[68.3,68.25],[68.25,67.87],[67.5,67.65],[67.0,68.45],[66.5,68.59],[63.25,68.47],[62.0,68.1],[55.75,67.22],[48.75,65.47],[45.0,64.03],[42.45,62.75],[39.5,61.81],[36.75,60.27],[31.5,58.86],[29.25,58.88],[27.5,58.51],[21.0,60.04],[19.25,59.66],[15.0,59.42],[13.75,59.55],[8.5,58.98],[6.5,59.48],[2.25,58.05],[-3.25,57.02],[-5.75,57.08],[-8.25,56.29],[-20.25,53.42],[-24.5,52.49],[-27.0,52.24],[-33.5,53.41],[-39.75,53.98],[-46.0,54.22],[-49.75,54.64],[-56.25,55.83],[-58.75,56.08],[-61.75,55.97],[-64.5,56.65],[-65.75,56.69],[-70.25,55.98],[-71.08,55.25],[-70.82,54.5],[-71.75,54.1],[-72.52,53.25],[-72.77,52.5],[-72.6,52.0],[-73.75,50.0],[-76.56,48.0],[-78.5,45.96],[-79.25,45.62],[-79.5,45.86],[-80.75,45.3],[-82.5,45.05],[-83.5,44.57],[-83.77,44.75],[-83.75,45.5],[-84.26,46.0],[-84.47,46.75],[-87.38,48.75],[-88.75,50.19],[-89.11,51.0],[-89.81,51.75],[-89.48,52.25],[-89.49,53.0],[-88.75,55.68],[-87.4,57.0],[-87.18,58.0],[-87.42,58.5],[-92.18,62.75],[-95.03,66.25],[-99.6,68.5],[-104.25,72.38],[-105.72,75.0],[-105.89,75.5],[-105.62,76.0],[-105.75,76.24],[-107.36,77.5],[-108.07,78.5],[-108.65,79.75],[-108.75,81.5],[-106.96,83.25],[-105.03,84.5],[-105.2,85.0],[-106.24,85.5],[-110.25,86.18],[-119.75,86.5],[-135.0,86.58],[-146.0,86.36],[-164.5,85.48],[-176.5,84.26],[-180.0,83.49]]}},{"type":"Feature","properties":{"level":1016},"geometry":{"type":"LineString","coordinates":[[-82.29,29.25],[-82.1,29.75],[-82.25,30.12],[-82.57,29.5],[-82.29,29.25]]}},{"type":"Feature","properties":{"level":1016},"geometry":{"type":"LineString","coordinates":[[55.75,30.45],[55.25,31.0],[55.46,31.25],[55.15,31.75],[55.25,32.08],[55.59,31.5],[55.57,31.0],[56.03,30.5],[55.75,30.45]]}},{"type":"Feature","properties":{"level":1016},"geometry":{"type":"LineString","coordinates":[[67.42,30.5],[68.05,30.5],[67.71,30.75],[67.96,31.25],[67.75,31.38],[66.85,31.0],[67.25,30.94],[67.42,30.5]]}},{"type":"Feature","properties":{"level":1016},"geometry":{"type":"LineString","coordinates":[[-6.0,34.15],[-6.0,34.7],[-5.7,34.25],[-6.0,34.15]]}},{"type":"Feature","properties":{"level":1016},"geometry":{"type":"LineString","coordinates":[[-9.75,34.88],[-9.83,36.0],[-9.5,36.19],[-9.01,35.5],[-9.75,34.88]]}},{"type":"Feature","properties":{"level":1016},"geometry":{"type":"LineString","coordinates":[[-33.25,35.49],[-33.53,35.75],[-33.5,36.08],[-33.0,36.26],[-32.6,36.0],[-32.65,35.5],[-33.25,35.49]]}},{"type":"Feature","properties":{"level":1016},"geometry":{"type":"LineString","coordinates":[[38.5,35.36],[38.27,35.5],[38.75,35.65],[38.98,35.5],[38.5,35.36]]}},{"type":"Feature","properties":{"level":1016},"geometry":{"type":"LineString","coordinates":[[-8.75,36.23],[-8.24,36.25],[-8.75,36.23]]}},{"type":"Feature","properties":{"level":1016},"geometry":{"type":"LineString","coordinates":[[-8.25,37.6],[-8.73,38.0],[-9.5,38.16],[-9.75,38.5],[-9.0,39.14],[-8.5,39.04],[-8.25,39.57],[-8.0,39.28],[-7.54,39.25],[-7.34,39.0],[-7.65,38.75],[-6.94,38.25],[-7.75,37.68],[-8.25,37.6]]}},{"type":"Feature","properties":{"level":1016},"geometry":{"type":"LineString","coordinates":[[-7.0,38.64],[-7.19,38.75],[-7.0,38.91],[-6.55,38.75],[-7.0,38.64]]}},{"type":"Feature","properties":{"level":1016},"geometry":{"type":"LineString","coordinates":[[-118.25,38.87],[-119.25,39.45],[-119.39,39.75],[-119.17,40.0],[-119.82,40.5],[-119.5,40.54],[-118.75,41.59],[-118.0,41.89],[-117.5,42.96],[-117.0,43.05],[-117.0,42.5],[-117.25,42.23],[-117.61,42.25],[-117.46,42.0],[-117.66,41.75],[-117.43,41.25],[-117.67,40.5],[-117.29,40.0],[-118.12,39.5],[-117.95,39.0],[-118.0,38.8],[-118.25,38.87]]}},{"type":"Feature","properties":{"level":1016},"geometry":{"type":"LineString","coordinates":[[-9.25,39.7],[-8.99,39.75],[-9.25,39.7]]}},{"type":"Feature","properties":{"level":1016},"geometry":{"type":"LineString","coordinates":[[-8.0,40.19],[-8.11,40.5],[-8.0,40.19]]}},{"type":"Feature","properties":{"level":1016},"geometry":{"type":"LineString","coordinates":[[76.25,42.21],[76.05,42.25],[76.29,42.5],[77.5,42.83],[79.0,42.91],[79.04,42.75],[78.0,42.24],[76.25,42.21]]}},{"type":"Feature","properties":{"level":1016},"geometry":{"type":"LineString","coordinates":[[80.0,42.72],[78.5,43.19],[78.85,43.5],[78.24,43.75],[78.3,44.0],[79.75,44.64],[80.5,44.55],[81.0,44.86],[83.87,43.5],[80.0,42.72]]}},{"type":"Feature","properties":{"level":1016},"geometry":{"type":"LineString","coordinates":[[79.4,43.25],[79.5,43.07],[80.88,43.25],[79.4,43.25]]}},{"type":"Feature","properties":{"level":1016},"geometry":{"type":"LineString","coordinates":[[86.5,43.74],[84.61,44.5],[85.25,45.09],[86.5,45.39],[87.75,45.17],[88.75,44.41],[90.33,44.0],[88.98,44.0],[88.5,44.22],[87.75,43.77],[86.5,43.74]]}},{"type":"Feature","properties":{"level":1016},"geometry":{"type":"LineString","coordinates":[[-118.75,44.46],[-119.15,44.75],[-118.25,45.36],[-118.25,45.06],[-118.8,44.75],[-118.44,44.5],[-118.75,44.46]]}},{"type":"Feature","properties":{"level":1016},"geometry":{"type":"LineString","coordinates":[[79.25,45.17],[77.92,45.5],[77.27,46.0],[77.09,46.5],[76.07,47.0],[76.04,48.0],[75.55,48.25],[75.02,49.0],[74.75,49.13],[74.0,48.79],[73.5,49.0],[73.27,49.5],[72.5,49.69],[71.75,49.43],[70.0,49.63],[66.75,48.4],[64.25,48.23],[58.75,48.56],[53.25,49.81],[50.6,51.25],[48.99,53.25],[48.5,54.35],[48.32,56.0],[48.64,57.75],[49.25,58.78],[51.44,60.75],[57.25,63.95],[58.75,64.25],[58.95,63.25],[59.5,63.02],[61.5,63.89],[63.0,64.15],[66.0,64.4],[70.25,64.07],[76.75,63.13],[82.75,61.22],[88.25,58.19],[89.31,57.5],[89.6,57.0],[91.38,56.0],[91.16,55.5],[91.5,55.0],[91.35,54.5],[93.25,53.5],[93.05,53.25],[92.0,52.97],[89.25,53.04],[89.16,52.75],[89.68,52.5],[89.25,52.38],[89.0,52.64],[88.71,52.25],[89.25,51.95],[88.5,51.7],[88.25,51.94],[88.0,51.24],[87.75,51.56],[87.25,51.07],[86.25,51.07],[86.0,50.69],[85.15,50.5],[85.02,50.25],[85.28,49.25],[84.68,49.0],[84.73,48.75],[85.0,48.37],[86.37,47.75],[86.45,47.25],[85.0,47.22],[84.15,46.5],[83.92,46.0],[82.75,45.75],[82.5,45.3],[81.25,45.53],[79.25,45.17]]}},{"type":"Feature","properties":{"level":1016},"geometry":{"type":"LineString","coordinates":[[180.0,45.56],[175.5,46.16],[170.0,47.56],[156.0,49.89],[155.5,50.03],[155.25,50.4],[149.75,51.26],[146.3,51.0],[145.25,50.21],[144.25,49.88],[143.25,50.88],[142.5,50.76],[141.5,48.92],[140.5,49.15],[140.27,50.25],[139.88,50.5],[139.93,50.75],[139.0,50.87],[136.75,49.43],[133.75,48.86],[133.58,49.0],[134.0,49.16],[134.45,50.0],[134.04,50.5],[134.27,50.75],[133.77,51.25],[134.61,51.75],[133.82,51.75],[134.14,52.25],[133.25,52.59],[133.09,52.25],[133.34,52.0],[132.47,51.75],[132.25,51.3],[131.25,51.25],[130.73,50.5],[130.64,49.5],[130.25,48.81],[128.0,48.52],[127.66,47.75],[128.47,46.75],[129.0,46.49],[130.75,46.94],[131.5,46.86],[132.08,45.75],[132.75,45.49],[133.22,45.0],[133.29,44.5],[132.7,44.0],[133.53,44.0],[133.39,43.25],[133.62,43.0],[134.75,42.86],[135.75,42.07],[136.59,41.0],[137.75,41.14],[138.87,40.75],[139.2,40.5],[139.01,40.25],[139.86,40.0],[140.03,39.75],[139.86,38.75],[139.0,37.28],[137.75,36.8],[137.5,36.5],[137.5,35.84],[138.0,35.11],[139.0,34.94],[140.0,35.13],[141.0,35.97],[142.5,36.53],[142.72,36.5],[142.75,36.16],[151.0,35.92],[155.0,34.19],[155.7,33.25],[157.0,32.65],[159.85,30.0],[160.08,29.5],[160.75,29.31],[162.0,28.08],[163.5,27.47],[164.5,27.44],[167.5,26.07],[169.5,26.14],[171.75,26.55],[175.0,27.98],[180.0,29.07]]}},{"type":"Feature","properties":{"level":1016},"geometry":{"type":"LineString","coordinates":[[133.25,48.86],[133.09,49.0],[133.43,49.0],[133.25,48.86]]}},{"type":"Feature","properties":{"level":1016},"geometry":{"type":"LineString","coordinates":[[89.74,53.25],[90.11,53.5],[90.08,54.0],[89.5,54.27],[89.42,53.75],[89.13,53.5],[89.25,53.26],[89.74,53.25]]}},{"type":"Feature","properties":{"level":1016},"geometry":{"type":"LineString","coordinates":[[113.59,58.5],[114.0,58.58],[114.64,59.25],[113.5,59.19],[113.23,58.75],[113.59,58.5]]}},{"type":"Feature","properties":{"level":1016},"geometry":{"type":"LineString","coordinates":[[58.75,64.26],[58.75,64.66],[58.75,64.26]]}},{"type":"Feature","properties":{"level":1016},"geometry":{"type":"LineString","coordinates":[[-37.05,70.75],[-35.5,70.67],[-33.58,71.25],[-33.99,72.5],[-31.56,73.75],[-31.47,74.5],[-31.96,74.75],[-35.75,75.24],[-37.0,75.0],[-37.0,73.67],[-35.75,73.65],[-35.0,74.01],[-34.49,73.75],[-34.75,73.49],[-37.81,72.5],[-39.02,71.75],[-37.05,70.75]]}},{"type":"Feature","properties":{"level":1016},"geometry":{"type":"LineString","coordinates":[[-180.0,81.13],[-176.25,80.93],[-169.0,81.41],[-158.25,81.75],[-146.5,81.54],[-141.0,81.17],[-136.75,80.6],[-132.75,79.72],[-130.12,78.75],[-129.38,78.25],[-128.16,76.75],[-127.87,75.75],[-127.27,75.0],[-123.09,72.75],[-122.43,72.25],[-122.7,72.0],[-122.53,71.5],[-120.0,71.29],[-118.43,70.25],[-117.9,69.5],[-117.84,69.0],[-118.23,68.25],[-117.34,67.75],[-117.37,67.5],[-116.54,66.5],[-116.45,65.25],[-115.65,63.25],[-115.56,61.75],[-114.81,59.75],[-116.07,58.75],[-116.09,58.5],[-115.48,58.0],[-115.76,57.75],[-115.69,57.25],[-115.96,56.75],[-115.76,56.5],[-115.88,55.5],[-115.39,55.25],[-115.4,55.0],[-116.29,54.5],[-116.28,54.0],[-116.65,53.75],[-115.5,53.62],[-114.77,53.0],[-114.21,51.75],[-114.48,51.25],[-113.83,50.0],[-114.17,49.75],[-113.85,49.25],[-114.0,49.21],[-114.45,49.5],[-114.47,50.0],[-116.0,51.76],[-117.25,52.48],[-118.46,52.75],[-118.43,53.0],[-119.0,53.32],[-120.0,53.47],[-120.21,53.25],[-119.86,53.0],[-120.72,53.0],[-120.47,52.25],[-121.04,52.0],[-120.72,51.75],[-120.61,51.25],[-121.62,51.0],[-121.75,49.95],[-122.75,50.91],[-124.0,51.15],[-124.75,51.58],[-125.28,51.5],[-126.5,52.38],[-127.75,52.93],[-128.01,53.25],[-127.74,53.5],[-127.94,54.5],[-128.5,54.8],[-129.13,54.5],[-129.77,53.75],[-129.5,53.12],[-129.13,53.0],[-129.23,52.0],[-130.51,50.5],[-133.0,48.89],[-136.75,47.91],[-143.75,47.28],[-144.75,46.91],[-155.25,44.91],[-157.5,45.15],[-171.0,44.86],[-175.25,44.98],[-180.0,45.56]]}},{"type":"Feature","properties":{"level":1016},"geometry":{"type":"LineString","coordinates":[[180.0,83.49],[178.07,82.75],[177.99,82.5],[178.5,81.55],[180.0,81.13]]}},{"type":"Feature","properties":{"level":1020},"geometry":{"type":"LineString","coordinates":[[32.72,-89.25],[71.87,-89.0],[73.36,-88.75],[51.78,-88.0],[85.5,-86.85],[96.5,-86.09],[105.25,-84.61],[110.26,-83.25],[110.74,-83.0],[110.7,-82.75],[109.83,-82.0],[109.81,-81.5],[110.55,-81.0],[110.33,-80.5],[110.55,-80.25],[111.81,-79.75],[117.52,-78.5],[135.5,-76.64],[139.0,-75.51],[140.3,-74.75],[140.32,-74.25],[138.5,-73.41],[134.5,-73.37],[132.0,-72.25],[129.0,-71.71],[127.5,-71.66],[126.0,-71.97],[125.68,-72.5],[126.0,-73.26],[122.75,-73.29],[118.75,-72.9],[113.25,-71.98],[107.75,-70.56],[101.25,-70.57],[99.5,-71.02],[97.5,-70.92],[96.75,-71.22],[95.0,-71.17],[94.74,-71.25],[94.84,-71.5],[93.75,-71.84],[92.75,-72.62],[90.75,-72.66],[90.53,-72.5],[90.75,-72.19],[90.25,-72.09],[87.75,-72.9],[86.95,-73.5],[87.1,-74.0],[86.7,-74.25],[86.62,-75.0],[87.26,-75.25],[86.84,-76.0],[87.25,-76.27],[86.0,-76.99],[84.5,-77.44],[81.75,-77.89],[76.28,-78.25],[75.24,-78.5],[74.8,-79.0],[74.12,-79.25],[66.0,-79.82],[61.76,-79.5],[56.0,-78.4],[55.58,-78.0],[56.16,-75.5],[54.32,-74.25],[54.75,-73.5],[55.44,-73.0],[55.48,-72.0],[54.5,-71.75],[51.75,-71.82],[35.25,-73.87],[32.25,-73.99],[26.5,-73.64],[21.5,-74.22],[12.5,-74.48],[7.58,-75.75],[7.23,-76.0],[7.49,-76.5],[7.17,-76.75],[7.58,-77.5],[6.96,-77.75],[6.56,-78.25],[8.54,-79.5],[13.5,-80.2],[19.07,-80.5],[25.27,-81.25],[24.87,-81.75],[19.5,-81.79],[8.5,-81.39],[2.0,-81.5],[1.23,-82.0],[0.5,-82.06],[-3.25,-82.0],[-12.5,-82.39],[-22.0,-83.52],[-25.0,-83.59],[-31.95,-85.5],[-35.5,-86.02],[-42.75,-86.45],[-55.75,-86.6],[-57.54,-86.75],[-57.73,-87.0],[-55.25,-87.27],[-48.0,-87.35],[-32.75,-88.52],[-25.0,-88.85],[32.72,-89.25]]}},{"type":"Feature","properties":{"level":1020},"geometry":{"type":"LineString","coordinates":[[-3.96,-81.75],[-3.0,-82.0],[-1.36,-81.75],[-3.5,-81.48],[-3.96,-81.75]]}},{"type":"Feature","properties":{"level":1020},"geometry":{"type":"LineString","coordinates":[[43.71,-55.5],[46.0,-55.64],[49.25,-55.11],[51.5,-54.26],[54.5,-52.64],[57.5,-50.55],[58.33,-49.5],[65.22,-44.0],[66.13,-42.0],[66.0,-41.75],[66.75,-41.37],[76.0,-40.95],[85.5,-41.17],[91.75,-40.46],[97.25,-38.87],[105.25,-35.92],[111.0,-34.32],[114.75,-33.91],[115.75,-34.25],[118.25,-34.04],[118.64,-33.75],[118.71,-33.0],[119.23,-32.25],[118.5,-30.31],[115.0,-28.05],[114.5,-27.95],[114.25,-28.48],[113.75,-28.25],[112.71,-27.0],[111.0,-25.82],[109.99,-24.75],[109.25,-23.54],[109.0,-23.59],[107.5,-21.78],[106.5,-21.18],[104.0,-20.72],[102.5,-20.03],[102.0,-20.16],[101.25,-19.81],[100.0,-19.98],[99.0,-19.56],[97.0,-19.57],[96.0,-19.14],[93.75,-19.67],[93.25,-19.46],[92.75,-19.73],[88.5,-20.16],[86.5,-19.63],[86.0,-19.29],[83.0,-18.7],[81.0,-19.4],[80.25,-19.25],[79.5,-19.51],[79.15,-20.0],[78.3,-20.5],[77.25,-20.48],[76.44,-22.0],[76.49,-22.5],[75.85,-23.75],[75.95,-24.25],[75.38,-24.25],[75.36,-24.75],[74.25,-25.9],[74.38,-26.25],[74.75,-26.18],[74.99,-26.5],[74.86,-27.25],[74.35,-28.0],[74.43,-29.25],[73.33,-31.0],[72.84,-31.0],[72.25,-31.98],[71.5,-32.16],[71.0,-32.64],[69.25,-33.06],[68.25,-32.96],[67.25,-32.56],[66.08,-31.5],[65.18,-29.25],[65.41,-26.25],[66.57,-24.75],[68.5,-23.79],[68.79,-23.0],[68.5,-22.36],[67.25,-21.04],[66.25,-20.5],[66.5,-19.96],[64.57,-18.75],[63.25,-18.22],[58.25,-17.35],[56.83,-16.75],[54.75,-15.29],[49.5,-13.17],[48.42,-14.0],[48.4,-15.75],[47.75,-17.01],[47.31,-17.0],[47.12,-17.75],[46.54,-18.25],[46.62,-20.25],[46.3,-20.5],[46.54,-21.0],[46.16,-21.5],[46.25,-21.87],[45.75,-21.93],[45.5,-22.31],[45.0,-22.49],[44.0,-22.25],[43.47,-22.75],[43.75,-23.5],[43.6,-24.25],[44.0,-24.74],[44.5,-25.0],[44.98,-24.25],[45.5,-24.04],[45.75,-24.39],[46.09,-24.25],[46.48,-25.25],[45.5,-25.75],[44.25,-25.9],[43.5,-25.63],[42.75,-25.85],[42.66,-24.5],[41.5,-24.16],[41.59,-26.0],[40.46,-27.5],[38.75,-29.01],[37.5,-28.57],[36.75,-28.79],[34.13,-27.0],[33.84,-25.75],[34.31,-24.75],[34.0,-23.81],[30.75,-22.57],[29.5,-22.88],[29.07,-23.25],[29.07,-24.0],[29.25,-24.26],[29.79,-24.25],[29.79,-24.5],[28.75,-27.19],[27.52,-28.0],[26.83,-29.0],[26.77,-29.25],[27.25,-29.47],[27.28,-29.75],[25.98,-31.25],[26.0,-31.85],[25.5,-32.09],[24.9,-31.75],[24.9,-32.25],[25.89,-32.75],[25.97,-33.5],[25.75,-33.79],[25.37,-33.75],[25.53,-34.25],[25.25,-34.56],[23.75,-35.52],[21.5,-37.61],[20.63,-38.0],[20.5,-38.84],[20.19,-39.25],[20.45,-40.5],[21.0,-41.34],[24.25,-44.97],[26.74,-47.0],[35.75,-52.59],[39.25,-54.28],[43.71,-55.5]]}},{"type":"Feature","properties":{"level":1020},"geometry":{"type":"LineString","coordinates":[[-43.99,-54.25],[-42.0,-54.26],[-40.5,-53.84],[-35.75,-51.78],[-30.09,-50.25],[-23.75,-47.91],[-21.82,-46.75],[-20.25,-45.47],[-16.77,-42.0],[-14.67,-39.25],[-13.3,-38.5],[-13.25,-38.0],[-12.75,-37.59],[-7.5,-34.5],[-4.25,-33.94],[-3.0,-33.44],[-2.56,-33.0],[-1.25,-32.8],[-0.49,-32.25],[0.75,-31.84],[3.5,-32.12],[4.0,-31.99],[4.25,-32.25],[7.25,-33.08],[9.0,-33.87],[10.0,-33.8],[10.64,-33.0],[10.66,-30.5],[8.75,-27.55],[5.2,-24.0],[-2.0,-20.11],[-7.75,-17.92],[-12.0,-17.13],[-20.25,-16.62],[-22.0,-17.27],[-23.75,-17.21],[-26.25,-17.59],[-31.0,-19.18],[-33.38,-20.25],[-34.0,-21.33],[-34.93,-21.75],[-37.5,-25.53],[-38.05,-26.75],[-37.99,-27.75],[-38.22,-28.25],[-38.5,-28.22],[-38.75,-28.52],[-39.0,-29.76],[-39.41,-30.25],[-39.54,-31.75],[-40.04,-32.5],[-39.77,-33.5],[-39.84,-35.5],[-39.6,-37.25],[-39.75,-38.22],[-41.35,-40.25],[-42.08,-42.0],[-43.05,-43.0],[-43.84,-44.5],[-44.09,-45.5],[-44.36,-49.75],[-45.27,-52.75],[-44.88,-54.0],[-43.99,-54.25]]}},{"type":"Feature","properties":{"level":1020},"geometry":{"type":"LineString","coordinates":[[-180.0,-52.97],[-178.25,-52.98],[-176.0,-52.56],[-173.5,-51.62],[-171.4,-50.25],[-170.17,-49.0],[-169.46,-47.5],[-166.62,-45.0],[-164.79,-43.75],[-159.5,-41.34],[-158.5,-40.59],[-153.93,-38.75],[-152.24,-37.75],[-148.36,-36.0],[-147.0,-34.97],[-146.25,-33.71],[-141.0,-32.61],[-135.75,-32.17],[-128.75,-32.7],[-122.0,-33.71],[-118.5,-33.85],[-115.75,-33.84],[-110.85,-32.75],[-111.0,-32.41],[-111.83,-32.25],[-112.02,-31.5],[-113.25,-31.01],[-113.76,-30.5],[-113.48,-30.25],[-113.76,-29.75],[-113.29,-29.25],[-114.0,-28.99],[-114.08,-28.75],[-112.5,-27.8],[-111.97,-27.0],[-112.5,-26.59],[-113.0,-26.86],[-113.25,-26.16],[-113.5,-26.14],[-114.5,-27.27],[-114.75,-27.33],[-115.0,-26.71],[-115.67,-27.25],[-115.52,-27.5],[-115.75,-27.74],[-116.17,-27.5],[-115.72,-27.0],[-115.71,-26.5],[-116.0,-26.33],[-116.37,-26.5],[-116.28,-26.75],[-116.5,-26.97],[-117.5,-27.3],[-117.73,-27.25],[-117.52,-27.0],[-117.75,-26.9],[-120.0,-26.79],[-121.25,-26.24],[-122.25,-26.1],[-122.19,-25.5],[-122.71,-25.0],[-123.5,-25.11],[-124.0,-24.39],[-126.0,-23.25],[-128.75,-22.34],[-129.25,-21.9],[-130.0,-22.02],[-131.14,-21.5],[-132.75,-21.27],[-134.75,-20.19],[-136.5,-20.41],[-139.75,-20.05],[-141.0,-20.58],[-143.25,-20.82],[-144.25,-20.53],[-145.25,-20.75],[-146.25,-20.43],[-148.25,-20.3],[-149.75,-19.68],[-150.75,-19.72],[-152.25,-19.23],[-153.75,-19.13],[-156.5,-19.82],[-157.25,-19.76],[-157.75,-20.03],[-158.0,-19.85],[-160.75,-20.05],[-161.75,-20.53],[-163.0,-20.34],[-164.25,-21.26],[-165.0,-21.07],[-165.75,-21.56],[-166.25,-21.11],[-167.0,-21.14],[-167.5,-21.48],[-167.75,-21.03],[-168.0,-21.03],[-168.75,-21.59],[-169.5,-21.29],[-171.5,-22.43],[-172.0,-22.18],[-172.5,-22.56],[-172.75,-22.21],[-173.0,-22.77],[-173.75,-22.66],[-173.73,-23.25],[-174.25,-23.69],[-174.5,-23.69],[-174.75,-23.09],[-176.25,-24.46],[-176.75,-24.25],[-178.0,-24.81],[-179.0,-25.72],[-178.65,-26.5],[-178.98,-27.5],[-179.5,-27.72],[-179.74,-28.5],[-180.0,-28.6]]}},{"type":"Feature","properties":{"level":1020},"geometry":{"type":"LineString","coordinates":[[175.75,-33.07],[175.75,-32.92],[175.75,-33.07]]}},{"type":"Feature","properties":{"level":1020},"geometry":{"type":"LineString","coordinates":[[-75.02,-32.75],[-74.75,-32.85],[-74.75,-32.43],[-75.0,-32.49],[-75.02,-32.75]]}},{"type":"Feature","properties":{"level":1020},"geometry":{"type":"LineString","coordinates":[[-110.46,-32.5],[-110.11,-32.5],[-110.46,-32.5]]}},{"type":"Feature","properties":{"level":1020},"geometry":{"type":"LineString","coordinates":[[-76.17,-32.25],[-75.75,-32.48],[-75.67,-32.25],[-75.75,-32.0],[-76.25,-31.82],[-76.39,-32.0],[-76.17,-32.25]]}},{"type":"Feature","properties":{"level":1020},"geometry":{"type":"LineString","coordinates":[[-77.38,-31.5],[-77.0,-31.65],[-76.87,-31.5],[-77.16,-30.25],[-77.05,-29.75],[-78.75,-28.87],[-80.0,-28.83],[-79.64,-29.75],[-79.76,-30.0],[-79.46,-30.0],[-79.61,-30.25],[-78.5,-30.79],[-78.0,-30.76],[-77.38,-31.5]]}},{"type":"Feature","properties":{"level":1020},"geometry":{"type":"LineString","coordinates":[[-110.92,-31.0],[-109.75,-30.91],[-109.75,-30.16],[-110.92,-31.0]]}},{"type":"Feature","properties":{"level":1020},"geometry":{"type":"LineString","coordinates":[[-70.68,-31.0],[-70.42,-31.0],[-70.13,-29.75],[-68.75,-27.75],[-68.9,-27.25],[-68.29,-26.75],[-68.5,-25.58],[-69.0,-26.74],[-69.25,-26.72],[-70.05,-28.5],[-69.95,-28.75],[-70.54,-29.5],[-70.68,-31.0]]}},{"type":"Feature","properties":{"level":1020},"geometry":{"type":"LineString","coordinates":[[-78.25,-30.71],[-78.45,-30.5],[-78.25,-30.38],[-77.85,-30.5],[-78.25,-30.71]]}},{"type":"Feature","properties":{"level":1020},"geometry":{"type":"LineString","coordinates":[[-113.18,-30.25],[-112.95,-30.25],[-113.18,-30.25]]}},{"type":"Feature","properties":{"level":1020},"geometry":{"type":"LineString","coordinates":[[-111.94,-30.25],[-111.71,-30.25],[-111.94,-30.25]]}},{"type":"Feature","properties":{"level":1020},"geometry":{"type":"LineString","coordinates":[[-78.75,-30.44],[-78.75,-30.13],[-78.75,-30.44]]}},{"type":"Feature","properties":{"level":1020},"geometry":{"type":"LineString","coordinates":[[-111.26,-29.5],[-110.92,-29.0],[-111.25,-28.74],[-111.26,-29.5]]}},{"type":"Feature","properties":{"level":1020},"geometry":{"type":"LineString","coordinates":[[-113.1,-29.0],[-112.75,-29.17],[-111.7,-28.0],[-111.5,-27.44],[-111.75,-27.37],[-113.1,-29.0]]}},{"type":"Feature","properties":{"level":1020},"geometry":{"type":"LineString","coordinates":[[180.0,-28.6],[179.25,-28.37],[178.75,-28.53],[178.25,-28.0],[177.0,-27.78],[175.75,-27.1],[174.75,-26.86],[173.5,-26.89],[171.0,-26.33],[170.0,-25.63],[169.5,-25.83],[169.0,-25.51],[168.75,-25.72],[165.75,-25.31],[162.5,-25.81],[161.5,-26.18],[159.75,-25.89],[158.75,-26.0],[157.75,-26.62],[156.25,-26.78],[155.4,-28.0],[156.15,-29.5],[156.36,-30.25],[156.09,-30.5],[156.51,-31.5],[156.18,-34.75],[156.81,-36.0],[158.92,-38.75],[159.65,-42.0],[159.81,-44.75],[160.5,-46.47],[161.95,-49.0],[162.91,-51.5],[165.75,-52.77],[170.0,-53.35],[173.75,-53.54],[180.0,-52.97]]}},{"type":"Feature","properties":{"level":1020},"geometry":{"type":"LineString","coordinates":[[-113.5,-27.7],[-113.5,-27.1],[-113.15,-27.5],[-113.5,-27.7]]}},{"type":"Feature","properties":{"level":1020},"geometry":{"type":"LineString","coordinates":[[-81.34,-27.0],[-81.06,-27.0],[-81.25,-26.76],[-81.34,-27.0]]}},{"type":"Feature","properties":{"level":1020},"geometry":{"type":"LineString","coordinates":[[74.14,-27.0],[74.37,-27.0],[74.14,-27.0]]}},{"type":"Feature","properties":{"level":1020},"geometry":{"type":"LineString","coordinates":[[75.25,-27.07],[75.25,-26.71],[75.25,-27.07]]}},{"type":"Feature","properties":{"level":1020},"geometry":{"type":"LineString","coordinates":[[-81.46,-26.25],[-81.0,-26.25],[-81.25,-25.93],[-81.54,-26.0],[-81.46,-26.25]]}},{"type":"Feature","properties":{"level":1020},"geometry":{"type":"LineString","coordinates":[[42.77,-24.75],[43.0,-24.93],[43.04,-24.5],[42.77,-24.75]]}},{"type":"Feature","properties":{"level":1020},"geometry":{"type":"LineString","coordinates":[[76.25,-24.85],[76.08,-24.5],[76.25,-24.38],[76.52,-24.75],[76.25,-24.85]]}},{"type":"Feature","properties":{"level":1020},"geometry":{"type":"LineString","coordinates":[[-67.77,-23.75],[-67.75,-22.77],[-67.77,-23.75]]}},{"type":"Feature","properties":{"level":1020},"geometry":{"type":"LineString","coordinates":[[45.0,-23.9],[44.7,-23.5],[45.25,-23.36],[45.35,-23.5],[45.0,-23.9]]}},{"type":"Feature","properties":{"level":1020},"geometry":{"type":"LineString","coordinates":[[-94.63,-22.5],[-94.25,-22.6],[-93.13,-22.25],[-94.25,-21.9],[-95.37,-22.0],[-94.63,-22.5]]}},{"type":"Feature","properties":{"level":1020},"geometry":{"type":"LineString","coordinates":[[49.23,-12.75],[49.42,-12.75],[49.25,-12.49],[49.23,-12.75]]}},{"type":"Feature","properties":{"level":1020},"geometry":{"type":"LineString","coordinates":[[136.91,-4.0],[138.34,-4.0],[136.91,-4.0]]}},{"type":"Feature","properties":{"level":1020},"geometry":{"type":"LineString","coordinates":[[38.28,6.0],[38.75,5.92],[39.35,6.5],[40.0,6.68],[40.25,7.14],[39.75,7.32],[39.25,6.92],[38.75,6.9],[38.28,6.0]]}},{"type":"Feature","properties":{"level":1020},"geometry":{"type":"LineString","coordinates":[[38.9,7.25],[39.0,7.02],[39.68,8.0],[39.25,8.0],[38.9,7.25]]}},{"type":"Feature","properties":{"level":1020},"geometry":{"type":"LineString","coordinates":[[38.35,9.25],[39.5,9.24],[39.78,9.75],[39.55,12.0],[39.25,12.34],[38.81,11.0],[39.36,10.0],[38.68,9.75],[38.35,9.25]]}},{"type":"Feature","properties":{"level":1020},"geometry":{"type":"LineString","coordinates":[[19.67,23.75],[20.75,23.92],[21.25,24.34],[21.5,24.08],[22.25,24.08],[22.84,25.0],[23.56,25.0],[24.25,25.89],[25.0,25.43],[25.75,25.58],[26.25,24.97],[26.75,24.89],[26.36,26.5],[26.44,28.0],[25.5,28.83],[24.45,29.0],[24.18,29.75],[24.75,30.4],[25.5,30.8],[26.25,30.47],[27.5,30.41],[28.25,30.75],[27.22,31.5],[26.99,32.0],[27.07,33.0],[27.46,33.5],[26.7,34.5],[27.5,35.5],[27.5,36.1],[28.0,36.05],[28.15,36.25],[27.5,36.4],[27.75,36.82],[28.1,37.0],[28.75,36.9],[29.5,36.11],[29.75,36.14],[30.5,36.45],[30.59,37.0],[31.0,37.17],[32.75,36.16],[33.25,36.76],[34.0,36.64],[35.5,37.68],[36.5,37.5],[36.75,37.83],[37.25,37.54],[40.25,38.37],[41.63,38.0],[41.63,37.75],[40.67,37.5],[41.0,37.37],[41.5,37.28],[41.75,37.66],[43.25,36.87],[44.46,36.75],[44.41,36.25],[45.11,36.25],[45.25,35.24],[45.75,35.43],[46.0,35.3],[46.0,34.03],[46.5,33.43],[47.0,33.24],[47.25,33.75],[47.5,33.52],[48.29,33.5],[48.25,33.03],[48.75,33.22],[49.0,33.07],[50.01,32.0],[50.25,31.12],[50.5,31.17],[51.0,30.56],[51.5,30.43],[52.25,29.38],[52.5,30.19],[53.25,30.37],[53.75,30.06],[53.87,30.25],[51.24,32.5],[51.5,33.08],[52.75,32.62],[52.97,32.75],[52.88,33.0],[52.0,33.38],[51.0,34.37],[50.61,34.25],[50.77,34.0],[50.5,33.86],[50.37,34.5],[49.87,35.0],[50.69,35.25],[51.25,35.82],[52.25,35.35],[53.5,35.52],[54.5,35.11],[55.0,35.41],[55.75,35.3],[56.25,35.5],[58.54,35.25],[58.94,34.5],[58.75,34.19],[58.25,34.41],[58.18,34.25],[58.93,33.5],[59.52,32.5],[59.5,32.06],[60.25,31.87],[60.84,32.5],[61.12,33.5],[61.5,33.74],[64.0,33.53],[64.5,33.14],[66.25,33.96],[67.0,33.84],[67.0,33.41],[67.75,33.44],[68.98,34.75],[68.92,35.0],[71.0,35.21],[72.0,36.04],[71.99,35.5],[72.75,35.21],[73.88,36.0],[73.2,36.25],[73.25,36.44],[73.75,36.45],[74.5,36.16],[74.92,35.5],[74.25,35.09],[73.5,35.33],[73.25,34.89],[73.75,34.63],[74.25,34.86],[75.0,34.45],[76.57,32.25],[77.25,32.06],[77.94,31.25],[78.75,30.69],[79.64,30.5],[79.75,30.18],[80.75,30.04],[81.0,29.73],[81.5,29.64],[82.0,29.92],[82.36,29.75],[82.46,29.25],[83.2,29.0],[83.01,28.75],[83.25,28.59],[85.25,28.53],[85.61,28.0],[86.25,27.92],[86.5,27.62],[87.25,27.74],[88.25,27.39],[88.5,27.63],[89.5,27.24],[89.75,27.76],[90.75,27.5],[91.25,27.84],[91.9,27.5],[92.0,27.2],[93.25,28.31],[95.0,29.2],[95.31,28.75],[96.0,28.85],[96.75,28.0],[96.75,27.65],[97.75,28.04],[98.0,27.91],[98.65,27.25],[98.75,26.48],[99.5,26.62],[99.62,27.25],[100.0,27.27],[100.19,28.0],[100.5,28.07],[101.0,26.65],[101.5,27.05],[102.5,26.54],[102.5,25.93],[102.83,25.75],[103.0,25.26],[103.25,25.37],[103.75,25.08],[103.69,24.75],[104.0,24.41],[104.5,24.77],[105.0,24.75],[105.25,24.49],[105.75,24.84],[106.5,24.48],[108.0,25.38],[108.75,25.35],[110.0,25.78],[111.25,25.43],[113.07,26.25],[114.25,26.36],[114.22,27.25],[114.5,27.18],[114.87,27.75],[114.94,28.5],[115.75,28.75],[116.25,29.43],[117.25,29.78],[118.25,29.46],[119.74,30.5],[120.4,35.25],[120.29,36.5],[119.94,37.25],[119.74,39.75],[120.26,40.75],[120.51,42.25],[119.76,43.5],[120.59,45.25],[120.52,45.75],[120.27,46.75],[119.75,46.93],[118.5,46.51],[117.25,46.44],[116.75,46.63],[116.25,46.36],[115.25,46.69],[115.0,46.98],[113.5,47.18],[113.51,47.5],[112.39,48.25],[112.57,49.5],[112.41,50.0],[111.75,50.15],[111.9,50.5],[111.58,50.75],[108.25,51.74],[108.03,52.5],[106.25,52.47],[106.5,53.31],[105.5,53.79],[105.0,53.76],[104.53,54.5],[103.75,54.84],[102.75,54.95],[103.04,55.25],[102.0,55.29],[100.5,56.08],[100.19,56.0],[100.15,55.5],[99.13,55.25],[102.17,54.25],[102.52,54.0],[102.48,53.75],[100.0,53.8],[98.75,54.31],[95.75,54.59],[95.47,54.5],[95.76,54.25],[95.3,53.75],[95.6,53.5],[95.25,53.17],[94.25,52.67],[93.5,52.79],[91.95,52.25],[91.5,51.59],[90.75,51.25],[91.0,50.95],[91.0,50.44],[89.45,50.5],[90.0,49.76],[90.94,49.75],[91.05,49.5],[90.6,49.25],[90.68,49.0],[89.95,49.0],[90.11,49.25],[89.75,49.73],[89.0,49.54],[88.0,49.88],[85.74,49.0],[86.19,48.5],[88.28,47.75],[89.38,47.0],[89.92,46.25],[89.95,45.5],[90.72,45.25],[91.5,44.25],[91.05,43.75],[89.75,43.6],[88.25,43.91],[87.93,43.5],[87.25,43.27],[86.25,43.62],[84.25,43.86],[84.25,43.24],[80.25,42.48],[79.25,42.58],[77.0,41.77],[76.32,41.75],[76.44,41.5],[76.18,41.25],[75.0,40.92],[74.2,41.25],[74.25,41.54],[72.75,41.57],[72.39,42.0],[73.75,42.46],[75.75,42.45],[78.09,43.25],[77.75,43.5],[75.86,43.25],[75.67,43.75],[75.24,44.0],[74.91,45.75],[73.75,46.66],[72.68,46.75],[71.5,47.44],[69.75,46.97],[65.5,46.57],[65.0,46.72],[63.75,46.44],[62.75,46.7],[55.75,47.06],[52.25,47.79],[50.25,48.59],[48.25,49.83],[47.0,50.92],[46.3,51.75],[45.89,53.0],[44.45,55.25],[42.5,57.03],[40.93,56.75],[39.25,55.48],[38.7,54.5],[37.5,54.28],[34.0,54.99],[32.5,54.95],[31.5,55.49],[29.75,55.97],[25.0,56.23],[22.25,56.94],[18.0,57.2],[14.5,58.07],[11.5,58.19],[0.5,56.51],[-2.0,55.82],[-4.75,55.7],[-7.0,54.96],[-9.0,54.81],[-32.0,48.77],[-32.5,48.92],[-33.39,50.5],[-34.25,51.13],[-39.13,52.25],[-44.75,52.64],[-53.25,53.93],[-57.25,53.94],[-60.5,54.46],[-63.75,54.45],[-64.04,54.5],[-63.66,54.75],[-64.25,54.92],[-68.5,52.9],[-69.75,52.99],[-70.35,52.0],[-70.39,50.5],[-70.75,50.08],[-72.0,49.65],[-72.39,49.25],[-71.0,48.66],[-70.66,48.25],[-70.75,47.88],[-71.93,47.5],[-73.84,46.0],[-74.1,45.5],[-73.6,45.25],[-73.79,44.5],[-76.5,43.74],[-76.95,42.75],[-78.24,41.75],[-78.61,39.25],[-79.25,38.56],[-80.5,38.13],[-80.39,37.75],[-80.6,37.25],[-80.36,37.0],[-82.1,36.0],[-82.27,35.5],[-80.75,35.57],[-79.25,36.16],[-79.47,36.5],[-78.04,37.5],[-77.57,38.75],[-76.25,39.23],[-74.5,38.97],[-71.75,38.15],[-71.5,38.6],[-70.75,38.46],[-68.75,39.82],[-67.5,40.2],[-66.5,40.21],[-65.48,39.25],[-65.75,38.03],[-66.97,37.0],[-67.8,36.75],[-68.75,36.05],[-69.25,36.04],[-69.68,35.5],[-70.5,35.36],[-71.17,34.75],[-71.0,34.45],[-70.13,34.25],[-70.78,33.5],[-70.7,32.75],[-71.43,31.5],[-71.25,31.32],[-70.25,31.13],[-69.0,31.7],[-68.5,31.06],[-67.25,30.88],[-65.5,31.08],[-65.28,31.0],[-65.75,30.65],[-66.62,30.5],[-65.25,30.03],[-63.0,30.56],[-60.5,30.55],[-58.75,31.04],[-58.09,30.75],[-58.36,29.75],[-57.99,29.0],[-57.61,28.75],[-56.0,28.46],[-54.5,28.67],[-54.0,28.46],[-52.75,28.81],[-52.5,28.49],[-48.75,30.25],[-48.03,30.25],[-47.0,29.77],[-46.0,30.48],[-45.25,30.21],[-43.25,30.11],[-39.0,31.18],[-37.5,32.03],[-36.5,33.25],[-36.37,35.5],[-35.75,37.05],[-34.25,38.0],[-32.5,38.29],[-31.5,37.85],[-30.25,36.42],[-29.76,35.25],[-29.85,34.75],[-29.0,31.24],[-28.25,30.78],[-26.25,30.77],[-24.5,31.37],[-21.69,33.0],[-20.5,34.27],[-17.5,35.6],[-16.23,36.75],[-14.7,39.5],[-13.5,40.73],[-10.23,42.75],[-9.25,43.09],[-8.25,43.07],[-7.75,42.8],[-6.67,42.75],[-6.53,42.5],[-6.92,42.25],[-6.75,42.01],[-5.5,42.63],[-4.25,42.0],[-3.75,42.1],[-3.24,41.5],[-4.46,40.75],[-4.25,40.58],[-3.04,40.75],[-2.67,40.0],[-1.88,39.25],[-1.76,39.0],[-2.25,38.88],[-2.6,38.25],[-3.33,38.25],[-3.24,37.75],[-3.83,37.5],[-3.76,37.25],[-5.0,36.82],[-5.0,36.63],[-4.0,36.69],[-3.75,36.37],[-3.0,36.38],[-2.5,36.86],[-1.85,37.0],[-1.05,37.75],[-1.75,38.08],[-1.75,38.57],[-1.0,38.01],[-0.25,38.5],[0.5,38.33],[1.25,38.94],[1.66,39.0],[1.5,39.5],[1.68,39.75],[2.5,40.08],[3.0,40.0],[2.35,39.5],[2.97,39.25],[3.18,38.5],[3.77,38.25],[4.35,37.0],[-0.25,34.87],[-1.25,35.14],[-2.5,35.01],[-2.75,35.22],[-3.5,34.91],[-5.25,35.26],[-4.25,34.62],[-4.06,34.25],[-4.5,33.81],[-5.0,33.69],[-5.5,32.81],[-7.0,31.58],[-8.85,31.0],[-7.89,30.75],[-8.0,30.16],[-7.33,30.25],[-7.0,31.11],[-5.5,30.94],[-5.31,31.25],[-5.5,31.5],[-3.0,32.51],[-2.0,31.79],[-1.25,31.83],[-1.11,31.5],[0.0,30.84],[1.25,31.02],[2.5,30.67],[5.0,31.06],[6.0,30.9],[7.25,30.53],[8.75,29.67],[9.25,28.19],[12.35,26.5],[11.47,25.75],[11.48,25.0],[11.75,24.44],[12.25,24.43],[12.5,24.76],[14.0,25.4],[14.75,25.46],[15.07,25.25],[15.17,24.75],[15.75,24.59],[16.0,24.18],[17.25,24.56],[18.75,24.42],[19.67,23.75]]}},{"type":"Feature","properties":{"level":1020},"geometry":{"type":"LineString","coordinates":[[-106.02,25.75],[-105.69,26.5],[-105.75,26.94],[-106.0,26.9],[-106.36,26.25],[-106.02,25.75]]}},{"type":"Feature","properties":{"level":1020},"geometry":{"type":"LineString","coordinates":[[112.66,25.75],[112.89,25.75],[112.66,25.75]]}},{"type":"Feature","properties":{"level":1020},"geometry":{"type":"LineString","coordinates":[[-106.62,26.75],[-106.25,27.4],[-105.73,27.75],[-105.5,28.63],[-103.75,27.99],[-103.5,28.1],[-103.12,28.5],[-103.8,29.0],[-103.87,29.25],[-103.5,29.44],[-103.0,29.46],[-102.84,29.25],[-102.63,28.75],[-102.72,28.25],[-102.45,28.0],[-102.75,27.75],[-102.5,27.4],[-102.25,27.61],[-101.87,27.25],[-101.86,28.75],[-101.66,29.0],[-102.32,29.75],[-101.75,30.29],[-101.85,30.75],[-101.25,31.03],[-100.5,31.96],[-99.57,31.5],[-99.75,30.66],[-99.34,31.5],[-98.5,31.87],[-98.09,32.75],[-97.26,33.25],[-97.0,33.85],[-96.25,34.66],[-95.25,35.25],[-95.25,35.56],[-93.25,35.81],[-93.0,36.53],[-89.75,37.5],[-88.23,39.25],[-87.5,39.64],[-86.5,39.6],[-86.02,40.25],[-87.0,40.72],[-87.27,41.25],[-88.45,42.25],[-88.58,42.75],[-88.3,43.75],[-88.79,44.0],[-89.42,46.0],[-88.95,47.0],[-91.39,47.5],[-91.38,48.75],[-93.15,51.5],[-92.11,51.5],[-93.59,53.25],[-93.67,53.75],[-93.26,54.25],[-93.35,54.75],[-94.03,55.5],[-93.88,55.75],[-93.05,56.0],[-92.62,56.5],[-92.64,57.25],[-93.01,57.75],[-93.01,58.75],[-93.59,59.75],[-95.25,60.96],[-96.24,62.25],[-99.47,65.25],[-101.38,66.5],[-104.25,67.2],[-105.75,67.18],[-109.0,67.64],[-110.5,67.58],[-110.83,67.5],[-111.66,66.25],[-112.5,65.72],[-113.04,65.0],[-112.73,63.0],[-113.17,62.25],[-112.84,61.5],[-113.25,59.25],[-112.37,58.25],[-113.58,57.0],[-112.25,56.02],[-112.34,55.25],[-110.53,51.25],[-108.96,50.0],[-109.44,49.5],[-108.31,48.25],[-108.39,48.0],[-105.25,46.49],[-104.6,45.0],[-103.25,44.25],[-103.5,43.95],[-104.5,44.48],[-104.9,44.0],[-104.75,43.68],[-103.4,43.25],[-103.5,42.79],[-103.87,42.5],[-103.72,42.0],[-104.0,41.59],[-104.75,41.3],[-105.5,40.57],[-106.25,41.57],[-106.58,41.5],[-106.5,40.88],[-107.75,41.75],[-108.25,41.19],[-108.5,41.29],[-109.25,40.88],[-110.75,41.08],[-111.2,40.75],[-111.14,40.0],[-111.75,38.79],[-112.5,38.5],[-112.51,38.0],[-113.15,37.5],[-112.25,37.17],[-111.5,37.29],[-110.75,37.77],[-110.75,38.16],[-111.29,38.25],[-111.0,38.7],[-110.56,38.75],[-110.5,39.19],[-111.0,38.95],[-110.75,39.5],[-109.75,38.87],[-109.1,39.0],[-109.5,38.2],[-110.18,37.75],[-110.42,37.0],[-111.75,36.49],[-112.0,36.96],[-112.39,36.5],[-111.86,35.5],[-111.98,35.25],[-111.25,34.72],[-111.04,35.0],[-111.44,35.75],[-111.25,36.0],[-110.25,35.16],[-109.63,35.25],[-109.1,34.5],[-109.75,34.13],[-109.74,33.75],[-109.5,33.52],[-109.0,33.55],[-108.42,33.0],[-108.67,32.5],[-108.25,31.75],[-107.75,31.43],[-106.75,31.36],[-106.03,30.75],[-106.0,30.43],[-105.25,30.49],[-105.25,30.83],[-104.76,30.75],[-104.62,30.0],[-104.05,29.75],[-104.5,28.7],[-104.71,28.75],[-104.59,29.25],[-105.0,29.46],[-104.88,29.75],[-105.25,30.07],[-105.75,29.44],[-106.5,30.09],[-107.68,29.5],[-106.87,28.75],[-107.75,28.32],[-107.8,28.0],[-106.62,26.75]]}},{"type":"Feature","properties":{"level":1020},"geometry":{"type":"LineString","coordinates":[[89.25,28.27],[88.9,28.75],[88.25,29.06],[88.0,28.83],[86.65,29.25],[89.25,29.6],[89.75,29.34],[90.0,29.49],[90.09,29.25],[89.25,28.27]]}},{"type":"Feature","properties":{"level":1020},"geometry":{"type":"LineString","coordinates":[[99.25,28.43],[99.35,28.75],[98.88,29.0],[99.0,29.14],[99.75,29.21],[100.14,29.0],[99.75,28.36],[99.25,28.43]]}},{"type":"Feature","properties":{"level":1020},"geometry":{"type":"LineString","coordinates":[[57.42,29.0],[57.83,29.25],[57.75,29.81],[57.25,30.72],[56.71,31.0],[57.22,30.25],[57.0,29.9],[55.74,30.0],[56.5,29.22],[57.42,29.0]]}},{"type":"Feature","properties":{"level":1020},"geometry":{"type":"LineString","coordinates":[[91.25,28.98],[90.63,29.25],[91.0,29.59],[91.57,29.5],[91.25,29.61],[91.25,30.02],[92.47,29.75],[92.05,29.5],[92.32,29.25],[92.07,29.0],[91.25,28.98]]}},{"type":"Feature","properties":{"level":1020},"geometry":{"type":"LineString","coordinates":[[84.75,29.24],[84.1,29.5],[84.25,29.68],[85.18,29.25],[84.75,29.24]]}},{"type":"Feature","properties":{"level":1020},"geometry":{"type":"LineString","coordinates":[[-68.97,30.75],[-68.75,30.57],[-68.01,30.75],[-68.25,30.94],[-68.97,30.75]]}},{"type":"Feature","properties":{"level":1020},"geometry":{"type":"LineString","coordinates":[[53.83,31.5],[54.25,31.29],[54.33,31.5],[53.5,32.25],[53.24,32.0],[53.83,31.5]]}},{"type":"Feature","properties":{"level":1020},"geometry":{"type":"LineString","coordinates":[[-180.0,32.0],[-175.5,31.29],[-173.0,30.4],[-170.75,28.96],[-167.75,26.53],[-165.25,25.09],[-159.0,24.57],[-153.75,25.58],[-152.0,26.2],[-150.76,27.25],[-150.73,27.5],[-151.08,27.75],[-150.25,28.48],[-149.79,29.25],[-149.88,30.25],[-149.47,31.5],[-147.75,34.25],[-143.0,37.91],[-141.75,38.34],[-141.5,38.03],[-141.11,35.75],[-140.7,35.0],[-140.84,34.25],[-140.25,33.78],[-140.0,34.09],[-139.5,34.15],[-138.75,33.69],[-138.26,34.25],[-137.75,34.42],[-137.5,34.91],[-136.25,35.21],[-132.98,38.5],[-132.5,39.49],[-132.21,39.5],[-131.5,40.84],[-130.25,42.21],[-128.52,46.0],[-128.75,46.66],[-129.16,47.0],[-130.75,47.02],[-133.48,45.75],[-138.5,42.64],[-139.25,43.01],[-140.25,43.06],[-141.5,44.13],[-144.5,44.33],[-156.5,42.58],[-161.5,42.18],[-163.25,42.63],[-164.5,42.47],[-167.25,42.74],[-170.5,42.48],[-173.25,42.59],[-174.0,42.87],[-175.0,42.79],[-180.0,43.64]]}},{"type":"Feature","properties":{"level":1020},"geometry":{"type":"LineString","coordinates":[[-1.5,33.25],[-2.75,33.31],[-2.95,33.5],[-2.0,33.93],[-1.75,34.31],[-1.36,34.25],[-1.25,33.83],[-1.1,34.25],[-0.75,34.38],[0.5,34.43],[0.73,34.25],[0.0,33.87],[-0.5,33.93],[-1.5,33.25]]}},{"type":"Feature","properties":{"level":1020},"geometry":{"type":"LineString","coordinates":[[77.0,33.69],[76.92,34.0],[75.81,34.5],[75.99,35.0],[75.37,35.5],[76.25,35.25],[76.16,35.0],[76.39,34.75],[77.9,34.0],[77.75,33.71],[77.0,33.69]]}},{"type":"Feature","properties":{"level":1020},"geometry":{"type":"LineString","coordinates":[[-3.5,34.18],[-3.25,34.65],[-2.88,34.5],[-3.25,34.13],[-3.5,34.18]]}},{"type":"Feature","properties":{"level":1020},"geometry":{"type":"LineString","coordinates":[[-69.5,34.78],[-69.34,35.25],[-69.0,35.29],[-69.5,34.78]]}},{"type":"Feature","properties":{"level":1020},"geometry":{"type":"LineString","coordinates":[[81.0,36.21],[80.5,36.63],[80.0,36.59],[77.03,37.5],[76.54,38.0],[76.64,38.25],[75.29,39.25],[75.27,39.5],[76.91,40.25],[78.5,40.32],[79.5,40.7],[79.7,41.0],[79.29,41.25],[79.5,41.45],[81.0,41.45],[81.75,41.75],[84.25,42.01],[85.75,41.81],[86.5,42.08],[87.0,41.79],[87.25,41.93],[87.43,41.75],[86.71,41.5],[88.88,40.5],[90.5,40.83],[91.25,40.71],[91.83,40.25],[91.45,39.75],[88.5,38.9],[83.63,36.75],[82.5,36.68],[81.0,36.21]]}},{"type":"Feature","properties":{"level":1020},"geometry":{"type":"LineString","coordinates":[[-118.54,36.5],[-118.25,36.26],[-118.15,36.5],[-118.75,37.58],[-118.91,37.25],[-118.54,36.5]]}},{"type":"Feature","properties":{"level":1020},"geometry":{"type":"LineString","coordinates":[[1.72,36.5],[2.18,36.5],[1.72,36.5]]}},{"type":"Feature","properties":{"level":1020},"geometry":{"type":"LineString","coordinates":[[45.75,36.97],[45.5,37.02],[45.08,37.75],[45.25,38.28],[46.0,38.22],[46.2,38.0],[46.01,37.75],[46.15,37.0],[45.75,36.97]]}},{"type":"Feature","properties":{"level":1020},"geometry":{"type":"LineString","coordinates":[[68.0,36.91],[66.58,37.5],[67.75,38.52],[69.25,38.58],[69.75,38.37],[69.83,38.0],[69.5,37.4],[69.0,37.47],[68.5,36.84],[68.0,36.91]]}},{"type":"Feature","properties":{"level":1020},"geometry":{"type":"LineString","coordinates":[[26.5,37.15],[26.32,37.5],[26.53,38.0],[27.24,38.0],[27.28,37.25],[26.5,37.15]]}},{"type":"Feature","properties":{"level":1020},"geometry":{"type":"LineString","coordinates":[[3.5,37.75],[3.5,38.08],[3.5,37.75]]}},{"type":"Feature","properties":{"level":1020},"geometry":{"type":"LineString","coordinates":[[26.54,37.75],[26.88,37.75],[26.54,37.75]]}},{"type":"Feature","properties":{"level":1020},"geometry":{"type":"LineString","coordinates":[[28.5,37.69],[28.75,38.34],[29.25,38.37],[29.62,38.0],[29.45,37.75],[28.5,37.69]]}},{"type":"Feature","properties":{"level":1020},"geometry":{"type":"LineString","coordinates":[[-105.25,39.21],[-105.38,39.5],[-105.02,39.75],[-105.19,40.25],[-104.75,40.62],[-104.25,40.5],[-104.04,40.25],[-104.22,39.75],[-105.25,39.21]]}},{"type":"Feature","properties":{"level":1020},"geometry":{"type":"LineString","coordinates":[[-109.5,39.49],[-110.0,39.57],[-110.73,40.25],[-109.25,40.54],[-109.0,40.26],[-109.11,40.75],[-108.75,40.97],[-107.63,40.25],[-107.75,39.99],[-109.5,39.49]]}},{"type":"Feature","properties":{"level":1020},"geometry":{"type":"LineString","coordinates":[[-86.08,39.5],[-85.86,39.5],[-86.08,39.5]]}},{"type":"Feature","properties":{"level":1020},"geometry":{"type":"LineString","coordinates":[[-85.8,39.75],[-85.75,39.93],[-85.8,39.75]]}},{"type":"Feature","properties":{"level":1020},"geometry":{"type":"LineString","coordinates":[[-5.78,40.25],[-5.25,40.21],[-4.77,40.5],[-5.31,40.75],[-5.5,41.29],[-5.78,40.25]]}},{"type":"Feature","properties":{"level":1020},"geometry":{"type":"LineString","coordinates":[[71.5,40.24],[70.4,40.5],[71.4,41.5],[71.75,41.55],[72.43,40.75],[72.38,40.5],[71.5,40.24]]}},{"type":"Feature","properties":{"level":1020},"geometry":{"type":"LineString","coordinates":[[-110.28,41.5],[-109.5,41.36],[-108.92,41.75],[-108.81,42.25],[-108.89,42.75],[-109.65,43.5],[-109.12,43.75],[-109.73,44.5],[-109.4,45.0],[-110.0,45.32],[-110.5,45.25],[-110.75,44.82],[-111.0,45.05],[-111.49,44.75],[-110.81,44.0],[-111.23,43.25],[-110.98,43.0],[-110.92,42.0],[-110.28,41.5]]}},{"type":"Feature","properties":{"level":1020},"geometry":{"type":"LineString","coordinates":[[-87.26,41.75],[-86.75,41.72],[-86.5,42.15],[-87.25,42.01],[-87.26,41.75]]}},{"type":"Feature","properties":{"level":1020},"geometry":{"type":"LineString","coordinates":[[89.25,42.46],[88.3,42.75],[88.5,43.0],[89.5,43.01],[90.1,42.5],[89.25,42.46]]}},{"type":"Feature","properties":{"level":1020},"geometry":{"type":"LineString","coordinates":[[180.0,43.64],[155.0,48.42],[152.75,48.56],[148.75,48.31],[146.0,47.27],[142.76,45.0],[142.0,45.04],[141.43,43.75],[141.75,42.91],[141.07,42.75],[141.75,42.66],[142.65,42.0],[142.74,41.25],[143.25,40.36],[144.75,39.2],[145.5,38.95],[146.75,39.08],[147.25,38.73],[150.25,38.61],[153.0,37.25],[157.25,36.83],[158.25,36.32],[161.25,35.69],[162.86,34.25],[164.5,33.87],[164.49,33.25],[164.79,32.75],[165.6,32.5],[165.75,32.19],[166.87,32.0],[168.0,31.15],[170.75,30.8],[173.75,31.49],[175.5,30.97],[180.0,32.0]]}},{"type":"Feature","properties":{"level":1020},"geometry":{"type":"LineString","coordinates":[[135.97,46.0],[137.0,45.96],[137.87,46.75],[137.89,47.5],[138.33,47.75],[138.25,48.7],[136.75,47.44],[135.92,46.25],[135.97,46.0]]}},{"type":"Feature","properties":{"level":1020},"geometry":{"type":"LineString","coordinates":[[103.25,53.64],[103.07,53.75],[103.25,54.07],[103.62,53.75],[103.25,53.64]]}},{"type":"Feature","properties":{"level":1020},"geometry":{"type":"LineString","coordinates":[[98.24,55.5],[99.0,55.54],[99.45,56.25],[98.25,56.8],[96.75,56.81],[97.0,56.3],[98.24,55.5]]}},{"type":"Feature","properties":{"level":1020},"geometry":{"type":"LineString","coordinates":[[99.84,56.75],[100.5,56.62],[101.03,57.25],[99.44,58.25],[100.15,58.75],[99.94,59.0],[99.14,59.25],[97.75,60.29],[95.66,61.25],[95.5,61.54],[94.32,61.75],[93.5,62.58],[92.75,62.59],[92.5,62.89],[91.0,63.01],[89.43,62.5],[89.42,62.0],[90.03,61.5],[90.23,61.0],[90.75,60.75],[91.66,59.5],[93.5,58.13],[94.75,57.92],[95.75,57.3],[96.7,58.0],[97.5,58.07],[97.73,58.0],[97.46,57.75],[98.75,57.18],[99.25,57.21],[99.84,56.75]]}},{"type":"Feature","properties":{"level":1020},"geometry":{"type":"LineString","coordinates":[[-37.06,71.0],[-35.25,70.99],[-34.58,71.25],[-34.73,71.75],[-35.9,72.25],[-35.75,72.62],[-35.25,72.84],[-37.36,72.25],[-37.63,71.5],[-37.06,71.0]]}},{"type":"Feature","properties":{"level":1020},"geometry":{"type":"LineString","coordinates":[[-34.33,73.25],[-33.56,73.25],[-33.0,73.58],[-33.25,73.76],[-34.33,73.25]]}},{"type":"Feature","properties":{"level":1020},"geometry":{"type":"LineString","coordinates":[[-35.72,74.25],[-34.75,74.24],[-34.24,74.5],[-35.0,74.74],[-35.72,74.25]]}},{"type":"Feature","properties":{"level":1024},"geometry":{"type":"LineString","coordinates":[[-19.29,-88.5],[-2.25,-88.47],[2.36,-88.25],[3.25,-87.88],[5.25,-87.68],[22.0,-87.86],[23.02,-87.75],[23.32,-87.5],[29.0,-87.23],[51.0,-87.39],[65.25,-87.22],[80.64,-86.75],[90.75,-86.1],[99.5,-85.14],[104.68,-84.25],[108.47,-82.75],[107.15,-81.75],[107.02,-81.5],[107.25,-81.25],[106.57,-80.75],[106.65,-80.5],[107.32,-80.25],[114.75,-78.7],[125.56,-77.5],[131.0,-76.5],[132.43,-76.0],[135.25,-75.77],[136.28,-75.5],[136.38,-74.5],[133.25,-73.45],[132.0,-73.41],[130.45,-73.0],[130.37,-72.75],[130.68,-72.5],[128.25,-71.9],[126.5,-72.09],[126.5,-72.37],[126.79,-72.5],[126.86,-73.5],[125.0,-73.55],[114.5,-72.52],[107.5,-70.83],[102.75,-70.91],[97.25,-71.91],[94.5,-73.26],[92.5,-73.36],[89.5,-72.88],[88.5,-73.0],[87.82,-73.5],[90.0,-73.76],[90.79,-74.75],[90.65,-75.0],[88.05,-76.0],[87.31,-76.75],[85.17,-77.5],[82.75,-77.94],[76.6,-78.5],[76.38,-78.75],[77.23,-79.25],[75.25,-79.6],[68.25,-80.1],[63.25,-79.83],[55.44,-79.0],[54.71,-78.25],[55.51,-75.75],[52.29,-74.25],[53.55,-73.5],[53.26,-73.0],[53.36,-72.75],[53.0,-72.5],[46.0,-72.95],[37.0,-74.02],[32.0,-74.27],[26.0,-74.22],[18.25,-74.74],[14.5,-74.7],[12.5,-75.01],[11.25,-75.85],[10.25,-75.72],[9.59,-76.0],[10.1,-76.5],[9.57,-77.25],[9.86,-77.75],[9.71,-78.25],[10.06,-78.5],[9.61,-78.75],[12.5,-79.48],[17.0,-80.07],[27.5,-80.54],[31.5,-80.5],[32.4,-81.0],[32.25,-81.27],[29.74,-81.75],[26.25,-82.15],[8.0,-81.68],[6.47,-81.75],[6.25,-82.0],[4.19,-82.25],[-11.5,-82.94],[-21.61,-84.75],[-20.28,-85.75],[-21.17,-86.0],[-39.26,-87.25],[-29.75,-88.09],[-19.29,-88.5]]}},{"type":"Feature","properties":{"level":1024},"geometry":{"type":"LineString","coordinates":[[43.31,-54.0],[46.75,-54.07],[48.5,-53.73],[51.0,-52.95],[55.27,-50.5],[61.06,-45.5],[62.14,-43.75],[63.0,-42.83],[63.26,-41.5],[63.07,-40.5],[63.75,-40.14],[68.14,-39.5],[69.78,-39.0],[71.23,-38.0],[72.25,-37.71],[80.0,-37.86],[83.0,-37.42],[85.75,-37.7],[87.0,-37.38],[88.25,-37.4],[98.06,-33.75],[99.3,-33.0],[99.49,-32.0],[99.75,-31.87],[102.25,-31.31],[103.77,-31.25],[104.75,-30.79],[105.19,-30.25],[105.07,-28.0],[104.25,-27.5],[104.09,-27.0],[103.0,-26.69],[102.25,-26.14],[101.75,-26.18],[101.25,-25.68],[100.75,-26.39],[98.75,-25.11],[97.75,-25.79],[96.0,-25.73],[95.5,-25.64],[94.5,-24.82],[94.0,-25.32],[92.75,-24.65],[91.92,-25.25],[90.5,-25.7],[89.5,-25.57],[89.25,-26.02],[89.0,-25.7],[88.75,-25.74],[88.5,-26.11],[87.5,-26.48],[86.75,-26.37],[86.25,-26.83],[85.9,-26.75],[85.49,-27.0],[85.0,-26.57],[84.75,-26.61],[84.0,-27.26],[83.25,-26.34],[83.01,-27.0],[82.17,-27.25],[81.5,-28.14],[80.71,-27.25],[80.42,-28.75],[79.75,-29.21],[79.25,-29.09],[79.0,-29.26],[78.89,-29.75],[78.09,-30.5],[77.64,-31.5],[76.87,-32.25],[76.59,-33.25],[76.01,-33.75],[75.0,-34.0],[73.75,-34.8],[72.75,-35.1],[70.75,-35.28],[68.62,-35.0],[67.5,-34.61],[66.23,-34.0],[64.75,-32.75],[62.95,-30.75],[61.5,-27.92],[60.9,-27.25],[60.69,-26.25],[59.25,-23.91],[58.33,-23.25],[58.21,-22.75],[57.0,-22.38],[55.5,-22.46],[54.75,-22.82],[53.75,-22.38],[52.5,-22.64],[52.0,-22.12],[51.25,-22.52],[51.0,-22.31],[50.25,-22.37],[50.23,-23.0],[49.6,-23.75],[49.48,-24.5],[49.0,-24.74],[46.5,-27.68],[44.5,-29.08],[40.75,-30.42],[40.0,-31.0],[38.0,-31.04],[36.5,-31.38],[34.25,-31.16],[32.0,-31.32],[31.19,-30.5],[31.8,-28.0],[30.5,-27.18],[30.24,-27.5],[30.38,-28.75],[29.5,-28.91],[29.28,-28.75],[29.5,-28.1],[28.75,-28.57],[28.25,-29.87],[28.0,-29.78],[28.12,-30.25],[27.72,-30.75],[27.73,-31.0],[28.0,-31.03],[28.5,-30.09],[28.99,-30.25],[29.5,-31.39],[30.25,-31.2],[30.5,-31.5],[30.19,-32.5],[28.5,-34.12],[27.25,-34.66],[26.83,-36.25],[25.25,-37.32],[24.87,-38.25],[24.0,-39.07],[23.67,-40.25],[24.1,-41.5],[24.84,-42.5],[25.3,-43.75],[30.26,-48.0],[33.75,-50.21],[37.75,-52.23],[40.75,-53.41],[43.31,-54.0]]}},{"type":"Feature","properties":{"level":1024},"geometry":{"type":"LineString","coordinates":[[-39.81,-51.0],[-38.75,-50.97],[-36.15,-50.25],[-25.2,-46.75],[-22.68,-45.25],[-18.5,-41.25],[-14.79,-36.5],[-13.0,-34.76],[-12.0,-34.12],[-11.26,-32.75],[-10.25,-32.68],[-8.0,-31.07],[-7.59,-29.75],[-8.11,-28.25],[-10.08,-26.5],[-10.02,-26.0],[-12.25,-24.64],[-13.0,-24.44],[-13.75,-24.63],[-16.25,-23.98],[-17.25,-24.42],[-22.5,-23.6],[-28.75,-24.09],[-31.5,-25.07],[-33.0,-25.87],[-33.19,-26.5],[-35.24,-29.0],[-35.61,-30.25],[-35.91,-30.5],[-35.97,-31.25],[-36.76,-32.25],[-36.75,-33.0],[-37.0,-33.13],[-37.58,-34.75],[-37.89,-37.75],[-38.43,-39.75],[-38.93,-40.5],[-39.32,-41.75],[-40.81,-43.75],[-40.95,-45.0],[-41.51,-46.0],[-41.14,-48.75],[-41.35,-50.0],[-40.5,-50.81],[-39.81,-51.0]]}},{"type":"Feature","properties":{"level":1024},"geometry":{"type":"LineString","coordinates":[[-180.0,-50.43],[-177.0,-49.48],[-175.75,-48.8],[-172.0,-46.18],[-170.25,-44.65],[-167.71,-43.0],[-165.61,-42.0],[-163.25,-40.48],[-162.5,-39.61],[-160.28,-38.5],[-159.6,-37.75],[-157.48,-36.5],[-156.24,-35.0],[-157.34,-34.5],[-156.75,-34.0],[-156.5,-33.0],[-154.5,-31.84],[-153.16,-31.5],[-152.23,-30.75],[-151.63,-30.25],[-151.5,-29.06],[-150.85,-29.0],[-150.25,-27.91],[-149.5,-28.42],[-149.1,-28.25],[-149.0,-27.9],[-148.5,-28.11],[-148.25,-27.69],[-147.75,-27.7],[-147.9,-27.0],[-147.64,-26.75],[-148.25,-26.53],[-148.42,-27.0],[-148.75,-27.05],[-148.52,-26.5],[-149.75,-26.06],[-150.0,-25.7],[-150.75,-26.04],[-152.75,-25.43],[-153.75,-25.66],[-154.5,-24.98],[-155.75,-25.26],[-156.0,-24.93],[-158.0,-25.02],[-158.25,-24.77],[-159.5,-24.93],[-159.75,-25.26],[-160.75,-25.53],[-161.5,-25.53],[-161.75,-25.14],[-162.75,-25.01],[-163.5,-25.15],[-164.0,-25.59],[-164.75,-25.5],[-165.75,-25.92],[-167.75,-26.14],[-167.93,-25.75],[-168.22,-25.75],[-168.75,-26.53],[-169.0,-26.1],[-170.38,-27.25],[-170.75,-27.84],[-171.25,-27.99],[-172.0,-29.12],[-172.75,-29.53],[-173.25,-30.16],[-173.75,-30.2],[-174.0,-29.97],[-177.5,-32.35],[-178.75,-32.2],[-180.0,-33.35]]}},{"type":"Feature","properties":{"level":1024},"geometry":{"type":"LineString","coordinates":[[180.0,-33.35],[178.5,-34.14],[176.75,-34.48],[172.5,-32.87],[168.73,-32.5],[168.25,-31.93],[167.5,-31.57],[166.0,-31.48],[164.75,-31.98],[163.25,-30.95],[160.92,-32.0],[160.36,-34.5],[160.43,-36.5],[161.06,-38.0],[161.68,-41.75],[162.5,-44.74],[163.98,-47.5],[166.0,-49.91],[168.0,-50.84],[172.25,-51.38],[177.75,-50.99],[180.0,-50.43]]}},{"type":"Feature","properties":{"level":1024},"geometry":{"type":"LineString","coordinates":[[-149.07,-28.5],[-148.91,-28.5],[-149.0,-28.3],[-149.07,-28.5]]}},{"type":"Feature","properties":{"level":1024},"geometry":{"type":"LineString","coordinates":[[-145.08,-27.75],[-144.96,-27.5],[-145.25,-27.23],[-145.08,-27.75]]}},{"type":"Feature","properties":{"level":1024},"geometry":{"type":"LineString","coordinates":[[-147.12,-27.5],[-146.6,-27.5],[-146.75,-26.87],[-147.13,-27.0],[-147.12,-27.5]]}},{"type":"Feature","properties":{"level":1024},"geometry":{"type":"LineString","coordinates":[[86.95,27.75],[87.21,28.25],[86.25,28.46],[86.15,28.25],[86.95,27.75]]}},{"type":"Feature","properties":{"level":1024},"geometry":{"type":"LineString","coordinates":[[103.19,28.0],[103.52,29.0],[103.04,30.25],[103.5,31.04],[104.12,31.5],[104.25,32.13],[105.5,32.83],[106.25,32.48],[107.5,32.38],[108.75,31.58],[109.95,31.25],[110.14,31.0],[109.99,30.25],[110.5,29.39],[111.25,29.91],[111.41,30.25],[111.21,30.75],[111.88,31.5],[111.63,32.25],[111.75,32.76],[113.32,34.25],[114.26,36.0],[115.35,36.75],[115.82,37.75],[115.75,38.34],[115.02,38.75],[115.31,39.25],[116.12,40.25],[117.11,40.75],[117.75,41.38],[118.25,41.28],[118.6,41.75],[118.17,42.25],[118.15,43.0],[117.75,43.75],[118.53,44.25],[118.25,44.61],[117.75,44.36],[115.75,44.19],[115.3,44.75],[115.67,45.0],[115.63,45.25],[114.71,45.75],[114.0,45.83],[113.5,44.83],[113.04,44.75],[114.11,44.5],[114.2,44.0],[113.75,43.47],[110.0,43.66],[108.5,43.0],[108.0,42.24],[107.5,42.78],[106.75,42.49],[106.0,42.55],[106.0,43.06],[106.25,42.84],[106.65,43.0],[106.01,43.5],[106.17,43.75],[104.5,44.09],[104.25,43.75],[103.0,44.23],[101.91,45.0],[102.25,45.28],[103.38,45.5],[102.5,45.66],[102.15,46.0],[102.41,46.5],[103.42,47.0],[103.37,47.25],[103.0,47.84],[101.54,48.0],[101.82,48.25],[101.68,48.75],[100.89,48.75],[101.01,49.25],[100.38,49.5],[100.99,50.0],[100.0,50.25],[99.78,50.5],[100.15,50.75],[100.0,51.04],[98.5,50.12],[97.71,50.0],[97.89,50.5],[98.63,51.0],[98.5,51.23],[98.11,51.25],[98.25,51.36],[99.25,51.46],[99.5,51.08],[99.68,51.25],[99.5,51.53],[99.0,51.5],[98.5,52.15],[97.5,51.77],[97.5,51.28],[96.33,51.25],[96.85,50.75],[96.8,50.5],[96.0,50.69],[95.79,50.5],[95.78,50.25],[96.55,50.0],[96.25,49.67],[95.6,49.75],[95.38,49.25],[95.5,48.56],[95.75,48.76],[95.82,48.5],[95.5,48.49],[94.95,48.0],[95.06,47.75],[95.75,47.67],[96.19,47.25],[95.58,46.75],[96.48,46.0],[94.25,45.85],[92.39,46.75],[91.75,46.83],[91.5,47.3],[91.05,47.5],[90.88,47.25],[91.28,46.75],[93.5,45.76],[94.11,45.0],[94.5,45.0],[95.0,44.55],[96.0,44.15],[96.5,44.21],[97.5,43.63],[99.45,43.5],[96.5,43.52],[95.86,42.75],[95.99,42.5],[95.77,42.25],[94.65,41.75],[95.0,41.22],[96.25,40.92],[97.0,40.33],[98.0,40.38],[98.2,40.25],[98.0,39.95],[97.0,40.17],[94.12,39.5],[93.5,39.61],[92.25,39.25],[90.5,39.21],[88.56,38.75],[87.75,38.22],[86.75,38.03],[86.0,37.48],[83.75,36.61],[82.5,36.54],[81.75,36.12],[81.0,36.05],[79.75,36.2],[78.02,37.0],[76.75,37.05],[76.5,37.52],[76.27,37.5],[76.0,36.73],[75.76,37.25],[76.25,37.5],[75.96,37.75],[76.23,38.25],[74.75,39.61],[73.8,39.75],[75.0,39.84],[77.19,40.5],[79.5,41.76],[80.25,41.66],[82.75,42.37],[85.25,42.2],[86.25,42.78],[86.75,42.56],[87.24,42.75],[87.18,43.0],[86.0,43.52],[85.5,42.66],[84.75,42.78],[84.25,42.58],[83.25,42.86],[78.75,42.19],[76.5,40.84],[76.25,40.74],[76.0,40.95],[74.83,40.5],[74.5,40.09],[73.92,40.25],[74.31,40.75],[74.0,41.04],[73.68,41.0],[73.5,40.09],[73.25,40.34],[72.51,40.0],[73.5,39.97],[73.73,39.75],[73.38,39.5],[73.5,39.34],[74.0,39.37],[75.15,38.75],[75.03,38.25],[75.73,37.75],[75.73,37.25],[73.0,37.6],[72.9,37.75],[73.49,38.0],[73.35,38.25],[73.66,38.5],[73.24,38.75],[73.35,39.25],[73.0,39.48],[72.0,39.37],[70.72,38.75],[71.85,38.0],[71.25,37.95],[70.5,38.66],[70.36,38.5],[70.57,38.25],[70.41,37.75],[71.0,37.15],[71.0,36.71],[70.5,36.93],[69.5,36.63],[69.28,36.25],[69.69,36.0],[68.0,35.16],[67.69,35.25],[68.25,35.58],[68.25,35.92],[67.5,36.58],[66.08,37.25],[66.01,37.75],[66.75,37.99],[67.75,38.78],[69.5,38.84],[70.93,39.5],[70.23,39.75],[70.31,40.0],[69.82,40.25],[71.0,41.75],[70.8,42.25],[70.39,42.5],[70.45,43.0],[71.94,43.0],[72.51,43.75],[72.53,44.5],[72.25,44.75],[71.5,44.86],[70.31,44.5],[68.75,45.29],[67.25,45.0],[65.25,45.04],[60.75,44.32],[56.5,45.1],[51.5,45.39],[49.8,46.25],[45.0,48.06],[43.25,49.33],[37.25,50.44],[35.25,50.17],[32.75,50.49],[30.5,50.41],[30.0,50.78],[27.25,51.35],[25.5,52.0],[25.75,52.5],[21.67,54.25],[13.75,56.09],[12.0,55.95],[9.75,56.23],[0.5,54.56],[-1.75,54.5],[-2.5,54.73],[-3.5,54.55],[-3.75,54.22],[-5.75,53.44],[-9.75,52.79],[-13.75,51.72],[-23.5,48.49],[-29.4,46.0],[-30.75,44.97],[-31.43,44.0],[-31.25,43.31],[-30.75,42.97],[-29.9,41.5],[-27.25,38.32],[-25.5,37.08],[-23.75,36.96],[-21.75,37.56],[-18.16,39.75],[-15.25,42.04],[-11.25,44.08],[-4.25,46.07],[-3.09,46.75],[-2.14,47.0],[-1.5,47.03],[-0.5,46.68],[0.0,47.01],[1.25,46.81],[1.66,46.5],[0.98,45.75],[1.75,45.1],[1.72,44.5],[2.34,44.0],[2.57,43.25],[2.25,42.91],[-0.5,43.03],[-0.78,43.0],[-0.79,42.75],[2.5,41.71],[3.06,42.5],[2.75,42.85],[3.25,43.1],[6.25,41.65],[7.25,40.59],[7.5,41.15],[8.75,41.2],[8.95,41.0],[8.34,40.5],[8.66,39.75],[8.51,39.25],[10.22,38.0],[10.32,36.75],[10.0,36.31],[8.75,35.83],[8.25,36.29],[7.75,36.28],[7.83,36.0],[7.38,35.5],[6.5,35.42],[5.75,35.74],[5.67,35.5],[6.25,34.94],[8.0,34.51],[8.75,34.63],[9.2,34.25],[10.2,34.0],[9.95,33.5],[10.25,32.8],[12.5,32.63],[12.89,32.25],[11.9,31.75],[12.47,30.5],[13.25,30.12],[13.83,30.25],[13.72,31.0],[14.25,31.07],[16.0,29.99],[17.0,30.08],[17.75,29.73],[18.43,29.75],[18.63,30.0],[17.9,31.25],[19.62,32.5],[19.76,33.0],[19.29,33.5],[19.36,33.75],[20.0,33.79],[20.5,34.21],[20.75,33.74],[21.0,33.85],[20.93,35.0],[21.38,36.25],[21.09,36.5],[21.0,37.18],[20.58,37.5],[20.75,37.75],[20.61,38.0],[21.0,38.32],[21.5,37.98],[21.62,37.0],[22.0,37.0],[22.5,36.4],[23.25,36.79],[25.25,39.43],[26.5,39.81],[27.25,39.49],[28.0,39.86],[28.5,39.71],[28.83,40.0],[28.45,40.25],[28.75,40.37],[29.25,39.86],[30.0,39.71],[31.0,40.29],[32.33,40.5],[33.25,41.01],[34.5,40.82],[35.25,40.3],[36.5,40.13],[37.75,40.19],[38.0,40.54],[39.5,40.36],[40.75,40.54],[41.25,40.19],[42.0,40.22],[43.5,40.85],[45.73,39.75],[45.97,39.25],[45.85,38.75],[46.1,38.5],[47.74,38.0],[48.55,36.5],[49.25,35.74],[50.5,36.56],[51.0,36.16],[52.75,35.59],[53.75,35.82],[54.5,36.39],[55.75,36.1],[56.5,36.8],[57.0,36.45],[58.0,36.38],[58.67,35.5],[59.25,35.34],[60.5,34.41],[61.25,34.27],[61.5,34.65],[62.5,34.53],[63.16,34.25],[63.0,33.94],[64.75,34.1],[65.0,33.92],[66.25,34.52],[68.25,34.5],[68.53,35.0],[69.25,35.36],[70.0,35.17],[70.25,35.41],[71.0,35.42],[71.49,36.0],[72.7,36.75],[72.64,37.0],[73.25,36.78],[73.51,37.0],[73.51,36.75],[74.25,36.35],[74.71,36.5],[74.75,36.84],[75.03,36.5],[74.63,36.0],[75.0,35.69],[75.25,35.83],[76.25,35.43],[76.75,34.82],[77.5,34.78],[78.75,33.98],[80.0,33.84],[80.75,34.03],[81.0,33.42],[83.34,33.0],[82.94,32.75],[83.32,32.5],[82.39,32.25],[82.0,31.81],[81.67,32.0],[81.68,32.5],[81.0,32.98],[80.5,32.78],[79.85,33.0],[80.0,32.69],[81.25,32.45],[81.31,32.0],[81.0,31.75],[80.5,32.36],[80.0,32.22],[79.25,32.7],[78.84,32.5],[78.89,32.0],[79.41,32.25],[80.25,31.12],[80.57,31.0],[80.25,30.89],[78.75,31.63],[78.46,31.25],[79.25,30.72],[79.99,30.75],[80.0,30.26],[80.75,30.32],[81.25,29.91],[81.75,30.18],[82.73,30.0],[83.25,30.4],[84.75,29.73],[85.5,29.63],[86.75,29.69],[87.5,30.19],[87.99,30.0],[88.0,29.73],[90.25,29.95],[90.5,29.64],[91.17,30.25],[90.8,30.5],[90.09,30.5],[90.5,31.38],[91.25,30.46],[91.75,30.52],[92.82,31.0],[92.93,31.25],[92.56,31.5],[92.75,31.59],[93.75,31.81],[94.75,31.63],[95.0,31.93],[95.5,31.76],[95.7,32.0],[95.25,32.1],[95.37,32.5],[96.75,32.7],[97.0,33.22],[99.08,32.5],[100.0,32.52],[100.75,32.01],[101.32,32.75],[102.5,32.75],[102.54,32.5],[102.25,32.28],[101.25,32.14],[100.75,31.56],[100.5,31.74],[99.1,31.0],[99.5,30.24],[100.5,30.45],[101.0,29.66],[101.37,29.75],[101.23,29.5],[101.5,28.4],[102.25,28.62],[102.5,28.32],[103.0,28.45],[103.19,28.0]]}},{"type":"Feature","properties":{"level":1024},"geometry":{"type":"LineString","coordinates":[[-6.66,31.5],[-6.13,31.5],[-4.47,32.5],[-5.0,32.63],[-5.75,32.41],[-6.66,31.5]]}},{"type":"Feature","properties":{"level":1024},"geometry":{"type":"LineString","coordinates":[[77.7,31.75],[78.64,32.5],[77.5,32.84],[77.36,32.5],[77.7,31.75]]}},{"type":"Feature","properties":{"level":1024},"geometry":{"type":"LineString","coordinates":[[50.14,32.25],[50.46,32.25],[50.51,32.5],[50.0,33.17],[49.83,32.75],[50.14,32.25]]}},{"type":"Feature","properties":{"level":1024},"geometry":{"type":"LineString","coordinates":[[-162.15,32.75],[-161.5,32.59],[-159.5,32.88],[-157.49,33.75],[-155.25,35.31],[-154.05,36.5],[-153.62,37.5],[-153.14,38.0],[-153.25,38.81],[-154.25,39.37],[-155.75,39.58],[-162.75,39.4],[-170.75,37.92],[-173.25,36.87],[-173.92,36.25],[-173.75,35.41],[-172.5,34.58],[-170.75,34.5],[-168.25,33.66],[-162.15,32.75]]}},{"type":"Feature","properties":{"level":1024},"geometry":{"type":"LineString","coordinates":[[59.6,33.25],[60.25,33.05],[60.48,33.25],[60.45,33.75],[59.75,33.82],[59.45,33.5],[59.6,33.25]]}},{"type":"Feature","properties":{"level":1024},"geometry":{"type":"LineString","coordinates":[[-105.72,35.75],[-105.5,35.53],[-105.25,35.7],[-104.75,35.56],[-104.68,36.0],[-105.25,37.06],[-105.72,35.75]]}},{"type":"Feature","properties":{"level":1024},"geometry":{"type":"LineString","coordinates":[[22.89,36.25],[23.0,36.46],[22.89,36.25]]}},{"type":"Feature","properties":{"level":1024},"geometry":{"type":"LineString","coordinates":[[43.21,37.5],[44.06,37.5],[43.89,38.0],[44.13,38.25],[44.0,38.37],[43.5,37.97],[42.59,38.25],[43.21,37.5]]}},{"type":"Feature","properties":{"level":1024},"geometry":{"type":"LineString","coordinates":[[-107.92,37.75],[-107.5,37.52],[-106.64,38.0],[-107.0,38.17],[-107.25,37.87],[-107.5,38.16],[-107.92,37.75]]}},{"type":"Feature","properties":{"level":1024},"geometry":{"type":"LineString","coordinates":[[162.72,37.75],[165.75,37.87],[167.75,37.58],[170.25,37.82],[171.5,38.22],[172.0,38.0],[174.75,39.01],[175.7,39.75],[175.48,40.25],[174.75,40.93],[174.19,41.0],[173.94,41.5],[173.25,41.47],[171.0,42.07],[169.0,43.18],[168.0,43.49],[167.25,43.42],[163.0,44.14],[161.68,44.75],[158.5,45.51],[155.5,45.92],[153.0,45.99],[152.0,45.68],[150.16,44.5],[150.1,44.0],[151.05,42.5],[152.0,41.54],[152.75,41.21],[153.5,40.16],[156.25,39.0],[156.75,39.3],[158.25,39.27],[159.0,38.74],[160.25,38.64],[160.75,38.23],[161.5,38.19],[161.75,37.95],[162.25,38.04],[162.72,37.75]]}},{"type":"Feature","properties":{"level":1024},"geometry":{"type":"LineString","coordinates":[[-102.03,38.5],[-99.75,38.51],[-95.95,39.75],[-94.0,41.46],[-93.93,42.75],[-93.61,43.5],[-93.68,44.5],[-95.6,45.25],[-96.49,46.25],[-96.35,46.5],[-98.56,47.5],[-99.38,48.5],[-98.75,48.69],[-98.5,49.35],[-97.71,49.75],[-98.52,51.25],[-99.23,51.75],[-99.78,53.25],[-99.61,53.75],[-100.5,54.45],[-100.45,55.0],[-101.15,55.25],[-101.06,55.5],[-101.31,55.75],[-100.0,56.18],[-99.72,56.5],[-100.19,56.75],[-100.16,57.0],[-99.23,58.0],[-99.0,58.75],[-99.06,60.25],[-101.76,62.25],[-103.25,62.65],[-105.25,62.56],[-107.5,62.89],[-108.85,61.25],[-108.99,60.5],[-109.5,60.19],[-109.86,59.25],[-108.85,58.5],[-108.81,58.0],[-108.23,57.0],[-107.25,56.37],[-106.0,56.07],[-105.99,55.75],[-105.5,55.48],[-105.25,54.88],[-104.0,54.98],[-103.75,54.49],[-103.23,54.25],[-103.54,53.75],[-104.5,53.24],[-105.25,53.21],[-105.42,53.0],[-104.98,52.75],[-105.45,51.75],[-104.89,50.75],[-105.03,50.25],[-103.01,48.5],[-102.23,47.25],[-101.22,46.5],[-100.84,45.5],[-101.09,45.0],[-100.55,44.25],[-100.68,44.0],[-100.49,43.5],[-101.36,41.5],[-101.26,41.0],[-101.9,40.25],[-101.83,39.5],[-102.31,39.0],[-102.03,38.5]]}},{"type":"Feature","properties":{"level":1024},"geometry":{"type":"LineString","coordinates":[[-57.53,39.75],[-49.0,40.93],[-47.25,41.95],[-46.75,42.62],[-42.75,44.25],[-41.3,45.25],[-39.97,46.75],[-39.79,48.0],[-40.36,49.5],[-41.02,50.0],[-41.9,50.25],[-52.75,52.01],[-57.75,51.56],[-61.75,51.77],[-62.14,51.5],[-64.5,51.38],[-66.75,50.88],[-68.25,49.55],[-68.66,49.0],[-68.6,48.75],[-68.0,48.73],[-67.87,48.5],[-68.55,47.25],[-69.75,46.13],[-70.44,45.0],[-70.47,44.5],[-71.29,43.25],[-71.34,42.5],[-71.09,42.25],[-70.25,41.97],[-69.0,42.39],[-68.25,42.04],[-66.5,42.0],[-62.5,40.65],[-57.53,39.75]]}},{"type":"Feature","properties":{"level":1024},"geometry":{"type":"LineString","coordinates":[[94.86,42.75],[95.26,42.75],[95.27,43.0],[94.38,43.25],[93.75,43.85],[93.5,43.47],[93.25,43.65],[92.07,43.5],[94.86,42.75]]}},{"type":"Feature","properties":{"level":1024},"geometry":{"type":"LineString","coordinates":[[99.75,45.42],[99.68,45.75],[99.0,45.93],[98.25,46.52],[98.75,46.84],[100.25,46.6],[100.67,46.0],[99.81,45.75],[100.08,45.5],[99.75,45.42]]}},{"type":"Feature","properties":{"level":1024},"geometry":{"type":"LineString","coordinates":[[3.25,45.93],[3.25,46.11],[3.25,45.93]]}},{"type":"Feature","properties":{"level":1024},"geometry":{"type":"LineString","coordinates":[[107.27,47.75],[107.75,47.59],[108.25,48.01],[109.0,48.18],[109.23,48.75],[110.28,49.5],[110.15,50.0],[109.0,50.09],[108.75,49.71],[108.25,49.96],[107.84,49.5],[107.19,49.5],[107.0,48.93],[106.44,48.5],[107.27,47.75]]}},{"type":"Feature","properties":{"level":1024},"geometry":{"type":"LineString","coordinates":[[-99.5,49.74],[-99.72,50.0],[-99.5,50.52],[-98.4,50.0],[-99.0,49.68],[-99.5,49.74]]}},{"type":"Feature","properties":{"level":1024},"geometry":{"type":"LineString","coordinates":[[24.75,51.97],[24.51,52.0],[24.92,52.0],[24.75,51.97]]}},{"type":"Feature","properties":{"level":1024},"geometry":{"type":"LineString","coordinates":[[-103.0,52.97],[-102.0,53.46],[-101.51,53.25],[-101.5,52.86],[-103.0,52.97]]}},{"type":"Feature","properties":{"level":1024},"geometry":{"type":"LineString","coordinates":[[-107.49,54.75],[-107.08,54.75],[-107.49,54.75]]}},{"type":"Feature","properties":{"level":1024},"geometry":{"type":"LineString","coordinates":[[-106.82,55.5],[-106.4,55.5],[-106.82,55.5]]}},{"type":"Feature","properties":{"level":1024},"geometry":{"type":"LineString","coordinates":[[-105.25,55.46],[-105.49,55.5],[-104.84,55.5],[-105.25,55.46]]}},{"type":"Feature","properties":{"level":1024},"geometry":{"type":"LineString","coordinates":[[-108.6,55.75],[-108.39,55.75],[-108.5,55.98],[-108.6,55.75]]}},{"type":"Feature","properties":{"level":1024},"geometry":{"type":"LineString","coordinates":[[-107.1,55.75],[-106.91,55.75],[-107.1,55.75]]}},{"type":"Feature","properties":{"level":1024},"geometry":{"type":"LineString","coordinates":[[-108.43,56.0],[-108.21,56.0],[-108.43,56.0]]}},{"type":"Feature","properties":{"level":1024},"geometry":{"type":"LineString","coordinates":[[-107.4,56.0],[-107.11,56.0],[-107.25,56.18],[-107.4,56.0]]}},{"type":"Feature","properties":{"level":1028},"geometry":{"type":"LineString","coordinates":[[-19.65,-88.0],[-7.75,-87.93],[-1.25,-87.01],[11.5,-87.08],[32.5,-86.75],[61.5,-86.98],[76.0,-86.62],[90.25,-85.83],[98.25,-85.0],[102.45,-84.25],[105.83,-82.75],[105.89,-82.25],[104.65,-81.75],[105.22,-81.25],[104.93,-81.0],[105.13,-80.5],[106.53,-80.0],[114.5,-78.46],[126.46,-77.0],[129.5,-75.89],[134.0,-75.09],[134.4,-74.75],[134.33,-74.5],[133.25,-74.09],[132.0,-74.16],[130.5,-73.72],[129.14,-73.75],[128.71,-73.5],[129.25,-73.39],[129.36,-73.0],[127.75,-72.18],[127.09,-72.25],[127.97,-72.5],[127.44,-73.0],[127.48,-73.25],[127.96,-73.5],[125.75,-73.66],[114.0,-72.71],[110.2,-72.0],[107.25,-71.12],[102.5,-71.37],[98.0,-72.49],[94.5,-73.98],[91.19,-73.5],[91.35,-75.0],[85.89,-77.5],[78.25,-78.64],[77.92,-78.75],[78.68,-79.25],[76.75,-79.75],[68.75,-80.28],[56.75,-79.65],[55.0,-79.37],[54.09,-78.5],[54.24,-77.5],[54.86,-76.5],[54.79,-76.0],[53.25,-75.5],[53.14,-75.25],[51.89,-75.0],[50.88,-74.25],[51.11,-74.0],[50.46,-73.5],[49.25,-73.27],[41.75,-73.75],[36.75,-74.37],[25.0,-74.69],[15.0,-75.26],[12.24,-75.75],[12.15,-76.25],[11.84,-76.5],[12.77,-77.25],[11.78,-77.75],[12.31,-78.75],[16.91,-79.75],[18.75,-79.89],[32.0,-79.87],[33.5,-80.15],[35.57,-81.0],[35.16,-81.5],[34.75,-81.59],[27.75,-82.29],[9.25,-81.95],[-4.0,-83.17],[-13.83,-84.75],[-13.84,-85.0],[-12.94,-85.5],[-13.59,-86.25],[-13.07,-86.75],[-24.07,-87.5],[-19.65,-88.0]]}},{"type":"Feature","properties":{"level":1028},"geometry":{"type":"LineString","coordinates":[[43.73,-52.5],[46.0,-52.5],[48.25,-52.08],[52.5,-50.35],[56.94,-47.25],[58.5,-45.75],[59.43,-44.25],[60.16,-42.0],[59.9,-41.5],[59.85,-40.5],[59.02,-39.25],[59.1,-39.0],[60.75,-38.29],[62.14,-38.0],[63.21,-36.0],[62.0,-34.07],[59.8,-32.0],[58.75,-30.61],[58.25,-30.62],[57.25,-29.34],[54.25,-28.17],[53.25,-28.11],[51.75,-28.42],[47.25,-30.35],[45.25,-31.58],[41.75,-33.01],[38.25,-33.69],[35.5,-34.9],[33.75,-34.98],[32.25,-35.81],[31.5,-36.53],[29.5,-36.95],[28.5,-37.5],[28.0,-38.25],[27.02,-39.0],[26.85,-39.75],[26.97,-41.0],[27.45,-43.25],[28.22,-44.75],[28.92,-45.5],[31.74,-47.5],[37.45,-50.75],[40.75,-51.93],[43.73,-52.5]]}},{"type":"Feature","properties":{"level":1028},"geometry":{"type":"LineString","coordinates":[[-180.0,-47.38],[-177.75,-46.39],[-173.0,-43.0],[-170.78,-41.75],[-169.5,-40.29],[-167.42,-38.75],[-167.0,-38.25],[-166.88,-37.5],[-167.75,-36.7],[-170.25,-36.27],[-174.5,-36.36],[-177.0,-35.78],[-180.0,-36.0]]}},{"type":"Feature","properties":{"level":1028},"geometry":{"type":"LineString","coordinates":[[-32.2,-46.5],[-31.25,-46.41],[-27.5,-45.13],[-26.25,-44.47],[-25.75,-44.61],[-24.94,-43.5],[-23.3,-42.5],[-22.0,-40.86],[-18.25,-37.4],[-17.39,-36.0],[-17.08,-34.5],[-16.32,-33.25],[-16.54,-32.0],[-16.2,-31.0],[-16.84,-30.0],[-16.6,-29.75],[-17.0,-29.28],[-18.0,-29.3],[-18.21,-28.5],[-19.5,-27.66],[-20.25,-27.96],[-22.75,-27.76],[-24.25,-27.36],[-25.25,-27.71],[-25.75,-27.46],[-26.25,-27.81],[-26.75,-27.78],[-28.5,-28.41],[-30.61,-30.0],[-30.64,-30.5],[-31.5,-31.42],[-32.0,-31.44],[-32.56,-32.0],[-34.52,-35.75],[-34.72,-37.0],[-34.48,-38.0],[-34.69,-38.5],[-35.0,-38.86],[-35.5,-38.8],[-36.3,-40.5],[-36.32,-41.25],[-36.78,-41.75],[-36.45,-44.0],[-36.98,-44.5],[-37.23,-45.5],[-37.01,-46.0],[-36.25,-45.99],[-35.75,-46.27],[-35.27,-46.25],[-35.08,-45.75],[-34.75,-45.61],[-33.75,-46.41],[-32.2,-46.5]]}},{"type":"Feature","properties":{"level":1028},"geometry":{"type":"LineString","coordinates":[[180.0,-36.0],[177.5,-36.3],[175.25,-36.16],[173.75,-35.38],[173.25,-35.83],[166.75,-36.55],[165.75,-37.28],[165.16,-38.25],[164.8,-40.0],[165.56,-44.0],[166.41,-45.75],[166.75,-46.08],[168.0,-46.14],[169.5,-46.74],[170.01,-47.5],[170.75,-48.03],[173.5,-48.58],[176.75,-48.22],[180.0,-47.38]]}},{"type":"Feature","properties":{"level":1028},"geometry":{"type":"LineString","coordinates":[[-17.5,-29.87],[-17.5,-29.68],[-17.5,-29.87]]}},{"type":"Feature","properties":{"level":1028},"geometry":{"type":"LineString","coordinates":[[-16.88,-29.0],[-16.75,-29.19],[-16.88,-29.0]]}},{"type":"Feature","properties":{"level":1028},"geometry":{"type":"LineString","coordinates":[[-17.36,-28.75],[-17.2,-28.75],[-17.36,-28.75]]}},{"type":"Feature","properties":{"level":1028},"geometry":{"type":"LineString","coordinates":[[91.14,32.5],[91.75,32.26],[94.0,32.29],[94.86,32.75],[94.63,33.25],[94.75,33.51],[95.25,33.56],[95.75,33.23],[96.25,33.75],[97.0,33.6],[98.75,33.96],[99.0,34.36],[99.71,34.5],[99.52,36.0],[98.75,36.5],[98.0,35.82],[96.0,36.23],[94.75,36.06],[94.5,36.29],[92.75,36.65],[92.0,37.31],[90.5,37.83],[90.15,37.75],[90.0,37.42],[89.25,37.4],[89.14,37.5],[89.61,37.75],[89.08,38.0],[89.75,38.25],[89.5,38.38],[87.5,37.93],[87.25,37.4],[85.75,37.28],[83.75,36.41],[82.75,36.2],[82.5,36.42],[82.22,36.25],[82.58,36.0],[81.75,35.77],[79.5,36.19],[79.21,36.0],[80.72,35.0],[80.92,34.75],[80.5,34.5],[80.75,34.24],[81.09,34.25],[81.0,34.66],[82.0,34.19],[81.64,34.5],[81.75,34.73],[83.25,34.37],[84.25,34.53],[84.25,34.03],[85.0,34.18],[86.25,33.75],[86.37,34.0],[87.0,34.06],[87.5,33.47],[88.5,33.11],[89.5,33.51],[90.0,33.22],[90.25,33.52],[90.36,33.0],[91.14,32.5]]}},{"type":"Feature","properties":{"level":1028},"geometry":{"type":"LineString","coordinates":[[85.04,33.25],[86.0,33.03],[86.5,33.13],[86.87,33.5],[86.25,33.75],[85.75,33.38],[85.25,33.67],[84.93,33.5],[85.04,33.25]]}},{"type":"Feature","properties":{"level":1028},"geometry":{"type":"LineString","coordinates":[[78.19,34.5],[78.38,34.5],[77.75,35.22],[77.5,35.95],[75.25,36.98],[75.1,36.75],[75.32,36.5],[74.75,35.99],[75.0,35.84],[75.25,36.03],[76.38,35.5],[77.0,34.87],[77.25,35.0],[78.19,34.5]]}},{"type":"Feature","properties":{"level":1028},"geometry":{"type":"LineString","coordinates":[[102.83,34.5],[103.5,34.42],[103.71,34.75],[102.71,36.25],[103.0,36.69],[103.67,37.0],[101.65,38.5],[100.5,38.46],[98.5,39.27],[98.0,39.12],[97.25,39.62],[97.0,39.41],[95.5,39.62],[94.34,39.25],[95.19,38.75],[94.93,38.5],[95.5,37.8],[98.0,37.58],[98.5,37.78],[98.75,37.25],[99.0,37.4],[100.5,37.06],[100.8,36.5],[101.64,36.0],[101.83,35.25],[101.5,35.48],[101.33,34.75],[102.83,34.5]]}},{"type":"Feature","properties":{"level":1028},"geometry":{"type":"LineString","coordinates":[[59.83,35.5],[60.25,35.31],[60.75,35.48],[61.75,35.33],[62.75,36.34],[64.39,36.5],[64.45,36.75],[63.88,37.5],[64.88,38.75],[64.45,39.5],[64.97,40.25],[64.68,40.5],[64.65,41.0],[65.01,41.5],[64.5,42.15],[63.5,42.0],[64.25,42.38],[64.46,42.75],[63.75,42.85],[62.25,42.42],[59.0,42.09],[57.25,41.45],[54.75,41.19],[54.5,41.25],[54.49,41.75],[53.58,42.0],[53.5,42.3],[52.25,42.11],[51.0,42.34],[49.66,42.25],[49.6,42.0],[50.84,41.0],[50.52,40.75],[50.75,40.36],[51.75,40.16],[55.49,40.25],[57.0,39.67],[57.58,39.0],[56.98,38.5],[58.25,37.76],[59.64,36.5],[59.3,36.25],[59.83,35.5]]}},{"type":"Feature","properties":{"level":1028},"geometry":{"type":"LineString","coordinates":[[65.87,35.75],[66.25,35.54],[66.97,35.75],[65.48,36.0],[65.87,35.75]]}},{"type":"Feature","properties":{"level":1028},"geometry":{"type":"LineString","coordinates":[[70.01,35.75],[71.0,35.66],[71.06,36.0],[72.34,36.75],[71.25,36.79],[71.22,36.5],[70.77,36.25],[70.97,36.0],[70.75,35.81],[70.41,36.0],[70.73,36.25],[70.5,36.53],[69.98,36.0],[70.01,35.75]]}},{"type":"Feature","properties":{"level":1028},"geometry":{"type":"LineString","coordinates":[[72.02,38.5],[72.25,38.34],[72.73,38.5],[73.13,39.25],[71.58,39.0],[72.02,38.5]]}},{"type":"Feature","properties":{"level":1028},"geometry":{"type":"LineString","coordinates":[[46.44,39.0],[48.0,39.18],[48.5,38.96],[49.83,40.25],[49.06,40.5],[49.05,41.0],[48.32,42.0],[46.75,43.07],[44.25,43.17],[42.25,44.28],[40.25,44.43],[39.5,44.04],[42.0,43.48],[42.5,43.81],[42.75,43.7],[43.25,43.25],[42.75,43.32],[42.75,42.87],[42.5,43.01],[42.35,42.75],[43.21,42.25],[43.06,41.75],[43.25,41.67],[44.0,42.17],[46.25,41.75],[46.55,41.5],[46.38,41.25],[46.87,40.5],[46.6,39.75],[46.95,39.5],[46.5,39.32],[46.44,39.0]]}},{"type":"Feature","properties":{"level":1028},"geometry":{"type":"LineString","coordinates":[[68.92,39.0],[69.94,39.25],[69.75,39.37],[68.92,39.0]]}},{"type":"Feature","properties":{"level":1028},"geometry":{"type":"LineString","coordinates":[[47.0,39.82],[47.0,40.13],[47.0,39.82]]}},{"type":"Feature","properties":{"level":1028},"geometry":{"type":"LineString","coordinates":[[56.5,40.4],[56.5,40.58],[56.5,40.4]]}},{"type":"Feature","properties":{"level":1028},"geometry":{"type":"LineString","coordinates":[[65.05,40.5],[65.66,40.5],[65.5,40.74],[65.05,40.5]]}},{"type":"Feature","properties":{"level":1028},"geometry":{"type":"LineString","coordinates":[[24.14,41.5],[24.75,41.36],[25.06,41.5],[25.07,41.75],[23.5,42.46],[23.43,41.75],[24.14,41.5]]}},{"type":"Feature","properties":{"level":1028},"geometry":{"type":"LineString","coordinates":[[-60.2,42.5],[-56.75,42.29],[-54.5,42.65],[-51.25,44.44],[-49.5,45.03],[-48.75,44.99],[-47.25,45.63],[-46.54,46.25],[-46.37,46.75],[-47.5,47.83],[-49.25,48.71],[-52.25,49.34],[-53.0,49.18],[-53.27,48.75],[-53.25,48.05],[-53.75,47.84],[-56.75,48.23],[-57.75,50.08],[-60.75,49.73],[-61.31,49.5],[-61.5,49.14],[-63.25,49.21],[-64.33,48.25],[-64.75,47.5],[-64.68,46.5],[-63.69,45.75],[-64.25,45.59],[-64.5,45.94],[-64.75,45.75],[-64.25,45.24],[-63.25,45.51],[-62.94,45.25],[-64.5,44.78],[-64.73,44.0],[-63.0,43.22],[-60.2,42.5]]}},{"type":"Feature","properties":{"level":1028},"geometry":{"type":"LineString","coordinates":[[-22.06,43.5],[-21.75,43.28],[-21.0,43.31],[-18.25,44.07],[-15.0,45.7],[-11.5,47.06],[-4.18,49.0],[-2.0,49.75],[-1.87,50.0],[-3.75,50.36],[-3.85,50.5],[-3.5,50.8],[-2.63,51.0],[-3.25,51.28],[-3.75,52.04],[-4.46,51.5],[-5.96,51.0],[-7.75,50.8],[-12.75,49.43],[-16.75,47.98],[-20.25,46.3],[-22.48,44.5],[-22.55,44.0],[-22.06,43.5]]}},{"type":"Feature","properties":{"level":1028},"geometry":{"type":"LineString","coordinates":[[6.38,44.25],[7.5,44.25],[7.25,44.3],[7.03,45.0],[7.5,45.56],[6.87,45.5],[6.85,44.5],[6.38,44.25]]}},{"type":"Feature","properties":{"level":1028},"geometry":{"type":"LineString","coordinates":[[22.43,45.25],[26.04,45.5],[23.5,45.74],[23.0,45.34],[22.43,45.25]]}},{"type":"Feature","properties":{"level":1028},"geometry":{"type":"LineString","coordinates":[[7.57,45.75],[7.75,45.65],[8.04,46.0],[6.94,46.0],[7.57,45.75]]}},{"type":"Feature","properties":{"level":1028},"geometry":{"type":"LineString","coordinates":[[11.53,46.25],[14.57,47.0],[14.73,47.25],[14.25,47.43],[14.0,47.11],[13.5,47.19],[13.25,46.8],[12.61,47.0],[12.71,47.25],[12.23,47.25],[12.41,47.0],[11.53,46.25]]}},{"type":"Feature","properties":{"level":1028},"geometry":{"type":"LineString","coordinates":[[25.06,47.0],[25.5,46.97],[25.61,47.25],[25.11,48.0],[23.8,48.75],[23.13,48.75],[24.75,47.5],[25.06,47.0]]}},{"type":"Feature","properties":{"level":1032},"geometry":{"type":"LineString","coordinates":[[54.46,-86.75],[78.5,-86.32],[89.5,-85.67],[97.98,-84.75],[101.14,-84.0],[103.52,-83.0],[103.55,-82.75],[102.71,-82.0],[103.78,-81.25],[103.74,-80.75],[104.75,-80.18],[113.25,-78.25],[119.75,-77.22],[125.75,-76.65],[127.03,-76.25],[128.17,-75.5],[128.48,-74.75],[129.06,-74.25],[128.0,-73.67],[126.25,-73.79],[118.0,-73.4],[109.25,-72.59],[106.0,-71.52],[99.75,-72.69],[93.75,-74.79],[92.25,-74.33],[91.7,-75.25],[87.15,-77.25],[84.5,-77.99],[79.7,-78.75],[79.48,-79.25],[78.67,-79.5],[75.75,-80.18],[68.75,-80.4],[57.5,-80.07],[55.0,-79.72],[53.56,-78.75],[53.54,-78.0],[54.15,-77.0],[54.0,-76.59],[52.0,-75.75],[51.2,-75.75],[50.97,-75.5],[51.13,-75.25],[50.75,-75.03],[48.25,-74.23],[43.75,-74.21],[30.25,-75.25],[26.25,-75.1],[19.5,-75.35],[16.5,-75.73],[16.75,-76.25],[15.25,-76.39],[15.05,-76.5],[15.25,-77.02],[13.27,-77.0],[14.36,-77.5],[13.95,-77.75],[14.23,-78.25],[15.75,-79.04],[22.0,-79.65],[33.25,-79.52],[35.5,-79.94],[36.99,-80.5],[37.32,-80.75],[37.29,-81.0],[36.61,-81.5],[37.37,-81.75],[27.75,-82.52],[10.5,-82.17],[-2.7,-83.75],[-3.84,-84.0],[-4.69,-85.0],[-5.66,-85.25],[-5.73,-85.5],[-0.25,-86.38],[54.46,-86.75]]}},{"type":"Feature","properties":{"level":1032},"geometry":{"type":"LineString","coordinates":[[42.54,-50.5],[43.0,-50.74],[46.5,-50.6],[49.5,-49.84],[53.25,-47.86],[55.62,-46.0],[56.33,-45.0],[56.81,-44.0],[56.67,-42.75],[56.87,-42.0],[56.67,-41.25],[55.3,-39.5],[51.99,-37.75],[51.6,-37.0],[52.56,-36.5],[52.31,-36.25],[52.75,-35.51],[53.5,-35.46],[53.16,-34.75],[52.25,-34.74],[51.75,-34.21],[50.5,-33.77],[49.0,-34.98],[48.0,-34.89],[46.5,-35.81],[45.25,-35.81],[45.0,-36.05],[44.25,-36.01],[41.5,-36.59],[39.25,-36.72],[37.0,-37.4],[34.5,-37.76],[32.66,-38.5],[32.06,-39.0],[31.5,-40.03],[31.0,-40.43],[30.38,-40.5],[29.75,-41.04],[29.65,-41.5],[30.02,-42.75],[31.64,-45.0],[33.44,-46.75],[37.5,-49.02],[40.0,-49.95],[42.54,-50.5]]}},{"type":"Feature","properties":{"level":1032},"geometry":{"type":"LineString","coordinates":[[-180.0,-43.02],[-178.25,-42.08],[-177.82,-41.5],[-178.52,-41.0],[-180.0,-40.78]]}},{"type":"Feature","properties":{"level":1032},"geometry":{"type":"LineString","coordinates":[[175.23,-41.25],[176.0,-41.02],[176.78,-40.0],[176.83,-39.5],[177.22,-39.0],[176.74,-38.25],[176.0,-38.12],[175.25,-38.75],[175.25,-39.0],[175.71,-39.25],[175.64,-39.75],[176.11,-40.0],[175.23,-41.25]]}},{"type":"Feature","properties":{"level":1032},"geometry":{"type":"LineString","coordinates":[[180.0,-40.78],[178.5,-40.88],[177.86,-41.25],[177.47,-41.75],[177.49,-42.75],[177.23,-43.25],[178.5,-43.52],[180.0,-43.02]]}},{"type":"Feature","properties":{"level":1032},"geometry":{"type":"LineString","coordinates":[[-26.88,-39.25],[-26.25,-39.35],[-26.0,-38.92],[-24.5,-38.14],[-24.21,-37.75],[-24.5,-37.2],[-25.25,-37.13],[-25.65,-37.25],[-25.75,-37.59],[-25.97,-37.5],[-25.64,-36.0],[-26.25,-34.71],[-26.75,-34.84],[-27.11,-35.25],[-28.02,-35.25],[-27.8,-35.5],[-28.26,-36.25],[-27.7,-36.75],[-27.5,-37.48],[-27.18,-37.75],[-27.15,-39.0],[-26.88,-39.25]]}},{"type":"Feature","properties":{"level":1032},"geometry":{"type":"LineString","coordinates":[[-28.14,-38.75],[-27.75,-38.97],[-27.75,-37.87],[-28.18,-38.0],[-28.14,-38.75]]}},{"type":"Feature","properties":{"level":1032},"geometry":{"type":"LineString","coordinates":[[-26.25,-38.17],[-26.4,-38.0],[-26.0,-37.91],[-26.25,-38.17]]}},{"type":"Feature","properties":{"level":1032},"geometry":{"type":"LineString","coordinates":[[-26.75,-37.28],[-26.09,-37.0],[-26.5,-37.38],[-26.75,-37.28]]}},{"type":"Feature","properties":{"level":1032},"geometry":{"type":"LineString","coordinates":[[85.57,34.25],[86.0,34.07],[86.36,34.5],[85.75,34.72],[85.1,34.5],[85.57,34.25]]}},{"type":"Feature","properties":{"level":1032},"geometry":{"type":"LineString","coordinates":[[95.12,34.25],[96.2,34.5],[96.0,35.08],[93.6,36.25],[91.25,36.57],[90.53,36.0],[90.75,35.62],[91.25,36.22],[91.75,36.01],[92.25,36.1],[93.75,35.35],[94.25,35.36],[95.12,34.25]]}},{"type":"Feature","properties":{"level":1032},"geometry":{"type":"LineString","coordinates":[[76.95,35.0],[77.25,35.28],[77.75,34.96],[77.5,35.8],[76.75,36.15],[76.25,35.81],[76.37,36.25],[75.75,36.56],[75.19,36.25],[76.5,35.58],[76.95,35.0]]}},{"type":"Feature","properties":{"level":1032},"geometry":{"type":"LineString","coordinates":[[80.43,35.25],[81.0,35.04],[82.0,35.12],[82.5,35.66],[83.02,35.75],[82.75,35.94],[81.75,35.62],[79.75,35.78],[80.43,35.25]]}},{"type":"Feature","properties":{"level":1032},"geometry":{"type":"LineString","coordinates":[[101.83,37.25],[102.55,37.25],[102.25,37.55],[101.37,37.75],[101.83,37.25]]}},{"type":"Feature","properties":{"level":1036},"geometry":{"type":"LineString","coordinates":[[43.79,-86.5],[59.25,-86.63],[74.25,-86.33],[86.0,-85.73],[95.97,-84.75],[98.75,-84.17],[100.6,-83.5],[101.12,-83.0],[100.98,-82.75],[101.45,-81.75],[104.19,-80.0],[109.25,-78.92],[116.75,-76.67],[125.0,-76.3],[125.91,-76.0],[126.39,-75.5],[126.48,-74.75],[127.75,-74.34],[128.04,-74.0],[110.75,-73.3],[105.25,-73.81],[103.5,-74.24],[100.0,-73.57],[99.25,-73.62],[96.34,-74.5],[95.39,-75.0],[92.75,-75.12],[86.5,-77.63],[80.9,-78.75],[80.16,-79.25],[75.0,-80.53],[62.0,-80.57],[55.0,-80.06],[52.92,-79.25],[52.8,-78.75],[53.09,-77.25],[52.88,-76.75],[47.25,-75.21],[44.75,-74.9],[41.5,-74.88],[36.75,-75.41],[30.75,-75.68],[26.5,-75.37],[24.19,-75.5],[19.75,-75.89],[19.21,-76.25],[17.75,-76.2],[17.64,-77.0],[16.12,-77.25],[16.57,-77.75],[15.81,-78.25],[18.25,-79.0],[21.25,-79.28],[32.25,-79.18],[35.5,-79.49],[38.51,-80.5],[38.63,-80.75],[37.96,-81.5],[38.94,-81.75],[39.02,-82.0],[35.25,-82.49],[31.25,-82.51],[30.54,-82.75],[31.58,-83.0],[30.89,-83.5],[28.5,-83.81],[23.25,-83.38],[22.53,-83.25],[22.42,-83.0],[25.03,-82.75],[24.38,-82.5],[12.04,-82.25],[8.75,-83.08],[4.38,-83.75],[3.53,-84.5],[3.83,-85.0],[6.0,-85.39],[14.75,-85.97],[34.75,-86.18],[43.79,-86.5]]}},{"type":"Feature","properties":{"level":1036},"geometry":{"type":"LineString","coordinates":[[44.58,-48.5],[45.25,-48.59],[48.5,-47.86],[51.5,-46.18],[53.35,-44.0],[53.14,-42.75],[52.51,-41.5],[49.69,-39.75],[48.0,-39.12],[46.5,-38.91],[44.75,-39.02],[44.25,-38.74],[42.75,-39.07],[40.75,-39.11],[37.0,-39.89],[35.25,-40.58],[34.83,-41.0],[34.79,-41.75],[34.18,-42.25],[33.64,-43.25],[34.39,-44.25],[35.33,-45.0],[35.77,-45.75],[40.25,-48.04],[42.0,-48.41],[44.58,-48.5]]}},{"type":"Feature","properties":{"level":1036},"geometry":{"type":"LineString","coordinates":[[80.61,35.25],[81.5,35.13],[82.29,35.5],[81.81,35.5],[81.75,35.27],[81.25,35.63],[80.2,35.75],[80.18,35.5],[80.61,35.25]]}},{"type":"Feature","properties":{"level":1040},"geometry":{"type":"LineString","coordinates":[[50.08,-86.5],[75.0,-86.17],[86.44,-85.5],[94.25,-84.64],[97.55,-84.0],[98.06,-83.75],[96.71,-83.25],[98.01,-82.5],[99.5,-82.01],[100.75,-81.13],[103.5,-79.87],[109.18,-78.5],[109.64,-78.25],[109.79,-77.75],[108.75,-77.38],[107.25,-77.29],[107.0,-76.87],[104.93,-75.75],[103.25,-75.3],[98.75,-75.44],[97.25,-74.88],[94.75,-75.57],[93.0,-75.39],[86.25,-77.88],[81.77,-78.75],[81.21,-79.0],[81.24,-79.25],[77.75,-79.89],[75.75,-80.59],[73.0,-80.93],[71.5,-80.77],[66.0,-80.91],[60.5,-81.32],[57.27,-81.0],[52.6,-79.75],[51.8,-79.0],[51.93,-78.25],[51.3,-77.5],[49.19,-76.75],[43.25,-75.99],[30.75,-76.09],[26.0,-75.6],[23.45,-76.0],[21.25,-76.74],[20.15,-76.75],[19.72,-77.0],[19.94,-77.25],[17.81,-77.5],[17.93,-77.75],[17.5,-78.0],[20.55,-79.0],[33.25,-78.99],[38.3,-79.75],[39.65,-80.5],[39.66,-80.75],[39.02,-81.25],[39.1,-81.5],[40.25,-82.0],[37.85,-83.25],[37.88,-83.75],[36.64,-84.5],[37.21,-85.0],[36.41,-85.25],[36.34,-85.5],[38.99,-86.0],[42.17,-86.25],[50.08,-86.5]]}},{"type":"Feature","properties":{"level":1040},"geometry":{"type":"LineString","coordinates":[[19.37,-85.25],[23.05,-85.25],[23.76,-84.75],[23.54,-84.5],[21.5,-84.36],[17.04,-84.75],[19.37,-85.25]]}},{"type":"Feature","properties":{"level":1040},"geometry":{"type":"LineString","coordinates":[[14.1,-82.75],[18.75,-82.97],[21.95,-82.75],[19.0,-82.46],[13.47,-82.5],[14.1,-82.75]]}},{"type":"Feature","properties":{"level":1040},"geometry":{"type":"LineString","coordinates":[[119.94,-75.75],[122.25,-75.98],[124.25,-75.71],[124.67,-75.5],[125.0,-74.62],[126.49,-74.25],[126.22,-74.0],[124.75,-73.9],[121.25,-74.04],[115.0,-73.83],[112.75,-73.98],[112.07,-74.25],[113.0,-74.88],[114.75,-75.39],[119.94,-75.75]]}},{"type":"Feature","properties":{"level":1040},"geometry":{"type":"LineString","coordinates":[[42.43,-45.25],[45.22,-44.75],[45.5,-44.02],[46.74,-43.5],[46.65,-43.0],[46.0,-42.63],[43.75,-42.15],[41.98,-42.5],[41.13,-43.25],[40.95,-44.0],[41.3,-44.75],[42.43,-45.25]]}},{"type":"Feature","properties":{"level":1044},"geometry":{"type":"LineString","coordinates":[[45.85,-86.25],[60.5,-86.4],[73.5,-86.1],[83.83,-85.5],[92.56,-84.5],[93.8,-84.25],[90.05,-84.0],[97.69,-82.0],[98.3,-81.25],[100.73,-80.5],[101.18,-80.0],[100.75,-79.66],[101.87,-79.25],[102.0,-78.88],[102.43,-78.75],[101.56,-78.5],[102.13,-78.0],[99.75,-77.88],[99.23,-77.5],[99.87,-77.25],[99.18,-76.75],[97.5,-76.62],[95.75,-75.9],[93.5,-75.59],[86.59,-78.0],[82.74,-78.75],[82.15,-79.0],[82.29,-79.25],[78.0,-79.92],[76.5,-80.55],[72.5,-81.49],[71.75,-81.51],[71.74,-81.25],[71.25,-81.12],[69.75,-81.11],[67.5,-81.33],[67.07,-81.5],[67.66,-81.75],[66.74,-82.0],[61.0,-82.21],[52.89,-80.25],[50.44,-79.0],[49.91,-78.5],[47.5,-77.64],[39.88,-77.25],[37.25,-76.4],[29.25,-76.33],[26.0,-75.89],[22.75,-76.69],[22.75,-76.96],[23.14,-77.25],[22.0,-77.44],[20.86,-78.0],[21.23,-78.5],[22.0,-78.78],[34.0,-78.85],[37.75,-79.24],[39.75,-79.75],[40.74,-80.5],[39.86,-81.25],[41.29,-82.0],[41.2,-82.5],[40.51,-83.0],[40.59,-83.25],[41.82,-84.25],[47.06,-85.25],[43.11,-85.75],[43.48,-86.0],[45.85,-86.25]]}},{"type":"Feature","properties":{"level":1044},"geometry":{"type":"LineString","coordinates":[[61.25,-83.52],[60.12,-83.25],[62.25,-82.98],[68.35,-83.5],[65.75,-83.7],[61.25,-83.52]]}},{"type":"Feature","properties":{"level":1044},"geometry":{"type":"LineString","coordinates":[[69.25,-82.01],[68.23,-81.75],[71.85,-82.0],[69.25,-82.01]]}},{"type":"Feature","properties":{"level":1044},"geometry":{"type":"LineString","coordinates":[[104.47,-77.5],[105.27,-77.5],[104.78,-76.75],[104.1,-76.5],[102.0,-76.03],[100.81,-76.5],[103.75,-77.12],[104.47,-77.5]]}},{"type":"Feature","properties":{"level":1044},"geometry":{"type":"LineString","coordinates":[[121.09,-75.75],[122.58,-75.75],[124.08,-75.0],[123.0,-74.45],[119.75,-74.15],[117.5,-74.21],[116.29,-74.5],[116.75,-74.9],[121.09,-75.75]]}},{"type":"Feature","properties":{"level":1048},"geometry":{"type":"LineString","coordinates":[[52.75,-86.25],[72.0,-86.03],[83.51,-85.25],[86.7,-84.75],[85.78,-84.5],[94.76,-82.25],[96.5,-80.81],[98.62,-80.5],[98.77,-80.25],[98.23,-79.5],[96.88,-78.75],[96.97,-78.25],[97.39,-78.0],[96.95,-77.75],[97.21,-77.5],[96.39,-76.5],[93.75,-75.85],[90.25,-76.81],[89.5,-77.32],[82.75,-79.38],[78.02,-80.0],[76.75,-80.6],[74.0,-81.18],[73.29,-81.5],[73.27,-82.0],[72.8,-82.25],[63.47,-82.5],[63.76,-82.75],[69.5,-83.49],[69.77,-83.75],[59.5,-83.83],[52.74,-83.0],[54.18,-82.75],[57.5,-82.67],[57.84,-82.5],[57.42,-82.25],[57.23,-81.5],[54.18,-81.0],[49.25,-79.26],[42.61,-78.25],[37.5,-76.9],[35.75,-76.65],[29.77,-76.5],[29.6,-77.0],[29.87,-77.25],[24.75,-77.01],[24.54,-77.25],[24.77,-77.5],[24.59,-77.75],[22.88,-78.0],[26.5,-78.65],[34.0,-78.64],[39.56,-79.25],[41.84,-80.25],[40.64,-81.25],[42.14,-81.75],[43.17,-82.5],[43.37,-83.25],[46.22,-84.5],[51.59,-85.25],[51.8,-85.5],[50.7,-85.75],[52.75,-86.25]]}},{"type":"Feature","properties":{"level":1048},"geometry":{"type":"LineString","coordinates":[[81.25,-80.76],[80.98,-80.5],[81.59,-80.25],[82.79,-80.25],[81.25,-80.76]]}},{"type":"Feature","properties":{"level":1048},"geometry":{"type":"LineString","coordinates":[[117.99,-74.75],[119.0,-74.77],[119.55,-74.5],[117.99,-74.75]]}},{"type":"Feature","properties":{"level":1052},"geometry":{"type":"LineString","coordinates":[[61.77,-86.0],[72.86,-85.75],[81.02,-85.0],[81.03,-84.75],[82.14,-84.5],[87.17,-83.75],[94.0,-81.82],[94.54,-81.5],[93.82,-80.75],[96.49,-80.25],[96.62,-79.25],[95.81,-79.0],[96.24,-78.5],[95.64,-77.75],[96.04,-77.25],[95.69,-77.0],[95.84,-76.5],[94.25,-76.18],[90.5,-76.87],[89.5,-77.54],[88.0,-77.86],[86.25,-78.77],[84.74,-79.25],[78.71,-80.0],[79.75,-80.23],[82.5,-79.89],[83.65,-80.25],[82.25,-80.83],[80.5,-81.08],[79.0,-80.53],[77.25,-80.59],[74.29,-81.25],[73.87,-81.5],[74.21,-82.25],[74.0,-82.3],[66.28,-82.75],[72.33,-83.75],[72.0,-83.82],[69.5,-84.03],[50.1,-84.25],[52.75,-84.88],[55.82,-85.25],[56.5,-85.75],[61.77,-86.0]]}},{"type":"Feature","properties":{"level":1052},"geometry":{"type":"LineString","coordinates":[[46.77,-82.5],[55.75,-82.33],[56.53,-81.75],[56.4,-81.5],[54.0,-81.16],[49.25,-79.66],[42.5,-78.55],[37.0,-76.99],[31.97,-76.75],[34.53,-77.5],[31.25,-78.07],[28.75,-77.69],[28.45,-77.75],[28.5,-78.05],[28.0,-78.15],[26.75,-77.68],[25.85,-77.75],[26.0,-78.0],[27.5,-78.46],[30.75,-78.5],[32.0,-78.3],[38.95,-78.75],[42.91,-80.0],[43.05,-80.25],[42.88,-80.5],[41.48,-81.25],[45.0,-82.27],[46.77,-82.5]]}},{"type":"Feature","properties":{"level":1056},"geometry":{"type":"LineString","coordinates":[[62.02,-85.5],[73.0,-85.36],[85.25,-83.75],[85.57,-83.5],[85.2,-83.25],[85.32,-83.0],[89.5,-82.48],[92.21,-81.75],[92.65,-81.5],[91.48,-81.0],[91.75,-80.78],[93.25,-80.55],[94.0,-80.04],[95.82,-79.75],[95.57,-79.25],[93.5,-78.96],[93.34,-78.75],[94.75,-78.46],[94.93,-78.25],[94.27,-78.0],[94.88,-77.75],[95.31,-77.25],[95.07,-77.0],[95.24,-76.75],[95.0,-76.5],[94.0,-76.87],[90.5,-76.99],[89.5,-77.86],[88.25,-77.9],[87.06,-78.5],[87.5,-78.73],[89.72,-78.5],[83.23,-79.75],[84.31,-80.25],[84.0,-80.58],[82.8,-81.0],[85.63,-81.25],[80.0,-81.84],[75.5,-82.63],[69.21,-82.75],[68.68,-83.0],[74.59,-83.75],[74.19,-84.0],[56.0,-84.53],[55.56,-84.75],[62.96,-85.25],[62.02,-85.5]]}},{"type":"Feature","properties":{"level":1056},"geometry":{"type":"LineString","coordinates":[[47.45,-82.0],[52.0,-82.11],[54.25,-81.83],[54.89,-81.5],[52.0,-80.91],[49.0,-79.85],[47.0,-79.68],[42.75,-78.82],[41.33,-79.0],[45.63,-80.5],[43.5,-80.72],[42.49,-81.25],[47.45,-82.0]]}},{"type":"Feature","properties":{"level":1056},"geometry":{"type":"LineString","coordinates":[[74.7,-81.5],[75.5,-81.54],[77.36,-81.0],[76.25,-80.99],[74.7,-81.5]]}},{"type":"Feature","properties":{"level":1056},"geometry":{"type":"LineString","coordinates":[[37.66,-78.25],[39.75,-78.48],[40.42,-78.25],[37.75,-77.23],[34.43,-77.0],[35.0,-77.06],[35.82,-77.5],[35.88,-77.75],[34.46,-78.0],[37.66,-78.25]]}},{"type":"Feature","properties":{"level":1060},"geometry":{"type":"LineString","coordinates":[[60.61,-84.75],[70.5,-84.93],[73.92,-84.75],[74.3,-84.5],[69.0,-84.38],[60.61,-84.75]]}},{"type":"Feature","properties":{"level":1060},"geometry":{"type":"LineString","coordinates":[[77.73,-83.25],[79.5,-83.31],[83.5,-82.77],[84.65,-82.5],[85.45,-82.0],[84.0,-81.74],[81.58,-82.0],[77.73,-83.25]]}},{"type":"Feature","properties":{"level":1060},"geometry":{"type":"LineString","coordinates":[[46.84,-81.75],[50.5,-81.92],[53.86,-81.5],[50.39,-81.25],[49.52,-80.75],[50.03,-80.5],[49.91,-80.25],[48.78,-80.0],[43.5,-79.18],[42.72,-79.25],[48.16,-80.75],[44.0,-80.98],[43.75,-81.25],[46.84,-81.75]]}},{"type":"Feature","properties":{"level":1060},"geometry":{"type":"LineString","coordinates":[[85.97,-80.75],[88.12,-80.75],[88.15,-80.25],[91.5,-80.3],[95.21,-79.5],[94.25,-79.16],[90.0,-79.11],[88.3,-79.5],[90.52,-79.75],[87.75,-79.91],[87.36,-80.25],[84.99,-80.25],[85.97,-80.75]]}},{"type":"Feature","properties":{"level":1060},"geometry":{"type":"LineString","coordinates":[[91.46,-78.5],[92.25,-78.56],[92.85,-78.25],[91.55,-77.25],[90.75,-77.17],[90.15,-77.5],[90.25,-77.85],[91.32,-78.0],[91.58,-78.25],[91.46,-78.5]]}},{"type":"Feature","properties":{"level":1060},"geometry":{"type":"LineString","coordinates":[[87.83,-78.25],[88.5,-78.35],[89.1,-78.0],[87.83,-78.25]]}},{"type":"Feature","properties":{"level":1064},"geometry":{"type":"LineString","coordinates":[[49.35,-81.75],[51.0,-81.5],[47.5,-81.05],[44.98,-81.25],[49.35,-81.75]]}},{"type":"Feature","properties":{"level":1064},"geometry":{"type":"LineString","coordinates":[[92.01,-79.5],[93.76,-79.5],[92.01,-79.5]]}}]}