{"type":"FeatureCollection","features":[{"type":"Feature","properties":{"level":948},"geometry":{"type":"LineString","coordinates":[[59.75,-62.02],[59.65,-61.5],[60.0,-61.26],[60.75,-61.35],[61.36,-61.75],[61.35,-62.0],[61.0,-62.19],[59.75,-62.02]]}},{"type":"Feature","properties":{"level":952},"geometry":{"type":"LineString","coordinates":[[63.5,-63.75],[59.5,-63.07],[58.51,-62.5],[58.4,-61.75],[58.99,-61.25],[60.0,-60.9],[62.29,-61.0],[64.75,-61.89],[65.7,-63.25],[63.5,-63.75]]}},{"type":"Feature","properties":{"level":956},"geometry":{"type":"LineString","coordinates":[[180.0,-66.1],[176.17,-66.0],[180.0,-65.89]]}},{"type":"Feature","properties":{"level":956},"geometry":{"type":"LineString","coordinates":[[-180.0,-65.89],[-178.86,-66.0],[-180.0,-66.1]]}},{"type":"Feature","properties":{"level":956},"geometry":{"type":"LineString","coordinates":[[158.75,-65.51],[151.5,-63.54],[150.25,-62.86],[150.03,-62.25],[150.75,-61.7],[152.4,-61.75],[154.25,-62.92],[158.03,-63.5],[158.96,-64.5],[161.74,-65.5],[160.25,-65.66],[158.75,-65.51]]}},{"type":"Feature","properties":{"level":956},"geometry":{"type":"LineString","coordinates":[[67.75,-64.77],[60.5,-63.92],[57.8,-63.0],[57.47,-62.75],[57.27,-62.0],[58.0,-61.15],[60.0,-60.44],[63.0,-60.25],[65.75,-60.61],[66.25,-60.42],[74.0,-63.42],[77.61,-64.0],[76.25,-64.43],[72.5,-64.97],[67.75,-64.77]]}},{"type":"Feature","properties":{"level":956},"geometry":{"type":"LineString","coordinates":[[-126.25,-60.82],[-126.68,-60.5],[-126.78,-59.75],[-126.5,-59.18],[-125.8,-58.75],[-125.0,-58.68],[-124.25,-58.91],[-123.49,-59.75],[-123.54,-60.25],[-124.13,-60.75],[-125.5,-61.0],[-126.25,-60.82]]}},{"type":"Feature","properties":{"level":956},"geometry":{"type":"LineString","coordinates":[[142.0,17.98],[142.0,18.27],[142.0,17.98]]}},{"type":"Feature","properties":{"level":960},"geometry":{"type":"LineString","coordinates":[[-121.75,-67.0],[-122.65,-66.75],[-123.36,-66.25],[-123.18,-66.0],[-122.25,-65.9],[-120.53,-66.5],[-120.75,-66.8],[-121.75,-67.0]]}},{"type":"Feature","properties":{"level":960},"geometry":{"type":"LineString","coordinates":[[180.0,-66.96],[176.5,-67.01],[170.0,-66.43],[161.5,-66.77],[157.75,-66.57],[154.0,-65.67],[151.25,-64.73],[149.5,-63.66],[148.86,-62.5],[149.07,-62.0],[149.76,-61.5],[152.25,-61.23],[156.0,-61.98],[159.66,-62.25],[163.5,-63.8],[166.75,-64.62],[180.0,-64.61]]}},{"type":"Feature","properties":{"level":960},"geometry":{"type":"LineString","coordinates":[[69.5,-65.51],[59.25,-64.27],[56.75,-63.17],[56.19,-62.5],[56.15,-62.0],[56.66,-61.25],[58.25,-60.38],[60.75,-59.72],[63.5,-59.51],[63.75,-59.24],[67.0,-59.61],[73.25,-61.45],[77.5,-62.07],[80.25,-62.09],[87.75,-61.08],[89.5,-61.23],[90.18,-61.5],[89.02,-62.25],[77.75,-65.02],[73.0,-65.62],[69.5,-65.51]]}},{"type":"Feature","properties":{"level":960},"geometry":{"type":"LineString","coordinates":[[-180.0,-64.61],[-175.5,-64.74],[-173.55,-65.25],[-173.92,-65.75],[-175.24,-66.25],[-180.0,-66.96]]}},{"type":"Feature","properties":{"level":960},"geometry":{"type":"LineString","coordinates":[[-126.75,-63.77],[-128.5,-63.31],[-130.25,-62.5],[-131.47,-61.5],[-131.25,-60.99],[-129.74,-60.0],[-127.5,-57.99],[-125.5,-57.38],[-123.0,-57.48],[-120.5,-58.15],[-118.25,-59.4],[-118.42,-61.25],[-119.63,-62.75],[-121.5,-63.56],[-123.25,-63.96],[-126.75,-63.77]]}},{"type":"Feature","properties":{"level":960},"geometry":{"type":"LineString","coordinates":[[142.0,17.94],[141.9,18.25],[142.25,18.26],[142.0,17.94]]}},{"type":"Feature","properties":{"level":964},"geometry":{"type":"LineString","coordinates":[[-118.25,-72.51],[-120.04,-72.0],[-120.37,-71.75],[-120.33,-71.25],[-119.5,-71.07],[-117.25,-71.22],[-115.46,-71.5],[-114.41,-72.0],[-114.39,-72.25],[-114.76,-72.5],[-115.75,-72.72],[-118.25,-72.51]]}},{"type":"Feature","properties":{"level":964},"geometry":{"type":"LineString","coordinates":[[-124.0,-70.26],[-125.76,-69.75],[-127.2,-68.0],[-131.25,-65.67],[-132.0,-64.62],[-133.13,-62.25],[-133.2,-61.25],[-132.75,-60.33],[-128.68,-56.75],[-126.5,-55.97],[-121.5,-55.59],[-118.5,-55.99],[-115.75,-56.69],[-113.0,-56.95],[-112.4,-58.5],[-112.93,-61.75],[-115.61,-66.75],[-116.5,-67.59],[-118.25,-68.28],[-123.23,-69.0],[-123.67,-69.5],[-122.91,-70.25],[-124.0,-70.26]]}},{"type":"Feature","properties":{"level":964},"geometry":{"type":"LineString","coordinates":[[180.0,-67.7],[161.0,-67.61],[155.75,-67.16],[152.5,-66.53],[149.66,-65.5],[147.87,-64.0],[147.37,-62.5],[147.78,-61.75],[148.75,-61.19],[150.25,-60.77],[152.25,-60.63],[159.75,-61.46],[168.0,-63.33],[180.0,-63.65]]}},{"type":"Feature","properties":{"level":964},"geometry":{"type":"LineString","coordinates":[[73.25,-66.25],[65.25,-65.87],[59.25,-64.95],[57.5,-64.44],[55.5,-63.22],[55.0,-63.16],[54.81,-63.0],[54.83,-62.0],[55.61,-61.0],[57.45,-60.0],[62.5,-58.57],[67.0,-58.77],[74.5,-60.44],[76.5,-60.66],[83.0,-60.63],[89.25,-59.88],[92.5,-59.86],[94.05,-60.25],[93.83,-60.75],[92.72,-61.75],[89.73,-63.0],[78.04,-65.75],[73.25,-66.25]]}},{"type":"Feature","properties":{"level":964},"geometry":{"type":"LineString","coordinates":[[-29.75,-64.51],[-30.11,-64.25],[-30.0,-64.03],[-28.89,-63.5],[-25.0,-62.27],[-23.75,-62.1],[-23.24,-62.25],[-23.2,-62.75],[-23.58,-63.25],[-25.25,-64.0],[-27.5,-64.56],[-29.75,-64.51]]}},{"type":"Feature","properties":{"level":964},"geometry":{"type":"LineString","coordinates":[[-180.0,-63.65],[-174.0,-64.01],[-171.75,-64.5],[-171.21,-64.75],[-171.16,-65.0],[-171.72,-65.75],[-173.25,-66.53],[-176.25,-67.3],[-180.0,-67.7]]}},{"type":"Feature","properties":{"level":964},"geometry":{"type":"LineString","coordinates":[[160.5,15.52],[160.47,16.0],[160.75,16.02],[160.92,15.75],[160.5,15.52]]}},{"type":"Feature","properties":{"level":964},"geometry":{"type":"LineString","coordinates":[[142.0,17.89],[141.83,18.25],[142.25,18.31],[142.3,18.0],[142.0,17.89]]}},{"type":"Feature","properties":{"level":964},"geometry":{"type":"LineString","coordinates":[[-174.75,61.23],[-175.11,61.5],[-174.47,61.5],[-174.75,61.23]]}},{"type":"Feature","properties":{"level":968},"geometry":{"type":"LineString","coordinates":[[-115.5,-74.04],[-119.75,-73.58],[-125.75,-72.06],[-129.01,-70.75],[-131.06,-69.5],[-134.0,-66.24],[-135.03,-63.75],[-135.22,-61.25],[-133.85,-58.75],[-131.0,-56.11],[-129.5,-55.19],[-126.0,-53.95],[-123.25,-53.54],[-120.5,-53.64],[-114.75,-54.97],[-112.0,-55.2],[-110.94,-55.75],[-110.04,-57.5],[-109.4,-60.75],[-110.17,-62.0],[-110.83,-63.75],[-112.25,-68.0],[-112.29,-68.75],[-111.5,-69.5],[-108.25,-70.15],[-107.57,-70.75],[-107.38,-71.5],[-108.16,-72.5],[-110.28,-73.5],[-112.0,-73.86],[-115.5,-74.04]]}},{"type":"Feature","properties":{"level":968},"geometry":{"type":"LineString","coordinates":[[180.0,-68.51],[163.0,-68.39],[153.5,-67.99],[149.99,-67.25],[147.53,-66.25],[145.75,-64.52],[144.98,-62.25],[145.26,-61.75],[146.75,-60.48],[148.25,-60.05],[151.0,-59.74],[154.5,-60.03],[163.75,-61.47],[167.5,-61.6],[169.75,-62.21],[172.25,-62.56],[180.0,-62.85]]}},{"type":"Feature","properties":{"level":968},"geometry":{"type":"LineString","coordinates":[[72.25,-66.75],[70.5,-66.56],[64.5,-66.61],[61.25,-66.25],[57.75,-65.3],[53.85,-63.75],[53.29,-62.75],[53.29,-62.0],[53.81,-61.25],[54.79,-60.5],[57.95,-59.0],[60.59,-58.25],[63.0,-57.96],[67.25,-58.05],[73.75,-59.16],[77.25,-59.52],[83.75,-59.44],[89.0,-58.8],[93.25,-58.56],[95.5,-58.75],[96.25,-59.06],[96.57,-59.5],[96.15,-60.75],[95.25,-61.58],[93.1,-62.75],[90.3,-63.75],[78.3,-66.5],[75.5,-66.82],[72.25,-66.75]]}},{"type":"Feature","properties":{"level":968},"geometry":{"type":"LineString","coordinates":[[-29.25,-65.29],[-30.5,-64.94],[-31.48,-64.25],[-31.47,-63.75],[-30.72,-62.75],[-26.0,-61.04],[-22.25,-60.46],[-21.58,-61.0],[-21.35,-62.0],[-21.6,-63.0],[-22.25,-63.81],[-23.0,-64.3],[-25.75,-65.26],[-27.5,-65.44],[-29.25,-65.29]]}},{"type":"Feature","properties":{"level":968},"geometry":{"type":"LineString","coordinates":[[-180.0,-62.85],[-176.25,-62.95],[-172.25,-63.42],[-169.56,-64.0],[-169.0,-64.5],[-169.69,-65.75],[-172.25,-67.07],[-175.25,-67.92],[-180.0,-68.51]]}},{"type":"Feature","properties":{"level":968},"geometry":{"type":"LineString","coordinates":[[129.0,-59.77],[125.25,-59.1],[124.78,-58.5],[128.5,-57.54],[131.5,-57.39],[132.5,-57.52],[134.0,-58.2],[140.51,-59.25],[136.5,-59.97],[129.0,-59.77]]}},{"type":"Feature","properties":{"level":968},"geometry":{"type":"LineString","coordinates":[[160.5,15.4],[160.25,15.98],[160.75,16.12],[161.0,15.61],[160.5,15.4]]}},{"type":"Feature","properties":{"level":968},"geometry":{"type":"LineString","coordinates":[[141.75,17.99],[142.0,18.4],[142.36,18.25],[142.25,17.9],[141.75,17.99]]}},{"type":"Feature","properties":{"level":968},"geometry":{"type":"LineString","coordinates":[[-175.25,60.74],[-176.56,61.25],[-176.73,61.75],[-176.54,62.0],[-174.75,62.33],[-173.47,61.75],[-173.44,61.25],[-173.72,61.0],[-175.25,60.74]]}},{"type":"Feature","properties":{"level":972},"geometry":{"type":"LineString","coordinates":[[-121.5,-74.76],[-124.9,-74.0],[-125.5,-73.49],[-128.0,-73.95],[-130.91,-73.5],[-135.87,-69.25],[-136.75,-67.92],[-137.45,-65.75],[-137.7,-63.75],[-137.4,-61.5],[-136.93,-60.25],[-135.43,-57.75],[-134.25,-56.4],[-131.37,-54.0],[-129.75,-53.07],[-127.27,-52.25],[-124.25,-51.79],[-121.0,-51.88],[-116.75,-52.77],[-109.74,-55.0],[-108.48,-56.25],[-107.79,-56.5],[-107.21,-59.25],[-106.73,-60.0],[-106.54,-61.0],[-107.34,-62.5],[-107.77,-64.0],[-107.44,-66.5],[-106.44,-67.5],[-104.46,-68.0],[-102.79,-68.75],[-103.05,-70.25],[-104.5,-72.46],[-105.22,-73.25],[-107.75,-74.46],[-109.25,-74.75],[-111.75,-74.82],[-114.0,-74.52],[-118.5,-74.84],[-121.5,-74.76]]}},{"type":"Feature","properties":{"level":972},"geometry":{"type":"LineString","coordinates":[[180.0,-69.53],[159.5,-68.99],[157.75,-69.3],[156.0,-69.29],[154.5,-68.99],[153.25,-69.13],[151.0,-68.55],[148.7,-68.5],[147.5,-67.86],[145.82,-67.5],[145.88,-67.25],[145.5,-66.95],[144.48,-66.75],[143.75,-66.25],[140.75,-62.7],[138.5,-61.95],[123.75,-61.3],[121.25,-61.58],[117.75,-62.34],[116.75,-62.29],[116.11,-62.0],[116.39,-61.5],[117.5,-60.8],[120.0,-59.92],[124.5,-57.66],[127.75,-56.87],[130.75,-56.7],[133.75,-56.83],[143.75,-58.35],[148.25,-58.48],[162.5,-60.47],[166.5,-60.65],[168.0,-60.5],[173.75,-61.67],[180.0,-62.06]]}},{"type":"Feature","properties":{"level":972},"geometry":{"type":"LineString","coordinates":[[61.5,-67.5],[60.25,-67.24],[58.1,-66.25],[54.5,-65.32],[52.44,-64.25],[51.59,-63.0],[51.87,-61.5],[53.34,-60.25],[56.18,-58.75],[59.78,-57.75],[63.5,-57.33],[67.25,-57.35],[71.5,-57.71],[74.5,-58.31],[78.75,-58.54],[84.25,-58.38],[90.25,-57.62],[95.75,-57.44],[97.75,-57.85],[98.44,-58.25],[98.68,-58.75],[98.74,-60.0],[97.67,-61.25],[95.86,-62.5],[91.0,-64.4],[85.83,-65.75],[77.0,-67.39],[74.0,-67.45],[70.75,-67.16],[63.0,-67.6],[61.5,-67.5]]}},{"type":"Feature","properties":{"level":972},"geometry":{"type":"LineString","coordinates":[[-28.5,-66.27],[-30.75,-65.72],[-32.25,-64.81],[-32.69,-64.0],[-32.5,-62.5],[-28.25,-60.47],[-22.5,-58.98],[-21.25,-59.08],[-19.89,-60.5],[-19.39,-61.75],[-19.54,-63.25],[-19.96,-64.0],[-21.22,-65.0],[-22.96,-65.75],[-24.75,-66.19],[-28.5,-66.27]]}},{"type":"Feature","properties":{"level":972},"geometry":{"type":"LineString","coordinates":[[-180.0,-62.06],[-174.0,-62.4],[-169.5,-62.99],[-167.57,-63.5],[-167.16,-64.25],[-167.53,-65.25],[-168.65,-66.5],[-170.44,-67.75],[-172.0,-68.43],[-176.0,-69.28],[-180.0,-69.53]]}},{"type":"Feature","properties":{"level":972},"geometry":{"type":"LineString","coordinates":[[160.25,15.45],[160.25,16.12],[160.75,16.21],[161.06,16.0],[161.0,15.43],[160.5,15.28],[160.25,15.45]]}},{"type":"Feature","properties":{"level":972},"geometry":{"type":"LineString","coordinates":[[141.75,17.91],[141.69,18.25],[142.0,18.44],[142.42,18.25],[142.25,17.85],[141.75,17.91]]}},{"type":"Feature","properties":{"level":972},"geometry":{"type":"LineString","coordinates":[[-176.0,60.22],[-177.5,60.64],[-178.43,61.25],[-178.79,61.75],[-178.52,62.75],[-177.5,63.32],[-175.25,63.44],[-173.25,62.89],[-172.25,62.0],[-172.3,61.25],[-173.25,60.51],[-174.75,60.16],[-176.0,60.22]]}},{"type":"Feature","properties":{"level":976},"geometry":{"type":"LineString","coordinates":[[-157.5,-78.02],[-159.0,-77.8],[-165.5,-77.91],[-169.66,-77.25],[-171.25,-76.42],[-172.08,-75.5],[-172.32,-75.0],[-172.18,-73.5],[-170.83,-72.75],[-168.25,-72.41],[-154.75,-73.1],[-150.5,-72.34],[-149.32,-72.75],[-147.69,-73.75],[-147.73,-75.0],[-148.6,-75.5],[-151.14,-76.25],[-155.1,-76.75],[-156.37,-77.75],[-157.5,-78.02]]}},{"type":"Feature","properties":{"level":976},"geometry":{"type":"LineString","coordinates":[[-116.25,-75.5],[-119.75,-75.14],[-130.25,-75.2],[-131.75,-74.9],[-132.9,-75.0],[-133.0,-75.28],[-135.0,-74.84],[-137.93,-75.0],[-138.95,-74.5],[-139.28,-73.75],[-140.25,-73.06],[-140.9,-72.25],[-141.28,-69.25],[-141.03,-68.25],[-141.04,-66.5],[-140.4,-63.5],[-139.4,-60.75],[-136.79,-56.25],[-133.25,-52.61],[-131.23,-51.5],[-128.25,-50.62],[-126.0,-50.29],[-122.75,-50.24],[-116.0,-51.34],[-109.5,-53.72],[-107.0,-55.11],[-106.68,-55.5],[-104.53,-60.75],[-104.63,-64.0],[-104.25,-64.75],[-102.5,-65.92],[-99.25,-66.51],[-97.96,-67.5],[-97.8,-68.0],[-98.73,-69.5],[-101.17,-71.75],[-101.07,-72.0],[-100.12,-72.25],[-101.26,-72.5],[-101.94,-73.0],[-101.86,-73.25],[-102.5,-73.71],[-102.48,-74.0],[-103.7,-74.75],[-107.25,-75.57],[-113.25,-75.59],[-115.0,-75.05],[-116.0,-75.17],[-116.18,-75.25],[-115.76,-75.5],[-116.25,-75.5]]}},{"type":"Feature","properties":{"level":976},"geometry":{"type":"LineString","coordinates":[[180.0,-70.99],[172.25,-70.35],[164.5,-70.09],[160.5,-69.67],[158.75,-69.74],[158.25,-70.0],[156.5,-69.72],[153.5,-69.84],[150.22,-69.0],[146.5,-68.55],[145.81,-68.0],[144.0,-68.12],[143.7,-67.5],[143.25,-67.34],[142.5,-67.38],[137.5,-66.47],[134.75,-66.3],[134.25,-65.97],[132.25,-65.99],[131.95,-65.75],[132.13,-65.5],[133.26,-65.0],[133.53,-64.5],[132.25,-64.02],[126.5,-63.85],[119.25,-64.84],[116.5,-64.84],[115.5,-64.56],[114.75,-64.0],[114.28,-63.25],[114.12,-62.5],[114.47,-61.5],[115.75,-60.33],[120.98,-58.0],[125.25,-56.59],[130.0,-56.01],[134.25,-56.08],[148.75,-57.65],[162.5,-59.68],[169.0,-59.69],[174.5,-60.77],[180.0,-61.24]]}},{"type":"Feature","properties":{"level":976},"geometry":{"type":"LineString","coordinates":[[79.0,-68.53],[78.0,-68.16],[75.0,-68.14],[71.0,-67.67],[67.5,-68.0],[60.0,-67.92],[57.5,-67.54],[56.75,-67.77],[56.21,-66.75],[53.5,-66.52],[53.0,-66.56],[52.5,-66.94],[51.75,-66.92],[50.25,-67.85],[49.75,-67.34],[48.25,-67.11],[47.94,-66.5],[49.88,-65.0],[50.61,-64.75],[50.48,-64.0],[49.56,-63.0],[49.73,-62.0],[51.71,-59.5],[55.0,-58.3],[60.0,-57.14],[66.0,-56.61],[70.5,-56.8],[75.25,-57.51],[80.25,-57.58],[94.75,-56.27],[99.0,-56.72],[100.43,-58.0],[100.75,-59.25],[100.55,-60.5],[99.29,-61.75],[96.75,-63.36],[92.0,-65.15],[83.75,-67.31],[80.75,-67.78],[79.0,-68.53]]}},{"type":"Feature","properties":{"level":976},"geometry":{"type":"LineString","coordinates":[[-28.0,-67.75],[-31.0,-66.87],[-32.5,-66.07],[-33.47,-65.25],[-33.94,-64.5],[-34.17,-63.5],[-34.0,-62.25],[-33.77,-62.0],[-29.75,-59.88],[-23.32,-57.75],[-21.75,-57.43],[-20.75,-57.55],[-20.0,-57.94],[-17.28,-60.75],[-16.73,-62.25],[-16.82,-63.75],[-17.59,-65.0],[-18.93,-66.0],[-21.0,-67.03],[-22.75,-67.52],[-25.5,-67.89],[-28.0,-67.75]]}},{"type":"Feature","properties":{"level":976},"geometry":{"type":"LineString","coordinates":[[-180.0,-61.24],[-170.75,-61.96],[-167.25,-62.44],[-165.87,-63.0],[-165.31,-64.25],[-166.36,-67.75],[-167.18,-68.75],[-168.38,-69.5],[-172.0,-70.83],[-173.25,-70.68],[-176.0,-71.14],[-180.0,-70.99]]}},{"type":"Feature","properties":{"level":976},"geometry":{"type":"LineString","coordinates":[[160.5,15.18],[160.1,15.5],[160.04,16.0],[160.75,16.32],[161.21,15.75],[161.0,15.31],[160.5,15.18]]}},{"type":"Feature","properties":{"level":976},"geometry":{"type":"LineString","coordinates":[[141.75,17.84],[141.75,18.38],[142.25,18.45],[142.47,18.25],[142.25,17.8],[141.75,17.84]]}},{"type":"Feature","properties":{"level":976},"geometry":{"type":"LineString","coordinates":[[180.0,60.88],[179.24,61.5],[178.96,62.25],[179.43,62.75],[179.48,63.5],[180.0,64.33]]}},{"type":"Feature","properties":{"level":976},"geometry":{"type":"LineString","coordinates":[[-180.0,64.33],[-179.25,64.76],[-177.5,65.0],[-176.0,65.01],[-174.0,64.6],[-171.5,63.54],[-170.66,62.0],[-170.85,61.25],[-171.75,60.35],[-173.0,59.77],[-174.5,59.45],[-176.0,59.44],[-177.75,59.78],[-180.0,60.88]]}},{"type":"Feature","properties":{"level":980},"geometry":{"type":"LineString","coordinates":[[180.0,-75.65],[179.28,-74.5],[177.0,-73.12],[172.0,-71.56],[168.25,-71.78],[166.5,-70.94],[164.75,-71.07],[164.0,-71.54],[163.25,-71.59],[162.5,-71.3],[162.0,-70.79],[161.25,-70.86],[159.0,-70.05],[158.25,-70.32],[155.5,-70.3],[152.08,-70.0],[149.0,-69.25],[143.35,-68.5],[141.0,-67.54],[135.5,-66.83],[134.25,-66.86],[133.25,-66.43],[132.25,-66.68],[130.75,-66.56],[129.75,-67.29],[127.58,-67.25],[126.0,-66.71],[119.0,-67.34],[116.5,-67.16],[115.67,-66.75],[113.0,-66.37],[112.0,-66.0],[111.0,-66.12],[110.71,-66.25],[110.75,-66.51],[110.0,-66.69],[107.96,-66.25],[107.38,-65.75],[108.0,-65.18],[110.5,-64.65],[112.43,-61.0],[113.86,-59.75],[115.5,-58.84],[122.69,-56.25],[128.75,-55.22],[135.75,-55.31],[145.75,-56.28],[161.5,-58.77],[165.25,-59.05],[169.75,-59.01],[173.5,-59.73],[180.0,-60.35]]}},{"type":"Feature","properties":{"level":980},"geometry":{"type":"LineString","coordinates":[[-26.5,-70.76],[-28.5,-70.18],[-30.43,-69.25],[-34.25,-66.41],[-35.09,-65.5],[-35.56,-64.5],[-35.73,-63.5],[-35.59,-62.25],[-33.85,-60.75],[-31.75,-59.58],[-25.0,-56.97],[-22.0,-56.15],[-20.0,-56.41],[-16.0,-58.42],[-13.75,-59.05],[-10.5,-58.66],[-8.5,-57.56],[-4.75,-59.1],[-2.98,-60.0],[-2.47,-60.5],[-3.57,-61.5],[-3.65,-61.75],[-3.31,-62.25],[0.34,-64.25],[0.83,-65.25],[4.83,-68.0],[5.23,-68.5],[5.11,-69.0],[4.49,-69.5],[2.5,-69.94],[-3.5,-70.54],[-9.25,-70.29],[-9.32,-70.0],[-9.0,-69.65],[-5.77,-68.0],[-5.39,-67.0],[-5.75,-66.41],[-7.0,-65.68],[-9.75,-65.04],[-10.88,-65.5],[-12.25,-67.2],[-14.36,-69.0],[-16.75,-70.0],[-18.75,-70.53],[-21.75,-70.92],[-24.25,-70.98],[-26.5,-70.76]]}},{"type":"Feature","properties":{"level":980},"geometry":{"type":"LineString","coordinates":[[-11.25,-70.42],[-11.43,-70.25],[-10.71,-70.25],[-11.25,-70.42]]}},{"type":"Feature","properties":{"level":980},"geometry":{"type":"LineString","coordinates":[[37.0,-69.77],[35.25,-69.55],[35.16,-69.25],[37.25,-69.03],[38.29,-69.25],[38.16,-69.5],[37.0,-69.77]]}},{"type":"Feature","properties":{"level":980},"geometry":{"type":"LineString","coordinates":[[47.25,-69.51],[45.25,-69.09],[44.75,-69.28],[44.0,-68.98],[42.75,-69.03],[40.6,-68.5],[45.61,-65.5],[47.18,-63.5],[47.49,-62.0],[48.3,-60.5],[49.75,-59.35],[53.25,-58.07],[58.65,-56.75],[62.75,-56.19],[70.0,-55.79],[74.75,-56.62],[80.0,-56.65],[91.0,-55.39],[94.25,-55.22],[98.25,-55.54],[100.5,-56.16],[102.5,-57.77],[103.17,-58.75],[102.94,-60.25],[102.48,-61.0],[101.02,-62.5],[100.61,-63.25],[98.75,-64.63],[98.26,-65.5],[96.39,-65.5],[94.5,-66.41],[88.0,-67.1],[81.0,-68.21],[79.25,-68.97],[75.75,-69.48],[71.12,-68.25],[69.5,-68.17],[58.25,-68.27],[55.5,-68.55],[54.0,-68.27],[53.0,-68.5],[51.75,-69.14],[49.5,-69.55],[48.75,-69.35],[47.25,-69.51]]}},{"type":"Feature","properties":{"level":980},"geometry":{"type":"LineString","coordinates":[[-180.0,-60.35],[-168.0,-61.45],[-165.25,-62.07],[-164.17,-62.75],[-163.0,-65.65],[-161.94,-67.25],[-161.25,-67.92],[-159.32,-68.75],[-159.28,-69.25],[-157.75,-69.89],[-153.0,-69.83],[-150.75,-69.26],[-147.75,-68.1],[-146.25,-67.44],[-145.25,-66.48],[-144.71,-65.5],[-143.55,-64.25],[-141.02,-59.25],[-138.41,-55.0],[-136.38,-52.25],[-135.0,-51.08],[-133.0,-50.09],[-130.25,-49.33],[-124.75,-48.81],[-121.5,-48.94],[-114.5,-50.31],[-107.5,-53.33],[-106.15,-54.25],[-104.77,-56.25],[-101.98,-61.5],[-101.57,-63.0],[-101.0,-64.06],[-96.14,-65.75],[-94.76,-66.5],[-93.25,-67.76],[-88.31,-68.5],[-89.05,-69.0],[-97.35,-71.75],[-97.09,-72.5],[-98.53,-73.0],[-98.61,-73.5],[-99.27,-74.0],[-98.15,-75.0],[-98.42,-75.25],[-104.75,-76.31],[-107.5,-76.52],[-109.5,-76.47],[-111.0,-76.03],[-112.75,-76.39],[-114.25,-75.57],[-116.0,-75.73],[-119.25,-75.45],[-123.75,-75.49],[-125.08,-76.0],[-127.25,-76.18],[-129.75,-76.14],[-131.0,-75.48],[-132.75,-76.01],[-133.75,-75.75],[-135.0,-76.14],[-137.5,-75.98],[-140.0,-76.15],[-141.32,-76.5],[-140.86,-76.75],[-141.0,-76.99],[-142.23,-77.5],[-141.5,-77.56],[-141.32,-77.75],[-141.59,-78.0],[-141.0,-78.31],[-137.87,-79.0],[-141.56,-80.25],[-139.87,-80.5],[-148.0,-81.05],[-150.0,-81.55],[-168.25,-80.4],[-172.5,-79.91],[-176.0,-78.94],[-179.25,-77.51],[-179.78,-76.75],[-180.0,-75.65]]}},{"type":"Feature","properties":{"level":980},"geometry":{"type":"LineString","coordinates":[[160.25,15.16],[159.9,15.75],[160.0,16.14],[160.5,16.44],[161.0,16.33],[161.24,15.5],[160.75,15.09],[160.25,15.16]]}},{"type":"Feature","properties":{"level":980},"geometry":{"type":"LineString","coordinates":[[142.0,17.67],[141.54,18.0],[142.0,18.55],[142.53,18.25],[142.5,17.96],[142.0,17.67]]}},{"type":"Feature","properties":{"level":980},"geometry":{"type":"LineString","coordinates":[[-49.5,53.75],[-49.97,54.0],[-49.94,54.5],[-49.25,54.71],[-48.45,54.5],[-48.47,54.0],[-49.5,53.75]]}},{"type":"Feature","properties":{"level":980},"geometry":{"type":"LineString","coordinates":[[180.0,59.52],[177.28,61.25],[176.6,62.5],[177.95,63.25],[177.69,64.5],[178.68,66.0],[179.25,66.35],[180.0,66.41]]}},{"type":"Feature","properties":{"level":980},"geometry":{"type":"LineString","coordinates":[[-180.0,66.41],[-176.25,67.14],[-174.5,67.11],[-172.88,66.75],[-171.62,65.5],[-170.5,64.94],[-169.5,64.0],[-168.78,62.25],[-169.05,61.25],[-170.03,60.25],[-171.5,59.36],[-173.25,58.8],[-175.0,58.53],[-177.0,58.58],[-178.75,58.92],[-180.0,59.52]]}},{"type":"Feature","properties":{"level":984},"geometry":{"type":"LineString","coordinates":[[-147.55,-84.0],[-146.21,-84.0],[-146.25,-83.82],[-147.55,-84.0]]}},{"type":"Feature","properties":{"level":984},"geometry":{"type":"LineString","coordinates":[[-146.23,-83.75],[-144.62,-83.75],[-146.23,-83.75]]}},{"type":"Feature","properties":{"level":984},"geometry":{"type":"LineString","coordinates":[[180.0,-82.82],[176.25,-82.19],[174.75,-81.71],[173.64,-81.0],[172.85,-79.5],[172.84,-77.5],[172.0,-76.17],[171.25,-75.57],[170.32,-74.25],[170.49,-73.75],[169.66,-73.25],[169.75,-72.84],[170.42,-72.5],[169.77,-72.25],[170.0,-72.22],[170.0,-71.93],[169.0,-72.27],[166.75,-71.62],[165.41,-71.75],[166.25,-72.04],[166.5,-72.51],[163.75,-72.07],[163.75,-72.31],[164.75,-72.73],[166.02,-73.0],[165.25,-73.27],[164.25,-72.86],[162.89,-72.75],[163.33,-72.5],[162.5,-71.92],[161.75,-72.15],[160.75,-71.67],[159.26,-71.5],[159.95,-70.75],[159.75,-70.67],[157.75,-70.73],[156.94,-70.5],[150.5,-70.14],[148.5,-69.65],[142.0,-68.69],[139.74,-67.75],[133.0,-66.98],[129.75,-67.55],[125.5,-67.17],[119.25,-67.85],[114.75,-67.8],[112.95,-67.5],[113.43,-67.25],[113.0,-67.08],[109.5,-67.23],[103.0,-66.12],[100.25,-66.73],[91.75,-67.13],[81.5,-68.54],[79.25,-69.4],[73.25,-70.19],[72.75,-70.49],[71.5,-69.53],[69.5,-68.46],[65.75,-68.5],[60.5,-68.97],[58.25,-68.84],[54.5,-69.29],[52.87,-70.0],[52.17,-70.5],[51.75,-71.87],[51.25,-72.07],[45.0,-71.16],[43.25,-70.39],[41.75,-69.38],[40.75,-69.43],[39.86,-70.0],[39.75,-70.3],[34.75,-70.07],[33.28,-69.0],[33.16,-68.5],[37.75,-67.34],[42.06,-65.0],[43.75,-63.46],[43.82,-63.0],[43.0,-62.25],[45.43,-60.5],[49.37,-58.5],[57.0,-56.4],[64.5,-55.46],[70.75,-55.26],[74.5,-55.77],[77.0,-55.83],[82.0,-55.56],[91.5,-54.32],[94.25,-54.26],[98.0,-54.57],[100.51,-55.0],[102.25,-55.7],[106.25,-57.57],[108.0,-59.22],[109.0,-59.55],[121.5,-55.34],[128.25,-54.17],[131.0,-54.08],[146.0,-55.23],[161.0,-57.9],[164.5,-58.25],[169.5,-58.31],[180.0,-59.54]]}},{"type":"Feature","properties":{"level":984},"geometry":{"type":"LineString","coordinates":[[-31.0,-80.56],[-31.22,-80.5],[-29.75,-79.99],[-28.0,-79.73],[-26.98,-79.75],[-27.47,-80.0],[-26.0,-80.12],[-23.42,-79.75],[-25.55,-79.25],[-25.0,-79.0],[-27.75,-79.15],[-28.5,-79.52],[-29.5,-79.52],[-29.67,-79.25],[-29.07,-79.0],[-29.5,-78.82],[-36.0,-78.6],[-37.37,-78.0],[-37.56,-77.25],[-38.48,-76.25],[-38.45,-76.0],[-36.5,-75.46],[-35.07,-74.5],[-34.06,-73.0],[-33.8,-70.75],[-34.27,-69.25],[-36.96,-65.5],[-37.33,-64.0],[-37.09,-62.25],[-36.59,-61.5],[-33.75,-59.47],[-28.0,-56.78],[-23.75,-55.3],[-21.0,-55.11],[-17.75,-56.07],[-15.5,-56.4],[-14.0,-56.31],[-12.75,-55.94],[-11.5,-55.47],[-10.5,-54.74],[-8.0,-55.1],[-4.74,-56.5],[-0.25,-59.11],[0.79,-60.0],[1.52,-61.75],[3.01,-63.0],[4.75,-64.11],[10.25,-66.75],[12.96,-68.5],[12.87,-69.0],[10.83,-70.0],[5.35,-71.0],[3.5,-71.57],[2.75,-72.12],[1.75,-72.11],[0.5,-72.54],[-1.5,-72.71],[-2.25,-72.69],[-3.0,-72.32],[-9.25,-72.53],[-10.5,-72.79],[-13.0,-74.23],[-15.36,-75.0],[-14.5,-75.48],[-14.61,-75.75],[-13.75,-77.17],[-12.0,-77.33],[-11.02,-77.75],[-10.89,-78.25],[-11.5,-78.68],[-18.78,-79.5],[-17.75,-79.93],[-17.7,-80.25],[-19.75,-80.59],[-26.25,-80.3],[-31.0,-80.56]]}},{"type":"Feature","properties":{"level":984},"geometry":{"type":"LineString","coordinates":[[-128.0,-77.53],[-127.95,-77.25],[-126.25,-76.9],[-124.75,-77.15],[-124.42,-77.5],[-125.0,-77.6],[-126.25,-77.3],[-128.0,-77.53]]}},{"type":"Feature","properties":{"level":984},"geometry":{"type":"LineString","coordinates":[[-134.5,-76.25],[-134.0,-76.47],[-133.17,-76.25],[-133.75,-76.09],[-134.5,-76.25]]}},{"type":"Feature","properties":{"level":984},"geometry":{"type":"LineString","coordinates":[[-12.5,-74.55],[-10.25,-74.06],[-8.79,-74.25],[-11.75,-74.72],[-12.5,-74.55]]}},{"type":"Feature","properties":{"level":984},"geometry":{"type":"LineString","coordinates":[[162.25,-73.8],[161.84,-73.5],[161.88,-73.25],[162.83,-73.5],[162.75,-73.9],[162.25,-73.8]]}},{"type":"Feature","properties":{"level":984},"geometry":{"type":"LineString","coordinates":[[26.0,-71.01],[25.19,-70.5],[25.31,-70.25],[24.96,-70.0],[27.78,-69.25],[30.5,-68.93],[31.92,-69.0],[32.36,-69.75],[32.15,-70.0],[29.5,-70.35],[27.0,-71.02],[26.0,-71.01]]}},{"type":"Feature","properties":{"level":984},"geometry":{"type":"LineString","coordinates":[[-180.0,-59.54],[-167.25,-60.75],[-164.25,-61.45],[-163.25,-61.87],[-161.5,-63.16],[-161.05,-64.25],[-158.25,-66.07],[-155.5,-66.92],[-154.0,-67.15],[-152.75,-67.03],[-150.25,-66.43],[-149.5,-65.97],[-148.25,-64.87],[-147.5,-64.67],[-146.68,-63.5],[-146.2,-63.25],[-146.25,-62.69],[-145.43,-62.5],[-145.36,-62.0],[-144.23,-60.75],[-143.29,-59.0],[-142.0,-57.33],[-138.66,-51.25],[-138.08,-50.5],[-136.75,-49.57],[-134.0,-48.44],[-130.75,-47.81],[-126.25,-47.48],[-121.5,-47.66],[-118.0,-48.22],[-113.5,-49.36],[-108.5,-51.38],[-106.0,-52.68],[-104.53,-54.0],[-101.52,-59.0],[-100.0,-61.03],[-98.63,-62.5],[-96.0,-64.13],[-90.0,-66.33],[-82.0,-67.15],[-81.25,-67.32],[-80.73,-67.75],[-81.99,-69.0],[-85.04,-70.25],[-91.75,-72.06],[-95.11,-73.25],[-94.48,-74.0],[-93.55,-74.25],[-94.02,-75.25],[-94.64,-75.75],[-94.49,-76.0],[-94.69,-76.25],[-100.0,-76.54],[-102.5,-77.06],[-105.5,-77.22],[-110.75,-76.96],[-112.75,-76.63],[-114.75,-75.84],[-119.75,-75.71],[-123.25,-75.93],[-125.75,-76.59],[-127.75,-76.43],[-128.53,-76.75],[-129.25,-77.4],[-131.53,-77.25],[-129.82,-78.25],[-129.84,-78.5],[-129.1,-79.0],[-128.71,-80.0],[-127.54,-80.5],[-128.17,-81.25],[-127.4,-81.5],[-131.0,-82.22],[-131.39,-82.5],[-130.5,-82.77],[-136.5,-82.93],[-148.25,-84.54],[-159.5,-84.27],[-173.25,-83.46],[-180.0,-82.82]]}},{"type":"Feature","properties":{"level":984},"geometry":{"type":"LineString","coordinates":[[160.5,14.97],[159.95,15.25],[159.77,15.75],[160.0,16.38],[160.5,16.59],[161.0,16.46],[161.46,15.75],[161.0,15.04],[160.5,14.97]]}},{"type":"Feature","properties":{"level":984},"geometry":{"type":"LineString","coordinates":[[141.75,17.67],[141.46,18.0],[141.72,18.5],[142.0,18.63],[142.5,18.4],[142.5,17.85],[141.75,17.67]]}},{"type":"Feature","properties":{"level":984},"geometry":{"type":"LineString","coordinates":[[-50.0,53.45],[-50.79,53.75],[-51.49,54.5],[-51.64,55.25],[-51.35,55.75],[-50.25,56.25],[-48.75,56.36],[-47.5,56.15],[-46.99,55.75],[-47.04,54.75],[-47.75,53.77],[-48.75,53.41],[-50.0,53.45]]}},{"type":"Feature","properties":{"level":984},"geometry":{"type":"LineString","coordinates":[[180.0,58.09],[177.33,59.25],[175.85,60.5],[174.93,61.75],[175.22,62.5],[176.48,63.25],[175.7,64.0],[176.15,65.5],[178.18,66.75],[178.59,67.25],[180.0,67.5]]}},{"type":"Feature","properties":{"level":984},"geometry":{"type":"LineString","coordinates":[[2.5,65.49],[1.76,66.0],[1.6,66.75],[1.75,66.9],[2.5,67.14],[4.19,66.75],[4.24,66.25],[3.97,65.75],[3.25,65.42],[2.5,65.49]]}},{"type":"Feature","properties":{"level":984},"geometry":{"type":"LineString","coordinates":[[-180.0,67.5],[-177.5,68.29],[-176.25,68.43],[-174.0,68.26],[-170.96,67.5],[-169.48,66.75],[-167.94,65.25],[-166.99,63.5],[-166.78,62.25],[-167.25,61.0],[-168.18,60.0],[-170.25,58.79],[-171.75,58.22],[-173.75,57.71],[-175.75,57.52],[-180.0,58.09]]}},{"type":"Feature","properties":{"level":988},"geometry":{"type":"LineString","coordinates":[[-136.25,-86.25],[-135.5,-85.98],[-134.83,-86.0],[-134.54,-86.25],[-136.25,-86.25]]}},{"type":"Feature","properties":{"level":988},"geometry":{"type":"LineString","coordinates":[[180.0,-84.89],[177.75,-84.83],[176.75,-84.4],[174.5,-84.18],[173.25,-84.32],[173.15,-84.0],[171.75,-83.68],[169.75,-83.61],[169.56,-84.0],[169.25,-84.05],[168.98,-83.5],[167.75,-83.12],[167.25,-83.29],[167.0,-82.88],[165.57,-83.0],[166.2,-83.25],[166.0,-83.35],[164.87,-83.25],[164.77,-82.75],[165.02,-82.5],[164.56,-82.25],[159.25,-81.29],[160.29,-81.0],[159.59,-80.75],[160.05,-80.5],[160.3,-80.0],[160.17,-79.75],[160.75,-79.17],[161.09,-79.25],[160.76,-79.75],[161.29,-79.75],[162.0,-79.37],[163.18,-79.25],[163.6,-78.75],[164.56,-78.5],[162.25,-78.39],[161.34,-78.0],[161.5,-77.76],[162.3,-77.75],[162.08,-77.5],[162.34,-77.25],[160.84,-76.75],[161.16,-76.25],[160.81,-75.5],[162.25,-75.02],[162.68,-74.25],[161.75,-73.81],[160.96,-73.0],[161.97,-72.75],[160.79,-72.5],[160.62,-72.0],[160.25,-71.75],[158.75,-71.5],[159.08,-70.75],[158.0,-71.12],[157.0,-70.84],[152.5,-70.8],[150.0,-70.54],[148.0,-70.02],[145.75,-69.87],[141.25,-68.97],[138.5,-67.99],[135.0,-67.58],[133.0,-67.51],[129.0,-67.83],[124.75,-67.49],[119.0,-68.23],[114.75,-68.23],[107.5,-67.42],[105.0,-66.77],[104.0,-67.02],[101.25,-66.95],[100.0,-67.4],[99.5,-67.02],[95.0,-67.54],[93.0,-67.45],[88.75,-68.12],[86.5,-68.21],[82.25,-68.98],[77.5,-70.34],[75.46,-70.5],[75.0,-70.93],[70.5,-72.28],[68.95,-72.25],[69.15,-71.75],[68.98,-71.0],[68.1,-70.75],[68.75,-70.37],[68.9,-70.0],[67.5,-69.02],[66.5,-68.96],[63.75,-69.44],[57.09,-69.5],[55.68,-70.0],[54.02,-71.0],[53.96,-71.5],[53.51,-72.0],[52.17,-72.5],[50.75,-72.7],[47.02,-72.25],[44.25,-71.53],[43.97,-71.75],[44.25,-72.28],[42.77,-72.25],[41.43,-71.75],[41.8,-71.25],[42.76,-70.75],[41.75,-70.27],[40.25,-70.82],[37.5,-71.14],[35.75,-70.79],[33.0,-70.69],[29.75,-71.52],[26.5,-71.87],[23.5,-71.16],[20.5,-71.08],[18.75,-71.19],[18.32,-71.5],[16.5,-71.68],[15.75,-71.28],[13.5,-71.41],[9.75,-72.6],[7.0,-72.4],[4.31,-72.5],[3.77,-73.0],[5.25,-73.49],[6.85,-73.5],[7.04,-73.75],[7.2,-74.0],[6.83,-74.75],[6.26,-75.0],[6.33,-75.5],[5.89,-75.75],[8.25,-76.75],[8.07,-77.0],[8.42,-77.25],[8.23,-77.75],[6.0,-77.77],[0.34,-76.75],[-0.14,-76.5],[0.43,-75.25],[-0.25,-74.59],[-1.75,-73.89],[-3.5,-73.66],[-4.75,-73.89],[-5.16,-74.25],[-4.75,-74.46],[-2.5,-74.45],[-1.69,-74.75],[-2.0,-74.99],[-4.5,-74.66],[-6.08,-75.0],[-6.07,-75.25],[-9.75,-75.45],[-11.25,-74.98],[-12.8,-75.75],[-12.55,-76.25],[-9.25,-77.25],[-7.94,-78.0],[-5.8,-78.75],[-6.2,-79.5],[-6.02,-80.25],[-4.52,-81.25],[-5.25,-81.52],[-7.75,-81.7],[-8.75,-81.6],[-8.98,-81.5],[-8.53,-81.25],[-9.0,-81.17],[-11.09,-81.25],[-16.25,-82.75],[-19.44,-83.25],[-20.05,-83.5],[-19.89,-83.75],[-26.75,-83.98],[-28.31,-83.75],[-27.78,-83.5],[-31.5,-83.44],[-44.5,-84.2],[-46.4,-84.0],[-46.4,-83.5],[-47.5,-83.12],[-49.25,-83.04],[-51.75,-83.53],[-53.52,-83.25],[-51.74,-83.0],[-52.5,-82.91],[-53.8,-83.0],[-55.5,-84.1],[-57.5,-84.27],[-60.5,-84.16],[-61.75,-83.87],[-64.25,-83.96],[-65.3,-83.75],[-65.0,-83.5],[-67.25,-83.25],[-66.7,-83.0],[-66.65,-82.5],[-66.25,-82.23],[-61.75,-82.95],[-59.5,-82.62],[-57.75,-82.81],[-56.5,-82.33],[-54.99,-82.25],[-57.25,-82.17],[-58.14,-81.75],[-57.75,-81.52],[-50.33,-81.0],[-52.98,-80.75],[-49.0,-80.36],[-46.78,-79.75],[-46.39,-79.5],[-47.27,-79.0],[-47.34,-78.75],[-46.98,-78.5],[-47.96,-78.0],[-47.5,-77.52],[-44.5,-76.82],[-42.5,-75.35],[-38.81,-73.25],[-37.79,-72.25],[-37.34,-71.0],[-37.43,-69.25],[-38.69,-66.5],[-39.06,-64.25],[-38.47,-62.0],[-36.25,-59.76],[-31.36,-57.0],[-28.75,-55.87],[-24.5,-54.47],[-21.5,-54.03],[-18.0,-54.54],[-15.75,-54.55],[-14.0,-54.18],[-10.75,-52.62],[-9.75,-52.4],[-7.75,-52.63],[-4.0,-53.91],[2.49,-58.75],[4.5,-60.86],[8.45,-63.75],[12.25,-65.33],[16.0,-66.54],[20.75,-67.61],[23.0,-67.82],[30.0,-67.27],[34.75,-66.37],[39.6,-63.5],[41.87,-61.25],[44.0,-59.81],[48.84,-57.75],[53.75,-56.3],[59.75,-55.3],[64.5,-54.86],[70.5,-54.6],[75.0,-54.97],[79.0,-54.8],[81.75,-54.58],[87.5,-53.61],[91.75,-53.29],[95.75,-53.47],[100.25,-54.03],[107.75,-55.84],[110.75,-55.37],[113.44,-55.5],[125.25,-53.28],[128.0,-52.89],[130.5,-52.83],[144.0,-53.83],[160.5,-56.95],[170.5,-57.65],[180.0,-58.7]]}},{"type":"Feature","properties":{"level":988},"geometry":{"type":"LineString","coordinates":[[-64.25,-84.31],[-64.49,-84.25],[-64.0,-84.03],[-62.51,-84.25],[-64.25,-84.31]]}},{"type":"Feature","properties":{"level":988},"geometry":{"type":"LineString","coordinates":[[165.0,-84.32],[165.43,-84.0],[167.0,-83.76],[167.75,-83.86],[168.36,-84.25],[165.0,-84.32]]}},{"type":"Feature","properties":{"level":988},"geometry":{"type":"LineString","coordinates":[[160.75,-83.3],[159.82,-83.0],[160.25,-82.72],[161.59,-82.75],[161.64,-83.0],[160.75,-83.3]]}},{"type":"Feature","properties":{"level":988},"geometry":{"type":"LineString","coordinates":[[163.25,-83.07],[163.5,-82.67],[164.38,-83.0],[163.25,-83.07]]}},{"type":"Feature","properties":{"level":988},"geometry":{"type":"LineString","coordinates":[[-50.1,-80.75],[-47.79,-80.75],[-50.1,-80.75]]}},{"type":"Feature","properties":{"level":988},"geometry":{"type":"LineString","coordinates":[[-85.5,-78.83],[-86.36,-78.5],[-86.4,-78.25],[-85.98,-78.0],[-86.07,-77.75],[-85.52,-77.25],[-84.99,-77.25],[-85.25,-77.27],[-85.6,-77.75],[-84.73,-78.5],[-85.5,-78.83]]}},{"type":"Feature","properties":{"level":988},"geometry":{"type":"LineString","coordinates":[[160.75,-77.75],[160.5,-77.44],[159.74,-77.25],[161.25,-77.1],[161.81,-77.5],[160.75,-77.75]]}},{"type":"Feature","properties":{"level":988},"geometry":{"type":"LineString","coordinates":[[-127.77,-77.0],[-126.54,-76.75],[-127.5,-76.6],[-127.8,-76.75],[-127.77,-77.0]]}},{"type":"Feature","properties":{"level":988},"geometry":{"type":"LineString","coordinates":[[-79.5,-77.03],[-78.75,-76.75],[-78.35,-77.0],[-79.5,-77.03]]}},{"type":"Feature","properties":{"level":988},"geometry":{"type":"LineString","coordinates":[[163.75,-73.25],[164.44,-73.25],[164.0,-72.94],[163.26,-73.0],[163.75,-73.25]]}},{"type":"Feature","properties":{"level":988},"geometry":{"type":"LineString","coordinates":[[-180.0,-58.7],[-167.5,-59.94],[-163.5,-60.54],[-162.28,-61.0],[-160.25,-62.59],[-158.25,-63.17],[-155.75,-64.34],[-153.25,-64.46],[-151.25,-64.04],[-149.0,-62.86],[-148.35,-62.25],[-145.95,-59.5],[-145.79,-59.0],[-145.21,-58.5],[-145.28,-58.25],[-143.98,-57.0],[-141.86,-52.75],[-140.67,-49.5],[-140.78,-48.5],[-140.27,-48.0],[-139.0,-47.61],[-137.75,-47.61],[-130.75,-46.27],[-123.25,-46.22],[-119.0,-46.72],[-115.0,-47.6],[-109.25,-49.52],[-106.25,-50.89],[-103.75,-52.77],[-99.94,-58.25],[-97.95,-60.5],[-96.0,-61.99],[-93.75,-63.17],[-89.25,-64.78],[-86.0,-65.54],[-84.0,-65.81],[-78.75,-65.8],[-76.91,-66.0],[-75.75,-66.5],[-75.2,-67.25],[-79.35,-69.75],[-83.75,-71.54],[-86.25,-72.35],[-91.47,-73.5],[-89.35,-74.5],[-83.47,-76.0],[-84.33,-76.25],[-100.88,-77.5],[-107.5,-77.64],[-112.91,-77.25],[-117.0,-76.1],[-117.5,-76.25],[-117.0,-76.43],[-116.91,-76.75],[-118.0,-76.91],[-121.0,-76.32],[-123.03,-76.5],[-121.5,-76.87],[-121.6,-77.75],[-121.88,-78.25],[-122.5,-78.6],[-125.0,-78.72],[-124.5,-79.89],[-116.51,-82.0],[-119.41,-83.0],[-118.5,-83.58],[-115.8,-84.0],[-116.22,-84.25],[-120.6,-84.5],[-119.85,-85.0],[-124.5,-85.2],[-124.81,-85.25],[-125.11,-85.75],[-126.75,-85.81],[-136.25,-85.38],[-136.97,-85.5],[-136.74,-85.75],[-137.0,-85.85],[-138.23,-86.0],[-137.04,-86.25],[-140.25,-86.31],[-142.75,-86.07],[-147.25,-86.2],[-149.0,-85.84],[-152.5,-85.62],[-156.75,-86.07],[-157.38,-86.0],[-157.2,-85.75],[-157.75,-85.69],[-162.25,-85.77],[-166.25,-85.29],[-168.75,-85.29],[-170.5,-84.94],[-174.75,-85.38],[-175.5,-85.25],[-174.8,-85.0],[-175.5,-84.88],[-180.0,-84.89]]}},{"type":"Feature","properties":{"level":988},"geometry":{"type":"LineString","coordinates":[[-141.25,-47.81],[-140.64,-47.5],[-140.75,-47.84],[-141.25,-47.81]]}},{"type":"Feature","properties":{"level":988},"geometry":{"type":"LineString","coordinates":[[160.25,14.86],[159.6,15.5],[159.6,16.0],[160.0,16.65],[161.0,16.65],[161.62,16.0],[161.64,15.5],[161.0,14.81],[160.25,14.86]]}},{"type":"Feature","properties":{"level":988},"geometry":{"type":"LineString","coordinates":[[141.75,17.56],[141.38,18.25],[141.75,18.63],[142.25,18.67],[142.68,18.0],[142.25,17.55],[141.75,17.56]]}},{"type":"Feature","properties":{"level":988},"geometry":{"type":"LineString","coordinates":[[-49.5,52.99],[-51.25,53.5],[-52.2,54.5],[-52.31,55.5],[-51.87,56.25],[-51.25,56.74],[-49.25,57.25],[-48.0,57.19],[-45.25,56.41],[-44.8,56.0],[-44.62,55.5],[-44.77,55.0],[-45.5,54.2],[-47.75,53.15],[-49.5,52.99]]}},{"type":"Feature","properties":{"level":988},"geometry":{"type":"LineString","coordinates":[[180.0,56.54],[175.75,57.76],[173.0,59.24],[172.44,59.75],[171.89,60.75],[174.32,62.25],[174.13,62.75],[174.63,63.25],[174.29,63.75],[174.57,64.25],[174.0,64.46],[173.87,65.0],[174.24,65.5],[177.75,67.9],[180.0,68.43]]}},{"type":"Feature","properties":{"level":988},"geometry":{"type":"LineString","coordinates":[[2.5,64.23],[-1.25,65.63],[-2.42,66.75],[-4.11,67.75],[-2.07,69.0],[3.0,70.31],[4.75,70.31],[7.41,69.75],[8.62,68.75],[8.96,67.5],[8.31,66.25],[7.23,65.25],[4.5,64.14],[2.5,64.23]]}},{"type":"Feature","properties":{"level":988},"geometry":{"type":"LineString","coordinates":[[-180.0,68.43],[-178.0,69.18],[-175.25,69.39],[-171.33,69.0],[-169.04,68.25],[-166.5,66.78],[-165.34,65.75],[-165.15,65.0],[-165.41,64.75],[-164.83,62.25],[-165.27,61.0],[-166.01,60.0],[-168.0,58.67],[-170.25,57.61],[-174.75,56.55],[-177.25,56.39],[-180.0,56.54]]}},{"type":"Feature","properties":{"level":992},"geometry":{"type":"LineString","coordinates":[[-173.57,-85.5],[-170.42,-85.5],[-171.25,-85.32],[-173.57,-85.5]]}},{"type":"Feature","properties":{"level":992},"geometry":{"type":"LineString","coordinates":[[180.0,-85.31],[175.75,-85.38],[170.59,-85.0],[170.35,-84.75],[170.5,-84.62],[171.3,-84.5],[170.5,-84.13],[168.0,-84.48],[164.49,-84.5],[164.2,-84.25],[166.6,-83.75],[165.0,-83.38],[162.25,-83.79],[160.25,-83.73],[160.12,-83.5],[160.34,-83.25],[159.52,-83.0],[159.59,-82.75],[161.11,-82.5],[160.3,-82.0],[157.5,-81.8],[156.71,-81.5],[157.25,-81.0],[158.05,-80.75],[157.96,-80.5],[157.0,-80.25],[159.0,-79.74],[157.25,-79.05],[155.48,-79.0],[158.5,-78.69],[159.07,-78.75],[158.67,-79.0],[159.35,-79.0],[159.36,-78.75],[160.49,-78.5],[160.04,-78.25],[160.13,-77.75],[159.37,-77.25],[160.39,-77.0],[159.59,-76.5],[160.11,-76.25],[158.87,-76.0],[158.59,-75.5],[159.94,-75.0],[161.76,-74.75],[161.62,-74.5],[162.09,-74.25],[161.5,-73.6],[160.34,-73.0],[160.55,-72.75],[160.1,-72.5],[160.24,-72.25],[160.06,-72.0],[159.5,-71.73],[158.5,-71.9],[157.5,-71.26],[156.0,-71.6],[154.25,-71.57],[147.0,-70.75],[140.5,-69.22],[138.25,-68.35],[135.0,-67.88],[132.0,-68.24],[125.25,-67.93],[119.25,-68.51],[114.5,-68.61],[110.75,-68.1],[108.5,-68.03],[105.5,-67.4],[102.25,-67.69],[101.0,-67.41],[99.75,-67.74],[99.25,-67.34],[95.75,-67.98],[93.25,-67.94],[84.25,-69.02],[79.75,-70.17],[73.0,-72.69],[71.0,-72.97],[69.83,-72.75],[68.75,-73.1],[68.25,-73.64],[67.5,-73.3],[67.0,-73.56],[65.97,-73.25],[66.73,-71.0],[65.67,-70.75],[64.75,-70.0],[60.75,-69.84],[57.75,-70.11],[54.86,-72.0],[53.52,-72.5],[50.5,-73.03],[48.2,-73.0],[47.0,-73.56],[46.0,-73.66],[44.0,-73.55],[42.98,-73.25],[42.0,-72.38],[41.25,-72.37],[40.76,-72.0],[40.75,-71.66],[40.26,-71.75],[40.0,-72.06],[38.25,-71.66],[34.0,-71.92],[33.0,-72.21],[32.75,-71.91],[31.5,-72.23],[29.25,-72.01],[26.75,-72.25],[23.0,-72.08],[21.5,-72.37],[16.0,-72.25],[15.5,-71.84],[14.75,-72.03],[12.3,-72.0],[11.25,-72.96],[9.96,-73.5],[9.64,-74.25],[9.67,-74.5],[10.54,-75.0],[10.6,-75.5],[10.32,-76.0],[10.54,-76.5],[11.5,-77.39],[12.39,-78.75],[11.0,-78.84],[8.25,-78.51],[-0.5,-77.2],[-2.54,-76.5],[-3.08,-76.0],[-2.5,-76.0],[-2.25,-75.75],[-2.75,-75.55],[-7.75,-76.1],[-10.25,-75.94],[-10.44,-76.0],[-10.09,-76.25],[-5.75,-77.5],[-4.21,-78.75],[-4.21,-79.25],[-2.0,-80.61],[2.21,-81.5],[-2.04,-82.25],[-3.36,-82.75],[-3.48,-83.0],[-7.34,-83.75],[-15.29,-84.5],[-39.25,-85.37],[-58.25,-85.3],[-62.25,-84.9],[-67.75,-85.15],[-72.17,-84.75],[-72.91,-84.5],[-72.23,-84.0],[-78.61,-83.5],[-79.69,-83.25],[-80.04,-82.75],[-80.75,-82.64],[-82.5,-82.83],[-86.21,-83.75],[-86.58,-84.25],[-87.25,-84.42],[-89.74,-84.5],[-88.95,-84.25],[-90.99,-83.75],[-90.14,-83.25],[-93.28,-83.0],[-92.68,-82.75],[-93.02,-82.5],[-92.85,-82.25],[-91.0,-82.12],[-88.42,-81.25],[-88.46,-81.0],[-91.04,-80.75],[-89.0,-80.53],[-87.75,-80.64],[-87.67,-80.5],[-88.5,-80.43],[-88.5,-80.0],[-83.75,-80.5],[-81.7,-80.25],[-84.0,-79.75],[-84.5,-79.38],[-87.58,-79.0],[-88.75,-78.64],[-88.98,-78.25],[-90.58,-78.0],[-91.5,-77.48],[-94.0,-77.43],[-102.5,-78.13],[-109.25,-78.38],[-115.83,-77.5],[-115.94,-77.0],[-116.25,-76.93],[-118.0,-77.1],[-119.0,-76.83],[-120.5,-77.0],[-119.97,-78.25],[-118.25,-78.81],[-115.5,-79.12],[-114.63,-80.25],[-115.01,-80.5],[-114.66,-81.0],[-111.63,-81.5],[-109.39,-82.25],[-109.27,-82.5],[-105.5,-82.66],[-101.5,-82.39],[-96.93,-82.5],[-99.23,-83.0],[-99.25,-83.5],[-113.25,-84.53],[-115.0,-85.05],[-117.43,-85.25],[-117.96,-85.5],[-123.5,-86.04],[-134.0,-85.61],[-135.08,-85.75],[-132.37,-86.25],[-147.25,-86.43],[-152.25,-85.92],[-157.5,-86.59],[-159.75,-86.37],[-160.04,-86.25],[-159.18,-86.0],[-160.0,-85.94],[-168.5,-85.8],[-172.75,-86.11],[-176.25,-86.09],[-177.81,-85.75],[-176.83,-85.5],[-177.25,-85.4],[-180.0,-85.31]]}},{"type":"Feature","properties":{"level":992},"geometry":{"type":"LineString","coordinates":[[-95.0,-84.25],[-93.78,-84.25],[-95.0,-84.25]]}},{"type":"Feature","properties":{"level":992},"geometry":{"type":"LineString","coordinates":[[-87.74,-83.75],[-86.36,-83.75],[-87.74,-83.75]]}},{"type":"Feature","properties":{"level":992},"geometry":{"type":"LineString","coordinates":[[-92.15,-82.75],[-90.0,-82.95],[-88.93,-82.75],[-89.5,-82.43],[-90.75,-82.31],[-91.95,-82.5],[-92.15,-82.75]]}},{"type":"Feature","properties":{"level":992},"geometry":{"type":"LineString","coordinates":[[-87.79,-77.75],[-87.12,-77.5],[-88.14,-77.5],[-87.79,-77.75]]}},{"type":"Feature","properties":{"level":992},"geometry":{"type":"LineString","coordinates":[[5.62,-73.25],[6.5,-73.3],[7.09,-73.0],[6.25,-72.67],[4.98,-72.75],[5.62,-73.25]]}},{"type":"Feature","properties":{"level":992},"geometry":{"type":"LineString","coordinates":[[-180.0,-57.89],[-162.25,-59.63],[-158.5,-61.31],[-155.5,-61.92],[-153.25,-61.98],[-150.25,-60.53],[-146.89,-57.25],[-146.33,-57.0],[-145.58,-56.0],[-144.25,-53.0],[-144.25,-52.38],[-143.91,-52.0],[-143.87,-51.25],[-143.42,-50.25],[-143.54,-49.5],[-143.27,-48.75],[-143.54,-48.5],[-143.36,-48.0],[-141.5,-46.49],[-137.75,-45.56],[-130.25,-44.4],[-123.75,-44.82],[-117.0,-45.75],[-108.75,-48.1],[-105.75,-49.43],[-102.92,-51.75],[-96.87,-59.0],[-95.39,-60.25],[-93.25,-61.58],[-88.75,-63.33],[-85.0,-64.25],[-82.75,-64.6],[-78.25,-64.59],[-75.5,-64.92],[-73.5,-65.66],[-72.46,-66.5],[-72.62,-67.5],[-75.54,-69.5],[-75.69,-69.75],[-75.5,-70.0],[-76.59,-70.25],[-82.25,-73.4],[-85.0,-73.75],[-84.82,-74.0],[-82.9,-74.5],[-80.25,-74.39],[-77.75,-75.05],[-71.25,-75.61],[-70.5,-75.36],[-69.5,-75.54],[-67.0,-75.09],[-63.75,-73.99],[-62.25,-73.94],[-61.83,-74.25],[-64.0,-74.9],[-64.85,-75.5],[-67.5,-76.08],[-71.5,-76.49],[-77.53,-76.5],[-77.78,-76.75],[-77.07,-77.25],[-77.43,-77.75],[-81.75,-77.45],[-82.83,-77.75],[-78.75,-78.55],[-81.25,-78.65],[-83.0,-78.11],[-84.48,-78.0],[-83.5,-78.75],[-83.75,-79.02],[-81.5,-79.35],[-80.5,-79.76],[-78.75,-79.3],[-77.0,-79.2],[-71.75,-79.55],[-67.75,-78.73],[-63.75,-78.51],[-57.25,-77.67],[-53.25,-76.96],[-48.21,-75.25],[-42.82,-72.5],[-41.41,-71.25],[-40.72,-69.75],[-41.08,-65.0],[-40.8,-63.5],[-40.37,-62.5],[-38.65,-60.25],[-37.0,-58.88],[-31.17,-55.75],[-25.0,-53.51],[-22.0,-52.86],[-18.0,-53.07],[-16.25,-52.87],[-14.5,-52.36],[-11.25,-50.92],[-9.25,-50.48],[-6.25,-50.27],[-4.27,-51.25],[2.0,-56.48],[6.53,-59.75],[8.76,-61.0],[10.25,-62.31],[12.25,-63.46],[17.25,-65.03],[21.5,-65.79],[24.25,-66.01],[29.5,-65.71],[33.75,-64.79],[35.74,-63.75],[43.0,-58.96],[51.5,-55.99],[62.75,-54.35],[68.5,-53.95],[74.25,-54.07],[78.25,-53.85],[86.75,-52.63],[90.5,-52.37],[96.75,-52.73],[106.75,-53.86],[109.0,-53.53],[114.25,-52.17],[118.5,-53.0],[120.75,-52.85],[127.0,-51.65],[133.25,-51.6],[144.25,-52.66],[153.25,-54.72],[160.25,-55.98],[173.25,-57.03],[180.0,-57.89]]}},{"type":"Feature","properties":{"level":992},"geometry":{"type":"LineString","coordinates":[[160.75,14.48],[159.75,14.89],[159.25,15.5],[159.5,16.86],[160.75,17.06],[161.5,16.6],[161.93,16.0],[161.98,15.25],[161.5,14.55],[160.75,14.48]]}},{"type":"Feature","properties":{"level":992},"geometry":{"type":"LineString","coordinates":[[141.75,17.41],[141.27,18.0],[141.42,18.5],[142.0,18.83],[142.5,18.67],[142.76,18.25],[142.66,17.75],[142.25,17.4],[141.75,17.41]]}},{"type":"Feature","properties":{"level":992},"geometry":{"type":"LineString","coordinates":[[-102.0,51.63],[-104.14,52.75],[-104.31,53.25],[-104.0,53.64],[-103.5,53.91],[-102.5,53.85],[-101.25,53.3],[-100.68,51.75],[-102.0,51.63]]}},{"type":"Feature","properties":{"level":992},"geometry":{"type":"LineString","coordinates":[[-49.75,52.5],[-52.0,53.32],[-53.18,54.75],[-53.15,55.75],[-52.75,56.6],[-52.0,57.38],[-50.75,57.93],[-49.25,58.18],[-45.75,57.66],[-42.79,56.5],[-41.94,55.75],[-41.57,55.0],[-41.59,54.25],[-42.39,53.5],[-47.25,52.53],[-49.75,52.5]]}},{"type":"Feature","properties":{"level":992},"geometry":{"type":"LineString","coordinates":[[180.0,55.25],[175.75,55.71],[172.64,56.5],[170.18,57.75],[168.65,59.5],[169.1,60.5],[170.25,60.95],[170.5,60.74],[171.17,61.0],[170.75,61.02],[170.62,61.25],[171.75,61.36],[173.1,62.25],[173.06,62.5],[172.57,62.75],[172.68,63.0],[172.24,63.5],[172.59,64.0],[172.49,64.5],[171.26,65.25],[171.35,65.5],[172.71,66.0],[173.03,66.25],[173.06,66.75],[173.75,67.3],[176.25,67.97],[176.75,68.6],[177.75,69.16],[180.0,69.85]]}},{"type":"Feature","properties":{"level":992},"geometry":{"type":"LineString","coordinates":[[18.25,61.49],[17.94,61.75],[18.02,62.0],[18.75,62.3],[20.25,62.1],[20.82,61.75],[19.25,61.3],[18.25,61.49]]}},{"type":"Feature","properties":{"level":992},"geometry":{"type":"LineString","coordinates":[[2.75,62.24],[-0.25,63.52],[-3.0,64.01],[-4.48,65.5],[-4.44,66.0],[-5.3,67.75],[-5.14,68.25],[-4.0,69.25],[-1.5,70.35],[1.5,71.18],[4.75,71.61],[7.75,71.73],[9.11,71.5],[11.43,69.5],[11.98,68.5],[11.92,67.25],[11.5,66.2],[10.5,65.16],[9.5,64.4],[5.31,62.5],[2.75,62.24]]}},{"type":"Feature","properties":{"level":992},"geometry":{"type":"LineString","coordinates":[[-5.75,63.49],[-5.81,63.75],[-5.25,63.94],[-4.29,63.75],[-4.75,63.42],[-5.75,63.49]]}},{"type":"Feature","properties":{"level":992},"geometry":{"type":"LineString","coordinates":[[-180.0,69.85],[-177.0,70.27],[-173.0,70.19],[-169.5,69.68],[-166.0,68.77],[-162.57,66.0],[-162.4,65.5],[-162.79,65.0],[-162.85,64.5],[-162.39,63.25],[-163.1,61.25],[-164.15,59.75],[-165.5,58.73],[-168.0,57.36],[-170.75,56.33],[-173.25,55.73],[-176.25,55.35],[-180.0,55.25]]}},{"type":"Feature","properties":{"level":992},"geometry":{"type":"LineString","coordinates":[[51.0,81.24],[45.37,82.25],[44.1,82.75],[45.75,83.01],[49.5,82.75],[55.59,81.5],[55.25,81.2],[54.0,81.08],[51.0,81.24]]}},{"type":"Feature","properties":{"level":992},"geometry":{"type":"LineString","coordinates":[[5.75,82.49],[5.09,82.75],[5.04,83.0],[10.95,83.75],[16.92,83.75],[9.86,82.5],[5.75,82.49]]}},{"type":"Feature","properties":{"level":996},"geometry":{"type":"LineString","coordinates":[[-176.5,-86.51],[-175.59,-86.5],[-176.5,-86.51]]}},{"type":"Feature","properties":{"level":996},"geometry":{"type":"LineString","coordinates":[[-168.25,-86.51],[-166.63,-86.5],[-168.25,-86.51]]}},{"type":"Feature","properties":{"level":996},"geometry":{"type":"LineString","coordinates":[[-103.54,-85.25],[-101.24,-85.25],[-103.54,-85.25]]}},{"type":"Feature","properties":{"level":996},"geometry":{"type":"LineString","coordinates":[[180.0,-85.45],[177.39,-85.5],[176.9,-86.0],[177.82,-86.25],[177.0,-86.28],[175.35,-86.25],[175.75,-86.0],[173.82,-85.75],[175.02,-85.5],[172.5,-85.46],[169.5,-85.05],[165.75,-85.5],[164.58,-85.25],[169.25,-84.89],[169.68,-84.5],[165.0,-84.78],[162.76,-84.5],[164.75,-83.88],[166.15,-83.75],[164.75,-83.5],[162.0,-83.94],[159.75,-83.82],[159.49,-83.75],[160.07,-83.25],[157.34,-82.5],[158.5,-82.38],[158.72,-82.25],[158.61,-82.0],[155.49,-81.75],[156.24,-81.0],[157.34,-80.75],[156.32,-80.5],[156.22,-80.0],[157.05,-79.5],[155.75,-79.36],[154.66,-79.0],[154.75,-78.87],[155.75,-78.57],[158.53,-78.5],[158.5,-77.84],[159.42,-77.5],[158.39,-77.0],[155.63,-76.75],[155.65,-76.5],[154.25,-75.93],[153.97,-75.5],[161.25,-74.51],[161.75,-74.21],[161.88,-74.0],[161.5,-73.69],[159.91,-73.0],[159.91,-72.75],[152.25,-72.08],[148.5,-71.42],[145.25,-71.17],[141.28,-69.75],[139.25,-69.41],[137.8,-68.5],[137.0,-68.35],[134.75,-68.22],[131.75,-68.68],[125.5,-68.29],[119.0,-68.84],[114.25,-68.96],[108.4,-68.5],[106.0,-67.77],[104.75,-67.73],[101.75,-68.29],[100.75,-67.98],[99.0,-68.02],[99.03,-67.75],[98.5,-67.63],[96.0,-68.29],[84.5,-69.43],[80.44,-70.5],[78.0,-71.42],[75.5,-72.62],[75.0,-73.34],[73.25,-73.56],[71.75,-74.22],[70.0,-74.44],[67.25,-74.38],[64.5,-73.56],[64.79,-71.25],[63.49,-70.5],[61.5,-70.16],[60.0,-70.26],[58.5,-70.68],[57.67,-71.25],[54.7,-72.5],[50.5,-73.4],[49.5,-73.9],[46.25,-74.39],[43.6,-74.0],[38.0,-72.2],[36.5,-72.18],[33.75,-72.71],[31.5,-72.82],[28.5,-72.33],[19.25,-72.65],[14.0,-72.5],[12.25,-73.16],[11.67,-74.0],[12.52,-75.25],[12.64,-76.75],[20.75,-80.61],[23.06,-81.25],[27.08,-81.25],[27.34,-81.5],[25.93,-82.0],[23.0,-82.08],[9.5,-81.47],[3.05,-82.5],[2.2,-82.75],[2.81,-83.25],[2.5,-83.47],[0.88,-83.75],[-23.5,-85.69],[-42.75,-86.13],[-58.75,-85.75],[-67.75,-86.25],[-72.75,-86.25],[-71.02,-86.0],[-71.33,-85.75],[-74.4,-85.25],[-80.35,-84.75],[-84.0,-84.16],[-88.25,-85.31],[-90.25,-85.19],[-90.93,-84.75],[-92.5,-84.47],[-98.0,-84.67],[-100.25,-85.05],[-101.0,-85.38],[-101.24,-85.75],[-103.0,-86.15],[-107.09,-85.5],[-104.73,-85.25],[-105.28,-85.0],[-109.25,-84.62],[-112.0,-84.75],[-112.93,-85.0],[-112.49,-85.25],[-113.07,-85.5],[-122.75,-86.16],[-131.75,-85.94],[-132.31,-86.0],[-131.27,-86.25],[-147.5,-86.74],[-151.5,-86.35],[-159.25,-86.74],[-157.28,-87.0],[-160.25,-87.07],[-162.47,-87.0],[-162.0,-86.51],[-160.75,-86.45],[-160.57,-86.25],[-161.25,-86.09],[-167.0,-86.22],[-168.5,-85.98],[-170.5,-86.34],[-173.0,-86.37],[-178.5,-86.08],[-179.47,-85.75],[-178.71,-85.5],[-180.0,-85.45]]}},{"type":"Feature","properties":{"level":996},"geometry":{"type":"LineString","coordinates":[[-106.3,-81.75],[-104.0,-81.99],[-99.75,-81.87],[-96.5,-80.55],[-91.75,-80.07],[-89.14,-79.25],[-90.37,-78.5],[-94.75,-78.01],[-103.0,-78.81],[-108.92,-79.0],[-108.97,-79.25],[-106.75,-79.75],[-106.4,-80.25],[-108.74,-80.5],[-109.09,-80.75],[-107.49,-81.5],[-106.3,-81.75]]}},{"type":"Feature","properties":{"level":996},"geometry":{"type":"LineString","coordinates":[[152.5,-81.26],[151.96,-81.0],[154.36,-80.75],[153.48,-81.25],[152.5,-81.26]]}},{"type":"Feature","properties":{"level":996},"geometry":{"type":"LineString","coordinates":[[2.31,-80.75],[8.81,-80.75],[9.83,-80.5],[9.77,-80.25],[11.08,-79.75],[7.56,-78.75],[-2.75,-77.32],[-2.97,-77.5],[-2.07,-77.75],[-2.54,-78.25],[-1.99,-78.75],[-2.36,-79.0],[-1.5,-79.94],[-0.11,-80.5],[2.31,-80.75]]}},{"type":"Feature","properties":{"level":996},"geometry":{"type":"LineString","coordinates":[[-112.84,-79.0],[-111.91,-79.0],[-111.75,-78.75],[-112.55,-78.75],[-112.84,-79.0]]}},{"type":"Feature","properties":{"level":996},"geometry":{"type":"LineString","coordinates":[[-180.0,-57.08],[-176.75,-57.52],[-161.25,-58.57],[-158.5,-59.64],[-156.0,-60.02],[-154.25,-59.89],[-151.37,-58.5],[-147.75,-55.56],[-146.41,-53.0],[-145.53,-48.5],[-144.25,-46.94],[-142.38,-45.75],[-138.0,-44.08],[-131.5,-42.91],[-129.5,-42.89],[-118.75,-43.92],[-114.5,-44.74],[-111.88,-45.5],[-107.75,-46.85],[-105.25,-48.06],[-101.5,-51.04],[-94.67,-58.25],[-92.5,-59.9],[-90.09,-61.25],[-87.0,-62.27],[-83.5,-62.99],[-78.5,-63.2],[-75.0,-63.7],[-73.18,-64.25],[-70.75,-65.39],[-70.03,-66.0],[-69.96,-67.25],[-70.35,-67.75],[-71.88,-68.75],[-70.91,-69.25],[-70.99,-69.5],[-70.75,-69.69],[-70.0,-70.0],[-70.51,-70.5],[-70.49,-70.75],[-73.0,-70.94],[-73.55,-71.25],[-73.25,-71.59],[-72.58,-71.75],[-73.57,-72.25],[-75.42,-72.75],[-76.0,-73.25],[-78.25,-73.0],[-78.5,-73.28],[-79.03,-73.25],[-79.32,-73.75],[-78.74,-74.25],[-77.75,-74.41],[-69.75,-74.87],[-67.75,-74.74],[-66.0,-74.06],[-64.5,-73.84],[-63.08,-73.0],[-63.16,-72.5],[-62.45,-72.25],[-61.51,-71.0],[-61.0,-70.87],[-55.75,-71.77],[-55.16,-72.0],[-54.25,-72.98],[-53.25,-73.08],[-50.26,-72.75],[-47.5,-71.67],[-44.62,-69.5],[-44.22,-68.25],[-44.14,-67.0],[-43.17,-64.0],[-41.0,-60.66],[-38.11,-58.25],[-33.19,-55.5],[-26.0,-52.58],[-22.59,-51.75],[-18.5,-51.58],[-16.03,-51.0],[-9.75,-47.63],[-8.25,-46.36],[-6.5,-45.91],[-5.4,-46.5],[-5.4,-47.0],[-4.75,-47.35],[-4.5,-47.9],[-3.25,-48.86],[-0.74,-52.0],[2.47,-54.75],[7.5,-58.13],[10.25,-59.67],[12.54,-61.5],[15.0,-62.71],[17.75,-63.55],[23.75,-64.4],[27.75,-64.39],[32.5,-63.5],[35.75,-61.8],[41.1,-58.5],[43.75,-57.41],[50.25,-55.45],[59.75,-53.97],[67.25,-53.29],[75.75,-52.99],[87.75,-51.49],[91.75,-51.47],[101.25,-52.26],[106.0,-52.39],[108.25,-52.14],[114.0,-50.74],[120.25,-51.34],[126.75,-50.07],[129.0,-49.87],[143.25,-51.2],[154.5,-53.98],[159.25,-54.85],[171.75,-55.96],[180.0,-57.08]]}},{"type":"Feature","properties":{"level":996},"geometry":{"type":"LineString","coordinates":[[-90.5,-48.8],[-91.26,-48.5],[-91.58,-47.75],[-91.31,-47.0],[-90.36,-46.0],[-89.47,-45.75],[-88.0,-44.22],[-87.0,-44.11],[-86.21,-44.5],[-85.53,-46.25],[-84.93,-47.0],[-85.1,-47.25],[-87.0,-48.24],[-90.5,-48.8]]}},{"type":"Feature","properties":{"level":996},"geometry":{"type":"LineString","coordinates":[[-7.25,-42.63],[-7.64,-42.25],[-7.5,-41.94],[-6.7,-42.25],[-6.75,-42.58],[-7.25,-42.63]]}},{"type":"Feature","properties":{"level":996},"geometry":{"type":"LineString","coordinates":[[158.5,13.89],[158.5,14.09],[158.5,13.89]]}},{"type":"Feature","properties":{"level":996},"geometry":{"type":"LineString","coordinates":[[160.5,13.98],[159.5,14.38],[158.84,15.0],[158.67,15.5],[158.75,16.5],[159.75,17.54],[161.25,17.43],[162.23,16.25],[162.35,15.25],[162.0,14.52],[161.0,13.89],[160.5,13.98]]}},{"type":"Feature","properties":{"level":996},"geometry":{"type":"LineString","coordinates":[[141.75,17.18],[141.23,17.5],[141.09,18.25],[141.75,18.99],[142.5,18.92],[142.89,18.5],[142.88,17.75],[142.25,17.17],[141.75,17.18]]}},{"type":"Feature","properties":{"level":996},"geometry":{"type":"LineString","coordinates":[[-99.0,46.58],[-100.0,47.2],[-100.25,47.6],[-101.82,48.25],[-102.86,49.5],[-103.62,49.75],[-103.69,50.25],[-104.18,50.75],[-104.46,51.5],[-105.25,51.96],[-106.0,53.17],[-105.79,54.5],[-103.5,54.88],[-101.75,54.72],[-99.75,53.97],[-98.88,53.25],[-98.51,52.25],[-98.85,51.5],[-98.59,49.0],[-97.6,48.25],[-97.07,47.5],[-97.25,47.1],[-98.0,47.09],[-98.5,46.63],[-99.0,46.58]]}},{"type":"Feature","properties":{"level":996},"geometry":{"type":"LineString","coordinates":[[-98.5,51.34],[-98.6,51.5],[-98.25,51.66],[-98.25,51.36],[-98.5,51.34]]}},{"type":"Feature","properties":{"level":996},"geometry":{"type":"LineString","coordinates":[[-49.75,51.75],[-51.75,52.31],[-52.75,52.85],[-53.99,54.0],[-54.62,55.25],[-54.72,56.0],[-54.17,57.0],[-52.75,58.25],[-51.75,58.78],[-48.5,58.88],[-43.97,58.0],[-42.75,57.58],[-40.75,56.4],[-39.64,54.75],[-39.62,54.0],[-40.0,53.42],[-42.25,51.97],[-45.5,51.59],[-49.75,51.75]]}},{"type":"Feature","properties":{"level":996},"geometry":{"type":"LineString","coordinates":[[180.0,54.09],[175.5,54.38],[170.86,55.5],[168.01,57.0],[166.65,58.5],[166.29,59.25],[166.4,60.0],[167.93,60.75],[168.26,61.25],[171.25,62.0],[170.9,62.5],[171.22,62.75],[171.05,63.0],[169.5,63.89],[169.24,64.75],[169.89,65.25],[170.49,66.5],[171.25,66.41],[171.88,66.75],[171.53,67.25],[171.61,67.5],[172.08,67.75],[172.25,68.5],[173.22,69.5],[173.47,70.25],[174.5,70.75],[177.25,71.43],[180.0,71.49]]}},{"type":"Feature","properties":{"level":996},"geometry":{"type":"LineString","coordinates":[[22.5,59.49],[19.0,59.95],[16.5,60.54],[15.59,61.0],[16.27,61.25],[15.85,62.0],[16.02,62.25],[18.25,62.91],[21.5,62.95],[23.0,62.45],[25.5,61.18],[26.58,60.5],[26.95,60.0],[26.0,59.49],[22.5,59.49]]}},{"type":"Feature","properties":{"level":996},"geometry":{"type":"LineString","coordinates":[[3.5,60.49],[2.24,60.75],[0.5,61.67],[-5.5,62.73],[-6.62,63.25],[-7.22,64.75],[-6.75,66.0],[-6.78,68.0],[-6.23,69.0],[-4.55,70.25],[-2.75,71.11],[-0.25,71.94],[3.0,72.63],[17.25,73.39],[20.09,72.75],[18.19,72.25],[18.17,72.0],[17.17,71.25],[17.96,70.0],[17.11,69.25],[17.22,69.0],[16.75,68.71],[15.48,68.5],[15.97,68.25],[15.87,68.0],[13.58,66.5],[13.42,65.75],[12.5,65.0],[12.01,64.25],[12.23,63.5],[12.04,62.75],[12.5,62.44],[12.75,62.59],[13.25,61.98],[14.74,61.5],[14.96,61.25],[14.83,61.0],[13.0,61.06],[12.75,60.71],[11.25,60.66],[10.25,61.56],[10.0,61.61],[9.75,61.27],[9.0,61.44],[8.68,61.75],[9.0,61.83],[9.15,62.25],[8.75,62.3],[8.0,61.56],[7.0,61.57],[3.5,60.49]]}},{"type":"Feature","properties":{"level":996},"geometry":{"type":"LineString","coordinates":[[-180.0,71.49],[-171.25,71.47],[-166.75,71.17],[-164.25,70.71],[-162.45,69.75],[-162.27,69.5],[-162.54,69.25],[-162.33,69.0],[-162.53,68.25],[-159.77,66.5],[-159.52,66.25],[-159.88,66.0],[-159.36,65.5],[-159.99,62.5],[-161.13,60.5],[-162.75,58.91],[-165.08,57.5],[-168.4,56.0],[-172.0,54.88],[-175.5,54.33],[-180.0,54.09]]}},{"type":"Feature","properties":{"level":996},"geometry":{"type":"LineString","coordinates":[[56.25,79.24],[41.75,80.71],[28.25,81.72],[9.5,81.61],[3.5,81.82],[-2.53,82.75],[-3.74,83.25],[-4.05,83.75],[-3.46,84.25],[-1.48,84.75],[7.5,85.5],[21.25,85.79],[36.25,85.55],[48.0,84.9],[56.25,84.01],[62.75,82.69],[64.67,82.0],[65.82,81.25],[65.59,80.25],[63.25,79.57],[59.75,79.17],[56.25,79.24]]}},{"type":"Feature","properties":{"level":1000},"geometry":{"type":"LineString","coordinates":[[-175.5,-88.25],[-164.65,-88.25],[-175.5,-88.25]]}},{"type":"Feature","properties":{"level":1000},"geometry":{"type":"LineString","coordinates":[[-132.5,-86.76],[-132.72,-86.75],[-129.09,-86.75],[-132.5,-86.76]]}},{"type":"Feature","properties":{"level":1000},"geometry":{"type":"LineString","coordinates":[[180.0,-86.64],[166.75,-86.19],[166.1,-86.0],[171.83,-85.5],[169.25,-85.16],[165.75,-85.63],[163.92,-85.25],[164.92,-85.0],[158.08,-84.25],[160.84,-84.0],[159.06,-83.75],[159.78,-83.25],[159.5,-83.18],[158.75,-83.15],[158.0,-83.51],[154.62,-83.25],[155.76,-83.0],[154.75,-82.43],[151.04,-82.0],[150.4,-81.75],[150.51,-81.5],[149.53,-81.25],[150.74,-80.5],[152.5,-80.1],[154.25,-80.36],[155.68,-80.25],[155.5,-79.8],[154.32,-79.5],[153.62,-79.0],[153.5,-78.64],[155.75,-78.22],[157.75,-78.35],[158.02,-78.0],[157.48,-77.5],[157.7,-77.25],[154.5,-76.86],[152.65,-76.25],[152.35,-76.0],[152.59,-75.75],[151.95,-75.5],[153.5,-74.59],[154.74,-74.25],[157.0,-74.47],[159.25,-73.89],[160.75,-74.21],[161.72,-74.0],[160.48,-73.25],[159.25,-72.89],[158.25,-72.76],[153.5,-73.04],[151.5,-72.81],[149.5,-72.23],[146.25,-72.04],[143.72,-71.5],[142.75,-70.87],[141.0,-70.29],[138.5,-69.9],[137.5,-69.25],[137.44,-68.75],[136.87,-68.5],[135.25,-68.47],[131.75,-69.05],[125.5,-68.63],[114.75,-69.34],[107.75,-68.86],[105.5,-67.98],[102.25,-68.71],[97.75,-68.14],[92.0,-69.21],[84.5,-69.86],[81.23,-70.75],[76.14,-72.75],[76.03,-73.0],[76.34,-73.25],[76.03,-73.5],[76.04,-74.0],[75.03,-74.5],[74.75,-75.0],[73.0,-74.89],[69.5,-75.23],[65.9,-74.75],[62.92,-73.5],[62.4,-73.0],[62.54,-72.75],[61.89,-72.25],[62.13,-71.75],[62.0,-71.56],[61.0,-71.38],[59.25,-72.18],[56.75,-72.38],[51.41,-73.5],[50.88,-73.75],[51.04,-74.0],[50.6,-74.5],[50.7,-74.75],[48.5,-75.02],[44.48,-74.5],[37.0,-72.65],[34.5,-73.12],[26.0,-72.51],[19.25,-72.9],[14.75,-72.81],[13.37,-73.25],[13.16,-74.0],[13.64,-74.75],[13.95,-76.5],[14.25,-76.84],[23.75,-80.13],[28.5,-80.57],[29.08,-81.0],[29.02,-81.5],[28.26,-82.0],[26.23,-82.25],[7.5,-82.52],[5.04,-83.0],[6.89,-83.25],[7.24,-83.5],[-19.71,-86.25],[-27.5,-86.49],[-45.25,-86.49],[-58.0,-86.18],[-71.0,-86.66],[-81.5,-86.68],[-83.59,-86.5],[-83.7,-86.0],[-84.25,-85.92],[-93.81,-85.25],[-92.66,-85.0],[-93.5,-84.94],[-99.25,-85.18],[-100.21,-85.5],[-99.73,-85.75],[-100.25,-85.99],[-103.0,-86.4],[-105.75,-86.39],[-106.82,-86.25],[-106.17,-86.0],[-106.5,-85.94],[-111.0,-85.59],[-118.25,-85.87],[-122.5,-86.38],[-129.5,-86.15],[-131.25,-86.42],[-143.25,-87.01],[-151.75,-86.6],[-154.25,-86.96],[-154.4,-87.0],[-153.29,-87.25],[-154.5,-87.35],[-163.0,-87.27],[-166.5,-86.92],[-175.75,-86.9],[-180.0,-86.64]]}},{"type":"Feature","properties":{"level":1000},"geometry":{"type":"LineString","coordinates":[[-163.4,-86.25],[-161.17,-86.25],[-163.4,-86.25]]}},{"type":"Feature","properties":{"level":1000},"geometry":{"type":"LineString","coordinates":[[162.39,-84.0],[163.81,-84.0],[162.39,-84.0]]}},{"type":"Feature","properties":{"level":1000},"geometry":{"type":"LineString","coordinates":[[-101.31,-80.5],[-98.75,-80.66],[-94.5,-80.11],[-90.69,-79.25],[-92.75,-78.62],[-97.5,-78.67],[-100.0,-79.05],[-102.1,-79.75],[-102.07,-80.0],[-101.31,-80.5]]}},{"type":"Feature","properties":{"level":1000},"geometry":{"type":"LineString","coordinates":[[2.45,-80.0],[7.27,-79.5],[5.12,-78.75],[2.5,-78.41],[1.44,-78.5],[0.21,-79.25],[0.35,-79.75],[2.45,-80.0]]}},{"type":"Feature","properties":{"level":1000},"geometry":{"type":"LineString","coordinates":[[-64.96,-71.5],[-64.25,-71.56],[-63.1,-71.25],[-63.38,-70.75],[-64.53,-70.5],[-64.41,-70.0],[-64.78,-69.25],[-66.25,-68.91],[-67.95,-69.5],[-67.75,-69.8],[-65.66,-70.5],[-66.4,-70.75],[-66.0,-71.16],[-64.96,-71.5]]}},{"type":"Feature","properties":{"level":1000},"geometry":{"type":"LineString","coordinates":[[-69.05,-70.25],[-68.86,-70.25],[-69.0,-69.69],[-69.05,-70.25]]}},{"type":"Feature","properties":{"level":1000},"geometry":{"type":"LineString","coordinates":[[-69.55,-69.75],[-69.04,-69.25],[-70.0,-69.11],[-69.55,-69.75]]}},{"type":"Feature","properties":{"level":1000},"geometry":{"type":"LineString","coordinates":[[-180.0,-56.26],[-166.5,-57.31],[-160.5,-57.28],[-157.75,-57.83],[-155.0,-57.7],[-153.5,-57.09],[-150.4,-55.0],[-148.69,-52.75],[-148.39,-51.0],[-147.91,-50.5],[-148.16,-49.75],[-147.15,-48.0],[-145.25,-46.0],[-142.15,-44.25],[-138.03,-42.5],[-134.0,-41.66],[-127.25,-41.46],[-122.0,-41.91],[-114.25,-43.15],[-110.0,-44.31],[-105.5,-46.07],[-102.25,-48.2],[-95.37,-53.5],[-90.23,-58.75],[-87.41,-60.25],[-84.75,-61.05],[-81.5,-61.63],[-78.75,-61.65],[-76.0,-62.1],[-70.0,-63.97],[-67.89,-65.25],[-67.68,-66.0],[-68.3,-67.0],[-66.75,-67.85],[-66.02,-67.75],[-65.78,-67.5],[-65.91,-67.25],[-64.25,-66.48],[-62.75,-66.08],[-62.19,-66.5],[-62.0,-67.32],[-60.76,-68.25],[-56.25,-69.33],[-53.0,-69.28],[-51.0,-68.78],[-49.37,-68.0],[-46.75,-65.46],[-44.72,-62.25],[-42.72,-60.25],[-39.47,-57.75],[-34.9,-55.5],[-34.78,-55.25],[-35.01,-54.75],[-33.75,-54.61],[-31.75,-53.38],[-23.5,-50.71],[-20.5,-50.46],[-18.25,-49.95],[-15.49,-48.5],[-13.06,-46.0],[-12.17,-44.75],[-12.36,-44.25],[-11.78,-41.5],[-11.09,-40.5],[-10.38,-40.0],[-10.72,-38.75],[-10.14,-37.75],[-10.94,-36.75],[-10.94,-36.0],[-10.75,-35.82],[-9.26,-36.5],[-9.34,-37.75],[-8.59,-38.5],[-8.5,-38.93],[-6.25,-40.25],[-4.45,-44.25],[-0.81,-49.25],[3.5,-53.09],[8.5,-56.57],[12.18,-58.5],[13.73,-60.0],[15.0,-60.8],[18.25,-62.06],[22.25,-62.8],[27.0,-62.92],[30.5,-62.29],[34.0,-60.87],[40.42,-57.25],[48.5,-54.88],[53.75,-53.76],[67.25,-52.48],[73.5,-52.12],[82.25,-50.83],[86.0,-50.51],[90.0,-50.48],[100.0,-51.2],[106.0,-51.04],[113.0,-49.58],[118.5,-49.34],[120.75,-49.52],[123.5,-49.1],[125.0,-48.53],[126.25,-47.7],[128.49,-47.25],[128.5,-46.99],[129.25,-46.66],[134.25,-48.5],[144.25,-49.91],[151.09,-52.0],[156.25,-53.19],[166.75,-54.57],[173.0,-55.11],[180.0,-56.26]]}},{"type":"Feature","properties":{"level":1000},"geometry":{"type":"LineString","coordinates":[[-91.25,-51.87],[-92.97,-49.75],[-93.21,-48.0],[-93.04,-47.25],[-92.43,-46.25],[-90.53,-44.5],[-88.5,-43.57],[-86.5,-43.49],[-85.22,-44.0],[-83.25,-45.65],[-82.72,-45.75],[-83.33,-47.5],[-84.75,-48.72],[-86.75,-49.85],[-89.5,-50.87],[-90.75,-51.8],[-91.25,-51.87]]}},{"type":"Feature","properties":{"level":1000},"geometry":{"type":"LineString","coordinates":[[160.0,12.89],[159.25,13.77],[159.0,13.86],[158.5,13.47],[158.12,13.75],[157.69,15.25],[158.09,17.0],[158.59,17.75],[159.5,18.43],[160.75,18.57],[162.0,18.31],[162.61,18.0],[162.34,17.5],[162.9,16.75],[163.13,14.5],[162.25,13.41],[161.0,12.84],[160.0,12.89]]}},{"type":"Feature","properties":{"level":1000},"geometry":{"type":"LineString","coordinates":[[141.75,16.7],[141.0,17.12],[140.6,18.25],[141.25,19.2],[142.25,19.44],[143.12,19.0],[143.48,18.0],[142.75,16.91],[141.75,16.7]]}},{"type":"Feature","properties":{"level":1000},"geometry":{"type":"LineString","coordinates":[[-125.5,24.9],[-126.01,25.25],[-126.16,26.0],[-125.87,26.5],[-125.25,26.72],[-124.53,26.25],[-124.44,25.5],[-124.8,25.0],[-125.5,24.9]]}},{"type":"Feature","properties":{"level":1000},"geometry":{"type":"LineString","coordinates":[[-103.75,42.98],[-104.65,43.25],[-105.5,44.13],[-105.75,44.21],[-106.25,43.91],[-108.0,45.28],[-108.5,45.4],[-109.0,45.06],[-110.0,45.53],[-110.75,45.43],[-111.0,45.64],[-111.75,45.53],[-112.28,45.75],[-111.75,46.18],[-110.5,46.16],[-110.56,46.5],[-110.25,46.68],[-109.0,46.84],[-108.25,46.52],[-108.0,46.81],[-107.75,46.34],[-106.75,46.83],[-106.67,47.0],[-107.32,47.5],[-107.17,47.75],[-107.4,48.5],[-106.44,49.5],[-106.85,51.5],[-107.52,52.0],[-108.34,53.25],[-108.58,54.25],[-107.75,55.26],[-105.5,55.84],[-102.75,55.76],[-99.5,54.79],[-97.5,53.53],[-97.0,53.49],[-96.5,52.66],[-95.76,52.5],[-96.02,51.0],[-95.5,49.61],[-95.23,50.0],[-95.48,51.0],[-95.25,51.09],[-94.74,50.5],[-95.21,49.25],[-94.66,48.0],[-94.73,47.25],[-96.5,45.1],[-97.25,45.22],[-97.73,45.0],[-98.5,44.15],[-100.0,43.38],[-101.75,43.13],[-102.25,43.3],[-103.0,42.93],[-103.75,42.98]]}},{"type":"Feature","properties":{"level":1000},"geometry":{"type":"LineString","coordinates":[[-104.24,43.75],[-103.75,43.51],[-103.37,43.75],[-103.58,44.25],[-104.0,44.41],[-104.45,44.25],[-104.24,43.75]]}},{"type":"Feature","properties":{"level":1000},"geometry":{"type":"LineString","coordinates":[[-43.5,49.75],[-48.25,50.0],[-50.75,50.68],[-53.5,51.94],[-54.5,52.66],[-55.68,54.0],[-56.65,56.25],[-56.68,57.5],[-53.0,59.37],[-51.5,59.77],[-49.5,59.92],[-45.75,59.66],[-44.5,59.0],[-42.75,58.75],[-40.07,57.5],[-37.99,55.25],[-37.63,54.25],[-37.69,53.75],[-41.0,49.97],[-41.25,50.12],[-43.5,49.75]]}},{"type":"Feature","properties":{"level":1000},"geometry":{"type":"LineString","coordinates":[[180.0,52.84],[175.25,52.86],[171.25,53.5],[170.0,53.91],[167.5,55.22],[165.9,56.5],[164.75,58.25],[164.45,59.0],[164.42,60.0],[164.5,60.29],[166.61,61.25],[165.45,61.75],[166.02,62.0],[166.0,62.34],[165.4,62.25],[166.0,62.55],[167.24,64.0],[168.24,64.5],[167.96,65.75],[168.61,66.25],[168.14,67.5],[168.75,67.89],[168.79,68.25],[166.43,69.75],[166.3,70.0],[166.5,70.4],[171.29,72.25],[180.0,74.03]]}},{"type":"Feature","properties":{"level":1000},"geometry":{"type":"LineString","coordinates":[[27.5,57.48],[25.75,58.04],[17.75,58.56],[14.5,59.06],[13.5,58.92],[8.25,59.5],[7.25,59.39],[6.0,59.79],[4.5,59.37],[3.25,59.34],[-4.5,61.36],[-7.4,62.75],[-8.37,63.75],[-8.79,65.0],[-8.5,68.65],[-7.25,70.14],[-5.5,71.32],[-3.25,72.42],[1.0,73.82],[5.75,74.75],[19.75,74.69],[23.75,74.12],[25.0,73.56],[25.55,73.0],[25.71,72.25],[25.28,71.0],[19.65,69.0],[19.1,68.25],[18.18,68.0],[16.58,67.0],[16.6,66.5],[16.28,66.0],[16.75,65.15],[17.75,64.62],[22.25,64.44],[24.5,63.6],[27.5,61.77],[28.25,61.65],[28.57,61.0],[29.39,60.5],[30.17,59.5],[30.36,59.0],[30.22,58.25],[30.0,57.93],[29.25,57.71],[27.5,57.48]]}},{"type":"Feature","properties":{"level":1000},"geometry":{"type":"LineString","coordinates":[[41.5,59.24],[38.25,60.52],[36.0,60.97],[35.41,61.5],[36.25,61.85],[38.75,63.76],[41.75,64.68],[43.75,64.83],[48.25,64.49],[49.81,63.25],[50.48,62.0],[50.66,61.0],[50.5,60.73],[49.12,61.5],[49.0,61.24],[47.25,60.68],[45.25,60.6],[43.75,59.63],[41.5,59.24]]}},{"type":"Feature","properties":{"level":1000},"geometry":{"type":"LineString","coordinates":[[166.59,61.5],[166.88,61.5],[166.59,61.5]]}},{"type":"Feature","properties":{"level":1000},"geometry":{"type":"LineString","coordinates":[[-180.0,74.03],[-175.0,74.37],[-171.25,73.77],[-163.0,73.09],[-152.16,70.75],[-152.75,70.59],[-152.75,69.89],[-155.75,69.25],[-157.75,69.33],[-159.01,69.0],[-158.42,68.25],[-158.8,67.75],[-156.84,67.0],[-156.56,66.75],[-156.8,66.5],[-156.59,66.25],[-155.25,65.54],[-155.97,64.75],[-155.46,64.0],[-156.78,62.75],[-156.86,62.0],[-158.22,61.0],[-158.5,60.1],[-161.25,58.02],[-165.75,55.76],[-170.75,54.01],[-174.5,53.24],[-180.0,52.84]]}},{"type":"Feature","properties":{"level":1000},"geometry":{"type":"LineString","coordinates":[[57.5,77.25],[38.25,79.55],[28.75,80.15],[22.5,80.33],[20.75,80.17],[1.25,81.14],[-3.46,81.75],[-7.5,82.65],[-11.55,83.75],[-13.1,84.5],[-13.52,85.0],[-12.25,85.56],[-8.5,86.05],[7.75,86.8],[29.5,86.92],[49.75,86.38],[58.75,85.7],[66.5,84.51],[69.25,83.78],[72.25,82.62],[73.6,81.75],[74.04,81.0],[73.96,79.75],[73.0,78.71],[69.64,77.75],[63.5,77.09],[57.5,77.25]]}},{"type":"Feature","properties":{"level":1004},"geometry":{"type":"LineString","coordinates":[[180.0,-88.31],[176.97,-88.25],[175.63,-88.0],[180.0,-87.95]]}},{"type":"Feature","properties":{"level":1004},"geometry":{"type":"LineString","coordinates":[[-180.0,-87.95],[-160.5,-88.0],[-157.86,-88.25],[-167.0,-88.49],[-180.0,-88.31]]}},{"type":"Feature","properties":{"level":1004},"geometry":{"type":"LineString","coordinates":[[-150.06,-87.0],[-147.44,-87.0],[-150.06,-87.0]]}},{"type":"Feature","properties":{"level":1004},"geometry":{"type":"LineString","coordinates":[[180.0,-87.21],[164.5,-86.63],[161.83,-85.75],[164.35,-85.5],[163.5,-85.38],[163.0,-85.04],[161.25,-85.06],[159.25,-84.69],[156.75,-84.91],[154.14,-84.75],[154.05,-84.5],[155.09,-84.25],[155.17,-84.0],[152.25,-83.38],[150.0,-82.26],[148.54,-82.0],[148.0,-81.25],[148.75,-80.2],[152.6,-79.5],[151.94,-79.25],[151.61,-78.75],[152.37,-78.25],[154.71,-77.5],[150.91,-76.25],[149.93,-75.0],[149.88,-74.25],[149.47,-74.0],[147.25,-73.17],[142.41,-72.0],[141.0,-71.88],[141.0,-71.0],[139.0,-70.37],[137.51,-70.25],[136.11,-68.75],[135.0,-68.81],[133.0,-69.79],[133.11,-69.5],[132.75,-69.14],[131.25,-69.57],[130.25,-69.29],[125.75,-69.05],[115.0,-69.79],[108.0,-69.34],[104.75,-68.55],[101.75,-69.12],[99.25,-68.64],[98.5,-68.88],[97.25,-68.53],[94.25,-69.3],[86.25,-70.0],[82.0,-70.94],[77.25,-72.75],[77.04,-73.0],[77.27,-73.25],[77.2,-73.75],[76.75,-75.02],[75.25,-75.42],[73.25,-75.59],[69.75,-75.66],[64.0,-75.01],[63.5,-74.4],[61.25,-73.56],[60.0,-73.18],[58.0,-72.97],[52.76,-73.5],[52.08,-73.75],[52.24,-74.5],[51.9,-75.0],[50.25,-75.36],[45.5,-74.84],[37.25,-73.23],[34.5,-73.54],[28.0,-73.04],[26.25,-72.65],[17.0,-73.26],[15.25,-73.65],[14.68,-74.25],[14.8,-75.5],[15.42,-76.75],[24.25,-79.37],[29.0,-80.15],[30.56,-81.5],[29.71,-82.0],[28.28,-82.25],[9.72,-83.0],[12.18,-83.25],[-15.0,-86.5],[-28.75,-86.89],[-56.5,-86.72],[-77.75,-87.11],[-110.0,-86.54],[-112.15,-86.25],[-111.65,-86.0],[-112.25,-85.88],[-115.25,-85.82],[-120.03,-86.25],[-116.9,-86.5],[-120.0,-86.78],[-129.75,-87.13],[-136.5,-86.9],[-142.25,-87.45],[-154.25,-87.56],[-171.75,-87.02],[-180.0,-87.21]]}},{"type":"Feature","properties":{"level":1004},"geometry":{"type":"LineString","coordinates":[[-98.29,-86.0],[-97.25,-86.19],[-94.5,-86.11],[-92.55,-86.0],[-92.18,-85.75],[-95.75,-85.51],[-95.54,-85.25],[-96.25,-85.19],[-99.51,-85.5],[-98.4,-85.75],[-98.29,-86.0]]}},{"type":"Feature","properties":{"level":1004},"geometry":{"type":"LineString","coordinates":[[158.75,-85.7],[158.5,-85.5],[160.59,-85.5],[158.75,-85.7]]}},{"type":"Feature","properties":{"level":1004},"geometry":{"type":"LineString","coordinates":[[157.75,-85.01],[159.18,-85.0],[157.75,-85.01]]}},{"type":"Feature","properties":{"level":1004},"geometry":{"type":"LineString","coordinates":[[157.49,-84.0],[159.1,-84.0],[158.5,-83.73],[157.49,-84.0]]}},{"type":"Feature","properties":{"level":1004},"geometry":{"type":"LineString","coordinates":[[-100.42,-80.25],[-99.5,-80.37],[-95.8,-80.0],[-94.67,-79.25],[-96.25,-79.08],[-98.97,-79.25],[-100.63,-79.75],[-100.42,-80.25]]}},{"type":"Feature","properties":{"level":1004},"geometry":{"type":"LineString","coordinates":[[153.61,-80.0],[154.96,-80.0],[153.61,-80.0]]}},{"type":"Feature","properties":{"level":1004},"geometry":{"type":"LineString","coordinates":[[156.31,-78.0],[157.0,-78.18],[157.67,-78.0],[157.0,-77.64],[156.39,-77.75],[156.31,-78.0]]}},{"type":"Feature","properties":{"level":1004},"geometry":{"type":"LineString","coordinates":[[156.24,-74.0],[157.0,-74.1],[159.45,-73.25],[159.0,-72.98],[157.75,-72.94],[154.52,-73.5],[156.24,-74.0]]}},{"type":"Feature","properties":{"level":1004},"geometry":{"type":"LineString","coordinates":[[160.45,-74.0],[161.53,-74.0],[161.0,-73.6],[160.0,-73.54],[159.8,-73.75],[160.45,-74.0]]}},{"type":"Feature","properties":{"level":1004},"geometry":{"type":"LineString","coordinates":[[-180.0,-55.3],[-175.0,-55.93],[-167.5,-56.32],[-162.0,-56.11],[-159.75,-55.78],[-156.5,-55.8],[-155.25,-55.57],[-152.92,-54.25],[-151.53,-52.75],[-151.59,-52.0],[-151.11,-51.5],[-149.76,-48.75],[-147.1,-45.75],[-140.46,-41.75],[-136.75,-40.63],[-133.5,-39.96],[-129.75,-39.74],[-124.0,-40.03],[-120.75,-40.31],[-114.25,-41.59],[-109.75,-42.7],[-106.0,-43.96],[-104.5,-44.62],[-99.5,-47.65],[-97.25,-48.46],[-96.0,-48.35],[-93.72,-45.5],[-91.5,-43.81],[-89.0,-42.79],[-86.75,-42.54],[-84.25,-43.1],[-80.5,-44.73],[-80.38,-45.0],[-80.69,-46.25],[-82.02,-48.5],[-84.0,-50.69],[-85.62,-52.0],[-86.5,-53.21],[-86.57,-54.75],[-85.26,-57.75],[-84.44,-58.5],[-81.8,-59.5],[-76.0,-60.75],[-68.25,-63.0],[-65.75,-64.34],[-65.13,-65.25],[-65.58,-66.0],[-65.0,-66.41],[-62.14,-65.0],[-58.75,-63.97],[-57.75,-64.35],[-57.41,-64.25],[-57.32,-65.0],[-56.0,-65.87],[-53.5,-65.85],[-51.0,-64.89],[-47.62,-62.0],[-41.75,-57.78],[-37.75,-55.62],[-36.17,-55.25],[-36.08,-54.75],[-36.66,-54.25],[-36.64,-54.0],[-33.42,-52.5],[-30.27,-51.75],[-25.0,-49.95],[-20.5,-48.99],[-18.01,-47.75],[-16.62,-46.5],[-15.12,-44.25],[-12.72,-38.25],[-12.42,-36.75],[-11.25,-34.56],[-10.0,-34.81],[-8.0,-35.78],[-6.76,-37.25],[-6.0,-38.57],[-4.69,-39.75],[-2.54,-43.5],[-0.84,-45.75],[0.5,-47.19],[3.25,-49.02],[4.44,-50.75],[7.0,-53.17],[10.5,-55.5],[13.54,-57.0],[16.75,-59.59],[19.0,-60.54],[22.25,-61.23],[26.25,-61.4],[29.0,-60.9],[32.5,-59.62],[38.0,-56.82],[40.5,-55.86],[48.5,-53.88],[54.56,-52.75],[71.75,-51.27],[81.0,-49.66],[88.0,-49.55],[98.75,-50.18],[105.25,-49.77],[113.75,-48.08],[121.25,-47.8],[122.75,-47.36],[124.25,-46.08],[125.5,-45.41],[126.0,-44.72],[127.0,-44.51],[134.75,-46.73],[144.25,-48.24],[151.75,-50.59],[155.75,-51.58],[166.25,-53.39],[171.75,-53.9],[180.0,-55.3]]}},{"type":"Feature","properties":{"level":1004},"geometry":{"type":"LineString","coordinates":[[4.0,-48.51],[3.35,-48.0],[3.25,-47.5],[4.0,-46.93],[5.19,-47.25],[5.94,-48.25],[5.75,-48.58],[5.25,-48.69],[4.0,-48.51]]}},{"type":"Feature","properties":{"level":1004},"geometry":{"type":"LineString","coordinates":[[-66.0,-23.01],[-65.76,-21.5],[-65.45,-21.25],[-65.84,-20.25],[-65.5,-19.97],[-65.02,-21.25],[-65.58,-22.75],[-66.0,-23.01]]}},{"type":"Feature","properties":{"level":1004},"geometry":{"type":"LineString","coordinates":[[-52.5,-16.29],[-53.15,-15.75],[-53.0,-15.51],[-52.5,-15.96],[-51.98,-15.75],[-51.93,-15.25],[-52.61,-14.25],[-52.5,-14.0],[-52.12,-14.0],[-52.35,-13.75],[-51.84,-13.5],[-51.7,-12.75],[-51.25,-12.67],[-49.91,-14.25],[-50.0,-14.75],[-50.75,-16.01],[-51.0,-15.93],[-51.75,-16.41],[-52.25,-16.08],[-52.5,-16.29]]}},{"type":"Feature","properties":{"level":1004},"geometry":{"type":"LineString","coordinates":[[-53.0,-15.49],[-53.17,-15.25],[-53.0,-15.18],[-53.0,-15.49]]}},{"type":"Feature","properties":{"level":1004},"geometry":{"type":"LineString","coordinates":[[-52.75,-14.88],[-52.75,-14.69],[-52.75,-14.88]]}},{"type":"Feature","properties":{"level":1004},"geometry":{"type":"LineString","coordinates":[[-49.75,-14.54],[-49.89,-14.5],[-49.75,-14.54]]}},{"type":"Feature","properties":{"level":1004},"geometry":{"type":"LineString","coordinates":[[-48.25,-14.52],[-48.27,-14.0],[-48.0,-13.88],[-48.25,-14.52]]}},{"type":"Feature","properties":{"level":1004},"geometry":{"type":"LineString","coordinates":[[-53.0,-14.3],[-53.34,-14.0],[-53.25,-13.68],[-52.89,-13.75],[-53.0,-14.3]]}},{"type":"Feature","properties":{"level":1004},"geometry":{"type":"LineString","coordinates":[[-52.75,-13.59],[-53.0,-13.03],[-53.75,-13.01],[-54.06,-13.25],[-53.84,-12.5],[-54.0,-12.29],[-55.0,-12.03],[-55.5,-11.43],[-56.0,-11.71],[-57.0,-11.35],[-57.25,-11.85],[-57.5,-11.72],[-57.86,-11.0],[-56.5,-10.69],[-57.25,-10.66],[-57.38,-10.5],[-57.14,-10.25],[-57.73,-10.0],[-57.75,-9.64],[-58.08,-9.75],[-58.0,-10.25],[-58.25,-10.55],[-58.47,-10.25],[-58.25,-9.22],[-57.75,-9.49],[-57.43,-9.25],[-58.25,-8.45],[-58.75,-8.68],[-59.0,-8.12],[-59.92,-8.25],[-59.46,-7.75],[-60.25,-7.08],[-60.5,-7.55],[-60.82,-7.25],[-60.05,-6.0],[-59.5,-6.06],[-59.32,-5.75],[-59.37,-4.0],[-58.75,-3.81],[-58.07,-3.0],[-58.25,-2.81],[-58.5,-3.03],[-59.04,-3.0],[-58.34,-2.5],[-58.25,-2.11],[-57.56,-2.25],[-57.49,-1.75],[-56.85,-1.5],[-57.22,-1.25],[-57.0,-0.49],[-56.5,-0.11],[-56.16,-0.25],[-56.0,0.03],[-55.71,-1.0],[-54.25,-1.75],[-54.75,-2.21],[-55.0,-1.92],[-56.58,-2.0],[-55.5,-3.2],[-55.0,-3.03],[-55.0,-2.74],[-54.49,-2.75],[-54.28,-3.75],[-54.75,-4.49],[-55.03,-4.5],[-54.39,-4.5],[-54.55,-4.75],[-54.25,-5.31],[-53.75,-5.03],[-53.63,-5.25],[-53.91,-6.25],[-54.0,-6.4],[-54.25,-6.19],[-54.35,-6.5],[-53.75,-6.8],[-53.35,-7.5],[-53.5,-7.72],[-54.0,-7.64],[-54.25,-8.41],[-54.5,-8.3],[-54.62,-8.5],[-54.5,-8.7],[-54.0,-8.53],[-53.5,-7.81],[-53.25,-7.87],[-52.7,-9.0],[-53.14,-9.25],[-53.07,-9.5],[-52.5,-9.34],[-52.0,-9.94],[-50.59,-10.25],[-50.5,-10.53],[-50.0,-9.38],[-49.25,-9.31],[-49.2,-9.5],[-48.84,-11.0],[-49.5,-11.69],[-49.83,-11.25],[-49.6,-10.75],[-49.73,-10.25],[-50.0,-10.21],[-50.02,-10.75],[-50.5,-11.24],[-51.0,-11.1],[-51.25,-11.44],[-51.77,-11.5],[-51.84,-12.5],[-52.39,-13.0],[-52.37,-13.5],[-52.75,-13.59]]}},{"type":"Feature","properties":{"level":1004},"geometry":{"type":"LineString","coordinates":[[-54.75,-13.27],[-54.75,-12.75],[-54.75,-13.27]]}},{"type":"Feature","properties":{"level":1004},"geometry":{"type":"LineString","coordinates":[[-47.5,-13.03],[-47.76,-12.5],[-47.45,-12.25],[-48.23,-11.75],[-47.0,-11.46],[-46.5,-12.58],[-47.0,-12.63],[-47.5,-13.03]]}},{"type":"Feature","properties":{"level":1004},"geometry":{"type":"LineString","coordinates":[[-53.19,-12.75],[-53.0,-12.92],[-52.77,-12.75],[-53.19,-12.75]]}},{"type":"Feature","properties":{"level":1004},"geometry":{"type":"LineString","coordinates":[[-55.25,-12.31],[-55.47,-12.25],[-55.25,-12.13],[-55.25,-12.31]]}},{"type":"Feature","properties":{"level":1004},"geometry":{"type":"LineString","coordinates":[[-52.58,-11.5],[-52.13,-11.5],[-52.58,-11.5]]}},{"type":"Feature","properties":{"level":1004},"geometry":{"type":"LineString","coordinates":[[-56.6,-11.25],[-56.25,-11.41],[-55.91,-11.25],[-56.25,-11.05],[-56.6,-11.25]]}},{"type":"Feature","properties":{"level":1004},"geometry":{"type":"LineString","coordinates":[[-53.06,-11.25],[-52.79,-11.25],[-53.06,-11.25]]}},{"type":"Feature","properties":{"level":1004},"geometry":{"type":"LineString","coordinates":[[-55.44,-11.0],[-54.78,-11.0],[-55.25,-10.78],[-55.44,-11.0]]}},{"type":"Feature","properties":{"level":1004},"geometry":{"type":"LineString","coordinates":[[-48.25,-11.04],[-48.25,-10.85],[-48.25,-11.04]]}},{"type":"Feature","properties":{"level":1004},"geometry":{"type":"LineString","coordinates":[[-51.97,-10.75],[-51.68,-10.75],[-51.75,-10.59],[-51.97,-10.75]]}},{"type":"Feature","properties":{"level":1004},"geometry":{"type":"LineString","coordinates":[[-54.43,-10.25],[-54.22,-10.25],[-54.25,-9.95],[-54.43,-10.25]]}},{"type":"Feature","properties":{"level":1004},"geometry":{"type":"LineString","coordinates":[[-59.0,-10.01],[-58.63,-10.0],[-59.0,-10.01]]}},{"type":"Feature","properties":{"level":1004},"geometry":{"type":"LineString","coordinates":[[-51.0,-9.85],[-51.0,-9.65],[-51.0,-9.85]]}},{"type":"Feature","properties":{"level":1004},"geometry":{"type":"LineString","coordinates":[[-55.99,-9.5],[-54.75,-9.6],[-54.67,-9.0],[-56.25,-8.04],[-56.75,-7.36],[-57.25,-7.74],[-57.75,-6.95],[-57.54,-7.5],[-58.05,-7.75],[-57.68,-8.25],[-57.0,-8.47],[-57.17,-8.75],[-57.0,-8.92],[-56.5,-9.11],[-56.0,-8.65],[-55.62,-8.75],[-55.99,-9.5]]}},{"type":"Feature","properties":{"level":1004},"geometry":{"type":"LineString","coordinates":[[-49.25,-9.15],[-49.25,-8.89],[-49.25,-9.15]]}},{"type":"Feature","properties":{"level":1004},"geometry":{"type":"LineString","coordinates":[[-51.5,-8.57],[-51.5,-6.82],[-51.02,-7.25],[-51.24,-7.5],[-51.09,-7.75],[-50.71,-8.0],[-51.45,-8.25],[-51.5,-8.57]]}},{"type":"Feature","properties":{"level":1004},"geometry":{"type":"LineString","coordinates":[[-50.75,-8.53],[-50.25,-8.23],[-49.82,-8.5],[-50.5,-8.69],[-50.75,-8.53]]}},{"type":"Feature","properties":{"level":1004},"geometry":{"type":"LineString","coordinates":[[-49.5,-8.26],[-49.13,-8.25],[-49.5,-8.26]]}},{"type":"Feature","properties":{"level":1004},"geometry":{"type":"LineString","coordinates":[[-52.25,-8.03],[-53.0,-7.75],[-53.26,-7.0],[-53.0,-6.65],[-52.5,-7.22],[-52.25,-8.03]]}},{"type":"Feature","properties":{"level":1004},"geometry":{"type":"LineString","coordinates":[[159.75,11.49],[158.5,11.68],[157.82,12.25],[157.75,12.69],[156.5,13.17],[155.79,14.25],[155.3,16.75],[157.06,18.75],[158.25,19.69],[160.5,20.1],[162.25,19.83],[163.82,18.75],[164.44,18.0],[164.18,17.75],[164.47,17.25],[164.49,16.25],[164.99,15.5],[164.56,14.5],[164.65,13.75],[163.77,12.5],[162.75,11.87],[161.0,11.28],[159.75,11.49]]}},{"type":"Feature","properties":{"level":1004},"geometry":{"type":"LineString","coordinates":[[-103.0,12.88],[-103.42,13.25],[-103.56,13.75],[-102.75,14.07],[-102.4,13.75],[-102.35,13.25],[-103.0,12.88]]}},{"type":"Feature","properties":{"level":1004},"geometry":{"type":"LineString","coordinates":[[-93.5,13.62],[-93.58,14.0],[-93.25,14.01],[-93.25,13.57],[-93.5,13.62]]}},{"type":"Feature","properties":{"level":1004},"geometry":{"type":"LineString","coordinates":[[142.0,14.74],[141.25,14.81],[140.0,15.35],[139.05,16.5],[139.01,17.0],[139.21,18.5],[139.94,19.75],[141.25,20.47],[142.25,20.63],[144.0,20.0],[145.12,18.0],[145.3,16.5],[145.0,15.73],[143.75,14.74],[142.0,14.74]]}},{"type":"Feature","properties":{"level":1004},"geometry":{"type":"LineString","coordinates":[[-125.5,24.16],[-126.26,24.5],[-126.66,25.0],[-126.89,25.75],[-126.8,26.5],[-125.64,27.5],[-124.25,27.56],[-123.43,26.5],[-123.48,25.25],[-124.25,24.39],[-125.5,24.16]]}},{"type":"Feature","properties":{"level":1004},"geometry":{"type":"LineString","coordinates":[[177.5,29.41],[176.93,30.0],[177.07,30.75],[178.0,31.15],[178.75,30.77],[178.91,30.25],[178.69,29.75],[178.25,29.47],[177.5,29.41]]}},{"type":"Feature","properties":{"level":1004},"geometry":{"type":"LineString","coordinates":[[-105.0,40.01],[-105.03,40.75],[-104.0,40.35],[-103.67,40.5],[-103.86,41.0],[-105.25,41.8],[-105.75,42.52],[-106.25,42.61],[-107.0,42.28],[-108.75,42.69],[-109.3,43.25],[-108.87,43.75],[-109.5,45.11],[-110.1,45.25],[-111.5,44.54],[-111.77,44.75],[-112.11,43.75],[-113.0,43.6],[-113.33,43.75],[-113.56,44.25],[-113.29,44.5],[-113.5,44.63],[-114.25,44.37],[-114.47,45.0],[-114.75,44.91],[-114.95,45.25],[-114.25,45.49],[-113.63,46.0],[-113.25,46.73],[-113.0,46.68],[-112.68,47.0],[-113.25,46.85],[-113.51,47.75],[-113.28,48.0],[-113.69,48.75],[-114.5,48.84],[-115.25,49.78],[-115.63,49.75],[-115.75,49.39],[-116.26,49.5],[-116.14,50.0],[-116.41,50.75],[-116.25,50.88],[-116.0,50.6],[-115.86,51.0],[-116.41,51.75],[-116.0,51.82],[-115.5,51.48],[-113.5,49.38],[-110.75,49.3],[-110.43,49.75],[-110.82,50.25],[-110.62,50.5],[-110.93,51.25],[-110.62,52.0],[-111.69,53.0],[-111.78,54.0],[-112.26,55.0],[-112.0,55.41],[-110.25,56.31],[-108.25,56.73],[-105.75,56.88],[-102.5,56.62],[-99.75,55.96],[-98.5,55.53],[-95.0,53.44],[-94.73,53.5],[-94.41,52.0],[-93.97,51.5],[-94.06,50.25],[-93.38,49.25],[-92.8,47.75],[-93.13,46.5],[-95.18,44.25],[-96.47,44.0],[-98.25,42.45],[-100.25,41.79],[-101.75,41.62],[-102.75,40.2],[-103.25,40.35],[-103.75,40.09],[-105.0,40.01]]}},{"type":"Feature","properties":{"level":1004},"geometry":{"type":"LineString","coordinates":[[-42.75,46.19],[-45.0,47.76],[-46.75,48.07],[-53.5,48.23],[-54.11,48.75],[-53.87,49.0],[-54.0,49.41],[-54.57,49.75],[-56.0,49.83],[-57.25,50.61],[-59.25,50.8],[-59.53,51.0],[-59.16,52.25],[-58.74,52.75],[-59.02,53.5],[-58.78,53.75],[-59.75,54.1],[-61.89,55.75],[-62.5,56.83],[-61.14,57.25],[-60.91,58.25],[-58.25,59.91],[-52.75,61.78],[-49.5,61.95],[-46.0,61.38],[-45.25,61.17],[-44.61,60.25],[-43.61,59.5],[-39.49,59.25],[-36.32,56.0],[-35.87,55.0],[-35.27,54.5],[-35.31,53.75],[-35.8,52.75],[-37.75,50.88],[-40.5,46.82],[-41.5,46.25],[-42.75,46.19]]}},{"type":"Feature","properties":{"level":1004},"geometry":{"type":"LineString","coordinates":[[118.0,50.47],[116.75,51.08],[117.0,51.91],[117.5,52.41],[118.75,52.45],[120.76,51.25],[120.25,50.57],[118.0,50.47]]}},{"type":"Feature","properties":{"level":1004},"geometry":{"type":"LineString","coordinates":[[180.0,51.62],[172.75,51.43],[166.5,52.05],[162.0,53.09],[160.09,54.0],[161.3,55.0],[161.67,56.5],[162.26,56.75],[162.25,57.06],[161.25,57.36],[161.06,57.75],[162.89,60.0],[162.25,60.42],[161.14,60.25],[161.3,60.75],[162.74,62.0],[163.0,62.8],[165.78,63.75],[165.83,64.25],[164.88,64.5],[165.55,65.0],[165.35,65.25],[165.5,65.58],[164.25,66.15],[161.25,66.78],[159.25,66.69],[158.08,67.0],[158.75,67.69],[160.05,67.75],[159.25,68.04],[158.99,68.5],[158.95,68.75],[159.71,69.5],[162.5,71.25],[165.06,72.5],[171.78,74.5],[180.0,75.84]]}},{"type":"Feature","properties":{"level":1004},"geometry":{"type":"LineString","coordinates":[[26.75,56.22],[24.25,56.94],[20.25,57.1],[13.25,58.0],[10.5,57.96],[6.0,58.48],[2.75,58.46],[0.75,58.83],[-3.75,59.85],[-6.08,60.75],[-8.95,62.75],[-10.09,64.25],[-10.64,67.5],[-10.15,69.5],[-9.07,70.75],[-6.0,72.65],[-2.16,74.25],[3.75,75.82],[10.27,76.75],[13.75,77.55],[15.0,77.37],[15.25,77.69],[15.79,77.5],[15.25,77.24],[17.25,77.39],[17.6,77.5],[17.61,78.0],[16.6,78.25],[18.25,78.28],[18.7,78.5],[18.94,79.0],[17.0,79.62],[15.75,79.39],[7.5,79.48],[-4.25,80.84],[-9.85,81.75],[-16.49,83.25],[-18.93,84.0],[-24.84,85.25],[-26.69,86.0],[-26.49,86.25],[-25.0,86.63],[-20.0,87.14],[-2.0,87.85],[27.25,88.03],[52.5,87.61],[64.75,87.0],[73.5,86.07],[76.75,85.21],[79.25,84.14],[81.48,82.25],[81.5,81.25],[81.19,80.75],[79.5,78.83],[77.72,77.75],[70.25,75.19],[65.5,74.19],[60.47,74.0],[59.01,74.25],[59.05,74.5],[59.84,75.0],[59.0,75.26],[58.0,75.15],[53.75,75.52],[47.5,76.59],[40.75,77.39],[38.5,77.33],[34.5,76.36],[30.25,76.18],[27.9,75.75],[27.6,75.5],[27.74,75.25],[28.97,74.5],[29.61,73.75],[29.88,72.75],[29.61,72.0],[28.25,70.78],[27.75,70.78],[24.5,69.5],[22.37,68.0],[22.17,67.25],[28.5,64.41],[31.5,63.92],[33.5,64.32],[34.25,64.81],[35.75,65.22],[40.0,66.01],[47.25,65.95],[50.5,65.56],[56.0,65.99],[59.0,66.69],[60.25,67.23],[61.3,68.0],[61.32,68.75],[61.7,69.0],[64.72,69.5],[67.5,70.76],[70.5,70.81],[71.75,70.3],[71.91,70.0],[71.0,69.22],[68.75,68.63],[68.25,68.23],[67.0,68.3],[66.5,67.98],[65.5,68.19],[64.25,67.96],[60.26,66.25],[57.0,65.56],[54.75,64.37],[53.97,63.5],[53.62,62.5],[53.51,60.75],[52.83,59.25],[52.73,58.0],[52.0,57.09],[51.5,57.15],[50.75,57.8],[47.0,57.9],[43.75,57.62],[34.75,58.56],[33.99,58.25],[33.5,57.56],[32.75,57.06],[31.0,56.38],[29.0,56.14],[26.75,56.22]]}},{"type":"Feature","properties":{"level":1004},"geometry":{"type":"LineString","coordinates":[[-140.0,59.12],[-140.54,59.5],[-140.0,59.62],[-139.38,59.25],[-140.0,59.12]]}},{"type":"Feature","properties":{"level":1004},"geometry":{"type":"LineString","coordinates":[[-152.75,59.71],[-151.77,61.0],[-150.12,61.25],[-150.1,61.0],[-151.47,60.25],[-151.93,59.75],[-152.75,59.71]]}},{"type":"Feature","properties":{"level":1004},"geometry":{"type":"LineString","coordinates":[[-147.01,63.25],[-146.75,63.06],[-145.7,63.25],[-146.5,63.52],[-147.01,63.25]]}},{"type":"Feature","properties":{"level":1004},"geometry":{"type":"LineString","coordinates":[[-145.75,67.16],[-145.32,67.5],[-144.64,67.5],[-144.75,67.19],[-145.75,67.16]]}},{"type":"Feature","properties":{"level":1004},"geometry":{"type":"LineString","coordinates":[[-155.94,67.5],[-155.5,67.27],[-154.53,67.5],[-155.75,67.67],[-155.94,67.5]]}},{"type":"Feature","properties":{"level":1004},"geometry":{"type":"LineString","coordinates":[[-180.0,75.84],[-174.25,76.41],[-169.25,76.34],[-164.03,75.75],[-152.25,73.69],[-148.0,73.38],[-144.5,73.74],[-143.25,74.26],[-140.5,74.91],[-140.44,75.25],[-139.75,75.78],[-138.0,75.95],[-135.75,75.79],[-134.0,75.4],[-133.39,75.0],[-133.67,73.5],[-132.59,70.5],[-132.92,68.75],[-133.34,68.5],[-133.04,68.25],[-133.51,67.5],[-133.18,66.75],[-133.75,66.32],[-134.5,66.25],[-135.38,66.5],[-135.92,67.25],[-135.8,67.75],[-136.75,68.21],[-139.25,68.57],[-140.5,69.03],[-141.19,69.0],[-142.0,68.5],[-142.44,68.75],[-142.12,69.0],[-142.5,69.15],[-144.0,68.97],[-144.5,69.19],[-146.0,69.23],[-147.17,69.0],[-147.36,68.5],[-153.3,67.75],[-150.99,67.25],[-150.2,66.75],[-150.84,66.25],[-150.53,66.0],[-151.0,65.76],[-150.75,65.54],[-149.63,65.75],[-150.02,66.25],[-148.75,66.95],[-147.75,66.8],[-147.03,67.0],[-147.14,66.5],[-146.75,66.39],[-144.0,66.96],[-141.25,67.18],[-139.89,67.0],[-139.51,66.5],[-137.94,66.0],[-138.72,65.5],[-138.1,64.25],[-138.75,63.75],[-138.98,63.25],[-138.25,62.71],[-136.5,62.51],[-136.65,62.25],[-135.5,61.33],[-134.86,61.25],[-136.0,61.13],[-137.0,61.49],[-137.5,61.22],[-138.25,61.39],[-140.5,61.09],[-142.5,62.1],[-143.5,62.33],[-144.0,62.11],[-144.25,62.37],[-144.65,61.75],[-146.15,61.25],[-146.05,60.75],[-144.25,59.75],[-144.48,59.5],[-146.75,58.99],[-149.0,59.07],[-150.31,59.25],[-150.31,59.5],[-148.25,60.05],[-147.99,60.25],[-147.97,60.75],[-147.55,61.0],[-146.37,61.0],[-146.75,61.54],[-147.0,61.37],[-147.63,61.5],[-148.73,62.5],[-148.56,63.0],[-149.0,63.2],[-149.06,63.5],[-151.25,63.18],[-153.12,62.25],[-153.0,61.81],[-152.57,61.75],[-153.0,61.65],[-152.86,61.25],[-153.5,60.68],[-154.25,60.79],[-154.75,60.58],[-158.0,57.99],[-161.23,56.5],[-163.36,55.0],[-164.48,54.75],[-166.5,53.54],[-167.0,53.82],[-167.75,53.18],[-169.25,53.18],[-174.0,52.02],[-180.0,51.62]]}},{"type":"Feature","properties":{"level":1004},"geometry":{"type":"LineString","coordinates":[[-72.75,76.75],[-72.5,77.07],[-71.72,77.0],[-72.75,76.75]]}},{"type":"Feature","properties":{"level":1004},"geometry":{"type":"LineString","coordinates":[[14.25,78.21],[14.47,78.25],[14.25,78.21]]}},{"type":"Feature","properties":{"level":1004},"geometry":{"type":"LineString","coordinates":[[14.75,78.37],[14.66,78.5],[14.97,78.5],[14.75,78.37]]}},{"type":"Feature","properties":{"level":1004},"geometry":{"type":"LineString","coordinates":[[16.0,78.34],[15.86,78.5],[16.58,78.5],[16.0,78.34]]}},{"type":"Feature","properties":{"level":1008},"geometry":{"type":"LineString","coordinates":[[180.0,-88.42],[170.41,-88.0],[172.41,-87.5],[162.89,-87.0],[161.93,-86.75],[161.5,-86.24],[154.33,-85.75],[153.43,-85.25],[150.53,-84.75],[150.13,-84.5],[150.47,-84.25],[150.36,-84.0],[148.47,-83.5],[148.62,-82.75],[145.98,-82.0],[145.95,-81.75],[146.59,-81.5],[146.12,-81.25],[146.19,-81.0],[147.02,-80.25],[149.57,-79.25],[149.5,-78.5],[150.5,-77.75],[150.39,-77.5],[150.75,-77.17],[148.56,-76.25],[148.6,-75.75],[147.75,-75.32],[146.91,-74.5],[143.5,-73.94],[142.97,-73.5],[141.75,-73.28],[141.5,-72.81],[140.0,-72.98],[139.82,-72.5],[139.42,-72.25],[139.93,-71.75],[139.75,-71.63],[138.15,-71.0],[138.25,-70.74],[136.75,-70.72],[135.0,-69.84],[133.5,-70.33],[131.25,-70.35],[127.75,-69.5],[116.0,-70.33],[112.0,-69.95],[109.75,-69.99],[106.5,-69.47],[101.0,-69.48],[97.25,-69.07],[95.0,-69.67],[91.75,-70.1],[85.75,-70.48],[83.25,-71.13],[80.04,-72.25],[78.5,-73.18],[77.97,-75.0],[77.5,-75.43],[76.5,-75.82],[74.5,-75.98],[69.5,-75.95],[63.0,-75.41],[61.74,-75.0],[61.77,-74.5],[61.0,-74.16],[57.25,-73.71],[54.25,-73.75],[54.03,-74.0],[54.5,-74.61],[54.89,-74.75],[54.82,-75.0],[50.5,-75.58],[47.0,-75.25],[39.5,-73.93],[36.75,-74.03],[27.75,-73.25],[26.25,-72.89],[24.75,-73.15],[18.75,-73.44],[16.5,-73.96],[15.53,-74.5],[15.54,-75.25],[16.28,-76.5],[19.25,-77.6],[29.5,-79.75],[30.28,-80.5],[31.74,-81.25],[31.94,-81.75],[29.72,-82.25],[20.61,-82.75],[6.0,-84.22],[-11.5,-86.77],[-28.5,-87.38],[-53.75,-87.25],[-74.25,-87.56],[-89.64,-87.5],[-98.75,-87.22],[-108.28,-87.75],[-123.75,-87.53],[-151.75,-87.72],[-154.89,-87.75],[-152.0,-87.87],[-150.95,-88.25],[-165.75,-88.56],[-180.0,-88.42]]}},{"type":"Feature","properties":{"level":1008},"geometry":{"type":"LineString","coordinates":[[-180.0,-87.77],[-165.04,-87.5],[-172.25,-87.19],[-175.0,-87.42],[-180.0,-87.4]]}},{"type":"Feature","properties":{"level":1008},"geometry":{"type":"LineString","coordinates":[[-161.93,-87.75],[-159.88,-87.75],[-161.93,-87.75]]}},{"type":"Feature","properties":{"level":1008},"geometry":{"type":"LineString","coordinates":[[180.0,-87.4],[175.61,-87.5],[180.0,-87.77]]}},{"type":"Feature","properties":{"level":1008},"geometry":{"type":"LineString","coordinates":[[-118.3,-87.0],[-111.0,-87.16],[-107.75,-87.05],[-106.13,-86.75],[-114.0,-86.59],[-118.3,-87.0]]}},{"type":"Feature","properties":{"level":1008},"geometry":{"type":"LineString","coordinates":[[-117.04,-86.0],[-115.75,-86.16],[-114.94,-86.0],[-117.04,-86.0]]}},{"type":"Feature","properties":{"level":1008},"geometry":{"type":"LineString","coordinates":[[160.17,-73.75],[161.0,-73.95],[161.32,-73.75],[160.17,-73.75]]}},{"type":"Feature","properties":{"level":1008},"geometry":{"type":"LineString","coordinates":[[156.51,-73.25],[157.0,-73.44],[158.6,-73.25],[156.51,-73.25]]}},{"type":"Feature","properties":{"level":1008},"geometry":{"type":"LineString","coordinates":[[135.75,-71.51],[134.99,-71.25],[136.25,-70.93],[136.34,-71.5],[135.75,-71.51]]}},{"type":"Feature","properties":{"level":1008},"geometry":{"type":"LineString","coordinates":[[-60.66,-64.0],[-60.43,-64.0],[-60.66,-64.0]]}},{"type":"Feature","properties":{"level":1008},"geometry":{"type":"LineString","coordinates":[[-180.0,-54.46],[-175.25,-55.07],[-169.25,-55.3],[-161.25,-54.67],[-156.75,-53.53],[-155.24,-52.75],[-154.06,-51.75],[-151.62,-48.25],[-149.29,-45.75],[-146.82,-44.0],[-145.58,-42.75],[-142.0,-40.59],[-135.75,-38.28],[-131.75,-37.69],[-131.5,-37.46],[-129.5,-37.76],[-127.5,-37.67],[-117.5,-39.15],[-111.25,-40.5],[-106.0,-41.92],[-101.0,-44.32],[-98.5,-45.05],[-96.75,-44.83],[-92.25,-42.4],[-89.25,-41.52],[-86.0,-41.25],[-81.25,-41.78],[-79.14,-43.25],[-78.79,-46.5],[-79.1,-48.0],[-82.48,-53.75],[-82.25,-55.16],[-81.5,-56.11],[-79.25,-57.79],[-76.25,-58.98],[-61.74,-63.0],[-60.75,-63.59],[-59.5,-63.39],[-59.0,-63.54],[-58.81,-63.25],[-57.75,-63.01],[-53.75,-62.58],[-52.25,-62.17],[-48.25,-60.2],[-38.5,-54.62],[-36.75,-54.71],[-36.58,-54.5],[-37.42,-54.0],[-37.25,-53.58],[-33.87,-51.75],[-21.39,-47.5],[-20.0,-46.81],[-18.94,-46.0],[-17.43,-43.75],[-15.0,-38.05],[-14.33,-37.0],[-13.85,-35.5],[-13.4,-34.75],[-12.91,-34.5],[-12.48,-33.75],[-12.57,-33.25],[-12.25,-33.09],[-10.5,-33.43],[-6.0,-35.65],[-4.93,-36.5],[-4.69,-37.25],[-3.5,-38.25],[-2.8,-39.5],[-1.25,-40.73],[-0.25,-42.52],[0.5,-42.47],[0.75,-43.28],[2.5,-43.79],[3.0,-44.25],[4.0,-44.54],[6.0,-45.75],[8.11,-48.25],[7.75,-50.0],[7.95,-50.75],[9.75,-52.55],[13.0,-54.63],[15.5,-55.83],[17.4,-57.5],[19.09,-58.5],[21.25,-59.27],[23.0,-59.61],[25.75,-59.67],[28.25,-59.25],[37.25,-55.61],[40.5,-54.56],[54.0,-51.88],[68.46,-50.5],[71.64,-50.0],[76.25,-48.89],[79.25,-48.5],[86.0,-48.56],[97.5,-49.15],[102.5,-48.88],[113.25,-46.7],[119.5,-46.27],[122.0,-45.45],[125.75,-43.18],[126.75,-42.82],[131.75,-43.11],[133.75,-44.07],[134.49,-43.5],[134.01,-42.75],[133.5,-42.71],[132.94,-42.0],[133.0,-41.75],[134.5,-42.41],[134.76,-43.0],[134.55,-43.75],[135.5,-44.3],[139.5,-44.97],[141.0,-45.48],[142.25,-45.38],[143.0,-45.92],[148.5,-47.33],[157.0,-50.05],[180.0,-54.46]]}},{"type":"Feature","properties":{"level":1008},"geometry":{"type":"LineString","coordinates":[[-44.5,-31.08],[-45.25,-30.59],[-45.84,-29.75],[-45.75,-29.24],[-45.0,-28.62],[-44.5,-28.6],[-43.42,-30.25],[-44.15,-31.0],[-44.5,-31.08]]}},{"type":"Feature","properties":{"level":1008},"geometry":{"type":"LineString","coordinates":[[122.25,-28.53],[120.5,-27.77],[119.65,-26.5],[119.65,-25.75],[120.25,-24.98],[123.0,-25.14],[125.26,-26.0],[125.28,-26.75],[124.64,-27.75],[124.0,-27.92],[122.75,-27.75],[122.25,-28.53]]}},{"type":"Feature","properties":{"level":1008},"geometry":{"type":"LineString","coordinates":[[-66.5,-26.09],[-66.69,-25.5],[-66.09,-24.5],[-66.46,-23.75],[-66.3,-22.75],[-66.54,-22.0],[-66.05,-21.5],[-65.93,-21.0],[-66.31,-20.0],[-65.59,-19.75],[-65.92,-19.5],[-66.57,-17.75],[-66.57,-17.5],[-66.25,-17.35],[-64.89,-18.0],[-64.74,-18.5],[-64.99,-19.0],[-64.69,-19.5],[-65.2,-22.5],[-64.98,-23.25],[-65.74,-24.0],[-66.0,-25.4],[-66.5,-26.09]]}},{"type":"Feature","properties":{"level":1008},"geometry":{"type":"LineString","coordinates":[[-48.25,-25.29],[-48.41,-25.25],[-48.1,-25.25],[-48.25,-25.29]]}},{"type":"Feature","properties":{"level":1008},"geometry":{"type":"LineString","coordinates":[[-46.75,-24.63],[-46.93,-24.5],[-46.75,-24.23],[-46.75,-24.63]]}},{"type":"Feature","properties":{"level":1008},"geometry":{"type":"LineString","coordinates":[[-46.75,-20.76],[-47.5,-20.41],[-48.5,-20.5],[-49.0,-19.9],[-49.25,-20.09],[-50.0,-20.05],[-50.0,-19.62],[-51.5,-19.54],[-51.95,-19.25],[-52.0,-18.64],[-52.73,-18.25],[-52.37,-18.0],[-52.55,-17.5],[-53.0,-17.15],[-53.21,-17.5],[-52.92,-18.0],[-53.25,-17.85],[-53.82,-18.5],[-54.07,-17.25],[-54.75,-16.72],[-55.09,-17.25],[-55.23,-15.75],[-55.5,-15.69],[-55.75,-16.39],[-56.5,-15.17],[-57.25,-15.08],[-57.19,-14.25],[-57.5,-14.04],[-59.0,-13.8],[-59.75,-13.33],[-60.0,-13.83],[-60.75,-13.6],[-61.75,-12.41],[-63.5,-12.82],[-63.75,-12.06],[-64.25,-12.97],[-64.5,-12.41],[-65.84,-12.25],[-66.28,-11.75],[-66.09,-11.25],[-67.14,-10.75],[-67.0,-9.68],[-67.55,-9.5],[-67.5,-9.23],[-67.0,-9.0],[-66.99,-8.5],[-67.5,-8.2],[-68.0,-8.35],[-68.56,-8.0],[-68.38,-7.75],[-68.37,-6.5],[-68.68,-6.0],[-68.0,-5.25],[-68.68,-5.25],[-68.61,-5.0],[-69.0,-4.48],[-70.63,-4.75],[-71.0,-5.17],[-71.94,-5.5],[-72.25,-5.96],[-73.0,-6.19],[-72.81,-7.0],[-72.5,-7.25],[-72.69,-8.0],[-72.43,-9.0],[-73.06,-9.25],[-72.96,-11.0],[-73.25,-11.41],[-73.61,-11.25],[-74.07,-10.5],[-74.5,-9.18],[-74.89,-9.25],[-74.64,-10.0],[-74.75,-10.52],[-75.25,-10.26],[-75.6,-8.25],[-76.1,-7.25],[-75.51,-7.0],[-76.0,-6.65],[-76.5,-7.5],[-76.81,-7.25],[-76.36,-6.25],[-76.56,-5.5],[-76.05,-4.75],[-76.62,-3.75],[-76.43,-3.5],[-76.25,-3.4],[-75.75,-3.88],[-75.0,-3.78],[-74.75,-4.05],[-74.54,-4.0],[-74.75,-3.67],[-75.0,-3.7],[-75.0,-3.08],[-74.25,-3.15],[-73.25,-4.28],[-73.0,-4.91],[-72.88,-4.5],[-72.5,-4.32],[-71.0,-4.29],[-69.75,-3.82],[-69.25,-3.35],[-69.08,-3.5],[-69.26,-3.75],[-69.0,-3.83],[-68.25,-4.03],[-67.81,-3.75],[-68.08,-3.25],[-68.5,-2.96],[-68.75,-3.12],[-69.03,-2.75],[-67.89,-2.25],[-68.0,-2.0],[-68.48,-2.0],[-68.23,-1.75],[-68.18,-0.5],[-67.83,-0.25],[-68.5,-0.21],[-69.05,0.25],[-68.83,0.75],[-68.31,1.0],[-68.48,1.25],[-68.75,1.11],[-69.73,1.5],[-69.82,2.0],[-70.25,1.93],[-70.89,2.5],[-71.14,3.0],[-70.74,3.25],[-70.57,3.75],[-70.75,4.06],[-71.35,3.75],[-72.0,3.81],[-72.5,3.37],[-72.77,3.5],[-72.68,4.0],[-72.97,4.25],[-71.61,6.25],[-71.45,6.75],[-71.74,7.0],[-71.25,7.04],[-71.0,6.34],[-70.25,5.99],[-69.75,7.36],[-69.25,7.21],[-67.75,7.44],[-67.28,7.75],[-67.0,8.51],[-66.0,8.33],[-65.25,8.66],[-64.75,8.36],[-62.35,8.75],[-62.5,9.26],[-62.09,9.0],[-62.62,8.0],[-61.72,7.75],[-61.07,6.25],[-62.0,6.19],[-62.5,6.93],[-62.69,6.5],[-62.49,6.25],[-62.81,5.75],[-62.25,5.07],[-61.75,5.34],[-61.12,5.0],[-61.25,4.67],[-60.0,4.74],[-59.5,4.41],[-58.88,5.25],[-58.83,5.75],[-59.19,6.0],[-59.0,6.06],[-58.5,5.84],[-57.75,6.04],[-56.25,5.67],[-54.75,5.91],[-53.25,5.36],[-51.89,4.0],[-51.98,3.25],[-51.53,2.25],[-50.63,1.25],[-51.23,0.0],[-51.14,-0.25],[-49.0,-1.02],[-48.75,-1.53],[-48.5,-1.54],[-48.25,-0.91],[-46.0,-1.75],[-45.25,-3.22],[-43.75,-2.66],[-42.75,-3.05],[-40.62,-3.0],[-39.95,-3.5],[-39.95,-4.5],[-40.27,-5.0],[-40.0,-6.09],[-39.5,-5.58],[-38.95,-5.5],[-38.94,-5.0],[-39.18,-4.75],[-38.75,-4.63],[-38.12,-5.0],[-37.69,-5.5],[-38.56,-5.75],[-38.9,-6.5],[-38.7,-7.0],[-38.84,-7.25],[-38.5,-7.48],[-38.25,-7.38],[-38.0,-6.86],[-37.75,-6.9],[-37.7,-7.25],[-39.0,-7.77],[-39.5,-7.05],[-40.5,-7.47],[-40.69,-8.25],[-42.25,-9.23],[-42.75,-10.0],[-42.5,-10.61],[-42.0,-9.92],[-41.45,-10.0],[-42.36,-12.0],[-42.03,-13.0],[-42.25,-13.58],[-42.64,-13.75],[-42.6,-15.0],[-42.13,-15.75],[-42.17,-16.5],[-41.75,-16.5],[-41.89,-17.0],[-43.5,-18.04],[-43.75,-17.56],[-43.99,-18.25],[-43.75,-19.62],[-44.5,-19.89],[-44.75,-20.34],[-45.0,-20.42],[-45.25,-20.18],[-46.0,-20.74],[-46.38,-20.25],[-46.07,-19.25],[-46.25,-18.96],[-46.53,-19.25],[-46.36,-19.5],[-46.5,-19.68],[-47.25,-19.64],[-46.65,-20.5],[-46.75,-20.76]]}},{"type":"Feature","properties":{"level":1008},"geometry":{"type":"LineString","coordinates":[[-68.25,-19.8],[-68.67,-18.5],[-68.25,-18.38],[-67.99,-19.5],[-68.25,-19.8]]}},{"type":"Feature","properties":{"level":1008},"geometry":{"type":"LineString","coordinates":[[-60.33,-12.5],[-60.13,-12.5],[-60.33,-12.5]]}},{"type":"Feature","properties":{"level":1008},"geometry":{"type":"LineString","coordinates":[[-73.0,-12.02],[-73.23,-11.75],[-73.0,-11.61],[-72.74,-11.75],[-73.0,-12.02]]}},{"type":"Feature","properties":{"level":1008},"geometry":{"type":"LineString","coordinates":[[-64.84,-12.0],[-64.75,-12.18],[-64.63,-12.0],[-64.75,-11.85],[-64.84,-12.0]]}},{"type":"Feature","properties":{"level":1008},"geometry":{"type":"LineString","coordinates":[[-63.83,-11.75],[-63.75,-11.92],[-63.83,-11.75]]}},{"type":"Feature","properties":{"level":1008},"geometry":{"type":"LineString","coordinates":[[28.5,-11.12],[28.04,-10.0],[28.5,-9.19],[28.75,-9.39],[28.97,-10.75],[28.5,-11.12]]}},{"type":"Feature","properties":{"level":1008},"geometry":{"type":"LineString","coordinates":[[27.5,-10.78],[26.5,-10.42],[26.48,-10.0],[27.0,-9.46],[27.54,-10.0],[27.5,-10.78]]}},{"type":"Feature","properties":{"level":1008},"geometry":{"type":"LineString","coordinates":[[-71.75,-9.86],[-71.5,-9.05],[-71.22,-9.25],[-71.25,-9.69],[-71.75,-9.86]]}},{"type":"Feature","properties":{"level":1008},"geometry":{"type":"LineString","coordinates":[[-74.08,-9.25],[-73.59,-9.25],[-73.8,-8.25],[-73.5,-8.34],[-73.36,-8.0],[-73.79,-7.5],[-73.88,-7.0],[-73.5,-6.74],[-73.51,-6.25],[-73.09,-6.0],[-73.75,-5.38],[-74.5,-5.35],[-74.7,-5.5],[-73.9,-6.0],[-74.25,-6.45],[-74.83,-5.5],[-75.75,-4.75],[-76.19,-5.25],[-75.47,-6.0],[-75.14,-7.0],[-75.35,-7.5],[-75.01,-7.75],[-75.01,-8.25],[-74.08,-9.25]]}},{"type":"Feature","properties":{"level":1008},"geometry":{"type":"LineString","coordinates":[[30.75,-8.55],[30.54,-8.5],[30.72,-8.25],[29.75,-6.6],[30.63,-7.0],[30.79,-8.25],[31.03,-8.5],[30.75,-8.55]]}},{"type":"Feature","properties":{"level":1008},"geometry":{"type":"LineString","coordinates":[[-39.75,-8.25],[-40.45,-8.0],[-40.25,-7.75],[-39.75,-7.91],[-39.75,-8.25]]}},{"type":"Feature","properties":{"level":1008},"geometry":{"type":"LineString","coordinates":[[32.0,-7.92],[31.07,-7.0],[31.25,-6.83],[31.81,-7.25],[32.0,-7.92]]}},{"type":"Feature","properties":{"level":1008},"geometry":{"type":"LineString","coordinates":[[-70.5,-5.55],[-70.67,-5.5],[-70.25,-5.17],[-70.5,-5.55]]}},{"type":"Feature","properties":{"level":1008},"geometry":{"type":"LineString","coordinates":[[-69.25,-5.59],[-69.25,-5.21],[-68.84,-5.25],[-69.25,-5.59]]}},{"type":"Feature","properties":{"level":1008},"geometry":{"type":"LineString","coordinates":[[-72.84,-5.25],[-72.64,-5.25],[-72.75,-4.95],[-72.84,-5.25]]}},{"type":"Feature","properties":{"level":1008},"geometry":{"type":"LineString","coordinates":[[-66.92,-4.25],[-66.73,-4.25],[-66.92,-4.25]]}},{"type":"Feature","properties":{"level":1008},"geometry":{"type":"LineString","coordinates":[[-67.4,-4.0],[-67.2,-4.0],[-67.4,-4.0]]}},{"type":"Feature","properties":{"level":1008},"geometry":{"type":"LineString","coordinates":[[-40.58,-3.5],[-40.3,-3.5],[-40.58,-3.5]]}},{"type":"Feature","properties":{"level":1008},"geometry":{"type":"LineString","coordinates":[[-69.75,-1.31],[-70.02,-1.0],[-69.75,-0.64],[-69.36,-1.0],[-69.75,-1.31]]}},{"type":"Feature","properties":{"level":1008},"geometry":{"type":"LineString","coordinates":[[36.25,1.17],[35.92,2.0],[35.75,2.21],[35.5,1.97],[35.11,2.75],[35.15,3.75],[34.75,3.49],[34.57,4.0],[34.0,4.51],[33.5,4.58],[33.27,4.25],[33.46,4.0],[33.25,3.92],[33.0,4.19],[32.5,4.09],[32.59,3.5],[32.39,3.25],[31.75,3.46],[31.5,3.32],[31.5,3.63],[31.77,3.75],[31.24,4.0],[30.75,4.82],[30.08,5.0],[30.0,5.47],[29.75,5.54],[29.7,5.25],[29.25,5.09],[28.75,5.61],[27.94,5.5],[27.75,6.48],[27.25,6.61],[27.04,7.0],[27.72,7.5],[27.57,8.0],[27.21,8.25],[27.25,8.86],[26.25,8.94],[25.95,9.25],[26.23,9.5],[25.0,10.33],[24.25,9.99],[24.25,10.33],[23.75,10.28],[23.0,10.03],[22.75,9.59],[22.25,9.88],[22.0,9.76],[21.48,10.25],[21.5,10.88],[20.75,10.84],[20.75,11.24],[21.03,11.25],[20.75,11.75],[19.25,12.26],[18.5,11.81],[17.86,10.75],[17.91,9.75],[17.5,9.1],[16.5,8.88],[15.25,9.23],[14.5,8.73],[14.0,8.96],[13.0,8.73],[11.75,9.35],[11.62,9.5],[11.89,9.75],[11.16,10.25],[11.0,10.83],[10.5,10.63],[10.25,11.07],[8.57,11.75],[7.87,12.75],[7.5,12.91],[7.0,12.36],[5.0,12.92],[4.0,12.27],[3.75,12.37],[3.34,11.75],[2.5,12.1],[1.75,11.36],[1.42,11.75],[2.15,12.75],[2.03,13.25],[1.42,13.75],[1.0,13.7],[-0.5,12.64],[-0.75,13.49],[-1.0,13.4],[-1.32,13.75],[-1.25,13.91],[-0.5,13.62],[-0.36,13.75],[-0.75,14.12],[-1.25,14.08],[-2.0,13.42],[-2.5,13.69],[-3.5,13.57],[-3.62,13.75],[-2.75,14.96],[-2.5,15.12],[-2.25,14.82],[-2.05,15.0],[-2.78,16.0],[-2.5,15.98],[-2.25,16.74],[-1.89,16.5],[-1.96,16.0],[-1.75,15.72],[-1.25,16.42],[-0.74,16.5],[-0.93,17.0],[0.5,17.94],[1.0,16.95],[1.75,16.92],[2.5,17.34],[2.75,16.69],[3.75,16.95],[3.75,16.22],[4.45,16.25],[5.0,16.76],[5.5,16.63],[5.64,16.5],[5.32,16.25],[5.43,16.0],[5.04,15.75],[4.99,15.25],[5.5,14.7],[5.5,14.19],[5.75,14.13],[6.5,14.77],[7.0,14.49],[9.25,14.17],[10.25,14.33],[10.75,14.84],[14.0,15.55],[15.4,16.5],[15.53,17.0],[18.0,17.2],[18.75,17.04],[19.25,16.6],[22.0,16.58],[22.09,16.0],[21.7,15.25],[21.6,14.25],[22.25,13.73],[23.5,14.5],[23.81,13.75],[23.58,13.25],[23.77,13.0],[23.38,12.5],[23.5,12.08],[24.79,12.75],[24.75,13.93],[25.46,14.0],[27.0,14.92],[27.84,15.0],[28.25,17.23],[29.26,18.0],[29.17,18.5],[29.47,19.25],[30.5,20.38],[31.25,20.62],[32.25,20.57],[32.89,21.5],[33.02,22.5],[33.5,22.77],[34.09,22.25],[33.66,22.0],[33.75,21.33],[34.25,20.84],[34.37,20.25],[35.5,19.18],[36.11,17.75],[36.75,17.6],[37.5,17.95],[37.75,17.81],[37.68,17.25],[37.5,17.09],[37.0,17.43],[36.86,17.0],[37.5,16.71],[38.0,15.58],[38.25,15.5],[37.0,14.79],[37.33,14.5],[36.8,14.0],[36.67,13.5],[36.0,13.03],[35.64,13.75],[35.25,13.78],[35.6,13.0],[34.74,13.0],[34.5,12.3],[34.25,12.53],[33.75,12.06],[33.5,12.34],[33.12,12.25],[33.19,11.75],[34.0,10.56],[33.85,9.5],[34.02,9.0],[33.75,8.43],[33.25,8.28],[32.96,7.75],[33.09,6.75],[34.0,5.83],[34.25,5.97],[34.75,5.26],[35.46,5.0],[35.11,4.75],[35.5,3.68],[35.88,4.25],[35.59,4.5],[35.55,5.25],[35.75,5.46],[36.15,5.25],[36.34,3.5],[36.76,2.75],[36.52,2.5],[36.56,1.75],[36.25,1.17]]}},{"type":"Feature","properties":{"level":1008},"geometry":{"type":"LineString","coordinates":[[-75.0,1.4],[-75.06,1.75],[-74.25,3.08],[-73.6,2.25],[-73.71,2.0],[-74.16,1.5],[-74.5,1.66],[-74.75,1.33],[-75.0,1.4]]}},{"type":"Feature","properties":{"level":1008},"geometry":{"type":"LineString","coordinates":[[-71.5,2.21],[-71.75,2.59],[-71.25,2.5],[-71.09,2.25],[-71.5,2.21]]}},{"type":"Feature","properties":{"level":1008},"geometry":{"type":"LineString","coordinates":[[-75.0,3.73],[-75.0,4.1],[-75.0,3.73]]}},{"type":"Feature","properties":{"level":1008},"geometry":{"type":"LineString","coordinates":[[-68.81,3.75],[-68.75,3.56],[-68.81,3.75]]}},{"type":"Feature","properties":{"level":1008},"geometry":{"type":"LineString","coordinates":[[-67.34,4.25],[-66.65,4.5],[-66.75,5.18],[-67.59,5.0],[-67.24,4.75],[-67.44,4.5],[-67.34,4.25]]}},{"type":"Feature","properties":{"level":1008},"geometry":{"type":"LineString","coordinates":[[-68.64,4.5],[-68.41,4.5],[-68.64,4.5]]}},{"type":"Feature","properties":{"level":1008},"geometry":{"type":"LineString","coordinates":[[-69.18,4.75],[-68.74,4.75],[-69.5,5.95],[-69.71,5.5],[-69.5,4.85],[-69.18,4.75]]}},{"type":"Feature","properties":{"level":1008},"geometry":{"type":"LineString","coordinates":[[-74.75,4.84],[-74.89,6.0],[-74.59,6.75],[-75.54,7.75],[-75.63,8.25],[-75.02,9.25],[-74.83,10.0],[-75.05,10.25],[-74.5,10.72],[-74.24,10.5],[-74.65,10.0],[-74.5,9.66],[-74.25,9.68],[-74.17,10.0],[-73.5,9.97],[-73.68,8.25],[-73.4,7.25],[-74.58,5.5],[-74.75,4.84]]}},{"type":"Feature","properties":{"level":1008},"geometry":{"type":"LineString","coordinates":[[-65.06,5.0],[-64.87,5.0],[-64.97,6.25],[-65.5,6.87],[-65.47,5.5],[-65.06,5.0]]}},{"type":"Feature","properties":{"level":1008},"geometry":{"type":"LineString","coordinates":[[125.75,5.68],[125.75,6.55],[126.25,6.56],[126.67,7.25],[126.63,8.0],[126.9,8.75],[126.37,9.25],[126.25,9.77],[126.0,9.94],[125.75,9.79],[125.72,10.25],[125.25,10.65],[125.21,11.0],[125.65,11.25],[125.25,12.5],[124.5,12.52],[124.32,12.25],[124.8,11.75],[124.75,11.47],[124.5,11.74],[124.3,11.5],[124.57,10.75],[124.5,10.08],[124.0,10.11],[124.2,10.75],[124.0,11.13],[123.67,10.75],[123.13,11.5],[122.08,12.0],[122.0,12.58],[121.75,12.41],[121.75,13.13],[122.0,13.05],[122.25,13.52],[122.5,13.29],[122.75,13.72],[124.0,12.61],[124.12,12.75],[123.71,13.5],[123.99,13.75],[123.25,13.93],[122.92,14.25],[122.75,15.14],[123.0,15.35],[123.75,15.29],[124.56,16.0],[125.5,16.2],[128.0,16.26],[129.5,15.65],[129.75,16.0],[130.4,15.75],[130.23,16.0],[131.5,16.97],[131.75,16.78],[131.89,17.0],[131.71,17.25],[132.25,17.28],[135.75,21.15],[137.75,22.16],[141.0,23.21],[144.0,23.17],[147.75,22.03],[148.25,21.63],[149.0,21.76],[150.25,21.18],[151.5,21.8],[152.75,21.75],[155.5,22.83],[157.5,23.3],[162.75,22.97],[165.75,21.75],[166.41,21.0],[170.29,18.25],[170.5,17.69],[171.0,17.82],[171.25,17.56],[172.0,17.85],[172.75,17.64],[173.75,16.96],[174.75,17.42],[175.0,17.3],[175.5,17.79],[176.11,17.75],[176.75,18.6],[178.25,18.69],[178.98,18.25],[178.46,17.75],[177.89,16.5],[176.25,16.15],[176.13,15.5],[175.25,15.16],[173.5,15.0],[172.5,15.58],[171.5,15.53],[171.08,15.75],[171.0,16.34],[170.68,15.5],[170.96,15.0],[170.74,14.25],[169.83,14.0],[169.25,13.25],[169.25,12.65],[166.75,11.79],[165.84,10.75],[164.25,9.5],[162.5,8.53],[161.5,8.29],[159.5,7.9],[158.5,7.93],[158.25,7.69],[157.83,7.75],[157.5,8.14],[157.0,8.15],[156.25,7.4],[155.77,7.75],[155.75,8.07],[155.5,7.65],[154.25,7.72],[153.0,8.0],[151.5,8.84],[150.75,8.48],[150.0,8.53],[149.25,7.82],[148.25,7.93],[147.0,7.22],[144.75,7.4],[144.1,7.75],[143.5,7.74],[143.25,8.13],[142.75,7.67],[142.25,7.63],[140.25,8.63],[138.75,7.81],[137.25,8.27],[136.5,7.91],[136.0,7.31],[135.25,7.66],[134.5,8.43],[133.75,8.69],[133.0,8.4],[132.0,8.61],[131.2,8.25],[131.0,7.71],[130.75,7.78],[130.57,8.25],[130.76,9.0],[130.5,9.24],[129.25,8.85],[128.75,9.01],[128.51,8.75],[128.82,8.25],[128.42,8.0],[129.17,7.25],[128.62,6.25],[127.5,5.85],[127.0,5.98],[126.75,5.72],[125.75,5.68]]}},{"type":"Feature","properties":{"level":1008},"geometry":{"type":"LineString","coordinates":[[-76.75,6.06],[-76.75,6.33],[-76.75,6.06]]}},{"type":"Feature","properties":{"level":1008},"geometry":{"type":"LineString","coordinates":[[-74.27,7.25],[-73.87,8.25],[-74.25,8.49],[-74.66,7.75],[-74.27,7.25]]}},{"type":"Feature","properties":{"level":1008},"geometry":{"type":"LineString","coordinates":[[-65.6,7.25],[-65.28,7.25],[-65.5,7.62],[-65.8,7.5],[-65.6,7.25]]}},{"type":"Feature","properties":{"level":1008},"geometry":{"type":"LineString","coordinates":[[-77.25,7.46],[-77.0,7.8],[-76.93,7.5],[-77.25,7.46]]}},{"type":"Feature","properties":{"level":1008},"geometry":{"type":"LineString","coordinates":[[-63.28,7.5],[-62.9,7.5],[-63.28,7.5]]}},{"type":"Feature","properties":{"level":1008},"geometry":{"type":"LineString","coordinates":[[-71.0,7.52],[-71.18,7.75],[-70.69,8.0],[-70.66,7.75],[-71.0,7.52]]}},{"type":"Feature","properties":{"level":1008},"geometry":{"type":"LineString","coordinates":[[154.14,8.0],[154.25,7.83],[154.38,8.0],[154.25,8.19],[154.14,8.0]]}},{"type":"Feature","properties":{"level":1008},"geometry":{"type":"LineString","coordinates":[[-72.5,8.04],[-73.11,9.0],[-73.0,9.28],[-72.5,9.49],[-71.93,9.25],[-72.5,8.04]]}},{"type":"Feature","properties":{"level":1008},"geometry":{"type":"LineString","coordinates":[[-65.25,8.79],[-65.45,9.0],[-65.28,9.75],[-64.5,9.9],[-64.64,9.25],[-65.0,8.77],[-65.25,8.79]]}},{"type":"Feature","properties":{"level":1008},"geometry":{"type":"LineString","coordinates":[[103.5,8.9],[103.28,9.0],[103.5,9.56],[103.82,9.0],[103.5,8.9]]}},{"type":"Feature","properties":{"level":1008},"geometry":{"type":"LineString","coordinates":[[123.75,9.08],[123.6,9.5],[123.75,10.03],[124.23,9.25],[123.75,9.08]]}},{"type":"Feature","properties":{"level":1008},"geometry":{"type":"LineString","coordinates":[[125.0,9.1],[124.48,9.5],[124.75,10.09],[125.27,9.75],[125.25,9.25],[125.0,9.1]]}},{"type":"Feature","properties":{"level":1008},"geometry":{"type":"LineString","coordinates":[[153.17,9.25],[153.5,9.03],[153.66,9.25],[153.5,9.44],[153.17,9.25]]}},{"type":"Feature","properties":{"level":1008},"geometry":{"type":"LineString","coordinates":[[21.75,9.47],[21.75,9.78],[21.95,9.75],[21.75,9.47]]}},{"type":"Feature","properties":{"level":1008},"geometry":{"type":"LineString","coordinates":[[29.63,9.75],[29.9,9.75],[30.0,10.32],[29.65,10.25],[29.63,9.75]]}},{"type":"Feature","properties":{"level":1008},"geometry":{"type":"LineString","coordinates":[[30.99,10.0],[31.32,10.0],[31.49,11.25],[31.0,11.17],[30.69,11.75],[31.25,11.56],[31.54,12.0],[31.0,12.29],[29.75,12.17],[29.25,11.43],[29.75,10.99],[30.0,11.1],[30.75,10.18],[31.09,10.25],[30.99,10.0]]}},{"type":"Feature","properties":{"level":1008},"geometry":{"type":"LineString","coordinates":[[-103.0,10.99],[-104.5,11.69],[-105.67,12.75],[-105.59,13.25],[-106.18,13.5],[-105.91,13.75],[-105.25,15.95],[-105.47,16.25],[-105.16,16.75],[-105.37,17.75],[-104.75,18.26],[-104.25,18.04],[-104.0,18.26],[-102.0,18.06],[-101.25,17.35],[-99.3,16.75],[-99.98,16.5],[-100.04,16.25],[-99.68,15.75],[-99.77,14.75],[-99.51,13.75],[-99.94,12.75],[-101.0,11.44],[-102.25,10.89],[-103.0,10.99]]}},{"type":"Feature","properties":{"level":1008},"geometry":{"type":"LineString","coordinates":[[20.0,11.2],[20.25,11.55],[20.47,11.25],[20.0,11.2]]}},{"type":"Feature","properties":{"level":1008},"geometry":{"type":"LineString","coordinates":[[102.25,11.42],[102.42,11.5],[102.25,11.42]]}},{"type":"Feature","properties":{"level":1008},"geometry":{"type":"LineString","coordinates":[[-94.0,12.23],[-95.0,12.38],[-95.48,13.25],[-94.33,14.75],[-93.0,15.3],[-92.33,14.25],[-92.18,13.5],[-93.0,12.58],[-94.0,12.23]]}},{"type":"Feature","properties":{"level":1008},"geometry":{"type":"LineString","coordinates":[[123.48,12.25],[123.79,12.25],[123.48,12.25]]}},{"type":"Feature","properties":{"level":1008},"geometry":{"type":"LineString","coordinates":[[3.24,12.5],[3.25,12.89],[3.24,12.5]]}},{"type":"Feature","properties":{"level":1008},"geometry":{"type":"LineString","coordinates":[[122.41,12.5],[122.58,12.5],[122.41,12.5]]}},{"type":"Feature","properties":{"level":1008},"geometry":{"type":"LineString","coordinates":[[41.0,12.64],[40.25,13.69],[40.5,14.42],[41.32,13.5],[41.47,13.0],[41.45,12.75],[41.0,12.64]]}},{"type":"Feature","properties":{"level":1008},"geometry":{"type":"LineString","coordinates":[[3.76,13.0],[4.0,12.8],[4.37,13.25],[4.0,13.39],[3.76,13.0]]}},{"type":"Feature","properties":{"level":1008},"geometry":{"type":"LineString","coordinates":[[124.01,13.75],[124.25,13.55],[124.45,13.75],[124.25,14.1],[124.01,13.75]]}},{"type":"Feature","properties":{"level":1008},"geometry":{"type":"LineString","coordinates":[[-89.25,15.24],[-89.77,15.5],[-90.25,16.13],[-90.5,15.72],[-91.02,16.0],[-90.26,16.25],[-90.34,17.0],[-91.69,17.25],[-92.13,17.75],[-92.0,18.0],[-91.5,17.81],[-91.26,18.0],[-91.46,18.5],[-91.32,19.0],[-90.75,19.43],[-89.82,19.0],[-90.16,17.5],[-89.37,16.75],[-89.52,16.25],[-89.25,16.16],[-88.25,16.83],[-88.35,16.0],[-87.5,15.75],[-88.0,15.2],[-88.0,15.73],[-88.25,15.74],[-88.5,15.44],[-89.25,15.24]]}},{"type":"Feature","properties":{"level":1008},"geometry":{"type":"LineString","coordinates":[[-86.5,15.47],[-86.5,15.86],[-85.5,16.17],[-85.16,16.0],[-85.5,15.62],[-86.5,15.47]]}},{"type":"Feature","properties":{"level":1008},"geometry":{"type":"LineString","coordinates":[[-96.25,15.63],[-95.78,15.75],[-96.0,15.52],[-96.25,15.63]]}},{"type":"Feature","properties":{"level":1008},"geometry":{"type":"LineString","coordinates":[[-87.25,15.74],[-87.45,15.75],[-87.25,15.74]]}},{"type":"Feature","properties":{"level":1008},"geometry":{"type":"LineString","coordinates":[[-95.25,15.81],[-95.5,16.53],[-94.45,16.5],[-94.32,16.25],[-94.5,16.05],[-95.25,15.81]]}},{"type":"Feature","properties":{"level":1008},"geometry":{"type":"LineString","coordinates":[[-98.5,16.45],[-98.72,16.5],[-98.5,16.45]]}},{"type":"Feature","properties":{"level":1008},"geometry":{"type":"LineString","coordinates":[[171.36,16.5],[171.5,16.44],[171.54,16.75],[171.25,17.41],[171.11,16.75],[171.36,16.5]]}},{"type":"Feature","properties":{"level":1008},"geometry":{"type":"LineString","coordinates":[[-104.81,17.0],[-104.75,17.26],[-104.81,17.0]]}},{"type":"Feature","properties":{"level":1008},"geometry":{"type":"LineString","coordinates":[[4.0,16.95],[3.83,17.0],[4.0,17.12],[4.0,16.95]]}},{"type":"Feature","properties":{"level":1008},"geometry":{"type":"LineString","coordinates":[[-89.0,17.19],[-89.0,17.52],[-88.67,17.25],[-89.0,17.19]]}},{"type":"Feature","properties":{"level":1008},"geometry":{"type":"LineString","coordinates":[[4.25,17.14],[4.13,17.25],[4.55,17.25],[4.25,17.14]]}},{"type":"Feature","properties":{"level":1008},"geometry":{"type":"LineString","coordinates":[[119.25,17.14],[119.25,17.29],[119.25,17.14]]}},{"type":"Feature","properties":{"level":1008},"geometry":{"type":"LineString","coordinates":[[-106.0,17.71],[-106.25,18.0],[-106.0,18.35],[-105.7,18.0],[-106.0,17.71]]}},{"type":"Feature","properties":{"level":1008},"geometry":{"type":"LineString","coordinates":[[38.5,17.75],[38.5,18.01],[38.5,17.75]]}},{"type":"Feature","properties":{"level":1008},"geometry":{"type":"LineString","coordinates":[[38.0,18.22],[38.26,18.25],[38.0,18.22]]}},{"type":"Feature","properties":{"level":1008},"geometry":{"type":"LineString","coordinates":[[-92.0,18.38],[-92.15,18.5],[-92.0,18.38]]}},{"type":"Feature","properties":{"level":1008},"geometry":{"type":"LineString","coordinates":[[-103.75,18.54],[-104.07,19.0],[-103.75,18.97],[-103.75,18.54]]}},{"type":"Feature","properties":{"level":1008},"geometry":{"type":"LineString","coordinates":[[-105.25,19.62],[-105.25,19.95],[-105.25,19.62]]}},{"type":"Feature","properties":{"level":1008},"geometry":{"type":"LineString","coordinates":[[-105.25,21.7],[-105.25,21.96],[-105.25,21.7]]}},{"type":"Feature","properties":{"level":1008},"geometry":{"type":"LineString","coordinates":[[-126.25,22.97],[-127.5,23.95],[-127.97,24.75],[-128.18,26.0],[-127.84,27.25],[-126.75,28.26],[-126.0,28.6],[-123.0,28.56],[-122.05,27.75],[-121.55,26.75],[-121.43,25.25],[-121.86,24.25],[-122.75,23.33],[-123.75,22.88],[-125.25,22.77],[-126.25,22.97]]}},{"type":"Feature","properties":{"level":1008},"geometry":{"type":"LineString","coordinates":[[68.0,25.79],[67.2,26.75],[67.58,29.75],[68.22,29.75],[69.0,28.85],[69.75,28.88],[70.52,30.5],[70.5,31.93],[72.25,31.69],[73.25,31.01],[73.75,31.13],[74.02,30.25],[74.5,29.64],[73.0,28.72],[69.75,27.54],[68.75,26.11],[68.0,25.79]]}},{"type":"Feature","properties":{"level":1008},"geometry":{"type":"LineString","coordinates":[[59.25,27.0],[58.39,27.25],[59.0,27.55],[59.76,27.25],[59.25,27.0]]}},{"type":"Feature","properties":{"level":1008},"geometry":{"type":"LineString","coordinates":[[52.0,27.24],[52.0,27.57],[52.58,27.25],[52.0,27.24]]}},{"type":"Feature","properties":{"level":1008},"geometry":{"type":"LineString","coordinates":[[59.0,28.73],[57.25,31.25],[57.5,31.56],[58.5,31.59],[59.24,30.5],[59.75,29.5],[59.75,28.75],[59.25,28.57],[59.0,28.73]]}},{"type":"Feature","properties":{"level":1008},"geometry":{"type":"LineString","coordinates":[[-113.0,29.11],[-114.25,29.66],[-115.0,30.55],[-116.31,33.0],[-116.5,34.0],[-116.0,33.83],[-115.91,34.0],[-116.94,35.0],[-116.75,35.38],[-117.75,35.25],[-118.05,34.75],[-117.89,35.75],[-117.4,36.0],[-118.02,36.25],[-117.88,37.25],[-117.33,37.5],[-117.6,37.75],[-117.5,37.96],[-117.25,37.71],[-117.0,37.87],[-116.75,37.57],[-116.07,37.5],[-116.64,37.25],[-116.25,36.98],[-116.0,37.49],[-115.54,37.5],[-115.44,37.75],[-115.75,38.17],[-115.91,38.0],[-115.59,37.75],[-116.0,37.52],[-116.36,38.25],[-116.25,38.47],[-115.25,38.94],[-114.75,38.58],[-114.5,39.62],[-114.25,39.06],[-113.94,39.75],[-114.5,40.08],[-115.0,39.88],[-115.5,39.58],[-115.75,38.92],[-116.0,39.09],[-115.93,39.5],[-116.28,39.5],[-116.19,39.75],[-116.44,40.0],[-116.25,40.23],[-115.6,39.75],[-114.32,40.75],[-114.5,41.0],[-114.75,40.95],[-115.0,41.56],[-115.25,41.23],[-116.0,41.58],[-117.0,40.83],[-117.82,40.75],[-117.94,40.5],[-117.32,40.0],[-118.19,39.5],[-118.25,38.85],[-118.75,38.98],[-119.0,39.32],[-119.25,39.01],[-119.39,39.25],[-119.16,40.0],[-119.25,40.19],[-119.55,40.0],[-119.39,41.0],[-119.71,41.5],[-119.35,42.0],[-119.75,41.97],[-119.98,42.25],[-119.25,42.69],[-118.75,42.64],[-118.36,43.0],[-118.17,43.25],[-118.75,43.68],[-118.79,44.0],[-118.0,44.95],[-117.75,44.7],[-117.25,45.39],[-116.68,45.5],[-116.44,45.75],[-116.73,46.0],[-116.25,46.12],[-115.75,45.83],[-115.12,46.25],[-115.61,46.5],[-115.43,47.0],[-116.11,47.5],[-116.14,48.0],[-116.75,48.53],[-118.25,48.25],[-118.5,48.0],[-119.06,48.25],[-119.0,48.71],[-118.47,48.75],[-118.68,49.25],[-118.27,50.0],[-118.0,50.12],[-117.75,49.93],[-117.31,50.75],[-117.85,51.5],[-117.78,52.0],[-118.73,52.75],[-118.99,53.25],[-118.25,53.64],[-118.0,53.09],[-116.0,52.4],[-115.5,52.47],[-115.39,52.75],[-115.77,53.25],[-116.58,53.75],[-115.95,54.0],[-115.82,55.75],[-115.0,56.69],[-113.25,57.42],[-111.75,57.41],[-109.75,57.87],[-105.75,57.8],[-101.75,57.32],[-98.48,56.5],[-95.75,55.41],[-94.16,54.5],[-92.77,52.75],[-91.52,49.25],[-91.7,47.25],[-91.6,47.0],[-91.0,46.88],[-90.9,46.5],[-93.0,44.42],[-101.0,39.06],[-102.0,37.79],[-103.25,36.92],[-104.79,37.0],[-105.0,38.0],[-105.47,38.5],[-104.88,38.75],[-105.35,39.5],[-105.5,40.62],[-105.75,40.89],[-106.25,40.7],[-106.75,41.09],[-107.46,40.75],[-107.0,40.61],[-107.0,40.31],[-107.25,40.4],[-107.84,40.0],[-109.5,39.53],[-110.0,39.55],[-111.02,40.25],[-109.21,40.75],[-111.0,40.87],[-111.39,40.5],[-111.28,40.0],[-111.71,39.0],[-112.0,38.75],[-112.25,39.0],[-113.25,37.77],[-113.81,37.75],[-113.5,38.25],[-114.45,38.25],[-114.34,37.75],[-114.8,37.5],[-114.75,37.25],[-114.5,37.43],[-113.23,37.0],[-113.88,36.75],[-113.85,36.25],[-114.39,35.5],[-114.31,35.25],[-114.0,34.67],[-113.37,34.25],[-113.48,33.75],[-112.2,33.5],[-112.89,31.75],[-112.09,30.5],[-112.6,30.25],[-112.61,29.5],[-113.0,29.11]]}},{"type":"Feature","properties":{"level":1008},"geometry":{"type":"LineString","coordinates":[[180.0,29.1],[179.25,27.89],[178.5,27.43],[177.5,27.32],[176.25,27.63],[175.48,28.75],[175.27,29.75],[175.75,31.38],[177.0,32.2],[179.0,32.26],[180.0,31.22]]}},{"type":"Feature","properties":{"level":1008},"geometry":{"type":"LineString","coordinates":[[-180.0,31.22],[-179.71,30.0],[-180.0,29.1]]}},{"type":"Feature","properties":{"level":1008},"geometry":{"type":"LineString","coordinates":[[-112.0,32.95],[-112.0,33.16],[-112.0,32.95]]}},{"type":"Feature","properties":{"level":1008},"geometry":{"type":"LineString","coordinates":[[-110.5,37.74],[-110.53,38.0],[-111.0,38.12],[-111.25,38.5],[-111.25,38.79],[-110.61,38.75],[-110.75,38.97],[-111.0,38.76],[-111.11,39.0],[-110.75,39.74],[-109.75,38.88],[-109.15,39.0],[-109.54,38.25],[-110.0,38.17],[-110.25,38.38],[-110.5,37.74]]}},{"type":"Feature","properties":{"level":1008},"geometry":{"type":"LineString","coordinates":[[-112.75,41.25],[-112.0,41.81],[-111.5,41.66],[-111.0,42.28],[-110.75,41.87],[-110.35,42.0],[-110.1,42.25],[-110.38,42.5],[-110.25,43.07],[-110.0,43.18],[-109.25,42.72],[-109.79,43.5],[-109.34,43.75],[-109.37,44.0],[-110.25,44.33],[-112.25,42.92],[-112.81,42.25],[-112.57,42.0],[-112.75,41.25]]}},{"type":"Feature","properties":{"level":1008},"geometry":{"type":"LineString","coordinates":[[-43.75,42.71],[-44.68,43.5],[-45.5,45.11],[-47.0,45.83],[-49.75,46.37],[-53.0,46.61],[-55.75,47.25],[-58.0,47.06],[-61.72,48.75],[-62.35,50.5],[-62.0,51.25],[-62.05,52.25],[-63.14,53.5],[-63.03,53.75],[-64.0,54.4],[-66.0,54.75],[-68.38,55.75],[-68.57,56.25],[-69.38,56.5],[-70.0,57.36],[-70.9,57.75],[-71.75,58.72],[-73.75,59.58],[-74.75,60.68],[-75.28,62.0],[-75.25,63.1],[-73.5,64.19],[-71.5,64.37],[-70.05,63.75],[-68.0,62.25],[-67.42,62.25],[-67.59,62.0],[-67.06,61.75],[-64.75,61.42],[-63.5,61.82],[-59.86,63.75],[-58.61,65.0],[-57.65,66.5],[-56.74,67.25],[-55.25,67.86],[-53.5,68.04],[-53.2,68.0],[-53.0,67.5],[-52.37,67.0],[-51.0,66.67],[-50.86,66.5],[-51.07,66.25],[-50.75,66.13],[-50.74,65.75],[-49.91,65.5],[-49.25,64.5],[-49.44,63.75],[-48.92,62.5],[-46.5,62.14],[-45.25,61.69],[-44.56,61.25],[-44.0,60.24],[-42.75,60.05],[-37.5,60.61],[-34.88,60.25],[-34.54,59.75],[-34.84,59.25],[-34.95,58.25],[-34.32,57.25],[-34.46,56.75],[-34.04,55.5],[-33.0,54.2],[-32.65,53.5],[-32.69,53.0],[-33.93,51.25],[-36.25,49.31],[-38.27,47.0],[-39.25,45.51],[-40.38,45.0],[-42.76,43.0],[-43.75,42.71]]}},{"type":"Feature","properties":{"level":1008},"geometry":{"type":"LineString","coordinates":[[121.0,48.97],[120.25,49.61],[117.1,49.75],[115.87,51.0],[116.15,52.25],[116.5,52.71],[117.25,53.08],[118.75,53.23],[120.75,53.03],[121.5,52.19],[122.25,52.25],[122.27,52.0],[121.93,51.75],[122.01,50.5],[121.0,48.97]]}},{"type":"Feature","properties":{"level":1008},"geometry":{"type":"LineString","coordinates":[[180.0,50.2],[175.0,49.99],[171.25,50.17],[163.5,51.14],[158.56,52.25],[158.34,53.0],[158.71,53.75],[158.09,54.25],[158.07,54.75],[159.75,56.6],[160.62,58.5],[159.75,58.51],[159.25,58.17],[158.75,58.28],[157.9,60.5],[157.77,61.5],[159.75,62.1],[161.0,62.99],[162.98,63.5],[163.48,65.0],[162.75,65.13],[162.73,64.75],[162.25,64.62],[160.75,65.07],[159.54,65.0],[159.46,65.25],[157.0,66.01],[155.58,66.75],[154.94,67.75],[154.88,68.25],[155.11,69.0],[156.84,71.0],[158.75,72.15],[162.0,73.53],[169.25,75.68],[180.0,77.51]]}},{"type":"Feature","properties":{"level":1008},"geometry":{"type":"LineString","coordinates":[[51.75,51.82],[50.99,52.75],[50.42,53.0],[49.95,54.25],[49.25,54.75],[44.5,55.72],[38.0,56.34],[31.25,54.95],[25.75,55.0],[21.25,55.74],[3.0,57.53],[-3.0,58.53],[-5.17,59.25],[-8.05,60.5],[-11.11,63.25],[-11.79,64.5],[-12.63,67.25],[-12.64,68.75],[-11.72,70.5],[-9.25,72.69],[-7.0,74.05],[0.9,77.5],[1.09,78.0],[0.63,78.5],[-1.0,79.01],[-8.02,80.0],[-12.75,80.58],[-16.35,80.75],[-15.75,80.94],[-16.07,81.25],[-14.73,81.5],[-15.27,81.75],[-18.0,82.08],[-22.75,82.32],[-25.8,82.75],[-26.93,83.25],[-26.75,83.66],[-26.23,83.75],[-26.75,84.0],[-40.5,85.5],[-44.33,86.25],[-45.15,86.75],[-43.75,87.35],[-39.0,87.95],[-23.5,88.66],[5.25,89.04],[43.0,89.0],[65.0,88.68],[79.5,88.08],[87.0,87.23],[89.25,86.56],[90.54,85.75],[90.91,84.5],[90.79,83.5],[89.47,81.25],[88.15,80.0],[86.16,78.5],[82.25,76.41],[74.68,73.5],[74.43,73.0],[75.8,71.25],[76.02,70.25],[75.77,69.5],[74.94,68.75],[71.0,66.41],[70.0,66.05],[64.75,64.71],[61.75,64.25],[61.3,65.0],[60.75,65.03],[59.96,64.75],[59.07,64.0],[55.94,60.5],[54.0,55.29],[52.16,53.0],[51.75,51.82]]}},{"type":"Feature","properties":{"level":1008},"geometry":{"type":"LineString","coordinates":[[-135.37,57.0],[-135.25,56.79],[-135.25,57.22],[-135.37,57.0]]}},{"type":"Feature","properties":{"level":1008},"geometry":{"type":"LineString","coordinates":[[-134.83,58.5],[-134.65,58.5],[-134.83,58.5]]}},{"type":"Feature","properties":{"level":1008},"geometry":{"type":"LineString","coordinates":[[160.58,61.75],[161.0,61.64],[161.8,62.0],[161.0,62.03],[160.58,61.75]]}},{"type":"Feature","properties":{"level":1008},"geometry":{"type":"LineString","coordinates":[[60.5,63.93],[59.97,64.25],[61.27,64.0],[60.5,63.93]]}},{"type":"Feature","properties":{"level":1008},"geometry":{"type":"LineString","coordinates":[[31.5,67.0],[35.25,67.0],[39.75,67.63],[40.5,68.06],[45.25,68.12],[46.0,68.53],[48.75,68.71],[49.54,69.0],[49.49,69.25],[48.25,69.5],[46.54,70.25],[47.75,71.34],[49.64,71.75],[49.85,72.0],[48.5,72.61],[41.25,73.49],[36.25,73.0],[35.48,72.5],[33.09,70.0],[31.77,69.5],[31.48,68.5],[30.71,67.75],[31.5,67.0]]}},{"type":"Feature","properties":{"level":1008},"geometry":{"type":"LineString","coordinates":[[45.25,71.18],[45.75,71.25],[45.25,71.18]]}},{"type":"Feature","properties":{"level":1008},"geometry":{"type":"LineString","coordinates":[[53.74,72.25],[54.55,72.75],[53.75,72.5],[53.74,72.25]]}},{"type":"Feature","properties":{"level":1008},"geometry":{"type":"LineString","coordinates":[[-73.5,76.24],[-75.0,76.6],[-75.48,77.25],[-74.25,77.71],[-72.25,78.04],[-70.0,77.52],[-69.38,77.25],[-69.3,77.0],[-69.84,76.5],[-70.75,76.3],[-73.5,76.24]]}},{"type":"Feature","properties":{"level":1008},"geometry":{"type":"LineString","coordinates":[[-180.0,77.51],[-171.25,77.98],[-156.75,77.5],[-144.75,78.01],[-136.25,78.04],[-130.75,77.74],[-127.0,77.25],[-124.75,76.65],[-124.15,76.25],[-123.98,75.75],[-126.18,73.0],[-126.82,71.75],[-127.31,70.0],[-127.31,69.75],[-126.92,69.5],[-127.54,69.0],[-127.39,68.5],[-126.92,68.25],[-126.56,67.5],[-125.93,67.0],[-125.38,65.75],[-124.11,64.75],[-124.49,63.75],[-125.1,63.25],[-124.63,62.75],[-124.62,62.25],[-124.75,62.11],[-127.0,62.49],[-127.19,63.0],[-126.98,63.25],[-129.42,64.0],[-129.25,64.27],[-130.25,64.64],[-131.25,64.47],[-132.25,64.73],[-133.43,64.5],[-133.25,64.18],[-131.25,63.75],[-131.1,63.5],[-130.75,63.49],[-130.2,62.75],[-129.63,62.5],[-130.03,61.75],[-129.85,61.25],[-130.65,61.0],[-130.77,60.5],[-130.51,60.25],[-127.5,59.02],[-127.07,59.0],[-126.75,59.27],[-125.97,59.0],[-127.0,58.93],[-127.5,58.43],[-130.0,59.25],[-130.5,59.23],[-130.67,59.0],[-130.5,58.75],[-131.0,58.78],[-131.16,58.5],[-132.0,58.2],[-133.0,58.54],[-133.75,58.18],[-133.7,58.5],[-134.0,58.57],[-134.35,58.0],[-134.13,57.75],[-134.41,57.25],[-134.16,57.0],[-134.73,56.5],[-134.5,56.23],[-134.76,56.25],[-135.0,56.71],[-135.5,56.38],[-137.0,56.23],[-141.0,56.68],[-145.75,56.57],[-149.25,56.91],[-153.25,56.94],[-153.75,57.14],[-154.11,56.75],[-159.25,55.2],[-163.5,53.06],[-167.25,51.68],[-175.0,50.52],[-180.0,50.2]]}},{"type":"Feature","properties":{"level":1012},"geometry":{"type":"LineString","coordinates":[[180.0,-88.54],[165.9,-88.0],[166.19,-87.5],[158.25,-87.08],[157.79,-87.0],[160.11,-86.5],[159.04,-86.25],[154.75,-86.17],[150.5,-85.75],[147.4,-84.75],[146.38,-84.0],[144.46,-83.5],[145.21,-83.0],[143.04,-82.25],[143.03,-81.5],[142.17,-81.0],[144.7,-80.0],[144.74,-79.75],[145.69,-79.0],[145.84,-78.0],[146.55,-77.75],[147.03,-77.0],[144.25,-75.85],[143.0,-75.67],[142.72,-75.5],[143.11,-75.25],[143.0,-75.0],[141.5,-74.47],[140.25,-74.45],[138.87,-73.75],[138.0,-72.97],[136.56,-72.75],[135.5,-71.94],[133.75,-71.72],[132.5,-71.82],[130.5,-70.99],[127.75,-70.83],[125.0,-70.35],[122.0,-70.23],[115.75,-70.77],[107.0,-69.93],[104.25,-70.28],[98.75,-69.96],[98.34,-70.25],[98.56,-70.5],[104.18,-71.75],[103.5,-71.95],[98.0,-71.14],[95.25,-70.27],[85.5,-71.2],[83.25,-71.75],[80.84,-72.75],[79.68,-73.75],[79.63,-74.5],[78.94,-75.5],[77.25,-76.04],[75.5,-76.19],[67.75,-76.2],[60.75,-75.66],[58.0,-75.23],[53.75,-75.73],[49.5,-75.68],[40.0,-74.36],[29.25,-73.75],[26.5,-73.25],[18.5,-73.93],[16.96,-74.25],[16.13,-74.75],[17.0,-76.32],[18.5,-77.05],[20.5,-77.56],[29.54,-79.25],[30.75,-80.29],[33.29,-81.5],[33.37,-82.0],[32.0,-82.28],[23.41,-82.75],[8.75,-84.18],[-1.0,-85.7],[-3.62,-86.75],[-8.25,-87.17],[-27.25,-87.94],[-116.25,-88.08],[-128.5,-87.84],[-146.25,-87.96],[-150.0,-88.4],[-160.0,-88.59],[-180.0,-88.54]]}},{"type":"Feature","properties":{"level":1012},"geometry":{"type":"LineString","coordinates":[[-180.0,-53.57],[-175.5,-54.12],[-170.25,-54.15],[-161.5,-53.19],[-159.73,-52.75],[-157.6,-51.75],[-156.0,-50.64],[-154.15,-48.75],[-151.75,-45.75],[-145.08,-40.25],[-140.5,-37.38],[-135.0,-35.44],[-127.5,-35.64],[-118.0,-37.07],[-109.5,-38.86],[-100.75,-41.65],[-98.25,-42.06],[-97.0,-41.77],[-92.75,-39.93],[-87.0,-38.97],[-83.25,-37.94],[-81.75,-37.87],[-80.5,-38.18],[-79.0,-37.86],[-78.25,-38.71],[-77.54,-40.5],[-76.53,-45.75],[-76.92,-49.0],[-77.88,-50.75],[-78.48,-53.25],[-78.03,-54.0],[-77.95,-54.75],[-77.18,-55.75],[-75.75,-56.73],[-73.34,-57.75],[-63.5,-60.36],[-61.5,-60.75],[-55.5,-60.81],[-53.92,-60.5],[-49.0,-58.61],[-34.25,-50.8],[-28.15,-48.25],[-23.69,-46.75],[-21.5,-45.51],[-20.0,-44.01],[-18.21,-40.75],[-16.81,-36.75],[-16.24,-36.0],[-15.53,-34.5],[-15.51,-34.0],[-15.0,-33.25],[-14.95,-31.75],[-13.75,-31.29],[-11.0,-31.91],[-7.5,-33.5],[-6.25,-33.8],[-3.0,-35.74],[1.25,-39.28],[3.25,-41.62],[7.25,-44.4],[9.81,-48.0],[10.62,-50.25],[12.33,-51.75],[14.75,-53.25],[16.89,-54.25],[19.75,-56.42],[23.5,-57.72],[25.75,-57.73],[28.0,-57.34],[36.0,-54.46],[39.0,-53.61],[53.5,-50.96],[61.5,-50.25],[68.75,-49.3],[69.25,-48.82],[69.75,-48.89],[75.5,-47.44],[80.75,-47.4],[95.75,-48.12],[101.96,-47.75],[108.0,-46.11],[111.5,-45.45],[118.5,-44.75],[120.0,-44.19],[122.25,-42.73],[123.4,-42.25],[124.07,-41.5],[127.5,-40.24],[129.25,-40.01],[129.75,-39.73],[130.5,-39.79],[131.0,-39.27],[131.5,-39.2],[134.5,-39.8],[138.5,-41.61],[142.5,-42.77],[146.79,-44.5],[154.75,-47.02],[157.5,-47.73],[160.75,-47.63],[165.25,-49.65],[169.5,-51.1],[176.9,-53.0],[180.0,-53.57]]}},{"type":"Feature","properties":{"level":1012},"geometry":{"type":"LineString","coordinates":[[-70.75,-49.38],[-70.75,-49.18],[-70.75,-49.38]]}},{"type":"Feature","properties":{"level":1012},"geometry":{"type":"LineString","coordinates":[[-72.0,-48.51],[-72.0,-48.17],[-72.75,-48.15],[-73.05,-47.75],[-72.25,-47.71],[-71.38,-48.0],[-71.5,-48.5],[-72.0,-48.51]]}},{"type":"Feature","properties":{"level":1012},"geometry":{"type":"LineString","coordinates":[[-69.5,-32.53],[-69.65,-30.75],[-69.25,-29.56],[-69.0,-29.54],[-69.18,-32.5],[-69.5,-32.53]]}},{"type":"Feature","properties":{"level":1012},"geometry":{"type":"LineString","coordinates":[[20.0,-27.88],[20.0,-26.93],[19.46,-26.75],[19.26,-26.5],[19.43,-26.25],[18.56,-25.5],[20.44,-24.25],[21.25,-24.54],[21.79,-24.5],[21.75,-24.1],[22.25,-24.2],[22.26,-24.75],[23.18,-25.75],[22.86,-26.25],[23.0,-26.55],[21.75,-26.84],[21.44,-26.75],[21.85,-26.5],[21.75,-26.19],[21.25,-26.42],[20.76,-26.75],[21.57,-27.25],[20.4,-27.25],[20.75,-27.62],[20.0,-27.88]]}},{"type":"Feature","properties":{"level":1012},"geometry":{"type":"LineString","coordinates":[[129.34,-27.5],[129.54,-27.5],[129.5,-27.01],[129.34,-27.5]]}},{"type":"Feature","properties":{"level":1012},"geometry":{"type":"LineString","coordinates":[[131.75,-27.1],[131.75,-26.94],[132.01,-27.0],[131.75,-27.1]]}},{"type":"Feature","properties":{"level":1012},"geometry":{"type":"LineString","coordinates":[[-69.75,-25.63],[-70.25,-24.75],[-70.05,-24.5],[-70.2,-24.0],[-69.86,-21.75],[-70.0,-18.84],[-69.5,-19.53],[-69.25,-20.5],[-69.04,-22.5],[-69.18,-23.25],[-69.0,-23.56],[-68.75,-23.42],[-68.25,-22.73],[-68.0,-23.25],[-68.25,-23.99],[-68.75,-23.64],[-69.25,-23.83],[-69.83,-25.0],[-69.59,-25.5],[-69.75,-25.63]]}},{"type":"Feature","properties":{"level":1012},"geometry":{"type":"LineString","coordinates":[[-50.16,-22.0],[-49.76,-22.0],[-50.16,-22.0]]}},{"type":"Feature","properties":{"level":1012},"geometry":{"type":"LineString","coordinates":[[24.0,-21.39],[23.41,-20.25],[22.93,-20.0],[23.5,-19.75],[23.4,-19.0],[23.0,-18.66],[23.25,-18.09],[23.75,-17.55],[24.14,-17.5],[24.55,-16.75],[23.75,-16.63],[23.45,-16.0],[23.69,-15.5],[23.5,-14.71],[22.75,-14.37],[22.52,-14.0],[22.75,-13.63],[23.5,-13.71],[24.03,-13.5],[24.29,-12.75],[24.13,-11.75],[23.38,-11.75],[23.43,-11.25],[23.0,-10.78],[22.75,-11.48],[21.99,-11.0],[21.68,-11.25],[21.74,-12.5],[21.5,-12.67],[21.0,-12.49],[20.72,-12.0],[20.75,-10.79],[20.24,-10.5],[20.26,-10.0],[20.0,-9.91],[19.79,-9.0],[20.19,-8.75],[20.56,-8.0],[20.3,-7.75],[20.5,-7.62],[21.75,-8.26],[22.0,-8.22],[22.5,-7.41],[23.1,-7.5],[23.5,-8.01],[23.82,-8.0],[24.25,-7.39],[24.74,-7.5],[24.75,-7.81],[25.1,-7.5],[25.23,-7.0],[24.87,-6.0],[24.42,-5.75],[24.25,-4.92],[22.62,-5.5],[22.6,-6.0],[23.25,-6.13],[23.5,-6.54],[23.0,-6.61],[22.25,-6.26],[22.0,-6.58],[21.25,-6.58],[20.57,-7.0],[20.25,-7.59],[18.28,-7.0],[18.03,-6.5],[18.47,-5.75],[18.16,-5.5],[18.25,-5.17],[18.0,-5.07],[17.69,-5.75],[17.17,-6.0],[17.96,-6.75],[18.03,-8.25],[18.97,-9.75],[18.5,-10.13],[17.0,-9.62],[17.06,-10.0],[17.69,-10.5],[17.5,-10.88],[16.5,-10.76],[16.5,-10.21],[15.75,-9.75],[15.0,-9.96],[14.04,-10.75],[13.75,-11.36],[13.0,-11.48],[12.74,-10.75],[12.25,-10.45],[11.5,-10.68],[10.75,-10.02],[10.39,-9.25],[10.33,-8.25],[10.57,-7.5],[10.05,-6.75],[9.85,-5.5],[10.0,-4.87],[10.75,-4.49],[11.41,-3.5],[10.6,-2.75],[10.5,-2.37],[10.0,-2.47],[8.75,-1.75],[8.25,-1.97],[7.75,-1.82],[6.75,-0.75],[4.75,-1.0],[4.0,-0.46],[1.25,-0.15],[-0.75,1.61],[-4.25,3.12],[-5.5,3.38],[-8.25,3.42],[-8.5,3.82],[-10.39,4.5],[-10.4,5.0],[-11.0,5.29],[-11.75,6.82],[-12.75,6.27],[-13.0,6.5],[-13.13,6.75],[-12.94,7.25],[-14.1,8.25],[-14.33,9.25],[-14.7,9.75],[-14.82,10.75],[-15.23,11.25],[-14.89,11.5],[-16.25,11.51],[-16.49,11.25],[-16.5,10.65],[-16.75,10.84],[-17.34,12.5],[-17.13,13.0],[-17.69,13.75],[-17.79,14.25],[-17.33,15.5],[-16.0,17.5],[-16.2,18.25],[-15.75,19.18],[-13.75,19.78],[-12.09,19.5],[-11.64,19.25],[-12.01,18.5],[-11.89,17.75],[-12.05,17.5],[-11.75,17.26],[-9.0,18.56],[-8.72,19.0],[-9.0,19.57],[-7.0,20.88],[-5.75,22.1],[-5.0,22.25],[-4.25,22.86],[-3.5,22.72],[-2.5,22.99],[-0.75,24.15],[1.71,24.75],[2.0,25.19],[3.0,25.05],[3.25,25.33],[3.99,24.75],[3.98,24.25],[4.53,23.0],[4.56,21.5],[5.0,21.2],[7.0,21.02],[7.42,20.75],[8.53,18.5],[8.5,17.52],[9.4,17.75],[9.34,18.0],[9.83,18.5],[9.73,19.0],[10.25,20.5],[11.25,20.88],[13.25,20.61],[14.25,21.49],[14.75,21.57],[16.0,21.29],[16.5,20.53],[17.0,20.49],[17.5,19.91],[17.75,20.46],[18.0,20.52],[18.21,19.75],[18.5,19.52],[19.75,19.57],[23.0,19.15],[23.04,18.75],[23.5,18.57],[25.25,19.7],[26.25,19.75],[27.0,19.51],[27.7,21.25],[28.64,22.75],[29.94,24.0],[30.5,24.89],[30.75,25.07],[30.69,24.75],[31.25,24.65],[32.0,25.06],[32.06,25.75],[31.61,26.5],[32.39,26.75],[32.75,27.62],[33.32,27.0],[33.57,27.0],[32.72,28.75],[32.75,29.18],[33.0,29.29],[34.0,28.1],[34.5,28.65],[35.0,28.67],[37.5,26.18],[38.0,26.78],[38.75,26.1],[39.5,26.28],[39.78,25.25],[40.0,25.04],[40.5,25.37],[41.61,24.25],[41.5,23.88],[40.25,23.73],[40.0,23.93],[39.75,23.65],[38.75,24.97],[38.65,24.75],[40.09,22.0],[40.13,21.0],[41.75,19.54],[42.06,18.25],[42.81,17.75],[43.08,17.25],[43.86,13.0],[44.25,12.69],[46.0,13.09],[48.0,13.16],[50.75,12.61],[51.17,12.0],[47.5,11.15],[46.75,10.56],[46.0,10.57],[45.75,10.16],[44.5,10.11],[43.78,10.25],[43.11,10.75],[42.89,11.75],[43.21,12.25],[43.0,12.37],[42.49,11.75],[42.69,11.5],[42.38,10.0],[40.75,9.39],[39.75,8.7],[40.18,10.75],[39.86,12.25],[39.94,14.25],[39.66,15.0],[38.9,15.75],[38.5,17.05],[38.25,16.94],[38.11,16.0],[38.57,15.25],[38.12,14.5],[38.41,13.75],[37.75,13.26],[37.34,13.5],[37.56,13.0],[36.89,12.5],[36.14,10.75],[35.63,10.75],[35.58,10.5],[35.75,10.26],[36.12,10.25],[36.11,9.75],[36.4,9.5],[36.25,9.29],[36.0,9.38],[34.75,10.26],[34.3,9.5],[34.62,8.5],[34.93,8.25],[35.06,7.25],[34.87,6.75],[35.22,6.5],[34.65,6.25],[35.5,5.98],[36.21,6.75],[36.75,6.83],[36.42,6.0],[36.75,5.22],[37.0,5.59],[37.25,4.52],[37.75,4.47],[37.99,3.75],[37.75,3.65],[37.75,3.33],[38.25,3.61],[39.02,3.25],[40.0,2.53],[40.25,2.01],[41.32,1.5],[39.75,0.24],[38.06,0.75],[37.0,1.92],[36.89,1.75],[37.2,1.5],[37.0,1.32],[36.75,1.56],[36.0,0.05],[35.5,1.44],[34.5,1.48],[34.0,0.57],[32.92,0.75],[32.94,0.25],[34.0,0.17],[34.85,-0.25],[34.25,-0.37],[34.2,-1.0],[33.47,-2.0],[33.52,-2.5],[35.09,-3.75],[34.46,-4.25],[34.51,-5.25],[33.88,-6.0],[33.98,-6.75],[34.25,-6.69],[34.47,-7.0],[34.28,-7.5],[33.75,-7.35],[33.37,-7.75],[33.59,-8.25],[32.81,-9.25],[33.53,-11.0],[32.84,-12.75],[32.87,-13.25],[31.08,-14.5],[30.71,-15.0],[30.75,-15.33],[31.5,-15.58],[32.25,-15.52],[32.37,-15.75],[31.25,-16.29],[29.25,-16.22],[28.9,-17.0],[28.99,-18.0],[28.0,-18.21],[27.8,-18.0],[28.02,-17.75],[27.75,-17.73],[27.37,-18.25],[27.61,-18.75],[27.25,-19.04],[27.07,-19.75],[26.0,-20.93],[24.0,-21.39]]}},{"type":"Feature","properties":{"level":1012},"geometry":{"type":"LineString","coordinates":[[118.0,-20.55],[117.8,-20.5],[118.0,-20.55]]}},{"type":"Feature","properties":{"level":1012},"geometry":{"type":"LineString","coordinates":[[-56.5,-20.04],[-56.5,-19.78],[-56.5,-20.04]]}},{"type":"Feature","properties":{"level":1012},"geometry":{"type":"LineString","coordinates":[[15.0,-20.04],[14.64,-19.5],[14.25,-19.71],[13.5,-19.28],[13.91,-19.0],[14.0,-18.47],[13.0,-18.29],[11.72,-17.0],[12.25,-16.33],[13.0,-16.44],[13.83,-16.0],[14.0,-15.4],[14.16,-15.5],[14.04,-16.0],[14.25,-16.04],[14.31,-15.5],[14.75,-15.18],[16.5,-16.71],[17.11,-16.75],[16.5,-18.21],[15.5,-18.48],[15.25,-18.75],[15.0,-20.04]]}},{"type":"Feature","properties":{"level":1012},"geometry":{"type":"LineString","coordinates":[[-66.59,-19.75],[-66.5,-19.9],[-66.23,-19.5],[-66.5,-18.86],[-67.0,-18.62],[-67.1,-19.0],[-66.75,-19.18],[-66.59,-19.75]]}},{"type":"Feature","properties":{"level":1012},"geometry":{"type":"LineString","coordinates":[[26.67,-17.75],[27.75,-16.49],[29.88,-15.25],[29.75,-15.06],[29.0,-15.08],[28.83,-14.75],[29.75,-14.56],[30.45,-13.5],[31.0,-13.37],[31.65,-11.75],[32.03,-11.5],[31.92,-11.25],[31.62,-11.25],[31.31,-12.0],[30.25,-12.95],[28.77,-13.5],[28.53,-13.75],[29.11,-14.0],[29.02,-14.25],[28.75,-14.01],[28.5,-14.37],[27.82,-14.5],[28.41,-15.0],[28.05,-15.5],[28.14,-15.75],[27.25,-16.43],[26.5,-16.43],[25.91,-17.25],[25.99,-17.5],[26.67,-17.75]]}},{"type":"Feature","properties":{"level":1012},"geometry":{"type":"LineString","coordinates":[[-67.6,-17.0],[-67.25,-17.24],[-67.18,-16.75],[-67.5,-16.61],[-67.91,-15.75],[-68.8,-14.75],[-68.5,-13.94],[-69.0,-13.95],[-71.31,-13.0],[-72.0,-12.05],[-72.25,-12.03],[-72.56,-12.5],[-73.38,-13.0],[-73.0,-13.38],[-72.0,-13.32],[-71.25,-13.97],[-70.25,-14.16],[-69.0,-15.46],[-68.68,-15.5],[-68.75,-15.76],[-69.75,-15.27],[-70.05,-15.75],[-69.56,-16.0],[-69.5,-16.29],[-68.96,-16.25],[-69.0,-16.56],[-68.5,-16.2],[-67.64,-16.75],[-67.6,-17.0]]}},{"type":"Feature","properties":{"level":1012},"geometry":{"type":"LineString","coordinates":[[-61.67,-17.0],[-61.25,-17.2],[-61.04,-16.75],[-61.75,-15.82],[-62.4,-16.25],[-62.25,-16.8],[-62.0,-16.73],[-61.67,-17.0]]}},{"type":"Feature","properties":{"level":1012},"geometry":{"type":"LineString","coordinates":[[125.69,-16.75],[126.39,-16.5],[125.5,-15.46],[125.57,-15.75],[125.28,-16.0],[125.69,-16.75]]}},{"type":"Feature","properties":{"level":1012},"geometry":{"type":"LineString","coordinates":[[133.47,-16.75],[134.0,-16.81],[134.92,-16.5],[134.6,-16.25],[134.71,-15.5],[134.5,-15.26],[133.62,-16.25],[133.47,-16.75]]}},{"type":"Feature","properties":{"level":1012},"geometry":{"type":"LineString","coordinates":[[-59.54,-16.25],[-59.1,-16.0],[-59.25,-15.77],[-59.61,-16.0],[-59.54,-16.25]]}},{"type":"Feature","properties":{"level":1012},"geometry":{"type":"LineString","coordinates":[[24.89,-16.25],[25.14,-16.0],[24.5,-15.53],[23.93,-16.0],[24.89,-16.25]]}},{"type":"Feature","properties":{"level":1012},"geometry":{"type":"LineString","coordinates":[[-75.25,-15.04],[-76.01,-14.25],[-76.0,-13.88],[-75.75,-13.89],[-74.82,-15.0],[-75.0,-15.17],[-75.25,-15.04]]}},{"type":"Feature","properties":{"level":1012},"geometry":{"type":"LineString","coordinates":[[-68.1,-15.0],[-68.0,-15.21],[-67.95,-14.75],[-68.25,-14.18],[-68.39,-14.5],[-68.1,-15.0]]}},{"type":"Feature","properties":{"level":1012},"geometry":{"type":"LineString","coordinates":[[133.16,-14.25],[133.99,-13.75],[133.75,-12.93],[133.0,-12.87],[132.42,-13.5],[132.34,-14.0],[133.16,-14.25]]}},{"type":"Feature","properties":{"level":1012},"geometry":{"type":"LineString","coordinates":[[34.5,-13.62],[34.25,-13.42],[34.09,-12.5],[34.43,-11.5],[34.36,-11.0],[33.75,-10.0],[33.75,-9.48],[34.95,-10.5],[34.64,-11.0],[34.98,-12.0],[34.81,-13.5],[34.5,-13.62]]}},{"type":"Feature","properties":{"level":1012},"geometry":{"type":"LineString","coordinates":[[36.75,-13.1],[36.54,-12.75],[37.0,-12.02],[38.05,-12.25],[37.35,-13.0],[36.75,-13.1]]}},{"type":"Feature","properties":{"level":1012},"geometry":{"type":"LineString","coordinates":[[-73.75,-12.5],[-73.5,-12.7],[-73.19,-12.25],[-73.75,-11.39],[-73.9,-11.5],[-73.75,-12.5]]}},{"type":"Feature","properties":{"level":1012},"geometry":{"type":"LineString","coordinates":[[35.25,-12.26],[35.5,-11.21],[36.0,-11.22],[36.5,-11.71],[37.38,-11.75],[37.25,-11.99],[36.5,-11.82],[36.25,-12.08],[36.0,-11.67],[35.75,-11.67],[35.25,-12.26]]}},{"type":"Feature","properties":{"level":1012},"geometry":{"type":"LineString","coordinates":[[153.38,-11.5],[153.54,-11.5],[153.38,-11.5]]}},{"type":"Feature","properties":{"level":1012},"geometry":{"type":"LineString","coordinates":[[120.05,-10.0],[120.62,-10.0],[119.73,-9.5],[119.7,-9.75],[120.05,-10.0]]}},{"type":"Feature","properties":{"level":1012},"geometry":{"type":"LineString","coordinates":[[180.0,-10.12],[179.75,-10.42],[179.0,-10.63],[177.0,-10.89],[176.27,-10.75],[176.42,-10.5],[176.0,-10.44],[175.75,-10.96],[175.0,-11.0],[174.0,-10.28],[172.5,-11.19],[172.0,-10.84],[171.0,-11.16],[170.25,-11.8],[168.5,-12.02],[167.75,-11.78],[166.5,-11.9],[165.5,-12.29],[165.0,-12.12],[164.0,-12.27],[163.25,-12.85],[162.0,-12.92],[160.0,-13.61],[158.25,-13.28],[157.75,-12.98],[154.5,-13.35],[152.15,-11.0],[151.92,-10.25],[151.5,-9.99],[151.29,-9.5],[150.25,-9.06],[150.0,-9.68],[147.75,-7.86],[147.2,-7.0],[147.9,-6.5],[147.5,-6.05],[146.5,-5.63],[145.19,-5.5],[144.25,-4.91],[141.0,-4.59],[138.75,-3.38],[137.25,-3.53],[136.5,-3.19],[135.5,-3.84],[135.5,-4.25],[136.5,-4.18],[139.5,-4.68],[142.0,-5.6],[143.25,-7.1],[145.77,-8.0],[147.03,-9.25],[147.24,-9.75],[147.0,-10.22],[146.63,-10.25],[146.8,-11.0],[145.5,-11.91],[143.25,-11.12],[142.0,-11.11],[140.75,-12.5],[140.38,-14.25],[139.78,-14.75],[139.77,-15.0],[140.71,-15.5],[140.25,-15.69],[139.75,-15.58],[139.94,-16.25],[140.78,-17.0],[141.0,-17.75],[142.54,-19.0],[142.67,-20.5],[142.5,-20.87],[141.25,-21.15],[140.5,-20.9],[139.25,-19.24],[138.41,-19.5],[138.25,-20.01],[137.75,-20.03],[137.29,-19.75],[138.2,-19.25],[138.18,-18.75],[137.5,-17.37],[135.2,-17.0],[135.01,-17.5],[135.5,-17.89],[136.25,-18.04],[136.49,-19.5],[135.25,-19.95],[134.5,-19.89],[134.25,-20.27],[133.25,-20.1],[132.35,-20.5],[132.64,-21.25],[132.5,-21.49],[132.25,-21.17],[131.26,-22.25],[131.64,-24.0],[132.2,-24.5],[131.75,-24.61],[131.5,-25.01],[131.0,-25.21],[130.5,-25.09],[130.01,-25.5],[130.02,-26.25],[131.01,-26.5],[131.2,-27.0],[131.58,-27.25],[131.6,-28.0],[130.97,-28.25],[130.5,-29.33],[130.25,-29.16],[130.0,-29.47],[129.06,-29.5],[128.35,-30.0],[128.2,-30.25],[128.77,-31.75],[128.5,-32.36],[128.5,-33.15],[127.25,-32.92],[126.25,-33.04],[123.25,-31.29],[122.25,-31.28],[120.25,-30.74],[119.5,-30.9],[118.0,-30.4],[116.12,-27.75],[115.43,-25.5],[116.28,-24.0],[116.5,-23.0],[118.0,-22.61],[117.74,-21.75],[118.5,-21.17],[119.5,-21.86],[120.0,-21.88],[120.4,-21.5],[120.33,-20.75],[121.01,-20.5],[120.75,-20.24],[119.17,-20.0],[119.58,-19.0],[120.44,-18.0],[120.52,-17.0],[120.25,-16.39],[118.5,-14.45],[117.25,-13.95],[114.0,-13.65],[113.25,-13.26],[108.75,-12.84],[107.75,-13.1],[106.5,-12.95],[106.06,-12.25],[104.8,-11.25],[103.75,-10.9],[102.76,-10.25],[101.5,-9.91],[101.25,-9.62],[98.5,-9.05],[96.25,-8.01],[95.09,-7.25],[94.75,-6.61],[92.75,-6.05],[91.75,-6.05],[89.25,-4.5],[88.25,-4.86],[88.09,-4.75],[88.39,-4.5],[88.43,-4.0],[88.92,-3.75],[88.79,-3.5],[89.01,-3.25],[87.85,-2.5],[88.19,-2.0],[88.1,-1.5],[86.4,0.0],[85.73,1.5],[85.0,2.0],[85.16,2.5],[84.75,3.74],[84.25,3.45],[84.34,4.0],[83.75,4.28],[83.5,4.28],[83.25,3.76],[82.91,3.75],[82.66,4.25],[83.23,4.75],[83.0,4.98],[82.25,4.39],[82.0,4.87],[81.5,4.8],[81.25,5.02],[81.0,4.83],[80.81,5.0],[80.98,5.25],[80.75,5.37],[80.5,5.44],[80.25,5.05],[79.75,5.13],[79.25,5.54],[78.75,5.5],[78.32,6.0],[78.44,6.25],[77.26,7.0],[77.1,8.0],[77.61,8.5],[77.45,9.25],[77.75,10.0],[78.32,10.25],[77.87,11.0],[78.0,11.2],[78.81,11.25],[79.46,13.75],[79.25,14.02],[78.25,14.3],[77.5,13.87],[76.46,15.5],[76.72,15.75],[76.64,16.5],[75.92,17.25],[76.25,17.65],[77.0,17.42],[77.22,16.75],[78.5,16.06],[78.75,15.36],[79.0,15.6],[79.26,16.25],[78.95,16.75],[78.98,17.25],[79.45,18.0],[78.79,19.0],[79.25,19.12],[79.32,19.5],[78.02,20.0],[78.47,20.25],[78.75,20.84],[78.99,20.75],[78.95,20.5],[79.41,20.5],[79.65,20.75],[79.5,21.12],[80.24,20.5],[80.18,19.75],[80.82,18.75],[81.25,18.33],[81.84,18.25],[81.5,17.41],[82.5,17.58],[83.75,19.11],[84.0,18.89],[84.38,19.0],[84.54,20.5],[84.0,20.59],[82.75,19.72],[82.55,20.0],[82.65,20.5],[82.25,20.92],[81.5,20.8],[80.69,21.0],[81.5,22.17],[82.5,22.4],[83.75,22.19],[85.0,22.55],[85.25,21.53],[85.5,21.36],[86.0,21.63],[86.25,21.47],[86.54,21.75],[86.45,22.0],[86.0,22.05],[85.54,22.5],[85.76,24.0],[85.5,24.25],[84.0,23.91],[82.25,24.15],[80.75,23.94],[80.5,24.3],[79.75,24.12],[79.5,24.51],[78.5,24.3],[77.5,25.58],[77.25,25.14],[77.0,25.51],[76.92,24.75],[76.5,24.44],[76.0,24.73],[74.5,26.7],[73.36,25.5],[72.04,24.75],[71.5,23.17],[70.75,23.75],[68.75,23.52],[66.5,21.93],[62.25,19.99],[58.25,18.93],[57.25,19.3],[55.75,18.74],[55.0,17.8],[54.25,17.95],[53.5,17.56],[52.25,17.85],[50.75,17.77],[49.75,17.29],[48.0,16.87],[47.5,17.11],[47.0,16.67],[46.0,16.46],[45.56,17.0],[45.93,17.5],[46.0,18.93],[45.25,19.71],[45.0,19.6],[44.5,20.31],[43.66,20.75],[42.62,22.0],[43.0,22.32],[43.59,21.25],[44.25,20.78],[44.75,20.84],[45.25,21.27],[45.5,20.68],[46.25,20.9],[46.8,21.75],[46.46,22.0],[46.75,22.44],[47.59,23.0],[48.0,23.86],[49.22,24.25],[49.2,24.5],[48.82,25.25],[47.5,26.65],[44.0,28.31],[41.51,28.0],[41.85,28.75],[41.29,29.25],[41.5,29.75],[41.3,30.25],[41.5,31.76],[41.75,32.37],[42.29,32.75],[42.38,33.75],[42.02,34.25],[42.48,34.75],[42.32,35.0],[43.25,35.74],[44.0,35.64],[45.48,34.5],[45.76,33.75],[46.5,33.07],[47.25,32.79],[48.5,32.82],[49.5,32.25],[50.07,31.0],[50.58,30.75],[50.75,30.39],[51.29,30.25],[51.2,30.0],[52.11,28.75],[52.5,28.55],[53.37,28.5],[53.75,28.19],[54.25,28.31],[54.5,27.91],[54.75,28.16],[56.25,28.41],[56.55,28.25],[56.0,28.12],[56.25,27.83],[56.75,27.89],[57.75,28.84],[58.5,28.32],[58.65,28.5],[57.4,30.75],[56.25,32.46],[55.91,32.5],[56.0,32.7],[56.25,32.52],[56.6,32.75],[56.25,33.7],[56.0,32.79],[55.75,33.13],[55.21,33.25],[55.0,34.16],[54.5,34.17],[54.0,33.61],[53.0,34.11],[51.5,34.42],[50.89,35.0],[51.15,35.25],[50.98,35.5],[51.25,35.57],[52.5,35.17],[53.5,35.3],[54.5,35.12],[55.0,35.35],[56.0,35.1],[56.5,35.31],[57.05,35.0],[57.15,34.5],[57.0,34.23],[56.5,34.24],[56.5,33.8],[56.75,33.94],[57.5,33.03],[58.0,33.27],[58.88,32.75],[59.38,31.5],[59.76,31.5],[60.36,28.0],[61.19,27.25],[60.47,26.75],[60.5,26.56],[62.81,26.75],[63.11,27.25],[62.75,27.37],[61.73,28.5],[61.36,29.0],[61.53,29.25],[60.65,30.25],[60.36,31.25],[60.84,31.75],[61.0,32.71],[61.25,32.57],[62.0,32.95],[63.25,32.91],[63.51,32.5],[64.0,32.32],[64.75,32.76],[65.25,32.63],[65.5,32.91],[65.8,32.5],[65.5,32.41],[65.5,32.07],[66.48,32.0],[66.63,31.5],[65.72,28.25],[64.76,27.25],[65.5,27.04],[66.0,26.59],[66.5,26.62],[66.5,26.99],[66.0,26.97],[65.88,27.25],[66.5,27.34],[67.0,28.26],[67.5,30.07],[68.25,30.07],[69.0,30.41],[69.5,29.97],[70.0,30.17],[70.11,31.5],[69.77,32.0],[70.16,32.5],[70.14,33.0],[71.38,33.75],[71.25,34.08],[70.43,34.25],[70.21,34.5],[71.0,34.37],[72.0,34.55],[73.04,33.75],[75.97,32.25],[77.0,30.6],[79.5,29.12],[81.25,28.57],[82.5,27.68],[84.75,27.37],[86.5,26.83],[89.75,26.63],[93.5,26.93],[94.36,27.5],[95.75,27.95],[96.04,27.5],[94.5,26.63],[93.63,25.75],[93.0,25.47],[92.5,25.95],[92.0,26.06],[91.0,25.84],[90.8,25.5],[91.5,25.18],[93.0,25.04],[93.25,24.77],[92.45,23.5],[93.07,21.5],[93.62,20.5],[94.0,20.26],[94.19,21.25],[93.96,23.25],[94.22,24.25],[95.75,26.2],[96.77,26.75],[96.99,26.25],[96.79,25.75],[97.0,25.55],[97.5,25.92],[97.77,25.5],[97.25,23.81],[96.75,23.15],[96.26,23.0],[96.59,21.75],[96.38,20.5],[97.0,18.26],[97.25,18.1],[97.39,18.25],[97.2,19.0],[97.75,19.39],[97.95,17.75],[98.75,16.88],[99.07,17.75],[99.05,18.25],[98.75,18.21],[98.72,18.5],[99.0,18.97],[99.25,18.58],[99.75,18.87],[99.71,19.75],[100.0,20.36],[100.39,19.5],[100.78,16.75],[101.0,16.42],[101.25,16.89],[101.5,16.13],[101.98,16.25],[102.0,16.58],[102.75,17.07],[103.02,17.75],[102.68,17.75],[102.69,18.0],[103.51,18.25],[103.92,18.25],[105.0,17.52],[105.51,17.5],[106.75,16.68],[106.52,17.75],[106.75,18.75],[108.5,19.13],[109.0,18.44],[109.75,18.33],[114.75,20.65],[117.0,20.75],[119.5,21.5],[119.91,21.75],[119.67,22.5],[120.25,23.8],[120.41,22.0],[120.75,21.79],[122.25,22.15],[126.75,24.31],[127.0,24.08],[128.5,24.56],[132.5,24.62],[134.25,25.12],[137.5,25.49],[139.75,26.13],[141.75,26.26],[144.25,26.93],[148.0,27.43],[150.25,26.99],[154.5,27.1],[158.25,27.49],[160.0,27.21],[162.5,27.26],[162.77,27.0],[165.75,26.46],[167.5,26.35],[169.5,26.57],[170.25,26.9],[171.36,28.0],[172.79,31.0],[174.5,32.94],[177.5,34.7],[180.0,34.5]]}},{"type":"Feature","properties":{"level":1012},"geometry":{"type":"LineString","coordinates":[[-168.0,-9.85],[-168.06,-9.5],[-167.69,-9.5],[-167.64,-9.75],[-168.0,-9.85]]}},{"type":"Feature","properties":{"level":1012},"geometry":{"type":"LineString","coordinates":[[-170.25,-9.61],[-170.25,-9.38],[-170.25,-9.61]]}},{"type":"Feature","properties":{"level":1012},"geometry":{"type":"LineString","coordinates":[[-171.5,-9.35],[-171.5,-9.15],[-171.16,-9.25],[-171.5,-9.35]]}},{"type":"Feature","properties":{"level":1012},"geometry":{"type":"LineString","coordinates":[[16.32,-9.25],[16.8,-9.25],[16.31,-9.0],[16.16,-8.25],[16.33,-8.0],[15.75,-7.5],[15.41,-6.5],[15.0,-6.23],[15.2,-9.0],[15.75,-9.24],[16.25,-9.06],[16.32,-9.25]]}},{"type":"Feature","properties":{"level":1012},"geometry":{"type":"LineString","coordinates":[[124.85,-9.25],[126.29,-8.75],[125.5,-8.59],[124.85,-9.25]]}},{"type":"Feature","properties":{"level":1012},"geometry":{"type":"LineString","coordinates":[[-170.25,-9.14],[-170.43,-9.0],[-170.25,-8.84],[-170.25,-9.14]]}},{"type":"Feature","properties":{"level":1012},"geometry":{"type":"LineString","coordinates":[[-78.5,-8.88],[-78.5,-8.69],[-78.5,-8.88]]}},{"type":"Feature","properties":{"level":1012},"geometry":{"type":"LineString","coordinates":[[34.0,-8.75],[33.69,-8.5],[34.37,-8.0],[34.5,-7.64],[35.0,-7.68],[34.5,-8.56],[34.0,-8.75]]}},{"type":"Feature","properties":{"level":1012},"geometry":{"type":"LineString","coordinates":[[117.09,-8.75],[117.5,-8.92],[117.55,-8.75],[117.09,-8.75]]}},{"type":"Feature","properties":{"level":1012},"geometry":{"type":"LineString","coordinates":[[120.11,-8.75],[121.46,-8.75],[120.5,-8.43],[120.11,-8.75]]}},{"type":"Feature","properties":{"level":1012},"geometry":{"type":"LineString","coordinates":[[113.79,-8.25],[114.0,-8.46],[114.25,-8.35],[114.35,-8.0],[113.3,-8.0],[113.79,-8.25]]}},{"type":"Feature","properties":{"level":1012},"geometry":{"type":"LineString","coordinates":[[111.59,-8.0],[111.75,-8.16],[111.78,-7.75],[111.59,-8.0]]}},{"type":"Feature","properties":{"level":1012},"geometry":{"type":"LineString","coordinates":[[-174.15,-7.75],[-174.0,-7.86],[-174.0,-7.63],[-174.15,-7.75]]}},{"type":"Feature","properties":{"level":1012},"geometry":{"type":"LineString","coordinates":[[-77.75,-7.81],[-78.25,-7.74],[-78.4,-7.5],[-78.0,-6.6],[-77.75,-7.81]]}},{"type":"Feature","properties":{"level":1012},"geometry":{"type":"LineString","coordinates":[[126.28,-7.75],[126.55,-7.75],[126.28,-7.75]]}},{"type":"Feature","properties":{"level":1012},"geometry":{"type":"LineString","coordinates":[[107.55,-7.5],[108.37,-7.5],[108.44,-7.0],[107.75,-6.79],[107.25,-6.93],[107.0,-6.63],[106.27,-6.75],[107.55,-7.5]]}},{"type":"Feature","properties":{"level":1012},"geometry":{"type":"LineString","coordinates":[[109.63,-7.5],[110.5,-7.73],[110.64,-7.5],[110.0,-7.1],[108.88,-7.25],[109.63,-7.5]]}},{"type":"Feature","properties":{"level":1012},"geometry":{"type":"LineString","coordinates":[[-149.5,-7.01],[-149.52,-6.5],[-149.25,-6.13],[-148.5,-6.42],[-148.42,-6.75],[-148.75,-7.13],[-149.5,-7.01]]}},{"type":"Feature","properties":{"level":1012},"geometry":{"type":"LineString","coordinates":[[149.75,-6.25],[151.0,-6.1],[152.12,-5.25],[151.75,-5.03],[150.5,-5.81],[149.75,-5.72],[149.56,-6.0],[149.75,-6.25]]}},{"type":"Feature","properties":{"level":1012},"geometry":{"type":"LineString","coordinates":[[148.83,-5.75],[149.05,-5.75],[148.83,-5.75]]}},{"type":"Feature","properties":{"level":1012},"geometry":{"type":"LineString","coordinates":[[104.43,-5.5],[104.7,-5.25],[104.62,-5.0],[104.0,-4.7],[103.75,-4.09],[103.0,-3.72],[101.89,-2.25],[101.76,-1.75],[101.25,-1.47],[101.0,-0.85],[100.73,-0.75],[100.78,-0.25],[99.53,1.25],[99.6,2.0],[99.37,2.5],[98.08,3.5],[97.0,4.91],[95.4,5.25],[95.5,4.81],[96.25,4.34],[98.79,1.75],[99.11,0.75],[99.89,0.0],[100.63,-1.5],[102.58,-4.0],[104.43,-5.5]]}},{"type":"Feature","properties":{"level":1012},"geometry":{"type":"LineString","coordinates":[[28.71,-4.5],[29.25,-3.27],[29.75,-4.17],[30.14,-3.5],[30.65,-3.25],[30.95,-2.75],[30.61,-2.25],[31.51,-0.25],[32.16,0.5],[31.0,1.03],[30.05,1.0],[31.09,2.25],[30.75,3.03],[29.75,3.5],[29.09,2.25],[29.1,2.0],[29.67,2.0],[29.5,1.55],[29.04,1.5],[28.98,2.0],[28.5,2.12],[28.3,2.0],[28.67,1.25],[28.13,1.0],[28.25,0.75],[27.75,0.23],[27.0,0.62],[25.87,0.0],[25.9,-0.5],[26.25,-0.87],[26.41,-0.75],[26.25,0.16],[26.5,0.25],[26.7,0.0],[26.56,-0.75],[26.94,-1.0],[26.79,-1.5],[27.12,-2.0],[27.84,-2.25],[28.1,-3.25],[27.88,-3.75],[28.71,-4.5]]}},{"type":"Feature","properties":{"level":1012},"geometry":{"type":"LineString","coordinates":[[152.74,-4.5],[153.0,-4.54],[153.0,-4.37],[152.74,-4.5]]}},{"type":"Feature","properties":{"level":1012},"geometry":{"type":"LineString","coordinates":[[-146.54,-4.25],[-146.5,-4.4],[-146.54,-4.25]]}},{"type":"Feature","properties":{"level":1012},"geometry":{"type":"LineString","coordinates":[[121.15,-3.75],[121.75,-3.87],[122.13,-3.0],[121.06,-2.0],[122.75,-0.98],[121.5,-1.13],[120.75,-1.66],[120.25,-1.07],[119.75,-1.2],[119.57,-2.5],[119.14,-2.75],[119.12,-3.0],[120.0,-3.69],[120.32,-3.5],[120.12,-3.0],[120.25,-2.54],[121.0,-2.44],[121.25,-2.74],[121.5,-2.57],[121.64,-2.75],[121.25,-2.77],[120.91,-3.5],[121.15,-3.75]]}},{"type":"Feature","properties":{"level":1012},"geometry":{"type":"LineString","coordinates":[[20.46,-3.5],[21.01,-3.0],[20.5,-3.14],[20.46,-3.5]]}},{"type":"Feature","properties":{"level":1012},"geometry":{"type":"LineString","coordinates":[[12.87,-2.5],[13.25,-2.56],[13.37,-2.25],[11.75,-1.31],[11.5,-0.75],[11.07,-1.5],[11.75,-2.13],[12.87,-2.5]]}},{"type":"Feature","properties":{"level":1012},"geometry":{"type":"LineString","coordinates":[[35.75,-2.63],[36.25,-1.64],[36.4,-2.0],[36.25,-2.43],[35.75,-2.63]]}},{"type":"Feature","properties":{"level":1012},"geometry":{"type":"LineString","coordinates":[[14.2,-1.5],[14.41,-1.25],[14.25,-1.02],[14.2,-1.5]]}},{"type":"Feature","properties":{"level":1012},"geometry":{"type":"LineString","coordinates":[[16.41,-1.5],[16.75,-1.53],[17.5,-0.9],[18.0,-1.44],[18.25,-1.35],[19.25,-0.03],[19.24,0.25],[18.25,0.55],[17.75,0.43],[16.49,-0.5],[16.74,-1.0],[16.41,-1.5]]}},{"type":"Feature","properties":{"level":1012},"geometry":{"type":"LineString","coordinates":[[27.5,-1.53],[27.04,-1.0],[27.75,-0.99],[28.06,-1.5],[27.5,-1.53]]}},{"type":"Feature","properties":{"level":1012},"geometry":{"type":"LineString","coordinates":[[133.5,-1.5],[134.0,-1.54],[134.11,-1.25],[133.0,-0.67],[132.6,-0.75],[132.89,-1.25],[133.5,-1.5]]}},{"type":"Feature","properties":{"level":1012},"geometry":{"type":"LineString","coordinates":[[-91.25,-0.76],[-91.25,-0.6],[-91.25,-0.76]]}},{"type":"Feature","properties":{"level":1012},"geometry":{"type":"LineString","coordinates":[[-90.25,-0.53],[-90.25,-0.32],[-90.25,-0.53]]}},{"type":"Feature","properties":{"level":1012},"geometry":{"type":"LineString","coordinates":[[-91.5,-0.39],[-91.69,-0.25],[-91.5,-0.15],[-91.5,-0.39]]}},{"type":"Feature","properties":{"level":1012},"geometry":{"type":"LineString","coordinates":[[-90.5,-0.26],[-90.5,-0.09],[-90.5,-0.26]]}},{"type":"Feature","properties":{"level":1012},"geometry":{"type":"LineString","coordinates":[[14.56,0.0],[15.25,-0.22],[16.1,0.25],[15.72,0.75],[15.78,1.5],[15.5,1.91],[14.25,2.23],[13.5,1.31],[13.0,1.64],[12.5,1.49],[11.25,1.79],[10.76,2.5],[10.75,3.14],[10.15,2.5],[9.82,1.5],[10.24,0.5],[10.72,0.5],[11.25,1.36],[11.75,1.23],[12.0,1.39],[12.25,0.91],[13.0,0.88],[14.56,0.0]]}},{"type":"Feature","properties":{"level":1012},"geometry":{"type":"LineString","coordinates":[[6.42,0.25],[6.78,0.25],[6.42,0.25]]}},{"type":"Feature","properties":{"level":1012},"geometry":{"type":"LineString","coordinates":[[115.22,1.0],[116.25,1.15],[116.55,1.75],[115.97,3.0],[116.07,4.25],[115.75,4.72],[115.21,3.75],[115.3,3.25],[114.58,2.5],[114.7,2.0],[114.36,1.5],[114.5,1.12],[115.0,1.34],[115.22,1.0]]}},{"type":"Feature","properties":{"level":1012},"geometry":{"type":"LineString","coordinates":[[-93.0,1.16],[-93.0,1.32],[-92.76,1.25],[-93.0,1.16]]}},{"type":"Feature","properties":{"level":1012},"geometry":{"type":"LineString","coordinates":[[-20.25,1.46],[-20.71,1.75],[-20.25,2.0],[-19.53,1.75],[-20.0,1.38],[-20.25,1.46]]}},{"type":"Feature","properties":{"level":1012},"geometry":{"type":"LineString","coordinates":[[-172.66,2.0],[-172.38,2.0],[-172.5,2.39],[-172.66,2.0]]}},{"type":"Feature","properties":{"level":1012},"geometry":{"type":"LineString","coordinates":[[-75.65,2.0],[-75.5,1.89],[-74.71,2.75],[-74.75,3.16],[-75.65,2.0]]}},{"type":"Feature","properties":{"level":1012},"geometry":{"type":"LineString","coordinates":[[-172.31,2.5],[-171.0,2.51],[-170.79,2.75],[-170.75,3.05],[-171.34,3.0],[-171.11,3.5],[-171.25,3.85],[-172.0,3.66],[-172.37,3.0],[-172.31,2.5]]}},{"type":"Feature","properties":{"level":1012},"geometry":{"type":"LineString","coordinates":[[-77.08,2.75],[-77.0,2.58],[-76.71,3.25],[-76.75,3.7],[-77.08,2.75]]}},{"type":"Feature","properties":{"level":1012},"geometry":{"type":"LineString","coordinates":[[8.41,3.25],[8.88,3.5],[8.75,3.84],[8.41,3.25]]}},{"type":"Feature","properties":{"level":1012},"geometry":{"type":"LineString","coordinates":[[42.5,3.18],[41.23,4.0],[41.68,4.25],[41.49,5.0],[41.75,5.77],[42.76,5.0],[43.0,4.46],[43.0,3.75],[42.5,3.18]]}},{"type":"Feature","properties":{"level":1012},"geometry":{"type":"LineString","coordinates":[[-74.72,3.5],[-74.08,3.5],[-73.42,4.5],[-73.39,5.0],[-72.75,5.26],[-71.86,6.5],[-72.24,7.0],[-72.2,7.5],[-72.75,7.61],[-73.0,8.1],[-73.18,8.0],[-73.09,7.25],[-72.61,6.5],[-73.5,5.82],[-73.8,6.0],[-74.34,5.0],[-74.72,3.5]]}},{"type":"Feature","properties":{"level":1012},"geometry":{"type":"LineString","coordinates":[[8.98,4.0],[9.42,4.25],[9.25,4.47],[8.83,4.25],[8.98,4.0]]}},{"type":"Feature","properties":{"level":1012},"geometry":{"type":"LineString","coordinates":[[10.2,4.25],[10.75,4.05],[10.78,5.25],[11.08,6.25],[11.5,6.35],[12.1,6.0],[12.14,6.75],[12.69,7.25],[12.0,7.52],[11.75,7.53],[11.5,7.15],[11.0,7.38],[10.75,6.77],[10.5,6.89],[9.35,6.25],[9.79,5.5],[9.5,5.08],[9.0,5.28],[8.86,5.0],[9.25,4.58],[9.5,4.88],[10.6,4.75],[10.2,4.25]]}},{"type":"Feature","properties":{"level":1012},"geometry":{"type":"LineString","coordinates":[[101.45,4.25],[101.5,5.48],[101.27,4.75],[101.45,4.25]]}},{"type":"Feature","properties":{"level":1012},"geometry":{"type":"LineString","coordinates":[[80.75,4.37],[80.56,4.5],[80.75,4.74],[80.97,4.5],[80.75,4.37]]}},{"type":"Feature","properties":{"level":1012},"geometry":{"type":"LineString","coordinates":[[-22.55,4.75],[-22.07,4.75],[-22.55,4.75]]}},{"type":"Feature","properties":{"level":1012},"geometry":{"type":"LineString","coordinates":[[44.5,4.74],[43.75,5.61],[42.86,5.75],[41.72,6.5],[41.75,7.12],[42.29,7.5],[42.28,6.75],[43.82,6.5],[44.0,5.94],[44.16,6.5],[44.5,6.49],[45.29,5.25],[45.25,4.95],[44.5,4.74]]}},{"type":"Feature","properties":{"level":1012},"geometry":{"type":"LineString","coordinates":[[80.0,4.73],[80.39,4.75],[80.0,4.73]]}},{"type":"Feature","properties":{"level":1012},"geometry":{"type":"LineString","coordinates":[[-8.16,5.0],[-8.0,4.9],[-7.81,5.25],[-8.0,5.46],[-8.83,5.25],[-8.16,5.0]]}},{"type":"Feature","properties":{"level":1012},"geometry":{"type":"LineString","coordinates":[[46.25,5.49],[45.41,5.75],[46.25,6.57],[46.8,5.75],[46.25,5.49]]}},{"type":"Feature","properties":{"level":1012},"geometry":{"type":"LineString","coordinates":[[13.65,6.0],[14.5,5.79],[15.0,6.49],[15.25,6.36],[15.5,6.75],[15.0,6.84],[14.5,7.36],[13.5,7.51],[12.84,6.75],[13.25,6.64],[13.65,6.0]]}},{"type":"Feature","properties":{"level":1012},"geometry":{"type":"LineString","coordinates":[[80.41,6.0],[80.75,6.06],[81.67,7.0],[81.0,8.61],[80.5,8.83],[80.0,8.21],[79.77,6.75],[80.41,6.0]]}},{"type":"Feature","properties":{"level":1012},"geometry":{"type":"LineString","coordinates":[[-22.5,6.42],[-22.67,6.5],[-22.5,6.66],[-22.33,6.5],[-22.5,6.42]]}},{"type":"Feature","properties":{"level":1012},"geometry":{"type":"LineString","coordinates":[[47.0,6.34],[46.71,6.75],[47.0,7.07],[47.0,6.34]]}},{"type":"Feature","properties":{"level":1012},"geometry":{"type":"LineString","coordinates":[[-25.82,7.5],[-25.08,7.75],[-25.5,8.02],[-25.82,7.5]]}},{"type":"Feature","properties":{"level":1012},"geometry":{"type":"LineString","coordinates":[[-8.72,7.5],[-8.0,7.37],[-7.5,7.47],[-7.37,7.75],[-7.86,8.0],[-7.65,8.5],[-8.25,9.97],[-9.41,10.0],[-9.36,10.5],[-9.75,10.67],[-10.25,10.29],[-10.43,10.5],[-10.33,11.0],[-10.81,11.75],[-11.75,11.89],[-12.25,12.23],[-12.5,12.2],[-13.25,11.03],[-13.5,11.47],[-13.76,11.0],[-13.51,10.75],[-12.75,10.82],[-12.51,10.25],[-11.56,10.0],[-11.83,9.0],[-11.5,8.13],[-11.25,8.11],[-11.0,8.67],[-10.53,8.25],[-10.5,7.61],[-9.75,7.93],[-9.25,7.52],[-8.72,7.5]]}},{"type":"Feature","properties":{"level":1012},"geometry":{"type":"LineString","coordinates":[[-72.11,8.0],[-71.0,8.17],[-69.81,9.5],[-69.95,9.75],[-71.0,9.16],[-71.44,8.75],[-71.34,8.5],[-72.0,8.27],[-72.11,8.0]]}},{"type":"Feature","properties":{"level":1012},"geometry":{"type":"LineString","coordinates":[[-13.26,8.25],[-13.25,8.62],[-13.26,8.25]]}},{"type":"Feature","properties":{"level":1012},"geometry":{"type":"LineString","coordinates":[[-81.85,8.5],[-81.54,8.5],[-81.61,8.75],[-82.25,8.82],[-83.25,9.85],[-84.75,10.5],[-84.0,9.49],[-82.75,8.72],[-82.0,8.72],[-81.85,8.5]]}},{"type":"Feature","properties":{"level":1012},"geometry":{"type":"LineString","coordinates":[[48.0,8.48],[47.5,8.59],[46.94,9.25],[47.27,9.5],[48.51,8.5],[48.0,8.48]]}},{"type":"Feature","properties":{"level":1012},"geometry":{"type":"LineString","coordinates":[[-18.5,9.08],[-18.76,9.5],[-18.5,9.88],[-18.24,9.5],[-18.5,9.08]]}},{"type":"Feature","properties":{"level":1012},"geometry":{"type":"LineString","coordinates":[[-10.0,9.16],[-10.0,9.56],[-10.0,9.16]]}},{"type":"Feature","properties":{"level":1012},"geometry":{"type":"LineString","coordinates":[[-13.1,9.5],[-12.8,9.75],[-12.97,10.25],[-13.25,10.28],[-13.13,10.0],[-13.38,9.75],[-13.1,9.5]]}},{"type":"Feature","properties":{"level":1012},"geometry":{"type":"LineString","coordinates":[[-169.07,10.0],[-168.73,10.0],[-168.5,11.07],[-169.03,10.5],[-169.07,10.0]]}},{"type":"Feature","properties":{"level":1012},"geometry":{"type":"LineString","coordinates":[[-13.68,10.0],[-13.42,10.0],[-13.68,10.0]]}},{"type":"Feature","properties":{"level":1012},"geometry":{"type":"LineString","coordinates":[[75.0,10.12],[75.0,10.78],[75.78,10.25],[75.0,10.12]]}},{"type":"Feature","properties":{"level":1012},"geometry":{"type":"LineString","coordinates":[[18.4,10.5],[19.04,10.5],[18.75,10.78],[18.4,10.5]]}},{"type":"Feature","properties":{"level":1012},"geometry":{"type":"LineString","coordinates":[[74.0,10.45],[73.4,11.0],[74.0,11.23],[74.39,10.5],[74.0,10.45]]}},{"type":"Feature","properties":{"level":1012},"geometry":{"type":"LineString","coordinates":[[72.75,11.24],[72.52,11.5],[72.75,11.76],[72.91,11.5],[72.75,11.24]]}},{"type":"Feature","properties":{"level":1012},"geometry":{"type":"LineString","coordinates":[[-30.68,11.75],[-30.4,11.75],[-30.68,11.75]]}},{"type":"Feature","properties":{"level":1012},"geometry":{"type":"LineString","coordinates":[[0.14,12.25],[0.44,12.25],[0.14,12.25]]}},{"type":"Feature","properties":{"level":1012},"geometry":{"type":"LineString","coordinates":[[73.75,12.16],[73.75,12.45],[73.75,12.16]]}},{"type":"Feature","properties":{"level":1012},"geometry":{"type":"LineString","coordinates":[[-3.03,12.5],[-3.0,12.76],[-3.03,12.5]]}},{"type":"Feature","properties":{"level":1012},"geometry":{"type":"LineString","coordinates":[[38.25,12.41],[38.16,12.75],[38.57,13.0],[38.75,13.55],[38.95,13.0],[38.5,12.36],[38.25,12.41]]}},{"type":"Feature","properties":{"level":1012},"geometry":{"type":"LineString","coordinates":[[-52.15,12.75],[-51.96,12.75],[-52.15,12.75]]}},{"type":"Feature","properties":{"level":1012},"geometry":{"type":"LineString","coordinates":[[74.0,12.62],[73.81,12.75],[74.0,12.83],[74.0,12.62]]}},{"type":"Feature","properties":{"level":1012},"geometry":{"type":"LineString","coordinates":[[-139.3,13.0],[-138.8,13.0],[-139.3,13.0]]}},{"type":"Feature","properties":{"level":1012},"geometry":{"type":"LineString","coordinates":[[-86.55,13.0],[-86.29,13.0],[-87.25,14.1],[-87.75,14.12],[-88.25,14.54],[-89.5,14.59],[-90.25,15.27],[-90.5,15.09],[-91.35,15.25],[-91.16,15.5],[-91.5,16.01],[-91.75,15.39],[-92.32,15.5],[-91.75,14.65],[-89.75,13.59],[-89.25,13.5],[-88.86,13.75],[-89.37,14.0],[-89.25,14.12],[-88.5,14.04],[-88.25,13.77],[-87.39,13.75],[-86.55,13.0]]}},{"type":"Feature","properties":{"level":1012},"geometry":{"type":"LineString","coordinates":[[-29.75,13.16],[-29.92,13.25],[-29.75,13.54],[-29.58,13.25],[-29.75,13.16]]}},{"type":"Feature","properties":{"level":1012},"geometry":{"type":"LineString","coordinates":[[74.0,13.1],[73.25,13.94],[72.75,14.0],[72.9,15.0],[72.75,16.0],[73.25,16.54],[74.1,15.5],[74.1,15.0],[74.76,13.75],[74.75,13.13],[74.0,13.1]]}},{"type":"Feature","properties":{"level":1012},"geometry":{"type":"LineString","coordinates":[[108.11,14.25],[108.5,14.11],[108.75,14.5],[108.29,15.25],[107.62,15.75],[107.74,16.0],[107.0,16.41],[106.81,16.0],[107.18,15.25],[108.11,14.25]]}},{"type":"Feature","properties":{"level":1012},"geometry":{"type":"LineString","coordinates":[[46.0,14.96],[45.41,15.5],[46.0,16.07],[47.0,16.22],[48.32,15.75],[47.25,15.53],[46.75,14.91],[46.0,14.96]]}},{"type":"Feature","properties":{"level":1012},"geometry":{"type":"LineString","coordinates":[[98.7,15.0],[99.27,15.0],[99.29,16.0],[99.0,16.74],[98.44,16.25],[98.7,15.0]]}},{"type":"Feature","properties":{"level":1012},"geometry":{"type":"LineString","coordinates":[[120.65,16.5],[121.0,16.34],[121.3,17.0],[121.0,18.25],[120.65,16.5]]}},{"type":"Feature","properties":{"level":1012},"geometry":{"type":"LineString","coordinates":[[55.5,17.25],[55.21,17.5],[55.5,17.82],[55.73,17.5],[55.5,17.25]]}},{"type":"Feature","properties":{"level":1012},"geometry":{"type":"LineString","coordinates":[[73.0,17.03],[73.0,17.45],[73.0,17.03]]}},{"type":"Feature","properties":{"level":1012},"geometry":{"type":"LineString","coordinates":[[-77.0,17.72],[-77.22,17.75],[-77.0,18.04],[-77.0,17.72]]}},{"type":"Feature","properties":{"level":1012},"geometry":{"type":"LineString","coordinates":[[100.75,18.28],[100.54,18.5],[100.75,19.16],[100.97,18.75],[100.75,18.28]]}},{"type":"Feature","properties":{"level":1012},"geometry":{"type":"LineString","coordinates":[[-99.0,19.11],[-99.36,19.75],[-99.25,20.17],[-98.48,19.75],[-99.0,19.11]]}},{"type":"Feature","properties":{"level":1012},"geometry":{"type":"LineString","coordinates":[[-71.5,19.5],[-71.79,19.75],[-71.23,19.75],[-71.15,19.5],[-71.5,19.5]]}},{"type":"Feature","properties":{"level":1012},"geometry":{"type":"LineString","coordinates":[[-76.75,20.49],[-76.95,20.5],[-76.75,20.49]]}},{"type":"Feature","properties":{"level":1012},"geometry":{"type":"LineString","coordinates":[[75.25,20.73],[74.22,21.5],[75.25,21.29],[75.5,21.02],[76.0,21.27],[77.05,21.0],[76.0,20.71],[75.5,20.97],[75.25,20.73]]}},{"type":"Feature","properties":{"level":1012},"geometry":{"type":"LineString","coordinates":[[72.0,20.82],[71.82,21.0],[72.25,22.5],[72.75,22.67],[73.18,22.0],[72.0,20.82]]}},{"type":"Feature","properties":{"level":1012},"geometry":{"type":"LineString","coordinates":[[-84.75,21.92],[-84.75,22.13],[-84.42,22.0],[-84.75,21.92]]}},{"type":"Feature","properties":{"level":1012},"geometry":{"type":"LineString","coordinates":[[41.25,21.96],[40.67,22.25],[40.75,23.13],[41.25,22.53],[42.25,23.03],[42.73,22.5],[42.25,22.27],[41.75,22.54],[41.64,22.0],[41.25,21.96]]}},{"type":"Feature","properties":{"level":1012},"geometry":{"type":"LineString","coordinates":[[73.5,21.99],[73.75,22.41],[73.75,22.06],[73.5,21.99]]}},{"type":"Feature","properties":{"level":1012},"geometry":{"type":"LineString","coordinates":[[76.25,21.99],[76.75,22.46],[77.2,22.5],[76.75,21.96],[76.25,21.99]]}},{"type":"Feature","properties":{"level":1012},"geometry":{"type":"LineString","coordinates":[[-84.25,22.39],[-84.49,22.5],[-84.25,22.67],[-84.25,22.39]]}},{"type":"Feature","properties":{"level":1012},"geometry":{"type":"LineString","coordinates":[[56.99,23.0],[57.9,23.0],[57.87,23.25],[57.0,23.48],[56.99,23.0]]}},{"type":"Feature","properties":{"level":1012},"geometry":{"type":"LineString","coordinates":[[74.25,23.41],[74.25,23.63],[74.25,23.41]]}},{"type":"Feature","properties":{"level":1012},"geometry":{"type":"LineString","coordinates":[[-104.0,25.0],[-104.5,25.03],[-104.6,25.25],[-103.0,25.71],[-102.55,25.5],[-103.49,25.25],[-103.28,25.0],[-104.0,25.0]]}},{"type":"Feature","properties":{"level":1012},"geometry":{"type":"LineString","coordinates":[[-101.5,26.96],[-101.25,27.51],[-100.32,27.75],[-100.3,27.25],[-101.0,27.36],[-101.5,26.96]]}},{"type":"Feature","properties":{"level":1012},"geometry":{"type":"LineString","coordinates":[[-97.93,28.5],[-97.73,28.5],[-97.75,28.93],[-97.93,28.5]]}},{"type":"Feature","properties":{"level":1012},"geometry":{"type":"LineString","coordinates":[[-8.5,28.66],[-8.81,29.0],[-8.59,29.5],[-7.21,30.25],[-7.07,30.5],[-7.31,31.0],[-6.25,31.31],[-5.93,31.25],[-6.18,31.0],[-5.5,30.95],[-5.36,31.25],[-5.59,31.5],[-5.0,31.8],[-3.88,31.75],[-3.56,31.0],[-4.5,29.44],[-6.25,28.84],[-6.75,29.0],[-7.5,28.63],[-8.5,28.66]]}},{"type":"Feature","properties":{"level":1012},"geometry":{"type":"LineString","coordinates":[[45.92,28.75],[46.12,28.75],[45.92,28.75]]}},{"type":"Feature","properties":{"level":1012},"geometry":{"type":"LineString","coordinates":[[34.75,28.76],[34.75,29.15],[34.75,28.76]]}},{"type":"Feature","properties":{"level":1012},"geometry":{"type":"LineString","coordinates":[[63.5,29.25],[64.25,29.22],[64.58,29.5],[64.0,29.85],[63.5,29.8],[63.15,29.5],[63.5,29.25]]}},{"type":"Feature","properties":{"level":1012},"geometry":{"type":"LineString","coordinates":[[161.0,30.1],[160.46,30.75],[160.5,31.56],[161.5,32.24],[162.46,32.0],[162.72,31.75],[162.5,30.55],[161.75,30.08],[161.0,30.1]]}},{"type":"Feature","properties":{"level":1012},"geometry":{"type":"LineString","coordinates":[[55.5,31.15],[55.08,31.75],[55.0,32.34],[55.25,32.31],[55.52,31.75],[55.5,31.15]]}},{"type":"Feature","properties":{"level":1012},"geometry":{"type":"LineString","coordinates":[[90.5,31.01],[89.95,32.0],[89.96,32.5],[90.5,33.1],[91.74,33.0],[91.19,32.0],[90.31,31.5],[90.65,31.25],[90.5,31.01]]}},{"type":"Feature","properties":{"level":1012},"geometry":{"type":"LineString","coordinates":[[54.25,31.98],[53.7,32.75],[54.75,33.24],[55.21,32.75],[55.0,32.56],[54.25,32.63],[54.25,31.98]]}},{"type":"Feature","properties":{"level":1012},"geometry":{"type":"LineString","coordinates":[[91.75,33.04],[92.11,34.0],[91.25,33.65],[90.85,33.75],[91.25,34.4],[92.5,34.34],[93.5,34.62],[94.16,34.25],[94.0,33.35],[93.25,33.06],[92.0,33.2],[91.75,33.04]]}},{"type":"Feature","properties":{"level":1012},"geometry":{"type":"LineString","coordinates":[[-110.96,34.25],[-110.75,34.09],[-110.34,34.25],[-111.25,34.61],[-111.75,35.38],[-112.13,35.25],[-110.96,34.25]]}},{"type":"Feature","properties":{"level":1012},"geometry":{"type":"LineString","coordinates":[[57.5,34.03],[57.5,34.68],[58.08,35.0],[58.2,34.75],[57.83,34.5],[57.75,34.03],[57.5,34.03]]}},{"type":"Feature","properties":{"level":1012},"geometry":{"type":"LineString","coordinates":[[-180.0,34.5],[-179.58,34.25],[-179.01,33.25],[-178.01,33.0],[-178.0,32.4],[-177.15,31.5],[-176.09,28.75],[-176.31,28.0],[-176.13,27.5],[-176.24,23.0],[-176.22,22.75],[-175.75,22.5],[-176.25,22.11],[-176.52,19.5],[-175.49,16.0],[-175.37,13.75],[-175.65,12.5],[-175.0,12.8],[-174.49,12.25],[-174.27,10.5],[-174.0,10.19],[-173.25,10.18],[-172.75,10.53],[-172.0,10.31],[-170.5,10.68],[-170.0,11.3],[-169.5,11.38],[-168.5,12.26],[-168.25,12.26],[-168.0,11.65],[-167.75,11.68],[-166.5,12.51],[-165.75,12.6],[-165.5,12.93],[-164.0,12.82],[-162.25,13.46],[-160.5,12.91],[-160.0,13.29],[-157.0,13.55],[-155.75,13.39],[-154.5,13.8],[-154.25,13.65],[-153.0,13.91],[-151.5,13.66],[-150.0,13.95],[-147.5,13.53],[-143.0,14.33],[-141.0,14.43],[-140.59,14.25],[-140.56,13.75],[-140.25,13.67],[-138.5,13.87],[-138.05,13.5],[-138.09,13.25],[-138.75,12.89],[-138.97,12.0],[-138.34,11.25],[-137.85,9.5],[-138.03,9.0],[-137.71,8.5],[-137.81,7.25],[-137.53,6.5],[-138.13,5.25],[-138.41,3.5],[-137.94,1.5],[-138.23,-0.25],[-137.35,-0.75],[-137.56,-1.25],[-137.47,-2.5],[-137.17,-2.75],[-137.75,-3.25],[-138.0,-4.06],[-140.25,-4.93],[-140.75,-5.52],[-141.53,-5.25],[-141.13,-4.75],[-141.32,-3.5],[-141.75,-3.01],[-142.5,-3.11],[-143.38,-4.25],[-144.75,-4.65],[-145.5,-4.35],[-145.87,-4.5],[-146.0,-5.02],[-146.25,-4.56],[-146.5,-4.6],[-147.0,-5.47],[-147.75,-5.29],[-148.0,-5.99],[-148.75,-5.81],[-149.0,-6.07],[-149.25,-5.83],[-149.5,-6.09],[-149.75,-5.98],[-150.25,-7.31],[-151.25,-7.29],[-151.75,-8.0],[-152.25,-8.09],[-152.32,-8.75],[-152.59,-9.0],[-153.25,-8.92],[-153.93,-9.25],[-154.08,-9.5],[-153.78,-10.25],[-153.84,-11.25],[-154.25,-11.86],[-154.75,-11.98],[-156.25,-11.55],[-156.75,-10.5],[-158.0,-9.89],[-158.75,-10.03],[-160.0,-9.76],[-160.75,-10.05],[-161.5,-9.92],[-162.25,-10.11],[-163.75,-9.4],[-164.25,-9.54],[-165.75,-9.2],[-166.75,-8.68],[-169.0,-9.09],[-169.25,-9.66],[-170.03,-9.25],[-169.19,-9.0],[-169.34,-8.75],[-170.0,-8.53],[-171.25,-8.52],[-172.33,-9.0],[-172.25,-9.51],[-172.83,-9.25],[-172.5,-8.9],[-172.59,-8.5],[-174.0,-8.55],[-174.5,-8.69],[-174.75,-9.11],[-175.25,-9.02],[-175.5,-10.07],[-176.43,-9.5],[-176.25,-9.12],[-176.0,-9.44],[-175.76,-9.0],[-176.5,-8.44],[-177.25,-8.25],[-177.5,-8.78],[-180.0,-10.12]]}},{"type":"Feature","properties":{"level":1012},"geometry":{"type":"LineString","coordinates":[[98.25,34.43],[97.29,34.75],[97.75,35.09],[98.5,35.01],[98.25,34.43]]}},{"type":"Feature","properties":{"level":1012},"geometry":{"type":"LineString","coordinates":[[0.5,35.3],[-0.16,35.75],[-0.44,36.25],[-0.25,36.67],[1.0,36.56],[1.31,36.25],[0.94,35.5],[0.5,35.3]]}},{"type":"Feature","properties":{"level":1012},"geometry":{"type":"LineString","coordinates":[[-105.81,35.75],[-105.47,36.0],[-105.5,36.87],[-105.81,35.75]]}},{"type":"Feature","properties":{"level":1012},"geometry":{"type":"LineString","coordinates":[[-49.5,35.74],[-50.04,36.0],[-50.05,36.75],[-49.5,37.25],[-48.75,37.13],[-48.58,36.75],[-48.74,36.25],[-49.5,35.74]]}},{"type":"Feature","properties":{"level":1012},"geometry":{"type":"LineString","coordinates":[[-118.55,36.25],[-118.27,36.5],[-118.5,37.13],[-119.75,38.4],[-119.87,38.25],[-119.55,37.5],[-119.25,37.39],[-118.55,36.25]]}},{"type":"Feature","properties":{"level":1012},"geometry":{"type":"LineString","coordinates":[[-106.29,36.5],[-106.11,36.75],[-106.67,38.25],[-106.25,38.35],[-106.05,39.25],[-106.25,39.44],[-107.22,39.0],[-107.25,38.63],[-106.96,38.75],[-106.75,38.35],[-107.5,38.25],[-108.38,37.75],[-108.0,37.31],[-107.0,37.36],[-106.29,36.5]]}},{"type":"Feature","properties":{"level":1012},"geometry":{"type":"LineString","coordinates":[[97.5,36.68],[96.58,37.25],[96.75,37.46],[97.49,37.25],[97.5,36.68]]}},{"type":"Feature","properties":{"level":1012},"geometry":{"type":"LineString","coordinates":[[-45.5,41.23],[-48.5,43.58],[-51.0,44.46],[-53.25,44.95],[-55.0,45.12],[-57.5,44.87],[-59.5,45.32],[-62.0,47.1],[-63.92,49.0],[-64.97,50.5],[-65.0,51.21],[-65.75,51.43],[-68.25,53.57],[-76.06,57.5],[-76.88,58.5],[-78.3,61.5],[-78.37,62.25],[-77.87,63.25],[-77.24,63.75],[-77.02,64.25],[-75.63,65.0],[-74.19,66.25],[-73.77,67.25],[-74.0,68.25],[-73.77,69.0],[-72.75,69.29],[-70.5,68.93],[-68.75,69.3],[-68.55,69.75],[-68.99,70.0],[-68.81,70.5],[-69.68,71.0],[-69.88,71.5],[-69.25,72.04],[-65.86,73.5],[-65.11,74.25],[-65.75,74.75],[-67.5,74.98],[-70.25,74.76],[-74.0,74.89],[-79.0,75.64],[-80.22,76.0],[-79.25,76.54],[-78.22,76.75],[-78.05,77.25],[-79.25,77.91],[-80.0,77.9],[-80.56,78.25],[-73.75,78.55],[-69.5,79.56],[-67.0,79.66],[-65.75,79.24],[-63.59,79.75],[-61.57,79.75],[-61.5,79.34],[-60.91,79.25],[-63.5,79.12],[-64.46,78.75],[-62.5,78.43],[-57.98,76.75],[-57.83,76.25],[-58.26,76.0],[-58.28,75.75],[-57.0,74.5],[-57.15,73.75],[-56.73,73.0],[-56.83,72.0],[-56.36,71.5],[-54.96,71.25],[-54.5,70.95],[-54.0,71.03],[-54.0,70.72],[-52.86,70.5],[-53.08,70.0],[-52.75,69.76],[-52.25,70.21],[-49.5,69.84],[-49.45,69.5],[-48.77,69.0],[-48.75,68.0],[-47.8,66.75],[-48.21,65.0],[-48.67,64.25],[-47.98,63.5],[-47.3,63.25],[-47.18,63.0],[-47.56,62.75],[-47.3,62.5],[-45.5,62.38],[-44.24,61.5],[-44.0,60.83],[-40.44,61.75],[-40.18,62.25],[-39.74,62.5],[-39.35,63.25],[-39.46,63.5],[-38.84,64.25],[-36.75,64.83],[-30.5,63.53],[-27.97,62.75],[-26.0,61.64],[-26.0,61.33],[-30.18,59.25],[-30.86,58.5],[-30.82,58.0],[-31.26,57.5],[-31.52,56.5],[-30.23,53.0],[-31.08,50.75],[-33.5,49.25],[-41.47,42.25],[-42.78,41.5],[-44.25,41.08],[-45.5,41.23]]}},{"type":"Feature","properties":{"level":1012},"geometry":{"type":"LineString","coordinates":[[-166.0,47.39],[-165.63,48.0],[-165.75,48.5],[-165.25,49.09],[-164.75,48.63],[-164.25,49.19],[-163.0,49.87],[-161.13,49.75],[-161.33,49.5],[-162.25,49.31],[-162.29,49.0],[-162.96,48.5],[-164.25,48.06],[-164.55,47.75],[-166.0,47.39]]}},{"type":"Feature","properties":{"level":1012},"geometry":{"type":"LineString","coordinates":[[120.25,47.74],[119.25,48.56],[116.5,48.66],[114.71,50.0],[114.22,51.0],[114.25,52.25],[115.5,53.8],[117.75,54.6],[120.25,54.19],[123.25,52.87],[123.45,52.25],[123.87,52.0],[123.69,51.5],[123.86,51.0],[123.31,51.0],[123.57,50.5],[123.48,50.0],[123.05,49.75],[122.94,49.25],[121.75,48.81],[120.25,47.74]]}},{"type":"Feature","properties":{"level":1012},"geometry":{"type":"LineString","coordinates":[[180.0,48.47],[177.25,48.45],[170.0,48.97],[162.75,49.85],[158.08,50.75],[157.25,51.06],[156.75,51.8],[154.84,52.75],[151.75,54.77],[150.11,56.5],[149.62,57.75],[150.0,59.29],[150.5,59.51],[153.0,59.21],[153.28,59.5],[153.3,60.0],[155.44,60.75],[156.75,61.79],[159.0,62.59],[159.3,63.0],[159.89,63.25],[159.89,63.5],[159.25,63.79],[157.0,64.23],[156.0,64.88],[155.0,65.05],[154.44,65.5],[153.75,66.61],[152.73,67.25],[152.08,68.25],[151.74,69.5],[152.26,71.0],[153.48,72.25],[158.0,74.93],[160.0,75.62],[170.75,78.08],[180.0,79.22]]}},{"type":"Feature","properties":{"level":1012},"geometry":{"type":"LineString","coordinates":[[-123.25,50.5],[-124.54,51.75],[-124.0,51.69],[-123.75,51.31],[-122.75,51.4],[-122.32,51.0],[-122.5,50.66],[-123.25,50.5]]}},{"type":"Feature","properties":{"level":1012},"geometry":{"type":"LineString","coordinates":[[-121.25,51.36],[-122.75,51.82],[-123.25,52.49],[-124.25,52.22],[-124.5,52.24],[-124.5,52.5],[-122.75,52.59],[-121.0,51.64],[-121.0,51.4],[-121.25,51.36]]}},{"type":"Feature","properties":{"level":1012},"geometry":{"type":"LineString","coordinates":[[-19.25,62.95],[-19.83,63.25],[-18.91,63.25],[-18.86,63.0],[-19.25,62.95]]}},{"type":"Feature","properties":{"level":1012},"geometry":{"type":"LineString","coordinates":[[-68.35,69.5],[-68.16,69.5],[-68.35,69.5]]}},{"type":"Feature","properties":{"level":1012},"geometry":{"type":"LineString","coordinates":[[-67.25,76.25],[-66.5,76.19],[-65.32,76.5],[-67.25,76.54],[-67.25,76.25]]}},{"type":"Feature","properties":{"level":1012},"geometry":{"type":"LineString","coordinates":[[-70.25,78.5],[-68.5,78.49],[-66.62,79.0],[-68.75,79.06],[-70.25,78.5]]}},{"type":"Feature","properties":{"level":1012},"geometry":{"type":"LineString","coordinates":[[-180.0,79.22],[-166.5,80.17],[-140.5,79.83],[-127.0,78.96],[-123.0,78.43],[-119.21,77.5],[-116.8,76.0],[-117.28,75.5],[-118.31,75.0],[-118.27,74.5],[-117.93,74.25],[-119.91,73.5],[-120.07,72.5],[-121.62,71.5],[-121.59,70.5],[-121.23,70.0],[-122.25,69.9],[-122.5,69.5],[-122.08,69.25],[-122.91,69.0],[-122.75,68.0],[-122.24,67.5],[-122.22,66.75],[-121.71,66.25],[-121.73,65.75],[-121.39,65.25],[-121.22,63.0],[-120.48,62.25],[-120.96,62.0],[-120.7,61.0],[-120.33,60.75],[-120.42,60.5],[-120.0,60.27],[-117.91,60.25],[-118.25,59.75],[-118.0,59.34],[-116.0,59.77],[-115.5,59.63],[-115.0,59.11],[-114.0,58.91],[-111.0,59.19],[-108.25,58.98],[-101.25,57.94],[-98.37,57.25],[-92.88,55.0],[-91.5,53.5],[-90.75,51.64],[-90.29,51.25],[-90.38,50.5],[-89.79,49.0],[-90.28,47.75],[-89.75,47.74],[-89.0,47.13],[-89.2,46.5],[-90.14,45.5],[-90.75,44.41],[-94.75,41.44],[-98.0,38.48],[-98.81,37.5],[-99.07,36.75],[-101.5,35.36],[-102.5,34.5],[-102.5,34.1],[-103.25,33.94],[-103.75,34.16],[-104.5,33.14],[-105.0,33.33],[-105.58,34.25],[-106.38,34.75],[-106.23,35.0],[-106.5,35.14],[-106.59,34.5],[-107.0,34.02],[-107.68,34.5],[-108.25,35.36],[-108.5,35.37],[-109.0,34.93],[-109.45,35.0],[-109.12,34.5],[-110.23,34.0],[-110.21,33.5],[-109.21,32.5],[-109.25,32.33],[-109.5,32.43],[-109.75,32.89],[-110.16,32.75],[-110.28,32.5],[-110.05,31.75],[-110.25,31.55],[-110.5,31.66],[-110.51,31.25],[-110.0,30.86],[-109.75,30.86],[-109.5,31.47],[-109.05,31.25],[-108.95,30.0],[-108.59,29.25],[-109.04,29.0],[-109.01,28.25],[-108.5,28.13],[-108.09,27.25],[-107.75,27.25],[-107.18,26.25],[-107.05,25.5],[-106.5,25.61],[-106.32,25.0],[-105.98,24.75],[-106.01,24.25],[-105.57,24.0],[-105.5,23.64],[-104.75,23.27],[-104.25,23.1],[-103.75,23.47],[-103.61,23.0],[-103.33,23.0],[-103.25,23.28],[-103.0,22.89],[-102.75,22.91],[-102.5,23.41],[-102.0,23.47],[-101.38,22.75],[-101.55,22.25],[-101.31,22.0],[-101.34,21.25],[-100.75,21.37],[-100.72,21.0],[-99.75,20.9],[-99.58,20.5],[-99.75,20.19],[-100.35,20.25],[-100.16,20.0],[-100.43,19.5],[-99.75,18.84],[-98.5,18.94],[-98.41,19.5],[-98.12,19.5],[-96.89,18.0],[-97.0,17.81],[-97.5,18.32],[-97.55,17.5],[-97.12,17.25],[-97.1,16.75],[-96.75,17.1],[-95.93,17.0],[-96.85,18.25],[-96.97,18.75],[-96.74,19.75],[-97.75,20.11],[-98.42,21.0],[-98.92,21.25],[-99.0,21.59],[-99.38,21.75],[-99.43,22.75],[-99.21,23.0],[-99.33,23.5],[-99.16,23.75],[-99.42,24.5],[-99.25,24.74],[-98.75,24.45],[-98.52,24.75],[-99.0,24.93],[-99.25,24.8],[-99.36,25.0],[-98.63,25.75],[-98.34,26.5],[-98.5,26.73],[-99.5,26.27],[-100.0,26.28],[-99.62,27.75],[-100.0,28.01],[-100.25,27.83],[-100.54,28.75],[-100.38,29.25],[-100.0,29.39],[-99.75,29.28],[-99.0,29.57],[-98.75,29.5],[-98.75,29.22],[-97.0,29.74],[-96.25,30.54],[-94.0,29.78],[-93.75,30.26],[-93.5,30.27],[-93.03,30.0],[-93.5,29.93],[-93.7,29.0],[-94.52,28.5],[-94.34,27.5],[-92.5,27.49],[-92.04,27.0],[-92.02,25.5],[-91.16,24.0],[-87.75,23.15],[-87.25,22.73],[-85.74,22.25],[-84.06,20.75],[-81.75,19.16],[-79.75,18.75],[-78.75,18.18],[-78.5,18.17],[-78.25,18.68],[-78.0,18.24],[-77.75,18.31],[-77.25,16.92],[-76.58,17.0],[-76.25,16.43],[-74.0,16.34],[-73.25,16.52],[-70.75,15.76],[-68.0,16.33],[-65.5,15.81],[-65.25,15.48],[-63.75,15.55],[-62.0,15.07],[-61.5,15.54],[-61.5,15.0],[-61.0,14.53],[-60.25,14.64],[-57.5,14.33],[-56.75,13.83],[-55.75,14.11],[-54.75,13.93],[-54.25,14.27],[-54.0,13.93],[-53.0,13.82],[-52.75,14.32],[-52.0,14.06],[-52.0,13.46],[-51.25,14.11],[-49.75,14.2],[-47.5,13.7],[-47.0,13.89],[-46.25,12.97],[-45.25,12.78],[-44.0,13.34],[-43.5,13.18],[-43.0,13.55],[-42.75,13.15],[-42.5,13.27],[-41.75,12.88],[-41.0,12.79],[-40.25,13.2],[-38.5,12.66],[-38.25,12.95],[-37.75,12.7],[-37.5,13.09],[-36.75,13.3],[-36.0,13.15],[-35.5,13.39],[-34.75,13.18],[-34.5,13.39],[-33.5,13.29],[-32.25,12.68],[-31.75,12.84],[-31.0,12.62],[-30.5,12.98],[-29.89,12.75],[-29.5,11.66],[-29.25,11.75],[-28.0,10.42],[-26.5,9.62],[-25.0,9.21],[-24.83,9.0],[-25.29,8.5],[-25.23,8.25],[-24.34,8.0],[-22.77,7.0],[-23.09,6.5],[-22.67,6.25],[-22.96,6.0],[-22.5,5.75],[-21.75,5.87],[-21.3,5.5],[-21.09,4.75],[-21.5,4.46],[-19.75,4.0],[-19.75,3.25],[-18.75,3.38],[-18.4,3.0],[-19.75,2.49],[-21.25,2.65],[-21.59,2.25],[-21.28,1.75],[-21.5,1.38],[-22.0,1.25],[-21.0,0.29],[-20.96,-0.5],[-21.44,-1.0],[-21.47,-1.75],[-21.75,-2.02],[-23.0,-1.72],[-23.75,-1.13],[-24.5,-2.02],[-25.0,-2.1],[-25.25,-2.56],[-26.0,-3.0],[-27.0,-3.18],[-27.5,-3.01],[-28.25,-3.34],[-28.5,-3.19],[-28.54,-3.5],[-29.0,-3.87],[-29.5,-3.61],[-30.0,-3.96],[-30.25,-3.75],[-31.25,-4.39],[-31.75,-4.0],[-32.5,-4.08],[-34.0,-5.05],[-35.25,-5.08],[-35.38,-5.25],[-35.3,-7.25],[-35.81,-8.5],[-35.67,-8.75],[-36.01,-8.75],[-35.91,-9.25],[-36.59,-10.25],[-37.32,-10.75],[-38.36,-12.75],[-39.0,-12.85],[-39.45,-13.75],[-39.4,-15.75],[-39.2,-16.25],[-39.84,-19.0],[-38.97,-22.25],[-39.83,-22.75],[-39.97,-24.25],[-40.55,-24.75],[-40.61,-25.25],[-39.31,-28.25],[-37.75,-30.28],[-37.73,-31.0],[-37.5,-31.25],[-38.0,-31.29],[-38.25,-31.78],[-39.67,-33.0],[-40.75,-32.99],[-41.5,-33.47],[-43.0,-32.89],[-43.75,-33.0],[-45.5,-32.75],[-46.25,-32.21],[-46.75,-31.06],[-47.75,-30.05],[-48.0,-30.03],[-48.5,-30.92],[-48.75,-30.8],[-48.75,-30.23],[-47.87,-28.25],[-48.0,-27.42],[-48.75,-27.32],[-49.5,-27.67],[-50.5,-26.62],[-51.64,-26.25],[-51.53,-25.25],[-52.0,-24.72],[-52.77,-24.75],[-52.25,-24.73],[-52.17,-24.5],[-52.91,-23.25],[-52.85,-23.0],[-54.3,-21.5],[-55.0,-21.48],[-55.31,-20.5],[-57.04,-19.5],[-57.75,-18.35],[-60.5,-17.45],[-61.0,-18.1],[-61.5,-18.06],[-62.5,-17.06],[-63.0,-17.17],[-64.25,-16.76],[-65.18,-17.0],[-67.25,-15.69],[-67.55,-16.0],[-66.5,-17.22],[-64.75,-17.82],[-64.14,-18.5],[-64.51,-19.5],[-64.49,-20.25],[-64.76,-20.5],[-64.45,-21.5],[-65.04,-22.5],[-64.89,-23.25],[-65.61,-24.0],[-65.84,-24.75],[-66.07,-26.0],[-65.74,-26.75],[-66.25,-27.28],[-67.0,-27.35],[-67.34,-27.75],[-67.25,-28.23],[-66.73,-27.75],[-66.25,-27.74],[-66.5,-28.54],[-67.0,-28.29],[-67.5,-28.6],[-67.75,-27.92],[-68.05,-29.0],[-68.0,-29.82],[-68.5,-29.29],[-69.05,-29.25],[-67.76,-26.75],[-67.74,-26.0],[-68.02,-26.0],[-67.58,-25.25],[-67.9,-24.75],[-67.75,-24.48],[-67.25,-24.52],[-67.01,-24.25],[-67.15,-24.0],[-66.79,-22.5],[-66.98,-22.0],[-67.5,-22.03],[-67.75,-21.42],[-68.25,-21.33],[-68.2,-20.75],[-68.52,-20.25],[-69.0,-18.04],[-69.5,-17.66],[-69.77,-17.0],[-70.26,-16.75],[-70.5,-16.33],[-71.37,-16.0],[-71.88,-15.0],[-72.5,-14.6],[-73.0,-14.67],[-73.3,-15.0],[-72.76,-16.0],[-73.0,-16.17],[-73.36,-16.0],[-73.59,-15.75],[-73.4,-15.5],[-73.93,-15.25],[-73.63,-14.75],[-74.25,-14.61],[-75.0,-13.58],[-75.0,-13.25],[-74.57,-13.5],[-74.5,-13.84],[-74.35,-13.75],[-74.32,-13.25],[-74.72,-12.75],[-74.5,-12.62],[-74.0,-13.2],[-73.58,-13.0],[-74.24,-12.25],[-74.53,-11.5],[-75.34,-11.0],[-75.21,-10.5],[-75.75,-9.27],[-76.21,-9.25],[-77.26,-7.25],[-77.29,-6.75],[-76.88,-6.25],[-77.5,-5.75],[-77.37,-5.5],[-78.25,-5.37],[-78.25,-6.33],[-78.75,-6.14],[-79.0,-6.3],[-79.13,-6.0],[-79.02,-5.0],[-78.56,-5.0],[-78.64,-4.25],[-78.25,-4.0],[-78.56,-3.5],[-78.25,-3.55],[-78.11,-3.25],[-78.25,-2.54],[-77.35,-0.5],[-77.44,0.25],[-76.5,1.35],[-76.02,1.5],[-75.96,2.5],[-75.57,3.0],[-75.68,3.5],[-75.04,4.75],[-75.25,5.93],[-75.66,4.5],[-76.15,4.0],[-76.25,3.25],[-77.0,1.76],[-77.25,1.44],[-77.75,1.57],[-78.89,0.5],[-79.37,-1.5],[-79.2,-2.25],[-80.26,-4.0],[-79.94,-4.5],[-80.12,-5.0],[-79.69,-5.5],[-79.65,-6.25],[-79.22,-6.75],[-79.0,-7.91],[-80.25,-6.48],[-82.5,-5.12],[-83.0,-3.5],[-83.64,-2.75],[-86.24,-2.25],[-86.5,-2.0],[-86.47,-1.5],[-87.0,-0.88],[-88.25,-0.91],[-89.25,-0.57],[-89.87,0.25],[-91.0,-0.07],[-91.41,0.25],[-91.75,0.98],[-92.74,1.25],[-92.85,1.75],[-93.61,2.5],[-94.25,2.3],[-95.75,3.23],[-97.0,3.02],[-97.75,3.19],[-98.25,2.89],[-99.75,2.78],[-100.5,2.2],[-101.25,2.23],[-103.0,1.74],[-103.5,1.99],[-103.75,1.75],[-104.75,2.72],[-106.75,2.8],[-107.5,3.0],[-108.0,3.63],[-108.25,3.43],[-108.75,4.03],[-109.0,3.81],[-109.25,3.93],[-109.75,4.34],[-109.7,5.0],[-110.25,5.61],[-110.5,5.74],[-110.97,5.5],[-111.0,5.19],[-112.21,6.0],[-112.5,6.49],[-113.18,6.75],[-113.25,7.41],[-113.53,7.5],[-113.94,8.5],[-114.47,8.5],[-114.75,9.73],[-115.75,9.8],[-116.5,10.27],[-116.53,10.75],[-117.32,11.75],[-117.82,13.0],[-117.21,13.75],[-118.19,14.0],[-116.96,15.0],[-116.92,15.5],[-117.5,16.25],[-118.03,16.25],[-118.5,17.21],[-119.75,16.23],[-120.5,17.04],[-122.0,17.65],[-122.75,17.52],[-124.5,16.65],[-124.5,17.58],[-125.75,17.35],[-126.25,17.52],[-127.0,18.44],[-131.75,20.59],[-131.97,25.5],[-131.79,26.5],[-131.04,28.0],[-130.0,29.29],[-128.8,30.25],[-127.71,31.0],[-124.4,32.5],[-124.15,33.0],[-123.24,33.75],[-123.7,34.0],[-123.72,34.25],[-123.0,35.25],[-123.55,36.25],[-123.54,37.0],[-124.22,38.5],[-124.36,39.75],[-123.89,40.75],[-124.0,41.88],[-122.5,42.15],[-121.5,44.54],[-121.0,44.41],[-120.0,45.13],[-118.95,45.5],[-121.44,46.0],[-120.62,48.25],[-120.63,49.0],[-120.13,49.5],[-119.88,50.25],[-120.47,50.75],[-119.58,52.0],[-120.74,53.25],[-120.81,53.5],[-120.31,53.5],[-120.43,54.0],[-121.72,55.25],[-120.79,55.75],[-121.25,56.02],[-122.25,56.06],[-121.78,55.5],[-122.0,55.18],[-122.5,55.62],[-124.0,56.11],[-124.49,55.75],[-123.95,55.25],[-125.02,55.0],[-124.75,54.4],[-125.2,54.5],[-125.75,55.12],[-126.72,55.25],[-127.25,56.04],[-129.25,55.94],[-130.0,56.32],[-130.72,56.0],[-131.12,55.5],[-131.32,54.25],[-132.5,53.59],[-134.5,53.42],[-135.75,53.46],[-138.75,54.4],[-142.5,55.03],[-149.5,55.15],[-152.75,54.97],[-157.13,54.0],[-159.75,52.41],[-162.29,51.5],[-164.25,49.9],[-165.5,49.62],[-166.12,49.75],[-169.39,48.75],[-171.75,48.49],[-174.0,48.77],[-180.0,48.47]]}},{"type":"Feature","properties":{"level":1012},"geometry":{"type":"LineString","coordinates":[[-23.75,79.45],[-24.76,80.0],[-24.33,80.0],[-23.57,79.5],[-23.75,79.45]]}},{"type":"Feature","properties":{"level":1012},"geometry":{"type":"LineString","coordinates":[[180.0,89.89],[126.0,89.58],[117.75,89.08],[113.75,88.53],[111.5,87.94],[107.75,86.45],[104.99,85.0],[102.96,83.25],[102.21,82.25],[101.5,81.81],[98.0,80.64],[94.49,80.25],[94.91,80.0],[94.5,79.52],[92.1,77.75],[81.0,72.76],[79.55,70.5],[77.45,68.25],[73.0,65.18],[71.5,64.5],[65.15,63.0],[58.75,60.15],[57.71,59.0],[57.19,57.0],[56.24,55.25],[55.98,54.0],[54.68,52.0],[54.61,51.5],[53.8,50.5],[53.86,50.0],[52.5,49.35],[48.08,51.75],[46.73,53.0],[45.4,53.5],[38.75,54.15],[36.5,54.1],[30.75,53.39],[26.75,53.71],[22.75,53.66],[17.5,54.58],[4.33,56.0],[-1.5,57.24],[-2.81,57.25],[-3.25,57.63],[-4.25,57.78],[-5.0,58.28],[-9.0,59.46],[-12.69,61.25],[-15.25,63.51],[-15.5,63.13],[-16.75,63.04],[-17.48,63.25],[-17.93,63.75],[-17.25,64.0],[-16.5,63.84],[-15.0,64.31],[-13.91,65.25],[-13.83,65.75],[-15.16,68.25],[-15.17,69.0],[-14.79,70.25],[-12.5,73.34],[-9.35,76.0],[-9.25,76.51],[-10.05,77.0],[-11.75,77.33],[-18.75,77.57],[-21.0,78.08],[-21.48,78.75],[-22.24,79.0],[-21.62,79.25],[-21.75,79.35],[-23.12,79.5],[-20.75,80.02],[-19.91,80.5],[-20.0,80.62],[-22.0,80.52],[-25.25,81.18],[-27.75,81.31],[-28.0,81.8],[-29.5,82.19],[-30.42,82.75],[-29.75,82.92],[-29.5,83.26],[-31.75,83.36],[-35.25,84.01],[-47.5,84.5],[-56.5,85.33],[-64.73,86.75],[-70.75,88.81],[-77.25,89.44],[-103.75,89.83],[-180.0,89.89]]}},{"type":"Feature","properties":{"level":1016},"geometry":{"type":"LineString","coordinates":[[180.0,-88.67],[161.75,-88.2],[158.25,-87.56],[150.61,-87.25],[153.8,-86.75],[151.0,-86.6],[144.5,-85.29],[141.75,-85.0],[141.35,-84.75],[141.91,-84.5],[141.98,-84.25],[141.52,-84.0],[136.49,-83.0],[137.37,-82.5],[137.39,-82.25],[135.18,-81.75],[136.0,-80.98],[129.83,-80.5],[131.0,-80.07],[130.97,-79.5],[131.29,-79.25],[131.0,-78.96],[129.22,-78.5],[129.11,-78.25],[132.5,-77.26],[133.75,-77.27],[136.25,-77.83],[138.17,-77.5],[139.44,-76.75],[138.5,-76.35],[137.25,-76.63],[136.66,-76.5],[136.66,-76.25],[137.48,-76.0],[136.89,-75.25],[135.88,-74.75],[135.52,-74.25],[134.21,-73.75],[133.0,-72.48],[131.25,-72.01],[129.5,-72.14],[128.25,-71.67],[122.75,-71.11],[119.25,-71.37],[113.25,-71.39],[107.5,-70.52],[102.91,-71.0],[105.9,-72.0],[106.03,-72.25],[103.76,-72.75],[103.75,-73.0],[101.5,-72.15],[96.5,-71.31],[95.5,-70.91],[89.5,-71.15],[85.76,-71.75],[82.5,-72.92],[81.81,-73.5],[80.53,-75.25],[79.75,-75.62],[77.25,-76.3],[73.0,-76.58],[65.75,-76.6],[61.75,-75.99],[59.5,-76.09],[57.25,-75.86],[50.75,-75.94],[40.75,-74.7],[29.0,-74.09],[26.5,-73.54],[21.91,-74.25],[18.25,-74.41],[17.0,-74.7],[16.67,-75.0],[17.64,-76.25],[19.5,-77.0],[23.35,-78.0],[29.75,-79.03],[31.25,-80.16],[35.25,-81.75],[35.5,-82.0],[35.42,-82.25],[31.75,-82.61],[25.5,-82.67],[10.65,-84.25],[5.68,-85.0],[3.7,-85.5],[2.81,-86.0],[3.73,-86.5],[3.96,-87.0],[6.51,-87.5],[6.47,-87.75],[-17.5,-88.48],[-52.25,-88.54],[-130.25,-88.12],[-143.25,-88.2],[-146.52,-88.5],[-154.25,-88.63],[-180.0,-88.67]]}},{"type":"Feature","properties":{"level":1016},"geometry":{"type":"LineString","coordinates":[[28.0,-83.52],[27.3,-83.25],[29.61,-83.25],[30.5,-83.5],[28.0,-83.52]]}},{"type":"Feature","properties":{"level":1016},"geometry":{"type":"LineString","coordinates":[[-71.0,-55.11],[-70.75,-54.3],[-70.5,-54.61],[-70.13,-54.5],[-70.5,-55.19],[-71.0,-55.11]]}},{"type":"Feature","properties":{"level":1016},"geometry":{"type":"LineString","coordinates":[[-70.75,-54.17],[-70.75,-53.87],[-70.5,-53.96],[-70.75,-54.17]]}},{"type":"Feature","properties":{"level":1016},"geometry":{"type":"LineString","coordinates":[[-70.19,-52.75],[-69.9,-52.75],[-70.19,-52.75]]}},{"type":"Feature","properties":{"level":1016},"geometry":{"type":"LineString","coordinates":[[-180.0,-52.49],[-175.93,-53.0],[-172.25,-53.02],[-165.25,-52.33],[-160.0,-51.09],[-158.5,-50.24],[-156.67,-48.75],[-152.25,-44.0],[-148.97,-41.0],[-146.53,-38.25],[-144.47,-36.5],[-138.75,-33.44],[-131.75,-32.65],[-129.0,-32.68],[-121.25,-33.86],[-110.0,-36.37],[-105.0,-37.87],[-100.75,-38.78],[-99.25,-38.83],[-97.76,-38.5],[-95.25,-36.97],[-92.98,-36.0],[-92.08,-35.0],[-91.0,-34.34],[-90.25,-33.42],[-89.25,-33.44],[-87.5,-32.74],[-87.25,-32.97],[-86.0,-32.31],[-85.5,-32.57],[-85.25,-31.79],[-85.0,-31.74],[-85.0,-32.58],[-84.75,-32.63],[-84.25,-32.13],[-83.5,-32.59],[-82.5,-32.75],[-81.0,-32.3],[-79.83,-33.0],[-76.25,-37.08],[-74.47,-39.5],[-74.0,-40.54],[-73.11,-39.5],[-73.05,-39.0],[-73.33,-38.5],[-73.28,-37.75],[-73.0,-37.46],[-72.5,-37.22],[-71.75,-37.43],[-71.5,-37.04],[-71.12,-37.0],[-71.21,-36.5],[-71.0,-36.21],[-70.5,-36.76],[-70.25,-36.2],[-68.75,-36.3],[-68.58,-35.75],[-68.25,-35.74],[-68.05,-36.5],[-68.5,-37.9],[-69.0,-38.28],[-68.93,-38.0],[-69.5,-37.7],[-70.25,-37.7],[-70.5,-38.03],[-71.0,-37.88],[-71.07,-38.5],[-70.75,-39.38],[-71.0,-39.63],[-71.5,-39.51],[-71.75,-39.75],[-72.14,-41.25],[-70.86,-42.0],[-70.44,-42.5],[-70.58,-43.25],[-71.08,-43.5],[-71.0,-43.84],[-69.75,-44.35],[-69.5,-44.84],[-69.25,-44.74],[-68.81,-45.25],[-69.38,-47.0],[-68.45,-48.5],[-68.13,-50.0],[-68.54,-50.75],[-68.82,-52.25],[-69.58,-52.5],[-69.0,-52.63],[-68.9,-53.0],[-69.14,-53.25],[-68.56,-53.5],[-68.39,-54.0],[-66.25,-54.75],[-68.75,-55.42],[-69.25,-55.21],[-69.5,-55.46],[-70.0,-55.0],[-69.2,-54.75],[-69.22,-54.5],[-70.03,-53.75],[-69.32,-53.5],[-70.25,-53.39],[-70.47,-53.25],[-70.25,-52.9],[-70.75,-52.83],[-71.04,-53.75],[-71.47,-54.0],[-71.03,-54.25],[-71.25,-54.63],[-72.0,-54.57],[-72.09,-54.75],[-71.58,-55.25],[-70.35,-55.75],[-66.5,-56.74],[-63.25,-57.96],[-59.5,-58.74],[-54.5,-58.62],[-49.5,-57.15],[-34.25,-49.49],[-24.53,-45.25],[-22.85,-44.0],[-22.05,-43.0],[-20.02,-39.0],[-19.11,-35.75],[-18.71,-35.5],[-18.45,-33.25],[-18.73,-32.75],[-18.47,-32.5],[-18.9,-31.0],[-20.52,-30.5],[-19.5,-30.0],[-17.0,-29.52],[-13.0,-29.48],[-10.75,-29.89],[-9.0,-30.45],[-7.75,-30.58],[-7.25,-31.1],[-7.0,-31.0],[-5.25,-31.54],[-3.75,-32.25],[-2.5,-33.05],[2.0,-37.07],[6.37,-42.0],[9.22,-44.25],[12.46,-48.75],[13.25,-49.53],[15.75,-51.25],[18.75,-52.63],[21.32,-54.5],[23.5,-55.31],[25.25,-55.57],[28.5,-55.21],[34.5,-53.23],[39.0,-52.18],[44.25,-51.57],[52.75,-50.04],[62.25,-48.98],[67.25,-47.86],[72.75,-46.19],[77.0,-46.12],[93.0,-46.98],[99.25,-46.77],[102.5,-46.23],[110.25,-44.08],[117.0,-42.92],[118.0,-42.47],[120.18,-40.75],[120.51,-39.75],[121.62,-39.0],[121.78,-38.25],[121.16,-36.0],[118.5,-34.1],[117.69,-34.0],[117.41,-33.75],[117.5,-33.24],[116.25,-32.78],[115.75,-33.25],[115.25,-33.02],[114.25,-33.05],[112.75,-32.19],[110.75,-30.24],[109.61,-29.75],[107.12,-27.25],[105.75,-25.13],[105.25,-24.91],[104.48,-24.0],[104.25,-23.25],[103.6,-23.25],[103.71,-22.75],[104.29,-22.5],[104.42,-21.75],[103.89,-21.0],[104.07,-20.75],[103.84,-20.5],[102.5,-20.18],[102.25,-20.79],[101.75,-20.02],[101.0,-19.43],[99.5,-19.79],[97.25,-18.08],[93.25,-16.9],[92.25,-16.95],[92.0,-16.73],[90.0,-16.55],[88.25,-15.85],[87.0,-15.69],[84.75,-15.01],[81.64,-13.5],[77.0,-11.69],[73.25,-10.9],[70.75,-11.03],[67.25,-10.49],[65.5,-10.59],[64.75,-11.03],[64.25,-10.51],[63.25,-10.66],[62.5,-11.23],[60.25,-11.32],[59.75,-11.71],[58.75,-11.14],[58.0,-11.1],[57.75,-11.39],[57.0,-11.46],[56.54,-12.0],[56.0,-12.18],[55.25,-11.61],[53.75,-11.48],[52.5,-10.9],[50.75,-10.66],[48.0,-10.87],[47.5,-10.51],[46.0,-11.0],[44.89,-11.75],[45.27,-12.5],[45.0,-12.61],[44.75,-12.57],[44.5,-12.01],[44.03,-12.0],[43.75,-11.45],[43.25,-11.31],[43.05,-11.75],[43.64,-12.25],[43.15,-12.5],[43.14,-12.75],[43.5,-13.38],[43.75,-13.48],[44.75,-13.03],[46.25,-12.95],[47.35,-14.25],[47.03,-16.0],[47.35,-16.75],[47.01,-17.25],[46.0,-17.64],[45.57,-16.75],[44.7,-16.0],[44.55,-15.5],[44.25,-15.45],[43.56,-16.25],[43.39,-17.25],[43.52,-18.0],[43.25,-18.43],[41.36,-17.25],[41.25,-16.74],[39.25,-17.74],[36.98,-18.25],[37.25,-17.85],[38.45,-17.25],[39.9,-17.0],[39.56,-16.5],[40.36,-16.0],[40.36,-15.0],[40.66,-14.75],[40.36,-14.0],[40.0,-13.73],[39.96,-14.25],[39.25,-14.6],[36.8,-15.25],[36.21,-16.25],[35.75,-16.44],[35.88,-16.75],[35.45,-17.5],[35.5,-18.0],[34.75,-18.62],[34.5,-18.04],[33.75,-18.21],[33.43,-17.5],[32.75,-17.59],[32.5,-17.85],[32.25,-17.45],[31.25,-17.6],[30.74,-18.0],[30.81,-18.5],[30.38,-19.0],[27.97,-20.5],[29.25,-20.57],[29.75,-21.11],[30.5,-20.65],[31.75,-20.66],[32.25,-20.28],[32.5,-20.74],[33.07,-20.75],[33.19,-22.75],[32.18,-23.75],[31.75,-23.59],[31.5,-24.01],[30.56,-23.75],[31.25,-22.78],[31.75,-23.34],[32.04,-23.25],[31.75,-22.68],[30.5,-22.51],[29.0,-22.91],[28.75,-23.64],[28.0,-23.93],[27.62,-24.5],[28.25,-24.84],[29.25,-24.53],[29.43,-24.75],[29.25,-25.09],[28.5,-25.16],[28.39,-25.75],[28.0,-26.07],[26.5,-25.49],[26.0,-25.75],[25.7,-26.25],[25.69,-27.25],[26.72,-28.0],[26.93,-29.25],[26.68,-29.5],[27.35,-29.5],[27.11,-30.0],[27.41,-30.25],[26.75,-31.06],[25.25,-31.95],[24.75,-31.47],[21.5,-31.5],[21.8,-31.0],[20.85,-30.5],[20.23,-29.75],[18.75,-29.31],[18.25,-29.37],[17.5,-28.99],[17.32,-28.5],[16.92,-28.25],[17.22,-27.75],[16.74,-27.5],[16.83,-27.25],[16.25,-26.78],[15.5,-27.44],[14.08,-26.75],[9.23,-21.25],[8.06,-20.75],[7.0,-19.68],[3.5,-17.75],[2.5,-16.83],[1.75,-16.82],[1.5,-16.03],[0.75,-16.24],[0.37,-16.0],[0.2,-15.5],[-0.3,-15.25],[-0.75,-14.3],[-0.75,-13.57],[-1.25,-13.03],[-1.5,-13.9],[-1.97,-13.5],[-2.18,-12.75],[-2.5,-13.27],[-3.5,-12.64],[-4.0,-12.7],[-4.25,-11.97],[-4.75,-12.44],[-5.75,-11.73],[-6.25,-11.68],[-6.18,-12.5],[-6.75,-12.67],[-7.25,-12.2],[-9.75,-11.3],[-12.25,-10.97],[-13.0,-11.3],[-14.25,-11.08],[-15.75,-11.33],[-16.25,-11.11],[-17.25,-11.59],[-20.25,-11.83],[-21.5,-12.47],[-22.5,-12.33],[-23.5,-12.49],[-26.25,-13.4],[-27.29,-14.0],[-28.75,-14.32],[-32.5,-16.55],[-33.87,-19.0],[-33.92,-19.75],[-34.62,-21.0],[-34.86,-22.75],[-34.57,-24.5],[-34.81,-25.0],[-34.21,-26.5],[-33.94,-28.0],[-33.0,-29.25],[-32.93,-29.75],[-31.86,-30.5],[-31.8,-31.0],[-34.25,-32.56],[-35.75,-32.94],[-39.5,-34.7],[-40.75,-35.15],[-43.0,-35.52],[-45.5,-35.39],[-48.75,-34.82],[-51.06,-33.75],[-51.77,-32.0],[-52.34,-31.75],[-53.25,-30.64],[-54.16,-30.25],[-53.94,-29.75],[-54.14,-29.25],[-54.0,-28.85],[-54.5,-29.25],[-54.75,-28.83],[-55.47,-28.75],[-55.72,-27.75],[-56.21,-27.75],[-56.25,-27.25],[-56.5,-27.04],[-57.25,-27.27],[-57.75,-25.82],[-58.25,-25.52],[-59.5,-25.65],[-60.67,-26.75],[-62.0,-26.25],[-62.5,-26.57],[-62.6,-27.0],[-63.5,-27.98],[-64.0,-27.6],[-64.25,-27.0],[-64.5,-27.22],[-64.75,-26.82],[-64.71,-26.0],[-65.0,-25.9],[-64.85,-25.5],[-65.11,-25.25],[-65.63,-26.0],[-65.59,-26.75],[-66.05,-27.5],[-65.95,-28.0],[-65.5,-28.48],[-65.0,-28.39],[-64.96,-28.75],[-65.31,-29.5],[-66.0,-30.25],[-66.57,-30.5],[-66.59,-30.75],[-66.5,-31.13],[-66.25,-31.15],[-65.5,-30.8],[-65.5,-31.71],[-67.25,-32.56],[-68.25,-32.63],[-68.75,-31.8],[-69.5,-33.18],[-69.91,-32.0],[-69.85,-30.75],[-69.25,-28.79],[-68.33,-27.75],[-67.94,-26.75],[-68.48,-25.75],[-67.91,-25.5],[-68.31,-24.75],[-67.5,-24.0],[-67.31,-23.5],[-67.75,-22.06],[-68.18,-22.0],[-67.88,-23.0],[-68.0,-23.94],[-68.25,-24.39],[-68.65,-24.5],[-68.75,-25.08],[-69.32,-25.0],[-69.44,-27.0],[-69.79,-28.0],[-70.23,-28.5],[-70.21,-29.0],[-70.6,-29.25],[-70.46,-30.0],[-70.73,-30.5],[-70.7,-31.0],[-71.0,-31.38],[-71.75,-31.55],[-72.13,-31.25],[-72.17,-29.75],[-71.85,-29.0],[-72.25,-27.25],[-71.74,-27.25],[-71.68,-26.25],[-72.54,-25.0],[-72.38,-24.5],[-72.9,-23.25],[-73.64,-22.25],[-73.45,-21.75],[-73.88,-21.25],[-77.25,-18.5],[-78.25,-18.04],[-81.5,-15.73],[-82.25,-14.94],[-85.24,-13.0],[-86.5,-12.7],[-87.25,-11.95],[-92.0,-11.06],[-93.0,-10.52],[-93.75,-10.57],[-95.75,-9.4],[-98.0,-9.36],[-99.75,-9.02],[-105.25,-9.55],[-110.0,-10.99],[-111.0,-11.78],[-112.75,-11.43],[-113.25,-11.68],[-114.25,-11.62],[-115.75,-12.53],[-117.0,-12.3],[-118.5,-12.92],[-120.0,-12.78],[-120.77,-13.25],[-121.75,-13.46],[-122.5,-13.12],[-123.25,-13.37],[-123.75,-13.84],[-124.5,-13.81],[-125.11,-14.5],[-125.25,-15.12],[-126.0,-15.05],[-126.44,-15.75],[-127.25,-15.73],[-127.5,-15.97],[-128.0,-15.69],[-127.92,-16.25],[-128.25,-16.63],[-130.0,-15.6],[-130.17,-15.75],[-129.4,-17.75],[-129.5,-18.32],[-130.0,-17.4],[-131.25,-17.07],[-131.5,-17.34],[-132.5,-16.57],[-133.5,-16.87],[-134.0,-16.56],[-134.75,-16.51],[-135.43,-16.75],[-135.5,-17.25],[-135.75,-17.11],[-136.25,-17.37],[-136.75,-16.87],[-137.0,-17.78],[-137.75,-17.73],[-139.0,-18.25],[-139.5,-19.01],[-140.75,-18.88],[-141.0,-18.47],[-141.75,-19.15],[-142.0,-18.22],[-142.25,-18.63],[-142.75,-17.98],[-143.07,-18.0],[-143.25,-18.5],[-144.0,-18.62],[-144.25,-18.93],[-144.46,-18.75],[-144.35,-18.25],[-144.5,-18.11],[-144.75,-18.32],[-145.0,-17.98],[-145.5,-18.25],[-145.75,-17.85],[-146.0,-18.26],[-146.5,-17.89],[-147.0,-18.07],[-149.0,-17.43],[-149.75,-17.67],[-150.5,-17.5],[-151.5,-17.7],[-155.25,-17.29],[-162.5,-15.49],[-167.0,-14.76],[-172.0,-14.83],[-173.75,-15.48],[-176.75,-15.48],[-177.5,-15.2],[-180.0,-15.35]]}},{"type":"Feature","properties":{"level":1016},"geometry":{"type":"LineString","coordinates":[[-72.69,-43.5],[-72.5,-43.67],[-71.94,-43.5],[-71.76,-42.5],[-72.03,-42.0],[-72.32,-42.0],[-72.58,-42.75],[-72.41,-43.0],[-72.69,-43.5]]}},{"type":"Feature","properties":{"level":1016},"geometry":{"type":"LineString","coordinates":[[167.5,-39.26],[165.75,-39.14],[164.64,-38.0],[164.56,-37.25],[165.25,-36.01],[166.44,-35.0],[167.75,-34.41],[169.5,-34.39],[170.75,-34.97],[171.71,-36.5],[171.0,-38.25],[169.5,-39.31],[167.5,-39.26]]}},{"type":"Feature","properties":{"level":1016},"geometry":{"type":"LineString","coordinates":[[-66.75,-34.27],[-66.75,-33.86],[-66.75,-34.27]]}},{"type":"Feature","properties":{"level":1016},"geometry":{"type":"LineString","coordinates":[[-67.25,-33.94],[-67.4,-33.75],[-67.25,-33.64],[-66.89,-33.75],[-67.25,-33.94]]}},{"type":"Feature","properties":{"level":1016},"geometry":{"type":"LineString","coordinates":[[30.0,-33.66],[30.0,-33.32],[30.0,-33.66]]}},{"type":"Feature","properties":{"level":1016},"geometry":{"type":"LineString","coordinates":[[19.75,-32.54],[19.5,-32.06],[20.13,-32.5],[19.75,-32.54]]}},{"type":"Feature","properties":{"level":1016},"geometry":{"type":"LineString","coordinates":[[-71.5,-32.04],[-71.5,-31.88],[-71.18,-32.0],[-71.5,-32.04]]}},{"type":"Feature","properties":{"level":1016},"geometry":{"type":"LineString","coordinates":[[31.0,-30.35],[30.85,-30.25],[31.0,-30.03],[31.2,-30.25],[31.0,-30.35]]}},{"type":"Feature","properties":{"level":1016},"geometry":{"type":"LineString","coordinates":[[-65.77,-25.5],[-64.6,-23.5],[-64.31,-22.25],[-64.43,-21.75],[-64.84,-22.5],[-64.79,-23.25],[-65.5,-24.07],[-65.77,-25.5]]}},{"type":"Feature","properties":{"level":1016},"geometry":{"type":"LineString","coordinates":[[-70.6,-25.0],[-70.5,-25.19],[-70.5,-24.56],[-70.6,-25.0]]}},{"type":"Feature","properties":{"level":1016},"geometry":{"type":"LineString","coordinates":[[-64.78,-25.0],[-64.25,-24.44],[-64.25,-24.1],[-64.5,-24.11],[-64.78,-25.0]]}},{"type":"Feature","properties":{"level":1016},"geometry":{"type":"LineString","coordinates":[[16.2,-24.75],[16.5,-24.91],[16.83,-24.5],[17.0,-24.0],[16.75,-23.71],[16.23,-23.75],[16.2,-24.75]]}},{"type":"Feature","properties":{"level":1016},"geometry":{"type":"LineString","coordinates":[[42.25,-24.0],[41.75,-23.25],[42.08,-21.75],[43.62,-19.75],[44.5,-19.94],[45.14,-21.25],[44.31,-21.5],[43.94,-22.25],[43.97,-22.75],[44.26,-23.0],[44.04,-24.0],[43.75,-24.19],[42.25,-24.0]]}},{"type":"Feature","properties":{"level":1016},"geometry":{"type":"LineString","coordinates":[[18.08,-23.25],[18.5,-23.41],[19.8,-23.0],[20.25,-22.59],[21.0,-23.0],[21.45,-22.5],[21.55,-21.25],[21.0,-20.8],[20.5,-21.32],[19.25,-20.76],[18.5,-21.32],[17.5,-21.4],[17.11,-22.5],[16.78,-22.75],[17.75,-22.88],[17.56,-22.5],[17.75,-22.41],[18.17,-23.0],[18.08,-23.25]]}},{"type":"Feature","properties":{"level":1016},"geometry":{"type":"LineString","coordinates":[[31.72,-22.25],[31.98,-22.0],[31.75,-21.56],[31.51,-21.75],[31.72,-22.25]]}},{"type":"Feature","properties":{"level":1016},"geometry":{"type":"LineString","coordinates":[[-68.78,-21.5],[-68.48,-21.25],[-69.0,-19.0],[-69.26,-19.25],[-68.78,-21.5]]}},{"type":"Feature","properties":{"level":1016},"geometry":{"type":"LineString","coordinates":[[18.95,-19.75],[19.25,-19.51],[20.25,-19.45],[20.92,-19.0],[21.5,-17.78],[21.36,-17.0],[22.0,-16.73],[22.3,-16.25],[21.75,-16.43],[21.37,-16.25],[21.45,-16.0],[21.0,-15.96],[19.5,-17.03],[18.95,-17.75],[18.6,-19.25],[18.95,-19.75]]}},{"type":"Feature","properties":{"level":1016},"geometry":{"type":"LineString","coordinates":[[-146.0,-18.83],[-146.0,-18.66],[-146.0,-18.83]]}},{"type":"Feature","properties":{"level":1016},"geometry":{"type":"LineString","coordinates":[[34.32,-15.25],[34.5,-15.38],[34.65,-15.0],[34.25,-14.22],[34.07,-14.5],[34.41,-14.75],[34.32,-15.25]]}},{"type":"Feature","properties":{"level":1016},"geometry":{"type":"LineString","coordinates":[[166.71,-15.25],[167.03,-15.25],[166.75,-14.88],[166.71,-15.25]]}},{"type":"Feature","properties":{"level":1016},"geometry":{"type":"LineString","coordinates":[[180.0,-15.35],[178.5,-15.38],[176.25,-15.99],[175.5,-15.89],[174.25,-16.35],[173.5,-16.16],[173.28,-16.75],[173.9,-17.25],[174.0,-18.09],[172.75,-17.69],[172.5,-17.92],[171.75,-17.22],[171.5,-17.47],[171.0,-17.35],[170.5,-17.53],[170.0,-17.18],[169.0,-17.71],[168.25,-17.43],[168.0,-17.76],[167.5,-17.66],[166.5,-18.36],[164.99,-18.5],[162.25,-19.33],[161.5,-19.17],[156.5,-19.75],[153.5,-19.14],[152.5,-19.29],[150.0,-19.13],[149.0,-19.67],[148.0,-19.35],[146.75,-19.33],[146.14,-18.75],[146.25,-18.5],[145.91,-18.0],[145.92,-17.5],[145.5,-17.06],[145.2,-17.25],[145.5,-18.16],[144.75,-17.95],[144.73,-18.75],[145.5,-18.68],[145.55,-19.0],[146.25,-19.5],[146.19,-19.75],[144.75,-19.66],[144.5,-19.19],[144.25,-19.27],[144.21,-19.75],[145.25,-20.5],[145.78,-21.5],[145.74,-22.5],[146.29,-23.5],[146.09,-24.25],[146.4,-25.25],[147.18,-25.75],[148.0,-27.32],[148.5,-27.41],[148.85,-28.25],[149.59,-28.75],[149.35,-29.75],[148.75,-30.66],[148.0,-31.26],[146.75,-30.58],[145.5,-30.53],[145.25,-30.12],[144.75,-30.14],[144.0,-29.57],[143.25,-29.55],[142.0,-28.82],[140.5,-29.44],[139.25,-29.36],[137.5,-30.6],[135.75,-30.05],[134.25,-30.4],[133.31,-32.0],[133.59,-35.75],[134.04,-36.5],[140.25,-39.35],[144.75,-40.6],[145.01,-41.5],[145.75,-42.31],[146.5,-42.76],[147.0,-42.79],[147.26,-42.5],[147.1,-42.0],[145.88,-41.0],[146.25,-40.55],[148.5,-39.92],[151.25,-39.58],[152.5,-39.05],[152.91,-38.5],[153.61,-34.75],[152.83,-33.5],[153.09,-33.0],[153.77,-32.75],[153.04,-31.25],[152.96,-30.25],[152.51,-29.25],[152.63,-28.75],[153.5,-27.79],[154.75,-29.5],[154.53,-30.75],[155.0,-31.46],[155.26,-31.5],[155.25,-31.85],[154.5,-32.58],[155.0,-32.69],[155.18,-33.25],[156.25,-33.46],[156.5,-33.82],[157.75,-33.9],[159.0,-35.24],[159.31,-37.5],[158.55,-40.5],[159.06,-42.0],[163.24,-46.5],[165.54,-48.0],[169.0,-49.53],[174.25,-51.24],[180.0,-52.49]]}},{"type":"Feature","properties":{"level":1016},"geometry":{"type":"LineString","coordinates":[[-69.03,-15.0],[-68.78,-15.0],[-69.93,-13.75],[-71.25,-13.26],[-71.25,-13.61],[-70.25,-13.97],[-69.03,-15.0]]}},{"type":"Feature","properties":{"level":1016},"geometry":{"type":"LineString","coordinates":[[-75.29,-11.75],[-74.75,-11.74],[-74.71,-11.5],[-75.0,-11.2],[-75.25,-11.42],[-75.42,-11.25],[-75.75,-9.99],[-76.0,-9.83],[-76.04,-10.75],[-75.29,-11.75]]}},{"type":"Feature","properties":{"level":1016},"geometry":{"type":"LineString","coordinates":[[39.72,-11.75],[39.79,-11.25],[39.5,-11.23],[39.44,-11.5],[39.72,-11.75]]}},{"type":"Feature","properties":{"level":1016},"geometry":{"type":"LineString","coordinates":[[39.21,-10.75],[39.73,-10.75],[39.88,-10.5],[39.25,-9.84],[39.21,-10.75]]}},{"type":"Feature","properties":{"level":1016},"geometry":{"type":"LineString","coordinates":[[-77.55,-10.25],[-77.35,-10.25],[-77.37,-10.0],[-78.0,-8.92],[-78.07,-9.25],[-77.55,-10.25]]}},{"type":"Feature","properties":{"level":1016},"geometry":{"type":"LineString","coordinates":[[-76.58,-9.75],[-76.21,-9.75],[-76.18,-9.5],[-76.59,-9.25],[-76.56,-8.75],[-77.5,-6.93],[-77.7,-7.0],[-76.9,-9.0],[-76.91,-9.5],[-76.58,-9.75]]}},{"type":"Feature","properties":{"level":1016},"geometry":{"type":"LineString","coordinates":[[34.53,-9.75],[35.25,-9.5],[35.25,-9.2],[35.0,-8.99],[33.61,-9.0],[34.53,-9.75]]}},{"type":"Feature","properties":{"level":1016},"geometry":{"type":"LineString","coordinates":[[147.7,-9.25],[148.0,-9.5],[148.12,-9.25],[146.75,-7.26],[146.59,-7.5],[146.75,-8.03],[147.7,-9.25]]}},{"type":"Feature","properties":{"level":1016},"geometry":{"type":"LineString","coordinates":[[35.09,-8.5],[35.5,-8.67],[36.0,-8.37],[36.25,-7.89],[36.94,-7.75],[36.75,-6.79],[36.5,-6.77],[36.44,-7.0],[36.65,-7.5],[35.5,-7.88],[35.09,-8.5]]}},{"type":"Feature","properties":{"level":1016},"geometry":{"type":"LineString","coordinates":[[38.83,-8.5],[39.09,-8.5],[38.75,-8.22],[38.83,-8.5]]}},{"type":"Feature","properties":{"level":1016},"geometry":{"type":"LineString","coordinates":[[145.68,-7.0],[146.0,-7.22],[146.08,-6.75],[145.19,-5.75],[144.5,-5.86],[143.25,-5.09],[142.3,-5.5],[142.5,-5.82],[143.75,-6.35],[144.0,-6.41],[144.25,-5.93],[144.75,-6.14],[145.69,-6.75],[145.68,-7.0]]}},{"type":"Feature","properties":{"level":1016},"geometry":{"type":"LineString","coordinates":[[36.77,-6.5],[37.0,-6.72],[37.25,-6.21],[37.5,-6.32],[38.25,-5.82],[38.35,-5.5],[37.63,-5.0],[37.25,-4.17],[37.0,-4.13],[36.83,-4.25],[37.14,-5.0],[37.0,-5.25],[36.35,-5.25],[36.77,-6.5]]}},{"type":"Feature","properties":{"level":1016},"geometry":{"type":"LineString","coordinates":[[38.37,-5.0],[38.5,-5.17],[38.73,-4.75],[38.25,-4.37],[38.19,-4.0],[37.75,-3.79],[38.37,-5.0]]}},{"type":"Feature","properties":{"level":1016},"geometry":{"type":"LineString","coordinates":[[139.92,-4.75],[140.5,-4.94],[140.78,-4.75],[139.25,-3.96],[136.48,-3.75],[136.53,-4.0],[137.25,-4.25],[139.25,-4.42],[139.92,-4.75]]}},{"type":"Feature","properties":{"level":1016},"geometry":{"type":"LineString","coordinates":[[-78.88,-3.25],[-78.49,-3.0],[-77.5,0.53],[-77.75,0.55],[-78.31,-0.5],[-78.32,-1.5],[-78.96,-2.5],[-78.88,-3.25]]}},{"type":"Feature","properties":{"level":1016},"geometry":{"type":"LineString","coordinates":[[36.57,-3.25],[36.75,-3.43],[37.5,-3.4],[37.73,-3.0],[37.25,-2.79],[36.57,-3.25]]}},{"type":"Feature","properties":{"level":1016},"geometry":{"type":"LineString","coordinates":[[36.74,-1.5],[36.98,-1.5],[37.14,-0.75],[37.69,0.0],[37.25,0.21],[36.5,-0.13],[36.25,-0.7],[35.5,0.17],[35.5,-0.75],[36.0,-1.0],[36.5,-0.93],[36.74,-1.5]]}},{"type":"Feature","properties":{"level":1016},"geometry":{"type":"LineString","coordinates":[[37.91,5.5],[38.25,5.33],[39.25,5.57],[39.75,6.34],[40.25,6.79],[40.51,6.75],[40.91,7.25],[40.1,7.5],[40.31,8.5],[39.25,8.16],[38.34,6.75],[37.91,5.5]]}},{"type":"Feature","properties":{"level":1016},"geometry":{"type":"LineString","coordinates":[[36.26,7.25],[36.5,7.14],[36.86,7.5],[36.43,8.25],[36.0,8.41],[35.23,7.75],[35.5,7.36],[36.29,7.5],[36.26,7.25]]}},{"type":"Feature","properties":{"level":1016},"geometry":{"type":"LineString","coordinates":[[37.72,7.25],[38.0,7.27],[38.57,8.25],[38.63,8.5],[38.34,8.75],[39.25,8.89],[39.86,9.75],[39.89,11.0],[39.5,13.25],[39.25,12.62],[38.93,12.5],[39.0,11.99],[37.9,11.75],[38.0,11.48],[38.75,11.66],[38.66,10.75],[39.12,10.0],[38.5,9.88],[37.75,9.02],[37.5,9.3],[37.01,9.25],[37.41,9.0],[37.5,8.62],[38.0,8.46],[37.72,7.25]]}},{"type":"Feature","properties":{"level":1016},"geometry":{"type":"LineString","coordinates":[[40.56,8.75],[41.75,8.99],[42.65,9.5],[41.25,9.31],[40.56,8.75]]}},{"type":"Feature","properties":{"level":1016},"geometry":{"type":"LineString","coordinates":[[37.6,10.25],[38.08,10.25],[38.22,10.75],[37.5,11.34],[36.75,11.25],[36.75,10.83],[37.35,10.75],[37.6,10.25]]}},{"type":"Feature","properties":{"level":1016},"geometry":{"type":"LineString","coordinates":[[39.54,13.75],[39.75,13.62],[39.82,14.0],[39.5,14.79],[39.3,14.25],[39.54,13.75]]}},{"type":"Feature","properties":{"level":1016},"geometry":{"type":"LineString","coordinates":[[44.1,13.75],[44.75,13.81],[45.0,14.31],[45.5,13.86],[46.04,14.0],[45.0,14.52],[44.57,15.75],[44.0,16.18],[43.68,15.5],[44.12,15.0],[44.1,13.75]]}},{"type":"Feature","properties":{"level":1016},"geometry":{"type":"LineString","coordinates":[[44.11,16.75],[44.64,16.75],[44.0,17.39],[43.94,18.25],[43.5,18.64],[42.62,18.75],[42.25,19.39],[42.43,18.25],[43.35,17.75],[43.5,16.79],[44.11,16.75]]}},{"type":"Feature","properties":{"level":1016},"geometry":{"type":"LineString","coordinates":[[-155.9,19.25],[-155.5,19.04],[-154.5,19.74],[-154.25,20.18],[-153.25,20.68],[-151.17,21.25],[-150.25,21.26],[-147.0,22.64],[-146.0,23.34],[-144.25,23.62],[-142.75,24.31],[-142.2,24.25],[-138.75,27.87],[-135.45,30.5],[-129.73,34.5],[-127.47,36.5],[-126.42,38.5],[-125.45,42.0],[-124.5,42.9],[-123.47,43.25],[-122.88,43.75],[-122.36,44.75],[-121.75,45.25],[-122.6,46.0],[-122.25,46.1],[-122.25,46.54],[-122.5,46.64],[-123.0,46.17],[-123.5,46.63],[-125.95,47.75],[-127.0,48.85],[-127.32,50.0],[-127.0,50.34],[-126.5,50.41],[-126.38,50.75],[-127.28,51.0],[-127.19,51.25],[-127.75,52.3],[-127.25,52.3],[-127.12,52.5],[-128.5,52.82],[-128.75,52.45],[-129.75,52.09],[-133.5,51.41],[-135.75,51.26],[-137.0,51.43],[-139.25,52.18],[-142.25,52.31],[-142.75,52.68],[-144.0,53.02],[-146.75,53.19],[-152.0,52.85],[-154.75,52.2],[-156.46,51.0],[-156.65,50.25],[-157.75,49.57],[-159.16,47.75],[-166.25,45.25],[-168.83,44.0],[-171.65,42.25],[-174.73,39.5],[-174.84,38.25],[-175.2,38.0],[-174.61,37.5],[-175.18,36.0],[-174.72,35.5],[-174.83,34.75],[-174.1,32.5],[-172.96,31.0],[-173.07,29.75],[-172.57,29.25],[-172.16,28.0],[-172.02,25.5],[-171.55,24.25],[-171.0,23.92],[-170.25,22.37],[-169.75,22.32],[-169.0,21.53],[-168.0,21.06],[-167.5,21.19],[-166.75,20.64],[-163.75,20.67],[-162.25,19.95],[-161.0,20.43],[-160.25,20.24],[-158.5,20.91],[-157.0,21.16],[-156.25,20.56],[-155.81,20.5],[-155.9,19.25]]}},{"type":"Feature","properties":{"level":1016},"geometry":{"type":"LineString","coordinates":[[17.2,20.75],[17.5,20.63],[17.6,21.0],[16.5,21.43],[16.5,20.95],[17.2,20.75]]}},{"type":"Feature","properties":{"level":1016},"geometry":{"type":"LineString","coordinates":[[5.57,23.0],[5.75,22.87],[6.89,23.75],[5.75,23.6],[5.37,23.25],[5.57,23.0]]}},{"type":"Feature","properties":{"level":1016},"geometry":{"type":"LineString","coordinates":[[120.78,23.0],[121.0,22.84],[121.62,24.0],[121.72,24.5],[121.5,24.75],[121.07,24.5],[120.78,23.0]]}},{"type":"Feature","properties":{"level":1016},"geometry":{"type":"LineString","coordinates":[[-6.41,24.0],[-6.25,23.8],[-6.02,24.0],[-6.0,24.49],[-6.41,24.0]]}},{"type":"Feature","properties":{"level":1016},"geometry":{"type":"LineString","coordinates":[[-3.42,24.5],[-2.5,24.72],[-1.75,25.65],[-1.0,26.04],[-0.25,25.85],[1.0,26.71],[2.5,27.05],[4.25,27.94],[4.84,28.0],[5.09,28.5],[4.88,29.25],[3.25,31.17],[2.5,31.02],[2.0,30.42],[1.25,30.34],[1.0,29.98],[0.25,29.7],[0.0,28.73],[-0.75,28.09],[-1.25,28.1],[-2.25,27.39],[-3.5,27.28],[-4.25,26.0],[-4.67,25.75],[-4.25,24.69],[-3.42,24.5]]}},{"type":"Feature","properties":{"level":1016},"geometry":{"type":"LineString","coordinates":[[94.43,25.25],[94.75,25.25],[94.76,25.5],[95.25,25.87],[95.25,26.36],[94.75,26.25],[94.43,25.25]]}},{"type":"Feature","properties":{"level":1016},"geometry":{"type":"LineString","coordinates":[[101.5,25.73],[101.25,26.22],[100.77,26.5],[101.5,27.09],[102.25,27.26],[102.51,26.25],[101.75,25.51],[101.5,25.73]]}},{"type":"Feature","properties":{"level":1016},"geometry":{"type":"LineString","coordinates":[[-4.06,27.0],[-4.0,26.82],[-4.06,27.0]]}},{"type":"Feature","properties":{"level":1016},"geometry":{"type":"LineString","coordinates":[[36.69,27.5],[37.0,27.36],[37.29,27.75],[37.0,28.13],[36.35,28.25],[36.0,28.58],[35.95,28.0],[36.69,27.5]]}},{"type":"Feature","properties":{"level":1016},"geometry":{"type":"LineString","coordinates":[[104.0,27.42],[103.5,27.61],[103.36,29.0],[102.95,29.25],[103.25,29.5],[102.65,30.0],[104.13,31.5],[104.21,32.0],[104.71,32.5],[104.54,33.0],[104.71,33.25],[104.0,33.82],[102.75,33.8],[102.75,33.45],[101.91,34.0],[101.6,33.75],[102.42,33.25],[102.25,33.06],[101.5,33.17],[101.25,32.31],[101.0,32.53],[100.5,32.39],[99.75,32.82],[99.76,32.25],[100.0,32.0],[99.75,31.58],[99.0,31.79],[98.5,31.11],[97.75,32.25],[97.54,32.0],[97.87,31.75],[97.62,31.0],[97.75,30.43],[96.51,31.25],[96.55,31.5],[96.25,31.75],[94.5,32.16],[94.56,32.5],[94.0,32.64],[93.59,32.5],[93.5,31.98],[93.0,32.55],[92.0,32.53],[92.1,32.25],[91.9,32.0],[91.01,31.5],[91.0,31.13],[91.29,31.0],[91.13,30.75],[90.0,30.18],[89.5,30.47],[88.25,30.35],[87.5,29.95],[87.25,30.15],[86.5,30.03],[86.5,30.53],[86.0,30.27],[84.34,30.75],[85.5,31.4],[87.62,31.25],[87.74,31.5],[87.5,31.72],[86.61,32.0],[88.31,32.25],[89.13,33.0],[89.03,33.5],[90.0,33.87],[91.0,34.8],[92.0,34.94],[92.92,34.75],[94.0,35.38],[94.33,35.25],[94.03,35.0],[94.25,34.87],[96.25,34.37],[96.75,35.17],[98.5,35.47],[98.88,36.0],[98.5,36.7],[97.75,36.08],[96.5,36.18],[96.25,36.59],[94.91,37.25],[95.21,37.5],[95.0,38.09],[95.5,37.81],[97.25,37.93],[97.75,38.38],[98.0,38.14],[98.54,38.25],[98.44,37.5],[98.75,37.16],[99.5,37.47],[100.65,37.25],[101.19,36.0],[101.04,35.75],[101.5,35.58],[101.75,35.15],[102.5,35.7],[102.75,35.31],[102.69,36.25],[102.05,36.5],[103.89,37.0],[103.75,38.03],[105.0,38.41],[105.5,38.81],[105.75,38.24],[106.25,38.72],[106.75,38.8],[106.75,38.37],[107.75,38.4],[108.21,38.0],[108.16,37.75],[107.0,37.47],[106.3,37.0],[106.25,36.43],[105.64,36.25],[106.0,35.69],[106.5,33.25],[107.5,33.38],[107.9,33.0],[106.5,32.88],[106.19,32.5],[107.5,32.17],[108.94,31.0],[106.98,28.75],[106.44,28.5],[106.19,27.75],[104.0,27.42]]}},{"type":"Feature","properties":{"level":1016},"geometry":{"type":"LineString","coordinates":[[56.36,28.75],[57.0,28.63],[56.76,29.0],[57.66,29.0],[57.5,30.13],[56.75,29.89],[56.0,30.12],[55.55,30.0],[56.36,28.75]]}},{"type":"Feature","properties":{"level":1016},"geometry":{"type":"LineString","coordinates":[[87.75,28.98],[87.75,29.68],[88.0,29.43],[89.25,29.52],[89.65,29.25],[89.5,28.97],[87.75,28.98]]}},{"type":"Feature","properties":{"level":1016},"geometry":{"type":"LineString","coordinates":[[90.75,28.99],[90.56,29.25],[90.84,29.75],[90.42,30.0],[91.5,30.07],[91.48,29.75],[91.08,29.5],[91.63,29.25],[90.75,28.99]]}},{"type":"Feature","properties":{"level":1016},"geometry":{"type":"LineString","coordinates":[[4.45,30.5],[4.5,30.35],[4.45,30.5]]}},{"type":"Feature","properties":{"level":1016},"geometry":{"type":"LineString","coordinates":[[39.39,30.5],[40.0,30.29],[40.19,30.5],[40.0,30.85],[39.5,30.65],[39.25,31.25],[38.82,31.25],[38.58,30.75],[39.39,30.5]]}},{"type":"Feature","properties":{"level":1016},"geometry":{"type":"LineString","coordinates":[[67.46,30.5],[68.03,30.5],[67.69,30.75],[67.95,31.25],[67.75,31.35],[66.93,31.0],[67.25,30.95],[67.46,30.5]]}},{"type":"Feature","properties":{"level":1016},"geometry":{"type":"LineString","coordinates":[[-8.92,31.0],[-8.0,30.95],[-6.74,31.75],[-7.25,31.75],[-8.92,31.0]]}},{"type":"Feature","properties":{"level":1016},"geometry":{"type":"LineString","coordinates":[[91.75,30.91],[91.54,31.25],[92.0,31.56],[92.75,31.79],[93.95,31.75],[93.75,31.39],[91.75,30.91]]}},{"type":"Feature","properties":{"level":1016},"geometry":{"type":"LineString","coordinates":[[79.75,32.47],[79.51,32.75],[79.75,32.87],[80.56,32.5],[79.75,32.47]]}},{"type":"Feature","properties":{"level":1016},"geometry":{"type":"LineString","coordinates":[[59.6,32.75],[60.0,32.62],[60.02,33.0],[60.25,33.1],[60.0,33.61],[59.25,33.5],[59.6,32.75]]}},{"type":"Feature","properties":{"level":1016},"geometry":{"type":"LineString","coordinates":[[35.67,33.5],[35.75,33.26],[36.0,33.29],[36.97,34.0],[37.0,34.25],[36.25,34.57],[35.84,34.25],[35.67,33.5]]}},{"type":"Feature","properties":{"level":1016},"geometry":{"type":"LineString","coordinates":[[107.5,34.22],[107.0,34.44],[107.0,34.63],[109.75,34.93],[110.14,34.75],[109.0,34.12],[107.5,34.22]]}},{"type":"Feature","properties":{"level":1016},"geometry":{"type":"LineString","coordinates":[[-92.25,34.71],[-92.06,34.75],[-92.25,34.71]]}},{"type":"Feature","properties":{"level":1016},"geometry":{"type":"LineString","coordinates":[[99.7,34.75],[100.15,34.75],[99.5,35.31],[99.25,35.27],[99.25,34.84],[99.7,34.75]]}},{"type":"Feature","properties":{"level":1016},"geometry":{"type":"LineString","coordinates":[[100.34,35.25],[101.0,35.18],[100.92,35.75],[100.0,36.09],[100.61,35.5],[100.34,35.25]]}},{"type":"Feature","properties":{"level":1016},"geometry":{"type":"LineString","coordinates":[[28.25,35.76],[28.25,36.05],[28.25,35.76]]}},{"type":"Feature","properties":{"level":1016},"geometry":{"type":"LineString","coordinates":[[29.25,36.01],[29.21,36.25],[29.25,36.01]]}},{"type":"Feature","properties":{"level":1016},"geometry":{"type":"LineString","coordinates":[[63.42,36.25],[64.0,36.09],[64.5,36.5],[63.25,37.12],[62.96,36.5],[63.42,36.25]]}},{"type":"Feature","properties":{"level":1016},"geometry":{"type":"LineString","coordinates":[[27.5,36.41],[27.35,36.5],[27.78,36.75],[27.87,36.5],[27.5,36.41]]}},{"type":"Feature","properties":{"level":1016},"geometry":{"type":"LineString","coordinates":[[46.25,36.46],[46.0,36.78],[45.29,37.0],[45.02,37.75],[45.25,38.27],[46.31,38.0],[46.01,37.75],[46.38,37.0],[46.25,36.46]]}},{"type":"Feature","properties":{"level":1016},"geometry":{"type":"LineString","coordinates":[[27.0,36.74],[26.61,37.0],[26.57,37.5],[27.25,37.58],[27.54,37.25],[27.62,37.0],[27.25,36.6],[27.0,36.74]]}},{"type":"Feature","properties":{"level":1016},"geometry":{"type":"LineString","coordinates":[[5.5,36.96],[5.75,37.18],[6.18,37.0],[5.5,36.96]]}},{"type":"Feature","properties":{"level":1016},"geometry":{"type":"LineString","coordinates":[[7.25,36.95],[7.04,37.0],[7.25,37.12],[7.25,36.95]]}},{"type":"Feature","properties":{"level":1016},"geometry":{"type":"LineString","coordinates":[[8.5,36.96],[8.25,37.25],[8.75,37.53],[9.0,37.38],[8.5,36.96]]}},{"type":"Feature","properties":{"level":1016},"geometry":{"type":"LineString","coordinates":[[59.75,37.7],[60.18,37.75],[59.75,37.7]]}},{"type":"Feature","properties":{"level":1016},"geometry":{"type":"LineString","coordinates":[[58.5,37.94],[58.26,38.0],[58.5,38.31],[59.55,38.25],[59.25,37.86],[58.5,37.94]]}},{"type":"Feature","properties":{"level":1016},"geometry":{"type":"LineString","coordinates":[[57.5,38.48],[57.5,38.73],[57.84,38.5],[57.5,38.48]]}},{"type":"Feature","properties":{"level":1016},"geometry":{"type":"LineString","coordinates":[[57.0,38.74],[56.55,39.0],[57.0,39.08],[57.48,38.75],[57.0,38.74]]}},{"type":"Feature","properties":{"level":1016},"geometry":{"type":"LineString","coordinates":[[55.25,39.19],[55.25,39.44],[55.5,39.5],[55.66,39.25],[55.25,39.19]]}},{"type":"Feature","properties":{"level":1016},"geometry":{"type":"LineString","coordinates":[[-180.0,40.91],[-179.42,41.25],[-179.0,41.93],[-177.99,42.25],[-177.25,43.97],[-176.5,44.14],[-176.39,44.5],[-176.5,44.73],[-177.94,44.75],[-179.23,45.75],[-180.0,46.0]]}},{"type":"Feature","properties":{"level":1016},"geometry":{"type":"LineString","coordinates":[[54.25,40.96],[53.87,41.25],[54.0,41.42],[54.36,41.25],[54.25,40.96]]}},{"type":"Feature","properties":{"level":1016},"geometry":{"type":"LineString","coordinates":[[54.5,42.87],[54.5,43.15],[54.5,42.87]]}},{"type":"Feature","properties":{"level":1016},"geometry":{"type":"LineString","coordinates":[[120.0,42.98],[119.43,43.5],[119.75,44.31],[120.35,44.75],[120.25,45.0],[119.52,45.25],[119.5,45.92],[117.5,45.98],[117.0,46.36],[116.5,46.22],[115.0,46.46],[115.18,47.25],[114.5,47.5],[114.28,48.25],[112.82,49.25],[112.85,51.0],[112.51,51.5],[112.38,52.5],[112.7,53.25],[112.35,53.5],[112.2,54.0],[112.5,54.57],[112.99,54.75],[113.0,55.02],[113.28,55.0],[113.28,55.25],[114.75,55.74],[115.75,55.51],[117.0,56.15],[117.75,56.11],[119.75,55.12],[122.0,54.68],[122.26,54.25],[123.75,53.95],[125.18,52.25],[125.72,50.75],[125.4,49.75],[125.42,46.25],[124.84,45.5],[122.5,43.69],[121.25,43.13],[120.0,42.98]]}},{"type":"Feature","properties":{"level":1016},"geometry":{"type":"LineString","coordinates":[[110.5,45.35],[110.29,45.5],[111.43,45.5],[110.5,45.35]]}},{"type":"Feature","properties":{"level":1016},"geometry":{"type":"LineString","coordinates":[[180.0,46.0],[157.25,49.31],[155.5,49.94],[155.25,50.35],[154.5,50.48],[153.05,51.25],[144.19,57.0],[142.75,59.0],[142.75,59.25],[143.75,59.61],[146.0,59.4],[146.75,59.79],[147.5,59.59],[148.0,59.73],[147.76,60.0],[148.0,60.09],[152.0,60.34],[155.0,60.99],[156.0,61.99],[156.84,62.25],[156.71,62.75],[156.94,63.0],[155.75,63.41],[154.01,63.5],[149.56,67.0],[149.37,68.0],[148.78,69.0],[149.01,69.5],[148.6,70.25],[148.53,72.25],[149.79,74.75],[149.59,75.25],[150.5,76.38],[152.44,77.25],[152.85,78.5],[153.82,79.5],[156.83,80.5],[160.75,81.09],[180.0,81.73]]}},{"type":"Feature","properties":{"level":1016},"geometry":{"type":"LineString","coordinates":[[107.5,61.66],[107.36,61.75],[108.0,61.92],[108.17,62.25],[106.25,62.26],[105.51,62.75],[106.26,63.5],[107.8,64.0],[110.0,64.08],[111.15,63.5],[110.48,62.5],[110.0,62.21],[107.5,61.66]]}},{"type":"Feature","properties":{"level":1016},"geometry":{"type":"LineString","coordinates":[[-22.75,73.15],[-22.88,73.25],[-22.51,73.25],[-22.75,73.15]]}},{"type":"Feature","properties":{"level":1016},"geometry":{"type":"LineString","coordinates":[[-180.0,81.73],[-168.5,82.44],[-141.75,81.98],[-129.75,81.07],[-119.65,80.0],[-107.39,77.25],[-106.82,76.75],[-107.42,76.0],[-110.6,75.0],[-110.71,74.75],[-113.75,73.16],[-115.57,72.75],[-115.81,72.5],[-115.36,72.25],[-116.25,71.88],[-116.47,71.5],[-116.24,71.25],[-116.4,71.0],[-117.15,70.75],[-117.0,70.43],[-115.97,70.25],[-117.0,70.03],[-118.1,69.0],[-119.64,68.25],[-119.88,67.75],[-118.78,66.75],[-117.83,64.25],[-117.01,63.25],[-115.25,62.41],[-109.75,60.63],[-97.0,57.87],[-93.0,56.47],[-90.64,54.75],[-89.88,53.75],[-88.64,51.0],[-88.59,50.25],[-88.1,49.5],[-88.27,49.25],[-88.12,48.5],[-87.44,46.75],[-88.57,43.5],[-88.51,43.0],[-90.25,41.25],[-91.1,40.0],[-90.96,39.5],[-91.37,39.0],[-91.12,38.5],[-92.89,37.25],[-93.0,37.0],[-92.75,36.43],[-94.64,35.75],[-94.5,35.53],[-93.9,35.5],[-94.46,35.0],[-94.2,34.5],[-93.75,33.99],[-93.36,34.25],[-93.25,35.21],[-93.15,34.75],[-92.82,34.5],[-93.05,34.25],[-92.5,33.18],[-92.25,33.14],[-92.41,33.5],[-91.75,33.97],[-90.99,33.75],[-91.5,33.38],[-91.75,33.56],[-92.13,32.75],[-91.14,32.5],[-91.18,32.0],[-90.32,31.25],[-89.25,30.53],[-87.75,30.39],[-84.25,28.99],[-83.77,29.25],[-84.06,30.25],[-82.25,30.17],[-81.75,31.08],[-81.5,31.04],[-81.04,30.25],[-81.01,29.25],[-80.75,29.21],[-80.57,28.75],[-80.55,28.0],[-80.25,27.73],[-77.25,26.63],[-77.03,26.0],[-76.25,25.83],[-75.75,25.25],[-74.87,24.75],[-71.5,23.63],[-69.0,23.25],[-60.5,23.86],[-58.75,23.46],[-58.25,23.73],[-56.5,23.84],[-54.25,24.78],[-53.25,24.7],[-48.75,26.51],[-47.25,26.66],[-45.11,25.75],[-41.3,22.25],[-38.0,20.82],[-37.75,20.92],[-36.5,20.48],[-34.0,20.62],[-33.5,20.29],[-33.0,20.65],[-31.75,20.57],[-31.5,20.75],[-30.75,20.44],[-28.25,20.57],[-24.5,20.01],[-21.75,20.28],[-20.0,20.82],[-17.96,22.0],[-17.66,22.5],[-17.0,22.62],[-15.75,23.98],[-14.94,24.25],[-15.01,24.75],[-14.68,25.5],[-13.33,26.25],[-12.5,27.45],[-11.67,27.75],[-11.63,28.25],[-13.6,28.75],[-13.33,29.25],[-13.33,30.5],[-12.59,32.75],[-11.81,33.75],[-11.51,35.25],[-10.51,36.5],[-9.63,38.75],[-8.25,39.75],[-6.5,40.02],[-5.5,39.43],[-4.35,39.25],[-4.31,38.25],[-3.0,37.76],[-2.93,37.5],[-3.58,37.0],[-3.25,36.87],[-2.25,37.09],[-0.94,37.75],[-1.25,38.05],[-0.5,37.92],[-0.28,38.0],[-0.31,38.25],[0.25,38.34],[1.75,37.86],[3.25,37.94],[4.89,37.0],[2.89,36.25],[3.24,35.5],[2.35,34.5],[1.25,33.93],[1.05,33.5],[1.5,33.39],[2.5,33.67],[3.5,32.99],[4.0,33.06],[4.61,33.5],[4.96,34.5],[5.5,34.85],[7.25,34.49],[8.75,33.77],[9.28,33.25],[9.23,32.5],[9.88,31.0],[9.79,30.5],[10.46,30.0],[10.0,29.74],[9.0,29.7],[8.86,28.5],[9.46,28.0],[11.0,27.75],[11.28,27.5],[11.25,26.84],[12.12,26.5],[11.39,25.75],[11.5,23.61],[10.75,24.26],[10.5,24.15],[9.75,25.16],[8.75,25.51],[8.5,26.13],[7.75,26.33],[6.4,26.0],[6.47,25.75],[7.75,24.78],[8.0,24.69],[8.5,25.0],[9.25,24.79],[11.75,22.69],[12.56,22.75],[12.79,23.75],[14.5,24.9],[14.75,24.9],[15.25,24.22],[15.37,23.75],[15.14,23.0],[15.5,22.67],[16.0,23.48],[16.5,23.34],[18.75,23.85],[19.4,23.25],[18.91,22.0],[18.28,21.25],[18.5,19.72],[18.75,19.95],[18.6,20.5],[19.0,21.49],[19.47,22.0],[19.88,23.25],[20.25,23.46],[20.75,23.67],[21.75,23.37],[23.0,24.61],[24.25,25.02],[24.75,24.9],[25.35,23.75],[26.0,23.3],[27.02,24.0],[27.54,25.25],[27.41,26.5],[27.65,27.0],[27.2,27.25],[27.57,27.5],[27.32,28.25],[26.59,29.0],[27.5,29.43],[29.08,29.25],[29.49,29.5],[29.6,30.25],[30.25,30.95],[29.19,34.5],[29.39,35.5],[29.25,36.0],[30.5,36.39],[30.75,36.99],[31.63,36.75],[32.75,36.06],[33.75,36.33],[35.75,37.56],[36.25,37.49],[36.5,36.79],[36.89,37.5],[37.12,37.5],[37.25,36.98],[37.59,37.5],[38.25,37.77],[39.25,37.92],[39.75,37.42],[41.0,37.5],[40.25,37.59],[39.9,38.0],[40.05,38.25],[41.0,38.5],[43.25,37.12],[44.5,37.02],[44.67,36.5],[45.38,36.25],[46.16,35.5],[46.0,34.5],[46.5,33.46],[46.75,33.42],[46.77,33.75],[47.25,33.88],[48.54,33.5],[48.25,33.17],[49.0,33.18],[50.07,32.0],[50.25,31.16],[50.75,31.09],[51.0,30.58],[51.5,30.49],[52.25,29.33],[52.5,30.22],[53.5,30.27],[53.58,30.5],[52.68,31.0],[51.04,32.5],[51.16,33.25],[51.6,33.25],[52.75,32.65],[53.0,32.68],[53.0,32.9],[52.75,33.2],[52.0,33.33],[51.0,34.31],[50.71,34.25],[50.82,33.75],[50.5,33.51],[50.18,33.75],[50.37,34.0],[50.13,34.75],[49.75,35.0],[50.1,35.25],[50.09,35.5],[49.63,35.75],[49.87,36.25],[50.25,36.34],[52.75,35.39],[54.0,35.65],[54.08,36.0],[54.5,36.3],[55.5,36.15],[55.72,36.25],[55.59,36.5],[56.45,37.0],[57.5,37.03],[58.2,36.5],[58.25,36.19],[58.5,36.4],[59.01,36.0],[58.47,35.5],[59.45,35.25],[60.5,34.52],[60.68,35.25],[61.6,35.75],[61.25,35.85],[60.9,36.5],[60.25,36.98],[60.27,37.25],[61.5,37.59],[63.0,37.6],[64.0,38.46],[65.14,38.75],[65.28,39.0],[64.94,39.75],[65.25,39.91],[66.12,39.5],[65.71,38.5],[66.5,37.53],[67.75,38.08],[68.0,37.54],[68.75,37.79],[69.25,37.32],[69.58,37.5],[69.56,37.25],[68.75,36.22],[68.25,36.6],[67.5,36.74],[66.5,36.56],[64.25,36.0],[63.64,35.5],[63.5,34.92],[61.97,34.75],[63.06,34.25],[62.58,34.0],[62.92,33.5],[64.0,33.41],[64.13,33.25],[63.83,33.0],[64.0,32.81],[66.25,33.64],[66.56,33.5],[66.25,32.5],[66.5,32.48],[68.5,33.62],[68.93,33.25],[68.4,32.25],[68.5,31.98],[69.0,32.48],[69.8,32.5],[69.61,33.25],[69.99,33.75],[70.82,33.75],[70.72,34.0],[69.57,34.5],[69.58,34.75],[70.25,34.89],[70.75,34.7],[71.25,35.0],[71.75,34.97],[73.23,34.5],[74.5,33.3],[76.0,32.54],[76.96,31.75],[77.42,30.75],[78.85,30.25],[79.0,29.91],[79.75,29.48],[80.25,29.55],[80.75,29.14],[81.25,29.15],[82.5,28.23],[83.25,28.05],[84.28,28.25],[86.5,27.33],[87.0,27.21],[87.25,27.41],[88.0,26.95],[88.5,27.26],[89.75,26.87],[92.0,26.94],[93.0,27.42],[93.5,27.24],[94.01,27.5],[94.14,28.0],[94.75,28.42],[95.75,28.36],[96.37,28.0],[96.75,26.98],[97.25,26.79],[97.25,27.55],[97.82,27.5],[98.15,26.0],[97.87,25.0],[98.5,24.67],[98.75,24.22],[99.0,24.55],[99.5,24.58],[99.75,23.39],[101.25,24.17],[101.25,24.53],[101.75,24.63],[102.29,23.5],[101.7,23.5],[101.86,23.0],[103.42,22.0],[103.08,21.0],[103.29,20.0],[103.0,19.43],[104.0,19.13],[104.3,19.25],[104.25,19.51],[104.75,19.63],[104.86,20.0],[104.42,21.0],[104.64,21.5],[104.0,22.6],[104.75,22.53],[105.0,22.79],[105.75,22.59],[106.6,23.0],[106.76,23.5],[106.11,24.0],[106.25,24.13],[107.25,24.28],[107.75,24.08],[107.74,24.75],[108.05,25.0],[108.25,25.13],[108.75,24.92],[109.25,25.19],[110.14,24.5],[110.25,23.95],[110.75,24.22],[112.5,23.98],[113.0,24.35],[114.25,24.06],[115.0,24.57],[116.5,24.96],[117.0,24.33],[117.42,24.75],[119.5,25.68],[122.25,27.81],[123.61,30.0],[124.11,31.75],[124.5,32.34],[125.25,32.31],[127.75,30.59],[129.43,29.75],[132.75,29.25],[134.25,28.57],[141.25,29.32],[144.5,29.98],[148.75,29.75],[153.25,29.94],[156.75,30.7],[161.5,33.36],[164.75,33.97],[169.5,35.46],[172.0,35.93],[175.25,37.44],[180.0,40.91]]}},{"type":"Feature","properties":{"level":1016},"geometry":{"type":"LineString","coordinates":[[180.0,88.87],[147.75,88.2],[136.46,87.5],[128.0,86.51],[121.6,85.25],[117.91,84.0],[114.71,82.0],[114.34,81.5],[114.21,80.5],[113.76,80.25],[105.75,78.51],[104.0,78.71],[102.42,78.5],[102.52,78.0],[101.81,77.5],[99.0,76.5],[91.5,75.06],[89.57,74.0],[88.84,73.25],[87.6,72.5],[83.75,70.59],[80.25,67.94],[74.0,63.86],[65.5,60.91],[61.01,58.0],[60.05,57.0],[59.0,55.25],[57.6,54.0],[57.25,53.29],[57.46,53.0],[57.35,51.25],[56.24,49.0],[55.71,48.5],[56.02,47.5],[55.35,45.25],[54.75,44.24],[54.25,44.75],[54.52,45.5],[54.25,45.92],[52.75,46.33],[51.5,46.12],[50.9,46.5],[49.83,48.0],[49.25,48.43],[44.25,50.75],[39.75,51.93],[37.0,52.23],[28.75,51.71],[26.25,51.88],[24.25,51.65],[23.25,51.9],[20.75,51.66],[18.75,51.86],[14.0,53.36],[2.25,54.95],[-4.0,56.33],[-4.75,56.99],[-5.75,57.44],[-7.0,57.57],[-15.89,60.25],[-17.5,60.57],[-20.25,60.47],[-23.75,59.4],[-26.49,58.25],[-27.3,57.5],[-28.44,55.75],[-28.64,54.75],[-28.2,53.5],[-28.38,52.0],[-29.75,50.19],[-35.19,45.75],[-40.25,41.18],[-44.25,38.41],[-45.13,37.25],[-45.23,36.75],[-47.0,34.92],[-48.75,33.83],[-50.25,33.74],[-51.34,34.0],[-51.88,34.75],[-52.12,36.75],[-52.0,39.5],[-53.75,41.62],[-55.5,42.54],[-59.5,42.95],[-61.68,44.0],[-62.78,44.75],[-62.95,45.25],[-62.63,45.5],[-63.25,46.15],[-65.01,47.0],[-65.22,47.75],[-65.74,48.25],[-65.89,49.0],[-67.56,49.75],[-68.0,50.43],[-70.32,52.5],[-72.04,53.75],[-74.88,54.75],[-78.86,57.25],[-80.27,58.5],[-81.86,60.5],[-82.01,61.25],[-81.83,62.25],[-79.49,64.75],[-78.56,66.25],[-77.95,68.0],[-78.16,70.0],[-73.13,70.5],[-74.04,71.0],[-74.25,71.55],[-74.84,71.75],[-74.51,72.0],[-76.57,72.75],[-76.33,73.0],[-77.5,73.47],[-83.25,73.73],[-84.75,73.9],[-85.56,74.25],[-83.76,75.0],[-81.15,75.25],[-81.39,75.5],[-82.5,75.81],[-86.33,75.75],[-87.66,76.25],[-86.25,76.78],[-82.75,76.47],[-80.55,76.75],[-79.88,77.25],[-81.01,77.75],[-81.15,78.75],[-79.36,79.75],[-80.77,80.0],[-79.0,80.41],[-76.75,80.4],[-74.75,80.81],[-73.0,80.78],[-71.75,80.42],[-67.5,80.87],[-66.26,80.75],[-66.68,81.0],[-66.5,81.04],[-64.5,80.8],[-64.58,80.25],[-64.0,80.18],[-58.75,80.22],[-58.1,80.0],[-58.22,79.5],[-57.44,79.25],[-57.16,78.75],[-58.6,78.0],[-55.75,77.26],[-54.69,76.75],[-53.73,75.25],[-54.09,73.5],[-53.25,72.6],[-53.24,72.25],[-51.84,71.5],[-50.25,71.3],[-50.26,71.0],[-49.0,70.48],[-47.05,68.75],[-46.38,67.5],[-46.21,66.25],[-46.25,65.96],[-47.14,65.25],[-47.11,64.5],[-45.69,63.5],[-45.43,63.25],[-45.4,62.75],[-44.5,62.19],[-43.5,62.03],[-43.26,62.25],[-43.44,62.75],[-41.81,63.75],[-41.5,64.33],[-40.99,64.5],[-40.76,64.75],[-40.9,65.25],[-40.61,65.5],[-39.5,65.86],[-38.25,65.89],[-37.89,66.25],[-37.25,66.38],[-36.0,65.82],[-32.25,65.96],[-29.25,65.01],[-24.75,64.39],[-20.75,64.35],[-18.25,64.69],[-18.0,64.39],[-16.75,64.22],[-16.0,64.5],[-15.56,65.0],[-17.74,67.25],[-18.51,70.25],[-19.0,71.26],[-19.75,71.8],[-22.25,72.0],[-22.09,72.5],[-22.49,73.25],[-21.75,73.63],[-21.25,73.5],[-20.7,73.75],[-21.19,74.0],[-20.59,74.5],[-21.09,75.25],[-20.48,75.75],[-20.75,76.11],[-23.25,76.66],[-23.29,77.25],[-24.35,77.5],[-24.36,77.75],[-23.59,78.5],[-25.5,79.16],[-27.5,79.49],[-27.95,80.0],[-29.58,80.75],[-31.5,81.12],[-35.75,81.36],[-37.37,81.75],[-35.0,81.72],[-34.52,82.25],[-36.96,82.5],[-36.41,82.75],[-38.0,83.33],[-63.25,84.01],[-69.5,84.66],[-84.97,87.0],[-94.75,87.87],[-108.25,88.46],[-126.25,88.8],[-180.0,88.87]]}},{"type":"Feature","properties":{"level":1020},"geometry":{"type":"LineString","coordinates":[[47.25,-89.26],[72.47,-89.25],[53.75,-89.41],[47.25,-89.26]]}},{"type":"Feature","properties":{"level":1020},"geometry":{"type":"LineString","coordinates":[[180.0,-88.94],[152.25,-88.57],[140.55,-87.75],[142.6,-87.5],[140.97,-86.5],[140.95,-86.25],[140.28,-86.0],[135.5,-85.19],[135.07,-85.0],[136.15,-84.5],[132.69,-84.0],[133.08,-83.5],[130.38,-83.0],[130.2,-82.75],[130.92,-82.5],[130.86,-82.0],[132.27,-81.5],[132.35,-81.25],[125.55,-81.25],[127.92,-80.25],[127.81,-80.0],[126.75,-79.34],[122.65,-78.75],[123.61,-78.25],[126.25,-77.72],[128.25,-76.74],[128.77,-76.25],[129.19,-75.5],[127.7,-74.5],[128.1,-74.0],[127.98,-73.75],[127.08,-73.5],[127.5,-72.75],[126.25,-72.35],[121.5,-72.74],[116.0,-71.95],[113.0,-72.03],[107.0,-70.92],[105.92,-71.0],[105.16,-71.5],[107.8,-72.25],[107.5,-72.52],[106.25,-72.65],[106.4,-73.0],[105.75,-73.58],[103.25,-73.43],[100.75,-72.43],[95.49,-71.5],[95.25,-71.24],[93.0,-71.69],[88.5,-71.82],[86.75,-72.27],[83.5,-73.58],[82.86,-74.0],[81.63,-75.5],[80.21,-76.5],[79.75,-76.63],[79.0,-76.39],[73.0,-76.97],[67.0,-77.1],[61.25,-76.36],[50.75,-76.13],[42.25,-75.09],[33.0,-74.47],[26.0,-74.31],[23.25,-74.75],[18.0,-74.8],[17.34,-75.0],[17.75,-75.76],[18.25,-76.12],[20.75,-77.08],[24.17,-78.0],[30.0,-78.91],[31.75,-80.08],[37.84,-82.0],[38.29,-82.5],[38.18,-83.25],[44.1,-84.0],[41.03,-84.5],[42.98,-85.0],[39.07,-85.5],[38.28,-85.75],[37.93,-86.0],[38.0,-86.25],[36.5,-86.61],[34.5,-86.48],[33.25,-86.07],[33.56,-85.5],[33.99,-85.25],[33.25,-85.02],[27.75,-85.18],[25.6,-85.0],[25.65,-84.5],[25.13,-84.25],[26.63,-84.0],[26.58,-83.75],[24.53,-83.5],[24.08,-83.25],[27.98,-82.75],[25.61,-82.75],[23.75,-83.18],[11.5,-84.43],[8.16,-85.0],[7.25,-85.5],[16.59,-87.0],[21.19,-87.5],[20.91,-87.75],[12.07,-88.25],[7.5,-88.81],[1.0,-89.03],[-32.0,-89.19],[-126.25,-88.36],[-180.0,-88.94]]}},{"type":"Feature","properties":{"level":1020},"geometry":{"type":"LineString","coordinates":[[46.25,-84.27],[46.1,-84.25],[47.0,-84.0],[50.06,-84.25],[47.75,-84.43],[46.25,-84.27]]}},{"type":"Feature","properties":{"level":1020},"geometry":{"type":"LineString","coordinates":[[34.29,-84.0],[35.63,-84.0],[34.29,-84.0]]}},{"type":"Feature","properties":{"level":1020},"geometry":{"type":"LineString","coordinates":[[65.5,-78.02],[63.87,-77.75],[66.0,-77.6],[66.64,-77.75],[65.5,-78.02]]}},{"type":"Feature","properties":{"level":1020},"geometry":{"type":"LineString","coordinates":[[129.58,-73.75],[130.74,-73.75],[130.5,-73.39],[130.0,-73.34],[129.47,-73.5],[129.58,-73.75]]}},{"type":"Feature","properties":{"level":1020},"geometry":{"type":"LineString","coordinates":[[-58.18,-56.25],[-53.0,-56.27],[-49.4,-55.25],[-39.5,-50.71],[-30.34,-46.25],[-27.74,-44.75],[-25.75,-43.24],[-23.95,-41.0],[-23.21,-39.5],[-23.16,-38.75],[-22.66,-37.75],[-22.82,-36.5],[-22.62,-35.75],[-23.12,-34.5],[-24.25,-33.58],[-25.0,-33.41],[-26.5,-33.38],[-27.25,-33.12],[-29.25,-33.23],[-33.75,-34.4],[-35.5,-35.22],[-39.5,-36.38],[-44.75,-36.98],[-48.75,-36.46],[-51.25,-35.84],[-52.88,-35.25],[-53.65,-34.5],[-55.25,-34.34],[-57.0,-33.67],[-57.5,-33.42],[-57.75,-32.94],[-58.25,-33.02],[-58.37,-32.75],[-59.5,-32.46],[-60.0,-32.05],[-62.0,-31.95],[-62.25,-32.8],[-62.75,-32.69],[-62.95,-33.25],[-64.09,-34.25],[-64.75,-35.74],[-65.25,-38.12],[-66.16,-39.25],[-67.75,-39.92],[-69.55,-40.25],[-68.5,-40.89],[-68.19,-41.5],[-68.81,-42.0],[-67.75,-42.02],[-67.97,-41.75],[-67.75,-41.67],[-66.75,-42.25],[-66.53,-42.75],[-66.44,-45.0],[-67.25,-46.75],[-66.45,-48.5],[-66.29,-51.0],[-65.55,-52.5],[-63.2,-54.25],[-61.5,-54.88],[-59.55,-56.0],[-58.18,-56.25]]}},{"type":"Feature","properties":{"level":1020},"geometry":{"type":"LineString","coordinates":[[24.37,-52.75],[25.75,-52.99],[28.25,-52.92],[36.79,-50.75],[59.25,-47.98],[65.79,-46.25],[68.5,-44.84],[71.5,-44.7],[92.0,-45.79],[98.75,-45.39],[114.25,-41.1],[115.06,-40.25],[115.19,-39.0],[114.61,-37.75],[114.71,-37.25],[114.05,-36.25],[111.38,-34.75],[110.5,-34.0],[104.5,-31.16],[102.75,-30.02],[101.5,-28.75],[99.5,-27.75],[97.28,-25.5],[93.21,-22.5],[92.25,-22.55],[91.52,-22.0],[91.25,-21.48],[90.75,-21.53],[87.5,-20.32],[85.25,-19.99],[81.5,-18.82],[80.75,-18.92],[77.0,-18.41],[76.25,-18.04],[75.0,-17.86],[74.25,-18.29],[73.5,-17.75],[73.0,-18.0],[72.25,-17.7],[70.5,-17.97],[68.25,-17.92],[67.0,-18.4],[66.25,-18.0],[65.0,-18.17],[64.75,-18.42],[64.0,-18.04],[63.25,-18.45],[63.0,-18.27],[62.25,-18.48],[60.75,-18.42],[59.75,-18.86],[58.25,-18.58],[56.75,-18.69],[54.75,-19.52],[53.52,-19.75],[52.5,-20.36],[51.75,-20.46],[51.45,-20.75],[51.5,-21.31],[50.5,-22.14],[48.5,-22.96],[47.9,-22.75],[47.74,-21.0],[47.96,-19.75],[48.75,-19.26],[48.63,-19.0],[49.13,-18.0],[49.13,-16.75],[48.75,-16.6],[48.57,-17.25],[48.19,-17.5],[48.41,-17.75],[48.0,-17.76],[46.25,-20.5],[46.64,-21.0],[46.73,-22.0],[45.91,-22.5],[46.22,-23.5],[45.99,-24.0],[46.5,-24.13],[46.5,-25.16],[43.75,-26.09],[37.75,-25.57],[35.75,-25.63],[35.0,-26.16],[34.22,-27.5],[33.69,-27.75],[33.74,-29.75],[34.25,-30.58],[34.25,-31.0],[33.75,-31.32],[32.75,-31.18],[32.43,-31.75],[32.49,-32.5],[33.45,-33.0],[33.25,-34.3],[33.0,-34.29],[32.95,-33.75],[32.0,-33.11],[31.26,-33.25],[31.82,-33.5],[32.28,-35.0],[32.75,-35.04],[33.5,-35.84],[34.58,-36.25],[34.75,-37.26],[35.23,-37.75],[35.18,-38.25],[34.75,-38.4],[32.5,-38.06],[31.0,-37.54],[30.5,-37.76],[29.75,-37.65],[27.5,-39.1],[27.09,-38.75],[27.85,-37.75],[27.83,-37.25],[27.25,-36.57],[26.31,-36.25],[26.21,-36.0],[26.25,-35.73],[27.0,-35.7],[27.15,-35.5],[27.02,-34.75],[27.25,-34.25],[27.04,-33.75],[28.21,-32.75],[27.75,-32.45],[26.5,-32.21],[23.75,-33.42],[22.25,-33.22],[19.5,-33.36],[19.0,-33.77],[18.25,-33.62],[17.25,-32.08],[16.0,-31.02],[10.75,-28.16],[7.85,-26.25],[6.25,-25.51],[5.5,-25.48],[3.5,-24.69],[2.5,-24.66],[-0.75,-23.41],[-0.89,-23.5],[-0.39,-24.5],[1.26,-26.5],[1.3,-27.0],[0.75,-26.86],[-1.5,-25.09],[-2.5,-24.67],[-2.75,-25.1],[-7.25,-22.08],[-9.39,-21.25],[-9.0,-21.0],[-7.51,-21.0],[-8.0,-20.64],[-9.25,-20.49],[-9.75,-20.78],[-10.5,-20.78],[-14.25,-20.15],[-15.18,-20.75],[-15.16,-21.5],[-14.75,-21.86],[-13.25,-22.35],[-12.75,-22.9],[-15.25,-22.4],[-14.35,-23.0],[-17.5,-22.89],[-17.63,-23.0],[-17.35,-23.25],[-17.5,-23.49],[-18.25,-23.64],[-21.25,-23.24],[-22.5,-23.95],[-24.05,-24.0],[-22.75,-25.14],[-21.99,-25.5],[-22.25,-25.65],[-24.0,-25.44],[-23.83,-25.75],[-22.66,-26.25],[-22.0,-25.98],[-19.5,-26.38],[-19.22,-26.25],[-20.35,-25.75],[-20.25,-25.63],[-17.25,-26.03],[-16.98,-26.0],[-17.34,-25.75],[-16.0,-25.75],[-15.5,-25.39],[-14.75,-25.59],[-14.25,-25.41],[-12.75,-25.77],[-12.42,-25.5],[-12.76,-25.25],[-12.5,-24.98],[-10.0,-25.54],[-9.81,-25.5],[-10.25,-24.97],[-7.0,-25.44],[-5.58,-26.0],[-6.52,-26.25],[-4.75,-26.62],[-3.0,-27.84],[-1.75,-27.81],[0.25,-29.33],[1.0,-29.43],[2.25,-30.13],[2.89,-30.75],[3.21,-31.5],[3.0,-32.0],[3.13,-32.75],[4.38,-34.25],[4.61,-35.75],[6.74,-39.25],[7.5,-39.79],[8.25,-41.08],[9.12,-41.5],[10.5,-42.92],[14.25,-47.33],[17.75,-49.8],[24.37,-52.75]]}},{"type":"Feature","properties":{"level":1020},"geometry":{"type":"LineString","coordinates":[[-180.0,-51.08],[-176.75,-51.65],[-174.32,-51.75],[-167.25,-51.35],[-164.3,-50.75],[-160.5,-49.25],[-159.0,-48.29],[-156.94,-46.5],[-150.83,-39.75],[-150.36,-38.75],[-148.18,-36.0],[-146.06,-34.25],[-144.71,-32.5],[-142.65,-31.5],[-141.0,-30.38],[-139.0,-29.6],[-138.5,-28.81],[-137.25,-28.23],[-135.25,-28.22],[-133.25,-27.79],[-132.5,-28.5],[-131.5,-28.34],[-129.25,-28.75],[-127.5,-28.39],[-127.25,-28.95],[-126.25,-28.48],[-125.88,-28.75],[-125.89,-29.0],[-125.0,-29.51],[-124.0,-29.4],[-123.0,-30.17],[-122.25,-30.18],[-121.85,-30.5],[-120.5,-30.52],[-120.0,-30.84],[-119.5,-30.72],[-118.0,-31.26],[-117.0,-31.04],[-115.25,-32.1],[-113.0,-32.36],[-108.25,-33.69],[-106.25,-34.58],[-103.0,-34.64],[-102.0,-34.93],[-99.25,-34.01],[-96.98,-32.25],[-96.24,-31.25],[-96.25,-30.62],[-95.5,-30.11],[-95.49,-29.5],[-94.96,-29.0],[-94.86,-28.75],[-95.26,-28.5],[-94.56,-28.0],[-94.3,-26.25],[-93.66,-26.0],[-94.75,-24.54],[-95.5,-24.06],[-99.5,-22.23],[-106.25,-21.3],[-109.25,-21.55],[-111.75,-20.94],[-113.5,-21.17],[-113.75,-21.57],[-114.5,-21.87],[-117.75,-21.58],[-118.74,-21.75],[-119.0,-22.32],[-120.25,-22.01],[-122.5,-22.59],[-124.0,-22.41],[-124.34,-22.5],[-123.98,-23.5],[-124.5,-23.8],[-125.25,-23.29],[-125.79,-23.75],[-126.25,-24.68],[-126.75,-23.6],[-127.23,-23.75],[-127.04,-24.25],[-127.25,-24.71],[-127.54,-24.25],[-128.75,-23.58],[-129.02,-23.75],[-128.75,-25.02],[-129.5,-24.25],[-129.97,-24.5],[-130.0,-24.86],[-130.25,-24.92],[-130.5,-24.64],[-130.75,-25.15],[-131.2,-25.0],[-131.15,-24.5],[-130.77,-24.25],[-131.27,-23.75],[-131.19,-23.0],[-131.5,-22.63],[-131.75,-22.75],[-132.1,-24.25],[-132.75,-24.99],[-132.45,-23.0],[-132.75,-22.12],[-133.75,-23.41],[-134.25,-23.35],[-134.75,-22.94],[-135.25,-23.44],[-135.69,-23.5],[-135.75,-23.77],[-135.75,-23.25],[-137.0,-23.87],[-138.0,-23.52],[-138.5,-23.87],[-139.0,-23.82],[-140.0,-23.26],[-140.75,-23.44],[-142.25,-23.08],[-143.25,-23.37],[-143.75,-22.81],[-144.75,-23.04],[-145.25,-22.72],[-146.0,-22.86],[-146.25,-22.53],[-146.75,-23.01],[-147.75,-22.25],[-148.75,-21.84],[-150.5,-21.86],[-151.75,-21.34],[-153.0,-21.43],[-155.0,-20.67],[-157.5,-20.18],[-158.0,-20.3],[-158.75,-20.0],[-160.25,-20.15],[-162.25,-19.4],[-165.75,-18.82],[-166.25,-18.54],[-168.0,-18.91],[-170.25,-18.82],[-171.5,-19.38],[-173.5,-19.34],[-177.75,-19.75],[-178.0,-20.26],[-178.25,-20.26],[-178.5,-19.83],[-180.0,-20.22]]}},{"type":"Feature","properties":{"level":1020},"geometry":{"type":"LineString","coordinates":[[-70.38,-41.25],[-69.79,-41.0],[-70.0,-40.75],[-70.25,-40.99],[-70.33,-40.75],[-71.07,-40.5],[-71.21,-40.75],[-70.38,-41.25]]}},{"type":"Feature","properties":{"level":1020},"geometry":{"type":"LineString","coordinates":[[23.5,-36.53],[23.5,-36.22],[23.73,-36.5],[23.5,-36.53]]}},{"type":"Feature","properties":{"level":1020},"geometry":{"type":"LineString","coordinates":[[35.0,-35.58],[34.75,-35.46],[34.75,-34.86],[35.0,-34.84],[35.17,-35.25],[35.23,-35.5],[35.0,-35.58]]}},{"type":"Feature","properties":{"level":1020},"geometry":{"type":"LineString","coordinates":[[34.0,-33.28],[33.68,-32.75],[34.0,-32.66],[34.5,-32.8],[34.77,-33.25],[34.25,-33.45],[34.0,-33.28]]}},{"type":"Feature","properties":{"level":1020},"geometry":{"type":"LineString","coordinates":[[30.92,-32.0],[31.0,-31.74],[30.92,-32.0]]}},{"type":"Feature","properties":{"level":1020},"geometry":{"type":"LineString","coordinates":[[-70.33,-31.75],[-69.97,-31.75],[-70.18,-30.75],[-69.75,-30.25],[-69.75,-29.58],[-69.5,-29.75],[-69.25,-28.24],[-69.0,-28.31],[-68.16,-27.0],[-68.3,-26.25],[-68.75,-26.22],[-69.0,-27.2],[-69.25,-27.24],[-69.44,-28.0],[-70.02,-28.5],[-70.01,-29.0],[-70.3,-29.25],[-70.15,-30.0],[-70.56,-31.25],[-70.33,-31.75]]}},{"type":"Feature","properties":{"level":1020},"geometry":{"type":"LineString","coordinates":[[29.44,-31.5],[29.83,-31.25],[30.5,-29.53],[31.25,-29.15],[31.57,-28.5],[31.25,-28.25],[30.25,-28.57],[29.81,-28.0],[30.0,-27.4],[30.54,-27.5],[30.85,-27.0],[30.75,-26.57],[31.0,-26.59],[31.32,-26.25],[31.25,-26.04],[30.31,-26.25],[29.61,-27.25],[29.25,-27.31],[28.05,-29.25],[27.98,-29.75],[28.4,-30.0],[27.5,-30.75],[28.0,-31.23],[28.5,-31.34],[28.5,-30.99],[29.0,-30.95],[29.44,-31.5]]}},{"type":"Feature","properties":{"level":1020},"geometry":{"type":"LineString","coordinates":[[160.11,-29.0],[160.37,-29.0],[160.28,-28.75],[159.25,-28.05],[159.25,-28.62],[160.11,-29.0]]}},{"type":"Feature","properties":{"level":1020},"geometry":{"type":"LineString","coordinates":[[-7.06,-26.0],[-6.62,-26.0],[-7.06,-26.0]]}},{"type":"Feature","properties":{"level":1020},"geometry":{"type":"LineString","coordinates":[[29.93,-25.75],[30.25,-25.94],[30.68,-25.75],[30.86,-24.75],[30.0,-25.17],[29.93,-25.75]]}},{"type":"Feature","properties":{"level":1020},"geometry":{"type":"LineString","coordinates":[[-24.26,-25.25],[-23.26,-25.0],[-24.25,-24.75],[-24.53,-25.0],[-24.26,-25.25]]}},{"type":"Feature","properties":{"level":1020},"geometry":{"type":"LineString","coordinates":[[-14.5,-25.32],[-14.33,-25.25],[-14.5,-25.32]]}},{"type":"Feature","properties":{"level":1020},"geometry":{"type":"LineString","coordinates":[[-16.75,-25.05],[-16.96,-25.0],[-16.22,-25.0],[-16.75,-25.05]]}},{"type":"Feature","properties":{"level":1020},"geometry":{"type":"LineString","coordinates":[[-15.0,-25.08],[-15.0,-24.89],[-14.63,-25.0],[-15.0,-25.08]]}},{"type":"Feature","properties":{"level":1020},"geometry":{"type":"LineString","coordinates":[[-15.25,-24.79],[-15.46,-24.75],[-15.25,-24.79]]}},{"type":"Feature","properties":{"level":1020},"geometry":{"type":"LineString","coordinates":[[-11.25,-24.8],[-12.8,-24.0],[-12.31,-24.0],[-10.66,-24.75],[-11.25,-24.8]]}},{"type":"Feature","properties":{"level":1020},"geometry":{"type":"LineString","coordinates":[[-22.25,-24.52],[-22.5,-24.22],[-21.73,-24.5],[-22.25,-24.52]]}},{"type":"Feature","properties":{"level":1020},"geometry":{"type":"LineString","coordinates":[[-8.25,-23.13],[-8.48,-23.0],[-8.04,-23.0],[-8.25,-23.13]]}},{"type":"Feature","properties":{"level":1020},"geometry":{"type":"LineString","coordinates":[[-16.52,-22.0],[-16.13,-22.0],[-16.52,-22.0]]}},{"type":"Feature","properties":{"level":1020},"geometry":{"type":"LineString","coordinates":[[-6.68,-20.75],[-5.89,-20.75],[-6.68,-20.75]]}},{"type":"Feature","properties":{"level":1020},"geometry":{"type":"LineString","coordinates":[[49.45,-20.25],[49.6,-20.25],[49.5,-19.89],[49.45,-20.25]]}},{"type":"Feature","properties":{"level":1020},"geometry":{"type":"LineString","coordinates":[[180.0,-20.22],[179.25,-19.93],[178.5,-20.67],[177.75,-20.97],[177.25,-20.79],[176.5,-21.56],[176.0,-21.27],[175.25,-21.95],[174.69,-21.5],[174.0,-22.4],[173.25,-22.43],[172.75,-22.2],[171.75,-23.05],[171.25,-23.01],[170.5,-23.86],[169.0,-24.54],[164.75,-25.07],[163.5,-24.87],[162.5,-25.24],[161.5,-25.29],[161.21,-25.5],[161.1,-26.5],[159.8,-26.75],[159.97,-27.5],[161.05,-29.25],[161.01,-29.75],[161.75,-30.8],[164.0,-30.49],[164.5,-30.6],[165.25,-31.23],[168.75,-31.18],[170.5,-31.5],[172.25,-32.18],[174.0,-33.25],[175.5,-34.98],[175.38,-36.0],[174.77,-37.5],[174.29,-38.0],[174.5,-38.34],[174.02,-38.5],[173.75,-39.42],[172.5,-39.84],[172.0,-40.56],[170.84,-41.25],[169.84,-41.5],[167.38,-42.75],[166.13,-44.5],[166.6,-45.75],[167.25,-46.04],[169.5,-45.86],[170.5,-45.36],[170.25,-44.9],[171.0,-44.08],[172.0,-43.81],[172.8,-44.5],[172.12,-45.25],[171.52,-46.5],[172.05,-47.5],[176.0,-49.8],[180.0,-51.08]]}},{"type":"Feature","properties":{"level":1020},"geometry":{"type":"LineString","coordinates":[[49.23,-15.0],[49.25,-15.19],[49.81,-15.0],[49.5,-13.7],[49.0,-13.87],[48.8,-14.25],[49.23,-15.0]]}},{"type":"Feature","properties":{"level":1020},"geometry":{"type":"LineString","coordinates":[[-161.15,25.0],[-160.5,24.82],[-158.75,25.3],[-157.5,25.03],[-154.0,25.73],[-151.94,26.75],[-151.79,27.25],[-152.01,27.5],[-151.27,28.0],[-151.17,29.0],[-148.75,30.55],[-141.5,33.92],[-138.75,34.78],[-138.46,35.0],[-137.96,36.75],[-137.5,37.32],[-135.25,37.65],[-134.0,38.27],[-130.25,39.14],[-128.51,41.25],[-127.36,44.0],[-128.06,45.75],[-130.0,48.39],[-132.5,49.63],[-136.25,49.58],[-146.5,50.26],[-152.0,49.58],[-154.5,48.98],[-157.5,46.91],[-163.17,44.75],[-165.55,43.5],[-168.5,41.26],[-169.65,40.0],[-170.55,38.25],[-170.59,35.25],[-169.5,32.25],[-169.05,30.0],[-167.43,27.5],[-166.0,26.92],[-165.0,26.04],[-164.0,25.96],[-163.0,25.32],[-161.15,25.0]]}},{"type":"Feature","properties":{"level":1020},"geometry":{"type":"LineString","coordinates":[[-30.05,26.75],[-28.25,26.84],[-26.25,27.33],[-26.0,27.19],[-25.74,27.5],[-24.25,28.03],[-24.0,28.46],[-23.25,28.64],[-23.0,29.05],[-22.5,29.25],[-21.5,30.76],[-17.5,33.72],[-15.74,36.25],[-14.42,38.75],[-10.58,42.25],[-9.25,42.9],[-8.25,42.57],[-7.5,42.7],[-7.0,42.5],[-7.5,42.24],[-6.75,42.01],[-5.5,42.3],[-3.75,41.81],[-3.55,41.5],[-3.75,40.95],[-2.25,40.59],[-0.75,39.16],[-0.13,40.0],[1.0,40.75],[2.92,40.25],[3.75,40.94],[5.46,41.25],[5.88,42.0],[4.67,43.25],[5.0,44.12],[5.5,43.92],[6.0,44.21],[6.12,43.75],[6.5,43.54],[8.0,43.88],[8.75,44.35],[10.75,43.92],[11.34,44.25],[9.25,44.89],[7.75,44.46],[7.5,44.55],[7.43,45.0],[8.75,45.9],[11.0,45.55],[13.25,46.0],[13.57,45.75],[13.81,45.0],[14.75,45.0],[14.9,44.5],[16.0,44.01],[16.07,43.75],[17.25,43.24],[17.75,43.31],[18.5,42.46],[19.25,42.53],[19.55,42.25],[20.03,41.0],[19.61,40.25],[20.6,39.75],[21.87,38.25],[21.56,38.0],[21.75,37.25],[22.25,36.84],[23.0,37.0],[22.62,37.5],[22.66,38.0],[22.03,38.25],[22.75,38.37],[23.75,38.16],[24.17,38.5],[24.26,39.5],[24.75,39.93],[25.75,40.27],[27.25,39.38],[29.25,38.93],[30.25,38.25],[31.0,38.25],[31.06,37.75],[31.25,37.54],[31.5,37.86],[31.75,37.78],[31.63,37.25],[32.5,36.57],[32.97,36.75],[32.44,37.5],[32.52,38.0],[32.05,38.25],[32.39,39.0],[33.5,39.5],[33.75,39.18],[34.75,38.96],[36.0,38.97],[36.25,38.36],[36.75,38.24],[37.66,39.0],[38.07,39.0],[38.5,39.58],[38.75,39.23],[41.0,39.14],[43.0,39.9],[43.4,39.75],[43.12,39.25],[44.0,39.06],[44.13,39.25],[43.65,39.5],[44.34,39.75],[43.63,40.0],[43.75,40.42],[44.5,40.39],[45.56,39.75],[46.11,38.5],[47.0,38.44],[48.25,37.85],[49.25,36.89],[48.5,38.91],[48.0,39.13],[47.5,38.9],[46.75,39.17],[47.05,39.5],[46.57,40.5],[44.9,41.5],[45.25,41.47],[45.5,41.75],[45.38,42.0],[45.7,42.0],[49.0,40.55],[49.32,40.75],[49.45,41.25],[49.0,42.6],[48.25,43.72],[48.29,45.0],[47.75,45.71],[40.5,48.83],[38.0,49.65],[35.0,50.11],[31.5,49.67],[28.5,49.67],[26.5,49.33],[21.75,49.57],[20.5,49.19],[20.13,49.5],[19.5,49.58],[17.25,49.45],[16.76,49.75],[17.1,50.0],[16.8,50.25],[15.75,50.07],[14.26,50.25],[13.54,50.75],[12.31,51.0],[11.5,51.58],[9.0,52.45],[6.25,52.98],[3.25,53.23],[-2.0,54.35],[-2.75,54.81],[-5.45,55.5],[-5.75,55.79],[-10.25,57.0],[-17.25,58.08],[-20.0,57.96],[-22.5,57.37],[-23.5,56.91],[-25.33,55.25],[-26.3,53.75],[-26.72,51.75],[-27.58,50.5],[-30.47,47.75],[-33.25,45.53],[-38.41,40.5],[-40.75,37.56],[-42.51,33.75],[-42.82,32.0],[-40.59,29.75],[-36.5,28.14],[-35.75,28.11],[-32.25,27.02],[-30.05,26.75]]}},{"type":"Feature","properties":{"level":1020},"geometry":{"type":"LineString","coordinates":[[101.21,28.5],[101.47,29.25],[101.25,29.76],[100.85,29.5],[101.21,28.5]]}},{"type":"Feature","properties":{"level":1020},"geometry":{"type":"LineString","coordinates":[[-69.06,30.25],[-65.75,30.55],[-64.5,30.97],[-61.75,31.14],[-59.5,32.21],[-59.12,32.5],[-58.35,34.25],[-57.71,34.75],[-57.71,35.25],[-57.25,35.79],[-57.15,36.5],[-57.7,37.75],[-57.55,38.25],[-59.11,40.25],[-61.11,41.0],[-62.06,42.0],[-64.99,43.5],[-65.5,44.77],[-66.38,45.25],[-67.08,46.25],[-68.04,48.25],[-69.67,49.0],[-70.57,50.25],[-72.42,52.0],[-77.25,53.85],[-79.25,55.0],[-83.25,56.74],[-85.25,58.0],[-86.15,59.0],[-86.6,59.75],[-85.84,61.5],[-83.44,64.5],[-82.59,64.75],[-81.7,67.25],[-82.22,68.75],[-83.08,69.75],[-83.22,70.5],[-87.0,72.25],[-89.25,72.72],[-91.75,73.8],[-97.0,74.47],[-99.75,74.28],[-103.25,73.48],[-105.35,73.25],[-106.0,72.86],[-107.75,72.75],[-109.5,71.95],[-112.2,71.75],[-112.39,71.5],[-112.2,71.25],[-112.69,70.75],[-111.96,70.0],[-113.13,69.5],[-112.51,69.0],[-112.87,68.25],[-113.25,68.0],[-113.15,67.75],[-115.77,66.75],[-115.37,65.75],[-113.61,64.25],[-110.75,62.82],[-105.98,61.0],[-100.25,59.75],[-92.25,58.56],[-90.75,57.99],[-89.0,56.92],[-88.16,56.0],[-87.47,53.75],[-86.82,52.75],[-86.65,52.0],[-86.94,51.5],[-85.31,48.75],[-85.82,47.75],[-85.13,46.75],[-85.08,46.0],[-84.26,45.25],[-84.47,44.0],[-83.62,43.25],[-83.75,41.75],[-82.63,41.25],[-84.86,40.0],[-84.76,39.25],[-83.94,38.5],[-84.68,38.0],[-84.49,37.75],[-85.26,37.5],[-84.95,37.25],[-85.01,36.75],[-86.52,35.5],[-86.0,34.28],[-85.5,34.29],[-84.0,33.47],[-81.75,33.31],[-81.25,33.03],[-80.5,33.12],[-77.52,32.25],[-76.25,31.6],[-74.5,31.63],[-72.0,30.26],[-71.0,30.42],[-69.06,30.25]]}},{"type":"Feature","properties":{"level":1020},"geometry":{"type":"LineString","coordinates":[[81.24,31.0],[82.12,31.0],[81.0,31.42],[80.91,31.25],[81.24,31.0]]}},{"type":"Feature","properties":{"level":1020},"geometry":{"type":"LineString","coordinates":[[17.41,32.5],[17.79,32.5],[18.09,33.75],[17.25,35.44],[15.75,35.77],[14.71,35.5],[15.5,33.54],[16.5,32.62],[17.41,32.5]]}},{"type":"Feature","properties":{"level":1020},"geometry":{"type":"LineString","coordinates":[[20.82,32.5],[21.0,32.32],[22.17,32.75],[21.75,32.84],[20.82,32.5]]}},{"type":"Feature","properties":{"level":1020},"geometry":{"type":"LineString","coordinates":[[74.43,33.5],[75.19,33.5],[74.25,34.14],[74.12,34.0],[74.43,33.5]]}},{"type":"Feature","properties":{"level":1020},"geometry":{"type":"LineString","coordinates":[[77.75,33.67],[76.69,34.25],[77.75,34.15],[77.75,33.67]]}},{"type":"Feature","properties":{"level":1020},"geometry":{"type":"LineString","coordinates":[[110.48,33.75],[112.0,33.53],[112.28,33.75],[111.5,33.94],[110.48,33.75]]}},{"type":"Feature","properties":{"level":1020},"geometry":{"type":"LineString","coordinates":[[-85.0,34.69],[-85.15,35.0],[-84.75,35.05],[-85.0,34.69]]}},{"type":"Feature","properties":{"level":1020},"geometry":{"type":"LineString","coordinates":[[14.21,34.75],[14.57,34.75],[14.25,35.03],[14.21,34.75]]}},{"type":"Feature","properties":{"level":1020},"geometry":{"type":"LineString","coordinates":[[73.5,35.44],[73.34,35.5],[73.75,35.74],[74.39,35.75],[74.02,36.0],[74.25,36.21],[74.76,35.75],[74.63,35.5],[74.0,35.32],[73.5,35.44]]}},{"type":"Feature","properties":{"level":1020},"geometry":{"type":"LineString","coordinates":[[113.17,35.5],[113.6,35.75],[113.5,36.25],[112.75,36.14],[112.39,36.5],[112.75,36.99],[113.0,37.03],[113.25,36.72],[113.75,36.99],[113.75,37.48],[113.25,37.69],[112.75,37.13],[111.92,36.75],[112.0,36.38],[113.0,35.91],[113.17,35.5]]}},{"type":"Feature","properties":{"level":1020},"geometry":{"type":"LineString","coordinates":[[17.21,35.75],[17.6,36.0],[17.39,37.0],[16.75,37.43],[16.5,37.35],[16.49,36.75],[17.21,35.75]]}},{"type":"Feature","properties":{"level":1020},"geometry":{"type":"LineString","coordinates":[[52.2,35.75],[53.0,35.72],[53.57,36.0],[51.25,36.54],[50.5,36.96],[50.28,36.75],[51.0,36.19],[52.2,35.75]]}},{"type":"Feature","properties":{"level":1020},"geometry":{"type":"LineString","coordinates":[[53.84,36.5],[55.13,36.75],[54.5,36.82],[53.84,36.5]]}},{"type":"Feature","properties":{"level":1020},"geometry":{"type":"LineString","coordinates":[[80.75,36.49],[80.25,36.87],[79.5,36.89],[77.25,37.57],[76.5,38.46],[75.39,39.25],[75.49,39.5],[76.75,40.03],[78.5,40.11],[78.91,40.5],[79.82,40.75],[79.93,41.0],[79.5,41.28],[84.75,42.0],[85.85,41.75],[85.54,41.5],[85.66,41.25],[85.15,41.0],[86.5,40.17],[86.85,39.75],[86.72,39.25],[86.91,39.5],[87.25,39.28],[88.25,39.67],[90.5,39.75],[89.58,39.25],[88.75,39.19],[87.5,38.46],[87.0,38.48],[84.44,37.25],[81.75,36.49],[80.75,36.49]]}},{"type":"Feature","properties":{"level":1020},"geometry":{"type":"LineString","coordinates":[[14.45,36.75],[14.75,36.66],[15.32,37.0],[15.57,37.5],[15.5,38.11],[16.0,37.81],[16.98,39.25],[16.39,39.75],[16.52,40.0],[16.21,40.5],[14.83,41.5],[13.77,43.0],[12.59,43.5],[12.76,41.75],[14.47,41.0],[14.34,40.75],[15.68,39.75],[16.0,39.11],[15.81,38.5],[15.41,38.25],[12.62,38.0],[14.45,36.75]]}},{"type":"Feature","properties":{"level":1020},"geometry":{"type":"LineString","coordinates":[[33.35,37.0],[33.75,36.82],[34.66,37.5],[33.35,37.0]]}},{"type":"Feature","properties":{"level":1020},"geometry":{"type":"LineString","coordinates":[[43.22,37.75],[43.75,37.67],[44.26,38.5],[43.5,37.87],[43.25,38.04],[43.22,37.75]]}},{"type":"Feature","properties":{"level":1020},"geometry":{"type":"LineString","coordinates":[[113.22,38.75],[113.75,38.68],[114.0,39.1],[114.68,39.25],[115.55,40.0],[113.83,39.75],[113.25,39.23],[113.22,38.75]]}},{"type":"Feature","properties":{"level":1020},"geometry":{"type":"LineString","coordinates":[[31.75,38.9],[31.19,39.25],[31.69,39.5],[31.5,39.75],[31.75,40.04],[32.31,39.75],[32.34,39.25],[32.0,38.82],[31.75,38.9]]}},{"type":"Feature","properties":{"level":1020},"geometry":{"type":"LineString","coordinates":[[22.0,39.21],[21.75,39.57],[22.34,39.5],[22.25,39.18],[22.0,39.21]]}},{"type":"Feature","properties":{"level":1020},"geometry":{"type":"LineString","coordinates":[[9.16,39.75],[9.5,39.54],[9.63,40.0],[9.25,40.69],[9.02,40.0],[9.16,39.75]]}},{"type":"Feature","properties":{"level":1020},"geometry":{"type":"LineString","coordinates":[[118.43,40.0],[119.84,40.25],[118.57,41.0],[118.29,42.0],[117.5,42.77],[116.75,42.63],[116.5,42.06],[115.28,41.75],[115.39,41.5],[114.95,41.25],[116.0,40.66],[117.25,41.25],[117.75,41.15],[117.39,40.5],[117.5,40.27],[118.0,40.33],[118.43,40.0]]}},{"type":"Feature","properties":{"level":1020},"geometry":{"type":"LineString","coordinates":[[17.06,40.75],[17.43,40.75],[17.06,40.75]]}},{"type":"Feature","properties":{"level":1020},"geometry":{"type":"LineString","coordinates":[[106.17,41.0],[106.5,40.96],[107.3,41.5],[106.5,41.57],[106.17,41.0]]}},{"type":"Feature","properties":{"level":1020},"geometry":{"type":"LineString","coordinates":[[21.25,41.17],[21.19,41.5],[21.65,41.75],[21.22,42.0],[21.62,42.25],[21.5,42.45],[21.0,42.42],[20.25,42.13],[20.09,42.25],[20.5,42.88],[20.75,42.97],[21.75,42.5],[22.29,41.75],[22.25,41.5],[21.25,41.17]]}},{"type":"Feature","properties":{"level":1020},"geometry":{"type":"LineString","coordinates":[[8.89,41.75],[9.25,41.58],[9.4,41.75],[9.45,42.5],[9.25,42.69],[8.72,42.5],[8.89,41.75]]}},{"type":"Feature","properties":{"level":1020},"geometry":{"type":"LineString","coordinates":[[11.91,42.5],[12.09,42.5],[12.05,42.75],[11.5,42.98],[11.38,42.75],[11.91,42.5]]}},{"type":"Feature","properties":{"level":1020},"geometry":{"type":"LineString","coordinates":[[89.25,42.71],[89.03,42.75],[89.59,42.75],[89.25,42.71]]}},{"type":"Feature","properties":{"level":1020},"geometry":{"type":"LineString","coordinates":[[21.75,42.91],[21.0,43.73],[20.45,43.75],[18.0,45.0],[18.25,45.62],[19.0,45.72],[21.25,44.87],[21.61,43.5],[22.02,43.25],[22.08,43.0],[21.75,42.91]]}},{"type":"Feature","properties":{"level":1020},"geometry":{"type":"LineString","coordinates":[[10.73,43.25],[11.0,43.02],[11.07,43.25],[10.73,43.25]]}},{"type":"Feature","properties":{"level":1020},"geometry":{"type":"LineString","coordinates":[[20.75,48.36],[20.57,48.5],[21.25,48.87],[21.17,48.5],[20.75,48.36]]}},{"type":"Feature","properties":{"level":1020},"geometry":{"type":"LineString","coordinates":[[117.23,57.25],[117.15,58.25],[116.75,58.22],[116.33,57.5],[117.23,57.25]]}},{"type":"Feature","properties":{"level":1020},"geometry":{"type":"LineString","coordinates":[[120.23,59.75],[120.25,59.93],[120.23,59.75]]}},{"type":"Feature","properties":{"level":1020},"geometry":{"type":"LineString","coordinates":[[145.47,60.75],[146.53,60.75],[146.0,60.98],[145.47,60.75]]}},{"type":"Feature","properties":{"level":1020},"geometry":{"type":"LineString","coordinates":[[152.51,61.25],[153.4,61.25],[152.25,61.77],[151.3,61.75],[151.75,61.38],[152.51,61.25]]}},{"type":"Feature","properties":{"level":1020},"geometry":{"type":"LineString","coordinates":[[-44.52,63.0],[-44.0,62.94],[-42.71,63.75],[-41.53,65.25],[-42.13,65.75],[-42.0,65.88],[-39.75,66.82],[-37.0,67.08],[-35.75,66.87],[-32.0,68.37],[-30.5,68.44],[-29.5,68.87],[-28.5,68.61],[-24.17,69.75],[-23.96,70.0],[-25.5,70.05],[-26.5,70.45],[-25.69,71.0],[-26.29,71.25],[-24.95,72.0],[-25.0,72.27],[-25.75,72.45],[-26.0,72.75],[-25.93,73.0],[-25.25,73.04],[-25.12,73.25],[-25.93,73.5],[-25.21,74.0],[-23.75,74.49],[-23.93,74.75],[-23.06,75.0],[-23.31,75.25],[-22.64,75.5],[-23.93,75.75],[-23.92,76.25],[-24.63,76.5],[-24.55,77.0],[-25.96,77.5],[-26.54,78.0],[-27.75,78.26],[-30.58,79.5],[-31.75,80.5],[-36.0,80.91],[-39.5,81.6],[-42.0,81.73],[-56.27,80.5],[-55.49,80.0],[-55.39,79.75],[-55.69,79.25],[-55.34,79.0],[-53.8,78.5],[-53.26,78.0],[-50.6,77.5],[-50.25,77.1],[-48.21,76.0],[-48.41,75.5],[-48.81,75.25],[-49.85,75.0],[-51.91,74.0],[-51.97,73.5],[-50.76,72.5],[-51.36,72.25],[-51.25,72.04],[-49.24,71.75],[-49.03,71.25],[-48.06,70.75],[-45.28,68.5],[-44.86,67.25],[-45.11,66.0],[-45.0,64.75],[-45.36,64.25],[-44.74,63.75],[-44.83,63.5],[-44.52,63.0]]}},{"type":"Feature","properties":{"level":1020},"geometry":{"type":"LineString","coordinates":[[-83.69,72.5],[-83.25,72.27],[-81.75,72.75],[-83.5,72.74],[-83.69,72.5]]}},{"type":"Feature","properties":{"level":1020},"geometry":{"type":"LineString","coordinates":[[-94.36,74.75],[-93.95,74.75],[-94.36,74.75]]}},{"type":"Feature","properties":{"level":1020},"geometry":{"type":"LineString","coordinates":[[-71.66,81.0],[-68.78,81.0],[-67.52,81.25],[-66.75,81.81],[-65.25,82.0],[-68.75,82.24],[-67.64,82.75],[-68.5,82.89],[-76.25,82.73],[-81.0,82.24],[-82.0,82.4],[-85.75,82.04],[-86.33,81.75],[-82.5,81.54],[-80.25,81.75],[-78.25,81.62],[-77.5,81.9],[-73.5,81.93],[-72.75,82.15],[-69.87,82.0],[-71.5,81.67],[-72.75,81.83],[-74.5,81.54],[-76.5,81.61],[-77.17,81.25],[-75.75,81.34],[-71.66,81.0]]}},{"type":"Feature","properties":{"level":1020},"geometry":{"type":"LineString","coordinates":[[-54.76,81.25],[-53.55,81.25],[-55.0,81.86],[-56.75,82.0],[-57.38,81.75],[-54.76,81.25]]}},{"type":"Feature","properties":{"level":1020},"geometry":{"type":"LineString","coordinates":[[-52.46,81.25],[-51.12,81.25],[-52.5,81.64],[-53.02,81.5],[-52.46,81.25]]}},{"type":"Feature","properties":{"level":1020},"geometry":{"type":"LineString","coordinates":[[-50.95,81.5],[-50.75,81.28],[-47.3,81.5],[-49.75,81.68],[-49.91,81.75],[-49.57,82.0],[-50.0,82.07],[-51.14,81.75],[-50.95,81.5]]}},{"type":"Feature","properties":{"level":1020},"geometry":{"type":"LineString","coordinates":[[-46.6,81.75],[-45.58,81.75],[-46.6,81.75]]}},{"type":"Feature","properties":{"level":1020},"geometry":{"type":"LineString","coordinates":[[-52.51,82.0],[-51.99,82.0],[-52.51,82.0]]}},{"type":"Feature","properties":{"level":1020},"geometry":{"type":"LineString","coordinates":[[-44.91,82.0],[-42.75,82.08],[-42.0,81.82],[-41.25,82.08],[-38.84,82.25],[-41.0,82.56],[-42.0,82.11],[-44.25,82.59],[-46.14,82.25],[-44.91,82.0]]}},{"type":"Feature","properties":{"level":1020},"geometry":{"type":"LineString","coordinates":[[-43.36,82.75],[-43.16,82.75],[-43.36,82.75]]}},{"type":"Feature","properties":{"level":1020},"geometry":{"type":"LineString","coordinates":[[-180.0,85.12],[-163.0,85.08],[-145.25,84.48],[-135.0,83.83],[-114.75,81.97],[-110.5,81.79],[-107.0,81.94],[-103.5,82.49],[-97.75,83.75],[-96.5,84.25],[-96.01,84.75],[-96.34,85.0],[-98.65,85.5],[-105.0,86.25],[-123.25,87.21],[-150.0,87.64],[-180.0,87.44]]}},{"type":"Feature","properties":{"level":1020},"geometry":{"type":"LineString","coordinates":[[180.0,87.44],[166.71,87.0],[154.07,86.25],[146.04,85.5],[134.0,83.76],[129.25,82.78],[122.99,80.75],[121.57,79.5],[118.93,77.75],[117.68,76.25],[117.69,76.0],[118.25,75.66],[120.5,74.72],[119.25,74.62],[115.25,75.14],[112.0,74.67],[111.23,75.0],[111.75,75.5],[110.5,75.36],[110.26,75.5],[110.83,75.75],[110.72,76.0],[109.25,76.1],[107.89,75.75],[108.0,75.46],[106.79,75.5],[107.21,75.75],[107.0,75.81],[105.5,75.77],[106.46,75.5],[105.25,74.62],[102.5,74.44],[96.5,73.29],[94.48,72.25],[90.01,71.0],[87.25,69.84],[76.75,63.5],[69.47,60.25],[65.07,57.5],[62.37,55.25],[60.66,53.0],[59.67,50.5],[59.5,48.64],[59.06,47.75],[58.49,47.25],[58.43,45.75],[58.77,44.75],[59.25,44.44],[59.88,44.5],[60.25,43.66],[61.5,44.61],[61.75,44.7],[62.25,44.37],[65.25,45.64],[66.5,45.9],[71.6,44.5],[73.25,44.16],[73.75,44.28],[75.43,42.75],[72.25,42.86],[71.92,42.75],[72.1,42.5],[70.75,42.59],[70.25,42.28],[69.96,42.0],[70.0,41.15],[70.5,40.95],[72.25,41.53],[73.35,40.75],[72.75,40.27],[71.0,39.86],[68.75,39.7],[67.49,39.25],[66.98,38.75],[67.0,38.43],[67.25,38.27],[67.75,38.59],[68.75,38.68],[69.75,38.49],[70.04,38.25],[70.45,37.0],[68.75,35.6],[68.5,35.6],[68.25,36.04],[67.75,36.12],[67.0,35.73],[65.75,35.88],[65.25,35.57],[64.48,35.5],[64.88,35.25],[64.8,35.0],[63.81,34.5],[64.45,34.25],[64.75,33.49],[66.25,34.26],[66.75,33.97],[67.25,34.15],[67.22,33.75],[67.5,33.44],[67.7,33.5],[68.0,34.09],[68.84,34.75],[68.75,35.05],[71.0,35.12],[71.75,35.73],[72.25,35.15],[73.0,35.19],[73.15,34.75],[74.0,34.14],[74.03,34.5],[74.25,34.58],[74.75,34.33],[75.75,32.79],[76.16,32.75],[76.43,32.25],[77.25,31.89],[78.75,30.6],[79.5,30.51],[79.75,30.11],[80.5,30.0],[81.0,29.62],[81.92,29.5],[81.86,29.0],[82.79,29.0],[82.68,28.75],[83.0,28.48],[84.75,28.34],[86.5,27.57],[87.25,27.64],[88.0,27.33],[88.5,27.56],[88.84,27.25],[89.75,27.09],[90.0,27.49],[90.5,27.2],[91.5,27.51],[92.0,27.13],[95.25,29.34],[95.17,28.75],[96.5,28.26],[96.75,27.61],[97.75,27.94],[98.19,27.75],[98.75,26.35],[99.0,26.27],[100.25,27.89],[100.86,28.25],[100.44,29.0],[100.75,28.94],[100.86,29.25],[100.25,30.37],[99.75,30.5],[99.16,30.0],[99.07,29.75],[99.55,29.0],[99.5,28.66],[98.96,29.0],[98.5,30.16],[98.52,29.5],[98.25,29.43],[97.75,30.18],[97.58,30.0],[97.75,29.41],[97.0,30.09],[93.75,30.99],[91.75,29.5],[92.18,29.25],[92.0,28.87],[90.5,28.53],[88.25,28.81],[88.07,28.75],[88.25,28.46],[88.5,28.53],[88.41,28.25],[88.0,28.21],[87.53,28.5],[87.79,28.75],[87.25,29.41],[87.0,29.0],[87.19,28.75],[86.75,28.48],[86.39,28.75],[87.0,29.0],[86.0,29.37],[85.52,29.25],[85.5,29.77],[85.49,29.25],[85.25,29.18],[83.5,29.64],[83.08,30.0],[84.0,30.06],[84.5,29.67],[85.16,29.75],[85.35,30.0],[84.75,30.38],[84.5,30.26],[83.75,30.86],[83.0,30.72],[82.5,31.16],[82.24,30.75],[81.75,30.61],[80.5,30.74],[79.25,31.5],[79.2,32.25],[79.41,32.5],[78.5,32.65],[78.39,33.25],[79.25,33.81],[79.75,33.85],[82.25,33.0],[83.25,33.02],[82.75,32.49],[82.25,32.62],[82.28,32.0],[82.75,31.69],[83.25,31.7],[83.5,31.31],[84.0,31.61],[85.0,31.53],[85.43,31.75],[86.33,33.0],[88.25,33.55],[88.75,34.0],[89.43,34.0],[88.5,34.5],[90.0,35.75],[92.0,35.5],[92.24,35.75],[93.0,35.86],[95.0,35.55],[95.81,36.0],[95.5,36.32],[94.75,36.23],[94.34,36.75],[93.5,37.23],[92.94,38.75],[93.25,39.02],[93.62,39.0],[93.75,38.65],[94.5,38.29],[96.0,38.57],[97.0,38.37],[97.58,39.0],[98.5,39.03],[100.25,37.89],[102.0,37.61],[102.5,37.28],[102.67,37.5],[101.41,38.5],[100.5,38.63],[99.75,39.23],[96.5,40.15],[94.75,40.06],[94.12,40.5],[96.0,40.9],[97.25,40.51],[99.0,40.52],[100.7,41.0],[101.25,41.37],[101.85,42.25],[101.6,42.75],[102.25,43.47],[102.57,43.5],[101.25,43.4],[100.76,43.75],[100.82,44.0],[100.5,44.08],[100.17,44.0],[100.25,43.81],[100.68,43.75],[99.95,43.75],[99.25,43.37],[99.07,43.5],[99.22,44.0],[98.5,43.99],[98.52,44.5],[99.25,44.58],[99.5,44.92],[100.71,45.0],[99.66,45.25],[99.75,45.89],[101.25,45.87],[101.75,44.79],[103.0,44.44],[103.5,44.83],[104.5,45.05],[105.0,44.82],[106.75,45.35],[107.74,46.0],[107.92,46.5],[107.99,47.25],[107.43,48.0],[107.41,48.5],[107.75,48.74],[108.25,48.33],[109.0,48.23],[110.25,48.58],[111.55,50.25],[111.02,52.0],[110.28,52.5],[110.25,53.5],[110.62,53.75],[110.5,54.19],[110.19,54.25],[110.5,54.27],[111.25,54.99],[111.42,55.25],[111.26,55.75],[112.25,56.11],[113.0,56.0],[113.39,56.25],[113.08,56.5],[113.52,56.75],[113.75,57.56],[114.12,57.75],[114.25,58.25],[115.25,58.7],[115.23,59.25],[116.01,59.5],[115.93,59.75],[114.25,59.38],[113.5,58.9],[113.0,59.4],[111.25,59.46],[110.5,59.15],[108.0,58.85],[103.75,59.06],[101.68,60.0],[101.13,60.5],[100.46,61.75],[101.24,63.25],[103.75,64.98],[106.75,65.68],[109.75,65.73],[117.0,64.6],[121.5,63.62],[122.25,63.25],[122.51,63.0],[122.06,62.5],[122.87,62.25],[121.25,62.3],[120.82,62.0],[120.59,61.0],[119.72,60.75],[119.75,60.46],[119.14,60.5],[120.0,59.93],[120.23,60.0],[120.0,60.39],[120.25,60.31],[120.29,60.0],[120.79,59.75],[120.91,59.25],[121.29,59.0],[121.21,58.25],[121.5,57.6],[121.0,57.81],[120.47,57.5],[123.04,57.0],[123.0,56.6],[121.49,56.5],[123.0,55.8],[123.62,55.0],[124.78,54.5],[126.75,52.88],[127.75,51.04],[128.42,50.5],[128.77,49.5],[128.68,49.0],[128.1,48.25],[128.33,47.0],[128.12,45.75],[127.62,45.25],[128.24,45.0],[128.27,44.75],[122.71,41.5],[121.0,40.09],[120.39,39.25],[120.0,37.8],[119.0,36.6],[117.13,36.5],[116.92,36.25],[117.25,35.75],[117.43,34.75],[117.75,34.41],[119.25,34.25],[119.71,34.5],[119.63,35.0],[121.0,35.57],[122.5,35.9],[124.5,35.99],[126.25,35.73],[127.0,34.49],[127.75,34.44],[129.25,35.01],[130.75,34.31],[131.06,33.75],[130.2,33.5],[130.5,33.5],[130.75,33.0],[130.73,32.0],[131.25,31.72],[131.75,32.39],[133.0,32.53],[136.25,32.11],[139.25,32.15],[140.5,32.43],[140.75,32.24],[143.25,32.37],[147.5,32.06],[152.0,32.26],[154.75,32.78],[169.75,37.29],[170.75,37.36],[171.39,38.0],[173.75,39.29],[174.91,40.25],[176.47,42.5],[176.72,43.0],[176.5,43.46],[174.25,44.67],[171.0,45.5],[163.75,46.9],[157.25,47.41],[154.96,48.0],[147.82,51.5],[145.75,52.92],[143.25,54.22],[138.25,55.35],[137.33,55.75],[138.62,57.0],[140.17,58.0],[140.5,59.04],[141.5,59.35],[141.96,60.75],[141.75,61.0],[142.5,61.68],[146.0,61.05],[148.5,61.05],[148.75,60.66],[151.5,60.79],[151.57,61.0],[151.48,61.25],[150.75,61.57],[149.92,61.5],[150.25,62.03],[151.0,61.94],[151.54,62.25],[151.22,62.5],[151.35,62.75],[150.5,62.71],[149.54,63.25],[148.5,63.2],[148.0,63.56],[147.75,63.19],[147.0,63.4],[147.27,64.0],[146.75,63.9],[145.88,64.5],[145.44,65.25],[145.58,65.5],[146.37,65.5],[146.42,65.25],[146.04,64.75],[146.5,64.41],[147.19,64.75],[146.87,65.25],[147.0,65.42],[148.13,65.75],[145.8,67.0],[144.34,68.5],[144.93,69.5],[144.36,69.75],[144.51,70.0],[142.81,71.75],[142.15,72.75],[142.71,73.25],[142.36,74.0],[142.91,74.75],[141.9,76.75],[142.47,77.75],[142.25,79.0],[142.46,79.75],[143.25,80.78],[145.25,81.77],[147.25,82.39],[155.75,83.81],[166.25,84.69],[180.0,85.12]]}},{"type":"Feature","properties":{"level":1024},"geometry":{"type":"LineString","coordinates":[[180.0,-89.17],[149.25,-88.76],[135.73,-88.0],[134.75,-87.52],[132.76,-87.25],[131.39,-86.25],[125.47,-85.5],[125.46,-85.0],[126.0,-84.54],[127.32,-84.25],[127.45,-83.25],[123.89,-82.25],[120.5,-81.83],[117.93,-81.0],[117.44,-80.25],[117.41,-79.75],[116.5,-79.44],[115.62,-78.75],[116.11,-78.25],[115.47,-78.0],[115.14,-77.5],[115.5,-77.12],[119.75,-76.58],[124.25,-76.77],[126.25,-76.42],[127.24,-75.5],[125.25,-74.07],[120.5,-73.1],[114.5,-72.81],[109.5,-72.17],[109.14,-72.25],[109.2,-72.5],[108.75,-72.86],[107.46,-73.25],[107.9,-73.5],[107.25,-74.12],[104.0,-74.04],[100.0,-72.47],[95.0,-71.69],[91.5,-72.25],[89.25,-72.18],[87.19,-72.75],[84.73,-73.75],[84.37,-75.0],[83.85,-75.5],[83.05,-75.75],[81.5,-76.9],[80.89,-77.0],[81.75,-77.25],[81.5,-77.38],[79.25,-77.66],[78.25,-77.33],[77.27,-77.75],[76.45,-77.75],[76.4,-78.25],[75.75,-78.66],[74.5,-78.78],[64.75,-78.45],[62.05,-78.0],[62.16,-77.75],[61.81,-77.5],[62.83,-77.0],[61.0,-76.69],[49.25,-76.23],[40.25,-75.14],[32.75,-74.89],[25.75,-75.19],[19.75,-74.87],[18.37,-75.0],[18.24,-75.5],[18.3,-75.75],[19.33,-76.25],[23.08,-77.5],[26.25,-78.12],[28.75,-78.32],[30.71,-79.0],[32.21,-80.0],[37.75,-81.45],[44.0,-82.71],[50.66,-82.75],[76.0,-85.5],[74.0,-85.89],[68.0,-86.16],[52.5,-86.39],[51.73,-86.5],[52.22,-86.75],[40.81,-87.5],[41.43,-87.75],[45.59,-88.0],[45.58,-88.25],[44.43,-88.5],[45.19,-88.75],[53.75,-88.98],[85.07,-89.0],[84.66,-89.25],[59.5,-89.68],[8.5,-89.81],[-85.75,-89.34],[-124.0,-88.72],[-180.0,-89.17]]}},{"type":"Feature","properties":{"level":1024},"geometry":{"type":"LineString","coordinates":[[16.67,-85.75],[20.5,-85.54],[21.63,-85.25],[22.31,-84.5],[21.25,-83.96],[20.25,-83.81],[15.03,-84.25],[10.9,-85.0],[11.04,-85.25],[12.0,-85.44],[16.67,-85.75]]}},{"type":"Feature","properties":{"level":1024},"geometry":{"type":"LineString","coordinates":[[120.5,-83.27],[121.97,-83.25],[120.5,-83.27]]}},{"type":"Feature","properties":{"level":1024},"geometry":{"type":"LineString","coordinates":[[72.94,-77.75],[75.9,-77.75],[75.0,-77.47],[72.94,-77.75]]}},{"type":"Feature","properties":{"level":1024},"geometry":{"type":"LineString","coordinates":[[106.09,-71.75],[106.92,-71.75],[106.97,-71.5],[105.84,-71.5],[106.09,-71.75]]}},{"type":"Feature","properties":{"level":1024},"geometry":{"type":"LineString","coordinates":[[-56.93,-54.0],[-55.25,-54.23],[-52.75,-54.02],[-48.0,-52.87],[-40.21,-49.5],[-37.71,-48.0],[-33.54,-46.0],[-29.41,-42.5],[-28.65,-41.5],[-28.61,-40.5],[-28.31,-40.0],[-28.53,-38.5],[-29.0,-38.14],[-31.25,-37.77],[-32.25,-37.0],[-32.75,-37.47],[-33.5,-37.25],[-34.0,-37.57],[-34.5,-37.38],[-35.25,-37.78],[-36.0,-37.69],[-40.0,-38.49],[-44.5,-38.88],[-52.25,-37.93],[-54.5,-37.42],[-56.25,-36.75],[-58.75,-37.04],[-59.25,-38.26],[-59.75,-38.01],[-60.34,-38.75],[-62.25,-39.25],[-62.25,-39.75],[-63.08,-41.25],[-64.67,-42.0],[-64.5,-42.82],[-64.0,-42.5],[-63.91,-42.75],[-64.75,-43.99],[-64.89,-46.75],[-64.28,-49.75],[-62.9,-51.75],[-60.75,-53.04],[-56.93,-54.0]]}},{"type":"Feature","properties":{"level":1024},"geometry":{"type":"LineString","coordinates":[[26.51,-49.75],[29.75,-49.73],[35.5,-48.76],[40.25,-48.26],[47.75,-47.91],[54.75,-47.05],[59.97,-45.5],[61.35,-44.5],[61.75,-43.7],[63.25,-43.12],[70.25,-43.23],[78.75,-43.92],[88.75,-44.38],[96.25,-43.99],[100.25,-43.05],[102.25,-42.05],[107.75,-40.3],[108.65,-39.75],[108.94,-38.75],[108.5,-37.64],[107.64,-37.0],[106.53,-35.5],[105.75,-34.96],[103.25,-33.52],[96.0,-30.38],[94.03,-29.25],[93.37,-28.75],[93.13,-28.25],[92.0,-27.47],[90.0,-26.51],[87.76,-25.0],[87.0,-24.99],[86.5,-24.56],[85.5,-24.43],[84.75,-24.61],[83.75,-24.29],[79.0,-23.67],[77.0,-24.06],[76.25,-24.51],[75.64,-25.5],[75.25,-27.25],[74.75,-27.35],[73.5,-28.71],[72.0,-29.33],[71.25,-29.92],[69.5,-30.05],[68.27,-29.5],[67.8,-28.75],[68.0,-28.13],[68.5,-27.75],[68.42,-27.5],[67.75,-27.29],[66.66,-26.25],[66.74,-25.75],[66.5,-25.43],[65.25,-25.6],[64.25,-25.32],[62.25,-26.03],[61.25,-25.86],[60.0,-26.22],[58.6,-25.75],[58.42,-25.25],[58.71,-25.0],[58.5,-24.94],[57.75,-25.0],[57.25,-25.37],[56.5,-25.39],[55.75,-25.75],[55.5,-26.4],[55.07,-26.75],[55.09,-27.25],[54.39,-28.0],[53.45,-27.75],[54.0,-27.17],[53.5,-27.37],[52.75,-27.08],[51.75,-27.26],[50.5,-27.05],[49.0,-27.73],[47.75,-27.68],[46.25,-28.0],[41.75,-29.11],[40.5,-29.69],[39.65,-29.75],[39.5,-30.62],[38.83,-32.0],[38.76,-33.75],[38.56,-34.0],[38.83,-36.0],[39.25,-36.64],[40.25,-37.4],[40.22,-38.25],[40.5,-38.5],[38.0,-39.64],[36.25,-39.46],[35.25,-39.83],[35.0,-39.65],[34.5,-39.98],[34.0,-39.83],[32.75,-40.13],[30.0,-40.06],[29.0,-40.71],[27.75,-40.29],[26.75,-40.62],[26.0,-40.45],[25.0,-40.75],[24.13,-40.25],[23.95,-39.75],[23.25,-39.08],[22.25,-38.68],[19.75,-38.7],[19.33,-38.5],[19.01,-38.0],[19.0,-37.24],[18.21,-36.0],[13.75,-34.56],[12.5,-33.83],[12.0,-34.0],[11.49,-33.75],[11.21,-34.5],[10.27,-35.25],[10.11,-35.75],[10.93,-37.75],[10.75,-37.93],[10.25,-37.59],[10.13,-37.75],[10.5,-39.0],[10.75,-38.93],[12.0,-40.48],[13.0,-40.62],[13.5,-41.12],[13.6,-41.75],[14.25,-42.94],[15.28,-43.75],[16.2,-45.0],[18.34,-47.0],[22.0,-48.67],[26.51,-49.75]]}},{"type":"Feature","properties":{"level":1024},"geometry":{"type":"LineString","coordinates":[[-180.0,-48.93],[-178.25,-49.67],[-176.25,-50.11],[-169.5,-50.32],[-167.5,-49.93],[-164.7,-49.0],[-162.0,-47.71],[-160.25,-46.5],[-157.77,-44.25],[-155.76,-42.0],[-153.7,-39.0],[-150.53,-33.0],[-150.64,-31.5],[-149.27,-29.25],[-149.18,-28.75],[-150.25,-27.34],[-153.75,-25.71],[-156.0,-24.0],[-156.25,-24.31],[-156.75,-23.92],[-157.0,-24.4],[-157.5,-24.05],[-159.0,-23.86],[-160.0,-23.26],[-161.25,-23.43],[-163.75,-22.58],[-164.25,-22.7],[-165.0,-22.49],[-165.75,-22.86],[-166.25,-22.64],[-167.5,-22.65],[-170.75,-23.18],[-172.5,-22.74],[-173.75,-23.08],[-174.75,-22.88],[-175.5,-23.81],[-176.25,-23.46],[-177.0,-23.56],[-177.25,-23.83],[-178.23,-23.75],[-179.0,-23.95],[-180.0,-24.71]]}},{"type":"Feature","properties":{"level":1024},"geometry":{"type":"LineString","coordinates":[[176.0,-38.76],[175.8,-38.75],[176.0,-38.76]]}},{"type":"Feature","properties":{"level":1024},"geometry":{"type":"LineString","coordinates":[[177.12,-27.25],[177.38,-27.25],[177.25,-27.04],[177.12,-27.25]]}},{"type":"Feature","properties":{"level":1024},"geometry":{"type":"LineString","coordinates":[[178.75,-26.07],[178.57,-26.0],[178.75,-25.68],[178.75,-26.07]]}},{"type":"Feature","properties":{"level":1024},"geometry":{"type":"LineString","coordinates":[[180.0,-24.71],[179.25,-25.1],[178.5,-25.16],[177.37,-26.5],[177.5,-26.9],[177.84,-27.0],[177.89,-27.5],[177.38,-28.25],[177.66,-28.75],[177.55,-30.25],[178.06,-32.25],[177.62,-32.75],[178.01,-34.5],[177.32,-36.25],[177.61,-36.75],[176.96,-37.5],[176.42,-37.75],[175.6,-39.25],[176.0,-39.8],[177.25,-39.77],[177.56,-40.25],[176.83,-43.5],[177.11,-46.0],[178.47,-48.0],[180.0,-48.93]]}},{"type":"Feature","properties":{"level":1024},"geometry":{"type":"LineString","coordinates":[[88.19,27.5],[88.87,28.0],[87.68,28.0],[88.19,27.5]]}},{"type":"Feature","properties":{"level":1024},"geometry":{"type":"LineString","coordinates":[[86.75,27.75],[87.0,27.63],[87.38,28.0],[87.0,28.32],[85.75,28.66],[85.39,28.5],[85.75,28.08],[86.75,27.75]]}},{"type":"Feature","properties":{"level":1024},"geometry":{"type":"LineString","coordinates":[[90.24,27.75],[90.93,28.0],[90.75,28.35],[89.88,28.25],[89.75,28.0],[90.24,27.75]]}},{"type":"Feature","properties":{"level":1024},"geometry":{"type":"LineString","coordinates":[[97.18,28.25],[98.45,28.25],[98.0,28.78],[97.18,28.25]]}},{"type":"Feature","properties":{"level":1024},"geometry":{"type":"LineString","coordinates":[[83.91,28.5],[84.49,28.5],[84.78,28.75],[84.25,29.16],[83.83,29.0],[83.86,29.25],[83.5,29.39],[83.16,28.75],[83.75,28.87],[83.91,28.5]]}},{"type":"Feature","properties":{"level":1024},"geometry":{"type":"LineString","coordinates":[[-160.57,29.5],[-158.5,29.8],[-156.25,31.08],[-152.75,31.89],[-150.5,32.77],[-147.75,34.26],[-141.0,37.1],[-139.25,38.35],[-133.96,40.75],[-132.55,42.0],[-131.95,43.25],[-132.12,45.0],[-132.61,45.25],[-132.33,45.5],[-132.79,45.75],[-133.0,46.3],[-133.64,46.5],[-134.29,47.25],[-136.25,47.87],[-142.75,48.5],[-147.0,48.45],[-149.5,48.22],[-152.5,47.61],[-161.25,43.45],[-163.0,42.4],[-164.94,40.75],[-165.9,39.25],[-166.61,36.0],[-165.91,33.25],[-165.0,31.71],[-162.75,29.94],[-160.57,29.5]]}},{"type":"Feature","properties":{"level":1024},"geometry":{"type":"LineString","coordinates":[[82.43,29.75],[83.06,29.75],[82.0,30.54],[81.84,30.25],[82.43,29.75]]}},{"type":"Feature","properties":{"level":1024},"geometry":{"type":"LineString","coordinates":[[79.17,30.75],[79.75,30.72],[79.84,31.0],[79.0,31.25],[78.75,31.68],[78.43,31.5],[78.26,31.25],[79.17,30.75]]}},{"type":"Feature","properties":{"level":1024},"geometry":{"type":"LineString","coordinates":[[77.54,31.75],[78.25,31.64],[77.94,32.25],[78.3,32.5],[77.25,33.15],[76.79,34.0],[75.69,34.5],[75.83,35.0],[75.25,35.36],[74.5,35.32],[74.25,35.0],[73.5,35.14],[73.75,34.75],[74.25,35.0],[75.15,34.75],[75.31,34.25],[76.51,33.0],[76.75,32.25],[77.25,32.29],[77.54,31.75]]}},{"type":"Feature","properties":{"level":1024},"geometry":{"type":"LineString","coordinates":[[-31.23,32.25],[-28.69,32.5],[-26.25,33.2],[-21.5,35.72],[-19.84,37.0],[-17.5,39.36],[-13.56,42.25],[-11.75,43.26],[-8.5,44.09],[-4.0,43.61],[-3.25,43.92],[-1.0,45.9],[-0.5,46.08],[1.25,46.11],[2.5,45.65],[3.0,45.05],[3.17,45.25],[3.12,46.5],[2.41,46.75],[3.5,47.03],[4.25,46.91],[5.5,47.75],[7.0,47.95],[7.64,49.0],[5.5,48.74],[5.0,48.44],[3.86,48.5],[3.59,48.75],[3.95,49.75],[4.74,50.25],[4.92,50.5],[4.75,50.75],[2.25,51.07],[-0.97,52.5],[-4.5,53.36],[-9.25,54.99],[-13.75,55.61],[-15.75,55.64],[-16.75,55.93],[-20.25,55.42],[-21.5,54.86],[-24.15,52.5],[-25.76,49.75],[-27.25,48.09],[-32.1,44.0],[-34.95,41.0],[-36.2,39.25],[-37.05,35.5],[-36.6,35.25],[-36.58,34.5],[-34.5,33.06],[-31.23,32.25]]}},{"type":"Feature","properties":{"level":1024},"geometry":{"type":"LineString","coordinates":[[82.03,33.5],[82.25,33.28],[83.0,33.64],[83.5,33.39],[83.76,33.75],[84.5,34.06],[84.75,33.75],[85.5,34.08],[86.75,34.12],[87.25,34.71],[87.75,34.75],[87.59,35.0],[87.75,35.2],[89.1,35.75],[89.5,36.37],[90.75,36.34],[91.13,36.75],[90.79,37.0],[91.75,37.0],[91.5,37.66],[90.2,38.25],[90.75,38.42],[90.94,39.0],[90.29,39.0],[90.53,38.75],[90.0,38.37],[89.75,38.9],[88.7,38.75],[88.56,38.5],[86.75,38.07],[84.5,36.97],[81.0,36.13],[80.38,36.25],[80.46,36.5],[80.25,36.59],[80.0,36.21],[78.02,37.0],[76.74,37.0],[76.5,37.53],[76.26,37.5],[76.0,36.65],[75.94,37.25],[76.24,37.5],[75.91,38.0],[76.21,38.25],[74.75,39.51],[73.83,39.75],[74.25,40.08],[75.0,39.86],[75.37,40.0],[75.1,40.25],[75.25,40.32],[76.25,40.2],[78.0,40.78],[79.5,41.75],[80.25,41.61],[82.75,42.4],[85.25,42.21],[86.25,42.74],[86.5,42.52],[87.33,42.5],[87.6,42.75],[87.51,43.0],[88.75,43.48],[89.75,43.27],[93.25,43.32],[94.25,42.93],[94.48,43.0],[93.64,44.0],[93.75,44.17],[94.58,44.25],[95.35,44.75],[95.25,45.01],[96.78,45.25],[97.05,45.5],[97.0,45.9],[97.73,46.0],[97.05,46.75],[97.25,46.86],[97.5,46.96],[97.75,46.52],[98.0,46.83],[99.75,46.76],[102.0,46.12],[104.25,46.67],[105.25,46.56],[105.5,46.88],[106.18,47.0],[106.1,47.75],[107.0,48.99],[107.85,49.5],[107.61,50.0],[108.12,50.5],[107.84,50.75],[108.75,50.4],[109.3,50.5],[108.5,49.94],[109.51,50.0],[109.5,51.09],[108.25,50.92],[108.52,51.5],[108.31,52.0],[108.82,53.0],[108.0,52.95],[107.82,53.5],[108.8,54.75],[108.89,55.5],[109.28,56.0],[109.0,56.36],[109.25,56.65],[109.8,56.75],[109.62,57.0],[109.75,57.29],[109.25,57.15],[109.0,56.66],[108.75,57.24],[105.0,57.16],[103.25,57.54],[100.5,58.41],[98.87,59.25],[97.27,60.75],[97.14,61.75],[96.69,62.75],[97.02,63.0],[96.09,64.25],[96.29,64.5],[96.13,65.0],[97.25,64.88],[97.87,65.5],[97.61,66.0],[98.51,66.5],[98.25,67.01],[98.0,66.98],[97.5,67.46],[96.5,66.8],[95.92,67.5],[96.5,67.35],[96.5,67.72],[96.22,67.75],[96.5,67.76],[98.5,67.38],[98.74,67.75],[98.25,68.06],[98.75,68.11],[99.25,67.71],[100.0,67.95],[100.33,68.5],[100.86,68.5],[101.25,69.02],[101.32,69.25],[100.77,69.5],[102.25,70.22],[102.5,70.56],[101.5,70.73],[99.5,70.19],[93.5,70.29],[90.17,69.75],[90.22,69.5],[89.79,69.0],[89.8,68.25],[88.93,68.0],[87.25,66.31],[79.68,63.0],[70.15,58.0],[67.18,56.0],[65.37,54.0],[65.07,53.0],[65.09,52.0],[66.39,50.75],[67.5,48.78],[68.75,48.33],[69.88,48.25],[70.2,47.5],[71.0,46.84],[72.75,46.05],[74.5,45.66],[79.87,45.25],[79.0,45.15],[78.8,44.5],[81.0,44.31],[82.1,43.75],[78.75,43.06],[77.5,43.34],[76.25,42.88],[76.25,42.68],[78.5,42.71],[78.84,42.5],[77.5,42.1],[75.5,42.16],[75.34,42.25],[75.48,42.5],[74.75,42.59],[73.25,42.55],[72.26,42.25],[73.5,41.85],[74.1,42.0],[74.0,42.36],[75.11,42.0],[74.63,41.75],[75.75,41.7],[76.12,41.25],[75.5,40.91],[74.0,41.2],[73.5,39.84],[73.25,40.03],[72.25,39.77],[71.5,39.84],[71.0,39.57],[69.75,39.57],[68.75,39.08],[68.25,39.2],[67.56,39.0],[68.25,38.86],[69.75,38.96],[70.25,39.26],[71.57,39.25],[71.03,39.0],[70.89,38.75],[71.12,38.5],[70.56,38.0],[71.0,36.61],[70.5,36.62],[69.43,35.5],[70.0,35.3],[71.0,35.49],[71.3,36.0],[72.5,36.67],[73.0,36.48],[74.0,36.64],[74.5,36.35],[74.71,36.5],[74.51,36.75],[74.71,37.0],[74.11,37.5],[73.84,38.5],[74.5,39.09],[74.43,38.75],[75.62,37.75],[75.61,37.0],[75.25,37.03],[75.12,36.5],[74.64,36.0],[75.0,35.64],[75.5,35.77],[76.59,35.25],[76.56,34.75],[78.25,34.29],[78.5,33.97],[79.19,34.25],[78.85,34.75],[79.25,35.81],[80.64,35.0],[80.5,34.75],[79.75,34.54],[79.83,34.25],[82.03,33.5]]}},{"type":"Feature","properties":{"level":1024},"geometry":{"type":"LineString","coordinates":[[-71.72,34.25],[-71.25,34.14],[-70.25,34.76],[-67.5,35.33],[-65.57,37.25],[-65.47,37.75],[-65.76,38.75],[-69.0,42.66],[-70.25,42.27],[-70.5,42.0],[-70.32,41.75],[-70.5,41.52],[-73.0,41.44],[-73.75,42.17],[-74.25,42.12],[-75.25,42.68],[-76.55,43.0],[-76.5,43.26],[-75.0,43.24],[-74.75,43.84],[-73.75,44.2],[-73.4,43.5],[-73.69,43.0],[-73.5,42.38],[-72.5,43.71],[-70.56,44.75],[-70.27,45.75],[-70.44,46.25],[-71.88,47.25],[-71.0,47.44],[-70.93,48.0],[-73.43,49.75],[-73.86,50.5],[-75.5,51.09],[-75.95,51.5],[-78.75,52.63],[-81.25,52.52],[-81.38,52.0],[-82.21,51.5],[-82.49,50.5],[-82.31,49.25],[-81.36,47.5],[-81.46,46.75],[-81.18,46.25],[-82.02,46.0],[-81.79,45.5],[-80.5,45.12],[-80.23,45.25],[-80.5,45.82],[-79.64,45.5],[-79.05,45.0],[-78.71,44.25],[-79.28,44.0],[-79.5,43.44],[-76.77,43.0],[-77.43,42.5],[-75.75,41.27],[-75.25,41.83],[-74.75,41.07],[-74.0,41.46],[-73.15,40.75],[-73.5,40.59],[-74.0,40.86],[-74.12,39.75],[-75.05,39.25],[-75.09,38.5],[-75.5,38.15],[-76.26,38.25],[-76.1,38.0],[-76.46,37.0],[-76.11,36.75],[-76.25,36.28],[-76.7,36.0],[-75.93,35.75],[-76.56,35.25],[-74.0,34.4],[-73.75,34.68],[-71.72,34.25]]}},{"type":"Feature","properties":{"level":1024},"geometry":{"type":"LineString","coordinates":[[135.86,34.25],[136.25,34.2],[136.56,34.5],[136.75,35.26],[137.5,34.72],[139.0,34.65],[141.5,35.19],[146.75,34.73],[150.0,34.72],[154.5,35.3],[157.25,36.23],[162.5,37.33],[167.75,39.33],[168.65,40.0],[169.8,41.75],[169.91,42.25],[168.25,43.48],[161.5,45.35],[153.25,45.96],[150.25,45.81],[150.0,46.12],[149.75,45.93],[147.5,45.97],[146.44,46.25],[146.84,46.5],[146.73,46.75],[145.0,48.29],[143.82,48.0],[143.5,47.53],[142.75,47.57],[142.25,47.9],[142.05,47.5],[142.5,46.9],[142.75,47.04],[143.0,46.77],[143.25,47.49],[145.1,46.0],[143.25,44.99],[142.0,44.87],[140.75,43.96],[137.0,42.43],[135.59,41.5],[137.25,39.73],[138.0,39.75],[139.0,40.17],[139.91,39.5],[139.75,38.75],[138.77,37.5],[136.4,36.25],[135.95,35.5],[136.05,34.5],[135.86,34.25]]}},{"type":"Feature","properties":{"level":1024},"geometry":{"type":"LineString","coordinates":[[37.25,40.5],[40.0,40.32],[41.25,40.76],[42.75,40.73],[43.25,41.37],[43.75,41.21],[43.82,41.5],[43.5,42.35],[43.0,42.47],[43.0,43.29],[39.75,44.31],[39.45,44.0],[40.5,43.14],[42.72,42.25],[40.5,40.95],[39.25,41.01],[38.5,40.78],[36.87,41.0],[36.81,40.75],[37.25,40.5]]}},{"type":"Feature","properties":{"level":1024},"geometry":{"type":"LineString","coordinates":[[-73.25,41.14],[-73.25,41.42],[-73.25,41.14]]}},{"type":"Feature","properties":{"level":1024},"geometry":{"type":"LineString","coordinates":[[95.63,42.0],[96.5,41.93],[97.06,42.25],[96.25,43.13],[95.7,42.5],[95.99,42.25],[95.63,42.0]]}},{"type":"Feature","properties":{"level":1024},"geometry":{"type":"LineString","coordinates":[[-78.04,42.75],[-77.73,42.75],[-78.04,42.75]]}},{"type":"Feature","properties":{"level":1024},"geometry":{"type":"LineString","coordinates":[[0.27,42.75],[2.03,42.75],[0.27,42.75]]}},{"type":"Feature","properties":{"level":1024},"geometry":{"type":"LineString","coordinates":[[94.92,43.0],[95.67,43.0],[94.75,43.58],[94.67,43.25],[94.92,43.0]]}},{"type":"Feature","properties":{"level":1024},"geometry":{"type":"LineString","coordinates":[[-5.45,43.25],[-4.75,43.05],[-3.59,43.25],[-4.75,43.48],[-5.45,43.25]]}},{"type":"Feature","properties":{"level":1024},"geometry":{"type":"LineString","coordinates":[[-75.5,43.37],[-75.67,43.5],[-75.5,43.62],[-75.15,43.5],[-75.5,43.37]]}},{"type":"Feature","properties":{"level":1024},"geometry":{"type":"LineString","coordinates":[[30.84,44.0],[32.25,43.81],[32.71,44.25],[32.73,44.75],[33.0,45.08],[34.0,44.48],[34.5,44.6],[35.0,44.35],[36.0,44.52],[36.37,45.0],[36.25,45.27],[33.75,45.6],[32.25,45.43],[31.11,45.0],[30.75,44.47],[30.84,44.0]]}},{"type":"Feature","properties":{"level":1024},"geometry":{"type":"LineString","coordinates":[[38.46,44.5],[38.95,44.5],[39.18,44.75],[37.75,45.2],[37.11,45.0],[38.46,44.5]]}},{"type":"Feature","properties":{"level":1024},"geometry":{"type":"LineString","coordinates":[[95.75,45.96],[95.09,46.25],[95.25,46.52],[96.75,46.0],[96.0,45.77],[95.75,45.96]]}},{"type":"Feature","properties":{"level":1024},"geometry":{"type":"LineString","coordinates":[[5.91,46.5],[7.24,47.25],[6.5,47.32],[6.0,47.04],[5.91,46.5]]}},{"type":"Feature","properties":{"level":1024},"geometry":{"type":"LineString","coordinates":[[7.38,46.5],[8.0,46.27],[9.32,47.0],[7.38,46.5]]}},{"type":"Feature","properties":{"level":1024},"geometry":{"type":"LineString","coordinates":[[136.27,46.5],[137.25,46.27],[137.75,47.02],[139.0,47.34],[140.87,48.75],[141.1,49.5],[140.75,49.95],[140.62,50.75],[140.66,51.25],[141.05,51.75],[140.5,52.71],[139.89,52.25],[140.31,52.0],[140.32,51.75],[139.5,51.62],[138.94,52.0],[139.85,52.5],[138.04,52.75],[137.87,51.75],[138.03,51.5],[137.67,51.0],[137.73,50.0],[135.8,47.75],[136.0,47.31],[136.7,47.25],[136.0,46.95],[135.93,46.75],[136.27,46.5]]}},{"type":"Feature","properties":{"level":1024},"geometry":{"type":"LineString","coordinates":[[142.12,48.25],[142.5,48.03],[144.06,49.5],[143.59,50.75],[143.0,51.38],[142.25,51.17],[141.96,50.75],[142.0,49.91],[141.57,49.5],[141.61,49.0],[142.12,48.25]]}},{"type":"Feature","properties":{"level":1024},"geometry":{"type":"LineString","coordinates":[[132.68,49.5],[133.5,49.38],[135.04,50.0],[134.86,50.25],[134.25,50.13],[134.07,50.5],[134.75,50.78],[135.25,50.63],[135.78,51.5],[135.45,51.75],[135.25,52.37],[134.89,52.5],[135.49,52.75],[135.09,53.75],[135.24,54.0],[135.0,54.39],[134.28,54.75],[135.29,55.5],[137.0,56.13],[139.35,58.0],[139.0,58.5],[138.0,58.62],[138.21,59.0],[137.95,59.25],[139.75,59.39],[140.41,60.0],[139.57,60.5],[140.0,60.45],[140.5,61.45],[141.04,61.75],[140.69,62.0],[140.96,62.25],[140.43,62.5],[140.5,62.78],[141.72,62.75],[142.06,62.5],[141.84,62.25],[142.0,62.04],[142.5,62.07],[143.0,62.56],[143.75,62.55],[143.93,62.25],[143.57,62.0],[144.0,61.78],[144.5,62.39],[145.34,62.25],[144.54,61.75],[146.0,61.46],[146.65,61.5],[146.5,61.87],[145.98,62.0],[146.75,62.14],[147.16,62.5],[145.75,63.36],[144.76,63.5],[143.27,64.75],[141.72,65.0],[141.25,65.92],[140.63,66.0],[141.15,66.25],[138.99,67.75],[138.96,68.0],[136.92,68.75],[136.91,69.0],[135.75,68.93],[135.43,69.25],[134.5,69.37],[134.21,69.25],[134.0,68.64],[133.0,68.83],[131.75,68.44],[131.5,68.88],[129.93,69.25],[129.78,69.5],[130.0,70.0],[129.5,70.39],[128.75,70.34],[125.25,69.03],[124.07,67.75],[124.35,67.0],[125.25,66.25],[125.17,65.75],[126.5,64.34],[128.89,63.25],[129.25,62.65],[130.25,62.72],[130.81,62.25],[130.47,61.25],[129.33,60.5],[130.09,60.25],[129.15,59.5],[130.0,59.36],[130.75,59.53],[130.76,58.75],[127.75,58.15],[127.25,58.26],[126.5,57.72],[126.26,57.25],[126.5,56.89],[127.75,56.75],[127.84,56.25],[127.5,56.36],[126.88,56.0],[127.3,55.75],[127.04,55.5],[129.79,54.25],[129.94,54.0],[129.4,53.5],[130.57,53.0],[131.45,52.25],[130.98,51.25],[131.09,50.75],[132.68,49.5]]}},{"type":"Feature","properties":{"level":1024},"geometry":{"type":"LineString","coordinates":[[132.75,55.21],[133.24,55.5],[133.82,55.5],[133.25,55.17],[132.75,55.21]]}},{"type":"Feature","properties":{"level":1024},"geometry":{"type":"LineString","coordinates":[[129.5,56.16],[129.27,56.25],[130.08,57.0],[129.82,57.25],[130.0,57.32],[130.74,57.25],[131.5,56.81],[131.61,56.5],[131.25,56.5],[131.0,56.9],[130.25,56.85],[129.5,56.16]]}},{"type":"Feature","properties":{"level":1024},"geometry":{"type":"LineString","coordinates":[[129.5,56.98],[129.25,57.2],[128.08,57.25],[128.13,57.5],[129.63,57.25],[129.5,56.98]]}},{"type":"Feature","properties":{"level":1024},"geometry":{"type":"LineString","coordinates":[[128.15,60.5],[128.42,60.5],[128.15,60.5]]}},{"type":"Feature","properties":{"level":1024},"geometry":{"type":"LineString","coordinates":[[128.66,60.5],[128.88,60.5],[128.66,60.5]]}},{"type":"Feature","properties":{"level":1024},"geometry":{"type":"LineString","coordinates":[[-98.65,60.75],[-95.5,60.77],[-91.75,61.51],[-89.0,63.17],[-87.25,64.54],[-86.4,66.25],[-86.72,66.5],[-86.5,66.75],[-86.6,67.0],[-93.0,71.22],[-97.5,71.78],[-102.75,71.48],[-105.35,70.75],[-106.5,70.09],[-108.4,68.0],[-111.25,66.61],[-110.64,65.75],[-111.0,65.5],[-109.48,64.5],[-109.41,64.0],[-103.75,61.75],[-100.75,60.99],[-98.65,60.75]]}},{"type":"Feature","properties":{"level":1024},"geometry":{"type":"LineString","coordinates":[[143.0,63.0],[141.25,63.41],[140.99,63.75],[141.5,64.04],[142.63,64.0],[143.88,63.25],[143.0,63.0]]}},{"type":"Feature","properties":{"level":1024},"geometry":{"type":"LineString","coordinates":[[-44.25,63.5],[-43.98,63.5],[-43.62,64.25],[-42.86,64.5],[-43.08,65.0],[-42.5,64.97],[-42.21,65.25],[-43.05,66.25],[-42.59,66.75],[-41.0,66.61],[-38.59,67.5],[-36.75,67.53],[-35.5,67.92],[-34.25,67.79],[-33.25,68.7],[-32.5,68.5],[-32.72,68.75],[-32.5,68.88],[-32.0,68.73],[-30.75,68.99],[-28.5,68.96],[-28.45,69.25],[-26.0,69.74],[-26.5,69.99],[-27.0,69.7],[-28.5,69.84],[-30.25,70.49],[-29.94,71.5],[-30.5,72.0],[-28.0,73.13],[-27.73,73.0],[-27.67,72.5],[-26.75,72.06],[-25.93,72.25],[-26.92,72.75],[-27.05,73.25],[-26.5,73.56],[-26.5,73.83],[-27.0,74.11],[-28.53,74.25],[-26.12,75.25],[-26.75,76.25],[-26.3,76.5],[-26.38,76.75],[-35.0,80.17],[-40.75,81.13],[-42.25,81.17],[-52.73,80.0],[-52.88,79.0],[-52.41,78.75],[-40.92,77.0],[-40.08,76.75],[-39.7,76.25],[-39.63,76.0],[-39.88,75.75],[-44.5,75.34],[-45.41,75.0],[-45.48,74.5],[-45.75,74.39],[-49.25,74.12],[-50.28,73.75],[-49.49,72.75],[-49.83,72.25],[-48.55,72.0],[-46.75,70.96],[-44.03,68.5],[-43.56,67.25],[-43.88,66.25],[-44.47,65.75],[-43.67,65.0],[-44.25,63.5]]}},{"type":"Feature","properties":{"level":1024},"geometry":{"type":"LineString","coordinates":[[131.5,65.72],[131.02,66.0],[131.25,66.62],[133.0,66.5],[133.5,67.11],[134.21,66.5],[132.5,65.81],[131.5,65.72]]}},{"type":"Feature","properties":{"level":1024},"geometry":{"type":"LineString","coordinates":[[94.0,66.19],[92.74,66.5],[92.92,66.75],[92.47,67.25],[93.5,67.41],[95.13,67.25],[94.37,66.75],[94.4,66.25],[94.0,66.19]]}},{"type":"Feature","properties":{"level":1024},"geometry":{"type":"LineString","coordinates":[[134.25,68.48],[134.51,68.5],[134.25,68.48]]}},{"type":"Feature","properties":{"level":1024},"geometry":{"type":"LineString","coordinates":[[-28.5,70.5],[-28.06,70.5],[-28.5,70.5]]}},{"type":"Feature","properties":{"level":1024},"geometry":{"type":"LineString","coordinates":[[128.18,70.5],[128.25,70.34],[128.54,70.75],[128.18,70.5]]}},{"type":"Feature","properties":{"level":1028},"geometry":{"type":"LineString","coordinates":[[180.0,-89.98],[144.25,-89.85],[143.34,-89.75],[161.04,-89.5],[158.87,-89.25],[137.2,-88.5],[131.0,-87.62],[122.44,-87.0],[117.75,-86.08],[116.69,-85.75],[116.44,-85.25],[112.64,-84.25],[114.95,-83.75],[114.68,-83.25],[110.71,-82.75],[110.57,-82.5],[110.99,-82.25],[113.75,-81.88],[114.69,-81.5],[114.5,-81.25],[113.47,-81.0],[113.6,-80.75],[113.11,-80.25],[113.06,-79.75],[112.25,-79.45],[109.25,-76.25],[103.5,-74.6],[102.25,-74.11],[101.31,-73.25],[99.75,-72.64],[94.75,-71.91],[90.75,-72.6],[89.25,-72.55],[88.0,-73.01],[86.19,-73.75],[85.67,-74.25],[85.48,-75.0],[84.86,-75.5],[84.9,-75.75],[83.61,-76.5],[83.92,-76.75],[82.88,-77.5],[76.25,-78.96],[64.5,-78.71],[61.75,-78.34],[60.0,-77.77],[60.44,-77.25],[60.25,-76.99],[49.25,-76.38],[39.5,-75.23],[29.0,-75.6],[20.75,-75.18],[20.28,-75.25],[21.79,-75.75],[19.68,-76.0],[21.75,-76.82],[25.25,-77.75],[29.0,-78.14],[33.92,-80.25],[38.68,-81.25],[43.75,-81.94],[62.25,-83.16],[76.75,-83.62],[82.0,-84.3],[88.82,-84.25],[86.5,-84.35],[85.42,-84.75],[85.37,-85.0],[87.11,-85.75],[87.6,-86.25],[78.2,-86.75],[56.75,-87.23],[52.75,-87.68],[52.4,-88.0],[50.75,-88.5],[58.75,-88.78],[83.0,-88.57],[105.34,-89.0],[100.83,-89.25],[102.2,-89.5],[84.25,-89.97],[-60.0,-89.98],[-120.75,-89.56],[-180.0,-89.98]]}},{"type":"Feature","properties":{"level":1028},"geometry":{"type":"LineString","coordinates":[[115.07,-82.75],[117.25,-82.88],[120.09,-82.5],[114.75,-82.0],[113.49,-82.25],[115.07,-82.75]]}},{"type":"Feature","properties":{"level":1028},"geometry":{"type":"LineString","coordinates":[[23.25,-76.26],[22.04,-76.0],[22.75,-75.89],[24.98,-76.25],[23.25,-76.26]]}},{"type":"Feature","properties":{"level":1028},"geometry":{"type":"LineString","coordinates":[[110.77,-76.25],[111.25,-76.48],[113.25,-76.12],[118.75,-76.15],[124.75,-75.71],[125.66,-75.25],[125.5,-74.89],[124.39,-74.25],[121.25,-73.43],[110.5,-72.73],[109.01,-73.25],[109.13,-73.75],[108.19,-74.25],[109.25,-74.5],[107.28,-74.75],[110.77,-76.25]]}},{"type":"Feature","properties":{"level":1028},"geometry":{"type":"LineString","coordinates":[[-55.21,-52.0],[-53.25,-52.15],[-50.5,-51.76],[-47.3,-50.75],[-44.58,-49.5],[-42.33,-48.25],[-38.78,-45.5],[-38.33,-45.0],[-38.15,-44.0],[-37.52,-43.0],[-36.6,-42.25],[-37.0,-41.83],[-37.77,-42.0],[-37.64,-41.5],[-38.75,-41.28],[-39.0,-40.99],[-39.75,-41.43],[-40.75,-41.63],[-41.0,-41.62],[-41.23,-41.0],[-41.5,-40.93],[-42.25,-41.14],[-44.0,-40.9],[-46.75,-41.04],[-49.5,-40.63],[-52.25,-41.03],[-53.5,-40.97],[-54.75,-40.58],[-56.25,-40.58],[-59.0,-41.49],[-60.66,-43.0],[-61.8,-45.25],[-62.1,-47.0],[-61.68,-48.75],[-61.0,-50.14],[-59.75,-51.16],[-55.21,-52.0]]}},{"type":"Feature","properties":{"level":1028},"geometry":{"type":"LineString","coordinates":[[-174.31,-48.5],[-171.0,-48.61],[-167.99,-48.0],[-165.96,-47.25],[-164.5,-46.56],[-162.18,-45.0],[-159.27,-42.25],[-156.57,-37.5],[-156.14,-36.25],[-155.73,-33.5],[-156.43,-31.75],[-156.47,-29.5],[-156.75,-28.84],[-157.75,-27.85],[-159.25,-26.81],[-159.75,-27.23],[-161.0,-26.95],[-161.25,-27.26],[-161.32,-26.75],[-162.5,-26.06],[-164.0,-26.53],[-165.25,-26.49],[-166.25,-25.91],[-168.0,-26.13],[-168.75,-25.91],[-169.25,-26.21],[-169.75,-26.01],[-171.0,-26.42],[-173.0,-26.6],[-174.0,-27.1],[-174.25,-26.68],[-175.53,-27.5],[-177.03,-29.0],[-178.29,-32.0],[-178.47,-35.75],[-179.9,-42.75],[-179.9,-44.25],[-179.42,-45.75],[-178.18,-47.25],[-176.5,-48.05],[-174.31,-48.5]]}},{"type":"Feature","properties":{"level":1028},"geometry":{"type":"LineString","coordinates":[[37.34,-45.75],[38.75,-45.86],[42.0,-45.57],[42.75,-45.81],[45.5,-45.52],[46.5,-45.11],[47.5,-45.28],[50.75,-45.0],[52.5,-44.43],[53.18,-44.0],[53.21,-43.75],[53.0,-43.17],[51.36,-42.0],[50.25,-41.56],[47.25,-41.05],[45.25,-41.35],[44.0,-40.62],[42.75,-41.04],[42.0,-40.66],[41.75,-41.1],[41.25,-41.35],[40.25,-40.86],[39.75,-40.96],[39.0,-40.72],[38.75,-41.05],[37.25,-41.33],[37.07,-41.5],[37.32,-42.0],[37.0,-42.19],[35.0,-41.75],[34.55,-42.0],[34.65,-42.5],[34.25,-42.91],[33.25,-42.4],[32.96,-42.5],[33.0,-43.27],[34.0,-43.47],[34.5,-43.2],[34.99,-43.5],[34.25,-44.3],[33.42,-44.25],[34.08,-44.75],[34.79,-44.75],[34.68,-45.25],[37.34,-45.75]]}},{"type":"Feature","properties":{"level":1028},"geometry":{"type":"LineString","coordinates":[[32.97,-44.5],[33.32,-44.5],[33.25,-44.34],[32.97,-44.5]]}},{"type":"Feature","properties":{"level":1028},"geometry":{"type":"LineString","coordinates":[[82.7,-42.5],[89.75,-42.66],[93.5,-42.3],[95.25,-41.89],[96.75,-41.2],[98.06,-40.0],[98.82,-39.75],[99.67,-39.0],[101.25,-38.14],[101.32,-37.0],[99.25,-35.15],[95.5,-33.31],[93.0,-32.52],[90.75,-31.37],[87.5,-30.16],[86.75,-29.41],[84.75,-28.81],[81.75,-28.53],[81.0,-28.86],[79.75,-28.85],[77.75,-29.76],[77.25,-30.26],[76.5,-29.74],[74.0,-31.13],[71.5,-32.1],[62.75,-31.8],[57.75,-31.29],[50.5,-32.17],[46.75,-31.65],[46.0,-31.88],[45.5,-32.73],[44.24,-33.0],[43.94,-33.5],[43.96,-34.25],[44.49,-35.5],[44.28,-35.75],[45.25,-36.63],[48.75,-38.58],[52.25,-39.69],[60.75,-41.02],[70.0,-41.65],[74.75,-42.26],[82.7,-42.5]]}},{"type":"Feature","properties":{"level":1028},"geometry":{"type":"LineString","coordinates":[[82.24,34.0],[82.5,33.9],[82.75,34.43],[83.5,34.62],[84.2,35.5],[84.0,35.6],[82.25,34.95],[81.82,34.5],[82.24,34.0]]}},{"type":"Feature","properties":{"level":1028},"geometry":{"type":"LineString","coordinates":[[85.63,34.25],[86.0,34.14],[86.17,34.5],[85.36,34.75],[85.75,35.35],[87.0,35.18],[88.5,36.47],[88.35,36.0],[88.75,35.95],[89.35,36.5],[89.28,37.0],[88.5,36.51],[88.17,37.0],[87.57,37.25],[87.98,37.5],[87.5,38.05],[87.32,37.0],[86.69,36.5],[86.0,36.59],[84.89,36.25],[85.75,36.01],[87.36,36.25],[87.0,35.93],[85.5,35.94],[85.33,35.75],[85.53,35.5],[84.75,34.92],[84.07,35.0],[84.02,34.75],[84.5,34.48],[85.0,34.54],[85.63,34.25]]}},{"type":"Feature","properties":{"level":1028},"geometry":{"type":"LineString","coordinates":[[77.88,34.5],[78.5,34.56],[78.76,35.0],[78.57,35.25],[78.85,35.5],[78.75,35.68],[78.25,35.02],[77.82,35.5],[77.89,35.75],[77.25,36.18],[76.75,36.46],[76.0,36.42],[75.5,36.88],[75.25,36.78],[75.58,36.5],[74.78,36.0],[76.75,35.3],[77.14,34.75],[77.5,34.85],[77.88,34.5]]}},{"type":"Feature","properties":{"level":1028},"geometry":{"type":"LineString","coordinates":[[80.57,34.5],[80.75,34.29],[81.16,35.0],[83.2,35.75],[82.75,35.99],[81.5,35.69],[81.25,36.02],[80.75,35.72],[79.5,36.27],[78.84,36.25],[79.25,36.21],[79.5,35.84],[80.9,35.0],[80.57,34.5]]}},{"type":"Feature","properties":{"level":1028},"geometry":{"type":"LineString","coordinates":[[-157.54,35.0],[-152.75,35.26],[-149.25,36.33],[-145.9,37.75],[-142.41,39.5],[-139.3,41.5],[-139.6,41.75],[-139.5,42.0],[-138.98,42.25],[-138.18,43.25],[-138.28,44.0],[-139.0,44.95],[-139.0,45.26],[-139.75,45.68],[-141.16,46.25],[-143.75,46.56],[-148.75,46.42],[-154.5,44.71],[-157.39,43.0],[-161.0,39.25],[-160.94,36.75],[-160.56,36.0],[-159.75,35.38],[-158.25,35.28],[-157.54,35.0]]}},{"type":"Feature","properties":{"level":1028},"geometry":{"type":"LineString","coordinates":[[83.26,36.0],[84.0,36.14],[84.34,36.5],[83.0,36.53],[82.75,36.3],[82.5,36.52],[82.04,36.25],[82.5,36.04],[83.36,36.25],[83.26,36.0]]}},{"type":"Feature","properties":{"level":1028},"geometry":{"type":"LineString","coordinates":[[77.24,36.5],[77.75,36.3],[77.96,36.75],[76.17,36.75],[77.24,36.5]]}},{"type":"Feature","properties":{"level":1028},"geometry":{"type":"LineString","coordinates":[[71.25,36.75],[72.25,36.75],[72.89,37.25],[73.2,37.75],[72.8,38.25],[73.23,39.25],[73.0,39.46],[71.55,39.0],[72.07,38.0],[71.08,37.5],[71.25,36.75]]}},{"type":"Feature","properties":{"level":1028},"geometry":{"type":"LineString","coordinates":[[84.42,36.75],[85.75,36.6],[86.0,36.87],[86.75,37.0],[86.0,37.43],[84.42,36.75]]}},{"type":"Feature","properties":{"level":1028},"geometry":{"type":"LineString","coordinates":[[-29.94,38.25],[-29.25,38.08],[-27.0,38.25],[-24.75,38.93],[-22.98,39.75],[-22.75,40.29],[-20.02,41.25],[-20.13,41.5],[-19.69,41.75],[-19.97,42.0],[-19.27,42.5],[-19.38,42.75],[-17.98,43.0],[-15.67,44.5],[-12.75,45.48],[-9.0,46.24],[-5.75,47.36],[-4.5,48.22],[-3.31,48.5],[-3.99,49.25],[-4.5,50.76],[-7.5,51.47],[-8.15,52.25],[-10.0,52.82],[-11.25,52.65],[-13.25,53.11],[-15.0,53.12],[-18.75,52.69],[-20.8,51.5],[-22.59,50.0],[-22.78,49.5],[-25.27,46.75],[-27.3,44.0],[-29.48,42.25],[-30.47,40.5],[-30.08,39.75],[-30.67,39.0],[-30.66,38.75],[-29.94,38.25]]}},{"type":"Feature","properties":{"level":1028},"geometry":{"type":"LineString","coordinates":[[150.57,38.25],[151.25,38.08],[152.75,38.19],[155.75,39.17],[158.87,39.75],[159.59,40.25],[160.03,41.0],[160.05,41.5],[158.75,42.44],[156.5,42.42],[155.75,42.85],[154.75,43.03],[152.0,42.67],[150.25,41.59],[149.55,39.75],[149.58,39.25],[150.57,38.25]]}},{"type":"Feature","properties":{"level":1028},"geometry":{"type":"LineString","coordinates":[[-25.75,41.36],[-25.99,41.5],[-25.91,41.75],[-25.41,42.0],[-25.37,41.75],[-25.75,41.36]]}},{"type":"Feature","properties":{"level":1028},"geometry":{"type":"LineString","coordinates":[[79.95,41.75],[82.4,42.5],[81.75,42.68],[79.75,42.43],[79.47,42.25],[79.95,41.75]]}},{"type":"Feature","properties":{"level":1028},"geometry":{"type":"LineString","coordinates":[[-21.25,43.23],[-21.5,43.33],[-21.5,43.62],[-21.09,43.5],[-21.25,43.23]]}},{"type":"Feature","properties":{"level":1028},"geometry":{"type":"LineString","coordinates":[[83.62,43.75],[84.0,43.62],[84.14,44.0],[83.5,44.2],[82.87,44.0],[83.62,43.75]]}},{"type":"Feature","properties":{"level":1028},"geometry":{"type":"LineString","coordinates":[[90.3,43.75],[91.0,43.51],[91.96,44.0],[90.91,44.25],[90.3,43.75]]}},{"type":"Feature","properties":{"level":1028},"geometry":{"type":"LineString","coordinates":[[88.31,45.0],[91.0,45.1],[91.23,45.25],[91.09,45.5],[91.29,46.25],[92.0,46.54],[92.57,46.25],[91.88,45.75],[92.33,45.5],[92.02,45.25],[92.25,44.96],[92.75,45.19],[93.5,44.96],[94.25,45.12],[94.42,45.75],[94.07,46.25],[94.57,46.5],[93.25,47.75],[93.25,48.08],[93.62,48.0],[93.75,48.42],[94.25,47.92],[95.0,47.86],[95.75,48.46],[97.25,47.63],[98.5,47.57],[98.7,47.75],[97.92,48.25],[99.25,48.05],[99.64,48.5],[98.86,48.75],[100.0,49.23],[99.98,49.75],[100.75,50.0],[100.12,50.5],[100.5,51.54],[100.91,51.25],[100.69,50.75],[101.0,50.63],[101.37,49.75],[101.75,49.63],[102.5,49.83],[103.42,49.5],[103.75,48.99],[104.39,49.0],[104.7,50.0],[104.22,50.5],[104.75,50.66],[106.15,51.75],[105.38,52.0],[106.28,53.25],[105.97,54.25],[106.28,55.0],[105.75,55.44],[102.0,55.97],[98.36,57.5],[95.43,59.0],[94.5,59.94],[93.89,60.0],[93.33,60.5],[90.88,61.5],[90.0,62.14],[85.5,62.26],[83.5,61.85],[80.42,60.75],[73.91,57.5],[71.1,55.5],[69.21,52.75],[69.63,52.25],[71.86,51.0],[72.5,50.21],[73.5,49.71],[73.66,49.5],[73.37,49.25],[73.49,48.75],[74.75,47.85],[78.25,47.25],[79.25,47.64],[80.5,47.57],[81.75,47.08],[83.5,46.85],[84.75,46.29],[86.75,46.12],[88.31,45.0]]}},{"type":"Feature","properties":{"level":1028},"geometry":{"type":"LineString","coordinates":[[100.43,47.0],[101.37,47.0],[100.25,47.26],[99.45,47.75],[99.5,47.39],[100.43,47.0]]}},{"type":"Feature","properties":{"level":1028},"geometry":{"type":"LineString","coordinates":[[137.68,61.0],[137.75,60.78],[138.5,60.99],[139.0,60.76],[139.83,61.25],[139.58,61.75],[140.13,62.25],[138.98,63.0],[139.79,63.25],[138.84,63.5],[139.05,64.25],[138.87,64.5],[139.9,64.75],[139.5,65.0],[140.07,65.25],[139.75,65.45],[139.0,65.04],[138.16,65.25],[138.21,65.75],[137.75,65.91],[135.16,65.75],[135.1,65.5],[135.63,64.75],[135.18,64.5],[135.15,64.0],[137.75,63.27],[137.5,63.19],[137.5,62.89],[138.35,62.75],[137.48,62.25],[138.39,61.75],[136.98,61.5],[137.68,61.0]]}},{"type":"Feature","properties":{"level":1028},"geometry":{"type":"LineString","coordinates":[[-99.41,62.75],[-98.75,62.66],[-96.01,63.25],[-94.2,64.25],[-93.1,65.5],[-92.0,65.75],[-94.68,67.0],[-96.25,67.13],[-98.75,67.76],[-101.5,67.94],[-104.5,67.36],[-106.75,66.33],[-107.46,65.75],[-106.25,64.8],[-105.09,64.25],[-99.5,63.04],[-99.41,62.75]]}},{"type":"Feature","properties":{"level":1028},"geometry":{"type":"LineString","coordinates":[[129.34,64.5],[129.85,64.5],[129.8,65.0],[130.18,65.25],[127.75,65.42],[127.26,65.25],[128.0,64.92],[129.25,65.14],[129.45,65.0],[129.34,64.5]]}},{"type":"Feature","properties":{"level":1028},"geometry":{"type":"LineString","coordinates":[[127.41,65.75],[127.75,65.6],[129.06,65.75],[128.5,66.37],[126.74,66.25],[128.66,66.0],[127.41,65.75]]}},{"type":"Feature","properties":{"level":1028},"geometry":{"type":"LineString","coordinates":[[127.74,66.75],[128.25,66.71],[128.69,67.0],[127.5,67.35],[126.95,67.25],[126.92,67.0],[127.74,66.75]]}},{"type":"Feature","properties":{"level":1028},"geometry":{"type":"LineString","coordinates":[[-42.28,67.5],[-36.75,67.8],[-34.5,68.33],[-33.5,69.26],[-31.14,69.25],[-30.8,69.5],[-31.29,69.75],[-31.18,70.25],[-30.52,71.25],[-30.97,71.75],[-30.62,72.5],[-31.01,73.25],[-30.75,73.61],[-27.9,75.25],[-27.79,76.0],[-28.0,76.72],[-38.75,79.82],[-43.5,80.27],[-49.22,79.5],[-49.34,79.25],[-48.83,78.75],[-38.5,77.09],[-37.45,76.75],[-36.81,76.25],[-36.78,76.0],[-37.62,75.25],[-39.5,74.47],[-42.25,74.34],[-43.0,73.9],[-44.01,73.75],[-44.25,73.46],[-46.75,73.74],[-48.29,73.5],[-47.69,73.0],[-47.96,72.5],[-45.64,71.25],[-43.25,68.95],[-42.14,68.25],[-42.0,68.0],[-42.28,67.5]]}},{"type":"Feature","properties":{"level":1028},"geometry":{"type":"LineString","coordinates":[[127.37,67.75],[128.11,68.0],[127.25,68.37],[127.04,68.0],[127.37,67.75]]}},{"type":"Feature","properties":{"level":1028},"geometry":{"type":"LineString","coordinates":[[-30.66,69.25],[-30.25,69.04],[-29.25,69.14],[-28.82,69.5],[-29.75,69.8],[-29.91,69.75],[-29.8,69.5],[-30.66,69.25]]}},{"type":"Feature","properties":{"level":1028},"geometry":{"type":"LineString","coordinates":[[-30.23,73.0],[-29.75,72.84],[-28.7,73.75],[-29.78,73.5],[-30.23,73.0]]}},{"type":"Feature","properties":{"level":1032},"geometry":{"type":"LineString","coordinates":[[68.5,-88.25],[117.75,-88.45],[126.75,-88.35],[130.27,-88.0],[126.5,-87.66],[112.48,-87.5],[111.05,-87.25],[112.5,-86.62],[112.7,-86.25],[109.75,-85.68],[100.64,-86.25],[61.0,-87.74],[59.93,-88.0],[68.5,-88.25]]}},{"type":"Feature","properties":{"level":1032},"geometry":{"type":"LineString","coordinates":[[76.25,-83.0],[93.25,-83.02],[97.37,-82.25],[100.25,-81.4],[104.0,-81.88],[106.06,-81.75],[105.93,-81.5],[104.42,-81.25],[104.1,-81.0],[104.15,-80.75],[105.75,-80.29],[108.5,-80.51],[109.63,-80.25],[109.2,-79.25],[108.21,-79.0],[107.55,-78.5],[107.42,-77.5],[106.75,-77.05],[104.52,-76.25],[103.7,-75.5],[101.87,-75.5],[102.05,-75.25],[99.61,-74.5],[99.32,-74.25],[99.69,-74.0],[98.71,-73.75],[100.0,-73.41],[100.16,-73.25],[99.9,-73.0],[94.25,-72.17],[92.6,-72.5],[93.48,-73.0],[93.0,-73.31],[92.25,-73.31],[92.67,-73.0],[91.29,-72.75],[89.5,-72.89],[88.25,-73.71],[87.4,-73.75],[86.54,-74.25],[86.47,-74.75],[86.04,-75.25],[86.19,-75.5],[85.64,-76.0],[85.9,-76.5],[84.22,-77.0],[83.66,-77.75],[82.01,-78.0],[80.25,-78.72],[78.27,-79.0],[78.77,-79.25],[77.5,-79.34],[74.75,-79.43],[60.5,-78.77],[59.43,-78.25],[58.25,-78.02],[58.37,-77.75],[58.13,-77.5],[57.25,-77.12],[49.5,-76.55],[41.0,-75.45],[31.75,-75.99],[25.0,-75.67],[24.69,-75.75],[27.62,-76.75],[27.25,-76.97],[23.85,-77.0],[26.25,-77.7],[29.25,-77.99],[34.5,-80.13],[42.0,-81.27],[58.5,-82.52],[76.25,-83.0]]}},{"type":"Feature","properties":{"level":1032},"geometry":{"type":"LineString","coordinates":[[104.44,-82.75],[106.49,-82.75],[106.81,-82.5],[105.0,-82.48],[104.44,-82.75]]}},{"type":"Feature","properties":{"level":1032},"geometry":{"type":"LineString","coordinates":[[77.75,-80.5],[77.82,-80.25],[79.5,-79.78],[79.49,-79.5],[79.09,-79.25],[79.25,-79.23],[84.0,-79.65],[84.62,-79.75],[84.71,-80.0],[81.25,-80.6],[77.75,-80.5]]}},{"type":"Feature","properties":{"level":1032},"geometry":{"type":"LineString","coordinates":[[97.75,-76.52],[95.87,-76.0],[95.76,-75.75],[96.16,-75.5],[95.75,-75.25],[96.52,-75.25],[96.76,-75.5],[96.44,-75.75],[97.5,-75.85],[98.25,-76.5],[97.75,-76.52]]}},{"type":"Feature","properties":{"level":1032},"geometry":{"type":"LineString","coordinates":[[115.09,-76.0],[122.25,-75.65],[123.95,-75.0],[123.68,-74.5],[123.0,-74.18],[120.5,-73.57],[112.25,-73.08],[109.94,-73.25],[110.0,-73.65],[110.81,-74.0],[110.22,-74.5],[112.11,-75.25],[111.12,-75.5],[115.09,-76.0]]}},{"type":"Feature","properties":{"level":1032},"geometry":{"type":"LineString","coordinates":[[-54.01,-49.25],[-52.5,-49.17],[-50.87,-48.5],[-50.23,-46.5],[-51.5,-45.73],[-54.25,-45.41],[-55.7,-46.0],[-56.79,-47.25],[-56.55,-48.25],[-55.33,-49.0],[-54.01,-49.25]]}},{"type":"Feature","properties":{"level":1032},"geometry":{"type":"LineString","coordinates":[[-172.59,-45.75],[-169.75,-45.58],[-166.5,-44.19],[-165.0,-43.25],[-162.48,-41.0],[-161.11,-39.0],[-160.48,-37.0],[-160.92,-33.75],[-162.04,-32.75],[-162.25,-32.25],[-163.75,-30.61],[-165.0,-30.69],[-165.25,-29.97],[-167.5,-30.85],[-168.25,-30.61],[-169.25,-31.17],[-170.0,-30.99],[-171.83,-32.25],[-172.52,-33.5],[-172.93,-37.5],[-173.38,-39.0],[-175.0,-41.25],[-175.77,-43.5],[-175.0,-44.81],[-172.59,-45.75]]}},{"type":"Feature","properties":{"level":1032},"geometry":{"type":"LineString","coordinates":[[84.81,-40.25],[87.0,-40.28],[89.7,-39.75],[91.08,-38.5],[92.29,-38.25],[92.31,-37.75],[91.98,-37.0],[90.91,-36.25],[85.25,-33.61],[83.25,-33.23],[80.75,-33.95],[79.0,-32.93],[76.5,-34.34],[73.0,-34.9],[70.0,-35.92],[68.75,-35.75],[67.5,-36.05],[60.25,-35.54],[58.5,-35.84],[57.75,-36.25],[57.82,-36.5],[61.0,-37.82],[64.25,-38.22],[66.8,-39.0],[72.0,-39.82],[84.81,-40.25]]}},{"type":"Feature","properties":{"level":1032},"geometry":{"type":"LineString","coordinates":[[82.14,34.25],[83.34,35.0],[82.75,35.09],[82.25,34.81],[82.25,34.37],[81.93,34.5],[82.14,34.25]]}},{"type":"Feature","properties":{"level":1032},"geometry":{"type":"LineString","coordinates":[[77.44,35.0],[77.88,35.0],[77.7,35.75],[77.25,36.04],[76.5,36.33],[75.34,36.25],[76.25,35.57],[77.25,35.45],[77.44,35.0]]}},{"type":"Feature","properties":{"level":1032},"geometry":{"type":"LineString","coordinates":[[80.69,35.25],[81.0,35.1],[82.97,35.75],[82.75,35.9],[81.75,35.53],[80.13,35.75],[80.69,35.25]]}},{"type":"Feature","properties":{"level":1032},"geometry":{"type":"LineString","coordinates":[[71.65,37.0],[72.11,37.0],[72.65,37.75],[72.0,37.91],[71.63,37.75],[71.85,37.5],[71.25,37.49],[71.25,37.19],[71.65,37.0]]}},{"type":"Feature","properties":{"level":1032},"geometry":{"type":"LineString","coordinates":[[-152.05,40.25],[-150.25,40.6],[-149.5,40.36],[-148.5,40.75],[-146.86,42.0],[-146.93,43.5],[-151.0,42.91],[-151.81,42.25],[-152.18,41.5],[-152.29,40.75],[-152.05,40.25]]}},{"type":"Feature","properties":{"level":1032},"geometry":{"type":"LineString","coordinates":[[79.74,42.0],[80.5,41.94],[80.94,42.25],[79.75,42.28],[79.74,42.0]]}},{"type":"Feature","properties":{"level":1032},"geometry":{"type":"LineString","coordinates":[[90.66,46.75],[91.0,46.7],[91.08,47.0],[90.29,48.25],[91.0,48.75],[90.75,48.96],[90.0,48.77],[89.75,48.91],[90.19,49.25],[90.0,49.79],[90.5,49.82],[91.25,49.31],[92.0,49.33],[92.19,49.5],[91.57,50.25],[92.5,50.78],[94.21,50.75],[96.0,50.12],[96.5,50.38],[96.75,50.19],[96.75,50.5],[97.0,50.52],[97.75,50.17],[99.58,52.0],[99.1,52.5],[99.42,53.0],[98.2,53.25],[98.15,53.5],[99.5,53.34],[100.25,52.88],[101.25,52.84],[101.86,53.25],[101.81,53.5],[99.5,54.77],[99.0,54.83],[98.75,54.45],[98.69,54.75],[97.75,55.31],[92.0,56.71],[88.0,58.25],[85.5,58.67],[81.0,58.09],[79.5,57.61],[77.78,56.5],[76.47,54.75],[76.17,53.0],[76.32,52.25],[76.85,51.25],[77.93,50.0],[77.82,49.5],[78.62,49.0],[79.0,48.87],[79.25,49.14],[80.0,49.1],[81.25,48.49],[81.75,48.83],[83.56,49.0],[85.0,48.41],[85.75,48.45],[88.5,47.78],[90.66,46.75]]}},{"type":"Feature","properties":{"level":1032},"geometry":{"type":"LineString","coordinates":[[101.83,52.0],[103.13,52.0],[102.25,52.34],[101.83,52.0]]}},{"type":"Feature","properties":{"level":1032},"geometry":{"type":"LineString","coordinates":[[-40.46,68.0],[-38.5,67.79],[-35.0,68.39],[-34.72,68.5],[-34.56,69.0],[-35.03,69.5],[-31.64,70.5],[-31.4,70.75],[-31.44,71.25],[-31.94,72.0],[-31.59,72.5],[-31.39,73.5],[-30.63,74.0],[-30.12,74.75],[-30.24,75.25],[-29.77,75.75],[-30.07,76.25],[-33.25,76.7],[-34.25,75.91],[-36.32,75.25],[-36.75,74.5],[-37.6,74.0],[-40.17,73.75],[-43.0,72.84],[-45.38,73.0],[-45.48,72.5],[-44.7,72.0],[-41.95,69.25],[-40.71,68.5],[-40.46,68.0]]}},{"type":"Feature","properties":{"level":1036},"geometry":{"type":"LineString","coordinates":[[89.48,-88.0],[99.14,-88.0],[104.53,-87.75],[102.75,-87.06],[98.0,-86.88],[77.17,-87.5],[78.25,-87.76],[89.48,-88.0]]}},{"type":"Feature","properties":{"level":1036},"geometry":{"type":"LineString","coordinates":[[60.43,-82.25],[70.0,-82.18],[73.25,-81.93],[77.26,-81.25],[76.65,-80.75],[77.25,-80.22],[78.38,-79.75],[71.0,-79.82],[68.0,-79.52],[65.0,-79.72],[59.25,-79.33],[57.41,-78.75],[57.47,-78.5],[56.98,-78.25],[57.34,-77.5],[57.0,-77.36],[53.5,-77.15],[43.75,-75.9],[39.5,-75.87],[31.5,-76.5],[26.45,-76.0],[29.02,-76.75],[29.72,-77.25],[28.64,-77.5],[32.04,-78.5],[36.19,-80.25],[47.5,-81.47],[60.43,-82.25]]}},{"type":"Feature","properties":{"level":1036},"geometry":{"type":"LineString","coordinates":[[87.47,-80.75],[95.75,-80.69],[98.75,-80.44],[99.95,-79.5],[97.07,-79.0],[100.0,-77.86],[100.72,-77.5],[100.71,-77.25],[100.0,-77.05],[98.75,-77.45],[96.25,-77.28],[94.87,-76.25],[94.58,-75.5],[95.25,-74.86],[96.75,-74.78],[97.5,-74.99],[98.21,-74.75],[97.57,-73.75],[97.64,-73.5],[99.16,-73.25],[97.75,-73.01],[95.25,-73.13],[92.5,-73.66],[89.11,-73.5],[88.17,-74.0],[88.0,-74.41],[87.16,-74.75],[86.91,-75.0],[87.17,-75.5],[86.22,-76.0],[87.16,-76.25],[85.72,-76.75],[85.9,-77.0],[84.67,-77.75],[80.62,-79.0],[86.55,-80.0],[87.47,-80.75]]}},{"type":"Feature","properties":{"level":1036},"geometry":{"type":"LineString","coordinates":[[100.46,-78.75],[101.76,-78.5],[100.12,-78.5],[100.46,-78.75]]}},{"type":"Feature","properties":{"level":1036},"geometry":{"type":"LineString","coordinates":[[105.39,-78.0],[106.0,-78.09],[106.37,-77.75],[105.5,-77.1],[103.0,-76.2],[102.0,-76.16],[101.58,-76.5],[105.39,-78.0]]}},{"type":"Feature","properties":{"level":1036},"geometry":{"type":"LineString","coordinates":[[115.57,-75.75],[118.25,-75.85],[122.08,-75.5],[123.25,-75.05],[123.34,-74.75],[122.0,-74.13],[119.5,-73.7],[111.5,-73.25],[110.72,-73.25],[110.28,-73.5],[111.77,-74.0],[111.89,-74.25],[111.33,-74.5],[113.26,-75.25],[113.2,-75.5],[115.57,-75.75]]}},{"type":"Feature","properties":{"level":1036},"geometry":{"type":"LineString","coordinates":[[88.4,48.0],[88.81,48.0],[88.25,49.11],[87.37,49.5],[88.14,49.75],[88.25,50.01],[89.5,49.61],[90.63,50.75],[90.0,51.0],[91.75,51.89],[92.65,52.0],[93.09,52.5],[92.75,52.93],[91.0,53.06],[89.75,52.87],[89.51,53.0],[89.88,53.25],[89.75,53.34],[88.25,53.24],[88.26,53.5],[87.75,53.6],[87.43,53.5],[87.5,53.24],[85.49,52.75],[86.45,52.5],[86.37,52.25],[86.64,52.0],[86.0,51.87],[85.0,52.07],[84.84,51.75],[84.0,51.73],[83.01,51.0],[83.5,50.14],[84.64,50.0],[85.5,49.25],[84.64,49.0],[84.99,48.75],[86.5,48.77],[88.4,48.0]]}},{"type":"Feature","properties":{"level":1036},"geometry":{"type":"LineString","coordinates":[[96.08,51.75],[96.25,51.6],[97.61,52.0],[97.25,52.2],[96.25,51.99],[96.08,51.75]]}},{"type":"Feature","properties":{"level":1036},"geometry":{"type":"LineString","coordinates":[[94.44,53.5],[95.47,53.5],[94.44,53.5]]}},{"type":"Feature","properties":{"level":1036},"geometry":{"type":"LineString","coordinates":[[89.04,53.75],[89.5,53.62],[89.68,54.0],[89.0,54.57],[88.4,54.5],[89.04,53.75]]}},{"type":"Feature","properties":{"level":1036},"geometry":{"type":"LineString","coordinates":[[-38.14,68.0],[-35.35,68.5],[-35.56,69.0],[-35.2,69.25],[-35.77,69.5],[-35.55,69.75],[-33.26,70.75],[-34.5,71.94],[-36.46,72.5],[-36.26,72.75],[-33.25,73.36],[-31.6,74.5],[-32.25,74.8],[-35.25,74.84],[-37.0,73.67],[-40.75,72.81],[-42.1,72.25],[-40.95,70.75],[-40.89,70.0],[-40.0,69.23],[-39.57,68.5],[-38.14,68.0]]}},{"type":"Feature","properties":{"level":1040},"geometry":{"type":"LineString","coordinates":[[54.08,-81.75],[60.0,-81.92],[61.01,-81.75],[60.71,-81.5],[61.75,-81.45],[72.0,-81.69],[75.5,-80.9],[76.86,-80.25],[75.25,-80.02],[64.0,-80.08],[59.5,-79.84],[56.28,-79.25],[55.54,-78.5],[56.28,-77.75],[56.0,-77.66],[53.25,-77.83],[43.5,-76.14],[37.5,-76.18],[31.22,-76.75],[30.85,-77.0],[31.75,-77.88],[33.35,-78.75],[37.1,-80.0],[47.5,-81.26],[54.08,-81.75]]}},{"type":"Feature","properties":{"level":1040},"geometry":{"type":"LineString","coordinates":[[86.27,-79.75],[88.5,-79.95],[91.5,-79.81],[93.25,-79.47],[94.54,-78.75],[94.94,-78.5],[94.9,-77.25],[94.12,-75.75],[94.11,-75.25],[94.77,-74.5],[95.75,-74.39],[96.44,-73.75],[95.75,-73.6],[92.75,-73.98],[89.15,-74.0],[88.8,-74.75],[88.2,-75.25],[88.27,-75.5],[88.87,-75.75],[87.75,-76.41],[86.45,-76.75],[86.73,-77.0],[86.61,-77.25],[85.08,-78.0],[81.62,-79.0],[86.27,-79.75]]}},{"type":"Feature","properties":{"level":1040},"geometry":{"type":"LineString","coordinates":[[116.23,-75.5],[118.25,-75.72],[120.78,-75.5],[122.18,-75.25],[121.97,-75.0],[122.22,-74.5],[119.75,-73.87],[111.84,-73.5],[114.86,-74.25],[113.24,-74.5],[112.97,-74.75],[113.25,-74.88],[116.23,-75.5]]}},{"type":"Feature","properties":{"level":1040},"geometry":{"type":"LineString","coordinates":[[87.51,48.75],[88.0,48.56],[88.07,49.0],[87.03,49.0],[87.51,48.75]]}},{"type":"Feature","properties":{"level":1040},"geometry":{"type":"LineString","coordinates":[[85.79,49.5],[86.0,49.35],[87.05,49.5],[86.75,49.82],[85.75,49.83],[85.25,50.32],[84.9,50.25],[85.79,49.5]]}},{"type":"Feature","properties":{"level":1040},"geometry":{"type":"LineString","coordinates":[[88.41,50.5],[88.75,50.35],[89.25,50.52],[89.9,51.25],[89.84,51.5],[89.0,51.95],[87.0,51.4],[86.48,51.5],[86.5,51.06],[87.0,50.69],[87.26,50.75],[87.1,51.0],[87.25,51.13],[88.98,51.0],[88.39,50.75],[88.41,50.5]]}},{"type":"Feature","properties":{"level":1040},"geometry":{"type":"LineString","coordinates":[[-38.65,68.5],[-37.75,68.26],[-37.5,68.84],[-36.29,68.5],[-36.39,69.5],[-34.61,70.75],[-34.69,71.0],[-37.0,71.7],[-37.6,72.5],[-38.0,72.68],[-39.25,72.73],[-39.99,72.5],[-40.11,72.0],[-39.49,71.0],[-39.33,69.5],[-39.04,68.75],[-38.65,68.5]]}},{"type":"Feature","properties":{"level":1040},"geometry":{"type":"LineString","coordinates":[[-37.25,70.35],[-37.54,70.75],[-37.25,71.22],[-36.5,71.05],[-36.24,70.75],[-37.25,70.35]]}},{"type":"Feature","properties":{"level":1044},"geometry":{"type":"LineString","coordinates":[[70.55,-81.5],[72.25,-81.5],[75.97,-80.5],[74.5,-80.22],[63.5,-80.45],[57.75,-80.12],[55.32,-79.5],[54.58,-78.75],[54.77,-78.25],[54.5,-78.17],[53.0,-78.25],[51.0,-77.91],[49.75,-77.95],[47.5,-77.43],[45.63,-78.0],[44.0,-77.71],[43.0,-78.19],[42.5,-78.17],[40.2,-77.25],[41.83,-76.75],[41.0,-76.49],[34.72,-76.75],[33.37,-77.0],[34.22,-77.5],[33.04,-77.75],[35.03,-79.0],[38.0,-79.19],[38.27,-79.25],[38.06,-79.5],[40.25,-79.8],[41.41,-80.25],[48.5,-81.13],[70.55,-81.5]]}},{"type":"Feature","properties":{"level":1044},"geometry":{"type":"LineString","coordinates":[[85.75,-79.5],[87.5,-79.72],[90.5,-79.61],[92.0,-79.36],[94.0,-78.64],[94.46,-77.75],[94.41,-77.0],[93.7,-75.5],[93.05,-75.25],[93.64,-75.0],[93.64,-74.5],[90.0,-75.67],[89.84,-75.75],[90.11,-76.0],[89.71,-76.25],[87.65,-76.75],[87.41,-77.25],[86.53,-77.75],[87.39,-78.0],[87.0,-78.23],[84.25,-78.43],[82.31,-79.0],[85.75,-79.5]]}},{"type":"Feature","properties":{"level":1044},"geometry":{"type":"LineString","coordinates":[[42.9,-76.75],[43.5,-76.9],[43.95,-76.75],[43.52,-76.5],[42.8,-76.5],[42.9,-76.75]]}},{"type":"Feature","properties":{"level":1044},"geometry":{"type":"LineString","coordinates":[[117.61,-75.5],[118.88,-75.5],[117.0,-75.04],[116.25,-75.25],[117.61,-75.5]]}},{"type":"Feature","properties":{"level":1044},"geometry":{"type":"LineString","coordinates":[[89.58,-75.25],[90.83,-75.0],[89.75,-74.81],[89.35,-75.0],[89.58,-75.25]]}},{"type":"Feature","properties":{"level":1044},"geometry":{"type":"LineString","coordinates":[[87.63,51.25],[89.12,51.25],[88.75,51.56],[88.25,51.6],[87.63,51.25]]}},{"type":"Feature","properties":{"level":1044},"geometry":{"type":"LineString","coordinates":[[-37.01,69.0],[-36.75,69.59],[-35.94,70.25],[-37.31,69.75],[-37.27,69.25],[-37.01,69.0]]}},{"type":"Feature","properties":{"level":1044},"geometry":{"type":"LineString","coordinates":[[-38.57,69.25],[-38.03,70.0],[-38.32,71.25],[-37.91,72.0],[-38.25,72.44],[-39.0,72.51],[-39.39,72.25],[-39.37,72.0],[-38.88,71.25],[-38.57,69.25]]}},{"type":"Feature","properties":{"level":1048},"geometry":{"type":"LineString","coordinates":[[63.75,-81.25],[71.75,-81.42],[74.77,-80.75],[75.03,-80.5],[63.75,-80.89],[54.06,-80.0],[53.66,-79.75],[53.81,-79.25],[53.5,-78.52],[53.25,-78.47],[52.0,-78.46],[51.25,-78.77],[47.5,-78.38],[43.0,-78.64],[40.5,-78.16],[38.25,-78.27],[37.67,-78.5],[38.56,-78.75],[39.25,-79.3],[40.75,-79.46],[44.25,-80.34],[48.25,-80.9],[52.0,-81.15],[62.5,-81.08],[63.75,-81.25]]}},{"type":"Feature","properties":{"level":1048},"geometry":{"type":"LineString","coordinates":[[86.53,-79.5],[90.75,-79.42],[93.25,-78.77],[93.81,-78.5],[94.06,-78.0],[94.02,-77.0],[92.52,-77.0],[92.64,-76.75],[91.0,-76.44],[89.13,-76.5],[88.25,-77.25],[88.54,-77.75],[88.41,-78.0],[87.23,-78.75],[84.1,-79.0],[86.53,-79.5]]}},{"type":"Feature","properties":{"level":1048},"geometry":{"type":"LineString","coordinates":[[36.29,-78.0],[38.25,-78.22],[39.97,-77.75],[38.0,-77.04],[36.91,-77.25],[37.25,-77.7],[37.6,-77.75],[36.29,-78.0]]}},{"type":"Feature","properties":{"level":1052},"geometry":{"type":"LineString","coordinates":[[51.12,-81.0],[58.7,-81.0],[58.1,-80.75],[52.06,-80.25],[51.91,-80.0],[52.5,-78.99],[49.5,-79.14],[47.5,-78.73],[42.25,-79.0],[42.09,-79.25],[45.39,-80.25],[51.12,-81.0]]}},{"type":"Feature","properties":{"level":1052},"geometry":{"type":"LineString","coordinates":[[69.9,-81.0],[72.0,-81.16],[73.03,-81.0],[69.9,-81.0]]}},{"type":"Feature","properties":{"level":1052},"geometry":{"type":"LineString","coordinates":[[46.5,-80.03],[46.26,-80.0],[47.0,-79.8],[48.29,-80.0],[47.75,-80.19],[46.5,-80.03]]}},{"type":"Feature","properties":{"level":1052},"geometry":{"type":"LineString","coordinates":[[44.75,-79.75],[45.88,-79.75],[44.75,-79.75]]}},{"type":"Feature","properties":{"level":1052},"geometry":{"type":"LineString","coordinates":[[86.23,-79.25],[88.0,-79.48],[90.75,-79.29],[93.25,-78.58],[93.65,-78.0],[92.75,-77.35],[91.25,-77.05],[91.0,-77.14],[90.75,-78.1],[89.0,-77.99],[88.11,-78.75],[86.23,-79.25]]}},{"type":"Feature","properties":{"level":1056},"geometry":{"type":"LineString","coordinates":[[87.24,-79.25],[90.0,-79.28],[91.78,-78.75],[90.25,-78.69],[87.24,-79.25]]}}]}