{"type":"FeatureCollection","features":[{"type":"Feature","properties":{"level":944},"geometry":{"type":"LineString","coordinates":[[-128.25,-60.03],[-129.11,-59.5],[-129.01,-59.0],[-127.75,-59.15],[-127.19,-59.5],[-127.25,-59.8],[-128.25,-60.03]]}},{"type":"Feature","properties":{"level":948},"geometry":{"type":"LineString","coordinates":[[-128.0,-60.78],[-129.35,-60.25],[-130.26,-59.25],[-129.79,-57.25],[-128.75,-56.59],[-127.85,-56.75],[-127.3,-58.0],[-126.0,-58.91],[-125.61,-59.5],[-125.75,-60.03],[-126.5,-60.82],[-128.0,-60.78]]}},{"type":"Feature","properties":{"level":952},"geometry":{"type":"LineString","coordinates":[[-150.75,-83.26],[-150.67,-83.0],[-151.0,-82.88],[-153.5,-82.61],[-154.49,-82.25],[-152.88,-82.0],[-152.81,-81.75],[-153.94,-81.25],[-150.5,-80.77],[-145.25,-80.86],[-141.5,-80.46],[-138.78,-80.75],[-138.75,-81.0],[-142.75,-82.27],[-150.75,-83.26]]}},{"type":"Feature","properties":{"level":952},"geometry":{"type":"LineString","coordinates":[[-148.5,-79.54],[-149.39,-79.25],[-149.53,-79.0],[-152.25,-78.67],[-153.75,-77.91],[-157.02,-77.75],[-156.5,-77.14],[-155.5,-76.76],[-144.75,-75.61],[-144.01,-75.75],[-144.09,-76.0],[-141.81,-77.25],[-143.52,-77.5],[-144.44,-78.5],[-143.31,-79.5],[-148.5,-79.54]]}},{"type":"Feature","properties":{"level":952},"geometry":{"type":"LineString","coordinates":[[-129.75,-68.82],[-129.98,-68.5],[-129.5,-68.05],[-128.5,-67.85],[-127.58,-68.0],[-127.75,-68.44],[-128.25,-68.66],[-129.75,-68.82]]}},{"type":"Feature","properties":{"level":952},"geometry":{"type":"LineString","coordinates":[[-130.25,-66.01],[-130.76,-65.75],[-130.0,-65.52],[-129.39,-65.75],[-129.63,-66.0],[-130.25,-66.01]]}},{"type":"Feature","properties":{"level":952},"geometry":{"type":"LineString","coordinates":[[-128.5,-61.51],[-130.0,-61.33],[-131.25,-60.62],[-131.74,-59.5],[-131.78,-58.75],[-130.74,-57.25],[-130.0,-56.66],[-128.75,-56.22],[-127.5,-56.22],[-126.43,-56.75],[-124.75,-58.45],[-124.35,-59.75],[-125.0,-60.97],[-125.64,-61.5],[-128.5,-61.51]]}},{"type":"Feature","properties":{"level":952},"geometry":{"type":"LineString","coordinates":[[-6.75,-56.06],[-13.0,-52.83],[-13.81,-51.75],[-13.75,-50.75],[-13.0,-50.31],[-11.75,-50.3],[-10.13,-51.0],[-8.75,-53.04],[-5.68,-55.75],[-5.69,-56.0],[-6.0,-56.13],[-6.75,-56.06]]}},{"type":"Feature","properties":{"level":956},"geometry":{"type":"LineString","coordinates":[[-157.5,-84.5],[-170.75,-84.17],[-175.0,-83.19],[-176.2,-82.5],[-176.22,-82.0],[-175.5,-81.53],[-172.25,-80.67],[-165.75,-79.48],[-163.5,-79.28],[-163.87,-79.0],[-163.76,-78.5],[-159.45,-76.5],[-148.75,-73.75],[-144.0,-72.78],[-141.66,-73.0],[-140.53,-73.75],[-140.34,-74.5],[-140.83,-75.5],[-140.45,-75.75],[-141.17,-76.25],[-140.82,-76.5],[-137.87,-77.25],[-136.21,-78.25],[-135.95,-78.75],[-134.89,-79.0],[-132.24,-80.25],[-131.25,-81.0],[-132.5,-81.58],[-139.7,-83.25],[-143.98,-84.0],[-152.5,-84.52],[-157.5,-84.5]]}},{"type":"Feature","properties":{"level":956},"geometry":{"type":"LineString","coordinates":[[-129.0,-70.01],[-131.5,-69.88],[-134.5,-69.35],[-136.0,-69.44],[-136.96,-68.75],[-137.21,-68.0],[-136.61,-67.0],[-133.11,-63.0],[-133.03,-62.5],[-134.24,-59.75],[-133.61,-57.75],[-132.25,-56.86],[-130.0,-56.02],[-127.0,-55.84],[-126.0,-56.07],[-123.94,-57.25],[-123.28,-58.5],[-123.34,-60.5],[-123.78,-61.75],[-125.65,-63.0],[-125.42,-63.75],[-124.0,-65.25],[-123.72,-66.25],[-124.0,-66.86],[-124.86,-67.5],[-124.77,-68.25],[-125.24,-68.75],[-127.25,-69.63],[-129.0,-70.01]]}},{"type":"Feature","properties":{"level":956},"geometry":{"type":"LineString","coordinates":[[-168.0,-63.25],[-167.35,-63.25],[-168.0,-63.25]]}},{"type":"Feature","properties":{"level":956},"geometry":{"type":"LineString","coordinates":[[-7.25,-56.54],[-10.5,-55.41],[-14.0,-53.32],[-14.6,-52.5],[-14.8,-51.75],[-14.75,-51.0],[-14.33,-50.25],[-13.05,-49.25],[-12.0,-48.94],[-7.84,-50.0],[-5.5,-53.23],[-4.25,-54.57],[-3.67,-55.75],[-4.14,-56.25],[-5.0,-56.57],[-7.25,-56.54]]}},{"type":"Feature","properties":{"level":960},"geometry":{"type":"LineString","coordinates":[[180.0,-84.62],[177.25,-84.61],[172.0,-83.56],[170.49,-83.5],[169.57,-83.25],[169.5,-82.98],[169.26,-83.25],[168.5,-83.28],[168.0,-82.94],[167.25,-83.3],[167.06,-83.25],[166.99,-82.75],[167.5,-82.54],[168.75,-82.84],[180.0,-79.64]]}},{"type":"Feature","properties":{"level":960},"geometry":{"type":"LineString","coordinates":[[-180.0,-79.64],[-168.5,-77.24],[-155.14,-73.5],[-145.25,-69.36],[-138.38,-64.25],[-136.43,-61.25],[-135.93,-59.0],[-135.13,-57.25],[-134.5,-56.56],[-133.52,-56.0],[-129.5,-55.12],[-126.25,-55.17],[-123.5,-56.35],[-122.53,-57.5],[-121.91,-60.0],[-122.07,-63.25],[-120.9,-65.0],[-120.5,-66.5],[-120.6,-67.25],[-121.18,-68.0],[-125.25,-70.35],[-127.25,-71.1],[-133.0,-71.98],[-135.25,-73.75],[-137.0,-74.84],[-137.77,-75.0],[-138.72,-75.75],[-138.5,-76.11],[-135.75,-76.72],[-130.69,-79.0],[-128.32,-79.75],[-125.7,-81.5],[-136.0,-84.24],[-142.5,-84.94],[-148.5,-85.2],[-166.75,-85.15],[-170.25,-84.91],[-174.25,-85.02],[-176.5,-84.55],[-180.0,-84.62]]}},{"type":"Feature","properties":{"level":960},"geometry":{"type":"LineString","coordinates":[[108.0,-65.26],[106.9,-65.0],[106.05,-64.5],[105.81,-63.75],[107.25,-63.36],[109.5,-63.41],[111.0,-63.85],[111.65,-64.5],[110.5,-65.19],[108.0,-65.26]]}},{"type":"Feature","properties":{"level":960},"geometry":{"type":"LineString","coordinates":[[-170.75,-64.0],[-171.61,-63.75],[-169.25,-62.75],[-166.25,-62.18],[-161.25,-60.75],[-160.9,-60.75],[-160.52,-61.25],[-161.75,-62.89],[-164.0,-63.83],[-166.0,-64.23],[-170.75,-64.0]]}},{"type":"Feature","properties":{"level":960},"geometry":{"type":"LineString","coordinates":[[-7.75,-57.02],[-11.74,-55.75],[-14.86,-53.75],[-15.55,-52.75],[-15.71,-51.75],[-15.47,-50.75],[-14.72,-49.75],[-13.25,-48.77],[-11.75,-48.41],[-9.5,-48.52],[-7.5,-49.15],[-5.59,-50.5],[-1.86,-55.0],[-2.13,-56.0],[-3.33,-56.75],[-5.25,-57.12],[-7.75,-57.02]]}},{"type":"Feature","properties":{"level":960},"geometry":{"type":"LineString","coordinates":[[146.5,20.74],[146.46,21.0],[146.68,21.0],[146.5,20.74]]}},{"type":"Feature","properties":{"level":964},"geometry":{"type":"LineString","coordinates":[[180.0,-84.81],[176.25,-84.84],[175.51,-84.5],[173.25,-84.3],[171.75,-83.89],[170.25,-83.9],[169.25,-84.23],[168.5,-83.99],[168.0,-84.29],[167.75,-84.25],[167.9,-84.0],[167.7,-83.75],[168.47,-83.5],[164.81,-83.25],[164.71,-83.0],[165.09,-82.75],[164.75,-82.35],[160.44,-81.5],[160.2,-81.25],[161.72,-80.75],[165.5,-80.78],[170.25,-80.15],[180.0,-77.9]]}},{"type":"Feature","properties":{"level":964},"geometry":{"type":"LineString","coordinates":[[161.25,-82.77],[162.35,-82.75],[161.25,-82.77]]}},{"type":"Feature","properties":{"level":964},"geometry":{"type":"LineString","coordinates":[[-127.75,-78.01],[-127.98,-78.0],[-127.0,-77.7],[-126.69,-78.0],[-127.75,-78.01]]}},{"type":"Feature","properties":{"level":964},"geometry":{"type":"LineString","coordinates":[[-180.0,-77.9],[-166.5,-74.62],[-159.58,-72.25],[-158.3,-71.5],[-157.61,-70.75],[-158.27,-70.0],[-160.33,-69.0],[-160.63,-68.5],[-160.4,-68.25],[-158.25,-67.83],[-156.5,-67.95],[-155.75,-67.75],[-155.84,-67.5],[-155.5,-67.42],[-154.25,-67.52],[-153.5,-67.13],[-151.75,-67.06],[-150.0,-66.56],[-148.0,-65.49],[-147.25,-65.31],[-146.75,-65.52],[-143.31,-64.5],[-141.25,-63.28],[-139.75,-61.7],[-137.48,-58.0],[-135.5,-55.8],[-132.75,-54.52],[-129.25,-53.8],[-127.75,-53.71],[-126.25,-54.0],[-123.5,-55.16],[-122.5,-56.0],[-121.26,-57.75],[-119.69,-61.75],[-117.67,-65.0],[-117.28,-66.0],[-118.5,-67.97],[-122.04,-70.5],[-125.08,-72.0],[-129.54,-73.0],[-134.75,-74.87],[-135.27,-75.25],[-134.86,-75.5],[-135.53,-75.75],[-135.33,-76.0],[-133.9,-76.25],[-133.5,-76.74],[-131.75,-76.92],[-131.25,-77.29],[-128.02,-78.0],[-128.88,-78.25],[-122.6,-80.75],[-121.55,-81.5],[-121.46,-81.75],[-121.75,-81.87],[-124.1,-82.5],[-124.31,-83.0],[-125.25,-83.42],[-131.25,-84.83],[-139.75,-85.5],[-139.89,-85.75],[-142.25,-86.02],[-152.0,-85.51],[-165.25,-85.74],[-171.0,-85.23],[-175.0,-85.28],[-175.26,-85.25],[-174.87,-85.0],[-176.5,-84.71],[-180.0,-84.81]]}},{"type":"Feature","properties":{"level":964},"geometry":{"type":"LineString","coordinates":[[-112.75,-67.03],[-112.5,-67.0],[-112.75,-67.03]]}},{"type":"Feature","properties":{"level":964},"geometry":{"type":"LineString","coordinates":[[110.75,-66.52],[109.75,-66.27],[105.75,-66.07],[104.0,-65.59],[97.75,-64.9],[97.25,-64.74],[96.89,-64.25],[97.12,-63.75],[98.75,-63.22],[106.75,-61.92],[110.5,-62.1],[112.25,-62.56],[113.62,-63.25],[114.26,-64.25],[113.8,-65.25],[112.75,-66.0],[110.75,-66.52]]}},{"type":"Feature","properties":{"level":964},"geometry":{"type":"LineString","coordinates":[[-148.35,-66.25],[-148.2,-66.25],[-148.35,-66.25]]}},{"type":"Feature","properties":{"level":964},"geometry":{"type":"LineString","coordinates":[[-167.75,-65.53],[-169.75,-65.34],[-176.75,-65.35],[-178.4,-65.0],[-169.75,-62.02],[-165.75,-61.24],[-160.5,-59.7],[-159.2,-60.25],[-158.0,-61.73],[-157.0,-62.15],[-155.5,-62.06],[-154.52,-62.25],[-154.53,-62.5],[-155.44,-63.25],[-155.26,-64.75],[-156.75,-65.41],[-162.5,-65.31],[-167.75,-65.53]]}},{"type":"Feature","properties":{"level":964},"geometry":{"type":"LineString","coordinates":[[-8.5,-57.53],[-10.77,-57.0],[-13.5,-55.85],[-16.0,-53.94],[-16.62,-52.75],[-16.59,-51.25],[-15.87,-50.0],[-14.77,-49.0],[-13.5,-48.32],[-12.0,-47.9],[-9.25,-47.62],[-8.5,-47.82],[-5.09,-49.5],[0.36,-54.5],[0.06,-55.25],[-0.63,-56.0],[-1.75,-56.78],[-3.0,-57.29],[-6.0,-57.74],[-8.5,-57.53]]}},{"type":"Feature","properties":{"level":964},"geometry":{"type":"LineString","coordinates":[[146.5,20.43],[146.19,21.0],[146.75,21.3],[146.97,20.75],[146.75,20.41],[146.5,20.43]]}},{"type":"Feature","properties":{"level":968},"geometry":{"type":"LineString","coordinates":[[180.0,-85.04],[170.75,-85.03],[170.55,-85.0],[170.75,-84.83],[175.19,-84.75],[172.0,-84.73],[171.55,-84.5],[171.59,-84.25],[171.25,-84.22],[168.0,-84.44],[165.25,-84.28],[165.1,-84.25],[165.31,-84.0],[166.7,-83.75],[164.75,-83.37],[163.5,-83.59],[162.5,-83.47],[161.75,-82.98],[160.25,-82.91],[160.25,-82.72],[161.61,-82.5],[158.75,-81.65],[158.46,-81.25],[160.75,-80.0],[164.5,-79.66],[171.06,-78.5],[175.85,-77.5],[180.0,-76.28]]}},{"type":"Feature","properties":{"level":968},"geometry":{"type":"LineString","coordinates":[[-180.0,-76.28],[-173.27,-74.5],[-168.79,-73.0],[-166.33,-71.75],[-165.23,-70.5],[-166.35,-68.75],[-167.7,-67.75],[-171.75,-66.69],[-173.25,-66.74],[-175.0,-66.35],[-180.0,-66.03]]}},{"type":"Feature","properties":{"level":968},"geometry":{"type":"LineString","coordinates":[[-22.5,-73.35],[-22.68,-72.5],[-21.63,-71.0],[-22.13,-70.25],[-22.15,-70.0],[-21.75,-69.68],[-20.0,-68.81],[-18.69,-69.25],[-17.57,-70.25],[-17.3,-71.75],[-18.0,-72.49],[-21.0,-73.25],[-22.5,-73.35]]}},{"type":"Feature","properties":{"level":968},"geometry":{"type":"LineString","coordinates":[[108.0,-67.01],[103.25,-66.46],[99.75,-66.88],[98.5,-66.55],[91.75,-66.55],[91.38,-66.5],[91.34,-66.25],[91.74,-65.25],[93.83,-63.0],[95.09,-62.0],[95.53,-61.25],[97.35,-60.25],[97.5,-59.86],[99.18,-59.5],[99.25,-59.1],[104.5,-58.4],[111.25,-58.74],[116.53,-60.0],[118.0,-60.6],[119.16,-61.5],[119.62,-63.5],[119.33,-65.25],[117.85,-66.5],[116.0,-66.73],[113.75,-66.64],[110.0,-67.13],[108.0,-67.01]]}},{"type":"Feature","properties":{"level":968},"geometry":{"type":"LineString","coordinates":[[180.0,-66.03],[177.9,-65.5],[180.0,-64.13]]}},{"type":"Feature","properties":{"level":968},"geometry":{"type":"LineString","coordinates":[[-180.0,-64.13],[-178.29,-63.75],[-174.9,-62.5],[-166.0,-60.5],[-160.5,-58.86],[-155.5,-60.29],[-152.75,-60.5],[-151.55,-61.5],[-151.23,-62.25],[-150.75,-62.54],[-148.25,-62.41],[-146.5,-61.74],[-144.75,-61.62],[-143.0,-60.97],[-141.99,-60.25],[-138.85,-56.75],[-136.75,-54.91],[-134.25,-53.49],[-131.25,-52.52],[-131.28,-52.25],[-131.0,-52.21],[-125.5,-52.87],[-124.55,-53.25],[-122.75,-54.55],[-120.77,-56.5],[-117.61,-61.0],[-115.75,-62.72],[-113.5,-63.52],[-111.5,-63.31],[-109.0,-61.96],[-108.0,-61.94],[-107.87,-62.25],[-108.14,-63.0],[-109.25,-64.25],[-109.8,-67.5],[-110.25,-68.44],[-110.64,-68.75],[-114.75,-68.86],[-116.0,-69.12],[-122.12,-72.5],[-124.25,-73.09],[-126.29,-73.25],[-126.18,-73.75],[-126.53,-74.0],[-130.25,-74.6],[-132.5,-75.73],[-132.55,-76.0],[-132.25,-76.1],[-130.75,-76.18],[-130.0,-76.59],[-128.0,-77.04],[-125.43,-77.25],[-123.83,-78.0],[-124.59,-78.5],[-118.03,-81.25],[-117.81,-82.25],[-118.75,-83.0],[-118.84,-83.5],[-120.36,-84.0],[-121.98,-85.0],[-128.75,-85.71],[-134.5,-85.54],[-136.08,-85.75],[-134.43,-86.0],[-135.0,-86.05],[-147.5,-86.12],[-149.28,-85.75],[-153.0,-85.74],[-155.38,-86.0],[-154.75,-86.26],[-158.75,-86.35],[-159.73,-86.25],[-157.98,-86.0],[-159.25,-85.73],[-165.25,-85.84],[-177.18,-85.25],[-176.2,-85.0],[-177.52,-85.0],[-178.25,-85.27],[-180.0,-85.04]]}},{"type":"Feature","properties":{"level":968},"geometry":{"type":"LineString","coordinates":[[126.75,-60.02],[125.75,-59.85],[124.53,-59.25],[124.63,-58.75],[125.8,-58.75],[127.45,-59.75],[127.26,-60.0],[126.75,-60.02]]}},{"type":"Feature","properties":{"level":968},"geometry":{"type":"LineString","coordinates":[[122.25,-59.45],[122.08,-59.25],[122.25,-59.14],[122.68,-59.25],[122.25,-59.45]]}},{"type":"Feature","properties":{"level":968},"geometry":{"type":"LineString","coordinates":[[-8.25,-58.27],[-10.5,-57.95],[-12.5,-57.35],[-15.5,-55.93],[-16.75,-54.88],[-17.67,-53.5],[-17.89,-52.25],[-17.31,-50.5],[-16.22,-49.25],[-15.0,-48.38],[-13.5,-47.71],[-8.75,-46.74],[-4.25,-48.82],[1.25,-53.03],[1.89,-53.75],[1.95,-54.75],[1.0,-55.98],[-1.64,-57.5],[-4.25,-58.26],[-8.25,-58.27]]}},{"type":"Feature","properties":{"level":968},"geometry":{"type":"LineString","coordinates":[[94.0,-58.28],[92.25,-58.09],[89.5,-57.16],[88.25,-57.07],[86.5,-57.36],[86.34,-57.25],[86.48,-56.75],[85.38,-56.0],[86.56,-55.0],[89.28,-53.75],[92.5,-52.73],[94.25,-52.7],[95.38,-53.25],[96.16,-55.0],[95.96,-55.25],[96.08,-55.75],[95.66,-57.25],[95.78,-57.5],[95.0,-58.09],[94.0,-58.28]]}},{"type":"Feature","properties":{"level":968},"geometry":{"type":"LineString","coordinates":[[146.5,20.2],[145.97,21.0],[146.5,21.52],[147.0,21.33],[147.17,21.0],[147.0,20.38],[146.5,20.2]]}},{"type":"Feature","properties":{"level":972},"geometry":{"type":"LineString","coordinates":[[170.5,-86.01],[169.67,-85.75],[172.5,-85.48],[176.03,-85.5],[174.67,-86.0],[170.5,-86.01]]}},{"type":"Feature","properties":{"level":972},"geometry":{"type":"LineString","coordinates":[[180.0,-85.41],[177.25,-85.11],[170.75,-85.15],[169.7,-85.0],[169.49,-84.75],[169.77,-84.5],[168.0,-84.61],[163.76,-84.25],[166.13,-83.75],[165.0,-83.5],[163.5,-83.85],[160.0,-83.7],[159.39,-83.5],[160.17,-83.25],[158.54,-82.75],[159.14,-82.25],[156.79,-81.75],[159.65,-80.0],[159.6,-79.5],[159.83,-79.25],[163.45,-78.5],[163.39,-78.0],[163.07,-77.75],[163.34,-77.25],[162.67,-76.75],[162.98,-76.25],[170.25,-76.38],[174.5,-75.88],[180.0,-74.68]]}},{"type":"Feature","properties":{"level":972},"geometry":{"type":"LineString","coordinates":[[-19.25,-75.52],[-18.82,-75.0],[-22.5,-74.97],[-25.5,-74.67],[-27.25,-74.01],[-27.65,-73.5],[-25.5,-71.45],[-24.25,-69.5],[-23.11,-68.25],[-22.75,-67.35],[-19.75,-67.53],[-16.0,-68.55],[-13.04,-70.0],[-10.62,-72.0],[-11.0,-72.68],[-12.03,-73.25],[-11.92,-73.75],[-12.25,-73.92],[-14.25,-74.47],[-15.25,-75.1],[-19.25,-75.52]]}},{"type":"Feature","properties":{"level":972},"geometry":{"type":"LineString","coordinates":[[-180.0,-74.68],[-174.09,-72.25],[-172.99,-71.5],[-172.08,-70.25],[-172.29,-69.75],[-173.39,-68.75],[-175.25,-68.12],[-180.0,-67.19]]}},{"type":"Feature","properties":{"level":972},"geometry":{"type":"LineString","coordinates":[[74.75,-69.77],[74.41,-69.5],[74.62,-69.25],[76.17,-67.75],[77.79,-66.75],[79.5,-65.94],[84.0,-64.71],[85.7,-63.5],[85.96,-62.75],[85.32,-61.75],[84.75,-61.42],[83.25,-61.31],[82.63,-61.0],[81.93,-58.75],[79.38,-57.25],[79.39,-56.75],[88.0,-53.25],[94.0,-51.35],[95.25,-51.38],[97.0,-52.09],[97.95,-53.0],[98.14,-53.5],[99.47,-54.5],[101.25,-54.63],[102.0,-54.91],[103.0,-54.79],[107.5,-55.82],[109.25,-55.77],[110.25,-55.46],[112.0,-56.09],[113.75,-56.06],[114.5,-56.27],[114.75,-55.91],[115.25,-55.86],[117.5,-56.9],[120.0,-57.57],[125.5,-57.61],[127.5,-58.4],[129.5,-60.0],[129.0,-60.41],[126.35,-61.25],[125.03,-62.0],[124.37,-62.75],[123.12,-65.25],[122.21,-66.25],[119.25,-67.11],[116.0,-67.7],[112.5,-67.9],[104.75,-67.22],[101.0,-67.12],[99.5,-67.55],[99.25,-67.09],[99.0,-67.06],[97.5,-67.24],[93.0,-67.17],[87.75,-67.79],[81.5,-69.2],[79.0,-69.08],[74.75,-69.77]]}},{"type":"Feature","properties":{"level":972},"geometry":{"type":"LineString","coordinates":[[180.0,-67.19],[177.5,-66.67],[174.77,-65.75],[174.87,-65.5],[177.83,-64.0],[180.0,-63.23]]}},{"type":"Feature","properties":{"level":972},"geometry":{"type":"LineString","coordinates":[[-180.0,-63.23],[-177.29,-62.25],[-166.75,-59.89],[-161.25,-58.1],[-160.0,-58.11],[-156.75,-58.83],[-152.75,-58.69],[-151.0,-59.6],[-149.75,-59.86],[-146.0,-59.19],[-142.5,-57.37],[-137.47,-53.25],[-135.55,-52.25],[-134.0,-51.84],[-132.75,-51.08],[-132.25,-51.03],[-126.0,-51.47],[-124.5,-52.17],[-120.49,-55.25],[-115.58,-60.25],[-113.75,-61.23],[-111.25,-61.75],[-108.25,-61.13],[-106.25,-61.02],[-105.44,-61.25],[-105.19,-61.75],[-105.25,-62.32],[-106.13,-63.25],[-107.28,-65.25],[-107.85,-68.5],[-108.5,-69.37],[-113.15,-70.25],[-119.85,-73.25],[-122.03,-74.0],[-126.0,-74.81],[-128.53,-75.75],[-120.56,-78.0],[-120.27,-78.25],[-120.32,-79.0],[-116.75,-80.16],[-112.85,-82.5],[-112.64,-83.0],[-112.18,-83.25],[-112.5,-83.5],[-112.4,-83.75],[-109.0,-84.75],[-109.65,-85.0],[-122.88,-85.5],[-121.17,-85.75],[-125.0,-86.29],[-133.5,-85.69],[-134.48,-85.75],[-132.86,-86.0],[-133.25,-86.2],[-146.25,-86.25],[-146.75,-86.43],[-150.5,-85.94],[-157.25,-86.5],[-160.07,-86.25],[-159.29,-86.0],[-159.75,-85.95],[-164.5,-85.96],[-172.75,-85.5],[-178.25,-85.79],[-180.0,-85.41]]}},{"type":"Feature","properties":{"level":972},"geometry":{"type":"LineString","coordinates":[[-9.75,-59.01],[-12.75,-58.56],[-15.5,-57.56],[-17.36,-56.5],[-18.89,-54.75],[-19.47,-53.25],[-19.27,-51.5],[-18.09,-49.75],[-16.22,-48.25],[-13.0,-46.88],[-8.25,-45.95],[-3.25,-48.19],[2.5,-52.29],[3.0,-52.98],[3.25,-54.0],[2.95,-55.0],[2.15,-56.0],[-0.22,-57.75],[-4.5,-59.03],[-9.75,-59.01]]}},{"type":"Feature","properties":{"level":972},"geometry":{"type":"LineString","coordinates":[[-112.25,19.73],[-111.97,20.0],[-112.0,19.64],[-112.25,19.73]]}},{"type":"Feature","properties":{"level":972},"geometry":{"type":"LineString","coordinates":[[146.25,20.17],[145.83,20.75],[145.85,21.25],[146.25,21.62],[146.75,21.67],[147.24,21.25],[147.34,20.75],[146.75,20.05],[146.25,20.17]]}},{"type":"Feature","properties":{"level":972},"geometry":{"type":"LineString","coordinates":[[174.25,52.15],[173.82,52.75],[174.0,53.25],[175.0,53.45],[175.85,53.0],[175.96,52.75],[175.61,52.25],[175.0,52.02],[174.25,52.15]]}},{"type":"Feature","properties":{"level":976},"geometry":{"type":"LineString","coordinates":[[-168.25,-87.01],[-169.03,-86.75],[-173.29,-86.5],[-173.58,-86.25],[-168.5,-86.2],[-160.58,-86.75],[-163.0,-87.07],[-168.25,-87.01]]}},{"type":"Feature","properties":{"level":976},"geometry":{"type":"LineString","coordinates":[[180.0,-86.59],[173.25,-86.57],[161.5,-86.09],[161.21,-86.0],[161.4,-85.75],[161.25,-85.48],[159.57,-85.25],[166.5,-85.07],[167.16,-85.0],[167.35,-84.75],[165.0,-84.88],[163.75,-84.63],[161.0,-84.6],[158.53,-84.25],[161.3,-84.0],[155.0,-83.71],[153.87,-83.25],[153.84,-83.0],[155.51,-82.5],[155.0,-82.14],[153.7,-82.0],[153.52,-81.75],[156.75,-81.3],[158.06,-80.75],[158.23,-80.5],[157.39,-80.25],[159.0,-79.91],[159.19,-79.75],[158.91,-79.0],[162.76,-78.5],[162.13,-77.75],[162.21,-77.5],[161.53,-77.0],[161.71,-76.5],[161.44,-75.75],[160.45,-75.5],[162.25,-75.13],[163.0,-74.74],[164.0,-74.78],[164.98,-74.25],[164.75,-73.84],[164.0,-73.82],[164.0,-73.61],[165.25,-73.88],[165.75,-73.53],[166.0,-73.83],[166.12,-73.25],[167.25,-73.38],[167.58,-73.25],[167.29,-73.0],[167.75,-72.72],[168.25,-73.14],[169.69,-73.25],[169.47,-73.5],[169.75,-73.72],[172.0,-74.03],[177.67,-73.0],[180.0,-72.24]]}},{"type":"Feature","properties":{"level":976},"geometry":{"type":"LineString","coordinates":[[167.58,-85.5],[171.48,-85.5],[169.25,-85.11],[167.58,-85.5]]}},{"type":"Feature","properties":{"level":976},"geometry":{"type":"LineString","coordinates":[[173.23,-85.25],[175.19,-85.25],[173.23,-85.25]]}},{"type":"Feature","properties":{"level":976},"geometry":{"type":"LineString","coordinates":[[175.64,-85.25],[177.53,-85.25],[175.64,-85.25]]}},{"type":"Feature","properties":{"level":976},"geometry":{"type":"LineString","coordinates":[[162.36,-84.0],[163.69,-84.0],[162.36,-84.0]]}},{"type":"Feature","properties":{"level":976},"geometry":{"type":"LineString","coordinates":[[155.12,-82.0],[156.45,-82.0],[155.12,-82.0]]}},{"type":"Feature","properties":{"level":976},"geometry":{"type":"LineString","coordinates":[[-19.25,-76.76],[-24.25,-76.34],[-30.5,-76.59],[-30.77,-76.25],[-30.55,-75.75],[-30.91,-73.25],[-29.83,-71.5],[-26.62,-68.25],[-26.14,-66.75],[-24.75,-66.33],[-22.5,-66.16],[-19.75,-66.37],[-9.25,-68.4],[-4.25,-68.66],[-2.75,-68.44],[-2.47,-68.75],[-2.11,-70.0],[-6.15,-71.25],[-6.01,-71.75],[-6.17,-72.0],[-6.81,-72.25],[-6.52,-73.25],[-8.92,-74.5],[-9.75,-75.32],[-11.25,-75.54],[-12.75,-75.45],[-14.25,-76.29],[-19.25,-76.76]]}},{"type":"Feature","properties":{"level":976},"geometry":{"type":"LineString","coordinates":[[69.5,-72.26],[68.89,-72.0],[69.6,-71.0],[69.19,-70.75],[70.25,-69.63],[70.54,-69.0],[70.03,-68.25],[70.75,-67.97],[71.13,-67.5],[71.69,-65.5],[74.87,-63.5],[75.92,-62.5],[75.16,-61.0],[74.29,-60.0],[69.5,-58.13],[68.86,-57.75],[68.84,-57.25],[69.79,-56.75],[71.0,-56.48],[75.75,-56.11],[79.0,-55.47],[90.0,-51.65],[94.25,-50.4],[96.25,-50.4],[97.5,-50.86],[98.25,-50.85],[100.5,-51.73],[108.25,-53.45],[111.0,-53.72],[115.0,-53.03],[119.25,-54.09],[124.93,-56.0],[127.0,-56.33],[129.04,-57.75],[130.72,-59.25],[131.21,-60.0],[130.91,-60.5],[129.4,-61.75],[127.91,-64.25],[126.33,-65.75],[122.11,-67.5],[120.0,-68.0],[116.25,-68.44],[112.0,-68.52],[104.5,-67.63],[101.0,-67.5],[99.5,-67.82],[99.0,-67.43],[92.75,-67.63],[89.75,-68.52],[88.25,-68.61],[80.5,-70.48],[79.13,-71.0],[77.5,-70.88],[76.0,-70.25],[74.82,-70.25],[73.9,-70.5],[72.55,-71.5],[71.0,-72.19],[69.5,-72.26]]}},{"type":"Feature","properties":{"level":976},"geometry":{"type":"LineString","coordinates":[[-180.0,-72.24],[-179.06,-71.75],[-178.46,-70.5],[-178.77,-69.75],[-180.0,-69.2]]}},{"type":"Feature","properties":{"level":976},"geometry":{"type":"LineString","coordinates":[[169.0,-72.01],[168.43,-71.75],[169.0,-71.68],[169.58,-72.0],[169.0,-72.01]]}},{"type":"Feature","properties":{"level":976},"geometry":{"type":"LineString","coordinates":[[180.0,-69.2],[175.25,-67.59],[172.25,-65.5],[172.78,-64.75],[180.0,-62.15]]}},{"type":"Feature","properties":{"level":976},"geometry":{"type":"LineString","coordinates":[[-180.0,-62.15],[-167.0,-59.15],[-161.75,-57.36],[-156.5,-57.91],[-152.5,-57.89],[-150.5,-58.22],[-148.75,-57.97],[-146.75,-57.37],[-144.77,-56.25],[-140.64,-52.25],[-138.75,-51.31],[-133.28,-50.0],[-130.75,-49.79],[-127.25,-49.98],[-125.5,-50.62],[-123.25,-51.85],[-113.75,-59.33],[-110.25,-60.47],[-105.13,-60.75],[-104.48,-61.0],[-103.98,-61.75],[-104.07,-62.75],[-105.68,-66.25],[-106.22,-69.25],[-106.88,-70.0],[-111.68,-71.5],[-117.25,-74.03],[-123.0,-75.25],[-124.75,-76.0],[-120.75,-76.79],[-117.76,-77.0],[-117.83,-77.25],[-118.5,-77.38],[-118.75,-77.75],[-117.25,-77.68],[-115.75,-78.68],[-114.75,-78.87],[-114.25,-79.29],[-112.95,-79.75],[-112.59,-80.5],[-111.98,-81.0],[-110.0,-81.74],[-106.0,-82.91],[-100.01,-83.5],[-98.1,-84.0],[-98.88,-84.25],[-98.59,-84.5],[-98.82,-84.75],[-117.69,-85.5],[-120.15,-86.25],[-119.59,-86.5],[-120.75,-86.54],[-128.0,-86.65],[-129.3,-86.5],[-126.5,-86.25],[-130.0,-85.96],[-131.37,-86.0],[-131.2,-86.25],[-132.5,-86.46],[-138.25,-86.31],[-145.7,-86.75],[-145.23,-87.0],[-148.25,-87.05],[-149.75,-86.9],[-150.5,-86.49],[-160.25,-86.67],[-160.5,-86.58],[-160.5,-86.23],[-161.0,-86.08],[-164.75,-86.1],[-169.75,-85.66],[-175.47,-86.0],[-175.76,-86.25],[-175.59,-86.5],[-180.0,-86.59]]}},{"type":"Feature","properties":{"level":976},"geometry":{"type":"LineString","coordinates":[[-12.25,-60.51],[-16.34,-59.0],[-18.75,-57.72],[-20.17,-56.5],[-21.5,-54.5],[-21.77,-52.75],[-21.02,-50.75],[-19.16,-49.0],[-17.17,-47.75],[-12.25,-45.94],[-9.0,-45.33],[-7.5,-45.4],[-5.0,-46.2],[-2.25,-47.61],[2.41,-50.75],[3.93,-52.25],[4.31,-53.75],[3.86,-55.5],[3.0,-56.77],[0.66,-58.25],[-1.25,-59.12],[-4.0,-59.83],[-9.5,-60.6],[-12.25,-60.51]]}},{"type":"Feature","properties":{"level":976},"geometry":{"type":"LineString","coordinates":[[-112.0,19.49],[-112.38,19.75],[-112.25,20.09],[-111.82,20.0],[-111.74,19.75],[-112.0,19.49]]}},{"type":"Feature","properties":{"level":976},"geometry":{"type":"LineString","coordinates":[[146.25,19.99],[145.74,20.5],[145.66,21.25],[146.0,21.69],[146.75,21.86],[147.32,21.5],[147.5,20.75],[147.0,20.04],[146.25,19.99]]}},{"type":"Feature","properties":{"level":976},"geometry":{"type":"LineString","coordinates":[[174.0,51.71],[173.25,52.16],[172.81,52.75],[172.85,54.0],[173.09,54.25],[174.25,54.65],[175.5,54.54],[176.5,53.97],[177.16,53.25],[176.97,52.5],[176.25,51.88],[175.25,51.61],[174.0,51.71]]}},{"type":"Feature","properties":{"level":980},"geometry":{"type":"LineString","coordinates":[[180.0,-86.9],[162.0,-86.74],[156.48,-85.75],[155.0,-85.04],[151.5,-84.76],[150.65,-84.25],[151.1,-84.0],[151.83,-83.0],[152.81,-82.5],[152.08,-82.0],[152.46,-81.75],[153.75,-81.41],[155.25,-81.45],[157.47,-80.75],[156.95,-80.25],[157.2,-80.0],[158.69,-79.75],[158.13,-79.5],[158.41,-79.25],[157.42,-79.0],[157.57,-78.75],[160.5,-78.77],[162.18,-78.25],[160.56,-77.75],[160.09,-77.25],[159.96,-77.0],[160.84,-76.75],[160.5,-76.23],[159.61,-75.75],[159.86,-75.25],[162.0,-74.93],[163.44,-74.25],[163.0,-74.12],[162.87,-73.75],[164.5,-73.45],[166.45,-72.5],[166.21,-72.25],[167.17,-72.0],[167.25,-71.13],[168.53,-71.25],[167.75,-71.05],[167.87,-70.75],[169.75,-70.82],[173.0,-70.09],[172.81,-69.0],[171.0,-66.99],[170.87,-65.25],[171.17,-64.75],[177.2,-62.25],[180.0,-61.38]]}},{"type":"Feature","properties":{"level":980},"geometry":{"type":"LineString","coordinates":[[-163.86,-86.25],[-162.25,-86.49],[-161.02,-86.25],[-163.86,-86.25]]}},{"type":"Feature","properties":{"level":980},"geometry":{"type":"LineString","coordinates":[[-128.84,-86.25],[-127.68,-86.25],[-128.84,-86.25]]}},{"type":"Feature","properties":{"level":980},"geometry":{"type":"LineString","coordinates":[[-169.47,-86.0],[-167.17,-86.0],[-170.08,-85.75],[-169.47,-86.0]]}},{"type":"Feature","properties":{"level":980},"geometry":{"type":"LineString","coordinates":[[153.25,-81.29],[152.45,-81.0],[153.65,-81.0],[153.25,-81.29]]}},{"type":"Feature","properties":{"level":980},"geometry":{"type":"LineString","coordinates":[[-36.25,-78.51],[-37.65,-78.0],[-37.96,-77.25],[-37.75,-76.25],[-35.19,-73.25],[-31.4,-69.5],[-29.29,-66.25],[-25.31,-65.0],[-18.5,-65.0],[-11.5,-65.41],[-8.0,-65.19],[-2.75,-65.68],[6.25,-65.76],[7.75,-66.05],[9.32,-66.75],[10.75,-68.42],[13.6,-68.75],[14.08,-69.25],[13.75,-69.65],[12.25,-70.21],[4.75,-70.95],[-1.25,-72.56],[-3.0,-72.19],[-4.75,-72.67],[-5.4,-73.25],[-4.51,-73.75],[-5.49,-75.0],[-5.5,-75.31],[-5.0,-75.82],[-3.75,-75.95],[-3.14,-76.25],[-5.5,-76.38],[-6.5,-76.22],[-7.52,-75.5],[-8.48,-75.5],[-9.29,-75.75],[-9.25,-75.91],[-7.52,-76.5],[-9.5,-76.88],[-12.0,-76.89],[-12.85,-77.25],[-12.5,-77.57],[-10.87,-77.75],[-11.5,-77.95],[-20.0,-77.78],[-22.25,-77.15],[-24.5,-76.94],[-26.5,-77.39],[-32.5,-77.79],[-34.5,-78.57],[-36.25,-78.51]]}},{"type":"Feature","properties":{"level":980},"geometry":{"type":"LineString","coordinates":[[-117.14,-76.5],[-116.75,-76.56],[-116.14,-76.25],[-116.5,-76.16],[-117.14,-76.5]]}},{"type":"Feature","properties":{"level":980},"geometry":{"type":"LineString","coordinates":[[66.75,-73.8],[65.5,-73.51],[65.46,-73.25],[67.04,-71.0],[66.28,-70.5],[66.42,-70.0],[67.31,-69.5],[67.52,-69.0],[68.18,-68.75],[68.18,-68.5],[63.75,-67.69],[59.25,-67.51],[56.75,-67.17],[56.18,-67.0],[56.17,-66.5],[54.0,-65.9],[52.0,-66.11],[50.03,-67.25],[49.25,-67.27],[48.25,-67.7],[45.5,-67.85],[44.5,-68.5],[42.5,-68.36],[40.5,-69.03],[39.5,-69.98],[39.0,-70.13],[37.0,-70.05],[34.25,-70.61],[33.25,-70.56],[30.3,-71.5],[28.0,-71.9],[23.0,-72.05],[20.75,-71.17],[19.75,-71.24],[19.86,-71.5],[19.25,-71.67],[18.55,-71.5],[17.75,-70.75],[16.75,-70.25],[18.5,-68.94],[21.75,-67.87],[26.0,-67.23],[29.75,-66.97],[31.53,-66.5],[32.15,-65.75],[32.17,-65.0],[30.82,-63.75],[31.75,-63.4],[35.75,-63.15],[44.0,-61.36],[51.25,-61.47],[51.54,-62.25],[53.01,-63.5],[56.0,-64.36],[57.5,-64.18],[59.0,-64.36],[59.75,-63.97],[61.0,-63.97],[63.75,-63.43],[67.0,-63.67],[68.25,-62.92],[69.05,-61.75],[69.1,-60.75],[67.76,-57.5],[67.82,-57.0],[68.36,-56.5],[71.0,-55.68],[76.0,-55.07],[80.0,-54.14],[89.75,-50.83],[95.0,-49.39],[97.0,-49.41],[106.0,-51.1],[110.75,-51.3],[114.75,-51.78],[121.31,-53.25],[128.5,-56.16],[131.16,-58.0],[132.91,-60.0],[132.53,-60.75],[132.51,-61.75],[132.14,-62.5],[131.73,-64.5],[129.02,-66.0],[129.0,-66.36],[130.0,-66.38],[130.0,-66.65],[126.5,-66.61],[125.5,-67.23],[121.0,-68.44],[113.5,-69.13],[110.25,-68.95],[105.36,-68.0],[99.0,-68.12],[98.77,-68.0],[99.03,-67.75],[98.75,-67.68],[94.5,-68.35],[92.25,-68.32],[87.0,-69.9],[83.5,-70.68],[81.25,-71.51],[79.25,-71.53],[76.25,-72.08],[75.5,-72.08],[75.0,-71.79],[73.54,-72.25],[73.79,-72.5],[73.25,-72.93],[70.75,-73.11],[69.75,-72.77],[68.63,-73.25],[68.65,-73.75],[66.75,-73.8]]}},{"type":"Feature","properties":{"level":980},"geometry":{"type":"LineString","coordinates":[[19.75,-72.3],[20.5,-71.91],[21.08,-72.0],[21.12,-72.25],[19.75,-72.3]]}},{"type":"Feature","properties":{"level":980},"geometry":{"type":"LineString","coordinates":[[169.13,-71.5],[170.5,-71.5],[169.13,-71.5]]}},{"type":"Feature","properties":{"level":980},"geometry":{"type":"LineString","coordinates":[[35.18,-69.75],[35.64,-69.5],[34.79,-69.5],[35.18,-69.75]]}},{"type":"Feature","properties":{"level":980},"geometry":{"type":"LineString","coordinates":[[46.73,-67.5],[46.93,-67.5],[46.73,-67.5]]}},{"type":"Feature","properties":{"level":980},"geometry":{"type":"LineString","coordinates":[[31.5,-63.02],[31.0,-62.78],[30.97,-62.5],[31.5,-62.32],[32.03,-62.5],[32.0,-62.96],[31.5,-63.02]]}},{"type":"Feature","properties":{"level":980},"geometry":{"type":"LineString","coordinates":[[-7.5,-62.51],[-11.0,-62.04],[-13.75,-61.34],[-18.0,-59.64],[-20.56,-58.25],[-22.62,-56.25],[-24.17,-53.5],[-24.25,-51.75],[-23.6,-50.25],[-21.77,-48.75],[-17.25,-46.62],[-12.75,-45.29],[-8.25,-44.54],[-5.61,-45.0],[-3.0,-46.01],[0.25,-47.77],[3.25,-49.89],[4.84,-51.75],[5.5,-54.0],[5.05,-55.5],[4.33,-56.5],[1.75,-58.66],[-0.18,-59.75],[-3.54,-61.0],[-4.5,-61.6],[-4.75,-62.25],[-6.0,-62.59],[-7.5,-62.51]]}},{"type":"Feature","properties":{"level":980},"geometry":{"type":"LineString","coordinates":[[-180.0,-61.38],[-170.5,-59.3],[-166.0,-58.05],[-163.5,-56.88],[-162.25,-56.65],[-155.5,-57.15],[-150.75,-56.86],[-148.84,-56.25],[-146.5,-54.77],[-144.25,-51.72],[-143.03,-49.5],[-142.75,-49.37],[-134.0,-48.68],[-132.5,-48.31],[-131.25,-48.4],[-130.75,-48.07],[-128.5,-48.55],[-126.5,-49.16],[-123.75,-50.46],[-116.25,-55.41],[-114.75,-56.18],[-112.37,-58.0],[-109.02,-59.5],[-104.25,-60.61],[-103.02,-61.75],[-102.84,-62.75],[-103.03,-64.0],[-103.88,-66.0],[-104.28,-69.25],[-104.79,-70.25],[-110.84,-73.25],[-114.5,-74.7],[-117.41,-75.5],[-117.11,-75.75],[-114.28,-76.0],[-114.23,-76.25],[-113.25,-76.59],[-113.26,-77.0],[-112.75,-77.36],[-111.25,-77.06],[-110.86,-77.5],[-111.09,-77.75],[-110.75,-78.25],[-109.03,-79.0],[-108.07,-80.5],[-107.5,-80.88],[-102.5,-81.87],[-91.18,-82.75],[-91.47,-83.0],[-97.44,-84.25],[-97.17,-84.5],[-97.5,-84.79],[-112.12,-85.25],[-114.31,-85.5],[-111.37,-86.0],[-118.25,-86.62],[-137.0,-86.84],[-146.75,-87.36],[-154.5,-86.92],[-163.75,-87.33],[-174.0,-86.88],[-180.0,-86.9]]}},{"type":"Feature","properties":{"level":980},"geometry":{"type":"LineString","coordinates":[[51.5,-61.02],[51.75,-60.84],[52.07,-61.0],[51.5,-61.02]]}},{"type":"Feature","properties":{"level":980},"geometry":{"type":"LineString","coordinates":[[-112.25,19.43],[-112.46,20.0],[-112.0,20.23],[-111.65,19.75],[-111.79,19.5],[-112.25,19.43]]}},{"type":"Feature","properties":{"level":980},"geometry":{"type":"LineString","coordinates":[[146.5,19.73],[145.75,20.1],[145.37,21.0],[146.0,21.94],[146.75,22.08],[147.5,21.75],[147.77,21.0],[147.25,19.75],[146.5,19.73]]}},{"type":"Feature","properties":{"level":980},"geometry":{"type":"LineString","coordinates":[[-171.75,22.93],[-171.94,23.0],[-171.75,23.16],[-171.75,22.93]]}},{"type":"Feature","properties":{"level":980},"geometry":{"type":"LineString","coordinates":[[180.0,55.71],[179.14,55.25],[178.92,54.25],[177.97,52.25],[176.81,51.5],[175.5,51.18],[174.25,51.22],[173.0,51.57],[171.23,52.5],[170.0,53.77],[168.66,54.25],[168.5,54.5],[170.15,56.5],[171.5,57.22],[174.5,57.06],[177.5,57.38],[180.0,57.06]]}},{"type":"Feature","properties":{"level":980},"geometry":{"type":"LineString","coordinates":[[-180.0,57.06],[-177.27,56.25],[-177.5,56.0],[-179.25,56.05],[-180.0,55.71]]}},{"type":"Feature","properties":{"level":980},"geometry":{"type":"LineString","coordinates":[[-28.0,62.67],[-28.96,63.25],[-29.46,64.0],[-29.3,64.5],[-28.25,65.12],[-26.75,65.54],[-24.5,65.65],[-22.67,65.0],[-23.22,64.75],[-23.5,64.25],[-26.0,62.87],[-27.0,62.58],[-28.0,62.67]]}},{"type":"Feature","properties":{"level":980},"geometry":{"type":"LineString","coordinates":[[117.5,72.72],[117.4,73.0],[118.0,73.26],[118.89,73.25],[119.22,73.0],[117.5,72.72]]}},{"type":"Feature","properties":{"level":984},"geometry":{"type":"LineString","coordinates":[[180.0,-87.4],[166.0,-87.24],[159.75,-86.83],[156.5,-86.34],[151.5,-86.2],[150.75,-85.91],[148.79,-84.5],[149.52,-84.0],[149.63,-83.5],[151.34,-82.5],[150.86,-81.75],[151.18,-81.5],[150.92,-81.0],[151.35,-80.75],[153.0,-80.44],[154.0,-80.5],[154.69,-80.75],[154.51,-81.25],[155.25,-81.32],[157.01,-80.75],[155.53,-80.5],[156.5,-80.25],[156.5,-79.87],[157.46,-79.25],[156.0,-79.25],[155.46,-79.0],[155.73,-78.75],[160.25,-78.5],[159.64,-78.25],[160.42,-78.0],[159.5,-77.87],[159.38,-77.75],[160.04,-77.5],[159.3,-77.0],[160.2,-76.75],[159.14,-76.5],[159.37,-76.25],[158.75,-76.0],[158.89,-75.75],[158.45,-75.5],[159.5,-75.01],[162.25,-74.63],[162.87,-74.25],[162.56,-73.75],[162.75,-73.59],[164.25,-73.3],[165.43,-72.75],[165.64,-72.5],[165.5,-72.21],[165.02,-72.25],[165.4,-72.5],[164.73,-72.5],[164.9,-72.25],[164.67,-72.0],[164.75,-71.7],[166.24,-71.75],[165.75,-71.4],[164.75,-71.23],[164.21,-71.25],[164.41,-71.5],[164.0,-71.54],[162.5,-70.67],[161.75,-70.83],[160.5,-70.54],[160.29,-70.75],[160.32,-71.25],[159.79,-71.25],[159.64,-71.0],[159.85,-70.75],[158.32,-70.0],[158.6,-69.75],[158.38,-69.25],[160.25,-68.98],[163.25,-69.28],[165.25,-68.85],[167.0,-67.94],[169.29,-65.25],[170.75,-64.11],[175.42,-62.0],[180.0,-60.76]]}},{"type":"Feature","properties":{"level":984},"geometry":{"type":"LineString","coordinates":[[-35.25,-81.01],[-33.04,-80.5],[-33.19,-80.25],[-39.75,-79.41],[-43.75,-78.26],[-45.25,-78.71],[-47.55,-78.0],[-46.5,-77.36],[-45.34,-77.0],[-44.0,-75.81],[-41.0,-73.9],[-36.91,-70.25],[-34.63,-67.75],[-30.5,-65.09],[-28.25,-64.14],[-20.0,-63.3],[-18.88,-63.0],[-18.33,-62.5],[-18.29,-62.0],[-18.72,-61.25],[-21.77,-59.0],[-23.62,-57.25],[-26.34,-52.75],[-26.56,-50.75],[-25.09,-47.75],[-24.09,-46.75],[-24.96,-45.75],[-24.75,-45.61],[-23.75,-45.9],[-22.75,-46.62],[-21.5,-46.59],[-13.75,-44.62],[-9.0,-43.83],[-7.0,-43.87],[-5.0,-44.22],[-0.25,-46.07],[4.29,-49.5],[5.7,-51.25],[6.3,-52.5],[6.48,-54.0],[5.77,-56.0],[3.0,-59.23],[-0.35,-62.0],[0.44,-62.75],[0.23,-63.0],[0.31,-63.5],[3.13,-64.5],[9.75,-65.02],[14.5,-66.03],[18.0,-66.28],[20.75,-65.93],[26.25,-64.64],[27.5,-64.03],[29.52,-62.25],[30.7,-61.75],[35.5,-61.66],[40.82,-60.5],[43.5,-60.15],[53.25,-60.08],[57.25,-61.59],[60.25,-61.5],[64.25,-60.27],[65.16,-59.75],[65.75,-59.22],[67.19,-56.75],[69.0,-55.64],[70.75,-55.1],[76.75,-54.07],[80.5,-53.12],[89.5,-50.07],[95.5,-48.33],[105.5,-49.46],[108.0,-49.61],[110.5,-49.44],[112.5,-49.68],[121.75,-51.99],[127.13,-54.5],[131.79,-57.25],[134.11,-59.25],[135.33,-63.0],[136.23,-63.75],[138.75,-64.61],[139.26,-65.0],[137.25,-65.58],[133.25,-65.76],[132.25,-66.4],[131.25,-66.44],[130.42,-67.25],[129.75,-67.56],[125.75,-67.9],[119.75,-69.2],[116.5,-69.49],[110.75,-69.55],[107.75,-68.73],[103.75,-68.39],[100.5,-68.61],[98.5,-68.18],[98.25,-67.96],[95.25,-68.95],[91.5,-69.02],[89.75,-69.87],[88.5,-69.92],[87.5,-70.54],[85.0,-71.14],[82.84,-72.0],[77.25,-72.35],[76.0,-72.65],[75.4,-73.25],[74.5,-73.59],[73.25,-73.51],[70.5,-74.14],[67.25,-74.41],[65.75,-74.18],[63.96,-73.5],[65.62,-71.25],[65.2,-70.5],[64.48,-70.0],[64.75,-69.68],[65.44,-69.75],[64.0,-68.4],[61.75,-67.98],[57.25,-67.84],[55.75,-67.59],[55.0,-67.08],[53.5,-67.1],[53.09,-67.25],[53.64,-67.5],[53.5,-67.6],[52.21,-67.5],[50.25,-67.95],[49.91,-68.25],[47.75,-68.43],[45.5,-69.2],[44.0,-69.27],[43.25,-69.76],[42.0,-69.77],[40.25,-70.62],[37.09,-70.75],[36.25,-71.12],[35.76,-71.75],[35.25,-71.96],[34.0,-71.93],[31.25,-72.4],[25.75,-72.34],[24.5,-72.79],[18.75,-72.8],[16.96,-72.25],[17.02,-72.0],[16.75,-71.7],[15.25,-71.77],[13.5,-71.46],[12.5,-71.79],[10.25,-71.48],[8.75,-71.86],[5.75,-71.9],[0.85,-72.5],[0.0,-73.15],[-1.5,-73.19],[-3.64,-73.75],[-3.25,-74.55],[-2.44,-74.75],[-1.15,-75.75],[-1.02,-76.0],[-1.41,-76.25],[-0.37,-77.0],[-0.57,-77.5],[1.31,-77.75],[1.27,-78.0],[-3.5,-79.26],[-6.36,-79.5],[-7.5,-79.91],[-12.5,-79.66],[-17.0,-79.9],[-18.29,-80.25],[-18.59,-80.75],[-19.5,-80.93],[-21.75,-80.78],[-23.0,-80.45],[-25.25,-80.57],[-26.25,-80.39],[-27.25,-80.8],[-32.5,-80.58],[-33.38,-81.0],[-35.25,-81.01]]}},{"type":"Feature","properties":{"level":984},"geometry":{"type":"LineString","coordinates":[[-7.0,-81.0],[-8.39,-80.75],[-4.03,-80.5],[-4.7,-80.75],[-4.43,-81.0],[-7.0,-81.0]]}},{"type":"Feature","properties":{"level":984},"geometry":{"type":"LineString","coordinates":[[-21.43,-80.5],[-19.73,-80.5],[-21.43,-80.5]]}},{"type":"Feature","properties":{"level":984},"geometry":{"type":"LineString","coordinates":[[-25.53,-80.0],[-21.5,-80.01],[-20.02,-79.5],[-21.75,-79.17],[-24.0,-79.2],[-25.29,-79.5],[-25.53,-80.0]]}},{"type":"Feature","properties":{"level":984},"geometry":{"type":"LineString","coordinates":[[-44.75,-79.53],[-46.78,-79.0],[-45.25,-78.77],[-42.75,-79.5],[-44.75,-79.53]]}},{"type":"Feature","properties":{"level":984},"geometry":{"type":"LineString","coordinates":[[-4.26,-73.0],[-3.75,-73.13],[-3.21,-72.75],[-4.0,-72.73],[-4.26,-73.0]]}},{"type":"Feature","properties":{"level":984},"geometry":{"type":"LineString","coordinates":[[-180.0,-60.76],[-168.25,-57.9],[-166.25,-57.23],[-164.0,-56.11],[-160.5,-55.96],[-155.25,-56.24],[-152.75,-55.89],[-150.5,-55.1],[-148.75,-54.03],[-147.25,-51.98],[-146.42,-50.0],[-146.8,-49.0],[-147.35,-48.5],[-147.36,-48.0],[-146.5,-47.38],[-145.5,-47.36],[-144.25,-47.7],[-140.0,-47.74],[-134.5,-47.08],[-134.19,-47.0],[-134.0,-46.61],[-130.0,-47.17],[-126.75,-48.04],[-124.5,-49.0],[-117.25,-53.04],[-114.75,-53.95],[-111.65,-56.5],[-109.67,-57.75],[-104.0,-60.01],[-102.08,-61.25],[-101.55,-62.0],[-101.41,-63.0],[-102.24,-67.5],[-102.11,-69.25],[-102.37,-70.25],[-107.19,-73.75],[-108.9,-75.25],[-106.77,-76.25],[-105.32,-77.75],[-104.0,-78.41],[-103.5,-79.0],[-104.53,-79.75],[-101.25,-80.52],[-97.25,-80.65],[-96.25,-80.95],[-91.25,-81.09],[-85.5,-80.81],[-83.21,-81.25],[-83.88,-81.75],[-85.87,-82.25],[-92.0,-83.22],[-96.36,-84.25],[-95.28,-84.75],[-98.23,-85.0],[-110.58,-85.25],[-107.5,-85.75],[-112.11,-86.5],[-142.0,-87.58],[-180.0,-87.4]]}},{"type":"Feature","properties":{"level":984},"geometry":{"type":"LineString","coordinates":[[-112.25,19.32],[-112.58,20.0],[-112.0,20.34],[-111.56,19.75],[-111.75,19.39],[-112.25,19.32]]}},{"type":"Feature","properties":{"level":984},"geometry":{"type":"LineString","coordinates":[[146.0,19.5],[145.51,19.75],[145.1,20.5],[145.06,21.25],[145.35,21.75],[146.5,22.39],[147.75,22.02],[148.04,21.75],[148.15,21.0],[147.72,20.0],[147.0,19.35],[146.0,19.5]]}},{"type":"Feature","properties":{"level":984},"geometry":{"type":"LineString","coordinates":[[-171.75,22.72],[-172.12,23.0],[-172.0,23.36],[-171.75,23.38],[-171.51,23.0],[-171.75,22.72]]}},{"type":"Feature","properties":{"level":984},"geometry":{"type":"LineString","coordinates":[[180.0,52.85],[178.65,51.75],[177.0,50.92],[175.5,50.63],[173.5,50.68],[170.75,51.33],[167.75,52.71],[166.91,53.75],[166.73,54.5],[167.01,55.25],[167.7,56.0],[169.25,57.12],[170.75,57.7],[176.0,58.13],[180.0,57.8]]}},{"type":"Feature","properties":{"level":984},"geometry":{"type":"LineString","coordinates":[[-180.0,57.8],[-175.75,56.79],[-174.58,55.75],[-175.0,55.34],[-178.37,54.25],[-180.0,52.85]]}},{"type":"Feature","properties":{"level":984},"geometry":{"type":"LineString","coordinates":[[-27.25,61.68],[-30.05,63.0],[-30.76,64.0],[-30.41,65.0],[-27.75,66.26],[-25.0,66.73],[-20.5,66.03],[-18.95,65.0],[-21.5,63.64],[-23.74,62.0],[-25.75,61.53],[-27.25,61.68]]}},{"type":"Feature","properties":{"level":984},"geometry":{"type":"LineString","coordinates":[[117.0,71.74],[115.72,72.25],[115.1,72.75],[114.94,73.25],[115.75,73.82],[119.25,74.15],[121.0,73.96],[121.5,73.75],[121.88,73.25],[121.28,72.5],[120.5,72.12],[117.0,71.74]]}},{"type":"Feature","properties":{"level":988},"geometry":{"type":"LineString","coordinates":[[180.0,-87.96],[168.5,-87.64],[155.0,-86.76],[148.5,-87.04],[146.34,-86.75],[146.29,-86.5],[147.68,-85.75],[147.83,-85.25],[147.38,-84.5],[148.05,-84.0],[148.23,-83.5],[150.15,-82.75],[150.2,-82.25],[149.05,-81.75],[149.33,-81.5],[149.28,-81.0],[150.25,-80.47],[153.0,-79.86],[154.5,-80.35],[155.64,-80.25],[155.75,-79.97],[154.57,-79.5],[154.88,-79.25],[154.56,-79.0],[154.7,-78.75],[156.0,-78.37],[158.5,-78.34],[159.4,-77.5],[158.59,-77.0],[158.32,-76.5],[158.54,-76.25],[157.46,-75.75],[157.98,-75.25],[159.5,-74.72],[162.25,-74.48],[162.62,-74.25],[162.28,-73.5],[163.95,-73.0],[163.63,-72.75],[163.82,-72.5],[163.0,-72.11],[162.0,-72.0],[161.25,-72.33],[158.24,-70.75],[155.96,-70.25],[155.72,-70.0],[155.75,-69.49],[154.03,-69.25],[153.25,-68.79],[151.75,-68.48],[153.0,-68.29],[153.75,-68.59],[154.24,-68.25],[157.75,-68.18],[162.25,-67.29],[170.59,-63.25],[172.23,-62.25],[176.03,-61.0],[180.0,-60.02]]}},{"type":"Feature","properties":{"level":988},"geometry":{"type":"LineString","coordinates":[[-62.0,-83.76],[-63.0,-83.38],[-64.27,-83.25],[-64.45,-83.0],[-59.97,-81.5],[-57.0,-81.15],[-52.25,-81.21],[-46.34,-80.25],[-48.0,-80.0],[-50.64,-80.0],[-49.5,-79.68],[-48.99,-79.25],[-49.19,-79.0],[-49.11,-78.5],[-49.92,-78.0],[-50.38,-77.0],[-50.01,-76.0],[-46.58,-74.0],[-44.65,-72.5],[-43.82,-71.75],[-43.44,-70.75],[-43.0,-70.39],[-32.25,-63.8],[-23.75,-61.67],[-23.27,-60.5],[-27.35,-54.25],[-27.98,-53.0],[-28.6,-50.75],[-27.89,-50.0],[-26.79,-47.25],[-25.31,-44.5],[-22.75,-44.03],[-22.25,-43.73],[-21.25,-44.55],[-20.0,-44.66],[-10.5,-43.17],[-6.25,-43.09],[-3.0,-43.77],[1.5,-45.88],[5.5,-49.39],[6.51,-50.75],[7.34,-53.0],[7.35,-54.5],[7.0,-55.63],[5.49,-58.5],[4.01,-60.5],[3.68,-61.75],[4.86,-62.75],[6.5,-63.24],[12.75,-64.14],[17.75,-64.49],[22.0,-64.03],[24.25,-63.39],[29.75,-61.15],[34.97,-60.25],[36.95,-59.25],[37.25,-58.46],[38.25,-58.2],[40.75,-58.59],[51.5,-58.46],[57.25,-59.67],[60.25,-59.7],[62.5,-59.02],[66.93,-56.0],[69.0,-55.01],[72.25,-54.09],[78.75,-52.79],[94.0,-47.76],[98.0,-47.6],[101.5,-47.94],[104.0,-47.76],[107.5,-47.93],[111.0,-47.45],[113.0,-47.51],[115.5,-48.4],[122.75,-51.45],[127.75,-53.88],[131.12,-55.75],[134.0,-57.74],[136.75,-61.03],[139.0,-62.73],[141.5,-63.71],[145.15,-64.25],[145.52,-64.75],[142.0,-65.3],[137.75,-66.33],[136.82,-66.75],[135.5,-66.69],[134.5,-67.03],[133.0,-66.94],[131.75,-67.69],[130.0,-68.09],[125.5,-68.47],[119.5,-69.8],[112.5,-70.16],[109.08,-69.75],[106.75,-68.95],[105.0,-68.95],[103.75,-68.67],[100.75,-69.04],[98.75,-68.49],[97.5,-69.17],[94.5,-69.77],[92.0,-69.7],[90.75,-70.35],[89.0,-70.54],[84.0,-72.3],[77.25,-72.82],[76.77,-73.0],[75.75,-74.17],[74.0,-74.77],[72.0,-74.61],[67.25,-74.88],[64.75,-74.57],[63.0,-73.75],[62.6,-73.25],[64.41,-71.25],[64.04,-70.5],[62.64,-69.75],[63.19,-69.25],[62.23,-68.75],[61.0,-68.48],[59.0,-68.27],[58.5,-68.52],[55.0,-67.88],[50.0,-69.13],[49.25,-69.16],[48.75,-68.9],[46.25,-69.24],[41.0,-70.88],[37.75,-71.22],[35.25,-72.5],[31.0,-73.07],[26.75,-72.72],[24.75,-73.11],[20.5,-73.21],[18.0,-72.97],[15.25,-72.14],[11.0,-71.88],[9.5,-72.12],[5.0,-72.19],[2.53,-72.5],[2.1,-73.0],[0.0,-73.57],[-1.75,-73.7],[-2.33,-74.0],[-0.32,-74.75],[0.75,-75.5],[3.5,-76.25],[4.82,-77.25],[5.85,-78.5],[4.59,-79.75],[3.3,-80.5],[1.78,-81.0],[-1.75,-81.32],[-10.5,-81.17],[-22.25,-81.75],[-27.0,-81.61],[-37.25,-82.05],[-39.0,-82.29],[-40.5,-83.05],[-41.25,-82.82],[-43.75,-82.88],[-50.0,-82.5],[-50.75,-82.78],[-56.25,-83.08],[-58.75,-83.73],[-62.0,-83.76]]}},{"type":"Feature","properties":{"level":988},"geometry":{"type":"LineString","coordinates":[[-51.91,-82.0],[-50.0,-81.84],[-49.0,-82.04],[-48.85,-81.75],[-49.5,-81.65],[-51.91,-82.0]]}},{"type":"Feature","properties":{"level":988},"geometry":{"type":"LineString","coordinates":[[-25.95,-81.0],[-23.77,-81.0],[-25.95,-81.0]]}},{"type":"Feature","properties":{"level":988},"geometry":{"type":"LineString","coordinates":[[-81.5,-78.58],[-82.25,-77.92],[-84.85,-77.5],[-80.5,-77.57],[-78.69,-77.25],[-78.25,-76.89],[-77.28,-77.25],[-77.62,-78.0],[-79.75,-78.17],[-79.95,-78.25],[-79.7,-78.5],[-80.25,-78.69],[-81.5,-78.58]]}},{"type":"Feature","properties":{"level":988},"geometry":{"type":"LineString","coordinates":[[-76.25,-78.02],[-74.09,-78.0],[-75.25,-78.19],[-76.25,-78.02]]}},{"type":"Feature","properties":{"level":988},"geometry":{"type":"LineString","coordinates":[[-180.0,-60.02],[-173.5,-58.59],[-169.25,-57.36],[-164.75,-55.43],[-162.25,-55.21],[-156.5,-55.31],[-154.07,-54.75],[-151.44,-53.5],[-150.43,-52.5],[-149.5,-51.0],[-149.04,-49.75],[-149.06,-48.0],[-148.3,-47.25],[-147.0,-46.7],[-140.5,-46.32],[-136.5,-45.81],[-136.0,-45.36],[-129.5,-46.26],[-126.25,-47.18],[-116.25,-51.75],[-113.25,-52.46],[-112.5,-52.93],[-111.07,-54.5],[-108.5,-56.28],[-101.25,-59.92],[-100.35,-61.0],[-99.75,-62.5],[-99.6,-64.0],[-100.0,-67.5],[-99.79,-70.25],[-100.25,-71.23],[-101.19,-71.75],[-101.3,-72.0],[-100.88,-72.25],[-101.88,-73.0],[-102.4,-73.75],[-102.22,-74.0],[-103.04,-75.25],[-102.33,-75.75],[-100.71,-76.25],[-99.9,-77.5],[-98.32,-78.0],[-98.36,-78.25],[-99.14,-78.75],[-99.0,-78.92],[-94.0,-79.38],[-93.5,-80.0],[-92.75,-80.14],[-90.25,-80.1],[-87.5,-79.62],[-86.87,-79.0],[-85.5,-78.5],[-85.68,-78.0],[-85.0,-77.59],[-85.07,-78.0],[-84.23,-78.75],[-84.47,-79.0],[-83.0,-79.37],[-82.41,-79.75],[-78.56,-80.5],[-82.5,-81.24],[-82.75,-81.62],[-84.25,-82.19],[-92.92,-83.75],[-93.3,-84.25],[-92.48,-84.5],[-92.85,-84.75],[-94.76,-85.0],[-93.41,-85.25],[-93.87,-85.5],[-97.5,-85.09],[-107.81,-85.25],[-105.31,-85.5],[-105.3,-85.75],[-110.75,-86.64],[-135.5,-87.8],[-180.0,-87.96]]}},{"type":"Feature","properties":{"level":988},"geometry":{"type":"LineString","coordinates":[[146.25,18.99],[144.48,20.0],[144.69,22.0],[146.25,22.85],[147.25,22.83],[148.5,21.92],[148.55,20.75],[148.22,20.0],[147.49,19.25],[146.25,18.99]]}},{"type":"Feature","properties":{"level":988},"geometry":{"type":"LineString","coordinates":[[-112.25,19.2],[-112.63,19.5],[-112.7,20.0],[-112.5,20.33],[-112.0,20.46],[-111.65,20.25],[-111.45,19.75],[-111.75,19.26],[-112.25,19.2]]}},{"type":"Feature","properties":{"level":988},"geometry":{"type":"LineString","coordinates":[[-172.0,22.65],[-172.27,23.25],[-171.75,23.53],[-171.39,23.0],[-171.5,22.71],[-172.0,22.65]]}},{"type":"Feature","properties":{"level":988},"geometry":{"type":"LineString","coordinates":[[180.0,51.45],[177.75,50.5],[175.75,50.08],[173.5,50.04],[170.75,50.42],[168.5,51.08],[166.5,52.1],[165.23,53.25],[164.72,54.5],[165.0,55.47],[165.75,56.27],[168.0,57.61],[170.0,58.35],[175.0,58.89],[180.0,58.6]]}},{"type":"Feature","properties":{"level":988},"geometry":{"type":"LineString","coordinates":[[-180.0,58.6],[-177.25,58.05],[-174.82,57.25],[-173.1,56.0],[-172.93,55.25],[-173.04,54.75],[-176.96,53.25],[-180.0,51.45]]}},{"type":"Feature","properties":{"level":988},"geometry":{"type":"LineString","coordinates":[[-26.5,60.97],[-29.25,61.73],[-31.63,63.0],[-32.48,64.0],[-32.48,64.75],[-32.17,65.25],[-31.25,66.05],[-29.31,67.0],[-25.25,67.57],[-19.75,67.31],[-18.0,66.9],[-16.5,66.0],[-17.01,65.0],[-16.09,64.5],[-17.5,64.21],[-18.25,63.41],[-23.28,61.25],[-25.0,60.88],[-26.5,60.97]]}},{"type":"Feature","properties":{"level":988},"geometry":{"type":"LineString","coordinates":[[-59.0,66.21],[-59.51,66.5],[-59.0,66.69],[-58.39,66.5],[-58.43,66.25],[-59.0,66.21]]}},{"type":"Feature","properties":{"level":988},"geometry":{"type":"LineString","coordinates":[[114.25,71.0],[111.75,71.25],[108.95,72.0],[108.72,72.25],[109.6,72.75],[109.21,73.75],[111.25,74.55],[115.75,75.3],[123.5,74.97],[125.25,74.75],[126.54,74.25],[127.61,73.0],[127.7,72.25],[127.45,71.75],[125.75,71.15],[124.97,71.25],[125.6,71.75],[125.59,72.0],[125.0,72.07],[124.57,72.0],[125.11,71.75],[125.0,71.62],[120.0,70.85],[114.25,71.0]]}},{"type":"Feature","properties":{"level":992},"geometry":{"type":"LineString","coordinates":[[180.0,-88.12],[168.5,-87.85],[157.5,-87.27],[147.5,-87.42],[142.96,-87.0],[142.84,-86.75],[143.15,-86.5],[145.65,-85.5],[145.77,-85.25],[145.38,-84.75],[145.94,-84.25],[148.95,-82.75],[148.75,-82.44],[147.22,-81.75],[147.84,-81.5],[147.67,-81.0],[148.25,-80.5],[149.5,-80.0],[152.92,-79.5],[153.5,-78.67],[154.5,-78.29],[156.0,-78.02],[158.01,-78.25],[158.34,-78.0],[158.32,-77.25],[156.87,-76.75],[157.47,-76.0],[156.42,-75.75],[156.27,-75.5],[157.96,-74.75],[159.75,-74.35],[162.25,-74.34],[162.31,-74.0],[161.75,-73.16],[162.75,-73.28],[163.56,-73.0],[162.75,-72.37],[161.75,-72.73],[161.0,-72.62],[157.25,-71.09],[152.25,-70.08],[150.0,-68.98],[147.0,-68.74],[146.47,-68.5],[146.9,-68.25],[146.8,-68.0],[145.3,-67.75],[145.92,-67.5],[146.23,-67.0],[145.5,-66.74],[144.5,-67.13],[142.0,-66.98],[136.75,-67.3],[133.25,-67.82],[131.5,-68.57],[126.0,-68.86],[121.71,-70.0],[116.0,-70.39],[114.75,-70.7],[108.5,-69.99],[106.0,-70.01],[103.0,-69.25],[100.75,-69.32],[99.5,-69.08],[99.02,-69.5],[100.03,-70.0],[99.67,-70.25],[92.0,-70.21],[86.22,-72.5],[78.25,-73.22],[75.33,-75.0],[74.5,-75.21],[63.5,-75.0],[62.25,-74.25],[61.36,-73.25],[61.71,-72.25],[63.06,-71.5],[63.45,-70.5],[59.25,-68.96],[55.25,-68.75],[55.0,-68.28],[54.5,-68.21],[51.5,-69.37],[46.5,-69.59],[43.0,-70.96],[37.5,-71.75],[35.25,-72.89],[31.75,-73.38],[26.25,-73.33],[22.25,-73.7],[18.25,-73.25],[12.75,-72.09],[11.75,-72.38],[6.5,-72.33],[5.5,-72.71],[4.0,-72.58],[3.75,-73.07],[2.41,-73.25],[0.19,-74.25],[2.0,-75.27],[6.51,-76.75],[9.42,-78.25],[9.84,-78.75],[9.0,-79.5],[8.94,-80.0],[8.18,-80.25],[3.25,-81.15],[0.25,-81.44],[-10.5,-81.45],[-24.0,-82.15],[-28.5,-81.99],[-36.25,-82.52],[-43.0,-83.71],[-44.25,-83.32],[-49.0,-82.98],[-54.75,-83.33],[-57.25,-84.08],[-61.5,-84.29],[-72.75,-82.99],[-82.5,-82.76],[-88.75,-83.71],[-88.24,-84.0],[-89.0,-84.13],[-89.01,-84.5],[-91.28,-85.0],[-91.85,-85.5],[-96.0,-85.57],[-97.75,-85.18],[-103.24,-85.25],[-102.95,-85.5],[-103.99,-86.0],[-108.37,-86.75],[-125.84,-87.75],[-135.0,-88.06],[-180.0,-88.12]]}},{"type":"Feature","properties":{"level":992},"geometry":{"type":"LineString","coordinates":[[-67.25,-76.05],[-66.25,-75.69],[-65.61,-75.75],[-66.25,-76.1],[-67.25,-76.05]]}},{"type":"Feature","properties":{"level":992},"geometry":{"type":"LineString","coordinates":[[-180.0,-59.2],[-175.0,-58.16],[-172.0,-57.28],[-165.75,-54.78],[-158.0,-54.31],[-155.89,-53.75],[-153.5,-52.5],[-152.75,-51.82],[-149.72,-47.25],[-148.5,-46.43],[-147.0,-45.88],[-139.0,-44.51],[-138.25,-44.61],[-137.75,-44.19],[-134.5,-44.42],[-129.5,-45.23],[-126.5,-46.02],[-116.25,-49.89],[-112.5,-50.59],[-110.25,-52.11],[-105.0,-54.68],[-102.0,-56.63],[-101.0,-56.89],[-99.08,-59.25],[-97.54,-62.25],[-97.73,-66.75],[-97.53,-68.25],[-96.65,-71.0],[-97.06,-72.25],[-96.64,-72.5],[-97.73,-73.25],[-97.55,-73.75],[-95.76,-74.25],[-96.43,-75.25],[-96.25,-75.59],[-92.53,-77.25],[-91.35,-77.5],[-92.11,-78.0],[-91.5,-78.2],[-91.35,-78.75],[-90.25,-78.93],[-87.0,-78.46],[-85.75,-77.23],[-81.0,-77.12],[-79.75,-76.87],[-79.25,-76.51],[-72.25,-76.76],[-69.25,-76.24],[-67.75,-76.21],[-67.52,-76.25],[-68.7,-76.75],[-66.17,-77.0],[-66.3,-77.25],[-66.0,-77.62],[-64.7,-78.0],[-61.04,-77.5],[-58.07,-76.25],[-57.98,-75.75],[-59.0,-75.43],[-54.13,-73.75],[-50.25,-71.83],[-48.59,-70.75],[-41.96,-67.5],[-35.05,-63.25],[-33.47,-62.5],[-27.75,-60.75],[-26.86,-59.75],[-26.82,-59.25],[-29.0,-54.81],[-29.87,-52.0],[-29.72,-50.75],[-29.1,-49.0],[-28.92,-47.0],[-25.75,-44.06],[-22.5,-42.83],[-19.25,-43.09],[-10.25,-42.2],[-5.75,-42.17],[-1.84,-43.0],[1.0,-44.29],[2.1,-45.0],[6.2,-48.75],[8.0,-51.77],[8.33,-53.5],[8.19,-55.0],[7.18,-58.5],[7.19,-59.25],[6.71,-60.0],[6.85,-60.75],[7.5,-61.23],[7.53,-61.5],[9.25,-62.19],[15.0,-63.05],[18.75,-62.93],[24.25,-61.96],[29.25,-60.3],[33.0,-59.34],[36.0,-57.55],[39.5,-57.06],[43.0,-57.14],[45.25,-56.93],[46.75,-56.33],[47.0,-55.64],[47.25,-55.57],[50.5,-57.02],[54.5,-57.99],[57.5,-58.33],[60.0,-58.15],[63.5,-56.98],[67.0,-55.12],[69.5,-54.1],[73.37,-53.25],[73.75,-52.94],[74.5,-53.05],[78.25,-52.15],[93.0,-47.1],[110.0,-46.03],[112.0,-46.3],[115.25,-47.35],[127.0,-52.55],[131.91,-55.25],[136.0,-58.05],[138.25,-59.94],[142.0,-61.96],[150.0,-64.13],[153.25,-64.41],[155.25,-65.37],[157.75,-65.7],[163.75,-64.5],[166.19,-63.75],[169.0,-62.32],[171.23,-61.5],[180.0,-59.2]]}},{"type":"Feature","properties":{"level":992},"geometry":{"type":"LineString","coordinates":[[-105.5,-47.58],[-106.5,-47.05],[-107.0,-47.09],[-106.5,-46.19],[-105.5,-46.0],[-104.47,-46.5],[-104.34,-47.25],[-104.75,-47.53],[-105.5,-47.58]]}},{"type":"Feature","properties":{"level":992},"geometry":{"type":"LineString","coordinates":[[145.75,18.69],[144.13,20.0],[143.93,20.75],[144.04,21.75],[144.5,22.61],[145.5,23.31],[147.75,23.53],[148.63,22.75],[148.98,22.0],[149.03,20.5],[148.65,19.75],[147.75,18.86],[146.5,18.57],[145.75,18.69]]}},{"type":"Feature","properties":{"level":992},"geometry":{"type":"LineString","coordinates":[[-112.5,19.15],[-112.88,19.75],[-112.74,20.25],[-112.25,20.61],[-111.75,20.51],[-111.34,20.0],[-111.36,19.5],[-111.75,19.08],[-112.5,19.15]]}},{"type":"Feature","properties":{"level":992},"geometry":{"type":"LineString","coordinates":[[-172.0,22.47],[-172.41,23.25],[-172.0,23.7],[-171.51,23.5],[-171.27,23.0],[-171.5,22.52],[-172.0,22.47]]}},{"type":"Feature","properties":{"level":992},"geometry":{"type":"LineString","coordinates":[[180.0,50.38],[176.75,49.53],[174.5,49.39],[171.5,49.6],[168.75,50.17],[166.25,51.14],[164.6,52.25],[163.2,54.0],[162.91,55.25],[162.97,56.0],[164.5,57.38],[166.5,58.33],[168.75,59.06],[174.5,59.73],[180.0,59.44]]}},{"type":"Feature","properties":{"level":992},"geometry":{"type":"LineString","coordinates":[[-180.0,59.44],[-176.0,58.61],[-172.75,57.2],[-171.54,56.0],[-171.02,53.5],[-171.5,53.0],[-175.0,52.37],[-177.0,51.41],[-180.0,50.38]]}},{"type":"Feature","properties":{"level":992},"geometry":{"type":"LineString","coordinates":[[-25.5,60.24],[-30.0,61.14],[-33.45,62.5],[-34.94,64.0],[-35.13,65.75],[-34.94,66.25],[-34.11,66.75],[-34.18,67.0],[-33.5,67.53],[-32.25,68.06],[-32.0,68.38],[-31.0,68.23],[-29.96,68.5],[-29.75,68.76],[-29.0,68.47],[-23.25,68.85],[-19.5,68.5],[-17.25,68.04],[-14.6,67.0],[-13.52,66.0],[-13.75,65.35],[-15.05,64.25],[-15.7,63.25],[-16.5,62.73],[-21.25,61.04],[-24.0,60.37],[-25.5,60.24]]}},{"type":"Feature","properties":{"level":992},"geometry":{"type":"LineString","coordinates":[[-64.75,61.49],[-68.0,62.22],[-68.7,62.75],[-68.75,63.18],[-67.61,63.25],[-70.08,65.0],[-70.61,66.0],[-70.5,66.4],[-70.05,66.75],[-70.1,67.5],[-70.42,67.75],[-68.25,67.38],[-65.75,67.38],[-64.5,66.42],[-63.25,66.42],[-61.75,66.96],[-61.75,67.5],[-60.75,68.05],[-59.75,68.3],[-57.0,68.42],[-55.75,68.11],[-54.25,66.73],[-53.5,66.42],[-52.64,66.5],[-53.55,66.0],[-52.97,65.0],[-53.75,64.35],[-55.0,64.03],[-60.0,64.0],[-61.75,63.7],[-62.35,63.5],[-62.21,63.25],[-63.02,62.25],[-64.75,61.49]]}},{"type":"Feature","properties":{"level":992},"geometry":{"type":"LineString","coordinates":[[-36.0,66.31],[-36.25,66.5],[-36.07,67.0],[-35.45,67.0],[-35.11,66.75],[-35.25,66.4],[-36.0,66.31]]}},{"type":"Feature","properties":{"level":992},"geometry":{"type":"LineString","coordinates":[[117.5,69.2],[111.25,70.51],[108.0,71.46],[105.73,72.5],[105.19,73.0],[105.23,73.25],[105.83,74.0],[109.85,75.25],[109.5,75.51],[114.0,76.16],[117.5,76.28],[122.0,76.06],[126.75,75.42],[129.8,74.5],[131.19,73.5],[131.0,72.28],[129.66,71.25],[129.5,70.74],[128.25,70.64],[126.25,69.89],[123.25,69.28],[120.0,69.03],[117.5,69.2]]}},{"type":"Feature","properties":{"level":996},"geometry":{"type":"LineString","coordinates":[[180.0,-88.26],[158.25,-87.72],[145.0,-87.69],[141.0,-87.53],[139.69,-87.25],[139.63,-86.75],[139.98,-86.5],[142.93,-85.5],[143.02,-85.25],[142.37,-84.75],[145.03,-84.0],[145.39,-83.75],[145.32,-83.5],[147.03,-82.75],[144.98,-81.75],[145.43,-81.5],[145.12,-81.0],[151.0,-79.25],[153.01,-78.25],[156.61,-77.5],[154.9,-75.75],[156.0,-74.84],[159.25,-73.94],[160.75,-74.31],[162.12,-74.25],[161.76,-73.5],[161.37,-73.25],[159.0,-72.61],[157.25,-71.7],[151.5,-70.57],[147.89,-69.25],[146.0,-68.9],[144.75,-68.38],[143.25,-68.25],[143.53,-67.75],[143.25,-67.62],[141.25,-67.41],[134.25,-68.09],[131.75,-68.96],[126.5,-69.35],[123.25,-70.2],[120.71,-70.5],[119.0,-71.05],[114.75,-71.08],[110.75,-70.68],[108.75,-70.99],[105.0,-69.99],[101.5,-69.65],[100.74,-69.75],[101.37,-70.5],[100.75,-70.83],[97.75,-70.86],[92.75,-70.5],[92.0,-70.73],[91.25,-71.42],[86.5,-72.99],[79.5,-73.43],[75.25,-75.55],[65.75,-75.61],[61.44,-75.0],[61.08,-74.75],[60.32,-73.0],[59.68,-72.25],[62.0,-71.21],[62.82,-70.5],[58.0,-69.14],[54.25,-68.99],[52.17,-69.5],[51.0,-70.04],[49.75,-70.22],[48.75,-69.75],[48.0,-69.71],[43.25,-71.37],[38.0,-72.03],[35.5,-73.18],[32.25,-73.68],[23.0,-74.02],[15.0,-72.78],[6.75,-72.57],[2.32,-74.25],[2.18,-74.75],[3.25,-75.29],[12.0,-78.0],[12.75,-78.37],[12.95,-78.75],[11.88,-79.5],[9.0,-80.34],[4.49,-81.25],[0.5,-81.62],[-10.25,-81.71],[-16.5,-82.31],[-32.25,-83.03],[-43.5,-84.32],[-47.43,-84.0],[-47.94,-83.5],[-50.5,-83.35],[-54.04,-83.5],[-56.3,-84.25],[-56.36,-84.5],[-66.25,-84.92],[-72.0,-84.77],[-73.46,-84.5],[-73.22,-84.25],[-73.5,-84.19],[-75.74,-84.0],[-85.0,-84.19],[-86.28,-84.75],[-87.75,-85.0],[-88.16,-85.25],[-88.01,-85.5],[-94.0,-85.74],[-99.25,-85.47],[-99.53,-85.5],[-98.76,-86.0],[-101.0,-85.95],[-100.34,-86.25],[-100.47,-86.5],[-101.69,-86.75],[-122.89,-88.0],[-136.0,-88.25],[-180.0,-88.26]]}},{"type":"Feature","properties":{"level":996},"geometry":{"type":"LineString","coordinates":[[-68.9,-84.25],[-67.22,-84.25],[-68.5,-84.09],[-68.9,-84.25]]}},{"type":"Feature","properties":{"level":996},"geometry":{"type":"LineString","coordinates":[[157.12,-78.0],[157.82,-78.0],[157.25,-77.65],[156.75,-77.65],[157.12,-78.0]]}},{"type":"Feature","properties":{"level":996},"geometry":{"type":"LineString","coordinates":[[162.1,-73.0],[163.2,-73.0],[162.75,-72.59],[162.19,-72.75],[162.1,-73.0]]}},{"type":"Feature","properties":{"level":996},"geometry":{"type":"LineString","coordinates":[[-180.0,-58.41],[-174.25,-57.03],[-171.25,-56.0],[-167.75,-54.33],[-164.25,-53.8],[-161.0,-53.64],[-158.12,-53.0],[-155.77,-51.75],[-154.47,-50.5],[-151.87,-47.25],[-150.0,-45.91],[-147.25,-44.81],[-139.75,-43.11],[-134.25,-43.37],[-128.25,-44.37],[-120.75,-46.7],[-117.5,-47.39],[-116.75,-47.35],[-115.25,-46.53],[-113.0,-47.85],[-110.75,-48.56],[-109.65,-48.0],[-107.39,-44.75],[-106.5,-44.16],[-105.75,-44.03],[-104.5,-44.75],[-103.01,-46.5],[-102.97,-47.25],[-103.6,-48.25],[-103.54,-49.25],[-102.17,-51.75],[-98.25,-56.78],[-97.0,-57.76],[-95.87,-59.25],[-95.43,-60.75],[-95.48,-65.75],[-95.18,-67.25],[-93.43,-70.25],[-91.75,-71.75],[-90.82,-72.25],[-90.42,-73.0],[-92.14,-73.75],[-90.98,-74.0],[-90.66,-74.25],[-90.81,-74.75],[-89.5,-75.42],[-85.5,-75.26],[-82.5,-75.73],[-79.25,-75.44],[-77.0,-75.98],[-73.25,-76.24],[-67.75,-75.8],[-64.5,-74.33],[-63.0,-74.19],[-61.73,-73.75],[-61.56,-73.25],[-61.03,-73.0],[-62.0,-72.53],[-62.04,-72.25],[-61.0,-72.19],[-60.5,-72.51],[-60.25,-72.14],[-59.17,-72.25],[-59.61,-71.75],[-58.75,-71.9],[-58.75,-71.5],[-56.19,-71.0],[-52.75,-69.52],[-49.75,-68.62],[-43.25,-65.9],[-37.03,-62.5],[-30.63,-59.75],[-30.05,-59.0],[-30.01,-58.5],[-31.05,-55.0],[-31.38,-53.0],[-31.1,-48.75],[-31.44,-47.75],[-28.7,-45.0],[-27.35,-44.0],[-25.5,-42.98],[-22.75,-41.89],[-17.75,-41.85],[-13.5,-41.35],[-6.0,-41.11],[-2.5,-41.67],[0.75,-42.91],[5.5,-46.72],[8.33,-50.5],[9.08,-52.5],[9.35,-54.25],[9.13,-56.0],[9.34,-57.5],[9.2,-59.25],[9.5,-59.89],[10.0,-60.42],[11.75,-61.23],[16.75,-61.89],[19.0,-61.7],[27.0,-59.88],[34.56,-57.0],[37.21,-56.25],[44.0,-55.74],[47.0,-54.56],[48.75,-54.87],[52.25,-56.35],[54.5,-56.92],[56.75,-57.22],[59.25,-57.04],[61.68,-56.5],[68.0,-53.89],[70.08,-53.25],[80.79,-50.5],[91.5,-46.56],[95.25,-45.98],[99.0,-45.85],[107.0,-44.94],[112.0,-45.38],[117.25,-47.16],[122.75,-49.54],[130.0,-53.09],[140.75,-59.62],[145.93,-61.5],[151.0,-62.65],[155.25,-62.87],[165.02,-61.75],[180.0,-58.41]]}},{"type":"Feature","properties":{"level":996},"geometry":{"type":"LineString","coordinates":[[-82.0,-50.26],[-83.25,-50.06],[-85.4,-49.25],[-86.25,-48.21],[-86.19,-47.25],[-84.0,-45.56],[-82.75,-44.96],[-81.25,-44.6],[-79.25,-44.57],[-77.5,-44.9],[-76.0,-45.36],[-75.26,-46.0],[-75.1,-47.25],[-76.5,-48.65],[-79.75,-50.01],[-82.0,-50.26]]}},{"type":"Feature","properties":{"level":996},"geometry":{"type":"LineString","coordinates":[[-75.25,-49.81],[-75.59,-48.75],[-75.0,-48.38],[-74.5,-48.65],[-74.53,-48.25],[-73.99,-48.25],[-74.22,-48.75],[-73.94,-49.25],[-74.75,-49.86],[-75.25,-49.81]]}},{"type":"Feature","properties":{"level":996},"geometry":{"type":"LineString","coordinates":[[-67.25,-49.54],[-67.5,-49.2],[-67.78,-49.25],[-67.55,-48.5],[-66.96,-47.75],[-67.25,-47.35],[-68.16,-47.5],[-68.0,-48.0],[-69.75,-47.86],[-71.0,-48.08],[-71.33,-48.0],[-71.06,-47.5],[-71.41,-47.25],[-70.7,-46.75],[-70.75,-46.37],[-69.5,-46.29],[-67.5,-46.54],[-67.0,-47.0],[-65.75,-47.05],[-64.85,-47.5],[-64.96,-48.0],[-66.25,-48.7],[-66.09,-49.25],[-66.36,-49.5],[-67.25,-49.54]]}},{"type":"Feature","properties":{"level":996},"geometry":{"type":"LineString","coordinates":[[-62.75,-23.01],[-63.0,-22.57],[-63.51,-22.75],[-63.7,-22.0],[-63.25,-21.92],[-62.75,-22.31],[-62.75,-23.01]]}},{"type":"Feature","properties":{"level":996},"geometry":{"type":"LineString","coordinates":[[-63.25,-18.91],[-63.47,-18.75],[-63.25,-18.47],[-63.09,-18.75],[-63.25,-18.91]]}},{"type":"Feature","properties":{"level":996},"geometry":{"type":"LineString","coordinates":[[145.25,18.21],[144.25,18.8],[143.32,20.0],[143.07,21.0],[143.36,22.25],[143.78,23.0],[144.75,23.8],[146.5,24.29],[148.0,23.99],[149.25,23.03],[149.78,22.25],[149.67,20.0],[148.97,19.0],[148.0,18.32],[147.0,18.06],[145.25,18.21]]}},{"type":"Feature","properties":{"level":996},"geometry":{"type":"LineString","coordinates":[[-112.5,18.85],[-112.95,19.25],[-113.1,20.0],[-112.5,20.72],[-111.75,20.75],[-111.19,20.25],[-111.14,19.5],[-111.75,18.84],[-112.5,18.85]]}},{"type":"Feature","properties":{"level":996},"geometry":{"type":"LineString","coordinates":[[-172.0,22.24],[-172.49,22.75],[-172.58,23.25],[-172.0,23.85],[-171.28,23.5],[-171.08,23.0],[-171.31,22.5],[-172.0,22.24]]}},{"type":"Feature","properties":{"level":996},"geometry":{"type":"LineString","coordinates":[[148.0,24.01],[147.93,24.25],[148.13,24.25],[148.0,24.01]]}},{"type":"Feature","properties":{"level":996},"geometry":{"type":"LineString","coordinates":[[180.0,49.42],[175.0,48.63],[170.5,48.9],[161.12,51.25],[159.75,52.09],[159.02,52.25],[158.86,53.0],[159.83,54.25],[161.13,55.25],[161.36,56.5],[161.78,56.75],[161.85,57.5],[163.25,58.79],[166.75,59.85],[170.0,60.41],[174.75,60.83],[180.0,60.53]]}},{"type":"Feature","properties":{"level":996},"geometry":{"type":"LineString","coordinates":[[-152.75,53.75],[-153.75,53.99],[-154.31,54.5],[-154.25,55.25],[-153.6,56.75],[-153.0,56.79],[-152.0,57.54],[-150.75,57.86],[-150.0,57.87],[-148.91,57.5],[-148.94,56.25],[-149.93,54.75],[-151.4,54.0],[-152.75,53.75]]}},{"type":"Feature","properties":{"level":996},"geometry":{"type":"LineString","coordinates":[[-63.5,58.73],[-64.0,59.12],[-67.32,60.0],[-72.6,63.25],[-76.11,64.25],[-77.19,65.25],[-79.4,66.5],[-80.23,67.5],[-80.59,68.5],[-80.47,69.5],[-80.13,70.0],[-79.25,70.51],[-74.75,70.29],[-71.75,69.45],[-71.0,69.76],[-68.75,69.6],[-68.06,70.0],[-68.32,70.75],[-71.5,71.66],[-72.25,72.26],[-74.0,72.67],[-75.75,73.5],[-77.03,74.5],[-76.89,75.5],[-75.11,76.5],[-75.48,76.75],[-75.25,76.9],[-71.25,77.16],[-71.0,76.83],[-69.16,76.5],[-68.25,76.08],[-61.25,75.75],[-60.5,75.32],[-58.75,75.15],[-57.25,74.71],[-55.0,73.3],[-52.5,73.92],[-51.25,74.51],[-49.75,74.72],[-48.2,74.0],[-48.18,73.75],[-48.84,73.25],[-48.85,73.0],[-47.89,72.75],[-47.6,72.25],[-48.11,71.0],[-47.98,70.75],[-45.05,68.25],[-43.09,66.0],[-46.0,66.67],[-46.14,66.75],[-45.72,67.25],[-47.25,67.49],[-47.69,68.25],[-49.29,68.25],[-48.51,68.0],[-49.02,67.5],[-49.16,66.5],[-49.69,66.0],[-50.0,64.34],[-51.0,64.36],[-54.5,62.66],[-58.75,61.36],[-62.0,59.14],[-63.5,58.73]]}},{"type":"Feature","properties":{"level":996},"geometry":{"type":"LineString","coordinates":[[-26.75,59.75],[-30.0,60.18],[-32.25,60.76],[-37.25,62.83],[-38.75,63.22],[-42.0,62.99],[-42.25,63.19],[-43.41,62.75],[-42.5,61.57],[-42.0,61.68],[-41.65,61.5],[-42.5,61.17],[-43.39,61.75],[-43.62,62.75],[-42.87,64.0],[-42.0,64.65],[-41.75,65.14],[-40.82,65.5],[-39.06,66.75],[-38.0,66.76],[-37.25,67.18],[-36.0,67.27],[-34.5,67.86],[-34.27,68.0],[-34.4,68.25],[-33.85,68.5],[-33.75,69.03],[-29.75,69.17],[-29.5,69.0],[-29.0,69.38],[-27.5,69.27],[-25.53,69.5],[-26.06,70.25],[-25.3,70.75],[-25.5,71.11],[-25.25,71.28],[-25.0,70.88],[-24.75,71.23],[-23.5,71.09],[-23.31,71.25],[-23.42,71.75],[-23.75,71.78],[-24.0,72.17],[-24.11,72.0],[-23.79,71.75],[-24.69,71.5],[-24.75,71.29],[-24.89,71.5],[-25.5,71.41],[-25.75,71.68],[-26.51,71.75],[-25.25,71.83],[-24.25,72.21],[-24.78,72.5],[-24.0,72.83],[-23.5,72.47],[-23.25,72.77],[-22.14,73.0],[-22.15,73.25],[-21.75,73.41],[-18.75,74.06],[-15.75,75.79],[-14.89,76.5],[-14.92,77.0],[-15.59,77.75],[-15.31,78.75],[-15.0,79.05],[-6.94,81.5],[-7.07,81.75],[-9.5,82.18],[-10.16,82.5],[-9.36,83.0],[-3.25,84.29],[1.75,84.6],[7.25,84.61],[8.42,84.5],[8.64,84.25],[5.21,83.25],[7.19,82.75],[12.25,82.4],[13.21,82.0],[11.52,81.25],[8.56,78.75],[7.64,77.5],[5.61,76.5],[-3.25,74.3],[-10.25,74.02],[-10.75,73.34],[-11.34,73.0],[-13.99,72.5],[-15.64,71.75],[-16.26,71.0],[-16.04,70.0],[-15.19,69.25],[-12.6,68.0],[-11.59,67.25],[-11.15,66.25],[-11.38,65.5],[-14.32,62.75],[-16.25,61.69],[-22.25,59.96],[-24.75,59.66],[-26.75,59.75]]}},{"type":"Feature","properties":{"level":996},"geometry":{"type":"LineString","coordinates":[[-180.0,60.53],[-175.25,59.47],[-172.12,58.25],[-170.4,57.0],[-169.81,56.25],[-169.4,54.0],[-169.94,51.75],[-170.75,50.95],[-171.25,50.82],[-173.25,51.1],[-174.5,50.91],[-177.25,49.99],[-180.0,49.42]]}},{"type":"Feature","properties":{"level":996},"geometry":{"type":"LineString","coordinates":[[149.0,64.21],[146.97,65.0],[148.0,64.91],[149.29,65.25],[149.53,66.25],[148.3,67.0],[150.21,67.75],[149.69,68.5],[149.96,69.0],[150.75,69.3],[153.0,69.4],[154.75,68.93],[155.72,68.25],[155.9,67.75],[155.25,67.3],[153.59,66.75],[153.25,65.94],[152.5,66.23],[152.25,66.06],[152.08,65.75],[152.55,65.0],[151.0,64.37],[150.25,64.65],[149.75,64.3],[149.0,64.21]]}},{"type":"Feature","properties":{"level":996},"geometry":{"type":"LineString","coordinates":[[118.0,67.99],[114.0,68.4],[105.25,71.44],[101.94,73.25],[101.07,74.75],[102.5,75.22],[104.25,75.28],[108.39,76.0],[108.83,76.25],[106.63,76.5],[108.5,76.98],[113.75,77.4],[118.75,77.41],[125.5,76.91],[129.5,76.3],[133.32,75.25],[134.71,74.5],[135.33,73.75],[135.4,73.25],[133.01,71.0],[130.25,69.52],[129.52,69.5],[129.63,69.75],[129.25,69.91],[124.0,68.37],[118.0,67.99]]}},{"type":"Feature","properties":{"level":996},"geometry":{"type":"LineString","coordinates":[[-24.3,70.0],[-23.9,70.25],[-24.25,70.29],[-24.3,70.0]]}},{"type":"Feature","properties":{"level":996},"geometry":{"type":"LineString","coordinates":[[150.25,72.08],[148.73,73.0],[143.83,74.75],[143.45,75.0],[143.51,75.25],[141.18,77.0],[139.8,77.5],[140.25,77.7],[144.5,76.83],[149.39,75.25],[150.84,74.25],[151.32,73.5],[151.22,72.5],[150.75,72.08],[150.25,72.08]]}},{"type":"Feature","properties":{"level":996},"geometry":{"type":"LineString","coordinates":[[-71.0,77.19],[-71.15,77.25],[-70.75,77.25],[-71.0,77.19]]}},{"type":"Feature","properties":{"level":1000},"geometry":{"type":"LineString","coordinates":[[180.0,-88.37],[142.91,-88.0],[137.75,-87.75],[136.6,-87.5],[136.3,-87.25],[136.67,-86.75],[139.72,-85.5],[139.38,-85.0],[143.22,-84.0],[143.07,-83.75],[141.97,-83.5],[144.27,-83.0],[142.15,-82.25],[142.86,-81.5],[142.69,-81.0],[146.5,-80.0],[151.75,-78.2],[155.02,-77.5],[155.11,-77.25],[154.59,-76.5],[153.55,-75.5],[154.81,-74.5],[159.25,-73.34],[160.5,-74.14],[161.79,-74.0],[161.0,-73.28],[159.5,-73.11],[155.71,-71.75],[152.33,-71.5],[144.75,-69.08],[142.25,-68.78],[140.0,-67.92],[134.5,-68.35],[133.5,-69.01],[127.0,-69.77],[123.0,-70.69],[121.65,-71.25],[119.75,-71.55],[110.25,-71.84],[107.0,-70.97],[107.0,-71.39],[104.5,-71.09],[103.43,-70.75],[103.25,-70.29],[102.75,-70.25],[102.54,-70.25],[102.91,-70.75],[101.75,-71.27],[93.75,-71.18],[93.5,-71.25],[94.83,-72.0],[87.0,-73.37],[82.5,-73.59],[79.75,-74.01],[78.0,-74.61],[75.75,-75.77],[67.0,-76.15],[60.75,-75.5],[59.39,-75.0],[59.02,-74.75],[59.54,-74.25],[59.52,-74.0],[58.88,-73.25],[58.91,-72.75],[58.44,-72.0],[61.84,-70.5],[60.75,-70.18],[55.5,-69.88],[53.0,-70.01],[43.0,-71.86],[38.5,-72.33],[36.73,-73.25],[34.5,-73.75],[28.75,-74.29],[22.25,-74.1],[13.75,-72.94],[7.0,-72.92],[5.0,-74.09],[3.71,-74.5],[3.67,-75.0],[7.5,-76.19],[14.21,-77.75],[14.92,-78.0],[15.09,-78.25],[14.96,-78.5],[10.75,-80.16],[5.5,-81.45],[0.25,-81.93],[-6.0,-81.84],[-14.37,-82.75],[-17.75,-83.5],[-21.75,-83.85],[-27.0,-83.83],[-34.5,-84.43],[-50.25,-84.83],[-58.5,-85.36],[-60.52,-85.25],[-59.33,-85.0],[-60.0,-84.94],[-70.0,-85.19],[-78.0,-84.94],[-79.52,-85.25],[-77.82,-85.75],[-86.23,-86.5],[-77.78,-86.75],[-104.5,-87.46],[-111.34,-88.0],[-136.5,-88.37],[-180.0,-88.37]]}},{"type":"Feature","properties":{"level":1000},"geometry":{"type":"LineString","coordinates":[[-75.0,-86.51],[-68.25,-86.08],[-63.97,-85.5],[-60.71,-85.5],[-66.0,-86.32],[-72.0,-86.62],[-75.0,-86.51]]}},{"type":"Feature","properties":{"level":1000},"geometry":{"type":"LineString","coordinates":[[-53.6,-84.0],[-51.86,-84.0],[-52.25,-83.83],[-53.6,-84.0]]}},{"type":"Feature","properties":{"level":1000},"geometry":{"type":"LineString","coordinates":[[-58.0,-64.82],[-59.15,-64.25],[-59.04,-64.0],[-56.83,-64.0],[-57.25,-64.76],[-58.0,-64.82]]}},{"type":"Feature","properties":{"level":1000},"geometry":{"type":"LineString","coordinates":[[-180.0,-57.5],[-173.74,-55.75],[-169.25,-53.74],[-163.5,-52.95],[-159.63,-52.0],[-156.75,-50.05],[-155.66,-49.0],[-154.16,-46.75],[-152.56,-45.25],[-149.75,-44.16],[-143.07,-42.25],[-143.0,-41.98],[-137.75,-41.96],[-133.25,-42.28],[-129.25,-42.86],[-122.0,-44.7],[-120.25,-44.95],[-117.5,-44.72],[-116.5,-43.95],[-113.25,-45.03],[-111.5,-45.11],[-110.5,-44.81],[-108.5,-43.61],[-107.0,-43.01],[-104.75,-42.81],[-103.73,-43.25],[-102.12,-45.0],[-101.61,-46.0],[-101.12,-48.25],[-100.28,-50.0],[-97.5,-53.61],[-96.25,-54.43],[-95.0,-54.65],[-94.0,-54.29],[-92.32,-55.25],[-92.02,-56.75],[-92.42,-60.25],[-93.08,-63.25],[-92.86,-66.25],[-91.18,-68.75],[-90.06,-69.75],[-87.5,-71.24],[-85.49,-72.0],[-84.19,-73.0],[-84.5,-73.25],[-86.24,-73.5],[-86.62,-73.75],[-86.41,-74.0],[-84.75,-74.58],[-79.25,-74.48],[-75.5,-75.27],[-70.25,-75.31],[-69.5,-75.51],[-67.0,-75.0],[-65.5,-74.15],[-64.25,-73.96],[-62.72,-73.0],[-62.54,-72.5],[-63.08,-72.25],[-62.18,-71.5],[-63.03,-70.75],[-62.76,-70.25],[-63.0,-69.59],[-64.61,-68.75],[-64.78,-68.25],[-64.25,-67.91],[-59.25,-66.77],[-51.5,-66.18],[-49.25,-65.7],[-39.66,-62.0],[-35.56,-60.0],[-34.05,-59.0],[-33.23,-57.75],[-33.32,-53.25],[-32.69,-48.5],[-32.71,-47.25],[-30.06,-44.5],[-28.0,-43.15],[-23.75,-41.03],[-13.0,-40.14],[-4.5,-40.06],[-2.5,-40.4],[1.25,-41.78],[5.0,-45.11],[9.12,-50.0],[10.19,-52.75],[11.18,-57.75],[11.66,-58.75],[12.73,-59.5],[13.75,-59.86],[16.75,-60.39],[18.75,-60.52],[21.0,-60.19],[37.5,-55.16],[43.75,-54.56],[47.0,-53.6],[48.25,-53.76],[54.5,-55.78],[56.75,-56.11],[59.5,-55.88],[62.02,-55.25],[70.0,-52.53],[79.75,-49.82],[89.25,-46.18],[94.0,-45.21],[106.25,-43.9],[111.75,-44.4],[117.75,-46.34],[129.0,-51.35],[141.25,-58.31],[146.25,-60.04],[151.75,-61.28],[154.75,-61.56],[159.75,-61.31],[168.5,-59.93],[171.0,-59.25],[180.0,-57.5]]}},{"type":"Feature","properties":{"level":1000},"geometry":{"type":"LineString","coordinates":[[-84.75,-52.76],[-87.25,-52.18],[-89.0,-51.07],[-89.33,-49.25],[-89.21,-48.25],[-88.32,-46.75],[-86.81,-45.5],[-84.75,-44.39],[-82.5,-43.68],[-79.75,-43.27],[-76.25,-43.45],[-73.74,-44.25],[-73.33,-45.5],[-73.0,-45.68],[-72.25,-45.23],[-71.4,-44.25],[-71.51,-44.0],[-71.06,-42.75],[-70.11,-42.25],[-70.39,-42.0],[-69.0,-42.18],[-67.25,-42.0],[-66.5,-42.42],[-65.5,-42.34],[-65.58,-43.0],[-64.6,-43.0],[-64.56,-43.5],[-63.5,-44.11],[-60.23,-44.25],[-59.75,-44.67],[-58.92,-46.25],[-59.11,-47.5],[-60.0,-48.52],[-64.34,-51.0],[-66.25,-51.78],[-67.75,-51.93],[-69.2,-51.75],[-71.25,-51.29],[-71.5,-50.67],[-72.75,-50.64],[-73.48,-51.0],[-74.0,-52.6],[-79.0,-52.47],[-83.0,-52.85],[-84.75,-52.76]]}},{"type":"Feature","properties":{"level":1000},"geometry":{"type":"LineString","coordinates":[[-66.5,-28.56],[-67.5,-28.13],[-66.5,-28.0],[-66.5,-28.56]]}},{"type":"Feature","properties":{"level":1000},"geometry":{"type":"LineString","coordinates":[[-63.0,-27.58],[-63.75,-27.25],[-64.0,-26.42],[-64.35,-26.75],[-64.09,-26.0],[-64.25,-25.66],[-64.75,-25.53],[-64.75,-24.76],[-65.25,-24.94],[-65.5,-25.51],[-65.63,-25.25],[-65.35,-24.0],[-64.74,-23.25],[-65.01,-22.75],[-64.82,-21.5],[-64.54,-21.25],[-64.73,-20.5],[-64.45,-19.5],[-64.75,-18.85],[-65.25,-18.85],[-65.61,-18.25],[-65.25,-17.94],[-64.73,-18.0],[-64.7,-18.25],[-64.0,-18.63],[-63.5,-18.02],[-63.0,-18.03],[-60.5,-19.09],[-59.75,-19.71],[-59.04,-19.75],[-58.89,-20.0],[-58.88,-21.0],[-59.44,-23.75],[-59.32,-24.25],[-60.08,-24.5],[-59.85,-25.0],[-60.28,-25.75],[-61.75,-25.97],[-61.75,-26.86],[-62.34,-27.0],[-62.5,-27.62],[-63.0,-27.58]]}},{"type":"Feature","properties":{"level":1000},"geometry":{"type":"LineString","coordinates":[[146.5,16.98],[143.15,17.5],[141.71,19.5],[141.57,21.5],[142.17,23.25],[143.25,24.2],[145.25,25.19],[147.75,24.98],[149.25,24.45],[150.23,23.25],[150.68,22.25],[150.61,20.25],[149.75,18.44],[148.5,17.26],[147.25,16.92],[146.5,16.98]]}},{"type":"Feature","properties":{"level":1000},"geometry":{"type":"LineString","coordinates":[[-112.5,18.41],[-113.35,19.0],[-113.53,20.25],[-112.85,21.0],[-111.75,21.17],[-110.89,20.5],[-110.71,19.5],[-111.25,18.68],[-112.5,18.41]]}},{"type":"Feature","properties":{"level":1000},"geometry":{"type":"LineString","coordinates":[[-172.5,22.22],[-172.87,23.0],[-172.57,23.75],[-171.75,24.01],[-171.15,23.75],[-170.81,23.25],[-170.93,22.5],[-171.75,22.04],[-172.5,22.22]]}},{"type":"Feature","properties":{"level":1000},"geometry":{"type":"LineString","coordinates":[[150.25,23.91],[150.1,24.0],[150.25,23.91]]}},{"type":"Feature","properties":{"level":1000},"geometry":{"type":"LineString","coordinates":[[180.0,48.35],[175.25,47.74],[172.25,47.63],[164.25,48.65],[159.75,50.16],[158.11,51.25],[157.74,51.75],[158.06,52.5],[157.56,53.5],[158.07,54.0],[157.78,54.5],[157.96,55.25],[158.31,55.5],[157.75,56.34],[155.75,56.47],[154.5,57.6],[152.75,58.3],[151.25,58.23],[148.5,57.44],[146.75,57.27],[143.95,57.75],[142.0,58.57],[141.7,59.0],[142.1,59.5],[141.73,60.0],[142.07,61.25],[143.0,62.1],[144.0,61.9],[144.75,62.17],[144.93,62.5],[144.75,63.01],[144.12,63.5],[143.75,64.47],[142.25,65.11],[141.48,66.0],[142.75,66.05],[143.25,66.58],[145.7,67.0],[145.26,68.0],[145.76,69.5],[145.62,69.75],[145.2,70.25],[143.25,70.96],[141.5,71.25],[139.17,71.25],[133.75,69.84],[133.25,69.12],[130.75,68.1],[129.25,68.79],[122.5,67.03],[118.75,66.75],[115.25,66.96],[110.08,68.0],[105.25,70.38],[101.05,72.0],[97.26,74.25],[97.6,74.5],[97.51,74.75],[96.66,75.5],[96.47,76.25],[97.11,77.25],[100.39,78.75],[103.0,78.64],[107.25,79.53],[117.5,80.37],[122.75,80.51],[128.5,80.26],[135.25,79.73],[142.5,78.8],[148.78,77.5],[153.25,76.18],[156.01,74.75],[157.5,72.98],[158.75,72.01],[164.25,70.24],[165.13,69.75],[162.23,69.25],[162.52,68.5],[163.7,67.75],[163.0,67.03],[161.44,67.0],[160.93,66.75],[160.82,66.25],[160.3,66.0],[160.81,65.75],[159.75,65.85],[159.5,65.4],[159.0,65.58],[157.91,65.25],[157.69,64.75],[156.75,64.13],[155.72,64.0],[155.7,63.5],[155.26,62.75],[154.75,62.65],[154.15,62.0],[154.75,61.68],[155.0,61.0],[155.98,61.75],[155.75,62.02],[156.13,62.0],[156.25,61.65],[157.75,61.97],[160.25,61.83],[161.25,61.37],[163.75,62.34],[164.08,62.25],[164.25,61.66],[165.23,61.5],[165.5,61.19],[166.06,61.25],[167.0,61.83],[168.5,62.13],[169.0,61.81],[172.0,61.56],[176.0,62.02],[180.0,61.73]]}},{"type":"Feature","properties":{"level":1000},"geometry":{"type":"LineString","coordinates":[[-153.0,52.49],[-154.75,53.18],[-156.18,54.75],[-156.1,55.75],[-154.7,57.25],[-153.0,57.46],[-151.75,58.45],[-149.5,58.78],[-147.23,58.5],[-146.04,57.75],[-145.66,57.25],[-145.58,56.5],[-147.75,54.03],[-150.5,52.79],[-153.0,52.49]]}},{"type":"Feature","properties":{"level":1000},"geometry":{"type":"LineString","coordinates":[[-63.25,57.74],[-67.75,58.62],[-70.0,59.33],[-74.32,61.5],[-81.41,63.75],[-82.24,64.25],[-82.74,65.0],[-84.78,66.25],[-86.25,67.86],[-87.66,68.75],[-89.21,70.25],[-89.44,70.75],[-89.27,72.75],[-88.7,73.25],[-90.08,74.25],[-88.75,74.77],[-87.25,74.64],[-85.0,74.91],[-84.44,75.5],[-87.79,75.75],[-88.22,76.0],[-88.25,76.26],[-88.0,76.39],[-85.75,76.79],[-85.0,76.54],[-82.5,76.38],[-79.25,76.93],[-78.98,77.25],[-79.19,77.5],[-80.5,77.53],[-81.2,78.0],[-80.68,78.75],[-80.25,78.92],[-79.0,78.82],[-79.01,78.5],[-78.75,78.43],[-77.5,78.67],[-75.75,78.39],[-72.5,78.57],[-71.85,78.25],[-70.0,78.03],[-64.75,78.43],[-64.38,78.25],[-64.89,78.0],[-64.63,77.75],[-63.43,77.25],[-63.62,76.75],[-58.5,76.26],[-57.0,76.32],[-50.75,75.49],[-48.25,75.87],[-46.0,75.85],[-45.46,75.5],[-45.39,74.25],[-46.15,73.5],[-44.86,72.75],[-44.93,72.25],[-45.38,71.75],[-45.31,71.25],[-45.66,70.5],[-44.25,69.21],[-42.64,66.5],[-42.25,66.12],[-41.5,65.97],[-40.99,66.5],[-39.5,67.11],[-36.48,67.5],[-34.6,68.5],[-34.66,68.75],[-34.35,69.0],[-34.49,69.25],[-34.25,69.38],[-33.0,69.61],[-31.5,69.42],[-30.67,69.75],[-30.82,70.0],[-30.43,70.75],[-29.84,71.25],[-29.87,72.0],[-28.25,72.62],[-26.75,72.09],[-26.12,72.25],[-26.81,72.75],[-26.8,73.0],[-26.0,73.88],[-25.0,74.34],[-23.85,74.5],[-23.79,74.75],[-22.58,75.25],[-22.5,75.54],[-21.27,75.75],[-21.29,76.0],[-23.76,76.5],[-23.75,77.04],[-24.14,77.75],[-23.07,78.0],[-23.25,78.32],[-22.71,78.5],[-24.36,78.75],[-27.07,79.75],[-27.39,80.25],[-28.19,80.5],[-27.0,80.62],[-26.69,80.5],[-27.15,80.25],[-26.5,79.98],[-24.53,80.25],[-24.96,80.5],[-23.69,80.75],[-23.83,81.0],[-22.77,81.25],[-22.54,81.75],[-23.78,82.5],[-23.13,82.75],[-23.54,83.0],[-23.35,83.25],[-22.5,83.77],[-20.63,84.25],[-15.0,84.92],[-6.5,85.4],[13.25,85.62],[23.5,85.29],[30.88,84.75],[35.43,84.0],[37.23,83.25],[36.49,83.0],[31.56,82.5],[29.74,81.25],[30.74,80.5],[30.5,80.3],[27.23,79.25],[27.03,79.0],[23.25,78.26],[21.0,78.36],[20.36,78.0],[18.5,77.64],[18.0,77.85],[15.75,77.71],[14.6,77.25],[14.54,76.75],[14.0,76.45],[3.25,72.0],[-4.75,70.26],[-6.5,69.57],[-7.11,69.25],[-7.64,68.5],[-7.8,67.75],[-9.13,65.25],[-12.96,62.25],[-16.09,60.75],[-20.0,59.58],[-23.25,59.02],[-28.75,58.99],[-32.25,59.39],[-37.5,60.41],[-38.75,60.33],[-42.0,59.54],[-43.5,59.61],[-44.21,60.0],[-44.01,60.5],[-44.43,61.25],[-44.11,62.0],[-44.25,62.75],[-44.05,63.5],[-46.5,64.75],[-47.25,64.86],[-47.53,64.75],[-47.92,63.75],[-48.5,63.21],[-50.5,62.87],[-51.0,62.08],[-52.81,60.75],[-52.98,60.25],[-52.77,59.75],[-53.75,59.3],[-62.0,57.71],[-63.25,57.74]]}},{"type":"Feature","properties":{"level":1000},"geometry":{"type":"LineString","coordinates":[[151.18,59.0],[151.48,59.0],[151.18,59.0]]}},{"type":"Feature","properties":{"level":1000},"geometry":{"type":"LineString","coordinates":[[152.67,59.0],[153.56,59.5],[153.64,59.75],[153.25,60.27],[153.75,60.42],[154.67,61.25],[153.75,61.27],[153.25,61.67],[153.0,61.1],[152.13,61.0],[152.44,60.25],[152.3,59.5],[152.67,59.0]]}},{"type":"Feature","properties":{"level":1000},"geometry":{"type":"LineString","coordinates":[[-180.0,61.73],[-173.5,60.34],[-169.0,58.28],[-166.74,56.25],[-166.45,54.0],[-167.05,53.5],[-167.06,52.75],[-168.0,50.93],[-169.75,49.46],[-171.0,49.21],[-174.0,49.36],[-180.0,48.35]]}},{"type":"Feature","properties":{"level":1000},"geometry":{"type":"LineString","coordinates":[[157.47,65.0],[157.68,65.0],[157.47,65.0]]}},{"type":"Feature","properties":{"level":1000},"geometry":{"type":"LineString","coordinates":[[161.75,66.43],[161.52,66.5],[162.0,66.65],[162.44,66.5],[161.75,66.43]]}},{"type":"Feature","properties":{"level":1000},"geometry":{"type":"LineString","coordinates":[[7.5,69.5],[6.62,70.25],[6.67,71.25],[8.23,71.75],[9.5,71.73],[9.79,70.75],[9.27,70.25],[9.82,69.5],[8.75,69.32],[7.5,69.5]]}},{"type":"Feature","properties":{"level":1000},"geometry":{"type":"LineString","coordinates":[[-88.51,73.5],[-88.2,73.5],[-88.51,73.5]]}},{"type":"Feature","properties":{"level":1000},"geometry":{"type":"LineString","coordinates":[[-87.42,73.5],[-87.0,73.35],[-86.29,73.75],[-87.42,73.5]]}},{"type":"Feature","properties":{"level":1000},"geometry":{"type":"LineString","coordinates":[[-81.64,75.5],[-80.44,75.5],[-81.72,75.75],[-81.64,75.5]]}},{"type":"Feature","properties":{"level":1000},"geometry":{"type":"LineString","coordinates":[[75.75,75.98],[69.0,77.89],[59.51,79.75],[57.12,80.75],[59.25,80.77],[59.01,80.5],[64.0,80.28],[68.75,79.28],[75.57,77.25],[76.31,76.75],[76.69,76.0],[75.75,75.98]]}},{"type":"Feature","properties":{"level":1000},"geometry":{"type":"LineString","coordinates":[[-80.68,78.0],[-80.0,77.85],[-79.56,78.25],[-80.0,78.43],[-80.68,78.0]]}},{"type":"Feature","properties":{"level":1000},"geometry":{"type":"LineString","coordinates":[[-20.18,80.75],[-17.6,81.0],[-18.0,81.26],[-20.96,81.25],[-20.25,81.06],[-20.18,80.75]]}},{"type":"Feature","properties":{"level":1000},"geometry":{"type":"LineString","coordinates":[[-22.54,81.0],[-21.44,81.0],[-22.54,81.0]]}},{"type":"Feature","properties":{"level":1000},"geometry":{"type":"LineString","coordinates":[[-30.75,82.48],[-30.84,82.75],[-30.25,82.81],[-28.01,82.5],[-30.75,82.48]]}},{"type":"Feature","properties":{"level":1004},"geometry":{"type":"LineString","coordinates":[[180.0,-88.47],[145.5,-88.27],[134.37,-87.75],[133.77,-87.25],[136.7,-85.75],[137.37,-85.0],[140.7,-84.0],[139.25,-83.42],[136.87,-83.0],[136.78,-82.75],[138.13,-82.25],[138.18,-81.75],[139.29,-81.5],[139.85,-81.0],[141.32,-80.5],[145.75,-79.61],[153.39,-77.25],[153.48,-76.75],[152.78,-76.25],[152.32,-75.25],[152.98,-74.5],[154.65,-73.5],[152.0,-72.29],[148.25,-71.2],[143.81,-69.5],[141.25,-69.09],[139.5,-68.49],[137.0,-68.36],[134.75,-68.55],[134.25,-69.0],[133.25,-69.35],[127.63,-70.0],[124.78,-70.75],[123.91,-71.25],[121.25,-71.82],[117.5,-71.93],[109.5,-72.63],[107.5,-72.25],[105.5,-71.41],[103.75,-71.16],[101.75,-71.43],[96.25,-71.54],[95.84,-71.75],[99.5,-72.44],[104.8,-72.5],[96.25,-72.48],[93.0,-72.71],[88.65,-73.5],[83.0,-73.87],[80.0,-74.36],[76.25,-75.99],[66.0,-76.83],[65.0,-76.77],[64.0,-76.21],[63.04,-76.0],[60.0,-75.85],[58.05,-75.0],[57.86,-74.75],[58.09,-74.25],[57.5,-73.36],[57.63,-72.75],[57.38,-72.0],[58.02,-70.75],[57.25,-70.62],[53.14,-70.75],[50.5,-71.44],[46.25,-71.73],[39.0,-72.86],[37.75,-73.4],[35.5,-73.91],[29.5,-74.5],[23.5,-74.35],[13.75,-73.16],[7.93,-73.25],[7.25,-73.41],[4.64,-75.0],[6.0,-75.59],[15.29,-77.5],[16.0,-77.8],[16.06,-78.25],[15.0,-78.92],[12.24,-80.0],[11.15,-80.75],[11.25,-81.0],[10.75,-81.17],[-0.25,-82.75],[-22.0,-84.45],[-37.25,-85.31],[-43.75,-85.26],[-55.0,-85.65],[-64.75,-86.68],[-76.5,-87.31],[-100.0,-88.02],[-138.0,-88.49],[-180.0,-88.47]]}},{"type":"Feature","properties":{"level":1004},"geometry":{"type":"LineString","coordinates":[[109.0,-74.01],[107.97,-73.75],[109.25,-73.49],[110.34,-73.75],[109.0,-74.01]]}},{"type":"Feature","properties":{"level":1004},"geometry":{"type":"LineString","coordinates":[[160.53,-74.0],[161.28,-74.0],[161.29,-73.75],[161.0,-73.47],[160.5,-73.57],[160.2,-73.75],[160.53,-74.0]]}},{"type":"Feature","properties":{"level":1004},"geometry":{"type":"LineString","coordinates":[[-180.0,-56.36],[-176.5,-55.34],[-171.0,-53.22],[-163.25,-51.78],[-161.1,-51.0],[-159.75,-50.11],[-158.03,-48.5],[-155.09,-44.5],[-152.75,-43.4],[-145.5,-40.86],[-140.25,-40.63],[-134.5,-40.88],[-129.75,-41.33],[-122.0,-42.62],[-120.75,-42.55],[-118.31,-41.5],[-117.0,-41.24],[-114.0,-42.08],[-111.5,-42.17],[-105.0,-40.16],[-103.75,-40.63],[-101.99,-42.25],[-100.39,-44.5],[-98.83,-47.25],[-96.96,-49.0],[-96.69,-49.5],[-95.75,-49.95],[-94.75,-49.9],[-93.75,-49.39],[-89.54,-45.75],[-87.61,-44.5],[-85.25,-43.31],[-83.0,-42.55],[-79.5,-41.95],[-76.5,-41.88],[-73.75,-42.25],[-72.75,-42.87],[-72.5,-43.33],[-71.22,-42.25],[-71.29,-41.25],[-70.86,-41.0],[-71.0,-40.43],[-67.5,-41.01],[-67.22,-41.0],[-67.31,-40.75],[-66.5,-40.54],[-62.24,-40.5],[-62.0,-41.01],[-61.25,-41.49],[-59.25,-41.59],[-58.5,-41.84],[-57.17,-43.25],[-56.57,-44.5],[-56.4,-45.25],[-56.69,-47.0],[-57.14,-47.75],[-58.59,-49.0],[-62.5,-51.54],[-65.0,-52.72],[-69.0,-53.58],[-71.0,-53.51],[-71.5,-53.74],[-71.53,-54.0],[-71.08,-54.5],[-70.75,-54.41],[-70.0,-54.85],[-69.0,-54.91],[-68.49,-55.5],[-70.25,-56.58],[-72.75,-57.05],[-74.03,-56.75],[-74.25,-56.32],[-77.75,-56.73],[-81.5,-56.47],[-83.0,-56.72],[-84.25,-57.22],[-87.26,-58.75],[-88.25,-59.59],[-89.75,-61.75],[-90.28,-63.0],[-90.18,-65.0],[-89.82,-66.25],[-89.41,-66.75],[-88.32,-67.75],[-85.29,-69.75],[-80.05,-72.0],[-79.42,-72.75],[-80.17,-73.25],[-79.5,-73.89],[-77.5,-74.44],[-69.25,-74.92],[-67.25,-74.59],[-66.0,-73.86],[-64.5,-73.68],[-63.52,-72.75],[-63.41,-72.5],[-63.74,-72.0],[-63.18,-71.25],[-63.25,-71.0],[-63.88,-70.5],[-63.75,-70.0],[-65.54,-68.75],[-65.84,-68.0],[-65.63,-67.0],[-63.14,-65.75],[-62.25,-64.88],[-60.83,-64.5],[-60.34,-63.75],[-60.0,-63.97],[-59.15,-63.75],[-58.79,-63.5],[-58.92,-63.25],[-57.25,-62.85],[-51.0,-62.53],[-43.5,-60.75],[-38.63,-58.75],[-37.54,-58.0],[-36.5,-56.97],[-35.55,-55.5],[-35.48,-55.0],[-37.06,-53.75],[-35.34,-50.75],[-33.83,-47.0],[-31.12,-43.75],[-29.02,-42.25],[-24.75,-40.17],[-13.5,-38.86],[-5.25,-38.68],[-2.0,-39.16],[0.25,-40.21],[4.0,-43.01],[9.57,-49.0],[10.5,-50.56],[11.75,-54.49],[13.65,-57.5],[15.25,-58.48],[16.75,-58.8],[17.75,-58.64],[18.75,-59.03],[21.0,-58.96],[23.0,-58.53],[27.25,-57.01],[37.0,-54.21],[43.5,-53.49],[46.5,-52.69],[47.75,-52.75],[54.75,-54.73],[57.5,-54.88],[61.25,-54.39],[78.11,-49.25],[87.45,-45.75],[92.0,-44.58],[101.5,-43.22],[107.75,-42.9],[109.5,-43.01],[113.25,-43.75],[118.0,-45.29],[129.0,-49.92],[138.25,-55.19],[141.9,-57.0],[147.04,-58.75],[150.75,-59.66],[156.25,-60.12],[161.25,-59.76],[166.25,-59.14],[169.0,-58.39],[180.0,-56.36]]}},{"type":"Feature","properties":{"level":1004},"geometry":{"type":"LineString","coordinates":[[-66.5,-33.02],[-66.87,-32.75],[-66.83,-31.75],[-66.27,-31.0],[-66.5,-30.58],[-67.25,-31.03],[-67.18,-30.75],[-67.6,-30.5],[-67.44,-29.75],[-67.68,-29.5],[-67.55,-29.0],[-67.83,-27.25],[-67.54,-27.25],[-67.5,-27.72],[-67.0,-27.21],[-66.66,-27.25],[-66.82,-27.5],[-66.07,-27.75],[-66.17,-28.5],[-66.0,-28.65],[-65.85,-28.5],[-65.75,-27.25],[-65.33,-26.75],[-65.4,-26.0],[-65.5,-25.74],[-65.88,-26.75],[-66.5,-27.09],[-66.04,-26.25],[-66.43,-25.25],[-65.75,-24.66],[-65.5,-23.91],[-64.91,-23.25],[-65.21,-22.75],[-65.12,-22.0],[-65.5,-22.1],[-65.89,-21.75],[-65.25,-20.81],[-64.91,-20.75],[-64.96,-20.25],[-65.54,-18.75],[-66.48,-17.5],[-65.94,-17.5],[-65.75,-17.85],[-64.08,-17.75],[-65.61,-17.0],[-67.0,-15.3],[-67.75,-15.15],[-68.0,-14.43],[-67.75,-13.43],[-66.69,-13.75],[-66.64,-13.0],[-66.92,-12.25],[-66.75,-12.12],[-65.5,-13.62],[-65.23,-13.5],[-65.0,-12.63],[-64.5,-13.07],[-63.5,-12.23],[-60.93,-13.5],[-61.1,-13.75],[-60.88,-14.5],[-60.25,-14.89],[-60.0,-14.4],[-59.25,-15.2],[-59.22,-15.5],[-59.63,-15.5],[-59.5,-16.11],[-59.05,-16.0],[-59.0,-15.64],[-58.75,-15.78],[-58.0,-16.76],[-57.25,-17.25],[-57.0,-17.86],[-56.71,-17.75],[-56.6,-18.75],[-57.01,-19.25],[-56.55,-20.0],[-56.75,-20.17],[-57.0,-20.0],[-57.16,-21.75],[-56.68,-22.5],[-56.75,-23.34],[-56.0,-23.06],[-55.75,-23.2],[-55.61,-24.75],[-56.33,-25.75],[-54.81,-27.75],[-54.69,-28.25],[-55.0,-28.72],[-55.25,-28.69],[-56.0,-28.11],[-57.0,-27.91],[-57.25,-27.96],[-57.5,-28.58],[-57.75,-28.0],[-57.51,-27.5],[-58.25,-27.38],[-58.75,-26.89],[-59.0,-27.16],[-59.5,-26.95],[-60.59,-27.75],[-60.67,-28.5],[-61.0,-29.0],[-60.92,-29.75],[-61.5,-30.51],[-61.75,-30.61],[-62.75,-30.08],[-63.25,-30.27],[-63.75,-29.53],[-64.37,-30.75],[-65.0,-31.17],[-65.25,-31.07],[-65.5,-31.55],[-65.83,-31.5],[-66.0,-32.02],[-66.25,-32.01],[-66.57,-32.5],[-66.5,-33.02]]}},{"type":"Feature","properties":{"level":1004},"geometry":{"type":"LineString","coordinates":[[-58.5,-29.54],[-59.0,-29.3],[-59.06,-29.0],[-58.5,-29.05],[-58.22,-29.5],[-58.5,-29.54]]}},{"type":"Feature","properties":{"level":1004},"geometry":{"type":"LineString","coordinates":[[-59.38,-17.25],[-59.14,-17.25],[-59.25,-17.08],[-59.38,-17.25]]}},{"type":"Feature","properties":{"level":1004},"geometry":{"type":"LineString","coordinates":[[-60.3,-17.0],[-60.25,-17.21],[-60.3,-17.0]]}},{"type":"Feature","properties":{"level":1004},"geometry":{"type":"LineString","coordinates":[[-62.27,-16.75],[-61.5,-16.91],[-60.69,-16.75],[-62.22,-15.0],[-63.25,-14.67],[-63.5,-15.26],[-63.84,-14.75],[-63.76,-14.5],[-64.1,-14.25],[-64.38,-14.75],[-64.01,-15.5],[-62.27,-16.75]]}},{"type":"Feature","properties":{"level":1004},"geometry":{"type":"LineString","coordinates":[[-57.5,-16.93],[-57.5,-16.73],[-57.5,-16.93]]}},{"type":"Feature","properties":{"level":1004},"geometry":{"type":"LineString","coordinates":[[-63.39,-14.25],[-63.25,-14.34],[-63.07,-14.0],[-63.25,-13.61],[-63.59,-13.75],[-63.39,-14.25]]}},{"type":"Feature","properties":{"level":1004},"geometry":{"type":"LineString","coordinates":[[-62.4,-13.75],[-62.0,-13.78],[-62.0,-13.47],[-62.5,-13.31],[-62.4,-13.75]]}},{"type":"Feature","properties":{"level":1004},"geometry":{"type":"LineString","coordinates":[[144.0,14.99],[142.0,15.24],[140.25,16.21],[139.11,17.75],[138.51,19.5],[138.55,21.25],[139.75,24.05],[141.5,25.75],[143.25,26.6],[144.75,26.99],[146.5,26.82],[150.25,25.38],[152.05,23.0],[152.14,22.25],[151.9,19.75],[150.86,17.5],[149.75,16.45],[147.75,15.26],[145.75,14.88],[144.0,14.99]]}},{"type":"Feature","properties":{"level":1004},"geometry":{"type":"LineString","coordinates":[[-112.75,17.24],[-113.75,17.7],[-114.5,18.7],[-114.68,19.5],[-114.48,20.75],[-114.25,21.25],[-112.75,22.18],[-111.0,22.02],[-110.34,21.5],[-109.87,20.75],[-109.81,18.75],[-110.27,18.0],[-111.0,17.45],[-112.75,17.24]]}},{"type":"Feature","properties":{"level":1004},"geometry":{"type":"LineString","coordinates":[[-172.0,21.42],[-172.76,21.75],[-173.54,23.0],[-172.97,24.0],[-172.25,24.34],[-171.5,24.36],[-170.31,23.5],[-170.16,22.5],[-170.75,21.58],[-171.5,21.33],[-172.0,21.42]]}},{"type":"Feature","properties":{"level":1004},"geometry":{"type":"LineString","coordinates":[[180.0,47.2],[172.0,46.57],[163.57,47.5],[160.5,48.58],[157.0,50.53],[156.52,51.25],[156.67,51.75],[155.0,53.31],[153.5,54.13],[152.5,54.25],[150.25,55.12],[143.5,56.34],[140.5,57.65],[139.73,59.5],[139.25,60.0],[139.25,60.45],[140.0,60.61],[139.93,61.25],[140.7,61.75],[140.55,62.0],[141.0,62.1],[141.25,61.81],[141.72,62.0],[141.64,62.5],[141.25,62.86],[140.75,62.57],[140.38,62.75],[142.25,63.43],[142.52,64.0],[141.54,64.5],[141.03,65.75],[140.36,66.25],[140.5,66.5],[140.18,66.75],[139.83,67.75],[140.0,68.11],[140.39,68.25],[139.15,68.5],[139.84,69.0],[139.25,69.6],[136.77,69.5],[136.15,69.25],[136.26,69.0],[135.72,68.75],[135.9,68.5],[135.47,68.25],[131.25,66.74],[130.0,66.72],[129.5,66.95],[129.0,67.69],[128.5,67.8],[124.0,66.02],[115.0,65.25],[111.5,66.07],[105.75,67.98],[103.1,69.5],[100.81,70.5],[100.5,70.91],[95.15,73.0],[94.13,73.5],[93.91,73.75],[94.02,74.0],[91.0,75.17],[89.0,75.16],[86.5,74.8],[85.75,74.51],[85.3,74.0],[82.75,73.28],[79.5,72.93],[77.25,72.95],[65.5,75.45],[63.87,76.0],[65.69,76.5],[65.25,76.68],[59.0,77.49],[52.41,78.75],[47.5,79.15],[40.5,78.93],[37.75,78.47],[34.25,78.24],[27.25,77.17],[21.75,75.75],[19.5,74.39],[16.5,73.43],[15.5,72.86],[14.23,71.75],[14.2,71.25],[13.41,70.75],[13.86,69.75],[13.76,69.25],[12.45,68.25],[10.0,67.85],[3.5,68.82],[1.25,68.62],[-1.25,68.06],[-3.75,67.07],[-5.15,66.25],[-7.62,64.25],[-13.25,60.89],[-15.75,59.84],[-21.0,58.43],[-23.5,58.04],[-30.5,57.58],[-34.25,57.82],[-37.0,57.59],[-39.5,56.98],[-40.6,57.0],[-41.0,56.47],[-41.5,56.68],[-43.25,56.46],[-43.56,56.5],[-42.86,56.75],[-43.25,56.92],[-45.75,56.81],[-47.0,57.23],[-51.5,56.86],[-56.75,57.15],[-62.5,56.45],[-65.0,57.14],[-67.75,57.4],[-73.18,58.75],[-81.5,61.41],[-85.44,63.25],[-86.77,64.5],[-89.75,66.31],[-90.51,67.0],[-91.0,67.83],[-91.75,68.08],[-94.0,70.19],[-94.57,71.25],[-96.1,72.5],[-95.94,73.75],[-96.37,74.5],[-96.36,75.25],[-97.22,76.0],[-96.49,76.75],[-95.43,77.0],[-96.58,77.5],[-97.31,78.5],[-96.73,78.75],[-97.24,79.25],[-97.11,79.5],[-94.5,80.01],[-90.25,79.93],[-88.5,79.39],[-87.25,79.54],[-85.73,80.25],[-87.75,80.46],[-87.75,80.75],[-84.82,81.0],[-85.58,81.5],[-79.25,81.61],[-77.25,81.18],[-76.0,81.17],[-74.5,80.72],[-73.99,80.75],[-74.52,81.0],[-74.25,81.13],[-72.68,81.5],[-73.81,81.75],[-67.5,82.27],[-61.25,82.05],[-59.06,81.25],[-56.75,81.24],[-55.75,81.12],[-55.0,80.61],[-51.0,80.38],[-50.79,80.25],[-52.0,80.09],[-53.5,79.37],[-57.5,79.03],[-58.51,78.75],[-58.94,78.0],[-60.16,77.5],[-59.5,77.23],[-55.75,77.09],[-51.0,76.57],[-45.25,76.37],[-42.25,75.44],[-38.88,75.75],[-38.76,75.5],[-39.75,74.98],[-42.75,75.05],[-44.09,74.75],[-43.5,73.66],[-42.45,73.0],[-43.09,72.5],[-43.2,71.75],[-43.68,71.0],[-43.19,70.0],[-43.27,69.25],[-42.95,67.5],[-42.25,66.93],[-41.0,67.76],[-39.25,68.2],[-36.04,68.25],[-35.61,68.5],[-35.89,68.75],[-35.46,69.5],[-32.25,70.12],[-31.31,70.5],[-30.59,71.25],[-30.95,72.0],[-28.57,73.5],[-28.42,74.0],[-28.91,74.25],[-27.74,74.75],[-25.27,75.25],[-25.14,75.5],[-25.65,76.25],[-25.37,76.75],[-26.38,77.0],[-26.39,77.25],[-27.25,78.0],[-29.55,78.5],[-29.91,79.0],[-31.23,79.75],[-31.62,80.25],[-32.51,80.5],[-41.25,81.17],[-42.0,80.7],[-43.5,80.65],[-48.37,81.25],[-43.99,81.5],[-44.0,82.03],[-45.0,82.35],[-46.5,82.09],[-46.72,82.25],[-46.24,82.5],[-46.5,82.53],[-47.8,82.25],[-47.25,81.75],[-47.5,81.73],[-48.82,81.75],[-50.25,82.35],[-50.58,82.25],[-50.5,81.99],[-54.0,81.83],[-57.25,82.13],[-58.16,82.5],[-56.5,83.08],[-52.0,83.71],[-28.5,85.86],[-9.75,86.53],[11.25,86.71],[31.5,86.26],[46.5,85.12],[51.3,84.5],[70.25,81.29],[81.5,78.57],[84.75,78.06],[90.25,79.49],[94.5,79.98],[97.75,80.09],[101.69,80.75],[108.5,81.35],[118.75,81.8],[130.0,81.62],[142.5,80.37],[152.7,78.75],[158.36,77.5],[160.6,76.25],[162.25,75.62],[163.85,74.0],[165.34,73.25],[168.25,72.45],[174.6,71.25],[178.31,69.75],[178.12,69.5],[176.5,69.45],[173.61,68.75],[173.6,68.5],[172.33,67.5],[171.63,66.25],[171.7,66.0],[173.07,65.5],[173.25,65.14],[174.0,65.47],[174.5,64.94],[175.63,64.75],[175.22,64.5],[175.25,64.17],[176.75,64.43],[180.0,63.55]]}},{"type":"Feature","properties":{"level":1004},"geometry":{"type":"LineString","coordinates":[[-47.25,51.24],[-46.85,51.25],[-47.25,51.24]]}},{"type":"Feature","properties":{"level":1004},"geometry":{"type":"LineString","coordinates":[[-46.5,51.1],[-46.64,52.0],[-46.3,52.25],[-44.48,52.0],[-44.75,51.66],[-45.25,51.93],[-45.88,51.25],[-46.5,51.1]]}},{"type":"Feature","properties":{"level":1004},"geometry":{"type":"LineString","coordinates":[[-161.64,55.0],[-161.48,55.0],[-161.64,55.0]]}},{"type":"Feature","properties":{"level":1004},"geometry":{"type":"LineString","coordinates":[[-162.08,55.25],[-162.0,55.03],[-161.65,55.25],[-162.08,55.25]]}},{"type":"Feature","properties":{"level":1004},"geometry":{"type":"LineString","coordinates":[[-160.88,55.25],[-160.46,55.25],[-161.29,55.5],[-161.0,55.5],[-160.88,55.25]]}},{"type":"Feature","properties":{"level":1004},"geometry":{"type":"LineString","coordinates":[[-159.79,56.0],[-159.61,56.0],[-159.79,56.0]]}},{"type":"Feature","properties":{"level":1004},"geometry":{"type":"LineString","coordinates":[[-180.0,63.55],[-170.0,60.92],[-166.68,59.75],[-164.75,58.51],[-163.0,57.76],[-158.75,57.55],[-157.75,57.8],[-156.5,58.65],[-154.75,58.21],[-151.25,59.32],[-147.0,59.32],[-143.64,58.5],[-142.94,58.0],[-142.57,57.25],[-142.83,53.25],[-143.5,52.13],[-144.8,51.0],[-145.75,50.55],[-148.5,50.71],[-150.25,49.9],[-153.25,49.22],[-153.75,49.54],[-155.5,49.78],[-157.75,49.57],[-159.5,50.06],[-161.75,49.93],[-163.25,50.24],[-164.25,50.16],[-167.0,49.28],[-168.5,48.17],[-170.0,47.45],[-171.25,47.41],[-174.25,47.87],[-180.0,47.2]]}},{"type":"Feature","properties":{"level":1004},"geometry":{"type":"LineString","coordinates":[[136.75,68.91],[136.61,69.0],[137.51,69.0],[136.75,68.91]]}},{"type":"Feature","properties":{"level":1004},"geometry":{"type":"LineString","coordinates":[[63.0,75.74],[63.54,75.75],[63.0,75.74]]}},{"type":"Feature","properties":{"level":1004},"geometry":{"type":"LineString","coordinates":[[-76.09,80.5],[-74.95,80.5],[-75.0,80.66],[-76.09,80.5]]}},{"type":"Feature","properties":{"level":1004},"geometry":{"type":"LineString","coordinates":[[-77.25,81.68],[-77.39,81.75],[-74.89,81.75],[-77.25,81.68]]}},{"type":"Feature","properties":{"level":1008},"geometry":{"type":"LineString","coordinates":[[180.0,-88.58],[147.0,-88.43],[135.75,-88.13],[132.15,-87.75],[131.78,-87.5],[131.86,-87.25],[134.39,-85.75],[134.72,-85.25],[134.58,-85.0],[136.12,-84.5],[136.29,-84.25],[134.83,-83.75],[134.9,-83.5],[133.65,-83.0],[133.62,-82.75],[135.51,-82.25],[135.36,-81.75],[135.79,-81.5],[138.81,-80.5],[145.0,-79.26],[152.08,-77.0],[150.55,-75.25],[151.6,-74.0],[151.14,-73.5],[151.25,-73.16],[149.0,-72.72],[147.3,-72.0],[147.68,-71.75],[147.5,-71.6],[143.0,-69.95],[139.0,-68.85],[136.75,-68.5],[135.0,-68.69],[133.59,-69.5],[132.0,-69.69],[130.0,-70.3],[127.25,-70.47],[123.44,-71.75],[122.65,-72.25],[123.5,-72.41],[126.5,-72.23],[127.5,-72.08],[127.64,-71.75],[128.0,-71.66],[129.75,-71.52],[130.67,-71.75],[131.03,-72.25],[131.94,-72.5],[130.55,-73.0],[126.04,-73.0],[118.75,-72.56],[113.0,-72.85],[112.16,-73.0],[113.88,-74.25],[112.77,-75.0],[112.25,-75.01],[108.5,-74.56],[105.25,-73.47],[102.25,-72.9],[94.5,-72.91],[81.48,-74.5],[77.25,-76.14],[75.5,-76.43],[65.75,-77.38],[64.25,-77.15],[63.84,-76.75],[63.0,-76.49],[59.5,-76.18],[55.66,-74.75],[55.93,-74.25],[55.56,-74.0],[56.18,-73.25],[56.36,-72.0],[56.33,-71.75],[55.25,-71.38],[40.0,-73.32],[36.75,-74.05],[29.75,-74.71],[24.25,-74.71],[19.0,-73.94],[15.75,-73.82],[14.0,-73.51],[9.0,-73.64],[7.25,-74.2],[5.62,-75.0],[5.58,-75.25],[16.45,-77.5],[16.89,-78.0],[16.5,-78.49],[14.49,-79.75],[14.17,-80.25],[15.76,-80.75],[19.7,-81.25],[20.16,-81.5],[20.01,-81.75],[8.0,-81.93],[5.5,-82.69],[2.75,-83.12],[-14.0,-84.46],[-22.5,-85.42],[-28.0,-85.37],[-54.5,-86.62],[-66.25,-87.5],[-93.5,-88.19],[-139.25,-88.59],[-180.0,-88.58]]}},{"type":"Feature","properties":{"level":1008},"geometry":{"type":"LineString","coordinates":[[100.93,-71.75],[102.89,-71.75],[100.93,-71.75]]}},{"type":"Feature","properties":{"level":1008},"geometry":{"type":"LineString","coordinates":[[-180.0,-54.93],[-173.25,-52.73],[-166.75,-51.4],[-163.5,-50.22],[-161.21,-48.75],[-159.46,-46.75],[-157.75,-43.87],[-155.35,-42.5],[-151.0,-40.51],[-149.25,-40.0],[-149.49,-39.75],[-143.0,-39.31],[-134.25,-39.36],[-127.75,-39.76],[-125.25,-40.28],[-123.0,-40.42],[-121.5,-40.15],[-118.25,-38.87],[-115.0,-39.25],[-112.75,-39.06],[-110.5,-38.42],[-108.59,-37.5],[-107.5,-36.58],[-106.95,-35.75],[-104.75,-34.31],[-104.7,-34.0],[-103.5,-32.76],[-102.5,-32.51],[-101.5,-32.71],[-100.75,-33.14],[-100.48,-33.75],[-100.63,-34.75],[-101.59,-36.5],[-101.31,-37.5],[-101.69,-37.75],[-100.65,-41.0],[-97.99,-44.0],[-96.0,-45.44],[-94.5,-45.7],[-93.5,-45.47],[-87.25,-42.6],[-84.0,-41.38],[-81.75,-40.82],[-76.5,-40.44],[-74.0,-40.9],[-73.5,-40.81],[-72.75,-41.3],[-72.46,-41.25],[-72.15,-41.75],[-72.19,-41.5],[-70.72,-39.0],[-70.75,-38.5],[-70.46,-38.25],[-70.04,-36.75],[-69.11,-36.25],[-69.75,-35.25],[-69.07,-33.75],[-69.26,-33.5],[-69.06,-33.0],[-69.67,-32.0],[-69.44,-30.25],[-69.25,-29.85],[-68.92,-29.75],[-68.9,-29.25],[-68.51,-29.0],[-68.62,-28.75],[-68.0,-27.88],[-67.85,-27.0],[-67.25,-27.39],[-66.77,-26.5],[-66.5,-26.57],[-66.21,-26.25],[-66.75,-25.57],[-67.39,-25.25],[-67.25,-24.95],[-67.0,-25.16],[-66.5,-25.05],[-66.12,-24.25],[-65.75,-24.17],[-65.75,-23.7],[-66.0,-23.88],[-66.29,-23.75],[-66.0,-23.25],[-65.69,-23.25],[-66.0,-23.25],[-66.35,-21.75],[-65.81,-20.5],[-66.07,-20.0],[-65.66,-19.75],[-65.81,-19.0],[-67.25,-16.78],[-67.5,-16.66],[-67.75,-17.17],[-68.12,-16.75],[-67.63,-16.5],[-68.11,-15.75],[-68.5,-15.45],[-68.75,-15.74],[-68.91,-15.5],[-68.65,-15.25],[-68.92,-14.5],[-68.64,-14.0],[-69.0,-14.09],[-69.25,-13.65],[-71.33,-13.0],[-72.0,-12.03],[-72.5,-11.92],[-73.0,-12.22],[-73.5,-11.41],[-74.0,-11.25],[-73.85,-11.0],[-74.16,-10.0],[-74.75,-9.06],[-74.92,-9.25],[-74.71,-10.25],[-75.25,-10.14],[-75.58,-7.25],[-75.25,-6.78],[-75.0,-7.09],[-74.5,-7.09],[-73.59,-7.75],[-73.5,-8.23],[-73.25,-7.2],[-73.0,-7.25],[-73.0,-6.94],[-72.75,-7.11],[-72.5,-6.62],[-71.5,-7.17],[-70.75,-6.75],[-70.5,-7.09],[-70.0,-7.15],[-70.37,-6.75],[-69.75,-6.51],[-69.0,-7.16],[-68.75,-7.07],[-69.3,-6.5],[-68.59,-6.25],[-69.75,-5.07],[-70.5,-5.38],[-70.38,-4.75],[-70.98,-4.25],[-70.99,-3.75],[-70.5,-3.41],[-70.25,-2.85],[-70.0,-2.99],[-69.75,-2.65],[-68.5,-2.3],[-67.66,-1.5],[-67.5,-0.94],[-66.4,-0.25],[-66.4,0.25],[-66.0,0.16],[-65.25,0.49],[-65.43,0.75],[-65.03,1.25],[-65.84,2.5],[-65.37,2.75],[-65.79,3.0],[-65.5,3.09],[-65.25,3.65],[-63.75,2.09],[-63.25,2.05],[-62.4,2.5],[-62.75,3.87],[-63.0,3.89],[-63.25,3.46],[-64.24,3.5],[-63.78,4.5],[-63.5,3.99],[-63.22,4.5],[-63.75,5.15],[-64.0,5.01],[-64.33,5.25],[-64.25,5.39],[-62.5,5.17],[-61.5,4.44],[-60.0,4.7],[-59.72,4.5],[-59.99,4.25],[-59.5,4.05],[-59.09,4.25],[-58.98,5.0],[-59.5,5.81],[-57.5,5.84],[-56.75,5.52],[-55.5,5.69],[-55.0,5.14],[-54.5,5.56],[-53.75,5.52],[-53.25,5.0],[-52.75,5.02],[-52.25,4.51],[-51.5,4.24],[-51.18,2.5],[-50.24,1.5],[-50.68,0.25],[-49.92,-0.25],[-48.95,-0.5],[-48.5,-1.32],[-47.75,-0.75],[-46.25,-1.33],[-45.5,-1.77],[-44.75,-3.04],[-44.25,-3.01],[-43.75,-2.65],[-42.75,-3.03],[-42.25,-2.95],[-42.0,-3.19],[-40.53,-3.0],[-40.4,-3.5],[-39.97,-3.75],[-40.11,-4.0],[-39.92,-4.5],[-40.22,-4.75],[-40.0,-5.94],[-39.5,-6.02],[-39.5,-5.75],[-39.0,-5.64],[-38.57,-5.75],[-38.77,-6.5],[-38.57,-7.25],[-38.01,-7.5],[-38.48,-7.75],[-38.22,-8.0],[-38.5,-8.22],[-38.75,-7.99],[-39.52,-8.5],[-40.27,-9.5],[-40.75,-9.54],[-41.5,-9.1],[-41.68,-9.5],[-42.5,-9.73],[-42.91,-10.25],[-42.5,-10.7],[-42.0,-9.96],[-41.5,-9.84],[-41.38,-10.0],[-41.76,-11.75],[-42.17,-11.75],[-42.5,-11.15],[-43.01,-11.0],[-42.84,-11.75],[-42.19,-12.75],[-42.5,-13.44],[-42.75,-12.96],[-42.92,-13.25],[-42.82,-14.0],[-43.15,-14.5],[-42.74,-14.75],[-43.11,-15.0],[-42.94,-15.5],[-43.25,-15.84],[-43.75,-16.1],[-44.0,-15.52],[-44.8,-15.75],[-44.78,-15.5],[-44.28,-15.25],[-44.25,-14.78],[-45.11,-14.5],[-45.09,-13.75],[-45.55,-13.5],[-45.66,-13.0],[-45.36,-13.0],[-45.0,-13.43],[-44.75,-13.23],[-44.5,-13.39],[-44.02,-12.5],[-44.1,-12.25],[-44.5,-12.24],[-45.0,-12.8],[-45.39,-12.5],[-45.31,-12.0],[-45.5,-11.9],[-45.75,-12.51],[-45.95,-10.75],[-45.36,-10.5],[-45.5,-10.23],[-46.0,-10.17],[-46.5,-10.5],[-46.84,-11.25],[-46.75,-11.61],[-46.5,-11.56],[-46.29,-12.5],[-46.35,-14.5],[-46.75,-14.9],[-47.0,-15.14],[-47.29,-14.75],[-47.0,-13.66],[-47.25,-13.67],[-47.75,-13.15],[-47.92,-13.5],[-47.63,-13.75],[-48.0,-14.24],[-48.25,-13.65],[-48.75,-13.56],[-49.16,-13.75],[-48.82,-14.25],[-49.0,-14.47],[-50.0,-14.57],[-50.47,-15.0],[-50.63,-15.25],[-50.17,-15.75],[-50.5,-16.17],[-51.5,-15.85],[-51.75,-16.51],[-52.39,-16.5],[-52.34,-17.0],[-52.77,-17.5],[-52.0,-18.14],[-52.0,-17.7],[-51.75,-17.7],[-51.15,-18.75],[-51.5,-19.19],[-52.0,-18.61],[-52.18,-18.75],[-51.75,-19.72],[-51.0,-18.94],[-49.57,-20.0],[-49.75,-20.42],[-51.0,-20.7],[-52.0,-21.35],[-52.5,-20.86],[-52.98,-21.0],[-52.9,-21.5],[-53.81,-23.75],[-53.99,-25.0],[-53.24,-25.5],[-53.4,-26.25],[-52.59,-26.75],[-52.5,-27.12],[-51.78,-27.25],[-53.02,-27.25],[-53.11,-27.5],[-52.55,-28.5],[-52.75,-29.11],[-52.0,-29.14],[-50.94,-29.75],[-51.25,-30.12],[-52.52,-30.5],[-51.94,-30.75],[-51.88,-31.0],[-52.75,-32.03],[-53.5,-32.2],[-54.75,-31.44],[-55.07,-31.5],[-54.87,-31.25],[-55.0,-30.96],[-55.5,-31.07],[-56.25,-30.68],[-56.44,-30.75],[-56.5,-31.43],[-57.25,-31.06],[-58.0,-31.04],[-59.25,-31.95],[-60.2,-32.25],[-60.24,-32.75],[-60.5,-32.91],[-61.75,-33.14],[-61.42,-33.75],[-62.25,-34.59],[-63.25,-34.34],[-63.35,-34.0],[-64.25,-33.68],[-64.75,-33.01],[-65.0,-33.0],[-65.29,-33.25],[-65.25,-33.63],[-66.0,-33.78],[-66.73,-34.25],[-66.75,-34.5],[-67.5,-34.13],[-67.77,-34.25],[-68.0,-34.84],[-68.57,-35.0],[-67.07,-35.75],[-66.5,-37.27],[-65.75,-37.26],[-64.75,-37.68],[-63.5,-37.25],[-62.25,-37.52],[-61.25,-37.0],[-60.75,-37.03],[-59.25,-37.75],[-58.0,-39.14],[-56.83,-40.0],[-55.9,-41.25],[-54.7,-44.5],[-54.9,-46.5],[-56.0,-48.14],[-57.87,-50.0],[-59.75,-51.25],[-60.75,-52.25],[-65.36,-54.75],[-66.56,-56.5],[-68.0,-57.68],[-70.0,-58.44],[-72.25,-58.85],[-78.5,-59.01],[-81.5,-59.33],[-83.5,-60.0],[-85.0,-60.89],[-86.5,-62.44],[-86.87,-64.75],[-86.63,-65.5],[-85.68,-66.5],[-83.5,-67.71],[-80.2,-69.0],[-77.25,-70.86],[-75.16,-71.25],[-74.5,-71.68],[-71.5,-72.1],[-69.36,-72.0],[-68.75,-71.72],[-66.75,-72.45],[-66.25,-72.38],[-65.97,-72.25],[-66.65,-71.5],[-64.34,-71.0],[-65.03,-70.75],[-65.31,-70.25],[-67.0,-70.22],[-67.25,-69.69],[-65.21,-69.5],[-66.23,-69.0],[-66.62,-68.0],[-66.39,-67.75],[-66.5,-67.35],[-67.25,-67.34],[-67.75,-66.82],[-68.13,-67.0],[-68.0,-66.7],[-67.0,-66.22],[-66.68,-66.75],[-66.95,-67.0],[-66.5,-67.11],[-66.25,-66.5],[-65.5,-66.53],[-65.25,-66.1],[-63.54,-65.5],[-63.97,-65.0],[-63.71,-64.75],[-64.0,-64.67],[-64.39,-64.75],[-64.06,-65.0],[-64.25,-65.31],[-64.5,-65.12],[-65.5,-65.46],[-65.49,-65.75],[-66.0,-66.31],[-66.53,-65.75],[-64.75,-64.69],[-64.61,-64.25],[-64.0,-63.71],[-62.25,-62.92],[-59.75,-62.12],[-58.75,-62.07],[-58.0,-61.65],[-55.5,-61.36],[-53.74,-60.75],[-49.0,-59.75],[-46.25,-58.56],[-43.25,-57.73],[-40.0,-56.02],[-38.94,-55.0],[-38.77,-53.5],[-38.05,-51.75],[-35.89,-47.75],[-34.06,-45.0],[-31.75,-42.68],[-27.5,-39.93],[-25.75,-39.3],[-22.0,-38.47],[-15.5,-37.48],[-12.25,-37.26],[-5.5,-37.12],[-3.0,-37.45],[-1.0,-38.38],[1.75,-40.2],[6.0,-43.93],[10.38,-48.5],[13.38,-54.25],[14.41,-55.5],[15.72,-56.5],[17.75,-57.25],[20.75,-57.52],[23.25,-57.18],[26.48,-56.25],[28.75,-55.32],[36.25,-53.28],[43.0,-52.43],[46.0,-51.64],[48.0,-51.88],[53.25,-53.31],[54.75,-53.55],[55.75,-53.45],[56.5,-53.78],[60.0,-53.41],[70.0,-50.71],[80.52,-47.25],[85.61,-45.25],[89.25,-44.21],[96.5,-42.72],[105.0,-41.78],[108.5,-41.88],[112.5,-42.44],[117.25,-43.72],[130.5,-49.24],[142.06,-55.5],[144.75,-56.5],[152.15,-58.25],[154.75,-58.47],[160.0,-58.3],[165.5,-57.52],[170.5,-56.5],[174.75,-55.99],[180.0,-54.93]]}},{"type":"Feature","properties":{"level":1008},"geometry":{"type":"LineString","coordinates":[[-61.75,-35.9],[-61.89,-35.75],[-61.4,-35.5],[-61.75,-35.9]]}},{"type":"Feature","properties":{"level":1008},"geometry":{"type":"LineString","coordinates":[[-53.83,-21.25],[-53.4,-21.0],[-53.75,-20.87],[-53.83,-21.25]]}},{"type":"Feature","properties":{"level":1008},"geometry":{"type":"LineString","coordinates":[[-53.38,-20.75],[-53.25,-20.91],[-53.05,-20.75],[-53.25,-20.53],[-53.38,-20.75]]}},{"type":"Feature","properties":{"level":1008},"geometry":{"type":"LineString","coordinates":[[-50.07,-20.0],[-50.0,-20.14],[-50.0,-19.84],[-50.07,-20.0]]}},{"type":"Feature","properties":{"level":1008},"geometry":{"type":"LineString","coordinates":[[-50.81,-19.75],[-50.64,-19.75],[-50.81,-19.75]]}},{"type":"Feature","properties":{"level":1008},"geometry":{"type":"LineString","coordinates":[[-67.5,-18.32],[-68.0,-17.47],[-67.41,-17.5],[-67.08,-18.25],[-67.5,-18.32]]}},{"type":"Feature","properties":{"level":1008},"geometry":{"type":"LineString","coordinates":[[-65.59,-17.5],[-65.07,-17.5],[-66.0,-16.82],[-66.66,-16.75],[-66.5,-17.31],[-65.59,-17.5]]}},{"type":"Feature","properties":{"level":1008},"geometry":{"type":"LineString","coordinates":[[-45.0,-16.14],[-45.0,-15.82],[-45.0,-16.14]]}},{"type":"Feature","properties":{"level":1008},"geometry":{"type":"LineString","coordinates":[[-53.54,-15.5],[-53.31,-14.75],[-54.25,-14.15],[-54.5,-14.88],[-53.54,-15.5]]}},{"type":"Feature","properties":{"level":1008},"geometry":{"type":"LineString","coordinates":[[-71.5,-14.25],[-72.5,-13.92],[-72.64,-13.5],[-71.71,-13.5],[-71.24,-14.25],[-71.5,-14.25]]}},{"type":"Feature","properties":{"level":1008},"geometry":{"type":"LineString","coordinates":[[-52.92,-13.75],[-52.67,-13.75],[-52.92,-13.75]]}},{"type":"Feature","properties":{"level":1008},"geometry":{"type":"LineString","coordinates":[[-74.0,-12.36],[-74.36,-11.5],[-74.89,-11.0],[-74.75,-10.88],[-74.0,-11.25],[-73.79,-12.0],[-74.0,-12.36]]}},{"type":"Feature","properties":{"level":1008},"geometry":{"type":"LineString","coordinates":[[-49.37,-12.25],[-48.77,-12.25],[-48.19,-11.25],[-49.25,-10.57],[-49.46,-11.25],[-48.66,-11.5],[-49.25,-11.6],[-49.57,-12.0],[-49.37,-12.25]]}},{"type":"Feature","properties":{"level":1008},"geometry":{"type":"LineString","coordinates":[[-47.58,-11.5],[-47.48,-11.25],[-47.7,-11.25],[-47.58,-11.5]]}},{"type":"Feature","properties":{"level":1008},"geometry":{"type":"LineString","coordinates":[[-50.2,-11.0],[-49.85,-11.0],[-50.0,-10.57],[-50.25,-10.63],[-50.2,-11.0]]}},{"type":"Feature","properties":{"level":1008},"geometry":{"type":"LineString","coordinates":[[-59.07,-10.75],[-59.0,-10.9],[-58.88,-10.75],[-59.0,-10.52],[-59.07,-10.75]]}},{"type":"Feature","properties":{"level":1008},"geometry":{"type":"LineString","coordinates":[[-46.83,-9.5],[-46.75,-9.65],[-46.63,-9.5],[-46.7,-8.75],[-45.75,-8.42],[-45.25,-8.69],[-44.91,-8.25],[-44.92,-7.75],[-44.5,-7.96],[-44.25,-7.81],[-43.71,-7.25],[-43.9,-7.0],[-43.78,-6.75],[-43.25,-6.64],[-43.15,-6.25],[-43.25,-5.52],[-43.9,-5.0],[-44.25,-4.76],[-44.46,-5.0],[-44.36,-5.25],[-44.75,-5.29],[-45.47,-4.75],[-45.29,-4.5],[-46.0,-4.08],[-46.5,-4.56],[-46.76,-4.5],[-46.75,-4.89],[-46.33,-5.25],[-45.02,-5.5],[-45.25,-5.78],[-45.75,-5.41],[-46.5,-6.75],[-46.42,-7.0],[-45.65,-7.0],[-45.5,-6.7],[-44.93,-7.5],[-45.0,-7.68],[-45.5,-7.46],[-46.25,-8.18],[-46.67,-8.25],[-47.11,-9.0],[-46.83,-9.5]]}},{"type":"Feature","properties":{"level":1008},"geometry":{"type":"LineString","coordinates":[[-39.25,-9.51],[-39.45,-9.25],[-39.25,-8.65],[-38.75,-8.6],[-38.5,-8.27],[-37.93,-8.5],[-38.93,-9.0],[-39.0,-9.46],[-39.25,-9.51]]}},{"type":"Feature","properties":{"level":1008},"geometry":{"type":"LineString","coordinates":[[-45.85,-9.0],[-45.5,-9.23],[-45.39,-9.0],[-45.85,-9.0]]}},{"type":"Feature","properties":{"level":1008},"geometry":{"type":"LineString","coordinates":[[-55.34,-8.75],[-55.17,-8.75],[-55.34,-8.75]]}},{"type":"Feature","properties":{"level":1008},"geometry":{"type":"LineString","coordinates":[[-59.81,-8.5],[-59.75,-8.34],[-59.81,-8.5]]}},{"type":"Feature","properties":{"level":1008},"geometry":{"type":"LineString","coordinates":[[-58.5,-8.5],[-58.23,-8.5],[-58.5,-8.5]]}},{"type":"Feature","properties":{"level":1008},"geometry":{"type":"LineString","coordinates":[[-57.0,-8.5],[-56.14,-8.5],[-56.75,-7.94],[-57.11,-8.25],[-57.0,-8.5]]}},{"type":"Feature","properties":{"level":1008},"geometry":{"type":"LineString","coordinates":[[-55.9,-8.5],[-55.75,-8.68],[-55.59,-8.5],[-55.9,-8.5]]}},{"type":"Feature","properties":{"level":1008},"geometry":{"type":"LineString","coordinates":[[-59.63,-8.25],[-59.25,-8.27],[-58.96,-7.75],[-58.86,-7.5],[-59.15,-7.25],[-59.5,-7.84],[-60.0,-7.58],[-60.12,-8.0],[-59.63,-8.25]]}},{"type":"Feature","properties":{"level":1008},"geometry":{"type":"LineString","coordinates":[[-37.75,-8.3],[-37.47,-8.25],[-37.75,-8.3]]}},{"type":"Feature","properties":{"level":1008},"geometry":{"type":"LineString","coordinates":[[-71.78,-8.0],[-71.61,-8.0],[-71.78,-8.0]]}},{"type":"Feature","properties":{"level":1008},"geometry":{"type":"LineString","coordinates":[[-40.83,-7.5],[-40.5,-7.66],[-39.17,-7.5],[-41.0,-6.07],[-41.15,-6.5],[-40.83,-7.5]]}},{"type":"Feature","properties":{"level":1008},"geometry":{"type":"LineString","coordinates":[[-44.75,-7.03],[-44.25,-6.74],[-44.04,-7.0],[-44.25,-7.23],[-44.75,-7.03]]}},{"type":"Feature","properties":{"level":1008},"geometry":{"type":"LineString","coordinates":[[-40.75,-7.1],[-40.98,-7.0],[-40.75,-7.1]]}},{"type":"Feature","properties":{"level":1008},"geometry":{"type":"LineString","coordinates":[[-38.0,-7.12],[-38.01,-6.75],[-37.25,-6.21],[-37.43,-6.75],[-37.25,-7.0],[-38.0,-7.12]]}},{"type":"Feature","properties":{"level":1008},"geometry":{"type":"LineString","coordinates":[[-45.0,-6.85],[-44.89,-6.75],[-45.0,-6.85]]}},{"type":"Feature","properties":{"level":1008},"geometry":{"type":"LineString","coordinates":[[-72.75,-6.45],[-72.67,-6.25],[-72.75,-6.45]]}},{"type":"Feature","properties":{"level":1008},"geometry":{"type":"LineString","coordinates":[[-70.75,-6.28],[-70.91,-6.25],[-70.75,-6.28]]}},{"type":"Feature","properties":{"level":1008},"geometry":{"type":"LineString","coordinates":[[-69.75,-6.49],[-69.9,-6.0],[-69.5,-5.58],[-69.41,-6.0],[-69.75,-6.49]]}},{"type":"Feature","properties":{"level":1008},"geometry":{"type":"LineString","coordinates":[[-44.25,-5.58],[-44.25,-5.38],[-43.97,-5.5],[-44.25,-5.58]]}},{"type":"Feature","properties":{"level":1008},"geometry":{"type":"LineString","coordinates":[[25.5,-5.32],[25.28,-5.25],[26.57,-4.75],[26.25,-5.15],[25.5,-5.32]]}},{"type":"Feature","properties":{"level":1008},"geometry":{"type":"LineString","coordinates":[[-41.08,-4.75],[-40.75,-4.77],[-40.59,-4.5],[-40.86,-3.75],[-41.25,-3.45],[-41.14,-4.25],[-41.62,-4.5],[-41.08,-4.75]]}},{"type":"Feature","properties":{"level":1008},"geometry":{"type":"LineString","coordinates":[[25.0,-4.77],[25.0,-4.31],[25.0,-4.77]]}},{"type":"Feature","properties":{"level":1008},"geometry":{"type":"LineString","coordinates":[[-69.9,-3.25],[-69.66,-3.25],[-69.9,-3.25]]}},{"type":"Feature","properties":{"level":1008},"geometry":{"type":"LineString","coordinates":[[-75.0,3.7],[-75.2,3.75],[-75.0,4.07],[-75.0,3.7]]}},{"type":"Feature","properties":{"level":1008},"geometry":{"type":"LineString","coordinates":[[-66.5,3.96],[-66.75,4.25],[-66.38,4.75],[-66.51,5.25],[-66.0,5.55],[-65.22,4.75],[-65.75,4.67],[-66.5,3.96]]}},{"type":"Feature","properties":{"level":1008},"geometry":{"type":"LineString","coordinates":[[-58.57,4.75],[-58.5,5.08],[-58.57,4.75]]}},{"type":"Feature","properties":{"level":1008},"geometry":{"type":"LineString","coordinates":[[-61.75,6.22],[-62.13,6.75],[-61.5,7.11],[-61.05,6.75],[-61.19,6.25],[-61.75,6.22]]}},{"type":"Feature","properties":{"level":1008},"geometry":{"type":"LineString","coordinates":[[-64.75,6.63],[-64.75,7.02],[-64.75,6.63]]}},{"type":"Feature","properties":{"level":1008},"geometry":{"type":"LineString","coordinates":[[168.5,7.24],[168.0,7.42],[167.65,8.0],[167.57,9.0],[168.25,9.78],[168.95,9.5],[168.94,9.75],[170.0,10.19],[169.59,10.75],[169.75,11.12],[170.5,11.08],[171.0,11.68],[171.25,11.66],[171.5,11.33],[172.25,11.25],[172.93,10.5],[172.49,9.5],[171.75,8.75],[170.89,8.5],[169.5,7.29],[168.5,7.24]]}},{"type":"Feature","properties":{"level":1008},"geometry":{"type":"LineString","coordinates":[[-72.5,7.84],[-73.16,9.0],[-72.38,10.25],[-72.37,11.0],[-73.0,11.13],[-73.13,11.75],[-72.0,12.33],[-71.71,12.25],[-72.02,11.5],[-71.5,11.24],[-71.0,11.38],[-70.5,11.94],[-68.93,11.25],[-68.75,10.64],[-69.5,10.98],[-69.75,10.8],[-69.7,10.0],[-71.0,9.4],[-72.5,7.84]]}},{"type":"Feature","properties":{"level":1008},"geometry":{"type":"LineString","coordinates":[[-63.0,7.96],[-63.0,8.28],[-62.5,8.58],[-62.5,8.21],[-63.0,7.96]]}},{"type":"Feature","properties":{"level":1008},"geometry":{"type":"LineString","coordinates":[[-48.25,9.84],[-48.43,10.0],[-48.25,10.15],[-48.25,9.84]]}},{"type":"Feature","properties":{"level":1008},"geometry":{"type":"LineString","coordinates":[[16.5,10.2],[16.65,10.75],[16.25,11.6],[15.25,11.56],[14.98,11.75],[14.76,12.5],[15.25,13.03],[15.14,14.0],[17.14,16.5],[17.75,16.88],[19.0,17.09],[19.26,16.75],[20.25,16.41],[20.75,16.79],[20.82,16.5],[20.25,15.89],[19.96,16.0],[19.82,14.0],[20.25,13.34],[19.75,13.16],[19.25,12.41],[18.16,12.0],[17.51,10.75],[17.54,10.25],[17.25,10.54],[16.5,10.2]]}},{"type":"Feature","properties":{"level":1008},"geometry":{"type":"LineString","coordinates":[[138.0,10.94],[135.25,11.68],[134.75,11.46],[132.25,13.16],[131.5,13.32],[131.0,13.11],[130.0,13.42],[129.49,14.75],[128.66,15.5],[128.44,16.75],[128.68,17.75],[129.0,18.12],[129.72,18.25],[129.75,18.75],[130.0,18.72],[130.5,19.31],[130.75,20.15],[131.54,20.75],[131.79,21.5],[133.0,22.17],[133.5,23.03],[134.57,23.75],[136.81,26.0],[138.14,27.0],[139.75,27.96],[143.5,29.11],[146.0,29.18],[149.0,28.51],[152.49,26.25],[153.61,24.75],[154.0,23.59],[153.83,23.25],[154.13,22.0],[153.75,18.75],[152.83,16.75],[151.92,15.5],[150.75,14.46],[148.75,13.47],[147.25,12.43],[144.25,11.59],[143.0,11.77],[140.5,11.12],[138.0,10.94]]}},{"type":"Feature","properties":{"level":1008},"geometry":{"type":"LineString","coordinates":[[16.62,11.25],[17.05,11.25],[16.62,11.25]]}},{"type":"Feature","properties":{"level":1008},"geometry":{"type":"LineString","coordinates":[[-111.5,14.24],[-113.75,14.38],[-116.5,15.74],[-116.97,16.5],[-117.87,17.25],[-118.3,18.5],[-118.23,19.75],[-117.69,21.5],[-115.5,25.47],[-114.5,26.7],[-114.71,27.25],[-114.25,27.24],[-114.11,27.5],[-114.11,28.25],[-114.85,28.75],[-115.22,29.25],[-115.0,29.34],[-114.0,28.76],[-113.93,28.25],[-113.42,28.0],[-112.73,26.75],[-112.0,26.11],[-111.0,24.62],[-110.75,24.4],[-110.5,24.69],[-109.75,24.4],[-108.02,23.0],[-107.24,21.5],[-107.05,18.75],[-107.5,16.58],[-108.47,15.75],[-108.68,15.25],[-109.76,14.5],[-110.5,14.19],[-111.5,14.24]]}},{"type":"Feature","properties":{"level":1008},"geometry":{"type":"LineString","coordinates":[[3.25,14.76],[2.95,15.25],[3.25,15.56],[3.95,15.0],[3.25,14.76]]}},{"type":"Feature","properties":{"level":1008},"geometry":{"type":"LineString","coordinates":[[-173.25,18.68],[-174.23,19.0],[-174.44,19.75],[-175.14,20.5],[-175.15,21.75],[-174.5,23.75],[-174.0,24.5],[-173.0,25.09],[-171.5,25.25],[-170.25,24.69],[-169.48,24.0],[-169.08,23.0],[-169.1,20.75],[-169.5,20.01],[-170.25,19.43],[-171.75,18.75],[-173.25,18.68]]}},{"type":"Feature","properties":{"level":1008},"geometry":{"type":"LineString","coordinates":[[-109.9,23.25],[-109.56,23.25],[-109.58,23.5],[-110.0,23.97],[-110.1,23.5],[-109.9,23.25]]}},{"type":"Feature","properties":{"level":1008},"geometry":{"type":"LineString","coordinates":[[-113.51,27.0],[-113.5,27.28],[-113.74,27.25],[-113.51,27.0]]}},{"type":"Feature","properties":{"level":1008},"geometry":{"type":"LineString","coordinates":[[67.5,26.95],[67.5,27.14],[67.5,26.95]]}},{"type":"Feature","properties":{"level":1008},"geometry":{"type":"LineString","coordinates":[[-115.0,27.46],[-115.0,27.79],[-115.0,27.46]]}},{"type":"Feature","properties":{"level":1008},"geometry":{"type":"LineString","coordinates":[[67.75,27.39],[67.75,27.71],[67.75,27.39]]}},{"type":"Feature","properties":{"level":1008},"geometry":{"type":"LineString","coordinates":[[67.75,27.75],[67.5,29.0],[68.0,29.44],[68.2,29.25],[68.23,28.25],[67.75,27.75]]}},{"type":"Feature","properties":{"level":1008},"geometry":{"type":"LineString","coordinates":[[-111.75,28.66],[-111.91,28.75],[-111.75,28.91],[-111.45,28.75],[-111.75,28.66]]}},{"type":"Feature","properties":{"level":1008},"geometry":{"type":"LineString","coordinates":[[70.5,29.65],[70.5,31.76],[71.83,31.25],[71.5,31.15],[71.7,30.75],[71.5,30.32],[70.5,29.65]]}},{"type":"Feature","properties":{"level":1008},"geometry":{"type":"LineString","coordinates":[[180.0,45.92],[169.0,45.5],[162.75,46.35],[159.38,47.5],[155.5,49.75],[155.25,50.42],[150.47,52.75],[146.25,53.86],[141.5,54.75],[139.5,55.47],[138.06,56.75],[138.5,57.81],[137.95,58.5],[138.11,58.75],[137.56,59.75],[138.2,60.5],[137.81,61.0],[137.91,61.25],[138.55,62.0],[137.72,62.25],[137.88,62.5],[137.49,62.75],[140.08,63.5],[139.91,64.25],[139.5,64.5],[140.25,64.61],[140.6,65.0],[139.69,65.5],[140.54,65.75],[139.93,66.25],[139.75,66.82],[138.75,66.77],[138.25,66.43],[137.25,66.57],[136.0,66.25],[135.7,66.75],[135.25,66.76],[134.53,66.25],[134.5,65.92],[132.75,65.55],[130.5,65.61],[129.25,66.16],[127.25,66.21],[127.3,66.5],[126.93,66.5],[126.49,66.25],[127.04,66.0],[126.42,65.5],[126.71,65.25],[126.25,64.72],[119.44,63.75],[115.5,62.75],[115.66,62.5],[115.0,62.4],[110.0,62.36],[109.25,62.5],[109.75,62.75],[109.6,63.25],[108.41,63.75],[108.16,64.75],[106.0,66.05],[103.91,66.75],[100.25,68.38],[99.25,69.11],[98.0,69.5],[98.0,70.0],[97.09,70.5],[94.25,71.24],[91.75,71.69],[87.75,71.92],[82.25,71.56],[75.5,71.79],[64.0,73.45],[58.68,73.75],[58.0,74.0],[58.44,74.75],[58.5,75.25],[58.25,75.55],[52.96,75.5],[46.25,76.51],[42.25,76.76],[34.25,76.32],[30.25,75.59],[26.25,74.53],[21.7,72.75],[21.3,72.25],[21.42,72.0],[23.25,71.3],[23.53,70.75],[20.5,69.66],[17.75,68.78],[17.0,68.95],[16.25,68.79],[15.68,68.5],[15.36,68.0],[14.75,68.27],[12.75,67.38],[10.75,67.17],[4.25,67.14],[-1.54,65.75],[-11.25,60.75],[-14.75,59.3],[-18.0,58.17],[-21.75,57.26],[-28.51,56.25],[-31.5,55.51],[-33.25,54.89],[-35.75,53.49],[-43.34,50.0],[-46.75,48.94],[-49.5,48.59],[-50.84,49.25],[-52.17,51.0],[-52.19,52.75],[-51.74,53.0],[-53.5,53.59],[-55.73,54.75],[-57.25,54.96],[-58.0,54.69],[-59.25,54.76],[-69.25,56.31],[-81.25,59.33],[-87.37,61.75],[-91.58,64.75],[-94.55,67.25],[-96.85,68.5],[-99.21,70.5],[-99.94,72.0],[-100.87,73.25],[-100.73,73.75],[-101.7,75.5],[-101.31,76.5],[-102.02,78.25],[-100.42,79.5],[-98.25,80.2],[-96.5,80.47],[-92.53,80.5],[-92.15,80.75],[-92.25,80.88],[-93.83,81.5],[-92.75,81.9],[-84.5,83.05],[-76.5,83.62],[-73.84,84.25],[-66.25,85.29],[-48.25,86.99],[-32.5,87.51],[-7.75,87.92],[31.25,87.75],[44.75,87.32],[55.5,86.59],[62.25,85.72],[77.25,83.2],[87.0,82.25],[94.75,82.2],[109.5,82.99],[123.0,83.31],[131.25,83.22],[138.75,82.72],[153.75,80.85],[158.25,80.01],[164.13,78.25],[172.5,74.4],[175.1,73.75],[178.0,73.4],[180.0,72.76]]}},{"type":"Feature","properties":{"level":1008},"geometry":{"type":"LineString","coordinates":[[67.5,49.89],[67.75,50.48],[67.84,50.0],[67.5,49.89]]}},{"type":"Feature","properties":{"level":1008},"geometry":{"type":"LineString","coordinates":[[61.0,56.71],[60.0,57.2],[60.05,57.5],[61.0,57.99],[62.25,58.12],[63.75,58.02],[64.01,57.75],[63.79,57.5],[63.9,57.25],[63.41,56.75],[61.0,56.71]]}},{"type":"Feature","properties":{"level":1008},"geometry":{"type":"LineString","coordinates":[[-42.61,68.0],[-40.26,68.5],[-38.5,69.5],[-32.46,70.75],[-31.67,71.25],[-31.92,72.0],[-31.49,73.5],[-28.52,75.0],[-28.27,75.25],[-28.52,75.75],[-28.05,76.0],[-27.61,76.75],[-29.57,77.5],[-35.99,79.25],[-40.5,80.06],[-42.5,80.09],[-48.34,79.5],[-48.43,79.25],[-47.98,79.0],[-48.59,78.0],[-47.59,77.75],[-41.75,76.75],[-38.25,76.42],[-35.5,76.53],[-35.08,76.25],[-34.99,76.0],[-35.25,75.84],[-37.5,75.4],[-37.56,75.0],[-36.73,74.5],[-37.11,74.25],[-40.63,73.75],[-40.75,73.48],[-39.98,73.25],[-40.8,73.0],[-41.28,72.25],[-42.53,71.25],[-42.0,69.0],[-42.61,68.0]]}},{"type":"Feature","properties":{"level":1008},"geometry":{"type":"LineString","coordinates":[[180.0,68.0],[179.05,68.0],[180.0,68.0]]}},{"type":"Feature","properties":{"level":1008},"geometry":{"type":"LineString","coordinates":[[-180.0,72.76],[-174.25,70.62],[-172.65,69.75],[-172.8,69.0],[-174.37,67.75],[-178.19,66.5],[-178.26,66.25],[-177.78,65.75],[-175.9,64.75],[-172.75,63.65],[-166.5,62.14],[-165.5,61.66],[-160.0,61.28],[-159.65,60.25],[-158.75,59.8],[-155.0,60.6],[-153.0,59.92],[-150.25,60.23],[-149.75,59.96],[-146.0,59.96],[-144.25,59.63],[-141.6,58.75],[-140.99,58.25],[-140.54,57.25],[-140.55,56.25],[-140.09,55.0],[-139.27,53.75],[-139.17,52.75],[-139.36,52.0],[-140.65,50.0],[-141.78,49.75],[-142.0,49.33],[-142.25,49.31],[-142.5,48.62],[-143.25,48.83],[-143.18,48.25],[-143.75,48.26],[-144.17,48.0],[-144.09,47.75],[-145.27,47.0],[-147.0,45.03],[-153.5,45.81],[-156.0,45.77],[-160.75,47.18],[-164.0,47.59],[-165.75,47.48],[-168.5,46.27],[-171.0,45.49],[-175.5,46.14],[-180.0,45.92]]}},{"type":"Feature","properties":{"level":1008},"geometry":{"type":"LineString","coordinates":[[-87.29,82.0],[-86.0,81.95],[-85.64,82.25],[-87.29,82.0]]}},{"type":"Feature","properties":{"level":1008},"geometry":{"type":"LineString","coordinates":[[-83.12,82.0],[-79.98,82.0],[-81.5,82.09],[-82.25,82.4],[-83.12,82.0]]}},{"type":"Feature","properties":{"level":1012},"geometry":{"type":"LineString","coordinates":[[180.0,-88.68],[145.0,-88.5],[134.75,-88.23],[130.27,-87.75],[129.93,-87.5],[130.2,-87.0],[132.14,-86.0],[132.14,-85.75],[130.03,-85.0],[130.14,-84.75],[131.84,-84.5],[131.04,-84.0],[131.02,-83.75],[131.88,-83.5],[131.93,-83.25],[130.81,-82.75],[132.62,-82.25],[132.99,-81.75],[135.38,-81.0],[135.42,-80.75],[135.11,-80.5],[135.5,-80.36],[143.0,-79.21],[150.03,-77.25],[150.16,-77.0],[148.66,-75.5],[149.26,-74.75],[149.16,-74.5],[149.41,-74.0],[149.0,-73.68],[146.25,-73.02],[146.08,-72.5],[144.06,-71.75],[143.31,-70.75],[141.0,-70.01],[139.75,-69.95],[137.56,-68.75],[136.75,-68.68],[135.25,-68.79],[133.75,-69.57],[132.0,-69.95],[130.88,-70.5],[128.34,-71.0],[128.5,-71.25],[132.25,-71.61],[133.66,-72.25],[133.65,-72.5],[132.4,-73.0],[129.25,-73.21],[116.5,-72.77],[114.25,-73.24],[114.01,-73.5],[115.2,-74.0],[115.34,-74.5],[115.0,-74.96],[112.75,-75.18],[109.0,-74.8],[103.75,-73.49],[101.25,-73.13],[95.0,-73.11],[91.0,-73.74],[84.0,-74.41],[81.25,-75.14],[79.25,-76.41],[73.75,-76.81],[65.25,-77.8],[64.0,-77.73],[62.5,-77.05],[59.25,-76.42],[53.25,-74.66],[53.07,-74.5],[53.42,-74.0],[53.75,-73.96],[53.81,-73.25],[54.12,-73.0],[54.13,-72.5],[53.75,-72.34],[52.25,-72.33],[46.5,-73.24],[41.0,-73.68],[35.0,-74.54],[28.25,-74.87],[26.8,-75.25],[23.5,-75.42],[15.9,-75.0],[19.44,-74.75],[19.65,-74.5],[18.25,-74.15],[15.5,-74.06],[13.75,-73.74],[10.5,-73.87],[8.0,-74.48],[6.92,-75.0],[7.4,-75.5],[17.37,-77.25],[18.16,-77.75],[18.29,-78.5],[19.17,-79.25],[18.76,-79.5],[19.68,-80.25],[23.65,-80.75],[27.68,-82.0],[27.4,-82.25],[25.25,-82.36],[11.0,-82.1],[9.56,-82.25],[9.02,-82.5],[9.25,-82.75],[8.25,-83.15],[5.5,-83.57],[-19.25,-85.94],[-31.5,-86.1],[-53.45,-87.25],[-57.7,-87.75],[-81.75,-88.26],[-139.5,-88.69],[-180.0,-88.68]]}},{"type":"Feature","properties":{"level":1012},"geometry":{"type":"LineString","coordinates":[[-180.0,-53.51],[-174.9,-52.0],[-168.5,-50.59],[-165.33,-49.25],[-162.75,-46.91],[-161.98,-45.25],[-159.94,-43.0],[-153.17,-38.75],[-150.25,-38.3],[-142.25,-37.71],[-137.0,-37.55],[-125.5,-37.83],[-123.25,-37.59],[-119.5,-36.77],[-116.75,-36.49],[-114.25,-35.74],[-112.22,-34.75],[-112.0,-34.12],[-111.74,-34.25],[-111.9,-34.5],[-111.75,-34.59],[-110.5,-34.08],[-109.75,-32.54],[-108.75,-32.74],[-108.0,-32.61],[-106.5,-31.69],[-105.75,-32.23],[-105.25,-31.94],[-105.0,-31.41],[-103.25,-31.36],[-102.75,-30.85],[-100.0,-31.39],[-98.47,-32.5],[-98.09,-33.75],[-98.33,-34.5],[-97.96,-35.5],[-98.31,-35.75],[-98.42,-36.5],[-97.63,-39.25],[-97.76,-39.75],[-96.25,-41.17],[-93.75,-42.2],[-91.75,-42.16],[-85.5,-39.97],[-81.5,-39.03],[-76.25,-38.8],[-73.0,-39.39],[-72.48,-39.75],[-71.75,-39.43],[-70.97,-37.25],[-70.15,-36.25],[-70.09,-35.0],[-69.55,-34.0],[-69.6,-33.25],[-69.39,-33.0],[-69.9,-32.0],[-69.8,-30.75],[-69.25,-28.95],[-68.27,-27.75],[-68.28,-27.25],[-67.92,-26.75],[-68.19,-26.0],[-67.83,-25.5],[-68.1,-24.75],[-67.75,-24.28],[-67.07,-24.0],[-66.51,-22.75],[-66.75,-21.99],[-67.5,-21.85],[-68.18,-21.0],[-68.13,-20.5],[-68.53,-19.75],[-68.9,-17.75],[-69.5,-17.53],[-69.5,-16.95],[-70.75,-15.78],[-70.71,-15.25],[-71.25,-15.13],[-71.5,-15.43],[-72.5,-14.48],[-74.13,-14.25],[-74.61,-13.25],[-75.75,-12.21],[-77.51,-9.75],[-77.77,-9.25],[-77.46,-9.0],[-77.75,-8.21],[-78.17,-8.25],[-78.54,-7.75],[-78.0,-6.65],[-77.58,-8.0],[-76.71,-9.5],[-76.08,-10.0],[-75.94,-10.5],[-75.75,-10.62],[-75.5,-10.4],[-75.75,-9.5],[-76.0,-9.65],[-76.28,-9.25],[-77.19,-7.25],[-77.27,-6.75],[-76.91,-6.5],[-76.99,-6.25],[-77.75,-5.3],[-78.25,-5.32],[-78.3,-5.75],[-79.17,-6.75],[-79.0,-7.2],[-78.58,-7.25],[-78.89,-7.75],[-78.75,-8.63],[-80.0,-8.42],[-82.07,-7.25],[-83.65,-4.25],[-84.5,-3.22],[-85.0,-2.98],[-86.75,-2.92],[-88.5,-1.38],[-89.5,-1.34],[-90.0,-1.72],[-92.75,-2.19],[-94.75,-2.0],[-95.5,-2.17],[-100.0,-1.55],[-102.5,-0.73],[-103.25,-0.26],[-106.75,0.37],[-108.25,1.24],[-108.2,1.75],[-108.75,1.87],[-109.13,2.75],[-108.75,2.81],[-108.5,3.25],[-108.95,4.25],[-109.75,4.35],[-110.73,5.0],[-112.0,5.32],[-113.25,5.28],[-114.0,4.81],[-116.0,4.46],[-117.25,3.64],[-118.0,3.49],[-118.33,3.75],[-118.25,4.42],[-119.25,4.75],[-119.28,5.5],[-120.25,6.43],[-120.93,6.0],[-121.5,6.07],[-122.25,5.12],[-123.89,4.25],[-124.0,3.86],[-123.0,4.04],[-122.75,3.43],[-121.75,3.67],[-121.28,3.5],[-121.5,3.14],[-123.02,2.25],[-122.92,1.5],[-123.75,1.46],[-124.75,-0.06],[-126.0,-0.35],[-126.25,-0.83],[-126.81,-0.75],[-126.55,-1.0],[-126.91,-1.25],[-126.89,-1.5],[-126.6,-1.75],[-127.25,-2.02],[-129.5,-2.01],[-130.0,-2.55],[-131.0,-1.73],[-131.23,-2.5],[-132.08,-2.75],[-132.24,-3.25],[-132.75,-3.63],[-133.75,-3.52],[-134.75,-2.84],[-135.5,-2.93],[-136.75,-2.66],[-136.75,-3.01],[-137.5,-3.87],[-140.75,-4.48],[-141.5,-5.16],[-142.0,-5.27],[-145.5,-3.53],[-147.25,-3.12],[-148.25,-3.14],[-148.75,-2.77],[-149.29,-3.0],[-149.5,-3.74],[-150.0,-3.15],[-150.25,-3.17],[-150.41,-3.75],[-151.25,-4.38],[-151.5,-4.92],[-152.25,-4.66],[-152.61,-4.25],[-152.56,-5.0],[-152.79,-5.25],[-155.67,-6.5],[-155.01,-7.25],[-155.5,-7.28],[-155.75,-7.85],[-157.5,-7.34],[-158.25,-8.39],[-159.25,-8.82],[-159.5,-8.61],[-160.5,-8.89],[-161.25,-8.67],[-165.25,-9.3],[-166.5,-9.97],[-167.5,-9.98],[-168.0,-9.51],[-168.75,-10.16],[-170.25,-9.95],[-173.0,-10.99],[-174.75,-10.63],[-176.0,-10.77],[-176.75,-10.62],[-177.25,-10.87],[-177.97,-10.75],[-178.75,-11.22],[-179.0,-11.04],[-180.0,-11.15]]}},{"type":"Feature","properties":{"level":1012},"geometry":{"type":"LineString","coordinates":[[-111.5,-34.12],[-111.5,-33.89],[-111.23,-34.0],[-111.5,-34.12]]}},{"type":"Feature","properties":{"level":1012},"geometry":{"type":"LineString","coordinates":[[-108.0,-32.26],[-108.0,-31.95],[-107.69,-32.0],[-108.0,-32.26]]}},{"type":"Feature","properties":{"level":1012},"geometry":{"type":"LineString","coordinates":[[-69.75,-25.45],[-70.0,-25.19],[-70.14,-24.25],[-69.81,-20.75],[-70.0,-18.79],[-69.75,-18.91],[-69.38,-20.0],[-69.13,-22.5],[-69.25,-23.16],[-69.7,-23.5],[-69.51,-24.0],[-69.75,-25.45]]}},{"type":"Feature","properties":{"level":1012},"geometry":{"type":"LineString","coordinates":[[-68.5,-23.77],[-68.6,-23.25],[-68.25,-22.79],[-68.0,-23.5],[-68.25,-23.85],[-68.5,-23.77]]}},{"type":"Feature","properties":{"level":1012},"geometry":{"type":"LineString","coordinates":[[-66.58,-19.75],[-66.5,-19.94],[-66.21,-19.5],[-66.5,-18.84],[-66.67,-19.0],[-66.58,-19.75]]}},{"type":"Feature","properties":{"level":1012},"geometry":{"type":"LineString","coordinates":[[-42.0,-18.28],[-42.44,-18.0],[-42.0,-17.88],[-42.0,-18.28]]}},{"type":"Feature","properties":{"level":1012},"geometry":{"type":"LineString","coordinates":[[13.75,-17.51],[12.94,-17.0],[13.5,-16.85],[14.29,-17.25],[13.75,-17.51]]}},{"type":"Feature","properties":{"level":1012},"geometry":{"type":"LineString","coordinates":[[-72.0,-16.76],[-72.5,-16.32],[-73.55,-16.0],[-73.65,-15.75],[-73.28,-15.5],[-73.78,-15.25],[-73.21,-15.25],[-72.75,-16.23],[-72.5,-15.99],[-71.7,-16.5],[-71.75,-16.77],[-72.0,-16.76]]}},{"type":"Feature","properties":{"level":1012},"geometry":{"type":"LineString","coordinates":[[-69.35,-16.25],[-67.98,-16.25],[-68.25,-15.75],[-68.75,-15.91],[-69.25,-15.25],[-69.75,-15.34],[-69.85,-15.75],[-69.35,-16.25]]}},{"type":"Feature","properties":{"level":1012},"geometry":{"type":"LineString","coordinates":[[165.25,-15.62],[165.03,-15.5],[165.25,-15.37],[165.25,-15.62]]}},{"type":"Feature","properties":{"level":1012},"geometry":{"type":"LineString","coordinates":[[-75.0,-15.27],[-76.13,-14.25],[-76.0,-13.74],[-74.24,-15.25],[-75.0,-15.27]]}},{"type":"Feature","properties":{"level":1012},"geometry":{"type":"LineString","coordinates":[[20.99,-15.0],[21.7,-15.0],[21.33,-14.0],[21.0,-13.81],[20.65,-14.25],[20.99,-15.0]]}},{"type":"Feature","properties":{"level":1012},"geometry":{"type":"LineString","coordinates":[[-69.43,-14.75],[-69.08,-14.75],[-69.16,-14.5],[-70.0,-13.64],[-71.5,-13.12],[-71.75,-12.83],[-72.35,-13.0],[-71.27,-13.5],[-71.0,-13.97],[-70.04,-14.0],[-69.43,-14.75]]}},{"type":"Feature","properties":{"level":1012},"geometry":{"type":"LineString","coordinates":[[172.46,-12.5],[172.77,-12.5],[172.46,-12.5]]}},{"type":"Feature","properties":{"level":1012},"geometry":{"type":"LineString","coordinates":[[171.09,-12.25],[171.5,-12.47],[172.55,-12.0],[172.16,-11.75],[172.02,-11.0],[171.0,-10.78],[170.5,-10.91],[170.25,-11.42],[170.0,-11.37],[170.0,-11.61],[170.75,-11.68],[170.73,-12.0],[171.09,-12.25]]}},{"type":"Feature","properties":{"level":1012},"geometry":{"type":"LineString","coordinates":[[28.5,-12.11],[28.25,-11.76],[27.5,-11.96],[26.75,-11.78],[26.54,-11.5],[26.62,-11.0],[26.24,-10.5],[26.32,-10.0],[27.0,-9.28],[27.33,-9.25],[27.63,-10.75],[27.25,-11.25],[27.75,-11.64],[28.25,-11.41],[28.77,-12.0],[28.5,-12.11]]}},{"type":"Feature","properties":{"level":1012},"geometry":{"type":"LineString","coordinates":[[180.0,-11.15],[179.5,-11.09],[179.25,-11.39],[178.75,-11.42],[178.0,-12.05],[177.0,-11.93],[176.5,-12.4],[175.75,-12.04],[174.75,-12.9],[174.5,-12.57],[174.0,-12.86],[173.5,-12.8],[173.25,-13.49],[172.75,-13.36],[172.5,-12.88],[172.0,-13.3],[171.0,-13.0],[170.5,-12.59],[170.0,-13.17],[169.15,-13.25],[168.5,-14.09],[168.0,-14.26],[167.0,-13.96],[165.25,-14.84],[164.89,-14.25],[163.5,-14.1],[163.25,-13.72],[162.42,-13.5],[161.25,-12.38],[160.5,-12.39],[157.11,-10.5],[156.87,-10.0],[156.0,-9.5],[154.75,-8.07],[154.24,-8.0],[154.65,-7.25],[153.5,-5.5],[153.5,-4.75],[153.15,-4.0],[151.5,-2.81],[150.79,-2.75],[151.44,-3.5],[151.55,-4.0],[151.25,-4.36],[149.75,-5.1],[148.5,-5.13],[147.5,-5.77],[147.15,-5.75],[147.24,-5.5],[147.0,-5.3],[146.25,-5.11],[146.0,-4.5],[145.75,-4.74],[145.0,-4.41],[144.73,-4.5],[144.75,-4.81],[141.5,-4.57],[141.33,-4.5],[141.5,-4.22],[141.25,-4.2],[141.0,-4.54],[140.0,-3.62],[139.75,-3.72],[138.75,-3.26],[137.0,-3.25],[136.82,-3.0],[138.13,-2.5],[137.0,-2.43],[136.75,-2.87],[135.25,-3.58],[134.04,-2.25],[134.2,-1.25],[132.75,-0.36],[130.45,-1.0],[130.68,-1.5],[130.0,-1.66],[129.78,-2.0],[130.0,-2.59],[128.25,-2.77],[127.94,-2.0],[128.24,-1.5],[127.81,-1.0],[128.27,-0.75],[127.95,0.25],[128.55,0.5],[128.38,0.75],[128.71,1.25],[128.5,1.55],[128.0,1.18],[127.75,1.97],[127.25,1.01],[126.75,1.27],[126.5,1.09],[125.5,1.4],[125.25,1.27],[125.0,1.67],[124.0,0.97],[121.5,1.06],[121.0,1.34],[120.75,0.9],[120.25,0.77],[119.33,-2.25],[118.86,-2.75],[119.0,-3.49],[119.27,-3.5],[119.57,-4.0],[119.5,-5.81],[116.5,-5.13],[115.56,-4.5],[116.32,-3.5],[116.26,-2.75],[115.75,-2.35],[114.91,-3.75],[115.47,-4.25],[114.75,-5.05],[113.25,-5.56],[111.75,-5.55],[109.75,-5.09],[108.25,-4.28],[108.32,-3.75],[107.59,-3.25],[108.0,-3.18],[108.27,-2.75],[107.75,-1.83],[107.0,-2.62],[106.5,-2.42],[106.0,-1.7],[104.86,-1.0],[104.75,-0.03],[104.5,0.08],[104.25,-0.3],[103.31,0.5],[103.0,0.49],[102.83,1.0],[102.18,1.25],[101.55,2.25],[103.75,1.82],[103.9,2.0],[103.77,2.5],[103.13,3.0],[103.43,4.5],[103.18,5.0],[102.75,5.61],[102.0,5.84],[101.5,6.6],[100.25,7.23],[99.86,9.0],[99.25,9.02],[99.12,9.25],[99.15,10.5],[99.69,12.25],[99.54,13.25],[99.07,14.0],[99.43,15.25],[98.7,18.5],[99.0,19.17],[99.25,18.79],[99.68,19.0],[99.57,20.0],[100.0,20.77],[100.5,20.88],[100.83,20.25],[100.75,19.84],[100.47,19.75],[100.47,19.0],[100.75,19.24],[101.0,18.2],[101.75,18.79],[102.5,18.78],[103.0,18.44],[103.75,18.8],[105.0,17.72],[105.75,17.59],[105.85,17.75],[104.43,19.25],[105.01,20.0],[104.54,20.5],[104.77,20.75],[104.23,20.75],[103.84,21.25],[103.0,21.56],[102.5,20.41],[102.25,21.0],[102.47,21.25],[101.82,22.0],[102.25,22.17],[102.25,22.6],[103.0,22.33],[103.25,22.55],[104.5,21.16],[104.66,21.5],[104.0,22.68],[104.5,22.52],[105.0,22.97],[105.5,23.06],[105.74,23.0],[105.58,22.75],[105.75,22.6],[106.0,22.95],[106.5,22.87],[106.73,23.5],[106.03,24.0],[106.25,24.19],[107.5,24.1],[107.75,23.89],[109.19,24.0],[109.75,24.37],[110.0,23.55],[110.5,23.78],[111.25,23.61],[111.75,23.78],[111.75,23.25],[110.5,22.88],[110.25,23.07],[109.56,22.5],[109.75,22.1],[110.75,22.02],[111.5,21.55],[113.5,22.0],[115.0,21.88],[117.0,22.61],[121.0,25.33],[121.26,25.25],[120.72,24.5],[120.41,23.25],[120.75,22.12],[121.71,23.5],[122.26,25.25],[123.75,25.69],[125.0,26.66],[126.25,26.73],[128.0,27.23],[129.5,27.07],[131.75,27.46],[131.71,28.0],[132.42,29.0],[135.0,30.45],[146.75,31.57],[148.75,31.36],[150.0,30.8],[151.0,30.68],[152.04,30.25],[152.5,29.64],[154.0,28.62],[155.88,26.5],[157.36,24.25],[158.38,21.75],[159.27,20.75],[159.38,20.0],[158.75,19.13],[158.59,18.5],[158.89,18.0],[159.5,17.63],[160.75,18.0],[161.5,17.64],[161.75,18.09],[162.25,17.82],[162.49,18.0],[161.5,18.68],[161.32,19.0],[161.5,19.2],[162.55,18.5],[163.77,18.25],[163.39,18.0],[163.75,17.9],[164.05,18.0],[164.07,18.5],[164.5,18.59],[164.57,19.0],[165.0,19.28],[165.25,19.08],[166.5,19.67],[167.5,19.47],[167.75,19.76],[168.42,19.75],[168.75,20.28],[169.5,19.55],[170.0,19.46],[171.5,19.74],[172.0,20.05],[174.5,20.21],[175.75,20.89],[176.25,20.88],[178.25,21.67],[179.5,22.72],[180.0,22.86]]}},{"type":"Feature","properties":{"level":1012},"geometry":{"type":"LineString","coordinates":[[170.9,-10.5],[171.0,-10.73],[171.16,-10.5],[170.9,-10.5]]}},{"type":"Feature","properties":{"level":1012},"geometry":{"type":"LineString","coordinates":[[159.88,-9.75],[160.57,-9.75],[160.0,-9.58],[159.88,-9.75]]}},{"type":"Feature","properties":{"level":1012},"geometry":{"type":"LineString","coordinates":[[-78.5,-9.08],[-78.68,-8.75],[-78.5,-8.63],[-78.5,-9.08]]}},{"type":"Feature","properties":{"level":1012},"geometry":{"type":"LineString","coordinates":[[155.39,-6.75],[155.75,-6.79],[155.91,-6.5],[155.0,-5.57],[154.75,-5.68],[154.84,-6.25],[155.39,-6.75]]}},{"type":"Feature","properties":{"level":1012},"geometry":{"type":"LineString","coordinates":[[-79.31,-6.5],[-79.25,-6.65],[-78.98,-5.25],[-78.75,-5.24],[-78.47,-4.75],[-78.7,-4.25],[-78.09,-3.25],[-78.25,-2.79],[-77.79,-2.25],[-77.79,-1.0],[-77.31,-0.5],[-77.43,0.25],[-76.5,1.16],[-75.25,1.91],[-74.5,3.22],[-74.0,3.51],[-73.31,4.75],[-72.4,5.5],[-71.8,6.5],[-72.15,7.0],[-72.1,7.5],[-72.75,7.62],[-73.25,8.31],[-73.18,7.0],[-72.61,6.5],[-72.68,6.25],[-73.0,6.44],[-73.5,5.88],[-73.75,6.19],[-74.02,6.0],[-74.82,3.25],[-75.75,1.88],[-76.01,2.0],[-75.54,3.0],[-75.55,3.75],[-75.04,4.75],[-75.32,7.25],[-76.5,8.02],[-76.75,7.76],[-77.0,7.85],[-77.25,8.36],[-77.5,8.31],[-77.5,7.96],[-78.44,7.75],[-78.5,7.33],[-79.64,6.25],[-79.38,6.0],[-79.25,5.19],[-78.89,5.25],[-79.13,5.5],[-79.0,6.19],[-78.59,5.75],[-78.5,5.11],[-78.0,4.99],[-77.5,5.34],[-76.98,4.25],[-77.25,2.82],[-77.67,2.5],[-77.95,1.5],[-78.91,0.5],[-78.82,0.25],[-79.18,-0.5],[-79.38,-1.5],[-79.22,-2.25],[-79.64,-2.75],[-79.78,-3.5],[-79.22,-4.0],[-80.06,-5.0],[-79.71,-5.25],[-79.56,-6.25],[-79.31,-6.5]]}},{"type":"Feature","properties":{"level":1012},"geometry":{"type":"LineString","coordinates":[[-36.04,-6.5],[-36.0,-6.31],[-36.04,-6.5]]}},{"type":"Feature","properties":{"level":1012},"geometry":{"type":"LineString","coordinates":[[138.0,-6.56],[137.5,-6.39],[137.54,-6.0],[137.13,-5.75],[137.25,-5.57],[138.29,-5.75],[138.46,-6.5],[138.0,-6.56]]}},{"type":"Feature","properties":{"level":1012},"geometry":{"type":"LineString","coordinates":[[29.95,-6.25],[30.5,-6.42],[30.79,-6.0],[30.75,-5.55],[30.32,-5.5],[29.95,-6.25]]}},{"type":"Feature","properties":{"level":1012},"geometry":{"type":"LineString","coordinates":[[-151.5,-6.06],[-151.0,-5.54],[-150.54,-5.75],[-150.78,-6.0],[-151.5,-6.06]]}},{"type":"Feature","properties":{"level":1012},"geometry":{"type":"LineString","coordinates":[[28.98,-5.5],[29.1,-4.75],[28.81,-4.5],[29.16,-3.75],[29.18,-3.0],[29.36,-3.75],[29.75,-4.23],[30.26,-3.5],[31.04,-3.0],[30.74,-2.5],[31.21,-1.75],[31.24,-1.25],[31.74,-1.0],[31.65,-0.75],[32.39,0.0],[32.5,0.5],[32.36,0.75],[31.58,1.0],[31.62,1.5],[30.18,1.0],[31.17,2.25],[30.75,3.19],[29.68,2.75],[29.66,2.25],[29.29,1.75],[28.96,1.75],[28.75,2.19],[27.75,2.25],[27.74,1.75],[27.5,1.56],[26.56,1.75],[26.39,2.0],[26.93,2.75],[26.0,3.41],[25.86,3.25],[26.16,2.75],[26.0,1.42],[26.75,-0.0],[27.42,-0.25],[28.09,-1.5],[27.01,-2.0],[27.95,-2.75],[27.75,-3.05],[27.5,-2.94],[27.46,-3.25],[27.75,-3.47],[28.06,-3.25],[27.67,-3.75],[28.5,-4.16],[28.98,-5.5]]}},{"type":"Feature","properties":{"level":1012},"geometry":{"type":"LineString","coordinates":[[149.22,-4.75],[149.75,-4.77],[149.81,-4.5],[149.5,-4.21],[149.15,-4.5],[149.22,-4.75]]}},{"type":"Feature","properties":{"level":1012},"geometry":{"type":"LineString","coordinates":[[140.52,-3.75],[141.0,-3.76],[141.0,-3.6],[140.52,-3.75]]}},{"type":"Feature","properties":{"level":1012},"geometry":{"type":"LineString","coordinates":[[133.5,-3.52],[133.34,-2.25],[133.75,-2.17],[133.81,-2.5],[133.5,-2.75],[133.78,-3.0],[133.5,-3.52]]}},{"type":"Feature","properties":{"level":1012},"geometry":{"type":"LineString","coordinates":[[141.83,-3.5],[142.5,-3.74],[143.36,-3.5],[141.75,-3.12],[140.79,-3.25],[141.0,-3.48],[141.5,-3.3],[141.83,-3.5]]}},{"type":"Feature","properties":{"level":1012},"geometry":{"type":"LineString","coordinates":[[132.25,-3.38],[132.14,-3.25],[132.54,-3.25],[132.5,-3.46],[132.25,-3.38]]}},{"type":"Feature","properties":{"level":1012},"geometry":{"type":"LineString","coordinates":[[139.63,-3.0],[140.5,-3.15],[140.58,-3.0],[140.25,-2.65],[139.63,-2.75],[139.63,-3.0]]}},{"type":"Feature","properties":{"level":1012},"geometry":{"type":"LineString","coordinates":[[125.75,-2.79],[126.03,-2.75],[125.75,-2.79]]}},{"type":"Feature","properties":{"level":1012},"geometry":{"type":"LineString","coordinates":[[111.43,-2.5],[112.24,-2.25],[114.0,-0.42],[115.5,-0.25],[115.1,0.5],[116.24,0.75],[116.75,1.39],[117.5,1.25],[117.6,1.75],[117.0,1.81],[116.74,2.5],[116.99,3.0],[116.49,3.5],[117.31,4.5],[117.86,4.75],[117.87,5.0],[117.25,5.25],[117.0,6.49],[116.5,6.47],[115.75,5.54],[114.5,4.86],[113.5,3.3],[112.38,2.5],[112.34,2.0],[111.77,1.5],[112.75,1.32],[113.37,0.75],[112.13,0.0],[112.44,-0.25],[111.75,-0.75],[112.04,-1.0],[112.0,-1.34],[111.68,-1.25],[111.25,-0.28],[110.77,-0.5],[110.75,-1.81],[111.43,-2.5]]}},{"type":"Feature","properties":{"level":1012},"geometry":{"type":"LineString","coordinates":[[132.25,-2.56],[132.03,-2.5],[132.25,-2.23],[132.79,-2.5],[132.75,-2.69],[132.25,-2.56]]}},{"type":"Feature","properties":{"level":1012},"geometry":{"type":"LineString","coordinates":[[150.05,-2.5],[150.4,-2.5],[150.25,-2.33],[150.05,-2.5]]}},{"type":"Feature","properties":{"level":1012},"geometry":{"type":"LineString","coordinates":[[131.5,-2.07],[131.23,-1.75],[131.36,-1.5],[132.06,-1.5],[132.0,-1.83],[131.5,-2.07]]}},{"type":"Feature","properties":{"level":1012},"geometry":{"type":"LineString","coordinates":[[107.71,-1.5],[107.81,-1.25],[107.5,-0.97],[107.41,-1.25],[107.71,-1.5]]}},{"type":"Feature","properties":{"level":1012},"geometry":{"type":"LineString","coordinates":[[115.92,-1.5],[116.0,-1.64],[115.92,-1.5]]}},{"type":"Feature","properties":{"level":1012},"geometry":{"type":"LineString","coordinates":[[121.0,-1.25],[120.25,-0.75],[120.25,0.05],[120.5,0.27],[121.0,0.03],[122.26,0.25],[122.31,-0.5],[121.5,-0.66],[121.0,-1.25]]}},{"type":"Feature","properties":{"level":1012},"geometry":{"type":"LineString","coordinates":[[127.5,-1.28],[127.35,-1.25],[127.53,-1.0],[127.5,-1.28]]}},{"type":"Feature","properties":{"level":1012},"geometry":{"type":"LineString","coordinates":[[-149.78,-1.0],[-149.25,-0.97],[-148.5,-0.27],[-147.99,0.75],[-148.23,1.0],[-149.0,0.83],[-149.25,0.39],[-149.5,0.53],[-149.81,0.25],[-150.0,0.0],[-149.66,-0.75],[-149.78,-1.0]]}},{"type":"Feature","properties":{"level":1012},"geometry":{"type":"LineString","coordinates":[[-91.39,-1.0],[-91.07,-1.0],[-91.39,-1.0]]}},{"type":"Feature","properties":{"level":1012},"geometry":{"type":"LineString","coordinates":[[104.25,-1.06],[104.06,-1.0],[104.25,-0.59],[104.42,-1.0],[104.25,-1.06]]}},{"type":"Feature","properties":{"level":1012},"geometry":{"type":"LineString","coordinates":[[-163.27,-0.5],[-163.25,-0.33],[-163.27,-0.5]]}},{"type":"Feature","properties":{"level":1012},"geometry":{"type":"LineString","coordinates":[[27.75,-0.32],[28.11,0.25],[28.14,1.25],[28.75,1.29],[28.93,0.75],[28.07,-0.25],[27.75,-0.32]]}},{"type":"Feature","properties":{"level":1012},"geometry":{"type":"LineString","coordinates":[[110.44,-0.25],[110.5,-0.4],[110.44,-0.25]]}},{"type":"Feature","properties":{"level":1012},"geometry":{"type":"LineString","coordinates":[[130.84,-0.25],[131.0,-0.45],[131.27,-0.25],[130.84,-0.25]]}},{"type":"Feature","properties":{"level":1012},"geometry":{"type":"LineString","coordinates":[[-166.27,0.0],[-165.52,0.0],[-166.0,0.18],[-166.27,0.0]]}},{"type":"Feature","properties":{"level":1012},"geometry":{"type":"LineString","coordinates":[[-165.46,0.0],[-165.25,-0.19],[-164.75,0.4],[-164.25,0.17],[-163.22,1.0],[-163.09,2.0],[-164.11,3.5],[-164.75,3.77],[-166.0,3.73],[-166.61,3.25],[-167.07,2.25],[-167.05,1.25],[-166.71,0.75],[-166.0,0.36],[-165.66,0.5],[-165.46,0.0]]}},{"type":"Feature","properties":{"level":1012},"geometry":{"type":"LineString","coordinates":[[-163.02,0.0],[-162.75,-0.12],[-162.46,0.25],[-162.75,0.63],[-163.02,0.0]]}},{"type":"Feature","properties":{"level":1012},"geometry":{"type":"LineString","coordinates":[[127.0,0.04],[126.83,0.25],[127.0,0.45],[127.0,0.04]]}},{"type":"Feature","properties":{"level":1012},"geometry":{"type":"LineString","coordinates":[[-140.51,0.75],[-140.25,1.09],[-139.25,1.26],[-137.75,1.98],[-136.09,3.5],[-135.75,3.51],[-135.5,3.11],[-134.76,3.25],[-134.14,4.75],[-134.33,5.25],[-134.75,5.43],[-135.75,6.9],[-136.27,6.75],[-136.16,7.25],[-135.79,7.5],[-136.5,7.82],[-137.0,7.65],[-137.25,8.0],[-137.75,7.63],[-138.0,8.03],[-138.32,8.0],[-138.83,8.5],[-140.0,8.5],[-140.25,9.75],[-141.16,8.5],[-140.79,7.0],[-141.4,6.5],[-141.2,6.25],[-141.84,4.5],[-142.25,4.36],[-142.5,4.52],[-142.75,4.23],[-142.88,3.5],[-142.46,3.0],[-143.01,2.25],[-142.5,2.1],[-142.25,1.6],[-140.94,1.5],[-140.83,1.0],[-140.51,0.75]]}},{"type":"Feature","properties":{"level":1012},"geometry":{"type":"LineString","coordinates":[[109.15,0.75],[110.0,0.62],[110.25,0.78],[110.28,1.25],[110.0,1.39],[109.15,0.75]]}},{"type":"Feature","properties":{"level":1012},"geometry":{"type":"LineString","coordinates":[[127.75,0.93],[127.75,1.09],[127.75,0.93]]}},{"type":"Feature","properties":{"level":1012},"geometry":{"type":"LineString","coordinates":[[-140.5,1.44],[-140.25,1.8],[-140.16,1.5],[-140.5,1.44]]}},{"type":"Feature","properties":{"level":1012},"geometry":{"type":"LineString","coordinates":[[5.5,1.74],[5.28,2.75],[5.5,3.68],[6.11,3.0],[6.34,1.75],[5.5,1.74]]}},{"type":"Feature","properties":{"level":1012},"geometry":{"type":"LineString","coordinates":[[-140.25,2.09],[-140.64,2.5],[-140.25,2.91],[-140.0,2.78],[-139.84,3.0],[-140.05,3.5],[-139.75,3.6],[-139.38,2.75],[-140.25,2.09]]}},{"type":"Feature","properties":{"level":1012},"geometry":{"type":"LineString","coordinates":[[128.37,2.25],[128.57,2.25],[128.5,2.51],[128.37,2.25]]}},{"type":"Feature","properties":{"level":1012},"geometry":{"type":"LineString","coordinates":[[-165.0,2.64],[-165.0,2.86],[-164.85,2.75],[-165.0,2.64]]}},{"type":"Feature","properties":{"level":1012},"geometry":{"type":"LineString","coordinates":[[37.25,2.75],[37.5,2.94],[37.62,2.75],[37.25,2.75]]}},{"type":"Feature","properties":{"level":1012},"geometry":{"type":"LineString","coordinates":[[-123.25,3.0],[-122.88,3.0],[-123.0,3.42],[-123.25,3.0]]}},{"type":"Feature","properties":{"level":1012},"geometry":{"type":"LineString","coordinates":[[-139.0,3.21],[-139.0,3.62],[-139.0,3.21]]}},{"type":"Feature","properties":{"level":1012},"geometry":{"type":"LineString","coordinates":[[9.0,3.04],[9.0,3.56],[9.3,3.75],[9.39,3.5],[9.0,3.04]]}},{"type":"Feature","properties":{"level":1012},"geometry":{"type":"LineString","coordinates":[[-138.75,4.18],[-138.75,4.35],[-138.52,4.25],[-138.75,4.18]]}},{"type":"Feature","properties":{"level":1012},"geometry":{"type":"LineString","coordinates":[[8.75,4.13],[8.58,4.25],[8.75,4.31],[8.75,4.13]]}},{"type":"Feature","properties":{"level":1012},"geometry":{"type":"LineString","coordinates":[[24.46,4.25],[24.75,4.37],[25.25,4.13],[25.5,4.35],[25.5,4.77],[25.25,4.71],[25.0,4.99],[24.5,4.81],[24.25,5.09],[23.75,4.84],[24.46,4.25]]}},{"type":"Feature","properties":{"level":1012},"geometry":{"type":"LineString","coordinates":[[-135.5,4.43],[-135.5,4.77],[-135.5,4.43]]}},{"type":"Feature","properties":{"level":1012},"geometry":{"type":"LineString","coordinates":[[-3.5,4.68],[-3.71,5.0],[-3.25,5.18],[-3.1,5.0],[-3.5,4.68]]}},{"type":"Feature","properties":{"level":1012},"geometry":{"type":"LineString","coordinates":[[-78.79,5.0],[-78.61,5.0],[-78.79,5.0]]}},{"type":"Feature","properties":{"level":1012},"geometry":{"type":"LineString","coordinates":[[-125.03,5.25],[-124.25,5.08],[-124.06,5.25],[-123.86,6.0],[-123.51,6.25],[-123.75,6.68],[-124.75,5.97],[-125.03,5.25]]}},{"type":"Feature","properties":{"level":1012},"geometry":{"type":"LineString","coordinates":[[25.62,5.25],[25.75,5.12],[25.89,5.75],[25.5,6.14],[25.35,6.0],[25.62,5.25]]}},{"type":"Feature","properties":{"level":1012},"geometry":{"type":"LineString","coordinates":[[-137.5,5.37],[-137.86,6.75],[-137.5,7.22],[-136.88,6.5],[-137.5,5.37]]}},{"type":"Feature","properties":{"level":1012},"geometry":{"type":"LineString","coordinates":[[-122.88,5.75],[-122.65,5.75],[-122.75,5.9],[-122.88,5.75]]}},{"type":"Feature","properties":{"level":1012},"geometry":{"type":"LineString","coordinates":[[-140.5,5.93],[-140.53,6.25],[-140.23,6.25],[-140.5,5.93]]}},{"type":"Feature","properties":{"level":1012},"geometry":{"type":"LineString","coordinates":[[-0.54,6.0],[-0.21,6.25],[-0.54,6.0]]}},{"type":"Feature","properties":{"level":1012},"geometry":{"type":"LineString","coordinates":[[124.62,6.0],[125.0,6.0],[125.16,6.5],[125.0,6.63],[124.75,6.39],[124.25,6.94],[124.08,6.5],[124.62,6.0]]}},{"type":"Feature","properties":{"level":1012},"geometry":{"type":"LineString","coordinates":[[-78.5,6.12],[-78.5,6.33],[-78.22,6.25],[-78.5,6.12]]}},{"type":"Feature","properties":{"level":1012},"geometry":{"type":"LineString","coordinates":[[5.13,6.25],[6.25,6.0],[6.6,6.25],[6.4,6.75],[5.95,7.0],[6.35,7.25],[6.11,7.75],[6.25,8.07],[5.5,7.83],[5.0,8.05],[4.61,7.5],[4.34,7.0],[5.0,6.7],[5.13,6.25]]}},{"type":"Feature","properties":{"level":1012},"geometry":{"type":"LineString","coordinates":[[-125.64,6.5],[-125.23,6.5],[-125.64,6.5]]}},{"type":"Feature","properties":{"level":1012},"geometry":{"type":"LineString","coordinates":[[7.22,6.5],[7.5,6.42],[7.61,7.0],[7.59,7.5],[7.25,7.67],[6.93,7.5],[7.35,7.0],[7.22,6.5]]}},{"type":"Feature","properties":{"level":1012},"geometry":{"type":"LineString","coordinates":[[42.25,6.45],[42.09,6.5],[42.25,6.45]]}},{"type":"Feature","properties":{"level":1012},"geometry":{"type":"LineString","coordinates":[[125.06,7.0],[125.25,6.83],[125.41,7.0],[125.24,8.0],[125.42,8.25],[125.0,8.81],[124.75,8.34],[123.92,8.0],[123.92,7.75],[124.5,7.39],[125.0,7.8],[125.06,7.0]]}},{"type":"Feature","properties":{"level":1012},"geometry":{"type":"LineString","coordinates":[[-80.86,7.25],[-80.5,7.18],[-80.46,7.5],[-80.75,7.71],[-80.86,7.25]]}},{"type":"Feature","properties":{"level":1012},"geometry":{"type":"LineString","coordinates":[[0.7,7.25],[0.75,7.67],[0.7,7.25]]}},{"type":"Feature","properties":{"level":1012},"geometry":{"type":"LineString","coordinates":[[19.96,7.25],[20.5,7.12],[21.25,7.36],[21.75,7.12],[22.32,8.25],[21.25,8.62],[20.5,8.59],[20.34,8.5],[20.5,8.08],[19.93,7.5],[19.96,7.25]]}},{"type":"Feature","properties":{"level":1012},"geometry":{"type":"LineString","coordinates":[[99.0,7.18],[98.41,7.75],[98.5,8.12],[99.0,8.03],[99.29,7.5],[99.0,7.18]]}},{"type":"Feature","properties":{"level":1012},"geometry":{"type":"LineString","coordinates":[[-72.06,7.75],[-71.0,8.09],[-69.55,9.5],[-70.0,9.58],[-71.0,9.13],[-71.39,8.5],[-72.0,8.19],[-72.06,7.75]]}},{"type":"Feature","properties":{"level":1012},"geometry":{"type":"LineString","coordinates":[[122.93,8.0],[123.25,7.91],[123.79,8.25],[123.5,8.37],[122.93,8.0]]}},{"type":"Feature","properties":{"level":1012},"geometry":{"type":"LineString","coordinates":[[-82.13,8.5],[-81.5,8.26],[-80.66,8.5],[-82.25,8.9],[-83.25,9.85],[-84.25,10.33],[-84.72,10.25],[-84.25,10.11],[-84.09,9.5],[-83.02,8.75],[-82.13,8.5]]}},{"type":"Feature","properties":{"level":1012},"geometry":{"type":"LineString","coordinates":[[8.56,9.25],[9.0,9.04],[9.61,9.25],[9.68,9.5],[9.0,10.62],[8.5,9.91],[8.0,9.98],[7.91,9.5],[8.5,9.51],[8.56,9.25]]}},{"type":"Feature","properties":{"level":1012},"geometry":{"type":"LineString","coordinates":[[103.9,10.75],[104.09,10.75],[103.94,11.75],[104.27,12.0],[102.75,12.59],[102.78,12.0],[103.75,11.46],[103.9,10.75]]}},{"type":"Feature","properties":{"level":1012},"geometry":{"type":"LineString","coordinates":[[10.97,11.0],[11.0,10.85],[11.25,11.41],[10.81,11.25],[10.97,11.0]]}},{"type":"Feature","properties":{"level":1012},"geometry":{"type":"LineString","coordinates":[[107.56,11.25],[108.0,11.07],[108.75,11.34],[109.08,11.75],[109.31,12.75],[108.83,14.0],[108.91,14.5],[108.48,15.25],[107.8,15.75],[107.9,16.0],[106.99,16.5],[106.0,17.55],[105.98,17.25],[106.52,16.5],[106.28,16.25],[106.41,15.75],[105.9,15.25],[106.02,15.0],[106.5,14.7],[106.75,14.16],[107.48,14.0],[107.95,13.5],[107.75,12.88],[107.25,12.87],[106.9,12.5],[107.56,11.25]]}},{"type":"Feature","properties":{"level":1012},"geometry":{"type":"LineString","coordinates":[[-37.59,11.75],[-37.5,11.88],[-37.59,11.75]]}},{"type":"Feature","properties":{"level":1012},"geometry":{"type":"LineString","coordinates":[[41.0,11.58],[40.81,12.0],[41.48,12.0],[41.0,11.58]]}},{"type":"Feature","properties":{"level":1012},"geometry":{"type":"LineString","coordinates":[[98.5,11.63],[97.5,12.5],[96.4,12.75],[96.25,13.93],[94.98,15.5],[95.35,15.75],[95.3,16.0],[94.3,17.0],[94.29,17.75],[94.75,17.5],[95.06,18.25],[94.68,19.75],[94.25,20.5],[94.25,21.7],[94.53,22.25],[94.16,23.25],[94.69,24.5],[95.75,25.69],[96.08,25.25],[95.54,25.0],[95.5,24.61],[95.24,24.5],[95.5,23.92],[95.89,24.0],[95.92,24.5],[96.25,24.45],[96.75,24.83],[96.75,25.32],[97.5,25.39],[97.25,24.18],[96.55,23.25],[96.08,23.0],[96.36,21.75],[96.16,20.5],[96.34,19.25],[97.1,17.5],[97.75,17.1],[97.77,15.0],[98.75,12.5],[98.5,11.63]]}},{"type":"Feature","properties":{"level":1012},"geometry":{"type":"LineString","coordinates":[[-4.53,12.0],[-4.34,12.25],[-4.5,12.54],[-4.7,12.25],[-4.53,12.0]]}},{"type":"Feature","properties":{"level":1012},"geometry":{"type":"LineString","coordinates":[[-145.09,12.25],[-144.72,12.5],[-145.0,12.71],[-145.09,12.25]]}},{"type":"Feature","properties":{"level":1012},"geometry":{"type":"LineString","coordinates":[[-144.31,12.25],[-144.0,12.41],[-144.0,12.77],[-144.45,12.5],[-144.31,12.25]]}},{"type":"Feature","properties":{"level":1012},"geometry":{"type":"LineString","coordinates":[[-8.79,12.25],[-8.25,12.44],[-8.19,12.75],[-8.75,12.71],[-8.79,12.25]]}},{"type":"Feature","properties":{"level":1012},"geometry":{"type":"LineString","coordinates":[[41.5,12.38],[40.75,12.69],[40.41,13.25],[40.5,14.28],[41.84,12.75],[41.5,12.38]]}},{"type":"Feature","properties":{"level":1012},"geometry":{"type":"LineString","coordinates":[[102.41,12.75],[102.59,12.75],[102.41,12.75]]}},{"type":"Feature","properties":{"level":1012},"geometry":{"type":"LineString","coordinates":[[-86.34,13.0],[-86.0,12.9],[-85.83,13.25],[-86.25,13.97],[-86.61,14.0],[-86.75,13.64],[-87.5,14.65],[-88.75,15.2],[-89.5,14.85],[-89.58,15.25],[-90.25,15.6],[-91.0,15.63],[-91.75,16.25],[-91.75,16.57],[-92.75,16.99],[-92.89,16.75],[-92.25,16.22],[-91.75,16.24],[-91.76,15.75],[-92.75,15.73],[-92.75,15.5],[-91.75,14.7],[-89.75,14.27],[-89.5,13.94],[-88.5,14.01],[-87.25,13.75],[-86.34,13.0]]}},{"type":"Feature","properties":{"level":1012},"geometry":{"type":"LineString","coordinates":[[21.67,13.5],[22.0,13.28],[22.78,13.75],[22.5,13.83],[22.0,15.01],[21.65,14.75],[21.52,14.25],[21.67,13.5]]}},{"type":"Feature","properties":{"level":1012},"geometry":{"type":"LineString","coordinates":[[-4.12,13.75],[-3.75,13.76],[-3.75,14.23],[-4.12,14.25],[-4.12,13.75]]}},{"type":"Feature","properties":{"level":1012},"geometry":{"type":"LineString","coordinates":[[101.4,14.25],[102.43,14.25],[101.5,14.7],[101.16,14.5],[101.4,14.25]]}},{"type":"Feature","properties":{"level":1012},"geometry":{"type":"LineString","coordinates":[[-4.75,14.39],[-5.0,14.5],[-4.61,14.5],[-4.75,14.39]]}},{"type":"Feature","properties":{"level":1012},"geometry":{"type":"LineString","coordinates":[[-90.5,14.71],[-90.75,15.16],[-91.34,15.25],[-90.5,15.44],[-90.08,15.0],[-90.5,14.71]]}},{"type":"Feature","properties":{"level":1012},"geometry":{"type":"LineString","coordinates":[[-24.61,14.75],[-24.25,14.67],[-24.04,15.0],[-24.25,15.23],[-24.61,15.0],[-24.61,14.75]]}},{"type":"Feature","properties":{"level":1012},"geometry":{"type":"LineString","coordinates":[[121.1,16.0],[121.5,15.97],[121.66,16.25],[121.25,16.5],[121.34,17.5],[121.0,18.4],[120.52,16.5],[121.1,16.0]]}},{"type":"Feature","properties":{"level":1012},"geometry":{"type":"LineString","coordinates":[[101.35,16.25],[101.75,16.14],[101.81,16.75],[101.53,17.5],[101.0,17.96],[100.67,17.5],[100.8,16.75],[101.0,16.39],[101.25,17.06],[101.35,16.25]]}},{"type":"Feature","properties":{"level":1012},"geometry":{"type":"LineString","coordinates":[[-100.03,17.25],[-99.26,17.5],[-99.75,17.79],[-101.13,18.0],[-101.0,17.67],[-100.03,17.25]]}},{"type":"Feature","properties":{"level":1012},"geometry":{"type":"LineString","coordinates":[[-72.0,17.74],[-72.16,18.0],[-71.79,18.0],[-71.66,17.75],[-72.0,17.74]]}},{"type":"Feature","properties":{"level":1012},"geometry":{"type":"LineString","coordinates":[[-12.79,18.0],[-12.75,17.85],[-12.75,18.59],[-13.03,18.5],[-12.79,18.0]]}},{"type":"Feature","properties":{"level":1012},"geometry":{"type":"LineString","coordinates":[[-77.0,18.41],[-77.0,18.62],[-76.73,18.5],[-77.0,18.41]]}},{"type":"Feature","properties":{"level":1012},"geometry":{"type":"LineString","coordinates":[[-71.75,18.46],[-71.28,18.5],[-71.75,18.46]]}},{"type":"Feature","properties":{"level":1012},"geometry":{"type":"LineString","coordinates":[[-11.18,18.5],[-10.9,18.5],[-11.0,19.08],[-11.43,18.75],[-11.18,18.5]]}},{"type":"Feature","properties":{"level":1012},"geometry":{"type":"LineString","coordinates":[[95.96,18.5],[96.0,19.16],[95.96,18.5]]}},{"type":"Feature","properties":{"level":1012},"geometry":{"type":"LineString","coordinates":[[109.2,18.5],[109.5,18.35],[110.0,18.59],[110.14,19.0],[109.25,19.24],[108.88,18.75],[109.2,18.5]]}},{"type":"Feature","properties":{"level":1012},"geometry":{"type":"LineString","coordinates":[[164.95,18.5],[165.0,18.66],[164.95,18.5]]}},{"type":"Feature","properties":{"level":1012},"geometry":{"type":"LineString","coordinates":[[-72.25,18.69],[-72.46,18.75],[-72.0,18.75],[-72.25,18.69]]}},{"type":"Feature","properties":{"level":1012},"geometry":{"type":"LineString","coordinates":[[-71.5,19.47],[-71.74,19.75],[-71.5,19.84],[-70.75,19.5],[-71.5,19.47]]}},{"type":"Feature","properties":{"level":1012},"geometry":{"type":"LineString","coordinates":[[-101.0,19.91],[-101.25,20.17],[-102.5,20.1],[-102.59,20.5],[-102.0,20.58],[-101.91,21.0],[-102.0,21.22],[-102.5,21.22],[-103.0,21.8],[-102.5,21.88],[-102.25,22.27],[-101.74,21.25],[-101.0,20.83],[-100.75,21.07],[-100.43,20.0],[-101.0,19.91]]}},{"type":"Feature","properties":{"level":1012},"geometry":{"type":"LineString","coordinates":[[-77.0,20.43],[-77.39,21.0],[-76.47,21.0],[-76.25,20.48],[-77.0,20.43]]}},{"type":"Feature","properties":{"level":1012},"geometry":{"type":"LineString","coordinates":[[-2.5,20.73],[-2.59,21.0],[-2.25,21.25],[-1.69,21.25],[-1.75,20.7],[-2.5,20.73]]}},{"type":"Feature","properties":{"level":1012},"geometry":{"type":"LineString","coordinates":[[86.5,20.91],[86.75,21.78],[87.3,22.5],[87.0,22.75],[87.11,23.25],[86.91,23.75],[87.23,24.5],[86.0,24.85],[84.61,24.75],[83.5,25.17],[82.0,25.03],[79.25,25.23],[77.75,26.05],[76.0,26.03],[75.42,26.5],[76.27,27.25],[75.5,27.76],[74.0,26.99],[71.5,26.74],[69.75,25.41],[68.0,25.44],[67.07,26.5],[67.41,29.75],[68.0,30.01],[69.25,29.29],[70.0,29.83],[70.11,31.5],[69.76,32.0],[70.18,32.5],[70.25,33.21],[71.31,33.75],[71.25,34.01],[70.11,34.5],[72.0,34.58],[72.5,34.35],[73.19,33.75],[76.0,32.27],[76.93,30.75],[78.5,29.69],[79.5,29.12],[81.25,28.68],[82.5,27.81],[84.5,27.51],[87.5,26.63],[92.82,26.75],[92.66,26.25],[90.15,25.75],[90.25,25.29],[91.26,25.0],[91.38,24.75],[91.16,24.5],[91.38,24.25],[90.95,23.5],[91.24,22.75],[91.02,22.5],[90.45,22.5],[90.0,22.0],[89.75,22.39],[89.5,22.33],[89.11,21.75],[87.75,21.0],[86.5,20.91]]}},{"type":"Feature","properties":{"level":1012},"geometry":{"type":"LineString","coordinates":[[105.72,22.25],[106.0,22.17],[106.0,22.53],[105.72,22.25]]}},{"type":"Feature","properties":{"level":1012},"geometry":{"type":"LineString","coordinates":[[38.0,22.47],[36.98,23.25],[37.75,24.52],[38.5,24.46],[39.14,23.0],[39.0,22.68],[38.0,22.47]]}},{"type":"Feature","properties":{"level":1012},"geometry":{"type":"LineString","coordinates":[[-4.0,22.6],[-4.0,22.86],[-4.0,22.6]]}},{"type":"Feature","properties":{"level":1012},"geometry":{"type":"LineString","coordinates":[[111.5,22.73],[111.73,22.75],[111.5,22.73]]}},{"type":"Feature","properties":{"level":1012},"geometry":{"type":"LineString","coordinates":[[-180.0,22.86],[-175.0,25.91],[-174.0,26.28],[-171.5,26.56],[-169.5,26.12],[-168.8,25.75],[-167.25,24.25],[-165.22,19.25],[-164.92,18.0],[-163.94,16.25],[-162.5,14.87],[-161.25,14.19],[-159.5,12.71],[-158.75,12.83],[-157.25,12.38],[-156.0,11.71],[-154.25,11.94],[-153.25,12.39],[-152.5,12.19],[-151.85,12.5],[-151.25,13.3],[-150.5,13.0],[-150.0,13.17],[-149.75,14.92],[-149.25,15.52],[-148.5,15.87],[-147.5,15.79],[-146.73,15.25],[-145.99,14.0],[-146.12,13.25],[-145.75,12.57],[-145.0,12.78],[-144.5,13.86],[-144.0,13.92],[-143.75,13.54],[-140.5,15.18],[-139.25,15.38],[-137.75,15.29],[-136.75,15.66],[-133.5,15.59],[-133.0,15.97],[-132.83,16.5],[-131.0,17.55],[-129.0,17.26],[-128.5,17.44],[-128.0,18.02],[-125.49,19.5],[-124.78,20.5],[-121.9,28.5],[-122.59,30.5],[-122.27,31.75],[-122.59,34.0],[-123.0,34.75],[-122.89,35.5],[-123.23,36.25],[-123.09,38.0],[-123.66,39.25],[-123.5,39.5],[-122.75,38.63],[-122.25,38.37],[-121.85,38.5],[-122.25,39.33],[-122.25,40.14],[-121.45,39.5],[-120.62,38.0],[-119.0,36.35],[-118.69,35.25],[-119.0,35.0],[-119.64,35.25],[-120.39,36.5],[-121.01,37.0],[-121.1,36.5],[-120.35,35.75],[-119.88,34.75],[-119.5,34.51],[-118.5,34.54],[-117.75,34.12],[-117.25,34.17],[-115.5,30.72],[-115.25,30.59],[-115.19,31.0],[-116.17,33.25],[-116.0,33.58],[-115.25,33.27],[-114.25,34.1],[-114.25,33.25],[-112.5,33.34],[-112.5,32.43],[-111.75,32.44],[-111.65,31.5],[-110.56,30.0],[-110.0,29.53],[-109.5,29.56],[-109.03,29.25],[-109.0,28.08],[-108.5,28.25],[-108.35,27.25],[-107.73,27.0],[-107.86,26.5],[-107.25,26.16],[-107.08,25.5],[-106.19,24.75],[-106.29,24.25],[-105.82,23.5],[-105.03,23.0],[-104.75,22.14],[-104.5,22.42],[-104.21,21.25],[-104.47,21.0],[-103.76,19.5],[-102.75,19.62],[-101.75,19.07],[-100.5,19.34],[-99.75,18.44],[-99.61,18.75],[-98.5,18.88],[-98.25,19.19],[-97.75,18.98],[-97.6,17.75],[-97.75,17.52],[-99.24,17.5],[-98.75,17.04],[-98.0,17.09],[-97.19,16.5],[-97.32,16.25],[-96.5,15.91],[-95.84,16.25],[-96.1,16.75],[-95.75,16.69],[-95.58,17.0],[-96.82,18.5],[-96.75,19.91],[-97.59,20.25],[-98.41,21.5],[-98.75,21.5],[-99.01,23.0],[-98.75,23.05],[-98.0,22.49],[-97.5,23.3],[-97.45,23.5],[-97.75,23.55],[-98.29,24.25],[-97.94,26.5],[-97.75,26.69],[-97.25,26.38],[-96.0,27.94],[-94.25,28.53],[-92.25,28.17],[-91.39,27.25],[-90.93,26.0],[-88.89,23.25],[-86.0,21.99],[-85.25,20.75],[-82.5,18.63],[-81.25,18.18],[-79.25,18.08],[-77.75,18.27],[-77.5,17.78],[-76.75,18.13],[-76.25,17.31],[-75.0,17.59],[-73.5,17.36],[-72.25,16.95],[-71.0,15.9],[-69.25,15.38],[-68.0,14.32],[-66.5,13.99],[-65.25,14.04],[-63.75,13.43],[-63.5,13.62],[-62.75,13.51],[-61.25,12.48],[-60.75,12.72],[-60.25,12.64],[-60.0,13.18],[-58.0,13.0],[-57.5,13.42],[-55.75,13.32],[-55.25,13.7],[-55.0,13.43],[-54.5,14.14],[-53.5,13.91],[-53.0,14.42],[-51.75,14.18],[-51.25,14.53],[-49.5,14.38],[-48.0,14.59],[-44.0,13.83],[-40.5,12.24],[-40.0,12.3],[-39.5,11.9],[-38.5,11.62],[-37.5,12.06],[-36.25,12.08],[-35.25,11.76],[-34.0,11.88],[-33.5,11.67],[-32.5,11.87],[-31.5,11.53],[-30.5,11.64],[-30.38,11.75],[-31.25,12.64],[-31.0,12.74],[-30.0,12.34],[-29.0,12.72],[-28.93,13.25],[-28.25,13.53],[-27.48,13.5],[-27.48,14.5],[-25.75,14.99],[-25.5,15.5],[-23.75,16.43],[-22.73,16.25],[-22.07,17.25],[-21.5,17.53],[-21.0,17.45],[-20.86,17.0],[-20.25,17.09],[-19.54,18.0],[-19.52,18.25],[-19.9,18.5],[-19.59,19.0],[-19.79,19.75],[-18.78,20.75],[-18.78,21.5],[-18.37,22.75],[-16.5,24.25],[-13.25,26.0],[-12.93,26.75],[-12.5,26.95],[-12.0,26.81],[-11.25,27.19],[-11.01,26.5],[-11.5,25.67],[-10.0,25.7],[-7.5,24.38],[-5.92,24.25],[-6.32,24.0],[-6.11,23.5],[-6.84,23.25],[-7.0,22.53],[-7.5,22.68],[-8.0,22.3],[-8.5,22.69],[-9.5,21.97],[-9.75,21.3],[-10.75,21.11],[-11.04,20.5],[-10.75,20.08],[-10.25,19.99],[-9.25,21.19],[-8.81,21.0],[-9.33,20.0],[-9.19,19.25],[-7.89,18.25],[-8.29,18.0],[-8.0,17.38],[-7.97,17.75],[-7.5,17.85],[-6.82,17.25],[-7.0,16.74],[-5.8,15.75],[-5.55,15.0],[-5.01,14.75],[-5.14,14.25],[-4.75,14.05],[-4.0,14.81],[-3.5,14.53],[-3.03,14.75],[-2.69,15.25],[-2.9,15.5],[-2.75,15.88],[-2.25,15.58],[-1.75,15.61],[-1.25,16.84],[0.75,17.96],[5.75,19.59],[7.5,19.44],[8.06,18.75],[8.32,17.25],[9.75,17.12],[11.0,18.18],[13.32,18.5],[14.34,19.0],[15.1,20.0],[15.04,20.75],[15.5,21.13],[15.9,21.0],[15.9,20.5],[15.53,20.0],[16.0,19.7],[16.25,19.88],[16.5,19.71],[17.0,20.03],[17.0,19.34],[17.62,19.0],[18.0,19.07],[18.25,19.51],[19.25,18.9],[21.0,19.35],[21.75,19.29],[22.62,19.0],[23.0,18.44],[23.75,18.34],[23.88,18.25],[23.64,18.0],[22.15,17.25],[22.75,16.53],[23.7,17.25],[25.0,18.86],[25.75,18.91],[26.89,18.5],[27.25,18.13],[28.0,19.4],[29.49,20.25],[30.5,20.71],[32.75,20.55],[33.25,21.1],[34.0,20.87],[34.25,20.17],[35.5,19.29],[36.01,17.75],[36.25,17.4],[36.75,17.46],[37.0,16.75],[37.62,17.0],[37.07,17.5],[37.5,17.93],[37.75,17.76],[37.67,16.5],[38.18,15.5],[37.0,14.99],[37.08,14.25],[34.75,11.26],[34.25,11.22],[34.0,11.5],[33.87,11.25],[34.25,10.0],[34.01,9.5],[34.43,8.5],[34.76,8.25],[34.81,6.75],[35.18,6.5],[34.75,5.71],[35.25,5.46],[36.0,6.37],[36.5,4.8],[37.0,5.44],[36.67,3.75],[36.75,3.55],[37.25,3.57],[37.36,3.25],[36.84,2.75],[36.25,0.8],[36.0,0.84],[35.82,2.0],[35.5,1.95],[34.93,2.75],[35.15,3.25],[35.0,3.43],[34.75,3.16],[33.75,4.43],[33.4,4.25],[33.75,4.0],[33.6,3.5],[34.5,2.58],[34.6,1.75],[34.1,1.0],[34.45,0.0],[35.0,-0.25],[34.25,-0.54],[34.05,-1.25],[34.28,-1.5],[33.83,-1.75],[34.84,-2.25],[34.35,-2.75],[34.67,-3.5],[35.12,-3.75],[34.4,-4.25],[34.62,-5.0],[34.25,-5.68],[33.74,-6.0],[33.81,-6.75],[34.52,-7.0],[34.25,-7.38],[33.75,-7.28],[33.0,-7.52],[32.81,-7.75],[33.21,-8.5],[33.0,-8.68],[32.25,-8.57],[31.0,-7.23],[30.87,-7.75],[31.27,-8.75],[30.0,-8.63],[29.75,-8.8],[29.74,-8.25],[30.27,-8.25],[30.16,-7.5],[29.25,-6.57],[28.41,-8.0],[27.5,-8.03],[26.97,-8.5],[26.75,-9.24],[25.58,-10.25],[25.98,-10.75],[26.0,-11.14],[25.75,-11.52],[25.24,-11.25],[24.82,-11.75],[25.49,-12.0],[25.92,-12.5],[25.11,-13.25],[25.25,-14.11],[24.0,-14.22],[24.0,-14.75],[23.0,-15.32],[22.06,-15.25],[21.75,-15.95],[21.25,-15.85],[20.5,-15.03],[20.25,-15.0],[19.75,-15.65],[19.5,-15.44],[19.25,-15.64],[19.0,-15.35],[18.94,-15.75],[19.82,-16.5],[19.88,-16.75],[19.48,-17.25],[19.98,-17.75],[19.67,-18.25],[20.12,-19.25],[20.5,-19.4],[20.86,-20.0],[20.93,-20.25],[20.5,-20.44],[18.5,-20.06],[17.75,-19.4],[16.25,-20.54],[16.25,-19.77],[14.71,-19.0],[14.69,-18.5],[15.07,-18.25],[15.17,-17.25],[15.69,-16.25],[14.89,-15.5],[14.97,-15.0],[15.25,-14.72],[16.0,-15.08],[16.38,-14.75],[16.1,-14.0],[16.26,-13.25],[16.5,-12.95],[16.75,-13.17],[17.0,-12.78],[17.14,-11.75],[16.5,-11.2],[16.0,-10.23],[15.0,-9.98],[14.25,-10.24],[13.73,-9.75],[13.5,-9.25],[13.75,-9.08],[14.5,-8.82],[14.75,-9.06],[15.0,-8.9],[15.5,-9.1],[16.07,-8.75],[16.08,-8.25],[15.0,-5.92],[14.59,-6.25],[14.84,-6.75],[14.5,-7.33],[13.75,-7.11],[13.5,-6.65],[12.53,-6.0],[12.39,-5.25],[13.0,-4.79],[12.96,-4.5],[12.0,-3.39],[11.47,-3.25],[11.21,-2.25],[11.25,-2.09],[13.0,-2.84],[13.61,-2.75],[12.88,-1.25],[12.5,-1.29],[11.75,-0.8],[11.17,0.0],[11.5,0.16],[12.5,-0.13],[13.0,0.34],[13.25,-0.05],[13.61,0.0],[12.7,1.25],[12.8,2.5],[13.0,2.95],[14.31,2.75],[14.25,3.2],[13.39,4.0],[13.38,4.5],[13.88,5.0],[14.75,5.04],[15.25,5.94],[15.75,5.85],[15.5,7.13],[15.0,7.24],[14.25,8.01],[13.25,7.69],[12.75,7.95],[11.75,7.65],[11.5,7.24],[11.0,7.5],[10.75,6.84],[9.04,6.5],[9.5,5.45],[8.5,5.81],[8.0,5.14],[7.25,5.62],[6.73,5.25],[6.75,4.77],[7.25,5.02],[8.05,4.5],[7.5,3.78],[7.12,4.0],[7.0,4.55],[6.5,4.84],[5.75,3.88],[5.5,3.93],[4.86,4.5],[4.85,5.25],[4.25,5.68],[4.25,4.78],[3.5,4.85],[3.25,4.5],[2.75,4.79],[2.0,4.6],[1.25,4.93],[0.0,4.39],[-0.75,4.35],[-2.0,5.09],[-3.0,5.34],[-6.5,5.46],[-7.55,6.75],[-7.22,7.75],[-7.35,9.0],[-7.25,9.14],[-7.15,8.25],[-5.75,8.12],[-5.25,8.69],[-5.25,9.02],[-5.5,8.96],[-6.0,9.55],[-6.75,9.81],[-7.23,9.75],[-7.5,9.4],[-8.25,9.96],[-9.0,9.91],[-10.0,10.56],[-10.5,10.49],[-11.0,11.0],[-10.91,11.75],[-12.25,12.39],[-12.75,12.38],[-12.84,11.75],[-13.25,11.48],[-14.5,11.84],[-15.5,10.87],[-17.25,10.6],[-17.75,9.96],[-18.25,10.16],[-19.0,10.06],[-19.25,9.67],[-19.76,9.75],[-19.89,9.0],[-19.7,8.5],[-21.0,8.24],[-22.9,7.25],[-23.32,6.75],[-23.37,6.5],[-22.94,6.0],[-23.31,5.5],[-25.25,4.44],[-25.75,4.44],[-27.0,2.7],[-27.25,3.08],[-27.75,2.84],[-29.0,0.77],[-29.25,1.32],[-30.52,0.25],[-32.0,-2.89],[-33.5,-3.06],[-33.75,-3.45],[-34.07,-3.5],[-34.28,-4.25],[-35.46,-5.0],[-35.15,-7.25],[-35.17,-7.75],[-35.68,-8.25],[-35.49,-8.75],[-36.47,-10.25],[-37.32,-11.0],[-38.39,-12.75],[-38.75,-12.68],[-39.23,-13.25],[-39.5,-14.45],[-39.75,-14.69],[-40.25,-14.28],[-40.5,-14.48],[-40.5,-15.03],[-39.75,-14.79],[-39.57,-15.0],[-40.0,-15.39],[-40.95,-15.5],[-41.0,-16.38],[-40.89,-16.0],[-40.5,-15.84],[-40.33,-16.0],[-41.0,-16.88],[-41.3,-16.75],[-41.44,-17.0],[-41.25,-17.51],[-41.5,-17.4],[-43.25,-17.88],[-43.75,-17.5],[-43.75,-17.15],[-44.0,-17.78],[-44.25,-17.46],[-44.75,-17.78],[-45.25,-17.49],[-46.5,-17.86],[-46.52,-17.25],[-47.75,-15.64],[-48.38,-15.75],[-48.1,-16.25],[-48.25,-16.39],[-48.75,-16.29],[-48.75,-16.68],[-48.5,-16.63],[-48.25,-17.1],[-47.44,-17.0],[-47.64,-18.0],[-46.4,-19.5],[-47.28,-19.5],[-47.18,-21.25],[-47.84,-21.75],[-47.25,-22.61],[-47.25,-23.3],[-47.5,-23.51],[-48.25,-23.43],[-49.19,-24.0],[-50.25,-24.11],[-50.27,-25.0],[-50.98,-25.5],[-51.22,-26.25],[-50.45,-27.0],[-50.25,-28.23],[-49.25,-27.99],[-48.76,-28.25],[-49.04,-30.5],[-51.25,-34.46],[-51.75,-34.44],[-52.75,-34.92],[-53.25,-34.46],[-53.75,-34.47],[-54.0,-34.95],[-54.51,-35.0],[-54.75,-35.51],[-55.0,-35.15],[-55.29,-35.25],[-55.63,-36.0],[-55.14,-37.75],[-54.25,-38.67],[-52.74,-42.5],[-52.66,-44.25],[-52.97,-45.5],[-54.03,-48.0],[-54.73,-49.0],[-61.3,-55.0],[-64.11,-58.25],[-66.5,-59.33],[-69.25,-60.14],[-79.25,-61.65],[-81.16,-62.5],[-81.95,-63.75],[-82.0,-65.0],[-80.75,-66.01],[-78.5,-66.66],[-75.0,-67.01],[-72.75,-66.54],[-71.21,-65.75],[-70.45,-64.75],[-68.34,-63.25],[-66.0,-62.15],[-62.75,-61.2],[-53.12,-59.0],[-45.75,-56.07],[-43.5,-54.91],[-42.0,-53.51],[-39.5,-50.52],[-37.33,-46.75],[-35.29,-44.0],[-33.52,-42.25],[-30.45,-40.25],[-29.69,-39.5],[-27.5,-38.38],[-26.0,-37.94],[-21.25,-36.84],[-12.25,-35.3],[-7.75,-35.19],[-5.25,-35.67],[-4.75,-35.41],[-1.75,-36.66],[2.5,-39.7],[9.5,-46.01],[11.5,-48.37],[14.38,-53.0],[15.5,-54.18],[17.5,-55.17],[19.5,-55.69],[24.25,-55.62],[31.64,-53.25],[37.5,-51.92],[42.5,-51.28],[44.75,-50.49],[46.75,-50.57],[51.75,-51.8],[56.25,-52.43],[61.0,-52.0],[68.75,-49.98],[69.25,-49.71],[69.08,-49.25],[69.25,-49.05],[70.0,-49.47],[70.25,-49.18],[70.75,-49.24],[77.0,-47.16],[82.37,-45.0],[87.75,-43.42],[94.75,-41.68],[102.75,-40.59],[107.0,-40.6],[111.75,-41.04],[116.0,-41.72],[119.25,-42.71],[130.5,-47.83],[141.0,-53.35],[144.25,-54.68],[147.0,-55.41],[153.5,-56.25],[163.75,-55.9],[173.5,-54.84],[180.0,-53.51]]}},{"type":"Feature","properties":{"level":1012},"geometry":{"type":"LineString","coordinates":[[113.0,22.96],[113.0,23.19],[113.0,22.96]]}},{"type":"Feature","properties":{"level":1012},"geometry":{"type":"LineString","coordinates":[[-8.04,23.25],[-7.68,23.25],[-8.04,23.25]]}},{"type":"Feature","properties":{"level":1012},"geometry":{"type":"LineString","coordinates":[[-5.5,23.41],[-5.66,23.5],[-5.25,23.72],[-4.44,23.5],[-5.5,23.41]]}},{"type":"Feature","properties":{"level":1012},"geometry":{"type":"LineString","coordinates":[[94.93,24.0],[95.0,23.83],[95.16,24.0],[94.93,24.0]]}},{"type":"Feature","properties":{"level":1012},"geometry":{"type":"LineString","coordinates":[[2.0,24.13],[1.83,24.25],[2.0,24.48],[2.23,24.25],[2.0,24.13]]}},{"type":"Feature","properties":{"level":1012},"geometry":{"type":"LineString","coordinates":[[2.5,24.36],[2.0,24.53],[1.6,25.0],[1.11,25.0],[0.75,25.42],[0.68,26.25],[0.88,26.5],[2.0,26.75],[3.25,26.56],[3.56,26.25],[3.5,24.95],[2.75,24.69],[2.5,24.36]]}},{"type":"Feature","properties":{"level":1012},"geometry":{"type":"LineString","coordinates":[[96.84,24.5],[97.17,24.5],[97.0,24.76],[96.84,24.5]]}},{"type":"Feature","properties":{"level":1012},"geometry":{"type":"LineString","coordinates":[[4.0,25.81],[4.0,26.26],[4.0,25.81]]}},{"type":"Feature","properties":{"level":1012},"geometry":{"type":"LineString","coordinates":[[-12.17,26.25],[-12.0,26.0],[-11.75,26.15],[-12.0,26.71],[-12.28,26.5],[-12.17,26.25]]}},{"type":"Feature","properties":{"level":1012},"geometry":{"type":"LineString","coordinates":[[96.75,26.34],[96.75,26.51],[96.75,26.34]]}},{"type":"Feature","properties":{"level":1012},"geometry":{"type":"LineString","coordinates":[[64.75,27.97],[64.04,28.25],[65.5,28.59],[64.75,27.97]]}},{"type":"Feature","properties":{"level":1012},"geometry":{"type":"LineString","coordinates":[[59.25,28.75],[58.0,29.99],[57.26,31.25],[57.25,31.79],[57.75,31.56],[58.25,31.64],[59.19,30.5],[59.76,29.25],[59.25,28.75]]}},{"type":"Feature","properties":{"level":1012},"geometry":{"type":"LineString","coordinates":[[62.0,29.75],[61.93,30.0],[62.25,30.19],[62.51,30.0],[62.0,29.75]]}},{"type":"Feature","properties":{"level":1012},"geometry":{"type":"LineString","coordinates":[[62.0,30.36],[61.29,31.0],[61.25,31.95],[62.25,31.73],[62.35,32.0],[63.25,32.31],[64.66,31.75],[63.75,30.75],[63.5,31.47],[63.0,31.59],[62.23,30.75],[62.45,30.5],[62.0,30.36]]}},{"type":"Feature","properties":{"level":1012},"geometry":{"type":"LineString","coordinates":[[-121.45,37.25],[-121.17,37.25],[-121.25,37.55],[-121.75,38.06],[-122.13,38.0],[-121.45,37.25]]}},{"type":"Feature","properties":{"level":1012},"geometry":{"type":"LineString","coordinates":[[-122.6,38.0],[-122.32,38.0],[-122.6,38.0]]}},{"type":"Feature","properties":{"level":1012},"geometry":{"type":"LineString","coordinates":[[-122.25,40.36],[-122.25,40.52],[-122.25,40.36]]}},{"type":"Feature","properties":{"level":1012},"geometry":{"type":"LineString","coordinates":[[121.0,40.37],[121.0,40.78],[121.0,40.37]]}},{"type":"Feature","properties":{"level":1012},"geometry":{"type":"LineString","coordinates":[[66.75,41.95],[66.52,42.25],[66.75,42.33],[66.94,42.25],[66.75,41.95]]}},{"type":"Feature","properties":{"level":1012},"geometry":{"type":"LineString","coordinates":[[67.5,41.87],[67.34,42.5],[68.25,43.3],[68.52,43.0],[68.41,42.75],[67.5,41.87]]}},{"type":"Feature","properties":{"level":1012},"geometry":{"type":"LineString","coordinates":[[67.0,43.62],[67.0,43.93],[67.16,43.75],[67.0,43.62]]}},{"type":"Feature","properties":{"level":1012},"geometry":{"type":"LineString","coordinates":[[69.0,44.17],[68.79,44.25],[69.17,44.75],[69.82,44.75],[69.0,44.17]]}},{"type":"Feature","properties":{"level":1012},"geometry":{"type":"LineString","coordinates":[[180.0,44.4],[167.5,44.36],[163.5,44.81],[160.2,45.75],[155.75,48.02],[149.5,50.62],[145.5,51.9],[141.5,52.74],[139.75,53.81],[138.0,53.91],[137.5,54.21],[136.77,54.25],[136.5,54.62],[135.45,55.0],[136.5,55.9],[136.82,56.5],[136.5,57.07],[134.29,58.75],[134.01,59.5],[134.65,60.0],[132.94,61.25],[130.75,61.86],[129.25,62.1],[127.0,61.98],[126.5,61.75],[126.47,61.5],[125.65,61.25],[126.04,60.75],[125.5,60.65],[119.0,60.66],[116.75,60.42],[112.0,60.58],[109.0,60.19],[106.0,60.18],[102.14,61.0],[101.14,62.0],[101.75,62.11],[102.23,62.5],[102.19,62.75],[103.25,63.25],[103.0,63.99],[101.08,65.25],[100.61,65.75],[100.84,66.0],[99.55,67.0],[96.57,68.25],[96.5,68.75],[94.0,69.61],[88.25,70.48],[78.25,70.51],[68.5,71.65],[55.75,72.48],[55.37,72.75],[55.09,73.5],[54.75,73.65],[50.25,73.63],[41.5,74.55],[34.75,74.03],[30.5,72.87],[29.21,72.25],[28.97,71.75],[29.25,70.95],[26.25,69.5],[25.11,68.5],[22.25,67.27],[19.56,66.5],[18.75,66.42],[17.75,66.65],[17.0,66.33],[15.25,66.31],[13.25,66.79],[11.5,66.43],[7.0,66.05],[1.5,64.88],[-17.5,57.21],[-28.91,54.5],[-31.75,53.62],[-42.5,48.75],[-49.75,46.76],[-53.0,46.82],[-55.52,48.0],[-56.91,49.75],[-57.19,50.75],[-58.9,51.25],[-60.85,53.0],[-61.52,53.25],[-61.75,53.76],[-65.25,54.24],[-66.5,54.71],[-73.5,55.89],[-76.5,56.73],[-80.75,57.43],[-86.0,58.9],[-90.5,60.91],[-94.41,63.75],[-99.67,67.0],[-102.27,69.0],[-104.47,72.0],[-105.21,73.25],[-105.06,73.75],[-106.03,75.0],[-106.06,75.75],[-105.68,76.0],[-106.28,77.5],[-106.34,78.25],[-105.72,79.5],[-105.0,80.28],[-102.5,81.88],[-100.75,82.7],[-94.64,84.75],[-92.25,85.8],[-86.87,87.25],[-85.13,88.0],[-80.5,88.55],[-64.5,89.21],[-41.0,89.56],[49.5,89.46],[64.75,89.17],[74.5,88.71],[98.75,86.15],[113.0,85.75],[138.75,85.8],[151.25,85.35],[161.25,83.78],[164.0,83.15],[165.25,82.5],[167.04,81.0],[171.85,78.25],[176.5,75.99],[180.0,75.07]]}},{"type":"Feature","properties":{"level":1012},"geometry":{"type":"LineString","coordinates":[[68.75,45.39],[68.25,45.76],[67.25,45.81],[65.97,46.5],[65.25,47.53],[64.0,47.7],[62.79,48.5],[62.44,49.25],[62.23,50.75],[62.02,51.0],[61.53,51.0],[61.75,51.75],[61.25,52.3],[59.5,52.65],[58.75,53.18],[58.42,54.25],[58.5,55.08],[57.72,54.75],[57.86,54.25],[57.25,54.29],[56.55,53.75],[56.29,53.25],[56.63,52.25],[55.88,51.5],[55.25,51.32],[52.25,51.85],[51.26,54.0],[51.43,54.75],[52.83,56.25],[58.0,58.15],[62.75,59.03],[66.25,59.0],[68.07,58.5],[69.01,57.5],[69.17,57.0],[68.7,56.0],[68.88,55.75],[68.42,55.25],[69.41,54.5],[70.13,53.0],[70.56,51.5],[70.5,50.95],[70.91,50.75],[70.38,49.5],[70.71,48.5],[68.8,46.25],[68.75,45.39]]}},{"type":"Feature","properties":{"level":1012},"geometry":{"type":"LineString","coordinates":[[-97.75,47.43],[-98.5,47.73],[-99.38,48.75],[-98.75,49.63],[-98.25,49.91],[-97.0,50.05],[-95.52,49.75],[-95.25,48.03],[-95.75,47.87],[-96.5,48.19],[-97.25,47.53],[-97.75,47.43]]}},{"type":"Feature","properties":{"level":1012},"geometry":{"type":"LineString","coordinates":[[72.0,51.39],[71.5,51.75],[72.25,51.73],[72.41,51.5],[72.0,51.39]]}},{"type":"Feature","properties":{"level":1012},"geometry":{"type":"LineString","coordinates":[[137.41,63.75],[138.58,64.0],[138.21,64.25],[138.47,64.75],[138.35,65.0],[136.5,65.34],[135.5,64.85],[134.0,65.0],[133.78,64.75],[133.0,64.63],[132.0,64.87],[131.26,64.75],[132.0,64.31],[133.5,63.97],[135.0,63.84],[136.5,64.05],[137.41,63.75]]}},{"type":"Feature","properties":{"level":1012},"geometry":{"type":"LineString","coordinates":[[128.96,64.25],[129.75,64.44],[129.64,65.0],[129.0,65.17],[128.46,65.0],[128.31,64.75],[128.96,64.25]]}},{"type":"Feature","properties":{"level":1012},"geometry":{"type":"LineString","coordinates":[[-40.35,70.0],[-37.75,70.2],[-34.24,71.5],[-33.99,71.75],[-34.11,72.0],[-35.93,72.5],[-33.76,73.5],[-33.6,74.0],[-34.25,74.19],[-36.0,73.99],[-40.25,72.52],[-41.24,71.75],[-41.52,71.25],[-40.97,70.25],[-40.35,70.0]]}},{"type":"Feature","properties":{"level":1012},"geometry":{"type":"LineString","coordinates":[[-153.75,73.5],[-158.5,74.03],[-159.86,74.5],[-160.27,75.0],[-159.98,75.5],[-158.75,76.05],[-154.75,76.64],[-148.69,76.0],[-147.93,75.75],[-147.3,75.0],[-147.42,74.75],[-149.75,73.66],[-153.75,73.5]]}},{"type":"Feature","properties":{"level":1012},"geometry":{"type":"LineString","coordinates":[[-180.0,75.07],[-170.75,72.95],[-163.18,70.5],[-165.11,69.5],[-165.42,69.0],[-166.36,68.5],[-168.83,66.25],[-168.79,65.75],[-166.75,64.57],[-162.0,63.54],[-161.0,62.72],[-159.0,62.59],[-157.5,62.83],[-157.0,62.49],[-156.0,62.44],[-154.25,62.49],[-153.0,62.82],[-152.76,62.75],[-153.25,62.7],[-154.12,62.0],[-154.0,61.5],[-153.44,61.25],[-153.0,60.71],[-152.38,61.0],[-153.02,61.25],[-152.25,61.25],[-151.75,61.59],[-150.85,61.75],[-150.75,62.05],[-150.0,62.36],[-148.0,61.16],[-147.6,61.5],[-147.0,61.55],[-146.5,61.03],[-145.0,60.54],[-143.75,60.47],[-140.34,59.0],[-139.34,58.25],[-138.64,57.25],[-138.07,55.25],[-136.71,52.75],[-137.0,52.5],[-137.26,51.5],[-139.0,49.32],[-141.5,45.11],[-144.5,43.51],[-146.13,42.0],[-147.5,41.4],[-148.0,40.89],[-148.25,41.33],[-152.25,41.86],[-154.01,42.5],[-156.75,42.95],[-161.75,45.0],[-164.0,45.47],[-167.5,44.84],[-170.0,43.87],[-172.25,43.39],[-174.0,43.48],[-174.75,43.83],[-177.5,44.31],[-180.0,44.4]]}},{"type":"Feature","properties":{"level":1016},"geometry":{"type":"LineString","coordinates":[[53.75,-89.25],[52.17,-89.0],[67.73,-89.25],[53.75,-89.25]]}},{"type":"Feature","properties":{"level":1016},"geometry":{"type":"LineString","coordinates":[[180.0,-88.8],[143.75,-88.54],[131.99,-88.25],[128.55,-87.75],[128.01,-87.25],[128.09,-86.75],[129.1,-86.0],[127.1,-85.5],[126.57,-85.0],[128.49,-84.25],[128.77,-83.75],[129.54,-83.25],[128.75,-82.75],[130.28,-82.25],[130.74,-81.75],[133.3,-81.0],[132.57,-80.75],[132.31,-80.5],[132.5,-80.39],[133.5,-80.0],[143.96,-78.5],[147.2,-77.5],[147.45,-77.0],[145.6,-76.0],[147.34,-74.75],[145.0,-73.91],[142.0,-73.92],[141.84,-73.25],[140.74,-72.5],[141.06,-71.75],[140.88,-71.25],[139.5,-71.1],[139.25,-70.66],[138.21,-70.5],[138.19,-70.0],[137.7,-69.5],[136.9,-69.0],[136.0,-68.9],[135.25,-68.94],[133.75,-69.69],[129.69,-71.0],[131.5,-71.17],[134.0,-70.67],[135.5,-71.35],[137.46,-71.5],[136.5,-72.28],[135.5,-72.27],[134.5,-72.93],[129.75,-73.36],[117.33,-73.0],[115.18,-73.5],[116.58,-74.5],[116.82,-75.0],[116.0,-75.27],[113.5,-75.36],[108.75,-74.94],[100.75,-73.35],[95.25,-73.29],[84.25,-74.64],[82.0,-75.44],[80.25,-76.69],[78.75,-77.09],[76.5,-76.91],[65.25,-78.21],[60.5,-77.67],[58.98,-76.75],[54.0,-75.58],[52.0,-74.68],[48.0,-74.03],[40.0,-74.2],[33.75,-74.94],[29.0,-75.08],[28.5,-75.47],[25.25,-75.71],[10.75,-75.03],[9.52,-75.5],[9.93,-75.75],[15.56,-76.75],[33.75,-77.44],[34.54,-77.5],[34.83,-78.0],[34.25,-78.25],[32.98,-78.25],[33.27,-78.5],[32.75,-78.57],[29.0,-78.65],[28.0,-79.01],[26.25,-78.9],[25.91,-79.0],[26.57,-79.25],[25.03,-79.75],[27.38,-80.5],[31.0,-81.02],[33.56,-82.0],[30.5,-82.56],[30.15,-82.75],[31.0,-83.5],[27.75,-84.29],[20.75,-83.94],[18.0,-83.41],[13.75,-83.03],[12.26,-83.25],[12.47,-83.75],[11.63,-84.0],[7.0,-84.67],[-11.0,-86.44],[-20.93,-86.75],[-21.67,-87.0],[-19.28,-87.25],[-22.14,-87.5],[-38.5,-87.69],[-51.5,-88.18],[-88.0,-88.54],[-180.0,-88.8]]}},{"type":"Feature","properties":{"level":1016},"geometry":{"type":"LineString","coordinates":[[14.02,-82.75],[19.5,-82.85],[21.43,-82.5],[16.0,-82.29],[12.46,-82.5],[14.02,-82.75]]}},{"type":"Feature","properties":{"level":1016},"geometry":{"type":"LineString","coordinates":[[-180.0,-52.05],[-171.25,-50.08],[-168.28,-48.75],[-167.75,-48.11],[-166.52,-47.5],[-166.45,-47.0],[-165.93,-46.5],[-165.57,-45.25],[-164.78,-44.75],[-162.59,-42.25],[-160.03,-40.25],[-157.5,-37.89],[-154.0,-37.12],[-143.0,-35.85],[-135.75,-35.39],[-128.5,-35.36],[-124.38,-34.75],[-122.13,-34.0],[-121.14,-33.25],[-119.75,-32.83],[-119.25,-32.26],[-117.75,-31.57],[-117.25,-31.02],[-116.75,-31.03],[-116.51,-30.25],[-116.64,-29.75],[-116.18,-29.25],[-116.27,-28.75],[-116.72,-28.25],[-116.25,-27.53],[-115.75,-27.7],[-115.67,-27.5],[-115.77,-27.0],[-116.25,-26.85],[-116.5,-27.26],[-117.0,-27.3],[-116.81,-26.25],[-117.0,-26.14],[-117.25,-26.8],[-117.5,-26.79],[-117.75,-25.73],[-118.25,-25.87],[-118.75,-26.9],[-119.0,-26.95],[-119.0,-26.34],[-118.13,-25.25],[-118.25,-24.92],[-118.5,-25.01],[-119.0,-24.61],[-119.5,-25.33],[-119.55,-25.0],[-119.31,-24.75],[-119.5,-24.58],[-120.0,-24.67],[-121.0,-23.53],[-121.5,-24.03],[-121.98,-23.5],[-122.0,-22.24],[-122.5,-22.21],[-123.0,-22.91],[-123.01,-22.25],[-124.25,-21.19],[-125.05,-21.0],[-126.75,-20.06],[-127.75,-19.9],[-128.5,-19.48],[-129.25,-19.59],[-130.25,-18.99],[-131.0,-19.1],[-131.5,-18.7],[-133.25,-18.06],[-139.0,-17.33],[-142.49,-16.25],[-143.11,-16.25],[-143.25,-16.51],[-143.75,-16.15],[-149.0,-15.99],[-150.25,-15.55],[-151.5,-15.67],[-152.0,-16.06],[-155.5,-16.2],[-157.75,-15.52],[-159.25,-15.36],[-160.5,-15.49],[-162.5,-16.21],[-165.25,-16.2],[-165.75,-16.56],[-166.5,-16.3],[-168.5,-16.37],[-170.25,-16.86],[-170.75,-17.22],[-172.5,-16.96],[-173.25,-17.31],[-174.75,-16.74],[-176.0,-16.62],[-176.75,-17.12],[-177.75,-16.78],[-178.41,-18.25],[-178.5,-19.14],[-178.75,-18.99],[-179.0,-19.2],[-179.26,-18.5],[-180.0,-17.64]]}},{"type":"Feature","properties":{"level":1016},"geometry":{"type":"LineString","coordinates":[[150.75,-41.05],[148.75,-39.72],[148.32,-38.75],[148.75,-38.34],[150.6,-37.75],[150.78,-37.25],[150.51,-35.75],[151.0,-35.38],[152.5,-35.6],[153.07,-36.75],[152.03,-39.0],[151.08,-40.0],[151.31,-40.5],[150.89,-40.75],[151.0,-41.02],[150.75,-41.05]]}},{"type":"Feature","properties":{"level":1016},"geometry":{"type":"LineString","coordinates":[[-91.77,-38.75],[-89.25,-37.85],[-87.5,-37.89],[-83.75,-36.75],[-81.25,-36.37],[-76.75,-36.47],[-74.75,-36.7],[-73.25,-37.18],[-72.5,-36.68],[-71.75,-37.47],[-71.1,-36.5],[-71.09,-35.75],[-70.56,-35.5],[-70.52,-34.75],[-70.13,-34.5],[-69.76,-33.5],[-70.17,-32.25],[-70.22,-31.75],[-69.99,-31.5],[-70.13,-30.75],[-69.74,-30.5],[-69.66,-29.0],[-69.25,-28.3],[-68.7,-28.0],[-68.29,-26.75],[-68.5,-26.12],[-68.94,-25.75],[-68.89,-25.0],[-69.25,-24.97],[-69.32,-25.25],[-69.32,-26.0],[-69.0,-26.23],[-69.0,-26.81],[-69.25,-26.29],[-69.64,-27.5],[-69.49,-27.75],[-69.74,-28.25],[-70.23,-28.5],[-70.05,-29.0],[-70.54,-29.25],[-70.59,-29.5],[-70.17,-30.0],[-70.57,-30.25],[-70.55,-31.0],[-70.84,-31.25],[-70.55,-32.0],[-70.49,-33.5],[-70.66,-34.25],[-71.0,-34.3],[-71.16,-34.0],[-71.0,-33.69],[-71.48,-33.25],[-71.27,-32.25],[-71.72,-30.25],[-71.2,-29.75],[-71.57,-28.5],[-70.67,-27.0],[-70.65,-25.75],[-70.38,-25.25],[-70.5,-24.46],[-71.01,-25.25],[-71.75,-25.47],[-72.75,-25.05],[-73.33,-24.0],[-75.11,-22.5],[-75.5,-21.64],[-76.08,-21.5],[-77.5,-19.91],[-78.0,-19.58],[-78.5,-19.64],[-79.25,-18.97],[-79.5,-19.25],[-80.5,-18.42],[-81.5,-18.31],[-83.23,-16.75],[-84.52,-16.25],[-84.75,-16.0],[-84.54,-15.75],[-85.5,-15.04],[-88.5,-13.65],[-88.79,-13.25],[-90.14,-12.5],[-96.5,-11.67],[-97.5,-11.83],[-102.25,-11.36],[-106.25,-12.4],[-109.0,-11.68],[-111.5,-11.44],[-114.68,-12.0],[-115.1,-12.5],[-116.32,-13.0],[-117.25,-13.78],[-118.83,-13.5],[-117.75,-16.25],[-117.59,-17.5],[-117.07,-18.25],[-117.03,-18.5],[-117.46,-19.0],[-116.75,-20.0],[-110.75,-25.35],[-107.34,-26.75],[-109.5,-27.1],[-110.0,-26.58],[-111.5,-26.3],[-111.69,-26.5],[-111.25,-27.27],[-110.75,-27.05],[-110.25,-27.79],[-108.0,-27.23],[-107.25,-27.6],[-105.0,-27.51],[-100.5,-28.43],[-98.92,-29.0],[-97.0,-30.67],[-96.74,-31.25],[-95.75,-32.24],[-96.09,-32.75],[-95.85,-34.25],[-95.34,-35.5],[-94.5,-36.09],[-93.89,-37.0],[-93.56,-38.25],[-92.75,-38.54],[-92.0,-38.22],[-91.77,-38.75]]}},{"type":"Feature","properties":{"level":1016},"geometry":{"type":"LineString","coordinates":[[-115.88,-28.25],[-115.75,-28.43],[-115.51,-28.25],[-115.75,-27.93],[-115.88,-28.25]]}},{"type":"Feature","properties":{"level":1016},"geometry":{"type":"LineString","coordinates":[[-113.85,-27.0],[-113.75,-27.18],[-113.75,-26.6],[-113.85,-27.0]]}},{"type":"Feature","properties":{"level":1016},"geometry":{"type":"LineString","coordinates":[[-112.5,-26.75],[-112.25,-26.98],[-112.0,-26.9],[-111.82,-26.5],[-112.5,-26.13],[-112.66,-26.25],[-112.5,-26.75]]}},{"type":"Feature","properties":{"level":1016},"geometry":{"type":"LineString","coordinates":[[-114.79,-26.0],[-114.75,-26.2],[-114.5,-25.72],[-114.75,-25.68],[-114.79,-26.0]]}},{"type":"Feature","properties":{"level":1016},"geometry":{"type":"LineString","coordinates":[[27.25,-25.63],[27.03,-25.0],[27.31,-24.75],[28.24,-25.25],[27.75,-25.62],[27.25,-25.63]]}},{"type":"Feature","properties":{"level":1016},"geometry":{"type":"LineString","coordinates":[[-68.57,-25.25],[-68.27,-24.5],[-68.5,-24.29],[-68.87,-24.75],[-68.57,-25.25]]}},{"type":"Feature","properties":{"level":1016},"geometry":{"type":"LineString","coordinates":[[29.25,-25.26],[28.48,-25.0],[29.0,-24.6],[29.65,-24.5],[29.25,-25.26]]}},{"type":"Feature","properties":{"level":1016},"geometry":{"type":"LineString","coordinates":[[-120.5,-25.02],[-120.5,-24.81],[-120.5,-25.02]]}},{"type":"Feature","properties":{"level":1016},"geometry":{"type":"LineString","coordinates":[[-72.46,-24.75],[-72.23,-24.75],[-72.29,-24.5],[-72.67,-24.5],[-72.46,-24.75]]}},{"type":"Feature","properties":{"level":1016},"geometry":{"type":"LineString","coordinates":[[-118.6,-24.5],[-118.41,-24.5],[-118.6,-24.5]]}},{"type":"Feature","properties":{"level":1016},"geometry":{"type":"LineString","coordinates":[[-119.46,-24.0],[-119.25,-24.16],[-119.16,-24.0],[-119.25,-23.39],[-119.46,-24.0]]}},{"type":"Feature","properties":{"level":1016},"geometry":{"type":"LineString","coordinates":[[-67.87,-23.75],[-67.75,-23.96],[-67.5,-23.84],[-67.0,-23.0],[-68.0,-22.05],[-68.15,-22.5],[-67.82,-23.25],[-67.87,-23.75]]}},{"type":"Feature","properties":{"level":1016},"geometry":{"type":"LineString","coordinates":[[-120.94,-23.25],[-120.63,-23.25],[-120.75,-23.08],[-120.94,-23.25]]}},{"type":"Feature","properties":{"level":1016},"geometry":{"type":"LineString","coordinates":[[-121.49,-23.0],[-121.1,-23.0],[-121.13,-22.75],[-121.5,-22.73],[-121.49,-23.0]]}},{"type":"Feature","properties":{"level":1016},"geometry":{"type":"LineString","coordinates":[[-74.85,-22.25],[-74.6,-22.25],[-74.75,-21.96],[-75.01,-22.0],[-74.85,-22.25]]}},{"type":"Feature","properties":{"level":1016},"geometry":{"type":"LineString","coordinates":[[-69.01,-21.75],[-68.75,-21.76],[-68.42,-21.25],[-68.87,-19.0],[-69.1,-18.25],[-70.5,-16.59],[-70.75,-17.01],[-70.05,-17.5],[-69.16,-19.5],[-69.01,-21.75]]}},{"type":"Feature","properties":{"level":1016},"geometry":{"type":"LineString","coordinates":[[-179.0,-19.55],[-179.0,-19.29],[-178.81,-19.5],[-179.0,-19.55]]}},{"type":"Feature","properties":{"level":1016},"geometry":{"type":"LineString","coordinates":[[-81.25,-19.05],[-81.75,-18.69],[-81.5,-18.53],[-80.84,-19.0],[-81.25,-19.05]]}},{"type":"Feature","properties":{"level":1016},"geometry":{"type":"LineString","coordinates":[[179.25,-18.27],[179.25,-18.11],[179.25,-18.27]]}},{"type":"Feature","properties":{"level":1016},"geometry":{"type":"LineString","coordinates":[[180.0,-17.64],[179.0,-17.99],[178.0,-17.46],[177.59,-17.75],[177.96,-18.5],[177.88,-19.0],[177.25,-18.57],[176.25,-18.78],[176.25,-19.3],[175.41,-19.0],[175.0,-19.36],[174.5,-19.42],[174.5,-19.75],[173.94,-20.5],[173.5,-20.69],[173.0,-20.43],[172.25,-21.04],[170.0,-20.86],[167.5,-21.14],[167.25,-20.94],[167.21,-21.25],[166.25,-21.28],[164.5,-20.44],[164.5,-21.22],[163.25,-21.02],[161.5,-21.38],[160.5,-20.73],[159.75,-20.85],[156.75,-19.55],[155.75,-18.7],[155.75,-17.89],[154.89,-17.0],[153.4,-16.0],[150.25,-15.1],[147.5,-15.33],[146.75,-14.94],[144.75,-14.57],[143.5,-13.84],[143.0,-14.24],[142.49,-14.25],[142.82,-14.75],[141.6,-16.0],[141.99,-16.75],[141.38,-17.5],[141.71,-18.0],[141.82,-19.25],[141.47,-20.5],[141.78,-20.75],[141.25,-21.31],[140.75,-20.79],[140.0,-20.65],[139.48,-21.0],[139.5,-21.69],[140.0,-21.76],[140.5,-22.47],[140.78,-22.5],[138.5,-22.45],[136.5,-21.61],[136.0,-21.1],[135.0,-20.83],[135.0,-21.31],[135.5,-21.12],[135.86,-21.5],[135.55,-22.0],[135.0,-21.54],[134.25,-21.45],[133.75,-21.9],[132.75,-21.9],[131.74,-22.25],[130.75,-23.16],[129.75,-22.45],[129.38,-22.5],[129.0,-22.92],[128.82,-22.75],[129.08,-22.5],[129.0,-22.25],[128.75,-22.29],[128.27,-22.75],[128.28,-23.75],[127.5,-23.48],[126.94,-23.75],[126.6,-24.0],[126.25,-24.88],[126.0,-24.46],[124.75,-24.61],[123.0,-24.21],[121.5,-23.29],[120.0,-23.43],[118.73,-22.5],[117.25,-22.02],[116.5,-22.02],[116.0,-22.4],[114.86,-21.25],[115.11,-20.5],[115.7,-20.0],[115.77,-19.25],[116.03,-19.0],[115.93,-18.0],[115.6,-17.5],[115.67,-17.0],[115.25,-16.25],[114.5,-15.5],[113.07,-15.0],[111.25,-13.87],[108.5,-13.48],[102.75,-12.11],[99.5,-12.73],[97.75,-12.51],[96.25,-12.76],[91.5,-12.68],[88.5,-11.98],[86.0,-10.62],[84.82,-9.25],[84.5,-9.15],[84.0,-9.37],[80.75,-9.13],[77.0,-10.09],[74.25,-9.56],[73.5,-9.86],[72.75,-9.77],[72.5,-10.0],[72.0,-9.84],[71.25,-10.27],[70.25,-9.86],[70.0,-10.02],[68.97,-9.5],[68.07,-8.75],[67.33,-7.5],[66.01,-6.75],[64.0,-7.27],[63.25,-6.96],[62.75,-7.11],[61.25,-6.94],[60.0,-7.3],[59.0,-7.24],[58.0,-7.04],[57.75,-6.72],[56.25,-6.73],[55.5,-5.86],[54.99,-6.0],[54.62,-5.5],[54.75,-5.22],[54.5,-5.14],[52.5,-5.89],[51.25,-5.21],[50.25,-5.41],[49.75,-5.1],[48.75,-5.44],[48.0,-5.15],[47.5,-5.73],[47.0,-5.44],[44.0,-5.68],[43.5,-5.49],[42.25,-5.84],[41.5,-5.29],[40.25,-4.83],[39.78,-2.75],[39.5,-3.03],[38.5,-3.03],[38.0,-2.32],[37.0,-3.13],[36.48,-3.25],[37.72,-3.5],[37.59,-4.0],[37.76,-4.5],[37.25,-3.93],[36.83,-4.25],[36.7,-5.0],[36.33,-5.25],[36.74,-6.5],[36.28,-6.75],[36.25,-7.35],[35.16,-8.0],[34.75,-8.9],[33.5,-8.83],[33.06,-9.25],[33.53,-10.75],[33.87,-11.0],[32.52,-13.5],[31.25,-14.07],[30.41,-14.75],[30.25,-15.28],[30.0,-14.82],[28.5,-15.29],[28.0,-15.89],[26.75,-16.5],[26.3,-17.0],[26.25,-17.25],[26.75,-17.76],[28.5,-15.92],[29.75,-15.47],[30.06,-15.75],[29.22,-16.25],[29.17,-16.5],[29.09,-17.0],[29.67,-17.75],[29.25,-17.96],[29.0,-17.67],[28.25,-17.96],[28.0,-17.59],[27.62,-17.75],[27.67,-18.0],[27.34,-18.25],[27.9,-18.75],[27.78,-19.75],[26.79,-20.25],[26.5,-21.25],[26.15,-21.5],[25.92,-23.0],[26.0,-23.24],[26.49,-23.25],[25.75,-23.62],[24.79,-24.75],[25.52,-25.5],[25.97,-27.25],[26.57,-27.25],[25.93,-28.75],[24.5,-29.0],[24.52,-28.75],[24.01,-28.25],[24.07,-28.0],[24.59,-27.75],[24.53,-27.5],[23.75,-27.23],[22.75,-27.91],[22.69,-28.25],[23.0,-28.6],[22.0,-28.37],[21.87,-28.75],[21.34,-28.75],[20.95,-28.0],[21.17,-27.25],[20.73,-26.5],[21.5,-25.88],[22.0,-25.87],[22.33,-24.75],[21.87,-24.25],[21.82,-23.25],[21.03,-22.75],[21.1,-22.25],[20.86,-21.75],[20.25,-21.42],[19.75,-20.7],[19.25,-21.0],[18.75,-20.68],[18.0,-21.27],[17.75,-21.18],[17.73,-21.75],[18.75,-22.19],[19.25,-21.39],[19.62,-21.75],[19.25,-22.43],[19.0,-22.4],[18.92,-23.0],[19.35,-23.0],[19.17,-22.75],[19.5,-22.51],[19.63,-23.25],[19.43,-23.75],[20.5,-23.61],[20.91,-24.0],[20.39,-24.25],[20.36,-24.5],[19.6,-24.75],[20.43,-26.0],[20.45,-26.5],[19.25,-26.69],[18.7,-27.5],[20.11,-27.75],[20.08,-28.5],[19.87,-28.75],[20.0,-29.0],[19.31,-29.25],[19.0,-29.72],[18.29,-29.75],[18.29,-30.0],[17.75,-30.18],[17.36,-29.5],[17.47,-29.0],[17.04,-28.5],[17.03,-27.75],[16.25,-27.22],[15.5,-27.21],[14.08,-26.0],[12.68,-22.5],[13.0,-21.63],[12.0,-21.25],[12.79,-21.0],[12.31,-20.75],[12.25,-20.39],[11.72,-20.25],[12.26,-19.75],[11.25,-19.85],[10.81,-19.5],[10.75,-19.14],[9.59,-18.5],[9.19,-18.0],[9.02,-17.0],[8.01,-16.25],[7.75,-15.45],[5.0,-13.39],[3.0,-11.35],[2.25,-11.29],[2.0,-10.82],[0.25,-10.32],[-1.25,-10.29],[-1.75,-9.74],[-4.75,-9.52],[-6.0,-8.91],[-9.75,-8.7],[-11.25,-8.93],[-12.25,-9.51],[-13.0,-9.62],[-14.5,-9.03],[-18.25,-9.9],[-19.25,-10.58],[-20.75,-10.66],[-25.08,-12.5],[-25.75,-12.5],[-26.5,-12.93],[-27.0,-12.87],[-27.99,-13.25],[-28.5,-13.73],[-29.0,-13.84],[-31.0,-15.88],[-31.53,-16.0],[-31.75,-16.51],[-32.5,-16.24],[-33.05,-17.0],[-34.5,-17.57],[-35.5,-19.48],[-36.0,-19.81],[-36.69,-19.75],[-37.0,-20.4],[-37.75,-20.53],[-39.75,-20.09],[-40.5,-19.56],[-41.0,-19.78],[-42.0,-19.64],[-42.75,-20.57],[-43.5,-20.25],[-44.37,-20.5],[-44.82,-21.25],[-45.0,-22.15],[-45.25,-22.18],[-45.32,-22.75],[-44.75,-23.13],[-44.0,-23.03],[-43.78,-23.5],[-45.0,-24.99],[-47.4,-26.5],[-47.63,-27.0],[-46.89,-29.25],[-47.17,-32.25],[-49.06,-36.5],[-50.2,-39.75],[-50.06,-42.75],[-51.02,-46.5],[-51.89,-48.5],[-53.33,-50.0],[-55.76,-53.25],[-56.56,-55.5],[-56.25,-56.17],[-55.25,-56.49],[-52.75,-56.2],[-47.0,-53.87],[-43.5,-51.77],[-40.76,-48.5],[-39.5,-46.3],[-37.85,-44.25],[-35.25,-41.41],[-31.56,-38.25],[-29.0,-37.2],[-23.25,-35.43],[-18.75,-34.22],[-18.25,-34.27],[-16.0,-33.36],[-14.5,-33.24],[-11.5,-32.49],[-9.25,-32.8],[-8.99,-32.75],[-9.0,-32.47],[-7.0,-33.11],[-3.25,-34.6],[0.08,-36.5],[4.6,-40.0],[9.75,-44.77],[11.25,-46.55],[12.0,-47.09],[15.21,-51.5],[16.5,-52.72],[17.5,-53.29],[20.25,-54.0],[23.25,-54.03],[26.25,-53.64],[31.95,-52.0],[33.25,-51.98],[37.0,-50.8],[41.5,-50.1],[43.5,-49.18],[46.5,-49.47],[52.0,-50.61],[55.25,-50.96],[59.5,-50.78],[62.25,-50.34],[67.36,-49.0],[68.95,-48.25],[74.5,-46.52],[78.19,-45.0],[82.95,-43.75],[90.25,-41.28],[97.0,-39.7],[102.75,-39.19],[112.75,-39.43],[116.75,-40.12],[122.5,-42.44],[140.6,-51.25],[144.5,-52.75],[147.25,-53.53],[153.75,-54.38],[161.75,-54.63],[171.5,-53.79],[180.0,-52.05]]}},{"type":"Feature","properties":{"level":1016},"geometry":{"type":"LineString","coordinates":[[29.32,-14.5],[29.86,-14.5],[30.39,-13.5],[31.0,-13.41],[32.0,-11.08],[31.75,-11.0],[31.34,-12.0],[29.75,-13.44],[29.32,-14.5]]}},{"type":"Feature","properties":{"level":1016},"geometry":{"type":"LineString","coordinates":[[37.0,-13.33],[36.49,-12.5],[35.75,-12.29],[35.09,-12.5],[34.75,-13.07],[34.5,-13.02],[34.14,-12.5],[34.26,-11.0],[34.15,-10.5],[33.78,-10.25],[33.7,-9.5],[34.0,-9.49],[34.75,-10.17],[35.5,-9.82],[35.28,-9.0],[36.25,-8.06],[36.96,-7.75],[36.93,-7.0],[37.25,-6.51],[37.5,-6.54],[37.4,-7.0],[37.72,-7.75],[38.0,-7.92],[38.25,-7.58],[38.41,-7.75],[37.9,-8.25],[37.81,-9.25],[37.29,-10.25],[38.01,-10.5],[38.76,-11.25],[38.25,-13.0],[37.0,-13.33]]}},{"type":"Feature","properties":{"level":1016},"geometry":{"type":"LineString","coordinates":[[34.92,-11.75],[35.18,-11.25],[35.0,-10.81],[34.7,-11.0],[34.92,-11.75]]}},{"type":"Feature","properties":{"level":1016},"geometry":{"type":"LineString","coordinates":[[149.64,-10.25],[150.11,-10.25],[149.0,-9.47],[148.5,-9.65],[148.14,-9.0],[147.75,-8.8],[146.76,-7.0],[146.25,-7.08],[146.0,-6.41],[145.25,-5.69],[144.25,-5.72],[143.25,-5.0],[142.25,-5.38],[142.5,-5.84],[143.25,-6.26],[144.0,-6.45],[144.25,-6.16],[144.92,-6.25],[145.25,-6.74],[145.54,-6.75],[145.75,-7.33],[146.5,-7.59],[147.09,-8.75],[148.0,-9.69],[149.64,-10.25]]}},{"type":"Feature","properties":{"level":1016},"geometry":{"type":"LineString","coordinates":[[147.05,-6.5],[147.47,-6.5],[147.57,-6.25],[145.93,-5.75],[147.05,-6.5]]}},{"type":"Feature","properties":{"level":1016},"geometry":{"type":"LineString","coordinates":[[140.47,-5.0],[140.79,-4.75],[138.75,-3.76],[138.7,-3.5],[137.5,-3.65],[136.5,-3.4],[135.47,-4.0],[135.75,-4.22],[136.25,-4.07],[139.25,-4.45],[140.47,-5.0]]}},{"type":"Feature","properties":{"level":1016},"geometry":{"type":"LineString","coordinates":[[-79.11,-3.5],[-78.27,-2.25],[-78.05,-1.0],[-77.6,-0.5],[-77.75,0.24],[-78.92,-0.75],[-78.96,-2.5],[-79.45,-3.0],[-79.1,-3.25],[-79.11,-3.5]]}},{"type":"Feature","properties":{"level":1016},"geometry":{"type":"LineString","coordinates":[[119.41,-3.0],[119.5,-3.15],[120.0,-2.9],[120.25,-2.39],[120.68,-2.25],[120.5,-1.45],[120.25,-1.31],[120.07,-1.5],[119.66,-2.5],[119.32,-2.75],[119.41,-3.0]]}},{"type":"Feature","properties":{"level":1016},"geometry":{"type":"LineString","coordinates":[[63.6,-2.75],[64.25,-2.89],[64.75,-2.25],[64.83,-1.75],[64.23,-1.25],[64.72,-0.75],[64.5,-0.19],[64.0,0.12],[63.25,0.12],[63.0,0.47],[62.25,-0.26],[61.5,0.45],[61.25,0.41],[61.0,-0.07],[60.75,0.0],[60.65,-0.5],[61.0,-0.58],[61.28,-1.5],[61.7,-2.0],[62.5,-2.48],[63.6,-2.75]]}},{"type":"Feature","properties":{"level":1016},"geometry":{"type":"LineString","coordinates":[[36.62,-2.5],[37.5,-2.23],[38.0,-1.66],[38.03,-1.0],[37.5,-1.02],[37.48,-0.75],[38.1,0.25],[38.0,0.46],[37.26,0.5],[36.75,1.42],[36.0,-0.29],[35.57,0.5],[35.5,1.43],[35.0,1.04],[34.5,1.4],[34.5,0.84],[35.25,1.03],[35.38,0.75],[35.22,0.25],[35.6,-1.5],[35.5,-2.04],[36.0,-1.78],[36.06,-1.25],[36.5,-1.14],[36.71,-1.75],[36.62,-2.5]]}},{"type":"Feature","properties":{"level":1016},"geometry":{"type":"LineString","coordinates":[[-76.67,1.75],[-76.41,1.75],[-76.17,2.25],[-76.25,2.72],[-76.67,1.75]]}},{"type":"Feature","properties":{"level":1016},"geometry":{"type":"LineString","coordinates":[[99.2,1.75],[99.25,2.43],[98.55,2.75],[98.5,3.1],[98.36,2.5],[99.2,1.75]]}},{"type":"Feature","properties":{"level":1016},"geometry":{"type":"LineString","coordinates":[[-76.24,3.0],[-76.0,2.8],[-75.87,3.0],[-75.75,4.19],[-76.02,4.0],[-76.24,3.0]]}},{"type":"Feature","properties":{"level":1016},"geometry":{"type":"LineString","coordinates":[[97.43,3.25],[97.81,3.25],[97.84,3.75],[97.5,4.3],[97.0,4.78],[95.65,5.0],[96.0,5.0],[97.43,3.25]]}},{"type":"Feature","properties":{"level":1016},"geometry":{"type":"LineString","coordinates":[[38.5,3.75],[39.0,3.67],[39.5,3.93],[39.57,4.25],[39.05,4.75],[39.21,5.0],[40.0,4.75],[40.39,5.25],[40.52,5.75],[40.18,6.25],[40.75,6.57],[41.1,7.25],[41.0,7.84],[40.5,7.68],[40.25,8.04],[42.03,8.75],[43.75,8.44],[44.0,9.15],[45.74,10.0],[44.5,9.97],[43.0,10.56],[42.75,9.94],[41.0,9.43],[39.75,8.53],[39.5,8.64],[40.14,10.75],[39.82,12.25],[40.02,13.0],[39.95,14.25],[39.75,14.87],[38.61,16.25],[38.5,17.0],[38.21,16.75],[38.15,16.0],[38.57,15.5],[38.45,14.5],[38.12,14.25],[38.38,13.75],[37.75,13.34],[37.5,13.62],[37.27,13.5],[37.53,13.0],[37.0,12.76],[36.5,11.52],[36.22,11.5],[36.43,11.25],[36.25,10.79],[35.62,10.75],[35.75,10.33],[36.2,10.25],[36.12,9.75],[36.4,9.5],[36.25,9.23],[36.0,9.3],[34.75,10.11],[34.44,9.5],[34.75,8.51],[35.25,8.71],[35.0,7.75],[35.73,6.75],[36.0,7.08],[36.5,6.88],[36.75,7.07],[37.37,6.75],[37.25,6.52],[36.75,6.62],[36.57,6.0],[36.75,5.79],[37.0,6.21],[37.25,5.8],[37.62,5.75],[38.02,4.75],[37.97,4.25],[38.5,3.75]]}},{"type":"Feature","properties":{"level":1016},"geometry":{"type":"LineString","coordinates":[[-72.35,6.25],[-72.0,6.62],[-72.75,7.26],[-72.81,7.0],[-72.35,6.25]]}},{"type":"Feature","properties":{"level":1016},"geometry":{"type":"LineString","coordinates":[[49.68,9.25],[50.0,9.05],[50.8,9.75],[51.25,11.79],[49.75,11.48],[49.25,11.09],[47.75,11.09],[47.05,10.75],[46.75,10.07],[45.81,10.0],[46.75,9.87],[48.25,10.29],[48.5,9.82],[49.68,9.25]]}},{"type":"Feature","properties":{"level":1016},"geometry":{"type":"LineString","coordinates":[[77.15,9.25],[77.38,9.5],[77.36,10.0],[77.72,10.25],[77.0,10.46],[76.79,10.25],[77.15,9.25]]}},{"type":"Feature","properties":{"level":1016},"geometry":{"type":"LineString","coordinates":[[58.03,10.75],[58.5,10.78],[59.0,11.18],[59.33,12.25],[59.95,13.0],[60.63,14.5],[60.75,15.93],[61.5,15.88],[61.9,16.25],[62.25,17.03],[63.0,17.72],[63.94,19.25],[63.7,20.0],[62.75,20.89],[62.25,21.07],[60.25,20.7],[57.25,21.0],[56.75,20.86],[55.93,20.5],[55.54,19.75],[54.75,19.47],[53.5,17.98],[51.5,17.85],[48.75,16.75],[48.58,16.25],[48.75,16.03],[49.25,16.13],[49.21,15.75],[48.5,15.28],[47.5,15.46],[46.75,14.54],[46.0,14.43],[45.02,15.25],[44.3,16.25],[45.12,16.5],[44.44,17.5],[44.65,19.0],[44.25,19.67],[44.0,19.75],[43.5,19.34],[43.0,20.18],[42.5,19.99],[42.05,20.5],[42.25,21.36],[41.84,20.75],[41.5,20.76],[41.0,21.61],[40.5,21.86],[40.25,21.66],[40.2,21.0],[41.81,19.5],[42.1,18.25],[42.9,17.75],[43.41,16.5],[43.39,15.5],[44.0,13.08],[46.25,13.43],[48.0,14.05],[51.25,13.77],[52.75,13.06],[54.0,13.11],[54.22,12.75],[53.75,12.66],[53.5,12.91],[53.25,12.5],[54.0,11.86],[54.75,11.67],[55.0,12.1],[56.25,11.25],[56.75,11.48],[57.5,11.33],[58.03,10.75]]}},{"type":"Feature","properties":{"level":1016},"geometry":{"type":"LineString","coordinates":[[-155.91,19.25],[-155.5,19.05],[-154.96,19.5],[-155.25,20.16],[-155.75,20.12],[-155.98,19.75],[-155.91,19.25]]}},{"type":"Feature","properties":{"level":1016},"geometry":{"type":"LineString","coordinates":[[58.46,21.25],[58.75,21.06],[59.4,21.75],[59.36,22.75],[58.5,23.31],[57.3,23.5],[56.59,24.0],[56.25,24.68],[56.0,24.53],[56.08,23.75],[56.56,23.25],[56.59,22.75],[57.25,22.09],[57.75,22.13],[58.0,21.5],[58.46,21.25]]}},{"type":"Feature","properties":{"level":1016},"geometry":{"type":"LineString","coordinates":[[93.68,21.25],[93.93,21.25],[93.59,22.0],[93.75,24.06],[93.25,23.76],[93.22,23.5],[93.25,22.38],[93.68,21.25]]}},{"type":"Feature","properties":{"level":1016},"geometry":{"type":"LineString","coordinates":[[-158.05,21.5],[-157.86,21.5],[-158.05,21.5]]}},{"type":"Feature","properties":{"level":1016},"geometry":{"type":"LineString","coordinates":[[17.75,21.38],[17.53,22.25],[18.25,22.35],[18.33,21.75],[17.75,21.38]]}},{"type":"Feature","properties":{"level":1016},"geometry":{"type":"LineString","coordinates":[[44.09,21.5],[44.75,21.52],[45.0,22.0],[45.0,22.85],[43.54,22.75],[43.79,21.75],[44.09,21.5]]}},{"type":"Feature","properties":{"level":1016},"geometry":{"type":"LineString","coordinates":[[45.69,21.5],[45.75,21.26],[46.91,23.0],[46.85,24.0],[46.25,25.15],[45.94,25.0],[46.25,24.5],[46.01,24.25],[46.04,23.75],[46.35,23.25],[45.69,21.5]]}},{"type":"Feature","properties":{"level":1016},"geometry":{"type":"LineString","coordinates":[[57.5,22.42],[57.5,22.59],[57.5,22.42]]}},{"type":"Feature","properties":{"level":1016},"geometry":{"type":"LineString","coordinates":[[44.67,23.25],[45.5,23.1],[45.64,23.75],[44.7,24.5],[44.25,24.53],[44.08,24.0],[44.67,23.25]]}},{"type":"Feature","properties":{"level":1016},"geometry":{"type":"LineString","coordinates":[[120.85,23.25],[121.0,23.05],[121.57,24.25],[121.25,24.59],[120.85,23.25]]}},{"type":"Feature","properties":{"level":1016},"geometry":{"type":"LineString","coordinates":[[30.5,24.61],[30.5,25.07],[30.68,24.75],[30.5,24.61]]}},{"type":"Feature","properties":{"level":1016},"geometry":{"type":"LineString","coordinates":[[93.68,25.0],[94.75,25.19],[95.25,25.77],[95.3,26.5],[94.64,26.25],[94.59,25.5],[94.0,25.67],[93.77,25.5],[93.51,25.25],[93.68,25.0]]}},{"type":"Feature","properties":{"level":1016},"geometry":{"type":"LineString","coordinates":[[91.17,25.5],[92.29,25.5],[91.17,25.5]]}},{"type":"Feature","properties":{"level":1016},"geometry":{"type":"LineString","coordinates":[[32.75,25.71],[32.5,26.03],[31.79,26.25],[32.75,26.31],[33.38,26.0],[33.25,25.54],[33.0,25.87],[32.75,25.71]]}},{"type":"Feature","properties":{"level":1016},"geometry":{"type":"LineString","coordinates":[[57.56,26.5],[58.25,26.36],[58.72,26.75],[57.75,27.24],[57.56,26.5]]}},{"type":"Feature","properties":{"level":1016},"geometry":{"type":"LineString","coordinates":[[59.15,26.5],[60.25,26.36],[63.02,26.75],[62.62,27.0],[63.06,27.25],[62.75,27.32],[61.67,28.5],[61.36,29.0],[61.51,29.25],[60.91,29.75],[60.5,30.75],[60.25,30.85],[59.86,30.25],[60.25,28.25],[60.0,28.3],[59.78,28.0],[60.25,27.95],[61.08,27.25],[60.75,26.87],[59.15,26.5]]}},{"type":"Feature","properties":{"level":1016},"geometry":{"type":"LineString","coordinates":[[-180.0,27.44],[-173.25,29.05],[-170.25,29.15],[-168.25,28.77],[-165.19,27.25],[-163.67,25.75],[-163.25,24.92],[-159.56,22.75],[-159.4,22.5],[-159.69,22.0],[-159.5,21.84],[-158.75,22.07],[-156.25,21.35],[-154.5,21.27],[-154.0,21.1],[-153.48,20.5],[-153.0,20.4],[-150.75,20.81],[-149.0,20.79],[-146.75,21.32],[-145.75,21.21],[-145.0,21.68],[-143.5,21.73],[-136.75,24.44],[-136.25,24.27],[-134.82,26.0],[-133.95,26.5],[-133.15,27.5],[-132.59,29.0],[-131.2,30.75],[-130.39,33.75],[-129.26,35.0],[-129.15,35.75],[-128.06,37.5],[-125.77,42.75],[-124.25,44.41],[-123.75,45.62],[-123.72,45.0],[-123.25,44.41],[-122.25,45.7],[-122.0,45.5],[-122.12,45.0],[-121.77,44.25],[-122.2,42.5],[-122.0,41.96],[-121.65,42.0],[-121.76,42.5],[-121.5,42.87],[-121.0,43.0],[-120.75,42.49],[-120.01,42.5],[-120.74,42.0],[-120.3,41.5],[-120.5,40.73],[-120.0,40.51],[-119.04,40.75],[-118.75,41.2],[-118.5,40.54],[-118.0,40.78],[-117.04,40.0],[-117.84,39.5],[-117.78,38.75],[-117.97,38.5],[-117.75,38.1],[-117.39,38.25],[-117.26,37.75],[-117.5,37.65],[-118.75,38.69],[-119.5,38.75],[-119.5,39.07],[-119.5,38.75],[-119.75,38.73],[-120.0,39.45],[-120.22,39.25],[-120.11,38.5],[-118.43,36.0],[-118.0,35.89],[-117.79,36.25],[-118.03,36.75],[-117.87,37.25],[-117.5,37.33],[-117.0,37.88],[-116.25,37.03],[-115.25,37.6],[-114.75,37.2],[-114.0,37.31],[-113.36,37.0],[-113.84,36.75],[-113.82,35.75],[-113.5,35.79],[-113.46,35.25],[-112.25,34.33],[-112.0,34.83],[-111.04,34.25],[-110.83,33.25],[-110.42,33.25],[-110.53,32.25],[-110.12,31.75],[-110.35,31.5],[-110.25,31.26],[-109.75,30.91],[-109.5,31.38],[-109.14,31.25],[-109.06,30.75],[-108.28,29.75],[-108.29,28.75],[-107.89,28.25],[-107.8,27.5],[-106.56,26.25],[-106.69,26.0],[-105.9,24.75],[-105.57,23.75],[-104.75,23.29],[-104.25,23.4],[-104.52,24.0],[-104.32,24.25],[-103.75,23.71],[-103.5,24.07],[-102.72,24.0],[-102.7,24.75],[-102.25,25.06],[-100.75,25.15],[-99.75,24.35],[-100.42,26.0],[-100.16,26.75],[-100.35,27.25],[-99.75,29.28],[-98.25,29.65],[-97.25,30.43],[-95.75,31.14],[-94.0,31.49],[-91.75,33.09],[-89.25,33.3],[-88.5,33.7],[-88.0,33.63],[-87.5,32.88],[-87.0,32.67],[-86.84,32.25],[-87.44,31.75],[-87.0,30.79],[-86.25,30.4],[-85.25,29.38],[-84.5,29.18],[-83.98,28.75],[-83.86,28.0],[-83.5,28.04],[-83.45,27.5],[-82.75,27.14],[-82.5,27.64],[-81.72,27.0],[-80.25,26.79],[-80.0,26.27],[-77.5,26.04],[-76.54,25.25],[-75.25,24.81],[-74.25,25.07],[-73.25,24.44],[-72.0,24.49],[-71.75,24.22],[-70.0,24.43],[-69.5,24.2],[-66.75,24.07],[-66.66,23.75],[-65.25,22.72],[-63.75,22.82],[-60.5,21.69],[-56.75,21.61],[-55.75,21.36],[-55.0,21.61],[-53.03,21.0],[-52.0,21.03],[-50.75,20.67],[-47.5,20.6],[-44.25,20.88],[-42.75,20.49],[-42.0,20.67],[-40.25,20.53],[-36.0,21.35],[-35.0,21.35],[-32.75,22.21],[-31.0,22.21],[-30.0,22.65],[-28.0,22.65],[-26.5,23.4],[-25.25,23.46],[-23.75,23.91],[-18.27,26.5],[-18.0,27.07],[-16.75,27.43],[-16.66,28.0],[-15.5,27.81],[-15.0,27.96],[-14.5,28.43],[-14.0,28.47],[-13.86,28.75],[-13.0,29.1],[-12.25,29.83],[-10.0,30.73],[-8.45,30.5],[-9.25,30.14],[-9.88,29.5],[-9.86,29.25],[-9.25,28.88],[-7.99,29.5],[-7.25,29.54],[-7.18,29.0],[-7.6,28.75],[-7.0,28.54],[-2.75,27.94],[0.0,28.76],[1.25,28.45],[2.0,27.99],[4.25,27.89],[5.5,27.37],[6.25,27.36],[7.14,26.5],[6.31,26.0],[6.46,25.25],[6.76,25.25],[6.56,24.5],[5.6,24.0],[5.09,22.75],[5.25,22.49],[5.75,22.3],[6.52,23.0],[7.5,23.3],[7.61,22.75],[8.0,22.41],[9.5,22.65],[12.25,21.74],[14.75,22.58],[16.0,21.89],[16.5,20.84],[17.0,20.83],[17.5,20.36],[18.0,20.51],[18.37,19.75],[18.75,19.62],[19.0,20.05],[19.75,20.38],[20.25,20.96],[21.0,21.02],[22.0,21.77],[23.75,21.43],[24.75,21.86],[25.36,21.75],[25.22,21.5],[25.5,21.17],[26.5,21.12],[30.5,23.9],[31.0,23.7],[32.25,23.95],[32.5,25.59],[32.91,25.25],[33.5,25.32],[35.0,24.01],[35.16,24.25],[34.86,25.0],[33.44,27.75],[33.75,28.19],[34.25,27.96],[34.75,28.72],[35.75,27.62],[36.31,27.5],[37.25,26.26],[37.75,25.98],[38.0,26.57],[38.75,26.13],[39.5,26.19],[39.75,25.31],[40.0,25.32],[40.42,25.75],[40.5,26.76],[41.25,26.76],[42.0,26.45],[42.5,26.63],[42.62,27.0],[42.13,28.0],[42.25,28.34],[43.25,28.57],[43.25,27.9],[44.5,28.83],[45.4,30.5],[45.5,31.7],[46.2,33.0],[47.5,32.67],[48.5,32.73],[49.0,32.4],[50.58,30.0],[51.27,29.5],[51.37,28.75],[52.74,28.0],[52.06,28.0],[53.16,27.25],[54.5,27.22],[54.94,27.5],[54.68,27.75],[54.75,28.0],[55.75,28.23],[55.84,28.0],[55.5,27.68],[56.25,27.5],[57.25,27.98],[57.5,27.72],[57.42,28.25],[57.75,28.79],[58.5,28.25],[58.68,28.5],[57.43,30.75],[56.25,31.99],[55.49,32.25],[55.81,31.25],[55.63,31.0],[55.75,30.6],[55.2,31.0],[55.36,31.25],[55.0,31.58],[54.47,31.75],[54.91,32.0],[54.75,32.64],[54.25,32.67],[54.39,32.0],[54.05,32.0],[53.2,33.25],[51.92,33.75],[52.76,34.0],[51.47,34.0],[50.88,34.75],[51.24,35.0],[51.19,35.5],[52.25,35.32],[53.75,35.54],[54.25,36.26],[55.25,36.41],[56.75,37.09],[57.19,37.0],[56.81,36.5],[57.0,36.43],[57.44,36.5],[57.5,36.85],[58.0,36.8],[59.25,36.0],[59.49,36.25],[59.04,36.75],[59.71,36.5],[60.15,36.0],[59.25,35.99],[59.0,35.7],[58.04,35.5],[59.53,35.25],[60.25,34.66],[60.19,35.5],[61.0,35.41],[61.14,36.0],[60.49,37.0],[60.06,38.25],[61.0,39.66],[61.8,39.75],[61.75,40.42],[62.25,40.04],[62.5,40.18],[62.6,41.0],[63.34,42.5],[63.5,42.6],[64.25,42.16],[64.25,42.85],[64.86,43.0],[64.25,43.21],[61.97,45.75],[58.25,48.33],[56.75,48.66],[53.25,48.39],[51.25,49.01],[49.15,50.5],[48.37,53.75],[48.89,55.0],[49.82,56.25],[52.0,57.71],[57.75,59.32],[59.5,59.27],[64.25,59.83],[69.0,59.42],[74.25,57.85],[75.98,56.5],[74.84,54.75],[73.49,54.0],[73.63,53.75],[74.75,53.66],[76.49,52.5],[76.82,52.0],[76.8,51.5],[76.42,51.0],[75.62,50.5],[75.06,49.5],[73.28,47.5],[74.21,46.5],[75.04,45.0],[74.75,44.51],[73.94,44.25],[74.18,43.75],[74.15,43.0],[72.75,43.13],[71.25,42.75],[70.25,42.79],[70.28,42.5],[69.56,41.75],[69.64,41.0],[69.25,40.11],[67.75,39.91],[66.69,39.5],[66.88,39.0],[66.26,38.0],[66.5,37.55],[67.75,38.07],[68.0,37.5],[68.75,37.72],[69.24,37.25],[69.06,36.75],[66.5,36.54],[63.75,35.61],[63.4,35.0],[61.96,34.75],[62.56,34.25],[62.08,34.0],[62.0,33.55],[63.75,32.58],[64.25,32.48],[64.75,32.84],[65.25,32.71],[65.5,33.13],[66.13,32.75],[66.0,32.32],[65.62,32.25],[66.75,32.45],[66.9,32.25],[66.46,30.75],[66.88,30.75],[67.03,30.5],[66.34,29.75],[66.0,28.97],[66.0,27.93],[67.0,28.67],[67.32,30.0],[68.29,30.25],[68.17,30.75],[68.94,31.25],[69.0,32.47],[69.76,32.5],[69.87,32.75],[69.6,33.25],[69.92,33.75],[70.81,33.75],[70.71,34.0],[69.56,34.5],[69.62,34.75],[70.25,34.91],[70.75,34.73],[71.25,35.03],[73.32,34.5],[74.5,33.34],[75.0,33.23],[76.69,32.0],[77.4,30.75],[79.05,30.25],[79.06,30.0],[80.5,29.75],[80.75,29.32],[81.25,29.29],[83.0,28.19],[84.25,28.28],[86.5,27.33],[87.0,27.24],[87.25,27.47],[88.0,26.96],[88.5,27.33],[89.75,26.91],[91.25,27.23],[92.0,26.95],[93.0,27.63],[93.16,27.25],[93.5,27.22],[93.69,27.5],[93.41,28.0],[94.5,28.17],[94.75,28.46],[95.75,28.33],[96.31,28.0],[96.67,27.0],[97.25,26.82],[97.25,27.57],[98.0,27.64],[98.23,26.0],[97.75,24.69],[98.25,24.67],[99.5,25.45],[100.25,25.28],[99.97,26.75],[100.5,27.82],[100.75,27.43],[101.07,27.5],[100.86,27.0],[101.0,26.8],[101.25,27.33],[102.25,27.2],[102.82,26.0],[103.0,25.78],[103.25,26.01],[103.5,25.67],[104.25,25.8],[105.0,25.57],[105.75,25.84],[106.25,25.57],[106.5,26.05],[107.25,26.11],[107.75,25.88],[108.0,26.12],[108.5,26.02],[108.75,25.7],[110.25,25.88],[111.0,25.43],[111.75,25.61],[112.0,25.23],[112.5,25.24],[113.5,25.68],[114.14,26.5],[114.27,27.25],[115.08,27.75],[114.75,28.28],[115.92,28.75],[116.64,29.75],[118.5,30.4],[119.5,30.37],[120.04,31.0],[121.25,31.57],[122.5,31.88],[124.25,31.81],[124.5,32.65],[125.75,33.21],[127.0,32.86],[128.25,32.87],[129.25,33.22],[130.25,32.62],[130.5,32.87],[130.31,32.0],[131.0,31.53],[132.62,32.75],[135.0,33.17],[136.75,33.16],[138.0,32.75],[140.25,32.71],[150.0,33.58],[155.75,33.33],[156.43,32.0],[157.0,31.86],[158.62,29.75],[159.14,29.25],[159.51,29.25],[159.75,28.13],[160.25,27.98],[161.75,26.67],[164.25,25.34],[165.0,25.48],[166.0,25.07],[171.25,24.99],[173.75,25.46],[174.75,25.38],[180.0,27.44]]}},{"type":"Feature","properties":{"level":1016},"geometry":{"type":"LineString","coordinates":[[-17.25,27.45],[-17.4,27.75],[-17.25,27.89],[-17.25,27.45]]}},{"type":"Feature","properties":{"level":1016},"geometry":{"type":"LineString","coordinates":[[34.75,28.79],[34.75,29.12],[34.75,28.79]]}},{"type":"Feature","properties":{"level":1016},"geometry":{"type":"LineString","coordinates":[[87.75,28.89],[87.15,29.25],[87.75,29.51],[89.0,29.49],[89.63,29.0],[87.75,28.89]]}},{"type":"Feature","properties":{"level":1016},"geometry":{"type":"LineString","coordinates":[[63.31,29.5],[63.75,29.28],[64.45,29.5],[63.75,29.76],[63.31,29.5]]}},{"type":"Feature","properties":{"level":1016},"geometry":{"type":"LineString","coordinates":[[35.25,30.39],[35.25,31.0],[35.25,30.39]]}},{"type":"Feature","properties":{"level":1016},"geometry":{"type":"LineString","coordinates":[[-86.25,31.16],[-86.25,31.4],[-84.94,31.5],[-85.25,31.2],[-86.25,31.16]]}},{"type":"Feature","properties":{"level":1016},"geometry":{"type":"LineString","coordinates":[[35.5,31.01],[35.5,31.71],[35.5,31.01]]}},{"type":"Feature","properties":{"level":1016},"geometry":{"type":"LineString","coordinates":[[59.94,31.25],[60.41,31.75],[60.53,32.5],[60.34,33.25],[60.0,33.63],[58.25,34.38],[58.3,34.0],[58.78,33.5],[58.6,33.0],[59.16,31.75],[59.96,31.5],[59.94,31.25]]}},{"type":"Feature","properties":{"level":1016},"geometry":{"type":"LineString","coordinates":[[-7.25,32.16],[-7.25,32.36],[-7.25,32.16]]}},{"type":"Feature","properties":{"level":1016},"geometry":{"type":"LineString","coordinates":[[53.9,33.0],[54.0,32.87],[54.25,33.34],[54.91,33.5],[54.5,33.72],[53.3,33.5],[53.9,33.0]]}},{"type":"Feature","properties":{"level":1016},"geometry":{"type":"LineString","coordinates":[[-31.25,35.22],[-31.46,35.25],[-31.25,35.22]]}},{"type":"Feature","properties":{"level":1016},"geometry":{"type":"LineString","coordinates":[[120.5,38.07],[119.3,39.0],[118.61,40.0],[119.25,41.3],[119.85,41.75],[119.87,42.0],[119.5,42.28],[122.5,41.56],[123.01,41.25],[122.33,40.0],[122.44,39.25],[122.07,38.75],[121.5,38.28],[120.5,38.07]]}},{"type":"Feature","properties":{"level":1016},"geometry":{"type":"LineString","coordinates":[[63.67,41.0],[63.75,40.77],[64.31,41.5],[64.25,41.71],[63.75,41.47],[63.67,41.0]]}},{"type":"Feature","properties":{"level":1016},"geometry":{"type":"LineString","coordinates":[[180.0,41.89],[177.25,42.27],[172.25,42.27],[170.75,42.56],[164.25,42.92],[160.41,43.75],[153.0,47.18],[149.75,47.76],[146.75,49.18],[144.5,49.47],[143.0,50.88],[142.25,50.38],[142.0,49.85],[140.75,49.96],[140.34,51.0],[139.0,51.44],[138.25,52.33],[137.0,52.55],[136.5,51.99],[136.0,51.99],[135.0,54.05],[133.87,54.25],[134.08,54.5],[133.25,54.62],[133.17,55.0],[132.76,55.25],[133.31,55.75],[132.02,56.5],[132.0,57.25],[130.75,57.51],[130.5,57.19],[129.75,57.38],[129.5,57.5],[130.37,57.75],[129.25,57.84],[128.75,58.37],[123.25,59.15],[119.25,59.02],[113.25,59.37],[107.75,58.78],[102.5,58.78],[97.5,59.35],[95.47,60.25],[94.87,60.75],[95.37,61.25],[97.25,61.85],[97.72,62.25],[97.78,63.0],[98.14,63.5],[98.0,64.5],[93.25,67.54],[90.75,68.55],[89.0,68.7],[86.75,69.23],[79.0,69.57],[68.0,70.67],[56.75,71.32],[40.25,70.43],[38.0,70.11],[31.29,68.0],[30.91,67.5],[28.45,66.25],[23.75,64.57],[20.0,62.8],[18.0,62.67],[16.41,63.0],[15.75,64.11],[14.77,64.25],[14.64,64.75],[12.5,65.57],[5.0,64.13],[0.0,62.34],[-4.75,61.07],[-17.5,55.79],[-26.5,53.6],[-31.25,51.99],[-33.64,51.0],[-39.25,47.91],[-42.75,47.03],[-50.75,44.45],[-53.25,43.96],[-54.06,44.0],[-53.87,44.5],[-54.5,45.16],[-58.59,47.75],[-58.36,48.25],[-58.5,48.75],[-63.25,50.5],[-64.62,52.25],[-65.83,52.75],[-73.25,54.68],[-88.25,56.77],[-87.71,56.25],[-87.64,55.75],[-88.17,55.25],[-88.26,54.5],[-88.78,53.75],[-89.5,53.64],[-89.75,53.85],[-94.33,52.75],[-94.14,52.0],[-92.5,50.25],[-92.37,49.5],[-92.71,49.0],[-92.43,48.75],[-92.29,48.0],[-93.19,46.5],[-94.23,45.5],[-97.25,44.04],[-97.17,43.25],[-97.5,42.54],[-99.77,41.0],[-100.99,39.75],[-102.5,39.26],[-104.5,39.82],[-105.0,39.48],[-105.28,40.0],[-105.25,40.81],[-103.52,41.5],[-103.78,42.0],[-102.38,42.0],[-100.95,43.25],[-100.19,44.75],[-101.25,44.75],[-101.4,47.25],[-102.17,49.5],[-102.2,50.5],[-102.84,52.0],[-102.71,53.0],[-102.34,53.5],[-102.73,54.0],[-103.37,56.75],[-103.75,57.06],[-104.17,58.5],[-104.69,59.25],[-103.75,60.13],[-101.75,60.54],[-99.25,60.2],[-97.75,59.62],[-96.51,59.75],[-97.25,60.54],[-99.34,61.0],[-99.58,61.75],[-98.73,62.0],[-98.83,62.25],[-99.74,63.5],[-101.54,65.0],[-106.19,67.25],[-108.34,69.0],[-108.7,70.75],[-109.65,72.0],[-109.35,72.75],[-111.5,74.61],[-111.06,75.0],[-111.33,75.5],[-111.0,75.76],[-110.9,76.25],[-111.62,77.25],[-111.75,77.97],[-112.59,78.75],[-113.91,81.25],[-114.75,81.89],[-118.75,83.54],[-124.75,84.96],[-128.75,85.55],[-143.0,86.6],[-156.75,86.91],[-164.39,86.5],[-163.84,86.0],[-165.2,85.5],[-175.23,83.75],[-177.93,82.75],[-180.0,81.53]]}},{"type":"Feature","properties":{"level":1016},"geometry":{"type":"LineString","coordinates":[[-90.27,54.25],[-89.45,54.25],[-90.27,54.25]]}},{"type":"Feature","properties":{"level":1016},"geometry":{"type":"LineString","coordinates":[[-102.81,56.5],[-102.63,56.5],[-102.81,56.5]]}},{"type":"Feature","properties":{"level":1016},"geometry":{"type":"LineString","coordinates":[[-92.48,56.5],[-89.7,56.5],[-90.87,57.0],[-89.91,57.25],[-93.25,58.48],[-93.03,58.75],[-93.82,59.25],[-94.5,59.34],[-95.5,58.83],[-94.77,57.25],[-94.18,56.75],[-92.48,56.5]]}},{"type":"Feature","properties":{"level":1016},"geometry":{"type":"LineString","coordinates":[[-102.36,57.0],[-101.91,57.0],[-102.25,57.29],[-102.36,57.0]]}},{"type":"Feature","properties":{"level":1016},"geometry":{"type":"LineString","coordinates":[[-89.78,57.0],[-89.06,57.0],[-89.78,57.0]]}},{"type":"Feature","properties":{"level":1016},"geometry":{"type":"LineString","coordinates":[[-40.27,70.75],[-39.5,70.67],[-38.84,71.5],[-38.25,71.66],[-36.75,71.07],[-36.47,71.25],[-37.5,72.34],[-39.0,72.57],[-40.0,72.29],[-40.76,71.75],[-40.75,71.38],[-40.27,70.75]]}},{"type":"Feature","properties":{"level":1016},"geometry":{"type":"LineString","coordinates":[[-180.0,78.91],[-175.75,77.13],[-172.0,76.49],[-168.75,76.58],[-160.75,77.96],[-154.5,78.35],[-147.72,78.0],[-142.75,76.96],[-141.75,76.13],[-141.52,75.25],[-141.99,74.75],[-144.9,73.0],[-148.25,71.88],[-154.95,70.75],[-155.38,70.5],[-155.25,70.25],[-155.5,69.99],[-160.94,69.0],[-160.95,68.75],[-162.0,68.5],[-162.1,68.25],[-161.73,67.75],[-162.26,67.25],[-161.73,66.75],[-160.24,66.25],[-159.55,65.5],[-159.65,64.75],[-159.25,64.39],[-147.75,64.14],[-147.44,64.0],[-149.0,63.75],[-150.08,63.25],[-149.25,63.32],[-148.94,63.0],[-148.11,62.75],[-148.75,62.5],[-148.75,62.09],[-148.5,61.93],[-147.0,62.12],[-146.25,61.63],[-145.15,61.75],[-145.14,62.25],[-144.5,62.7],[-143.75,62.43],[-143.5,62.11],[-142.07,62.0],[-142.81,61.75],[-142.5,61.63],[-140.75,61.62],[-139.25,61.05],[-140.0,61.1],[-140.89,60.25],[-137.44,58.5],[-137.38,58.0],[-136.48,56.75],[-135.22,52.0],[-135.75,50.62],[-139.75,43.84],[-143.25,39.0],[-144.5,37.87],[-146.21,37.75],[-146.5,37.31],[-147.75,37.11],[-148.5,36.48],[-149.5,36.19],[-150.0,36.53],[-151.25,36.11],[-153.5,36.23],[-153.75,36.93],[-156.23,39.0],[-156.4,39.5],[-158.29,40.25],[-160.25,41.5],[-163.75,42.74],[-167.25,42.66],[-171.0,41.68],[-175.75,40.95],[-177.93,41.0],[-179.07,41.75],[-180.0,41.89]]}},{"type":"Feature","properties":{"level":1016},"geometry":{"type":"LineString","coordinates":[[180.0,81.53],[179.18,81.0],[178.86,80.5],[179.01,79.75],[180.0,78.91]]}},{"type":"Feature","properties":{"level":1020},"geometry":{"type":"LineString","coordinates":[[46.5,-89.26],[40.41,-88.75],[85.75,-89.25],[59.5,-89.43],[46.5,-89.26]]}},{"type":"Feature","properties":{"level":1020},"geometry":{"type":"LineString","coordinates":[[180.0,-88.96],[144.5,-88.62],[130.5,-88.3],[127.58,-88.0],[123.55,-86.75],[124.39,-86.25],[123.14,-85.5],[123.5,-85.0],[125.92,-83.75],[126.47,-82.75],[127.18,-82.25],[127.13,-82.0],[130.76,-81.25],[129.0,-80.79],[128.99,-80.5],[133.25,-79.65],[138.2,-79.0],[143.34,-77.75],[141.75,-77.25],[142.28,-76.75],[141.73,-76.25],[142.55,-75.25],[140.0,-75.1],[139.54,-74.75],[139.47,-74.25],[138.5,-73.63],[136.75,-74.76],[129.5,-74.94],[126.42,-74.75],[125.63,-74.5],[129.75,-73.85],[131.0,-73.9],[131.48,-73.75],[131.47,-73.5],[124.5,-73.19],[116.98,-73.5],[116.45,-73.75],[116.41,-74.0],[118.75,-75.0],[118.43,-75.25],[115.25,-75.58],[108.75,-75.12],[102.5,-73.87],[98.25,-73.39],[95.5,-73.43],[87.25,-74.45],[84.35,-75.0],[82.73,-75.75],[81.0,-76.96],[80.08,-77.25],[72.5,-77.7],[69.75,-78.28],[67.46,-78.25],[67.28,-78.5],[68.27,-78.75],[67.75,-79.02],[60.5,-79.09],[60.42,-79.25],[60.75,-79.36],[64.57,-79.5],[61.31,-80.25],[63.19,-81.0],[62.25,-81.29],[60.75,-81.17],[58.85,-80.25],[58.4,-78.0],[58.69,-77.5],[58.25,-77.09],[52.5,-75.48],[50.87,-75.5],[49.75,-75.09],[49.0,-75.5],[46.0,-74.74],[40.0,-74.44],[34.0,-75.14],[29.77,-75.25],[29.75,-75.61],[27.75,-76.18],[19.75,-75.73],[14.0,-75.57],[12.67,-75.75],[13.07,-76.0],[18.75,-76.66],[25.75,-76.73],[33.25,-77.19],[35.5,-77.48],[37.75,-78.16],[37.93,-78.25],[31.13,-80.0],[31.34,-80.25],[34.95,-81.0],[36.87,-81.75],[37.35,-82.0],[37.18,-82.25],[37.69,-82.75],[40.29,-83.75],[40.05,-84.25],[37.87,-85.5],[37.89,-86.0],[37.3,-86.5],[35.75,-86.68],[28.75,-86.71],[19.5,-86.04],[9.74,-86.75],[9.44,-87.0],[10.21,-87.25],[8.82,-87.5],[-8.25,-87.86],[-20.75,-88.41],[-180.0,-88.96]]}},{"type":"Feature","properties":{"level":1020},"geometry":{"type":"LineString","coordinates":[[121.5,-75.51],[120.38,-75.25],[123.5,-74.63],[124.63,-74.75],[123.68,-75.25],[121.5,-75.51]]}},{"type":"Feature","properties":{"level":1020},"geometry":{"type":"LineString","coordinates":[[134.58,-70.75],[136.5,-70.68],[137.04,-70.5],[137.35,-70.0],[137.16,-69.5],[135.5,-69.07],[133.75,-69.9],[132.1,-70.25],[132.25,-70.57],[133.75,-70.31],[134.58,-70.75]]}},{"type":"Feature","properties":{"level":1020},"geometry":{"type":"LineString","coordinates":[[-180.0,-50.6],[-173.75,-49.3],[-172.0,-48.55],[-170.5,-47.5],[-169.27,-46.25],[-169.07,-44.5],[-165.4,-40.75],[-164.84,-39.5],[-163.59,-37.75],[-163.78,-37.25],[-163.5,-36.87],[-157.5,-35.37],[-153.86,-35.0],[-150.25,-33.94],[-141.5,-32.79],[-138.54,-32.75],[-134.75,-32.03],[-134.0,-31.68],[-133.5,-30.98],[-132.25,-30.64],[-131.93,-30.25],[-132.1,-29.25],[-132.43,-28.75],[-132.4,-27.75],[-134.02,-26.0],[-134.01,-25.25],[-135.0,-25.0],[-135.25,-25.19],[-135.77,-24.25],[-137.0,-23.5],[-138.0,-23.56],[-140.75,-22.67],[-141.5,-22.21],[-143.0,-22.25],[-146.25,-21.24],[-146.75,-21.44],[-150.0,-20.9],[-151.75,-21.31],[-153.5,-20.89],[-154.75,-21.08],[-157.75,-20.82],[-160.25,-21.03],[-163.5,-20.92],[-164.75,-21.52],[-166.0,-21.75],[-166.5,-21.57],[-168.0,-21.73],[-169.75,-22.34],[-170.75,-22.05],[-172.0,-22.09],[-172.25,-22.33],[-173.0,-22.25],[-174.5,-22.91],[-175.5,-22.49],[-176.0,-23.24],[-178.0,-23.26],[-178.5,-23.77],[-178.82,-23.0],[-179.25,-22.83],[-180.0,-23.55]]}},{"type":"Feature","properties":{"level":1020},"geometry":{"type":"LineString","coordinates":[[-46.17,-47.25],[-45.5,-47.31],[-41.71,-44.25],[-39.95,-42.0],[-40.0,-40.75],[-38.25,-39.55],[-37.58,-38.75],[-35.09,-37.25],[-31.2,-35.75],[-29.64,-34.75],[-27.88,-34.25],[-26.25,-33.31],[-25.5,-33.2],[-24.02,-32.5],[-24.0,-32.18],[-23.56,-32.0],[-23.5,-31.73],[-23.41,-32.0],[-23.0,-32.02],[-22.75,-31.4],[-22.0,-31.6],[-21.53,-30.5],[-22.01,-29.75],[-22.0,-29.32],[-21.25,-29.61],[-21.18,-29.25],[-20.62,-29.25],[-20.56,-29.0],[-20.97,-28.5],[-20.25,-27.66],[-20.0,-27.83],[-19.46,-27.5],[-19.64,-27.25],[-21.25,-26.2],[-23.0,-25.63],[-23.75,-25.72],[-27.25,-25.02],[-27.75,-25.22],[-28.25,-25.06],[-28.5,-25.29],[-30.75,-24.58],[-32.75,-24.27],[-33.0,-23.9],[-34.0,-24.14],[-34.75,-24.73],[-35.43,-24.0],[-34.85,-23.75],[-35.25,-23.45],[-37.25,-24.67],[-37.78,-25.5],[-39.0,-25.69],[-42.09,-27.5],[-42.46,-28.75],[-42.96,-29.0],[-43.42,-30.75],[-44.25,-31.91],[-44.98,-34.0],[-45.09,-35.0],[-45.36,-35.25],[-45.34,-36.0],[-45.95,-37.25],[-45.75,-37.71],[-44.85,-38.5],[-45.72,-40.0],[-46.25,-42.75],[-46.19,-43.5],[-46.76,-44.25],[-46.25,-44.56],[-45.64,-45.5],[-45.55,-46.25],[-46.25,-46.89],[-46.17,-47.25]]}},{"type":"Feature","properties":{"level":1020},"geometry":{"type":"LineString","coordinates":[[146.75,-36.5],[147.88,-36.0],[148.0,-35.62],[147.75,-35.44],[147.25,-35.75],[146.75,-36.5]]}},{"type":"Feature","properties":{"level":1020},"geometry":{"type":"LineString","coordinates":[[147.47,-34.75],[148.0,-34.93],[149.25,-34.76],[150.25,-33.41],[149.75,-32.84],[148.5,-32.15],[148.07,-32.75],[148.25,-33.25],[147.27,-34.25],[147.47,-34.75]]}},{"type":"Feature","properties":{"level":1020},"geometry":{"type":"LineString","coordinates":[[-86.07,-33.0],[-85.91,-33.0],[-86.07,-33.0]]}},{"type":"Feature","properties":{"level":1020},"geometry":{"type":"LineString","coordinates":[[-82.05,-32.75],[-82.0,-32.9],[-81.59,-32.25],[-80.5,-31.56],[-79.75,-31.76],[-79.5,-31.48],[-79.0,-32.05],[-77.98,-32.0],[-78.26,-31.75],[-78.0,-31.18],[-76.88,-31.0],[-77.29,-30.5],[-76.0,-30.84],[-75.92,-30.0],[-76.37,-30.0],[-76.1,-30.25],[-76.25,-30.38],[-76.91,-30.0],[-76.6,-29.75],[-77.25,-29.33],[-77.7,-28.5],[-77.64,-28.25],[-76.5,-27.9],[-77.5,-27.78],[-77.34,-27.25],[-78.0,-26.82],[-78.7,-26.75],[-78.28,-27.0],[-78.5,-27.26],[-79.67,-26.25],[-80.0,-26.4],[-80.5,-26.03],[-80.75,-26.29],[-81.0,-25.81],[-81.3,-26.0],[-82.5,-25.44],[-84.75,-25.14],[-85.75,-24.64],[-86.25,-24.79],[-87.0,-24.54],[-88.75,-24.5],[-89.25,-24.78],[-89.42,-24.5],[-90.0,-24.47],[-90.32,-25.0],[-91.39,-25.0],[-91.86,-25.75],[-92.81,-26.0],[-92.73,-26.5],[-93.23,-26.75],[-92.73,-27.0],[-93.4,-27.5],[-92.75,-28.25],[-93.41,-28.5],[-92.75,-29.25],[-92.95,-29.5],[-92.67,-30.5],[-92.05,-31.25],[-89.5,-32.15],[-89.0,-32.57],[-88.25,-32.69],[-87.35,-31.75],[-86.75,-31.75],[-86.25,-31.35],[-85.0,-31.98],[-84.0,-31.7],[-82.05,-32.75]]}},{"type":"Feature","properties":{"level":1020},"geometry":{"type":"LineString","coordinates":[[-88.75,-32.27],[-88.46,-32.25],[-88.75,-32.27]]}},{"type":"Feature","properties":{"level":1020},"geometry":{"type":"LineString","coordinates":[[148.88,-32.0],[149.55,-32.0],[149.25,-31.59],[148.86,-31.75],[148.88,-32.0]]}},{"type":"Feature","properties":{"level":1020},"geometry":{"type":"LineString","coordinates":[[-89.5,-31.83],[-89.5,-31.67],[-89.5,-31.83]]}},{"type":"Feature","properties":{"level":1020},"geometry":{"type":"LineString","coordinates":[[-89.75,-31.58],[-90.25,-31.0],[-90.25,-30.59],[-89.31,-31.25],[-89.75,-31.58]]}},{"type":"Feature","properties":{"level":1020},"geometry":{"type":"LineString","coordinates":[[-90.5,-30.59],[-90.31,-30.5],[-90.5,-30.59]]}},{"type":"Feature","properties":{"level":1020},"geometry":{"type":"LineString","coordinates":[[-78.0,-30.58],[-78.17,-30.5],[-78.0,-30.58]]}},{"type":"Feature","properties":{"level":1020},"geometry":{"type":"LineString","coordinates":[[-132.75,-30.41],[-132.94,-30.25],[-132.5,-29.75],[-132.33,-30.0],[-132.75,-30.41]]}},{"type":"Feature","properties":{"level":1020},"geometry":{"type":"LineString","coordinates":[[150.24,-30.25],[150.42,-30.0],[150.25,-29.74],[150.24,-30.25]]}},{"type":"Feature","properties":{"level":1020},"geometry":{"type":"LineString","coordinates":[[-79.0,-29.78],[-79.0,-29.49],[-78.81,-29.75],[-79.0,-29.78]]}},{"type":"Feature","properties":{"level":1020},"geometry":{"type":"LineString","coordinates":[[67.25,-29.83],[66.87,-29.5],[66.73,-29.0],[67.0,-28.36],[67.75,-28.05],[68.52,-28.25],[68.86,-28.75],[68.64,-29.5],[68.0,-29.92],[67.25,-29.83]]}},{"type":"Feature","properties":{"level":1020},"geometry":{"type":"LineString","coordinates":[[-92.0,-29.53],[-92.75,-29.25],[-92.0,-29.22],[-91.65,-29.5],[-92.0,-29.53]]}},{"type":"Feature","properties":{"level":1020},"geometry":{"type":"LineString","coordinates":[[-78.25,-29.54],[-77.85,-29.5],[-78.25,-29.54]]}},{"type":"Feature","properties":{"level":1020},"geometry":{"type":"LineString","coordinates":[[145.25,-29.69],[145.02,-29.5],[145.25,-29.34],[145.46,-29.5],[145.25,-29.69]]}},{"type":"Feature","properties":{"level":1020},"geometry":{"type":"LineString","coordinates":[[-76.83,-29.0],[-76.25,-29.17],[-76.11,-29.0],[-77.0,-28.52],[-77.17,-28.75],[-76.83,-29.0]]}},{"type":"Feature","properties":{"level":1020},"geometry":{"type":"LineString","coordinates":[[43.5,-23.94],[43.31,-23.75],[43.44,-23.5],[43.75,-23.47],[43.86,-23.75],[43.5,-23.94]]}},{"type":"Feature","properties":{"level":1020},"geometry":{"type":"LineString","coordinates":[[180.0,-23.55],[179.26,-23.5],[179.0,-24.35],[178.32,-24.0],[178.24,-24.75],[177.5,-25.22],[177.25,-24.53],[177.0,-24.53],[176.5,-25.14],[175.75,-24.96],[175.25,-25.54],[174.5,-25.82],[171.0,-25.74],[170.0,-26.05],[167.0,-25.76],[165.5,-26.01],[164.25,-25.64],[163.5,-25.78],[160.0,-24.9],[159.5,-25.28],[159.0,-25.34],[158.5,-25.09],[158.0,-25.47],[157.0,-24.84],[156.5,-25.04],[153.75,-23.84],[152.75,-24.02],[151.5,-23.75],[150.5,-23.25],[150.24,-22.75],[149.39,-22.25],[149.25,-21.71],[148.5,-20.77],[148.26,-21.0],[148.75,-22.02],[147.75,-22.31],[147.25,-22.15],[146.43,-23.0],[146.21,-24.0],[146.55,-24.5],[146.5,-25.0],[146.75,-25.31],[148.79,-25.75],[148.9,-26.25],[149.42,-26.75],[149.44,-27.25],[150.27,-28.0],[150.37,-29.0],[150.82,-29.75],[151.0,-30.67],[151.25,-30.61],[151.5,-31.29],[152.0,-31.32],[152.3,-30.75],[153.0,-30.42],[153.5,-30.75],[154.69,-34.0],[154.65,-39.0],[154.22,-41.0],[154.52,-43.25],[154.25,-43.81],[152.75,-44.06],[150.75,-43.6],[149.15,-42.5],[149.04,-42.0],[148.0,-41.15],[146.9,-41.0],[146.64,-40.25],[147.17,-39.75],[147.24,-38.75],[147.7,-37.5],[147.25,-37.14],[146.5,-37.09],[146.25,-36.67],[145.5,-36.55],[144.8,-35.5],[145.77,-34.25],[145.08,-34.25],[145.5,-33.33],[146.25,-33.59],[147.25,-33.19],[148.03,-32.25],[147.25,-30.85],[146.75,-30.96],[146.71,-29.75],[146.0,-29.06],[144.75,-28.65],[144.25,-28.88],[143.5,-28.37],[142.25,-28.41],[142.0,-28.67],[141.5,-28.36],[140.5,-28.6],[140.64,-28.0],[140.25,-27.85],[139.75,-28.16],[139.5,-27.95],[138.5,-28.93],[137.5,-29.08],[136.75,-28.61],[135.5,-29.07],[135.25,-28.43],[134.25,-29.15],[133.94,-29.0],[133.75,-28.33],[133.19,-29.5],[133.0,-29.67],[132.5,-29.44],[132.25,-29.75],[132.25,-30.91],[131.75,-30.62],[131.76,-31.0],[131.25,-31.1],[130.75,-30.59],[130.0,-30.89],[129.5,-30.81],[128.28,-29.75],[125.25,-28.11],[124.75,-28.38],[122.0,-27.49],[120.75,-27.62],[120.25,-28.07],[119.75,-27.72],[118.5,-28.3],[117.75,-27.82],[117.0,-27.79],[116.25,-27.41],[115.25,-26.6],[114.25,-25.44],[113.26,-24.75],[112.88,-24.0],[110.9,-21.75],[107.75,-19.48],[105.5,-18.25],[104.25,-18.09],[103.25,-17.65],[101.25,-17.73],[99.0,-17.14],[97.0,-17.23],[94.0,-18.23],[91.25,-17.37],[89.25,-17.52],[87.75,-17.05],[84.0,-17.55],[82.0,-16.83],[80.25,-16.72],[77.75,-17.16],[75.5,-17.02],[72.8,-17.75],[72.25,-18.57],[71.56,-18.75],[70.75,-19.99],[70.0,-20.61],[69.75,-20.34],[69.25,-20.5],[68.5,-19.83],[66.51,-19.0],[65.5,-18.02],[64.25,-17.27],[62.25,-16.42],[61.75,-16.52],[61.0,-15.8],[56.25,-14.5],[55.75,-14.76],[54.5,-14.63],[52.92,-13.75],[52.25,-13.73],[50.75,-13.11],[49.75,-13.05],[48.37,-14.0],[48.47,-15.25],[47.7,-16.75],[46.51,-18.25],[46.41,-18.75],[46.0,-18.99],[45.64,-18.25],[45.33,-18.25],[45.29,-19.25],[45.63,-19.75],[45.59,-20.5],[45.0,-21.04],[44.5,-21.05],[43.21,-22.5],[43.23,-23.25],[42.96,-23.5],[43.23,-23.75],[42.78,-24.25],[42.39,-25.25],[42.79,-25.5],[42.63,-25.75],[41.75,-26.55],[40.75,-27.01],[39.27,-28.75],[38.75,-29.03],[37.5,-29.16],[35.75,-29.0],[33.0,-27.34],[32.0,-26.33],[31.75,-26.38],[31.5,-25.73],[31.0,-25.75],[31.01,-25.0],[30.75,-24.64],[30.04,-25.25],[29.61,-27.25],[28.75,-28.15],[27.93,-29.5],[27.65,-30.0],[27.75,-30.51],[26.25,-30.81],[25.25,-30.38],[25.0,-30.56],[24.25,-30.36],[23.25,-30.8],[22.5,-30.3],[22.0,-30.76],[20.25,-31.39],[19.75,-32.24],[19.25,-31.86],[18.84,-33.0],[18.0,-33.44],[16.69,-32.75],[16.25,-31.75],[15.38,-31.0],[12.57,-27.0],[10.26,-24.75],[9.56,-23.75],[2.75,-18.98],[-2.25,-17.04],[-4.75,-16.44],[-8.0,-16.31],[-11.0,-16.98],[-14.0,-17.02],[-16.75,-17.48],[-18.0,-17.9],[-18.75,-18.72],[-20.5,-19.65],[-21.1,-19.75],[-21.25,-20.26],[-22.0,-21.08],[-22.78,-21.5],[-22.98,-22.0],[-22.5,-22.77],[-23.2,-23.25],[-22.8,-24.0],[-21.5,-24.79],[-7.25,-31.03],[-3.45,-33.0],[1.75,-36.15],[7.0,-40.43],[10.57,-43.75],[15.11,-49.0],[17.5,-51.1],[18.89,-52.0],[21.25,-52.47],[24.25,-52.45],[26.75,-52.14],[36.0,-49.67],[39.5,-49.01],[41.75,-47.87],[43.5,-47.8],[54.25,-49.13],[59.25,-48.98],[63.0,-48.4],[73.0,-45.45],[75.5,-44.5],[79.86,-43.5],[87.43,-40.5],[93.25,-38.7],[99.0,-37.82],[104.92,-37.5],[107.5,-36.98],[113.0,-37.24],[118.25,-38.66],[122.25,-40.27],[132.25,-45.58],[141.5,-49.57],[147.0,-51.28],[152.75,-52.51],[158.75,-53.15],[164.5,-53.06],[172.0,-52.29],[180.0,-50.6]]}},{"type":"Feature","properties":{"level":1020},"geometry":{"type":"LineString","coordinates":[[42.46,-23.0],[42.81,-22.75],[42.75,-22.46],[42.5,-22.6],[42.46,-23.0]]}},{"type":"Feature","properties":{"level":1020},"geometry":{"type":"LineString","coordinates":[[42.5,-21.75],[42.75,-21.95],[43.7,-21.75],[43.5,-21.34],[43.0,-21.73],[42.76,-21.0],[42.5,-20.92],[42.5,-21.75]]}},{"type":"Feature","properties":{"level":1020},"geometry":{"type":"LineString","coordinates":[[45.75,-21.02],[46.11,-21.0],[45.75,-21.02]]}},{"type":"Feature","properties":{"level":1020},"geometry":{"type":"LineString","coordinates":[[32.68,-20.25],[33.21,-19.75],[32.82,-19.25],[33.0,-18.02],[32.56,-18.5],[32.68,-20.25]]}},{"type":"Feature","properties":{"level":1020},"geometry":{"type":"LineString","coordinates":[[44.97,-19.25],[45.08,-18.75],[44.75,-18.15],[44.97,-19.25]]}},{"type":"Feature","properties":{"level":1020},"geometry":{"type":"LineString","coordinates":[[35.97,-18.5],[36.25,-18.69],[37.7,-18.5],[37.53,-18.25],[37.79,-18.0],[37.69,-17.5],[38.1,-17.25],[37.8,-16.75],[38.31,-16.0],[38.31,-15.5],[37.5,-15.26],[36.8,-15.5],[36.93,-15.75],[36.75,-15.86],[35.25,-15.44],[34.94,-15.75],[34.89,-16.0],[35.25,-16.35],[35.5,-16.31],[35.99,-16.75],[35.56,-17.25],[36.13,-17.75],[35.83,-18.25],[35.97,-18.5]]}},{"type":"Feature","properties":{"level":1020},"geometry":{"type":"LineString","coordinates":[[38.66,-18.25],[39.0,-18.43],[39.15,-18.0],[38.56,-18.0],[38.66,-18.25]]}},{"type":"Feature","properties":{"level":1020},"geometry":{"type":"LineString","coordinates":[[49.21,-12.75],[49.5,-12.75],[49.25,-12.47],[49.21,-12.75]]}},{"type":"Feature","properties":{"level":1020},"geometry":{"type":"LineString","coordinates":[[38.28,5.75],[38.75,5.72],[39.0,6.12],[40.43,7.0],[40.39,7.25],[39.59,7.5],[40.0,7.73],[40.0,8.38],[39.0,7.74],[38.23,6.25],[38.28,5.75]]}},{"type":"Feature","properties":{"level":1020},"geometry":{"type":"LineString","coordinates":[[37.97,8.0],[38.25,7.98],[38.61,8.5],[38.4,8.75],[39.25,8.92],[39.82,9.75],[39.84,11.25],[39.5,12.25],[39.67,13.0],[39.5,13.21],[39.25,12.67],[38.9,12.5],[38.88,12.0],[38.25,11.96],[37.87,11.5],[38.73,11.5],[38.67,10.75],[39.13,10.0],[38.5,9.9],[37.56,9.0],[37.49,8.75],[38.06,8.5],[37.97,8.0]]}},{"type":"Feature","properties":{"level":1020},"geometry":{"type":"LineString","coordinates":[[37.73,10.25],[38.08,10.25],[38.25,10.78],[37.5,11.26],[36.84,11.0],[37.5,10.77],[37.73,10.25]]}},{"type":"Feature","properties":{"level":1020},"geometry":{"type":"LineString","coordinates":[[39.55,13.75],[39.75,13.59],[39.81,14.0],[39.5,14.72],[39.32,14.25],[39.55,13.75]]}},{"type":"Feature","properties":{"level":1020},"geometry":{"type":"LineString","coordinates":[[18.49,20.0],[18.88,21.0],[18.75,21.7],[18.29,21.25],[18.49,20.0]]}},{"type":"Feature","properties":{"level":1020},"geometry":{"type":"LineString","coordinates":[[20.44,25.0],[21.25,24.86],[23.5,25.13],[24.0,25.5],[25.25,25.0],[25.75,25.16],[26.75,24.94],[26.75,25.75],[27.31,26.75],[26.52,28.0],[25.0,28.64],[24.84,29.75],[25.76,31.0],[25.19,31.5],[24.27,33.0],[24.71,35.0],[25.69,35.25],[25.25,35.5],[25.34,36.75],[26.6,38.0],[27.0,38.09],[28.75,37.78],[28.75,37.36],[28.5,37.62],[28.46,37.25],[29.5,36.75],[29.75,36.4],[30.5,36.59],[30.75,37.11],[31.0,37.14],[32.75,36.19],[33.25,36.5],[33.25,36.79],[34.0,36.48],[35.75,37.48],[36.31,37.25],[36.25,36.59],[36.74,37.0],[37.0,37.6],[39.25,38.3],[40.5,38.32],[41.0,37.86],[40.54,37.5],[40.75,37.4],[42.25,37.47],[43.25,36.99],[44.25,36.95],[44.5,36.48],[45.21,36.25],[44.86,35.5],[45.07,35.0],[45.59,34.75],[45.82,33.75],[46.75,33.17],[47.75,33.38],[48.25,32.97],[48.75,33.12],[49.75,32.0],[50.25,31.01],[50.5,31.08],[50.86,30.5],[51.54,30.25],[52.25,28.9],[52.75,28.65],[53.25,29.11],[53.91,29.25],[53.75,29.64],[53.25,29.75],[54.11,29.75],[54.0,30.29],[51.26,32.5],[51.5,33.18],[52.75,32.68],[52.74,33.0],[52.0,33.32],[51.0,34.32],[50.39,34.25],[49.86,35.0],[50.1,35.25],[49.5,35.78],[49.42,36.25],[50.25,36.55],[50.75,35.99],[52.25,35.65],[53.35,36.0],[51.14,36.75],[50.75,37.0],[50.58,37.75],[52.5,38.4],[54.0,39.85],[55.25,39.64],[56.25,41.19],[57.05,41.75],[57.06,42.25],[56.25,41.69],[55.9,42.0],[55.39,43.0],[55.71,43.75],[55.64,44.5],[54.97,45.5],[54.0,45.8],[52.5,45.86],[52.0,46.22],[51.5,46.13],[50.91,46.75],[48.58,47.75],[47.18,48.75],[45.77,50.5],[45.42,52.5],[45.98,55.0],[47.44,57.0],[48.5,57.75],[52.25,59.25],[57.5,60.41],[58.75,60.43],[59.5,60.15],[61.5,60.57],[64.25,60.79],[69.75,60.44],[74.0,59.58],[78.5,58.27],[81.25,56.8],[81.99,56.0],[81.68,55.75],[82.04,55.0],[82.0,54.55],[80.25,52.15],[79.84,50.5],[78.68,49.25],[77.24,48.75],[77.4,48.0],[78.39,47.25],[79.5,47.1],[80.25,46.59],[81.25,46.42],[82.0,45.97],[81.0,45.98],[80.31,45.5],[79.0,45.18],[78.31,44.5],[78.5,44.0],[80.01,44.0],[79.75,43.73],[79.5,43.84],[78.5,43.43],[75.75,43.01],[75.83,42.75],[75.5,42.66],[72.25,42.79],[72.1,42.75],[72.25,42.47],[70.5,42.38],[70.05,42.0],[69.92,41.25],[70.25,41.0],[70.07,40.75],[72.25,41.54],[73.38,40.75],[72.0,40.15],[68.25,39.66],[67.37,39.25],[66.86,38.5],[66.92,38.25],[67.25,38.21],[68.0,38.6],[69.75,38.38],[70.12,37.5],[69.95,37.25],[70.25,37.0],[68.75,35.68],[68.25,36.16],[67.5,36.37],[67.0,35.91],[65.75,36.01],[65.25,35.69],[64.05,35.5],[64.25,35.0],[63.0,34.65],[62.84,34.5],[63.3,34.25],[62.62,34.0],[62.63,33.75],[63.0,33.47],[64.0,33.3],[63.78,33.0],[64.0,32.83],[65.25,33.26],[65.5,33.57],[66.75,33.82],[66.89,33.75],[66.54,33.25],[66.75,32.72],[68.09,33.5],[69.25,35.12],[70.0,34.97],[71.0,35.13],[71.75,35.82],[72.12,35.25],[72.75,35.13],[73.5,35.66],[74.25,35.58],[74.5,35.78],[74.54,35.5],[74.25,35.39],[73.5,35.4],[73.13,35.0],[73.2,34.75],[73.75,34.5],[74.5,34.59],[74.97,34.25],[75.5,33.31],[75.81,33.25],[75.73,33.0],[76.25,32.78],[76.46,32.25],[77.25,31.91],[77.74,31.25],[81.0,29.66],[81.5,29.55],[82.0,29.77],[81.91,29.0],[82.58,29.0],[83.0,28.52],[84.5,28.42],[86.5,27.59],[87.25,27.71],[88.0,27.37],[88.5,27.64],[89.0,27.25],[89.5,27.36],[89.75,27.87],[90.25,27.56],[91.25,27.89],[92.0,27.41],[92.72,27.75],[93.0,28.25],[92.25,28.1],[91.75,28.33],[91.75,28.64],[92.5,28.72],[93.0,28.25],[94.08,28.75],[94.22,29.0],[93.86,29.25],[94.0,29.34],[94.5,29.05],[95.3,29.5],[94.98,30.0],[95.25,30.09],[95.82,30.0],[95.25,28.71],[96.5,29.04],[96.25,28.96],[96.15,28.5],[96.25,28.24],[96.5,28.32],[96.75,27.67],[97.75,28.1],[99.25,27.18],[99.44,28.0],[99.0,28.63],[98.75,28.48],[98.5,28.89],[98.0,28.86],[97.33,29.5],[97.36,29.75],[97.75,29.98],[98.5,29.82],[99.25,30.29],[100.5,30.05],[101.0,30.35],[101.54,29.75],[101.27,29.25],[101.46,28.5],[102.25,28.51],[103.5,27.72],[103.78,28.0],[103.05,30.0],[103.17,30.25],[103.56,31.0],[104.5,31.95],[105.75,32.48],[107.0,32.33],[109.0,31.4],[109.93,31.25],[110.25,30.52],[110.75,30.59],[110.75,30.92],[110.34,31.0],[112.19,31.5],[111.75,32.19],[111.75,33.11],[112.5,33.31],[112.94,33.0],[112.17,32.25],[112.25,31.87],[112.75,31.68],[113.56,32.25],[113.51,33.25],[112.75,33.68],[113.0,34.07],[113.76,34.25],[114.01,33.75],[114.75,33.38],[114.72,34.0],[115.75,33.93],[115.75,34.5],[116.0,34.72],[116.17,33.75],[116.5,33.56],[116.74,33.75],[116.95,35.0],[116.75,35.19],[116.25,35.01],[116.04,35.75],[117.75,36.39],[117.94,36.75],[116.75,38.59],[115.74,39.25],[115.78,39.75],[116.25,40.5],[115.89,41.0],[116.59,41.75],[116.58,42.5],[117.25,42.85],[119.75,43.42],[122.75,43.47],[124.0,43.25],[124.9,42.75],[125.25,42.29],[125.67,42.25],[125.62,41.75],[126.09,41.5],[125.77,41.0],[126.04,40.75],[125.7,40.25],[126.38,38.75],[127.8,37.25],[127.95,36.75],[127.75,36.23],[128.5,36.6],[129.0,36.22],[129.25,36.31],[129.45,37.25],[128.88,38.0],[129.0,38.51],[130.0,37.25],[131.5,36.72],[132.5,36.89],[135.0,36.49],[136.0,36.93],[136.75,36.81],[136.5,35.59],[137.0,35.74],[138.0,34.9],[138.5,34.97],[139.0,34.65],[141.0,35.36],[142.0,34.93],[145.25,35.63],[147.25,35.77],[148.25,35.6],[154.0,36.36],[155.5,36.26],[155.75,36.7],[156.31,37.0],[158.29,37.25],[158.59,37.75],[159.75,38.5],[159.75,37.91],[160.87,38.0],[160.9,38.75],[160.69,39.0],[160.95,39.25],[160.5,40.23],[158.75,40.34],[157.33,41.5],[155.5,42.2],[154.51,43.25],[151.75,44.56],[148.5,45.31],[146.0,46.39],[143.25,46.56],[142.75,47.09],[142.25,47.01],[141.75,46.11],[140.75,45.93],[139.15,47.0],[139.1,47.75],[139.62,48.75],[139.0,49.5],[138.0,49.48],[135.5,48.57],[134.25,48.83],[134.03,49.0],[134.45,50.0],[134.31,50.25],[134.44,50.5],[135.2,50.75],[134.77,51.25],[134.87,52.0],[134.37,52.5],[134.61,53.25],[133.75,53.51],[131.0,53.27],[130.0,52.69],[129.0,53.38],[128.33,53.5],[128.15,54.0],[127.51,54.25],[127.31,54.75],[127.75,55.51],[128.75,55.93],[128.95,56.25],[128.75,56.52],[128.36,56.5],[128.0,57.05],[126.75,56.95],[126.74,57.5],[126.5,57.64],[125.25,57.41],[124.0,57.71],[123.25,57.31],[121.75,57.67],[121.25,57.45],[120.75,57.76],[117.75,57.86],[117.0,58.32],[116.0,58.18],[114.75,58.58],[113.0,58.62],[109.75,57.73],[100.0,57.23],[99.0,57.43],[98.0,57.23],[96.5,57.35],[94.83,57.0],[95.39,56.75],[95.0,56.65],[93.75,57.23],[92.75,56.94],[90.0,57.64],[89.77,58.0],[89.81,58.5],[89.34,58.75],[90.35,59.5],[90.48,60.75],[91.42,61.75],[92.25,62.17],[94.25,62.64],[94.51,63.0],[94.02,63.25],[93.29,64.5],[88.0,67.36],[81.5,68.34],[67.78,69.75],[58.75,70.19],[49.0,69.31],[41.0,67.74],[38.55,67.5],[35.65,66.5],[27.75,62.93],[25.75,62.43],[24.25,62.34],[20.75,61.22],[16.0,60.73],[10.5,59.24],[9.35,59.75],[9.25,60.29],[8.35,61.0],[8.64,61.25],[8.44,61.75],[7.38,62.25],[8.96,62.75],[8.0,62.93],[6.34,62.5],[5.0,62.43],[1.0,60.95],[-4.0,59.8],[-7.75,58.59],[-13.5,56.11],[-16.5,54.49],[-29.25,50.63],[-35.23,47.75],[-37.99,45.75],[-40.25,43.71],[-42.5,44.07],[-45.25,43.14],[-46.25,43.03],[-48.26,42.25],[-49.5,41.41],[-51.75,40.8],[-54.34,39.75],[-55.0,39.71],[-56.5,38.98],[-57.5,38.91],[-57.95,38.5],[-57.4,38.0],[-56.63,35.0],[-57.0,34.11],[-58.19,33.0],[-57.75,32.49],[-57.25,32.52],[-56.7,32.0],[-56.0,31.74],[-55.5,30.95],[-54.25,30.33],[-54.0,29.42],[-52.67,28.75],[-52.0,28.05],[-50.25,27.74],[-48.25,27.75],[-46.0,28.38],[-45.25,28.21],[-42.5,28.64],[-39.0,30.44],[-36.0,31.52],[-35.25,32.0],[-34.99,32.5],[-34.71,33.5],[-34.84,35.75],[-34.62,36.75],[-34.19,38.0],[-33.25,39.06],[-31.25,38.48],[-27.95,37.0],[-28.69,34.0],[-30.0,31.96],[-30.65,30.5],[-30.25,30.0],[-29.75,30.2],[-29.25,29.59],[-26.75,29.09],[-25.0,29.59],[-24.0,30.3],[-21.5,30.35],[-20.5,31.02],[-20.0,30.88],[-19.25,31.14],[-18.75,31.8],[-17.61,31.75],[-17.69,32.5],[-17.5,32.69],[-16.75,32.38],[-16.25,32.55],[-15.62,33.25],[-15.27,34.5],[-14.75,35.07],[-14.07,36.5],[-13.16,37.0],[-12.57,38.0],[-10.82,39.75],[-9.88,42.25],[-9.25,42.78],[-8.5,42.72],[-7.98,41.5],[-7.5,41.39],[-7.25,41.76],[-6.66,41.5],[-6.4,41.0],[-6.49,40.5],[-6.03,40.5],[-5.88,41.0],[-5.5,41.04],[-5.12,40.75],[-5.97,40.5],[-5.75,40.12],[-3.77,40.25],[-2.52,39.25],[-2.61,38.25],[-2.91,38.0],[-2.76,37.5],[-3.75,37.0],[-3.5,36.81],[-2.0,37.13],[-0.93,37.75],[-0.32,38.5],[0.25,38.27],[2.0,38.9],[4.0,38.67],[4.74,38.25],[4.7,37.75],[5.1,37.25],[4.93,37.0],[3.5,36.5],[1.75,36.51],[1.93,36.25],[1.0,35.61],[0.75,35.13],[-1.0,34.25],[-1.31,34.5],[-1.25,34.77],[-4.0,34.69],[-3.84,34.25],[-5.61,33.5],[-5.89,32.75],[-6.9,31.75],[-8.97,31.0],[-7.87,30.75],[-7.72,30.5],[-8.0,30.17],[-7.32,30.25],[-7.25,31.04],[-6.5,31.13],[-6.0,30.81],[-5.5,30.89],[-4.5,31.66],[-3.5,31.41],[-3.36,32.0],[-2.5,32.26],[-2.0,31.77],[-1.25,31.96],[-1.0,31.6],[0.37,31.0],[1.25,31.2],[2.0,30.72],[3.0,30.67],[5.25,31.27],[7.5,30.64],[8.77,29.75],[9.37,28.0],[12.1,26.5],[11.5,25.76],[11.5,25.4],[12.18,25.5],[12.13,25.75],[12.45,26.0],[15.0,26.24],[16.5,26.92],[16.88,26.5],[16.56,26.0],[16.75,25.62],[17.25,25.38],[18.5,25.58],[20.44,25.0]]}},{"type":"Feature","properties":{"level":1020},"geometry":{"type":"LineString","coordinates":[[27.31,27.0],[27.55,27.0],[27.31,27.0]]}},{"type":"Feature","properties":{"level":1020},"geometry":{"type":"LineString","coordinates":[[88.0,28.2],[87.25,28.55],[86.74,28.5],[86.5,28.75],[86.65,29.0],[85.8,29.25],[85.71,29.5],[86.0,29.38],[86.25,29.73],[86.75,29.7],[86.9,30.0],[86.43,30.0],[86.25,30.47],[86.0,30.16],[85.31,30.5],[85.55,30.75],[84.88,30.75],[85.08,31.0],[85.75,31.18],[86.25,30.68],[86.5,31.04],[86.75,30.77],[87.0,31.09],[88.25,31.15],[88.63,31.0],[87.25,30.54],[87.1,30.25],[87.25,30.1],[87.5,30.42],[88.29,30.0],[88.25,29.7],[88.86,29.75],[89.0,29.97],[89.75,29.48],[90.5,29.62],[91.5,30.54],[93.0,30.61],[93.3,30.25],[93.0,29.88],[92.0,29.74],[91.69,29.5],[92.13,29.25],[91.25,29.03],[90.5,28.42],[90.0,28.52],[89.5,28.15],[89.0,28.42],[88.0,28.2]]}},{"type":"Feature","properties":{"level":1020},"geometry":{"type":"LineString","coordinates":[[56.86,28.5],[57.0,28.38],[57.25,28.89],[57.75,28.98],[58.33,28.5],[57.66,30.0],[57.0,30.8],[57.23,30.25],[57.0,29.96],[56.0,30.14],[55.58,30.0],[56.1,29.25],[56.03,29.0],[56.86,28.5]]}},{"type":"Feature","properties":{"level":1020},"geometry":{"type":"LineString","coordinates":[[54.71,28.75],[55.1,28.75],[54.6,29.25],[54.93,29.5],[54.25,29.66],[53.96,29.0],[54.71,28.75]]}},{"type":"Feature","properties":{"level":1020},"geometry":{"type":"LineString","coordinates":[[-102.75,30.25],[-102.37,30.75],[-102.75,31.0],[-103.75,31.06],[-104.28,32.25],[-102.75,32.3],[-101.75,33.43],[-101.82,34.25],[-102.64,34.5],[-103.07,33.5],[-103.75,33.26],[-104.5,33.18],[-105.75,33.66],[-105.9,32.75],[-104.94,32.25],[-105.06,31.0],[-104.5,31.06],[-103.5,30.36],[-102.75,30.25]]}},{"type":"Feature","properties":{"level":1020},"geometry":{"type":"LineString","coordinates":[[90.0,30.34],[90.0,30.87],[89.19,31.0],[90.5,30.98],[91.1,30.75],[90.25,30.59],[90.0,30.34]]}},{"type":"Feature","properties":{"level":1020},"geometry":{"type":"LineString","coordinates":[[-180.0,31.44],[-177.5,32.6],[-169.0,33.83],[-168.21,34.25],[-167.78,35.0],[-166.0,35.9],[-165.45,36.5],[-166.04,37.25],[-168.25,38.67],[-170.0,38.93],[-173.0,38.97],[-180.0,37.51]]}},{"type":"Feature","properties":{"level":1020},"geometry":{"type":"LineString","coordinates":[[-69.73,31.5],[-68.25,31.34],[-66.25,32.09],[-64.5,31.82],[-62.75,31.91],[-59.75,32.84],[-59.3,33.75],[-59.35,34.25],[-59.75,35.71],[-60.17,36.0],[-59.68,37.5],[-62.25,37.18],[-64.0,36.55],[-65.21,36.5],[-66.01,35.75],[-67.25,35.78],[-67.75,35.25],[-67.81,34.75],[-68.5,34.4],[-69.65,33.0],[-70.06,32.25],[-69.73,31.5]]}},{"type":"Feature","properties":{"level":1020},"geometry":{"type":"LineString","coordinates":[[53.74,31.5],[54.31,31.5],[53.5,32.23],[53.25,32.13],[53.25,31.88],[53.74,31.5]]}},{"type":"Feature","properties":{"level":1020},"geometry":{"type":"LineString","coordinates":[[-107.87,33.0],[-107.75,32.77],[-106.91,34.0],[-107.17,34.75],[-107.5,34.98],[-107.75,34.97],[-108.0,34.16],[-108.34,34.0],[-108.29,33.5],[-108.0,33.56],[-107.87,33.0]]}},{"type":"Feature","properties":{"level":1020},"geometry":{"type":"LineString","coordinates":[[35.74,33.25],[37.0,34.35],[36.25,34.63],[36.0,34.43],[35.68,34.0],[35.74,33.25]]}},{"type":"Feature","properties":{"level":1020},"geometry":{"type":"LineString","coordinates":[[-101.13,34.0],[-100.5,33.78],[-100.3,34.25],[-99.0,35.0],[-98.25,34.98],[-97.75,34.63],[-96.13,36.25],[-97.17,36.25],[-95.5,37.1],[-94.0,36.63],[-93.79,35.75],[-93.0,35.56],[-85.75,37.22],[-85.25,37.54],[-84.63,37.0],[-84.87,36.75],[-84.75,36.37],[-84.25,36.29],[-82.75,36.73],[-82.0,36.37],[-81.25,36.54],[-80.75,36.16],[-79.75,35.92],[-76.75,36.21],[-76.0,35.95],[-72.5,38.57],[-69.5,39.17],[-67.25,39.99],[-63.5,40.61],[-61.91,41.25],[-60.25,42.49],[-59.75,43.25],[-59.58,44.0],[-61.05,45.5],[-61.0,46.76],[-63.0,48.29],[-63.5,48.28],[-63.75,47.97],[-65.0,48.26],[-65.42,48.75],[-64.75,49.04],[-63.89,49.0],[-66.0,49.89],[-67.0,51.1],[-68.75,51.43],[-70.6,52.5],[-73.25,52.99],[-79.0,53.55],[-79.75,53.45],[-80.75,53.09],[-81.75,52.35],[-82.75,52.05],[-88.25,51.21],[-89.44,50.0],[-90.0,49.69],[-90.54,49.75],[-90.24,49.0],[-90.41,48.25],[-90.84,47.75],[-90.32,47.0],[-90.4,46.5],[-91.49,45.5],[-91.74,44.75],[-94.07,42.5],[-97.46,39.75],[-99.28,37.0],[-101.5,35.23],[-101.58,34.5],[-101.13,34.0]]}},{"type":"Feature","properties":{"level":1020},"geometry":{"type":"LineString","coordinates":[[-137.8,34.75],[-136.06,35.75],[-135.5,36.6],[-134.25,36.82],[-131.59,39.5],[-129.25,43.17],[-128.61,45.0],[-128.8,48.0],[-128.47,48.75],[-128.69,50.75],[-128.25,50.93],[-127.75,50.45],[-125.86,50.25],[-124.41,49.5],[-125.5,50.61],[-127.5,51.31],[-127.52,52.0],[-127.25,52.19],[-126.85,52.0],[-127.04,51.75],[-126.75,51.63],[-126.19,51.75],[-126.3,51.5],[-125.75,50.81],[-125.5,51.53],[-125.0,51.92],[-124.25,51.63],[-122.75,51.54],[-122.44,51.25],[-124.0,50.97],[-124.5,51.62],[-125.0,51.68],[-125.45,51.0],[-125.0,50.57],[-124.0,50.62],[-122.75,50.08],[-122.5,50.5],[-122.0,50.54],[-121.5,49.79],[-120.5,49.8],[-120.0,49.52],[-119.75,48.34],[-119.5,48.26],[-119.25,48.7],[-118.75,48.6],[-118.34,47.75],[-117.75,47.58],[-116.5,47.83],[-115.75,47.22],[-114.5,46.67],[-114.56,46.0],[-113.94,45.75],[-114.39,45.5],[-113.75,44.86],[-113.0,44.56],[-113.2,44.0],[-113.0,43.63],[-112.25,44.59],[-111.22,44.5],[-110.75,44.0],[-111.05,43.5],[-110.43,43.25],[-110.42,43.0],[-110.75,42.65],[-110.75,42.17],[-109.5,42.5],[-109.22,42.0],[-108.5,41.53],[-107.98,41.75],[-108.21,42.0],[-108.0,42.13],[-107.0,41.99],[-105.35,42.25],[-104.96,43.75],[-104.5,44.15],[-104.0,44.05],[-103.66,44.25],[-104.04,44.75],[-104.1,46.75],[-104.85,49.0],[-104.93,50.0],[-105.75,51.75],[-106.7,52.75],[-106.61,53.0],[-106.99,53.5],[-107.02,54.0],[-106.63,54.5],[-107.47,55.25],[-107.8,56.25],[-110.0,57.17],[-110.75,57.21],[-110.33,57.75],[-110.89,58.25],[-111.75,58.58],[-112.0,58.5],[-111.28,57.5],[-111.75,57.06],[-113.79,57.25],[-113.92,57.5],[-113.25,57.94],[-113.5,58.17],[-114.62,58.0],[-114.42,57.75],[-115.0,57.72],[-115.5,57.34],[-116.31,58.0],[-115.0,58.21],[-115.32,58.5],[-116.25,58.68],[-117.0,58.32],[-118.25,58.15],[-118.92,58.5],[-118.51,58.75],[-119.43,59.25],[-117.92,60.0],[-116.5,59.84],[-115.0,60.52],[-113.0,61.0],[-111.5,62.16],[-110.59,62.5],[-110.38,63.0],[-109.0,63.65],[-108.83,64.25],[-109.5,65.08],[-110.67,65.5],[-110.36,65.75],[-110.5,65.86],[-113.32,67.5],[-115.65,68.0],[-119.25,69.41],[-121.15,69.75],[-123.35,71.0],[-120.75,71.59],[-120.26,72.25],[-120.0,73.15],[-119.03,73.75],[-119.03,74.0],[-120.33,74.5],[-120.6,75.0],[-120.29,76.0],[-119.62,76.25],[-119.49,76.75],[-120.5,76.96],[-122.3,78.25],[-126.57,80.0],[-129.42,80.75],[-134.14,81.25],[-137.5,81.99],[-143.25,82.29],[-154.25,82.02],[-157.75,81.54],[-160.85,80.75],[-159.25,80.44],[-155.25,80.43],[-145.75,79.86],[-137.75,78.66],[-135.25,77.95],[-133.0,76.93],[-131.61,75.75],[-130.74,74.5],[-130.76,73.25],[-129.27,71.0],[-129.53,70.25],[-130.0,70.19],[-131.46,71.0],[-132.16,72.75],[-133.75,73.07],[-136.76,72.5],[-139.18,71.5],[-139.34,71.25],[-139.0,70.81],[-136.49,69.75],[-136.39,69.25],[-137.0,68.94],[-138.75,68.9],[-141.5,69.4],[-144.0,69.28],[-146.0,69.53],[-149.5,68.47],[-151.0,68.33],[-151.5,68.53],[-156.0,68.13],[-156.36,67.5],[-155.86,67.0],[-156.0,66.49],[-152.5,66.29],[-151.25,66.49],[-150.75,66.33],[-150.75,65.98],[-148.5,66.35],[-143.75,66.43],[-141.5,66.0],[-140.5,66.52],[-138.74,65.75],[-139.0,65.56],[-139.75,65.62],[-140.25,65.96],[-140.32,65.5],[-139.5,65.14],[-139.0,65.36],[-138.93,65.0],[-139.32,64.5],[-138.5,64.24],[-137.25,64.19],[-136.0,65.26],[-135.0,65.21],[-134.0,65.5],[-128.09,65.0],[-127.06,64.5],[-127.11,64.25],[-126.75,64.0],[-127.9,64.0],[-127.8,63.75],[-128.0,63.71],[-130.75,64.95],[-131.25,64.54],[-132.25,64.91],[-132.75,64.7],[-132.75,64.04],[-134.2,63.25],[-134.22,63.0],[-133.86,62.75],[-134.25,62.6],[-134.31,62.25],[-133.29,62.0],[-133.79,61.5],[-133.35,61.0],[-133.53,60.5],[-133.25,60.12],[-132.68,60.0],[-133.75,59.85],[-134.75,59.29],[-135.5,59.54],[-136.37,59.5],[-135.75,59.44],[-135.34,58.5],[-134.97,58.25],[-135.11,57.5],[-134.75,56.4],[-133.46,55.75],[-133.63,55.5],[-132.67,54.0],[-132.5,52.75],[-133.12,51.25],[-133.07,50.5],[-133.5,49.16],[-136.1,44.0],[-137.75,42.06],[-139.97,37.75],[-139.75,35.39],[-139.5,34.8],[-138.75,35.01],[-137.8,34.75]]}},{"type":"Feature","properties":{"level":1020},"geometry":{"type":"LineString","coordinates":[[-98.0,35.12],[-98.0,35.35],[-98.0,35.12]]}},{"type":"Feature","properties":{"level":1020},"geometry":{"type":"LineString","coordinates":[[-96.67,35.25],[-96.48,35.25],[-96.5,35.56],[-96.67,35.25]]}},{"type":"Feature","properties":{"level":1020},"geometry":{"type":"LineString","coordinates":[[-97.75,35.67],[-97.75,35.84],[-97.58,35.75],[-97.75,35.67]]}},{"type":"Feature","properties":{"level":1020},"geometry":{"type":"LineString","coordinates":[[-95.92,36.25],[-95.56,36.25],[-95.92,36.25]]}},{"type":"Feature","properties":{"level":1020},"geometry":{"type":"LineString","coordinates":[[-118.41,36.5],[-118.21,36.5],[-118.75,37.45],[-118.85,37.25],[-118.41,36.5]]}},{"type":"Feature","properties":{"level":1020},"geometry":{"type":"LineString","coordinates":[[46.0,36.49],[45.92,36.75],[45.3,37.0],[44.7,38.0],[44.78,38.75],[44.37,39.75],[43.75,39.86],[43.64,40.25],[44.5,40.36],[45.59,39.5],[46.0,38.54],[47.08,38.75],[47.11,38.5],[47.83,38.0],[47.45,37.75],[48.5,37.75],[48.63,37.25],[48.25,36.74],[47.75,36.65],[46.5,37.24],[46.36,36.75],[46.0,36.49]]}},{"type":"Feature","properties":{"level":1020},"geometry":{"type":"LineString","coordinates":[[7.75,36.74],[7.75,37.03],[7.34,37.25],[8.25,37.46],[8.35,37.0],[7.75,36.74]]}},{"type":"Feature","properties":{"level":1020},"geometry":{"type":"LineString","coordinates":[[58.98,37.0],[59.73,37.0],[58.75,37.33],[58.98,37.0]]}},{"type":"Feature","properties":{"level":1020},"geometry":{"type":"LineString","coordinates":[[33.25,37.39],[33.08,37.75],[33.75,38.16],[34.0,38.21],[34.56,37.75],[33.25,37.39]]}},{"type":"Feature","properties":{"level":1020},"geometry":{"type":"LineString","coordinates":[[-107.7,37.75],[-106.69,38.0],[-106.66,38.5],[-107.19,38.75],[-106.5,38.72],[-105.59,39.5],[-105.75,40.8],[-106.12,40.75],[-106.29,40.0],[-106.6,39.75],[-107.25,40.22],[-107.5,40.01],[-107.64,39.75],[-107.15,39.5],[-107.36,39.25],[-107.18,39.0],[-107.35,38.5],[-107.12,38.25],[-107.84,38.0],[-107.7,37.75]]}},{"type":"Feature","properties":{"level":1020},"geometry":{"type":"LineString","coordinates":[[180.0,37.51],[172.0,35.5],[171.0,35.46],[169.75,34.94],[168.86,34.25],[168.78,33.75],[167.48,31.75],[167.5,31.25],[168.25,30.76],[170.25,30.15],[174.25,30.43],[174.75,30.79],[176.0,31.03],[177.5,30.62],[180.0,31.44]]}},{"type":"Feature","properties":{"level":1020},"geometry":{"type":"LineString","coordinates":[[-110.86,40.5],[-109.68,40.75],[-110.5,40.98],[-111.01,40.75],[-110.86,40.5]]}},{"type":"Feature","properties":{"level":1020},"geometry":{"type":"LineString","coordinates":[[142.5,46.44],[142.5,46.71],[142.73,46.5],[142.5,46.44]]}},{"type":"Feature","properties":{"level":1020},"geometry":{"type":"LineString","coordinates":[[-125.25,52.72],[-124.75,53.17],[-123.94,53.0],[-124.75,52.51],[-125.25,52.72]]}},{"type":"Feature","properties":{"level":1020},"geometry":{"type":"LineString","coordinates":[[103.0,57.22],[103.0,57.45],[103.0,57.22]]}},{"type":"Feature","properties":{"level":1020},"geometry":{"type":"LineString","coordinates":[[-123.75,57.72],[-124.5,58.25],[-124.78,58.75],[-123.86,58.5],[-123.46,57.75],[-123.75,57.72]]}},{"type":"Feature","properties":{"level":1020},"geometry":{"type":"LineString","coordinates":[[-126.75,62.43],[-127.26,63.0],[-126.5,63.08],[-125.8,62.75],[-126.0,62.43],[-126.75,62.43]]}},{"type":"Feature","properties":{"level":1020},"geometry":{"type":"LineString","coordinates":[[10.55,62.75],[12.0,62.74],[12.77,63.25],[11.25,63.47],[10.25,63.26],[10.5,63.22],[10.55,62.75]]}},{"type":"Feature","properties":{"level":1020},"geometry":{"type":"LineString","coordinates":[[-136.71,64.25],[-135.0,64.15],[-133.52,64.5],[-134.0,64.88],[-135.0,64.89],[-136.25,64.67],[-136.71,64.25]]}},{"type":"Feature","properties":{"level":1020},"geometry":{"type":"LineString","coordinates":[[-131.73,71.75],[-131.48,71.75],[-131.73,71.75]]}},{"type":"Feature","properties":{"level":1024},"geometry":{"type":"LineString","coordinates":[[180.0,-89.18],[130.25,-88.4],[127.42,-88.25],[119.5,-87.06],[119.1,-86.75],[119.66,-86.25],[118.78,-85.75],[121.32,-84.5],[121.45,-84.25],[121.04,-83.5],[119.89,-83.25],[119.98,-83.0],[124.25,-82.25],[125.51,-81.0],[131.75,-79.5],[132.65,-78.25],[133.75,-77.96],[136.75,-77.79],[137.58,-77.5],[137.38,-77.25],[138.37,-76.75],[137.24,-76.5],[137.13,-76.25],[137.51,-76.0],[137.25,-75.88],[134.75,-75.35],[125.75,-75.21],[121.25,-75.84],[119.25,-75.57],[113.5,-75.82],[108.75,-75.31],[101.5,-73.92],[96.5,-73.52],[85.75,-74.96],[84.45,-75.5],[82.58,-77.0],[81.5,-77.37],[77.0,-77.75],[74.75,-78.41],[73.25,-78.18],[72.49,-78.5],[73.89,-78.75],[73.57,-79.0],[66.25,-79.42],[65.9,-79.75],[64.94,-80.0],[65.28,-80.75],[65.92,-81.0],[65.01,-81.5],[63.5,-81.69],[59.13,-81.25],[58.09,-80.25],[58.04,-78.5],[57.75,-77.59],[55.21,-76.75],[53.0,-76.37],[50.5,-76.17],[49.0,-76.38],[45.25,-75.78],[45.51,-75.25],[44.5,-74.98],[40.0,-74.64],[36.34,-75.25],[31.25,-75.41],[30.79,-75.5],[31.1,-75.75],[30.52,-76.0],[30.65,-76.25],[30.45,-76.5],[31.25,-76.82],[33.5,-76.96],[37.0,-77.61],[42.26,-77.5],[42.26,-77.75],[41.61,-78.0],[38.89,-78.5],[37.54,-79.0],[37.55,-79.25],[36.17,-79.5],[35.4,-80.0],[37.45,-80.75],[37.92,-81.25],[41.67,-82.25],[42.04,-82.5],[42.07,-83.0],[43.51,-83.75],[44.24,-84.75],[45.84,-85.25],[43.82,-86.0],[43.87,-86.25],[45.6,-86.75],[42.38,-87.5],[43.56,-87.75],[47.5,-88.25],[63.7,-88.75],[98.11,-89.25],[59.5,-89.72],[39.25,-89.63],[35.44,-89.5],[36.52,-89.25],[34.0,-89.16],[-24.25,-89.16],[-60.75,-88.77],[-161.25,-88.95],[-180.0,-89.18]]}},{"type":"Feature","properties":{"level":1024},"geometry":{"type":"LineString","coordinates":[[22.14,-88.25],[26.58,-88.25],[28.49,-88.0],[18.25,-88.0],[22.14,-88.25]]}},{"type":"Feature","properties":{"level":1024},"geometry":{"type":"LineString","coordinates":[[119.74,-74.75],[125.25,-74.27],[128.25,-73.83],[128.48,-73.5],[124.5,-73.32],[117.79,-74.0],[118.2,-74.5],[119.74,-74.75]]}},{"type":"Feature","properties":{"level":1024},"geometry":{"type":"LineString","coordinates":[[134.41,-70.0],[134.75,-70.19],[136.36,-69.75],[136.29,-69.5],[135.25,-69.24],[134.53,-69.5],[134.41,-70.0]]}},{"type":"Feature","properties":{"level":1024},"geometry":{"type":"LineString","coordinates":[[23.1,-50.75],[25.0,-50.85],[33.49,-49.0],[35.5,-48.08],[37.56,-47.5],[38.43,-46.75],[38.53,-46.25],[39.0,-46.06],[42.25,-46.04],[43.5,-45.72],[45.5,-45.81],[45.64,-45.75],[45.09,-45.25],[45.5,-44.69],[45.4,-44.0],[44.41,-42.75],[44.5,-42.56],[55.75,-45.65],[59.5,-46.09],[62.75,-45.9],[68.06,-45.0],[71.0,-44.14],[74.61,-43.5],[78.36,-42.25],[85.5,-39.06],[90.5,-37.4],[95.25,-36.14],[99.25,-35.39],[101.25,-34.78],[107.0,-34.67],[110.25,-33.94],[111.78,-34.0],[112.5,-33.34],[113.04,-33.25],[113.19,-32.25],[112.92,-31.5],[111.05,-29.0],[111.03,-28.5],[108.0,-25.79],[106.5,-25.14],[105.5,-24.34],[104.25,-24.2],[102.0,-23.24],[101.5,-23.17],[100.75,-23.5],[100.25,-23.14],[99.0,-23.04],[97.5,-22.44],[94.75,-22.99],[88.75,-21.8],[88.0,-22.16],[87.25,-21.77],[85.75,-22.09],[85.0,-21.93],[82.75,-22.47],[81.5,-23.16],[80.25,-23.44],[79.75,-23.21],[77.5,-23.09],[77.37,-23.25],[77.73,-23.75],[75.62,-24.25],[75.64,-25.5],[75.06,-25.75],[74.8,-26.0],[74.92,-26.25],[74.17,-26.75],[74.24,-27.5],[72.5,-30.27],[70.25,-31.17],[68.5,-31.25],[66.79,-30.75],[65.61,-29.75],[65.13,-28.5],[65.18,-27.25],[64.87,-26.0],[63.25,-24.22],[62.0,-23.61],[61.0,-22.75],[59.25,-22.25],[57.75,-22.28],[55.5,-20.88],[55.29,-21.0],[55.61,-21.5],[55.25,-21.74],[53.75,-21.28],[51.5,-21.85],[48.75,-23.82],[48.1,-24.0],[48.0,-24.43],[47.96,-24.0],[47.25,-22.98],[46.0,-22.93],[46.75,-24.25],[46.75,-24.84],[47.5,-24.32],[47.67,-24.5],[47.06,-26.5],[44.81,-28.25],[44.0,-28.58],[42.75,-29.76],[42.25,-29.81],[41.0,-31.06],[39.75,-31.49],[37.5,-31.81],[36.5,-32.38],[35.75,-32.49],[31.5,-31.56],[30.5,-32.65],[30.0,-32.74],[29.71,-33.25],[29.0,-33.32],[28.5,-33.0],[28.56,-32.75],[30.31,-30.75],[30.79,-29.5],[29.75,-29.42],[29.25,-29.08],[28.83,-30.0],[29.09,-30.25],[28.5,-30.72],[28.25,-30.23],[27.75,-31.09],[26.0,-31.66],[25.0,-31.42],[24.75,-32.14],[24.25,-31.99],[23.75,-32.34],[22.75,-31.88],[22.34,-32.25],[22.65,-32.5],[22.5,-32.61],[21.75,-32.16],[20.25,-33.12],[19.66,-33.0],[18.75,-34.32],[18.0,-34.52],[16.5,-34.39],[14.75,-32.67],[13.14,-31.5],[12.75,-30.91],[11.25,-30.29],[9.0,-28.19],[5.25,-25.6],[0.0,-23.79],[-2.0,-23.81],[-3.25,-23.32],[-5.5,-23.33],[-7.65,-24.75],[-8.01,-26.25],[-7.05,-28.0],[-2.76,-31.25],[2.0,-34.34],[4.0,-35.93],[4.5,-36.06],[8.8,-39.5],[10.43,-41.5],[12.5,-43.25],[14.06,-45.5],[16.25,-47.97],[19.5,-50.09],[21.25,-50.59],[23.1,-50.75]]}},{"type":"Feature","properties":{"level":1024},"geometry":{"type":"LineString","coordinates":[[-180.0,-49.17],[-176.5,-48.46],[-174.1,-47.25],[-172.84,-45.5],[-173.11,-44.25],[-172.12,-43.0],[-172.17,-42.25],[-171.52,-41.75],[-171.44,-41.25],[-172.27,-39.25],[-173.98,-37.5],[-177.25,-35.52],[-180.0,-34.83]]}},{"type":"Feature","properties":{"level":1024},"geometry":{"type":"LineString","coordinates":[[175.0,-35.15],[175.0,-34.5],[175.34,-34.25],[176.75,-33.63],[177.37,-34.0],[177.0,-34.5],[176.5,-34.74],[176.0,-34.66],[175.0,-35.15]]}},{"type":"Feature","properties":{"level":1024},"geometry":{"type":"LineString","coordinates":[[180.0,-34.83],[177.94,-33.75],[178.38,-33.25],[178.33,-32.5],[178.11,-32.25],[178.79,-31.75],[177.0,-31.37],[175.92,-30.5],[174.75,-30.0],[166.25,-29.19],[164.25,-29.52],[162.75,-29.48],[162.0,-29.84],[161.25,-29.72],[159.75,-30.05],[158.25,-30.99],[157.56,-32.25],[157.34,-34.25],[157.48,-36.25],[156.48,-40.5],[156.46,-42.25],[156.0,-43.76],[155.0,-44.71],[152.0,-45.45],[149.25,-44.97],[148.25,-45.1],[147.25,-44.74],[145.5,-44.62],[144.75,-44.27],[143.86,-43.25],[143.6,-42.25],[143.46,-40.75],[144.11,-38.0],[143.96,-37.75],[143.31,-37.25],[142.25,-37.09],[141.75,-36.51],[141.0,-37.08],[140.66,-35.75],[139.89,-35.5],[139.66,-34.75],[139.25,-34.55],[138.0,-34.93],[137.75,-34.48],[137.25,-34.58],[136.87,-33.5],[136.0,-33.07],[135.25,-34.29],[135.0,-34.14],[134.0,-34.95],[133.25,-34.76],[132.56,-34.25],[131.25,-34.54],[130.75,-34.38],[130.5,-33.95],[129.75,-33.91],[129.0,-34.95],[128.5,-35.18],[128.22,-35.75],[127.25,-36.04],[126.69,-36.75],[126.38,-37.75],[127.13,-39.25],[128.7,-40.75],[131.47,-42.5],[134.89,-44.25],[149.25,-49.53],[153.0,-50.63],[159.0,-51.49],[165.25,-51.53],[170.0,-51.05],[180.0,-49.17]]}},{"type":"Feature","properties":{"level":1024},"geometry":{"type":"LineString","coordinates":[[-166.95,-34.0],[-164.0,-33.98],[-162.25,-33.52],[-160.36,-32.5],[-159.96,-31.75],[-158.75,-30.95],[-158.5,-31.25],[-158.25,-31.17],[-157.75,-30.46],[-156.75,-30.47],[-156.0,-29.83],[-154.5,-30.53],[-153.75,-30.12],[-153.17,-29.25],[-153.5,-28.59],[-154.14,-28.25],[-153.75,-28.13],[-153.64,-27.75],[-154.75,-26.9],[-155.5,-27.07],[-156.0,-26.9],[-156.5,-27.21],[-156.75,-26.75],[-158.0,-27.18],[-158.25,-26.79],[-159.0,-26.68],[-159.5,-27.04],[-159.75,-26.69],[-160.75,-27.22],[-161.5,-26.72],[-162.0,-26.99],[-163.75,-26.36],[-164.16,-26.5],[-164.25,-26.85],[-165.75,-26.2],[-166.0,-26.8],[-166.5,-26.86],[-167.0,-26.45],[-167.5,-26.96],[-168.5,-26.99],[-168.85,-27.5],[-169.4,-27.75],[-170.1,-28.75],[-170.26,-29.0],[-170.08,-29.25],[-170.85,-30.0],[-170.75,-30.75],[-171.14,-31.0],[-171.08,-31.25],[-171.7,-32.0],[-171.0,-32.57],[-170.0,-32.56],[-168.15,-33.75],[-166.95,-34.0]]}},{"type":"Feature","properties":{"level":1024},"geometry":{"type":"LineString","coordinates":[[-178.12,-31.75],[-177.5,-31.66],[-176.9,-31.25],[-177.5,-30.93],[-178.41,-31.5],[-178.12,-31.75]]}},{"type":"Feature","properties":{"level":1024},"geometry":{"type":"LineString","coordinates":[[-175.77,-31.75],[-175.11,-31.5],[-175.25,-31.1],[-175.67,-31.25],[-175.77,-31.75]]}},{"type":"Feature","properties":{"level":1024},"geometry":{"type":"LineString","coordinates":[[-173.78,-31.25],[-173.08,-31.0],[-173.01,-30.75],[-173.5,-30.61],[-173.9,-31.0],[-173.78,-31.25]]}},{"type":"Feature","properties":{"level":1024},"geometry":{"type":"LineString","coordinates":[[-170.0,-31.34],[-170.12,-31.25],[-169.68,-31.0],[-170.0,-31.34]]}},{"type":"Feature","properties":{"level":1024},"geometry":{"type":"LineString","coordinates":[[-175.1,-30.75],[-175.0,-30.9],[-174.75,-30.75],[-174.7,-30.5],[-175.0,-30.49],[-175.1,-30.75]]}},{"type":"Feature","properties":{"level":1024},"geometry":{"type":"LineString","coordinates":[[-177.05,-30.0],[-176.5,-30.12],[-176.24,-29.75],[-176.5,-29.56],[-177.05,-30.0]]}},{"type":"Feature","properties":{"level":1024},"geometry":{"type":"LineString","coordinates":[[-173.53,-30.0],[-173.25,-30.11],[-172.82,-29.75],[-173.0,-29.55],[-173.53,-30.0]]}},{"type":"Feature","properties":{"level":1024},"geometry":{"type":"LineString","coordinates":[[-170.25,-30.16],[-170.25,-29.89],[-170.25,-30.16]]}},{"type":"Feature","properties":{"level":1024},"geometry":{"type":"LineString","coordinates":[[-157.25,-30.1],[-157.44,-29.75],[-157.25,-29.6],[-156.91,-30.0],[-157.25,-30.1]]}},{"type":"Feature","properties":{"level":1024},"geometry":{"type":"LineString","coordinates":[[-155.25,-29.86],[-155.25,-29.69],[-155.25,-29.86]]}},{"type":"Feature","properties":{"level":1024},"geometry":{"type":"LineString","coordinates":[[-154.0,-29.54],[-154.0,-29.33],[-154.0,-29.54]]}},{"type":"Feature","properties":{"level":1024},"geometry":{"type":"LineString","coordinates":[[-171.01,-29.25],[-170.71,-29.25],[-171.0,-28.88],[-171.2,-29.0],[-171.01,-29.25]]}},{"type":"Feature","properties":{"level":1024},"geometry":{"type":"LineString","coordinates":[[-153.75,-29.3],[-153.9,-29.25],[-153.75,-29.3]]}},{"type":"Feature","properties":{"level":1024},"geometry":{"type":"LineString","coordinates":[[-174.61,-29.0],[-174.44,-29.0],[-174.61,-29.0]]}},{"type":"Feature","properties":{"level":1024},"geometry":{"type":"LineString","coordinates":[[-152.3,-29.0],[-151.96,-28.75],[-152.25,-28.45],[-152.3,-29.0]]}},{"type":"Feature","properties":{"level":1024},"geometry":{"type":"LineString","coordinates":[[-153.06,-28.5],[-152.83,-28.5],[-153.0,-28.06],[-153.31,-28.25],[-153.06,-28.5]]}},{"type":"Feature","properties":{"level":1024},"geometry":{"type":"LineString","coordinates":[[-160.0,-27.86],[-159.75,-27.19],[-159.61,-27.5],[-160.0,-27.86]]}},{"type":"Feature","properties":{"level":1024},"geometry":{"type":"LineString","coordinates":[[-157.0,-27.54],[-157.0,-27.29],[-156.7,-27.5],[-157.0,-27.54]]}},{"type":"Feature","properties":{"level":1024},"geometry":{"type":"LineString","coordinates":[[47.34,-20.0],[47.75,-20.18],[48.1,-19.5],[48.0,-19.12],[47.25,-19.2],[47.34,-20.0]]}},{"type":"Feature","properties":{"level":1024},"geometry":{"type":"LineString","coordinates":[[86.78,27.75],[87.1,27.75],[87.2,28.25],[86.0,28.61],[85.53,28.5],[85.75,28.11],[86.78,27.75]]}},{"type":"Feature","properties":{"level":1024},"geometry":{"type":"LineString","coordinates":[[83.16,28.75],[84.75,28.6],[85.21,28.75],[85.26,29.0],[84.25,29.22],[84.0,28.87],[83.96,29.25],[83.5,29.5],[83.16,28.75]]}},{"type":"Feature","properties":{"level":1024},"geometry":{"type":"LineString","coordinates":[[16.31,29.5],[16.5,29.36],[17.25,29.82],[18.5,29.49],[18.71,29.75],[18.58,30.25],[19.0,31.0],[19.75,31.48],[20.75,31.5],[21.25,32.59],[21.84,32.75],[21.17,33.0],[21.57,33.5],[21.52,34.0],[22.25,35.69],[23.17,36.25],[24.35,38.0],[26.0,39.18],[28.25,39.38],[29.75,38.95],[30.63,39.25],[30.88,39.75],[31.75,40.09],[32.75,39.54],[34.25,39.34],[35.0,39.51],[37.0,39.34],[39.5,39.82],[39.75,39.56],[42.5,40.42],[43.56,41.0],[44.27,41.75],[43.71,42.0],[43.5,42.4],[43.25,42.31],[43.1,42.75],[42.5,42.76],[42.01,43.25],[42.5,43.4],[43.0,43.31],[44.0,42.6],[44.5,42.59],[44.75,42.23],[45.25,42.41],[46.75,42.31],[47.5,41.94],[47.61,41.5],[48.5,40.83],[49.75,40.6],[49.75,41.14],[50.13,41.5],[50.57,42.75],[49.01,43.5],[48.23,45.0],[45.11,47.25],[44.1,48.25],[43.04,49.75],[43.07,50.5],[42.49,52.5],[43.06,55.0],[43.73,56.25],[45.0,57.58],[47.5,59.17],[52.75,60.86],[58.75,61.76],[59.5,61.28],[62.25,61.82],[67.5,61.85],[79.25,60.42],[83.0,60.43],[84.5,60.62],[86.85,61.5],[88.06,62.5],[87.88,63.25],[86.35,64.75],[83.02,66.25],[75.0,67.81],[61.75,69.14],[50.5,68.17],[43.5,66.75],[39.41,65.5],[38.04,64.75],[37.0,64.58],[36.5,64.13],[32.25,62.09],[31.6,61.0],[31.0,60.58],[28.25,59.35],[27.25,59.13],[23.75,59.45],[17.5,59.01],[14.5,58.61],[10.75,57.65],[7.75,58.02],[7.16,58.5],[7.22,58.75],[6.71,59.0],[6.84,59.25],[6.54,59.75],[6.62,60.25],[5.75,60.72],[4.5,59.86],[3.0,59.7],[-1.25,58.56],[-6.25,57.74],[-9.87,56.25],[-14.25,53.79],[-19.49,51.5],[-24.55,48.0],[-27.13,46.75],[-27.75,46.2],[-28.55,46.0],[-29.25,45.23],[-30.35,45.0],[-29.89,44.75],[-30.1,44.0],[-29.66,43.5],[-29.68,43.0],[-27.06,40.75],[-25.45,39.0],[-24.69,38.0],[-24.25,36.81],[-23.5,35.92],[-23.0,36.0],[-23.2,36.25],[-23.0,36.44],[-21.0,35.69],[-18.75,36.75],[-17.5,38.02],[-14.0,40.62],[-11.6,42.75],[-10.25,43.56],[-8.75,44.05],[-5.03,44.5],[-1.75,45.8],[0.16,45.75],[1.0,44.75],[2.33,43.75],[2.44,43.0],[1.75,42.82],[-0.92,43.0],[-0.25,42.33],[0.45,42.25],[0.5,42.0],[1.33,41.75],[1.25,41.46],[1.5,41.44],[1.75,41.79],[2.5,41.59],[3.75,42.07],[7.0,40.5],[7.75,40.63],[8.0,41.09],[8.7,41.0],[7.92,40.0],[8.75,38.84],[9.5,38.5],[10.21,37.75],[10.29,36.75],[9.75,36.05],[8.5,35.59],[7.0,35.35],[5.75,35.67],[5.77,35.25],[6.25,34.92],[8.75,34.45],[9.75,33.53],[10.25,32.65],[11.0,32.79],[12.25,32.49],[12.5,32.25],[12.01,31.5],[12.25,30.74],[14.0,30.02],[15.5,30.43],[15.95,30.25],[16.31,29.5]]}},{"type":"Feature","properties":{"level":1024},"geometry":{"type":"LineString","coordinates":[[82.54,29.75],[83.0,29.58],[83.33,30.0],[83.19,30.25],[83.5,30.4],[84.29,30.25],[83.53,31.25],[83.86,31.75],[83.5,32.26],[83.25,32.44],[82.75,32.35],[82.36,32.0],[82.62,31.75],[83.25,31.7],[83.46,31.25],[83.25,31.16],[80.25,32.16],[79.84,32.0],[80.24,31.25],[80.0,31.12],[78.76,31.75],[79.54,32.5],[79.25,32.67],[78.88,32.5],[78.74,31.75],[78.31,31.25],[78.5,31.07],[79.25,30.63],[79.75,30.64],[80.0,30.19],[80.75,30.21],[81.25,29.82],[82.0,30.01],[82.54,29.75]]}},{"type":"Feature","properties":{"level":1024},"geometry":{"type":"LineString","coordinates":[[51.93,30.25],[52.25,30.64],[52.75,30.54],[52.97,30.75],[52.0,31.18],[51.5,31.12],[51.38,31.0],[51.93,30.25]]}},{"type":"Feature","properties":{"level":1024},"geometry":{"type":"LineString","coordinates":[[102.42,30.25],[102.75,30.72],[103.09,30.75],[104.13,32.5],[104.68,32.75],[104.5,33.09],[105.25,33.06],[106.25,33.53],[108.5,33.42],[109.5,33.71],[111.25,34.39],[110.89,34.75],[110.93,35.25],[111.5,36.23],[111.81,36.25],[111.58,35.5],[111.75,35.42],[112.25,35.47],[112.5,35.92],[113.04,36.0],[113.1,36.5],[113.75,36.9],[114.09,37.5],[113.83,38.25],[114.16,39.0],[115.16,40.0],[114.76,40.75],[114.48,40.75],[114.5,41.0],[115.37,41.5],[115.28,42.0],[116.5,43.8],[120.25,44.92],[120.84,45.25],[120.56,45.5],[121.5,46.15],[124.25,47.27],[126.0,46.98],[128.0,47.04],[128.75,46.55],[129.5,46.48],[130.56,47.75],[130.63,48.25],[129.75,48.85],[127.11,49.25],[127.04,49.75],[126.25,50.75],[125.75,50.46],[125.0,50.72],[125.45,51.0],[125.33,51.5],[124.37,52.5],[121.3,53.5],[121.12,53.75],[121.5,54.0],[121.25,54.12],[120.22,54.0],[119.95,54.25],[120.5,54.45],[120.65,54.75],[120.0,54.69],[119.75,54.37],[119.85,55.25],[119.03,55.0],[118.85,55.25],[119.06,55.5],[118.44,55.75],[118.5,56.4],[119.77,56.5],[119.25,56.75],[117.75,56.39],[117.29,56.75],[118.18,57.25],[117.75,57.38],[117.28,57.25],[117.0,56.88],[115.0,56.78],[114.5,56.48],[113.25,57.13],[112.0,57.15],[111.5,56.85],[110.5,57.22],[110.0,57.01],[109.5,57.13],[108.25,56.61],[107.75,56.76],[104.25,56.33],[103.75,56.0],[103.0,56.03],[101.75,55.59],[101.25,55.73],[98.5,55.24],[96.75,55.51],[95.75,54.95],[95.25,55.13],[92.0,55.05],[91.0,54.8],[90.0,54.09],[89.25,54.24],[88.5,55.06],[87.86,54.75],[87.36,53.75],[86.5,53.59],[86.0,53.01],[85.37,52.75],[85.84,52.5],[85.65,52.25],[83.6,51.75],[82.5,51.11],[82.25,50.5],[82.5,49.75],[81.17,48.75],[82.0,47.9],[83.5,48.31],[84.23,48.0],[84.38,47.75],[83.75,47.2],[82.5,47.45],[82.09,47.25],[84.0,46.79],[83.75,46.06],[82.75,45.9],[82.25,45.38],[81.25,45.62],[79.2,45.0],[79.12,44.75],[79.25,44.47],[80.75,44.45],[83.58,43.5],[82.25,43.16],[81.25,43.39],[79.75,43.3],[78.75,42.5],[77.5,42.12],[75.75,42.13],[75.0,42.56],[73.95,42.5],[75.02,42.0],[74.6,41.75],[75.75,41.67],[75.96,41.25],[74.0,40.99],[73.5,40.11],[68.75,39.53],[67.42,39.0],[67.31,38.75],[67.5,38.57],[67.75,38.8],[70.47,39.0],[70.46,37.75],[71.0,37.08],[71.0,36.75],[70.5,36.82],[69.55,36.25],[69.66,36.0],[69.25,35.66],[68.0,35.17],[67.64,35.25],[68.04,35.5],[67.75,35.71],[65.5,35.49],[65.24,35.25],[65.55,35.0],[65.27,34.75],[65.41,34.5],[64.4,34.5],[64.44,34.0],[65.0,33.7],[66.25,34.32],[68.25,34.42],[68.76,34.75],[68.56,35.0],[69.25,35.3],[70.0,35.13],[70.25,35.37],[71.0,35.34],[71.56,36.0],[72.5,36.59],[72.69,36.25],[72.17,36.0],[72.25,35.59],[73.77,36.0],[73.37,36.25],[73.75,36.44],[74.5,36.19],[74.96,35.5],[74.25,35.08],[73.54,35.0],[73.75,34.8],[75.25,34.92],[75.54,34.0],[76.5,33.11],[76.83,32.25],[77.25,32.33],[77.75,31.64],[78.22,31.75],[78.0,32.28],[78.5,32.3],[78.56,32.5],[78.0,32.92],[77.5,32.94],[76.63,33.75],[76.65,34.0],[75.52,34.5],[75.89,35.0],[75.5,35.13],[75.32,35.5],[75.5,35.61],[76.37,35.25],[76.49,34.75],[77.0,34.4],[78.02,34.25],[78.25,33.31],[78.64,33.5],[78.75,33.83],[80.75,34.01],[81.0,33.53],[82.25,33.12],[83.25,33.11],[83.5,32.86],[84.0,33.17],[84.55,33.0],[84.5,32.49],[86.25,32.54],[88.5,32.07],[88.7,32.25],[88.67,33.0],[89.0,33.25],[89.5,32.83],[89.75,33.0],[90.25,32.64],[91.0,32.64],[91.16,32.25],[90.81,31.75],[91.91,31.5],[91.28,31.0],[91.5,30.71],[92.2,31.25],[92.14,31.5],[92.75,31.85],[93.5,31.72],[93.75,32.0],[94.5,31.98],[95.75,31.64],[95.96,31.75],[96.0,32.23],[96.75,32.41],[98.25,31.98],[98.97,32.5],[99.0,32.83],[99.49,32.75],[99.04,32.5],[99.14,32.25],[98.84,32.0],[99.0,31.73],[99.5,31.61],[99.75,31.78],[100.0,31.44],[100.61,31.75],[99.75,32.36],[100.75,33.04],[102.25,32.81],[103.0,33.0],[103.49,32.75],[102.64,31.5],[102.34,30.75],[102.42,30.25]]}},{"type":"Feature","properties":{"level":1024},"geometry":{"type":"LineString","coordinates":[[-6.85,31.5],[-5.75,31.53],[-3.25,32.74],[-3.15,33.0],[-4.25,32.66],[-4.39,32.75],[-3.81,33.5],[-4.0,33.67],[-4.88,33.5],[-6.85,31.5]]}},{"type":"Feature","properties":{"level":1024},"geometry":{"type":"LineString","coordinates":[[85.92,31.5],[86.5,31.32],[86.85,31.5],[86.5,31.78],[86.25,31.63],[86.0,31.96],[85.79,31.75],[85.92,31.5]]}},{"type":"Feature","properties":{"level":1024},"geometry":{"type":"LineString","coordinates":[[50.18,32.0],[50.59,32.25],[50.1,33.25],[50.6,33.75],[50.25,33.97],[49.64,33.75],[49.78,33.25],[49.43,33.0],[50.18,32.0]]}},{"type":"Feature","properties":{"level":1024},"geometry":{"type":"LineString","coordinates":[[89.5,33.2],[89.25,33.25],[89.75,33.6],[90.0,33.37],[90.42,33.5],[90.55,33.25],[89.75,33.0],[89.5,33.2]]}},{"type":"Feature","properties":{"level":1024},"geometry":{"type":"LineString","coordinates":[[100.25,35.7],[98.5,36.83],[97.87,36.75],[98.03,36.5],[97.83,36.0],[97.5,35.96],[96.06,36.5],[95.71,37.0],[96.5,37.06],[96.75,37.46],[99.0,37.03],[99.5,36.69],[100.0,37.02],[100.37,36.75],[100.15,36.5],[100.73,36.0],[100.5,35.58],[100.25,35.7]]}},{"type":"Feature","properties":{"level":1024},"geometry":{"type":"LineString","coordinates":[[80.75,36.43],[80.25,36.76],[77.17,37.5],[75.5,39.37],[76.75,39.99],[78.5,39.98],[80.25,41.03],[83.25,41.52],[84.18,40.25],[83.36,39.75],[83.75,39.54],[86.0,39.56],[86.0,39.93],[84.94,40.25],[85.0,40.49],[86.0,40.19],[86.75,40.28],[87.47,40.0],[87.11,39.75],[87.25,39.64],[88.25,39.57],[88.71,39.25],[88.1,38.75],[85.34,37.5],[81.75,36.46],[80.75,36.43]]}},{"type":"Feature","properties":{"level":1024},"geometry":{"type":"LineString","coordinates":[[-78.9,37.5],[-77.5,38.13],[-77.26,38.5],[-77.5,38.99],[-78.5,39.32],[-79.26,39.25],[-79.68,38.5],[-79.68,37.75],[-79.0,37.81],[-78.9,37.5]]}},{"type":"Feature","properties":{"level":1024},"geometry":{"type":"LineString","coordinates":[[141.34,39.25],[141.6,39.25],[141.75,40.03],[140.75,40.4],[140.35,40.25],[140.75,39.34],[141.34,39.25]]}},{"type":"Feature","properties":{"level":1024},"geometry":{"type":"LineString","coordinates":[[-84.07,39.75],[-82.75,39.93],[-82.25,40.31],[-80.25,40.88],[-79.0,40.96],[-78.25,40.63],[-77.25,40.64],[-75.5,41.37],[-74.75,42.02],[-74.25,42.1],[-74.5,41.19],[-73.75,41.68],[-73.0,42.67],[-72.5,42.45],[-71.59,43.0],[-71.55,43.75],[-71.0,44.2],[-70.2,43.75],[-70.17,43.5],[-70.82,43.0],[-71.09,42.25],[-70.25,41.78],[-68.32,42.75],[-68.17,43.75],[-68.75,44.34],[-69.0,44.31],[-69.17,45.5],[-68.7,46.75],[-68.0,46.97],[-68.01,47.25],[-69.0,48.24],[-69.75,48.41],[-69.97,49.0],[-70.76,49.75],[-70.66,50.25],[-72.25,50.68],[-73.27,50.75],[-74.0,50.44],[-76.0,50.65],[-78.5,50.07],[-80.75,49.93],[-82.82,49.25],[-83.53,48.25],[-84.0,48.02],[-84.5,48.23],[-85.5,48.2],[-86.25,48.67],[-86.75,48.6],[-87.09,48.0],[-85.97,46.75],[-87.0,45.91],[-88.97,43.5],[-89.48,42.5],[-89.37,42.0],[-89.99,41.0],[-88.25,40.13],[-87.22,40.0],[-86.75,40.29],[-84.07,39.75]]}},{"type":"Feature","properties":{"level":1024},"geometry":{"type":"LineString","coordinates":[[71.28,41.75],[72.75,42.09],[74.06,42.0],[73.5,42.54],[72.0,42.14],[70.63,42.25],[70.66,42.0],[71.28,41.75]]}},{"type":"Feature","properties":{"level":1024},"geometry":{"type":"LineString","coordinates":[[89.25,42.45],[88.17,42.75],[88.35,43.0],[89.5,43.01],[90.14,42.5],[89.25,42.45]]}},{"type":"Feature","properties":{"level":1024},"geometry":{"type":"LineString","coordinates":[[40.75,42.72],[40.0,43.0],[39.54,43.5],[41.15,42.75],[40.75,42.72]]}},{"type":"Feature","properties":{"level":1024},"geometry":{"type":"LineString","coordinates":[[76.3,42.75],[78.23,42.75],[78.0,43.12],[77.5,43.17],[76.3,42.75]]}},{"type":"Feature","properties":{"level":1024},"geometry":{"type":"LineString","coordinates":[[92.25,42.73],[92.51,42.75],[92.25,42.73]]}},{"type":"Feature","properties":{"level":1024},"geometry":{"type":"LineString","coordinates":[[132.61,43.0],[133.25,42.79],[134.0,42.95],[135.25,43.69],[137.12,46.0],[137.0,46.43],[136.0,46.71],[134.79,46.25],[134.89,45.75],[133.82,45.25],[132.78,44.25],[132.45,43.75],[132.61,43.0]]}},{"type":"Feature","properties":{"level":1024},"geometry":{"type":"LineString","coordinates":[[130.25,43.75],[131.0,43.59],[131.0,44.6],[130.5,44.45],[130.25,43.75]]}},{"type":"Feature","properties":{"level":1024},"geometry":{"type":"LineString","coordinates":[[131.46,46.25],[131.78,46.25],[131.46,46.25]]}},{"type":"Feature","properties":{"level":1024},"geometry":{"type":"LineString","coordinates":[[130.74,46.5],[131.0,46.35],[131.34,46.5],[130.74,46.5]]}},{"type":"Feature","properties":{"level":1024},"geometry":{"type":"LineString","coordinates":[[-110.58,47.75],[-110.0,47.56],[-109.96,48.0],[-108.82,48.5],[-109.0,48.82],[-110.54,49.5],[-109.25,49.75],[-109.92,50.5],[-111.38,50.75],[-111.51,49.5],[-111.0,48.75],[-111.1,48.0],[-110.58,47.75]]}},{"type":"Feature","properties":{"level":1024},"geometry":{"type":"LineString","coordinates":[[-129.29,55.75],[-129.0,55.64],[-128.75,56.11],[-128.0,56.28],[-127.37,56.75],[-128.0,57.18],[-129.0,57.41],[-129.75,57.23],[-130.25,57.47],[-131.27,57.0],[-130.08,56.5],[-130.34,56.25],[-130.25,56.08],[-129.29,55.75]]}},{"type":"Feature","properties":{"level":1024},"geometry":{"type":"LineString","coordinates":[[-124.3,56.0],[-124.0,55.79],[-123.75,56.5],[-125.0,57.05],[-125.08,56.75],[-124.3,56.0]]}},{"type":"Feature","properties":{"level":1024},"geometry":{"type":"LineString","coordinates":[[-149.89,67.75],[-149.25,67.68],[-148.72,68.0],[-150.71,68.0],[-149.89,67.75]]}},{"type":"Feature","properties":{"level":1024},"geometry":{"type":"LineString","coordinates":[[-144.98,68.5],[-143.27,68.75],[-144.75,69.08],[-145.81,68.75],[-144.98,68.5]]}},{"type":"Feature","properties":{"level":1028},"geometry":{"type":"LineString","coordinates":[[-162.8,-89.75],[-111.75,-89.91],[-61.18,-89.75],[-118.5,-89.08],[-142.92,-89.25],[-142.76,-89.5],[-162.8,-89.75]]}},{"type":"Feature","properties":{"level":1028},"geometry":{"type":"LineString","coordinates":[[95.42,-89.5],[125.25,-89.68],[166.06,-89.5],[155.37,-89.0],[128.75,-88.45],[117.75,-87.49],[115.39,-87.0],[116.14,-86.25],[115.83,-85.75],[118.15,-84.5],[117.43,-84.0],[117.56,-83.5],[117.38,-83.25],[117.71,-83.0],[121.91,-82.25],[122.38,-81.5],[123.25,-80.94],[127.75,-80.08],[130.14,-79.25],[129.35,-78.75],[129.11,-78.25],[129.5,-77.78],[131.21,-77.0],[131.04,-76.5],[126.75,-75.59],[123.5,-75.66],[119.04,-76.5],[117.5,-76.51],[117.31,-76.5],[118.93,-76.0],[113.25,-76.05],[108.33,-75.5],[101.75,-74.09],[97.25,-73.72],[94.5,-73.81],[87.25,-75.01],[85.98,-75.5],[85.25,-76.25],[82.75,-77.7],[77.25,-78.06],[75.85,-78.5],[76.81,-79.0],[76.5,-79.06],[70.25,-79.39],[67.5,-79.9],[66.77,-80.25],[66.74,-80.5],[67.58,-81.0],[67.73,-81.25],[67.36,-81.5],[64.25,-81.93],[61.0,-81.87],[57.34,-81.25],[58.05,-80.75],[57.48,-80.0],[57.62,-78.5],[56.0,-77.71],[52.5,-76.83],[46.75,-77.11],[44.25,-77.65],[43.16,-78.25],[40.38,-78.5],[39.0,-78.93],[37.56,-79.75],[39.11,-80.0],[39.5,-80.68],[40.96,-81.25],[48.5,-82.23],[54.75,-82.75],[56.87,-83.25],[56.63,-83.5],[56.72,-83.75],[55.87,-84.0],[50.25,-84.12],[47.99,-84.5],[48.11,-84.75],[54.5,-85.87],[54.59,-86.0],[51.26,-86.5],[50.55,-87.25],[50.59,-87.5],[52.08,-87.75],[71.75,-88.75],[113.82,-89.0],[95.42,-89.5]]}},{"type":"Feature","properties":{"level":1028},"geometry":{"type":"LineString","coordinates":[[66.5,-84.01],[60.5,-83.8],[60.16,-83.75],[61.2,-83.5],[59.9,-83.25],[61.25,-83.0],[70.75,-83.5],[72.57,-83.75],[72.79,-84.0],[66.5,-84.01]]}},{"type":"Feature","properties":{"level":1028},"geometry":{"type":"LineString","coordinates":[[74.5,-82.02],[74.29,-82.0],[77.18,-82.0],[74.5,-82.02]]}},{"type":"Feature","properties":{"level":1028},"geometry":{"type":"LineString","coordinates":[[37.51,-77.5],[39.0,-77.56],[41.75,-76.84],[42.6,-76.25],[41.86,-76.0],[41.99,-75.75],[43.61,-75.25],[40.5,-74.96],[32.17,-75.75],[32.16,-76.0],[32.98,-76.25],[32.81,-76.5],[33.0,-76.57],[37.51,-77.5]]}},{"type":"Feature","properties":{"level":1028},"geometry":{"type":"LineString","coordinates":[[43.17,-76.75],[44.07,-76.75],[43.75,-76.41],[43.0,-76.28],[42.81,-76.5],[43.17,-76.75]]}},{"type":"Feature","properties":{"level":1028},"geometry":{"type":"LineString","coordinates":[[120.04,-74.25],[121.67,-74.25],[120.04,-74.25]]}},{"type":"Feature","properties":{"level":1028},"geometry":{"type":"LineString","coordinates":[[122.4,-74.0],[125.25,-74.12],[127.65,-73.5],[124.5,-73.47],[122.4,-74.0]]}},{"type":"Feature","properties":{"level":1028},"geometry":{"type":"LineString","coordinates":[[23.12,-48.75],[25.0,-48.81],[29.76,-48.0],[34.5,-46.13],[35.75,-44.94],[35.94,-44.25],[36.88,-43.75],[37.66,-43.75],[38.67,-43.0],[39.04,-42.5],[38.56,-42.0],[38.88,-41.0],[38.0,-41.15],[37.75,-41.0],[37.53,-39.75],[37.0,-39.56],[36.75,-39.0],[34.0,-37.23],[33.5,-37.24],[32.5,-36.54],[31.75,-36.57],[30.0,-35.82],[28.5,-35.89],[27.75,-35.58],[21.25,-35.04],[20.25,-35.29],[20.0,-35.79],[19.25,-36.19],[18.25,-36.1],[18.17,-36.5],[17.5,-36.58],[17.25,-36.85],[16.0,-36.29],[15.5,-35.64],[14.0,-35.37],[13.25,-35.67],[13.0,-36.01],[12.5,-35.28],[12.0,-35.62],[10.5,-34.96],[10.0,-35.09],[9.5,-34.82],[9.81,-36.5],[10.5,-37.5],[10.69,-38.5],[11.0,-38.86],[11.75,-39.1],[13.57,-41.25],[14.0,-42.15],[15.75,-44.25],[16.0,-45.14],[20.32,-48.0],[23.12,-48.75]]}},{"type":"Feature","properties":{"level":1028},"geometry":{"type":"LineString","coordinates":[[-180.0,-47.38],[-177.99,-46.75],[-176.94,-46.0],[-176.36,-43.0],[-178.91,-39.0],[-180.0,-37.84]]}},{"type":"Feature","properties":{"level":1028},"geometry":{"type":"LineString","coordinates":[[57.43,-43.75],[60.25,-43.9],[64.25,-43.62],[68.5,-43.12],[71.19,-42.5],[75.75,-40.41],[78.91,-39.25],[87.25,-35.34],[89.25,-33.87],[89.28,-33.0],[87.92,-31.0],[85.75,-29.47],[85.0,-29.35],[83.75,-28.61],[82.5,-28.63],[81.75,-28.35],[79.0,-28.91],[77.75,-29.4],[73.69,-31.5],[71.25,-32.5],[69.75,-32.82],[66.5,-32.3],[64.31,-31.25],[59.25,-27.23],[58.0,-27.12],[57.31,-26.5],[56.75,-26.37],[53.5,-26.66],[52.75,-27.06],[52.25,-26.86],[51.75,-27.45],[51.25,-27.34],[51.0,-27.65],[50.25,-27.39],[49.5,-27.97],[49.33,-28.75],[48.5,-28.58],[48.0,-28.93],[45.25,-31.29],[44.0,-32.08],[42.75,-33.52],[39.54,-34.75],[38.58,-36.25],[38.66,-36.75],[39.42,-37.5],[44.29,-40.25],[51.1,-42.5],[57.43,-43.75]]}},{"type":"Feature","properties":{"level":1028},"geometry":{"type":"LineString","coordinates":[[180.0,-37.84],[179.0,-37.21],[178.25,-37.23],[177.5,-37.6],[176.75,-37.11],[175.75,-36.86],[175.5,-37.1],[173.0,-37.3],[170.75,-37.11],[168.5,-36.18],[165.5,-35.68],[165.0,-34.62],[164.0,-34.55],[162.75,-35.76],[161.5,-36.05],[161.25,-36.32],[161.05,-36.75],[161.26,-37.5],[161.15,-38.25],[160.41,-40.5],[157.5,-45.46],[155.5,-46.94],[155.23,-47.5],[155.75,-48.1],[157.5,-49.01],[162.75,-49.64],[167.5,-49.35],[174.0,-48.48],[180.0,-47.38]]}},{"type":"Feature","properties":{"level":1028},"geometry":{"type":"LineString","coordinates":[[81.67,30.25],[82.5,30.07],[82.69,30.25],[82.43,30.5],[82.66,30.75],[82.5,30.98],[82.0,31.17],[81.25,31.06],[81.89,30.75],[81.61,30.5],[81.67,30.25]]}},{"type":"Feature","properties":{"level":1028},"geometry":{"type":"LineString","coordinates":[[97.72,33.0],[99.0,33.38],[99.42,33.75],[98.74,34.5],[99.5,34.36],[100.0,34.71],[99.75,35.35],[98.75,36.29],[98.64,35.75],[98.0,35.41],[97.93,35.75],[96.5,35.96],[96.0,36.25],[94.75,36.21],[93.55,36.5],[93.75,37.5],[93.08,38.25],[93.5,38.49],[93.75,38.3],[93.87,39.0],[94.5,39.06],[95.23,38.75],[94.46,38.5],[95.0,38.32],[95.5,37.78],[96.0,37.99],[98.0,37.66],[98.25,37.97],[98.5,37.72],[100.63,37.25],[100.81,36.5],[101.5,36.14],[102.0,35.39],[103.5,34.76],[103.75,34.93],[104.75,34.2],[105.08,34.5],[104.5,34.69],[104.25,35.14],[103.75,35.07],[103.37,35.5],[103.5,36.32],[104.25,36.59],[104.49,36.5],[104.22,36.25],[104.5,35.87],[104.75,36.26],[105.64,36.0],[106.5,34.96],[106.46,35.75],[105.8,37.0],[106.0,37.18],[106.5,36.38],[107.5,36.32],[108.75,35.63],[109.25,36.46],[109.64,36.5],[109.25,36.67],[109.25,36.91],[110.5,38.09],[111.5,37.47],[111.8,38.0],[112.25,38.14],[112.75,38.77],[113.5,38.87],[113.5,39.7],[113.0,39.63],[112.89,40.0],[113.61,42.0],[113.08,43.25],[113.12,44.0],[116.1,45.25],[116.32,45.75],[116.11,46.0],[116.62,46.5],[116.47,48.5],[116.83,49.5],[116.25,49.45],[115.31,50.0],[115.58,50.25],[114.96,51.0],[114.88,51.5],[115.07,51.75],[114.38,53.0],[114.68,53.25],[114.5,53.42],[113.75,53.39],[113.25,53.81],[112.25,53.13],[111.49,53.25],[111.82,53.75],[112.68,54.0],[113.25,54.77],[114.02,54.75],[113.25,55.05],[112.0,54.53],[111.79,55.5],[112.18,55.75],[112.02,56.0],[112.47,56.25],[112.29,56.5],[111.0,56.01],[110.75,56.28],[110.0,56.06],[109.25,53.98],[107.75,52.75],[106.5,52.36],[105.89,51.75],[105.0,51.48],[104.25,51.45],[103.87,51.75],[104.13,52.0],[103.75,52.12],[103.0,51.96],[102.75,52.12],[102.5,51.84],[102.25,52.41],[101.94,52.25],[102.0,51.69],[101.0,51.82],[100.91,52.25],[100.53,52.5],[101.44,52.5],[100.75,53.39],[100.0,53.47],[99.0,54.27],[96.5,54.52],[95.78,54.0],[96.06,54.5],[95.75,54.53],[95.1,54.25],[95.25,53.97],[94.0,53.55],[93.25,52.97],[91.25,52.86],[88.67,52.25],[88.51,52.0],[88.75,51.82],[89.25,51.94],[89.83,51.75],[89.5,51.38],[88.5,51.6],[88.47,52.0],[88.25,52.03],[87.28,51.5],[87.25,50.99],[85.0,51.18],[84.75,51.12],[84.75,50.71],[84.25,51.0],[84.0,50.75],[83.93,50.5],[84.75,50.31],[85.25,49.81],[85.63,49.75],[85.36,49.5],[85.5,49.17],[84.99,49.0],[85.09,48.75],[85.5,48.69],[85.75,48.92],[86.5,48.4],[86.75,48.58],[87.5,48.37],[87.67,48.0],[88.25,47.86],[89.75,46.82],[90.19,46.25],[89.75,45.21],[92.0,44.78],[94.25,44.86],[94.5,45.41],[95.0,45.5],[96.0,45.14],[97.0,45.47],[96.58,46.0],[97.75,46.15],[98.0,46.58],[98.75,46.25],[99.5,46.47],[100.87,45.75],[100.55,45.5],[100.71,45.0],[100.09,45.0],[99.75,44.68],[98.5,44.79],[98.0,45.27],[97.3,45.25],[98.47,44.75],[98.5,44.37],[100.25,44.04],[100.68,43.75],[99.25,42.87],[98.47,42.75],[99.32,42.5],[99.02,42.0],[99.44,41.5],[99.15,41.25],[99.16,40.75],[99.5,40.51],[100.0,40.77],[100.75,40.08],[102.25,39.93],[102.44,39.75],[102.08,39.25],[105.0,37.75],[105.19,37.5],[104.75,37.07],[104.46,37.5],[104.0,36.61],[103.54,36.75],[103.66,37.0],[103.25,37.35],[101.5,38.23],[101.75,38.63],[102.16,38.5],[102.0,38.85],[101.0,38.44],[98.25,39.38],[98.75,39.0],[99.12,38.25],[97.75,38.09],[97.51,38.25],[98.03,38.5],[97.75,39.0],[97.03,39.0],[96.96,39.5],[96.5,39.68],[95.5,39.78],[94.25,39.39],[93.5,39.54],[92.25,39.14],[90.5,39.17],[88.75,38.82],[85.25,37.24],[80.75,36.15],[80.36,36.25],[80.25,36.57],[79.86,36.25],[78.16,37.0],[76.75,37.11],[76.5,37.57],[76.07,37.75],[76.02,38.0],[76.32,38.25],[74.75,39.74],[74.04,39.75],[75.0,39.79],[77.5,40.62],[78.75,40.75],[78.41,41.0],[79.5,41.69],[80.25,41.59],[82.75,42.34],[85.5,42.16],[86.25,42.67],[87.25,42.46],[87.58,42.75],[87.25,43.23],[86.25,43.67],[83.5,44.17],[83.21,44.0],[84.0,43.75],[84.25,43.25],[78.5,42.27],[77.25,41.75],[76.5,41.01],[76.0,41.05],[74.5,40.5],[74.5,40.14],[74.0,40.25],[73.25,39.45],[72.75,39.58],[71.25,39.09],[70.96,38.75],[72.0,38.03],[72.0,37.34],[72.69,37.0],[71.75,37.19],[71.53,37.0],[71.81,36.75],[71.5,36.64],[71.25,36.87],[71.15,36.5],[70.75,36.29],[70.5,36.47],[69.69,35.75],[70.0,35.52],[70.75,35.53],[72.5,36.71],[74.5,36.36],[74.75,36.76],[75.03,36.5],[74.66,36.0],[76.25,35.46],[77.0,34.8],[79.75,34.02],[80.5,34.3],[81.5,34.15],[82.02,34.0],[82.25,33.44],[83.5,33.37],[84.0,33.83],[84.61,33.75],[84.5,33.39],[86.97,34.25],[86.82,34.5],[88.0,35.7],[89.25,35.84],[89.75,35.38],[90.25,35.89],[90.75,35.4],[91.25,35.38],[92.0,34.87],[94.21,35.25],[93.9,35.0],[94.19,34.75],[93.96,34.25],[94.0,33.2],[94.5,33.6],[95.5,33.1],[96.25,33.05],[96.75,33.7],[97.5,33.35],[97.72,33.0]]}},{"type":"Feature","properties":{"level":1028},"geometry":{"type":"LineString","coordinates":[[97.0,34.71],[96.72,35.0],[97.0,35.16],[97.75,35.16],[98.33,34.75],[98.0,34.92],[97.75,34.64],[97.0,34.71]]}},{"type":"Feature","properties":{"level":1028},"geometry":{"type":"LineString","coordinates":[[74.25,37.5],[73.5,37.75],[73.93,38.75],[74.5,39.03],[74.37,38.75],[74.92,38.0],[74.78,37.5],[74.25,37.5]]}},{"type":"Feature","properties":{"level":1028},"geometry":{"type":"LineString","coordinates":[[15.95,38.0],[16.0,38.29],[15.95,38.0]]}},{"type":"Feature","properties":{"level":1028},"geometry":{"type":"LineString","coordinates":[[91.75,38.15],[91.07,38.5],[92.25,38.56],[92.0,38.11],[91.75,38.15]]}},{"type":"Feature","properties":{"level":1028},"geometry":{"type":"LineString","coordinates":[[21.93,38.5],[22.87,38.5],[23.0,39.16],[24.0,40.61],[26.75,40.47],[32.0,42.15],[33.0,42.16],[33.17,42.0],[32.69,41.75],[33.25,41.27],[34.75,41.0],[35.2,40.5],[35.75,40.58],[36.5,40.17],[39.25,40.34],[39.75,40.66],[40.25,40.47],[42.4,41.25],[42.0,41.77],[40.0,40.99],[39.04,41.25],[37.73,42.25],[36.58,43.75],[35.37,44.5],[35.34,45.0],[34.66,45.75],[34.25,47.42],[34.75,47.34],[35.42,48.0],[35.97,49.75],[35.54,50.5],[35.56,51.75],[35.07,52.5],[35.96,53.5],[35.5,55.26],[34.75,55.37],[34.25,54.91],[33.0,55.36],[32.25,55.08],[32.0,55.5],[31.0,55.02],[26.0,55.28],[24.0,54.96],[22.88,55.25],[22.45,56.0],[21.75,56.45],[19.75,56.54],[13.5,56.08],[12.75,55.66],[7.75,54.63],[6.38,55.5],[2.25,56.3],[-2.0,55.87],[-5.0,56.24],[-6.75,55.15],[-8.25,54.74],[-11.11,53.25],[-12.0,52.39],[-12.43,51.5],[-13.0,51.15],[-16.0,49.93],[-20.0,47.8],[-22.2,46.0],[-22.88,44.5],[-22.69,43.25],[-21.93,42.0],[-20.75,41.43],[-20.0,41.34],[-14.95,43.5],[-12.75,44.85],[-10.25,45.86],[-6.5,46.97],[-4.75,47.92],[-3.5,47.92],[-1.75,48.4],[1.0,48.5],[4.0,49.71],[7.5,49.49],[8.0,49.26],[8.5,49.65],[9.75,48.75],[9.25,48.62],[8.75,48.96],[8.5,48.89],[7.95,47.75],[9.75,47.99],[10.08,47.75],[10.03,47.5],[8.0,47.01],[6.63,46.25],[6.52,45.5],[5.88,45.25],[5.49,44.75],[6.5,43.83],[7.75,43.93],[8.25,44.25],[8.41,44.5],[7.67,44.5],[7.45,45.0],[8.75,45.78],[11.0,45.4],[12.75,46.0],[13.25,45.97],[13.58,45.75],[13.75,45.05],[14.75,45.02],[15.25,44.36],[17.75,43.37],[18.5,42.61],[19.32,42.5],[20.06,41.75],[20.59,40.0],[21.93,38.5]]}},{"type":"Feature","properties":{"level":1028},"geometry":{"type":"LineString","coordinates":[[69.56,39.25],[70.91,39.5],[69.76,39.5],[69.56,39.25]]}},{"type":"Feature","properties":{"level":1028},"geometry":{"type":"LineString","coordinates":[[15.95,39.75],[16.39,40.0],[15.25,41.43],[15.25,41.01],[15.5,40.9],[15.44,40.25],[15.75,40.2],[15.95,39.75]]}},{"type":"Feature","properties":{"level":1028},"geometry":{"type":"LineString","coordinates":[[14.28,41.5],[15.09,41.5],[12.89,43.75],[9.75,44.88],[9.02,44.75],[9.06,44.5],[10.5,44.05],[11.25,44.15],[11.75,43.68],[12.75,43.29],[13.61,42.0],[13.55,41.75],[14.28,41.5]]}},{"type":"Feature","properties":{"level":1028},"geometry":{"type":"LineString","coordinates":[[43.72,43.0],[45.25,42.81],[46.2,43.0],[44.25,43.21],[44.11,43.5],[43.25,43.88],[42.59,43.75],[43.72,43.0]]}},{"type":"Feature","properties":{"level":1028},"geometry":{"type":"LineString","coordinates":[[94.06,43.0],[94.75,42.82],[95.25,43.0],[93.5,44.19],[92.0,44.69],[90.75,43.81],[89.75,43.6],[88.5,43.98],[88.03,43.75],[89.75,43.28],[91.75,43.58],[94.06,43.0]]}},{"type":"Feature","properties":{"level":1028},"geometry":{"type":"LineString","coordinates":[[33.75,43.93],[34.0,44.26],[34.38,44.0],[34.0,43.8],[33.75,43.93]]}},{"type":"Feature","properties":{"level":1028},"geometry":{"type":"LineString","coordinates":[[39.68,44.0],[41.0,43.83],[41.42,44.25],[40.0,44.36],[39.68,44.0]]}},{"type":"Feature","properties":{"level":1028},"geometry":{"type":"LineString","coordinates":[[12.0,48.23],[11.97,48.5],[12.33,48.5],[12.0,48.23]]}},{"type":"Feature","properties":{"level":1028},"geometry":{"type":"LineString","coordinates":[[14.0,48.23],[14.15,48.25],[14.0,48.23]]}},{"type":"Feature","properties":{"level":1028},"geometry":{"type":"LineString","coordinates":[[15.5,48.23],[16.0,48.52],[16.31,48.25],[15.5,48.23]]}},{"type":"Feature","properties":{"level":1028},"geometry":{"type":"LineString","coordinates":[[12.75,48.48],[12.44,48.75],[13.08,48.75],[12.75,48.48]]}},{"type":"Feature","properties":{"level":1028},"geometry":{"type":"LineString","coordinates":[[13.25,48.38],[13.05,48.5],[13.25,48.38]]}},{"type":"Feature","properties":{"level":1028},"geometry":{"type":"LineString","coordinates":[[90.0,49.0],[90.0,49.93],[90.75,49.85],[90.93,49.0],[90.0,49.0]]}},{"type":"Feature","properties":{"level":1028},"geometry":{"type":"LineString","coordinates":[[116.48,51.0],[116.75,50.79],[117.77,51.25],[116.5,51.47],[116.31,51.25],[116.48,51.0]]}},{"type":"Feature","properties":{"level":1028},"geometry":{"type":"LineString","coordinates":[[104.35,52.0],[105.25,51.89],[107.25,53.41],[107.5,53.2],[107.94,54.0],[108.65,54.5],[108.88,55.25],[108.0,55.36],[106.5,54.54],[105.5,54.49],[105.25,54.19],[104.75,54.37],[104.0,53.0],[104.4,52.5],[104.35,52.0]]}},{"type":"Feature","properties":{"level":1028},"geometry":{"type":"LineString","coordinates":[[111.0,55.19],[110.97,55.5],[110.57,55.75],[110.75,55.93],[111.66,55.75],[111.0,55.19]]}},{"type":"Feature","properties":{"level":1028},"geometry":{"type":"LineString","coordinates":[[36.81,57.0],[37.5,56.82],[38.25,57.06],[38.75,56.95],[45.75,60.78],[51.0,62.49],[57.0,63.37],[58.5,63.28],[59.75,62.7],[61.5,63.21],[65.5,63.53],[74.25,62.98],[77.0,63.06],[78.0,63.38],[78.2,64.0],[77.59,64.75],[74.75,65.96],[71.25,66.33],[67.25,66.26],[65.25,66.45],[65.23,66.75],[66.05,67.25],[65.84,67.75],[65.5,67.92],[62.75,67.44],[55.5,67.19],[49.75,66.32],[42.93,64.5],[38.79,62.25],[37.62,61.25],[37.35,60.75],[37.36,60.5],[37.78,60.25],[37.09,59.75],[37.0,58.95],[36.44,58.25],[36.44,57.5],[36.81,57.0]]}},{"type":"Feature","properties":{"level":1028},"geometry":{"type":"LineString","coordinates":[[37.75,58.24],[37.61,58.5],[38.0,58.62],[38.51,58.25],[37.75,58.24]]}},{"type":"Feature","properties":{"level":1032},"geometry":{"type":"LineString","coordinates":[[113.18,-89.5],[140.78,-89.5],[149.43,-89.25],[141.25,-88.81],[128.5,-88.69],[112.82,-87.5],[112.4,-87.0],[113.39,-86.5],[113.75,-85.75],[114.66,-85.25],[114.38,-85.0],[114.44,-84.75],[113.42,-84.25],[114.77,-83.5],[115.0,-82.95],[119.29,-82.25],[118.87,-81.75],[121.0,-80.46],[126.97,-79.5],[126.96,-79.0],[126.4,-78.5],[126.47,-78.0],[127.75,-76.75],[127.68,-76.5],[126.75,-75.98],[124.5,-75.76],[118.75,-76.77],[115.25,-76.75],[113.17,-76.25],[107.5,-75.56],[102.5,-74.32],[97.0,-73.82],[94.25,-73.92],[88.71,-75.0],[87.99,-75.25],[87.7,-75.75],[86.66,-76.5],[86.44,-76.75],[86.5,-77.33],[85.0,-77.9],[77.16,-78.5],[77.24,-78.75],[79.0,-79.31],[71.5,-79.57],[68.0,-80.13],[67.64,-80.25],[67.69,-80.5],[68.8,-81.25],[67.11,-82.0],[69.75,-82.21],[74.5,-81.53],[83.0,-81.42],[86.75,-80.72],[88.25,-80.65],[90.75,-80.72],[92.07,-81.0],[90.25,-81.53],[83.74,-82.25],[84.25,-82.56],[86.5,-82.48],[88.92,-82.75],[88.36,-83.0],[78.5,-84.51],[64.07,-85.75],[62.3,-86.25],[62.32,-86.5],[54.82,-87.0],[59.25,-87.57],[75.75,-88.58],[118.25,-88.64],[128.02,-89.0],[113.18,-89.5]]}},{"type":"Feature","properties":{"level":1032},"geometry":{"type":"LineString","coordinates":[[112.75,-82.77],[112.45,-82.5],[114.42,-82.75],[112.75,-82.77]]}},{"type":"Feature","properties":{"level":1032},"geometry":{"type":"LineString","coordinates":[[51.47,-81.75],[55.0,-82.0],[56.72,-81.75],[54.53,-81.5],[54.83,-81.25],[56.75,-81.06],[57.5,-80.75],[56.9,-80.0],[57.03,-78.5],[52.0,-77.42],[48.25,-77.24],[39.06,-79.25],[39.16,-79.5],[40.25,-79.87],[40.8,-80.5],[46.75,-81.39],[51.47,-81.75]]}},{"type":"Feature","properties":{"level":1032},"geometry":{"type":"LineString","coordinates":[[75.75,-80.52],[76.0,-80.24],[77.91,-79.75],[79.5,-79.55],[79.91,-79.75],[77.31,-80.5],[75.75,-80.52]]}},{"type":"Feature","properties":{"level":1032},"geometry":{"type":"LineString","coordinates":[[36.04,-77.0],[38.25,-77.15],[39.5,-76.87],[41.23,-76.25],[40.67,-76.0],[41.85,-75.5],[39.25,-75.29],[33.77,-75.75],[35.77,-76.25],[35.41,-76.75],[36.04,-77.0]]}},{"type":"Feature","properties":{"level":1032},"geometry":{"type":"LineString","coordinates":[[124.75,-73.75],[125.25,-73.9],[125.75,-73.75],[124.75,-73.75]]}},{"type":"Feature","properties":{"level":1032},"geometry":{"type":"LineString","coordinates":[[23.81,-46.0],[24.25,-46.14],[28.75,-45.14],[31.27,-43.5],[31.57,-42.75],[31.49,-42.0],[30.26,-40.5],[27.5,-39.23],[26.5,-39.0],[23.75,-38.95],[22.0,-38.27],[21.06,-39.25],[21.79,-41.5],[21.04,-41.5],[21.04,-42.25],[20.39,-42.75],[20.38,-43.25],[21.5,-45.05],[22.0,-45.15],[22.25,-45.0],[21.92,-44.75],[22.5,-44.61],[23.81,-46.0]]}},{"type":"Feature","properties":{"level":1032},"geometry":{"type":"LineString","coordinates":[[166.79,-46.0],[167.25,-45.96],[167.5,-45.44],[168.0,-45.58],[168.25,-45.12],[168.5,-45.44],[169.25,-44.92],[169.66,-45.25],[169.76,-45.0],[169.5,-44.48],[171.25,-44.77],[172.0,-45.48],[173.0,-45.79],[175.5,-45.7],[177.25,-45.03],[177.75,-44.5],[177.87,-44.0],[177.19,-42.25],[177.19,-41.0],[176.77,-40.5],[176.82,-39.25],[175.75,-39.01],[175.5,-39.09],[175.53,-39.5],[175.25,-39.66],[174.25,-39.26],[174.05,-39.5],[174.25,-39.8],[173.25,-40.25],[172.0,-40.33],[171.75,-40.6],[171.25,-40.23],[170.48,-40.25],[169.44,-43.0],[167.15,-45.0],[166.74,-45.5],[166.79,-46.0]]}},{"type":"Feature","properties":{"level":1032},"geometry":{"type":"LineString","coordinates":[[167.75,-45.39],[167.94,-45.25],[167.75,-45.39]]}},{"type":"Feature","properties":{"level":1032},"geometry":{"type":"LineString","coordinates":[[22.25,-44.28],[22.56,-44.25],[22.25,-44.28]]}},{"type":"Feature","properties":{"level":1032},"geometry":{"type":"LineString","coordinates":[[57.1,-41.5],[60.5,-41.73],[65.65,-41.0],[66.92,-40.25],[67.95,-39.25],[71.31,-38.0],[72.02,-37.25],[73.06,-36.75],[71.5,-36.15],[69.5,-35.98],[63.75,-34.63],[59.5,-32.08],[58.15,-31.5],[55.0,-30.99],[53.75,-31.37],[53.25,-31.15],[52.75,-31.43],[52.0,-31.32],[50.75,-32.0],[50.5,-31.63],[49.0,-33.49],[48.25,-33.59],[48.0,-34.42],[47.0,-35.25],[46.34,-37.25],[47.91,-38.75],[49.8,-39.75],[52.11,-40.5],[57.1,-41.5]]}},{"type":"Feature","properties":{"level":1032},"geometry":{"type":"LineString","coordinates":[[172.0,-40.79],[171.81,-40.75],[172.15,-40.75],[172.0,-40.79]]}},{"type":"Feature","properties":{"level":1032},"geometry":{"type":"LineString","coordinates":[[85.56,34.25],[86.0,34.08],[86.44,34.5],[85.0,34.88],[85.02,34.5],[85.56,34.25]]}},{"type":"Feature","properties":{"level":1032},"geometry":{"type":"LineString","coordinates":[[82.59,34.5],[83.25,34.37],[83.75,34.75],[84.5,34.54],[84.75,34.97],[86.09,35.75],[86.0,36.04],[87.25,36.32],[87.75,36.15],[87.9,36.25],[87.5,36.64],[87.0,36.64],[86.75,36.38],[86.44,36.75],[87.0,37.17],[88.0,37.45],[88.75,37.33],[88.79,37.75],[88.25,38.04],[87.22,38.0],[87.46,37.5],[87.25,37.34],[87.0,37.54],[86.75,37.31],[86.25,37.52],[83.75,36.58],[82.5,36.51],[81.75,36.05],[80.75,35.97],[78.5,36.54],[78.25,36.33],[78.11,36.75],[77.75,36.89],[77.14,36.75],[77.23,36.5],[77.0,36.22],[76.0,36.47],[75.25,37.1],[74.25,37.24],[73.54,36.75],[74.5,36.47],[74.5,36.75],[75.0,36.97],[75.35,36.5],[74.8,36.0],[75.93,35.75],[77.0,34.89],[77.25,35.07],[78.0,34.58],[78.2,34.75],[77.75,35.19],[77.5,36.21],[81.0,34.81],[81.97,35.0],[82.25,34.52],[82.59,34.5]]}},{"type":"Feature","properties":{"level":1032},"geometry":{"type":"LineString","coordinates":[[89.49,36.5],[89.82,36.5],[89.34,37.0],[89.5,37.3],[88.79,37.25],[89.0,36.64],[89.49,36.5]]}},{"type":"Feature","properties":{"level":1032},"geometry":{"type":"LineString","coordinates":[[100.5,37.75],[101.11,37.75],[100.75,38.02],[99.98,38.0],[100.5,37.75]]}},{"type":"Feature","properties":{"level":1032},"geometry":{"type":"LineString","coordinates":[[71.79,38.5],[72.5,38.32],[73.18,39.25],[72.75,39.39],[71.42,39.0],[71.79,38.5]]}},{"type":"Feature","properties":{"level":1032},"geometry":{"type":"LineString","coordinates":[[24.21,41.5],[24.75,41.49],[25.03,41.75],[23.5,42.57],[23.45,41.75],[24.21,41.5]]}},{"type":"Feature","properties":{"level":1032},"geometry":{"type":"LineString","coordinates":[[79.89,41.75],[81.66,42.25],[79.75,42.35],[79.47,42.0],[79.89,41.75]]}},{"type":"Feature","properties":{"level":1032},"geometry":{"type":"LineString","coordinates":[[23.69,42.75],[24.0,42.55],[25.75,42.75],[24.5,43.06],[23.69,42.75]]}},{"type":"Feature","properties":{"level":1032},"geometry":{"type":"LineString","coordinates":[[22.4,45.0],[25.75,45.09],[26.5,45.36],[26.8,45.75],[25.51,48.0],[23.75,48.71],[23.57,48.5],[25.67,46.0],[24.75,45.68],[23.5,45.86],[22.61,45.5],[22.4,45.0]]}},{"type":"Feature","properties":{"level":1032},"geometry":{"type":"LineString","coordinates":[[106.81,46.0],[107.5,46.0],[107.75,46.37],[107.59,47.5],[108.25,47.84],[108.53,47.75],[109.75,48.61],[110.25,48.72],[111.5,49.76],[112.25,49.96],[112.58,50.25],[112.26,50.75],[111.35,51.0],[111.54,51.25],[111.25,51.4],[110.75,51.14],[109.0,51.31],[108.66,51.0],[108.77,50.75],[108.0,50.25],[107.45,50.25],[106.24,48.25],[106.93,47.75],[107.53,46.5],[106.81,46.0]]}},{"type":"Feature","properties":{"level":1032},"geometry":{"type":"LineString","coordinates":[[98.09,47.75],[98.25,47.52],[98.5,47.92],[98.99,48.0],[98.75,48.22],[98.0,48.1],[98.09,47.75]]}},{"type":"Feature","properties":{"level":1032},"geometry":{"type":"LineString","coordinates":[[98.94,49.75],[99.33,49.75],[100.15,50.75],[100.0,51.14],[99.0,50.57],[99.0,51.39],[98.25,51.22],[99.25,51.75],[98.96,52.25],[99.15,52.5],[99.0,52.7],[98.36,52.75],[98.25,53.1],[97.5,52.92],[97.25,53.29],[96.93,53.0],[97.59,52.5],[96.53,52.25],[97.25,51.92],[97.54,51.5],[97.0,51.44],[96.25,51.81],[95.48,51.75],[95.16,51.0],[95.2,50.5],[95.75,50.11],[96.0,50.02],[96.25,50.28],[96.75,50.01],[97.25,50.27],[97.75,49.9],[98.25,50.65],[98.73,50.25],[98.18,50.0],[98.94,49.75]]}},{"type":"Feature","properties":{"level":1032},"geometry":{"type":"LineString","coordinates":[[103.7,51.0],[105.11,51.0],[103.7,51.0]]}},{"type":"Feature","properties":{"level":1036},"geometry":{"type":"LineString","coordinates":[[81.91,-88.5],[102.75,-88.41],[109.3,-88.0],[109.67,-87.75],[109.58,-87.5],[109.85,-87.25],[111.81,-86.25],[112.35,-85.5],[112.35,-85.25],[110.77,-84.5],[110.77,-84.25],[112.28,-83.5],[112.23,-83.25],[110.38,-82.75],[110.05,-82.5],[110.24,-82.25],[112.0,-81.85],[114.5,-81.83],[116.0,-81.32],[116.18,-81.25],[115.5,-80.75],[120.5,-78.75],[120.41,-78.5],[121.75,-78.0],[121.39,-77.5],[121.5,-77.34],[124.5,-77.12],[125.35,-76.25],[124.75,-76.05],[123.25,-76.09],[119.75,-77.03],[114.0,-76.85],[107.0,-75.65],[102.0,-74.35],[96.75,-73.9],[93.75,-74.07],[91.11,-74.75],[90.15,-75.25],[89.75,-75.5],[90.04,-76.0],[88.75,-76.45],[88.7,-77.0],[87.24,-77.75],[79.75,-78.89],[79.57,-79.0],[80.63,-79.75],[79.25,-80.29],[75.5,-80.85],[74.75,-80.75],[74.79,-80.5],[76.34,-79.5],[70.5,-79.93],[68.75,-80.25],[69.12,-80.75],[69.05,-81.0],[69.55,-81.25],[68.98,-81.75],[71.5,-81.89],[74.25,-81.39],[78.75,-80.99],[80.5,-81.07],[82.5,-80.61],[82.63,-80.25],[83.5,-79.98],[85.75,-80.3],[86.25,-80.16],[92.25,-80.46],[95.0,-80.09],[95.56,-80.25],[95.14,-80.5],[95.75,-80.65],[101.04,-81.0],[102.25,-81.7],[103.4,-82.0],[103.08,-82.25],[100.25,-82.39],[96.25,-83.4],[90.57,-84.25],[79.25,-85.19],[72.34,-86.0],[71.96,-86.25],[70.04,-86.5],[59.07,-87.0],[75.0,-88.29],[81.91,-88.5]]}},{"type":"Feature","properties":{"level":1036},"geometry":{"type":"LineString","coordinates":[[114.24,-82.25],[116.19,-82.25],[115.0,-82.01],[114.24,-82.25]]}},{"type":"Feature","properties":{"level":1036},"geometry":{"type":"LineString","coordinates":[[107.25,-81.25],[104.75,-81.19],[96.83,-80.0],[95.27,-79.25],[97.5,-78.33],[100.75,-78.03],[104.65,-79.0],[103.52,-79.25],[103.72,-79.5],[102.62,-80.25],[102.75,-80.33],[105.5,-80.24],[106.0,-80.64],[108.5,-80.73],[109.28,-81.0],[107.25,-81.25]]}},{"type":"Feature","properties":{"level":1036},"geometry":{"type":"LineString","coordinates":[[47.8,-81.0],[52.25,-81.15],[56.0,-80.91],[56.54,-80.75],[56.6,-80.5],[56.19,-80.0],[56.53,-78.75],[51.25,-77.85],[47.5,-77.71],[42.25,-78.81],[41.02,-79.5],[41.27,-80.0],[42.0,-80.27],[47.8,-81.0]]}},{"type":"Feature","properties":{"level":1036},"geometry":{"type":"LineString","coordinates":[[37.3,-76.5],[38.5,-76.58],[40.49,-76.25],[39.5,-76.08],[37.3,-76.5]]}},{"type":"Feature","properties":{"level":1036},"geometry":{"type":"LineString","coordinates":[[76.98,35.0],[77.25,35.3],[77.5,35.01],[77.5,35.84],[75.75,36.57],[75.2,36.25],[76.5,35.6],[76.98,35.0]]}},{"type":"Feature","properties":{"level":1036},"geometry":{"type":"LineString","coordinates":[[80.41,35.25],[82.0,35.12],[82.5,35.62],[83.05,35.75],[82.75,35.94],[81.75,35.63],[80.0,35.82],[79.5,36.15],[79.3,36.0],[80.41,35.25]]}},{"type":"Feature","properties":{"level":1036},"geometry":{"type":"LineString","coordinates":[[109.45,49.5],[110.31,49.5],[110.6,49.75],[109.75,50.07],[109.99,49.75],[109.45,49.5]]}},{"type":"Feature","properties":{"level":1040},"geometry":{"type":"LineString","coordinates":[[79.44,-88.25],[95.71,-88.25],[103.75,-87.96],[106.25,-87.62],[109.5,-86.61],[110.17,-86.25],[110.37,-85.5],[109.93,-85.25],[107.25,-84.82],[105.75,-84.18],[103.25,-83.78],[102.91,-83.5],[103.25,-83.24],[104.75,-83.17],[108.25,-83.64],[109.49,-83.5],[109.67,-83.25],[107.5,-82.19],[106.0,-82.03],[102.25,-82.87],[96.25,-83.77],[79.25,-85.75],[78.25,-86.0],[78.31,-86.25],[76.62,-86.5],[63.43,-87.0],[79.44,-88.25]]}},{"type":"Feature","properties":{"level":1040},"geometry":{"type":"LineString","coordinates":[[70.0,-81.75],[71.5,-81.77],[73.95,-81.25],[72.99,-81.0],[75.36,-79.75],[74.0,-79.7],[69.71,-80.25],[69.6,-81.0],[70.04,-81.25],[69.65,-81.5],[70.0,-81.75]]}},{"type":"Feature","properties":{"level":1040},"geometry":{"type":"LineString","coordinates":[[47.32,-80.75],[52.25,-80.98],[55.25,-80.82],[55.68,-80.5],[53.77,-79.75],[55.0,-79.54],[55.59,-79.0],[55.52,-78.75],[52.0,-78.28],[48.0,-78.05],[44.5,-78.59],[42.5,-79.11],[41.99,-79.5],[42.05,-79.75],[43.5,-80.21],[47.32,-80.75]]}},{"type":"Feature","properties":{"level":1040},"geometry":{"type":"LineString","coordinates":[[79.17,-80.75],[80.5,-80.8],[81.5,-80.53],[81.93,-80.25],[81.84,-80.0],[83.0,-79.68],[88.5,-80.17],[91.25,-79.96],[93.5,-79.46],[96.38,-78.25],[100.5,-77.66],[102.5,-77.59],[105.0,-78.39],[106.25,-78.5],[108.25,-77.83],[112.75,-77.92],[114.74,-77.75],[115.12,-77.5],[113.45,-77.0],[106.75,-75.78],[102.25,-74.5],[94.75,-74.0],[91.85,-74.75],[91.75,-75.0],[92.18,-75.5],[91.81,-76.25],[91.25,-76.63],[90.25,-76.77],[89.5,-77.4],[86.09,-78.25],[81.5,-78.85],[80.89,-79.25],[81.53,-79.5],[81.69,-80.0],[79.17,-80.75]]}},{"type":"Feature","properties":{"level":1040},"geometry":{"type":"LineString","coordinates":[[109.62,-80.5],[111.5,-80.37],[112.63,-79.75],[109.75,-79.21],[108.25,-79.7],[107.98,-80.0],[109.62,-80.5]]}},{"type":"Feature","properties":{"level":1040},"geometry":{"type":"LineString","coordinates":[[80.62,35.25],[81.5,35.16],[82.31,35.5],[81.75,35.32],[81.25,35.62],[80.16,35.75],[80.13,35.5],[80.62,35.25]]}},{"type":"Feature","properties":{"level":1044},"geometry":{"type":"LineString","coordinates":[[75.21,-87.75],[78.25,-87.99],[85.25,-87.9],[104.5,-87.1],[107.5,-86.75],[108.26,-86.5],[108.66,-86.0],[108.0,-85.66],[104.58,-85.25],[102.52,-84.5],[98.0,-84.11],[89.1,-84.75],[84.91,-85.75],[87.57,-86.0],[87.25,-86.25],[69.43,-87.0],[69.85,-87.25],[75.21,-87.75]]}},{"type":"Feature","properties":{"level":1044},"geometry":{"type":"LineString","coordinates":[[70.23,-81.5],[71.0,-81.65],[72.45,-81.5],[72.54,-81.25],[72.06,-81.0],[73.6,-80.25],[73.5,-80.08],[70.25,-80.42],[70.19,-81.0],[70.61,-81.25],[70.23,-81.5]]}},{"type":"Feature","properties":{"level":1044},"geometry":{"type":"LineString","coordinates":[[50.5,-80.75],[54.38,-80.75],[54.0,-80.45],[50.73,-80.0],[50.33,-79.75],[53.19,-79.0],[51.75,-78.6],[47.25,-78.31],[44.75,-78.73],[42.71,-79.5],[42.86,-79.75],[43.75,-80.01],[46.25,-80.47],[50.5,-80.75]]}},{"type":"Feature","properties":{"level":1044},"geometry":{"type":"LineString","coordinates":[[87.75,-80.0],[92.0,-79.59],[93.25,-79.29],[96.0,-77.99],[101.0,-77.21],[102.75,-77.25],[106.0,-78.31],[106.75,-78.08],[107.75,-77.34],[110.0,-77.33],[111.0,-77.0],[101.57,-74.5],[95.0,-74.06],[93.51,-74.25],[92.32,-74.75],[92.83,-75.75],[91.77,-77.0],[90.5,-76.93],[89.39,-77.75],[82.26,-79.0],[83.44,-79.5],[87.75,-80.0]]}},{"type":"Feature","properties":{"level":1048},"geometry":{"type":"LineString","coordinates":[[77.25,-87.5],[84.25,-87.5],[104.75,-86.65],[106.82,-86.25],[106.53,-86.0],[105.5,-85.88],[100.25,-85.82],[74.52,-87.25],[77.25,-87.5]]}},{"type":"Feature","properties":{"level":1048},"geometry":{"type":"LineString","coordinates":[[47.73,-80.5],[51.86,-80.5],[45.75,-79.78],[44.75,-79.79],[44.68,-80.0],[47.73,-80.5]]}},{"type":"Feature","properties":{"level":1048},"geometry":{"type":"LineString","coordinates":[[85.98,-79.75],[89.75,-79.81],[92.75,-79.3],[94.17,-78.75],[94.58,-78.5],[94.5,-78.27],[93.55,-78.0],[95.19,-76.75],[95.03,-76.25],[95.25,-75.99],[96.25,-76.25],[95.66,-76.75],[95.85,-77.0],[95.49,-77.5],[95.75,-77.62],[97.5,-77.56],[98.25,-77.22],[99.75,-77.32],[100.01,-77.25],[100.0,-76.94],[101.0,-76.84],[103.5,-77.25],[105.75,-78.11],[106.26,-78.0],[107.0,-76.93],[107.75,-76.94],[108.27,-76.5],[101.0,-74.5],[96.75,-74.16],[94.0,-74.22],[92.69,-74.75],[93.25,-75.75],[92.25,-77.06],[90.75,-77.12],[89.54,-78.0],[88.25,-77.94],[84.0,-78.83],[83.25,-79.25],[85.98,-79.75]]}},{"type":"Feature","properties":{"level":1048},"geometry":{"type":"LineString","coordinates":[[46.59,-79.25],[49.5,-79.4],[51.7,-79.0],[47.5,-78.46],[45.84,-78.75],[46.59,-79.25]]}},{"type":"Feature","properties":{"level":1052},"geometry":{"type":"LineString","coordinates":[[87.43,-79.75],[91.0,-79.55],[93.74,-78.75],[93.5,-78.59],[91.25,-79.01],[87.3,-79.25],[87.64,-79.0],[92.25,-78.15],[93.86,-77.0],[94.34,-76.0],[95.0,-75.63],[96.68,-76.0],[97.25,-77.12],[98.77,-77.0],[99.75,-76.52],[101.71,-76.75],[105.5,-77.72],[106.0,-77.64],[106.37,-77.25],[106.15,-76.75],[105.15,-76.0],[102.25,-75.5],[102.23,-75.25],[101.75,-75.01],[100.26,-74.5],[94.25,-74.28],[93.04,-74.75],[93.57,-76.0],[92.25,-77.36],[90.75,-77.37],[89.75,-78.14],[88.25,-78.06],[84.04,-79.0],[84.06,-79.25],[87.43,-79.75]]}},{"type":"Feature","properties":{"level":1056},"geometry":{"type":"LineString","coordinates":[[88.71,-79.5],[90.61,-79.5],[88.71,-79.5]]}},{"type":"Feature","properties":{"level":1056},"geometry":{"type":"LineString","coordinates":[[84.78,-79.0],[86.0,-79.06],[88.94,-78.5],[89.12,-78.25],[88.0,-78.22],[84.78,-79.0]]}},{"type":"Feature","properties":{"level":1056},"geometry":{"type":"LineString","coordinates":[[90.5,-78.0],[91.0,-78.05],[91.61,-77.75],[91.0,-77.57],[90.45,-77.75],[90.5,-78.0]]}},{"type":"Feature","properties":{"level":1056},"geometry":{"type":"LineString","coordinates":[[104.22,-77.25],[105.25,-77.48],[105.75,-77.35],[105.88,-77.0],[105.25,-76.45],[101.1,-75.5],[99.2,-74.5],[94.25,-74.43],[93.41,-74.75],[94.0,-75.58],[94.5,-75.27],[95.5,-75.33],[97.15,-75.75],[98.25,-76.49],[100.5,-76.17],[104.22,-77.25]]}},{"type":"Feature","properties":{"level":1060},"geometry":{"type":"LineString","coordinates":[[103.44,-77.0],[105.0,-77.22],[105.37,-76.75],[99.75,-75.39],[98.5,-74.59],[95.07,-74.75],[98.5,-75.82],[100.75,-75.93],[101.58,-76.5],[103.44,-77.0]]}},{"type":"Feature","properties":{"level":1064},"geometry":{"type":"LineString","coordinates":[[102.92,-76.75],[103.39,-76.75],[103.4,-76.5],[102.25,-76.14],[101.85,-76.25],[101.96,-76.5],[102.92,-76.75]]}}]}