{"type":"FeatureCollection","features":[{"type":"Feature","properties":{"level":944},"geometry":{"type":"LineString","coordinates":[[140.0,18.49],[140.0,18.8],[140.0,18.49]]}},{"type":"Feature","properties":{"level":948},"geometry":{"type":"LineString","coordinates":[[-163.0,-66.51],[-165.2,-66.25],[-164.5,-66.06],[-160.0,-66.03],[-159.47,-66.25],[-163.0,-66.51]]}},{"type":"Feature","properties":{"level":948},"geometry":{"type":"LineString","coordinates":[[140.0,18.45],[139.84,18.75],[140.0,18.85],[140.16,18.75],[140.0,18.45]]}},{"type":"Feature","properties":{"level":952},"geometry":{"type":"LineString","coordinates":[[-165.25,-67.04],[-166.92,-66.5],[-167.58,-65.75],[-166.0,-65.3],[-157.25,-64.54],[-154.75,-64.43],[-153.91,-64.75],[-155.25,-65.88],[-159.0,-66.99],[-162.25,-67.24],[-165.25,-67.04]]}},{"type":"Feature","properties":{"level":952},"geometry":{"type":"LineString","coordinates":[[88.75,-63.06],[87.94,-62.5],[89.75,-62.38],[90.8,-62.75],[89.75,-63.13],[88.75,-63.06]]}},{"type":"Feature","properties":{"level":952},"geometry":{"type":"LineString","coordinates":[[160.0,16.97],[159.76,17.25],[160.25,17.3],[160.0,16.97]]}},{"type":"Feature","properties":{"level":952},"geometry":{"type":"LineString","coordinates":[[140.0,18.41],[139.77,18.75],[140.0,18.9],[140.23,18.75],[140.0,18.41]]}},{"type":"Feature","properties":{"level":956},"geometry":{"type":"LineString","coordinates":[[-165.5,-67.78],[-167.25,-67.42],[-169.0,-66.74],[-169.81,-66.25],[-170.6,-65.25],[-163.75,-64.21],[-156.75,-63.48],[-152.75,-63.46],[-152.0,-63.67],[-151.67,-64.0],[-152.13,-65.0],[-153.25,-65.86],[-156.5,-67.26],[-160.5,-67.91],[-163.25,-67.99],[-165.5,-67.78]]}},{"type":"Feature","properties":{"level":956},"geometry":{"type":"LineString","coordinates":[[88.25,-63.76],[81.75,-62.97],[81.35,-62.75],[86.75,-61.6],[92.75,-61.48],[98.75,-60.83],[102.36,-60.75],[102.34,-61.0],[101.51,-61.5],[98.65,-62.25],[90.25,-63.7],[88.25,-63.76]]}},{"type":"Feature","properties":{"level":956},"geometry":{"type":"LineString","coordinates":[[159.75,16.91],[159.75,17.37],[160.25,17.49],[160.33,17.0],[159.75,16.91]]}},{"type":"Feature","properties":{"level":956},"geometry":{"type":"LineString","coordinates":[[140.0,18.37],[139.72,18.75],[140.0,18.94],[140.28,18.75],[140.0,18.37]]}},{"type":"Feature","properties":{"level":960},"geometry":{"type":"LineString","coordinates":[[-165.5,-68.77],[-168.25,-68.28],[-171.0,-67.36],[-172.89,-66.25],[-173.68,-65.25],[-173.0,-64.82],[-171.25,-64.47],[-164.75,-63.48],[-157.75,-62.74],[-151.0,-62.7],[-150.41,-63.0],[-149.99,-63.75],[-150.69,-65.25],[-151.53,-66.0],[-153.0,-66.97],[-155.0,-67.82],[-157.0,-68.4],[-160.25,-68.89],[-165.5,-68.77]]}},{"type":"Feature","properties":{"level":960},"geometry":{"type":"LineString","coordinates":[[161.25,-65.82],[160.82,-65.5],[161.0,-65.24],[161.75,-65.06],[164.22,-65.75],[162.5,-65.98],[161.25,-65.82]]}},{"type":"Feature","properties":{"level":960},"geometry":{"type":"LineString","coordinates":[[85.5,-64.51],[75.75,-64.24],[70.75,-63.43],[68.87,-62.5],[68.67,-62.0],[69.17,-60.75],[68.42,-59.5],[68.75,-59.09],[69.75,-58.84],[73.75,-59.31],[77.0,-59.16],[82.0,-60.24],[83.5,-60.35],[91.75,-60.25],[105.75,-59.22],[107.15,-59.5],[105.76,-60.75],[104.34,-61.5],[99.38,-63.0],[91.0,-64.44],[88.5,-64.63],[85.5,-64.51]]}},{"type":"Feature","properties":{"level":960},"geometry":{"type":"LineString","coordinates":[[-122.0,-61.26],[-123.41,-60.5],[-123.0,-59.8],[-121.01,-59.5],[-120.26,-59.75],[-119.71,-60.25],[-119.75,-60.75],[-120.25,-61.15],[-122.0,-61.26]]}},{"type":"Feature","properties":{"level":960},"geometry":{"type":"LineString","coordinates":[[159.75,16.82],[159.57,17.25],[159.75,17.5],[160.37,17.5],[160.44,17.0],[159.75,16.82]]}},{"type":"Feature","properties":{"level":960},"geometry":{"type":"LineString","coordinates":[[139.75,18.45],[139.75,18.86],[140.25,18.86],[140.25,18.48],[139.75,18.45]]}},{"type":"Feature","properties":{"level":964},"geometry":{"type":"LineString","coordinates":[[-126.25,-75.28],[-128.75,-75.04],[-129.66,-74.75],[-129.89,-74.25],[-129.74,-73.75],[-130.53,-73.25],[-130.57,-73.0],[-130.0,-72.7],[-129.05,-72.75],[-128.66,-73.0],[-128.5,-73.54],[-126.5,-73.83],[-126.22,-73.75],[-126.72,-73.5],[-126.25,-73.33],[-126.0,-73.71],[-124.75,-73.65],[-123.5,-73.96],[-122.85,-74.5],[-124.17,-75.25],[-126.25,-75.28]]}},{"type":"Feature","properties":{"level":964},"geometry":{"type":"LineString","coordinates":[[-123.5,-71.25],[-127.5,-70.33],[-128.5,-69.79],[-128.74,-69.25],[-128.0,-67.75],[-126.25,-66.29],[-125.53,-65.25],[-125.45,-63.75],[-126.48,-62.0],[-126.54,-61.0],[-125.78,-59.5],[-124.34,-58.5],[-122.25,-58.23],[-118.5,-58.72],[-112.75,-61.05],[-108.25,-61.59],[-107.75,-61.81],[-107.03,-63.5],[-106.36,-64.25],[-106.26,-64.5],[-106.5,-64.83],[-109.03,-66.25],[-112.25,-66.74],[-114.25,-67.67],[-116.75,-69.45],[-119.5,-71.03],[-123.5,-71.25]]}},{"type":"Feature","properties":{"level":964},"geometry":{"type":"LineString","coordinates":[[-162.0,-70.26],[-168.5,-69.47],[-172.5,-68.36],[-175.85,-66.75],[-176.71,-66.0],[-176.86,-65.5],[-176.24,-64.75],[-170.25,-63.38],[-155.0,-61.72],[-150.5,-61.82],[-149.39,-62.25],[-148.5,-63.25],[-148.49,-64.25],[-149.25,-65.82],[-150.99,-67.5],[-152.7,-68.5],[-154.75,-69.41],[-157.0,-70.0],[-162.0,-70.26]]}},{"type":"Feature","properties":{"level":964},"geometry":{"type":"LineString","coordinates":[[162.75,-66.77],[159.73,-66.0],[159.27,-65.25],[159.5,-64.5],[160.75,-63.48],[163.25,-62.8],[168.5,-64.78],[172.4,-65.5],[171.29,-66.0],[169.75,-66.3],[162.75,-66.77]]}},{"type":"Feature","properties":{"level":964},"geometry":{"type":"LineString","coordinates":[[76.5,-65.26],[71.75,-64.67],[68.75,-63.85],[66.39,-62.5],[65.79,-61.25],[67.45,-58.75],[68.73,-58.25],[70.5,-57.99],[75.0,-57.9],[83.75,-58.74],[88.0,-58.49],[91.0,-59.04],[101.75,-58.48],[108.5,-57.73],[110.0,-57.8],[110.55,-58.25],[109.75,-59.51],[106.86,-61.5],[104.0,-62.68],[100.25,-63.65],[93.25,-64.95],[88.5,-65.38],[76.5,-65.26]]}},{"type":"Feature","properties":{"level":964},"geometry":{"type":"LineString","coordinates":[[159.75,16.73],[159.49,17.0],[159.64,17.5],[160.0,17.66],[160.5,17.5],[160.5,16.96],[159.75,16.73]]}},{"type":"Feature","properties":{"level":964},"geometry":{"type":"LineString","coordinates":[[139.75,18.39],[139.75,18.92],[140.25,18.92],[140.25,18.42],[139.75,18.39]]}},{"type":"Feature","properties":{"level":968},"geometry":{"type":"LineString","coordinates":[[180.0,-67.56],[178.25,-67.18],[174.75,-67.03],[165.5,-67.57],[162.25,-67.52],[158.43,-66.75],[157.08,-66.0],[156.71,-65.25],[157.29,-64.25],[158.75,-63.3],[160.85,-62.5],[162.5,-62.24],[164.5,-62.38],[170.0,-63.74],[173.0,-64.16],[180.0,-64.15]]}},{"type":"Feature","properties":{"level":968},"geometry":{"type":"LineString","coordinates":[[76.75,-66.27],[71.0,-65.42],[66.5,-63.87],[65.19,-63.0],[64.39,-62.0],[64.09,-61.0],[64.31,-60.0],[65.08,-59.0],[66.91,-58.0],[72.25,-57.08],[81.75,-57.63],[88.75,-57.37],[91.75,-57.88],[93.5,-57.89],[102.0,-57.43],[107.75,-56.59],[110.25,-56.45],[112.0,-56.75],[112.64,-57.5],[112.54,-58.25],[112.0,-59.35],[109.75,-61.34],[106.85,-63.0],[103.25,-64.11],[97.18,-65.25],[90.25,-66.18],[83.25,-66.49],[76.75,-66.27]]}},{"type":"Feature","properties":{"level":968},"geometry":{"type":"LineString","coordinates":[[117.5,-64.36],[117.3,-64.25],[117.5,-63.87],[118.85,-63.25],[118.97,-63.75],[118.78,-64.25],[118.25,-64.47],[117.5,-64.36]]}},{"type":"Feature","properties":{"level":968},"geometry":{"type":"LineString","coordinates":[[-180.0,-64.15],[-176.0,-63.67],[-166.75,-62.05],[-156.5,-60.98],[-150.75,-60.81],[-149.02,-61.25],[-147.63,-62.25],[-146.69,-64.0],[-145.96,-66.5],[-146.07,-67.5],[-145.53,-68.0],[-145.5,-68.57],[-144.5,-69.01],[-143.0,-69.14],[-140.5,-70.03],[-139.25,-69.49],[-138.0,-69.27],[-135.5,-68.0],[-134.96,-67.25],[-132.0,-65.38],[-131.03,-64.25],[-130.36,-62.25],[-129.31,-60.75],[-127.48,-58.5],[-125.57,-57.0],[-122.5,-56.89],[-118.0,-57.12],[-114.75,-57.81],[-109.5,-60.12],[-105.63,-61.25],[-104.96,-61.75],[-104.25,-64.75],[-104.5,-65.41],[-106.14,-67.0],[-111.59,-69.0],[-113.61,-70.25],[-116.14,-72.25],[-117.22,-72.75],[-118.95,-74.75],[-118.7,-75.0],[-121.5,-75.79],[-125.25,-75.86],[-126.13,-76.25],[-127.5,-76.34],[-129.98,-76.25],[-129.33,-76.0],[-131.5,-75.5],[-132.75,-75.78],[-133.5,-75.25],[-135.25,-74.89],[-139.25,-75.34],[-140.5,-75.69],[-142.75,-75.61],[-145.25,-75.91],[-145.75,-76.18],[-149.25,-76.37],[-159.25,-76.79],[-166.75,-76.39],[-167.91,-76.0],[-168.28,-75.25],[-166.0,-73.07],[-166.27,-72.25],[-168.34,-71.25],[-180.0,-67.56]]}},{"type":"Feature","properties":{"level":968},"geometry":{"type":"LineString","coordinates":[[-18.75,-59.39],[-18.93,-59.0],[-18.56,-58.5],[-17.0,-57.45],[-13.5,-56.67],[-12.75,-56.73],[-12.53,-57.0],[-13.0,-57.82],[-14.25,-58.58],[-17.0,-59.23],[-18.75,-59.39]]}},{"type":"Feature","properties":{"level":968},"geometry":{"type":"LineString","coordinates":[[159.75,16.67],[159.4,17.0],[159.54,17.5],[160.0,17.74],[160.5,17.6],[160.66,17.25],[160.5,16.85],[159.75,16.67]]}},{"type":"Feature","properties":{"level":968},"geometry":{"type":"LineString","coordinates":[[139.75,18.34],[139.59,18.75],[139.75,18.98],[140.25,18.99],[140.37,18.5],[139.75,18.34]]}},{"type":"Feature","properties":{"level":972},"geometry":{"type":"LineString","coordinates":[[180.0,-69.63],[177.0,-68.78],[175.0,-68.51],[171.75,-68.34],[164.25,-68.47],[158.5,-68.06],[151.0,-66.69],[150.0,-66.31],[149.81,-66.0],[150.5,-65.15],[154.25,-63.64],[158.75,-62.24],[161.5,-61.76],[163.75,-61.69],[166.75,-61.97],[173.25,-63.14],[180.0,-63.28]]}},{"type":"Feature","properties":{"level":972},"geometry":{"type":"LineString","coordinates":[[80.25,-67.77],[74.25,-66.98],[69.25,-65.9],[67.0,-65.13],[65.16,-64.25],[63.14,-62.75],[62.58,-61.75],[62.6,-60.25],[63.75,-58.81],[65.44,-57.75],[67.98,-57.0],[71.0,-56.56],[81.5,-56.7],[88.5,-56.44],[93.75,-56.89],[101.25,-56.42],[107.75,-55.53],[111.0,-55.32],[113.0,-55.69],[114.07,-56.5],[114.55,-58.75],[114.07,-60.25],[114.25,-61.33],[115.25,-61.51],[120.75,-61.32],[122.25,-61.68],[122.42,-62.0],[122.46,-63.5],[122.04,-64.25],[120.25,-65.13],[118.0,-65.59],[115.25,-65.74],[112.0,-64.93],[110.25,-64.86],[109.5,-64.6],[103.25,-65.77],[101.5,-66.61],[100.75,-66.19],[99.5,-66.04],[97.5,-66.28],[96.75,-66.63],[95.25,-66.59],[94.5,-66.89],[93.75,-66.71],[89.25,-67.55],[88.0,-67.38],[83.75,-67.84],[80.25,-67.77]]}},{"type":"Feature","properties":{"level":972},"geometry":{"type":"LineString","coordinates":[[-180.0,-63.28],[-175.0,-62.77],[-165.25,-61.07],[-151.25,-59.85],[-149.0,-60.13],[-148.13,-60.5],[-143.25,-63.98],[-139.75,-64.52],[-136.5,-63.8],[-135.0,-63.23],[-128.79,-57.5],[-127.0,-56.29],[-124.25,-55.39],[-120.75,-54.82],[-115.0,-55.74],[-112.5,-56.55],[-110.52,-57.5],[-103.5,-61.57],[-102.64,-62.75],[-102.18,-64.75],[-103.25,-67.37],[-106.96,-69.25],[-109.14,-70.75],[-111.55,-74.25],[-111.11,-74.5],[-111.75,-74.83],[-113.75,-75.53],[-116.75,-75.87],[-119.5,-76.75],[-125.25,-77.35],[-126.75,-78.14],[-127.8,-78.0],[-127.22,-77.5],[-129.75,-77.6],[-131.0,-77.28],[-133.0,-76.42],[-133.75,-75.79],[-136.14,-75.75],[-135.11,-76.0],[-136.0,-76.06],[-136.47,-76.0],[-136.26,-75.75],[-136.75,-75.71],[-140.23,-76.25],[-139.67,-76.5],[-141.13,-76.75],[-140.82,-77.0],[-142.5,-77.21],[-144.25,-77.98],[-145.25,-77.97],[-148.75,-78.54],[-148.99,-78.75],[-148.33,-79.25],[-147.25,-79.43],[-141.08,-79.5],[-142.03,-80.25],[-141.65,-80.5],[-145.5,-80.77],[-149.0,-80.91],[-156.5,-80.16],[-160.5,-79.36],[-164.5,-79.07],[-170.75,-77.53],[-172.56,-76.75],[-173.46,-76.0],[-173.99,-75.0],[-174.1,-73.5],[-175.12,-71.75],[-180.0,-69.63]]}},{"type":"Feature","properties":{"level":972},"geometry":{"type":"LineString","coordinates":[[-23.5,-61.33],[-24.0,-61.13],[-24.16,-60.75],[-23.41,-60.0],[-22.5,-58.3],[-20.0,-56.57],[-16.75,-55.43],[-12.75,-54.8],[-11.5,-54.89],[-10.75,-55.53],[-10.54,-56.5],[-10.77,-57.75],[-11.5,-58.83],[-12.75,-59.66],[-15.0,-60.4],[-19.0,-61.19],[-21.75,-61.46],[-23.5,-61.33]]}},{"type":"Feature","properties":{"level":972},"geometry":{"type":"LineString","coordinates":[[135.5,-60.28],[134.56,-60.0],[134.46,-59.5],[135.0,-59.16],[136.25,-58.99],[137.5,-59.35],[137.88,-59.75],[137.5,-60.1],[135.5,-60.28]]}},{"type":"Feature","properties":{"level":972},"geometry":{"type":"LineString","coordinates":[[159.5,16.73],[159.31,17.25],[159.75,17.75],[160.25,17.82],[160.67,17.5],[160.5,16.74],[160.0,16.57],[159.5,16.73]]}},{"type":"Feature","properties":{"level":972},"geometry":{"type":"LineString","coordinates":[[140.0,18.2],[139.55,18.75],[140.0,19.13],[140.45,18.75],[140.0,18.2]]}},{"type":"Feature","properties":{"level":972},"geometry":{"type":"LineString","coordinates":[[-173.25,62.96],[-173.8,63.25],[-173.65,63.5],[-172.75,63.62],[-172.26,63.25],[-173.25,62.96]]}},{"type":"Feature","properties":{"level":976},"geometry":{"type":"LineString","coordinates":[[-147.19,-82.25],[-145.07,-82.25],[-147.19,-82.25]]}},{"type":"Feature","properties":{"level":976},"geometry":{"type":"LineString","coordinates":[[-130.26,-79.0],[-129.75,-79.05],[-128.61,-78.5],[-129.0,-78.15],[-130.0,-78.22],[-130.39,-78.5],[-130.26,-79.0]]}},{"type":"Feature","properties":{"level":976},"geometry":{"type":"LineString","coordinates":[[-132.51,-78.0],[-131.97,-77.75],[-133.03,-77.25],[-133.73,-77.25],[-133.5,-77.62],[-132.51,-78.0]]}},{"type":"Feature","properties":{"level":976},"geometry":{"type":"LineString","coordinates":[[-137.7,-76.5],[-134.25,-76.62],[-133.43,-76.25],[-134.0,-76.06],[-135.5,-76.39],[-137.0,-76.21],[-137.7,-76.5]]}},{"type":"Feature","properties":{"level":976},"geometry":{"type":"LineString","coordinates":[[180.0,-72.61],[178.62,-71.5],[176.25,-70.51],[172.0,-69.7],[159.0,-69.12],[158.01,-69.5],[158.34,-70.25],[159.3,-70.5],[152.75,-70.14],[146.59,-68.75],[146.1,-68.5],[145.75,-67.98],[144.58,-67.75],[144.57,-67.0],[144.83,-66.0],[145.48,-65.0],[147.75,-63.15],[149.34,-62.25],[150.75,-62.04],[160.0,-61.11],[163.75,-60.99],[167.0,-61.25],[173.75,-62.27],[180.0,-62.44]]}},{"type":"Feature","properties":{"level":976},"geometry":{"type":"LineString","coordinates":[[74.25,-69.82],[74.03,-69.75],[74.45,-69.5],[74.63,-69.0],[74.0,-68.22],[72.25,-67.56],[68.75,-66.9],[66.5,-66.21],[62.0,-63.68],[61.15,-62.5],[60.78,-61.25],[60.93,-60.25],[61.59,-59.25],[62.69,-58.25],[64.62,-57.25],[69.25,-56.16],[75.0,-55.78],[79.25,-55.91],[89.75,-55.65],[94.0,-55.86],[110.5,-54.28],[113.25,-54.59],[114.75,-55.22],[116.82,-57.5],[117.75,-59.0],[119.75,-59.54],[121.75,-59.75],[124.0,-59.6],[126.25,-59.18],[129.8,-58.0],[134.25,-57.67],[138.25,-58.09],[142.25,-59.88],[146.33,-60.5],[145.5,-60.79],[143.0,-60.69],[140.0,-61.38],[137.5,-61.65],[132.0,-61.54],[129.5,-61.85],[128.25,-62.5],[126.71,-64.25],[125.19,-64.75],[121.25,-66.63],[118.15,-67.25],[118.33,-67.5],[115.5,-67.53],[114.75,-67.33],[114.7,-67.0],[114.0,-66.78],[110.5,-67.21],[105.5,-66.62],[99.75,-67.5],[98.75,-67.14],[97.0,-67.22],[88.75,-68.15],[81.25,-68.49],[79.18,-69.25],[76.0,-69.8],[74.25,-69.82]]}},{"type":"Feature","properties":{"level":976},"geometry":{"type":"LineString","coordinates":[[-180.0,-62.44],[-174.75,-61.98],[-161.5,-59.9],[-152.25,-59.01],[-148.25,-59.32],[-147.0,-59.78],[-145.25,-60.9],[-142.5,-61.86],[-141.25,-62.04],[-138.5,-61.85],[-134.75,-60.05],[-130.0,-56.48],[-126.25,-54.15],[-123.75,-53.22],[-121.75,-53.02],[-118.5,-53.24],[-115.61,-53.75],[-112.75,-54.59],[-109.0,-56.3],[-101.5,-61.43],[-100.4,-63.0],[-100.17,-65.25],[-100.61,-67.75],[-103.66,-70.25],[-103.8,-70.75],[-103.6,-71.25],[-102.23,-72.0],[-100.84,-72.25],[-102.39,-73.0],[-102.03,-73.25],[-104.81,-74.5],[-110.25,-76.06],[-112.0,-76.04],[-112.21,-76.25],[-110.91,-76.5],[-110.97,-76.75],[-111.75,-77.26],[-112.5,-77.31],[-112.7,-77.5],[-112.48,-77.75],[-113.17,-78.5],[-112.95,-78.75],[-113.48,-79.0],[-118.25,-79.62],[-120.5,-79.4],[-121.34,-79.0],[-121.75,-78.45],[-127.75,-78.76],[-128.91,-79.75],[-128.5,-80.12],[-127.9,-80.25],[-127.79,-80.5],[-128.25,-80.9],[-130.9,-81.0],[-131.44,-81.25],[-131.1,-81.5],[-142.0,-82.86],[-153.0,-82.81],[-159.5,-82.39],[-165.5,-81.5],[-172.75,-79.83],[-176.0,-78.64],[-178.65,-77.0],[-179.62,-75.0],[-179.53,-73.5],[-180.0,-72.61]]}},{"type":"Feature","properties":{"level":976},"geometry":{"type":"LineString","coordinates":[[-22.0,-62.26],[-24.0,-61.78],[-25.05,-61.0],[-25.1,-60.25],[-24.67,-59.0],[-23.75,-57.45],[-20.75,-55.28],[-17.75,-54.24],[-13.5,-53.33],[-11.5,-53.29],[-10.25,-53.86],[-6.5,-58.49],[-5.47,-58.75],[-5.06,-59.5],[-5.05,-60.5],[-5.25,-60.75],[-7.75,-60.83],[-9.75,-61.57],[-18.0,-62.42],[-22.0,-62.26]]}},{"type":"Feature","properties":{"level":976},"geometry":{"type":"LineString","coordinates":[[-1.5,-41.81],[-1.5,-41.22],[-1.21,-41.5],[-1.5,-41.81]]}},{"type":"Feature","properties":{"level":976},"geometry":{"type":"LineString","coordinates":[[159.5,16.64],[159.2,17.0],[159.3,17.5],[160.0,17.92],[160.56,17.75],[160.82,17.25],[160.63,16.75],[160.25,16.52],[159.5,16.64]]}},{"type":"Feature","properties":{"level":976},"geometry":{"type":"LineString","coordinates":[[139.75,18.21],[139.52,18.5],[139.63,19.0],[140.25,19.11],[140.46,18.5],[140.0,18.14],[139.75,18.21]]}},{"type":"Feature","properties":{"level":976},"geometry":{"type":"LineString","coordinates":[[-44.75,55.71],[-45.32,56.0],[-45.75,56.75],[-45.72,57.0],[-45.0,57.38],[-42.75,57.51],[-42.07,57.25],[-41.72,56.75],[-41.87,56.25],[-42.75,55.78],[-43.75,55.59],[-44.75,55.71]]}},{"type":"Feature","properties":{"level":976},"geometry":{"type":"LineString","coordinates":[[-173.5,62.22],[-175.03,62.75],[-175.28,63.5],[-174.5,64.02],[-173.25,64.28],[-171.75,64.13],[-170.8,63.5],[-170.9,63.0],[-171.5,62.53],[-173.5,62.22]]}},{"type":"Feature","properties":{"level":980},"geometry":{"type":"LineString","coordinates":[[180.0,-81.35],[178.72,-80.5],[176.94,-77.75],[175.85,-76.5],[174.98,-74.75],[175.03,-73.25],[174.78,-72.75],[174.25,-72.22],[173.0,-71.65],[171.5,-71.44],[169.5,-71.53],[169.0,-71.83],[168.75,-71.54],[168.25,-71.83],[167.75,-71.38],[167.5,-71.55],[167.0,-71.22],[164.75,-71.04],[164.5,-71.21],[163.25,-71.13],[163.25,-71.31],[163.75,-71.28],[163.91,-71.5],[163.0,-71.87],[162.5,-71.62],[162.0,-71.85],[161.65,-71.75],[161.25,-71.2],[160.5,-71.55],[159.75,-71.55],[159.54,-71.25],[159.67,-71.0],[159.25,-70.87],[152.5,-70.6],[146.74,-69.5],[145.25,-68.75],[143.5,-68.34],[142.75,-67.59],[139.25,-67.1],[134.25,-66.77],[133.25,-66.32],[129.75,-67.49],[125.5,-67.29],[124.27,-67.5],[122.5,-68.21],[120.25,-68.54],[114.25,-68.4],[108.5,-67.67],[104.75,-67.45],[101.75,-67.95],[99.25,-67.98],[98.5,-67.62],[97.25,-67.64],[95.75,-68.04],[82.5,-69.2],[76.75,-70.76],[76.07,-71.5],[74.86,-72.0],[74.14,-72.75],[74.34,-73.0],[73.75,-73.29],[71.5,-73.23],[70.75,-73.09],[69.58,-72.25],[70.75,-71.93],[71.75,-71.25],[71.3,-70.5],[71.4,-70.0],[70.95,-69.0],[70.33,-68.5],[69.5,-68.33],[67.0,-68.33],[62.84,-67.75],[63.69,-67.5],[63.48,-66.75],[60.0,-63.75],[59.14,-62.25],[58.91,-61.25],[59.18,-60.25],[59.85,-59.25],[60.81,-58.25],[62.0,-57.46],[65.25,-56.2],[69.25,-55.51],[74.25,-55.08],[80.25,-55.16],[94.25,-54.78],[106.5,-53.41],[109.75,-53.27],[112.75,-53.52],[114.78,-54.0],[115.79,-54.5],[119.42,-57.25],[120.5,-57.8],[121.5,-57.97],[125.25,-57.82],[131.0,-56.97],[135.25,-56.93],[139.0,-57.39],[144.5,-58.8],[150.5,-59.64],[164.75,-60.3],[174.25,-61.44],[180.0,-61.61]]}},{"type":"Feature","properties":{"level":980},"geometry":{"type":"LineString","coordinates":[[1.25,-65.26],[-9.0,-63.79],[-16.75,-63.84],[-21.0,-63.49],[-23.5,-62.79],[-25.25,-61.92],[-26.09,-61.0],[-26.17,-59.75],[-25.71,-58.5],[-24.77,-57.0],[-23.75,-55.92],[-21.75,-54.44],[-19.5,-53.48],[-16.0,-52.45],[-13.75,-51.98],[-11.75,-51.88],[-10.25,-52.45],[-6.25,-54.93],[-3.25,-55.94],[-1.0,-57.69],[0.37,-58.25],[0.0,-58.27],[-0.06,-58.5],[0.73,-60.5],[2.14,-62.5],[3.26,-63.5],[2.1,-64.75],[2.32,-65.25],[1.25,-65.26]]}},{"type":"Feature","properties":{"level":980},"geometry":{"type":"LineString","coordinates":[[-180.0,-61.61],[-176.75,-61.48],[-162.0,-59.22],[-151.75,-58.13],[-148.5,-58.29],[-144.75,-59.58],[-142.25,-60.15],[-139.75,-59.96],[-135.49,-58.5],[-130.17,-54.75],[-127.75,-52.69],[-126.25,-51.92],[-123.25,-51.17],[-119.75,-51.2],[-113.25,-52.81],[-107.45,-55.0],[-100.54,-60.0],[-99.72,-60.75],[-98.89,-62.0],[-98.31,-63.75],[-97.76,-67.5],[-97.99,-68.25],[-98.75,-69.0],[-98.71,-69.75],[-98.15,-70.5],[-95.17,-71.75],[-95.25,-72.04],[-96.5,-72.75],[-98.34,-73.25],[-99.05,-74.0],[-98.41,-74.5],[-98.73,-75.0],[-101.75,-75.05],[-103.75,-75.67],[-105.61,-77.0],[-105.92,-77.75],[-107.08,-78.75],[-111.0,-79.85],[-115.0,-80.65],[-122.25,-79.86],[-124.0,-79.91],[-124.33,-80.0],[-123.23,-80.25],[-123.56,-80.75],[-120.97,-81.75],[-125.75,-82.17],[-127.59,-82.5],[-127.77,-83.0],[-132.6,-83.5],[-133.04,-83.75],[-139.0,-83.92],[-142.5,-84.35],[-164.75,-84.02],[-173.93,-83.0],[-177.75,-82.17],[-180.0,-81.35]]}},{"type":"Feature","properties":{"level":980},"geometry":{"type":"LineString","coordinates":[[-1.5,-42.75],[-2.0,-42.42],[-2.29,-41.5],[-1.5,-40.56],[-0.75,-40.38],[-0.25,-40.75],[-0.1,-41.75],[-1.0,-42.58],[-1.5,-42.75]]}},{"type":"Feature","properties":{"level":980},"geometry":{"type":"LineString","coordinates":[[159.75,16.43],[159.09,17.0],[159.16,17.5],[159.75,17.97],[160.5,17.91],[160.87,17.5],[160.89,17.0],[160.5,16.52],[159.75,16.43]]}},{"type":"Feature","properties":{"level":980},"geometry":{"type":"LineString","coordinates":[[139.75,18.13],[139.43,18.75],[139.75,19.17],[140.25,19.18],[140.52,18.5],[140.25,18.16],[139.75,18.13]]}},{"type":"Feature","properties":{"level":980},"geometry":{"type":"LineString","coordinates":[[-45.25,54.97],[-48.5,55.87],[-48.74,56.5],[-48.26,57.0],[-46.5,57.99],[-44.5,58.71],[-41.5,59.31],[-40.62,59.25],[-41.12,59.0],[-40.3,57.0],[-40.66,56.0],[-42.75,55.1],[-45.25,54.97]]}},{"type":"Feature","properties":{"level":980},"geometry":{"type":"LineString","coordinates":[[-38.75,59.46],[-38.94,59.5],[-38.57,59.5],[-38.75,59.46]]}},{"type":"Feature","properties":{"level":980},"geometry":{"type":"LineString","coordinates":[[-37.75,59.46],[-37.96,59.5],[-37.56,59.5],[-37.75,59.46]]}},{"type":"Feature","properties":{"level":980},"geometry":{"type":"LineString","coordinates":[[-173.75,61.25],[-175.75,61.6],[-177.0,62.25],[-177.53,63.0],[-177.7,63.75],[-177.55,64.25],[-176.79,64.75],[-175.75,65.03],[-173.5,65.15],[-170.4,64.75],[-169.35,64.25],[-168.94,63.75],[-168.96,62.75],[-169.83,62.0],[-171.75,61.34],[-173.75,61.25]]}},{"type":"Feature","properties":{"level":984},"geometry":{"type":"LineString","coordinates":[[180.0,-84.61],[177.5,-84.57],[176.5,-84.17],[170.0,-83.5],[166.11,-82.5],[166.25,-82.24],[168.21,-82.0],[168.8,-81.0],[171.12,-78.75],[171.19,-77.75],[170.25,-77.08],[169.25,-77.26],[168.5,-77.02],[168.0,-77.3],[167.5,-77.04],[165.75,-76.98],[165.41,-76.75],[166.0,-76.44],[167.0,-76.45],[168.0,-76.61],[168.5,-76.95],[169.25,-76.68],[170.25,-76.89],[170.29,-76.0],[169.04,-74.25],[170.0,-73.64],[169.45,-73.25],[170.17,-72.5],[169.5,-72.14],[169.0,-72.36],[168.36,-72.0],[166.5,-71.7],[166.07,-71.75],[167.0,-72.57],[165.49,-72.5],[166.0,-73.0],[165.5,-73.23],[165.0,-73.26],[164.0,-72.81],[162.0,-72.93],[164.19,-73.5],[163.25,-73.67],[162.75,-74.07],[161.73,-73.75],[161.31,-73.0],[160.47,-72.5],[160.25,-72.0],[158.0,-71.59],[157.5,-71.24],[149.75,-70.66],[145.77,-69.75],[139.75,-67.83],[134.0,-67.49],[131.25,-68.01],[126.5,-67.94],[122.5,-68.87],[119.5,-69.15],[107.75,-68.48],[105.0,-68.06],[100.75,-68.69],[97.5,-67.99],[91.75,-69.06],[84.0,-69.74],[81.25,-70.3],[78.25,-71.6],[76.3,-72.75],[76.14,-73.0],[76.39,-73.5],[76.03,-74.25],[74.0,-74.79],[69.5,-74.33],[66.75,-73.69],[66.59,-73.5],[67.45,-72.5],[66.82,-71.5],[67.03,-71.0],[64.75,-70.07],[61.07,-69.5],[59.25,-68.87],[55.25,-68.78],[55.52,-68.25],[54.0,-67.72],[50.11,-68.0],[50.5,-68.33],[52.0,-68.11],[53.0,-68.44],[53.65,-69.0],[53.5,-69.39],[52.0,-69.65],[49.87,-69.25],[49.45,-68.75],[49.81,-68.5],[48.64,-68.25],[48.74,-68.0],[49.25,-68.13],[50.25,-67.48],[51.5,-67.4],[52.25,-67.74],[53.25,-67.67],[53.75,-67.29],[54.37,-67.25],[52.75,-67.22],[52.43,-66.75],[52.74,-66.0],[57.47,-65.25],[57.69,-64.75],[57.25,-63.25],[57.15,-61.5],[57.87,-59.5],[58.94,-58.25],[59.92,-57.5],[63.68,-55.75],[72.75,-54.54],[81.25,-54.39],[92.25,-53.84],[106.0,-52.33],[110.5,-52.38],[114.5,-52.92],[119.0,-54.69],[121.25,-55.96],[122.75,-56.27],[132.5,-55.91],[136.0,-56.01],[139.75,-56.52],[146.25,-57.93],[151.0,-58.57],[165.0,-59.54],[174.5,-60.56],[180.0,-60.8]]}},{"type":"Feature","properties":{"level":984},"geometry":{"type":"LineString","coordinates":[[162.25,-78.03],[161.11,-77.75],[160.92,-77.25],[161.75,-77.24],[162.25,-77.5],[162.25,-77.85],[162.75,-78.0],[162.25,-78.03]]}},{"type":"Feature","properties":{"level":984},"geometry":{"type":"LineString","coordinates":[[166.0,-77.57],[166.0,-77.36],[166.15,-77.5],[166.0,-77.57]]}},{"type":"Feature","properties":{"level":984},"geometry":{"type":"LineString","coordinates":[[67.45,-73.25],[67.75,-73.28],[68.1,-72.75],[67.75,-72.78],[67.45,-73.25]]}},{"type":"Feature","properties":{"level":984},"geometry":{"type":"LineString","coordinates":[[-4.25,-70.06],[-5.55,-69.75],[-6.0,-69.38],[-7.11,-69.25],[-5.99,-69.0],[-5.59,-68.25],[-6.11,-67.5],[-7.25,-66.96],[-10.96,-66.25],[-19.0,-65.65],[-22.0,-64.87],[-24.25,-63.8],[-26.45,-62.25],[-27.3,-61.0],[-27.23,-59.25],[-26.26,-57.25],[-25.0,-55.57],[-23.79,-54.5],[-21.5,-53.1],[-14.82,-50.75],[-13.25,-50.55],[-11.5,-50.77],[-6.5,-52.82],[-2.75,-53.66],[-0.25,-54.85],[1.25,-55.06],[2.21,-55.5],[3.75,-57.56],[4.93,-60.5],[6.5,-61.94],[8.48,-63.25],[11.98,-67.75],[11.76,-68.25],[10.75,-68.81],[5.25,-69.73],[0.5,-70.15],[-4.25,-70.06]]}},{"type":"Feature","properties":{"level":984},"geometry":{"type":"LineString","coordinates":[[53.5,-69.78],[53.75,-69.41],[54.5,-69.45],[55.01,-69.75],[54.25,-69.92],[53.5,-69.78]]}},{"type":"Feature","properties":{"level":984},"geometry":{"type":"LineString","coordinates":[[-180.0,-60.8],[-173.0,-60.25],[-163.96,-58.75],[-153.0,-57.37],[-148.5,-57.31],[-143.25,-58.58],[-141.75,-58.57],[-139.5,-58.13],[-136.76,-57.25],[-135.89,-56.5],[-134.5,-55.77],[-131.25,-53.08],[-129.48,-51.25],[-127.5,-49.91],[-124.75,-48.95],[-121.75,-48.92],[-118.75,-49.6],[-110.0,-52.27],[-103.84,-55.25],[-100.0,-58.17],[-97.75,-60.39],[-96.85,-62.25],[-96.14,-64.75],[-94.82,-67.5],[-94.66,-69.0],[-93.5,-69.61],[-89.5,-70.58],[-88.01,-71.75],[-89.76,-72.5],[-94.25,-73.39],[-94.28,-73.75],[-94.0,-73.95],[-92.68,-74.25],[-94.68,-74.75],[-95.75,-75.3],[-100.25,-76.37],[-100.53,-76.5],[-100.6,-77.5],[-101.18,-78.25],[-106.38,-79.75],[-106.67,-80.25],[-107.21,-80.5],[-109.65,-81.0],[-114.12,-81.25],[-115.17,-82.0],[-119.26,-83.0],[-119.67,-83.5],[-127.25,-83.99],[-129.46,-84.5],[-129.25,-85.0],[-127.12,-85.25],[-128.0,-85.4],[-134.0,-85.26],[-138.0,-85.63],[-144.25,-85.8],[-156.0,-85.69],[-163.0,-85.55],[-170.75,-84.82],[-174.21,-84.75],[-173.99,-85.0],[-174.25,-85.03],[-174.5,-84.76],[-176.0,-84.63],[-180.0,-84.61]]}},{"type":"Feature","properties":{"level":984},"geometry":{"type":"LineString","coordinates":[[-2.5,-45.06],[-3.0,-44.71],[-3.36,-44.0],[-2.96,-41.25],[-2.21,-40.25],[-0.75,-39.93],[0.0,-40.05],[0.89,-41.25],[0.93,-41.75],[0.41,-43.25],[-1.25,-45.03],[-1.75,-45.22],[-2.5,-45.06]]}},{"type":"Feature","properties":{"level":984},"geometry":{"type":"LineString","coordinates":[[160.0,16.22],[159.25,16.57],[158.96,17.25],[159.25,17.88],[160.0,18.17],[160.75,17.84],[161.03,17.25],[160.75,16.52],[160.0,16.22]]}},{"type":"Feature","properties":{"level":984},"geometry":{"type":"LineString","coordinates":[[139.75,18.05],[139.34,18.75],[139.75,19.24],[140.25,19.24],[140.61,18.5],[140.25,18.08],[139.75,18.05]]}},{"type":"Feature","properties":{"level":984},"geometry":{"type":"LineString","coordinates":[[-46.0,54.49],[-49.25,55.28],[-49.64,55.5],[-49.8,56.0],[-49.22,57.0],[-46.75,58.44],[-45.5,59.46],[-45.0,59.58],[-44.81,60.0],[-44.25,60.01],[-43.5,59.52],[-40.75,60.09],[-36.5,60.27],[-34.89,59.5],[-35.25,59.08],[-36.71,58.75],[-37.03,58.25],[-38.0,57.96],[-39.35,56.0],[-40.5,55.19],[-43.25,54.47],[-46.0,54.49]]}},{"type":"Feature","properties":{"level":984},"geometry":{"type":"LineString","coordinates":[[180.0,63.24],[178.7,64.5],[179.17,65.25],[180.0,65.68]]}},{"type":"Feature","properties":{"level":984},"geometry":{"type":"LineString","coordinates":[[-180.0,65.68],[-177.75,66.13],[-173.0,66.23],[-171.5,66.04],[-167.94,65.0],[-166.93,64.25],[-166.45,63.25],[-166.82,62.25],[-168.0,61.38],[-170.25,60.58],[-172.75,60.29],[-176.5,60.83],[-179.48,62.5],[-180.0,63.24]]}},{"type":"Feature","properties":{"level":988},"geometry":{"type":"LineString","coordinates":[[180.0,-85.04],[176.25,-84.86],[175.83,-84.5],[174.75,-84.39],[172.73,-84.5],[172.77,-84.75],[172.25,-84.9],[170.75,-84.81],[171.75,-84.61],[171.85,-84.25],[170.25,-83.96],[169.25,-84.32],[168.86,-84.25],[168.75,-83.89],[168.25,-83.81],[166.25,-84.34],[164.67,-84.25],[167.71,-83.5],[166.5,-83.07],[165.75,-83.31],[164.0,-83.23],[162.25,-83.62],[161.58,-83.5],[162.55,-83.25],[162.75,-82.86],[161.75,-82.86],[160.76,-83.5],[160.26,-83.5],[160.48,-83.25],[159.59,-83.0],[160.25,-82.64],[161.25,-82.6],[161.54,-82.0],[158.97,-81.5],[159.12,-81.25],[158.75,-81.0],[158.95,-80.75],[160.02,-80.25],[159.73,-79.5],[160.25,-79.48],[161.0,-78.86],[164.33,-78.5],[163.25,-78.49],[160.5,-77.89],[160.31,-77.5],[159.82,-77.25],[160.19,-77.0],[158.75,-76.51],[158.75,-76.18],[155.95,-75.5],[156.25,-75.23],[158.5,-74.82],[159.0,-75.01],[159.5,-74.72],[161.5,-74.63],[162.21,-74.25],[161.18,-73.25],[154.75,-71.71],[150.75,-71.62],[144.5,-70.22],[142.79,-69.5],[138.25,-68.37],[134.5,-68.07],[132.0,-68.66],[126.25,-68.74],[122.5,-69.51],[120.0,-69.68],[107.5,-69.29],[104.5,-68.89],[100.75,-69.27],[96.5,-68.74],[91.5,-69.82],[84.25,-70.45],[82.0,-70.98],[79.08,-72.5],[78.28,-73.25],[77.86,-74.25],[76.41,-75.75],[75.0,-76.1],[71.0,-75.72],[70.47,-75.5],[71.71,-75.25],[67.25,-74.69],[66.25,-74.35],[65.19,-73.75],[65.61,-72.25],[65.26,-71.25],[62.0,-70.08],[59.5,-69.88],[58.26,-70.25],[55.5,-71.76],[51.0,-72.52],[47.44,-72.5],[42.77,-71.5],[44.37,-70.0],[44.63,-69.0],[44.61,-68.75],[44.25,-68.58],[42.77,-68.25],[43.25,-67.83],[46.0,-67.25],[53.75,-63.78],[54.75,-62.5],[55.99,-59.5],[57.26,-58.0],[58.5,-57.11],[62.25,-55.45],[71.0,-54.03],[85.0,-53.37],[105.0,-51.31],[109.75,-51.45],[114.25,-51.92],[122.75,-54.16],[126.0,-54.14],[128.75,-54.7],[134.75,-54.78],[138.25,-55.1],[149.25,-57.23],[174.5,-59.67],[180.0,-59.96]]}},{"type":"Feature","properties":{"level":988},"geometry":{"type":"LineString","coordinates":[[-17.75,-72.51],[-19.75,-72.03],[-20.66,-71.0],[-22.75,-69.92],[-24.3,-68.75],[-25.63,-66.0],[-28.02,-62.5],[-28.44,-61.5],[-28.6,-60.25],[-28.14,-58.25],[-26.95,-56.25],[-26.17,-55.25],[-24.25,-53.55],[-19.53,-51.0],[-14.5,-49.37],[-12.0,-49.46],[-0.25,-52.26],[2.25,-53.21],[3.87,-54.5],[6.54,-59.0],[7.66,-60.25],[11.85,-63.0],[15.73,-66.25],[18.1,-67.5],[19.52,-68.75],[17.69,-69.25],[3.75,-71.23],[2.5,-71.82],[-0.25,-71.95],[-1.25,-71.59],[-4.25,-71.5],[-6.0,-71.76],[-9.75,-71.35],[-11.5,-72.32],[-14.0,-72.16],[-17.75,-72.51]]}},{"type":"Feature","properties":{"level":988},"geometry":{"type":"LineString","coordinates":[[39.75,-70.0],[39.71,-69.75],[40.35,-69.0],[40.46,-69.5],[40.21,-69.75],[40.49,-70.0],[39.75,-70.0]]}},{"type":"Feature","properties":{"level":988},"geometry":{"type":"LineString","coordinates":[[-180.0,-59.96],[-173.75,-59.54],[-158.5,-57.21],[-151.0,-56.36],[-148.5,-56.36],[-143.25,-57.23],[-141.0,-56.87],[-138.75,-56.17],[-136.75,-55.03],[-133.75,-52.56],[-130.74,-49.0],[-129.98,-47.75],[-129.78,-46.0],[-130.01,-45.75],[-131.5,-45.44],[-132.5,-44.95],[-133.67,-43.5],[-133.73,-43.0],[-133.25,-42.39],[-131.5,-42.24],[-128.26,-43.75],[-128.1,-44.5],[-127.5,-45.12],[-126.29,-45.75],[-125.5,-45.97],[-122.41,-46.0],[-121.5,-46.29],[-120.75,-46.28],[-120.5,-45.93],[-120.0,-45.94],[-118.5,-47.48],[-117.0,-48.28],[-108.5,-51.26],[-103.75,-53.41],[-99.5,-55.92],[-98.01,-57.25],[-96.13,-59.75],[-93.26,-65.5],[-90.7,-68.25],[-88.75,-68.95],[-80.11,-70.75],[-79.73,-71.0],[-79.73,-71.25],[-80.32,-71.75],[-82.5,-72.62],[-89.01,-73.75],[-88.11,-74.75],[-88.38,-75.0],[-93.0,-76.2],[-94.21,-77.5],[-95.48,-78.0],[-102.0,-79.59],[-104.9,-81.0],[-110.67,-81.5],[-110.66,-81.75],[-109.95,-82.0],[-110.08,-82.25],[-112.81,-82.75],[-113.44,-83.25],[-117.22,-84.0],[-119.33,-84.75],[-123.6,-85.0],[-123.43,-85.25],[-124.5,-85.56],[-128.0,-85.78],[-134.0,-85.59],[-137.5,-85.97],[-147.5,-86.1],[-151.5,-85.83],[-156.75,-86.05],[-159.25,-85.75],[-164.04,-85.75],[-170.75,-85.05],[-174.75,-85.39],[-175.65,-85.25],[-174.95,-85.0],[-175.75,-84.89],[-180.0,-85.04]]}},{"type":"Feature","properties":{"level":988},"geometry":{"type":"LineString","coordinates":[[-2.0,-46.3],[-3.5,-45.66],[-4.11,-44.75],[-4.32,-43.25],[-3.88,-41.0],[-2.98,-40.0],[-1.5,-39.45],[-0.25,-39.37],[0.75,-39.61],[1.7,-40.75],[1.87,-43.25],[1.57,-44.75],[0.75,-45.74],[-1.25,-46.36],[-2.0,-46.3]]}},{"type":"Feature","properties":{"level":988},"geometry":{"type":"LineString","coordinates":[[159.25,16.2],[158.75,17.0],[158.86,17.75],[159.5,18.32],[160.5,18.24],[161.17,17.5],[161.13,16.75],[160.25,16.05],[159.25,16.2]]}},{"type":"Feature","properties":{"level":988},"geometry":{"type":"LineString","coordinates":[[139.75,17.95],[139.34,18.25],[139.33,19.0],[139.75,19.34],[140.25,19.35],[140.62,19.0],[140.69,18.5],[140.25,18.0],[139.75,17.95]]}},{"type":"Feature","properties":{"level":988},"geometry":{"type":"LineString","coordinates":[[-46.25,53.98],[-49.0,54.55],[-50.19,55.25],[-50.55,56.0],[-50.0,57.16],[-47.54,59.0],[-47.58,59.5],[-46.93,60.25],[-46.75,60.91],[-45.25,60.95],[-44.63,60.5],[-43.0,60.02],[-41.25,60.51],[-38.5,60.88],[-35.8,60.75],[-33.5,59.96],[-32.75,59.25],[-32.49,58.5],[-32.75,58.13],[-34.25,57.59],[-35.0,57.59],[-40.0,54.65],[-42.75,53.99],[-46.25,53.98]]}},{"type":"Feature","properties":{"level":988},"geometry":{"type":"LineString","coordinates":[[-34.05,58.25],[-33.65,58.25],[-34.05,58.25]]}},{"type":"Feature","properties":{"level":988},"geometry":{"type":"LineString","coordinates":[[180.0,60.26],[176.71,62.0],[176.55,62.25],[176.72,62.5],[177.7,63.0],[177.64,63.5],[175.75,64.15],[175.55,64.75],[174.75,65.16],[174.61,65.5],[175.25,65.79],[175.5,66.25],[177.0,66.51],[177.75,67.03],[180.0,67.29]]}},{"type":"Feature","properties":{"level":988},"geometry":{"type":"LineString","coordinates":[[6.0,66.17],[6.25,66.36],[6.73,66.25],[6.25,66.02],[6.0,66.17]]}},{"type":"Feature","properties":{"level":988},"geometry":{"type":"LineString","coordinates":[[-180.0,67.29],[-178.5,67.56],[-175.75,67.54],[-173.0,67.37],[-169.0,66.71],[-166.25,65.77],[-165.37,65.25],[-164.37,64.0],[-164.17,63.25],[-164.8,61.75],[-166.17,60.5],[-168.23,59.75],[-170.75,59.2],[-175.25,59.05],[-177.65,59.5],[-180.0,60.26]]}},{"type":"Feature","properties":{"level":992},"geometry":{"type":"LineString","coordinates":[[175.75,-85.76],[176.75,-85.75],[175.75,-85.76]]}},{"type":"Feature","properties":{"level":992},"geometry":{"type":"LineString","coordinates":[[180.0,-85.33],[175.75,-85.38],[169.25,-85.02],[167.5,-85.34],[164.5,-85.3],[164.13,-85.25],[169.78,-84.75],[169.25,-84.48],[165.0,-84.67],[163.11,-84.25],[166.35,-83.75],[165.0,-83.46],[162.25,-83.87],[160.0,-83.73],[159.69,-83.5],[159.88,-83.25],[158.15,-82.75],[158.93,-82.5],[159.04,-82.0],[155.76,-81.75],[157.61,-80.75],[157.66,-80.5],[156.77,-80.0],[158.25,-79.81],[158.33,-79.5],[155.55,-79.0],[159.0,-78.32],[159.25,-78.53],[160.25,-78.5],[159.02,-78.25],[159.09,-77.75],[159.66,-77.5],[158.75,-77.09],[156.2,-76.75],[156.05,-76.5],[153.24,-75.5],[153.5,-74.61],[154.25,-74.21],[156.75,-74.25],[159.0,-73.59],[160.25,-74.15],[161.75,-74.18],[161.82,-74.0],[161.0,-73.39],[158.25,-72.97],[153.0,-73.28],[146.0,-72.78],[141.94,-71.5],[141.97,-71.0],[140.18,-69.75],[137.5,-69.19],[136.75,-68.71],[135.5,-68.59],[131.0,-69.6],[126.5,-69.65],[123.0,-70.37],[109.25,-70.04],[106.25,-69.65],[100.75,-69.87],[96.75,-69.42],[91.5,-70.57],[85.25,-71.14],[82.74,-71.75],[81.11,-72.75],[80.25,-73.72],[80.88,-74.5],[80.05,-75.0],[79.9,-75.5],[82.8,-76.5],[80.75,-77.01],[74.75,-76.76],[69.15,-76.0],[65.25,-74.63],[63.88,-73.5],[64.31,-73.0],[64.31,-72.5],[63.54,-71.5],[62.0,-70.79],[61.25,-70.73],[57.25,-71.44],[54.75,-72.16],[48.75,-72.84],[46.67,-72.75],[42.25,-71.97],[40.5,-71.25],[41.09,-71.0],[39.0,-70.63],[37.25,-71.0],[33.25,-70.78],[30.75,-70.93],[28.25,-71.43],[27.0,-71.3],[26.0,-71.48],[23.5,-70.89],[19.0,-71.19],[15.0,-71.05],[12.75,-71.29],[12.0,-71.12],[10.22,-71.25],[10.0,-71.76],[0.5,-72.4],[-1.25,-72.31],[-2.5,-71.97],[-3.75,-72.3],[-4.75,-72.0],[-9.5,-72.66],[-10.96,-73.25],[-11.37,-73.75],[-12.09,-74.0],[-9.53,-74.25],[-10.91,-74.75],[-11.0,-75.11],[-13.5,-76.42],[-15.38,-77.0],[-16.0,-77.41],[-18.75,-77.37],[-20.25,-76.7],[-25.5,-76.26],[-29.0,-76.74],[-34.29,-78.25],[-32.29,-78.25],[-33.29,-78.5],[-32.5,-78.58],[-30.0,-78.26],[-27.5,-78.26],[-23.25,-78.62],[-17.25,-78.17],[-16.0,-78.22],[-15.33,-78.5],[-16.87,-78.75],[-17.0,-79.25],[-16.55,-79.5],[-16.62,-79.75],[-18.59,-80.25],[-18.43,-80.75],[-21.5,-81.37],[-22.31,-81.25],[-21.75,-80.96],[-24.0,-80.69],[-26.0,-80.9],[-28.0,-80.78],[-31.0,-81.07],[-32.0,-81.41],[-40.67,-82.0],[-40.65,-81.75],[-38.5,-81.27],[-36.5,-81.14],[-33.07,-80.5],[-32.68,-80.25],[-33.16,-79.5],[-32.75,-79.13],[-31.94,-79.0],[-35.5,-78.86],[-37.47,-78.0],[-34.0,-76.44],[-32.62,-75.5],[-31.0,-73.62],[-29.15,-72.0],[-28.3,-70.75],[-28.07,-70.0],[-28.11,-67.0],[-29.58,-62.75],[-29.92,-60.25],[-29.05,-57.5],[-27.25,-54.85],[-24.75,-52.61],[-22.75,-51.35],[-19.17,-49.5],[-16.25,-48.39],[-13.25,-48.0],[-8.0,-48.59],[-6.25,-48.48],[-5.25,-48.0],[-4.93,-47.75],[-4.81,-47.0],[-5.4,-45.0],[-5.46,-44.0],[-5.08,-41.0],[-4.25,-39.68],[-2.25,-38.6],[-1.5,-38.45],[1.0,-38.47],[2.4,-40.25],[3.43,-43.25],[3.28,-44.25],[2.73,-46.0],[1.09,-47.75],[1.05,-48.75],[1.75,-49.93],[6.0,-54.67],[8.85,-58.75],[11.25,-60.67],[14.75,-62.55],[19.27,-65.5],[23.0,-66.9],[26.0,-67.53],[30.5,-67.95],[33.25,-67.92],[41.0,-66.82],[47.25,-65.12],[50.13,-63.75],[52.0,-62.45],[53.0,-61.31],[54.39,-59.0],[56.38,-57.25],[58.92,-55.75],[61.5,-54.92],[69.5,-53.51],[73.5,-53.08],[83.5,-52.62],[99.5,-50.5],[104.75,-50.31],[113.25,-50.89],[120.0,-52.08],[124.75,-52.14],[130.5,-53.39],[135.75,-53.42],[138.75,-53.68],[145.5,-55.33],[149.5,-56.05],[155.25,-56.61],[158.0,-56.64],[163.25,-57.51],[173.5,-58.73],[180.0,-59.09]]}},{"type":"Feature","properties":{"level":992},"geometry":{"type":"LineString","coordinates":[[161.0,-84.26],[162.54,-84.25],[161.0,-84.26]]}},{"type":"Feature","properties":{"level":992},"geometry":{"type":"LineString","coordinates":[[-21.98,-80.5],[-21.25,-80.72],[-20.04,-80.5],[-21.98,-80.5]]}},{"type":"Feature","properties":{"level":992},"geometry":{"type":"LineString","coordinates":[[-29.5,-78.21],[-29.67,-78.0],[-28.75,-77.8],[-27.96,-78.0],[-29.5,-78.21]]}},{"type":"Feature","properties":{"level":992},"geometry":{"type":"LineString","coordinates":[[-70.25,-72.07],[-71.64,-71.75],[-70.25,-71.59],[-69.24,-71.75],[-70.0,-72.19],[-70.25,-72.07]]}},{"type":"Feature","properties":{"level":992},"geometry":{"type":"LineString","coordinates":[[23.75,-72.0],[24.75,-71.85],[25.48,-72.0],[23.75,-72.0]]}},{"type":"Feature","properties":{"level":992},"geometry":{"type":"LineString","coordinates":[[12.0,-71.79],[11.17,-71.5],[11.5,-71.31],[12.42,-71.75],[12.0,-71.79]]}},{"type":"Feature","properties":{"level":992},"geometry":{"type":"LineString","coordinates":[[-180.0,-59.09],[-172.0,-58.5],[-160.0,-56.54],[-151.5,-55.42],[-148.5,-55.37],[-144.5,-55.84],[-141.5,-55.34],[-139.0,-54.37],[-137.75,-53.51],[-135.93,-51.75],[-134.77,-50.25],[-134.01,-48.75],[-133.73,-47.5],[-134.63,-44.0],[-134.52,-42.75],[-132.75,-41.2],[-131.25,-41.3],[-125.5,-42.52],[-122.0,-43.74],[-118.75,-45.13],[-113.84,-47.75],[-106.0,-50.56],[-99.5,-53.69],[-97.5,-55.18],[-96.0,-56.89],[-94.0,-59.75],[-91.79,-63.75],[-89.25,-66.35],[-86.5,-67.56],[-82.5,-68.55],[-78.0,-69.21],[-73.51,-69.5],[-73.03,-69.75],[-73.18,-70.5],[-72.94,-70.75],[-73.14,-71.25],[-72.91,-71.75],[-72.26,-72.0],[-73.25,-72.54],[-78.0,-72.75],[-82.08,-74.5],[-81.24,-75.0],[-85.71,-75.75],[-82.75,-76.18],[-80.14,-76.0],[-80.25,-76.35],[-81.5,-76.4],[-81.82,-76.75],[-79.25,-76.57],[-78.25,-76.85],[-78.04,-77.25],[-79.75,-77.32],[-84.25,-76.93],[-85.66,-77.25],[-85.5,-78.06],[-86.5,-77.71],[-87.5,-77.82],[-87.5,-78.11],[-84.8,-78.5],[-86.92,-79.25],[-85.5,-79.56],[-87.0,-79.53],[-88.25,-78.93],[-90.0,-78.55],[-93.25,-78.67],[-96.5,-79.15],[-100.95,-80.25],[-101.46,-80.75],[-100.89,-81.0],[-106.9,-81.5],[-106.06,-82.5],[-106.15,-82.75],[-104.9,-83.0],[-104.64,-83.25],[-112.22,-83.75],[-114.62,-84.5],[-114.78,-84.75],[-119.47,-85.0],[-116.11,-85.5],[-120.25,-85.56],[-121.04,-85.75],[-120.5,-86.0],[-121.5,-86.07],[-132.25,-85.83],[-135.0,-86.2],[-147.25,-86.36],[-150.5,-86.12],[-154.75,-86.41],[-157.25,-86.21],[-159.25,-86.35],[-159.89,-86.25],[-159.28,-86.0],[-159.75,-85.96],[-168.5,-85.62],[-175.75,-85.78],[-177.0,-85.45],[-180.0,-85.33]]}},{"type":"Feature","properties":{"level":992},"geometry":{"type":"LineString","coordinates":[[159.25,15.92],[158.39,16.75],[158.44,17.75],[159.25,18.62],[160.5,18.58],[161.4,17.5],[161.32,16.5],[160.5,15.86],[159.25,15.92]]}},{"type":"Feature","properties":{"level":992},"geometry":{"type":"LineString","coordinates":[[139.5,17.91],[139.07,18.5],[139.16,19.0],[139.75,19.46],[140.25,19.46],[140.85,18.75],[140.73,18.25],[140.25,17.8],[139.5,17.91]]}},{"type":"Feature","properties":{"level":992},"geometry":{"type":"LineString","coordinates":[[-46.75,53.47],[-49.0,53.91],[-50.5,54.48],[-51.07,55.0],[-51.5,56.0],[-51.06,57.5],[-49.94,59.5],[-49.33,60.0],[-49.19,60.75],[-48.16,61.25],[-47.75,61.78],[-46.5,61.42],[-44.75,61.6],[-44.45,61.5],[-44.0,60.63],[-43.5,60.5],[-38.75,61.63],[-36.25,61.57],[-32.25,60.1],[-31.25,59.33],[-30.75,58.56],[-30.61,58.0],[-30.84,57.75],[-30.64,57.25],[-33.0,55.95],[-33.75,56.11],[-41.5,53.53],[-43.75,53.31],[-46.75,53.47]]}},{"type":"Feature","properties":{"level":992},"geometry":{"type":"LineString","coordinates":[[180.0,58.59],[175.27,60.75],[174.81,61.25],[174.69,62.0],[174.92,62.5],[175.75,63.0],[173.88,64.0],[172.35,65.75],[173.07,66.25],[173.11,66.75],[173.79,67.25],[175.0,67.79],[176.32,68.0],[176.75,68.43],[178.75,68.72],[179.3,69.25],[180.0,69.38]]}},{"type":"Feature","properties":{"level":992},"geometry":{"type":"LineString","coordinates":[[23.5,61.48],[23.07,62.0],[24.0,62.5],[25.5,62.25],[26.16,61.75],[25.75,61.4],[23.5,61.48]]}},{"type":"Feature","properties":{"level":992},"geometry":{"type":"LineString","coordinates":[[4.25,64.94],[3.5,65.19],[2.86,65.75],[2.72,67.75],[2.19,68.5],[2.75,69.37],[5.5,71.01],[6.5,71.12],[7.75,70.17],[9.0,69.58],[9.96,68.5],[10.17,67.75],[9.99,66.0],[9.32,65.0],[8.75,64.84],[4.25,64.94]]}},{"type":"Feature","properties":{"level":992},"geometry":{"type":"LineString","coordinates":[[-180.0,69.38],[-172.25,68.64],[-166.75,67.31],[-162.94,65.5],[-161.5,63.25],[-162.73,61.0],[-163.82,60.0],[-165.5,59.07],[-168.25,58.21],[-171.5,57.6],[-174.5,57.5],[-176.5,57.66],[-180.0,58.59]]}},{"type":"Feature","properties":{"level":996},"geometry":{"type":"LineString","coordinates":[[180.0,-86.63],[168.75,-87.16],[163.95,-87.0],[159.92,-86.5],[159.32,-86.25],[161.03,-85.75],[160.72,-85.5],[159.26,-85.25],[162.75,-85.2],[163.44,-85.0],[159.75,-84.54],[155.9,-84.5],[158.32,-84.0],[155.37,-83.25],[156.06,-83.0],[154.75,-82.37],[151.0,-81.97],[150.68,-81.75],[150.82,-81.5],[150.43,-81.25],[152.25,-80.54],[156.23,-80.25],[155.69,-80.0],[155.75,-79.81],[156.54,-79.5],[154.75,-79.15],[154.13,-78.75],[155.75,-78.3],[157.75,-78.35],[158.17,-78.0],[157.94,-77.75],[152.08,-76.25],[148.75,-74.63],[140.0,-72.93],[139.0,-72.42],[138.5,-71.69],[137.5,-71.0],[137.0,-70.89],[136.0,-71.24],[135.18,-71.25],[134.81,-71.0],[135.18,-70.5],[134.75,-70.35],[134.26,-70.5],[134.25,-70.78],[133.25,-70.65],[123.75,-71.61],[112.5,-71.1],[106.5,-70.17],[101.25,-70.57],[95.0,-70.56],[91.75,-71.37],[87.08,-71.75],[84.12,-72.5],[83.72,-73.0],[83.87,-74.0],[84.75,-74.57],[86.9,-74.75],[87.97,-76.0],[87.72,-76.5],[86.65,-77.0],[82.0,-77.53],[76.39,-77.25],[68.0,-76.08],[64.25,-74.99],[63.89,-74.75],[63.75,-74.2],[62.41,-73.25],[62.7,-72.75],[61.5,-72.0],[59.75,-71.69],[57.75,-71.72],[55.79,-72.25],[48.75,-73.04],[46.5,-72.93],[37.75,-71.76],[35.25,-72.27],[31.61,-72.25],[28.75,-71.82],[26.5,-72.32],[22.75,-72.38],[21.5,-71.8],[17.75,-71.6],[16.5,-72.09],[15.75,-71.64],[14.75,-71.69],[14.0,-71.41],[13.2,-71.5],[13.17,-71.75],[11.75,-72.15],[10.75,-71.92],[4.75,-72.53],[1.75,-72.41],[-0.25,-72.73],[-2.5,-72.49],[-4.0,-72.6],[-4.75,-72.36],[-5.0,-72.5],[-5.02,-73.0],[-5.75,-73.35],[-6.75,-73.24],[-7.5,-73.52],[-8.5,-73.5],[-8.76,-73.75],[-8.35,-74.25],[-9.28,-74.75],[-3.69,-77.0],[-4.76,-77.75],[-6.59,-78.25],[-6.06,-78.75],[-7.16,-79.25],[-6.6,-79.75],[-9.14,-80.5],[-8.6,-80.75],[-12.88,-81.0],[-14.65,-81.5],[-15.2,-82.0],[-16.48,-82.5],[-20.5,-83.31],[-25.0,-83.76],[-29.25,-83.83],[-30.0,-83.75],[-30.1,-83.5],[-29.35,-83.0],[-30.33,-82.75],[-30.22,-82.5],[-32.5,-82.47],[-37.44,-83.0],[-41.75,-83.8],[-44.5,-83.96],[-46.0,-83.77],[-45.37,-83.5],[-47.0,-83.12],[-52.0,-82.66],[-55.99,-83.25],[-55.65,-83.5],[-55.72,-83.75],[-56.5,-84.13],[-61.5,-84.41],[-64.0,-84.34],[-66.25,-83.69],[-68.25,-83.45],[-72.13,-83.25],[-68.55,-83.0],[-68.44,-82.75],[-69.22,-82.25],[-69.15,-82.0],[-68.45,-81.75],[-68.46,-81.5],[-69.14,-81.25],[-68.75,-81.16],[-65.75,-81.36],[-65.0,-81.5],[-64.75,-81.8],[-63.75,-81.87],[-54.0,-81.6],[-52.5,-81.09],[-51.31,-81.0],[-52.07,-80.75],[-46.5,-80.28],[-44.66,-79.75],[-44.69,-79.5],[-46.88,-79.0],[-47.03,-78.75],[-46.8,-78.5],[-48.75,-78.18],[-49.25,-77.75],[-48.91,-77.25],[-47.5,-76.74],[-41.25,-75.13],[-37.75,-73.87],[-34.0,-71.54],[-31.92,-69.5],[-31.01,-66.75],[-31.31,-65.25],[-31.07,-64.5],[-31.51,-62.25],[-31.18,-59.25],[-30.87,-58.25],[-29.61,-56.0],[-27.88,-54.0],[-26.04,-52.25],[-22.93,-50.0],[-19.34,-48.0],[-15.5,-46.93],[-10.5,-46.73],[-8.75,-46.21],[-7.67,-45.0],[-6.42,-40.5],[-5.64,-39.5],[-4.0,-38.28],[-2.5,-37.78],[-1.72,-37.25],[-0.25,-37.21],[0.25,-36.13],[3.24,-40.0],[5.05,-44.0],[4.97,-46.75],[4.37,-47.25],[3.75,-48.59],[5.25,-51.07],[6.0,-51.81],[6.75,-52.16],[7.99,-53.75],[10.27,-57.5],[11.5,-58.67],[19.0,-63.22],[24.0,-65.24],[27.5,-65.85],[31.75,-66.12],[36.25,-66.02],[41.25,-65.32],[45.0,-64.42],[46.75,-63.7],[50.25,-61.58],[53.66,-58.0],[55.82,-56.25],[58.48,-55.0],[61.0,-54.3],[67.75,-53.0],[87.0,-51.25],[93.25,-49.88],[97.25,-49.45],[103.5,-49.37],[109.75,-49.69],[118.25,-50.59],[122.0,-50.79],[125.5,-50.69],[127.75,-51.41],[130.75,-52.0],[136.0,-51.84],[138.5,-52.01],[140.75,-52.36],[146.75,-54.16],[150.5,-54.81],[155.25,-55.22],[157.5,-55.17],[165.0,-56.65],[171.0,-57.47],[180.0,-58.11]]}},{"type":"Feature","properties":{"level":996},"geometry":{"type":"LineString","coordinates":[[-180.0,-86.36],[-178.43,-86.5],[-180.0,-86.63]]}},{"type":"Feature","properties":{"level":996},"geometry":{"type":"LineString","coordinates":[[180.0,-86.12],[179.34,-86.25],[180.0,-86.36]]}},{"type":"Feature","properties":{"level":996},"geometry":{"type":"LineString","coordinates":[[164.38,-85.75],[169.0,-85.87],[171.99,-85.5],[169.25,-85.19],[167.5,-85.54],[161.59,-85.5],[164.38,-85.75]]}},{"type":"Feature","properties":{"level":996},"geometry":{"type":"LineString","coordinates":[[-52.0,-83.4],[-52.2,-83.25],[-50.75,-83.04],[-50.37,-83.25],[-52.0,-83.4]]}},{"type":"Feature","properties":{"level":996},"geometry":{"type":"LineString","coordinates":[[152.57,-81.75],[153.25,-81.83],[155.75,-81.35],[156.25,-80.92],[156.91,-80.75],[154.0,-80.63],[152.6,-81.5],[152.57,-81.75]]}},{"type":"Feature","properties":{"level":996},"geometry":{"type":"LineString","coordinates":[[-61.0,-80.78],[-60.75,-80.53],[-60.43,-80.75],[-61.0,-80.78]]}},{"type":"Feature","properties":{"level":996},"geometry":{"type":"LineString","coordinates":[[-48.9,-80.75],[-48.02,-80.75],[-48.9,-80.75]]}},{"type":"Feature","properties":{"level":996},"geometry":{"type":"LineString","coordinates":[[-80.5,-78.54],[-80.83,-78.25],[-79.7,-78.5],[-80.5,-78.54]]}},{"type":"Feature","properties":{"level":996},"geometry":{"type":"LineString","coordinates":[[-63.75,-74.09],[-63.94,-73.75],[-63.44,-73.25],[-62.0,-73.15],[-60.93,-72.75],[-61.75,-73.61],[-63.0,-73.41],[-63.75,-74.09]]}},{"type":"Feature","properties":{"level":996},"geometry":{"type":"LineString","coordinates":[[160.92,-74.0],[161.47,-74.0],[161.25,-73.71],[160.27,-73.75],[160.92,-74.0]]}},{"type":"Feature","properties":{"level":996},"geometry":{"type":"LineString","coordinates":[[-180.0,-58.11],[-173.75,-57.77],[-153.25,-54.61],[-149.0,-54.26],[-145.5,-54.36],[-143.5,-54.15],[-141.29,-53.25],[-138.68,-51.5],[-137.73,-50.5],[-136.59,-48.25],[-135.93,-43.25],[-135.3,-41.75],[-133.75,-40.43],[-130.0,-40.18],[-128.0,-40.41],[-124.5,-41.24],[-119.5,-43.05],[-111.25,-46.98],[-104.0,-49.5],[-98.75,-52.02],[-96.5,-53.63],[-93.85,-56.25],[-91.96,-58.75],[-90.02,-62.25],[-88.75,-63.69],[-86.33,-65.5],[-83.75,-66.52],[-80.25,-67.35],[-73.75,-67.99],[-68.5,-68.21],[-67.0,-68.71],[-66.5,-68.48],[-65.31,-67.0],[-64.5,-66.84],[-64.08,-66.25],[-62.0,-65.54],[-62.04,-65.25],[-61.25,-65.18],[-60.1,-64.5],[-59.0,-64.23],[-57.75,-64.45],[-57.0,-64.13],[-55.69,-64.25],[-55.02,-64.75],[-56.86,-65.25],[-56.45,-65.75],[-56.16,-66.75],[-56.05,-68.25],[-55.43,-69.25],[-55.7,-70.75],[-56.1,-71.25],[-55.79,-71.5],[-55.83,-71.75],[-56.35,-72.25],[-58.25,-72.89],[-61.0,-72.46],[-61.65,-72.0],[-61.83,-71.25],[-62.75,-70.8],[-63.25,-70.84],[-64.25,-71.43],[-65.63,-71.75],[-66.03,-72.75],[-67.5,-73.44],[-73.95,-74.25],[-73.69,-74.5],[-70.0,-75.15],[-69.5,-75.65],[-68.5,-75.68],[-67.68,-75.5],[-67.66,-75.25],[-66.5,-74.75],[-65.5,-74.76],[-64.86,-74.25],[-63.0,-74.37],[-61.25,-73.61],[-61.42,-74.25],[-61.9,-74.75],[-61.69,-75.0],[-62.49,-76.0],[-63.05,-76.25],[-67.5,-77.23],[-71.0,-77.56],[-73.5,-77.46],[-75.0,-77.9],[-81.75,-77.4],[-82.56,-77.5],[-82.75,-77.78],[-84.25,-77.7],[-84.61,-78.0],[-83.74,-78.75],[-83.99,-79.0],[-83.0,-79.28],[-82.5,-79.75],[-87.0,-80.38],[-91.5,-80.69],[-93.5,-80.54],[-93.25,-80.31],[-92.21,-80.25],[-93.75,-79.98],[-97.5,-80.25],[-97.84,-80.5],[-95.07,-80.75],[-104.17,-81.75],[-103.42,-82.25],[-99.87,-82.5],[-99.87,-82.75],[-101.0,-83.0],[-101.68,-83.5],[-109.09,-84.0],[-109.33,-84.25],[-106.44,-84.5],[-106.75,-84.57],[-111.5,-84.6],[-114.58,-85.0],[-112.0,-85.57],[-107.37,-85.75],[-107.75,-85.83],[-112.0,-86.06],[-118.0,-85.79],[-121.5,-86.32],[-130.0,-85.95],[-131.07,-86.0],[-131.32,-86.25],[-147.5,-86.64],[-158.0,-86.58],[-161.0,-86.07],[-168.0,-85.83],[-180.0,-86.12]]}},{"type":"Feature","properties":{"level":996},"geometry":{"type":"LineString","coordinates":[[-85.25,-48.55],[-86.0,-48.28],[-87.0,-48.4],[-87.49,-48.0],[-87.25,-47.61],[-86.5,-47.83],[-85.89,-47.5],[-86.18,-47.0],[-85.8,-46.25],[-85.5,-46.14],[-85.32,-47.0],[-85.63,-47.25],[-85.5,-47.38],[-83.0,-47.49],[-82.07,-48.0],[-82.25,-48.44],[-83.0,-48.72],[-85.25,-48.55]]}},{"type":"Feature","properties":{"level":996},"geometry":{"type":"LineString","coordinates":[[159.5,15.43],[158.39,16.0],[157.93,16.75],[157.8,17.5],[158.39,18.75],[159.5,19.27],[161.01,18.75],[161.69,17.75],[161.82,17.0],[161.68,16.25],[161.25,15.71],[160.75,15.45],[159.5,15.43]]}},{"type":"Feature","properties":{"level":996},"geometry":{"type":"LineString","coordinates":[[140.0,17.49],[139.25,17.8],[138.84,18.5],[139.02,19.25],[139.75,19.7],[140.5,19.55],[141.07,18.75],[140.75,17.87],[140.0,17.49]]}},{"type":"Feature","properties":{"level":996},"geometry":{"type":"LineString","coordinates":[[-100.25,44.45],[-100.46,44.75],[-99.5,45.42],[-98.5,45.66],[-97.87,45.5],[-98.98,44.75],[-100.25,44.45]]}},{"type":"Feature","properties":{"level":996},"geometry":{"type":"LineString","coordinates":[[-93.75,52.25],[-97.5,53.02],[-98.13,53.25],[-98.24,53.75],[-97.5,54.29],[-96.5,54.55],[-93.75,54.08],[-92.66,53.5],[-92.27,52.75],[-92.75,52.31],[-93.75,52.25]]}},{"type":"Feature","properties":{"level":996},"geometry":{"type":"LineString","coordinates":[[-46.25,52.74],[-50.25,53.59],[-52.06,54.5],[-52.74,55.25],[-53.05,58.0],[-52.32,61.25],[-52.57,62.0],[-52.3,62.75],[-52.53,63.25],[-52.23,64.0],[-51.75,64.24],[-51.25,64.14],[-50.25,63.23],[-49.25,63.35],[-48.5,63.0],[-48.54,62.5],[-48.25,62.33],[-44.25,61.6],[-43.75,60.9],[-41.25,61.75],[-37.75,62.36],[-35.66,62.25],[-33.52,61.75],[-29.75,59.5],[-28.92,58.0],[-28.84,57.0],[-29.55,56.5],[-29.89,55.5],[-30.5,54.99],[-31.75,54.46],[-35.75,53.99],[-41.5,52.76],[-46.25,52.74]]}},{"type":"Feature","properties":{"level":996},"geometry":{"type":"LineString","coordinates":[[180.0,56.1],[176.0,56.68],[172.75,57.66],[170.0,59.41],[169.59,60.5],[169.61,60.75],[170.27,61.25],[171.25,61.56],[172.0,61.44],[173.26,62.25],[173.32,62.5],[172.78,63.0],[169.92,64.75],[170.44,65.75],[171.08,66.25],[171.01,66.75],[171.23,67.0],[173.64,68.75],[173.89,69.25],[175.75,70.14],[178.5,70.72],[180.0,70.79]]}},{"type":"Feature","properties":{"level":996},"geometry":{"type":"LineString","coordinates":[[13.25,58.99],[12.0,59.09],[10.8,59.5],[11.75,59.94],[11.7,60.25],[12.0,60.44],[13.77,60.75],[13.17,61.0],[13.13,61.25],[13.43,61.5],[16.25,61.72],[17.12,62.75],[18.17,63.5],[19.75,64.17],[21.25,64.46],[23.25,64.39],[28.68,63.5],[30.25,63.45],[31.75,63.95],[34.2,65.25],[35.96,65.75],[38.0,66.12],[43.75,66.41],[47.19,66.0],[51.53,65.0],[52.16,64.75],[53.19,63.5],[48.5,63.29],[48.02,63.0],[45.5,62.63],[44.0,61.93],[43.0,61.74],[42.7,61.75],[42.5,62.25],[40.94,61.75],[36.0,61.18],[34.78,61.25],[34.36,61.0],[34.25,59.99],[33.25,59.65],[29.0,59.63],[23.5,59.22],[17.5,59.28],[15.0,58.85],[13.25,58.99]]}},{"type":"Feature","properties":{"level":996},"geometry":{"type":"LineString","coordinates":[[3.5,63.19],[1.49,64.25],[0.46,65.75],[-0.01,67.5],[0.11,68.5],[0.6,69.5],[2.5,70.93],[5.0,71.92],[7.5,72.43],[11.36,72.5],[12.67,72.25],[13.67,71.75],[13.52,71.0],[13.86,70.5],[15.55,69.25],[15.65,69.0],[15.0,68.76],[15.1,68.5],[14.57,68.25],[15.11,68.0],[14.8,67.5],[13.27,66.5],[12.55,65.25],[11.19,64.25],[11.0,63.76],[7.75,63.2],[3.5,63.19]]}},{"type":"Feature","properties":{"level":996},"geometry":{"type":"LineString","coordinates":[[-180.0,70.79],[-173.24,70.5],[-170.5,70.04],[-166.25,68.88],[-161.0,66.21],[-159.4,64.75],[-159.48,64.25],[-158.97,63.0],[-159.14,62.0],[-159.5,61.39],[-160.9,60.0],[-162.75,58.66],[-165.25,57.53],[-168.75,56.64],[-173.0,56.04],[-176.25,55.87],[-180.0,56.1]]}},{"type":"Feature","properties":{"level":996},"geometry":{"type":"LineString","coordinates":[[7.5,81.23],[3.63,82.0],[2.49,82.5],[2.02,83.0],[2.06,83.25],[2.72,83.75],[4.4,84.25],[9.25,84.85],[18.25,85.21],[29.75,85.29],[51.0,84.68],[59.63,83.75],[62.79,83.0],[44.25,83.55],[29.25,83.49],[23.02,83.0],[22.13,82.75],[20.45,81.75],[18.11,81.25],[11.5,81.04],[7.5,81.23]]}},{"type":"Feature","properties":{"level":1000},"geometry":{"type":"LineString","coordinates":[[180.0,-88.12],[177.25,-87.8],[154.5,-87.47],[151.67,-87.25],[151.25,-86.99],[148.5,-86.61],[148.22,-86.5],[148.41,-85.75],[150.0,-85.36],[160.51,-85.0],[159.5,-84.71],[157.75,-84.64],[150.75,-85.17],[148.49,-84.75],[148.75,-84.48],[157.25,-84.0],[151.61,-83.5],[150.75,-82.98],[147.9,-82.0],[148.1,-81.25],[149.0,-80.36],[152.66,-79.5],[151.97,-79.0],[151.86,-78.5],[153.1,-77.75],[147.75,-75.99],[141.75,-74.88],[140.25,-74.91],[138.25,-74.07],[136.7,-74.75],[133.25,-74.05],[130.0,-73.67],[128.5,-73.76],[121.75,-72.63],[113.0,-72.11],[106.25,-70.74],[103.5,-71.18],[94.75,-71.49],[92.25,-72.19],[91.42,-72.75],[91.6,-73.25],[92.33,-73.75],[92.08,-74.0],[92.34,-74.25],[91.8,-74.5],[91.94,-74.75],[91.36,-75.25],[90.69,-75.5],[91.0,-76.0],[90.92,-76.25],[88.5,-77.38],[83.25,-77.84],[77.25,-77.58],[67.0,-76.36],[63.26,-75.25],[60.75,-72.9],[58.0,-72.21],[49.75,-73.23],[46.5,-73.11],[38.0,-72.2],[35.25,-72.67],[32.25,-72.55],[31.0,-72.73],[28.5,-72.12],[25.25,-72.45],[24.25,-72.82],[12.75,-72.07],[11.75,-72.52],[7.75,-72.34],[5.5,-72.71],[1.5,-72.71],[-2.75,-73.35],[-5.0,-74.13],[-7.0,-74.2],[-8.27,-74.75],[-7.75,-75.06],[-1.13,-76.5],[-0.26,-77.25],[-0.09,-77.75],[0.5,-77.87],[2.25,-77.6],[5.75,-76.32],[7.0,-76.2],[15.25,-77.75],[16.37,-78.25],[15.0,-78.48],[6.5,-78.35],[3.25,-78.63],[1.0,-79.8],[-1.44,-80.5],[-1.0,-80.95],[2.02,-81.25],[-3.0,-81.77],[-7.75,-81.8],[-9.25,-82.1],[-9.75,-82.5],[-8.5,-82.81],[-4.0,-83.08],[-3.15,-83.25],[-3.3,-83.5],[-23.75,-85.24],[-38.25,-85.57],[-52.0,-85.07],[-57.75,-85.13],[-61.0,-84.79],[-68.0,-85.09],[-72.12,-84.75],[-72.76,-84.5],[-72.36,-84.25],[-72.95,-84.0],[-79.74,-83.5],[-79.72,-83.25],[-79.11,-83.0],[-80.5,-82.45],[-84.75,-82.79],[-87.0,-83.49],[-88.0,-83.44],[-88.36,-83.25],[-87.8,-83.0],[-90.0,-82.45],[-90.9,-82.5],[-91.5,-82.98],[-91.5,-83.28],[-93.88,-83.0],[-93.61,-82.75],[-94.75,-82.22],[-99.75,-82.97],[-101.25,-83.64],[-105.03,-84.0],[-103.5,-84.36],[-98.65,-84.5],[-100.66,-85.0],[-106.64,-85.25],[-104.0,-85.34],[-101.7,-85.75],[-102.12,-86.0],[-105.0,-86.37],[-109.75,-86.5],[-118.75,-86.28],[-125.25,-86.52],[-125.5,-86.5],[-124.62,-86.25],[-128.0,-86.14],[-138.0,-86.48],[-138.23,-86.5],[-134.46,-86.75],[-141.75,-87.02],[-158.25,-86.72],[-158.81,-86.75],[-156.6,-87.0],[-156.59,-87.25],[-160.75,-87.33],[-165.41,-87.25],[-164.0,-87.11],[-160.82,-86.25],[-161.25,-86.16],[-171.75,-85.96],[-175.92,-86.25],[-164.06,-86.5],[-166.75,-86.62],[-168.5,-87.07],[-174.5,-86.81],[-180.0,-87.23]]}},{"type":"Feature","properties":{"level":1000},"geometry":{"type":"LineString","coordinates":[[-180.0,-87.86],[-170.2,-88.0],[-167.93,-88.25],[-174.75,-88.33],[-180.0,-88.12]]}},{"type":"Feature","properties":{"level":1000},"geometry":{"type":"LineString","coordinates":[[180.0,-87.23],[178.18,-87.5],[178.25,-87.76],[180.0,-87.86]]}},{"type":"Feature","properties":{"level":1000},"geometry":{"type":"LineString","coordinates":[[-92.0,-84.77],[-92.21,-84.75],[-88.98,-84.75],[-90.25,-84.95],[-92.0,-84.77]]}},{"type":"Feature","properties":{"level":1000},"geometry":{"type":"LineString","coordinates":[[-96.75,-84.28],[-96.9,-84.25],[-94.09,-84.25],[-96.75,-84.28]]}},{"type":"Feature","properties":{"level":1000},"geometry":{"type":"LineString","coordinates":[[-52.64,-84.0],[-51.25,-84.05],[-49.55,-83.75],[-51.25,-83.68],[-52.64,-84.0]]}},{"type":"Feature","properties":{"level":1000},"geometry":{"type":"LineString","coordinates":[[-91.5,-83.8],[-91.73,-83.75],[-91.25,-83.56],[-90.42,-83.75],[-91.5,-83.8]]}},{"type":"Feature","properties":{"level":1000},"geometry":{"type":"LineString","coordinates":[[-82.58,-82.0],[-81.07,-82.0],[-81.5,-81.79],[-82.58,-82.0]]}},{"type":"Feature","properties":{"level":1000},"geometry":{"type":"LineString","coordinates":[[-85.06,-81.0],[-82.95,-81.0],[-84.75,-80.76],[-85.06,-81.0]]}},{"type":"Feature","properties":{"level":1000},"geometry":{"type":"LineString","coordinates":[[-84.48,-80.25],[-83.5,-80.41],[-81.83,-80.25],[-84.48,-80.25]]}},{"type":"Feature","properties":{"level":1000},"geometry":{"type":"LineString","coordinates":[[-68.94,-74.5],[-67.54,-74.5],[-68.25,-74.31],[-68.94,-74.5]]}},{"type":"Feature","properties":{"level":1000},"geometry":{"type":"LineString","coordinates":[[-66.28,-73.75],[-64.74,-73.75],[-66.0,-73.43],[-66.3,-73.5],[-66.28,-73.75]]}},{"type":"Feature","properties":{"level":1000},"geometry":{"type":"LineString","coordinates":[[-7.01,-73.75],[-5.62,-73.75],[-7.01,-73.75]]}},{"type":"Feature","properties":{"level":1000},"geometry":{"type":"LineString","coordinates":[[-5.31,-73.5],[-3.5,-73.38],[-3.12,-73.0],[-3.87,-72.75],[-5.31,-73.5]]}},{"type":"Feature","properties":{"level":1000},"geometry":{"type":"LineString","coordinates":[[-64.82,-73.0],[-64.0,-73.18],[-63.49,-73.0],[-64.25,-72.68],[-64.82,-73.0]]}},{"type":"Feature","properties":{"level":1000},"geometry":{"type":"LineString","coordinates":[[-64.62,-72.0],[-63.54,-72.0],[-64.62,-72.0]]}},{"type":"Feature","properties":{"level":1000},"geometry":{"type":"LineString","coordinates":[[-180.0,-57.02],[-174.75,-56.79],[-168.35,-56.0],[-149.25,-52.99],[-145.5,-52.69],[-143.5,-52.11],[-142.08,-51.5],[-139.75,-49.42],[-138.65,-47.25],[-137.5,-42.87],[-135.79,-40.0],[-134.5,-39.47],[-131.75,-38.92],[-127.75,-38.96],[-124.25,-39.69],[-123.25,-39.66],[-121.81,-40.5],[-119.5,-41.18],[-116.42,-42.75],[-109.34,-45.75],[-102.0,-48.34],[-96.97,-50.75],[-93.25,-53.39],[-91.5,-54.29],[-91.0,-54.39],[-90.25,-53.86],[-90.0,-53.97],[-89.39,-54.75],[-87.35,-58.75],[-87.61,-60.25],[-87.03,-61.75],[-85.25,-63.59],[-83.5,-64.53],[-79.75,-65.67],[-70.75,-66.66],[-68.75,-67.23],[-68.0,-66.91],[-66.0,-67.04],[-62.0,-64.94],[-58.25,-63.7],[-55.0,-63.22],[-53.75,-63.42],[-52.13,-64.0],[-51.51,-64.5],[-51.38,-65.25],[-51.82,-66.5],[-51.61,-67.25],[-50.98,-68.0],[-48.09,-70.25],[-47.3,-71.25],[-47.24,-71.5],[-47.82,-72.5],[-47.73,-72.75],[-44.5,-73.05],[-42.5,-72.54],[-39.75,-71.17],[-37.5,-69.9],[-35.65,-68.5],[-34.36,-66.25],[-33.73,-64.0],[-33.89,-63.5],[-33.44,-63.0],[-33.64,-62.5],[-33.04,-59.75],[-31.46,-56.5],[-30.16,-54.75],[-24.9,-49.75],[-22.42,-48.0],[-20.5,-47.05],[-16.25,-45.8],[-12.25,-45.19],[-10.25,-44.4],[-8.79,-42.5],[-7.39,-39.75],[-6.34,-38.5],[-2.25,-35.87],[-0.75,-35.42],[-0.57,-35.25],[-0.75,-34.26],[2.44,-36.75],[4.97,-40.25],[5.24,-41.5],[6.25,-42.89],[7.24,-45.25],[7.37,-46.0],[7.04,-46.75],[7.29,-47.25],[7.23,-49.0],[7.75,-49.79],[9.78,-50.5],[11.69,-52.5],[12.33,-53.75],[12.11,-55.5],[12.92,-57.25],[16.95,-60.0],[22.0,-62.63],[25.25,-63.75],[29.0,-64.4],[32.75,-64.65],[36.5,-64.51],[41.5,-63.83],[44.25,-63.1],[48.75,-60.6],[50.75,-58.91],[52.21,-57.25],[54.36,-55.75],[57.25,-54.52],[60.75,-53.55],[65.75,-52.53],[71.75,-51.72],[84.5,-50.54],[88.25,-49.8],[91.25,-48.93],[95.25,-48.41],[102.5,-48.44],[117.75,-49.32],[124.75,-49.29],[128.25,-49.61],[131.75,-50.37],[139.25,-50.18],[140.75,-49.89],[142.25,-50.35],[146.0,-52.13],[148.75,-52.91],[152.5,-53.45],[157.25,-53.67],[165.99,-55.5],[172.0,-56.43],[180.0,-57.02]]}},{"type":"Feature","properties":{"level":1000},"geometry":{"type":"LineString","coordinates":[[-86.5,-52.26],[-88.5,-51.85],[-89.83,-50.5],[-90.0,-49.75],[-89.87,-49.0],[-88.47,-46.75],[-87.0,-45.76],[-85.5,-45.51],[-82.5,-46.55],[-81.5,-47.26],[-81.0,-47.85],[-80.97,-48.5],[-82.33,-50.25],[-82.73,-51.5],[-86.5,-52.26]]}},{"type":"Feature","properties":{"level":1000},"geometry":{"type":"LineString","coordinates":[[160.25,14.45],[159.09,14.75],[157.12,16.25],[156.93,16.75],[156.83,17.75],[157.15,18.5],[158.0,19.5],[158.75,19.9],[159.75,20.02],[160.75,19.79],[161.9,18.75],[162.34,17.5],[162.31,16.25],[161.75,15.17],[160.25,14.45]]}},{"type":"Feature","properties":{"level":1000},"geometry":{"type":"LineString","coordinates":[[139.75,16.74],[139.15,17.0],[138.53,17.75],[138.32,18.75],[139.0,19.87],[140.0,20.15],[141.01,19.75],[141.61,18.5],[141.0,17.14],[140.4,16.75],[139.75,16.74]]}},{"type":"Feature","properties":{"level":1000},"geometry":{"type":"LineString","coordinates":[[-102.0,42.37],[-102.08,42.75],[-101.74,43.0],[-101.95,43.25],[-102.75,42.82],[-103.25,42.91],[-104.5,43.33],[-104.5,43.95],[-103.75,43.59],[-103.36,44.0],[-103.34,44.75],[-102.32,46.0],[-99.25,47.01],[-98.75,47.66],[-97.25,48.33],[-95.54,48.75],[-97.8,51.25],[-100.86,53.0],[-100.66,53.25],[-101.25,54.0],[-100.3,55.0],[-98.5,55.64],[-96.75,55.8],[-93.5,55.49],[-90.0,54.54],[-89.28,54.25],[-88.41,53.5],[-87.68,52.5],[-87.69,51.75],[-86.53,50.75],[-86.81,50.25],[-88.93,49.0],[-93.89,47.5],[-95.5,45.55],[-95.82,44.75],[-96.98,44.75],[-98.0,43.5],[-99.94,42.75],[-102.0,42.37]]}},{"type":"Feature","properties":{"level":1000},"geometry":{"type":"LineString","coordinates":[[-45.25,51.73],[-48.75,52.29],[-52.0,53.33],[-54.02,54.5],[-54.93,55.5],[-56.31,60.25],[-56.3,61.25],[-56.67,62.25],[-56.52,63.25],[-57.0,64.5],[-56.65,65.5],[-55.36,66.75],[-54.44,67.25],[-53.75,67.3],[-53.56,67.0],[-52.79,66.75],[-52.75,66.38],[-52.5,66.57],[-51.75,66.26],[-52.25,66.05],[-52.35,65.75],[-51.75,65.38],[-50.52,65.5],[-49.75,66.15],[-48.58,65.0],[-48.28,63.75],[-47.75,63.47],[-47.31,62.75],[-43.75,61.71],[-42.75,61.73],[-40.74,62.5],[-38.0,62.93],[-34.75,62.92],[-33.0,62.63],[-28.75,60.11],[-27.32,58.75],[-26.67,57.75],[-26.62,57.0],[-27.23,56.0],[-30.5,52.84],[-31.5,52.25],[-32.5,52.09],[-36.0,52.38],[-41.0,51.68],[-45.25,51.73]]}},{"type":"Feature","properties":{"level":1000},"geometry":{"type":"LineString","coordinates":[[180.0,54.35],[174.75,54.53],[173.0,55.01],[170.75,56.25],[169.0,57.75],[167.96,59.0],[167.36,60.25],[168.25,61.36],[170.72,62.25],[169.25,62.66],[168.25,62.58],[167.46,63.0],[167.21,63.5],[167.28,64.0],[168.15,64.5],[167.88,65.5],[169.13,66.0],[169.25,66.98],[170.36,67.75],[170.37,69.0],[170.63,69.5],[174.0,70.97],[180.0,72.01]]}},{"type":"Feature","properties":{"level":1000},"geometry":{"type":"LineString","coordinates":[[14.75,57.5],[11.0,57.9],[8.1,58.75],[7.65,59.25],[8.46,59.75],[8.21,60.0],[8.32,60.75],[7.93,61.0],[8.69,61.5],[7.75,62.2],[7.25,62.07],[6.25,62.25],[5.0,62.02],[3.0,62.2],[0.43,63.5],[-1.25,65.5],[-1.93,67.0],[-2.04,68.25],[-1.39,69.75],[0.25,71.17],[2.25,72.44],[5.25,73.74],[11.25,74.56],[19.25,76.51],[22.5,76.93],[25.99,77.0],[27.5,76.44],[28.54,75.75],[28.44,75.25],[27.79,74.5],[27.86,74.0],[26.59,72.75],[25.97,71.5],[24.85,70.75],[22.25,70.1],[20.25,68.96],[19.64,69.0],[19.18,68.75],[19.31,68.25],[16.71,68.0],[15.5,66.84],[14.85,66.75],[14.76,66.5],[15.27,66.25],[14.51,66.0],[15.28,65.0],[15.75,64.84],[17.36,65.0],[19.5,66.09],[28.25,65.68],[38.0,67.23],[43.75,67.33],[48.0,67.12],[49.0,66.69],[52.85,66.0],[55.0,65.23],[56.05,64.0],[56.22,63.25],[56.19,62.5],[55.75,61.74],[54.5,62.07],[52.75,62.04],[50.0,61.37],[48.5,60.74],[42.67,59.75],[40.61,59.0],[40.36,58.75],[40.25,57.94],[39.5,57.65],[32.75,58.23],[14.75,57.5]]}},{"type":"Feature","properties":{"level":1000},"geometry":{"type":"LineString","coordinates":[[17.75,65.9],[17.51,66.0],[17.95,66.0],[17.75,65.9]]}},{"type":"Feature","properties":{"level":1000},"geometry":{"type":"LineString","coordinates":[[-180.0,72.01],[-170.0,72.44],[-160.06,71.0],[-157.32,70.0],[-158.12,69.75],[-159.5,68.8],[-160.91,68.5],[-160.79,68.25],[-159.47,67.5],[-159.55,67.25],[-157.75,66.42],[-157.61,66.25],[-157.79,66.0],[-157.51,65.75],[-156.32,65.25],[-155.69,63.75],[-156.47,62.75],[-157.05,61.0],[-158.42,59.5],[-159.17,59.0],[-159.28,58.5],[-162.0,57.06],[-164.75,56.19],[-169.3,55.25],[-174.0,54.66],[-180.0,54.35]]}},{"type":"Feature","properties":{"level":1000},"geometry":{"type":"LineString","coordinates":[[8.0,80.24],[3.75,80.59],[-1.25,81.53],[-6.86,83.5],[-8.55,84.5],[-8.77,85.0],[-7.25,85.49],[-5.18,85.75],[7.25,86.3],[26.75,86.49],[44.75,86.24],[55.0,85.84],[63.5,85.19],[72.9,83.75],[74.59,83.25],[75.18,82.75],[72.75,81.91],[71.0,81.63],[47.25,81.96],[37.0,81.56],[16.25,80.13],[8.0,80.24]]}},{"type":"Feature","properties":{"level":1004},"geometry":{"type":"LineString","coordinates":[[180.0,-88.57],[158.25,-88.31],[143.25,-87.64],[141.98,-87.25],[146.91,-86.25],[147.2,-86.0],[147.02,-85.75],[147.45,-85.5],[147.41,-85.25],[147.0,-85.14],[143.85,-84.75],[144.75,-84.38],[147.08,-84.0],[143.75,-83.78],[142.86,-83.5],[144.81,-83.25],[144.95,-83.0],[144.35,-82.0],[145.3,-81.5],[145.4,-81.0],[147.77,-79.25],[147.66,-78.5],[146.2,-77.75],[144.25,-77.38],[131.9,-76.25],[126.75,-74.92],[126.14,-74.5],[127.67,-74.25],[124.47,-73.5],[114.75,-73.01],[106.0,-71.52],[94.97,-72.5],[93.86,-73.25],[95.44,-73.75],[94.98,-74.25],[97.22,-75.75],[97.43,-76.0],[97.27,-76.25],[91.0,-77.61],[85.25,-78.1],[79.0,-77.98],[65.75,-76.75],[63.42,-75.75],[61.48,-75.25],[61.11,-75.0],[60.61,-73.75],[59.05,-73.0],[57.75,-72.77],[53.75,-73.3],[50.5,-73.44],[38.25,-72.61],[35.25,-72.96],[31.0,-72.94],[28.5,-72.42],[25.75,-72.64],[24.5,-73.04],[18.75,-72.89],[17.25,-72.54],[15.0,-72.5],[12.25,-72.84],[6.75,-72.59],[2.5,-73.6],[-0.75,-73.37],[-3.25,-73.75],[-3.43,-74.25],[-5.25,-74.44],[-5.36,-75.0],[1.25,-76.36],[2.5,-76.24],[4.25,-75.44],[7.25,-75.45],[10.75,-76.28],[17.75,-77.31],[19.99,-78.0],[20.75,-78.62],[19.0,-78.95],[10.25,-78.66],[4.75,-78.8],[3.7,-79.25],[3.41,-79.5],[3.55,-79.75],[6.31,-81.0],[6.32,-81.25],[3.77,-82.25],[4.59,-82.5],[4.59,-82.75],[4.3,-83.25],[4.44,-83.5],[3.7,-83.75],[-19.5,-86.16],[-45.0,-86.13],[-57.75,-85.67],[-67.47,-86.25],[-72.75,-86.27],[-73.0,-86.25],[-70.25,-86.09],[-68.88,-85.5],[-79.75,-84.68],[-80.5,-84.42],[-83.01,-84.25],[-85.0,-83.63],[-86.73,-84.0],[-86.35,-84.75],[-86.5,-84.82],[-88.8,-85.0],[-88.01,-85.25],[-89.25,-85.45],[-94.77,-85.25],[-92.68,-85.0],[-94.41,-84.75],[-92.91,-84.5],[-94.0,-84.42],[-94.75,-84.7],[-97.14,-84.75],[-95.54,-85.0],[-96.0,-85.07],[-102.13,-85.25],[-100.3,-85.75],[-100.75,-86.03],[-105.25,-86.53],[-125.5,-86.87],[-132.25,-87.38],[-149.38,-87.25],[-147.5,-87.0],[-149.0,-86.95],[-154.25,-87.46],[-167.5,-87.48],[-168.96,-87.75],[-161.13,-88.25],[-159.93,-88.5],[-180.0,-88.57]]}},{"type":"Feature","properties":{"level":1004},"geometry":{"type":"LineString","coordinates":[[-175.76,-87.25],[-174.17,-87.25],[-175.76,-87.25]]}},{"type":"Feature","properties":{"level":1004},"geometry":{"type":"LineString","coordinates":[[-135.82,-86.5],[-128.99,-86.5],[-135.82,-86.5]]}},{"type":"Feature","properties":{"level":1004},"geometry":{"type":"LineString","coordinates":[[-163.42,-86.25],[-161.34,-86.25],[-163.42,-86.25]]}},{"type":"Feature","properties":{"level":1004},"geometry":{"type":"LineString","coordinates":[[-101.9,-84.0],[-97.78,-84.0],[-101.9,-84.0]]}},{"type":"Feature","properties":{"level":1004},"geometry":{"type":"LineString","coordinates":[[-95.88,-83.75],[-94.75,-83.95],[-93.15,-83.75],[-93.31,-83.5],[-96.5,-82.95],[-97.95,-83.0],[-99.31,-83.5],[-95.88,-83.75]]}},{"type":"Feature","properties":{"level":1004},"geometry":{"type":"LineString","coordinates":[[-59.75,-63.54],[-59.99,-63.5],[-59.24,-63.5],[-59.75,-63.54]]}},{"type":"Feature","properties":{"level":1004},"geometry":{"type":"LineString","coordinates":[[-180.0,-55.82],[-171.75,-55.37],[-164.0,-54.48],[-145.75,-51.02],[-143.5,-49.83],[-142.14,-48.5],[-141.2,-47.0],[-139.14,-41.75],[-137.75,-39.66],[-136.26,-38.75],[-132.5,-37.47],[-131.25,-37.27],[-127.25,-37.29],[-121.75,-38.7],[-107.0,-44.68],[-100.25,-46.97],[-94.0,-49.46],[-93.0,-49.43],[-92.03,-49.0],[-89.32,-46.25],[-87.25,-45.16],[-84.5,-44.96],[-82.5,-45.39],[-81.25,-45.95],[-80.25,-46.7],[-79.69,-47.5],[-79.38,-49.5],[-80.88,-52.25],[-83.16,-55.25],[-84.08,-57.25],[-84.09,-57.75],[-83.3,-59.75],[-82.92,-61.75],[-81.25,-63.06],[-79.79,-63.75],[-76.25,-64.49],[-70.25,-65.01],[-67.0,-65.03],[-65.25,-64.8],[-64.0,-64.98],[-63.25,-64.2],[-63.11,-64.5],[-63.68,-65.0],[-63.25,-65.27],[-61.99,-64.5],[-61.89,-64.25],[-62.25,-64.43],[-62.58,-64.0],[-62.0,-63.69],[-61.25,-63.63],[-60.75,-64.28],[-60.31,-64.0],[-60.25,-63.67],[-60.17,-64.0],[-59.9,-64.0],[-59.07,-63.75],[-58.75,-63.29],[-56.72,-63.0],[-55.75,-62.57],[-52.5,-62.55],[-48.25,-63.45],[-47.71,-64.0],[-46.74,-66.0],[-45.25,-66.83],[-41.25,-66.88],[-39.75,-66.46],[-38.01,-65.5],[-37.0,-64.12],[-33.79,-57.5],[-32.33,-55.25],[-25.63,-48.5],[-21.75,-46.22],[-18.0,-44.87],[-13.25,-43.65],[-12.0,-42.99],[-10.51,-41.75],[-8.35,-38.75],[-5.75,-36.25],[-1.75,-33.71],[-1.75,-32.76],[1.25,-34.11],[2.75,-35.07],[4.75,-37.39],[6.99,-41.0],[7.98,-44.0],[9.26,-46.75],[9.37,-47.5],[11.55,-50.0],[13.24,-51.25],[14.14,-52.25],[14.72,-54.0],[14.93,-56.0],[15.75,-57.0],[18.49,-58.75],[23.0,-61.12],[26.0,-62.26],[29.25,-62.95],[33.5,-63.21],[36.5,-63.13],[39.0,-62.82],[42.75,-61.97],[46.5,-60.07],[51.52,-56.0],[55.5,-54.13],[58.75,-53.15],[65.25,-51.79],[71.5,-50.86],[82.0,-49.78],[86.96,-48.75],[91.25,-47.54],[92.5,-47.45],[99.0,-47.4],[117.0,-48.04],[124.5,-47.91],[131.25,-48.63],[136.75,-47.86],[137.25,-47.39],[150.25,-51.17],[158.25,-52.05],[166.69,-54.0],[173.0,-55.18],[180.0,-55.82]]}},{"type":"Feature","properties":{"level":1004},"geometry":{"type":"LineString","coordinates":[[-40.75,-32.26],[-41.75,-32.14],[-42.41,-31.75],[-42.79,-31.0],[-42.5,-30.35],[-41.75,-29.95],[-41.09,-30.25],[-39.75,-32.25],[-40.75,-32.26]]}},{"type":"Feature","properties":{"level":1004},"geometry":{"type":"LineString","coordinates":[[125.75,-30.05],[124.82,-29.5],[124.25,-28.83],[123.75,-28.75],[124.0,-28.52],[124.75,-28.95],[125.25,-28.8],[125.84,-29.0],[126.37,-29.75],[126.0,-30.17],[125.75,-30.05]]}},{"type":"Feature","properties":{"level":1004},"geometry":{"type":"LineString","coordinates":[[-56.0,-4.27],[-55.75,-4.25],[-56.0,-4.27]]}},{"type":"Feature","properties":{"level":1004},"geometry":{"type":"LineString","coordinates":[[-57.5,-4.08],[-57.9,-3.75],[-57.75,-3.34],[-57.07,-3.75],[-57.5,-4.08]]}},{"type":"Feature","properties":{"level":1004},"geometry":{"type":"LineString","coordinates":[[-57.0,-2.77],[-56.68,-2.75],[-57.0,-2.77]]}},{"type":"Feature","properties":{"level":1004},"geometry":{"type":"LineString","coordinates":[[159.0,12.97],[156.31,14.0],[154.89,16.0],[154.52,17.5],[155.12,19.0],[156.65,20.5],[158.25,21.16],[160.5,21.25],[162.02,20.75],[163.16,19.0],[163.32,15.75],[162.76,14.25],[161.75,13.24],[160.75,12.88],[159.0,12.97]]}},{"type":"Feature","properties":{"level":1004},"geometry":{"type":"LineString","coordinates":[[-103.5,13.73],[-103.71,14.5],[-103.0,14.74],[-102.7,14.5],[-102.64,14.0],[-103.0,13.69],[-103.5,13.73]]}},{"type":"Feature","properties":{"level":1004},"geometry":{"type":"LineString","coordinates":[[-94.5,14.07],[-94.68,14.5],[-94.25,14.67],[-94.04,14.25],[-94.5,14.07]]}},{"type":"Feature","properties":{"level":1004},"geometry":{"type":"LineString","coordinates":[[138.75,14.73],[137.68,15.25],[137.05,16.0],[136.48,18.0],[136.78,18.25],[136.95,19.5],[137.5,20.25],[139.0,21.03],[140.75,21.22],[141.66,21.0],[143.5,19.34],[143.86,18.25],[143.85,17.25],[143.25,16.18],[141.5,14.89],[140.25,14.56],[138.75,14.73]]}},{"type":"Feature","properties":{"level":1004},"geometry":{"type":"LineString","coordinates":[[-124.25,25.49],[-124.87,26.25],[-124.59,27.5],[-123.75,27.9],[-122.75,27.86],[-122.17,27.0],[-122.34,26.0],[-123.25,25.34],[-124.25,25.49]]}},{"type":"Feature","properties":{"level":1004},"geometry":{"type":"LineString","coordinates":[[177.5,29.25],[177.18,29.5],[177.25,29.72],[177.75,29.59],[177.5,29.25]]}},{"type":"Feature","properties":{"level":1004},"geometry":{"type":"LineString","coordinates":[[-114.5,30.76],[-114.5,31.15],[-114.5,30.76]]}},{"type":"Feature","properties":{"level":1004},"geometry":{"type":"LineString","coordinates":[[-115.25,33.75],[-115.07,34.0],[-115.44,34.25],[-115.25,34.31],[-114.22,34.0],[-115.25,33.75]]}},{"type":"Feature","properties":{"level":1004},"geometry":{"type":"LineString","coordinates":[[-115.75,34.41],[-115.42,34.5],[-115.5,34.29],[-115.75,34.41]]}},{"type":"Feature","properties":{"level":1004},"geometry":{"type":"LineString","coordinates":[[-114.75,35.5],[-115.25,36.0],[-115.07,36.75],[-115.45,37.0],[-115.25,37.2],[-114.5,36.99],[-114.0,37.1],[-114.32,36.25],[-114.22,36.0],[-114.75,35.5]]}},{"type":"Feature","properties":{"level":1004},"geometry":{"type":"LineString","coordinates":[[-116.75,35.72],[-117.48,37.0],[-116.75,37.04],[-116.25,36.79],[-115.5,36.95],[-115.49,36.5],[-116.0,36.62],[-116.25,35.58],[-116.75,35.72]]}},{"type":"Feature","properties":{"level":1004},"geometry":{"type":"LineString","coordinates":[[-104.25,37.69],[-104.92,38.25],[-104.75,38.74],[-104.2,39.0],[-104.29,39.25],[-104.5,39.56],[-105.0,39.59],[-105.3,40.25],[-105.22,40.75],[-104.69,41.0],[-104.33,41.5],[-105.0,41.55],[-105.75,42.57],[-107.0,42.36],[-107.43,42.5],[-107.5,42.78],[-107.75,42.47],[-108.75,42.68],[-109.16,43.25],[-108.92,43.75],[-109.44,45.25],[-110.25,45.65],[-111.4,45.75],[-110.5,46.01],[-109.5,45.86],[-109.18,46.0],[-109.07,46.5],[-108.75,46.18],[-108.12,46.5],[-107.75,47.33],[-108.5,47.49],[-110.0,47.34],[-110.0,47.72],[-109.75,47.9],[-108.75,47.83],[-108.5,47.57],[-106.5,48.37],[-104.5,48.75],[-103.25,48.56],[-102.61,48.75],[-102.33,50.75],[-104.86,52.5],[-105.49,53.5],[-105.0,54.54],[-104.25,54.46],[-103.4,55.75],[-102.37,56.25],[-99.75,56.75],[-96.75,56.84],[-92.35,56.5],[-87.25,55.11],[-86.5,54.14],[-86.0,54.04],[-85.96,53.75],[-85.25,53.25],[-84.89,52.0],[-84.2,51.25],[-84.16,50.5],[-84.57,49.75],[-87.2,48.75],[-87.27,48.25],[-88.0,47.46],[-92.0,46.15],[-94.75,43.85],[-95.95,43.5],[-97.25,42.41],[-98.86,41.75],[-100.75,40.5],[-100.91,40.0],[-101.5,39.51],[-103.19,39.0],[-102.54,38.0],[-102.8,37.75],[-103.75,37.55],[-104.25,37.69]]}},{"type":"Feature","properties":{"level":1004},"geometry":{"type":"LineString","coordinates":[[-113.25,38.76],[-113.85,39.5],[-113.66,39.75],[-113.93,40.5],[-112.75,41.2],[-112.25,41.08],[-112.24,40.75],[-112.82,40.5],[-113.1,39.75],[-112.38,39.5],[-112.43,39.25],[-113.25,38.76]]}},{"type":"Feature","properties":{"level":1004},"geometry":{"type":"LineString","coordinates":[[-113.25,43.21],[-113.5,43.26],[-113.54,43.75],[-112.85,44.5],[-113.07,45.0],[-112.91,45.25],[-112.25,45.55],[-111.54,45.25],[-111.8,44.5],[-111.05,44.25],[-111.09,44.0],[-112.5,43.04],[-113.25,43.21]]}},{"type":"Feature","properties":{"level":1004},"geometry":{"type":"LineString","coordinates":[[-43.0,50.23],[-48.5,51.1],[-53.0,52.39],[-55.25,53.48],[-56.72,54.75],[-60.5,60.94],[-60.89,64.0],[-59.71,66.0],[-58.01,67.75],[-56.3,70.0],[-55.75,70.32],[-54.75,70.43],[-54.46,70.0],[-54.75,70.01],[-54.81,69.75],[-54.25,69.53],[-50.25,69.67],[-49.0,69.05],[-48.79,68.25],[-47.76,66.75],[-47.68,66.0],[-47.12,65.25],[-47.4,64.75],[-46.33,63.75],[-45.75,63.5],[-44.75,62.29],[-42.75,62.17],[-42.15,62.75],[-38.0,63.61],[-33.75,63.5],[-31.11,63.0],[-29.38,62.5],[-27.0,60.74],[-24.39,57.5],[-24.61,56.0],[-27.59,53.25],[-29.75,51.43],[-32.5,50.2],[-36.25,50.62],[-40.25,50.14],[-43.0,50.23]]}},{"type":"Feature","properties":{"level":1004},"geometry":{"type":"LineString","coordinates":[[180.0,52.69],[174.75,52.37],[173.25,52.7],[173.0,53.07],[170.5,54.02],[168.75,55.4],[167.75,56.51],[165.9,59.0],[165.31,60.75],[165.48,61.25],[164.9,61.5],[164.4,62.25],[163.66,62.75],[165.65,63.75],[165.28,64.0],[165.14,64.5],[165.75,64.92],[165.82,65.75],[166.26,66.25],[165.77,66.75],[166.62,67.0],[167.5,67.67],[168.15,67.75],[168.24,68.25],[167.66,68.75],[167.82,69.25],[167.68,69.75],[168.74,70.75],[171.0,71.91],[173.5,72.71],[176.0,73.32],[180.0,73.88]]}},{"type":"Feature","properties":{"level":1004},"geometry":{"type":"LineString","coordinates":[[-160.41,55.75],[-160.25,55.61],[-159.4,56.25],[-159.75,56.34],[-160.41,55.75]]}},{"type":"Feature","properties":{"level":1004},"geometry":{"type":"LineString","coordinates":[[17.0,56.25],[10.25,56.96],[4.25,58.59],[3.81,59.0],[3.25,60.63],[-0.63,63.0],[-2.5,64.74],[-3.95,66.75],[-4.15,68.0],[-3.69,69.5],[-2.5,70.96],[-0.25,72.68],[1.25,73.52],[4.0,74.59],[10.74,76.5],[13.11,77.5],[13.25,77.85],[16.75,77.82],[16.51,77.5],[17.08,77.5],[17.29,78.0],[16.62,78.25],[18.25,78.35],[18.91,79.0],[16.5,79.63],[15.75,79.35],[12.64,79.25],[13.03,79.0],[12.5,79.1],[11.25,78.79],[8.75,78.89],[-1.12,80.0],[-7.0,81.26],[-15.83,84.0],[-23.56,85.5],[-24.16,85.75],[-24.2,86.0],[-21.6,86.5],[-16.0,86.91],[5.25,87.57],[31.25,87.68],[54.25,87.29],[65.5,86.72],[76.5,85.55],[82.14,84.0],[83.0,83.43],[83.5,82.56],[83.12,81.75],[81.24,80.25],[77.75,78.97],[75.25,78.54],[72.5,78.41],[65.25,79.43],[56.25,80.19],[45.75,80.31],[43.5,80.23],[41.5,79.85],[39.22,78.75],[36.25,77.88],[35.5,77.38],[33.96,75.5],[30.92,71.25],[30.35,70.75],[28.96,70.5],[28.03,69.75],[28.42,69.25],[28.3,68.5],[28.73,68.0],[35.0,68.33],[37.75,68.74],[44.5,68.43],[54.0,67.05],[59.26,65.5],[58.81,64.75],[58.76,63.5],[59.17,62.75],[59.15,62.25],[58.5,60.78],[56.5,59.54],[56.25,59.54],[55.75,60.16],[53.75,59.72],[51.5,59.85],[47.0,58.75],[44.0,57.73],[41.75,56.34],[40.5,56.1],[38.25,56.02],[35.5,56.61],[32.0,56.76],[27.25,56.7],[21.5,56.11],[17.0,56.25]]}},{"type":"Feature","properties":{"level":1004},"geometry":{"type":"LineString","coordinates":[[-159.02,56.5],[-158.75,56.5],[-159.02,56.5]]}},{"type":"Feature","properties":{"level":1004},"geometry":{"type":"LineString","coordinates":[[-154.5,57.94],[-154.64,58.0],[-154.5,57.94]]}},{"type":"Feature","properties":{"level":1004},"geometry":{"type":"LineString","coordinates":[[-69.75,61.74],[-69.46,61.75],[-69.75,61.74]]}},{"type":"Feature","properties":{"level":1004},"geometry":{"type":"LineString","coordinates":[[-143.25,64.22],[-143.71,64.5],[-143.5,64.89],[-141.25,64.89],[-141.1,65.0],[-141.31,65.25],[-140.5,65.55],[-139.65,65.25],[-139.81,64.75],[-140.5,64.68],[-140.75,64.22],[-142.25,64.52],[-143.25,64.22]]}},{"type":"Feature","properties":{"level":1004},"geometry":{"type":"LineString","coordinates":[[79.25,69.74],[77.5,70.12],[75.49,71.0],[74.73,71.75],[74.97,72.5],[76.5,73.31],[79.25,73.57],[82.5,73.28],[84.1,72.5],[84.02,71.75],[83.05,71.0],[81.0,70.11],[79.25,69.74]]}},{"type":"Feature","properties":{"level":1004},"geometry":{"type":"LineString","coordinates":[[-180.0,73.88],[-173.25,74.21],[-169.5,74.14],[-155.0,72.55],[-150.5,72.36],[-147.0,72.59],[-140.75,73.67],[-136.5,73.75],[-133.64,73.0],[-132.3,72.25],[-131.98,71.75],[-131.82,70.75],[-132.13,69.0],[-133.0,68.0],[-132.75,67.42],[-132.17,67.0],[-131.92,66.25],[-132.07,66.0],[-133.75,66.1],[-134.75,66.46],[-135.5,67.09],[-136.0,68.17],[-137.5,68.59],[-140.5,68.93],[-140.77,69.25],[-141.25,69.32],[-147.0,69.15],[-148.25,68.46],[-151.5,68.03],[-152.5,68.26],[-153.75,67.81],[-154.0,68.05],[-153.45,68.25],[-156.25,68.04],[-156.09,67.5],[-155.5,67.27],[-153.25,67.12],[-151.3,66.5],[-151.34,66.25],[-151.96,66.0],[-151.52,65.25],[-151.54,64.25],[-150.0,64.48],[-149.73,64.25],[-150.75,63.39],[-153.9,62.25],[-153.48,61.5],[-155.13,60.25],[-155.19,59.75],[-154.75,59.71],[-154.52,59.25],[-155.1,58.75],[-154.94,58.5],[-155.37,58.25],[-154.67,57.75],[-155.41,56.75],[-157.5,55.9],[-160.0,55.58],[-161.0,55.13],[-162.25,55.5],[-163.25,54.71],[-164.0,55.03],[-168.5,54.14],[-180.0,52.69]]}},{"type":"Feature","properties":{"level":1004},"geometry":{"type":"LineString","coordinates":[[16.0,78.43],[16.47,78.5],[16.0,78.43]]}},{"type":"Feature","properties":{"level":1008},"geometry":{"type":"LineString","coordinates":[[180.0,-88.8],[152.75,-88.79],[133.41,-88.0],[133.37,-87.75],[134.76,-87.5],[142.45,-86.75],[145.7,-86.0],[144.75,-85.54],[138.0,-85.1],[136.48,-84.75],[138.48,-83.75],[138.25,-83.47],[136.72,-83.0],[140.41,-81.5],[141.94,-80.25],[141.25,-79.96],[138.75,-79.42],[137.0,-78.66],[133.0,-78.06],[124.17,-75.5],[121.7,-74.0],[114.25,-73.47],[111.5,-73.07],[109.5,-73.09],[107.42,-72.5],[105.0,-72.36],[103.25,-72.79],[98.75,-73.26],[97.45,-74.0],[97.26,-74.75],[100.13,-76.5],[99.5,-77.27],[97.75,-77.63],[87.25,-78.38],[79.0,-78.2],[65.5,-77.21],[64.25,-76.96],[62.0,-75.81],[60.5,-75.52],[59.21,-74.75],[59.46,-74.25],[59.25,-73.91],[57.0,-73.39],[50.5,-73.62],[39.75,-73.05],[31.0,-73.19],[26.5,-72.73],[24.5,-73.27],[20.75,-73.3],[15.0,-72.88],[13.87,-73.0],[13.0,-73.38],[7.0,-72.85],[6.68,-73.25],[3.37,-74.25],[5.25,-74.8],[11.25,-75.73],[12.59,-75.5],[11.73,-74.75],[14.25,-73.91],[15.0,-73.94],[15.92,-74.5],[16.0,-75.53],[24.54,-78.75],[24.75,-79.21],[22.25,-79.6],[13.25,-78.99],[8.75,-78.9],[6.0,-79.17],[5.69,-79.25],[5.61,-79.75],[5.89,-80.0],[8.61,-81.0],[8.5,-81.5],[9.18,-82.0],[8.36,-82.5],[8.53,-82.75],[11.52,-83.5],[-12.3,-86.5],[-27.5,-86.71],[-35.25,-86.47],[-48.0,-86.51],[-58.5,-86.13],[-70.5,-86.63],[-81.75,-86.65],[-83.64,-86.5],[-82.19,-86.25],[-82.29,-86.0],[-83.61,-85.75],[-94.25,-85.6],[-99.25,-85.16],[-100.4,-85.25],[-99.25,-85.75],[-99.36,-86.0],[-105.0,-86.59],[-116.5,-86.73],[-122.54,-87.0],[-124.25,-87.34],[-129.0,-87.64],[-146.5,-87.56],[-157.65,-87.75],[-153.03,-88.25],[-155.5,-88.6],[-180.0,-88.8]]}},{"type":"Feature","properties":{"level":1008},"geometry":{"type":"LineString","coordinates":[[24.75,-83.5],[23.35,-83.25],[27.05,-82.75],[22.87,-82.25],[20.97,-81.75],[22.5,-81.41],[25.0,-81.36],[30.5,-81.79],[40.75,-81.67],[42.1,-82.0],[39.83,-82.75],[32.99,-83.5],[24.75,-83.5]]}},{"type":"Feature","properties":{"level":1008},"geometry":{"type":"LineString","coordinates":[[-0.39,-75.5],[1.25,-75.65],[3.27,-75.0],[2.75,-74.55],[-0.75,-73.79],[-2.5,-73.89],[-2.72,-74.0],[-2.5,-74.37],[-2.05,-74.5],[-3.6,-74.75],[-0.39,-75.5]]}},{"type":"Feature","properties":{"level":1008},"geometry":{"type":"LineString","coordinates":[[-180.0,-54.4],[-176.0,-54.42],[-166.52,-53.75],[-156.75,-52.05],[-147.25,-49.51],[-145.25,-48.35],[-143.79,-46.75],[-141.28,-40.75],[-139.82,-39.0],[-137.2,-37.25],[-135.25,-36.27],[-132.75,-35.66],[-128.5,-35.45],[-126.75,-35.71],[-121.0,-37.23],[-113.25,-40.5],[-106.57,-43.0],[-95.25,-46.46],[-92.5,-46.49],[-88.5,-44.6],[-86.0,-44.03],[-83.0,-44.18],[-80.5,-44.95],[-79.0,-45.89],[-78.0,-47.0],[-77.5,-47.88],[-77.28,-49.25],[-77.74,-51.5],[-79.66,-55.25],[-79.75,-58.0],[-79.49,-58.75],[-77.72,-61.25],[-76.01,-62.25],[-73.25,-62.92],[-69.5,-63.19],[-60.75,-61.72],[-53.75,-61.16],[-49.0,-61.6],[-44.0,-62.83],[-42.5,-62.83],[-40.51,-62.25],[-38.95,-61.25],[-33.98,-55.0],[-31.56,-52.5],[-30.35,-50.75],[-27.12,-47.75],[-24.0,-45.86],[-19.75,-44.14],[-15.75,-42.89],[-14.25,-42.25],[-12.75,-41.23],[-11.1,-39.75],[-6.75,-35.06],[-5.5,-33.92],[-4.5,-33.38],[-3.75,-32.5],[-3.08,-32.25],[-3.75,-30.93],[-1.75,-31.42],[1.0,-32.48],[3.0,-33.51],[4.5,-34.8],[5.75,-36.27],[8.1,-40.25],[9.72,-44.5],[11.0,-46.97],[13.36,-49.5],[15.25,-50.88],[16.44,-53.25],[17.02,-55.0],[18.15,-56.25],[20.0,-57.5],[25.5,-60.13],[28.25,-61.08],[31.0,-61.62],[36.5,-61.73],[39.25,-61.32],[41.5,-60.71],[44.5,-59.4],[49.84,-55.5],[53.75,-53.68],[56.75,-52.67],[70.25,-50.06],[79.75,-48.88],[83.25,-48.19],[88.5,-46.6],[91.0,-46.41],[112.25,-46.75],[120.25,-46.4],[129.25,-46.99],[132.0,-46.65],[135.25,-45.45],[136.25,-45.37],[139.75,-46.09],[143.75,-46.45],[144.75,-47.09],[147.75,-47.69],[149.0,-47.89],[149.75,-47.66],[150.62,-48.5],[153.5,-49.41],[159.25,-50.23],[162.5,-51.21],[175.25,-53.89],[180.0,-54.4]]}},{"type":"Feature","properties":{"level":1008},"geometry":{"type":"LineString","coordinates":[[-38.75,-33.78],[-40.0,-33.14],[-40.75,-33.42],[-43.0,-32.59],[-43.68,-31.25],[-43.5,-29.96],[-42.25,-29.06],[-39.5,-28.95],[-37.59,-30.0],[-35.59,-31.75],[-34.92,-32.75],[-34.95,-33.0],[-35.3,-33.0],[-35.5,-32.65],[-35.57,-33.0],[-36.25,-33.33],[-36.75,-33.16],[-37.17,-33.5],[-38.75,-33.78]]}},{"type":"Feature","properties":{"level":1008},"geometry":{"type":"LineString","coordinates":[[126.75,-31.35],[123.25,-29.77],[122.0,-29.59],[119.8,-28.75],[118.9,-27.25],[119.0,-27.05],[119.31,-27.25],[119.26,-26.75],[119.76,-25.25],[121.0,-24.23],[121.75,-24.38],[122.09,-24.0],[122.04,-23.75],[122.75,-23.5],[123.45,-24.0],[123.75,-24.54],[124.75,-24.87],[125.0,-25.21],[125.25,-24.99],[126.0,-25.01],[128.0,-26.57],[128.84,-26.5],[129.29,-27.0],[129.25,-27.54],[129.75,-27.48],[130.75,-27.89],[131.25,-27.67],[131.17,-28.0],[132.0,-29.49],[132.5,-29.02],[132.51,-29.5],[131.97,-30.0],[131.72,-31.0],[131.5,-31.11],[130.75,-31.17],[130.5,-30.75],[130.0,-30.99],[129.5,-30.85],[129.0,-31.32],[126.75,-31.35]]}},{"type":"Feature","properties":{"level":1008},"geometry":{"type":"LineString","coordinates":[[130.17,-30.0],[130.56,-30.0],[130.17,-30.0]]}},{"type":"Feature","properties":{"level":1008},"geometry":{"type":"LineString","coordinates":[[133.25,-28.67],[133.25,-28.36],[133.25,-28.67]]}},{"type":"Feature","properties":{"level":1008},"geometry":{"type":"LineString","coordinates":[[133.25,-27.78],[133.22,-27.5],[133.5,-27.46],[133.25,-27.78]]}},{"type":"Feature","properties":{"level":1008},"geometry":{"type":"LineString","coordinates":[[118.75,-27.06],[118.92,-27.0],[118.75,-27.06]]}},{"type":"Feature","properties":{"level":1008},"geometry":{"type":"LineString","coordinates":[[128.75,-23.51],[128.65,-22.75],[128.26,-22.25],[128.43,-21.0],[128.29,-20.25],[128.57,-20.0],[128.19,-19.75],[128.5,-19.48],[128.95,-19.75],[129.09,-20.25],[130.52,-21.0],[130.14,-21.5],[130.1,-22.5],[129.25,-23.53],[129.0,-23.2],[128.75,-23.51]]}},{"type":"Feature","properties":{"level":1008},"geometry":{"type":"LineString","coordinates":[[131.25,-18.07],[131.5,-17.24],[131.5,-18.14],[131.25,-18.07]]}},{"type":"Feature","properties":{"level":1008},"geometry":{"type":"LineString","coordinates":[[-45.0,-17.77],[-44.88,-17.0],[-45.57,-17.5],[-45.94,-17.0],[-45.59,-16.5],[-46.25,-16.05],[-46.25,-15.67],[-45.75,-15.7],[-45.5,-16.05],[-45.0,-16.03],[-44.6,-17.25],[-44.75,-17.72],[-45.0,-17.77]]}},{"type":"Feature","properties":{"level":1008},"geometry":{"type":"LineString","coordinates":[[131.25,-17.12],[131.25,-16.77],[131.25,-17.12]]}},{"type":"Feature","properties":{"level":1008},"geometry":{"type":"LineString","coordinates":[[131.0,-16.67],[130.79,-16.5],[131.25,-15.86],[131.35,-16.25],[131.0,-16.67]]}},{"type":"Feature","properties":{"level":1008},"geometry":{"type":"LineString","coordinates":[[129.5,-16.43],[129.5,-16.15],[130.5,-15.33],[130.59,-15.75],[129.5,-16.43]]}},{"type":"Feature","properties":{"level":1008},"geometry":{"type":"LineString","coordinates":[[-49.0,-15.29],[-50.75,-14.72],[-51.75,-15.02],[-52.97,-14.0],[-53.25,-12.86],[-54.0,-12.81],[-54.5,-12.33],[-54.75,-12.89],[-55.0,-12.85],[-55.75,-12.38],[-55.91,-11.5],[-55.24,-11.0],[-56.25,-10.9],[-56.44,-10.75],[-56.33,-10.25],[-57.0,-9.69],[-57.26,-9.75],[-57.47,-11.25],[-57.32,-11.75],[-57.6,-12.25],[-56.89,-13.5],[-57.25,-13.78],[-57.75,-13.46],[-58.29,-13.5],[-59.33,-12.5],[-59.13,-12.0],[-59.5,-10.48],[-60.25,-10.38],[-60.5,-10.58],[-60.94,-9.75],[-61.75,-9.63],[-63.0,-10.14],[-64.16,-10.25],[-64.75,-9.44],[-66.48,-8.75],[-66.56,-8.5],[-66.2,-8.25],[-66.28,-7.75],[-65.7,-6.5],[-65.75,-6.24],[-66.11,-6.25],[-65.35,-5.0],[-66.48,-3.75],[-66.25,-3.46],[-65.7,-3.5],[-65.75,-2.79],[-66.5,-1.85],[-67.0,-1.83],[-67.36,-1.0],[-66.28,-0.5],[-65.29,0.5],[-65.38,0.75],[-65.14,1.0],[-63.35,2.25],[-63.25,3.58],[-62.75,3.6],[-62.0,4.16],[-60.5,4.49],[-59.25,4.09],[-58.0,4.09],[-57.25,3.47],[-56.5,3.47],[-56.0,3.15],[-55.75,3.36],[-55.51,3.25],[-55.41,2.5],[-55.03,2.0],[-54.37,1.75],[-53.98,1.0],[-54.09,0.75],[-53.25,0.0],[-53.25,-0.53],[-53.93,-1.0],[-52.5,-0.44],[-51.75,-0.38],[-50.64,0.5],[-49.7,0.25],[-49.48,-0.25],[-50.67,-1.5],[-50.5,-1.73],[-49.0,-0.98],[-48.5,-0.95],[-48.65,-1.75],[-47.73,-1.75],[-47.46,-3.0],[-46.8,-3.5],[-46.9,-4.0],[-46.5,-5.25],[-45.95,-5.5],[-45.89,-6.75],[-44.25,-6.99],[-44.7,-7.25],[-44.0,-7.38],[-43.18,-6.75],[-42.92,-7.5],[-43.5,-8.06],[-43.71,-9.0],[-44.03,-9.25],[-44.08,-10.0],[-44.75,-10.57],[-45.25,-10.03],[-46.0,-10.19],[-46.65,-11.25],[-46.34,-12.5],[-46.35,-14.5],[-46.56,-15.0],[-47.0,-15.32],[-47.31,-15.25],[-47.4,-14.5],[-47.14,-14.0],[-47.46,-13.5],[-47.75,-13.49],[-47.55,-13.75],[-47.82,-14.5],[-48.36,-14.75],[-48.38,-15.25],[-49.0,-15.29]]}},{"type":"Feature","properties":{"level":1008},"geometry":{"type":"LineString","coordinates":[[130.75,-15.04],[130.9,-15.0],[130.75,-15.04]]}},{"type":"Feature","properties":{"level":1008},"geometry":{"type":"LineString","coordinates":[[132.0,-14.81],[131.56,-14.5],[131.89,-14.0],[131.78,-13.5],[131.25,-13.47],[131.1,-13.0],[131.25,-12.72],[133.0,-12.37],[132.87,-14.0],[132.75,-14.21],[132.5,-13.71],[132.22,-14.25],[132.5,-14.41],[132.5,-14.69],[132.0,-14.81]]}},{"type":"Feature","properties":{"level":1008},"geometry":{"type":"LineString","coordinates":[[131.92,-14.5],[132.07,-14.5],[131.92,-14.5]]}},{"type":"Feature","properties":{"level":1008},"geometry":{"type":"LineString","coordinates":[[131.25,-14.31],[130.56,-13.75],[131.25,-13.51],[131.4,-13.75],[131.25,-14.31]]}},{"type":"Feature","properties":{"level":1008},"geometry":{"type":"LineString","coordinates":[[134.25,-14.03],[134.5,-13.72],[134.5,-14.03],[134.25,-14.03]]}},{"type":"Feature","properties":{"level":1008},"geometry":{"type":"LineString","coordinates":[[-56.5,-13.79],[-56.58,-13.5],[-55.75,-13.38],[-55.25,-12.85],[-55.02,-13.75],[-55.25,-13.98],[-56.5,-13.79]]}},{"type":"Feature","properties":{"level":1008},"geometry":{"type":"LineString","coordinates":[[-66.25,-12.08],[-66.37,-11.5],[-65.75,-11.24],[-65.42,-11.75],[-66.25,-12.08]]}},{"type":"Feature","properties":{"level":1008},"geometry":{"type":"LineString","coordinates":[[-54.79,-12.0],[-54.5,-12.23],[-53.82,-12.0],[-54.5,-11.61],[-54.79,-12.0]]}},{"type":"Feature","properties":{"level":1008},"geometry":{"type":"LineString","coordinates":[[-62.75,-11.94],[-62.95,-11.75],[-62.64,-11.25],[-62.0,-10.53],[-61.75,-10.58],[-61.56,-10.75],[-61.62,-11.75],[-62.75,-11.94]]}},{"type":"Feature","properties":{"level":1008},"geometry":{"type":"LineString","coordinates":[[-54.51,-11.25],[-54.25,-11.36],[-53.85,-10.5],[-54.4,-10.25],[-54.17,-9.75],[-54.59,-9.5],[-54.63,-9.0],[-55.5,-8.74],[-55.92,-10.25],[-55.0,-10.61],[-54.51,-11.25]]}},{"type":"Feature","properties":{"level":1008},"geometry":{"type":"LineString","coordinates":[[-65.25,-10.15],[-65.25,-9.63],[-64.88,-10.0],[-65.25,-10.15]]}},{"type":"Feature","properties":{"level":1008},"geometry":{"type":"LineString","coordinates":[[142.0,-8.77],[140.5,-8.64],[139.75,-7.73],[137.8,-8.0],[138.13,-7.5],[137.71,-6.75],[138.05,-5.75],[137.24,-4.75],[139.5,-4.73],[140.25,-5.15],[142.0,-5.59],[142.75,-6.41],[143.31,-6.5],[143.14,-6.75],[143.5,-6.68],[144.01,-7.0],[142.75,-8.01],[142.5,-8.62],[142.0,-8.77]]}},{"type":"Feature","properties":{"level":1008},"geometry":{"type":"LineString","coordinates":[[-44.51,-8.5],[-44.25,-8.66],[-44.05,-8.5],[-44.0,-7.95],[-44.25,-7.82],[-44.51,-8.5]]}},{"type":"Feature","properties":{"level":1008},"geometry":{"type":"LineString","coordinates":[[110.75,-7.76],[110.23,-7.0],[110.75,-6.71],[112.54,-7.25],[112.25,-7.63],[111.75,-7.56],[111.5,-7.89],[111.25,-7.36],[110.75,-7.76]]}},{"type":"Feature","properties":{"level":1008},"geometry":{"type":"LineString","coordinates":[[108.75,-7.05],[109.0,-6.83],[109.16,-7.0],[108.75,-7.05]]}},{"type":"Feature","properties":{"level":1008},"geometry":{"type":"LineString","coordinates":[[146.25,-7.08],[145.8,-6.0],[146.77,-6.5],[146.5,-7.1],[146.25,-7.08]]}},{"type":"Feature","properties":{"level":1008},"geometry":{"type":"LineString","coordinates":[[108.0,-6.57],[108.32,-6.5],[108.0,-6.57]]}},{"type":"Feature","properties":{"level":1008},"geometry":{"type":"LineString","coordinates":[[145.5,-5.82],[144.25,-4.86],[141.25,-4.71],[139.0,-3.37],[137.25,-3.35],[136.5,-2.88],[135.0,-3.78],[133.5,-3.25],[133.25,-3.5],[132.28,-2.5],[132.38,-2.25],[132.0,-1.5],[130.47,-0.75],[130.64,-0.25],[130.35,0.0],[130.42,0.25],[130.75,0.65],[131.25,0.42],[132.0,0.48],[132.21,-0.25],[132.0,-0.5],[132.69,-1.25],[133.75,-1.64],[134.21,-1.5],[134.22,-1.0],[133.25,0.09],[132.5,0.25],[132.54,0.75],[132.75,0.84],[133.0,0.35],[133.25,0.51],[134.25,0.4],[134.75,-0.42],[135.25,0.27],[136.23,-0.25],[136.25,-0.52],[136.5,-0.16],[137.25,-1.33],[138.75,-0.99],[139.5,-1.29],[139.75,-0.99],[140.16,-1.5],[140.75,-1.47],[141.0,-1.81],[141.27,-1.5],[141.5,-1.6],[141.5,-2.06],[142.25,-2.05],[144.25,-2.72],[146.0,-4.25],[145.75,-4.68],[145.18,-4.5],[145.16,-4.75],[145.72,-5.25],[145.71,-5.75],[145.5,-5.82]]}},{"type":"Feature","properties":{"level":1008},"geometry":{"type":"LineString","coordinates":[[147.25,-5.79],[146.64,-5.25],[147.0,-4.59],[146.41,-4.5],[147.25,-4.3],[148.25,-4.5],[148.21,-4.0],[148.5,-3.62],[150.25,-3.62],[151.29,-4.5],[151.23,-5.0],[150.75,-5.55],[149.5,-5.87],[149.0,-5.45],[148.25,-5.56],[148.0,-5.3],[147.75,-5.67],[147.25,-5.79]]}},{"type":"Feature","properties":{"level":1008},"geometry":{"type":"LineString","coordinates":[[119.5,-5.57],[119.18,-5.25],[119.47,-4.5],[118.97,-3.75],[119.25,-3.36],[119.58,-3.5],[119.75,-2.98],[120.1,-4.25],[119.51,-4.75],[119.75,-5.0],[119.5,-5.57]]}},{"type":"Feature","properties":{"level":1008},"geometry":{"type":"LineString","coordinates":[[104.75,-4.77],[104.28,-4.25],[104.23,-3.75],[103.83,-3.5],[103.99,-3.25],[103.75,-3.04],[103.7,-3.5],[103.25,-3.56],[102.99,-3.25],[103.0,-2.76],[103.7,-2.25],[103.41,-1.75],[103.75,-1.17],[104.25,-1.39],[105.0,-2.31],[105.5,-2.42],[105.78,-3.0],[105.5,-4.67],[104.75,-4.77]]}},{"type":"Feature","properties":{"level":1008},"geometry":{"type":"LineString","coordinates":[[152.0,-4.36],[152.0,-3.92],[152.39,-4.25],[152.0,-4.36]]}},{"type":"Feature","properties":{"level":1008},"geometry":{"type":"LineString","coordinates":[[122.0,-4.16],[121.75,-3.59],[122.0,-3.59],[122.29,-4.0],[122.0,-4.16]]}},{"type":"Feature","properties":{"level":1008},"geometry":{"type":"LineString","coordinates":[[114.5,-3.82],[114.21,-3.25],[113.0,-2.76],[112.0,-3.06],[111.25,-2.68],[110.25,-2.66],[109.87,-1.75],[109.95,-1.25],[109.5,-0.99],[109.1,-0.25],[109.26,0.25],[108.98,0.75],[109.25,1.53],[109.5,1.68],[111.0,1.57],[112.25,2.79],[113.25,3.2],[114.18,4.5],[114.75,4.74],[115.14,4.5],[114.82,4.0],[115.02,3.0],[114.25,3.43],[114.0,3.33],[114.18,2.75],[113.58,2.25],[114.38,1.75],[114.25,1.4],[113.5,1.49],[113.25,1.29],[113.0,1.86],[112.75,1.52],[112.0,1.69],[111.77,1.5],[112.0,1.21],[113.25,1.18],[113.92,0.75],[113.09,0.25],[113.25,-0.36],[113.5,-0.28],[113.39,0.0],[113.85,0.25],[114.0,0.67],[114.31,0.25],[114.11,-0.25],[114.5,-0.39],[115.41,0.25],[116.36,0.25],[117.28,0.5],[117.5,0.78],[117.6,-0.5],[116.5,-1.26],[116.28,-1.75],[116.46,-2.25],[116.0,-3.39],[115.5,-3.31],[114.5,-3.82]]}},{"type":"Feature","properties":{"level":1008},"geometry":{"type":"LineString","coordinates":[[142.05,-3.5],[142.5,-3.3],[142.69,-3.5],[143.47,-3.5],[142.75,-3.06],[142.5,-3.18],[141.75,-2.85],[141.5,-3.25],[142.05,-3.5]]}},{"type":"Feature","properties":{"level":1008},"geometry":{"type":"LineString","coordinates":[[139.7,-3.0],[140.0,-2.85],[140.5,-3.03],[140.47,-2.75],[140.87,-2.5],[140.25,-2.34],[139.75,-2.59],[139.7,-3.0]]}},{"type":"Feature","properties":{"level":1008},"geometry":{"type":"LineString","coordinates":[[102.75,-2.79],[102.75,-2.55],[102.98,-2.75],[102.75,-2.79]]}},{"type":"Feature","properties":{"level":1008},"geometry":{"type":"LineString","coordinates":[[120.25,-2.83],[120.25,-2.66],[120.52,-2.75],[120.25,-2.83]]}},{"type":"Feature","properties":{"level":1008},"geometry":{"type":"LineString","coordinates":[[136.85,-2.75],[138.25,-2.51],[139.0,-2.76],[139.4,-2.5],[138.5,-2.18],[137.0,-2.31],[136.62,-2.5],[136.85,-2.75]]}},{"type":"Feature","properties":{"level":1008},"geometry":{"type":"LineString","coordinates":[[140.96,-2.75],[141.4,-2.75],[141.25,-2.6],[140.96,-2.75]]}},{"type":"Feature","properties":{"level":1008},"geometry":{"type":"LineString","coordinates":[[105.25,-2.06],[105.25,-1.9],[105.25,-2.06]]}},{"type":"Feature","properties":{"level":1008},"geometry":{"type":"LineString","coordinates":[[143.0,-2.15],[142.63,-1.75],[142.75,-1.6],[143.77,-2.0],[143.5,-2.23],[143.0,-2.15]]}},{"type":"Feature","properties":{"level":1008},"geometry":{"type":"LineString","coordinates":[[146.75,-2.01],[146.33,-1.75],[147.06,-1.75],[146.75,-2.01]]}},{"type":"Feature","properties":{"level":1008},"geometry":{"type":"LineString","coordinates":[[105.5,-1.86],[105.34,-1.75],[105.5,-1.86]]}},{"type":"Feature","properties":{"level":1008},"geometry":{"type":"LineString","coordinates":[[135.81,-1.75],[136.25,-1.94],[136.79,-1.75],[136.0,-1.5],[135.81,-1.75]]}},{"type":"Feature","properties":{"level":1008},"geometry":{"type":"LineString","coordinates":[[135.31,-0.75],[135.5,-0.92],[135.93,-0.75],[135.5,-0.56],[135.31,-0.75]]}},{"type":"Feature","properties":{"level":1008},"geometry":{"type":"LineString","coordinates":[[-54.11,-0.5],[-54.0,-0.74],[-53.83,-0.5],[-54.11,-0.5]]}},{"type":"Feature","properties":{"level":1008},"geometry":{"type":"LineString","coordinates":[[109.38,0.5],[110.0,0.36],[110.5,0.67],[110.6,1.0],[110.0,1.32],[109.33,0.75],[109.38,0.5]]}},{"type":"Feature","properties":{"level":1008},"geometry":{"type":"LineString","coordinates":[[128.0,0.65],[127.75,0.75],[127.68,1.25],[128.2,1.75],[128.0,2.03],[128.25,2.01],[128.68,1.75],[128.25,1.01],[127.92,1.0],[128.25,0.75],[128.0,0.65]]}},{"type":"Feature","properties":{"level":1008},"geometry":{"type":"LineString","coordinates":[[128.5,0.55],[128.25,0.75],[129.0,1.14],[128.5,0.55]]}},{"type":"Feature","properties":{"level":1008},"geometry":{"type":"LineString","coordinates":[[110.9,1.0],[111.0,1.15],[110.9,1.0]]}},{"type":"Feature","properties":{"level":1008},"geometry":{"type":"LineString","coordinates":[[114.75,0.92],[114.91,1.0],[114.75,0.92]]}},{"type":"Feature","properties":{"level":1008},"geometry":{"type":"LineString","coordinates":[[123.75,1.14],[123.5,1.25],[124.12,1.5],[123.75,1.14]]}},{"type":"Feature","properties":{"level":1008},"geometry":{"type":"LineString","coordinates":[[-66.25,1.7],[-66.68,2.25],[-67.11,2.25],[-67.25,2.62],[-68.5,3.49],[-68.86,4.25],[-68.74,4.75],[-69.2,4.75],[-69.47,5.5],[-70.03,6.0],[-69.75,6.62],[-69.0,6.88],[-67.0,8.52],[-66.65,8.25],[-66.43,7.25],[-67.53,5.0],[-67.0,4.29],[-66.25,4.65],[-65.99,4.5],[-66.33,4.0],[-66.18,3.5],[-66.75,3.38],[-67.02,3.0],[-66.25,2.47],[-65.94,3.0],[-65.28,3.25],[-65.25,3.5],[-64.92,2.75],[-65.42,2.5],[-65.0,2.34],[-64.99,2.0],[-65.25,1.94],[-65.5,2.38],[-65.75,1.94],[-66.25,1.7]]}},{"type":"Feature","properties":{"level":1008},"geometry":{"type":"LineString","coordinates":[[-55.87,2.5],[-55.59,2.5],[-55.56,2.75],[-56.0,2.88],[-55.87,2.5]]}},{"type":"Feature","properties":{"level":1008},"geometry":{"type":"LineString","coordinates":[[102.5,2.83],[102.5,3.2],[102.75,3.11],[103.07,3.5],[103.25,4.91],[103.5,3.37],[102.5,2.83]]}},{"type":"Feature","properties":{"level":1008},"geometry":{"type":"LineString","coordinates":[[116.25,3.0],[116.5,3.68],[117.61,4.5],[117.27,3.0],[116.75,3.21],[116.25,3.0]]}},{"type":"Feature","properties":{"level":1008},"geometry":{"type":"LineString","coordinates":[[102.25,3.22],[102.25,3.53],[102.25,3.22]]}},{"type":"Feature","properties":{"level":1008},"geometry":{"type":"LineString","coordinates":[[116.25,3.67],[116.25,4.03],[116.25,3.67]]}},{"type":"Feature","properties":{"level":1008},"geometry":{"type":"LineString","coordinates":[[102.0,4.05],[102.0,4.43],[102.3,4.25],[102.0,4.05]]}},{"type":"Feature","properties":{"level":1008},"geometry":{"type":"LineString","coordinates":[[116.5,4.16],[116.5,4.39],[116.5,4.16]]}},{"type":"Feature","properties":{"level":1008},"geometry":{"type":"LineString","coordinates":[[116.25,4.43],[116.4,4.5],[116.25,4.43]]}},{"type":"Feature","properties":{"level":1008},"geometry":{"type":"LineString","coordinates":[[117.25,4.69],[117.25,4.92],[117.25,4.69]]}},{"type":"Feature","properties":{"level":1008},"geometry":{"type":"LineString","coordinates":[[101.75,4.9],[102.25,5.32],[102.52,5.0],[101.75,4.9]]}},{"type":"Feature","properties":{"level":1008},"geometry":{"type":"LineString","coordinates":[[117.75,4.86],[116.7,5.25],[117.09,5.5],[117.0,6.0],[117.5,6.29],[118.31,5.75],[118.6,5.25],[118.0,4.78],[117.75,4.86]]}},{"type":"Feature","properties":{"level":1008},"geometry":{"type":"LineString","coordinates":[[126.25,5.44],[125.75,5.52],[125.66,6.25],[125.24,6.75],[125.53,7.0],[125.52,8.25],[125.25,8.81],[124.75,8.86],[124.69,8.5],[124.0,8.17],[123.5,8.59],[123.12,8.5],[123.04,9.0],[123.24,9.25],[123.0,10.24],[122.25,9.79],[121.75,9.78],[120.5,10.49],[120.0,10.32],[119.59,10.75],[119.73,11.25],[118.27,14.5],[118.33,15.5],[117.03,16.25],[117.27,16.5],[117.0,16.84],[118.25,16.86],[118.5,16.39],[118.75,16.38],[119.5,16.52],[120.0,16.97],[120.37,16.25],[121.21,15.75],[121.08,14.75],[121.32,14.25],[121.25,14.09],[121.0,14.28],[120.74,14.0],[121.75,13.98],[122.39,15.0],[123.25,15.44],[125.25,15.68],[126.0,15.45],[126.5,15.99],[126.75,15.67],[127.5,16.24],[128.0,16.15],[128.25,16.51],[128.5,16.38],[128.55,16.75],[129.25,17.4],[130.25,17.73],[130.47,18.25],[131.0,18.82],[131.55,19.0],[132.5,20.25],[135.0,22.02],[136.75,22.77],[139.5,23.07],[143.25,22.58],[144.75,22.63],[145.0,22.37],[147.75,21.41],[148.25,21.75],[148.5,21.55],[152.5,22.76],[154.5,22.79],[155.75,23.26],[157.5,23.45],[160.75,23.19],[163.0,22.34],[165.62,20.5],[166.5,18.56],[166.46,17.0],[166.95,16.0],[166.66,14.75],[166.96,13.75],[166.28,12.5],[166.08,11.5],[164.34,9.25],[163.7,9.0],[163.67,8.5],[162.5,7.81],[161.68,7.75],[161.72,7.5],[161.25,7.02],[158.25,6.97],[157.5,7.42],[156.75,7.38],[155.58,8.0],[155.5,8.54],[155.25,8.29],[154.5,9.42],[153.75,9.27],[153.1,10.5],[152.5,10.65],[151.85,10.5],[151.75,10.2],[150.75,10.54],[149.05,10.0],[149.54,9.25],[149.25,8.74],[148.77,9.5],[148.96,10.0],[148.45,10.25],[148.23,9.25],[147.75,8.59],[146.75,8.5],[146.38,7.75],[145.75,7.49],[145.5,6.84],[145.0,7.18],[144.5,6.61],[143.5,6.44],[142.75,6.0],[142.0,6.27],[141.0,5.6],[140.25,5.6],[139.75,5.89],[139.02,5.75],[139.15,6.25],[138.25,6.65],[137.75,6.4],[137.25,5.71],[136.75,5.6],[136.57,6.0],[136.25,6.02],[136.0,5.45],[135.75,5.49],[134.77,6.0],[134.75,6.81],[133.5,6.92],[132.25,6.16],[131.75,6.95],[130.94,6.75],[130.5,7.31],[130.32,7.0],[130.64,6.75],[130.5,6.33],[129.25,6.11],[128.25,5.66],[127.5,5.95],[126.25,5.44]]}},{"type":"Feature","properties":{"level":1008},"geometry":{"type":"LineString","coordinates":[[102.0,5.56],[101.79,6.0],[102.0,6.23],[102.43,6.0],[102.45,5.75],[102.0,5.56]]}},{"type":"Feature","properties":{"level":1008},"geometry":{"type":"LineString","coordinates":[[138.75,5.72],[138.96,5.75],[138.75,5.72]]}},{"type":"Feature","properties":{"level":1008},"geometry":{"type":"LineString","coordinates":[[124.75,6.49],[124.5,7.14],[124.81,7.0],[124.75,6.49]]}},{"type":"Feature","properties":{"level":1008},"geometry":{"type":"LineString","coordinates":[[-65.0,7.6],[-65.55,8.0],[-64.99,8.0],[-64.72,7.75],[-65.0,7.6]]}},{"type":"Feature","properties":{"level":1008},"geometry":{"type":"LineString","coordinates":[[-76.75,9.24],[-76.75,9.82],[-76.5,9.63],[-76.25,10.79],[-75.25,11.59],[-74.45,11.5],[-74.2,10.25],[-73.93,10.0],[-74.3,9.5],[-74.75,9.19],[-75.0,9.98],[-75.25,10.04],[-75.75,9.1],[-76.75,9.24]]}},{"type":"Feature","properties":{"level":1008},"geometry":{"type":"LineString","coordinates":[[-71.5,9.28],[-71.92,10.0],[-71.5,10.64],[-71.25,10.44],[-71.03,9.5],[-71.5,9.28]]}},{"type":"Feature","properties":{"level":1008},"geometry":{"type":"LineString","coordinates":[[122.0,9.5],[122.25,9.55],[122.0,9.5]]}},{"type":"Feature","properties":{"level":1008},"geometry":{"type":"LineString","coordinates":[[121.9,10.5],[122.46,11.0],[122.37,11.5],[122.0,11.83],[121.79,11.25],[121.9,10.5]]}},{"type":"Feature","properties":{"level":1008},"geometry":{"type":"LineString","coordinates":[[105.0,10.81],[104.82,11.0],[105.0,11.19],[105.22,11.0],[105.0,10.81]]}},{"type":"Feature","properties":{"level":1008},"geometry":{"type":"LineString","coordinates":[[124.62,11.0],[124.75,10.83],[124.87,11.0],[124.75,11.16],[124.62,11.0]]}},{"type":"Feature","properties":{"level":1008},"geometry":{"type":"LineString","coordinates":[[-103.0,11.17],[-104.75,11.99],[-107.32,15.0],[-107.18,16.25],[-107.6,17.25],[-106.88,19.0],[-106.94,19.75],[-106.57,20.5],[-106.96,21.0],[-106.52,21.75],[-106.52,22.0],[-107.17,22.5],[-107.14,23.0],[-107.75,23.09],[-109.5,22.75],[-109.27,23.25],[-109.59,24.0],[-110.5,24.61],[-111.38,26.25],[-112.86,28.25],[-113.26,28.5],[-113.64,29.25],[-114.85,30.25],[-116.32,33.0],[-116.52,34.25],[-117.25,34.68],[-118.09,34.75],[-117.79,36.25],[-118.1,36.75],[-118.02,37.5],[-118.17,38.25],[-118.95,39.0],[-119.01,39.5],[-118.5,40.19],[-117.93,40.0],[-118.57,41.0],[-118.0,41.45],[-116.74,41.5],[-116.26,42.5],[-116.6,43.0],[-115.95,43.5],[-116.39,44.0],[-116.26,44.25],[-116.0,44.18],[-115.5,44.83],[-114.75,45.1],[-113.5,46.17],[-112.25,46.5],[-112.17,47.0],[-112.63,47.75],[-112.5,48.09],[-111.75,48.67],[-110.75,48.9],[-110.5,49.29],[-108.68,49.5],[-108.77,50.25],[-108.25,50.27],[-108.17,50.75],[-110.33,51.75],[-109.91,52.25],[-109.83,53.0],[-110.44,53.75],[-110.3,54.0],[-110.48,54.5],[-109.75,54.93],[-108.71,55.0],[-105.38,56.75],[-102.25,57.47],[-95.25,57.65],[-90.75,57.24],[-89.0,56.44],[-88.75,56.87],[-88.5,56.8],[-87.53,56.0],[-86.5,56.06],[-84.75,54.89],[-83.33,53.5],[-83.37,53.25],[-82.37,52.0],[-81.87,51.75],[-82.32,50.0],[-84.25,48.22],[-84.75,47.91],[-85.0,48.36],[-85.63,48.25],[-85.91,48.0],[-85.83,47.5],[-86.1,47.0],[-87.25,46.25],[-88.0,46.19],[-90.68,45.25],[-95.25,41.8],[-98.28,39.0],[-99.75,37.94],[-101.75,36.6],[-102.75,36.34],[-103.03,36.5],[-103.3,35.75],[-103.07,35.25],[-103.46,35.0],[-104.0,35.05],[-104.63,35.5],[-104.5,35.73],[-103.98,35.75],[-103.43,36.5],[-104.75,37.19],[-105.08,38.0],[-105.5,38.3],[-105.5,38.54],[-104.96,38.75],[-104.98,39.0],[-105.29,39.25],[-105.72,41.0],[-106.11,41.0],[-106.5,41.56],[-108.18,40.25],[-108.01,39.25],[-108.28,39.0],[-107.75,38.71],[-108.0,38.47],[-108.75,38.92],[-108.83,38.5],[-108.52,38.25],[-109.0,37.87],[-109.5,38.01],[-110.08,37.75],[-110.0,37.58],[-109.0,37.74],[-108.5,37.1],[-107.52,36.75],[-108.25,36.51],[-108.5,36.14],[-109.0,36.65],[-109.25,36.74],[-109.5,36.3],[-109.75,36.33],[-110.5,36.91],[-111.75,36.39],[-112.25,36.97],[-112.62,36.5],[-112.52,36.25],[-113.1,36.0],[-113.5,35.25],[-112.8,34.25],[-111.75,34.06],[-110.6,33.0],[-111.01,32.75],[-110.91,32.0],[-111.75,32.08],[-112.22,31.5],[-111.61,30.5],[-112.31,30.0],[-110.83,29.0],[-110.75,28.66],[-109.75,28.14],[-109.62,27.5],[-109.24,27.25],[-108.69,26.0],[-108.25,25.76],[-107.31,24.25],[-105.6,22.5],[-105.29,21.25],[-105.67,20.25],[-105.15,19.5],[-103.81,18.75],[-103.25,18.09],[-101.75,17.78],[-98.99,15.5],[-99.11,14.75],[-98.82,14.0],[-99.25,13.8],[-100.0,12.01],[-101.25,11.83],[-102.5,11.19],[-103.0,11.17]]}},{"type":"Feature","properties":{"level":1008},"geometry":{"type":"LineString","coordinates":[[105.0,11.6],[104.79,11.75],[105.0,11.84],[105.0,11.6]]}},{"type":"Feature","properties":{"level":1008},"geometry":{"type":"LineString","coordinates":[[121.1,12.5],[121.25,12.27],[121.42,13.0],[121.0,13.47],[120.5,13.51],[121.1,12.5]]}},{"type":"Feature","properties":{"level":1008},"geometry":{"type":"LineString","coordinates":[[107.75,12.74],[107.61,13.25],[108.0,13.26],[107.75,12.74]]}},{"type":"Feature","properties":{"level":1008},"geometry":{"type":"LineString","coordinates":[[-94.75,13.08],[-95.76,14.25],[-95.13,15.25],[-94.5,15.52],[-93.94,15.0],[-93.69,14.25],[-94.0,13.68],[-94.75,13.08]]}},{"type":"Feature","properties":{"level":1008},"geometry":{"type":"LineString","coordinates":[[31.25,13.46],[31.03,13.5],[31.25,13.46]]}},{"type":"Feature","properties":{"level":1008},"geometry":{"type":"LineString","coordinates":[[31.75,13.36],[31.75,13.81],[31.5,13.96],[30.75,13.76],[30.65,14.25],[30.88,14.75],[31.25,14.89],[32.5,14.41],[32.76,14.5],[31.55,16.5],[31.53,17.0],[32.05,17.25],[31.5,18.5],[32.08,19.25],[32.75,19.36],[32.9,18.75],[32.66,18.0],[33.25,17.27],[34.25,17.02],[35.25,16.25],[35.75,16.24],[36.03,15.75],[35.75,15.34],[34.94,15.0],[34.75,14.47],[33.75,14.23],[32.75,13.38],[31.75,13.36]]}},{"type":"Feature","properties":{"level":1008},"geometry":{"type":"LineString","coordinates":[[106.5,13.71],[106.3,14.0],[107.25,14.38],[107.73,14.0],[107.5,13.55],[107.0,13.82],[106.75,13.58],[106.5,13.71]]}},{"type":"Feature","properties":{"level":1008},"geometry":{"type":"LineString","coordinates":[[124.16,13.75],[124.36,13.75],[124.16,13.75]]}},{"type":"Feature","properties":{"level":1008},"geometry":{"type":"LineString","coordinates":[[122.67,14.0],[122.88,14.0],[122.67,14.0]]}},{"type":"Feature","properties":{"level":1008},"geometry":{"type":"LineString","coordinates":[[-95.36,14.25],[-95.25,14.13],[-95.25,14.41],[-95.36,14.25]]}},{"type":"Feature","properties":{"level":1008},"geometry":{"type":"LineString","coordinates":[[106.25,14.45],[106.0,14.77],[106.5,14.68],[106.5,14.37],[106.25,14.45]]}},{"type":"Feature","properties":{"level":1008},"geometry":{"type":"LineString","coordinates":[[120.47,14.5],[120.42,15.5],[120.0,15.89],[119.78,15.5],[120.47,14.5]]}},{"type":"Feature","properties":{"level":1008},"geometry":{"type":"LineString","coordinates":[[-0.5,15.85],[-0.75,16.3],[-0.25,16.62],[0.35,16.5],[0.0,16.01],[-0.5,15.85]]}},{"type":"Feature","properties":{"level":1008},"geometry":{"type":"LineString","coordinates":[[-87.25,16.2],[-87.33,16.5],[-87.07,16.5],[-87.25,16.2]]}},{"type":"Feature","properties":{"level":1008},"geometry":{"type":"LineString","coordinates":[[-2.0,16.61],[-2.0,16.9],[-2.0,16.61]]}},{"type":"Feature","properties":{"level":1008},"geometry":{"type":"LineString","coordinates":[[33.75,17.47],[34.09,17.5],[34.0,17.29],[33.75,17.47]]}},{"type":"Feature","properties":{"level":1008},"geometry":{"type":"LineString","coordinates":[[120.0,17.49],[120.09,18.5],[120.5,18.65],[120.75,18.5],[120.72,18.25],[120.25,17.36],[120.0,17.49]]}},{"type":"Feature","properties":{"level":1008},"geometry":{"type":"LineString","coordinates":[[120.75,17.5],[120.75,17.76],[120.75,17.5]]}},{"type":"Feature","properties":{"level":1008},"geometry":{"type":"LineString","coordinates":[[-100.75,18.33],[-100.88,18.5],[-100.75,18.33]]}},{"type":"Feature","properties":{"level":1008},"geometry":{"type":"LineString","coordinates":[[-124.0,23.93],[-125.0,24.51],[-125.86,25.5],[-126.05,26.5],[-125.67,27.75],[-125.0,28.57],[-124.0,29.04],[-121.5,29.0],[-120.21,27.75],[-120.07,27.0],[-120.27,26.0],[-121.78,24.5],[-123.25,23.94],[-124.0,23.93]]}},{"type":"Feature","properties":{"level":1008},"geometry":{"type":"LineString","coordinates":[[177.0,27.69],[176.07,28.25],[175.62,29.75],[176.25,30.56],[177.5,30.86],[178.77,30.25],[179.16,29.75],[179.17,29.25],[178.5,28.08],[177.75,27.69],[177.0,27.69]]}},{"type":"Feature","properties":{"level":1008},"geometry":{"type":"LineString","coordinates":[[102.0,30.31],[101.65,31.0],[101.9,31.25],[101.75,31.6],[101.25,31.69],[100.75,31.16],[100.5,31.41],[100.27,31.25],[100.25,30.78],[100.23,31.25],[98.85,32.25],[98.75,32.6],[98.38,32.5],[98.5,31.65],[98.0,31.46],[97.25,31.94],[97.25,30.92],[96.08,32.5],[96.5,32.84],[97.25,32.04],[97.99,32.25],[96.75,33.0],[96.76,33.25],[97.37,34.0],[99.0,34.47],[101.25,34.06],[101.5,34.28],[102.0,34.1],[102.25,34.35],[102.75,34.32],[103.86,34.0],[102.69,32.5],[102.75,32.14],[103.22,32.0],[102.75,31.7],[102.25,31.7],[102.13,31.25],[102.59,31.0],[102.25,30.91],[102.25,30.45],[102.0,30.31]]}},{"type":"Feature","properties":{"level":1008},"geometry":{"type":"LineString","coordinates":[[-119.5,35.22],[-120.52,36.75],[-120.25,37.26],[-119.5,36.96],[-119.0,36.3],[-119.14,35.75],[-118.81,35.25],[-119.5,35.22]]}},{"type":"Feature","properties":{"level":1008},"geometry":{"type":"LineString","coordinates":[[-112.82,37.25],[-111.75,37.45],[-111.19,38.0],[-111.35,39.0],[-110.75,39.74],[-110.49,39.75],[-110.87,40.25],[-109.66,40.75],[-110.75,41.02],[-111.46,40.75],[-111.57,40.5],[-111.23,40.0],[-111.65,39.75],[-111.61,39.0],[-112.5,38.57],[-112.69,38.0],[-113.37,37.5],[-112.82,37.25]]}},{"type":"Feature","properties":{"level":1008},"geometry":{"type":"LineString","coordinates":[[-122.0,38.45],[-122.41,39.25],[-122.0,40.09],[-121.51,39.5],[-121.39,38.75],[-121.75,38.4],[-122.0,38.45]]}},{"type":"Feature","properties":{"level":1008},"geometry":{"type":"LineString","coordinates":[[-118.09,38.5],[-117.75,38.33],[-117.5,38.55],[-116.75,38.46],[-115.97,39.0],[-115.91,39.5],[-116.55,40.0],[-117.5,39.95],[-118.0,39.62],[-118.25,39.82],[-118.44,39.25],[-118.09,38.5]]}},{"type":"Feature","properties":{"level":1008},"geometry":{"type":"LineString","coordinates":[[-35.0,46.73],[-35.5,47.33],[-36.68,48.0],[-39.82,48.5],[-44.0,48.4],[-49.0,49.0],[-49.96,48.75],[-51.0,47.88],[-52.0,47.89],[-54.0,49.45],[-54.82,50.5],[-56.0,51.49],[-56.76,51.75],[-56.97,52.25],[-58.5,53.38],[-58.75,53.97],[-59.2,54.25],[-59.5,55.07],[-60.25,55.66],[-62.14,56.5],[-63.0,57.83],[-64.0,58.25],[-63.61,58.5],[-63.62,58.75],[-66.5,58.9],[-70.44,60.0],[-72.54,61.5],[-73.21,63.0],[-72.0,64.08],[-70.0,64.74],[-67.52,64.75],[-69.69,66.25],[-69.57,67.0],[-69.25,67.15],[-67.5,66.99],[-67.3,67.0],[-67.65,67.25],[-67.0,67.28],[-66.0,67.03],[-65.75,66.28],[-64.5,65.94],[-63.25,66.07],[-61.92,66.75],[-63.19,67.0],[-63.25,67.25],[-64.5,68.0],[-66.22,68.25],[-65.5,68.78],[-65.28,69.5],[-67.22,70.25],[-60.26,73.0],[-59.71,73.5],[-59.9,73.75],[-59.75,74.0],[-59.25,74.05],[-56.0,73.1],[-54.75,71.72],[-53.0,71.81],[-52.26,71.5],[-52.25,71.16],[-51.0,70.92],[-48.87,70.0],[-47.46,68.75],[-46.19,66.75],[-45.96,66.0],[-45.31,65.25],[-45.2,64.75],[-43.42,63.5],[-42.25,63.24],[-38.5,64.19],[-33.5,64.46],[-25.39,62.5],[-22.66,57.75],[-22.46,56.75],[-22.74,55.75],[-25.71,52.75],[-27.75,50.97],[-29.36,50.0],[-29.38,49.75],[-30.25,49.68],[-30.74,49.0],[-31.5,48.81],[-33.72,47.25],[-35.0,46.73]]}},{"type":"Feature","properties":{"level":1008},"geometry":{"type":"LineString","coordinates":[[-115.0,49.2],[-115.5,49.56],[-116.25,49.5],[-116.52,50.5],[-116.24,51.0],[-116.75,51.81],[-116.25,51.83],[-115.75,51.51],[-115.94,51.25],[-115.18,50.75],[-114.17,49.25],[-115.0,49.2]]}},{"type":"Feature","properties":{"level":1008},"geometry":{"type":"LineString","coordinates":[[127.0,50.22],[126.5,50.85],[125.5,50.77],[123.25,51.42],[122.25,52.43],[121.58,52.75],[121.6,53.25],[122.5,53.71],[124.0,53.81],[127.16,52.75],[127.77,51.75],[127.74,50.75],[128.08,50.5],[127.0,50.22]]}},{"type":"Feature","properties":{"level":1008},"geometry":{"type":"LineString","coordinates":[[126.71,51.0],[126.91,51.0],[126.71,51.0]]}},{"type":"Feature","properties":{"level":1008},"geometry":{"type":"LineString","coordinates":[[-155.75,51.49],[-155.88,51.75],[-155.25,52.14],[-154.25,52.3],[-153.61,52.0],[-154.5,51.5],[-155.75,51.49]]}},{"type":"Feature","properties":{"level":1008},"geometry":{"type":"LineString","coordinates":[[180.0,51.3],[172.0,50.74],[168.5,51.09],[165.61,52.0],[166.32,52.25],[164.7,53.5],[164.69,53.75],[165.24,54.25],[165.02,55.25],[163.75,57.25],[162.88,58.0],[162.63,59.0],[163.12,59.25],[163.0,60.01],[162.02,61.25],[162.36,62.0],[161.61,63.0],[161.91,64.0],[162.5,64.17],[162.75,64.53],[163.35,64.5],[162.58,65.75],[162.73,66.25],[162.01,67.25],[161.83,68.25],[162.0,69.0],[163.19,69.75],[164.0,70.74],[165.75,72.11],[168.55,73.75],[172.75,75.24],[180.0,76.58]]}},{"type":"Feature","properties":{"level":1008},"geometry":{"type":"LineString","coordinates":[[164.75,52.17],[164.44,52.5],[165.43,52.25],[164.75,52.17]]}},{"type":"Feature","properties":{"level":1008},"geometry":{"type":"LineString","coordinates":[[55.0,53.47],[54.71,53.75],[54.75,54.1],[55.0,54.6],[55.5,54.86],[55.7,54.5],[55.36,53.5],[55.0,53.47]]}},{"type":"Feature","properties":{"level":1008},"geometry":{"type":"LineString","coordinates":[[17.75,54.71],[9.75,55.93],[7.5,56.49],[3.55,58.0],[2.39,58.75],[0.18,61.0],[-3.8,64.0],[-5.53,65.75],[-6.21,67.0],[-6.36,68.0],[-6.16,69.25],[-5.31,71.0],[-3.25,73.2],[-1.31,74.75],[2.42,76.75],[2.53,77.0],[2.22,77.5],[-2.47,78.75],[-10.5,80.39],[-13.0,81.15],[-14.5,81.07],[-14.92,81.25],[-13.55,81.75],[-14.0,81.9],[-23.93,83.25],[-23.76,83.5],[-24.08,83.75],[-25.14,84.0],[-41.75,85.39],[-45.2,86.0],[-45.84,86.5],[-44.75,87.0],[-43.36,87.25],[-38.5,87.73],[-19.0,88.54],[17.0,88.86],[52.75,88.63],[70.0,88.23],[82.52,87.5],[87.5,86.85],[90.24,86.25],[92.63,85.25],[93.52,84.5],[93.6,83.75],[91.65,81.25],[90.74,81.0],[87.75,78.62],[82.58,75.75],[86.68,73.5],[87.22,72.5],[86.86,71.5],[83.17,69.0],[80.75,67.83],[79.0,67.4],[75.5,67.03],[70.0,66.92],[71.24,67.5],[71.8,68.5],[68.58,72.0],[66.5,72.79],[65.44,73.5],[64.95,74.25],[64.86,75.5],[64.11,75.75],[66.05,76.5],[61.75,77.37],[55.0,78.0],[51.0,77.81],[49.0,77.12],[44.0,76.54],[41.75,76.06],[39.87,75.25],[38.21,74.0],[37.62,73.0],[37.92,72.25],[39.25,71.62],[41.71,71.0],[49.75,69.69],[57.25,67.85],[61.5,67.08],[64.25,66.83],[66.0,67.09],[67.0,66.73],[69.25,66.78],[69.65,66.5],[66.61,65.75],[63.46,64.25],[62.75,63.59],[62.01,62.25],[60.06,59.75],[59.18,59.5],[59.07,58.5],[58.5,58.33],[57.5,57.05],[56.0,55.9],[55.75,55.85],[55.5,56.91],[54.75,57.15],[53.5,57.08],[51.5,57.74],[46.75,56.55],[43.6,55.25],[40.0,54.56],[35.25,54.71],[33.5,55.05],[30.25,55.26],[17.75,54.71]]}},{"type":"Feature","properties":{"level":1008},"geometry":{"type":"LineString","coordinates":[[-136.0,58.22],[-135.43,58.25],[-136.0,58.22]]}},{"type":"Feature","properties":{"level":1008},"geometry":{"type":"LineString","coordinates":[[-149.67,60.25],[-148.5,60.17],[-148.54,60.75],[-148.29,61.0],[-147.03,61.5],[-147.25,61.69],[-148.5,61.65],[-149.67,60.25]]}},{"type":"Feature","properties":{"level":1008},"geometry":{"type":"LineString","coordinates":[[-148.8,62.25],[-147.38,62.25],[-148.0,62.63],[-148.5,62.61],[-148.8,62.25]]}},{"type":"Feature","properties":{"level":1008},"geometry":{"type":"LineString","coordinates":[[-151.65,62.75],[-150.75,62.71],[-150.41,63.0],[-151.25,63.1],[-151.65,62.75]]}},{"type":"Feature","properties":{"level":1008},"geometry":{"type":"LineString","coordinates":[[-147.83,62.75],[-146.87,62.75],[-147.25,63.39],[-148.56,63.25],[-147.83,62.75]]}},{"type":"Feature","properties":{"level":1008},"geometry":{"type":"LineString","coordinates":[[-128.38,63.25],[-127.75,63.03],[-126.81,63.25],[-127.5,63.57],[-128.38,63.25]]}},{"type":"Feature","properties":{"level":1008},"geometry":{"type":"LineString","coordinates":[[-130.02,63.5],[-129.75,63.29],[-128.75,63.36],[-128.49,63.75],[-129.5,63.93],[-129.17,64.25],[-130.22,64.75],[-129.94,65.0],[-130.25,65.06],[-131.0,64.92],[-132.5,65.24],[-134.11,64.75],[-133.25,64.11],[-130.5,63.78],[-130.02,63.5]]}},{"type":"Feature","properties":{"level":1008},"geometry":{"type":"LineString","coordinates":[[-65.56,63.5],[-65.06,63.75],[-65.58,64.5],[-66.0,64.66],[-66.5,64.47],[-66.64,64.25],[-65.56,63.5]]}},{"type":"Feature","properties":{"level":1008},"geometry":{"type":"LineString","coordinates":[[-180.0,76.58],[-170.5,76.37],[-158.0,75.21],[-155.5,75.16],[-142.25,76.26],[-132.75,76.45],[-126.75,76.05],[-122.15,75.25],[-121.36,75.0],[-120.86,74.5],[-122.16,74.0],[-122.03,73.25],[-122.68,72.5],[-122.77,72.0],[-123.26,71.75],[-122.97,71.5],[-123.38,71.25],[-123.37,70.5],[-124.41,68.0],[-122.07,64.25],[-122.24,63.25],[-121.77,61.75],[-121.36,61.25],[-121.9,60.5],[-121.88,59.5],[-120.67,58.25],[-122.0,57.09],[-122.5,57.09],[-123.87,58.5],[-123.5,59.06],[-124.5,59.04],[-125.26,58.25],[-125.25,57.85],[-125.75,57.6],[-126.0,56.42],[-127.0,56.17],[-128.5,56.73],[-128.5,57.13],[-130.25,58.14],[-130.63,58.5],[-130.25,59.02],[-132.5,58.8],[-132.75,59.17],[-133.5,59.47],[-133.75,59.21],[-134.03,59.25],[-133.88,59.5],[-134.75,59.34],[-135.29,59.5],[-135.08,60.0],[-135.25,60.14],[-135.75,59.83],[-136.5,60.0],[-136.75,59.53],[-137.0,59.57],[-138.0,60.05],[-138.12,60.25],[-137.88,60.5],[-139.0,61.11],[-142.0,61.83],[-142.25,61.73],[-142.5,62.25],[-144.25,62.36],[-144.48,62.0],[-143.55,61.5],[-145.0,61.17],[-144.98,60.75],[-143.0,60.44],[-141.75,59.95],[-140.75,59.81],[-140.5,60.01],[-139.59,59.75],[-139.0,59.21],[-138.25,59.03],[-137.25,58.3],[-136.37,58.25],[-136.19,57.5],[-136.75,57.34],[-138.22,57.5],[-139.25,58.45],[-140.0,58.22],[-144.75,58.22],[-148.5,57.6],[-153.5,55.24],[-158.75,53.47],[-168.75,52.68],[-180.0,51.3]]}},{"type":"Feature","properties":{"level":1012},"geometry":{"type":"LineString","coordinates":[[180.0,-88.95],[150.5,-88.85],[131.04,-88.0],[131.26,-87.75],[132.75,-87.42],[138.96,-86.75],[139.3,-86.25],[133.75,-85.95],[128.84,-85.0],[130.62,-84.5],[130.81,-84.25],[130.5,-84.0],[131.42,-83.25],[131.04,-83.0],[131.12,-82.75],[136.17,-81.0],[132.75,-80.35],[132.26,-80.0],[131.88,-79.25],[128.78,-78.25],[126.25,-76.96],[121.15,-76.0],[119.03,-75.0],[113.5,-74.06],[105.25,-73.54],[104.0,-73.71],[103.75,-74.04],[102.25,-74.16],[101.5,-74.5],[100.8,-75.25],[101.9,-75.5],[101.39,-76.5],[101.39,-77.25],[99.25,-77.98],[92.02,-78.5],[83.25,-78.55],[75.0,-78.41],[64.5,-77.57],[62.75,-77.18],[61.25,-76.19],[59.5,-75.79],[58.03,-75.0],[57.75,-74.41],[56.5,-73.94],[41.75,-73.38],[32.25,-73.65],[26.5,-73.16],[24.25,-73.69],[20.51,-73.75],[20.8,-74.0],[18.75,-74.21],[18.11,-74.5],[20.0,-75.35],[20.76,-76.25],[22.0,-76.92],[32.6,-80.75],[35.5,-81.01],[42.25,-81.09],[46.1,-82.0],[46.3,-82.25],[45.75,-82.54],[42.5,-83.05],[32.0,-83.88],[22.5,-84.01],[16.75,-83.81],[11.65,-84.0],[7.07,-84.5],[-4.25,-86.67],[-10.43,-87.0],[-29.25,-87.27],[-57.5,-86.64],[-73.0,-87.06],[-87.0,-86.97],[-93.66,-86.25],[-89.87,-86.0],[-91.27,-85.75],[-96.0,-85.67],[-97.5,-85.73],[-99.16,-86.25],[-99.13,-86.5],[-113.77,-86.75],[-120.9,-87.5],[-118.47,-88.0],[-119.7,-88.25],[-134.5,-88.31],[-136.9,-88.25],[-131.88,-88.0],[-142.75,-87.79],[-148.94,-88.0],[-142.39,-88.25],[-153.07,-88.75],[-180.0,-88.95]]}},{"type":"Feature","properties":{"level":1012},"geometry":{"type":"LineString","coordinates":[[18.83,-83.0],[21.27,-83.0],[22.4,-82.75],[19.75,-82.35],[15.5,-82.18],[13.2,-82.5],[13.39,-82.75],[18.83,-83.0]]}},{"type":"Feature","properties":{"level":1012},"geometry":{"type":"LineString","coordinates":[[11.21,-81.5],[13.19,-81.5],[12.0,-81.29],[11.21,-81.5]]}},{"type":"Feature","properties":{"level":1012},"geometry":{"type":"LineString","coordinates":[[12.94,-81.0],[14.61,-81.0],[17.73,-80.25],[16.86,-79.75],[15.75,-79.5],[10.5,-79.52],[9.18,-79.75],[10.27,-80.25],[10.17,-80.5],[12.94,-81.0]]}},{"type":"Feature","properties":{"level":1012},"geometry":{"type":"LineString","coordinates":[[8.19,-74.75],[10.0,-74.97],[12.87,-74.0],[11.75,-73.61],[8.75,-73.37],[6.75,-74.0],[8.19,-74.75]]}},{"type":"Feature","properties":{"level":1012},"geometry":{"type":"LineString","coordinates":[[-180.0,-52.76],[-173.75,-53.02],[-168.75,-52.83],[-164.0,-52.33],[-159.75,-51.54],[-151.5,-49.01],[-148.5,-47.67],[-146.6,-46.0],[-145.77,-44.75],[-144.39,-41.0],[-143.61,-39.75],[-142.08,-38.0],[-139.92,-36.25],[-136.75,-34.42],[-133.25,-33.51],[-131.0,-33.28],[-127.75,-33.58],[-124.0,-34.29],[-118.5,-36.1],[-112.0,-39.02],[-106.0,-41.22],[-94.75,-44.16],[-92.0,-44.11],[-86.0,-42.65],[-83.25,-42.65],[-80.5,-43.25],[-76.75,-44.88],[-75.75,-45.75],[-75.18,-47.5],[-75.33,-48.0],[-74.15,-48.0],[-74.09,-48.25],[-74.68,-48.75],[-74.29,-49.25],[-73.9,-50.5],[-74.02,-50.75],[-73.5,-51.26],[-72.98,-51.0],[-72.98,-49.5],[-72.63,-48.75],[-72.0,-47.82],[-71.69,-47.75],[-72.0,-47.66],[-72.0,-47.32],[-71.01,-47.25],[-70.75,-47.69],[-70.33,-47.75],[-70.37,-48.25],[-69.64,-48.75],[-69.4,-49.5],[-70.01,-49.75],[-69.78,-50.0],[-69.9,-50.5],[-69.52,-51.0],[-69.68,-51.75],[-70.5,-52.47],[-72.75,-52.52],[-72.97,-52.75],[-72.68,-53.0],[-72.77,-53.75],[-72.09,-54.25],[-72.25,-54.68],[-73.0,-55.03],[-74.75,-55.33],[-75.29,-56.0],[-74.74,-57.5],[-73.83,-58.5],[-70.92,-60.0],[-69.25,-60.3],[-65.5,-60.39],[-53.5,-59.68],[-46.25,-60.13],[-44.75,-60.03],[-42.0,-59.43],[-38.85,-57.5],[-35.92,-55.0],[-36.15,-54.5],[-36.83,-54.0],[-36.75,-53.63],[-36.0,-52.81],[-35.25,-52.76],[-33.83,-51.75],[-30.52,-48.5],[-28.35,-46.75],[-24.08,-44.5],[-16.62,-41.5],[-14.41,-40.25],[-9.28,-35.0],[-8.27,-33.5],[-6.39,-32.0],[-5.75,-30.93],[-5.63,-30.25],[-5.17,-30.25],[-6.05,-29.5],[-5.75,-29.35],[-3.25,-29.65],[0.5,-30.52],[3.75,-32.31],[5.85,-33.75],[8.17,-36.75],[10.7,-43.0],[12.25,-45.87],[13.75,-47.92],[16.25,-50.05],[18.96,-54.25],[21.25,-56.04],[26.75,-58.61],[32.25,-60.18],[36.75,-60.22],[40.75,-59.23],[42.95,-58.25],[46.5,-55.86],[49.02,-54.5],[52.25,-53.06],[56.0,-51.82],[62.75,-50.37],[68.75,-49.39],[69.25,-49.03],[72.5,-48.82],[76.75,-48.14],[82.0,-46.87],[84.75,-45.61],[92.0,-45.29],[112.25,-45.52],[119.25,-44.98],[124.0,-45.02],[127.75,-45.37],[130.75,-44.81],[134.0,-43.42],[139.25,-43.58],[141.5,-42.63],[143.0,-42.9],[154.75,-47.08],[161.0,-48.75],[165.5,-49.0],[173.0,-51.42],[176.75,-52.37],[180.0,-52.76]]}},{"type":"Feature","properties":{"level":1012},"geometry":{"type":"LineString","coordinates":[[132.71,-28.25],[133.0,-28.29],[133.0,-27.78],[132.75,-27.78],[132.71,-28.25]]}},{"type":"Feature","properties":{"level":1012},"geometry":{"type":"LineString","coordinates":[[146.25,-28.28],[145.87,-28.0],[146.0,-27.21],[146.5,-27.35],[147.22,-28.0],[146.75,-28.33],[146.25,-28.28]]}},{"type":"Feature","properties":{"level":1012},"geometry":{"type":"LineString","coordinates":[[15.25,-27.27],[14.82,-26.75],[14.63,-25.75],[15.0,-25.08],[15.69,-26.25],[15.78,-27.0],[15.5,-27.42],[15.25,-27.27]]}},{"type":"Feature","properties":{"level":1012},"geometry":{"type":"LineString","coordinates":[[141.5,-26.6],[141.34,-26.5],[141.5,-26.33],[141.9,-26.5],[141.5,-26.6]]}},{"type":"Feature","properties":{"level":1012},"geometry":{"type":"LineString","coordinates":[[143.25,-26.51],[143.42,-26.5],[143.25,-26.51]]}},{"type":"Feature","properties":{"level":1012},"geometry":{"type":"LineString","coordinates":[[134.27,-24.0],[134.81,-24.0],[135.0,-23.19],[134.0,-23.41],[133.76,-23.75],[134.27,-24.0]]}},{"type":"Feature","properties":{"level":1012},"geometry":{"type":"LineString","coordinates":[[132.49,-23.5],[132.75,-23.59],[133.16,-23.25],[133.25,-22.5],[132.5,-23.22],[132.19,-23.0],[132.49,-23.5]]}},{"type":"Feature","properties":{"level":1012},"geometry":{"type":"LineString","coordinates":[[134.69,-22.5],[135.19,-22.25],[134.5,-21.47],[134.14,-21.75],[134.12,-22.25],[134.25,-22.49],[134.69,-22.5]]}},{"type":"Feature","properties":{"level":1012},"geometry":{"type":"LineString","coordinates":[[-48.28,-21.75],[-48.02,-21.5],[-48.34,-21.25],[-48.25,-20.78],[-47.5,-21.04],[-47.0,-20.35],[-46.5,-20.25],[-46.75,-19.49],[-47.71,-19.25],[-47.61,-19.0],[-48.03,-18.5],[-48.0,-18.19],[-48.93,-18.25],[-48.5,-17.12],[-49.5,-17.1],[-50.0,-17.7],[-50.75,-17.7],[-50.81,-18.25],[-50.5,-18.63],[-49.93,-18.5],[-49.66,-19.0],[-50.02,-19.25],[-49.83,-19.75],[-48.88,-20.75],[-48.85,-21.0],[-49.16,-21.25],[-48.28,-21.75]]}},{"type":"Feature","properties":{"level":1012},"geometry":{"type":"LineString","coordinates":[[13.5,-20.11],[13.5,-19.94],[13.5,-20.11]]}},{"type":"Feature","properties":{"level":1012},"geometry":{"type":"LineString","coordinates":[[139.7,-17.5],[140.12,-17.5],[140.29,-17.25],[140.0,-15.35],[139.25,-14.62],[138.22,-14.75],[138.23,-16.0],[139.0,-16.77],[139.5,-16.38],[139.67,-16.75],[139.23,-17.0],[139.7,-17.5]]}},{"type":"Feature","properties":{"level":1012},"geometry":{"type":"LineString","coordinates":[[137.7,-16.5],[138.03,-16.5],[138.0,-16.08],[136.95,-15.75],[137.7,-16.5]]}},{"type":"Feature","properties":{"level":1012},"geometry":{"type":"LineString","coordinates":[[180.0,-11.11],[178.75,-11.78],[175.5,-11.73],[170.75,-12.58],[169.5,-12.5],[167.75,-11.97],[167.5,-11.66],[166.25,-11.59],[165.75,-11.72],[164.75,-12.77],[163.75,-13.29],[160.82,-13.75],[159.75,-14.19],[157.0,-14.31],[151.75,-13.73],[143.45,-12.25],[143.11,-13.75],[143.5,-14.35],[144.0,-14.18],[144.67,-14.75],[144.65,-16.0],[145.09,-17.25],[144.73,-18.25],[145.39,-19.0],[145.29,-19.5],[144.25,-19.22],[144.14,-19.5],[144.25,-20.14],[145.13,-21.0],[145.34,-22.25],[145.0,-22.78],[144.25,-22.61],[143.55,-23.0],[143.55,-24.0],[144.44,-25.25],[144.25,-25.41],[143.5,-25.28],[143.25,-25.53],[143.12,-25.25],[142.25,-24.87],[142.68,-25.5],[142.75,-26.09],[142.0,-26.12],[141.25,-25.79],[140.0,-26.26],[139.92,-26.0],[139.25,-25.87],[138.74,-26.75],[138.0,-26.92],[137.0,-26.58],[135.75,-26.96],[135.39,-27.5],[135.5,-27.75],[135.01,-29.0],[135.43,-30.0],[135.13,-30.75],[133.5,-31.73],[133.43,-32.25],[132.75,-32.75],[131.75,-32.44],[130.5,-32.93],[130.0,-32.66],[128.75,-32.67],[127.75,-32.18],[126.5,-32.15],[123.5,-31.46],[123.25,-31.7],[122.5,-31.55],[122.29,-32.25],[121.75,-32.27],[120.5,-31.75],[119.5,-31.74],[116.08,-30.25],[114.71,-27.75],[114.41,-26.5],[115.0,-25.5],[114.89,-25.0],[115.15,-24.25],[114.85,-22.5],[115.22,-22.25],[115.37,-21.75],[116.75,-20.92],[120.25,-20.02],[121.55,-19.25],[122.46,-18.0],[122.32,-17.0],[123.36,-16.0],[124.09,-14.25],[124.0,-12.96],[122.75,-12.31],[120.25,-11.79],[118.87,-12.5],[117.0,-12.91],[115.5,-12.14],[114.5,-12.29],[113.25,-11.81],[111.25,-11.47],[108.5,-11.42],[107.75,-11.64],[106.0,-11.41],[101.75,-9.88],[101.07,-10.5],[100.5,-10.58],[99.75,-9.88],[97.5,-9.47],[95.75,-8.72],[94.93,-8.0],[94.61,-7.25],[92.75,-5.76],[90.5,-4.75],[90.05,-4.25],[90.49,-4.0],[90.07,-3.25],[88.19,-2.75],[88.77,-2.5],[88.34,-1.5],[88.5,-1.25],[88.41,0.0],[88.01,0.5],[88.48,1.5],[88.0,1.78],[87.15,1.75],[86.0,2.43],[85.25,2.44],[85.0,2.25],[85.75,2.0],[85.0,1.8],[84.81,2.0],[85.0,2.25],[84.13,2.25],[83.75,3.17],[83.0,3.29],[82.38,4.0],[81.5,4.36],[80.75,5.09],[79.77,6.5],[79.75,7.86],[78.75,6.7],[76.94,7.0],[76.9,7.75],[76.0,8.25],[75.16,9.25],[75.05,10.5],[75.3,11.0],[75.27,11.75],[74.75,11.96],[74.25,11.57],[73.75,11.63],[73.55,12.25],[74.46,13.25],[73.99,14.0],[74.25,14.67],[74.54,14.5],[74.5,13.88],[75.0,13.62],[75.03,13.25],[75.52,12.75],[75.33,12.25],[76.39,11.0],[77.31,11.0],[77.25,11.28],[77.5,11.21],[78.0,11.73],[78.25,11.3],[78.57,11.25],[78.86,11.75],[78.8,12.25],[79.08,12.5],[78.89,13.0],[79.4,13.75],[79.25,14.02],[78.75,13.98],[77.88,14.5],[77.91,15.0],[78.28,15.5],[78.12,16.0],[78.6,16.0],[78.75,15.15],[79.3,16.0],[79.93,16.25],[79.09,16.75],[79.25,17.03],[81.0,16.89],[82.5,17.35],[83.19,18.0],[83.5,18.72],[84.5,18.85],[84.66,20.0],[85.15,20.0],[84.91,20.5],[85.21,20.75],[84.98,21.25],[85.75,21.12],[86.63,21.75],[86.4,23.75],[87.57,24.5],[87.37,26.0],[88.51,26.75],[89.75,26.54],[92.25,26.79],[92.75,27.03],[93.25,26.92],[94.25,27.44],[94.75,28.26],[95.0,28.02],[95.75,28.07],[96.25,27.83],[96.54,27.0],[97.25,26.61],[97.43,27.0],[97.3,27.5],[98.02,27.5],[97.89,27.0],[98.25,26.0],[97.6,24.75],[97.75,24.53],[98.25,25.03],[98.5,24.5],[98.0,24.11],[97.75,24.43],[97.5,24.38],[97.5,24.02],[97.78,24.0],[97.5,23.99],[96.96,23.25],[97.0,22.61],[97.25,22.71],[97.5,23.4],[97.75,23.39],[97.94,23.25],[97.7,22.25],[98.0,22.35],[98.5,22.01],[99.5,22.63],[100.0,22.52],[100.5,24.09],[101.0,23.75],[101.0,23.41],[101.0,23.75],[101.5,23.85],[101.17,24.75],[100.68,24.75],[100.5,24.38],[100.07,24.5],[99.24,25.5],[99.15,26.0],[99.4,26.0],[99.5,25.68],[99.75,26.25],[100.06,26.25],[99.76,26.5],[99.83,27.0],[100.29,27.0],[100.06,27.5],[100.25,29.0],[101.0,29.49],[101.25,29.07],[101.52,29.25],[100.75,29.85],[100.25,29.88],[100.21,30.25],[99.68,30.75],[99.31,30.75],[99.35,30.25],[98.72,29.5],[99.5,29.06],[99.27,28.75],[99.45,28.25],[99.25,28.2],[99.22,28.75],[98.35,29.5],[97.95,30.25],[96.75,31.01],[96.37,31.0],[96.25,30.7],[96.0,30.93],[95.75,30.79],[94.65,31.0],[95.25,31.62],[95.94,31.75],[95.29,32.25],[95.69,33.5],[98.75,34.7],[101.0,34.35],[101.79,34.5],[102.25,34.97],[103.25,34.82],[103.5,34.54],[104.0,34.65],[104.5,34.28],[104.75,33.57],[105.37,33.5],[105.25,32.52],[105.5,32.87],[105.75,32.84],[106.5,31.97],[108.0,32.36],[108.89,32.0],[108.48,31.75],[108.54,31.5],[109.61,31.0],[108.5,30.49],[106.65,28.25],[107.44,27.25],[107.04,26.75],[106.75,26.82],[106.25,26.35],[106.0,26.59],[105.26,26.5],[105.65,26.25],[106.0,25.24],[106.25,25.1],[106.75,25.34],[106.62,25.0],[106.0,24.81],[105.5,25.61],[105.0,25.78],[104.26,25.25],[104.25,25.0],[103.64,24.75],[103.39,24.25],[103.6,24.0],[103.26,23.5],[103.0,23.74],[102.54,23.5],[102.92,23.25],[102.62,23.0],[102.8,22.75],[102.63,22.5],[103.05,22.0],[102.93,21.75],[103.28,20.75],[103.08,20.25],[103.26,20.0],[102.25,19.76],[102.01,20.0],[102.26,20.75],[102.0,20.7],[100.94,19.25],[101.25,18.32],[102.25,18.73],[102.75,18.32],[104.25,18.59],[105.0,17.73],[105.53,17.5],[105.71,17.0],[106.0,17.02],[106.5,16.58],[106.89,16.75],[106.75,17.5],[107.25,18.5],[108.25,19.42],[109.5,19.85],[109.64,19.75],[109.25,19.46],[109.15,19.0],[109.5,18.73],[110.0,18.74],[110.13,19.0],[109.89,19.75],[111.75,20.5],[113.25,20.54],[118.25,21.83],[120.75,24.54],[120.89,24.0],[120.58,23.5],[120.6,22.5],[121.0,22.12],[121.25,22.5],[124.25,23.6],[132.25,24.74],[134.75,25.61],[139.5,26.58],[142.5,26.91],[147.5,26.56],[150.75,26.74],[152.25,26.52],[157.25,27.33],[158.25,27.25],[159.0,26.92],[162.25,26.76],[165.25,25.12],[165.41,24.75],[166.0,24.43],[166.5,24.52],[168.0,23.92],[168.75,24.2],[169.25,24.06],[170.25,24.5],[170.59,25.0],[171.48,25.5],[171.86,26.75],[172.53,27.5],[172.95,29.25],[173.64,30.75],[174.84,32.0],[176.25,32.82],[177.25,33.03],[178.75,32.9],[180.0,32.26]]}},{"type":"Feature","properties":{"level":1012},"geometry":{"type":"LineString","coordinates":[[147.96,-9.5],[148.12,-9.25],[147.5,-8.35],[146.75,-7.81],[147.21,-8.75],[147.96,-9.5]]}},{"type":"Feature","properties":{"level":1012},"geometry":{"type":"LineString","coordinates":[[121.85,-8.75],[122.06,-8.75],[121.85,-8.75]]}},{"type":"Feature","properties":{"level":1012},"geometry":{"type":"LineString","coordinates":[[-76.5,-7.06],[-76.5,-6.9],[-76.5,-7.06]]}},{"type":"Feature","properties":{"level":1012},"geometry":{"type":"LineString","coordinates":[[-38.0,-7.04],[-38.0,-6.79],[-38.0,-7.04]]}},{"type":"Feature","properties":{"level":1012},"geometry":{"type":"LineString","coordinates":[[-80.0,-6.52],[-80.0,-6.04],[-79.63,-6.5],[-79.75,-6.69],[-80.0,-6.52]]}},{"type":"Feature","properties":{"level":1012},"geometry":{"type":"LineString","coordinates":[[-39.86,-6.25],[-39.5,-6.34],[-39.05,-5.75],[-39.25,-5.58],[-39.75,-5.88],[-39.86,-6.25]]}},{"type":"Feature","properties":{"level":1012},"geometry":{"type":"LineString","coordinates":[[143.72,-6.25],[144.0,-6.28],[144.06,-5.75],[143.74,-5.25],[143.2,-5.0],[142.8,-5.75],[143.72,-6.25]]}},{"type":"Feature","properties":{"level":1012},"geometry":{"type":"LineString","coordinates":[[-39.81,-5.5],[-39.75,-5.66],[-39.54,-5.5],[-39.75,-5.34],[-39.81,-5.5]]}},{"type":"Feature","properties":{"level":1012},"geometry":{"type":"LineString","coordinates":[[21.5,-5.68],[21.19,-5.0],[21.5,-4.8],[21.44,-4.25],[22.46,-4.0],[22.51,-4.25],[21.56,-5.25],[21.5,-5.68]]}},{"type":"Feature","properties":{"level":1012},"geometry":{"type":"LineString","coordinates":[[141.29,-5.25],[142.0,-5.25],[139.25,-3.89],[138.97,-4.0],[138.64,-3.75],[138.68,-3.5],[137.5,-3.76],[136.75,-3.56],[136.32,-4.0],[137.25,-4.37],[139.5,-4.6],[141.29,-5.25]]}},{"type":"Feature","properties":{"level":1012},"geometry":{"type":"LineString","coordinates":[[89.0,-4.02],[89.14,-3.75],[88.71,-3.5],[89.0,-3.33],[89.54,-3.75],[89.51,-4.0],[89.0,-4.02]]}},{"type":"Feature","properties":{"level":1012},"geometry":{"type":"LineString","coordinates":[[101.44,-2.25],[101.51,-1.75],[100.5,-0.83],[100.55,-1.25],[101.44,-2.25]]}},{"type":"Feature","properties":{"level":1012},"geometry":{"type":"LineString","coordinates":[[99.5,0.5],[99.82,0.5],[99.33,0.75],[99.5,0.5]]}},{"type":"Feature","properties":{"level":1012},"geometry":{"type":"LineString","coordinates":[[36.25,1.36],[35.75,2.2],[35.5,2.0],[35.5,2.5],[35.09,2.75],[36.25,3.94],[36.87,3.0],[36.25,1.36]]}},{"type":"Feature","properties":{"level":1012},"geometry":{"type":"LineString","coordinates":[[88.56,1.5],[88.8,1.5],[88.56,1.5]]}},{"type":"Feature","properties":{"level":1012},"geometry":{"type":"LineString","coordinates":[[98.69,2.0],[99.0,1.76],[99.12,2.0],[98.53,3.0],[98.34,3.0],[98.18,2.5],[98.69,2.0]]}},{"type":"Feature","properties":{"level":1012},"geometry":{"type":"LineString","coordinates":[[5.0,2.23],[4.8,2.75],[4.99,3.5],[4.74,3.75],[5.0,4.25],[4.85,5.25],[4.25,5.2],[3.5,4.77],[2.5,5.48],[1.5,5.59],[1.38,6.75],[3.5,6.27],[4.5,6.68],[4.96,6.5],[5.25,6.06],[5.75,6.14],[6.25,5.77],[6.69,6.25],[6.11,7.0],[6.75,7.2],[7.02,7.0],[6.75,5.7],[6.0,5.19],[5.75,4.39],[5.01,4.25],[5.04,4.0],[5.8,3.5],[5.3,3.0],[5.57,2.25],[5.0,2.23]]}},{"type":"Feature","properties":{"level":1012},"geometry":{"type":"LineString","coordinates":[[3.75,2.9],[2.59,3.5],[3.0,3.67],[3.5,3.52],[4.04,3.0],[3.75,2.9]]}},{"type":"Feature","properties":{"level":1012},"geometry":{"type":"LineString","coordinates":[[84.4,3.0],[84.64,3.0],[84.4,3.0]]}},{"type":"Feature","properties":{"level":1012},"geometry":{"type":"LineString","coordinates":[[9.25,3.14],[9.05,3.25],[9.25,3.63],[9.77,3.25],[9.25,3.14]]}},{"type":"Feature","properties":{"level":1012},"geometry":{"type":"LineString","coordinates":[[97.27,3.25],[97.75,3.13],[97.75,3.8],[96.34,5.0],[95.56,5.0],[96.25,4.56],[97.27,3.25]]}},{"type":"Feature","properties":{"level":1012},"geometry":{"type":"LineString","coordinates":[[36.25,4.13],[36.25,4.46],[36.25,4.13]]}},{"type":"Feature","properties":{"level":1012},"geometry":{"type":"LineString","coordinates":[[-10.25,4.5],[-10.69,4.75],[-10.25,4.88],[-10.05,4.75],[-10.25,4.5]]}},{"type":"Feature","properties":{"level":1012},"geometry":{"type":"LineString","coordinates":[[-9.5,4.48],[-9.61,4.75],[-9.25,4.88],[-8.95,4.5],[-9.5,4.48]]}},{"type":"Feature","properties":{"level":1012},"geometry":{"type":"LineString","coordinates":[[8.25,4.48],[8.08,4.75],[8.25,4.86],[8.25,4.48]]}},{"type":"Feature","properties":{"level":1012},"geometry":{"type":"LineString","coordinates":[[1.25,4.71],[1.1,5.0],[1.5,5.44],[1.64,4.75],[1.25,4.71]]}},{"type":"Feature","properties":{"level":1012},"geometry":{"type":"LineString","coordinates":[[-105.03,5.0],[-105.0,4.77],[-105.03,5.0]]}},{"type":"Feature","properties":{"level":1012},"geometry":{"type":"LineString","coordinates":[[-12.25,6.2],[-12.44,6.25],[-12.25,6.2]]}},{"type":"Feature","properties":{"level":1012},"geometry":{"type":"LineString","coordinates":[[80.33,6.5],[80.5,6.27],[81.17,6.75],[81.25,7.0],[80.75,7.6],[80.44,7.5],[80.33,6.5]]}},{"type":"Feature","properties":{"level":1012},"geometry":{"type":"LineString","coordinates":[[-113.39,6.75],[-112.91,6.75],[-113.39,6.75]]}},{"type":"Feature","properties":{"level":1012},"geometry":{"type":"LineString","coordinates":[[6.92,8.25],[7.0,8.04],[8.0,8.27],[8.25,8.11],[8.47,8.25],[8.16,8.5],[8.25,8.71],[9.5,9.21],[9.17,11.0],[7.25,11.65],[6.69,11.5],[6.86,11.25],[6.43,10.5],[6.77,10.0],[6.69,9.25],[7.03,9.0],[6.76,8.5],[6.92,8.25]]}},{"type":"Feature","properties":{"level":1012},"geometry":{"type":"LineString","coordinates":[[-82.05,8.5],[-80.92,8.5],[-82.25,8.96],[-84.0,10.45],[-85.5,11.16],[-85.65,11.0],[-84.0,9.43],[-82.75,8.64],[-82.05,8.5]]}},{"type":"Feature","properties":{"level":1012},"geometry":{"type":"LineString","coordinates":[[33.65,8.5],[33.87,8.5],[33.65,8.5]]}},{"type":"Feature","properties":{"level":1012},"geometry":{"type":"LineString","coordinates":[[77.16,8.5],[77.56,8.5],[77.33,9.0],[77.68,10.0],[78.25,10.21],[78.25,10.51],[78.0,10.38],[77.25,10.71],[76.59,10.5],[77.16,8.5]]}},{"type":"Feature","properties":{"level":1012},"geometry":{"type":"LineString","coordinates":[[-73.05,9.75],[-73.0,9.6],[-72.61,10.25],[-72.75,10.67],[-73.12,10.25],[-73.05,9.75]]}},{"type":"Feature","properties":{"level":1012},"geometry":{"type":"LineString","coordinates":[[18.93,9.75],[19.12,9.75],[19.0,10.34],[18.66,10.0],[18.93,9.75]]}},{"type":"Feature","properties":{"level":1012},"geometry":{"type":"LineString","coordinates":[[28.02,9.75],[28.25,9.56],[28.5,9.67],[28.76,10.25],[28.5,10.35],[27.82,10.0],[28.02,9.75]]}},{"type":"Feature","properties":{"level":1012},"geometry":{"type":"LineString","coordinates":[[44.25,10.48],[43.96,10.75],[44.25,10.79],[44.25,10.48]]}},{"type":"Feature","properties":{"level":1012},"geometry":{"type":"LineString","coordinates":[[45.0,10.47],[44.84,10.5],[45.0,10.74],[45.55,10.75],[45.0,10.47]]}},{"type":"Feature","properties":{"level":1012},"geometry":{"type":"LineString","coordinates":[[-5.6,10.75],[-5.25,10.66],[-4.71,11.0],[-5.75,11.08],[-5.6,10.75]]}},{"type":"Feature","properties":{"level":1012},"geometry":{"type":"LineString","coordinates":[[42.25,11.35],[42.25,11.55],[42.25,11.35]]}},{"type":"Feature","properties":{"level":1012},"geometry":{"type":"LineString","coordinates":[[-86.68,11.75],[-86.0,11.55],[-85.75,12.15],[-85.0,12.0],[-85.3,13.5],[-84.59,14.0],[-85.0,14.41],[-85.26,14.25],[-85.31,14.75],[-85.03,15.25],[-86.75,15.43],[-87.5,15.29],[-87.75,14.95],[-89.25,15.06],[-90.0,15.53],[-91.0,15.69],[-91.64,16.25],[-91.91,17.0],[-93.09,17.25],[-92.94,16.75],[-91.92,16.0],[-92.0,15.7],[-93.04,15.75],[-92.25,14.97],[-90.13,13.75],[-89.75,12.88],[-89.25,12.42],[-89.0,12.33],[-88.5,12.87],[-88.0,12.76],[-86.68,11.75]]}},{"type":"Feature","properties":{"level":1012},"geometry":{"type":"LineString","coordinates":[[41.0,11.76],[41.0,12.01],[41.0,11.76]]}},{"type":"Feature","properties":{"level":1012},"geometry":{"type":"LineString","coordinates":[[80.9,12.75],[81.0,12.51],[81.25,12.57],[82.5,13.81],[83.08,15.25],[83.05,15.75],[84.02,17.25],[84.2,17.75],[84.0,17.91],[82.62,17.25],[82.0,16.28],[81.25,16.28],[81.0,15.75],[80.5,15.61],[80.21,14.0],[80.9,12.75]]}},{"type":"Feature","properties":{"level":1012},"geometry":{"type":"LineString","coordinates":[[-117.41,13.25],[-116.93,13.5],[-117.0,14.41],[-117.73,13.75],[-117.41,13.25]]}},{"type":"Feature","properties":{"level":1012},"geometry":{"type":"LineString","coordinates":[[108.18,14.75],[108.45,14.75],[107.5,15.7],[107.74,16.0],[107.0,16.52],[106.74,16.25],[107.22,15.5],[108.18,14.75]]}},{"type":"Feature","properties":{"level":1012},"geometry":{"type":"LineString","coordinates":[[98.68,15.25],[99.25,15.2],[99.34,15.5],[99.27,16.25],[99.0,16.54],[98.68,15.25]]}},{"type":"Feature","properties":{"level":1012},"geometry":{"type":"LineString","coordinates":[[-61.31,15.5],[-61.25,15.32],[-61.31,15.5]]}},{"type":"Feature","properties":{"level":1012},"geometry":{"type":"LineString","coordinates":[[-96.71,16.0],[-96.03,16.0],[-95.58,17.0],[-96.78,18.5],[-96.62,19.75],[-97.75,20.2],[-99.25,21.75],[-99.3,22.75],[-99.03,23.5],[-100.31,25.75],[-100.25,26.13],[-99.87,26.0],[-100.5,26.44],[-101.0,26.3],[-101.0,26.78],[-101.89,26.75],[-102.31,26.25],[-101.68,25.75],[-102.26,25.5],[-101.57,24.25],[-101.75,23.91],[-102.25,23.72],[-102.5,24.26],[-104.0,25.02],[-104.5,25.0],[-104.56,25.25],[-103.9,25.5],[-103.94,25.75],[-104.69,26.25],[-105.5,27.25],[-106.25,27.0],[-106.58,28.0],[-106.23,28.5],[-106.5,29.66],[-107.5,29.89],[-108.25,30.57],[-108.75,30.61],[-109.04,30.0],[-108.71,29.25],[-109.06,28.5],[-109.03,28.0],[-108.75,27.92],[-108.47,27.25],[-107.87,27.0],[-107.96,26.5],[-106.35,24.75],[-105.8,23.5],[-104.96,23.0],[-104.75,22.23],[-104.5,22.62],[-104.3,22.5],[-104.08,21.75],[-103.88,22.25],[-104.21,22.5],[-104.0,22.99],[-103.5,22.44],[-102.75,22.56],[-102.63,22.0],[-102.13,22.0],[-101.31,20.75],[-101.33,20.5],[-102.5,20.08],[-103.75,20.33],[-103.75,19.62],[-103.5,19.49],[-103.25,19.73],[-102.75,19.71],[-102.25,19.28],[-101.5,19.13],[-100.5,19.37],[-99.75,18.48],[-99.25,18.85],[-98.07,18.75],[-97.88,18.25],[-98.0,17.7],[-101.05,17.75],[-100.0,17.25],[-99.25,17.41],[-98.75,17.03],[-98.0,17.03],[-97.27,16.25],[-96.71,16.0]]}},{"type":"Feature","properties":{"level":1012},"geometry":{"type":"LineString","coordinates":[[100.98,16.5],[101.25,17.16],[101.5,16.35],[101.75,16.27],[101.93,16.5],[101.65,17.5],[101.25,17.84],[100.88,17.5],[100.98,16.5]]}},{"type":"Feature","properties":{"level":1012},"geometry":{"type":"LineString","coordinates":[[-78.95,18.0],[-78.72,18.0],[-78.95,18.0]]}},{"type":"Feature","properties":{"level":1012},"geometry":{"type":"LineString","coordinates":[[49.5,17.98],[49.5,18.26],[49.89,18.0],[49.5,17.98]]}},{"type":"Feature","properties":{"level":1012},"geometry":{"type":"LineString","coordinates":[[-79.86,18.25],[-79.53,18.25],[-79.86,18.25]]}},{"type":"Feature","properties":{"level":1012},"geometry":{"type":"LineString","coordinates":[[13.2,18.25],[13.83,18.75],[14.0,19.52],[13.6,19.25],[13.2,18.25]]}},{"type":"Feature","properties":{"level":1012},"geometry":{"type":"LineString","coordinates":[[98.28,18.25],[98.5,18.15],[98.81,18.75],[98.93,19.5],[98.75,19.69],[98.22,19.25],[98.28,18.25]]}},{"type":"Feature","properties":{"level":1012},"geometry":{"type":"LineString","coordinates":[[-75.25,18.7],[-75.08,19.25],[-74.5,19.41],[-73.99,19.0],[-74.75,18.56],[-75.25,18.7]]}},{"type":"Feature","properties":{"level":1012},"geometry":{"type":"LineString","coordinates":[[50.75,19.47],[49.75,19.91],[49.53,20.5],[51.05,22.0],[50.71,22.5],[49.7,23.0],[50.52,23.75],[50.29,25.0],[48.46,27.0],[47.75,29.09],[47.69,30.0],[45.8,33.0],[47.5,32.59],[48.5,32.68],[49.25,32.25],[49.93,31.0],[51.51,29.5],[51.68,28.75],[52.96,28.0],[52.63,27.75],[53.0,27.49],[53.5,27.68],[54.0,27.08],[54.75,26.99],[55.75,27.6],[56.75,27.69],[57.25,28.02],[57.5,27.81],[57.46,28.25],[57.75,28.64],[58.5,28.12],[60.25,27.73],[60.84,27.25],[60.6,27.0],[59.33,26.75],[59.15,26.5],[61.0,26.16],[62.25,26.36],[64.0,25.62],[64.51,25.75],[63.78,26.25],[64.75,26.28],[65.0,26.62],[65.75,26.85],[66.5,26.25],[66.74,25.75],[66.0,25.32],[62.59,25.25],[62.17,24.5],[62.38,23.75],[61.83,23.0],[59.5,21.72],[59.25,21.76],[59.0,22.25],[59.4,22.5],[59.25,22.95],[58.5,23.33],[57.23,23.5],[56.0,24.77],[56.12,23.75],[56.63,23.25],[56.64,22.25],[56.01,21.0],[53.5,19.78],[50.75,19.47]]}},{"type":"Feature","properties":{"level":1012},"geometry":{"type":"LineString","coordinates":[[96.82,19.5],[97.3,19.5],[97.21,20.0],[97.78,20.5],[97.5,21.49],[97.0,20.75],[96.75,21.36],[96.44,21.25],[96.82,19.5]]}},{"type":"Feature","properties":{"level":1012},"geometry":{"type":"LineString","coordinates":[[-176.65,19.75],[-176.46,19.75],[-176.5,20.16],[-176.65,19.75]]}},{"type":"Feature","properties":{"level":1012},"geometry":{"type":"LineString","coordinates":[[93.95,21.0],[94.15,21.25],[93.86,22.0],[94.0,23.98],[93.59,23.75],[93.35,22.75],[93.46,21.5],[93.95,21.0]]}},{"type":"Feature","properties":{"level":1012},"geometry":{"type":"LineString","coordinates":[[86.25,22.74],[86.4,22.75],[86.25,22.74]]}},{"type":"Feature","properties":{"level":1012},"geometry":{"type":"LineString","coordinates":[[105.25,23.96],[104.75,24.22],[103.78,24.25],[105.25,25.06],[105.68,24.75],[105.08,24.5],[105.54,24.25],[105.5,23.91],[105.25,23.96]]}},{"type":"Feature","properties":{"level":1012},"geometry":{"type":"LineString","coordinates":[[-99.03,24.5],[-98.75,24.44],[-98.71,24.75],[-99.05,24.75],[-99.03,24.5]]}},{"type":"Feature","properties":{"level":1012},"geometry":{"type":"LineString","coordinates":[[69.25,24.75],[68.0,24.95],[67.2,25.5],[66.96,26.0],[66.75,27.0],[67.29,27.5],[67.42,29.75],[67.75,30.04],[68.75,29.54],[69.5,29.61],[69.75,29.4],[70.0,29.6],[70.35,30.75],[70.14,32.0],[70.56,33.0],[71.25,32.87],[72.0,33.08],[72.0,32.62],[72.25,32.5],[73.16,32.75],[73.5,33.47],[74.75,32.9],[76.5,31.25],[77.53,28.75],[77.61,28.0],[77.25,27.82],[74.75,28.35],[72.75,27.95],[70.75,26.83],[70.21,25.5],[69.25,24.75]]}},{"type":"Feature","properties":{"level":1012},"geometry":{"type":"LineString","coordinates":[[87.25,24.72],[87.4,24.75],[87.25,24.72]]}},{"type":"Feature","properties":{"level":1012},"geometry":{"type":"LineString","coordinates":[[-175.25,24.98],[-175.25,25.22],[-175.25,24.98]]}},{"type":"Feature","properties":{"level":1012},"geometry":{"type":"LineString","coordinates":[[93.81,25.0],[94.75,24.97],[95.4,25.75],[95.75,26.77],[96.14,27.0],[96.0,27.23],[95.5,27.16],[93.75,25.77],[93.55,25.5],[94.07,25.25],[93.81,25.0]]}},{"type":"Feature","properties":{"level":1012},"geometry":{"type":"LineString","coordinates":[[91.32,25.25],[92.97,25.25],[92.5,26.02],[90.76,25.75],[91.32,25.25]]}},{"type":"Feature","properties":{"level":1012},"geometry":{"type":"LineString","coordinates":[[90.21,25.5],[90.71,25.75],[90.25,25.77],[90.21,25.5]]}},{"type":"Feature","properties":{"level":1012},"geometry":{"type":"LineString","coordinates":[[33.58,26.25],[33.75,26.08],[33.75,26.5],[33.58,26.25]]}},{"type":"Feature","properties":{"level":1012},"geometry":{"type":"LineString","coordinates":[[57.5,26.5],[58.25,26.26],[58.89,26.75],[57.75,27.24],[57.5,26.5]]}},{"type":"Feature","properties":{"level":1012},"geometry":{"type":"LineString","coordinates":[[-102.67,27.0],[-102.5,26.79],[-101.77,27.25],[-101.8,28.5],[-101.55,28.75],[-102.0,29.25],[-102.64,29.0],[-102.67,27.0]]}},{"type":"Feature","properties":{"level":1012},"geometry":{"type":"LineString","coordinates":[[63.5,27.41],[62.75,27.64],[61.75,28.76],[63.25,29.1],[64.17,28.75],[63.96,28.5],[64.25,28.35],[65.46,28.5],[64.81,27.75],[63.5,27.41]]}},{"type":"Feature","properties":{"level":1012},"geometry":{"type":"LineString","coordinates":[[59.0,28.45],[57.23,31.25],[57.25,31.62],[57.75,31.74],[57.75,32.17],[58.28,32.25],[59.73,30.75],[59.91,28.5],[59.0,28.45]]}},{"type":"Feature","properties":{"level":1012},"geometry":{"type":"LineString","coordinates":[[-8.5,28.79],[-8.74,29.0],[-8.54,29.25],[-6.72,30.5],[-6.5,30.99],[-5.5,31.14],[-5.5,31.54],[-4.75,31.85],[-4.07,31.75],[-3.5,30.98],[-3.25,31.04],[-3.0,31.98],[-2.63,31.75],[-2.45,31.0],[-2.6,30.5],[-4.75,29.0],[-5.75,28.83],[-6.75,29.16],[-7.75,28.78],[-8.5,28.79]]}},{"type":"Feature","properties":{"level":1012},"geometry":{"type":"LineString","coordinates":[[33.0,28.93],[33.27,29.0],[33.0,28.93]]}},{"type":"Feature","properties":{"level":1012},"geometry":{"type":"LineString","coordinates":[[90.75,29.21],[91.0,29.4],[91.78,29.25],[90.75,29.21]]}},{"type":"Feature","properties":{"level":1012},"geometry":{"type":"LineString","coordinates":[[159.0,29.17],[158.8,29.5],[158.84,30.25],[159.25,30.56],[159.75,30.51],[159.92,29.75],[159.5,29.3],[159.0,29.17]]}},{"type":"Feature","properties":{"level":1012},"geometry":{"type":"LineString","coordinates":[[62.0,29.97],[62.25,30.57],[62.81,30.75],[62.15,31.0],[61.68,31.5],[62.0,32.39],[62.25,32.54],[63.5,32.3],[64.0,31.87],[64.66,31.75],[64.0,30.24],[62.0,29.97]]}},{"type":"Feature","properties":{"level":1012},"geometry":{"type":"LineString","coordinates":[[103.56,31.25],[104.0,31.31],[104.56,32.25],[104.75,32.43],[105.0,32.13],[105.2,32.5],[104.75,32.53],[104.5,32.98],[104.0,32.83],[103.71,32.25],[103.9,31.75],[103.56,31.25]]}},{"type":"Feature","properties":{"level":1012},"geometry":{"type":"LineString","coordinates":[[-180.0,32.26],[-178.57,31.0],[-177.89,30.75],[-177.5,29.72],[-177.0,29.67],[-177.09,29.25],[-176.71,28.25],[-176.82,27.25],[-176.28,26.75],[-176.3,26.0],[-175.96,25.5],[-176.16,24.75],[-175.87,24.0],[-176.01,23.25],[-175.76,21.75],[-176.25,21.62],[-176.3,21.25],[-175.25,20.98],[-174.83,20.25],[-175.5,19.11],[-175.24,19.0],[-175.3,17.75],[-174.25,16.29],[-174.0,16.2],[-173.5,17.05],[-173.25,17.05],[-173.25,16.3],[-172.25,16.78],[-172.0,16.44],[-170.5,16.16],[-170.0,16.38],[-169.5,15.93],[-168.25,15.83],[-165.25,15.05],[-163.5,15.1],[-162.25,14.78],[-160.75,15.01],[-158.75,14.57],[-156.25,14.9],[-155.0,14.66],[-151.5,14.62],[-147.0,13.71],[-146.0,14.19],[-145.75,13.76],[-142.5,13.84],[-142.28,13.5],[-141.79,13.5],[-140.54,12.75],[-140.25,12.21],[-139.33,11.75],[-139.84,10.75],[-139.65,10.25],[-139.9,9.0],[-139.7,8.25],[-138.13,7.25],[-138.0,6.72],[-136.93,7.0],[-136.86,6.5],[-137.22,6.0],[-135.75,5.6],[-135.0,5.86],[-133.75,5.42],[-131.99,4.25],[-131.94,3.75],[-131.0,3.62],[-130.45,1.75],[-130.0,1.14],[-129.75,1.33],[-129.0,1.13],[-128.5,-0.04],[-128.25,-0.13],[-127.75,0.29],[-127.25,0.12],[-127.0,-1.31],[-126.75,-1.46],[-126.13,-1.0],[-125.25,-0.83],[-125.16,-1.0],[-126.25,-2.77],[-126.5,-2.75],[-126.75,-2.13],[-126.9,-2.5],[-127.25,-2.54],[-128.0,-1.95],[-128.75,-1.87],[-128.6,-2.5],[-129.15,-3.0],[-129.06,-3.25],[-129.3,-3.25],[-129.5,-2.83],[-130.5,-3.35],[-131.85,-4.5],[-131.57,-5.75],[-132.03,-6.5],[-131.87,-7.5],[-132.25,-7.82],[-133.1,-8.0],[-133.16,-8.5],[-134.0,-9.44],[-135.75,-9.57],[-138.25,-9.03],[-138.75,-9.89],[-139.0,-9.56],[-139.16,-9.75],[-138.68,-10.25],[-138.25,-12.04],[-139.0,-11.95],[-139.25,-12.41],[-139.5,-12.44],[-140.5,-12.14],[-141.0,-12.29],[-141.25,-12.9],[-142.0,-12.66],[-142.75,-12.93],[-143.75,-12.79],[-144.75,-13.49],[-145.25,-13.14],[-147.25,-14.04],[-148.0,-13.82],[-149.25,-14.18],[-151.75,-14.01],[-153.25,-14.16],[-156.32,-13.75],[-162.0,-11.86],[-162.75,-11.92],[-165.0,-11.17],[-166.0,-11.1],[-166.75,-10.59],[-167.75,-10.68],[-168.25,-10.36],[-168.75,-10.52],[-169.5,-10.15],[-169.75,-10.35],[-171.25,-9.68],[-172.0,-9.86],[-172.25,-9.48],[-172.82,-9.25],[-175.0,-9.5],[-175.75,-9.81],[-176.25,-9.53],[-176.75,-9.65],[-176.55,-10.0],[-176.75,-10.28],[-177.5,-10.16],[-178.0,-10.67],[-180.0,-11.11]]}},{"type":"Feature","properties":{"level":1012},"geometry":{"type":"LineString","coordinates":[[-105.89,32.75],[-105.5,32.57],[-105.39,32.75],[-105.39,33.25],[-105.75,33.72],[-105.89,32.75]]}},{"type":"Feature","properties":{"level":1012},"geometry":{"type":"LineString","coordinates":[[-108.41,33.0],[-107.75,32.77],[-107.37,34.0],[-108.5,34.39],[-109.25,34.28],[-111.41,34.75],[-111.37,34.5],[-110.25,33.92],[-109.96,33.5],[-109.5,33.29],[-109.0,33.4],[-108.41,33.0]]}},{"type":"Feature","properties":{"level":1012},"geometry":{"type":"LineString","coordinates":[[108.25,34.24],[109.75,35.06],[110.4,35.0],[110.25,34.64],[109.25,34.05],[108.25,34.24]]}},{"type":"Feature","properties":{"level":1012},"geometry":{"type":"LineString","coordinates":[[-2.5,35.19],[-3.02,35.75],[-2.75,36.13],[-2.25,36.09],[-1.0,36.83],[-0.1,36.5],[-0.12,36.25],[-1.39,35.5],[-1.5,35.14],[-2.5,35.19]]}},{"type":"Feature","properties":{"level":1012},"geometry":{"type":"LineString","coordinates":[[-105.84,35.75],[-105.5,35.68],[-105.21,36.25],[-105.25,37.44],[-105.84,35.75]]}},{"type":"Feature","properties":{"level":1012},"geometry":{"type":"LineString","coordinates":[[-121.88,36.5],[-121.62,36.5],[-121.88,36.5]]}},{"type":"Feature","properties":{"level":1012},"geometry":{"type":"LineString","coordinates":[[-106.27,36.5],[-106.13,36.75],[-106.44,38.0],[-106.05,39.25],[-105.7,39.5],[-106.0,39.84],[-107.21,39.0],[-106.59,38.5],[-106.75,38.33],[-107.5,38.35],[-108.41,37.75],[-108.0,37.36],[-107.0,37.25],[-106.27,36.5]]}},{"type":"Feature","properties":{"level":1012},"geometry":{"type":"LineString","coordinates":[[1.75,36.72],[1.77,37.0],[2.25,37.12],[3.0,37.04],[3.29,36.75],[2.5,36.53],[1.75,36.72]]}},{"type":"Feature","properties":{"level":1012},"geometry":{"type":"LineString","coordinates":[[-122.66,37.25],[-122.24,37.25],[-122.66,37.25]]}},{"type":"Feature","properties":{"level":1012},"geometry":{"type":"LineString","coordinates":[[-36.0,44.86],[-39.0,45.89],[-42.5,46.48],[-46.75,46.28],[-48.96,45.5],[-49.75,45.5],[-53.5,46.38],[-55.25,47.05],[-56.3,47.75],[-56.67,48.25],[-56.9,49.25],[-57.5,49.56],[-57.6,50.0],[-60.28,51.5],[-61.34,52.75],[-62.34,53.5],[-62.62,54.25],[-64.5,55.64],[-65.06,55.75],[-66.25,56.79],[-70.94,58.5],[-72.75,59.51],[-73.65,60.25],[-74.49,61.5],[-74.6,62.25],[-74.98,62.75],[-74.94,63.5],[-74.2,65.25],[-74.24,66.0],[-75.39,68.5],[-73.75,69.45],[-71.5,69.57],[-71.09,69.75],[-71.0,70.07],[-69.75,69.9],[-69.6,70.0],[-70.0,70.07],[-70.51,71.0],[-67.18,73.25],[-68.77,74.25],[-68.75,74.75],[-69.25,74.99],[-75.0,75.48],[-76.07,75.25],[-74.04,75.0],[-74.33,74.75],[-77.0,74.5],[-78.42,75.0],[-77.25,75.47],[-77.16,75.75],[-78.75,75.5],[-78.78,75.75],[-79.41,76.0],[-79.18,76.25],[-77.5,76.67],[-74.35,76.75],[-75.82,77.75],[-71.75,79.32],[-66.5,79.89],[-63.94,79.75],[-64.27,79.5],[-66.6,79.0],[-66.89,78.5],[-69.16,78.0],[-69.55,77.75],[-69.25,77.25],[-69.89,77.0],[-69.5,76.54],[-68.86,76.5],[-68.97,76.25],[-67.25,75.8],[-60.25,76.59],[-58.5,76.42],[-56.75,75.9],[-54.75,73.75],[-52.25,73.07],[-51.77,72.75],[-52.75,72.6],[-52.87,72.25],[-51.75,71.74],[-50.0,71.7],[-49.74,71.25],[-46.45,69.0],[-44.73,67.0],[-44.03,66.5],[-43.9,66.0],[-44.46,65.5],[-43.5,64.89],[-41.0,64.44],[-40.5,64.52],[-40.07,65.0],[-39.4,65.25],[-39.7,65.5],[-39.0,65.57],[-32.0,65.2],[-28.0,64.6],[-23.25,63.44],[-20.14,62.0],[-20.03,61.75],[-20.6,61.0],[-20.81,59.25],[-20.72,56.25],[-21.58,54.75],[-22.68,53.5],[-24.75,51.69],[-30.92,47.75],[-31.5,47.16],[-34.75,45.19],[-36.0,44.86]]}},{"type":"Feature","properties":{"level":1012},"geometry":{"type":"LineString","coordinates":[[127.5,48.49],[126.75,48.67],[126.0,48.51],[124.36,49.5],[122.75,49.85],[122.5,49.71],[121.0,51.21],[119.25,51.71],[119.09,52.0],[119.36,52.5],[118.91,53.0],[119.02,53.25],[120.5,54.64],[121.25,55.01],[122.75,55.14],[124.75,54.94],[126.75,54.37],[130.0,52.88],[131.0,52.73],[131.0,53.32],[132.21,52.75],[132.25,52.3],[130.44,50.75],[129.75,49.16],[128.25,48.48],[127.5,48.49]]}},{"type":"Feature","properties":{"level":1012},"geometry":{"type":"LineString","coordinates":[[180.0,49.82],[172.0,49.14],[168.73,49.25],[166.0,49.8],[162.22,50.75],[158.75,52.05],[158.48,52.25],[158.22,53.5],[158.65,53.5],[158.67,54.0],[158.25,54.29],[158.13,54.75],[159.96,56.5],[160.59,58.25],[161.06,58.75],[159.75,58.99],[158.61,60.75],[158.74,61.75],[159.83,62.5],[159.42,63.0],[159.8,63.5],[159.6,63.75],[159.69,64.25],[160.04,64.5],[159.14,64.75],[159.31,65.0],[158.88,67.0],[158.92,67.75],[159.32,68.0],[159.07,69.0],[159.75,71.05],[162.83,73.75],[165.25,75.27],[167.25,76.12],[173.5,77.78],[177.0,78.28],[180.0,78.41]]}},{"type":"Feature","properties":{"level":1012},"geometry":{"type":"LineString","coordinates":[[-118.81,50.75],[-118.5,50.53],[-118.0,50.96],[-118.0,51.76],[-118.58,51.75],[-118.44,51.25],[-118.75,51.23],[-118.81,50.75]]}},{"type":"Feature","properties":{"level":1012},"geometry":{"type":"LineString","coordinates":[[-120.08,53.75],[-119.01,54.0],[-120.5,54.65],[-120.66,54.5],[-120.22,54.25],[-120.08,53.75]]}},{"type":"Feature","properties":{"level":1012},"geometry":{"type":"LineString","coordinates":[[160.37,55.0],[160.88,55.0],[160.95,55.25],[160.5,56.39],[159.99,56.0],[160.4,55.5],[160.14,55.25],[160.37,55.0]]}},{"type":"Feature","properties":{"level":1012},"geometry":{"type":"LineString","coordinates":[[-141.88,60.25],[-139.5,60.4],[-138.87,60.75],[-141.0,61.35],[-141.5,60.94],[-142.39,60.75],[-141.88,60.25]]}},{"type":"Feature","properties":{"level":1012},"geometry":{"type":"LineString","coordinates":[[-42.5,65.49],[-43.48,65.75],[-43.37,66.0],[-42.75,65.99],[-41.53,65.5],[-41.75,65.31],[-42.5,65.49]]}},{"type":"Feature","properties":{"level":1012},"geometry":{"type":"LineString","coordinates":[[53.6,72.25],[54.75,72.41],[56.49,73.5],[57.82,74.5],[57.94,75.0],[57.0,75.0],[55.93,74.5],[54.33,73.25],[53.68,73.0],[53.6,72.25]]}},{"type":"Feature","properties":{"level":1012},"geometry":{"type":"LineString","coordinates":[[-73.75,74.98],[-73.94,75.0],[-73.75,74.98]]}},{"type":"Feature","properties":{"level":1012},"geometry":{"type":"LineString","coordinates":[[-180.0,78.41],[-173.0,78.36],[-155.25,77.7],[-133.5,77.72],[-119.0,76.6],[-107.0,75.95],[-106.25,75.67],[-103.2,75.5],[-99.72,74.75],[-99.86,74.25],[-100.47,74.0],[-105.25,73.01],[-106.0,72.66],[-107.5,72.66],[-108.75,72.17],[-111.25,72.21],[-114.59,71.5],[-114.1,71.25],[-114.74,70.5],[-113.92,70.25],[-116.26,70.0],[-116.9,69.25],[-118.45,68.75],[-119.95,67.75],[-119.11,66.25],[-119.25,64.71],[-119.02,64.25],[-115.45,61.0],[-115.07,59.75],[-115.75,59.17],[-116.52,59.0],[-116.75,58.5],[-115.75,57.0],[-114.75,57.22],[-114.0,56.58],[-113.5,56.63],[-112.75,56.95],[-109.75,57.05],[-104.25,58.27],[-101.75,58.47],[-92.5,58.45],[-86.5,57.43],[-84.0,56.24],[-82.0,54.57],[-81.29,53.75],[-80.95,52.75],[-80.07,52.25],[-80.23,51.75],[-79.78,51.0],[-79.99,50.5],[-81.85,48.75],[-81.7,48.5],[-81.94,48.25],[-82.75,47.65],[-84.41,47.0],[-85.07,46.25],[-84.82,45.75],[-90.5,42.77],[-92.5,40.73],[-93.25,40.47],[-95.11,38.0],[-95.89,36.25],[-96.65,35.25],[-96.78,34.5],[-96.35,34.0],[-96.43,33.25],[-95.88,32.0],[-93.51,29.5],[-93.8,28.25],[-93.22,27.75],[-93.04,26.0],[-92.5,25.79],[-92.25,25.17],[-91.0,24.22],[-89.75,23.73],[-87.0,21.58],[-85.75,21.35],[-83.75,20.15],[-81.97,19.5],[-81.75,19.21],[-81.25,19.44],[-80.5,19.34],[-79.5,18.56],[-78.5,18.84],[-78.41,18.25],[-77.75,17.8],[-75.5,17.6],[-74.25,18.0],[-73.0,17.84],[-72.0,18.03],[-71.5,17.53],[-70.25,16.96],[-67.0,17.32],[-66.0,16.9],[-64.25,17.08],[-63.5,16.82],[-62.0,16.78],[-61.73,16.5],[-61.9,16.25],[-61.5,16.01],[-61.0,16.3],[-58.5,16.46],[-57.25,16.22],[-56.25,16.31],[-54.75,15.79],[-52.75,15.67],[-52.5,15.87],[-51.81,15.5],[-52.16,15.0],[-51.5,14.1],[-51.0,14.02],[-50.89,14.25],[-51.71,15.25],[-51.5,15.66],[-49.75,15.03],[-49.25,15.2],[-48.66,14.75],[-48.75,14.5],[-47.5,13.94],[-46.75,13.68],[-46.0,13.98],[-45.25,13.32],[-44.25,13.34],[-43.0,12.54],[-42.5,12.9],[-41.25,11.74],[-37.75,10.5],[-37.5,10.76],[-36.5,10.75],[-36.5,11.04],[-35.7,11.0],[-34.7,11.5],[-34.25,12.0],[-33.75,11.95],[-33.2,12.5],[-33.25,13.58],[-32.5,13.54],[-32.0,13.98],[-31.5,13.78],[-31.0,14.26],[-30.0,14.24],[-29.25,14.76],[-27.25,13.93],[-26.75,14.3],[-26.5,14.03],[-25.75,14.18],[-24.75,13.96],[-22.0,13.93],[-21.31,14.5],[-20.75,14.55],[-20.5,14.87],[-19.81,15.0],[-19.02,15.5],[-18.21,16.5],[-18.0,17.63],[-15.75,19.67],[-13.75,20.54],[-13.5,20.43],[-13.47,20.0],[-12.75,19.66],[-10.8,19.5],[-11.82,18.75],[-11.75,17.9],[-9.25,19.54],[-8.25,19.76],[-7.5,19.44],[-6.75,19.53],[0.25,21.85],[2.5,22.9],[3.0,23.64],[4.0,24.14],[3.9,23.5],[4.26,23.25],[3.84,21.25],[3.02,20.25],[4.0,20.08],[4.75,20.4],[5.0,20.11],[6.75,20.13],[8.02,19.0],[8.5,17.15],[9.75,16.59],[10.52,17.0],[11.5,18.24],[14.75,20.87],[16.0,21.06],[16.5,19.68],[17.0,19.96],[17.72,19.5],[17.49,18.5],[18.0,17.77],[19.0,17.89],[20.25,17.53],[21.0,17.75],[22.41,16.75],[22.65,16.0],[21.97,15.25],[21.77,14.25],[22.0,13.98],[22.64,14.0],[22.56,14.75],[23.23,15.25],[23.75,15.16],[24.21,14.75],[24.25,13.75],[23.32,12.5],[23.5,12.07],[24.62,12.75],[24.65,14.0],[25.84,14.75],[25.73,15.25],[26.25,15.43],[26.75,15.16],[27.22,15.5],[27.25,17.01],[26.75,17.02],[26.62,17.25],[27.0,17.79],[28.0,18.41],[28.52,20.0],[30.44,22.0],[30.24,22.75],[30.62,23.5],[32.25,24.72],[32.6,25.75],[32.4,26.25],[32.75,26.95],[33.75,26.5],[34.01,27.25],[33.82,27.75],[34.25,27.97],[34.75,29.07],[35.75,27.72],[36.5,27.51],[37.5,26.01],[38.95,25.75],[38.75,25.26],[38.0,25.44],[37.75,25.3],[37.75,24.75],[38.5,24.94],[38.79,24.25],[39.75,23.35],[39.84,22.5],[40.22,21.75],[40.02,21.0],[41.0,20.27],[41.99,18.75],[41.87,18.25],[43.02,17.25],[43.61,13.0],[43.25,12.56],[42.75,12.56],[41.75,13.6],[41.53,13.25],[41.99,13.0],[41.89,12.5],[40.25,12.41],[39.8,15.0],[38.98,15.75],[38.63,17.0],[38.25,17.65],[38.0,17.67],[37.96,17.25],[38.29,17.0],[37.96,16.25],[38.53,15.25],[38.1,14.5],[38.07,13.75],[37.75,13.43],[37.25,13.78],[37.51,13.0],[37.0,12.72],[36.5,11.7],[35.9,11.25],[35.95,11.0],[35.25,10.43],[34.5,10.27],[34.1,9.5],[35.05,7.5],[34.82,6.75],[35.24,6.5],[35.0,6.16],[34.74,6.25],[34.75,5.44],[35.5,5.08],[36.29,5.5],[36.25,4.84],[36.0,4.58],[35.5,4.99],[35.16,4.75],[35.25,3.97],[34.89,4.0],[34.0,4.65],[33.0,4.67],[32.75,5.3],[32.25,5.2],[31.5,5.97],[31.8,6.75],[32.53,7.5],[32.25,7.72],[31.79,7.5],[31.5,6.85],[31.2,7.0],[31.61,7.5],[31.5,7.78],[31.0,7.39],[31.03,8.0],[30.25,8.56],[29.87,8.25],[30.04,8.0],[29.88,7.5],[29.5,7.23],[29.0,7.87],[28.0,7.91],[27.5,7.69],[26.75,8.27],[26.5,8.0],[25.5,8.06],[25.1,8.5],[25.25,8.83],[24.75,8.68],[23.77,9.5],[24.0,9.74],[24.25,9.4],[24.63,9.5],[24.75,9.88],[25.17,10.0],[25.0,10.43],[24.5,10.6],[24.0,10.36],[22.5,11.13],[23.0,10.49],[23.06,10.0],[22.01,9.0],[22.06,8.75],[21.85,8.75],[21.98,9.0],[21.75,9.3],[21.0,9.34],[20.25,8.91],[19.0,7.34],[17.25,6.78],[16.25,6.92],[15.0,8.05],[13.75,7.95],[13.5,8.22],[13.25,7.8],[12.17,7.75],[11.81,8.0],[12.0,8.25],[11.75,8.82],[11.53,8.75],[11.82,7.75],[11.25,7.51],[10.75,7.77],[10.38,7.5],[10.39,7.25],[9.25,6.97],[8.5,7.74],[8.25,7.55],[7.5,7.93],[6.75,7.78],[6.25,8.12],[5.5,7.99],[3.25,9.76],[2.47,9.25],[2.46,8.5],[1.25,7.0],[0.75,8.68],[0.32,8.0],[0.25,7.29],[-0.25,7.85],[-2.25,8.21],[-2.57,8.75],[-2.2,8.75],[-2.02,9.0],[-2.5,9.24],[-2.75,8.91],[-3.5,10.11],[-4.75,9.62],[-5.5,10.04],[-7.75,10.21],[-8.24,10.75],[-8.16,11.0],[-7.32,11.5],[-8.37,12.0],[-8.43,12.5],[-9.0,12.87],[-9.25,12.63],[-10.25,12.57],[-10.5,12.79],[-11.0,12.23],[-13.0,12.66],[-14.14,11.75],[-14.32,10.75],[-13.94,10.0],[-13.03,9.25],[-13.27,8.25],[-13.0,8.21],[-12.38,7.25],[-12.52,6.25],[-12.78,6.0],[-11.6,4.75],[-11.52,4.5],[-11.75,4.3],[-13.5,4.13],[-14.25,3.6],[-15.75,3.79],[-17.28,3.5],[-18.25,2.34],[-19.1,2.25],[-19.25,1.64],[-21.5,2.3],[-22.0,1.92],[-22.25,2.02],[-22.85,1.5],[-23.25,-0.21],[-23.75,-0.55],[-24.75,-0.5],[-25.25,-1.06],[-26.0,-0.66],[-26.22,-1.75],[-26.5,-1.96],[-27.25,-1.94],[-28.5,-2.57],[-29.0,-2.36],[-30.25,-2.73],[-30.75,-2.38],[-31.0,-2.69],[-31.5,-2.55],[-32.07,-3.0],[-31.89,-3.75],[-32.25,-4.61],[-32.75,-3.44],[-33.25,-4.49],[-35.19,-5.75],[-35.75,-5.35],[-36.25,-5.78],[-37.25,-6.05],[-37.79,-5.75],[-37.49,-5.5],[-37.75,-5.24],[-38.5,-5.53],[-38.83,-6.5],[-38.02,-6.75],[-39.0,-6.87],[-39.25,-6.55],[-40.0,-6.84],[-40.25,-6.58],[-40.27,-7.5],[-39.0,-7.61],[-38.79,-8.25],[-38.31,-8.5],[-38.5,-8.82],[-39.5,-9.04],[-39.75,-9.36],[-40.0,-9.29],[-41.0,-9.84],[-41.5,-10.31],[-41.75,-11.14],[-42.5,-11.19],[-42.14,-13.25],[-41.53,-14.0],[-42.0,-14.7],[-42.54,-15.0],[-41.87,-16.75],[-42.0,-17.13],[-43.43,-18.25],[-43.5,-18.75],[-42.25,-18.02],[-41.7,-18.75],[-42.35,-19.5],[-42.4,-20.0],[-42.9,-20.75],[-42.75,-20.89],[-41.25,-20.47],[-41.0,-20.61],[-40.25,-19.98],[-39.75,-20.18],[-38.58,-22.75],[-38.65,-24.25],[-37.98,-25.5],[-36.75,-27.02],[-33.17,-30.25],[-32.86,-30.75],[-32.83,-31.5],[-33.56,-32.75],[-34.75,-33.82],[-35.75,-34.33],[-37.0,-34.3],[-37.5,-34.66],[-38.5,-34.75],[-40.0,-34.19],[-40.25,-34.46],[-41.16,-34.5],[-41.25,-34.75],[-42.75,-34.1],[-44.75,-32.49],[-45.07,-32.0],[-45.41,-30.25],[-44.74,-27.0],[-43.72,-25.75],[-43.46,-24.25],[-43.87,-23.75],[-43.34,-23.0],[-43.48,-22.75],[-42.26,-22.25],[-43.25,-22.28],[-43.39,-22.0],[-43.17,-21.75],[-43.17,-20.25],[-42.04,-18.75],[-42.25,-18.34],[-42.87,-18.75],[-42.91,-19.25],[-43.25,-19.37],[-43.5,-19.16],[-43.55,-19.75],[-44.0,-20.04],[-44.53,-21.0],[-45.75,-21.31],[-46.42,-21.0],[-46.44,-21.5],[-46.84,-21.75],[-46.76,-22.0],[-47.0,-22.2],[-47.75,-21.98],[-48.5,-22.2],[-48.75,-22.61],[-49.0,-22.56],[-49.5,-22.97],[-50.0,-24.03],[-50.36,-24.0],[-50.5,-23.6],[-51.0,-23.63],[-51.5,-23.35],[-51.47,-24.5],[-53.25,-24.87],[-53.94,-24.25],[-54.01,-23.5],[-53.27,-22.75],[-53.25,-22.18],[-52.84,-22.0],[-54.13,-20.75],[-55.0,-20.55],[-57.0,-18.17],[-58.5,-17.43],[-59.5,-17.5],[-60.52,-16.75],[-62.5,-15.97],[-63.75,-16.67],[-63.73,-17.5],[-65.0,-17.18],[-67.0,-15.48],[-67.25,-15.65],[-68.0,-15.51],[-67.93,-14.75],[-68.42,-14.0],[-71.33,-13.0],[-72.0,-12.08],[-72.5,-11.98],[-73.0,-12.22],[-73.49,-11.5],[-73.97,-11.25],[-74.25,-10.23],[-74.5,-10.11],[-74.62,-10.5],[-75.0,-10.61],[-75.32,-10.25],[-75.88,-8.0],[-75.58,-6.75],[-76.25,-6.4],[-76.56,-5.75],[-77.5,-4.95],[-78.25,-4.91],[-77.96,-4.0],[-78.0,-3.0],[-77.67,-2.25],[-77.8,-1.0],[-77.4,-0.5],[-77.42,0.25],[-76.5,1.23],[-75.19,2.0],[-74.5,3.16],[-74.0,3.5],[-73.25,4.74],[-72.25,5.75],[-71.82,6.5],[-72.12,7.0],[-72.0,7.65],[-71.0,8.1],[-69.5,9.62],[-69.5,9.87],[-70.24,9.75],[-72.5,7.79],[-73.25,8.75],[-73.17,7.0],[-74.5,5.19],[-74.49,4.25],[-75.5,2.49],[-75.5,3.66],[-74.97,4.75],[-74.91,6.75],[-75.75,7.46],[-76.38,7.25],[-76.22,5.5],[-77.24,2.75],[-77.64,2.5],[-77.87,1.75],[-79.09,0.5],[-79.39,-1.5],[-79.25,-2.25],[-79.72,-2.75],[-80.0,-3.7],[-81.25,-4.5],[-81.75,-4.31],[-82.5,-3.3],[-83.25,-3.62],[-84.25,-3.54],[-84.65,-3.25],[-85.1,-3.75],[-85.75,-3.98],[-86.04,-3.75],[-85.92,-3.5],[-85.16,-3.0],[-85.12,-2.75],[-86.44,-1.5],[-87.91,-1.25],[-87.96,-1.0],[-87.54,-0.5],[-89.0,-0.45],[-89.25,0.1],[-91.0,-0.09],[-91.25,0.22],[-91.61,0.0],[-91.46,-0.25],[-91.75,-0.53],[-92.03,-0.25],[-91.88,0.25],[-92.32,0.5],[-92.44,1.0],[-92.8,1.25],[-92.67,1.5],[-94.0,2.15],[-94.15,1.75],[-93.75,1.54],[-93.67,1.0],[-92.57,0.5],[-93.25,0.44],[-94.06,1.0],[-94.3,1.5],[-94.32,2.5],[-94.75,3.27],[-95.0,3.33],[-95.0,2.99],[-95.25,2.88],[-96.18,3.25],[-98.0,3.19],[-100.0,3.97],[-100.75,3.76],[-102.25,4.24],[-102.75,4.11],[-103.75,4.37],[-104.25,4.81],[-104.08,4.5],[-105.0,4.14],[-105.0,4.74],[-107.0,4.82],[-108.25,5.62],[-109.25,5.26],[-110.0,5.93],[-111.25,5.9],[-112.5,6.42],[-112.75,6.21],[-113.25,6.28],[-113.5,6.67],[-114.0,6.44],[-113.84,7.0],[-114.25,7.1],[-114.75,7.91],[-115.75,7.99],[-116.5,7.4],[-116.46,7.75],[-116.75,7.92],[-117.75,7.9],[-118.74,9.25],[-118.33,9.5],[-118.78,11.0],[-117.99,11.25],[-118.6,11.75],[-118.52,12.5],[-117.96,13.25],[-117.37,15.0],[-117.0,15.5],[-117.39,15.75],[-116.52,18.0],[-116.73,19.0],[-117.5,18.89],[-117.57,19.5],[-119.37,19.75],[-120.5,20.28],[-121.5,19.99],[-123.25,19.91],[-126.9,21.0],[-127.2,21.25],[-126.94,22.0],[-127.94,23.0],[-127.96,23.75],[-128.73,25.75],[-128.56,27.0],[-127.86,28.5],[-126.18,30.25],[-124.43,31.0],[-123.39,32.0],[-122.37,33.5],[-122.37,34.25],[-121.99,35.0],[-122.34,35.5],[-122.75,37.21],[-123.25,37.32],[-124.0,38.24],[-124.16,39.75],[-123.5,39.72],[-122.5,40.98],[-121.92,41.0],[-121.57,40.75],[-121.41,40.0],[-120.75,39.37],[-120.26,38.25],[-118.93,36.75],[-118.5,35.86],[-118.25,35.89],[-118.19,36.5],[-118.71,37.75],[-119.08,38.0],[-118.94,38.25],[-119.87,39.0],[-119.94,39.75],[-120.45,40.25],[-120.12,41.0],[-120.38,41.75],[-119.75,42.33],[-119.52,43.25],[-118.59,43.5],[-118.03,44.25],[-117.42,44.5],[-117.2,45.0],[-114.96,45.75],[-114.41,46.5],[-114.43,47.0],[-116.25,47.3],[-116.65,47.0],[-115.97,46.0],[-116.5,45.68],[-117.75,46.36],[-119.25,45.82],[-120.0,45.89],[-120.51,46.25],[-120.0,48.18],[-119.5,49.19],[-119.09,49.25],[-119.56,50.0],[-119.78,51.0],[-119.5,51.38],[-119.0,51.49],[-118.98,52.0],[-119.5,52.08],[-119.7,52.5],[-119.54,52.75],[-120.47,53.25],[-120.25,53.58],[-121.25,53.66],[-121.32,53.25],[-120.96,52.75],[-121.48,52.5],[-121.26,52.25],[-121.3,51.5],[-122.25,51.14],[-123.5,51.69],[-124.25,51.59],[-126.5,52.7],[-125.91,53.25],[-125.87,53.5],[-126.25,53.88],[-126.75,53.15],[-128.0,53.65],[-128.5,53.39],[-128.81,52.75],[-128.44,52.0],[-128.75,51.58],[-129.75,51.97],[-130.2,52.75],[-130.0,53.39],[-129.5,53.26],[-128.5,53.9],[-128.27,54.25],[-128.5,54.61],[-130.0,54.83],[-130.5,54.24],[-131.0,54.04],[-133.0,54.63],[-139.75,55.36],[-144.0,55.47],[-147.22,54.5],[-148.0,53.88],[-148.54,53.0],[-148.43,52.5],[-147.87,52.0],[-148.21,51.0],[-149.0,50.62],[-151.11,50.25],[-158.0,49.34],[-158.12,49.75],[-159.25,50.63],[-160.25,50.87],[-166.75,51.11],[-180.0,49.82]]}},{"type":"Feature","properties":{"level":1012},"geometry":{"type":"LineString","coordinates":[[-79.0,79.99],[-77.55,80.0],[-79.0,79.99]]}},{"type":"Feature","properties":{"level":1012},"geometry":{"type":"LineString","coordinates":[[-77.25,80.0],[-75.14,80.0],[-76.25,79.84],[-77.25,80.0]]}},{"type":"Feature","properties":{"level":1012},"geometry":{"type":"LineString","coordinates":[[-26.0,80.24],[-26.13,80.5],[-25.06,80.25],[-26.0,80.24]]}},{"type":"Feature","properties":{"level":1012},"geometry":{"type":"LineString","coordinates":[[-27.25,80.5],[-28.66,81.0],[-27.75,81.11],[-26.67,80.5],[-27.25,80.5]]}},{"type":"Feature","properties":{"level":1012},"geometry":{"type":"LineString","coordinates":[[180.0,89.96],[122.25,89.84],[114.75,89.68],[111.25,89.32],[109.98,88.5],[109.93,87.5],[109.29,86.5],[109.15,85.25],[108.35,83.25],[105.72,81.5],[102.57,80.0],[100.75,79.55],[97.74,79.5],[96.97,78.75],[92.51,75.75],[90.49,75.0],[90.25,74.75],[90.42,74.25],[90.18,73.75],[90.18,72.75],[89.72,71.75],[88.75,70.55],[87.25,69.83],[83.81,67.5],[80.25,65.9],[72.5,64.71],[69.63,64.0],[65.87,62.5],[64.28,61.0],[59.94,55.5],[58.35,54.25],[58.46,53.25],[58.24,52.5],[58.62,52.0],[58.66,51.5],[57.75,50.73],[54.45,51.75],[53.25,52.56],[52.03,54.0],[51.25,54.51],[48.75,54.63],[43.75,53.46],[40.5,53.03],[32.0,53.29],[31.5,53.1],[30.75,53.28],[30.0,53.03],[27.75,53.0],[25.75,53.47],[17.0,53.67],[13.5,54.04],[7.0,55.43],[0.5,58.5],[-1.65,60.5],[-6.11,64.0],[-8.09,66.0],[-8.77,67.0],[-9.47,68.75],[-8.87,70.75],[-7.69,73.25],[-7.76,74.0],[-8.5,74.69],[-10.5,75.5],[-10.75,75.81],[-15.12,76.25],[-17.5,76.84],[-18.25,76.71],[-18.5,77.14],[-20.36,77.5],[-20.32,77.75],[-21.39,78.0],[-21.77,78.75],[-24.36,79.5],[-24.9,80.0],[-24.5,80.12],[-23.5,79.8],[-20.75,80.02],[-19.81,80.75],[-23.0,80.44],[-25.0,81.2],[-27.75,81.33],[-28.5,81.91],[-31.92,82.0],[-29.53,82.5],[-30.65,82.75],[-29.56,83.25],[-31.98,83.25],[-33.25,83.65],[-36.75,83.96],[-52.5,84.14],[-61.0,84.81],[-67.77,86.0],[-70.75,87.25],[-73.5,89.11],[-78.0,89.68],[-98.5,89.91],[-180.0,89.96]]}},{"type":"Feature","properties":{"level":1016},"geometry":{"type":"LineString","coordinates":[[180.0,-89.07],[149.25,-88.93],[128.29,-88.0],[129.31,-87.5],[123.93,-87.0],[124.09,-86.75],[125.44,-86.25],[122.99,-85.5],[122.8,-85.25],[122.92,-84.75],[125.93,-83.25],[125.61,-82.75],[126.72,-82.0],[130.17,-81.5],[130.29,-81.25],[127.99,-81.25],[127.96,-80.75],[127.29,-79.5],[124.06,-78.25],[124.15,-78.0],[123.5,-77.63],[116.0,-76.27],[113.2,-76.25],[110.25,-76.66],[104.0,-76.43],[103.66,-76.5],[103.68,-76.75],[104.38,-77.25],[103.75,-77.93],[99.75,-78.63],[81.75,-78.73],[79.0,-78.89],[78.61,-79.0],[79.39,-79.25],[78.25,-79.29],[67.25,-78.64],[62.86,-78.0],[61.5,-77.44],[60.22,-76.5],[58.25,-76.0],[54.5,-74.52],[53.0,-74.22],[41.0,-73.7],[37.25,-74.04],[32.0,-74.09],[28.5,-73.88],[26.75,-73.47],[23.73,-74.5],[22.42,-76.25],[23.5,-76.87],[27.0,-78.04],[36.72,-80.25],[42.5,-80.63],[45.5,-81.22],[51.5,-81.57],[52.45,-81.75],[52.44,-82.5],[51.25,-82.93],[48.0,-82.85],[41.0,-83.69],[25.5,-84.32],[14.75,-84.26],[8.15,-85.0],[4.11,-86.0],[2.17,-86.75],[-4.25,-87.25],[-28.0,-87.66],[-54.5,-87.18],[-102.0,-87.87],[-113.25,-87.55],[-115.04,-87.75],[-114.28,-88.0],[-114.84,-88.25],[-119.25,-88.4],[-180.0,-89.07]]}},{"type":"Feature","properties":{"level":1016},"geometry":{"type":"LineString","coordinates":[[-114.11,-87.25],[-112.75,-87.44],[-104.25,-87.47],[-102.75,-87.33],[-101.82,-87.0],[-102.32,-86.75],[-103.5,-86.7],[-112.25,-86.93],[-114.11,-87.25]]}},{"type":"Feature","properties":{"level":1016},"geometry":{"type":"LineString","coordinates":[[10.01,-74.25],[11.43,-74.25],[11.57,-74.0],[10.54,-74.0],[10.01,-74.25]]}},{"type":"Feature","properties":{"level":1016},"geometry":{"type":"LineString","coordinates":[[-180.0,-51.25],[-172.5,-51.66],[-164.75,-51.3],[-160.75,-50.38],[-153.25,-47.73],[-152.0,-47.14],[-149.31,-45.0],[-148.42,-43.5],[-146.97,-40.0],[-146.15,-38.75],[-144.6,-36.5],[-143.21,-35.25],[-141.75,-33.46],[-137.25,-31.18],[-134.0,-30.67],[-129.25,-30.54],[-123.45,-31.75],[-123.1,-32.25],[-122.5,-32.5],[-120.25,-32.86],[-119.75,-33.5],[-119.0,-33.4],[-118.47,-34.0],[-116.98,-34.25],[-116.5,-34.69],[-115.75,-34.81],[-114.75,-35.49],[-108.75,-38.15],[-100.75,-40.41],[-95.5,-41.58],[-92.25,-41.69],[-90.75,-41.26],[-88.25,-40.09],[-87.0,-39.91],[-80.0,-39.94],[-77.75,-38.63],[-76.5,-37.46],[-76.0,-37.48],[-76.04,-37.75],[-75.45,-38.5],[-75.6,-39.25],[-75.17,-39.75],[-74.5,-41.66],[-74.35,-43.0],[-74.01,-43.5],[-74.02,-44.25],[-73.58,-45.25],[-73.15,-45.5],[-73.25,-45.87],[-72.96,-46.0],[-72.5,-45.13],[-71.95,-45.25],[-71.25,-43.77],[-69.5,-44.11],[-69.25,-43.58],[-68.75,-43.36],[-68.26,-43.5],[-67.82,-44.25],[-68.05,-45.75],[-67.34,-45.75],[-67.95,-46.5],[-67.75,-47.04],[-68.14,-47.25],[-67.39,-49.0],[-67.33,-52.0],[-67.72,-53.0],[-69.56,-54.0],[-68.0,-54.95],[-66.75,-54.99],[-66.33,-55.25],[-67.2,-56.5],[-66.75,-57.11],[-65.0,-57.54],[-53.75,-58.19],[-46.25,-58.03],[-43.0,-57.06],[-39.53,-55.0],[-35.9,-51.0],[-34.46,-50.0],[-32.9,-48.25],[-30.4,-46.25],[-22.25,-42.05],[-17.25,-39.79],[-16.0,-38.88],[-13.41,-36.25],[-10.99,-32.5],[-10.89,-32.0],[-11.11,-31.75],[-10.35,-30.5],[-10.39,-30.0],[-9.95,-29.75],[-10.09,-29.0],[-9.65,-28.5],[-10.75,-27.62],[-9.25,-27.23],[-6.75,-27.13],[-4.0,-27.28],[-0.75,-28.04],[0.25,-27.94],[3.0,-29.31],[4.0,-29.46],[6.0,-30.83],[9.0,-34.14],[11.75,-41.05],[13.98,-45.25],[16.75,-49.0],[18.39,-50.5],[20.34,-53.0],[23.25,-54.97],[28.0,-57.13],[32.5,-58.37],[35.75,-58.53],[38.0,-58.16],[41.75,-56.61],[49.0,-53.02],[52.25,-51.71],[59.0,-49.96],[74.5,-47.1],[77.75,-45.87],[80.25,-44.56],[90.75,-44.2],[109.25,-44.27],[118.75,-43.46],[125.75,-43.47],[129.0,-42.67],[133.5,-40.11],[135.53,-39.75],[136.0,-39.33],[138.0,-39.84],[140.75,-40.01],[142.75,-40.62],[145.25,-41.76],[145.75,-40.95],[147.5,-40.76],[149.5,-40.12],[152.75,-40.0],[154.25,-39.16],[158.0,-35.44],[159.5,-34.59],[160.25,-34.74],[162.0,-35.72],[162.26,-36.25],[161.92,-37.75],[161.08,-39.5],[160.25,-40.07],[160.01,-40.5],[160.37,-40.75],[160.24,-42.0],[160.45,-42.75],[160.87,-43.5],[162.0,-44.5],[165.5,-46.58],[166.75,-47.09],[167.5,-47.08],[168.2,-47.75],[170.65,-49.0],[175.44,-50.5],[180.0,-51.25]]}},{"type":"Feature","properties":{"level":1016},"geometry":{"type":"LineString","coordinates":[[168.75,-46.66],[167.85,-45.75],[168.5,-45.35],[169.14,-45.5],[168.7,-45.0],[169.12,-44.5],[171.5,-43.4],[172.75,-42.43],[174.0,-41.95],[174.25,-42.14],[174.36,-42.75],[174.0,-43.46],[173.5,-43.59],[172.75,-44.34],[171.25,-44.08],[170.54,-45.0],[170.37,-45.75],[169.5,-46.5],[168.75,-46.66]]}},{"type":"Feature","properties":{"level":1016},"geometry":{"type":"LineString","coordinates":[[169.0,-39.35],[168.5,-39.19],[168.15,-38.75],[168.05,-37.25],[168.26,-36.75],[169.25,-35.8],[170.0,-35.54],[171.25,-35.54],[172.25,-35.93],[172.88,-36.5],[173.31,-37.5],[172.88,-38.5],[171.25,-39.32],[169.0,-39.35]]}},{"type":"Feature","properties":{"level":1016},"geometry":{"type":"LineString","coordinates":[[38.25,-38.6],[38.25,-38.42],[38.5,-38.5],[38.25,-38.6]]}},{"type":"Feature","properties":{"level":1016},"geometry":{"type":"LineString","coordinates":[[133.5,-38.16],[133.5,-37.86],[133.5,-38.16]]}},{"type":"Feature","properties":{"level":1016},"geometry":{"type":"LineString","coordinates":[[-69.25,-37.52],[-69.41,-37.25],[-68.89,-37.0],[-69.49,-36.75],[-68.58,-36.5],[-68.19,-37.5],[-68.5,-37.68],[-69.25,-37.52]]}},{"type":"Feature","properties":{"level":1016},"geometry":{"type":"LineString","coordinates":[[145.25,-37.52],[145.4,-37.5],[145.25,-37.52]]}},{"type":"Feature","properties":{"level":1016},"geometry":{"type":"LineString","coordinates":[[141.75,-34.98],[141.59,-34.75],[142.0,-34.66],[142.0,-34.98],[141.75,-34.98]]}},{"type":"Feature","properties":{"level":1016},"geometry":{"type":"LineString","coordinates":[[125.7,-33.75],[125.75,-33.99],[125.7,-33.75]]}},{"type":"Feature","properties":{"level":1016},"geometry":{"type":"LineString","coordinates":[[-67.59,-31.0],[-67.18,-31.0],[-67.25,-29.97],[-67.43,-30.0],[-67.26,-30.25],[-67.63,-30.5],[-67.59,-31.0]]}},{"type":"Feature","properties":{"level":1016},"geometry":{"type":"LineString","coordinates":[[-66.55,-31.0],[-66.0,-30.96],[-65.73,-30.5],[-65.84,-30.25],[-66.46,-30.25],[-66.55,-31.0]]}},{"type":"Feature","properties":{"level":1016},"geometry":{"type":"LineString","coordinates":[[-67.95,-29.25],[-67.75,-29.46],[-67.5,-29.13],[-66.9,-29.0],[-68.0,-28.68],[-67.95,-29.25]]}},{"type":"Feature","properties":{"level":1016},"geometry":{"type":"LineString","coordinates":[[-65.38,-29.25],[-65.25,-29.4],[-65.15,-29.0],[-65.5,-28.3],[-65.38,-29.25]]}},{"type":"Feature","properties":{"level":1016},"geometry":{"type":"LineString","coordinates":[[-66.12,-28.5],[-65.9,-28.5],[-65.66,-28.0],[-65.76,-27.25],[-65.29,-26.75],[-65.38,-26.0],[-65.15,-25.5],[-65.66,-25.5],[-65.75,-24.92],[-65.64,-26.75],[-66.35,-27.25],[-66.08,-27.75],[-66.12,-28.5]]}},{"type":"Feature","properties":{"level":1016},"geometry":{"type":"LineString","coordinates":[[151.72,-27.0],[151.93,-26.75],[151.75,-26.41],[151.48,-26.5],[151.72,-27.0]]}},{"type":"Feature","properties":{"level":1016},"geometry":{"type":"LineString","coordinates":[[152.18,-26.5],[152.5,-26.65],[152.64,-26.25],[152.5,-26.14],[152.18,-26.5]]}},{"type":"Feature","properties":{"level":1016},"geometry":{"type":"LineString","coordinates":[[-65.01,-23.75],[-64.65,-23.5],[-64.68,-22.75],[-64.24,-21.75],[-64.25,-21.25],[-64.75,-21.87],[-65.03,-22.75],[-64.85,-23.0],[-65.12,-23.5],[-65.01,-23.75]]}},{"type":"Feature","properties":{"level":1016},"geometry":{"type":"LineString","coordinates":[[16.47,-23.5],[18.5,-22.36],[18.84,-22.5],[19.0,-23.14],[20.0,-23.15],[20.93,-22.75],[20.46,-22.25],[20.94,-21.75],[20.99,-21.0],[20.47,-20.5],[21.0,-20.11],[20.9,-19.75],[20.25,-19.32],[19.72,-19.75],[19.65,-20.25],[19.25,-20.68],[18.82,-20.5],[18.91,-19.75],[19.31,-19.5],[19.2,-19.25],[18.75,-19.05],[16.75,-19.51],[16.57,-19.75],[16.72,-20.25],[16.09,-21.0],[16.81,-22.0],[16.46,-22.5],[16.47,-23.5]]}},{"type":"Feature","properties":{"level":1016},"geometry":{"type":"LineString","coordinates":[[43.75,-23.35],[43.75,-23.2],[43.75,-23.35]]}},{"type":"Feature","properties":{"level":1016},"geometry":{"type":"LineString","coordinates":[[41.75,-22.8],[41.23,-22.5],[41.0,-21.93],[42.0,-22.09],[42.5,-21.63],[43.25,-21.82],[43.31,-21.5],[44.11,-21.0],[43.5,-22.76],[43.0,-22.27],[42.0,-22.86],[41.75,-22.8]]}},{"type":"Feature","properties":{"level":1016},"geometry":{"type":"LineString","coordinates":[[-140.5,-20.75],[-140.5,-20.3],[-140.5,-20.75]]}},{"type":"Feature","properties":{"level":1016},"geometry":{"type":"LineString","coordinates":[[-135.25,-20.57],[-135.47,-20.5],[-135.25,-20.57]]}},{"type":"Feature","properties":{"level":1016},"geometry":{"type":"LineString","coordinates":[[44.25,-20.57],[44.62,-20.0],[44.25,-19.0],[44.5,-18.51],[45.19,-19.75],[44.75,-20.4],[44.25,-20.57]]}},{"type":"Feature","properties":{"level":1016},"geometry":{"type":"LineString","coordinates":[[45.5,-20.18],[45.29,-19.75],[45.5,-19.58],[45.5,-20.18]]}},{"type":"Feature","properties":{"level":1016},"geometry":{"type":"LineString","coordinates":[[44.25,-18.1],[44.25,-17.73],[44.25,-18.1]]}},{"type":"Feature","properties":{"level":1016},"geometry":{"type":"LineString","coordinates":[[-67.75,-17.85],[-68.2,-17.5],[-68.0,-17.31],[-67.18,-17.75],[-67.75,-17.85]]}},{"type":"Feature","properties":{"level":1016},"geometry":{"type":"LineString","coordinates":[[26.69,-17.75],[27.58,-16.75],[27.69,-16.5],[27.5,-16.32],[26.5,-16.34],[26.17,-16.75],[26.04,-17.0],[26.25,-17.41],[26.69,-17.75]]}},{"type":"Feature","properties":{"level":1016},"geometry":{"type":"LineString","coordinates":[[44.5,-17.15],[44.66,-16.5],[45.0,-16.21],[45.5,-15.92],[46.21,-16.0],[46.0,-16.33],[45.0,-16.59],[44.5,-17.15]]}},{"type":"Feature","properties":{"level":1016},"geometry":{"type":"LineString","coordinates":[[-69.25,-16.31],[-69.41,-16.0],[-69.98,-15.75],[-69.75,-15.29],[-68.93,-16.0],[-69.25,-16.31]]}},{"type":"Feature","properties":{"level":1016},"geometry":{"type":"LineString","coordinates":[[27.84,-16.25],[28.33,-16.25],[28.52,-15.75],[29.67,-15.5],[30.02,-15.0],[28.44,-15.25],[28.24,-15.5],[28.49,-15.75],[27.84,-16.25]]}},{"type":"Feature","properties":{"level":1016},"geometry":{"type":"LineString","coordinates":[[180.0,-16.48],[179.5,-16.42],[178.0,-17.07],[177.36,-17.75],[177.38,-18.0],[177.0,-18.18],[176.49,-17.75],[176.51,-17.25],[176.0,-17.18],[173.5,-17.68],[172.0,-17.62],[171.5,-18.1],[171.0,-17.78],[169.75,-17.91],[168.75,-17.72],[168.5,-18.04],[168.0,-17.86],[166.5,-18.29],[165.0,-18.41],[163.5,-19.08],[161.75,-19.47],[159.75,-19.46],[158.0,-19.8],[155.25,-19.5],[151.75,-19.63],[149.0,-19.38],[148.7,-19.75],[148.66,-20.75],[149.25,-22.07],[150.42,-22.75],[150.49,-23.75],[151.0,-24.7],[152.25,-25.18],[153.1,-26.0],[153.12,-26.5],[152.49,-27.0],[152.75,-27.11],[153.0,-26.81],[153.83,-27.25],[153.75,-27.5],[153.25,-27.29],[152.8,-28.0],[153.08,-28.5],[153.56,-28.75],[152.77,-30.25],[152.26,-30.5],[152.5,-30.75],[152.45,-31.5],[152.22,-31.75],[152.27,-32.25],[151.52,-33.5],[151.57,-34.0],[150.69,-34.5],[149.25,-37.22],[147.25,-37.61],[146.75,-38.07],[145.5,-37.75],[146.5,-37.33],[146.5,-36.94],[148.09,-35.5],[147.0,-35.4],[146.25,-36.11],[145.5,-36.35],[143.95,-35.0],[145.49,-34.5],[144.25,-33.63],[143.75,-33.59],[143.0,-34.28],[141.5,-34.0],[140.5,-34.27],[139.5,-35.1],[139.0,-34.41],[138.07,-33.75],[138.22,-33.5],[138.0,-33.36],[136.75,-33.63],[135.75,-34.65],[135.25,-34.54],[134.43,-35.25],[133.51,-36.5],[133.25,-36.55],[133.0,-37.26],[129.16,-36.0],[127.5,-34.22],[126.25,-34.29],[125.0,-33.92],[124.25,-33.16],[122.75,-33.33],[120.5,-32.96],[116.0,-31.64],[112.9,-28.25],[112.5,-27.03],[112.06,-27.0],[110.75,-25.08],[109.42,-24.25],[109.5,-23.67],[108.75,-23.47],[108.54,-22.75],[108.25,-22.89],[108.1,-21.75],[107.75,-21.06],[106.75,-20.89],[106.0,-20.24],[105.43,-20.5],[105.25,-19.74],[104.17,-19.75],[103.75,-19.22],[101.5,-19.3],[100.75,-18.7],[98.5,-18.99],[98.0,-18.52],[95.54,-17.75],[95.42,-17.5],[92.5,-16.77],[92.25,-16.5],[91.75,-16.37],[91.25,-16.57],[86.25,-15.1],[82.75,-14.48],[80.25,-13.41],[73.5,-11.73],[72.0,-11.59],[71.0,-11.01],[69.5,-10.92],[67.25,-11.61],[66.25,-11.09],[65.75,-11.37],[64.75,-10.72],[64.0,-11.33],[62.75,-10.92],[62.0,-11.66],[61.5,-11.01],[60.25,-11.03],[59.75,-10.58],[58.25,-10.64],[58.0,-10.18],[57.25,-10.64],[56.75,-10.63],[56.25,-11.07],[55.25,-10.33],[54.75,-10.53],[54.25,-10.15],[52.75,-11.05],[51.5,-10.9],[49.5,-11.1],[48.25,-11.58],[43.5,-10.08],[43.25,-9.76],[41.75,-9.11],[40.75,-7.38],[39.91,-6.75],[39.54,-5.0],[39.0,-4.5],[39.39,-4.25],[39.42,-3.75],[38.99,-3.0],[38.38,-0.75],[37.82,-0.25],[38.13,0.25],[37.39,0.25],[36.75,1.28],[36.45,0.5],[36.68,0.25],[36.0,-0.18],[35.5,0.6],[35.59,-1.5],[35.35,-2.75],[35.53,-3.0],[35.25,-3.25],[35.45,-3.5],[34.75,-4.86],[34.24,-5.25],[34.47,-5.75],[33.91,-6.0],[34.0,-6.42],[34.5,-6.71],[34.75,-6.49],[35.0,-6.73],[35.18,-6.5],[34.92,-6.0],[35.4,-5.5],[35.27,-6.0],[36.04,-6.5],[36.11,-7.0],[34.21,-8.75],[33.76,-8.75],[34.73,-7.5],[33.75,-7.53],[33.64,-7.75],[33.7,-8.5],[33.26,-9.25],[33.64,-10.75],[33.95,-11.0],[33.27,-12.5],[33.6,-12.75],[33.5,-13.2],[31.25,-14.5],[30.61,-15.25],[30.82,-15.5],[30.52,-16.0],[30.25,-15.55],[29.25,-16.21],[29.25,-16.57],[28.5,-17.39],[27.75,-17.7],[26.5,-18.73],[25.75,-18.41],[25.33,-19.25],[25.25,-20.26],[24.49,-20.75],[23.75,-21.67],[22.75,-21.84],[22.5,-22.4],[22.0,-22.49],[21.2,-23.5],[21.48,-23.75],[22.0,-23.5],[23.25,-23.89],[23.75,-24.63],[24.07,-26.25],[23.48,-27.5],[23.44,-28.25],[23.5,-28.4],[24.5,-27.98],[24.75,-28.17],[24.96,-30.0],[24.35,-30.25],[24.0,-30.73],[23.5,-30.8],[22.75,-30.52],[21.5,-30.65],[20.75,-31.19],[19.75,-30.82],[18.75,-29.51],[18.25,-29.86],[18.13,-30.25],[19.0,-30.92],[19.5,-30.88],[19.63,-31.25],[19.25,-31.04],[19.02,-31.75],[19.07,-33.25],[18.75,-33.9],[18.25,-34.09],[17.31,-33.5],[16.25,-31.19],[14.75,-30.53],[13.82,-29.25],[11.5,-27.62],[10.04,-26.0],[8.99,-24.0],[7.5,-22.31],[4.25,-19.26],[3.75,-18.37],[1.25,-16.57],[0.67,-15.25],[0.75,-14.53],[0.0,-14.92],[-1.5,-15.01],[-2.25,-14.48],[-3.0,-13.0],[-3.5,-13.27],[-3.75,-12.98],[-4.28,-13.0],[-4.64,-12.0],[-5.0,-11.76],[-5.25,-12.53],[-5.75,-12.29],[-6.0,-11.64],[-6.5,-11.75],[-6.75,-12.26],[-7.75,-11.32],[-9.75,-11.62],[-11.5,-11.11],[-13.0,-11.31],[-13.75,-11.71],[-15.25,-11.36],[-17.0,-12.0],[-20.25,-12.39],[-20.75,-12.76],[-23.0,-13.52],[-23.75,-13.39],[-24.5,-14.17],[-25.42,-14.5],[-25.83,-15.0],[-28.0,-16.22],[-29.0,-17.55],[-31.25,-19.0],[-32.67,-22.5],[-31.85,-25.0],[-31.15,-26.0],[-31.01,-27.0],[-28.85,-29.0],[-29.08,-29.5],[-28.75,-30.5],[-28.86,-30.75],[-31.5,-33.09],[-33.75,-34.27],[-34.5,-34.97],[-35.0,-34.78],[-35.15,-35.25],[-35.5,-35.45],[-36.25,-35.2],[-38.0,-35.78],[-39.75,-35.57],[-40.5,-35.92],[-41.25,-35.73],[-44.5,-35.82],[-48.0,-34.54],[-50.48,-33.25],[-51.07,-32.5],[-51.36,-30.75],[-51.13,-30.0],[-51.42,-29.75],[-50.9,-29.75],[-50.75,-30.07],[-50.5,-29.97],[-50.28,-29.5],[-50.75,-29.14],[-51.41,-29.0],[-51.5,-28.68],[-51.75,-28.82],[-52.25,-28.61],[-52.75,-28.96],[-53.5,-28.66],[-54.5,-28.63],[-55.25,-29.03],[-56.75,-28.01],[-57.74,-27.75],[-58.15,-27.25],[-59.5,-26.77],[-61.0,-27.42],[-61.5,-27.38],[-61.75,-27.1],[-63.0,-27.28],[-64.5,-29.11],[-65.36,-29.75],[-65.25,-32.2],[-66.3,-32.75],[-66.05,-33.25],[-67.0,-33.99],[-68.0,-33.78],[-69.0,-34.06],[-69.26,-33.5],[-69.07,-33.0],[-69.49,-32.75],[-69.76,-31.25],[-69.51,-30.25],[-69.25,-29.56],[-68.81,-29.5],[-68.85,-29.25],[-68.53,-29.0],[-68.75,-28.67],[-68.5,-28.14],[-68.1,-28.0],[-67.75,-26.82],[-67.5,-26.98],[-67.39,-26.75],[-67.65,-26.5],[-67.62,-26.0],[-67.0,-26.38],[-66.5,-26.26],[-66.61,-25.25],[-66.0,-24.43],[-65.41,-24.75],[-65.18,-24.0],[-65.5,-24.07],[-65.63,-23.75],[-65.21,-23.0],[-66.0,-23.13],[-66.37,-22.0],[-65.95,-21.0],[-66.16,-20.0],[-65.72,-19.75],[-65.94,-19.0],[-66.52,-18.5],[-67.06,-17.0],[-66.75,-16.93],[-66.7,-17.25],[-66.25,-17.17],[-65.5,-17.5],[-65.43,-17.25],[-67.0,-16.38],[-67.25,-16.63],[-67.5,-16.56],[-68.62,-15.25],[-69.0,-14.33],[-70.0,-13.65],[-71.5,-13.13],[-72.0,-12.42],[-72.25,-12.37],[-72.5,-12.88],[-73.25,-12.92],[-73.5,-13.17],[-74.35,-12.25],[-74.64,-11.5],[-75.0,-11.17],[-75.25,-11.25],[-75.75,-9.8],[-76.41,-9.25],[-76.44,-8.75],[-77.57,-6.75],[-77.25,-6.25],[-77.75,-5.75],[-78.04,-6.25],[-77.75,-7.75],[-78.26,-7.5],[-78.11,-7.0],[-78.46,-6.5],[-78.75,-6.43],[-79.08,-7.0],[-78.64,-7.25],[-78.56,-8.25],[-78.07,-8.75],[-77.9,-9.75],[-76.25,-12.73],[-74.0,-15.58],[-72.5,-15.89],[-71.0,-16.87],[-70.75,-17.4],[-70.34,-17.5],[-69.25,-20.17],[-69.07,-21.25],[-69.17,-23.75],[-69.5,-24.66],[-70.22,-24.5],[-70.17,-25.0],[-69.62,-25.5],[-69.69,-27.0],[-69.9,-28.0],[-70.73,-29.25],[-70.92,-31.75],[-71.25,-32.05],[-71.06,-31.5],[-72.1,-30.5],[-71.97,-29.25],[-72.33,-28.75],[-72.32,-27.5],[-73.17,-25.25],[-73.0,-24.87],[-72.35,-24.75],[-72.5,-23.5],[-73.88,-21.0],[-75.44,-19.5],[-78.0,-18.03],[-80.75,-15.87],[-86.25,-14.35],[-88.25,-12.59],[-89.25,-12.9],[-89.41,-12.75],[-89.0,-12.4],[-88.25,-12.28],[-88.21,-12.0],[-88.75,-11.34],[-89.77,-11.25],[-92.0,-11.78],[-92.32,-11.25],[-94.0,-10.96],[-95.0,-11.14],[-97.5,-10.26],[-98.0,-10.59],[-99.5,-10.52],[-101.75,-9.72],[-102.75,-9.63],[-104.0,-10.04],[-105.5,-10.18],[-107.71,-11.0],[-108.5,-10.78],[-109.75,-11.32],[-110.75,-11.07],[-112.5,-11.49],[-113.25,-11.28],[-114.0,-11.92],[-117.75,-12.7],[-118.0,-12.96],[-119.25,-13.2],[-120.25,-13.68],[-121.23,-13.75],[-121.26,-14.0],[-122.0,-14.27],[-123.75,-14.45],[-124.25,-15.79],[-125.0,-15.75],[-125.5,-16.03],[-125.75,-16.56],[-127.5,-16.91],[-127.75,-17.95],[-128.25,-18.15],[-128.75,-17.94],[-128.75,-18.58],[-129.5,-18.43],[-129.3,-19.25],[-132.25,-18.66],[-133.5,-18.81],[-134.25,-19.27],[-135.5,-19.48],[-135.5,-21.0],[-136.0,-21.18],[-137.0,-20.98],[-137.18,-21.25],[-136.98,-21.75],[-137.25,-21.84],[-137.75,-21.56],[-138.04,-21.75],[-138.09,-21.25],[-137.86,-21.0],[-138.0,-20.6],[-138.5,-20.5],[-139.0,-21.25],[-139.25,-20.91],[-139.75,-21.15],[-140.0,-19.73],[-141.5,-19.99],[-141.91,-20.25],[-141.85,-20.75],[-142.25,-20.95],[-143.25,-20.3],[-143.75,-20.58],[-144.0,-20.27],[-144.25,-20.52],[-144.37,-20.25],[-145.5,-19.87],[-146.25,-20.36],[-147.0,-19.31],[-147.5,-19.1],[-148.0,-19.19],[-148.25,-19.6],[-148.25,-18.9],[-149.0,-19.16],[-149.75,-18.78],[-150.25,-19.05],[-151.5,-19.04],[-151.75,-18.75],[-155.0,-18.5],[-156.75,-17.88],[-158.75,-17.61],[-160.75,-17.0],[-167.0,-15.87],[-168.0,-15.38],[-169.5,-15.51],[-173.5,-15.01],[-177.75,-15.94],[-178.5,-16.38],[-179.5,-16.6],[-180.0,-16.48]]}},{"type":"Feature","properties":{"level":1016},"geometry":{"type":"LineString","coordinates":[[46.5,-16.08],[46.5,-15.68],[46.8,-16.0],[46.5,-16.08]]}},{"type":"Feature","properties":{"level":1016},"geometry":{"type":"LineString","coordinates":[[19.89,-15.75],[20.75,-15.69],[21.28,-15.0],[21.0,-14.7],[20.5,-14.72],[20.25,-14.2],[19.75,-14.61],[19.62,-14.5],[19.98,-13.5],[20.5,-13.38],[20.75,-13.59],[21.06,-13.0],[20.38,-11.75],[20.5,-10.97],[20.03,-10.75],[19.75,-10.05],[19.25,-9.86],[18.5,-10.29],[18.0,-10.15],[17.75,-10.75],[17.25,-11.03],[16.75,-10.45],[15.75,-10.61],[15.46,-11.0],[15.54,-12.0],[15.0,-11.84],[14.93,-12.0],[15.0,-13.16],[15.64,-13.5],[16.0,-14.35],[17.0,-15.1],[17.75,-14.94],[18.75,-15.53],[19.75,-15.48],[19.89,-15.75]]}},{"type":"Feature","properties":{"level":1016},"geometry":{"type":"LineString","coordinates":[[48.0,-14.86],[48.0,-14.7],[48.0,-14.86]]}},{"type":"Feature","properties":{"level":1016},"geometry":{"type":"LineString","coordinates":[[29.59,-14.25],[29.75,-14.41],[30.06,-13.75],[31.3,-13.0],[31.25,-12.26],[30.84,-12.75],[29.26,-13.5],[29.59,-14.25]]}},{"type":"Feature","properties":{"level":1016},"geometry":{"type":"LineString","coordinates":[[34.5,-13.77],[34.13,-13.0],[34.09,-11.75],[34.34,-10.75],[34.0,-10.32],[33.55,-10.25],[33.75,-9.33],[34.71,-10.25],[35.03,-13.75],[34.5,-13.77]]}},{"type":"Feature","properties":{"level":1016},"geometry":{"type":"LineString","coordinates":[[-3.75,-13.51],[-3.75,-13.36],[-3.75,-13.51]]}},{"type":"Feature","properties":{"level":1016},"geometry":{"type":"LineString","coordinates":[[48.5,-13.59],[48.7,-13.0],[47.93,-12.25],[48.5,-12.29],[48.75,-11.84],[49.29,-12.25],[49.06,-12.5],[49.34,-13.25],[49.23,-13.5],[48.5,-13.59]]}},{"type":"Feature","properties":{"level":1016},"geometry":{"type":"LineString","coordinates":[[28.68,-4.0],[28.75,-4.23],[29.09,-3.75],[28.93,-2.75],[29.25,-2.66],[29.5,-2.91],[29.71,-2.5],[29.5,-2.27],[29.0,-2.42],[28.75,-2.02],[28.51,-3.25],[28.68,-4.0]]}},{"type":"Feature","properties":{"level":1016},"geometry":{"type":"LineString","coordinates":[[-79.41,-3.75],[-79.0,-3.99],[-78.21,-2.25],[-78.22,-1.5],[-77.75,-0.5],[-77.71,0.25],[-76.94,1.0],[-75.75,2.83],[-75.76,3.5],[-75.12,4.75],[-75.25,5.53],[-75.59,5.0],[-75.56,4.5],[-76.07,4.0],[-76.18,3.25],[-77.13,1.5],[-78.0,1.1],[-78.25,0.56],[-78.5,0.5],[-78.42,0.0],[-79.01,-0.75],[-78.98,-2.25],[-79.52,-3.0],[-79.21,-3.25],[-79.41,-3.75]]}},{"type":"Feature","properties":{"level":1016},"geometry":{"type":"LineString","coordinates":[[35.75,-2.67],[35.7,-2.25],[36.09,-2.0],[36.25,-1.41],[36.53,-2.0],[36.25,-2.61],[35.75,-2.67]]}},{"type":"Feature","properties":{"level":1016},"geometry":{"type":"LineString","coordinates":[[29.46,-2.0],[29.5,-2.24],[29.75,-1.95],[30.01,-2.0],[30.01,-1.25],[30.66,-0.25],[30.5,-0.13],[30.0,-0.6],[29.98,-1.25],[28.84,-1.5],[29.0,-1.82],[29.25,-1.57],[29.46,-2.0]]}},{"type":"Feature","properties":{"level":1016},"geometry":{"type":"LineString","coordinates":[[28.97,-1.0],[29.41,-0.25],[29.25,-0.02],[28.73,-0.75],[28.97,-1.0]]}},{"type":"Feature","properties":{"level":1016},"geometry":{"type":"LineString","coordinates":[[-74.53,3.75],[-74.25,3.55],[-73.28,5.25],[-72.75,5.39],[-71.97,6.5],[-72.41,7.0],[-72.48,7.5],[-72.92,7.25],[-72.59,6.5],[-72.71,6.25],[-73.09,6.0],[-73.0,5.75],[-73.75,5.54],[-74.53,3.75]]}},{"type":"Feature","properties":{"level":1016},"geometry":{"type":"LineString","coordinates":[[38.55,3.75],[39.0,3.7],[39.19,4.0],[38.57,4.5],[38.91,4.75],[38.88,5.0],[39.25,5.21],[39.98,5.0],[39.89,5.5],[40.08,5.75],[39.72,6.0],[39.94,6.5],[40.86,6.75],[41.44,8.0],[42.22,8.25],[42.5,9.0],[43.25,8.6],[43.6,9.0],[43.0,9.58],[42.02,9.5],[41.25,9.31],[39.25,8.17],[38.5,7.43],[38.25,7.69],[38.7,8.75],[39.25,8.77],[39.87,9.75],[39.9,11.25],[39.62,12.25],[39.85,14.0],[39.5,14.87],[39.21,14.25],[39.41,14.0],[39.24,13.75],[39.28,12.5],[38.89,12.5],[39.02,12.0],[38.25,12.07],[36.87,11.0],[37.0,10.65],[37.5,10.72],[37.53,10.5],[36.99,10.0],[37.12,9.75],[36.9,9.25],[36.16,8.5],[36.39,8.25],[36.25,7.86],[35.48,7.5],[36.5,7.14],[37.25,7.32],[37.75,7.85],[37.5,6.75],[37.75,6.55],[38.0,6.88],[38.31,6.5],[37.73,5.75],[38.14,4.75],[38.11,4.25],[38.55,3.75]]}},{"type":"Feature","properties":{"level":1016},"geometry":{"type":"LineString","coordinates":[[40.25,7.48],[40.25,8.32],[41.38,8.75],[41.43,8.5],[40.75,7.63],[40.25,7.48]]}},{"type":"Feature","properties":{"level":1016},"geometry":{"type":"LineString","coordinates":[[47.19,10.0],[47.5,10.0],[47.75,10.51],[48.32,10.75],[47.25,10.78],[47.03,10.25],[47.19,10.0]]}},{"type":"Feature","properties":{"level":1016},"geometry":{"type":"LineString","coordinates":[[37.58,12.75],[37.75,12.53],[38.0,12.94],[38.25,12.89],[38.63,13.25],[38.25,13.43],[37.58,12.75]]}},{"type":"Feature","properties":{"level":1016},"geometry":{"type":"LineString","coordinates":[[44.08,14.0],[44.25,13.79],[45.25,14.12],[45.5,13.87],[46.11,14.0],[45.5,14.64],[45.0,14.73],[44.87,15.5],[44.0,16.25],[44.0,16.6],[43.65,15.5],[44.11,15.0],[44.08,14.0]]}},{"type":"Feature","properties":{"level":1016},"geometry":{"type":"LineString","coordinates":[[44.62,16.5],[44.82,16.5],[44.27,17.0],[43.97,17.75],[44.0,18.61],[43.0,18.84],[42.0,19.85],[42.34,18.25],[43.31,17.75],[43.48,16.75],[44.0,16.81],[44.62,16.5]]}},{"type":"Feature","properties":{"level":1016},"geometry":{"type":"LineString","coordinates":[[-97.31,18.75],[-97.04,19.5],[-97.25,19.7],[-97.31,18.75]]}},{"type":"Feature","properties":{"level":1016},"geometry":{"type":"LineString","coordinates":[[-155.82,19.25],[-155.5,19.12],[-155.08,19.5],[-155.25,20.06],[-155.66,20.0],[-155.82,19.25]]}},{"type":"Feature","properties":{"level":1016},"geometry":{"type":"LineString","coordinates":[[5.66,22.75],[6.5,23.05],[7.25,23.74],[7.6,23.5],[7.92,22.75],[8.25,22.7],[8.96,23.5],[8.5,24.17],[7.5,24.11],[7.25,24.3],[5.5,23.45],[5.35,23.25],[5.66,22.75]]}},{"type":"Feature","properties":{"level":1016},"geometry":{"type":"LineString","coordinates":[[27.92,26.25],[28.34,26.25],[28.25,26.52],[27.92,26.25]]}},{"type":"Feature","properties":{"level":1016},"geometry":{"type":"LineString","coordinates":[[2.26,27.5],[2.5,27.35],[2.96,28.0],[3.5,27.73],[4.66,28.25],[4.53,29.5],[4.75,29.66],[5.25,29.51],[5.62,30.0],[5.5,30.26],[4.5,29.88],[3.75,30.01],[3.92,29.75],[3.75,29.6],[3.25,29.52],[3.0,29.15],[2.53,29.0],[2.14,28.5],[2.26,27.5]]}},{"type":"Feature","properties":{"level":1016},"geometry":{"type":"LineString","coordinates":[[88.75,28.73],[88.25,28.97],[87.75,28.89],[87.52,29.25],[87.75,29.55],[89.75,29.31],[90.25,29.65],[90.5,29.39],[90.6,29.75],[90.36,30.0],[91.25,30.52],[91.87,30.5],[91.69,30.25],[91.97,30.0],[91.75,29.59],[91.32,29.5],[93.3,29.0],[91.5,28.68],[91.0,28.83],[90.5,28.57],[90.34,29.0],[90.0,29.1],[89.75,28.69],[88.75,28.73]]}},{"type":"Feature","properties":{"level":1016},"geometry":{"type":"LineString","coordinates":[[119.25,29.25],[119.5,29.49],[119.64,29.25],[119.25,29.25]]}},{"type":"Feature","properties":{"level":1016},"geometry":{"type":"LineString","coordinates":[[54.5,29.71],[53.38,31.25],[54.35,30.75],[54.96,30.0],[54.5,29.71]]}},{"type":"Feature","properties":{"level":1016},"geometry":{"type":"LineString","coordinates":[[93.25,29.72],[92.6,30.0],[93.78,30.0],[93.65,29.75],[93.25,29.72]]}},{"type":"Feature","properties":{"level":1016},"geometry":{"type":"LineString","coordinates":[[35.87,33.5],[36.0,33.32],[36.75,33.77],[37.81,34.0],[36.25,34.43],[35.89,34.25],[35.87,33.5]]}},{"type":"Feature","properties":{"level":1016},"geometry":{"type":"LineString","coordinates":[[0.25,33.75],[0.5,33.53],[1.23,33.75],[0.68,34.25],[1.0,34.13],[1.25,34.81],[1.5,34.48],[2.0,34.68],[3.0,34.09],[3.41,34.25],[3.25,34.55],[2.75,34.52],[2.72,35.0],[2.25,35.32],[1.25,35.61],[-0.8,34.5],[0.25,33.75]]}},{"type":"Feature","properties":{"level":1016},"geometry":{"type":"LineString","coordinates":[[24.5,33.86],[24.5,34.24],[24.65,34.0],[24.5,33.86]]}},{"type":"Feature","properties":{"level":1016},"geometry":{"type":"LineString","coordinates":[[100.75,35.65],[100.11,36.25],[100.75,36.3],[101.36,36.0],[100.75,35.65]]}},{"type":"Feature","properties":{"level":1016},"geometry":{"type":"LineString","coordinates":[[114.25,35.92],[113.97,36.25],[114.31,37.5],[114.18,38.0],[115.0,38.46],[115.35,38.0],[115.43,37.25],[115.0,36.21],[114.5,35.85],[114.25,35.92]]}},{"type":"Feature","properties":{"level":1016},"geometry":{"type":"LineString","coordinates":[[-180.0,36.88],[-177.75,37.17],[-177.61,37.0],[-177.8,36.75],[-177.42,36.5],[-177.35,36.0],[-176.58,36.0],[-176.56,35.75],[-175.5,34.92],[-174.02,33.25],[-173.04,30.75],[-172.79,29.25],[-172.1,28.0],[-171.94,27.25],[-172.36,26.75],[-171.41,26.0],[-170.5,23.85],[-170.25,23.99],[-169.5,23.13],[-166.5,21.48],[-162.25,21.41],[-161.25,22.01],[-160.5,21.96],[-160.0,22.36],[-159.5,21.8],[-159.25,21.83],[-156.0,22.27],[-155.0,22.79],[-152.5,22.84],[-151.75,23.46],[-150.0,23.67],[-147.5,23.61],[-145.25,24.27],[-144.0,24.16],[-142.25,24.93],[-141.5,24.73],[-140.57,25.75],[-139.77,26.25],[-138.75,26.43],[-137.68,27.0],[-135.23,27.75],[-129.25,31.55],[-125.56,34.5],[-125.37,35.0],[-125.62,39.75],[-125.08,41.5],[-124.5,42.14],[-124.0,42.05],[-123.5,41.58],[-121.75,41.84],[-121.52,43.0],[-121.1,43.75],[-121.63,45.75],[-121.26,46.25],[-121.21,47.0],[-121.6,47.25],[-121.75,47.83],[-123.0,47.19],[-122.94,48.0],[-124.5,49.1],[-125.0,49.11],[-125.5,49.77],[-126.16,49.5],[-125.0,48.81],[-124.75,48.43],[-126.25,48.81],[-128.25,48.72],[-129.25,49.17],[-131.0,49.42],[-131.99,50.0],[-132.14,50.5],[-132.94,51.25],[-134.25,51.99],[-135.0,52.05],[-136.0,52.65],[-136.75,52.59],[-138.0,52.92],[-140.0,53.02],[-143.5,52.5],[-144.36,52.0],[-144.57,51.0],[-147.0,49.68],[-155.25,48.19],[-163.25,46.16],[-163.96,46.25],[-163.25,47.07],[-163.16,47.5],[-163.75,47.26],[-164.25,48.38],[-167.87,49.0],[-180.0,48.29]]}},{"type":"Feature","properties":{"level":1016},"geometry":{"type":"LineString","coordinates":[[-3.45,37.0],[-2.44,37.25],[-2.75,37.49],[-3.5,37.51],[-3.45,37.0]]}},{"type":"Feature","properties":{"level":1016},"geometry":{"type":"LineString","coordinates":[[126.25,45.96],[125.5,46.21],[122.75,46.29],[121.25,47.26],[120.75,47.08],[120.65,47.5],[120.92,48.5],[120.76,48.75],[118.92,49.5],[117.38,50.5],[115.74,52.25],[115.69,53.75],[116.5,53.99],[116.58,54.25],[116.46,55.5],[117.5,56.2],[120.0,56.8],[120.5,56.47],[121.25,56.4],[122.0,56.71],[123.25,56.81],[124.5,56.35],[125.81,56.75],[125.76,57.0],[127.0,57.09],[127.36,57.0],[126.72,56.75],[128.0,56.27],[129.0,56.6],[129.25,55.96],[130.84,55.75],[131.99,55.0],[131.99,54.25],[131.77,54.0],[132.0,53.78],[132.5,53.57],[133.25,53.69],[133.54,53.5],[133.31,53.25],[134.25,53.13],[134.44,52.75],[134.05,52.5],[133.92,51.75],[134.29,51.5],[133.99,51.0],[134.03,50.5],[133.5,50.41],[132.75,49.64],[131.53,49.0],[131.43,48.25],[130.99,48.0],[131.7,47.25],[131.25,46.75],[130.25,46.74],[129.5,46.27],[128.75,46.42],[127.5,45.95],[126.25,45.96]]}},{"type":"Feature","properties":{"level":1016},"geometry":{"type":"LineString","coordinates":[[-121.59,48.0],[-121.01,48.0],[-121.21,48.25],[-120.71,48.5],[-121.04,48.75],[-120.85,49.0],[-121.25,49.4],[-122.0,49.12],[-122.16,48.75],[-122.17,48.5],[-121.38,48.25],[-121.59,48.0]]}},{"type":"Feature","properties":{"level":1016},"geometry":{"type":"LineString","coordinates":[[180.0,48.29],[173.25,47.71],[170.68,47.25],[170.25,47.56],[167.25,47.92],[163.5,48.75],[157.92,50.75],[157.01,51.25],[157.1,51.75],[156.88,52.25],[153.58,54.75],[152.44,57.0],[152.56,57.75],[152.91,58.25],[152.19,58.75],[153.0,58.82],[154.0,59.9],[156.25,61.13],[157.82,62.75],[157.34,63.75],[157.26,64.5],[155.75,65.98],[155.93,66.5],[155.23,68.0],[155.43,69.25],[154.63,71.0],[154.52,71.75],[154.76,74.0],[155.19,74.75],[157.25,75.8],[166.5,78.62],[172.25,79.54],[180.0,80.14]]}},{"type":"Feature","properties":{"level":1016},"geometry":{"type":"LineString","coordinates":[[-83.4,59.0],[-82.0,59.28],[-81.25,59.14],[-79.14,60.25],[-78.15,63.0],[-78.36,66.0],[-78.54,66.75],[-79.21,67.75],[-79.25,69.73],[-78.75,70.48],[-76.75,70.31],[-74.5,70.93],[-74.16,71.25],[-74.73,71.75],[-74.5,72.06],[-76.5,72.66],[-76.69,72.75],[-76.44,73.0],[-77.5,73.41],[-79.5,73.59],[-83.75,73.57],[-85.75,73.15],[-86.25,73.42],[-93.0,73.11],[-94.5,72.47],[-95.5,72.5],[-103.0,71.15],[-106.75,70.18],[-107.74,69.75],[-108.02,69.25],[-108.75,69.19],[-110.0,68.47],[-114.5,67.37],[-115.48,66.25],[-114.82,64.0],[-112.06,62.0],[-111.0,60.72],[-108.86,59.75],[-107.0,59.44],[-102.5,59.34],[-94.5,59.61],[-86.5,59.11],[-85.5,59.33],[-83.4,59.0]]}},{"type":"Feature","properties":{"level":1016},"geometry":{"type":"LineString","coordinates":[[-85.98,75.0],[-85.0,74.83],[-84.58,75.0],[-85.0,75.18],[-85.98,75.0]]}},{"type":"Feature","properties":{"level":1016},"geometry":{"type":"LineString","coordinates":[[-82.53,75.0],[-81.79,75.0],[-82.37,75.25],[-81.95,75.5],[-83.25,75.53],[-83.83,75.25],[-82.53,75.0]]}},{"type":"Feature","properties":{"level":1016},"geometry":{"type":"LineString","coordinates":[[-83.78,76.75],[-82.75,76.55],[-80.0,76.9],[-80.03,77.25],[-81.5,77.71],[-81.57,78.0],[-80.75,79.0],[-79.92,79.25],[-81.25,80.18],[-82.0,80.32],[-82.89,80.0],[-82.75,79.7],[-83.75,80.21],[-85.5,80.1],[-85.95,79.75],[-85.25,79.49],[-86.5,79.45],[-87.5,79.89],[-87.86,79.75],[-87.75,78.75],[-87.0,78.93],[-86.52,78.5],[-84.83,78.25],[-85.5,77.63],[-87.0,77.66],[-87.18,77.0],[-83.78,76.75]]}},{"type":"Feature","properties":{"level":1016},"geometry":{"type":"LineString","coordinates":[[-66.02,76.75],[-62.57,76.75],[-62.13,77.5],[-62.07,78.25],[-61.37,78.75],[-61.38,79.0],[-64.14,78.75],[-66.01,78.25],[-66.08,78.0],[-64.56,77.5],[-66.02,76.75]]}},{"type":"Feature","properties":{"level":1016},"geometry":{"type":"LineString","coordinates":[[-86.25,79.0],[-85.88,79.0],[-86.25,79.0]]}},{"type":"Feature","properties":{"level":1016},"geometry":{"type":"LineString","coordinates":[[-93.75,79.23],[-93.35,79.25],[-93.75,79.23]]}},{"type":"Feature","properties":{"level":1016},"geometry":{"type":"LineString","coordinates":[[-180.0,80.14],[-166.0,80.07],[-140.0,79.33],[-110.5,77.72],[-103.25,77.99],[-100.5,78.49],[-100.72,79.0],[-99.0,79.28],[-94.25,79.1],[-93.25,78.6],[-91.75,78.28],[-90.75,78.24],[-90.0,78.49],[-89.5,78.34],[-88.98,78.5],[-89.75,79.1],[-92.0,79.4],[-92.63,79.75],[-92.25,79.97],[-91.0,79.95],[-90.5,80.22],[-88.75,79.8],[-87.95,80.0],[-88.25,80.28],[-89.25,80.03],[-89.38,80.5],[-90.3,80.75],[-89.75,81.14],[-87.75,80.66],[-82.5,80.73],[-82.0,81.0],[-85.13,81.5],[-79.5,81.64],[-77.54,81.5],[-77.25,81.33],[-77.23,81.0],[-76.34,80.75],[-77.05,80.5],[-75.5,80.46],[-74.75,80.81],[-74.0,80.6],[-72.75,80.88],[-71.5,80.64],[-66.5,81.45],[-64.81,81.5],[-64.93,81.75],[-61.0,82.14],[-60.25,81.66],[-55.75,81.26],[-55.11,81.0],[-56.25,80.92],[-57.11,80.5],[-54.28,79.75],[-54.17,79.5],[-54.76,79.25],[-54.26,79.0],[-57.84,79.0],[-56.27,78.75],[-59.05,78.25],[-55.72,77.75],[-54.32,76.75],[-54.39,76.0],[-53.51,75.25],[-53.75,74.75],[-52.61,74.0],[-50.24,73.0],[-50.13,72.75],[-50.52,72.25],[-49.0,71.89],[-48.5,71.25],[-45.5,69.25],[-42.75,66.69],[-41.5,66.19],[-40.5,66.24],[-39.25,65.95],[-38.88,66.0],[-38.75,66.33],[-37.48,66.5],[-36.75,66.15],[-36.0,66.13],[-33.5,66.63],[-28.5,66.69],[-28.0,67.15],[-27.5,67.12],[-26.0,66.47],[-24.5,66.63],[-23.5,66.36],[-23.32,66.25],[-23.79,66.0],[-23.84,65.5],[-22.47,65.25],[-22.52,65.0],[-20.75,64.15],[-19.8,64.0],[-19.0,63.43],[-16.75,63.46],[-14.65,62.75],[-15.29,62.0],[-15.35,60.5],[-16.75,59.67],[-16.95,58.75],[-17.83,57.75],[-19.25,55.29],[-22.25,52.25],[-26.6,49.0],[-36.0,42.6],[-39.25,40.43],[-43.0,38.36],[-44.9,35.25],[-46.5,33.94],[-48.0,33.59],[-48.5,33.62],[-48.7,34.0],[-48.97,35.25],[-48.84,36.0],[-47.5,38.42],[-46.5,39.25],[-44.74,41.5],[-44.66,41.75],[-45.5,42.61],[-47.0,43.24],[-49.75,42.9],[-55.88,45.75],[-58.87,47.75],[-59.03,48.25],[-60.46,49.0],[-64.25,52.78],[-65.93,54.0],[-70.5,56.37],[-75.5,57.86],[-76.5,57.5],[-77.5,57.73],[-78.5,57.52],[-79.0,57.0],[-78.8,56.0],[-79.25,55.0],[-78.71,52.5],[-78.76,51.75],[-78.42,51.5],[-78.54,50.25],[-80.75,47.5],[-82.35,46.5],[-81.91,46.0],[-82.34,45.75],[-82.31,45.5],[-82.75,45.03],[-84.08,44.25],[-84.18,43.75],[-87.56,41.25],[-89.03,39.75],[-89.46,39.0],[-89.37,38.5],[-89.92,36.5],[-89.75,35.0],[-89.25,34.08],[-88.55,34.0],[-88.94,33.0],[-87.74,31.25],[-87.9,31.0],[-87.54,30.5],[-86.25,30.21],[-85.25,29.57],[-84.5,29.43],[-84.0,28.94],[-83.25,28.75],[-82.99,28.0],[-82.25,27.4],[-78.02,25.0],[-71.5,23.67],[-63.75,24.12],[-58.5,25.67],[-56.0,27.03],[-54.5,28.2],[-52.75,28.75],[-49.75,28.82],[-48.0,29.18],[-47.54,28.75],[-46.25,28.32],[-46.0,27.72],[-45.25,27.68],[-44.0,26.32],[-43.75,25.6],[-43.34,25.5],[-43.39,25.0],[-43.0,24.36],[-42.35,24.25],[-41.25,23.49],[-39.75,23.27],[-39.0,22.36],[-36.5,21.95],[-35.5,21.45],[-33.25,21.91],[-32.0,21.75],[-30.25,21.05],[-29.0,21.4],[-26.75,21.15],[-24.75,21.44],[-24.0,21.72],[-23.5,22.23],[-22.0,22.29],[-21.25,22.97],[-20.25,23.19],[-19.42,23.75],[-19.42,24.25],[-18.75,24.87],[-18.12,24.75],[-17.5,25.81],[-17.66,25.0],[-16.75,24.98],[-16.5,25.67],[-15.43,26.5],[-15.29,26.75],[-16.0,27.66],[-15.5,27.46],[-15.02,28.0],[-14.55,29.5],[-14.61,30.0],[-13.61,32.25],[-13.29,34.25],[-13.38,35.0],[-12.36,36.0],[-11.95,37.5],[-10.96,39.25],[-10.25,39.94],[-9.75,40.1],[-8.82,40.0],[-8.75,39.36],[-8.07,39.5],[-7.25,39.08],[-5.5,39.07],[-4.25,38.45],[-3.1,38.5],[-2.91,38.25],[-3.0,37.62],[-2.75,37.53],[-2.0,37.64],[-1.57,38.0],[-1.5,38.37],[0.0,38.68],[0.08,39.25],[1.0,39.47],[2.25,38.98],[2.5,39.23],[4.0,39.2],[6.0,39.53],[7.25,39.39],[9.75,38.24],[10.32,37.25],[10.06,36.5],[9.0,36.19],[7.12,36.25],[7.25,36.04],[7.75,36.19],[8.51,36.0],[8.0,35.74],[7.5,35.98],[7.0,35.51],[6.03,35.5],[6.01,35.25],[9.25,34.31],[11.25,34.94],[12.01,34.25],[12.88,32.75],[10.83,31.5],[10.96,30.25],[9.96,28.75],[10.5,28.49],[11.0,27.71],[11.23,26.5],[11.53,26.25],[11.25,25.42],[10.5,25.23],[10.25,24.83],[8.25,25.81],[7.5,25.75],[7.13,25.5],[7.25,24.85],[7.5,24.42],[8.0,24.34],[8.44,24.5],[8.5,24.81],[9.0,24.75],[10.0,23.54],[10.5,23.51],[10.99,23.0],[12.5,22.34],[13.75,22.42],[14.75,23.13],[15.0,23.03],[15.25,22.47],[16.14,21.75],[16.5,20.96],[17.5,20.47],[18.0,20.62],[18.43,19.75],[18.75,19.66],[21.0,20.52],[21.86,21.5],[22.73,22.0],[22.69,22.25],[23.5,22.3],[24.96,23.75],[25.85,23.25],[26.0,22.85],[26.44,23.0],[27.56,24.5],[27.85,25.75],[27.41,26.0],[27.38,26.5],[27.82,27.25],[27.84,28.25],[28.09,28.5],[27.25,29.39],[27.17,30.0],[27.89,30.75],[27.47,31.5],[27.25,34.02],[26.94,34.25],[26.85,33.75],[26.5,33.65],[26.25,34.15],[25.32,34.75],[26.43,35.25],[25.61,36.75],[26.02,37.75],[25.75,38.3],[27.5,37.94],[28.0,37.24],[29.25,36.76],[29.5,36.26],[30.42,36.5],[30.75,37.2],[31.75,36.85],[32.75,36.13],[33.25,36.21],[33.75,36.32],[35.0,37.27],[36.0,37.58],[36.45,37.25],[36.41,36.75],[36.75,36.65],[37.75,36.63],[38.0,37.01],[38.25,36.86],[39.75,37.27],[42.75,37.21],[43.25,36.85],[44.12,36.75],[44.5,36.22],[45.07,36.25],[45.02,35.75],[45.25,35.39],[45.93,35.25],[45.99,34.0],[46.5,33.35],[47.0,33.18],[47.75,33.47],[48.23,33.0],[49.0,33.04],[50.01,32.0],[50.25,31.16],[51.5,30.46],[52.0,29.57],[52.75,28.91],[53.07,29.0],[52.75,29.25],[53.5,29.71],[53.74,29.5],[53.32,29.25],[53.5,29.09],[53.97,29.25],[53.8,29.5],[54.0,29.52],[54.0,29.0],[54.75,28.7],[55.25,28.63],[54.96,29.0],[55.25,29.11],[57.0,28.36],[57.25,28.77],[57.75,28.97],[58.42,28.5],[57.26,30.75],[56.25,31.87],[55.75,32.14],[55.75,31.49],[56.21,31.0],[56.11,30.5],[55.75,30.26],[54.89,31.0],[54.74,31.5],[53.25,32.48],[53.1,33.25],[52.25,33.48],[52.0,33.77],[53.0,33.77],[53.09,34.0],[52.8,34.25],[53.06,34.5],[54.75,35.14],[55.0,34.96],[55.2,35.25],[56.0,35.14],[56.5,35.37],[57.25,35.06],[57.5,35.27],[58.25,35.26],[59.98,34.5],[59.5,34.15],[58.5,34.58],[58.21,34.5],[58.39,34.0],[59.59,33.0],[59.77,32.5],[60.06,32.5],[60.53,33.25],[60.42,33.75],[59.89,34.25],[60.0,34.5],[61.0,34.21],[61.5,34.65],[63.1,34.25],[62.49,34.0],[63.0,33.45],[63.95,33.25],[63.7,33.0],[64.0,32.75],[64.75,33.1],[65.25,32.96],[65.5,33.35],[66.25,32.76],[66.07,32.5],[66.25,32.39],[67.0,32.58],[68.0,31.96],[68.52,32.0],[69.0,32.48],[69.75,32.43],[69.89,32.75],[69.57,33.0],[70.0,33.71],[70.91,33.75],[70.92,34.0],[69.79,34.5],[70.12,34.75],[70.75,34.65],[71.25,34.97],[72.0,35.04],[73.0,34.88],[74.5,33.34],[75.25,33.23],[75.5,32.73],[76.0,32.68],[76.27,32.25],[77.17,31.75],[77.5,30.79],[78.0,31.0],[79.75,29.88],[80.5,29.78],[81.75,28.79],[82.25,28.68],[82.45,28.25],[84.25,28.26],[85.88,27.75],[86.5,27.33],[87.0,27.27],[87.25,27.54],[88.0,27.26],[88.5,27.44],[88.75,27.11],[89.5,26.96],[89.9,27.25],[89.75,27.62],[90.0,27.64],[90.25,27.21],[90.5,27.52],[91.0,27.26],[91.25,27.78],[91.81,27.5],[91.71,27.0],[92.0,27.05],[93.25,28.1],[94.25,28.39],[95.25,29.44],[95.25,28.65],[95.75,29.01],[96.18,28.75],[96.25,28.22],[96.98,28.25],[96.82,28.5],[97.0,28.72],[97.23,28.5],[97.0,27.95],[96.59,27.75],[96.75,27.59],[98.25,27.98],[98.4,28.25],[97.36,29.75],[96.0,30.58],[93.75,31.17],[93.37,32.0],[94.75,32.23],[95.04,32.5],[94.91,33.0],[95.25,33.53],[96.75,33.98],[97.79,34.75],[101.25,34.87],[101.75,35.26],[102.25,35.31],[103.75,34.88],[105.0,34.97],[105.69,35.5],[105.6,36.0],[106.0,36.07],[106.5,36.59],[107.0,36.5],[108.5,37.25],[108.77,37.0],[108.91,37.25],[108.12,38.25],[108.19,39.0],[109.0,39.83],[109.89,40.0],[110.14,40.5],[111.5,40.88],[112.75,40.64],[112.95,40.5],[112.58,40.25],[113.0,40.0],[113.25,40.64],[113.5,40.18],[114.0,40.31],[114.5,40.06],[114.75,40.33],[114.86,40.0],[113.75,39.83],[113.39,39.5],[113.53,39.25],[113.1,39.0],[113.14,38.5],[112.91,38.25],[113.45,37.75],[113.09,37.25],[113.1,36.75],[113.64,36.5],[113.0,35.89],[112.5,36.27],[112.23,35.75],[112.5,35.76],[112.54,35.5],[111.89,35.25],[112.25,35.06],[113.95,35.25],[113.6,34.75],[112.8,34.5],[112.83,34.25],[113.75,34.26],[114.17,34.0],[115.65,32.0],[116.1,30.75],[116.0,30.44],[117.0,30.7],[118.75,30.06],[118.79,29.75],[118.45,29.5],[119.12,29.0],[119.0,28.73],[120.25,28.54],[120.31,28.75],[121.25,29.11],[121.51,28.75],[121.32,28.0],[121.5,27.78],[121.99,28.0],[122.75,28.91],[123.04,29.75],[122.92,31.25],[122.03,32.5],[122.17,33.0],[122.5,33.13],[123.75,32.78],[125.0,31.58],[126.75,30.42],[130.75,28.72],[134.0,28.75],[139.5,29.66],[141.75,29.81],[149.5,29.44],[155.25,30.32],[159.25,31.95],[161.75,32.28],[163.75,31.91],[166.0,32.89],[166.47,32.75],[166.81,32.0],[168.25,31.89],[169.5,32.75],[172.78,33.75],[176.75,35.78],[180.0,36.88]]}},{"type":"Feature","properties":{"level":1016},"geometry":{"type":"LineString","coordinates":[[-80.01,80.5],[-79.35,80.5],[-80.01,80.5]]}},{"type":"Feature","properties":{"level":1016},"geometry":{"type":"LineString","coordinates":[[-60.41,80.5],[-59.57,80.5],[-60.41,80.5]]}},{"type":"Feature","properties":{"level":1016},"geometry":{"type":"LineString","coordinates":[[-81.31,80.75],[-80.52,80.75],[-81.31,80.75]]}},{"type":"Feature","properties":{"level":1016},"geometry":{"type":"LineString","coordinates":[[-78.34,80.75],[-77.84,80.75],[-78.34,80.75]]}},{"type":"Feature","properties":{"level":1016},"geometry":{"type":"LineString","coordinates":[[-91.5,80.96],[-91.03,81.0],[-91.5,80.96]]}},{"type":"Feature","properties":{"level":1016},"geometry":{"type":"LineString","coordinates":[[-77.0,81.7],[-73.55,81.75],[-77.0,81.7]]}},{"type":"Feature","properties":{"level":1016},"geometry":{"type":"LineString","coordinates":[[-59.75,81.99],[-59.44,82.0],[-59.75,81.99]]}},{"type":"Feature","properties":{"level":1016},"geometry":{"type":"LineString","coordinates":[[-36.99,82.0],[-35.37,82.0],[-36.75,82.23],[-36.99,82.0]]}},{"type":"Feature","properties":{"level":1016},"geometry":{"type":"LineString","coordinates":[[180.0,88.76],[158.75,88.44],[143.25,87.78],[132.22,86.75],[128.75,86.14],[125.75,85.33],[124.03,84.25],[123.42,83.5],[123.2,82.5],[122.89,82.25],[118.48,81.0],[116.5,79.44],[108.15,77.75],[106.25,77.46],[104.8,77.5],[99.0,75.69],[97.0,74.56],[94.74,73.75],[94.71,73.25],[93.52,72.5],[92.86,71.75],[92.62,71.0],[92.8,70.75],[92.25,70.23],[88.56,69.5],[88.57,69.25],[86.75,67.61],[84.32,66.0],[81.18,64.75],[72.75,62.83],[69.22,61.5],[65.4,58.5],[63.51,56.25],[62.55,54.5],[62.21,52.75],[62.34,52.0],[61.89,50.5],[61.27,49.5],[61.25,48.83],[60.75,49.33],[60.18,49.25],[60.33,48.75],[59.73,48.5],[59.93,48.0],[59.5,47.04],[57.75,46.85],[57.02,47.25],[56.36,48.5],[55.75,48.97],[51.25,51.23],[49.0,52.04],[46.75,52.14],[42.25,51.42],[37.75,51.13],[34.25,51.2],[30.25,50.65],[24.75,51.09],[21.5,51.96],[10.8,53.0],[6.84,54.0],[-1.39,58.0],[-7.02,62.0],[-7.0,62.32],[-9.77,64.25],[-12.0,66.6],[-13.61,70.5],[-14.04,71.0],[-16.0,71.3],[-18.25,70.57],[-20.0,70.36],[-21.5,70.48],[-21.83,71.5],[-22.67,71.75],[-22.72,72.0],[-22.44,72.25],[-23.4,72.75],[-23.08,73.0],[-23.25,73.32],[-22.5,73.79],[-21.5,73.88],[-20.85,74.5],[-20.89,75.0],[-21.15,75.25],[-20.58,75.75],[-20.75,76.05],[-23.25,76.54],[-23.58,77.25],[-24.55,77.5],[-23.88,78.25],[-23.91,78.5],[-27.89,79.5],[-30.0,80.77],[-31.5,81.06],[-35.75,81.23],[-38.34,81.75],[-38.04,82.25],[-38.5,82.6],[-45.0,83.07],[-61.0,82.45],[-78.5,83.95],[-86.45,85.75],[-92.5,86.84],[-99.25,87.57],[-108.0,88.07],[-137.25,88.73],[-180.0,88.76]]}},{"type":"Feature","properties":{"level":1020},"geometry":{"type":"LineString","coordinates":[[180.0,-89.18],[148.75,-89.04],[123.5,-88.25],[110.46,-87.25],[115.25,-86.26],[117.31,-84.5],[115.5,-83.37],[115.36,-83.0],[119.08,-82.5],[119.46,-82.25],[114.5,-81.71],[113.93,-81.5],[114.03,-81.25],[113.22,-81.0],[108.0,-81.02],[99.75,-79.55],[93.25,-79.02],[87.75,-78.84],[82.25,-78.97],[81.86,-79.0],[82.03,-79.25],[83.86,-79.75],[78.0,-80.01],[75.5,-79.42],[66.25,-78.98],[61.25,-78.17],[60.1,-77.75],[59.25,-76.89],[54.26,-75.5],[53.0,-74.91],[49.5,-74.31],[42.75,-74.15],[33.0,-74.5],[29.75,-74.71],[29.5,-75.0],[26.5,-74.89],[25.27,-75.5],[25.65,-76.25],[24.79,-76.5],[24.72,-76.75],[27.25,-77.55],[39.25,-79.93],[43.25,-80.32],[45.5,-80.77],[53.25,-81.04],[55.44,-81.75],[57.47,-82.75],[57.45,-83.0],[55.0,-83.71],[52.0,-84.04],[47.0,-83.79],[41.5,-84.2],[14.0,-84.8],[10.82,-85.25],[9.16,-85.75],[8.93,-86.25],[9.07,-86.5],[6.25,-87.38],[2.75,-87.59],[-24.5,-87.93],[-48.25,-87.76],[-78.75,-87.92],[-97.27,-88.25],[-109.5,-87.99],[-114.0,-88.44],[-126.79,-88.75],[-180.0,-89.18]]}},{"type":"Feature","properties":{"level":1020},"geometry":{"type":"LineString","coordinates":[[112.0,-82.76],[111.17,-82.5],[113.25,-82.28],[114.25,-82.43],[114.66,-82.75],[112.0,-82.76]]}},{"type":"Feature","properties":{"level":1020},"geometry":{"type":"LineString","coordinates":[[32.38,-56.5],[35.0,-56.65],[37.0,-56.32],[41.4,-54.75],[48.25,-51.64],[51.25,-50.57],[61.25,-48.07],[68.25,-46.84],[72.0,-45.85],[74.35,-44.75],[74.75,-44.38],[75.1,-43.5],[75.5,-43.42],[86.0,-43.03],[101.75,-43.02],[109.0,-42.72],[118.39,-41.5],[120.0,-41.59],[123.25,-41.1],[124.81,-40.0],[125.06,-39.5],[124.97,-38.75],[122.96,-36.5],[121.5,-35.59],[119.0,-34.46],[115.0,-33.83],[111.75,-31.49],[108.0,-29.69],[104.75,-28.51],[102.56,-27.25],[100.95,-26.75],[100.72,-26.25],[98.75,-25.13],[95.75,-24.14],[92.75,-22.12],[87.0,-19.87],[86.0,-19.98],[84.25,-19.36],[83.5,-19.49],[79.5,-18.69],[78.0,-18.95],[75.5,-18.29],[74.25,-18.45],[73.5,-18.21],[70.5,-18.68],[69.75,-19.11],[66.5,-19.54],[64.75,-19.28],[64.25,-19.33],[63.75,-19.75],[63.25,-19.43],[62.75,-19.57],[62.0,-19.35],[61.25,-19.73],[60.75,-19.42],[58.75,-19.35],[57.75,-19.62],[57.25,-20.11],[57.0,-19.85],[57.46,-19.75],[57.0,-19.58],[55.25,-19.6],[54.69,-19.75],[54.25,-20.49],[53.75,-20.57],[53.27,-21.5],[52.0,-21.74],[51.5,-22.19],[51.0,-22.08],[50.48,-22.75],[50.41,-23.25],[48.25,-24.45],[47.5,-24.63],[47.25,-23.55],[47.0,-23.43],[46.62,-23.75],[46.85,-24.25],[46.75,-24.95],[47.05,-25.25],[46.75,-25.6],[45.5,-26.18],[43.5,-26.5],[40.5,-26.2],[40.0,-25.88],[38.75,-25.98],[37.25,-24.78],[34.22,-23.0],[33.75,-22.4],[33.5,-22.45],[33.25,-21.84],[33.11,-22.25],[33.34,-22.5],[33.0,-22.96],[32.0,-22.5],[30.5,-22.61],[29.0,-23.05],[28.84,-23.25],[29.09,-24.0],[29.79,-24.25],[29.91,-24.5],[29.69,-25.0],[30.07,-25.0],[30.0,-26.03],[29.43,-26.0],[29.25,-26.3],[29.09,-26.0],[28.5,-25.8],[28.0,-26.58],[27.75,-25.97],[27.0,-26.31],[26.89,-26.5],[27.55,-27.25],[27.46,-27.5],[27.74,-27.75],[27.88,-28.5],[27.55,-29.25],[27.82,-30.25],[27.69,-31.25],[26.84,-31.5],[26.25,-32.31],[25.45,-32.25],[25.25,-32.66],[24.25,-32.51],[23.5,-32.96],[21.5,-33.33],[21.03,-34.0],[20.9,-34.75],[19.66,-36.0],[18.25,-36.07],[17.5,-37.75],[17.0,-37.85],[16.5,-36.94],[15.75,-38.0],[15.43,-38.0],[15.25,-37.49],[14.94,-37.5],[14.73,-38.25],[15.0,-38.26],[15.02,-38.5],[14.58,-39.5],[15.21,-42.75],[16.42,-45.5],[20.19,-50.25],[21.25,-50.98],[22.5,-52.35],[24.5,-53.47],[29.0,-55.6],[32.38,-56.5]]}},{"type":"Feature","properties":{"level":1020},"geometry":{"type":"LineString","coordinates":[[-53.01,-56.25],[-51.25,-56.33],[-46.0,-55.81],[-44.42,-55.25],[-41.65,-53.75],[-37.75,-50.68],[-34.5,-46.87],[-27.0,-42.25],[-23.53,-40.5],[-20.25,-38.64],[-19.68,-38.0],[-18.49,-37.5],[-18.12,-36.75],[-18.26,-36.5],[-17.18,-35.5],[-16.71,-32.5],[-17.5,-32.13],[-17.77,-31.5],[-18.54,-30.75],[-18.93,-30.75],[-19.0,-31.07],[-19.5,-30.57],[-20.25,-30.43],[-20.27,-31.0],[-22.25,-30.86],[-23.0,-31.25],[-24.72,-31.5],[-27.5,-33.32],[-30.5,-34.54],[-31.0,-35.02],[-33.0,-36.05],[-34.25,-36.56],[-34.75,-36.45],[-36.25,-37.18],[-44.5,-37.63],[-51.0,-36.37],[-53.25,-35.46],[-54.93,-33.75],[-58.25,-32.66],[-60.0,-32.29],[-62.25,-33.01],[-63.5,-32.88],[-65.1,-35.75],[-65.83,-40.25],[-66.25,-40.54],[-67.25,-40.7],[-68.24,-40.5],[-67.72,-41.25],[-66.5,-41.62],[-65.59,-42.5],[-65.54,-43.75],[-65.05,-45.0],[-65.37,-47.75],[-65.22,-49.75],[-64.59,-52.5],[-63.36,-54.0],[-61.25,-55.04],[-58.0,-55.76],[-53.01,-56.25]]}},{"type":"Feature","properties":{"level":1020},"geometry":{"type":"LineString","coordinates":[[-180.0,-48.73],[-177.75,-49.61],[-174.0,-50.17],[-170.0,-50.39],[-166.75,-50.19],[-163.75,-49.6],[-158.75,-48.13],[-153.75,-45.69],[-152.25,-44.31],[-151.02,-42.5],[-149.11,-37.75],[-148.15,-36.0],[-147.18,-33.25],[-146.3,-31.5],[-145.63,-30.75],[-145.54,-29.25],[-144.06,-27.5],[-143.49,-26.0],[-143.99,-25.75],[-144.16,-25.25],[-142.86,-24.5],[-143.5,-24.46],[-145.25,-24.93],[-146.16,-24.25],[-149.25,-23.91],[-150.25,-22.96],[-150.5,-23.38],[-150.75,-23.38],[-151.0,-22.72],[-152.0,-23.39],[-152.5,-23.42],[-153.0,-23.01],[-153.5,-23.19],[-154.25,-23.03],[-154.5,-22.72],[-155.75,-22.57],[-159.0,-21.6],[-159.75,-21.11],[-160.5,-20.97],[-161.0,-20.5],[-162.0,-20.33],[-162.5,-20.48],[-163.5,-19.98],[-165.0,-19.75],[-165.5,-19.97],[-168.25,-19.34],[-171.75,-19.49],[-173.75,-20.07],[-174.75,-19.75],[-175.25,-20.29],[-176.0,-20.15],[-177.0,-20.81],[-178.25,-20.76],[-178.75,-20.96],[-179.5,-20.73],[-180.0,-20.9]]}},{"type":"Feature","properties":{"level":1020},"geometry":{"type":"LineString","coordinates":[[43.5,-40.5],[42.75,-40.24],[41.5,-40.27],[41.0,-40.0],[40.75,-40.42],[40.5,-40.36],[39.75,-39.69],[37.46,-39.25],[33.25,-37.4],[32.2,-36.25],[30.96,-34.0],[31.0,-33.42],[32.25,-33.25],[34.62,-35.25],[35.75,-35.69],[37.5,-36.84],[40.75,-38.24],[42.0,-39.05],[45.64,-40.25],[43.5,-40.5]]}},{"type":"Feature","properties":{"level":1020},"geometry":{"type":"LineString","coordinates":[[-71.56,-39.75],[-71.19,-39.5],[-71.21,-38.75],[-71.5,-38.66],[-71.72,-39.5],[-71.56,-39.75]]}},{"type":"Feature","properties":{"level":1020},"geometry":{"type":"LineString","coordinates":[[-97.37,-38.5],[-95.0,-38.62],[-93.25,-37.94],[-90.86,-34.75],[-90.81,-33.25],[-90.0,-32.71],[-89.25,-31.74],[-89.09,-30.5],[-89.42,-29.5],[-89.1,-29.25],[-89.0,-28.59],[-88.5,-28.77],[-87.97,-28.5],[-88.0,-27.71],[-88.86,-27.0],[-88.01,-26.5],[-88.38,-25.75],[-89.96,-24.0],[-91.75,-22.69],[-92.75,-22.45],[-93.75,-21.45],[-94.5,-21.56],[-95.0,-21.14],[-95.5,-21.18],[-96.25,-20.73],[-96.75,-20.9],[-97.25,-20.38],[-102.25,-18.45],[-104.75,-17.94],[-106.29,-18.25],[-106.5,-18.53],[-108.25,-19.23],[-111.5,-18.76],[-112.5,-18.96],[-113.57,-19.75],[-113.75,-20.5],[-114.75,-20.31],[-115.25,-20.51],[-115.5,-21.1],[-116.79,-21.25],[-116.75,-21.83],[-117.5,-21.73],[-118.0,-22.36],[-119.75,-22.5],[-120.0,-23.06],[-120.96,-23.0],[-121.01,-23.5],[-120.35,-24.75],[-120.5,-24.91],[-121.0,-24.16],[-122.0,-23.5],[-122.25,-23.51],[-123.0,-24.71],[-123.75,-23.97],[-125.03,-24.25],[-125.0,-25.05],[-125.33,-25.25],[-125.09,-25.75],[-125.11,-26.5],[-124.25,-28.55],[-123.75,-28.68],[-123.25,-28.12],[-122.75,-28.22],[-122.5,-27.78],[-122.25,-27.97],[-121.75,-27.81],[-121.33,-29.0],[-120.5,-29.69],[-120.11,-29.75],[-120.06,-30.0],[-119.25,-30.28],[-118.75,-30.0],[-118.0,-30.51],[-117.75,-30.33],[-117.25,-30.46],[-116.5,-31.51],[-116.0,-31.53],[-115.5,-32.11],[-114.75,-32.22],[-114.5,-32.62],[-113.98,-32.5],[-113.75,-33.0],[-113.25,-32.84],[-112.5,-33.56],[-112.0,-33.53],[-110.75,-34.01],[-109.84,-35.0],[-102.5,-37.5],[-97.37,-38.5]]}},{"type":"Feature","properties":{"level":1020},"geometry":{"type":"LineString","coordinates":[[-70.99,-36.0],[-70.48,-36.0],[-69.98,-35.5],[-70.0,-35.14],[-70.56,-35.5],[-70.5,-34.56],[-70.83,-35.0],[-70.99,-36.0]]}},{"type":"Feature","properties":{"level":1020},"geometry":{"type":"LineString","coordinates":[[-70.19,-34.75],[-70.0,-34.91],[-69.75,-34.75],[-69.51,-34.25],[-69.88,-34.0],[-70.0,-33.45],[-70.25,-33.52],[-70.51,-34.25],[-70.19,-34.75]]}},{"type":"Feature","properties":{"level":1020},"geometry":{"type":"LineString","coordinates":[[31.25,-32.79],[30.29,-31.75],[30.23,-31.25],[30.68,-30.0],[30.48,-29.5],[30.75,-29.43],[30.92,-28.75],[31.43,-28.5],[31.25,-28.22],[31.75,-28.16],[32.28,-28.5],[32.5,-29.66],[33.63,-30.0],[33.87,-30.5],[32.75,-30.51],[31.86,-31.0],[31.84,-32.75],[31.25,-32.79]]}},{"type":"Feature","properties":{"level":1020},"geometry":{"type":"LineString","coordinates":[[-70.5,-32.0],[-69.87,-31.75],[-70.11,-31.25],[-69.39,-29.75],[-69.25,-28.83],[-68.32,-27.75],[-68.06,-27.0],[-68.01,-26.5],[-68.5,-25.91],[-68.85,-26.0],[-68.99,-27.0],[-69.25,-27.07],[-69.5,-27.96],[-70.47,-29.25],[-70.41,-30.25],[-70.76,-31.25],[-70.5,-32.0]]}},{"type":"Feature","properties":{"level":1020},"geometry":{"type":"LineString","coordinates":[[32.25,-31.26],[32.75,-31.09],[33.09,-31.25],[32.25,-31.26]]}},{"type":"Feature","properties":{"level":1020},"geometry":{"type":"LineString","coordinates":[[33.5,-31.26],[33.81,-31.25],[33.5,-31.26]]}},{"type":"Feature","properties":{"level":1020},"geometry":{"type":"LineString","coordinates":[[28.5,-30.32],[29.61,-29.75],[29.25,-30.43],[28.5,-30.32]]}},{"type":"Feature","properties":{"level":1020},"geometry":{"type":"LineString","coordinates":[[-130.78,-26.75],[-130.49,-26.75],[-130.78,-26.75]]}},{"type":"Feature","properties":{"level":1020},"geometry":{"type":"LineString","coordinates":[[-134.27,-26.5],[-133.75,-26.66],[-132.94,-26.5],[-133.0,-26.28],[-134.27,-26.5]]}},{"type":"Feature","properties":{"level":1020},"geometry":{"type":"LineString","coordinates":[[-127.52,-26.5],[-127.5,-26.18],[-127.52,-26.5]]}},{"type":"Feature","properties":{"level":1020},"geometry":{"type":"LineString","coordinates":[[-135.09,-26.25],[-134.89,-26.25],[-135.09,-26.25]]}},{"type":"Feature","properties":{"level":1020},"geometry":{"type":"LineString","coordinates":[[-132.97,-26.25],[-132.65,-26.25],[-132.75,-26.07],[-132.97,-26.25]]}},{"type":"Feature","properties":{"level":1020},"geometry":{"type":"LineString","coordinates":[[-134.06,-26.0],[-133.55,-26.0],[-134.06,-26.0]]}},{"type":"Feature","properties":{"level":1020},"geometry":{"type":"LineString","coordinates":[[-143.47,-25.75],[-143.0,-25.9],[-142.35,-25.75],[-142.5,-25.55],[-143.47,-25.75]]}},{"type":"Feature","properties":{"level":1020},"geometry":{"type":"LineString","coordinates":[[-135.88,-25.75],[-135.75,-25.95],[-135.57,-25.75],[-135.88,-25.75]]}},{"type":"Feature","properties":{"level":1020},"geometry":{"type":"LineString","coordinates":[[-135.33,-25.75],[-134.94,-25.75],[-135.25,-25.48],[-135.33,-25.75]]}},{"type":"Feature","properties":{"level":1020},"geometry":{"type":"LineString","coordinates":[[-69.07,-25.5],[-69.0,-25.67],[-68.5,-25.63],[-68.26,-24.75],[-67.77,-24.25],[-67.25,-24.39],[-67.12,-24.0],[-66.75,-23.95],[-66.71,-23.5],[-66.94,-23.25],[-66.53,-22.75],[-66.75,-22.0],[-67.25,-21.91],[-68.1,-21.0],[-68.18,-20.25],[-68.81,-19.25],[-69.0,-17.66],[-69.53,-17.5],[-69.5,-16.8],[-69.75,-16.81],[-70.55,-15.75],[-70.75,-15.11],[-71.5,-15.2],[-72.5,-14.61],[-74.25,-14.5],[-73.0,-15.18],[-72.75,-15.7],[-72.25,-15.57],[-71.25,-16.51],[-70.75,-16.55],[-70.66,-17.0],[-70.17,-17.25],[-69.43,-18.5],[-68.75,-21.95],[-68.5,-21.88],[-68.25,-22.2],[-67.9,-23.25],[-68.08,-24.0],[-69.25,-25.08],[-69.07,-25.5]]}},{"type":"Feature","properties":{"level":1020},"geometry":{"type":"LineString","coordinates":[[-132.56,-25.25],[-132.5,-25.44],[-132.56,-25.25]]}},{"type":"Feature","properties":{"level":1020},"geometry":{"type":"LineString","coordinates":[[-122.75,-25.31],[-122.75,-24.84],[-122.49,-25.25],[-122.75,-25.31]]}},{"type":"Feature","properties":{"level":1020},"geometry":{"type":"LineString","coordinates":[[51.5,-23.09],[51.5,-22.67],[52.0,-22.56],[52.18,-22.75],[52.0,-23.14],[51.5,-23.09]]}},{"type":"Feature","properties":{"level":1020},"geometry":{"type":"LineString","coordinates":[[180.0,-20.9],[179.25,-20.96],[179.0,-21.28],[178.25,-21.09],[178.04,-21.25],[178.0,-22.36],[177.25,-21.91],[177.0,-22.15],[176.5,-21.99],[175.75,-22.23],[174.5,-22.79],[174.5,-22.43],[172.75,-22.65],[171.11,-23.25],[168.5,-24.63],[166.0,-25.06],[164.75,-25.68],[161.5,-25.26],[160.5,-25.36],[160.01,-26.25],[159.86,-27.5],[159.47,-27.75],[159.18,-29.0],[159.46,-29.75],[160.27,-30.75],[163.25,-32.46],[165.5,-33.08],[166.25,-32.81],[166.5,-33.12],[168.25,-32.79],[173.0,-33.44],[174.5,-34.1],[176.0,-34.39],[177.73,-35.75],[177.99,-36.5],[177.79,-37.0],[176.46,-38.75],[177.75,-38.43],[177.99,-39.25],[177.84,-41.5],[177.03,-44.0],[177.06,-46.75],[177.75,-47.56],[180.0,-48.73]]}},{"type":"Feature","properties":{"level":1020},"geometry":{"type":"LineString","coordinates":[[-177.38,-20.5],[-177.21,-20.5],[-177.38,-20.5]]}},{"type":"Feature","properties":{"level":1020},"geometry":{"type":"LineString","coordinates":[[32.73,-20.0],[33.0,-20.08],[33.65,-19.25],[33.18,-18.75],[33.0,-17.98],[32.4,-18.5],[32.83,-19.75],[32.73,-20.0]]}},{"type":"Feature","properties":{"level":1020},"geometry":{"type":"LineString","coordinates":[[-69.82,-14.75],[-69.33,-14.5],[-70.75,-13.49],[-71.34,-13.5],[-71.38,-13.75],[-71.0,-14.11],[-70.25,-14.2],[-70.28,-14.5],[-69.82,-14.75]]}},{"type":"Feature","properties":{"level":1020},"geometry":{"type":"LineString","coordinates":[[-76.41,-11.5],[-75.98,-11.25],[-75.87,-10.75],[-76.64,-10.5],[-76.86,-9.75],[-76.64,-9.5],[-77.25,-9.22],[-76.41,-11.5]]}},{"type":"Feature","properties":{"level":1020},"geometry":{"type":"LineString","coordinates":[[-164.51,26.25],[-163.75,26.08],[-163.25,26.47],[-160.0,26.91],[-158.25,27.97],[-154.75,28.64],[-152.5,29.56],[-148.25,30.74],[-136.75,32.14],[-130.75,34.23],[-129.25,35.42],[-128.37,36.75],[-127.34,40.75],[-126.64,42.5],[-125.85,43.0],[-126.03,44.0],[-125.63,44.25],[-126.58,45.25],[-126.67,45.75],[-128.5,46.77],[-134.5,48.28],[-136.75,49.11],[-142.0,49.52],[-144.25,49.11],[-146.0,48.39],[-150.5,47.88],[-154.0,47.16],[-163.25,44.01],[-165.91,42.5],[-169.11,40.25],[-170.63,37.75],[-170.85,35.75],[-170.43,33.0],[-168.34,29.0],[-166.75,27.17],[-165.75,26.61],[-165.0,26.68],[-164.51,26.25]]}},{"type":"Feature","properties":{"level":1020},"geometry":{"type":"LineString","coordinates":[[87.86,27.5],[88.25,27.4],[88.5,27.68],[89.0,27.39],[89.75,27.93],[90.25,27.62],[91.25,28.13],[91.5,27.83],[91.9,28.25],[91.0,28.6],[89.5,28.22],[89.25,27.85],[88.75,28.1],[86.0,28.41],[85.0,29.04],[84.25,29.14],[84.0,28.94],[83.75,29.35],[83.5,29.36],[83.25,29.01],[82.75,29.39],[82.52,29.25],[82.93,29.0],[82.71,28.75],[83.0,28.48],[85.25,28.16],[86.25,27.88],[86.5,27.59],[87.25,27.73],[87.86,27.5]]}},{"type":"Feature","properties":{"level":1020},"geometry":{"type":"LineString","coordinates":[[92.16,27.75],[92.5,27.59],[93.25,28.41],[94.0,28.67],[94.19,29.0],[93.85,29.25],[94.31,29.5],[93.35,29.5],[93.62,29.0],[92.95,28.75],[92.5,28.09],[92.07,28.0],[92.16,27.75]]}},{"type":"Feature","properties":{"level":1020},"geometry":{"type":"LineString","coordinates":[[-32.57,28.25],[-30.5,28.04],[-29.0,28.43],[-28.86,28.75],[-27.75,29.02],[-27.25,29.55],[-26.75,29.45],[-25.86,30.25],[-24.25,30.58],[-22.25,31.53],[-18.69,34.25],[-18.41,35.25],[-17.58,36.5],[-16.1,37.75],[-14.19,40.0],[-13.0,41.0],[-10.16,42.75],[-9.25,43.05],[-9.0,42.93],[-8.5,42.59],[-8.0,41.59],[-7.5,41.29],[-7.0,41.43],[-5.75,41.21],[-5.25,41.53],[-4.0,41.55],[-3.73,41.25],[-4.04,40.75],[-2.5,40.79],[-1.5,40.01],[-0.75,39.96],[1.75,41.64],[2.6,41.75],[3.0,43.02],[4.97,44.25],[6.5,43.94],[7.75,44.08],[7.96,44.25],[7.37,44.5],[7.45,45.25],[8.5,45.81],[11.0,45.63],[12.25,46.18],[13.25,46.34],[14.75,45.34],[15.02,44.75],[20.0,42.43],[21.25,42.74],[21.0,43.69],[21.25,43.37],[21.75,43.53],[22.5,43.21],[22.94,42.75],[23.25,42.9],[23.39,42.75],[23.18,42.5],[23.12,41.5],[24.0,41.14],[24.25,41.4],[25.0,41.46],[26.25,40.94],[27.0,41.0],[31.17,42.0],[33.0,42.11],[33.15,42.0],[32.9,41.75],[32.43,41.75],[32.57,41.5],[32.25,41.5],[32.26,41.0],[32.0,41.03],[31.7,40.5],[32.03,40.25],[32.0,39.95],[32.75,39.79],[33.0,39.27],[33.5,39.42],[34.5,38.88],[35.0,38.92],[35.75,39.54],[35.63,39.0],[36.75,38.21],[36.98,38.5],[37.75,38.6],[37.91,39.0],[39.25,39.29],[40.75,39.14],[41.02,39.0],[40.99,38.75],[41.75,38.66],[43.5,39.05],[43.5,38.48],[42.65,38.25],[43.21,37.5],[44.5,37.36],[45.0,36.51],[45.25,38.05],[45.5,37.82],[46.0,38.03],[46.25,37.31],[47.15,36.25],[48.0,36.32],[49.75,35.33],[50.56,35.75],[50.07,36.0],[50.25,36.19],[52.75,35.45],[53.84,35.75],[54.32,36.25],[55.0,36.44],[55.25,36.18],[55.75,36.22],[56.63,37.0],[57.0,37.05],[58.5,36.58],[59.75,35.6],[59.92,35.75],[59.75,36.39],[60.49,36.5],[60.25,37.0],[59.21,37.5],[58.71,38.0],[58.74,38.25],[59.25,38.42],[60.25,37.95],[61.25,38.04],[62.0,38.55],[62.75,39.49],[62.93,40.5],[63.25,40.93],[63.75,41.0],[64.82,41.75],[64.62,42.25],[63.75,42.67],[63.5,43.27],[62.65,44.0],[61.25,43.75],[58.9,42.0],[58.19,40.5],[58.22,39.75],[57.75,39.52],[57.25,39.62],[55.38,41.25],[55.37,42.0],[55.66,42.5],[56.57,43.25],[56.27,44.0],[56.33,44.75],[54.75,46.44],[53.34,47.25],[49.5,48.81],[46.75,49.52],[43.75,49.78],[39.5,49.66],[31.03,48.5],[29.25,46.88],[28.06,47.0],[27.58,46.25],[27.77,46.0],[27.5,45.16],[27.0,44.84],[26.25,44.76],[24.7,45.25],[26.44,45.5],[26.61,46.25],[26.14,46.75],[26.39,47.0],[25.25,47.99],[23.49,49.0],[22.75,48.94],[21.53,49.25],[21.5,48.79],[22.0,48.85],[22.5,48.37],[22.7,48.0],[22.52,47.5],[22.82,47.0],[22.0,47.12],[21.0,46.66],[20.25,46.82],[18.95,47.5],[19.11,47.75],[18.86,48.25],[19.2,48.75],[19.75,49.0],[19.5,49.44],[18.0,49.57],[15.25,50.92],[12.0,51.25],[10.56,51.75],[5.5,52.69],[-0.24,55.5],[-3.75,57.55],[-5.25,57.97],[-9.5,58.45],[-10.75,58.03],[-11.75,57.97],[-15.5,56.13],[-22.25,50.43],[-28.5,46.1],[-35.25,41.03],[-38.56,37.5],[-39.75,35.7],[-40.36,34.0],[-40.35,33.5],[-39.58,32.0],[-35.5,28.96],[-34.0,28.61],[-33.75,28.95],[-32.57,28.25]]}},{"type":"Feature","properties":{"level":1020},"geometry":{"type":"LineString","coordinates":[[-70.93,29.0],[-67.75,29.22],[-66.25,29.67],[-64.5,29.71],[-63.0,30.05],[-60.0,31.52],[-58.75,31.7],[-58.0,32.22],[-57.25,32.28],[-55.75,33.28],[-53.5,35.58],[-52.53,38.75],[-52.97,39.25],[-53.93,39.5],[-54.17,41.0],[-54.93,42.75],[-58.2,45.25],[-60.5,46.59],[-60.75,47.05],[-64.18,49.5],[-65.5,50.56],[-65.62,51.25],[-66.25,51.75],[-69.5,53.79],[-71.25,54.43],[-73.25,54.62],[-74.0,54.5],[-74.6,53.75],[-75.5,53.48],[-76.53,52.25],[-76.94,51.25],[-76.73,51.0],[-76.8,50.25],[-76.48,50.0],[-78.8,47.25],[-79.31,46.5],[-79.26,46.0],[-79.92,45.5],[-80.22,44.5],[-81.29,43.75],[-81.35,43.0],[-80.96,42.5],[-80.95,42.0],[-83.66,40.25],[-83.9,39.0],[-83.72,38.5],[-84.28,38.0],[-84.25,37.52],[-85.1,36.5],[-85.12,35.5],[-84.17,35.75],[-84.64,34.75],[-84.48,34.25],[-84.0,33.89],[-80.49,33.0],[-78.75,32.2],[-78.12,31.5],[-77.25,31.26],[-77.05,30.75],[-75.5,30.37],[-75.0,29.97],[-72.5,29.15],[-71.5,29.27],[-70.93,29.0]]}},{"type":"Feature","properties":{"level":1020},"geometry":{"type":"LineString","coordinates":[[80.9,29.75],[81.63,29.75],[80.75,30.44],[80.0,30.61],[79.75,31.17],[78.91,31.0],[78.75,31.61],[78.12,31.25],[78.77,30.75],[79.75,30.53],[79.75,30.15],[80.5,30.11],[80.9,29.75]]}},{"type":"Feature","properties":{"level":1020},"geometry":{"type":"LineString","coordinates":[[82.15,29.75],[82.5,29.56],[82.96,29.75],[82.0,30.62],[81.76,30.0],[82.15,29.75]]}},{"type":"Feature","properties":{"level":1020},"geometry":{"type":"LineString","coordinates":[[95.02,30.25],[96.0,30.25],[95.0,30.65],[94.38,30.5],[95.02,30.25]]}},{"type":"Feature","properties":{"level":1020},"geometry":{"type":"LineString","coordinates":[[91.12,30.75],[93.02,31.0],[92.5,31.4],[91.5,31.21],[91.07,31.0],[91.12,30.75]]}},{"type":"Feature","properties":{"level":1020},"geometry":{"type":"LineString","coordinates":[[80.5,32.95],[80.25,33.29],[79.47,33.5],[80.98,33.25],[80.5,32.95]]}},{"type":"Feature","properties":{"level":1020},"geometry":{"type":"LineString","coordinates":[[91.25,33.72],[91.0,33.81],[91.15,34.5],[91.5,34.81],[92.12,34.5],[91.61,34.0],[91.64,33.75],[91.25,33.72]]}},{"type":"Feature","properties":{"level":1020},"geometry":{"type":"LineString","coordinates":[[126.82,35.5],[127.0,35.44],[127.0,35.67],[126.82,35.5]]}},{"type":"Feature","properties":{"level":1020},"geometry":{"type":"LineString","coordinates":[[80.75,36.45],[80.25,36.8],[77.25,37.62],[76.86,38.0],[76.64,38.75],[77.75,39.25],[78.25,39.09],[79.5,39.31],[80.5,39.0],[83.09,39.5],[83.16,39.75],[83.5,39.83],[84.25,39.47],[85.5,39.64],[87.0,38.89],[88.21,39.0],[85.32,37.5],[81.75,36.46],[80.75,36.45]]}},{"type":"Feature","properties":{"level":1020},"geometry":{"type":"LineString","coordinates":[[96.0,36.74],[94.78,37.25],[95.12,37.5],[94.56,38.0],[95.0,38.08],[95.5,37.69],[96.0,37.7],[96.5,36.88],[96.66,37.0],[96.52,37.25],[97.17,37.25],[96.75,36.61],[96.0,36.74]]}},{"type":"Feature","properties":{"level":1020},"geometry":{"type":"LineString","coordinates":[[-180.0,39.31],[-175.75,41.45],[-175.21,41.5],[-173.25,42.65],[-173.0,43.02],[-172.16,43.0],[-171.5,44.24],[-170.5,44.47],[-170.35,44.75],[-170.75,45.21],[-173.0,45.24],[-173.13,45.75],[-173.75,45.94],[-180.0,46.32]]}},{"type":"Feature","properties":{"level":1020},"geometry":{"type":"LineString","coordinates":[[21.36,39.5],[21.5,39.41],[21.43,39.75],[21.86,40.0],[21.56,40.25],[21.84,40.5],[21.41,40.5],[21.25,40.27],[21.25,40.81],[20.68,40.5],[21.36,39.5]]}},{"type":"Feature","properties":{"level":1020},"geometry":{"type":"LineString","coordinates":[[20.66,41.5],[21.62,41.75],[20.75,42.12],[20.66,41.5]]}},{"type":"Feature","properties":{"level":1020},"geometry":{"type":"LineString","coordinates":[[23.75,42.92],[23.42,43.25],[24.75,43.32],[25.73,43.0],[23.75,42.92]]}},{"type":"Feature","properties":{"level":1020},"geometry":{"type":"LineString","coordinates":[[21.0,43.89],[20.83,44.0],[21.37,44.25],[21.25,43.92],[21.0,43.89]]}},{"type":"Feature","properties":{"level":1020},"geometry":{"type":"LineString","coordinates":[[180.0,46.32],[170.25,45.94],[167.5,46.07],[165.25,46.6],[162.25,47.41],[156.0,49.68],[155.43,50.0],[155.5,50.63],[149.25,53.75],[145.5,55.24],[143.25,56.01],[142.25,55.95],[140.75,56.34],[139.5,56.37],[138.44,55.75],[138.09,54.75],[137.44,54.75],[138.15,53.75],[138.75,53.5],[138.49,53.0],[138.89,52.25],[138.25,51.6],[137.25,51.54],[136.9,50.5],[135.55,50.0],[136.5,49.08],[138.0,49.42],[138.75,48.95],[138.75,48.63],[137.25,48.27],[137.0,47.98],[136.0,47.88],[135.5,47.46],[134.5,47.13],[133.96,46.5],[133.9,45.75],[133.25,44.98],[132.0,44.23],[131.6,43.75],[131.0,43.61],[130.0,43.96],[129.75,43.85],[129.5,43.23],[129.11,43.0],[129.53,42.5],[129.0,41.88],[128.47,42.0],[128.93,42.5],[128.75,42.98],[127.5,43.48],[127.25,43.25],[127.25,42.66],[126.75,42.92],[126.0,42.38],[125.0,42.18],[122.11,40.0],[121.75,39.3],[121.25,39.62],[121.0,39.53],[120.17,38.75],[121.25,37.78],[122.0,37.68],[122.42,37.25],[122.44,36.75],[123.5,36.59],[124.5,36.01],[126.5,35.88],[126.47,36.75],[127.25,36.63],[127.35,35.5],[127.17,35.0],[127.25,34.8],[127.52,35.0],[127.53,34.75],[127.22,34.5],[128.25,34.31],[129.0,34.55],[129.25,34.11],[129.5,34.25],[130.75,34.02],[130.93,32.75],[130.71,32.25],[131.25,31.66],[132.5,32.25],[133.75,31.97],[135.75,31.95],[142.75,32.7],[145.5,32.1],[148.5,31.99],[155.0,32.68],[160.5,33.88],[169.75,35.2],[173.25,36.37],[180.0,39.31]]}},{"type":"Feature","properties":{"level":1020},"geometry":{"type":"LineString","coordinates":[[-102.34,60.5],[-98.25,60.37],[-94.0,60.95],[-87.75,61.01],[-83.5,61.48],[-82.49,62.5],[-81.98,63.75],[-82.08,67.75],[-83.7,69.5],[-85.28,70.0],[-84.0,70.3],[-85.75,70.61],[-87.75,70.22],[-91.0,70.74],[-94.25,70.75],[-104.75,68.46],[-108.0,67.28],[-110.75,66.72],[-111.25,65.87],[-111.75,66.22],[-112.05,66.0],[-112.3,65.5],[-111.79,64.5],[-108.87,62.75],[-107.35,61.5],[-106.01,61.0],[-102.34,60.5]]}},{"type":"Feature","properties":{"level":1020},"geometry":{"type":"LineString","coordinates":[[-17.81,64.25],[-16.5,64.07],[-14.5,64.73],[-13.8,65.25],[-16.25,66.37],[-19.01,66.0],[-19.25,65.35],[-19.9,65.5],[-19.0,65.13],[-19.0,64.72],[-18.0,64.4],[-17.75,64.58],[-17.81,64.25]]}},{"type":"Feature","properties":{"level":1020},"geometry":{"type":"LineString","coordinates":[[-40.74,66.5],[-39.83,66.5],[-40.09,66.75],[-39.75,66.94],[-38.75,66.71],[-35.5,66.67],[-33.5,67.82],[-32.25,68.14],[-31.75,68.5],[-30.5,68.5],[-29.75,69.06],[-28.5,68.61],[-27.92,68.75],[-27.5,69.17],[-26.68,69.0],[-26.75,69.53],[-26.25,69.19],[-24.94,69.5],[-26.75,70.22],[-27.25,69.89],[-27.46,70.25],[-26.5,70.89],[-25.93,71.0],[-26.75,70.99],[-27.34,71.25],[-25.71,71.5],[-26.55,71.75],[-25.17,72.0],[-25.06,72.25],[-26.13,72.75],[-25.98,73.0],[-25.25,73.0],[-25.1,73.25],[-25.99,73.5],[-23.77,74.5],[-23.93,74.75],[-23.05,75.0],[-23.99,75.75],[-24.05,76.25],[-24.72,76.5],[-24.82,77.0],[-26.25,77.92],[-28.0,78.33],[-32.0,80.56],[-42.0,81.45],[-47.75,80.92],[-51.87,80.25],[-51.58,79.75],[-47.18,78.0],[-47.55,77.75],[-50.01,77.5],[-51.0,77.09],[-51.05,76.75],[-51.79,76.0],[-51.99,75.0],[-51.24,74.25],[-48.89,73.25],[-48.68,73.0],[-49.06,72.5],[-46.5,70.99],[-42.07,67.0],[-40.74,66.5]]}},{"type":"Feature","properties":{"level":1020},"geometry":{"type":"LineString","coordinates":[[108.04,75.25],[108.5,75.12],[108.8,75.5],[108.5,75.58],[108.04,75.25]]}},{"type":"Feature","properties":{"level":1020},"geometry":{"type":"LineString","coordinates":[[108.93,75.25],[110.98,75.5],[110.0,75.69],[108.93,75.25]]}},{"type":"Feature","properties":{"level":1020},"geometry":{"type":"LineString","coordinates":[[-74.25,81.25],[-70.25,81.23],[-68.47,81.5],[-74.25,81.25]]}},{"type":"Feature","properties":{"level":1020},"geometry":{"type":"LineString","coordinates":[[-83.07,82.0],[-79.16,82.0],[-80.0,82.2],[-83.07,82.0]]}},{"type":"Feature","properties":{"level":1020},"geometry":{"type":"LineString","coordinates":[[-78.11,82.25],[-75.5,82.07],[-74.39,82.25],[-74.21,82.5],[-75.25,82.59],[-78.11,82.25]]}},{"type":"Feature","properties":{"level":1020},"geometry":{"type":"LineString","coordinates":[[-180.0,82.28],[-161.25,82.13],[-124.0,79.93],[-117.0,79.82],[-113.59,80.0],[-109.5,80.71],[-100.49,83.0],[-99.29,83.5],[-99.05,84.0],[-100.75,84.91],[-104.34,85.75],[-120.01,87.0],[-148.25,87.63],[-180.0,87.49]]}},{"type":"Feature","properties":{"level":1020},"geometry":{"type":"LineString","coordinates":[[180.0,87.49],[157.5,86.64],[146.5,85.62],[141.29,84.75],[136.75,83.69],[133.5,82.27],[132.58,81.5],[127.51,78.5],[125.75,75.77],[121.75,75.58],[118.0,74.83],[111.75,74.34],[107.75,74.84],[106.93,74.75],[107.12,74.5],[106.75,74.44],[105.5,74.69],[103.92,74.0],[102.63,73.75],[100.5,72.5],[99.92,72.0],[100.43,71.0],[99.41,70.5],[96.09,69.5],[94.5,69.9],[90.75,69.07],[86.84,65.75],[85.5,64.9],[82.5,63.58],[77.5,62.3],[72.22,60.25],[69.0,58.45],[68.02,57.5],[66.94,56.0],[66.7,55.0],[67.11,52.25],[66.79,50.25],[67.58,49.75],[67.11,49.25],[66.93,48.5],[67.1,48.0],[71.75,46.13],[73.75,44.8],[76.5,44.23],[77.38,44.75],[78.5,45.03],[78.62,44.75],[77.99,44.0],[78.54,43.5],[76.25,43.07],[75.75,42.58],[73.25,42.7],[72.0,42.3],[70.5,42.37],[70.1,42.0],[70.23,41.75],[70.0,41.2],[70.75,40.98],[72.0,41.75],[72.59,41.25],[73.25,41.28],[73.56,41.0],[73.73,40.75],[73.5,40.16],[72.5,40.24],[71.0,39.87],[68.75,39.76],[67.23,39.25],[66.84,38.75],[66.8,38.25],[67.25,38.18],[68.0,38.61],[68.75,38.69],[70.0,38.53],[70.39,37.0],[69.32,36.25],[69.22,35.75],[68.75,35.61],[68.5,35.56],[68.25,36.01],[67.75,36.07],[67.0,35.77],[65.75,35.99],[65.25,35.59],[64.54,35.5],[65.0,35.25],[64.44,34.5],[64.75,34.5],[65.25,34.0],[66.25,34.21],[66.75,33.97],[67.3,34.25],[67.22,33.75],[67.5,33.46],[68.44,35.0],[69.25,35.31],[70.0,35.04],[70.25,35.24],[71.0,35.2],[71.75,35.87],[72.22,35.25],[72.75,35.17],[73.25,35.57],[74.0,35.64],[74.48,35.5],[73.5,35.37],[73.25,34.83],[74.96,34.75],[75.25,34.0],[76.29,33.25],[76.64,32.25],[77.25,32.19],[77.75,31.58],[78.3,31.75],[78.0,32.31],[78.75,32.48],[78.94,32.25],[78.75,31.94],[79.5,32.31],[79.5,32.61],[79.25,32.87],[79.0,32.72],[78.75,32.89],[78.75,33.17],[79.5,32.96],[79.75,33.15],[80.03,32.75],[81.2,32.5],[81.5,32.17],[82.0,32.71],[82.25,32.4],[82.75,32.58],[82.99,32.5],[82.4,32.0],[82.5,31.81],[83.0,32.0],[83.25,31.85],[83.38,31.0],[83.25,30.84],[82.5,31.21],[81.95,31.0],[82.75,30.45],[84.25,30.18],[84.5,29.78],[85.5,29.93],[85.47,30.25],[84.75,30.52],[84.33,30.25],[84.0,30.98],[83.73,31.0],[84.0,31.61],[86.03,31.25],[86.25,30.09],[86.5,30.54],[88.0,30.48],[87.82,30.75],[88.25,30.88],[90.25,30.11],[90.77,30.5],[90.25,30.49],[90.22,30.75],[90.75,31.51],[90.72,32.25],[91.0,32.52],[92.75,32.61],[93.25,32.38],[94.25,32.38],[94.25,32.92],[93.5,32.7],[93.16,33.0],[93.5,33.48],[93.75,33.23],[94.25,33.23],[95.25,33.9],[96.48,34.25],[97.0,35.2],[99.14,35.5],[99.27,36.0],[98.91,36.75],[99.6,36.75],[98.0,37.67],[96.91,37.75],[97.0,37.94],[97.25,37.77],[97.71,38.0],[97.25,38.52],[98.25,38.16],[98.75,38.53],[100.0,37.69],[102.25,37.26],[103.15,36.75],[102.46,36.25],[102.58,35.75],[103.0,35.44],[103.25,35.7],[104.25,35.73],[104.23,36.0],[105.43,37.25],[105.5,38.5],[106.58,39.25],[107.02,40.0],[107.0,40.37],[105.75,40.15],[105.25,40.4],[104.75,40.31],[104.53,40.5],[105.0,41.11],[103.0,41.53],[102.68,42.0],[100.8,42.75],[100.69,43.0],[100.97,43.5],[100.75,43.97],[99.75,43.67],[99.25,43.83],[99.25,44.18],[101.25,44.67],[101.58,44.5],[101.26,44.0],[101.37,43.75],[105.75,43.63],[106.5,43.24],[107.25,43.2],[107.99,44.0],[108.75,44.31],[109.15,44.75],[109.21,45.5],[110.66,46.25],[114.59,47.25],[115.25,48.09],[115.75,48.34],[115.73,49.25],[114.62,51.25],[112.13,53.25],[112.69,53.75],[112.52,54.75],[112.94,55.25],[114.25,55.83],[115.63,56.0],[115.91,56.25],[115.76,56.5],[116.7,56.75],[117.5,57.38],[119.0,57.6],[119.06,58.0],[119.64,58.25],[119.84,59.0],[120.28,59.5],[122.75,60.06],[126.25,60.2],[128.39,59.5],[129.75,58.7],[130.88,58.75],[132.21,58.25],[133.33,57.5],[133.11,57.25],[134.64,55.75],[135.25,55.65],[137.0,56.04],[140.14,58.0],[140.5,59.01],[141.66,59.75],[141.18,61.0],[141.5,61.05],[141.75,61.71],[142.75,61.7],[144.25,61.15],[146.0,61.13],[150.0,60.39],[153.5,60.59],[154.67,61.0],[154.75,61.51],[155.4,61.5],[155.09,62.0],[155.31,62.25],[154.98,62.5],[155.09,62.75],[154.54,63.0],[154.22,63.75],[153.72,64.0],[153.53,65.0],[152.88,65.5],[153.05,66.5],[151.7,68.0],[151.11,69.5],[151.32,70.0],[149.25,71.51],[147.43,72.5],[144.5,75.04],[142.86,76.0],[142.72,76.5],[143.25,77.07],[144.5,77.52],[146.5,77.69],[152.04,79.25],[154.5,79.64],[168.0,81.33],[180.0,82.28]]}},{"type":"Feature","properties":{"level":1024},"geometry":{"type":"LineString","coordinates":[[180.0,-89.29],[153.5,-89.27],[127.75,-88.54],[102.75,-88.34],[82.0,-88.48],[80.78,-88.25],[80.62,-88.0],[81.47,-87.75],[85.17,-87.5],[106.48,-86.5],[109.9,-86.0],[111.04,-85.25],[102.74,-84.75],[97.75,-83.98],[87.0,-84.39],[84.75,-83.94],[75.75,-83.79],[67.75,-83.26],[69.83,-83.0],[76.25,-82.98],[82.5,-82.53],[90.25,-82.32],[94.75,-81.88],[96.67,-81.25],[96.25,-81.0],[94.25,-80.86],[88.25,-81.19],[87.42,-81.0],[89.75,-80.58],[92.28,-80.5],[92.0,-80.48],[77.25,-80.57],[74.5,-79.77],[64.56,-79.25],[60.25,-78.56],[58.29,-78.0],[55.65,-76.75],[54.0,-76.41],[52.0,-75.61],[50.9,-75.5],[50.31,-75.0],[42.5,-74.62],[39.75,-74.74],[37.52,-75.25],[37.37,-75.75],[38.31,-75.75],[38.4,-76.0],[36.83,-76.25],[39.75,-76.39],[41.12,-77.0],[40.25,-77.21],[33.25,-76.03],[27.5,-75.5],[26.1,-75.75],[26.51,-76.5],[27.25,-76.94],[31.5,-77.71],[33.0,-78.33],[35.0,-78.73],[43.08,-79.75],[45.25,-80.26],[46.75,-80.21],[48.75,-79.74],[56.14,-80.75],[56.72,-81.0],[56.48,-81.25],[56.75,-81.5],[57.75,-81.91],[63.84,-83.0],[64.92,-83.5],[64.74,-83.75],[62.52,-84.5],[62.73,-84.75],[66.71,-85.25],[64.26,-85.5],[73.59,-86.5],[66.5,-86.7],[56.75,-86.46],[52.5,-86.81],[42.86,-86.75],[39.21,-86.5],[41.5,-86.06],[48.75,-86.24],[49.49,-86.0],[48.72,-85.5],[41.0,-84.76],[31.25,-85.05],[19.75,-84.8],[15.58,-85.0],[14.17,-85.25],[13.19,-85.75],[13.65,-86.25],[13.2,-87.0],[16.57,-87.75],[10.5,-87.98],[-17.0,-88.28],[-106.5,-88.35],[-127.5,-88.88],[-180.0,-89.29]]}},{"type":"Feature","properties":{"level":1024},"geometry":{"type":"LineString","coordinates":[[84.98,-79.5],[89.0,-79.57],[90.2,-79.5],[90.24,-79.25],[87.5,-78.96],[83.49,-79.25],[84.98,-79.5]]}},{"type":"Feature","properties":{"level":1024},"geometry":{"type":"LineString","coordinates":[[34.18,-54.5],[36.5,-54.25],[39.75,-53.29],[49.19,-49.25],[59.0,-47.02],[61.75,-46.07],[65.5,-45.19],[68.3,-43.75],[68.48,-42.75],[67.0,-42.23],[102.25,-41.35],[108.25,-40.69],[112.18,-40.0],[116.0,-38.81],[116.5,-38.25],[116.28,-37.75],[115.29,-37.0],[110.0,-33.88],[101.0,-30.37],[93.5,-28.51],[90.75,-26.59],[88.5,-25.82],[88.0,-25.28],[87.25,-25.2],[87.0,-24.45],[86.5,-24.84],[85.25,-24.2],[84.25,-24.31],[82.25,-23.62],[81.0,-23.9],[79.75,-23.73],[79.0,-24.0],[78.75,-24.61],[78.0,-24.23],[76.75,-24.31],[75.75,-25.04],[75.25,-24.94],[74.89,-25.25],[75.17,-25.5],[74.93,-26.0],[75.0,-27.29],[72.25,-28.97],[70.0,-29.51],[68.81,-29.5],[67.34,-29.0],[66.12,-27.75],[65.39,-26.5],[65.52,-26.25],[65.08,-26.0],[65.0,-25.66],[62.5,-25.48],[58.0,-26.32],[57.5,-26.64],[55.5,-26.64],[54.25,-27.11],[53.25,-28.13],[51.25,-29.1],[46.75,-29.22],[43.75,-30.01],[42.25,-29.75],[41.75,-30.02],[41.25,-29.92],[40.2,-30.5],[40.0,-31.02],[39.4,-31.0],[38.69,-32.0],[39.65,-33.75],[41.0,-34.86],[41.75,-35.87],[43.5,-37.12],[44.5,-37.48],[47.0,-39.01],[48.66,-39.5],[49.32,-40.0],[49.33,-40.25],[48.75,-40.68],[47.25,-41.08],[46.75,-41.51],[44.5,-41.46],[42.75,-41.94],[42.25,-41.21],[41.25,-41.39],[40.0,-40.85],[39.5,-41.25],[38.64,-40.5],[38.25,-40.98],[35.25,-39.92],[33.0,-39.64],[32.25,-39.11],[31.0,-39.07],[29.5,-38.57],[28.0,-38.42],[27.25,-38.59],[26.0,-38.22],[24.0,-38.95],[23.0,-38.94],[21.75,-39.48],[21.25,-39.38],[20.0,-40.0],[18.99,-41.0],[18.7,-41.75],[18.63,-43.0],[18.9,-43.5],[18.76,-44.0],[19.46,-45.0],[19.71,-46.25],[20.82,-47.5],[21.5,-48.82],[24.0,-50.95],[27.0,-52.19],[29.75,-53.7],[31.75,-54.25],[34.18,-54.5]]}},{"type":"Feature","properties":{"level":1024},"geometry":{"type":"LineString","coordinates":[[-55.73,-54.0],[-52.75,-54.08],[-48.04,-53.5],[-45.75,-52.98],[-43.25,-51.96],[-39.92,-49.5],[-36.99,-46.25],[-32.58,-43.25],[-29.89,-40.25],[-28.72,-39.5],[-28.81,-39.25],[-30.75,-39.31],[-30.67,-38.75],[-31.5,-38.28],[-33.5,-39.04],[-34.75,-38.93],[-38.5,-39.34],[-40.75,-39.18],[-42.5,-39.7],[-46.5,-39.56],[-53.25,-38.87],[-56.25,-37.87],[-57.75,-38.26],[-57.68,-38.0],[-58.0,-37.57],[-58.75,-37.17],[-59.5,-37.65],[-60.35,-37.75],[-60.5,-38.13],[-61.35,-38.0],[-61.25,-38.37],[-60.25,-38.79],[-60.21,-38.25],[-60.0,-38.08],[-59.72,-38.25],[-59.88,-39.0],[-60.98,-39.75],[-61.34,-40.25],[-61.62,-40.75],[-61.5,-41.4],[-62.08,-42.0],[-62.78,-48.5],[-62.43,-50.5],[-61.57,-52.0],[-60.52,-52.75],[-58.5,-53.54],[-55.73,-54.0]]}},{"type":"Feature","properties":{"level":1024},"geometry":{"type":"LineString","coordinates":[[-28.32,-39.25],[-27.95,-39.25],[-28.32,-39.25]]}},{"type":"Feature","properties":{"level":1024},"geometry":{"type":"LineString","coordinates":[[-30.35,-38.75],[-29.8,-38.75],[-30.35,-38.75]]}},{"type":"Feature","properties":{"level":1024},"geometry":{"type":"LineString","coordinates":[[-29.75,-38.5],[-28.97,-38.5],[-29.75,-38.5]]}},{"type":"Feature","properties":{"level":1024},"geometry":{"type":"LineString","coordinates":[[-28.39,-38.25],[-27.86,-38.25],[-28.0,-38.0],[-28.39,-38.25]]}},{"type":"Feature","properties":{"level":1024},"geometry":{"type":"LineString","coordinates":[[-180.0,-34.34],[-179.8,-34.5],[-179.89,-35.0],[-179.39,-35.5],[-179.32,-36.75],[-179.59,-38.5],[-179.21,-42.0],[-179.37,-42.75],[-179.02,-43.75],[-178.89,-45.25],[-178.06,-46.5],[-176.12,-47.75],[-173.75,-48.49],[-171.25,-48.86],[-168.5,-48.87],[-166.25,-48.62],[-161.76,-47.5],[-157.75,-45.34],[-155.2,-43.25],[-154.21,-42.0],[-153.17,-39.0],[-152.59,-36.0],[-152.44,-32.5],[-152.53,-30.0],[-153.05,-29.0],[-154.22,-28.0],[-155.0,-26.84],[-156.0,-26.09],[-156.75,-26.14],[-157.5,-25.86],[-158.0,-25.26],[-159.5,-25.02],[-162.25,-24.01],[-163.0,-24.16],[-163.5,-23.63],[-167.5,-23.67],[-168.25,-23.34],[-168.75,-23.54],[-171.5,-23.54],[-172.75,-23.96],[-173.5,-23.83],[-174.25,-24.2],[-174.75,-23.84],[-175.6,-24.25],[-176.0,-24.83],[-176.75,-24.81],[-177.25,-24.5],[-177.5,-24.87],[-178.0,-24.88],[-178.25,-25.28],[-178.75,-25.03],[-179.0,-25.43],[-179.25,-25.4],[-180.0,-26.02]]}},{"type":"Feature","properties":{"level":1024},"geometry":{"type":"LineString","coordinates":[[-101.51,-34.0],[-99.0,-34.06],[-97.25,-32.89],[-96.79,-32.25],[-96.74,-31.0],[-97.15,-30.5],[-96.93,-30.0],[-97.26,-29.75],[-97.0,-29.63],[-96.97,-29.25],[-97.75,-29.6],[-97.7,-29.0],[-98.59,-28.0],[-97.72,-27.5],[-98.03,-26.5],[-99.5,-25.47],[-100.0,-25.57],[-100.75,-25.21],[-101.75,-25.33],[-103.25,-24.72],[-103.75,-25.07],[-104.25,-24.58],[-104.5,-24.62],[-104.62,-25.0],[-103.83,-25.5],[-104.5,-25.88],[-105.5,-25.36],[-106.27,-26.5],[-106.75,-26.55],[-107.25,-26.21],[-107.75,-26.44],[-109.29,-26.25],[-109.52,-26.5],[-109.25,-27.22],[-108.25,-27.23],[-107.91,-28.0],[-108.0,-28.6],[-108.61,-28.5],[-108.58,-28.75],[-107.25,-31.83],[-106.25,-32.05],[-105.5,-32.44],[-105.48,-32.75],[-105.0,-33.15],[-103.25,-33.74],[-101.25,-33.38],[-101.51,-34.0]]}},{"type":"Feature","properties":{"level":1024},"geometry":{"type":"LineString","coordinates":[[-97.75,-31.52],[-97.91,-31.25],[-97.5,-31.14],[-97.75,-31.52]]}},{"type":"Feature","properties":{"level":1024},"geometry":{"type":"LineString","coordinates":[[-69.64,-29.25],[-69.5,-29.36],[-69.42,-28.75],[-69.11,-28.5],[-69.25,-28.28],[-69.5,-28.25],[-69.5,-28.58],[-69.76,-28.5],[-69.64,-29.25]]}},{"type":"Feature","properties":{"level":1024},"geometry":{"type":"LineString","coordinates":[[-97.55,-28.25],[-97.38,-28.25],[-97.55,-28.25]]}},{"type":"Feature","properties":{"level":1024},"geometry":{"type":"LineString","coordinates":[[-109.55,-28.0],[-109.18,-27.75],[-109.5,-27.35],[-109.77,-27.5],[-109.55,-28.0]]}},{"type":"Feature","properties":{"level":1024},"geometry":{"type":"LineString","coordinates":[[-68.81,-27.25],[-68.5,-27.35],[-68.23,-27.0],[-68.5,-26.32],[-68.81,-27.25]]}},{"type":"Feature","properties":{"level":1024},"geometry":{"type":"LineString","coordinates":[[180.0,-26.02],[178.75,-26.77],[178.35,-27.25],[177.73,-28.25],[177.72,-29.0],[178.26,-30.0],[178.46,-31.0],[179.6,-33.0],[179.67,-34.0],[180.0,-34.34]]}},{"type":"Feature","properties":{"level":1024},"geometry":{"type":"LineString","coordinates":[[-67.75,-23.25],[-67.57,-23.0],[-67.75,-22.26],[-68.0,-22.5],[-67.75,-23.25]]}},{"type":"Feature","properties":{"level":1024},"geometry":{"type":"LineString","coordinates":[[85.48,28.25],[85.92,28.25],[85.5,28.52],[84.86,28.5],[85.48,28.25]]}},{"type":"Feature","properties":{"level":1024},"geometry":{"type":"LineString","coordinates":[[-162.74,31.5],[-162.25,31.38],[-161.75,31.61],[-160.75,31.34],[-158.75,31.76],[-157.75,31.47],[-156.0,31.68],[-152.5,32.61],[-144.5,34.01],[-140.25,35.83],[-133.5,36.99],[-132.0,37.96],[-131.28,38.75],[-130.94,40.5],[-130.28,41.75],[-130.4,44.25],[-131.25,45.17],[-137.25,47.13],[-142.25,47.67],[-152.25,46.02],[-156.75,44.58],[-161.0,42.52],[-163.75,40.69],[-165.24,39.5],[-166.5,37.5],[-166.78,36.5],[-165.97,33.25],[-164.75,32.06],[-162.74,31.5]]}},{"type":"Feature","properties":{"level":1024},"geometry":{"type":"LineString","coordinates":[[86.98,32.25],[88.32,32.5],[87.25,32.74],[86.84,32.5],[86.98,32.25]]}},{"type":"Feature","properties":{"level":1024},"geometry":{"type":"LineString","coordinates":[[-69.25,32.5],[-68.0,33.01],[-65.5,33.45],[-61.27,35.5],[-60.11,36.5],[-59.72,37.75],[-58.8,38.75],[-58.93,40.25],[-58.69,41.0],[-59.68,42.75],[-61.56,45.0],[-65.68,48.0],[-66.15,49.0],[-67.25,49.29],[-68.25,50.52],[-69.25,50.62],[-70.75,51.62],[-72.75,52.3],[-73.43,51.5],[-72.82,51.25],[-74.36,50.25],[-74.18,49.75],[-75.12,49.0],[-75.99,48.75],[-76.17,48.5],[-75.74,48.25],[-77.3,46.0],[-77.21,45.0],[-75.29,44.25],[-75.9,43.5],[-75.88,43.0],[-78.0,41.58],[-77.92,40.5],[-78.25,40.02],[-78.75,40.04],[-79.25,39.75],[-81.18,37.75],[-82.42,35.75],[-82.25,35.48],[-80.5,35.89],[-78.25,35.36],[-77.75,35.53],[-77.0,34.97],[-75.5,34.59],[-75.0,34.16],[-74.25,34.1],[-73.0,33.37],[-72.5,33.46],[-71.5,32.95],[-70.25,33.05],[-70.0,32.72],[-69.5,32.92],[-69.25,32.5]]}},{"type":"Feature","properties":{"level":1024},"geometry":{"type":"LineString","coordinates":[[84.57,33.25],[86.5,33.11],[86.57,33.5],[85.75,33.33],[85.45,33.75],[87.0,34.21],[87.75,33.85],[87.5,33.47],[88.5,33.98],[89.25,33.69],[89.52,34.25],[89.0,34.35],[88.79,34.75],[89.09,35.25],[91.0,35.77],[92.0,35.79],[92.25,35.36],[92.5,35.8],[93.75,35.5],[94.16,35.25],[93.75,35.17],[93.69,34.75],[93.27,34.5],[94.0,34.14],[94.32,34.25],[94.5,34.9],[95.92,35.0],[96.75,35.95],[98.21,35.75],[98.71,36.25],[98.0,36.8],[97.5,36.16],[96.75,36.05],[96.0,36.32],[94.75,36.21],[93.5,36.48],[92.32,37.0],[91.75,37.6],[90.38,38.0],[89.66,38.5],[90.0,38.82],[90.38,38.75],[90.28,38.5],[90.5,38.43],[91.25,38.89],[92.0,38.81],[92.2,39.0],[91.75,39.33],[88.5,38.79],[88.33,38.5],[86.75,38.08],[85.25,37.22],[83.75,36.69],[82.5,36.6],[81.75,36.11],[80.0,35.99],[79.0,36.44],[78.5,35.91],[78.0,36.28],[78.0,36.94],[77.5,36.74],[76.5,36.92],[76.17,36.75],[76.32,36.5],[76.0,36.45],[75.75,36.87],[75.25,37.07],[75.03,36.75],[75.29,36.5],[74.67,36.0],[76.5,35.3],[76.45,34.75],[77.0,34.41],[78.17,34.25],[78.36,34.0],[78.05,33.75],[78.25,33.61],[78.75,33.74],[79.19,34.25],[79.24,34.5],[78.87,34.75],[79.2,35.0],[79.25,35.71],[80.59,35.0],[80.25,34.81],[80.0,35.05],[79.28,34.5],[79.49,34.0],[80.5,34.22],[82.25,33.32],[83.25,34.11],[84.5,33.85],[84.62,33.75],[84.1,33.5],[84.57,33.25]]}},{"type":"Feature","properties":{"level":1024},"geometry":{"type":"LineString","coordinates":[[-32.5,34.25],[-32.0,34.1],[-28.75,34.48],[-24.75,35.5],[-21.16,37.75],[-15.5,41.82],[-13.25,43.13],[-11.0,43.97],[-8.75,44.32],[-4.75,43.98],[-0.75,44.85],[0.75,45.41],[1.75,45.48],[2.25,45.12],[2.5,45.27],[2.75,44.73],[3.75,44.5],[4.75,45.41],[5.5,45.4],[5.7,45.75],[5.48,46.0],[6.15,46.5],[7.75,46.69],[8.99,47.25],[8.55,47.75],[9.47,48.25],[9.25,48.52],[8.36,48.5],[9.64,49.5],[9.25,49.87],[8.25,49.85],[7.75,50.41],[3.25,51.29],[0.79,52.75],[-1.75,53.67],[-2.5,54.59],[-3.5,54.43],[-6.25,55.15],[-9.75,55.4],[-12.25,54.7],[-14.75,53.6],[-17.0,52.14],[-28.75,43.46],[-31.49,41.0],[-32.75,39.51],[-34.25,36.75],[-33.84,35.5],[-33.0,34.49],[-32.5,34.25]]}},{"type":"Feature","properties":{"level":1024},"geometry":{"type":"LineString","coordinates":[[145.79,34.75],[150.0,34.75],[152.25,35.2],[154.5,35.18],[159.5,35.74],[167.75,37.35],[172.75,38.9],[174.76,39.75],[176.07,40.75],[177.07,42.25],[177.07,42.75],[176.25,43.34],[174.51,43.75],[165.5,44.38],[162.0,45.05],[148.75,50.65],[147.25,51.06],[145.0,51.19],[144.48,50.75],[144.72,49.75],[144.56,49.5],[143.23,49.25],[143.15,48.25],[143.87,47.0],[144.5,46.5],[144.47,46.0],[143.86,45.0],[143.94,44.5],[144.36,44.25],[144.61,43.75],[144.25,43.47],[143.5,43.52],[143.16,43.25],[143.25,42.79],[142.4,43.25],[142.99,43.5],[142.99,44.0],[142.0,44.7],[141.75,44.67],[138.0,43.08],[136.76,42.25],[136.44,41.75],[137.0,40.91],[137.75,40.54],[138.75,40.45],[139.61,39.0],[139.7,38.0],[140.25,38.41],[140.32,38.25],[140.35,38.0],[139.98,37.75],[140.1,37.5],[138.38,36.75],[139.0,34.92],[139.27,35.5],[138.79,36.25],[139.0,36.56],[139.25,36.42],[140.0,36.78],[140.63,35.75],[140.5,35.46],[145.79,34.75]]}},{"type":"Feature","properties":{"level":1024},"geometry":{"type":"LineString","coordinates":[[52.41,36.0],[53.5,35.98],[53.75,36.34],[55.07,36.75],[54.5,36.87],[54.25,36.57],[54.0,36.67],[53.0,36.19],[51.0,36.69],[50.5,37.07],[49.74,37.0],[51.25,36.2],[52.41,36.0]]}},{"type":"Feature","properties":{"level":1024},"geometry":{"type":"LineString","coordinates":[[70.84,36.25],[71.0,36.05],[71.5,36.35],[72.0,36.25],[72.5,36.68],[73.0,36.75],[74.0,36.64],[74.25,36.37],[74.71,36.5],[74.56,36.75],[74.96,37.0],[74.5,37.23],[73.5,36.86],[73.39,37.0],[73.91,37.25],[73.5,37.5],[73.5,38.16],[73.06,38.25],[73.65,38.5],[73.25,39.05],[73.5,39.08],[73.75,38.74],[73.98,39.0],[73.73,39.5],[72.75,39.49],[72.25,39.16],[71.75,39.35],[71.25,39.0],[71.32,38.75],[71.0,38.75],[71.04,38.25],[70.75,38.18],[70.6,37.75],[71.0,37.63],[71.29,36.5],[70.84,36.25]]}},{"type":"Feature","properties":{"level":1024},"geometry":{"type":"LineString","coordinates":[[48.71,36.75],[49.0,36.65],[49.4,37.0],[48.75,39.2],[49.75,39.06],[50.68,39.75],[50.89,41.25],[51.82,42.75],[51.93,43.5],[51.28,44.5],[48.5,44.75],[46.0,45.68],[43.75,46.14],[41.5,46.04],[40.88,45.75],[41.73,45.0],[42.0,45.11],[43.25,44.46],[43.85,43.5],[43.7,43.25],[44.25,42.99],[45.0,43.14],[46.5,42.91],[47.25,42.5],[47.67,41.75],[47.5,41.37],[47.0,42.15],[46.5,42.04],[45.42,42.5],[44.5,42.57],[43.75,42.0],[44.27,41.75],[43.97,41.5],[44.25,41.2],[44.5,41.33],[45.0,40.96],[45.3,41.0],[45.35,40.75],[46.0,40.37],[46.24,40.0],[46.06,39.5],[46.25,38.93],[47.25,38.59],[47.36,38.75],[47.25,39.13],[47.0,38.99],[46.61,39.25],[47.17,39.75],[46.93,40.5],[46.0,40.6],[45.56,41.0],[45.67,41.25],[45.04,41.5],[45.16,42.0],[46.0,41.49],[47.0,41.27],[47.5,40.63],[48.31,40.25],[48.38,39.5],[48.0,39.0],[48.32,38.5],[47.75,38.25],[48.46,37.75],[48.75,37.25],[48.71,36.75]]}},{"type":"Feature","properties":{"level":1024},"geometry":{"type":"LineString","coordinates":[[140.5,37.57],[140.5,37.82],[140.5,37.57]]}},{"type":"Feature","properties":{"level":1024},"geometry":{"type":"LineString","coordinates":[[75.07,38.25],[75.75,38.09],[76.26,38.25],[74.75,39.67],[74.5,39.62],[74.37,39.5],[74.75,38.97],[75.2,38.75],[75.07,38.25]]}},{"type":"Feature","properties":{"level":1024},"geometry":{"type":"LineString","coordinates":[[140.5,38.45],[139.82,38.75],[140.25,38.84],[140.5,38.45]]}},{"type":"Feature","properties":{"level":1024},"geometry":{"type":"LineString","coordinates":[[92.3,39.0],[94.5,39.16],[95.25,39.04],[95.5,38.78],[96.0,39.2],[97.0,39.08],[98.35,39.5],[95.25,39.87],[92.75,39.43],[92.3,39.0]]}},{"type":"Feature","properties":{"level":1024},"geometry":{"type":"LineString","coordinates":[[-79.0,39.22],[-78.75,39.49],[-78.41,39.25],[-79.0,39.22]]}},{"type":"Feature","properties":{"level":1024},"geometry":{"type":"LineString","coordinates":[[69.51,39.25],[69.75,39.02],[70.92,39.5],[70.25,39.61],[69.51,39.25]]}},{"type":"Feature","properties":{"level":1024},"geometry":{"type":"LineString","coordinates":[[-78.0,39.33],[-78.12,39.75],[-77.75,39.89],[-77.69,39.5],[-78.0,39.33]]}},{"type":"Feature","properties":{"level":1024},"geometry":{"type":"LineString","coordinates":[[73.84,40.0],[74.0,39.79],[75.0,39.79],[78.0,40.74],[78.75,40.74],[78.39,41.0],[79.5,41.64],[80.25,41.55],[82.75,42.28],[85.75,41.89],[85.94,42.0],[85.67,42.25],[86.25,42.49],[88.31,42.5],[88.25,43.09],[88.5,43.12],[90.87,42.75],[91.02,42.0],[90.69,41.5],[90.75,41.15],[91.5,41.36],[92.75,41.08],[93.42,41.75],[92.82,42.5],[92.25,42.49],[92.04,42.75],[91.96,43.0],[92.25,43.28],[93.22,43.25],[94.25,42.77],[94.5,43.01],[94.53,42.75],[95.75,42.13],[97.75,42.16],[97.22,43.0],[97.69,43.25],[96.2,44.0],[96.38,44.25],[96.28,45.0],[96.75,45.19],[98.5,44.84],[99.32,45.25],[99.27,45.5],[98.59,45.75],[98.0,46.42],[98.18,46.75],[99.0,45.94],[99.5,46.13],[101.25,45.77],[102.25,45.14],[104.75,45.35],[106.25,46.15],[106.75,46.66],[108.25,46.49],[108.33,46.75],[110.5,47.73],[111.0,48.36],[111.5,48.5],[111.75,48.73],[111.75,49.25],[112.5,49.21],[112.8,49.5],[112.41,50.25],[112.65,50.75],[112.45,51.25],[111.66,51.75],[110.86,53.5],[111.25,54.1],[110.6,54.25],[110.62,54.5],[111.5,55.6],[113.25,55.96],[114.25,56.94],[115.6,57.25],[114.34,58.0],[114.76,58.25],[113.94,58.75],[114.07,59.0],[113.5,59.59],[112.25,59.29],[111.0,58.4],[108.25,58.47],[106.25,58.87],[104.87,60.0],[103.74,61.75],[103.67,63.0],[104.5,64.3],[107.5,65.27],[108.25,65.79],[116.5,65.48],[116.69,65.75],[117.5,65.76],[118.75,65.43],[121.5,65.38],[123.23,64.5],[125.0,64.12],[129.5,62.58],[130.5,62.64],[131.75,62.33],[132.13,62.0],[134.13,61.75],[135.0,61.2],[136.25,61.28],[137.0,60.69],[137.5,61.19],[137.87,61.0],[137.63,60.75],[137.75,60.53],[138.0,60.52],[138.75,61.07],[139.25,60.84],[139.9,61.25],[140.31,62.25],[140.25,62.48],[140.0,62.34],[139.84,62.5],[140.06,63.0],[139.73,63.5],[140.0,63.81],[141.76,63.5],[142.02,63.0],[141.18,62.75],[141.75,62.2],[142.25,62.36],[144.25,61.98],[145.75,62.47],[146.5,62.14],[146.68,62.25],[145.75,62.6],[145.47,63.25],[144.76,63.5],[144.29,64.0],[144.58,64.5],[144.08,64.75],[144.25,64.98],[145.25,64.93],[146.47,65.25],[146.34,65.5],[146.75,65.57],[148.0,65.09],[149.0,65.14],[149.35,65.75],[148.29,66.75],[148.25,67.67],[146.72,68.75],[146.61,69.5],[145.58,70.25],[142.95,71.25],[140.5,71.75],[140.0,71.49],[137.0,71.93],[132.75,71.8],[131.25,71.37],[130.0,71.29],[128.0,72.09],[125.25,72.08],[122.64,72.75],[120.0,72.65],[116.51,71.75],[116.84,71.25],[116.66,71.0],[114.5,70.25],[114.56,69.25],[115.03,69.0],[114.75,68.86],[112.25,69.19],[110.5,68.75],[108.5,69.03],[107.0,68.9],[106.41,69.25],[106.75,69.5],[106.32,70.0],[106.5,70.11],[107.5,70.03],[107.75,69.73],[109.25,69.71],[109.73,70.0],[109.55,70.5],[108.5,70.97],[107.75,70.63],[106.25,70.85],[105.97,70.75],[106.18,70.25],[105.38,70.0],[104.72,68.75],[102.84,68.0],[102.01,67.5],[102.19,67.25],[100.25,67.36],[99.58,68.5],[97.94,69.0],[97.46,69.0],[97.0,68.56],[96.0,68.59],[95.06,69.0],[94.0,69.0],[94.04,68.5],[93.19,68.25],[93.1,68.0],[91.14,67.0],[89.58,65.5],[86.5,63.69],[75.5,59.43],[72.39,57.75],[71.61,57.0],[70.99,55.75],[70.99,54.25],[71.31,53.0],[71.76,52.5],[71.73,52.0],[72.21,51.5],[71.97,50.75],[72.18,50.0],[72.9,49.5],[73.25,48.84],[73.75,49.07],[74.39,49.0],[73.66,48.25],[75.25,47.75],[78.75,48.15],[79.75,47.65],[81.5,47.66],[81.68,47.5],[81.5,47.2],[83.04,47.25],[82.37,47.0],[83.25,46.66],[83.75,46.0],[83.25,45.67],[82.75,45.78],[80.53,45.0],[82.25,44.13],[84.0,43.76],[84.5,44.01],[84.88,43.75],[84.19,43.5],[84.63,43.25],[84.5,43.03],[83.75,43.12],[81.25,42.46],[78.25,42.09],[77.8,41.75],[78.22,41.5],[78.01,41.25],[77.0,41.34],[76.25,40.7],[75.5,40.78],[75.0,40.5],[74.0,41.04],[74.0,40.69],[74.78,40.25],[73.84,40.0]]}},{"type":"Feature","properties":{"level":1024},"geometry":{"type":"LineString","coordinates":[[47.26,40.25],[47.64,40.25],[47.26,40.25]]}},{"type":"Feature","properties":{"level":1024},"geometry":{"type":"LineString","coordinates":[[140.25,40.18],[140.55,40.25],[140.25,40.18]]}},{"type":"Feature","properties":{"level":1024},"geometry":{"type":"LineString","coordinates":[[-4.62,43.0],[-3.02,43.0],[-3.25,43.34],[-4.0,43.55],[-4.75,43.53],[-5.22,43.25],[-4.62,43.0]]}},{"type":"Feature","properties":{"level":1024},"geometry":{"type":"LineString","coordinates":[[142.0,43.61],[141.85,43.75],[142.19,43.75],[142.0,43.61]]}},{"type":"Feature","properties":{"level":1024},"geometry":{"type":"LineString","coordinates":[[99.5,46.71],[98.65,47.0],[99.25,47.11],[99.82,46.75],[99.5,46.71]]}},{"type":"Feature","properties":{"level":1024},"geometry":{"type":"LineString","coordinates":[[114.1,60.0],[114.97,60.25],[114.5,60.31],[114.1,60.0]]}},{"type":"Feature","properties":{"level":1024},"geometry":{"type":"LineString","coordinates":[[-100.89,61.75],[-99.0,61.6],[-94.84,62.0],[-89.04,63.5],[-87.25,64.55],[-86.59,65.5],[-86.49,66.25],[-86.75,66.55],[-86.18,67.0],[-87.25,67.17],[-89.25,68.35],[-91.5,68.7],[-94.43,68.25],[-97.5,68.33],[-104.16,67.0],[-107.5,66.0],[-108.43,65.25],[-107.5,65.01],[-107.0,63.9],[-104.02,62.75],[-104.02,62.5],[-103.58,62.25],[-100.89,61.75]]}},{"type":"Feature","properties":{"level":1024},"geometry":{"type":"LineString","coordinates":[[-39.06,67.25],[-36.0,67.13],[-35.0,67.33],[-34.63,67.75],[-33.79,68.0],[-34.1,68.25],[-33.25,68.82],[-32.98,68.5],[-32.5,68.42],[-33.12,69.0],[-32.75,69.19],[-31.0,69.27],[-30.25,68.9],[-29.75,69.17],[-29.25,69.02],[-29.03,69.5],[-30.08,70.0],[-29.75,70.25],[-30.83,70.25],[-30.17,70.75],[-29.75,71.55],[-28.97,71.75],[-29.95,72.0],[-29.0,72.61],[-28.0,72.99],[-27.72,72.5],[-26.75,72.04],[-26.04,72.25],[-26.87,72.75],[-26.87,73.25],[-26.47,73.75],[-26.83,74.0],[-25.9,74.25],[-28.47,74.25],[-26.16,75.25],[-26.81,76.25],[-26.37,76.75],[-34.53,80.25],[-41.5,80.81],[-45.75,80.48],[-47.65,80.0],[-48.08,79.5],[-48.02,79.25],[-44.9,78.0],[-46.24,77.5],[-46.46,77.25],[-46.14,77.0],[-49.72,76.25],[-50.45,75.75],[-50.37,75.0],[-47.63,73.25],[-47.39,73.0],[-47.46,72.5],[-45.5,71.2],[-41.58,67.75],[-39.06,67.25]]}},{"type":"Feature","properties":{"level":1024},"geometry":{"type":"LineString","coordinates":[[119.25,68.46],[119.75,69.01],[120.61,69.25],[120.43,69.75],[121.75,70.42],[123.34,70.25],[123.0,69.89],[120.99,69.0],[121.36,68.75],[120.25,68.4],[119.25,68.46]]}},{"type":"Feature","properties":{"level":1024},"geometry":{"type":"LineString","coordinates":[[110.34,70.75],[110.57,70.75],[110.34,70.75]]}},{"type":"Feature","properties":{"level":1024},"geometry":{"type":"LineString","coordinates":[[123.25,71.48],[124.95,71.75],[124.25,71.41],[123.25,71.48]]}},{"type":"Feature","properties":{"level":1028},"geometry":{"type":"LineString","coordinates":[[180.0,-89.44],[147.5,-89.37],[135.25,-88.73],[101.25,-88.78],[75.25,-89.31],[54.25,-89.29],[51.06,-89.25],[63.5,-89.12],[71.41,-88.5],[69.25,-88.11],[62.0,-87.79],[40.25,-88.29],[38.65,-88.25],[38.35,-88.0],[46.25,-87.76],[46.57,-87.5],[42.25,-87.45],[16.94,-88.25],[7.0,-88.96],[-37.75,-88.58],[-103.0,-88.58],[-133.0,-89.08],[-180.0,-89.44]]}},{"type":"Feature","properties":{"level":1028},"geometry":{"type":"LineString","coordinates":[[19.11,-86.25],[23.5,-86.49],[25.0,-86.31],[25.41,-86.0],[25.37,-85.75],[21.96,-85.25],[17.43,-85.5],[18.05,-86.0],[19.11,-86.25]]}},{"type":"Feature","properties":{"level":1028},"geometry":{"type":"LineString","coordinates":[[63.73,-82.25],[69.75,-82.41],[73.38,-82.25],[73.9,-81.75],[75.58,-81.25],[75.64,-81.0],[74.61,-80.75],[74.58,-80.25],[73.75,-80.11],[63.25,-79.61],[55.34,-78.25],[52.83,-77.5],[52.25,-77.13],[51.0,-77.09],[50.14,-76.75],[47.5,-76.65],[45.5,-77.25],[46.08,-77.5],[45.75,-77.62],[42.5,-77.81],[39.75,-77.64],[36.0,-76.85],[28.25,-75.91],[27.0,-75.87],[26.71,-76.25],[27.0,-76.54],[28.0,-76.82],[28.75,-76.83],[29.25,-76.53],[32.07,-76.75],[31.75,-76.97],[29.29,-77.0],[32.0,-77.58],[33.75,-78.21],[40.25,-79.05],[44.25,-79.25],[46.0,-78.56],[49.0,-78.29],[51.63,-79.25],[59.39,-81.0],[58.2,-81.5],[58.6,-81.75],[63.73,-82.25]]}},{"type":"Feature","properties":{"level":1028},"geometry":{"type":"LineString","coordinates":[[85.15,-79.25],[87.54,-79.25],[85.15,-79.25]]}},{"type":"Feature","properties":{"level":1028},"geometry":{"type":"LineString","coordinates":[[-54.83,-51.75],[-52.75,-51.84],[-49.75,-51.53],[-45.66,-50.25],[-43.69,-49.0],[-42.26,-47.75],[-40.63,-45.5],[-40.32,-44.25],[-38.93,-43.5],[-38.42,-42.75],[-39.0,-42.5],[-42.18,-42.5],[-42.13,-42.25],[-41.32,-42.0],[-41.75,-41.88],[-47.25,-41.69],[-51.25,-42.21],[-54.0,-43.2],[-54.75,-43.04],[-56.0,-43.47],[-56.75,-43.3],[-57.5,-43.52],[-58.25,-44.21],[-59.5,-46.25],[-59.76,-47.0],[-59.58,-48.75],[-59.0,-49.88],[-58.38,-50.5],[-57.25,-51.11],[-54.83,-51.75]]}},{"type":"Feature","properties":{"level":1028},"geometry":{"type":"LineString","coordinates":[[32.19,-51.5],[35.0,-51.69],[37.72,-51.0],[42.01,-49.25],[43.75,-48.12],[45.79,-47.5],[48.0,-46.35],[49.25,-46.19],[49.53,-46.25],[49.5,-46.5],[52.75,-45.79],[53.25,-45.5],[55.25,-45.31],[55.74,-45.0],[55.74,-44.5],[56.0,-44.21],[57.0,-44.0],[57.5,-44.25],[57.75,-43.67],[57.5,-43.32],[56.75,-43.19],[55.46,-42.5],[54.25,-42.22],[52.75,-42.21],[52.5,-42.0],[52.0,-42.34],[51.0,-42.39],[50.5,-42.77],[49.75,-42.72],[49.25,-42.36],[48.75,-42.43],[47.75,-43.19],[45.75,-43.0],[45.74,-43.25],[45.0,-43.22],[44.5,-43.54],[44.41,-43.25],[43.81,-43.25],[43.25,-44.16],[41.75,-44.32],[40.82,-43.75],[40.75,-43.46],[40.08,-43.25],[40.0,-42.71],[39.75,-42.98],[38.75,-42.78],[38.0,-43.4],[37.75,-43.34],[37.25,-42.66],[36.5,-42.24],[35.5,-42.54],[35.25,-41.93],[34.5,-41.21],[33.93,-41.25],[33.5,-41.94],[33.0,-41.75],[32.75,-41.32],[32.25,-41.34],[30.75,-40.72],[30.0,-41.11],[29.75,-41.63],[29.0,-41.18],[28.5,-41.81],[27.75,-41.62],[27.75,-42.25],[26.26,-42.5],[26.31,-43.0],[25.8,-43.5],[24.5,-44.2],[23.5,-44.06],[23.5,-45.0],[24.12,-46.0],[24.07,-46.5],[24.66,-46.75],[26.0,-49.0],[32.19,-51.5]]}},{"type":"Feature","properties":{"level":1028},"geometry":{"type":"LineString","coordinates":[[-170.42,-46.75],[-168.25,-46.81],[-165.5,-46.3],[-161.37,-44.0],[-159.75,-42.76],[-158.9,-41.75],[-157.47,-38.5],[-157.25,-35.0],[-157.48,-33.75],[-158.42,-31.5],[-159.1,-30.75],[-160.5,-30.23],[-161.51,-29.5],[-162.5,-29.25],[-162.76,-29.0],[-162.75,-28.48],[-163.75,-28.63],[-164.0,-28.18],[-166.0,-27.4],[-168.0,-27.86],[-169.0,-27.45],[-170.5,-27.65],[-171.0,-27.33],[-172.0,-27.56],[-173.75,-28.47],[-174.25,-28.32],[-175.98,-29.75],[-176.42,-30.5],[-176.69,-32.75],[-175.54,-37.0],[-175.16,-37.5],[-174.79,-38.75],[-174.51,-42.25],[-174.77,-43.25],[-174.7,-44.25],[-174.25,-45.09],[-173.5,-45.78],[-172.58,-46.25],[-170.42,-46.75]]}},{"type":"Feature","properties":{"level":1028},"geometry":{"type":"LineString","coordinates":[[44.25,-44.31],[44.1,-44.25],[44.75,-43.52],[45.63,-44.0],[44.75,-44.36],[44.25,-44.31]]}},{"type":"Feature","properties":{"level":1028},"geometry":{"type":"LineString","coordinates":[[37.94,-42.5],[38.22,-42.5],[37.94,-42.5]]}},{"type":"Feature","properties":{"level":1028},"geometry":{"type":"LineString","coordinates":[[38.32,-42.5],[38.56,-42.5],[38.32,-42.5]]}},{"type":"Feature","properties":{"level":1028},"geometry":{"type":"LineString","coordinates":[[52.25,-42.51],[52.5,-42.3],[52.58,-42.5],[52.25,-42.51]]}},{"type":"Feature","properties":{"level":1028},"geometry":{"type":"LineString","coordinates":[[75.26,-40.25],[79.25,-40.37],[84.25,-40.01],[91.75,-39.89],[97.5,-39.35],[103.5,-38.0],[104.75,-37.35],[105.06,-36.5],[102.99,-34.75],[101.0,-33.71],[97.4,-32.5],[90.25,-30.91],[89.75,-30.96],[85.5,-29.38],[83.5,-29.14],[83.0,-28.59],[82.25,-28.51],[81.25,-28.82],[80.75,-28.54],[79.5,-29.12],[78.25,-29.25],[74.75,-31.01],[73.0,-31.22],[70.75,-32.11],[67.5,-32.06],[63.75,-31.62],[58.25,-32.25],[57.25,-32.14],[54.5,-32.41],[53.5,-33.11],[52.0,-33.63],[51.75,-33.97],[50.0,-34.47],[49.7,-35.25],[48.99,-35.75],[49.5,-36.65],[51.96,-38.25],[53.95,-39.0],[57.25,-39.75],[62.5,-40.2],[75.26,-40.25]]}},{"type":"Feature","properties":{"level":1028},"geometry":{"type":"LineString","coordinates":[[82.28,34.25],[82.5,34.01],[82.64,34.5],[83.5,35.0],[83.52,35.25],[82.75,35.01],[82.2,34.5],[82.28,34.25]]}},{"type":"Feature","properties":{"level":1028},"geometry":{"type":"LineString","coordinates":[[85.65,34.25],[86.0,34.14],[86.26,34.5],[85.37,34.75],[86.0,35.41],[86.75,35.17],[87.5,35.29],[89.5,36.35],[91.05,36.5],[90.75,36.92],[89.5,36.94],[88.0,36.49],[87.5,36.82],[85.48,36.25],[87.46,36.0],[85.75,35.87],[85.48,35.75],[85.66,35.5],[85.46,35.25],[84.75,34.79],[84.16,34.75],[85.65,34.25]]}},{"type":"Feature","properties":{"level":1028},"geometry":{"type":"LineString","coordinates":[[76.85,34.75],[77.5,34.96],[77.75,34.68],[78.0,35.0],[77.0,36.02],[76.75,35.7],[76.17,35.75],[76.94,35.25],[76.85,34.75]]}},{"type":"Feature","properties":{"level":1028},"geometry":{"type":"LineString","coordinates":[[80.71,35.25],[81.5,35.16],[82.38,35.5],[82.25,35.69],[81.5,35.53],[80.31,35.75],[80.71,35.25]]}},{"type":"Feature","properties":{"level":1028},"geometry":{"type":"LineString","coordinates":[[-157.01,35.5],[-153.75,35.31],[-149.5,35.85],[-145.25,36.8],[-139.0,38.65],[-135.53,40.5],[-135.03,41.75],[-135.24,43.0],[-136.5,44.25],[-139.25,45.18],[-142.5,45.72],[-146.0,45.52],[-149.25,44.94],[-154.5,43.33],[-158.47,41.0],[-159.28,40.25],[-160.33,38.5],[-160.25,37.2],[-157.01,35.5]]}},{"type":"Feature","properties":{"level":1028},"geometry":{"type":"LineString","coordinates":[[92.55,36.25],[93.8,36.25],[92.55,36.25]]}},{"type":"Feature","properties":{"level":1028},"geometry":{"type":"LineString","coordinates":[[71.38,37.25],[72.0,37.11],[72.53,37.75],[71.75,37.79],[71.38,37.25]]}},{"type":"Feature","properties":{"level":1028},"geometry":{"type":"LineString","coordinates":[[87.16,37.25],[87.5,37.12],[88.5,37.49],[88.66,37.75],[87.48,38.0],[87.16,37.25]]}},{"type":"Feature","properties":{"level":1028},"geometry":{"type":"LineString","coordinates":[[149.99,38.0],[153.75,37.99],[157.75,38.53],[158.5,38.42],[161.0,39.16],[162.25,39.25],[164.65,40.25],[165.05,40.75],[164.5,41.14],[164.0,41.09],[161.75,41.76],[159.5,41.78],[158.5,42.43],[157.5,42.66],[156.75,42.51],[155.75,42.84],[154.25,42.66],[151.41,41.25],[149.5,39.67],[149.13,39.25],[149.08,38.75],[149.38,38.25],[149.99,38.0]]}},{"type":"Feature","properties":{"level":1028},"geometry":{"type":"LineString","coordinates":[[-68.14,40.25],[-66.25,40.0],[-64.25,40.82],[-64.8,42.25],[-66.1,43.5],[-65.5,43.79],[-65.5,44.43],[-66.0,44.65],[-66.41,45.5],[-66.99,46.0],[-67.12,46.75],[-68.12,47.0],[-68.5,47.4],[-69.5,47.39],[-70.75,46.89],[-70.99,47.0],[-70.51,47.5],[-70.55,48.0],[-71.25,48.25],[-73.0,47.57],[-73.32,47.25],[-73.5,46.35],[-73.09,46.25],[-72.0,46.57],[-71.63,46.25],[-72.94,44.0],[-72.88,42.5],[-71.75,42.11],[-70.75,42.72],[-70.11,42.0],[-69.66,41.0],[-68.14,40.25]]}},{"type":"Feature","properties":{"level":1028},"geometry":{"type":"LineString","coordinates":[[80.96,42.0],[81.73,42.25],[80.63,42.25],[80.96,42.0]]}},{"type":"Feature","properties":{"level":1028},"geometry":{"type":"LineString","coordinates":[[91.98,43.75],[92.27,44.0],[92.19,44.5],[92.75,45.02],[93.0,44.8],[94.5,45.36],[96.75,45.51],[96.93,45.75],[96.55,46.0],[97.09,46.25],[96.81,46.75],[97.55,47.5],[100.25,47.85],[101.5,47.75],[101.49,47.5],[101.07,47.25],[101.5,46.52],[102.0,46.52],[102.38,47.0],[103.0,46.74],[104.25,46.8],[107.0,48.18],[107.75,48.16],[109.0,48.72],[109.44,49.25],[110.17,49.5],[109.82,50.5],[109.89,51.25],[109.29,51.75],[109.86,53.0],[109.29,53.5],[110.47,55.0],[110.5,55.5],[110.0,55.62],[109.87,55.0],[109.25,54.78],[108.99,55.5],[109.64,56.25],[108.5,56.88],[107.75,56.52],[104.4,57.75],[100.49,60.0],[99.52,62.0],[99.64,62.75],[98.66,63.5],[99.02,64.25],[98.5,64.77],[96.75,65.14],[94.5,65.09],[90.0,63.74],[88.24,62.5],[77.25,57.84],[75.36,56.5],[74.85,55.5],[74.88,54.5],[75.59,52.5],[76.44,51.25],[78.15,49.75],[81.38,49.0],[81.24,48.75],[81.75,48.06],[82.5,47.67],[86.26,47.25],[86.0,46.89],[84.75,46.62],[84.18,46.25],[83.69,45.0],[85.75,44.93],[87.75,44.53],[88.71,44.25],[88.38,44.0],[88.75,43.93],[89.25,44.13],[91.0,44.0],[91.25,44.19],[91.98,43.75]]}},{"type":"Feature","properties":{"level":1028},"geometry":{"type":"LineString","coordinates":[[-15.71,45.75],[-15.25,45.74],[-13.0,46.73],[-9.25,47.08],[-7.0,47.05],[-3.5,47.65],[-1.63,48.25],[-1.75,48.5],[-2.82,48.75],[-3.0,50.36],[-3.6,50.5],[-4.0,50.89],[-5.0,50.52],[-5.31,50.75],[-5.26,51.25],[-6.98,52.5],[-8.25,52.76],[-10.0,51.99],[-12.85,51.25],[-15.0,49.91],[-15.72,48.25],[-15.47,47.75],[-16.67,46.5],[-16.5,46.07],[-16.0,46.05],[-15.71,45.75]]}},{"type":"Feature","properties":{"level":1028},"geometry":{"type":"LineString","coordinates":[[-70.81,48.5],[-70.5,48.48],[-70.46,48.75],[-70.75,48.91],[-70.95,48.75],[-70.81,48.5]]}},{"type":"Feature","properties":{"level":1028},"geometry":{"type":"LineString","coordinates":[[-1.51,48.75],[-1.03,48.75],[-1.25,48.92],[-1.51,48.75]]}},{"type":"Feature","properties":{"level":1028},"geometry":{"type":"LineString","coordinates":[[82.0,49.18],[81.86,49.25],[82.5,49.57],[82.87,49.25],[82.0,49.18]]}},{"type":"Feature","properties":{"level":1028},"geometry":{"type":"LineString","coordinates":[[-7.25,51.92],[-7.47,52.0],[-7.25,52.21],[-6.72,52.0],[-7.25,51.92]]}},{"type":"Feature","properties":{"level":1028},"geometry":{"type":"LineString","coordinates":[[136.66,64.0],[137.06,64.25],[135.99,64.25],[136.66,64.0]]}},{"type":"Feature","properties":{"level":1028},"geometry":{"type":"LineString","coordinates":[[138.96,64.5],[140.48,64.5],[140.8,65.0],[140.0,65.93],[139.75,65.73],[138.77,65.75],[139.25,65.85],[139.53,66.25],[138.75,67.75],[138.82,68.25],[138.25,68.64],[137.5,68.73],[137.21,68.5],[137.48,68.25],[136.01,68.0],[137.17,67.5],[138.25,66.63],[138.25,66.41],[137.5,66.13],[137.25,65.5],[137.9,65.25],[137.75,64.89],[138.96,64.5]]}},{"type":"Feature","properties":{"level":1028},"geometry":{"type":"LineString","coordinates":[[-94.27,65.75],[-93.94,65.75],[-94.27,65.75]]}},{"type":"Feature","properties":{"level":1028},"geometry":{"type":"LineString","coordinates":[[-37.33,67.5],[-36.25,67.34],[-35.25,67.89],[-34.36,68.0],[-34.75,68.25],[-33.5,69.29],[-30.81,69.5],[-31.76,69.75],[-31.44,70.0],[-31.5,70.25],[-30.6,70.75],[-30.45,71.5],[-30.79,71.75],[-30.77,72.0],[-30.25,72.68],[-29.0,73.25],[-28.65,73.75],[-28.75,74.01],[-30.5,73.38],[-30.84,73.5],[-28.07,75.0],[-27.86,75.25],[-28.04,75.75],[-27.94,76.75],[-35.75,78.91],[-39.0,79.55],[-43.0,79.9],[-45.06,79.25],[-44.63,78.75],[-43.73,78.5],[-43.48,78.0],[-43.4,77.75],[-44.45,77.25],[-42.21,76.5],[-47.91,76.25],[-48.49,76.0],[-48.67,75.0],[-46.07,73.25],[-46.08,72.75],[-45.25,71.75],[-41.5,68.6],[-39.43,67.75],[-37.33,67.5]]}},{"type":"Feature","properties":{"level":1028},"geometry":{"type":"LineString","coordinates":[[138.51,69.0],[139.0,68.86],[139.55,69.25],[139.0,69.51],[137.26,69.5],[137.25,69.24],[138.51,69.0]]}},{"type":"Feature","properties":{"level":1032},"geometry":{"type":"LineString","coordinates":[[180.0,-89.61],[138.75,-89.56],[134.63,-89.5],[135.71,-89.25],[130.0,-89.0],[114.5,-88.91],[71.0,-89.64],[6.0,-89.66],[-19.25,-89.5],[-44.75,-88.92],[-65.25,-88.84],[-103.0,-88.87],[-180.0,-89.61]]}},{"type":"Feature","properties":{"level":1032},"geometry":{"type":"LineString","coordinates":[[46.52,-88.75],[53.0,-88.85],[65.21,-88.5],[62.88,-88.25],[56.75,-88.2],[46.52,-88.75]]}},{"type":"Feature","properties":{"level":1032},"geometry":{"type":"LineString","coordinates":[[59.94,-81.75],[65.0,-81.9],[71.0,-81.67],[73.25,-81.34],[73.55,-81.25],[73.55,-81.0],[72.79,-80.75],[72.91,-80.5],[72.5,-80.4],[68.0,-80.25],[63.0,-80.65],[62.38,-81.0],[59.14,-81.5],[59.94,-81.75]]}},{"type":"Feature","properties":{"level":1032},"geometry":{"type":"LineString","coordinates":[[61.15,-80.5],[62.33,-80.5],[61.15,-80.5]]}},{"type":"Feature","properties":{"level":1032},"geometry":{"type":"LineString","coordinates":[[38.67,-78.5],[41.28,-78.5],[41.0,-78.21],[37.53,-77.75],[37.88,-77.5],[35.75,-76.97],[32.07,-77.25],[33.5,-77.4],[33.73,-77.5],[33.59,-77.75],[34.67,-78.0],[38.67,-78.5]]}},{"type":"Feature","properties":{"level":1032},"geometry":{"type":"LineString","coordinates":[[-169.22,-42.25],[-167.25,-42.16],[-165.25,-40.83],[-164.0,-39.38],[-163.5,-37.5],[-163.6,-36.0],[-164.5,-34.52],[-166.0,-33.79],[-166.61,-33.75],[-167.25,-32.82],[-168.25,-32.36],[-169.0,-32.44],[-170.25,-33.09],[-170.87,-33.75],[-171.22,-34.75],[-170.83,-37.0],[-169.75,-39.5],[-169.78,-41.75],[-169.22,-42.25]]}},{"type":"Feature","properties":{"level":1032},"geometry":{"type":"LineString","coordinates":[[75.02,-37.25],[77.5,-37.43],[78.74,-37.25],[79.25,-36.87],[80.5,-37.02],[84.0,-36.72],[86.0,-35.92],[86.13,-35.5],[83.0,-34.11],[80.25,-33.95],[79.5,-34.41],[78.0,-34.31],[76.75,-35.06],[74.94,-35.5],[73.25,-36.58],[73.51,-37.0],[75.02,-37.25]]}},{"type":"Feature","properties":{"level":1032},"geometry":{"type":"LineString","coordinates":[[-149.86,40.5],[-149.5,40.32],[-147.25,41.0],[-147.29,40.5],[-146.75,40.42],[-144.75,41.19],[-144.1,41.75],[-144.75,41.92],[-146.0,41.66],[-146.14,41.75],[-145.89,42.25],[-147.28,42.25],[-148.75,41.68],[-149.86,40.5]]}},{"type":"Feature","properties":{"level":1032},"geometry":{"type":"LineString","coordinates":[[94.04,45.75],[94.61,45.75],[94.04,46.25],[94.6,46.5],[94.09,47.0],[94.5,47.99],[95.25,48.47],[96.5,48.24],[97.0,48.36],[97.37,49.25],[96.25,48.99],[96.44,49.5],[95.55,50.25],[96.0,50.41],[97.75,49.84],[99.5,51.57],[99.79,51.25],[99.5,50.66],[100.1,50.75],[100.15,51.5],[100.4,51.75],[99.61,52.5],[100.25,53.13],[101.06,52.75],[101.29,52.25],[101.73,52.0],[101.53,51.75],[101.68,51.5],[102.0,51.31],[103.0,51.35],[103.25,51.12],[104.75,50.86],[105.75,51.15],[106.75,50.95],[106.96,52.0],[106.0,52.58],[105.74,53.25],[106.51,54.0],[106.0,54.49],[104.75,54.82],[104.25,55.31],[101.25,56.34],[96.45,59.0],[96.0,60.32],[93.25,61.34],[90.0,60.82],[88.5,60.1],[84.75,58.98],[80.5,56.78],[79.0,55.45],[78.73,54.5],[79.32,53.0],[82.0,52.33],[85.48,52.0],[85.87,51.5],[85.77,51.0],[86.5,50.37],[86.75,50.76],[87.25,50.82],[88.1,50.0],[87.25,50.06],[86.5,49.66],[85.82,49.75],[85.5,50.0],[85.95,50.25],[85.75,50.49],[84.75,50.56],[84.75,50.12],[85.19,49.75],[85.1,49.5],[86.0,49.07],[86.5,49.43],[88.29,49.75],[88.48,49.0],[86.93,49.0],[87.14,48.5],[88.25,47.96],[89.75,47.61],[90.67,47.0],[90.66,47.25],[91.0,47.36],[91.75,46.72],[94.04,45.75]]}},{"type":"Feature","properties":{"level":1032},"geometry":{"type":"LineString","coordinates":[[-36.55,67.5],[-36.16,67.5],[-34.77,68.5],[-34.58,69.0],[-34.85,69.5],[-33.75,69.61],[-31.0,71.2],[-31.36,72.0],[-31.19,72.5],[-31.34,73.5],[-29.7,74.5],[-29.34,75.0],[-30.15,76.0],[-31.0,76.33],[-33.0,76.54],[-35.5,76.53],[-36.75,76.79],[-40.5,76.75],[-40.75,76.7],[-40.92,76.0],[-44.75,76.12],[-45.96,76.0],[-46.28,75.75],[-45.96,75.5],[-45.94,74.75],[-44.61,73.75],[-44.54,72.75],[-44.11,72.0],[-42.16,70.0],[-39.47,68.25],[-37.0,67.79],[-36.55,67.5]]}},{"type":"Feature","properties":{"level":1036},"geometry":{"type":"LineString","coordinates":[[-158.78,-89.75],[-89.25,-89.9],[-62.55,-89.5],[-104.75,-89.22],[-123.25,-89.56],[-158.78,-89.75]]}},{"type":"Feature","properties":{"level":1036},"geometry":{"type":"LineString","coordinates":[[69.08,-81.25],[72.34,-81.25],[71.25,-80.98],[69.5,-81.03],[69.08,-81.25]]}},{"type":"Feature","properties":{"level":1036},"geometry":{"type":"LineString","coordinates":[[93.7,52.75],[94.8,53.0],[95.17,53.25],[95.25,53.75],[95.75,53.69],[96.09,54.0],[94.72,54.75],[95.0,54.95],[96.25,54.85],[96.66,55.0],[96.7,55.25],[94.0,56.11],[92.75,56.25],[90.25,57.27],[88.04,56.5],[87.76,55.75],[86.75,55.57],[86.42,55.25],[86.78,54.25],[88.0,53.6],[88.0,53.21],[89.22,53.25],[89.16,53.0],[89.5,52.99],[89.27,53.25],[90.5,53.46],[90.75,53.2],[92.25,53.13],[93.7,52.75]]}},{"type":"Feature","properties":{"level":1036},"geometry":{"type":"LineString","coordinates":[[89.5,53.99],[89.31,54.5],[89.5,54.58],[90.38,54.25],[90.0,53.89],[89.5,53.99]]}},{"type":"Feature","properties":{"level":1036},"geometry":{"type":"LineString","coordinates":[[-36.55,68.0],[-36.0,67.92],[-35.27,68.5],[-35.77,68.75],[-35.27,69.25],[-35.76,69.5],[-33.99,70.25],[-34.06,71.0],[-32.38,71.5],[-32.25,72.49],[-33.62,73.25],[-31.47,74.0],[-30.9,74.5],[-30.92,74.75],[-35.75,75.7],[-38.5,75.77],[-40.75,75.42],[-41.44,75.0],[-42.5,74.88],[-42.99,74.5],[-43.0,74.25],[-42.11,73.5],[-42.84,72.75],[-42.58,72.25],[-40.52,69.75],[-39.5,69.16],[-38.75,68.36],[-36.55,68.0]]}},{"type":"Feature","properties":{"level":1040},"geometry":{"type":"LineString","coordinates":[[-37.43,68.5],[-37.0,68.27],[-36.28,68.5],[-36.74,69.0],[-36.7,69.25],[-34.96,70.25],[-34.96,70.5],[-37.0,71.35],[-37.39,72.5],[-38.0,72.84],[-39.75,72.92],[-40.84,72.5],[-40.98,72.25],[-40.08,70.5],[-38.88,69.75],[-38.75,69.09],[-38.0,69.3],[-37.75,69.16],[-37.43,68.5]]}},{"type":"Feature","properties":{"level":1040},"geometry":{"type":"LineString","coordinates":[[-37.02,73.25],[-35.9,73.25],[-36.13,73.75],[-36.5,73.93],[-37.53,73.5],[-37.02,73.25]]}},{"type":"Feature","properties":{"level":1040},"geometry":{"type":"LineString","coordinates":[[-35.79,74.0],[-34.11,74.25],[-34.04,74.5],[-36.25,74.88],[-37.7,74.25],[-35.79,74.0]]}},{"type":"Feature","properties":{"level":1044},"geometry":{"type":"LineString","coordinates":[[-37.46,69.5],[-37.25,69.31],[-35.66,70.25],[-36.25,70.62],[-37.46,69.5]]}},{"type":"Feature","properties":{"level":1044},"geometry":{"type":"LineString","coordinates":[[-38.62,70.0],[-38.25,69.98],[-38.0,70.6],[-37.11,71.0],[-37.6,71.5],[-37.69,72.25],[-38.25,72.59],[-39.25,72.48],[-39.85,71.75],[-39.72,71.0],[-38.62,70.0]]}},{"type":"Feature","properties":{"level":1048},"geometry":{"type":"LineString","coordinates":[[-39.04,71.0],[-38.75,70.85],[-38.3,71.25],[-38.0,71.75],[-38.04,72.25],[-38.75,72.39],[-39.38,72.0],[-39.04,71.0]]}}]}