{"type":"FeatureCollection","features":[{"type":"Feature","properties":{"level":936},"geometry":{"type":"LineString","coordinates":[[116.25,-63.02],[114.25,-62.57],[113.73,-62.25],[113.53,-61.75],[115.25,-61.94],[116.88,-63.0],[116.25,-63.02]]}},{"type":"Feature","properties":{"level":940},"geometry":{"type":"LineString","coordinates":[[116.25,-63.51],[114.25,-63.09],[112.9,-62.5],[112.06,-61.75],[111.5,-60.48],[112.97,-59.75],[113.16,-59.5],[113.0,-59.15],[113.75,-59.13],[114.25,-58.59],[115.75,-58.34],[116.66,-58.75],[117.12,-59.75],[117.24,-60.75],[119.5,-62.31],[121.85,-63.25],[119.25,-63.68],[116.25,-63.51]]}},{"type":"Feature","properties":{"level":944},"geometry":{"type":"LineString","coordinates":[[116.5,-64.03],[113.5,-63.39],[111.5,-62.36],[110.13,-60.75],[109.72,-59.5],[109.8,-59.0],[110.5,-58.56],[113.5,-57.76],[117.53,-57.5],[120.75,-58.75],[121.1,-59.25],[120.89,-59.5],[120.92,-60.25],[121.42,-61.25],[122.25,-61.84],[124.25,-62.67],[124.47,-63.0],[123.67,-63.5],[121.25,-64.01],[116.5,-64.03]]}},{"type":"Feature","properties":{"level":948},"geometry":{"type":"LineString","coordinates":[[116.5,-64.51],[112.82,-63.75],[110.3,-62.5],[108.99,-60.75],[108.87,-59.75],[109.16,-59.0],[110.25,-58.26],[114.25,-57.04],[118.0,-57.2],[122.26,-58.25],[123.5,-60.61],[126.26,-62.0],[126.63,-62.5],[125.98,-63.25],[123.0,-64.22],[119.5,-64.61],[116.5,-64.51]]}},{"type":"Feature","properties":{"level":952},"geometry":{"type":"LineString","coordinates":[[15.25,-68.03],[13.91,-67.25],[16.25,-67.46],[17.21,-68.0],[15.25,-68.03]]}},{"type":"Feature","properties":{"level":952},"geometry":{"type":"LineString","coordinates":[[117.25,-65.01],[113.25,-64.42],[109.65,-63.0],[108.5,-62.1],[107.92,-61.25],[107.78,-60.25],[108.16,-59.25],[109.5,-58.11],[112.69,-57.0],[115.25,-56.6],[118.0,-56.74],[123.25,-58.0],[125.25,-60.18],[127.76,-61.25],[128.31,-62.0],[128.21,-62.5],[127.4,-63.25],[124.5,-64.42],[121.0,-64.99],[117.25,-65.01]]}},{"type":"Feature","properties":{"level":956},"geometry":{"type":"LineString","coordinates":[[8.5,-69.0],[5.99,-68.75],[4.35,-67.75],[4.42,-67.5],[9.0,-64.04],[12.5,-62.73],[13.5,-62.93],[14.75,-63.64],[18.47,-66.5],[19.0,-67.25],[18.93,-67.75],[18.41,-68.25],[16.5,-68.79],[13.0,-69.12],[8.5,-69.0]]}},{"type":"Feature","properties":{"level":956},"geometry":{"type":"LineString","coordinates":[[157.5,-66.29],[155.25,-65.71],[154.86,-65.25],[154.94,-64.75],[156.25,-64.14],[159.0,-63.96],[160.01,-64.25],[160.59,-64.75],[160.61,-65.25],[160.0,-65.76],[158.25,-66.29],[157.5,-66.29]]}},{"type":"Feature","properties":{"level":956},"geometry":{"type":"LineString","coordinates":[[117.0,-65.51],[112.25,-64.88],[108.72,-63.5],[107.42,-62.5],[106.75,-61.5],[106.56,-60.5],[106.93,-59.5],[108.47,-58.0],[111.0,-56.94],[114.75,-56.22],[117.75,-56.25],[120.75,-56.71],[124.0,-57.68],[126.5,-59.63],[129.0,-60.58],[129.64,-61.5],[129.63,-62.25],[129.01,-63.0],[126.16,-64.5],[121.75,-65.39],[117.0,-65.51]]}},{"type":"Feature","properties":{"level":956},"geometry":{"type":"LineString","coordinates":[[29.25,-65.37],[29.1,-65.25],[29.86,-65.25],[29.25,-65.37]]}},{"type":"Feature","properties":{"level":956},"geometry":{"type":"LineString","coordinates":[[146.0,32.99],[145.25,33.35],[145.25,34.01],[145.75,34.22],[146.27,34.0],[146.35,33.5],[146.0,32.99]]}},{"type":"Feature","properties":{"level":960},"geometry":{"type":"LineString","coordinates":[[-1.25,-70.29],[-1.85,-70.0],[-2.04,-69.5],[-1.85,-69.0],[-0.8,-68.0],[10.75,-60.68],[12.5,-59.71],[15.0,-58.73],[16.25,-58.83],[19.31,-60.0],[19.81,-61.0],[19.86,-63.25],[22.47,-66.0],[22.16,-67.25],[21.13,-68.25],[18.75,-69.17],[15.75,-69.82],[8.25,-70.34],[-1.25,-70.29]]}},{"type":"Feature","properties":{"level":960},"geometry":{"type":"LineString","coordinates":[[-12.0,-67.13],[-12.28,-66.75],[-11.75,-65.8],[-11.0,-65.42],[-10.42,-65.75],[-10.39,-66.25],[-10.75,-66.75],[-12.0,-67.13]]}},{"type":"Feature","properties":{"level":960},"geometry":{"type":"LineString","coordinates":[[157.25,-67.02],[155.51,-66.75],[154.12,-66.25],[153.11,-65.25],[153.46,-64.5],[155.75,-63.42],[159.5,-62.97],[162.25,-63.86],[163.09,-64.5],[163.62,-65.25],[163.53,-66.25],[162.38,-67.0],[157.25,-67.02]]}},{"type":"Feature","properties":{"level":960},"geometry":{"type":"LineString","coordinates":[[28.0,-66.31],[26.95,-65.5],[26.92,-65.0],[27.25,-64.32],[30.0,-64.41],[31.18,-65.0],[31.24,-65.5],[30.5,-66.1],[28.75,-66.47],[28.0,-66.31]]}},{"type":"Feature","properties":{"level":960},"geometry":{"type":"LineString","coordinates":[[110.75,-66.01],[110.73,-65.75],[110.0,-65.29],[107.25,-64.03],[106.25,-63.27],[105.49,-62.25],[105.2,-60.5],[105.96,-59.0],[107.25,-57.89],[109.04,-57.0],[111.5,-56.25],[114.5,-55.78],[116.5,-55.73],[119.5,-55.96],[123.0,-56.58],[125.09,-57.5],[127.0,-58.77],[129.5,-59.66],[130.5,-60.5],[130.96,-61.5],[130.77,-62.5],[129.37,-63.75],[127.25,-64.69],[125.0,-65.35],[119.25,-66.23],[114.25,-65.73],[112.0,-66.15],[111.25,-65.83],[110.75,-66.01]]}},{"type":"Feature","properties":{"level":960},"geometry":{"type":"LineString","coordinates":[[27.0,-64.09],[27.34,-64.0],[27.0,-64.09]]}},{"type":"Feature","properties":{"level":960},"geometry":{"type":"LineString","coordinates":[[-118.25,-59.53],[-117.65,-59.5],[-118.25,-59.53]]}},{"type":"Feature","properties":{"level":960},"geometry":{"type":"LineString","coordinates":[[145.75,32.71],[145.0,33.22],[144.88,33.75],[145.25,34.28],[146.0,34.39],[146.85,33.75],[146.25,32.75],[145.75,32.71]]}},{"type":"Feature","properties":{"level":964},"geometry":{"type":"LineString","coordinates":[[0.75,-72.27],[-1.0,-72.18],[-1.33,-71.75],[-2.0,-71.66],[-6.9,-71.75],[-6.93,-71.0],[-7.48,-70.5],[-7.37,-69.75],[-7.56,-69.5],[-9.0,-69.1],[-15.0,-68.53],[-16.75,-67.84],[-16.85,-66.75],[-15.11,-64.5],[-14.0,-63.82],[-13.25,-63.69],[-10.75,-64.01],[-5.25,-65.75],[-3.0,-65.88],[-1.25,-65.54],[2.83,-63.75],[4.7,-62.5],[6.75,-60.66],[9.5,-59.04],[12.5,-57.6],[14.75,-57.12],[17.5,-57.32],[19.0,-57.74],[22.0,-59.11],[24.31,-60.5],[27.75,-61.31],[28.27,-61.75],[28.06,-62.75],[28.25,-62.91],[32.0,-64.42],[32.62,-65.0],[32.79,-65.5],[32.0,-67.03],[27.0,-67.78],[22.5,-69.35],[18.5,-70.24],[13.5,-70.94],[11.75,-70.97],[10.5,-71.61],[4.75,-71.8],[3.0,-71.97],[3.04,-72.25],[2.75,-72.31],[0.75,-72.27]]}},{"type":"Feature","properties":{"level":964},"geometry":{"type":"LineString","coordinates":[[160.75,-68.01],[156.5,-67.76],[153.25,-67.07],[151.75,-66.15],[151.6,-65.0],[152.38,-64.0],[153.75,-63.21],[157.5,-62.26],[160.0,-62.08],[164.69,-63.25],[166.5,-64.29],[167.75,-64.66],[171.75,-64.45],[172.9,-65.0],[173.69,-66.0],[173.67,-66.25],[172.53,-67.0],[171.75,-68.0],[164.75,-68.24],[160.75,-68.01]]}},{"type":"Feature","properties":{"level":964},"geometry":{"type":"LineString","coordinates":[[116.75,-67.01],[113.75,-66.38],[112.75,-66.44],[111.75,-66.82],[109.5,-66.92],[106.9,-66.0],[104.75,-64.3],[103.87,-63.0],[103.58,-61.0],[104.25,-59.25],[106.2,-57.5],[109.5,-56.15],[114.0,-55.34],[118.0,-55.28],[122.75,-55.89],[125.0,-56.67],[127.65,-58.0],[130.25,-58.96],[131.25,-59.77],[132.16,-61.0],[132.15,-61.75],[131.25,-63.28],[129.91,-64.25],[127.25,-65.38],[121.75,-67.05],[119.75,-67.2],[116.75,-67.01]]}},{"type":"Feature","properties":{"level":964},"geometry":{"type":"LineString","coordinates":[[-118.5,-65.5],[-119.75,-65.04],[-120.75,-64.3],[-123.5,-63.44],[-124.2,-63.0],[-124.8,-61.5],[-124.41,-60.5],[-125.42,-59.75],[-125.53,-59.25],[-124.75,-58.84],[-124.0,-58.77],[-122.0,-58.89],[-121.25,-59.18],[-118.25,-58.9],[-117.11,-59.25],[-116.91,-59.5],[-117.0,-59.99],[-118.82,-61.25],[-118.85,-61.75],[-118.0,-62.54],[-117.25,-62.68],[-116.0,-62.41],[-115.0,-62.73],[-115.0,-62.95],[-115.95,-63.75],[-115.9,-64.75],[-116.23,-65.25],[-117.25,-65.63],[-118.5,-65.5]]}},{"type":"Feature","properties":{"level":964},"geometry":{"type":"LineString","coordinates":[[145.5,32.66],[144.78,33.25],[144.92,34.25],[145.75,34.58],[146.75,34.3],[147.09,33.75],[146.79,33.0],[146.25,32.61],[145.5,32.66]]}},{"type":"Feature","properties":{"level":968},"geometry":{"type":"LineString","coordinates":[[-173.5,-80.53],[-175.25,-79.88],[-175.75,-79.5],[-175.63,-79.25],[-174.6,-78.75],[-172.75,-78.43],[-167.0,-78.12],[-164.31,-78.5],[-161.71,-79.75],[-161.94,-80.0],[-163.1,-80.25],[-165.75,-80.57],[-173.5,-80.53]]}},{"type":"Feature","properties":{"level":968},"geometry":{"type":"LineString","coordinates":[[1.75,-73.5],[-0.75,-73.07],[-2.5,-73.03],[-2.75,-72.52],[-5.5,-72.5],[-7.0,-72.8],[-8.0,-72.32],[-10.5,-72.11],[-12.0,-72.4],[-13.25,-70.92],[-18.5,-68.92],[-19.89,-67.0],[-18.94,-64.75],[-17.5,-63.5],[-16.25,-62.98],[-13.75,-62.68],[-7.75,-63.28],[-4.75,-63.35],[-0.25,-63.02],[2.67,-61.75],[6.01,-59.0],[8.25,-57.77],[11.97,-56.25],[14.75,-55.88],[17.59,-56.0],[19.25,-56.37],[23.37,-57.75],[28.21,-59.75],[29.38,-60.5],[31.25,-62.43],[34.5,-64.43],[35.44,-66.5],[35.47,-66.75],[34.33,-67.5],[23.75,-70.35],[19.0,-70.84],[16.5,-71.45],[13.5,-71.45],[11.5,-72.13],[7.0,-72.38],[4.14,-73.0],[3.25,-73.64],[1.75,-73.5]]}},{"type":"Feature","properties":{"level":968},"geometry":{"type":"LineString","coordinates":[[157.75,-69.45],[157.25,-68.82],[156.5,-68.69],[156.0,-68.87],[155.0,-68.21],[154.5,-68.22],[153.75,-68.71],[152.75,-67.8],[151.75,-67.73],[150.25,-67.05],[149.51,-66.25],[149.48,-65.25],[150.27,-64.25],[152.18,-63.0],[154.75,-62.07],[157.25,-61.49],[161.5,-61.35],[169.0,-62.79],[170.5,-62.61],[172.25,-61.77],[175.75,-64.2],[177.56,-65.75],[178.4,-67.5],[178.38,-67.75],[176.5,-68.46],[173.25,-69.05],[166.0,-69.07],[159.0,-68.73],[158.25,-68.84],[157.75,-69.45]]}},{"type":"Feature","properties":{"level":968},"geometry":{"type":"LineString","coordinates":[[118.75,-67.77],[114.75,-67.61],[114.41,-67.5],[114.64,-67.25],[114.5,-67.16],[113.5,-66.8],[110.0,-67.36],[102.75,-65.96],[100.75,-66.29],[100.36,-66.0],[100.63,-65.75],[100.5,-65.58],[99.71,-65.25],[100.88,-64.0],[102.02,-60.0],[103.64,-58.0],[105.5,-56.86],[107.5,-56.07],[113.25,-54.88],[118.0,-54.7],[123.5,-55.43],[130.5,-58.04],[132.25,-59.33],[133.2,-60.5],[133.33,-62.0],[132.75,-63.0],[131.25,-64.38],[129.33,-65.5],[124.97,-67.0],[118.75,-67.77]]}},{"type":"Feature","properties":{"level":968},"geometry":{"type":"LineString","coordinates":[[-116.75,-66.76],[-120.75,-66.2],[-123.64,-65.25],[-125.25,-64.44],[-126.54,-63.5],[-127.44,-62.0],[-127.97,-60.0],[-127.7,-59.0],[-127.0,-58.49],[-125.75,-58.08],[-123.0,-57.94],[-119.25,-58.17],[-117.25,-58.57],[-116.28,-59.0],[-115.74,-59.5],[-114.9,-61.25],[-112.27,-63.0],[-111.92,-64.75],[-111.17,-65.5],[-111.75,-66.0],[-113.5,-66.62],[-116.75,-66.76]]}},{"type":"Feature","properties":{"level":968},"geometry":{"type":"LineString","coordinates":[[98.5,-65.17],[98.4,-65.0],[98.7,-65.0],[98.5,-65.17]]}},{"type":"Feature","properties":{"level":968},"geometry":{"type":"LineString","coordinates":[[145.75,32.45],[144.59,33.25],[144.7,34.25],[145.5,34.74],[146.91,34.5],[147.33,33.75],[147.04,33.0],[146.5,32.57],[145.75,32.45]]}},{"type":"Feature","properties":{"level":972},"geometry":{"type":"LineString","coordinates":[[180.0,-82.1],[174.35,-81.25],[173.06,-80.5],[173.81,-79.75],[174.86,-79.25],[180.0,-77.91]]}},{"type":"Feature","properties":{"level":972},"geometry":{"type":"LineString","coordinates":[[-114.0,-80.01],[-115.3,-78.5],[-114.0,-77.49],[-112.7,-77.25],[-112.22,-77.75],[-112.62,-78.5],[-111.48,-79.75],[-113.25,-80.23],[-114.0,-80.01]]}},{"type":"Feature","properties":{"level":972},"geometry":{"type":"LineString","coordinates":[[-180.0,-77.91],[-171.0,-76.94],[-164.5,-76.82],[-154.27,-78.0],[-155.83,-78.5],[-152.75,-79.0],[-154.01,-79.25],[-153.39,-80.0],[-155.95,-81.0],[-155.0,-81.41],[-154.01,-81.5],[-157.78,-82.0],[-158.47,-82.5],[-157.87,-82.75],[-158.89,-83.0],[-166.5,-82.91],[-180.0,-82.1]]}},{"type":"Feature","properties":{"level":972},"geometry":{"type":"LineString","coordinates":[[3.0,-74.51],[-1.5,-73.64],[-5.11,-73.5],[-4.18,-73.25],[-4.01,-73.0],[-4.25,-72.98],[-5.75,-73.46],[-8.5,-72.94],[-10.75,-73.49],[-13.75,-73.39],[-14.25,-73.67],[-14.5,-73.47],[-15.24,-73.5],[-14.38,-73.75],[-15.0,-73.84],[-17.0,-73.58],[-18.52,-72.5],[-19.33,-71.25],[-22.37,-68.25],[-22.13,-66.0],[-21.54,-64.75],[-19.95,-63.25],[-17.75,-62.27],[-14.75,-61.75],[-6.0,-61.75],[-0.75,-61.29],[1.25,-60.5],[4.54,-58.0],[7.5,-56.47],[11.5,-55.24],[15.75,-54.78],[19.5,-55.33],[27.75,-58.2],[29.75,-59.13],[35.0,-62.47],[38.0,-63.67],[38.75,-63.19],[39.23,-64.25],[38.75,-66.0],[38.11,-66.75],[36.75,-67.59],[33.43,-68.75],[33.25,-69.53],[27.5,-70.75],[22.45,-71.5],[22.05,-71.75],[16.0,-72.25],[12.75,-72.18],[11.5,-72.58],[8.41,-72.75],[5.6,-73.75],[4.5,-74.38],[3.0,-74.51]]}},{"type":"Feature","properties":{"level":972},"geometry":{"type":"LineString","coordinates":[[-125.75,-70.01],[-126.38,-69.75],[-126.61,-69.0],[-125.75,-68.52],[-125.0,-68.61],[-124.56,-69.25],[-125.0,-69.82],[-125.75,-70.01]]}},{"type":"Feature","properties":{"level":972},"geometry":{"type":"LineString","coordinates":[[180.0,-68.71],[176.75,-69.39],[173.0,-69.84],[165.75,-70.01],[160.5,-69.54],[157.75,-70.32],[156.5,-70.16],[155.25,-70.37],[153.5,-70.29],[150.75,-69.56],[149.67,-69.0],[148.25,-69.03],[148.22,-68.75],[148.64,-68.5],[148.31,-68.0],[146.75,-67.03],[146.41,-66.25],[147.72,-64.5],[151.5,-62.4],[155.75,-61.04],[159.5,-60.49],[162.75,-60.45],[168.5,-61.37],[170.75,-61.05],[172.75,-60.27],[180.0,-65.07]]}},{"type":"Feature","properties":{"level":972},"geometry":{"type":"LineString","coordinates":[[114.25,-68.07],[107.75,-67.38],[105.25,-66.62],[104.25,-66.78],[101.75,-66.6],[100.5,-66.97],[87.83,-66.75],[88.74,-66.0],[90.79,-65.0],[97.25,-62.81],[100.49,-58.75],[103.02,-57.0],[106.5,-55.56],[110.75,-54.57],[114.75,-54.14],[118.5,-54.07],[121.5,-54.26],[124.25,-54.9],[130.5,-57.03],[133.25,-58.91],[134.43,-60.5],[134.59,-61.5],[134.33,-62.5],[133.45,-64.0],[131.8,-65.75],[129.4,-67.0],[126.0,-67.02],[119.5,-68.14],[117.5,-67.94],[114.25,-68.07]]}},{"type":"Feature","properties":{"level":972},"geometry":{"type":"LineString","coordinates":[[-123.5,-67.79],[-125.25,-67.43],[-126.75,-66.66],[-128.0,-65.53],[-129.04,-64.0],[-130.03,-61.75],[-130.37,-60.25],[-130.25,-58.73],[-129.75,-57.72],[-127.0,-57.18],[-122.5,-57.08],[-119.25,-57.34],[-117.0,-57.9],[-115.25,-58.69],[-112.01,-61.0],[-110.03,-62.5],[-107.72,-64.75],[-108.11,-65.5],[-109.25,-66.36],[-110.5,-66.93],[-112.5,-67.4],[-116.0,-67.74],[-123.5,-67.79]]}},{"type":"Feature","properties":{"level":972},"geometry":{"type":"LineString","coordinates":[[-180.0,-65.07],[-177.46,-67.25],[-178.4,-68.0],[-180.0,-68.71]]}},{"type":"Feature","properties":{"level":972},"geometry":{"type":"LineString","coordinates":[[-135.0,-55.25],[-136.16,-55.0],[-130.5,-53.19],[-128.75,-52.98],[-128.43,-53.25],[-128.79,-54.25],[-129.75,-55.05],[-131.75,-55.37],[-135.0,-55.25]]}},{"type":"Feature","properties":{"level":972},"geometry":{"type":"LineString","coordinates":[[145.25,32.49],[144.54,33.0],[144.31,33.5],[144.34,34.0],[144.75,34.57],[145.5,34.96],[146.5,34.88],[147.27,34.5],[147.54,33.75],[147.04,32.75],[146.25,32.34],[145.25,32.49]]}},{"type":"Feature","properties":{"level":976},"geometry":{"type":"LineString","coordinates":[[-130.0,-85.53],[-127.95,-85.5],[-130.0,-85.53]]}},{"type":"Feature","properties":{"level":976},"geometry":{"type":"LineString","coordinates":[[-131.0,-84.78],[-120.69,-84.5],[-122.19,-84.75],[-131.0,-84.78]]}},{"type":"Feature","properties":{"level":976},"geometry":{"type":"LineString","coordinates":[[180.0,-84.66],[177.5,-84.54],[176.5,-84.19],[168.0,-83.16],[167.25,-83.3],[166.75,-82.85],[165.25,-83.06],[165.11,-83.0],[165.55,-82.5],[165.0,-82.17],[158.96,-81.5],[160.36,-80.75],[165.25,-80.0],[169.27,-78.5],[180.0,-76.67]]}},{"type":"Feature","properties":{"level":976},"geometry":{"type":"LineString","coordinates":[[-119.5,-84.39],[-119.67,-84.25],[-115.0,-83.47],[-113.31,-82.5],[-113.83,-81.75],[-114.58,-81.25],[-114.39,-81.0],[-114.66,-80.25],[-115.4,-80.0],[-115.82,-79.5],[-115.47,-79.25],[-116.02,-78.75],[-115.59,-77.75],[-115.76,-77.5],[-112.01,-76.5],[-112.5,-76.35],[-113.23,-75.5],[-112.75,-75.19],[-111.0,-75.25],[-110.0,-75.05],[-109.25,-75.47],[-108.49,-75.5],[-108.8,-76.0],[-106.0,-76.94],[-106.0,-77.28],[-108.25,-77.07],[-109.5,-77.24],[-109.73,-77.75],[-106.49,-78.75],[-106.08,-79.5],[-103.69,-80.75],[-106.69,-81.5],[-107.64,-82.0],[-107.5,-82.63],[-108.82,-83.5],[-108.66,-83.75],[-119.5,-84.39]]}},{"type":"Feature","properties":{"level":976},"geometry":{"type":"LineString","coordinates":[[-146.25,-77.39],[-146.49,-77.25],[-145.75,-77.09],[-145.48,-77.25],[-146.25,-77.39]]}},{"type":"Feature","properties":{"level":976},"geometry":{"type":"LineString","coordinates":[[-180.0,-76.67],[-171.5,-75.81],[-153.0,-74.71],[-150.25,-74.73],[-148.98,-75.5],[-148.64,-76.25],[-147.54,-76.5],[-148.5,-76.98],[-148.5,-77.29],[-150.83,-77.75],[-148.75,-78.25],[-147.51,-78.25],[-147.25,-77.9],[-146.75,-77.83],[-144.72,-78.25],[-144.44,-78.5],[-145.25,-78.87],[-145.47,-79.25],[-142.64,-79.5],[-143.53,-80.0],[-143.15,-80.25],[-143.48,-80.5],[-142.33,-80.75],[-143.76,-81.25],[-147.3,-81.25],[-146.97,-81.5],[-142.75,-81.7],[-140.8,-82.25],[-141.66,-82.75],[-141.25,-82.95],[-138.45,-83.25],[-142.44,-84.0],[-141.75,-84.3],[-139.23,-84.75],[-132.98,-85.0],[-138.0,-85.3],[-138.8,-85.5],[-136.87,-85.75],[-139.75,-85.83],[-146.34,-85.75],[-152.25,-85.34],[-156.25,-85.56],[-161.0,-85.37],[-163.0,-85.5],[-164.25,-85.21],[-170.5,-84.91],[-173.25,-84.81],[-174.25,-85.02],[-174.5,-84.77],[-176.25,-84.53],[-178.75,-84.81],[-180.0,-84.66]]}},{"type":"Feature","properties":{"level":976},"geometry":{"type":"LineString","coordinates":[[-145.5,-76.54],[-145.82,-76.25],[-145.33,-76.25],[-145.27,-76.5],[-145.5,-76.54]]}},{"type":"Feature","properties":{"level":976},"geometry":{"type":"LineString","coordinates":[[-143.75,-76.6],[-143.93,-76.5],[-142.92,-76.5],[-143.25,-76.72],[-143.75,-76.6]]}},{"type":"Feature","properties":{"level":976},"geometry":{"type":"LineString","coordinates":[[-22.5,-76.1],[-26.17,-75.75],[-25.44,-75.5],[-26.34,-75.25],[-27.27,-74.25],[-26.15,-73.25],[-26.18,-72.25],[-25.57,-70.75],[-24.75,-66.25],[-23.76,-64.5],[-22.0,-62.73],[-19.75,-61.79],[-16.5,-60.98],[-5.75,-60.3],[-2.0,-59.8],[-0.25,-59.14],[2.5,-57.18],[4.97,-56.0],[11.09,-54.25],[14.25,-53.85],[16.25,-53.88],[22.75,-55.02],[28.32,-57.0],[36.0,-61.06],[38.0,-61.67],[39.25,-61.55],[40.0,-62.2],[41.29,-64.0],[41.27,-65.0],[40.89,-66.25],[37.9,-68.75],[36.25,-69.46],[34.75,-69.72],[34.0,-70.42],[29.23,-71.75],[23.5,-72.23],[22.5,-72.5],[14.75,-72.61],[11.21,-73.0],[9.05,-73.5],[7.84,-74.5],[5.25,-75.52],[2.0,-75.26],[-3.0,-74.02],[-6.25,-74.03],[-7.5,-73.78],[-9.0,-73.99],[-9.25,-74.29],[-11.75,-74.83],[-12.75,-74.95],[-13.0,-74.78],[-15.25,-75.18],[-16.4,-75.5],[-16.26,-75.75],[-22.5,-76.1]]}},{"type":"Feature","properties":{"level":976},"geometry":{"type":"LineString","coordinates":[[162.75,-72.51],[163.25,-72.11],[164.5,-72.2],[165.0,-71.87],[165.3,-72.0],[165.26,-72.25],[164.5,-72.3],[164.0,-72.65],[162.75,-72.51]]}},{"type":"Feature","properties":{"level":976},"geometry":{"type":"LineString","coordinates":[[-127.5,-72.02],[-129.95,-71.25],[-131.17,-70.0],[-131.34,-68.75],[-131.15,-66.25],[-132.41,-62.5],[-133.17,-58.0],[-134.0,-56.67],[-137.17,-55.25],[-137.47,-54.75],[-136.5,-54.02],[-134.25,-53.06],[-131.75,-52.35],[-130.0,-52.02],[-128.25,-52.11],[-127.0,-53.28],[-126.81,-55.0],[-126.5,-55.23],[-119.5,-56.37],[-115.75,-57.46],[-110.75,-60.04],[-109.5,-60.41],[-107.0,-62.41],[-105.31,-63.25],[-105.05,-63.75],[-105.02,-64.5],[-105.61,-65.5],[-106.67,-66.5],[-108.11,-67.25],[-110.5,-68.03],[-119.0,-69.85],[-123.25,-71.42],[-125.5,-71.89],[-127.5,-72.02]]}},{"type":"Feature","properties":{"level":976},"geometry":{"type":"LineString","coordinates":[[180.0,-69.83],[174.75,-70.61],[167.75,-70.64],[161.75,-71.9],[158.75,-71.1],[152.25,-70.75],[146.5,-69.66],[145.0,-68.9],[143.4,-68.75],[141.77,-67.75],[141.75,-67.49],[142.84,-67.5],[143.38,-67.25],[143.25,-67.1],[137.25,-66.39],[134.75,-66.53],[133.5,-66.33],[131.0,-66.9],[130.0,-67.42],[127.75,-67.61],[125.0,-67.5],[123.25,-68.06],[119.25,-68.49],[114.5,-68.47],[107.75,-67.71],[105.5,-67.11],[101.25,-67.08],[100.0,-67.53],[99.5,-67.14],[95.25,-67.54],[91.0,-67.26],[89.25,-67.6],[88.25,-67.38],[85.0,-67.51],[79.75,-68.14],[77.75,-69.04],[75.04,-69.75],[74.06,-69.0],[78.5,-67.0],[82.0,-64.73],[91.69,-61.5],[98.25,-57.96],[104.5,-55.18],[109.25,-53.96],[114.5,-53.48],[120.75,-53.35],[124.75,-54.23],[128.25,-55.42],[129.0,-55.39],[129.75,-55.7],[133.25,-57.78],[135.11,-59.5],[135.91,-61.0],[135.77,-63.25],[135.99,-64.5],[136.51,-65.0],[137.75,-65.35],[140.25,-65.29],[141.5,-65.69],[142.25,-65.57],[152.0,-61.33],[156.0,-60.28],[160.5,-59.7],[168.75,-60.2],[171.75,-59.64],[173.0,-59.11],[177.25,-61.78],[180.0,-63.21]]}},{"type":"Feature","properties":{"level":976},"geometry":{"type":"LineString","coordinates":[[-180.0,-63.21],[-174.34,-66.25],[-173.88,-66.75],[-174.12,-67.25],[-176.22,-68.5],[-180.0,-69.83]]}},{"type":"Feature","properties":{"level":976},"geometry":{"type":"LineString","coordinates":[[-138.25,-55.02],[-138.06,-55.0],[-138.25,-55.02]]}},{"type":"Feature","properties":{"level":976},"geometry":{"type":"LineString","coordinates":[[145.5,32.21],[144.75,32.51],[144.28,33.0],[144.07,33.75],[144.22,34.25],[145.0,34.99],[145.5,35.14],[146.5,35.09],[147.25,34.74],[147.7,34.0],[147.5,33.0],[146.5,32.24],[145.5,32.21]]}},{"type":"Feature","properties":{"level":976},"geometry":{"type":"LineString","coordinates":[[44.25,67.93],[44.0,68.05],[43.75,68.78],[40.25,68.49],[38.28,69.5],[37.7,70.25],[37.8,71.0],[37.42,72.5],[36.64,73.25],[34.86,73.75],[34.54,74.0],[34.65,74.25],[38.0,73.67],[40.5,73.97],[43.75,73.75],[45.0,73.26],[45.08,72.5],[45.6,71.75],[45.59,71.25],[44.87,70.5],[45.17,70.0],[44.4,69.5],[44.69,69.25],[44.69,68.5],[44.38,68.25],[44.56,68.0],[44.25,67.93]]}},{"type":"Feature","properties":{"level":980},"geometry":{"type":"LineString","coordinates":[[173.25,-85.01],[173.75,-84.85],[174.82,-85.0],[173.25,-85.01]]}},{"type":"Feature","properties":{"level":980},"geometry":{"type":"LineString","coordinates":[[180.0,-84.9],[176.25,-84.88],[174.75,-84.44],[172.0,-84.61],[171.25,-84.04],[170.5,-83.96],[169.78,-84.25],[168.0,-84.42],[167.4,-84.25],[166.96,-83.75],[167.87,-83.5],[166.25,-83.23],[163.0,-83.31],[160.0,-83.04],[159.83,-83.0],[160.0,-82.68],[161.91,-82.5],[157.56,-81.75],[157.52,-81.5],[158.75,-80.65],[159.77,-80.25],[159.76,-79.25],[162.25,-78.81],[162.78,-78.5],[162.68,-78.25],[161.69,-78.0],[162.63,-77.75],[162.57,-77.25],[161.51,-76.75],[161.75,-76.25],[161.51,-76.0],[161.65,-75.75],[161.22,-75.5],[162.25,-75.39],[163.0,-74.94],[164.0,-74.91],[164.5,-74.59],[165.0,-74.7],[165.33,-74.5],[165.25,-74.09],[165.5,-74.23],[165.72,-74.0],[166.75,-74.03],[166.71,-74.5],[167.0,-75.0],[170.25,-75.65],[173.75,-75.7],[180.0,-75.32]]}},{"type":"Feature","properties":{"level":980},"geometry":{"type":"LineString","coordinates":[[-30.25,-76.77],[-30.0,-76.57],[-29.08,-76.75],[-30.25,-76.77]]}},{"type":"Feature","properties":{"level":980},"geometry":{"type":"LineString","coordinates":[[-28.75,-76.62],[-30.52,-75.75],[-31.07,-74.75],[-31.0,-74.25],[-30.0,-73.13],[-29.08,-71.25],[-28.95,-70.25],[-28.08,-68.5],[-27.14,-65.75],[-26.13,-64.25],[-24.91,-63.0],[-23.5,-62.02],[-20.92,-61.0],[-16.0,-59.87],[-3.75,-58.45],[-2.0,-57.8],[1.05,-56.0],[4.29,-54.75],[9.75,-53.46],[15.0,-52.97],[21.25,-53.71],[23.75,-53.76],[26.0,-55.07],[27.75,-55.58],[29.5,-55.7],[30.86,-56.75],[35.24,-59.0],[40.75,-60.93],[42.64,-62.25],[44.03,-64.25],[44.13,-66.0],[43.88,-66.75],[40.96,-68.75],[40.54,-69.75],[39.97,-70.0],[39.92,-70.25],[41.12,-70.5],[31.0,-72.23],[13.25,-73.37],[11.02,-74.0],[11.05,-74.5],[9.7,-75.5],[10.1,-75.75],[9.25,-76.17],[3.25,-76.0],[-3.5,-74.49],[-7.5,-74.25],[-10.75,-74.72],[-12.75,-75.74],[-15.0,-76.18],[-19.0,-76.2],[-26.0,-76.68],[-28.75,-76.62]]}},{"type":"Feature","properties":{"level":980},"geometry":{"type":"LineString","coordinates":[[-180.0,-75.32],[-154.25,-72.62],[-144.5,-72.3],[-140.85,-71.75],[-139.0,-71.13],[-137.52,-70.0],[-136.1,-68.25],[-135.13,-66.0],[-135.08,-64.75],[-135.34,-62.0],[-136.73,-57.75],[-137.66,-56.5],[-139.16,-55.25],[-139.32,-54.75],[-138.75,-54.18],[-135.5,-52.4],[-132.75,-51.43],[-129.25,-50.68],[-126.88,-52.0],[-124.5,-53.92],[-118.75,-55.45],[-115.0,-56.71],[-107.75,-59.66],[-104.5,-61.68],[-103.11,-62.0],[-102.75,-62.5],[-102.68,-63.25],[-103.27,-65.5],[-104.62,-67.0],[-106.25,-67.87],[-110.0,-69.19],[-111.19,-69.75],[-112.06,-70.5],[-114.84,-71.25],[-115.28,-71.5],[-115.02,-72.0],[-116.0,-72.58],[-119.75,-73.84],[-121.75,-74.31],[-123.5,-74.24],[-125.0,-74.82],[-128.0,-75.08],[-130.5,-75.91],[-132.25,-75.78],[-133.5,-76.05],[-137.0,-76.04],[-140.27,-76.5],[-137.77,-77.0],[-137.78,-77.5],[-136.25,-77.93],[-132.8,-80.5],[-131.5,-80.86],[-131.36,-81.0],[-131.97,-81.25],[-131.05,-81.5],[-131.12,-81.75],[-131.7,-82.0],[-131.48,-82.25],[-128.83,-82.75],[-128.56,-83.0],[-128.71,-83.5],[-128.0,-83.75],[-125.25,-83.62],[-120.41,-82.25],[-120.16,-82.0],[-120.44,-81.75],[-120.38,-81.5],[-120.0,-81.14],[-119.49,-80.75],[-117.82,-80.25],[-118.35,-79.0],[-117.49,-77.0],[-118.2,-76.5],[-116.32,-76.0],[-117.68,-75.75],[-117.81,-75.5],[-117.39,-74.75],[-114.75,-74.59],[-114.2,-74.0],[-113.75,-73.88],[-108.0,-74.04],[-105.38,-74.5],[-104.81,-74.75],[-104.32,-75.75],[-102.68,-77.25],[-102.71,-77.5],[-103.95,-78.0],[-104.02,-78.25],[-99.0,-78.82],[-97.87,-79.5],[-96.59,-79.75],[-97.38,-80.25],[-96.84,-80.5],[-96.96,-80.75],[-97.81,-81.25],[-101.98,-82.25],[-98.24,-83.0],[-104.0,-83.78],[-112.43,-84.25],[-115.18,-84.75],[-121.49,-85.0],[-127.25,-85.82],[-133.75,-85.72],[-134.37,-85.75],[-133.23,-86.0],[-147.5,-86.06],[-152.75,-85.73],[-156.75,-86.1],[-158.25,-85.73],[-164.0,-85.78],[-172.75,-85.1],[-175.0,-85.27],[-175.15,-85.25],[-174.86,-85.0],[-176.5,-84.72],[-178.75,-85.02],[-180.0,-84.9]]}},{"type":"Feature","properties":{"level":980},"geometry":{"type":"LineString","coordinates":[[167.0,-74.09],[166.64,-73.75],[166.75,-73.43],[167.0,-73.85],[167.5,-73.26],[168.01,-73.5],[167.0,-74.09]]}},{"type":"Feature","properties":{"level":980},"geometry":{"type":"LineString","coordinates":[[180.0,-71.05],[175.25,-71.63],[170.75,-71.47],[170.0,-71.67],[169.75,-71.96],[169.5,-71.83],[169.0,-72.36],[168.25,-71.95],[166.28,-71.75],[167.75,-72.58],[167.75,-72.86],[165.75,-72.51],[165.51,-72.75],[165.75,-73.0],[165.5,-73.22],[163.25,-72.87],[162.0,-73.0],[162.16,-73.25],[162.0,-73.33],[161.48,-73.0],[161.48,-72.75],[159.98,-72.0],[160.1,-71.75],[159.63,-71.5],[154.0,-71.26],[148.0,-70.66],[144.75,-70.08],[140.25,-68.68],[139.97,-68.5],[140.24,-67.75],[139.93,-67.5],[136.0,-66.75],[133.0,-66.97],[131.75,-67.55],[129.0,-68.13],[126.5,-68.12],[119.25,-68.85],[113.25,-68.73],[110.5,-68.27],[108.5,-68.21],[105.5,-67.58],[102.0,-68.02],[101.25,-67.63],[99.75,-67.83],[99.0,-67.46],[95.75,-68.05],[93.5,-67.88],[90.25,-68.32],[87.75,-67.97],[84.0,-68.26],[81.25,-68.2],[79.0,-68.96],[77.5,-69.79],[73.55,-70.25],[71.14,-72.0],[69.25,-71.51],[69.12,-71.0],[68.77,-70.75],[70.84,-68.75],[75.52,-66.0],[76.96,-64.75],[78.13,-63.0],[78.04,-62.5],[76.97,-61.75],[73.69,-60.75],[75.25,-59.89],[76.1,-59.75],[78.25,-58.37],[80.81,-57.75],[82.2,-56.75],[86.75,-55.69],[90.0,-55.59],[91.0,-56.45],[91.75,-56.71],[95.25,-56.62],[98.75,-55.88],[105.5,-53.67],[108.5,-53.01],[120.5,-52.55],[124.25,-53.24],[127.5,-54.27],[128.25,-54.15],[132.5,-56.32],[135.25,-58.25],[136.95,-60.0],[137.95,-62.5],[139.0,-63.35],[143.25,-63.1],[154.0,-60.01],[157.5,-59.32],[161.25,-58.94],[169.0,-59.04],[172.0,-58.45],[173.0,-58.03],[180.0,-61.64]]}},{"type":"Feature","properties":{"level":980},"geometry":{"type":"LineString","coordinates":[[36.59,-70.75],[37.75,-70.8],[38.68,-70.5],[38.0,-69.97],[38.05,-70.25],[37.25,-70.34],[36.59,-70.75]]}},{"type":"Feature","properties":{"level":980},"geometry":{"type":"LineString","coordinates":[[-180.0,-61.64],[-171.23,-65.5],[-170.67,-66.25],[-171.75,-67.65],[-173.26,-68.75],[-176.0,-69.89],[-180.0,-71.05]]}},{"type":"Feature","properties":{"level":980},"geometry":{"type":"LineString","coordinates":[[-118.5,19.96],[-118.88,20.25],[-118.5,20.64],[-118.1,20.25],[-118.5,19.96]]}},{"type":"Feature","properties":{"level":980},"geometry":{"type":"LineString","coordinates":[[145.5,31.99],[144.68,32.25],[144.08,32.75],[143.78,33.5],[143.9,34.25],[145.25,35.3],[146.75,35.28],[147.76,34.5],[147.87,33.25],[146.96,32.25],[145.5,31.99]]}},{"type":"Feature","properties":{"level":980},"geometry":{"type":"LineString","coordinates":[[44.5,66.22],[39.75,66.75],[36.5,68.36],[33.25,69.62],[28.0,72.86],[25.5,73.58],[22.22,75.0],[22.17,75.25],[26.5,75.19],[30.5,76.5],[32.95,77.75],[33.29,78.5],[34.25,78.79],[41.75,78.11],[48.43,76.0],[50.0,75.12],[50.57,74.5],[49.9,73.0],[49.7,71.25],[48.56,67.75],[47.5,66.55],[46.75,66.11],[44.5,66.22]]}},{"type":"Feature","properties":{"level":984},"geometry":{"type":"LineString","coordinates":[[180.0,-85.09],[170.75,-85.05],[169.79,-84.75],[170.04,-84.5],[169.5,-84.43],[165.0,-84.57],[164.66,-84.25],[166.59,-83.75],[164.75,-83.4],[162.25,-83.79],[160.25,-83.58],[160.42,-83.25],[159.51,-83.0],[159.47,-82.5],[159.0,-82.29],[156.25,-82.2],[154.69,-81.75],[156.25,-81.35],[158.05,-80.5],[156.81,-80.25],[159.08,-79.75],[158.5,-79.35],[157.5,-79.22],[160.25,-79.02],[160.75,-78.63],[161.8,-78.5],[159.89,-77.25],[161.17,-77.0],[160.45,-76.75],[160.29,-76.5],[160.64,-76.25],[159.75,-75.68],[160.75,-75.24],[162.0,-75.07],[162.75,-74.29],[163.5,-73.95],[163.75,-74.19],[164.0,-73.96],[163.25,-73.34],[162.25,-73.73],[159.75,-72.61],[156.0,-71.99],[146.25,-71.09],[143.25,-70.58],[138.75,-69.11],[138.55,-68.75],[138.89,-68.25],[137.75,-67.78],[135.0,-67.63],[134.03,-68.25],[132.5,-68.72],[132.07,-69.0],[132.0,-69.34],[131.15,-69.75],[127.25,-70.45],[122.08,-72.0],[117.75,-72.64],[112.0,-72.61],[109.5,-72.19],[108.79,-71.75],[108.81,-71.5],[113.25,-70.9],[115.75,-70.98],[118.14,-70.75],[120.49,-70.25],[121.94,-69.5],[121.75,-69.31],[112.75,-69.39],[110.5,-68.87],[108.75,-68.81],[105.5,-67.89],[102.25,-68.56],[100.5,-68.13],[99.25,-68.1],[98.82,-67.75],[98.25,-67.68],[96.25,-68.29],[89.75,-69.09],[88.25,-69.05],[87.75,-68.66],[86.75,-68.51],[85.5,-68.83],[82.0,-68.93],[80.75,-69.58],[79.5,-69.83],[78.75,-70.51],[75.5,-70.27],[74.81,-70.5],[74.75,-70.75],[73.49,-71.5],[73.97,-72.0],[73.25,-72.42],[71.75,-72.43],[71.0,-72.74],[70.25,-72.5],[68.0,-72.72],[67.25,-73.26],[66.79,-72.75],[66.74,-72.25],[67.25,-71.0],[66.25,-70.53],[66.17,-70.25],[67.36,-69.75],[67.49,-69.5],[66.97,-68.75],[65.97,-68.25],[68.73,-68.0],[66.0,-67.77],[65.86,-67.5],[70.75,-66.07],[72.6,-64.5],[72.37,-63.75],[70.51,-63.0],[70.71,-62.25],[69.0,-62.1],[68.12,-61.75],[68.01,-61.5],[71.5,-60.4],[80.73,-56.25],[85.25,-54.64],[87.5,-54.21],[92.25,-54.04],[93.5,-54.6],[95.25,-54.71],[99.06,-54.25],[104.75,-52.57],[106.0,-51.95],[107.75,-51.66],[112.25,-51.98],[119.5,-51.7],[123.75,-52.24],[126.5,-53.06],[127.25,-52.89],[130.25,-54.22],[134.0,-56.33],[137.05,-58.5],[139.5,-61.28],[141.0,-61.86],[144.25,-61.62],[154.75,-59.08],[158.25,-58.45],[168.5,-58.04],[171.75,-57.36],[173.0,-56.85],[180.0,-60.18]]}},{"type":"Feature","properties":{"level":984},"geometry":{"type":"LineString","coordinates":[[-123.59,-79.75],[-120.25,-79.69],[-119.95,-79.5],[-119.79,-78.5],[-120.25,-78.1],[-123.93,-77.25],[-125.0,-76.24],[-125.5,-76.1],[-126.0,-76.14],[-126.3,-76.5],[-128.05,-76.5],[-129.0,-77.34],[-130.35,-77.75],[-129.25,-78.05],[-127.25,-77.13],[-125.0,-76.95],[-124.84,-77.0],[-127.04,-77.5],[-127.01,-77.75],[-126.46,-78.0],[-126.75,-78.43],[-127.44,-78.75],[-123.59,-79.75]]}},{"type":"Feature","properties":{"level":984},"geometry":{"type":"LineString","coordinates":[[-32.75,-77.25],[-33.75,-76.92],[-34.18,-76.5],[-33.77,-73.25],[-32.45,-71.75],[-30.82,-67.75],[-29.38,-65.0],[-28.48,-64.0],[-24.92,-61.25],[-22.5,-60.32],[-18.0,-59.2],[-5.0,-56.92],[1.0,-54.23],[7.25,-52.87],[12.25,-52.23],[16.5,-52.14],[19.75,-52.37],[25.0,-53.35],[27.25,-54.32],[31.0,-55.37],[36.0,-57.74],[40.5,-59.13],[45.36,-61.5],[47.54,-63.5],[48.25,-63.76],[50.25,-63.89],[50.59,-64.25],[49.75,-64.56],[49.5,-65.26],[48.26,-66.5],[46.56,-67.25],[46.25,-67.68],[45.25,-67.89],[43.39,-68.75],[43.75,-69.43],[44.51,-70.0],[43.5,-70.42],[30.5,-72.88],[28.25,-73.03],[26.0,-72.85],[16.75,-73.83],[13.75,-73.78],[12.99,-74.5],[13.65,-75.0],[12.91,-75.5],[14.29,-76.25],[13.5,-76.59],[9.5,-76.78],[5.0,-76.59],[-3.5,-74.84],[-6.5,-74.87],[-7.5,-74.48],[-8.37,-75.25],[-9.32,-75.25],[-10.25,-75.79],[-14.0,-76.43],[-23.0,-76.62],[-29.25,-77.01],[-31.5,-77.37],[-32.75,-77.25]]}},{"type":"Feature","properties":{"level":984},"geometry":{"type":"LineString","coordinates":[[-122.38,-76.0],[-121.5,-76.22],[-120.15,-75.75],[-121.0,-75.47],[-122.95,-75.75],[-122.38,-76.0]]}},{"type":"Feature","properties":{"level":984},"geometry":{"type":"LineString","coordinates":[[68.78,-68.0],[69.26,-68.0],[68.78,-68.0]]}},{"type":"Feature","properties":{"level":984},"geometry":{"type":"LineString","coordinates":[[-180.0,-60.18],[-171.25,-63.27],[-166.75,-64.44],[-167.05,-65.5],[-167.95,-67.0],[-172.51,-71.0],[-172.59,-71.25],[-171.5,-71.84],[-168.75,-72.21],[-165.75,-72.08],[-147.0,-69.9],[-144.31,-69.0],[-142.9,-67.5],[-143.25,-67.21],[-147.0,-66.91],[-149.5,-66.24],[-149.84,-66.0],[-149.75,-65.55],[-148.5,-64.92],[-147.83,-64.25],[-148.47,-63.75],[-147.5,-63.23],[-145.0,-62.91],[-144.25,-62.27],[-144.11,-61.75],[-143.0,-60.27],[-141.5,-60.1],[-141.25,-59.08],[-140.38,-58.5],[-139.94,-57.75],[-139.89,-57.0],[-140.6,-55.25],[-140.25,-54.47],[-139.25,-53.47],[-137.14,-52.0],[-134.75,-50.86],[-132.25,-49.99],[-129.75,-49.69],[-128.5,-50.14],[-124.0,-52.56],[-118.5,-54.24],[-107.39,-58.25],[-101.44,-61.0],[-100.65,-62.75],[-100.58,-64.75],[-100.91,-66.75],[-102.05,-67.75],[-107.24,-70.75],[-107.72,-71.5],[-107.54,-71.75],[-105.64,-73.0],[-100.73,-74.5],[-100.01,-75.0],[-100.23,-75.25],[-100.19,-75.75],[-99.05,-77.0],[-97.5,-77.66],[-95.98,-77.75],[-92.0,-77.19],[-90.96,-78.0],[-91.88,-78.75],[-90.0,-78.63],[-89.0,-78.93],[-86.25,-78.56],[-86.38,-78.25],[-85.75,-78.15],[-84.91,-78.5],[-86.43,-79.0],[-84.78,-79.75],[-85.72,-80.0],[-85.8,-80.25],[-86.37,-80.5],[-87.53,-80.75],[-88.13,-81.25],[-95.0,-82.77],[-103.5,-83.88],[-108.98,-84.25],[-108.57,-84.75],[-116.21,-85.0],[-118.25,-85.52],[-123.52,-85.75],[-123.74,-86.25],[-124.75,-86.34],[-127.0,-86.29],[-128.5,-85.99],[-148.25,-86.28],[-150.5,-85.96],[-154.75,-86.34],[-158.75,-86.36],[-159.81,-86.25],[-158.92,-86.0],[-159.75,-85.93],[-164.0,-85.9],[-172.25,-85.37],[-175.25,-85.43],[-176.75,-85.05],[-178.25,-85.3],[-180.0,-85.09]]}},{"type":"Feature","properties":{"level":984},"geometry":{"type":"LineString","coordinates":[[-14.75,-45.76],[-15.37,-45.5],[-13.75,-45.48],[-12.75,-45.75],[-14.75,-45.76]]}},{"type":"Feature","properties":{"level":984},"geometry":{"type":"LineString","coordinates":[[-118.75,19.83],[-119.11,20.25],[-119.0,20.67],[-118.5,20.87],[-118.12,20.75],[-117.84,20.25],[-117.96,20.0],[-118.75,19.83]]}},{"type":"Feature","properties":{"level":984},"geometry":{"type":"LineString","coordinates":[[145.5,31.75],[144.5,32.01],[143.82,32.5],[143.42,33.25],[143.49,34.25],[144.0,34.91],[145.25,35.59],[146.75,35.56],[147.97,34.75],[148.25,33.44],[147.45,32.25],[146.5,31.82],[145.5,31.75]]}},{"type":"Feature","properties":{"level":984},"geometry":{"type":"LineString","coordinates":[[-64.5,49.96],[-65.75,50.62],[-66.04,51.5],[-65.75,52.01],[-64.75,52.25],[-63.75,52.14],[-62.87,51.5],[-63.0,50.21],[-64.5,49.96]]}},{"type":"Feature","properties":{"level":984},"geometry":{"type":"LineString","coordinates":[[152.5,57.0],[151.75,57.17],[151.6,57.5],[152.59,57.5],[152.9,57.25],[152.8,57.0],[152.5,57.0]]}},{"type":"Feature","properties":{"level":984},"geometry":{"type":"LineString","coordinates":[[45.75,63.74],[44.0,64.64],[38.0,65.47],[34.59,66.5],[32.25,67.85],[28.86,69.25],[27.22,70.5],[26.5,70.66],[23.75,72.2],[18.25,74.39],[16.91,75.5],[17.55,76.5],[18.5,77.01],[21.12,77.5],[24.0,77.68],[27.75,79.45],[30.5,80.11],[33.75,80.54],[39.25,80.88],[45.75,80.78],[47.78,80.5],[48.0,80.21],[51.5,79.58],[53.15,79.0],[53.83,78.25],[54.14,77.0],[54.94,76.0],[54.85,75.75],[55.55,75.0],[54.17,73.25],[53.48,72.75],[52.78,71.5],[52.74,70.75],[51.89,68.5],[50.62,66.75],[47.8,64.5],[45.75,63.74]]}},{"type":"Feature","properties":{"level":988},"geometry":{"type":"LineString","coordinates":[[-164.0,-87.01],[-164.16,-87.0],[-163.0,-86.73],[-159.92,-86.75],[-164.0,-87.01]]}},{"type":"Feature","properties":{"level":988},"geometry":{"type":"LineString","coordinates":[[-136.19,-86.25],[-135.0,-86.42],[-132.29,-86.25],[-136.19,-86.25]]}},{"type":"Feature","properties":{"level":988},"geometry":{"type":"LineString","coordinates":[[180.0,-85.29],[172.5,-85.32],[169.0,-85.01],[167.5,-85.31],[164.25,-85.4],[163.65,-85.25],[167.25,-85.02],[167.7,-84.75],[163.5,-84.78],[163.58,-84.25],[164.75,-83.87],[166.2,-83.75],[159.75,-83.77],[160.07,-83.25],[159.0,-82.92],[155.5,-82.57],[151.91,-81.75],[152.47,-81.0],[154.25,-81.23],[157.01,-80.75],[156.05,-80.5],[156.1,-80.25],[157.44,-79.75],[157.46,-79.5],[155.58,-79.0],[159.5,-78.8],[160.05,-78.5],[159.34,-78.25],[160.01,-77.75],[159.44,-77.25],[160.33,-77.0],[158.88,-76.5],[159.27,-76.25],[157.11,-75.75],[161.92,-74.75],[161.75,-74.5],[162.32,-74.0],[160.5,-73.1],[144.5,-71.55],[139.25,-70.48],[134.25,-70.29],[121.0,-72.95],[116.25,-73.47],[112.0,-73.57],[108.75,-72.98],[106.75,-71.9],[106.32,-71.25],[106.6,-71.0],[106.6,-70.5],[107.88,-70.25],[107.43,-69.5],[106.01,-68.5],[104.25,-68.5],[102.75,-68.93],[101.0,-69.02],[100.0,-68.45],[98.25,-68.44],[97.75,-68.13],[89.5,-70.07],[87.0,-70.09],[86.75,-69.74],[85.75,-69.42],[84.25,-69.42],[82.51,-70.0],[82.75,-70.54],[81.0,-70.66],[79.5,-71.21],[78.0,-71.35],[75.0,-73.2],[70.5,-73.69],[70.0,-73.62],[69.75,-73.06],[69.5,-73.02],[68.75,-73.11],[67.75,-73.7],[67.0,-73.72],[65.75,-73.12],[65.78,-71.75],[66.0,-71.25],[64.75,-69.67],[64.8,-68.75],[61.75,-67.92],[59.75,-67.84],[57.75,-67.17],[56.0,-67.13],[56.0,-66.38],[54.5,-65.59],[52.75,-66.23],[52.0,-66.23],[52.38,-66.5],[53.63,-66.5],[53.57,-66.75],[51.29,-67.75],[51.19,-68.25],[51.4,-68.5],[51.15,-68.75],[49.0,-69.36],[47.25,-69.42],[43.0,-71.06],[37.5,-71.88],[34.75,-72.66],[30.5,-73.39],[26.0,-73.31],[20.75,-73.9],[16.75,-74.61],[15.48,-74.5],[15.63,-75.0],[16.25,-75.42],[17.54,-75.75],[17.94,-76.75],[17.75,-77.04],[15.09,-77.5],[15.0,-77.77],[11.0,-77.74],[6.75,-77.32],[-1.33,-76.0],[-2.11,-75.5],[-3.75,-75.2],[-6.5,-75.46],[-7.35,-76.0],[-12.5,-76.86],[-23.75,-76.81],[-32.5,-77.66],[-35.5,-78.42],[-36.63,-78.25],[-37.41,-77.75],[-37.45,-76.25],[-36.92,-73.75],[-36.47,-72.75],[-34.47,-70.0],[-31.77,-65.0],[-28.96,-62.25],[-26.75,-60.6],[-22.17,-59.0],[-12.59,-56.5],[-6.75,-55.32],[-4.0,-54.1],[-0.75,-53.21],[10.0,-51.6],[18.25,-51.0],[18.5,-50.58],[20.0,-50.85],[31.0,-54.26],[37.5,-56.57],[41.75,-57.55],[44.75,-58.67],[45.5,-58.71],[48.0,-60.11],[48.58,-60.75],[49.5,-60.65],[50.25,-61.13],[51.79,-61.0],[51.88,-61.5],[52.75,-62.13],[54.5,-62.0],[55.25,-62.26],[55.5,-62.59],[56.75,-62.24],[57.5,-62.57],[58.0,-62.2],[59.5,-62.5],[61.5,-61.73],[63.25,-61.79],[65.5,-60.66],[66.95,-60.5],[67.25,-60.09],[68.25,-60.09],[71.25,-59.22],[78.13,-56.25],[85.75,-53.54],[90.0,-52.89],[93.5,-52.92],[95.5,-53.26],[97.25,-53.14],[102.5,-51.96],[104.75,-51.04],[107.25,-50.74],[113.25,-51.01],[119.25,-50.77],[122.75,-51.08],[125.5,-51.86],[126.25,-51.62],[132.25,-54.39],[137.0,-57.21],[140.5,-59.88],[142.25,-60.55],[146.0,-60.26],[154.75,-58.3],[159.75,-57.49],[168.0,-57.02],[172.0,-56.04],[172.75,-55.56],[180.0,-58.95]]}},{"type":"Feature","properties":{"level":988},"geometry":{"type":"LineString","coordinates":[[-123.27,-79.0],[-122.01,-78.75],[-124.25,-77.83],[-125.49,-78.25],[-123.27,-79.0]]}},{"type":"Feature","properties":{"level":988},"geometry":{"type":"LineString","coordinates":[[-126.52,-77.5],[-125.02,-77.5],[-126.52,-77.5]]}},{"type":"Feature","properties":{"level":988},"geometry":{"type":"LineString","coordinates":[[-98.0,-68.82],[-98.21,-68.75],[-97.75,-68.69],[-98.0,-68.82]]}},{"type":"Feature","properties":{"level":988},"geometry":{"type":"LineString","coordinates":[[135.22,-68.75],[136.0,-68.88],[137.2,-68.5],[136.5,-68.37],[135.22,-68.75]]}},{"type":"Feature","properties":{"level":988},"geometry":{"type":"LineString","coordinates":[[59.35,-64.5],[60.25,-64.53],[60.71,-64.25],[59.5,-63.87],[58.56,-64.25],[59.35,-64.5]]}},{"type":"Feature","properties":{"level":988},"geometry":{"type":"LineString","coordinates":[[61.14,-63.25],[61.79,-63.25],[61.5,-63.02],[61.14,-63.25]]}},{"type":"Feature","properties":{"level":988},"geometry":{"type":"LineString","coordinates":[[53.98,-62.5],[54.28,-62.5],[53.98,-62.5]]}},{"type":"Feature","properties":{"level":988},"geometry":{"type":"LineString","coordinates":[[50.96,-61.25],[51.26,-61.25],[50.96,-61.25]]}},{"type":"Feature","properties":{"level":988},"geometry":{"type":"LineString","coordinates":[[-180.0,-58.95],[-170.25,-61.6],[-162.25,-62.66],[-162.07,-62.75],[-162.58,-64.25],[-162.62,-65.5],[-163.78,-67.25],[-163.39,-68.0],[-162.25,-68.94],[-161.25,-69.16],[-158.0,-69.01],[-155.75,-68.63],[-153.2,-67.75],[-153.4,-65.75],[-153.08,-65.0],[-150.71,-63.0],[-146.75,-60.72],[-143.92,-56.75],[-142.5,-55.85],[-141.08,-53.75],[-139.25,-52.04],[-136.5,-50.33],[-133.75,-49.07],[-130.75,-48.47],[-100.25,-59.57],[-99.07,-61.0],[-98.42,-62.25],[-97.42,-64.75],[-97.33,-65.5],[-95.53,-67.5],[-98.78,-68.75],[-100.03,-70.25],[-100.04,-71.25],[-99.72,-71.75],[-100.9,-72.0],[-95.85,-72.75],[-98.12,-73.25],[-96.75,-73.51],[-93.75,-73.34],[-92.75,-73.56],[-90.5,-73.52],[-88.0,-72.92],[-84.75,-72.5],[-84.68,-73.0],[-86.75,-74.0],[-86.22,-74.5],[-86.57,-75.5],[-85.25,-76.4],[-82.28,-77.25],[-85.0,-77.31],[-85.5,-77.54],[-85.61,-77.75],[-84.68,-78.5],[-85.77,-79.0],[-84.25,-79.74],[-84.52,-80.0],[-84.44,-80.25],[-84.7,-80.5],[-86.53,-80.75],[-87.5,-81.32],[-93.25,-82.68],[-105.14,-84.25],[-105.19,-84.5],[-102.54,-84.75],[-113.5,-85.24],[-113.58,-85.5],[-111.81,-85.75],[-119.96,-86.5],[-124.75,-86.69],[-137.5,-86.62],[-145.25,-87.08],[-151.25,-86.36],[-159.5,-86.44],[-160.75,-86.05],[-169.25,-85.65],[-177.0,-85.82],[-177.63,-85.75],[-177.57,-85.5],[-180.0,-85.29]]}},{"type":"Feature","properties":{"level":988},"geometry":{"type":"LineString","coordinates":[[-14.0,-46.76],[-17.0,-45.96],[-19.13,-44.5],[-17.25,-43.97],[-13.5,-43.79],[-12.0,-44.12],[-10.18,-45.25],[-11.0,-46.11],[-11.75,-46.47],[-14.0,-46.76]]}},{"type":"Feature","properties":{"level":988},"geometry":{"type":"LineString","coordinates":[[-119.0,19.75],[-119.31,20.25],[-119.0,20.93],[-118.5,21.06],[-117.84,20.75],[-117.75,19.94],[-118.25,19.63],[-119.0,19.75]]}},{"type":"Feature","properties":{"level":988},"geometry":{"type":"LineString","coordinates":[[145.0,31.45],[143.75,31.98],[143.11,32.75],[142.92,33.75],[143.25,34.65],[144.0,35.43],[145.25,35.93],[146.75,35.92],[147.84,35.5],[148.61,34.0],[148.34,32.75],[147.0,31.67],[145.0,31.45]]}},{"type":"Feature","properties":{"level":988},"geometry":{"type":"LineString","coordinates":[[-65.25,49.24],[-67.07,50.25],[-67.27,51.5],[-66.25,52.66],[-64.75,53.53],[-59.25,55.0],[-57.75,55.17],[-56.25,54.88],[-55.15,54.25],[-55.47,53.75],[-55.25,53.5],[-54.75,53.67],[-54.25,53.54],[-54.75,53.44],[-55.25,52.99],[-55.5,53.34],[-55.75,53.09],[-57.75,53.1],[-58.75,52.7],[-60.25,52.5],[-60.49,52.25],[-60.41,51.75],[-61.23,51.0],[-61.8,50.0],[-64.0,49.09],[-65.25,49.24]]}},{"type":"Feature","properties":{"level":988},"geometry":{"type":"LineString","coordinates":[[152.5,55.45],[151.0,55.92],[149.96,56.75],[149.63,57.5],[150.25,58.67],[151.0,59.02],[152.25,58.78],[154.25,58.15],[155.5,57.25],[155.61,56.75],[155.25,56.33],[153.25,55.44],[152.5,55.45]]}},{"type":"Feature","properties":{"level":988},"geometry":{"type":"LineString","coordinates":[[44.75,62.45],[42.53,63.5],[35.49,64.5],[30.28,66.25],[25.25,69.3],[12.61,74.25],[10.0,75.94],[8.75,77.22],[8.6,77.75],[9.63,78.75],[10.5,79.09],[11.92,79.0],[12.0,78.69],[13.5,78.51],[15.0,78.79],[19.25,78.99],[20.5,79.8],[26.5,81.0],[34.25,81.8],[43.0,82.27],[51.0,82.43],[58.25,82.14],[64.0,81.13],[64.38,81.0],[64.04,80.75],[66.53,80.5],[67.39,80.25],[68.0,79.78],[67.13,79.0],[64.01,77.75],[63.08,76.25],[60.0,75.61],[57.92,74.75],[58.07,74.0],[57.77,73.25],[54.25,68.08],[52.75,66.59],[48.5,63.22],[45.75,62.37],[44.75,62.45]]}},{"type":"Feature","properties":{"level":988},"geometry":{"type":"LineString","coordinates":[[10.75,79.12],[10.67,79.25],[10.75,79.12]]}},{"type":"Feature","properties":{"level":992},"geometry":{"type":"LineString","coordinates":[[-155.64,-87.0],[-151.0,-87.18],[-149.45,-87.0],[-151.25,-86.64],[-157.39,-86.75],[-155.64,-87.0]]}},{"type":"Feature","properties":{"level":992},"geometry":{"type":"LineString","coordinates":[[-172.25,-86.51],[-168.5,-86.25],[-168.32,-86.5],[-172.25,-86.51]]}},{"type":"Feature","properties":{"level":992},"geometry":{"type":"LineString","coordinates":[[180.0,-86.39],[172.5,-86.25],[175.67,-86.0],[172.12,-85.75],[174.92,-85.5],[169.25,-85.15],[167.5,-85.51],[164.25,-85.74],[159.25,-85.4],[158.41,-85.25],[163.86,-85.0],[162.5,-84.82],[161.5,-84.36],[159.86,-84.25],[161.21,-84.0],[159.29,-83.75],[159.66,-83.25],[157.0,-83.3],[156.56,-83.0],[151.25,-82.15],[150.1,-81.75],[150.0,-81.25],[152.5,-80.58],[155.25,-80.4],[156.25,-79.65],[156.82,-79.5],[155.25,-79.15],[155.05,-79.0],[155.25,-78.84],[158.5,-78.44],[159.42,-77.5],[159.0,-77.02],[158.17,-76.75],[157.76,-76.25],[155.1,-75.5],[159.75,-74.65],[161.25,-74.62],[161.98,-74.0],[160.75,-73.31],[152.0,-72.92],[142.25,-71.74],[135.75,-71.24],[132.25,-71.52],[116.75,-74.1],[111.75,-74.26],[105.95,-73.0],[105.03,-72.25],[104.91,-71.25],[105.08,-70.75],[103.8,-70.0],[103.75,-69.72],[98.75,-69.2],[97.25,-68.6],[86.98,-72.0],[84.25,-72.38],[79.75,-72.44],[76.84,-73.0],[76.04,-73.75],[75.25,-74.04],[69.5,-74.53],[66.5,-74.24],[64.53,-73.5],[64.96,-71.25],[64.0,-69.94],[62.5,-68.72],[57.75,-67.95],[57.0,-68.01],[56.5,-67.73],[54.25,-67.99],[51.42,-69.25],[47.75,-69.8],[43.89,-71.25],[37.5,-72.42],[32.0,-73.73],[26.5,-73.78],[22.75,-74.33],[20.16,-75.5],[20.31,-75.75],[21.31,-76.0],[21.27,-76.25],[21.98,-77.0],[21.37,-77.75],[17.75,-79.0],[10.75,-78.86],[0.25,-76.93],[-3.75,-75.89],[-4.2,-76.0],[-3.67,-76.5],[-3.7,-76.75],[-4.75,-76.88],[-9.25,-76.68],[-12.5,-77.34],[-17.0,-77.12],[-19.5,-77.52],[-21.0,-77.1],[-23.75,-76.99],[-31.11,-77.75],[-32.51,-78.0],[-33.25,-78.57],[-36.0,-78.7],[-39.25,-78.11],[-40.48,-77.25],[-40.9,-76.0],[-40.56,-74.5],[-39.09,-72.0],[-35.98,-68.0],[-33.76,-64.25],[-31.24,-61.75],[-29.65,-60.5],[-27.78,-59.5],[-16.25,-55.74],[-9.25,-54.04],[-6.75,-52.89],[-4.75,-52.37],[1.0,-51.53],[16.0,-50.2],[18.5,-49.77],[21.75,-50.27],[34.92,-54.25],[37.25,-54.67],[40.25,-54.94],[42.0,-54.55],[42.45,-54.25],[42.66,-53.5],[42.09,-53.0],[43.5,-52.59],[44.0,-53.04],[49.25,-55.21],[50.5,-55.98],[51.64,-56.25],[52.63,-57.0],[53.25,-58.41],[54.5,-58.93],[55.75,-59.1],[56.75,-59.64],[57.5,-59.46],[58.25,-59.96],[58.75,-59.87],[59.75,-60.21],[63.25,-59.88],[66.0,-59.04],[69.5,-58.51],[77.15,-55.5],[78.49,-55.25],[84.0,-53.13],[87.33,-52.25],[92.0,-51.76],[95.75,-51.98],[97.25,-51.85],[105.0,-50.01],[107.5,-49.72],[111.75,-49.92],[118.5,-49.58],[121.5,-49.84],[124.0,-50.35],[124.23,-50.0],[124.5,-50.0],[132.5,-53.64],[141.5,-58.86],[143.5,-59.33],[147.5,-58.98],[159.0,-56.71],[167.25,-55.91],[171.75,-54.6],[172.0,-54.23],[175.0,-55.2],[178.0,-56.9],[180.0,-57.61]]}},{"type":"Feature","properties":{"level":992},"geometry":{"type":"LineString","coordinates":[[-180.0,-85.84],[-179.77,-85.75],[-180.0,-85.72]]}},{"type":"Feature","properties":{"level":992},"geometry":{"type":"LineString","coordinates":[[-96.25,-85.51],[-95.75,-85.29],[-94.86,-85.5],[-96.25,-85.51]]}},{"type":"Feature","properties":{"level":992},"geometry":{"type":"LineString","coordinates":[[180.0,-85.72],[177.91,-85.75],[180.0,-85.84]]}},{"type":"Feature","properties":{"level":992},"geometry":{"type":"LineString","coordinates":[[162.38,-84.0],[163.7,-84.0],[162.38,-84.0]]}},{"type":"Feature","properties":{"level":992},"geometry":{"type":"LineString","coordinates":[[-77.75,-75.02],[-77.96,-74.75],[-75.99,-75.0],[-77.75,-75.02]]}},{"type":"Feature","properties":{"level":992},"geometry":{"type":"LineString","coordinates":[[-89.5,-62.01],[-90.77,-61.5],[-91.09,-60.75],[-90.75,-60.31],[-90.25,-60.01],[-89.0,-59.82],[-87.54,-60.25],[-87.08,-61.0],[-87.36,-61.5],[-88.43,-62.0],[-89.5,-62.01]]}},{"type":"Feature","properties":{"level":992},"geometry":{"type":"LineString","coordinates":[[-180.0,-57.61],[-171.25,-59.84],[-168.0,-60.25],[-158.5,-60.81],[-157.81,-61.0],[-157.25,-61.85],[-156.5,-62.28],[-155.0,-62.07],[-153.0,-61.3],[-149.77,-59.5],[-147.19,-57.5],[-140.75,-51.62],[-138.0,-49.65],[-133.75,-47.51],[-131.5,-47.37],[-121.68,-50.25],[-114.0,-52.88],[-108.0,-55.38],[-102.0,-57.46],[-100.5,-57.75],[-98.61,-59.0],[-95.49,-61.75],[-92.81,-65.25],[-90.11,-67.25],[-90.0,-67.52],[-90.83,-68.75],[-90.77,-69.25],[-90.25,-69.64],[-88.75,-70.02],[-87.0,-70.11],[-81.75,-69.07],[-79.5,-69.07],[-78.0,-69.36],[-77.8,-69.5],[-78.01,-69.75],[-79.5,-70.75],[-79.61,-71.75],[-80.1,-72.5],[-81.26,-73.5],[-82.74,-74.0],[-80.64,-74.75],[-80.14,-75.5],[-79.39,-76.0],[-79.36,-76.25],[-79.78,-76.5],[-75.01,-77.0],[-73.14,-77.75],[-73.25,-78.17],[-73.5,-78.19],[-77.5,-77.68],[-84.78,-77.5],[-85.32,-77.75],[-84.55,-78.5],[-85.23,-79.0],[-85.14,-79.25],[-84.0,-79.41],[-83.75,-79.77],[-82.83,-80.0],[-83.0,-80.56],[-85.75,-80.87],[-90.5,-82.59],[-97.9,-83.75],[-97.83,-84.25],[-98.13,-84.5],[-99.89,-85.0],[-107.61,-85.25],[-106.77,-85.5],[-113.0,-86.42],[-137.0,-87.49],[-142.25,-87.91],[-166.5,-87.12],[-167.37,-87.0],[-165.64,-86.75],[-165.93,-86.5],[-165.5,-86.43],[-161.75,-86.47],[-160.7,-86.25],[-165.25,-86.17],[-169.0,-85.74],[-180.0,-86.39]]}},{"type":"Feature","properties":{"level":992},"geometry":{"type":"LineString","coordinates":[[-15.75,-47.51],[-18.0,-46.65],[-22.25,-44.21],[-22.96,-43.5],[-22.85,-43.0],[-21.55,-42.25],[-20.25,-41.95],[-16.5,-42.4],[-13.75,-42.35],[-10.11,-43.75],[-9.12,-45.25],[-9.39,-46.25],[-11.5,-47.23],[-14.0,-47.72],[-15.75,-47.51]]}},{"type":"Feature","properties":{"level":992},"geometry":{"type":"LineString","coordinates":[[-119.0,19.5],[-119.45,20.0],[-119.45,20.75],[-118.75,21.23],[-118.0,21.12],[-117.48,20.5],[-117.5,19.93],[-118.0,19.47],[-119.0,19.5]]}},{"type":"Feature","properties":{"level":992},"geometry":{"type":"LineString","coordinates":[[167.5,26.16],[167.44,26.5],[167.75,26.73],[168.27,26.5],[168.0,26.07],[167.5,26.16]]}},{"type":"Feature","properties":{"level":992},"geometry":{"type":"LineString","coordinates":[[145.25,30.96],[143.88,31.25],[142.87,32.0],[142.36,33.0],[142.44,34.25],[143.14,35.25],[144.75,36.35],[145.5,36.62],[147.0,36.4],[148.0,35.92],[148.84,35.0],[149.07,34.0],[148.93,33.0],[148.45,32.25],[147.5,31.47],[145.25,30.96]]}},{"type":"Feature","properties":{"level":992},"geometry":{"type":"LineString","coordinates":[[-65.25,48.48],[-67.75,49.67],[-68.21,51.5],[-67.9,51.75],[-67.54,52.75],[-66.76,53.5],[-63.5,54.92],[-59.25,55.82],[-57.0,55.88],[-54.25,55.41],[-50.5,54.07],[-47.75,53.96],[-46.94,53.5],[-46.96,53.25],[-47.94,52.5],[-49.5,52.11],[-50.25,51.65],[-53.75,51.83],[-55.5,51.0],[-57.25,50.8],[-61.25,48.87],[-63.5,48.35],[-65.25,48.48]]}},{"type":"Feature","properties":{"level":992},"geometry":{"type":"LineString","coordinates":[[151.25,54.5],[148.25,55.25],[146.51,56.25],[146.11,58.0],[146.96,59.25],[149.5,59.93],[152.0,59.83],[153.25,59.44],[153.75,59.73],[156.3,58.5],[157.45,57.25],[157.02,56.0],[154.75,54.72],[153.25,54.38],[151.25,54.5]]}},{"type":"Feature","properties":{"level":992},"geometry":{"type":"LineString","coordinates":[[43.75,61.25],[41.0,62.33],[33.25,63.64],[28.0,64.95],[24.5,65.21],[19.75,66.21],[18.94,66.75],[20.41,68.25],[20.08,68.5],[19.87,69.75],[16.41,70.5],[9.0,73.71],[5.88,76.0],[5.24,77.0],[5.2,77.75],[5.74,78.5],[7.22,79.25],[12.0,79.94],[16.5,81.02],[25.0,82.21],[34.75,83.06],[46.0,83.68],[63.25,84.09],[77.0,83.83],[84.0,83.52],[85.23,83.25],[84.14,82.75],[80.41,82.25],[80.07,82.0],[80.46,81.75],[80.23,81.25],[80.93,80.5],[80.85,80.25],[79.83,79.75],[74.73,78.0],[69.25,76.62],[67.68,76.5],[66.25,75.99],[61.75,72.89],[57.56,68.75],[52.85,64.75],[49.91,62.75],[48.75,62.07],[47.25,61.57],[44.5,61.12],[43.75,61.25]]}},{"type":"Feature","properties":{"level":996},"geometry":{"type":"LineString","coordinates":[[144.0,-86.76],[143.82,-86.75],[146.31,-86.75],[144.0,-86.76]]}},{"type":"Feature","properties":{"level":996},"geometry":{"type":"LineString","coordinates":[[180.0,-86.88],[162.25,-86.46],[151.86,-85.75],[149.97,-85.25],[150.85,-84.75],[154.25,-84.49],[156.25,-84.5],[157.5,-84.85],[160.0,-85.04],[161.25,-84.94],[161.25,-84.72],[159.25,-84.33],[159.63,-84.0],[158.75,-83.62],[155.0,-83.73],[153.25,-83.5],[152.99,-83.0],[150.25,-82.49],[148.56,-81.75],[148.69,-81.25],[150.25,-80.48],[152.5,-80.12],[155.07,-80.25],[155.4,-80.0],[154.59,-79.5],[154.23,-78.75],[154.5,-78.62],[157.49,-78.5],[158.06,-78.25],[158.08,-77.5],[158.57,-77.25],[156.0,-76.81],[153.58,-75.5],[154.5,-74.82],[155.01,-74.75],[155.07,-74.5],[158.22,-74.5],[158.71,-74.0],[158.65,-73.75],[158.0,-73.56],[151.25,-73.35],[136.25,-72.01],[133.25,-72.07],[117.75,-74.57],[110.5,-74.84],[108.07,-74.5],[104.25,-73.34],[100.48,-71.5],[102.75,-71.06],[103.25,-70.68],[97.25,-69.21],[96.0,-69.43],[90.86,-71.75],[88.2,-72.5],[84.5,-73.02],[79.0,-73.27],[74.5,-74.9],[71.25,-75.01],[67.0,-74.82],[65.0,-74.36],[63.22,-73.5],[63.1,-73.25],[63.46,-72.0],[63.96,-71.25],[63.69,-70.5],[63.25,-70.07],[60.25,-68.87],[57.25,-68.45],[55.5,-68.55],[54.75,-68.29],[51.75,-69.5],[48.0,-70.29],[44.75,-71.41],[37.75,-72.91],[34.75,-73.79],[31.75,-74.21],[25.62,-74.5],[23.76,-75.5],[23.85,-76.0],[24.55,-76.5],[24.77,-77.0],[24.21,-78.0],[23.5,-78.38],[23.18,-79.0],[22.5,-79.3],[18.75,-79.67],[11.75,-79.6],[7.25,-78.75],[-4.25,-77.86],[-10.0,-77.13],[-12.01,-77.75],[-10.75,-78.01],[-8.5,-77.74],[-8.0,-78.0],[-7.25,-77.85],[-5.9,-78.5],[-6.25,-78.78],[-8.25,-78.91],[-8.38,-79.0],[-7.61,-79.25],[-8.25,-79.45],[-13.25,-79.49],[-13.77,-80.0],[-14.25,-80.1],[-16.25,-80.01],[-19.0,-80.47],[-21.0,-80.18],[-26.25,-80.33],[-28.25,-80.77],[-31.25,-80.8],[-37.5,-81.52],[-40.06,-81.0],[-42.0,-79.64],[-47.62,-79.5],[-49.0,-78.0],[-48.69,-77.25],[-46.2,-75.75],[-44.07,-74.0],[-42.69,-72.0],[-38.45,-67.0],[-36.45,-63.75],[-30.91,-59.5],[-27.75,-57.96],[-14.17,-53.25],[-9.0,-50.82],[-6.89,-50.25],[-4.05,-50.0],[-3.75,-49.73],[-1.5,-50.02],[3.75,-49.99],[18.0,-48.92],[20.0,-48.98],[22.5,-49.4],[32.75,-52.13],[36.5,-52.56],[38.75,-52.07],[39.03,-51.75],[38.96,-51.5],[39.33,-51.25],[39.42,-50.0],[40.0,-49.83],[40.75,-50.26],[42.5,-50.6],[49.5,-53.92],[57.09,-57.0],[63.5,-58.13],[64.5,-57.77],[69.0,-57.29],[82.75,-52.68],[88.0,-51.21],[92.0,-50.73],[95.5,-50.8],[105.5,-48.54],[111.75,-48.64],[117.5,-47.97],[121.75,-48.58],[121.9,-48.5],[121.52,-48.0],[121.75,-47.96],[130.0,-51.48],[141.0,-57.27],[143.25,-58.06],[147.75,-57.97],[157.25,-56.01],[166.19,-54.75],[168.25,-54.17],[171.25,-52.78],[172.0,-52.79],[175.0,-53.86],[178.25,-55.67],[180.0,-56.36]]}},{"type":"Feature","properties":{"level":996},"geometry":{"type":"LineString","coordinates":[[-174.91,-86.25],[-172.15,-86.25],[-174.91,-86.25]]}},{"type":"Feature","properties":{"level":996},"geometry":{"type":"LineString","coordinates":[[-163.28,-86.25],[-161.33,-86.25],[-163.28,-86.25]]}},{"type":"Feature","properties":{"level":996},"geometry":{"type":"LineString","coordinates":[[170.01,-85.5],[171.29,-85.5],[170.01,-85.5]]}},{"type":"Feature","properties":{"level":996},"geometry":{"type":"LineString","coordinates":[[-72.0,-85.0],[-68.5,-84.71],[-66.75,-84.79],[-66.45,-85.0],[-72.0,-85.0]]}},{"type":"Feature","properties":{"level":996},"geometry":{"type":"LineString","coordinates":[[138.5,-85.03],[138.3,-85.0],[139.63,-84.5],[142.75,-84.75],[140.25,-85.1],[138.5,-85.03]]}},{"type":"Feature","properties":{"level":996},"geometry":{"type":"LineString","coordinates":[[-57.5,-84.01],[-56.75,-83.52],[-56.72,-83.25],[-55.3,-83.0],[-52.0,-82.68],[-51.0,-82.75],[-50.94,-83.0],[-51.68,-83.25],[-55.0,-83.41],[-56.25,-83.65],[-56.65,-84.0],[-57.5,-84.01]]}},{"type":"Feature","properties":{"level":996},"geometry":{"type":"LineString","coordinates":[[-71.25,-83.77],[-73.96,-83.5],[-71.0,-83.4],[-68.46,-83.75],[-69.5,-83.94],[-71.25,-83.77]]}},{"type":"Feature","properties":{"level":996},"geometry":{"type":"LineString","coordinates":[[-31.88,-80.5],[-31.31,-80.5],[-31.88,-80.5]]}},{"type":"Feature","properties":{"level":996},"geometry":{"type":"LineString","coordinates":[[-27.62,-80.0],[-23.5,-80.2],[-23.06,-80.0],[-20.25,-79.91],[-16.5,-79.25],[-14.5,-79.18],[-12.5,-78.5],[-13.11,-78.0],[-16.75,-77.65],[-19.75,-78.59],[-24.0,-78.87],[-27.62,-80.0]]}},{"type":"Feature","properties":{"level":996},"geometry":{"type":"LineString","coordinates":[[-84.27,-78.5],[-84.03,-78.5],[-84.5,-78.09],[-84.65,-78.25],[-84.27,-78.5]]}},{"type":"Feature","properties":{"level":996},"geometry":{"type":"LineString","coordinates":[[-27.72,-78.5],[-26.75,-78.67],[-22.5,-78.34],[-22.08,-78.25],[-21.75,-77.7],[-20.8,-77.5],[-22.25,-77.27],[-23.61,-77.5],[-23.75,-77.75],[-28.25,-77.86],[-29.56,-78.25],[-27.72,-78.5]]}},{"type":"Feature","properties":{"level":996},"geometry":{"type":"LineString","coordinates":[[160.07,-74.25],[161.0,-74.32],[161.74,-74.0],[161.0,-73.51],[159.7,-73.5],[159.57,-73.75],[160.07,-74.25]]}},{"type":"Feature","properties":{"level":996},"geometry":{"type":"LineString","coordinates":[[-180.0,-56.36],[-172.42,-58.25],[-168.75,-58.82],[-159.0,-59.01],[-154.67,-58.75],[-152.25,-58.02],[-148.75,-56.18],[-141.57,-50.25],[-138.75,-48.37],[-135.36,-46.5],[-134.0,-46.12],[-127.5,-47.08],[-119.0,-48.92],[-117.5,-49.48],[-114.75,-50.75],[-113.5,-51.07],[-108.5,-53.57],[-100.56,-56.5],[-95.5,-59.15],[-93.75,-59.84],[-92.75,-59.84],[-89.77,-58.75],[-87.28,-58.25],[-84.75,-58.62],[-83.85,-59.75],[-83.52,-60.5],[-83.57,-61.0],[-84.77,-62.5],[-87.2,-63.5],[-87.83,-64.0],[-88.02,-64.5],[-87.5,-65.76],[-85.5,-67.09],[-83.5,-67.41],[-80.25,-67.39],[-77.5,-67.72],[-75.5,-68.25],[-74.83,-68.75],[-74.77,-69.5],[-75.24,-69.75],[-74.95,-70.25],[-75.86,-70.75],[-74.9,-71.0],[-75.88,-71.5],[-75.78,-72.0],[-76.91,-73.0],[-79.0,-73.51],[-79.46,-74.0],[-79.25,-74.21],[-71.69,-75.0],[-70.25,-75.37],[-70.11,-75.5],[-71.42,-75.75],[-70.5,-75.88],[-67.75,-75.83],[-65.25,-75.43],[-64.29,-75.75],[-65.75,-76.24],[-65.79,-76.5],[-63.62,-78.25],[-63.84,-78.75],[-64.47,-79.25],[-67.5,-80.06],[-73.25,-80.56],[-77.25,-80.25],[-78.92,-81.25],[-78.81,-81.75],[-79.03,-82.0],[-77.63,-82.5],[-77.0,-82.98],[-75.36,-83.25],[-75.75,-83.34],[-79.75,-83.28],[-82.25,-83.57],[-90.61,-83.75],[-91.17,-84.0],[-90.47,-84.25],[-90.42,-84.5],[-92.4,-85.0],[-91.73,-85.25],[-92.75,-85.62],[-95.75,-85.74],[-102.5,-85.45],[-109.75,-86.65],[-125.16,-87.75],[-123.93,-88.0],[-123.69,-88.25],[-134.25,-88.51],[-142.25,-88.42],[-171.25,-87.34],[-172.21,-87.25],[-170.53,-87.0],[-172.5,-86.87],[-180.0,-86.88]]}},{"type":"Feature","properties":{"level":996},"geometry":{"type":"LineString","coordinates":[[-14.25,-49.53],[-17.5,-48.63],[-19.75,-47.33],[-23.18,-44.5],[-23.94,-43.5],[-24.08,-42.75],[-23.39,-42.0],[-22.25,-41.41],[-19.0,-40.94],[-13.75,-41.19],[-9.75,-42.88],[-8.5,-44.0],[-7.41,-46.0],[-7.57,-46.75],[-8.79,-47.75],[-8.5,-48.5],[-7.92,-49.0],[-11.75,-49.68],[-14.25,-49.53]]}},{"type":"Feature","properties":{"level":996},"geometry":{"type":"LineString","coordinates":[[-5.5,-49.53],[-5.73,-49.5],[-5.5,-49.53]]}},{"type":"Feature","properties":{"level":996},"geometry":{"type":"LineString","coordinates":[[-119.0,19.24],[-119.64,19.75],[-119.62,21.0],[-119.0,21.45],[-118.0,21.41],[-117.32,20.75],[-117.33,19.75],[-118.25,19.13],[-119.0,19.24]]}},{"type":"Feature","properties":{"level":996},"geometry":{"type":"LineString","coordinates":[[167.5,25.87],[167.17,26.25],[167.37,26.75],[167.75,26.91],[168.36,26.75],[168.51,26.25],[168.32,26.0],[167.5,25.87]]}},{"type":"Feature","properties":{"level":996},"geometry":{"type":"LineString","coordinates":[[144.0,30.49],[142.28,31.25],[141.75,32.11],[141.51,33.5],[142.12,35.0],[144.25,36.75],[145.75,37.24],[146.75,37.23],[148.72,36.25],[149.28,35.5],[149.58,34.25],[149.42,33.0],[148.93,32.0],[148.0,31.17],[146.75,30.6],[145.0,30.34],[144.0,30.49]]}},{"type":"Feature","properties":{"level":996},"geometry":{"type":"LineString","coordinates":[[-65.25,47.75],[-66.0,47.9],[-67.5,48.89],[-68.61,49.25],[-69.2,50.75],[-69.07,52.25],[-68.74,53.0],[-67.0,54.49],[-63.75,55.94],[-58.75,56.58],[-54.75,56.35],[-45.25,54.1],[-45.0,53.75],[-44.98,53.25],[-45.47,52.5],[-48.75,50.42],[-52.25,50.06],[-53.25,49.18],[-54.5,48.77],[-57.5,48.89],[-62.75,47.6],[-65.25,47.75]]}},{"type":"Feature","properties":{"level":996},"geometry":{"type":"LineString","coordinates":[[153.5,52.45],[151.75,52.69],[145.25,54.51],[144.85,55.25],[144.4,57.75],[142.99,59.25],[143.28,59.5],[143.28,60.0],[144.0,60.49],[146.25,60.92],[149.75,61.08],[156.0,60.13],[158.22,59.0],[159.25,57.56],[159.04,56.75],[157.15,55.5],[156.26,54.0],[155.0,53.0],[153.5,52.45]]}},{"type":"Feature","properties":{"level":996},"geometry":{"type":"LineString","coordinates":[[-96.25,58.22],[-97.02,59.0],[-97.05,60.25],[-96.0,60.63],[-95.25,60.45],[-94.78,59.75],[-94.9,58.5],[-95.25,58.27],[-96.25,58.22]]}},{"type":"Feature","properties":{"level":996},"geometry":{"type":"LineString","coordinates":[[41.5,60.14],[39.25,61.3],[25.0,64.07],[21.0,64.25],[19.25,64.81],[15.92,65.25],[15.45,65.5],[15.64,65.75],[15.42,66.0],[14.78,66.25],[15.75,66.74],[16.1,67.25],[16.0,67.87],[15.16,68.0],[15.63,68.5],[14.25,68.79],[10.75,70.32],[4.0,74.17],[1.95,76.25],[1.59,77.25],[1.87,78.25],[2.5,78.92],[3.5,79.49],[8.25,80.93],[12.73,82.0],[18.75,82.95],[34.75,84.36],[54.75,85.16],[77.75,85.19],[101.5,84.31],[110.75,83.57],[116.91,82.75],[120.71,81.75],[121.77,81.25],[122.21,80.75],[122.04,80.0],[120.5,79.12],[118.0,78.42],[114.75,77.95],[113.25,78.0],[111.0,78.72],[108.0,79.17],[103.75,79.51],[100.5,79.47],[96.67,80.0],[94.25,80.07],[92.0,79.75],[88.65,78.75],[82.75,77.97],[76.5,76.73],[70.25,74.91],[66.46,73.0],[62.21,69.75],[61.02,69.25],[58.75,67.62],[54.0,63.92],[49.02,61.0],[47.86,60.5],[45.25,60.15],[41.5,60.14]]}},{"type":"Feature","properties":{"level":996},"geometry":{"type":"LineString","coordinates":[[16.08,68.0],[16.41,68.0],[16.08,68.0]]}},{"type":"Feature","properties":{"level":1000},"geometry":{"type":"LineString","coordinates":[[180.0,-87.83],[170.65,-87.25],[158.75,-86.94],[145.25,-85.78],[144.0,-85.79],[143.56,-86.0],[143.59,-86.25],[152.04,-86.75],[143.75,-87.12],[141.37,-87.0],[139.75,-86.61],[134.5,-86.68],[133.27,-86.25],[134.45,-85.5],[134.05,-85.25],[134.17,-85.0],[137.5,-84.44],[141.25,-84.11],[148.5,-84.25],[150.16,-84.0],[147.79,-83.75],[148.13,-83.5],[149.69,-83.25],[149.9,-83.0],[146.69,-82.0],[146.6,-81.75],[148.09,-80.75],[148.47,-80.25],[153.22,-79.5],[152.78,-79.0],[153.5,-78.36],[155.5,-78.0],[157.25,-78.28],[157.75,-78.0],[157.78,-77.75],[157.5,-77.59],[154.98,-77.0],[151.5,-75.61],[149.28,-75.25],[149.65,-75.0],[149.55,-74.5],[154.61,-74.0],[154.25,-73.88],[150.5,-73.82],[134.25,-72.66],[124.75,-73.76],[118.5,-75.03],[111.5,-75.35],[106.32,-74.75],[103.81,-74.0],[101.25,-72.81],[96.0,-71.56],[95.0,-71.86],[93.75,-71.79],[87.5,-73.1],[82.75,-73.49],[79.0,-74.08],[75.25,-75.33],[69.25,-75.37],[65.0,-75.03],[64.0,-74.75],[61.65,-73.25],[62.11,-72.0],[62.96,-71.25],[63.08,-70.5],[62.84,-70.25],[60.0,-69.27],[56.0,-68.77],[54.5,-68.83],[53.25,-69.47],[48.75,-70.59],[47.05,-71.25],[38.51,-73.25],[36.0,-74.06],[27.77,-75.5],[26.79,-76.25],[27.19,-77.25],[26.57,-78.25],[27.44,-78.75],[27.27,-79.25],[26.52,-79.75],[24.87,-80.0],[17.25,-80.2],[6.0,-80.03],[2.5,-80.26],[-1.25,-79.62],[-7.45,-80.25],[-16.25,-80.63],[-18.0,-81.36],[-21.0,-81.63],[-22.09,-81.5],[-19.32,-81.0],[-19.63,-80.75],[-20.75,-80.59],[-26.25,-80.61],[-28.08,-81.0],[-27.99,-81.25],[-27.24,-81.5],[-29.5,-81.83],[-36.5,-82.22],[-42.61,-83.5],[-48.5,-83.09],[-53.24,-83.75],[-51.5,-84.15],[-51.22,-84.5],[-55.5,-85.29],[-65.79,-86.25],[-75.86,-86.75],[-86.68,-88.0],[-93.68,-88.5],[-89.04,-88.75],[-120.13,-89.0],[-180.0,-87.83]]}},{"type":"Feature","properties":{"level":1000},"geometry":{"type":"LineString","coordinates":[[156.79,-84.0],[158.96,-84.0],[158.25,-83.81],[156.79,-84.0]]}},{"type":"Feature","properties":{"level":1000},"geometry":{"type":"LineString","coordinates":[[156.08,-74.25],[157.22,-74.25],[157.36,-73.75],[156.25,-73.9],[155.99,-74.0],[156.08,-74.25]]}},{"type":"Feature","properties":{"level":1000},"geometry":{"type":"LineString","coordinates":[[160.17,-74.0],[161.5,-74.0],[161.25,-73.66],[160.5,-73.57],[160.02,-73.75],[160.17,-74.0]]}},{"type":"Feature","properties":{"level":1000},"geometry":{"type":"LineString","coordinates":[[94.18,-71.25],[95.25,-71.4],[96.25,-70.92],[97.48,-70.75],[96.25,-70.14],[95.5,-70.04],[94.77,-70.5],[95.0,-70.81],[94.18,-71.25]]}},{"type":"Feature","properties":{"level":1000},"geometry":{"type":"LineString","coordinates":[[-180.0,-55.1],[-171.25,-57.14],[-167.0,-57.59],[-156.5,-57.03],[-153.75,-56.26],[-150.78,-55.0],[-140.0,-47.26],[-136.75,-45.36],[-135.25,-44.97],[-130.75,-45.24],[-127.25,-45.12],[-125.25,-44.46],[-124.98,-44.0],[-125.09,-43.5],[-125.71,-43.25],[-125.38,-42.75],[-125.81,-42.5],[-125.69,-42.0],[-126.31,-40.25],[-125.97,-39.5],[-125.5,-39.13],[-124.28,-39.75],[-123.7,-40.5],[-121.98,-41.75],[-121.5,-42.77],[-116.75,-46.65],[-110.75,-50.42],[-104.71,-53.5],[-96.5,-56.99],[-93.75,-57.89],[-91.25,-57.98],[-85.5,-57.24],[-84.0,-57.47],[-83.0,-57.89],[-81.27,-59.5],[-80.51,-60.75],[-80.79,-62.5],[-81.33,-64.0],[-80.87,-64.75],[-73.5,-67.25],[-72.74,-68.0],[-72.67,-69.0],[-69.97,-70.0],[-70.29,-70.5],[-69.68,-71.0],[-70.13,-71.25],[-69.35,-71.75],[-69.5,-72.01],[-73.5,-73.08],[-73.97,-73.5],[-73.96,-74.25],[-73.0,-74.51],[-67.5,-74.92],[-66.75,-74.84],[-65.5,-74.29],[-64.25,-74.16],[-63.5,-73.68],[-63.22,-72.75],[-62.64,-72.5],[-62.75,-72.08],[-63.41,-71.75],[-62.82,-71.25],[-63.28,-70.5],[-63.75,-70.25],[-63.54,-69.75],[-63.82,-69.25],[-64.71,-68.75],[-64.75,-68.37],[-60.5,-68.36],[-56.5,-69.12],[-55.84,-69.5],[-55.54,-70.0],[-55.54,-71.0],[-55.78,-71.5],[-55.39,-72.0],[-53.5,-72.67],[-51.0,-72.56],[-48.25,-71.68],[-44.4,-69.0],[-40.91,-64.75],[-34.81,-60.0],[-31.0,-57.86],[-25.84,-55.5],[-22.25,-54.16],[-19.04,-52.5],[-18.52,-51.5],[-18.72,-51.0],[-22.27,-47.5],[-24.54,-44.5],[-25.22,-43.25],[-24.99,-41.5],[-24.5,-40.86],[-23.69,-40.5],[-20.5,-39.98],[-15.0,-39.8],[-11.32,-41.0],[-8.8,-42.5],[-7.03,-44.0],[-5.32,-45.75],[-4.75,-47.09],[-2.5,-48.13],[6.0,-48.63],[9.25,-48.57],[13.25,-48.1],[19.93,-48.0],[24.0,-48.63],[31.75,-50.42],[34.75,-50.79],[37.0,-50.14],[38.08,-48.75],[38.18,-48.25],[38.75,-47.95],[39.5,-48.0],[50.12,-53.0],[53.96,-54.5],[58.75,-55.78],[63.0,-56.38],[66.25,-56.36],[73.0,-55.01],[84.25,-51.21],[88.5,-50.19],[95.75,-49.52],[104.5,-47.26],[108.5,-46.98],[110.0,-47.1],[114.25,-46.1],[118.0,-46.4],[118.37,-46.25],[118.25,-45.69],[121.75,-46.84],[128.0,-49.52],[139.0,-55.2],[142.25,-56.57],[143.75,-56.96],[148.25,-56.89],[158.5,-54.61],[162.0,-54.15],[166.0,-52.73],[167.25,-52.54],[170.0,-51.42],[173.85,-52.0],[176.83,-53.75],[180.0,-55.1]]}},{"type":"Feature","properties":{"level":1000},"geometry":{"type":"LineString","coordinates":[[-68.0,-33.25],[-68.93,-31.5],[-69.04,-30.75],[-68.86,-30.5],[-69.0,-30.29],[-69.27,-30.5],[-69.25,-30.23],[-68.63,-29.75],[-68.25,-28.5],[-68.16,-29.0],[-67.75,-29.39],[-67.5,-29.11],[-67.18,-29.25],[-67.24,-29.75],[-67.76,-30.25],[-67.77,-30.75],[-67.5,-31.18],[-67.0,-31.02],[-66.72,-31.5],[-66.75,-31.77],[-67.18,-32.0],[-67.66,-33.25],[-68.0,-33.25]]}},{"type":"Feature","properties":{"level":1000},"geometry":{"type":"LineString","coordinates":[[-66.25,-30.0],[-66.8,-29.75],[-66.55,-29.0],[-67.0,-28.54],[-67.5,-28.9],[-67.84,-27.75],[-67.75,-27.18],[-67.25,-27.62],[-67.0,-27.13],[-66.25,-26.77],[-66.18,-27.0],[-66.7,-27.5],[-66.17,-27.75],[-66.4,-28.75],[-65.75,-28.74],[-65.65,-29.25],[-66.25,-30.0]]}},{"type":"Feature","properties":{"level":1000},"geometry":{"type":"LineString","coordinates":[[-118.75,18.73],[-119.85,19.25],[-120.18,20.0],[-120.18,20.75],[-119.43,21.75],[-118.25,21.95],[-117.1,21.25],[-116.82,20.0],[-117.5,19.0],[-118.75,18.73]]}},{"type":"Feature","properties":{"level":1000},"geometry":{"type":"LineString","coordinates":[[167.5,25.63],[166.92,26.25],[167.08,26.75],[167.75,27.1],[168.65,26.75],[168.72,26.25],[168.5,25.89],[168.0,25.6],[167.5,25.63]]}},{"type":"Feature","properties":{"level":1000},"geometry":{"type":"LineString","coordinates":[[143.0,29.48],[141.55,30.5],[140.8,31.5],[140.5,32.75],[140.81,34.5],[141.75,35.77],[144.5,37.55],[147.0,38.47],[148.0,38.12],[149.25,37.14],[150.12,35.75],[150.21,33.25],[149.57,31.75],[148.25,30.41],[146.75,29.66],[145.5,29.37],[143.0,29.48]]}},{"type":"Feature","properties":{"level":1000},"geometry":{"type":"LineString","coordinates":[[-65.0,46.73],[-66.5,47.04],[-68.32,48.5],[-69.34,48.75],[-70.16,50.5],[-70.5,52.0],[-70.14,53.0],[-68.5,54.64],[-64.0,56.6],[-59.5,57.33],[-55.41,57.5],[-44.75,54.64],[-44.14,54.25],[-43.17,53.0],[-43.63,51.75],[-44.65,50.75],[-48.75,48.53],[-50.0,48.16],[-52.5,47.78],[-52.75,47.52],[-56.0,47.61],[-58.25,47.38],[-60.0,47.05],[-60.5,46.72],[-61.0,46.9],[-63.25,46.63],[-65.0,46.73]]}},{"type":"Feature","properties":{"level":1000},"geometry":{"type":"LineString","coordinates":[[150.75,49.98],[148.5,51.57],[143.12,53.25],[142.8,54.0],[143.09,54.75],[142.84,56.75],[142.0,58.13],[141.14,58.5],[141.44,59.0],[141.14,60.0],[140.25,60.41],[140.25,60.78],[141.75,60.92],[142.5,61.52],[144.77,61.5],[146.5,61.76],[148.0,62.32],[150.5,61.93],[154.0,62.23],[155.0,61.91],[155.75,61.19],[158.0,61.21],[161.25,60.23],[161.26,59.5],[160.44,57.75],[159.12,56.0],[157.75,55.25],[157.03,53.75],[157.04,53.25],[157.5,52.75],[157.45,52.25],[157.93,51.75],[157.86,51.5],[157.0,51.58],[156.26,51.25],[156.71,50.75],[156.5,50.39],[156.0,50.43],[155.5,50.85],[154.5,50.6],[153.5,49.99],[150.75,49.98]]}},{"type":"Feature","properties":{"level":1000},"geometry":{"type":"LineString","coordinates":[[-92.5,52.24],[-92.75,52.43],[-93.5,52.3],[-94.0,52.71],[-95.5,52.79],[-96.25,53.25],[-97.0,55.11],[-97.82,55.25],[-98.37,56.0],[-100.58,57.75],[-101.69,60.25],[-102.42,61.0],[-104.75,62.4],[-107.5,63.25],[-108.68,64.0],[-107.5,64.46],[-105.0,64.55],[-101.25,65.2],[-98.25,64.62],[-96.25,63.88],[-93.75,62.32],[-92.25,60.97],[-91.19,58.75],[-91.29,57.5],[-91.01,57.0],[-91.07,56.25],[-91.65,55.75],[-91.34,53.75],[-91.95,53.0],[-92.12,52.25],[-92.5,52.24]]}},{"type":"Feature","properties":{"level":1000},"geometry":{"type":"LineString","coordinates":[[158.5,52.39],[158.5,53.31],[159.12,52.75],[158.5,52.39]]}},{"type":"Feature","properties":{"level":1000},"geometry":{"type":"LineString","coordinates":[[-91.85,56.25],[-91.75,56.12],[-91.75,56.42],[-91.85,56.25]]}},{"type":"Feature","properties":{"level":1000},"geometry":{"type":"LineString","coordinates":[[-149.5,58.12],[-149.56,58.75],[-149.0,59.52],[-147.0,60.03],[-145.57,59.75],[-145.61,59.25],[-146.5,58.66],[-148.0,58.21],[-149.5,58.12]]}},{"type":"Feature","properties":{"level":1000},"geometry":{"type":"LineString","coordinates":[[42.25,58.97],[39.57,59.25],[37.22,60.5],[24.0,63.08],[19.33,63.5],[15.5,64.22],[9.49,64.25],[9.55,65.0],[8.22,66.5],[8.16,66.75],[8.51,67.0],[8.15,67.25],[8.18,67.5],[-0.54,74.5],[-1.99,77.0],[-2.0,78.44],[-1.28,79.25],[0.0,80.14],[3.25,81.61],[8.0,82.89],[13.5,83.87],[20.0,84.7],[28.5,85.39],[50.25,86.29],[67.25,86.47],[83.5,86.3],[97.75,85.91],[110.25,85.25],[119.0,84.45],[124.5,83.6],[128.17,82.5],[129.43,81.75],[129.94,81.0],[129.64,80.0],[127.03,77.5],[123.37,76.0],[119.5,75.19],[116.75,75.05],[114.5,75.43],[113.94,75.25],[112.0,75.97],[109.0,76.55],[100.0,77.58],[88.17,77.0],[82.5,76.21],[78.25,75.36],[73.0,73.77],[69.75,72.3],[67.5,71.04],[65.05,69.25],[61.6,67.5],[59.56,65.75],[57.67,65.0],[55.23,63.0],[50.52,60.5],[47.25,59.36],[44.75,59.0],[42.25,58.97]]}},{"type":"Feature","properties":{"level":1000},"geometry":{"type":"LineString","coordinates":[[153.75,62.45],[153.6,62.5],[154.27,62.5],[154.0,62.29],[153.75,62.45]]}},{"type":"Feature","properties":{"level":1004},"geometry":{"type":"LineString","coordinates":[[180.0,-88.12],[171.75,-87.92],[169.34,-88.0],[169.35,-88.25],[167.5,-88.38],[159.25,-88.28],[150.5,-87.5],[131.25,-87.06],[128.49,-86.75],[128.59,-86.5],[130.5,-85.75],[130.81,-85.25],[131.68,-85.0],[145.7,-83.0],[145.83,-82.75],[144.04,-82.0],[144.52,-81.25],[148.0,-79.92],[150.47,-79.5],[151.29,-79.0],[151.25,-78.75],[151.77,-78.25],[154.32,-77.5],[149.5,-76.0],[145.5,-76.35],[144.51,-75.75],[144.46,-75.5],[146.03,-74.5],[145.5,-74.21],[139.25,-73.82],[137.25,-73.35],[134.75,-73.19],[126.0,-73.97],[118.75,-75.49],[110.5,-75.69],[106.0,-75.25],[103.62,-74.5],[100.25,-73.04],[96.5,-72.62],[92.75,-72.72],[88.0,-73.46],[84.22,-73.75],[78.75,-74.8],[76.0,-75.63],[71.0,-75.86],[66.25,-75.76],[63.25,-75.16],[61.21,-74.0],[60.65,-73.25],[60.66,-72.75],[60.33,-72.25],[61.67,-71.25],[62.18,-70.5],[61.91,-70.25],[59.5,-69.76],[58.24,-69.25],[55.75,-69.17],[39.62,-73.5],[37.25,-74.42],[29.07,-76.5],[28.8,-76.75],[28.89,-77.0],[29.34,-77.5],[29.55,-78.25],[30.08,-78.5],[30.36,-79.0],[30.12,-79.5],[28.5,-79.97],[22.0,-80.42],[6.5,-80.77],[0.75,-81.14],[-8.0,-80.64],[-11.5,-80.71],[-12.3,-81.0],[-11.83,-81.25],[-16.0,-81.98],[-31.5,-82.65],[-37.86,-83.25],[-41.54,-84.5],[-45.75,-84.88],[-51.5,-86.01],[-60.43,-86.75],[-64.3,-87.5],[-64.91,-87.75],[-65.0,-88.0],[-61.49,-88.75],[-80.75,-89.1],[-121.75,-89.16],[-180.0,-88.12]]}},{"type":"Feature","properties":{"level":1004},"geometry":{"type":"LineString","coordinates":[[-67.93,-74.0],[-66.6,-74.0],[-66.8,-73.75],[-66.5,-73.72],[-65.0,-73.77],[-64.31,-73.0],[-66.0,-72.97],[-67.25,-73.3],[-67.75,-73.66],[-68.83,-73.75],[-67.93,-74.0]]}},{"type":"Feature","properties":{"level":1004},"geometry":{"type":"LineString","coordinates":[[160.91,-74.0],[161.29,-74.0],[161.28,-73.75],[160.22,-73.75],[160.91,-74.0]]}},{"type":"Feature","properties":{"level":1004},"geometry":{"type":"LineString","coordinates":[[-65.19,-72.5],[-63.81,-72.5],[-64.0,-72.2],[-64.5,-72.12],[-65.1,-72.25],[-65.19,-72.5]]}},{"type":"Feature","properties":{"level":1004},"geometry":{"type":"LineString","coordinates":[[-67.63,-71.25],[-66.58,-71.25],[-67.25,-70.75],[-67.74,-71.0],[-67.63,-71.25]]}},{"type":"Feature","properties":{"level":1004},"geometry":{"type":"LineString","coordinates":[[-180.0,-53.81],[-178.25,-54.38],[-171.25,-55.79],[-167.25,-56.32],[-163.0,-56.09],[-158.0,-55.07],[-152.5,-53.41],[-149.75,-52.13],[-140.5,-45.53],[-138.75,-44.56],[-137.0,-43.91],[-132.5,-43.68],[-129.82,-43.0],[-128.25,-41.43],[-128.18,-40.25],[-127.25,-38.92],[-126.0,-37.89],[-124.5,-37.58],[-123.51,-38.0],[-121.5,-39.5],[-120.5,-40.69],[-117.15,-43.75],[-115.3,-45.0],[-114.29,-46.5],[-108.75,-50.0],[-104.25,-52.27],[-97.0,-55.34],[-93.5,-56.41],[-91.25,-56.66],[-84.25,-56.51],[-82.75,-56.87],[-80.87,-57.75],[-78.0,-60.1],[-75.5,-63.25],[-71.5,-65.9],[-70.68,-67.25],[-69.9,-67.75],[-69.87,-68.0],[-71.28,-68.75],[-70.45,-69.25],[-70.5,-69.53],[-69.5,-69.84],[-69.25,-69.69],[-69.44,-70.25],[-68.75,-70.7],[-67.75,-70.69],[-66.75,-70.23],[-65.25,-70.3],[-64.5,-70.01],[-64.74,-69.25],[-65.99,-68.5],[-65.98,-68.0],[-65.45,-67.25],[-62.75,-65.86],[-62.0,-65.22],[-58.0,-63.83],[-57.5,-64.03],[-57.0,-63.7],[-56.14,-63.75],[-53.69,-65.0],[-50.5,-65.96],[-48.75,-65.88],[-47.0,-65.38],[-44.0,-63.6],[-40.38,-61.0],[-26.45,-53.75],[-24.04,-52.0],[-23.56,-51.25],[-24.47,-48.5],[-26.76,-43.25],[-26.58,-41.5],[-26.03,-40.5],[-23.5,-39.42],[-17.25,-38.47],[-15.25,-38.63],[-11.5,-39.86],[-8.75,-41.44],[-2.39,-46.0],[-1.0,-46.53],[2.0,-47.03],[7.25,-47.23],[19.0,-46.91],[23.25,-47.31],[31.0,-48.82],[33.5,-48.96],[34.75,-48.83],[34.95,-48.75],[34.87,-48.5],[35.5,-48.46],[36.66,-47.25],[37.5,-45.89],[38.75,-45.85],[39.75,-46.57],[39.25,-45.44],[41.75,-47.29],[45.72,-49.75],[52.25,-52.73],[58.75,-54.62],[63.5,-55.19],[66.75,-55.17],[72.25,-54.2],[87.75,-49.4],[90.25,-48.83],[94.99,-48.25],[100.76,-46.75],[102.75,-45.95],[106.9,-45.5],[112.25,-44.04],[114.25,-44.03],[115.0,-43.09],[120.5,-44.98],[129.08,-49.0],[139.25,-54.2],[143.75,-55.76],[148.0,-55.84],[159.06,-53.25],[162.0,-52.16],[163.21,-51.25],[163.23,-50.5],[163.68,-50.25],[165.5,-49.74],[167.75,-49.5],[168.75,-49.52],[175.5,-51.85],[180.0,-53.81]]}},{"type":"Feature","properties":{"level":1004},"geometry":{"type":"LineString","coordinates":[[-76.75,-36.79],[-77.06,-36.5],[-77.0,-36.24],[-76.5,-36.05],[-76.18,-36.25],[-76.21,-36.75],[-76.75,-36.79]]}},{"type":"Feature","properties":{"level":1004},"geometry":{"type":"LineString","coordinates":[[-68.0,-34.63],[-68.75,-33.91],[-69.0,-34.24],[-69.25,-33.68],[-69.17,-33.0],[-69.45,-32.5],[-69.18,-31.75],[-69.25,-31.52],[-69.5,-31.86],[-69.63,-31.5],[-69.47,-30.25],[-69.25,-29.79],[-68.9,-29.75],[-68.85,-29.25],[-68.54,-29.0],[-68.58,-28.5],[-67.97,-28.25],[-67.77,-27.0],[-67.25,-27.13],[-67.11,-26.75],[-66.7,-26.75],[-66.75,-26.45],[-66.5,-26.59],[-66.17,-26.25],[-66.5,-26.0],[-66.45,-25.25],[-66.0,-24.59],[-65.75,-25.62],[-65.3,-24.5],[-65.19,-23.75],[-66.3,-23.75],[-66.09,-22.75],[-66.35,-22.0],[-65.75,-21.3],[-65.5,-21.37],[-65.46,-21.0],[-65.75,-20.88],[-65.75,-20.11],[-65.43,-20.0],[-65.34,-20.5],[-65.0,-20.8],[-64.75,-20.51],[-64.61,-21.25],[-64.25,-21.61],[-63.75,-21.88],[-63.64,-21.5],[-64.62,-20.5],[-64.57,-20.0],[-64.86,-19.75],[-64.67,-19.0],[-65.21,-19.0],[-64.99,-19.25],[-65.25,-19.54],[-65.48,-19.25],[-65.39,-18.75],[-65.87,-18.5],[-66.37,-17.75],[-66.25,-17.41],[-65.75,-17.86],[-64.65,-18.0],[-64.14,-18.5],[-64.38,-20.25],[-63.5,-21.06],[-63.25,-20.8],[-62.25,-20.92],[-60.5,-21.95],[-60.38,-22.25],[-60.5,-22.45],[-60.75,-22.31],[-60.86,-23.0],[-61.26,-23.25],[-61.55,-25.0],[-60.45,-26.25],[-60.53,-26.75],[-61.5,-27.34],[-63.25,-29.73],[-63.5,-29.22],[-64.0,-29.45],[-65.19,-31.0],[-65.21,-31.5],[-64.96,-31.75],[-65.25,-32.39],[-66.0,-32.48],[-66.29,-32.75],[-65.25,-33.17],[-65.16,-34.0],[-65.75,-34.04],[-66.0,-33.78],[-66.75,-34.64],[-68.0,-34.63]]}},{"type":"Feature","properties":{"level":1004},"geometry":{"type":"LineString","coordinates":[[-65.91,-28.0],[-65.68,-28.0],[-65.8,-27.25],[-65.5,-26.42],[-66.18,-27.25],[-65.91,-28.0]]}},{"type":"Feature","properties":{"level":1004},"geometry":{"type":"LineString","coordinates":[[-65.11,-23.5],[-65.0,-23.68],[-64.6,-23.5],[-65.0,-21.4],[-65.75,-23.0],[-65.11,-23.5]]}},{"type":"Feature","properties":{"level":1004},"geometry":{"type":"LineString","coordinates":[[-65.5,-16.3],[-66.5,-15.38],[-67.75,-14.92],[-67.99,-14.25],[-68.5,-13.73],[-71.23,-12.75],[-71.5,-11.71],[-70.5,-12.26],[-69.66,-11.75],[-70.82,-10.5],[-71.5,-10.34],[-71.86,-10.0],[-71.75,-9.64],[-71.25,-9.61],[-71.34,-9.0],[-71.1,-8.75],[-70.75,-8.74],[-70.0,-9.4],[-68.75,-9.05],[-68.85,-9.75],[-68.25,-9.86],[-67.85,-10.5],[-67.63,-10.25],[-67.91,-10.0],[-67.5,-9.71],[-67.49,-10.0],[-67.0,-10.06],[-67.0,-10.51],[-66.25,-10.42],[-65.77,-10.75],[-65.75,-11.01],[-65.5,-10.87],[-65.25,-11.13],[-65.0,-11.05],[-64.5,-12.12],[-64.0,-11.85],[-63.7,-12.0],[-64.0,-12.25],[-63.75,-12.27],[-63.0,-11.88],[-62.46,-12.25],[-62.5,-12.76],[-62.42,-12.5],[-62.18,-12.5],[-62.0,-13.48],[-61.75,-12.67],[-61.44,-12.75],[-61.7,-13.0],[-61.5,-13.42],[-61.25,-13.21],[-60.68,-13.5],[-62.5,-13.59],[-62.74,-14.0],[-62.67,-14.5],[-63.25,-14.14],[-63.5,-14.85],[-63.57,-14.5],[-64.25,-14.12],[-64.66,-14.5],[-64.19,-15.0],[-64.89,-15.75],[-64.67,-16.25],[-65.0,-16.43],[-65.5,-16.3]]}},{"type":"Feature","properties":{"level":1004},"geometry":{"type":"LineString","coordinates":[[-57.75,-15.68],[-58.0,-15.0],[-57.75,-14.7],[-57.36,-15.0],[-57.75,-15.68]]}},{"type":"Feature","properties":{"level":1004},"geometry":{"type":"LineString","coordinates":[[-63.5,-15.36],[-63.75,-14.89],[-63.21,-15.25],[-63.5,-15.36]]}},{"type":"Feature","properties":{"level":1004},"geometry":{"type":"LineString","coordinates":[[-60.5,-13.78],[-60.35,-13.75],[-60.5,-13.78]]}},{"type":"Feature","properties":{"level":1004},"geometry":{"type":"LineString","coordinates":[[-63.28,-13.5],[-63.1,-13.5],[-63.28,-13.5]]}},{"type":"Feature","properties":{"level":1004},"geometry":{"type":"LineString","coordinates":[[-63.52,-13.0],[-63.5,-12.64],[-63.52,-13.0]]}},{"type":"Feature","properties":{"level":1004},"geometry":{"type":"LineString","coordinates":[[-67.69,-12.0],[-67.5,-12.18],[-67.39,-12.0],[-67.69,-12.0]]}},{"type":"Feature","properties":{"level":1004},"geometry":{"type":"LineString","coordinates":[[-64.25,-11.54],[-64.25,-11.37],[-64.25,-11.54]]}},{"type":"Feature","properties":{"level":1004},"geometry":{"type":"LineString","coordinates":[[-74.0,-10.12],[-74.0,-9.69],[-74.0,-10.12]]}},{"type":"Feature","properties":{"level":1004},"geometry":{"type":"LineString","coordinates":[[-75.25,-7.79],[-75.64,-7.25],[-75.25,-7.24],[-75.25,-7.79]]}},{"type":"Feature","properties":{"level":1004},"geometry":{"type":"LineString","coordinates":[[-63.0,-7.84],[-63.11,-7.5],[-62.5,-7.29],[-62.2,-7.75],[-62.75,-7.61],[-63.0,-7.84]]}},{"type":"Feature","properties":{"level":1004},"geometry":{"type":"LineString","coordinates":[[-60.5,-6.86],[-62.21,-6.0],[-62.5,-5.11],[-62.88,-5.25],[-62.76,-5.75],[-63.5,-6.05],[-64.52,-5.0],[-64.29,-4.25],[-64.46,-4.0],[-64.75,-3.85],[-65.0,-4.15],[-65.41,-4.0],[-64.5,-3.55],[-64.25,-3.15],[-63.87,-3.75],[-64.19,-4.0],[-63.25,-4.26],[-63.26,-3.25],[-62.75,-3.23],[-62.66,-3.0],[-63.0,-2.52],[-63.54,-2.5],[-63.67,-2.25],[-63.28,-1.75],[-63.5,-1.55],[-64.0,-2.23],[-64.25,-1.82],[-64.73,-2.0],[-64.67,-2.25],[-65.26,-2.25],[-65.53,-1.0],[-65.27,-0.75],[-65.65,-0.25],[-65.0,0.46],[-64.25,-0.4],[-64.05,0.0],[-64.79,1.0],[-64.0,1.07],[-63.15,0.5],[-62.59,-0.5],[-62.79,-1.0],[-62.5,-1.01],[-62.25,-1.5],[-61.0,-1.51],[-60.5,-2.19],[-60.0,-2.44],[-59.0,-2.07],[-58.79,-2.25],[-59.12,-2.75],[-58.46,-2.75],[-58.52,-2.25],[-58.25,-2.03],[-57.75,-2.36],[-57.25,-1.57],[-57.0,-1.52],[-57.25,-1.45],[-57.57,-0.75],[-57.0,-0.36],[-56.25,-0.58],[-55.75,-1.07],[-55.25,-0.86],[-54.53,-1.75],[-55.75,-1.88],[-56.75,-1.68],[-56.93,-2.0],[-56.06,-2.5],[-55.5,-3.16],[-55.25,-3.19],[-55.0,-2.8],[-54.5,-2.79],[-54.45,-3.25],[-54.81,-3.75],[-54.55,-4.0],[-54.75,-4.4],[-55.09,-4.5],[-54.75,-4.63],[-54.75,-4.89],[-55.25,-4.86],[-55.5,-4.6],[-55.94,-5.0],[-56.0,-5.42],[-56.5,-5.26],[-57.0,-5.68],[-57.25,-5.18],[-57.5,-5.34],[-57.75,-5.0],[-58.5,-4.7],[-58.75,-4.95],[-59.25,-4.84],[-59.44,-5.0],[-58.94,-5.75],[-59.26,-6.0],[-59.06,-6.5],[-59.75,-6.21],[-60.5,-6.86]]}},{"type":"Feature","properties":{"level":1004},"geometry":{"type":"LineString","coordinates":[[-64.5,-6.59],[-64.5,-6.39],[-64.5,-6.59]]}},{"type":"Feature","properties":{"level":1004},"geometry":{"type":"LineString","coordinates":[[-61.93,-5.75],[-61.65,-5.75],[-61.93,-5.75]]}},{"type":"Feature","properties":{"level":1004},"geometry":{"type":"LineString","coordinates":[[-58.75,-5.46],[-58.9,-5.25],[-58.75,-5.08],[-58.53,-5.25],[-58.75,-5.46]]}},{"type":"Feature","properties":{"level":1004},"geometry":{"type":"LineString","coordinates":[[-63.59,-5.0],[-63.42,-5.0],[-63.59,-5.0]]}},{"type":"Feature","properties":{"level":1004},"geometry":{"type":"LineString","coordinates":[[-65.5,-4.55],[-65.5,-4.37],[-65.5,-4.55]]}},{"type":"Feature","properties":{"level":1004},"geometry":{"type":"LineString","coordinates":[[-60.17,-4.5],[-60.0,-4.73],[-59.76,-4.5],[-60.17,-4.5]]}},{"type":"Feature","properties":{"level":1004},"geometry":{"type":"LineString","coordinates":[[-59.03,-4.5],[-58.72,-4.5],[-59.03,-4.5]]}},{"type":"Feature","properties":{"level":1004},"geometry":{"type":"LineString","coordinates":[[-59.64,-4.25],[-59.5,-4.47],[-59.3,-4.25],[-59.5,-4.07],[-59.64,-4.25]]}},{"type":"Feature","properties":{"level":1004},"geometry":{"type":"LineString","coordinates":[[-65.25,-3.67],[-65.44,-3.5],[-65.25,-3.35],[-65.25,-3.67]]}},{"type":"Feature","properties":{"level":1004},"geometry":{"type":"LineString","coordinates":[[-64.75,-3.36],[-64.62,-3.25],[-64.75,-3.36]]}},{"type":"Feature","properties":{"level":1004},"geometry":{"type":"LineString","coordinates":[[-64.25,-2.27],[-64.1,-2.25],[-64.25,-2.27]]}},{"type":"Feature","properties":{"level":1004},"geometry":{"type":"LineString","coordinates":[[-64.76,-1.5],[-63.67,-1.25],[-64.25,-0.52],[-64.75,-0.84],[-64.75,-0.25],[-65.0,-0.07],[-65.25,-0.25],[-65.21,-1.0],[-64.76,-1.5]]}},{"type":"Feature","properties":{"level":1004},"geometry":{"type":"LineString","coordinates":[[-63.03,-0.75],[-62.83,-0.75],[-63.03,-0.75]]}},{"type":"Feature","properties":{"level":1004},"geometry":{"type":"LineString","coordinates":[[-63.77,-0.5],[-63.27,-0.5],[-63.28,-0.25],[-63.5,-0.1],[-63.77,-0.5]]}},{"type":"Feature","properties":{"level":1004},"geometry":{"type":"LineString","coordinates":[[-65.0,0.53],[-65.0,0.83],[-65.0,0.53]]}},{"type":"Feature","properties":{"level":1004},"geometry":{"type":"LineString","coordinates":[[-119.0,17.97],[-120.0,18.37],[-120.69,19.0],[-121.1,20.0],[-121.08,21.0],[-120.75,21.81],[-119.94,22.5],[-119.0,22.81],[-117.75,22.73],[-116.75,22.27],[-116.06,21.5],[-115.84,20.5],[-115.97,19.5],[-117.0,18.1],[-118.0,17.79],[-119.0,17.97]]}},{"type":"Feature","properties":{"level":1004},"geometry":{"type":"LineString","coordinates":[[167.75,25.25],[166.98,25.5],[166.61,26.0],[166.59,26.5],[167.25,27.2],[168.0,27.33],[168.95,26.75],[168.95,26.25],[168.58,25.5],[167.75,25.25]]}},{"type":"Feature","properties":{"level":1004},"geometry":{"type":"LineString","coordinates":[[143.5,27.25],[141.61,27.75],[140.5,28.64],[139.62,29.0],[138.77,30.75],[138.53,32.25],[138.61,33.5],[137.66,34.75],[138.75,35.11],[139.0,34.81],[139.5,35.56],[143.0,37.7],[144.83,38.5],[145.68,39.25],[146.34,39.5],[147.0,40.24],[149.5,40.3],[149.41,39.75],[150.02,39.5],[150.03,38.75],[150.8,37.5],[151.25,35.98],[151.31,34.0],[150.77,32.0],[149.5,30.18],[148.0,28.91],[145.5,27.6],[143.5,27.25]]}},{"type":"Feature","properties":{"level":1004},"geometry":{"type":"LineString","coordinates":[[-62.25,45.25],[-62.51,45.5],[-65.13,45.75],[-68.33,47.0],[-69.25,48.18],[-70.07,48.25],[-71.51,51.25],[-71.58,52.75],[-71.02,54.0],[-68.0,56.25],[-65.0,57.59],[-64.0,57.81],[-62.0,57.76],[-58.75,58.59],[-54.5,58.35],[-46.75,56.1],[-44.0,55.04],[-41.27,52.75],[-41.58,51.75],[-43.0,50.08],[-47.75,46.81],[-50.25,45.47],[-54.25,45.93],[-57.5,45.86],[-59.75,45.36],[-62.25,45.25]]}},{"type":"Feature","properties":{"level":1004},"geometry":{"type":"LineString","coordinates":[[156.0,46.26],[155.7,47.0],[155.0,47.5],[154.25,47.09],[153.0,47.71],[150.25,47.92],[147.0,49.73],[144.25,50.07],[143.0,50.97],[141.75,50.53],[140.5,50.65],[139.8,51.75],[140.49,52.5],[140.48,52.75],[140.95,53.0],[141.24,55.5],[140.49,57.0],[140.57,57.25],[140.25,57.56],[139.68,57.5],[140.19,58.25],[140.18,58.75],[139.11,60.5],[139.32,61.0],[139.82,61.25],[139.57,61.5],[140.75,62.08],[141.25,61.79],[142.0,62.03],[143.0,61.98],[143.28,62.5],[144.42,63.0],[145.5,62.64],[146.75,63.42],[149.25,62.92],[150.75,63.24],[153.25,63.23],[154.5,63.78],[155.75,63.22],[156.5,63.42],[156.86,63.0],[158.5,62.19],[160.75,61.8],[160.94,61.25],[162.68,60.75],[162.53,60.0],[161.44,58.5],[163.0,58.52],[163.36,58.0],[163.38,57.0],[161.71,55.25],[160.75,55.27],[160.38,55.0],[160.31,54.5],[161.32,53.75],[161.14,53.0],[161.8,52.75],[160.25,50.32],[160.38,49.25],[159.75,48.57],[158.0,48.04],[156.0,46.26]]}},{"type":"Feature","properties":{"level":1004},"geometry":{"type":"LineString","coordinates":[[-93.0,47.43],[-93.94,48.5],[-93.89,49.0],[-94.25,49.25],[-94.11,49.5],[-94.9,49.5],[-96.25,51.18],[-97.0,51.03],[-97.77,51.75],[-97.68,52.25],[-98.0,52.53],[-102.5,54.56],[-103.04,55.0],[-102.75,55.28],[-103.5,55.37],[-108.58,57.25],[-109.25,57.69],[-110.27,58.5],[-109.22,59.0],[-109.36,59.25],[-110.5,59.63],[-111.86,60.5],[-113.91,62.25],[-115.78,64.75],[-115.66,65.5],[-115.0,65.85],[-114.46,66.5],[-113.0,66.84],[-107.25,67.2],[-101.5,66.9],[-96.75,65.75],[-93.68,64.25],[-92.0,63.13],[-90.5,61.79],[-89.79,60.75],[-89.13,59.0],[-88.37,55.0],[-88.88,53.0],[-88.67,50.75],[-89.18,50.25],[-88.98,49.5],[-89.47,48.5],[-91.25,47.44],[-93.0,47.43]]}},{"type":"Feature","properties":{"level":1004},"geometry":{"type":"LineString","coordinates":[[-150.0,55.99],[-151.5,56.63],[-153.25,56.65],[-153.64,57.0],[-153.25,57.53],[-154.79,58.0],[-153.48,58.75],[-154.01,59.25],[-153.21,60.5],[-153.59,60.75],[-153.46,61.25],[-153.91,61.5],[-153.97,62.25],[-153.12,62.25],[-153.19,61.75],[-152.5,61.29],[-151.93,61.5],[-152.85,62.0],[-152.69,62.25],[-153.0,62.5],[-151.5,62.9],[-151.0,62.69],[-150.0,63.57],[-149.75,63.5],[-149.75,63.2],[-148.25,63.87],[-147.75,63.36],[-147.41,63.5],[-147.63,63.75],[-147.5,63.83],[-146.99,63.75],[-146.75,63.35],[-145.25,63.65],[-144.5,63.57],[-143.5,63.31],[-142.29,62.5],[-141.25,62.44],[-139.75,61.92],[-138.75,62.01],[-138.0,61.82],[-137.73,61.5],[-139.0,61.15],[-140.25,61.11],[-142.0,61.49],[-142.5,61.9],[-144.25,62.03],[-144.75,61.34],[-145.49,61.0],[-142.67,59.5],[-142.91,58.25],[-144.25,57.38],[-146.5,56.42],[-148.25,56.04],[-150.0,55.99]]}},{"type":"Feature","properties":{"level":1004},"geometry":{"type":"LineString","coordinates":[[41.25,57.75],[36.5,58.46],[34.0,59.71],[23.5,61.78],[17.75,62.08],[16.83,62.75],[12.25,63.38],[10.25,63.44],[9.5,63.14],[8.5,63.5],[7.28,63.5],[7.15,63.75],[3.98,65.25],[1.26,67.25],[-2.46,70.5],[-5.38,74.75],[-6.13,77.5],[-5.97,79.0],[-5.28,80.0],[-4.0,81.07],[-0.52,83.0],[4.0,84.39],[9.25,85.42],[16.5,86.25],[27.5,86.99],[52.0,87.65],[92.0,87.45],[106.75,86.99],[119.0,86.22],[127.75,85.29],[133.21,84.25],[136.75,82.58],[138.06,81.5],[138.61,80.5],[137.86,78.25],[136.25,77.22],[130.5,75.4],[122.25,74.13],[117.25,73.76],[113.25,73.78],[109.0,74.18],[101.0,75.47],[93.25,75.66],[86.0,75.16],[79.75,74.03],[76.75,73.14],[73.25,71.52],[70.96,70.25],[68.0,67.8],[67.25,67.49],[65.75,67.54],[61.5,65.4],[60.0,65.0],[59.5,64.35],[58.0,63.53],[56.94,62.5],[54.71,61.0],[50.0,59.14],[47.0,58.25],[44.25,57.76],[41.25,57.75]]}},{"type":"Feature","properties":{"level":1004},"geometry":{"type":"LineString","coordinates":[[-114.0,58.96],[-114.69,59.5],[-114.11,59.5],[-113.42,59.0],[-114.0,58.96]]}},{"type":"Feature","properties":{"level":1004},"geometry":{"type":"LineString","coordinates":[[-111.5,58.98],[-110.87,59.0],[-111.5,58.98]]}},{"type":"Feature","properties":{"level":1004},"geometry":{"type":"LineString","coordinates":[[-148.87,62.0],[-148.25,61.93],[-147.93,62.25],[-148.25,62.6],[-149.0,62.58],[-148.87,62.0]]}},{"type":"Feature","properties":{"level":1004},"geometry":{"type":"LineString","coordinates":[[-145.21,62.5],[-144.75,62.42],[-144.13,62.75],[-144.5,63.03],[-145.21,62.5]]}},{"type":"Feature","properties":{"level":1004},"geometry":{"type":"LineString","coordinates":[[-33.5,63.73],[-34.04,64.0],[-34.1,64.5],[-33.5,65.04],[-32.0,65.24],[-30.77,64.75],[-30.74,64.5],[-31.47,64.0],[-32.5,63.71],[-33.5,63.73]]}},{"type":"Feature","properties":{"level":1004},"geometry":{"type":"LineString","coordinates":[[-144.0,63.91],[-144.25,64.25],[-143.1,64.25],[-143.5,63.93],[-144.0,63.91]]}},{"type":"Feature","properties":{"level":1004},"geometry":{"type":"LineString","coordinates":[[-138.75,64.48],[-139.19,64.75],[-138.9,65.0],[-137.99,64.75],[-138.75,64.48]]}},{"type":"Feature","properties":{"level":1004},"geometry":{"type":"LineString","coordinates":[[146.75,70.99],[145.77,71.25],[145.62,73.25],[146.22,74.25],[147.75,74.83],[151.25,75.52],[155.25,75.82],[158.5,75.64],[161.06,75.0],[160.66,73.0],[160.0,72.6],[155.75,71.92],[152.0,71.76],[146.75,70.99]]}},{"type":"Feature","properties":{"level":1004},"geometry":{"type":"LineString","coordinates":[[105.74,75.25],[106.06,75.25],[105.74,75.25]]}},{"type":"Feature","properties":{"level":1008},"geometry":{"type":"LineString","coordinates":[[180.0,-88.75],[163.5,-88.88],[140.5,-87.7],[122.14,-87.25],[129.83,-85.0],[137.78,-83.75],[139.71,-83.25],[139.98,-83.0],[139.72,-82.75],[140.07,-82.25],[141.5,-81.5],[141.73,-81.0],[145.67,-80.0],[148.4,-79.0],[150.39,-77.25],[149.75,-76.92],[147.75,-76.69],[144.5,-76.94],[142.25,-76.8],[141.9,-76.25],[142.25,-75.73],[143.38,-75.0],[143.18,-74.75],[137.25,-73.92],[131.75,-73.81],[127.0,-74.27],[118.5,-75.79],[109.0,-76.0],[105.75,-75.67],[99.25,-73.4],[96.5,-73.11],[92.5,-73.29],[84.5,-74.25],[81.85,-75.0],[76.75,-75.91],[67.25,-76.44],[65.0,-76.09],[63.75,-75.6],[61.0,-75.34],[59.66,-74.75],[60.02,-74.5],[60.04,-73.75],[59.55,-73.25],[59.78,-73.0],[59.15,-72.25],[60.33,-71.25],[60.8,-70.5],[60.52,-70.25],[57.25,-69.71],[55.0,-69.81],[51.75,-70.44],[40.75,-73.68],[37.5,-75.2],[32.23,-76.5],[31.49,-77.0],[31.67,-77.5],[32.4,-78.0],[32.7,-79.25],[31.52,-79.75],[27.75,-80.29],[19.1,-81.0],[18.5,-81.28],[8.75,-81.14],[0.0,-81.62],[-4.25,-81.38],[-10.81,-82.0],[-18.07,-83.5],[-23.0,-84.11],[-26.5,-84.18],[-38.26,-85.75],[-48.05,-86.75],[-53.75,-88.0],[-53.62,-88.25],[-50.25,-88.5],[-52.25,-88.86],[-65.0,-89.22],[-108.0,-89.4],[-147.0,-89.23],[-160.89,-89.0],[-172.25,-88.5],[-180.0,-88.75]]}},{"type":"Feature","properties":{"level":1008},"geometry":{"type":"LineString","coordinates":[[-180.0,-52.52],[-177.75,-53.2],[-168.25,-54.92],[-164.25,-54.85],[-160.5,-54.07],[-154.0,-51.41],[-152.25,-51.06],[-150.0,-50.17],[-144.92,-46.75],[-142.05,-44.5],[-140.0,-43.36],[-138.0,-42.7],[-134.25,-42.05],[-131.75,-41.03],[-130.94,-40.25],[-128.75,-37.23],[-125.5,-35.57],[-123.75,-36.01],[-121.75,-37.26],[-111.45,-46.5],[-107.75,-48.93],[-104.0,-50.96],[-98.0,-53.5],[-93.5,-54.92],[-91.0,-55.36],[-83.25,-55.77],[-80.0,-56.64],[-78.73,-57.25],[-73.25,-60.72],[-71.5,-62.66],[-68.65,-65.0],[-68.35,-65.75],[-68.39,-67.0],[-66.5,-67.77],[-66.21,-67.75],[-66.09,-67.25],[-65.76,-67.0],[-62.14,-65.0],[-57.75,-63.38],[-49.5,-62.27],[-40.25,-58.92],[-36.3,-57.0],[-33.49,-55.0],[-30.33,-53.25],[-28.49,-51.25],[-28.94,-45.25],[-28.8,-43.0],[-27.83,-40.25],[-26.75,-39.48],[-22.75,-37.86],[-17.75,-36.93],[-15.5,-37.29],[-11.5,-38.87],[-6.25,-41.91],[-0.75,-44.66],[1.0,-45.21],[5.5,-45.91],[21.25,-45.97],[29.75,-47.2],[32.5,-47.39],[33.28,-47.25],[35.0,-46.34],[36.34,-44.0],[37.75,-43.76],[37.37,-43.0],[37.5,-42.49],[40.44,-45.25],[43.19,-47.25],[48.99,-50.5],[52.0,-51.78],[55.75,-52.95],[60.0,-53.8],[63.0,-54.13],[67.75,-54.07],[73.25,-53.08],[73.5,-52.78],[79.25,-51.3],[86.92,-48.5],[95.5,-46.72],[101.75,-44.36],[104.0,-43.87],[107.25,-42.62],[110.5,-41.8],[110.98,-41.5],[110.7,-40.5],[111.0,-40.3],[113.0,-40.52],[116.5,-41.65],[123.0,-44.61],[139.5,-53.11],[144.0,-54.58],[146.75,-54.75],[149.75,-54.36],[153.5,-53.37],[158.5,-51.63],[159.8,-50.75],[160.75,-49.28],[162.75,-48.04],[163.25,-47.25],[164.17,-46.5],[164.5,-45.6],[166.5,-46.44],[166.75,-46.09],[167.0,-46.14],[167.41,-46.5],[167.32,-46.75],[167.54,-47.0],[168.0,-47.25],[167.84,-47.5],[168.5,-47.66],[169.0,-47.48],[169.6,-48.25],[171.25,-48.87],[173.75,-50.24],[180.0,-52.52]]}},{"type":"Feature","properties":{"level":1008},"geometry":{"type":"LineString","coordinates":[[-41.0,-51.25],[-42.14,-50.75],[-42.54,-50.25],[-42.45,-49.5],[-41.9,-48.75],[-41.76,-47.25],[-41.32,-46.5],[-39.5,-45.29],[-38.5,-45.09],[-36.64,-45.25],[-35.89,-46.0],[-35.94,-47.5],[-36.22,-48.5],[-37.43,-50.25],[-38.0,-50.83],[-39.0,-51.27],[-41.0,-51.25]]}},{"type":"Feature","properties":{"level":1008},"geometry":{"type":"LineString","coordinates":[[165.75,-43.54],[165.2,-43.25],[165.5,-42.74],[166.06,-43.0],[166.0,-43.5],[165.75,-43.54]]}},{"type":"Feature","properties":{"level":1008},"geometry":{"type":"LineString","coordinates":[[-76.0,-39.26],[-77.5,-39.05],[-79.25,-37.87],[-80.25,-37.87],[-80.34,-36.75],[-79.81,-35.75],[-81.5,-34.84],[-81.67,-34.0],[-80.0,-33.01],[-79.25,-33.52],[-76.25,-33.6],[-75.0,-34.07],[-74.43,-34.75],[-73.71,-36.5],[-74.0,-37.67],[-74.66,-38.5],[-74.32,-38.75],[-74.5,-38.92],[-74.75,-38.66],[-75.5,-39.19],[-76.0,-39.26]]}},{"type":"Feature","properties":{"level":1008},"geometry":{"type":"LineString","coordinates":[[-69.25,-36.29],[-69.87,-35.25],[-69.71,-35.0],[-70.0,-35.02],[-70.17,-34.75],[-69.5,-33.0],[-69.78,-31.5],[-69.61,-30.25],[-69.25,-29.31],[-68.21,-28.0],[-67.92,-27.0],[-67.59,-26.75],[-67.84,-25.75],[-67.25,-25.92],[-67.0,-26.25],[-66.74,-26.0],[-67.1,-25.5],[-66.75,-25.46],[-66.15,-24.5],[-66.68,-23.75],[-66.73,-23.25],[-66.47,-22.75],[-66.75,-21.9],[-67.25,-21.85],[-68.04,-21.0],[-68.0,-20.25],[-68.51,-19.75],[-68.76,-17.5],[-68.33,-17.5],[-68.71,-18.25],[-68.5,-18.42],[-67.91,-18.25],[-68.15,-18.75],[-67.9,-20.0],[-66.63,-21.0],[-66.75,-21.5],[-66.5,-21.82],[-65.99,-21.0],[-66.33,-20.0],[-65.69,-19.75],[-66.54,-18.25],[-67.0,-16.77],[-66.5,-17.36],[-64.75,-17.73],[-64.0,-18.12],[-63.69,-18.0],[-65.67,-17.0],[-66.75,-15.84],[-67.26,-15.75],[-67.43,-16.0],[-67.13,-16.5],[-67.5,-16.61],[-68.55,-15.25],[-68.78,-14.5],[-68.63,-14.0],[-69.0,-14.06],[-69.25,-13.7],[-71.36,-13.0],[-72.0,-12.07],[-72.5,-11.92],[-73.0,-12.59],[-72.99,-12.25],[-73.75,-11.32],[-73.97,-11.5],[-73.78,-12.0],[-74.0,-12.42],[-74.39,-11.5],[-74.93,-11.0],[-74.0,-11.12],[-74.25,-10.1],[-74.5,-10.1],[-74.75,-10.61],[-75.0,-10.64],[-75.34,-10.25],[-76.0,-7.94],[-76.22,-8.0],[-76.25,-8.86],[-77.07,-7.25],[-76.75,-5.74],[-77.0,-6.12],[-77.44,-5.75],[-77.08,-5.5],[-77.75,-5.1],[-78.4,-5.25],[-78.63,-4.25],[-78.19,-4.25],[-78.35,-3.75],[-77.99,-3.25],[-78.27,-2.75],[-78.0,-2.86],[-77.69,-2.25],[-77.88,-1.75],[-77.78,-1.0],[-77.32,-0.5],[-77.32,0.25],[-75.25,1.76],[-74.25,3.12],[-74.0,2.89],[-73.5,3.11],[-73.14,3.0],[-73.59,3.5],[-73.5,4.0],[-71.85,6.0],[-71.67,6.5],[-71.77,7.5],[-71.18,7.25],[-70.99,8.0],[-69.12,9.75],[-69.5,9.88],[-69.75,9.71],[-70.24,10.25],[-70.25,10.63],[-70.5,10.84],[-70.75,10.72],[-70.94,10.5],[-70.56,9.5],[-71.25,9.14],[-72.4,7.75],[-72.64,7.75],[-73.27,9.0],[-72.24,10.75],[-72.83,11.5],[-72.25,12.21],[-71.75,12.32],[-71.63,11.75],[-71.97,11.5],[-71.75,11.35],[-70.25,12.12],[-68.5,11.19],[-68.26,10.5],[-68.81,10.0],[-68.5,9.77],[-67.75,9.76],[-67.25,10.03],[-66.5,9.91],[-66.36,10.0],[-66.96,10.25],[-66.25,10.68],[-65.0,10.81],[-64.38,10.5],[-64.62,10.25],[-64.25,9.89],[-63.5,9.93],[-63.18,10.25],[-63.73,10.75],[-63.5,11.16],[-63.25,11.15],[-62.5,10.11],[-61.75,10.1],[-61.13,9.5],[-60.81,8.75],[-59.75,8.39],[-58.65,7.0],[-57.75,6.44],[-57.25,6.17],[-55.0,6.35],[-53.25,5.7],[-51.76,4.25],[-51.42,2.75],[-50.62,1.5],[-51.1,0.75],[-51.07,0.0],[-49.0,-0.61],[-48.5,-1.16],[-48.29,-0.75],[-48.0,-0.69],[-46.54,-1.25],[-45.75,-2.11],[-45.25,-2.15],[-44.5,-2.9],[-43.75,-2.48],[-41.75,-3.01],[-41.0,-2.73],[-40.28,-3.0],[-39.24,-4.0],[-39.75,-4.01],[-40.19,-4.75],[-40.04,-5.75],[-39.5,-5.27],[-38.66,-6.0],[-38.75,-6.3],[-39.25,-6.21],[-39.72,-6.5],[-39.91,-7.0],[-40.5,-7.35],[-41.0,-8.09],[-41.75,-8.14],[-42.25,-8.56],[-43.5,-8.94],[-43.65,-9.25],[-43.36,-9.5],[-44.14,-10.5],[-44.18,-11.25],[-42.97,-11.5],[-43.15,-12.5],[-43.0,-14.06],[-43.25,-14.2],[-43.85,-14.0],[-43.7,-13.5],[-44.0,-13.36],[-44.57,-13.75],[-44.75,-14.24],[-45.75,-13.97],[-46.0,-13.5],[-46.0,-12.62],[-46.28,-13.0],[-46.31,-14.5],[-46.75,-14.82],[-47.25,-14.89],[-47.04,-13.75],[-47.75,-13.25],[-47.88,-13.5],[-47.64,-13.75],[-48.0,-14.43],[-48.25,-14.54],[-48.5,-14.25],[-49.0,-14.55],[-50.0,-14.32],[-50.62,-15.75],[-52.28,-16.5],[-52.25,-17.13],[-53.25,-17.24],[-53.75,-16.69],[-55.81,-18.0],[-56.3,-19.0],[-56.05,-20.75],[-56.36,-21.75],[-56.17,-22.0],[-56.25,-22.89],[-55.48,-24.25],[-56.15,-25.0],[-56.22,-26.25],[-55.77,-26.5],[-55.66,-27.25],[-56.26,-28.25],[-56.18,-28.5],[-57.6,-29.25],[-57.61,-29.75],[-58.06,-30.0],[-58.25,-30.43],[-59.75,-31.11],[-61.43,-33.0],[-62.75,-33.51],[-65.14,-35.25],[-65.25,-35.62],[-65.99,-36.25],[-67.25,-36.15],[-68.0,-36.38],[-68.5,-35.92],[-69.25,-36.29]]}},{"type":"Feature","properties":{"level":1008},"geometry":{"type":"LineString","coordinates":[[-69.5,-23.06],[-69.76,-22.25],[-69.5,-21.87],[-69.5,-23.06]]}},{"type":"Feature","properties":{"level":1008},"geometry":{"type":"LineString","coordinates":[[-57.31,-21.5],[-56.75,-21.49],[-56.54,-21.25],[-56.75,-20.58],[-57.1,-20.75],[-56.93,-21.0],[-57.31,-21.5]]}},{"type":"Feature","properties":{"level":1008},"geometry":{"type":"LineString","coordinates":[[18.25,-20.15],[17.85,-19.0],[18.28,-18.5],[18.35,-17.75],[17.71,-16.75],[17.93,-16.5],[17.31,-16.25],[17.25,-15.38],[16.58,-15.0],[17.5,-14.5],[17.25,-14.18],[17.75,-14.36],[17.96,-14.0],[16.84,-14.0],[17.5,-12.74],[17.93,-12.75],[18.0,-13.0],[18.5,-12.91],[18.75,-13.66],[19.0,-13.69],[19.4,-13.25],[20.09,-13.0],[20.75,-11.87],[21.25,-11.64],[21.75,-11.93],[22.62,-14.0],[23.5,-15.21],[24.0,-15.32],[24.5,-16.75],[25.02,-17.25],[24.74,-17.75],[24.88,-18.5],[23.75,-19.43],[22.98,-19.5],[23.0,-20.01],[21.93,-20.0],[21.0,-19.62],[20.5,-19.99],[19.0,-19.83],[18.25,-20.15]]}},{"type":"Feature","properties":{"level":1008},"geometry":{"type":"LineString","coordinates":[[-70.25,-15.8],[-70.6,-15.0],[-70.25,-14.63],[-69.68,-15.0],[-70.25,-15.8]]}},{"type":"Feature","properties":{"level":1008},"geometry":{"type":"LineString","coordinates":[[-52.59,-15.75],[-52.31,-15.75],[-52.25,-15.03],[-51.25,-15.2],[-51.01,-15.0],[-51.5,-14.33],[-51.99,-14.25],[-52.25,-13.93],[-53.03,-14.5],[-52.63,-15.0],[-52.59,-15.75]]}},{"type":"Feature","properties":{"level":1008},"geometry":{"type":"LineString","coordinates":[[-43.0,-15.62],[-43.52,-15.25],[-43.25,-14.78],[-43.0,-15.62]]}},{"type":"Feature","properties":{"level":1008},"geometry":{"type":"LineString","coordinates":[[-43.25,-14.65],[-43.25,-14.34],[-43.25,-14.65]]}},{"type":"Feature","properties":{"level":1008},"geometry":{"type":"LineString","coordinates":[[-72.25,-14.36],[-72.19,-14.0],[-72.56,-14.0],[-72.69,-13.5],[-72.0,-13.46],[-71.48,-13.75],[-71.5,-14.03],[-72.0,-14.42],[-72.25,-14.36]]}},{"type":"Feature","properties":{"level":1008},"geometry":{"type":"LineString","coordinates":[[-44.53,-13.0],[-44.25,-13.23],[-44.09,-13.0],[-43.75,-12.25],[-43.99,-12.0],[-44.54,-12.25],[-44.53,-13.0]]}},{"type":"Feature","properties":{"level":1008},"geometry":{"type":"LineString","coordinates":[[32.25,-12.05],[32.65,-11.5],[32.66,-10.75],[33.0,-10.22],[33.0,-11.47],[32.5,-12.11],[32.25,-12.05]]}},{"type":"Feature","properties":{"level":1008},"geometry":{"type":"LineString","coordinates":[[-54.97,-11.75],[-54.35,-11.75],[-54.75,-11.21],[-55.07,-11.5],[-54.97,-11.75]]}},{"type":"Feature","properties":{"level":1008},"geometry":{"type":"LineString","coordinates":[[-42.0,-10.6],[-42.0,-10.21],[-42.0,-10.6]]}},{"type":"Feature","properties":{"level":1008},"geometry":{"type":"LineString","coordinates":[[28.25,-10.02],[28.26,-9.0],[29.0,-8.35],[29.5,-8.48],[30.29,-8.0],[30.17,-7.25],[29.5,-6.84],[29.14,-6.0],[29.34,-5.5],[29.0,-4.25],[29.23,-3.0],[29.34,-3.75],[30.0,-4.76],[30.31,-3.5],[30.5,-3.33],[30.75,-3.61],[31.21,-3.5],[31.0,-3.18],[31.45,-3.25],[31.75,-3.81],[32.75,-3.08],[33.25,-3.08],[34.25,-3.66],[34.45,-4.0],[34.23,-5.0],[34.0,-5.28],[33.5,-4.93],[33.15,-5.25],[33.3,-5.5],[32.85,-6.0],[32.97,-6.75],[32.75,-7.06],[32.43,-7.0],[32.58,-7.25],[32.17,-7.5],[32.75,-7.83],[33.03,-8.5],[32.5,-8.75],[32.25,-8.64],[31.92,-8.0],[31.0,-7.19],[30.83,-7.75],[31.16,-8.5],[31.0,-8.75],[30.24,-8.75],[29.68,-9.25],[29.5,-9.82],[29.0,-9.49],[28.75,-10.0],[28.25,-10.02]]}},{"type":"Feature","properties":{"level":1008},"geometry":{"type":"LineString","coordinates":[[27.75,-7.5],[27.25,-7.3],[27.0,-7.47],[26.97,-7.0],[27.16,-6.0],[27.5,-5.99],[27.75,-5.66],[28.13,-6.0],[27.79,-6.5],[28.12,-7.0],[28.09,-7.5],[27.75,-7.5]]}},{"type":"Feature","properties":{"level":1008},"geometry":{"type":"LineString","coordinates":[[-40.81,-6.75],[-40.4,-6.75],[-41.0,-5.11],[-41.08,-6.25],[-40.81,-6.75]]}},{"type":"Feature","properties":{"level":1008},"geometry":{"type":"LineString","coordinates":[[30.36,-6.5],[30.62,-6.5],[30.91,-6.0],[30.81,-5.5],[30.25,-5.16],[29.89,-6.25],[30.36,-6.5]]}},{"type":"Feature","properties":{"level":1008},"geometry":{"type":"LineString","coordinates":[[-79.0,-6.01],[-79.0,-4.83],[-78.38,-5.75],[-79.0,-6.01]]}},{"type":"Feature","properties":{"level":1008},"geometry":{"type":"LineString","coordinates":[[-39.75,-5.15],[-39.75,-4.9],[-39.75,-5.15]]}},{"type":"Feature","properties":{"level":1008},"geometry":{"type":"LineString","coordinates":[[-41.07,-4.5],[-41.0,-4.67],[-40.68,-4.25],[-41.0,-3.62],[-41.17,-3.75],[-41.07,-4.5]]}},{"type":"Feature","properties":{"level":1008},"geometry":{"type":"LineString","coordinates":[[18.0,-4.51],[18.0,-4.23],[18.25,-4.19],[18.64,-4.25],[18.71,-4.5],[18.0,-4.51]]}},{"type":"Feature","properties":{"level":1008},"geometry":{"type":"LineString","coordinates":[[19.0,-2.03],[19.0,-1.83],[19.25,-1.84],[19.25,-2.04],[19.0,-2.03]]}},{"type":"Feature","properties":{"level":1008},"geometry":{"type":"LineString","coordinates":[[22.5,-0.84],[22.5,-0.67],[22.5,-0.84]]}},{"type":"Feature","properties":{"level":1008},"geometry":{"type":"LineString","coordinates":[[29.5,-0.87],[29.5,-0.32],[30.3,0.25],[30.35,0.0],[29.5,-0.87]]}},{"type":"Feature","properties":{"level":1008},"geometry":{"type":"LineString","coordinates":[[26.0,0.72],[25.84,1.25],[25.0,1.12],[24.53,1.5],[24.75,1.74],[26.25,1.9],[26.75,2.18],[26.77,1.25],[26.42,0.75],[26.0,0.72]]}},{"type":"Feature","properties":{"level":1008},"geometry":{"type":"LineString","coordinates":[[30.25,0.97],[31.18,2.25],[31.08,3.5],[30.5,3.8],[30.25,3.64],[30.0,3.94],[29.5,3.32],[29.0,3.35],[28.75,3.68],[27.75,3.56],[27.41,3.75],[27.75,3.81],[27.84,4.25],[27.31,4.75],[26.25,4.96],[26.25,5.35],[25.67,5.25],[25.5,6.03],[26.0,5.72],[26.4,6.0],[25.7,7.75],[25.91,8.25],[25.46,8.75],[25.5,9.23],[25.75,8.86],[25.76,9.25],[25.0,9.78],[24.4,9.75],[24.25,10.15],[24.0,9.81],[23.61,10.25],[23.75,10.63],[24.25,10.3],[24.79,10.75],[24.5,11.29],[23.25,10.72],[22.58,10.75],[21.75,10.0],[21.5,8.66],[20.54,8.5],[20.95,6.0],[20.41,4.75],[20.75,4.56],[21.25,4.91],[21.33,4.75],[20.87,4.0],[20.75,2.87],[20.51,2.75],[20.65,1.5],[19.75,1.59],[18.75,1.12],[18.03,1.75],[18.06,2.25],[19.33,2.0],[19.27,2.75],[19.46,3.0],[20.0,2.74],[20.4,3.0],[20.57,4.25],[20.25,4.25],[19.71,5.0],[18.98,5.0],[19.15,5.25],[19.04,6.25],[18.75,6.52],[18.25,6.06],[17.5,6.3],[17.11,7.0],[16.25,7.46],[15.25,8.65],[14.5,8.48],[13.68,8.75],[13.69,9.25],[14.0,9.32],[14.62,10.25],[13.75,11.37],[13.25,11.41],[12.75,11.1],[11.8,11.75],[10.75,11.81],[9.75,12.36],[8.75,11.91],[8.0,12.88],[6.0,12.4],[5.0,12.6],[3.25,11.87],[2.25,12.24],[0.5,12.35],[-0.75,12.87],[-2.67,12.5],[-2.88,12.75],[-2.75,13.06],[-3.25,13.17],[-3.5,12.87],[-3.75,12.95],[-3.75,13.75],[-4.0,13.84],[-4.25,13.59],[-5.0,13.97],[-6.75,14.31],[-6.86,15.0],[-7.25,15.44],[-8.25,15.25],[-8.56,16.5],[-8.0,17.13],[-8.19,16.5],[-8.0,15.7],[-7.5,15.85],[-7.0,16.76],[-6.0,16.63],[-3.5,17.6],[-0.75,16.47],[-0.25,16.83],[0.25,16.82],[1.75,16.43],[2.25,16.57],[3.0,16.25],[3.5,16.43],[5.5,16.19],[5.71,16.0],[5.07,15.5],[5.75,14.49],[6.5,14.81],[8.25,14.98],[9.16,14.5],[9.25,14.23],[11.0,14.28],[12.25,13.63],[13.57,14.5],[15.0,14.9],[17.5,16.34],[20.25,16.24],[20.75,16.45],[21.31,15.25],[21.23,14.25],[22.0,13.48],[23.01,13.75],[23.24,13.0],[23.09,12.5],[23.5,11.85],[24.75,12.28],[25.49,13.5],[27.0,13.68],[27.75,14.11],[28.5,15.33],[28.75,15.46],[29.25,15.06],[29.5,15.19],[29.6,16.5],[29.75,16.74],[30.0,16.35],[30.25,16.36],[30.09,17.0],[30.71,18.5],[31.25,18.98],[32.25,19.21],[33.0,19.82],[34.0,19.61],[34.5,18.65],[36.0,17.56],[37.0,16.46],[37.5,16.58],[37.93,15.5],[37.0,15.41],[36.39,14.25],[36.28,13.5],[35.69,13.5],[35.77,12.5],[35.0,11.28],[34.37,11.0],[34.25,9.93],[33.5,9.33],[32.75,9.32],[32.38,9.0],[32.31,7.5],[32.5,7.18],[33.38,7.25],[33.2,5.75],[34.35,5.5],[33.25,4.25],[32.57,4.0],[32.98,3.25],[32.04,2.75],[32.16,2.25],[32.7,2.0],[32.64,1.75],[32.25,1.6],[32.0,2.12],[31.26,1.5],[31.59,1.25],[31.0,1.33],[30.25,0.97]]}},{"type":"Feature","properties":{"level":1008},"geometry":{"type":"LineString","coordinates":[[23.25,1.44],[22.85,2.0],[23.54,1.75],[23.6,1.5],[23.25,1.44]]}},{"type":"Feature","properties":{"level":1008},"geometry":{"type":"LineString","coordinates":[[22.0,1.62],[21.71,2.0],[22.25,2.11],[22.27,1.75],[22.0,1.62]]}},{"type":"Feature","properties":{"level":1008},"geometry":{"type":"LineString","coordinates":[[36.5,1.74],[36.34,2.0],[36.5,2.24],[36.5,1.74]]}},{"type":"Feature","properties":{"level":1008},"geometry":{"type":"LineString","coordinates":[[23.75,3.24],[24.18,3.25],[24.0,3.01],[23.75,3.24]]}},{"type":"Feature","properties":{"level":1008},"geometry":{"type":"LineString","coordinates":[[19.75,3.7],[19.57,3.75],[19.75,3.7]]}},{"type":"Feature","properties":{"level":1008},"geometry":{"type":"LineString","coordinates":[[22.5,3.72],[21.96,4.25],[22.5,4.29],[23.01,4.0],[22.5,3.72]]}},{"type":"Feature","properties":{"level":1008},"geometry":{"type":"LineString","coordinates":[[-65.25,4.0],[-65.0,3.8],[-64.69,4.0],[-65.25,4.51],[-65.79,4.5],[-65.5,4.47],[-65.25,4.0]]}},{"type":"Feature","properties":{"level":1008},"geometry":{"type":"LineString","coordinates":[[-67.12,4.5],[-66.6,4.75],[-66.94,5.5],[-66.0,5.6],[-65.79,5.75],[-66.0,6.07],[-66.5,6.1],[-67.12,5.75],[-67.04,5.5],[-67.52,5.0],[-67.12,4.5]]}},{"type":"Feature","properties":{"level":1008},"geometry":{"type":"LineString","coordinates":[[-61.56,4.5],[-59.75,4.96],[-59.67,5.25],[-60.75,6.57],[-61.5,6.07],[-62.0,6.18],[-62.5,6.82],[-62.5,6.25],[-62.82,6.25],[-62.93,5.75],[-62.25,5.07],[-61.78,5.0],[-61.56,4.5]]}},{"type":"Feature","properties":{"level":1008},"geometry":{"type":"LineString","coordinates":[[-74.75,4.79],[-74.61,6.75],[-74.88,7.25],[-76.54,8.5],[-76.0,8.69],[-75.75,9.37],[-75.0,9.57],[-74.75,10.01],[-74.0,9.7],[-73.5,10.13],[-73.75,9.24],[-74.57,8.25],[-74.6,7.25],[-74.13,7.0],[-73.99,6.5],[-74.65,5.5],[-74.75,4.79]]}},{"type":"Feature","properties":{"level":1008},"geometry":{"type":"LineString","coordinates":[[25.0,4.98],[24.23,5.25],[24.25,6.37],[24.69,6.0],[24.61,5.75],[25.06,5.25],[25.0,4.98]]}},{"type":"Feature","properties":{"level":1008},"geometry":{"type":"LineString","coordinates":[[-65.35,5.25],[-64.99,5.25],[-64.95,5.75],[-65.25,6.28],[-65.61,5.75],[-65.35,5.25]]}},{"type":"Feature","properties":{"level":1008},"geometry":{"type":"LineString","coordinates":[[-66.51,6.75],[-66.25,6.54],[-66.15,6.75],[-66.25,6.9],[-66.51,6.75]]}},{"type":"Feature","properties":{"level":1008},"geometry":{"type":"LineString","coordinates":[[-73.75,7.84],[-73.96,8.5],[-73.75,8.82],[-73.75,7.84]]}},{"type":"Feature","properties":{"level":1008},"geometry":{"type":"LineString","coordinates":[[-62.11,8.25],[-61.72,8.25],[-62.11,8.25]]}},{"type":"Feature","properties":{"level":1008},"geometry":{"type":"LineString","coordinates":[[-73.25,10.21],[-73.25,10.44],[-73.25,10.21]]}},{"type":"Feature","properties":{"level":1008},"geometry":{"type":"LineString","coordinates":[[18.93,10.5],[19.5,10.34],[19.67,10.5],[19.31,11.5],[19.0,11.64],[18.75,11.09],[18.5,11.18],[18.42,11.0],[18.93,10.5]]}},{"type":"Feature","properties":{"level":1008},"geometry":{"type":"LineString","coordinates":[[-68.0,10.75],[-67.53,10.75],[-68.0,10.75]]}},{"type":"Feature","properties":{"level":1008},"geometry":{"type":"LineString","coordinates":[[-64.0,10.73],[-64.3,11.0],[-64.0,11.21],[-63.8,11.0],[-64.0,10.73]]}},{"type":"Feature","properties":{"level":1008},"geometry":{"type":"LineString","coordinates":[[15.35,10.75],[16.21,10.75],[16.33,11.0],[16.0,11.6],[15.16,11.5],[15.35,10.75]]}},{"type":"Feature","properties":{"level":1008},"geometry":{"type":"LineString","coordinates":[[-99.5,11.0],[-100.25,11.35],[-100.25,11.78],[-99.75,11.96],[-99.17,11.75],[-98.94,11.25],[-99.5,11.0]]}},{"type":"Feature","properties":{"level":1008},"geometry":{"type":"LineString","coordinates":[[41.0,12.72],[40.45,13.25],[40.5,14.16],[41.26,13.5],[41.38,13.0],[41.0,12.72]]}},{"type":"Feature","properties":{"level":1008},"geometry":{"type":"LineString","coordinates":[[149.25,12.78],[149.25,13.01],[149.25,12.78]]}},{"type":"Feature","properties":{"level":1008},"geometry":{"type":"LineString","coordinates":[[167.5,13.0],[166.97,13.25],[165.95,14.5],[166.08,15.75],[167.25,17.19],[168.5,17.68],[170.18,16.75],[170.23,16.0],[170.54,15.5],[170.34,15.0],[170.51,14.5],[169.25,13.13],[167.5,13.0]]}},{"type":"Feature","properties":{"level":1008},"geometry":{"type":"LineString","coordinates":[[150.5,13.41],[150.75,13.64],[150.87,13.5],[150.5,13.41]]}},{"type":"Feature","properties":{"level":1008},"geometry":{"type":"LineString","coordinates":[[153.5,13.33],[153.38,13.75],[153.75,14.27],[154.54,14.0],[154.25,13.36],[153.5,13.33]]}},{"type":"Feature","properties":{"level":1008},"geometry":{"type":"LineString","coordinates":[[-119.25,15.48],[-120.5,15.96],[-121.5,16.67],[-122.4,17.75],[-123.12,19.75],[-123.19,21.5],[-122.05,23.5],[-121.0,24.3],[-119.75,24.72],[-117.5,24.63],[-115.25,23.62],[-114.04,22.5],[-113.18,21.0],[-113.14,19.0],[-113.75,17.43],[-114.75,16.36],[-117.0,15.49],[-119.25,15.48]]}},{"type":"Feature","properties":{"level":1008},"geometry":{"type":"LineString","coordinates":[[-86.0,15.66],[-86.17,15.75],[-85.34,15.75],[-86.0,15.66]]}},{"type":"Feature","properties":{"level":1008},"geometry":{"type":"LineString","coordinates":[[-61.25,15.74],[-61.41,16.0],[-61.25,16.13],[-61.09,16.0],[-61.25,15.74]]}},{"type":"Feature","properties":{"level":1008},"geometry":{"type":"LineString","coordinates":[[137.75,15.66],[137.75,15.83],[137.75,15.66]]}},{"type":"Feature","properties":{"level":1008},"geometry":{"type":"LineString","coordinates":[[30.52,16.0],[30.75,15.78],[31.02,16.0],[31.0,17.33],[30.65,17.25],[30.81,16.75],[30.35,16.25],[30.52,16.0]]}},{"type":"Feature","properties":{"level":1008},"geometry":{"type":"LineString","coordinates":[[139.0,16.5],[138.62,16.75],[138.64,17.25],[138.75,17.43],[139.0,17.05],[139.4,17.75],[139.0,17.81],[138.8,18.25],[138.0,18.36],[137.75,17.95],[137.5,18.64],[137.0,18.96],[136.5,18.26],[136.0,18.87],[135.5,18.49],[135.2,19.25],[135.45,19.5],[135.24,21.0],[135.86,21.75],[135.14,23.0],[135.1,24.5],[134.25,26.25],[135.3,30.0],[134.86,30.75],[135.18,32.0],[134.93,33.25],[136.39,34.5],[136.36,35.0],[136.75,35.61],[137.0,35.8],[138.0,35.49],[138.25,35.64],[138.63,36.0],[138.71,36.5],[140.02,37.25],[141.87,39.25],[142.75,39.63],[143.6,41.25],[144.75,41.7],[146.75,41.79],[147.0,42.07],[147.5,42.07],[148.5,42.55],[149.07,43.0],[148.51,43.75],[148.75,43.88],[150.22,43.75],[149.96,44.5],[149.17,45.25],[149.58,45.5],[149.5,46.09],[147.73,46.25],[145.75,47.36],[140.25,48.16],[140.02,48.75],[139.0,49.25],[138.96,49.75],[138.62,50.0],[139.01,50.25],[138.82,50.5],[137.45,50.75],[137.76,51.5],[137.64,51.75],[138.0,52.01],[138.75,52.0],[139.19,53.5],[139.84,54.25],[139.47,54.75],[138.89,56.75],[138.49,57.0],[138.46,57.25],[139.05,57.75],[138.96,58.25],[137.93,59.5],[138.31,60.5],[137.26,61.25],[137.12,61.75],[137.5,62.3],[138.75,62.46],[139.25,62.27],[140.0,62.84],[141.5,63.05],[142.5,63.79],[144.0,63.91],[145.0,64.63],[146.95,64.5],[147.5,64.14],[148.5,63.97],[148.68,64.25],[149.25,64.39],[150.53,64.25],[151.2,65.0],[151.75,65.24],[155.75,65.29],[157.75,64.94],[158.5,64.08],[159.36,64.0],[159.25,63.62],[160.34,63.25],[160.5,62.96],[164.0,62.36],[164.33,61.5],[164.78,61.25],[164.67,60.5],[164.41,60.25],[165.44,59.25],[165.78,58.25],[165.28,57.25],[164.18,55.75],[163.51,55.25],[162.91,54.25],[162.77,53.75],[163.17,53.25],[163.11,52.5],[162.67,51.25],[163.09,50.75],[162.28,50.0],[161.88,48.5],[161.0,47.66],[159.48,46.75],[157.92,45.25],[157.55,44.5],[156.25,43.69],[156.0,43.78],[153.1,41.0],[152.37,39.5],[152.76,35.75],[152.59,33.75],[151.14,30.25],[149.13,27.25],[146.65,24.75],[145.26,22.75],[145.38,22.0],[144.06,20.5],[143.81,19.5],[143.0,19.52],[142.5,19.05],[142.25,19.19],[141.5,17.72],[141.0,18.67],[140.75,18.35],[140.5,18.46],[139.88,17.25],[140.36,16.75],[139.75,16.54],[139.25,16.79],[139.0,16.5]]}},{"type":"Feature","properties":{"level":1008},"geometry":{"type":"LineString","coordinates":[[-7.25,16.99],[-7.87,17.25],[-7.5,17.45],[-7.25,16.99]]}},{"type":"Feature","properties":{"level":1008},"geometry":{"type":"LineString","coordinates":[[139.98,18.0],[140.0,17.82],[139.98,18.0]]}},{"type":"Feature","properties":{"level":1008},"geometry":{"type":"LineString","coordinates":[[142.5,18.35],[142.33,18.5],[142.5,18.88],[142.77,18.5],[142.5,18.35]]}},{"type":"Feature","properties":{"level":1008},"geometry":{"type":"LineString","coordinates":[[135.77,19.25],[136.0,19.09],[136.0,19.57],[135.77,19.25]]}},{"type":"Feature","properties":{"level":1008},"geometry":{"type":"LineString","coordinates":[[167.5,24.24],[166.75,24.52],[166.05,25.25],[165.94,26.5],[166.75,27.46],[168.25,27.66],[169.34,26.75],[169.35,25.75],[169.0,24.99],[168.25,24.35],[167.5,24.24]]}},{"type":"Feature","properties":{"level":1008},"geometry":{"type":"LineString","coordinates":[[67.5,26.84],[67.5,27.34],[67.75,27.57],[67.5,26.84]]}},{"type":"Feature","properties":{"level":1008},"geometry":{"type":"LineString","coordinates":[[67.5,28.39],[67.75,29.35],[67.75,28.43],[67.5,28.39]]}},{"type":"Feature","properties":{"level":1008},"geometry":{"type":"LineString","coordinates":[[70.5,29.84],[70.35,32.0],[70.5,32.28],[71.0,32.13],[71.5,32.77],[72.35,31.75],[70.5,29.84]]}},{"type":"Feature","properties":{"level":1008},"geometry":{"type":"LineString","coordinates":[[-53.5,40.98],[-54.0,41.13],[-54.75,42.5],[-55.75,43.1],[-59.03,43.75],[-63.5,44.03],[-68.75,45.95],[-69.93,47.0],[-69.95,47.5],[-70.89,47.75],[-72.95,51.25],[-73.12,52.5],[-72.75,54.41],[-70.83,56.5],[-68.0,57.94],[-67.91,59.0],[-66.75,59.69],[-65.25,59.76],[-64.71,59.25],[-63.25,58.8],[-62.0,59.34],[-57.5,59.81],[-52.25,59.21],[-45.5,57.04],[-42.51,55.25],[-41.15,54.0],[-40.18,53.5],[-40.0,52.53],[-40.87,51.0],[-45.5,46.34],[-46.75,45.23],[-48.42,44.25],[-49.01,43.25],[-50.0,42.45],[-53.5,40.98]]}},{"type":"Feature","properties":{"level":1008},"geometry":{"type":"LineString","coordinates":[[-95.75,44.16],[-97.3,45.25],[-97.39,45.75],[-98.0,46.39],[-98.23,47.75],[-98.97,49.25],[-100.48,50.5],[-103.0,51.89],[-104.03,52.75],[-109.5,55.03],[-113.0,55.98],[-114.0,56.43],[-114.75,57.26],[-115.5,57.16],[-116.0,57.46],[-117.75,57.33],[-120.0,57.9],[-120.75,57.74],[-122.0,58.02],[-122.5,58.4],[-123.0,58.24],[-124.25,58.65],[-124.4,59.25],[-125.0,59.36],[-125.43,59.75],[-125.25,60.08],[-124.75,60.25],[-124.77,60.5],[-126.33,60.75],[-125.8,61.25],[-126.17,61.25],[-126.25,61.02],[-127.2,61.5],[-127.52,62.0],[-126.72,62.25],[-127.75,62.93],[-128.5,62.93],[-129.25,63.3],[-132.25,63.09],[-133.0,63.25],[-133.75,63.03],[-132.11,62.5],[-132.5,62.34],[-134.0,62.62],[-134.0,62.23],[-132.63,62.0],[-133.75,61.75],[-134.2,61.0],[-134.75,60.91],[-135.25,60.4],[-138.0,60.33],[-138.75,59.95],[-139.5,60.17],[-140.09,60.0],[-139.09,59.0],[-139.71,57.75],[-143.25,55.53],[-148.0,53.91],[-152.5,53.22],[-155.25,53.85],[-159.09,55.5],[-159.25,55.75],[-158.75,56.05],[-158.75,56.42],[-160.75,57.24],[-161.43,57.75],[-161.84,58.5],[-161.5,59.19],[-160.71,59.75],[-160.69,60.25],[-162.32,61.25],[-163.11,62.0],[-163.01,62.5],[-164.5,63.25],[-164.55,63.5],[-164.0,63.98],[-162.25,64.3],[-160.5,64.94],[-160.0,64.93],[-159.75,64.66],[-158.89,64.75],[-158.99,65.0],[-158.75,65.32],[-157.25,66.22],[-155.75,66.27],[-153.5,66.77],[-152.75,66.59],[-151.75,66.75],[-149.5,67.54],[-147.5,67.5],[-144.75,67.92],[-140.75,67.59],[-140.08,67.75],[-139.5,68.25],[-138.5,68.32],[-136.5,67.67],[-135.83,66.5],[-135.5,66.36],[-134.01,66.5],[-133.0,67.51],[-132.35,67.25],[-132.4,67.0],[-130.8,66.5],[-128.0,66.54],[-125.25,65.76],[-123.9,66.75],[-123.72,67.25],[-123.0,67.87],[-121.75,67.95],[-121.35,67.75],[-123.13,66.75],[-122.0,66.59],[-117.75,68.58],[-114.25,69.18],[-106.25,69.19],[-101.75,68.73],[-98.75,68.1],[-95.25,66.86],[-88.88,63.25],[-87.07,61.0],[-86.57,59.75],[-86.33,58.25],[-86.33,54.0],[-86.09,53.5],[-86.27,52.75],[-85.89,52.25],[-86.11,50.5],[-85.75,49.43],[-86.86,48.75],[-87.55,46.75],[-88.5,46.0],[-94.5,44.15],[-95.75,44.16]]}},{"type":"Feature","properties":{"level":1008},"geometry":{"type":"LineString","coordinates":[[77.5,55.45],[74.25,56.36],[73.55,57.25],[73.58,58.0],[74.25,59.2],[75.97,60.5],[79.5,61.16],[81.25,61.14],[84.0,60.66],[85.38,59.75],[85.62,59.25],[85.39,58.5],[84.5,58.25],[82.25,56.22],[80.5,55.38],[77.5,55.45]]}},{"type":"Feature","properties":{"level":1008},"geometry":{"type":"LineString","coordinates":[[38.75,56.46],[34.0,57.37],[30.75,58.5],[26.0,59.4],[20.0,59.61],[17.75,59.92],[12.25,60.93],[10.5,61.46],[9.75,61.41],[8.83,62.25],[7.25,62.66],[2.0,62.79],[-1.77,64.0],[-5.37,67.0],[-8.26,68.75],[-10.38,71.75],[-10.59,72.5],[-10.51,74.25],[-11.08,77.5],[-11.02,78.75],[-10.45,81.0],[-9.41,81.75],[-8.93,84.25],[-7.75,85.34],[-6.61,86.0],[-3.0,87.08],[6.25,87.99],[18.5,88.55],[43.5,88.97],[78.5,89.04],[105.75,88.75],[123.25,88.17],[134.21,87.25],[138.5,86.51],[141.75,85.65],[143.75,84.5],[145.78,81.0],[146.61,80.0],[148.19,78.75],[149.28,78.25],[153.25,77.69],[171.5,76.61],[172.41,76.25],[173.08,74.75],[173.12,74.0],[172.8,73.5],[171.0,72.68],[162.0,70.6],[158.25,69.97],[152.75,68.41],[148.5,68.13],[147.75,68.43],[144.5,68.86],[143.34,69.5],[141.75,71.03],[140.5,71.82],[140.0,71.76],[138.5,72.46],[132.75,73.34],[127.5,73.43],[123.25,72.94],[113.5,72.53],[96.0,73.73],[94.5,74.07],[88.0,73.8],[81.75,72.77],[79.0,71.6],[75.97,69.75],[72.68,67.25],[69.5,65.86],[68.39,65.0],[61.33,61.75],[60.25,61.65],[59.0,61.98],[55.5,59.95],[47.25,57.03],[43.75,56.37],[38.75,56.46]]}},{"type":"Feature","properties":{"level":1008},"geometry":{"type":"LineString","coordinates":[[-132.25,61.74],[-131.75,61.94],[-130.89,61.75],[-132.25,61.74]]}},{"type":"Feature","properties":{"level":1008},"geometry":{"type":"LineString","coordinates":[[-33.5,61.99],[-35.5,62.39],[-36.46,63.0],[-36.85,63.5],[-36.92,64.75],[-35.5,65.84],[-34.25,66.45],[-31.5,67.34],[-29.5,67.64],[-27.25,67.4],[-25.0,66.57],[-23.25,66.33],[-23.75,65.5],[-22.75,65.33],[-21.19,64.0],[-20.25,63.79],[-18.98,62.75],[-19.02,62.5],[-20.25,62.05],[-27.5,62.22],[-31.5,61.89],[-33.5,61.99]]}},{"type":"Feature","properties":{"level":1012},"geometry":{"type":"LineString","coordinates":[[-37.91,-89.75],[28.75,-89.97],[162.45,-89.75],[134.75,-89.15],[116.0,-89.06],[114.43,-89.0],[114.3,-88.75],[113.12,-88.5],[126.83,-88.0],[114.05,-87.75],[124.5,-85.96],[135.56,-83.5],[134.17,-83.0],[135.67,-82.25],[135.15,-81.75],[135.29,-81.5],[136.75,-80.92],[144.04,-79.25],[145.83,-78.5],[147.05,-77.5],[146.95,-77.25],[146.25,-77.17],[140.75,-77.35],[140.29,-77.0],[140.3,-76.5],[140.0,-76.0],[140.1,-75.5],[138.69,-74.75],[137.75,-74.53],[131.25,-74.28],[128.0,-74.56],[117.5,-76.16],[108.75,-76.37],[105.25,-76.03],[98.25,-73.68],[96.0,-73.51],[93.0,-73.67],[85.75,-74.68],[83.5,-75.42],[81.32,-75.75],[78.75,-76.48],[77.0,-76.24],[74.75,-76.58],[67.5,-77.02],[65.0,-76.74],[63.25,-75.89],[60.25,-75.72],[58.35,-75.0],[58.33,-74.75],[59.11,-74.25],[58.4,-73.25],[58.69,-72.75],[58.29,-72.0],[58.71,-71.5],[58.75,-70.66],[56.0,-70.29],[52.25,-70.7],[41.84,-73.75],[40.23,-74.75],[34.82,-76.75],[34.47,-77.25],[35.16,-78.0],[35.21,-78.5],[34.91,-79.0],[33.91,-79.5],[30.0,-80.24],[23.92,-81.0],[22.5,-81.63],[18.5,-81.77],[13.5,-81.57],[6.5,-81.84],[-3.85,-83.25],[-40.69,-86.75],[-43.67,-87.25],[-40.5,-88.0],[-43.61,-88.75],[-43.77,-89.0],[-43.1,-89.25],[-43.8,-89.5],[-37.91,-89.75]]}},{"type":"Feature","properties":{"level":1012},"geometry":{"type":"LineString","coordinates":[[-62.05,-64.25],[-62.0,-64.44],[-62.05,-64.25]]}},{"type":"Feature","properties":{"level":1012},"geometry":{"type":"LineString","coordinates":[[-180.0,-50.91],[-176.0,-52.23],[-167.97,-53.5],[-164.0,-53.36],[-161.0,-52.68],[-155.25,-50.16],[-152.75,-49.41],[-150.25,-48.31],[-141.75,-42.36],[-135.11,-40.0],[-132.85,-38.25],[-131.9,-36.25],[-129.25,-33.81],[-128.3,-32.25],[-127.25,-32.04],[-126.75,-31.62],[-124.53,-32.75],[-123.57,-33.75],[-121.0,-35.59],[-117.95,-38.75],[-114.33,-42.0],[-110.83,-44.5],[-108.51,-46.5],[-106.25,-47.98],[-99.75,-51.13],[-93.0,-53.34],[-90.25,-53.88],[-81.0,-54.77],[-78.0,-55.73],[-74.5,-57.35],[-71.51,-59.25],[-69.32,-61.25],[-65.72,-64.0],[-64.78,-65.5],[-65.38,-66.0],[-65.0,-66.29],[-62.91,-65.25],[-62.62,-64.75],[-62.1,-64.5],[-62.25,-63.97],[-60.25,-63.53],[-57.25,-62.33],[-53.81,-61.5],[-53.75,-61.23],[-52.75,-61.17],[-49.5,-60.28],[-43.5,-58.05],[-41.33,-56.75],[-39.2,-54.75],[-39.5,-54.11],[-40.98,-53.25],[-45.1,-52.25],[-48.0,-51.12],[-50.5,-51.17],[-54.0,-52.01],[-57.0,-51.65],[-58.25,-50.99],[-59.05,-49.75],[-58.77,-49.0],[-57.75,-48.12],[-56.75,-47.78],[-53.5,-47.52],[-51.25,-46.66],[-47.5,-45.91],[-45.31,-45.0],[-44.37,-44.25],[-39.75,-42.35],[-33.65,-43.0],[-31.75,-41.8],[-31.31,-41.0],[-29.94,-39.75],[-26.5,-37.51],[-22.63,-35.75],[-20.25,-34.96],[-18.5,-35.12],[-16.5,-35.67],[-12.25,-37.33],[-7.25,-40.16],[-4.5,-41.54],[-3.25,-41.81],[-1.5,-42.81],[2.5,-43.84],[7.5,-44.46],[21.75,-44.68],[27.75,-45.5],[31.25,-45.68],[32.5,-45.19],[33.04,-44.5],[34.19,-44.25],[34.04,-43.75],[34.75,-43.25],[34.84,-42.75],[35.35,-42.25],[35.3,-41.75],[34.91,-41.5],[35.25,-40.99],[35.75,-41.14],[36.75,-40.55],[43.0,-45.94],[48.0,-49.05],[52.31,-51.0],[55.5,-52.05],[58.5,-52.77],[62.75,-53.29],[67.5,-53.18],[72.0,-52.33],[78.38,-50.75],[85.65,-48.0],[92.5,-46.22],[99.5,-43.12],[102.25,-42.14],[106.35,-40.0],[107.5,-39.63],[107.77,-39.25],[107.25,-37.93],[109.0,-37.58],[111.5,-37.8],[117.5,-39.71],[120.73,-41.25],[127.17,-45.5],[133.75,-49.1],[140.25,-52.15],[144.03,-53.25],[147.0,-53.45],[149.5,-53.06],[153.25,-51.91],[156.75,-50.39],[158.08,-49.25],[159.64,-47.0],[160.59,-46.25],[160.92,-43.5],[161.3,-43.0],[161.75,-40.89],[162.25,-40.62],[163.0,-40.84],[163.75,-40.0],[165.25,-40.45],[165.69,-41.25],[167.15,-42.75],[167.31,-43.25],[167.02,-44.25],[167.25,-45.14],[167.75,-45.0],[169.25,-45.62],[169.75,-45.6],[170.39,-45.25],[170.31,-45.0],[170.75,-44.71],[171.0,-44.17],[171.95,-43.5],[172.31,-43.5],[172.25,-43.77],[173.0,-43.85],[173.5,-43.45],[173.75,-43.9],[174.5,-44.22],[174.96,-44.75],[174.9,-45.75],[175.5,-47.99],[177.25,-49.6],[180.0,-50.91]]}},{"type":"Feature","properties":{"level":1012},"geometry":{"type":"LineString","coordinates":[[35.75,-40.52],[34.88,-40.0],[35.0,-39.05],[36.07,-40.25],[35.75,-40.52]]}},{"type":"Feature","properties":{"level":1012},"geometry":{"type":"LineString","coordinates":[[119.75,-35.52],[119.75,-35.36],[119.75,-35.52]]}},{"type":"Feature","properties":{"level":1012},"geometry":{"type":"LineString","coordinates":[[-58.06,-33.75],[-58.0,-33.95],[-57.75,-33.88],[-57.63,-33.25],[-58.06,-33.75]]}},{"type":"Feature","properties":{"level":1012},"geometry":{"type":"LineString","coordinates":[[-124.0,-32.17],[-124.89,-31.5],[-124.65,-31.25],[-124.75,-30.51],[-124.5,-30.36],[-124.06,-30.75],[-124.29,-31.5],[-123.85,-32.0],[-124.0,-32.17]]}},{"type":"Feature","properties":{"level":1012},"geometry":{"type":"LineString","coordinates":[[25.0,-30.28],[24.75,-29.61],[24.5,-30.0],[24.21,-30.0],[24.1,-29.75],[24.35,-29.25],[23.6,-29.25],[24.75,-27.08],[25.29,-27.75],[25.26,-28.25],[25.63,-28.75],[25.49,-29.5],[25.13,-30.0],[25.29,-30.25],[25.0,-30.28]]}},{"type":"Feature","properties":{"level":1012},"geometry":{"type":"LineString","coordinates":[[-71.0,-29.61],[-71.13,-29.0],[-70.75,-27.8],[-70.54,-28.0],[-71.0,-29.61]]}},{"type":"Feature","properties":{"level":1012},"geometry":{"type":"LineString","coordinates":[[-52.0,-29.64],[-52.0,-29.33],[-51.6,-29.5],[-52.0,-29.64]]}},{"type":"Feature","properties":{"level":1012},"geometry":{"type":"LineString","coordinates":[[118.5,-28.86],[118.25,-28.75],[118.01,-28.0],[118.03,-27.75],[118.5,-27.55],[118.75,-27.6],[119.0,-28.12],[119.5,-28.13],[119.72,-28.5],[119.5,-28.68],[118.75,-28.63],[118.5,-28.86]]}},{"type":"Feature","properties":{"level":1012},"geometry":{"type":"LineString","coordinates":[[-70.0,-28.0],[-70.39,-27.75],[-70.55,-27.25],[-70.08,-25.5],[-70.34,-24.75],[-69.95,-21.75],[-70.22,-19.0],[-70.0,-18.38],[-69.26,-20.0],[-69.0,-22.13],[-68.5,-21.75],[-67.9,-23.25],[-68.0,-23.82],[-69.0,-24.75],[-68.86,-24.25],[-69.27,-24.25],[-69.55,-25.0],[-69.37,-25.5],[-69.96,-26.75],[-70.0,-28.0]]}},{"type":"Feature","properties":{"level":1012},"geometry":{"type":"LineString","coordinates":[[-51.53,-23.0],[-51.32,-23.0],[-51.53,-23.0]]}},{"type":"Feature","properties":{"level":1012},"geometry":{"type":"LineString","coordinates":[[-48.0,-21.87],[-48.25,-21.23],[-47.75,-20.86],[-47.48,-21.25],[-47.85,-21.25],[-47.77,-21.75],[-48.0,-21.87]]}},{"type":"Feature","properties":{"level":1012},"geometry":{"type":"LineString","coordinates":[[123.75,-20.97],[123.75,-20.66],[123.75,-20.97]]}},{"type":"Feature","properties":{"level":1012},"geometry":{"type":"LineString","coordinates":[[124.25,-20.55],[124.43,-20.0],[124.25,-19.93],[123.0,-20.38],[122.35,-20.0],[122.2,-19.25],[122.86,-19.0],[122.87,-18.75],[122.24,-18.0],[123.0,-17.78],[123.23,-17.0],[123.5,-16.89],[124.19,-17.5],[124.5,-18.27],[125.0,-17.91],[125.25,-18.17],[125.75,-17.78],[126.0,-18.66],[126.23,-18.0],[126.5,-17.98],[126.28,-18.25],[126.57,-18.5],[126.37,-19.25],[127.11,-20.25],[126.5,-20.17],[126.5,-20.51],[125.75,-20.62],[124.25,-20.55]]}},{"type":"Feature","properties":{"level":1012},"geometry":{"type":"LineString","coordinates":[[127.5,-20.21],[127.5,-19.7],[127.87,-20.0],[127.5,-20.21]]}},{"type":"Feature","properties":{"level":1012},"geometry":{"type":"LineString","coordinates":[[-41.12,-19.0],[-41.0,-19.21],[-40.83,-19.0],[-41.0,-18.8],[-41.12,-19.0]]}},{"type":"Feature","properties":{"level":1012},"geometry":{"type":"LineString","coordinates":[[128.25,-17.75],[128.47,-17.25],[128.08,-17.0],[127.56,-16.0],[127.86,-15.0],[127.75,-14.06],[129.05,-15.25],[129.25,-15.82],[129.75,-16.0],[130.0,-16.58],[131.05,-16.5],[130.5,-16.99],[129.75,-16.93],[129.0,-17.9],[128.25,-17.75]]}},{"type":"Feature","properties":{"level":1012},"geometry":{"type":"LineString","coordinates":[[26.6,-17.5],[26.75,-17.58],[27.53,-16.75],[27.5,-16.19],[26.75,-17.02],[26.6,-17.5]]}},{"type":"Feature","properties":{"level":1012},"geometry":{"type":"LineString","coordinates":[[35.0,-17.37],[35.0,-17.13],[35.19,-17.25],[35.0,-17.37]]}},{"type":"Feature","properties":{"level":1012},"geometry":{"type":"LineString","coordinates":[[34.75,-16.85],[34.5,-16.45],[33.56,-16.0],[33.75,-15.52],[34.25,-15.88],[34.75,-15.78],[35.33,-16.75],[34.75,-16.85]]}},{"type":"Feature","properties":{"level":1012},"geometry":{"type":"LineString","coordinates":[[-40.19,-16.5],[-39.97,-16.5],[-40.19,-16.5]]}},{"type":"Feature","properties":{"level":1012},"geometry":{"type":"LineString","coordinates":[[-69.42,-16.25],[-68.75,-16.3],[-68.5,-16.1],[-68.0,-16.45],[-67.88,-16.25],[-68.25,-15.67],[-68.5,-15.56],[-68.75,-15.88],[-69.75,-15.35],[-70.06,-15.75],[-69.5,-15.96],[-69.42,-16.25]]}},{"type":"Feature","properties":{"level":1012},"geometry":{"type":"LineString","coordinates":[[28.98,-15.75],[29.67,-15.25],[28.99,-15.0],[29.05,-14.75],[29.87,-14.5],[30.27,-13.75],[31.0,-13.37],[31.25,-12.27],[30.25,-12.95],[29.0,-12.83],[28.8,-13.0],[28.11,-14.5],[28.6,-15.0],[28.44,-15.5],[28.98,-15.75]]}},{"type":"Feature","properties":{"level":1012},"geometry":{"type":"LineString","coordinates":[[32.25,-15.78],[32.1,-15.75],[32.63,-15.0],[32.3,-14.5],[33.0,-14.07],[33.26,-14.75],[33.1,-15.5],[33.31,-15.75],[33.0,-15.78],[32.75,-15.43],[32.25,-15.78]]}},{"type":"Feature","properties":{"level":1012},"geometry":{"type":"LineString","coordinates":[[138.75,-15.84],[138.75,-15.61],[138.75,-15.84]]}},{"type":"Feature","properties":{"level":1012},"geometry":{"type":"LineString","coordinates":[[25.79,-15.5],[26.25,-15.49],[26.4,-15.25],[26.14,-15.0],[26.38,-14.75],[26.18,-14.25],[26.5,-13.5],[27.75,-14.02],[28.0,-13.82],[28.25,-12.25],[27.93,-12.25],[28.05,-11.75],[27.75,-11.55],[26.5,-11.5],[26.62,-11.0],[26.25,-9.5],[25.74,-10.0],[25.82,-10.5],[25.5,-10.79],[24.79,-10.5],[24.0,-9.62],[23.75,-10.19],[22.4,-11.0],[23.25,-11.38],[23.3,-12.5],[24.25,-12.72],[25.0,-13.63],[25.53,-13.75],[25.94,-14.75],[25.43,-15.25],[25.79,-15.5]]}},{"type":"Feature","properties":{"level":1012},"geometry":{"type":"LineString","coordinates":[[-69.02,-15.25],[-68.75,-15.26],[-68.71,-15.0],[-69.0,-14.47],[-70.0,-13.65],[-71.5,-13.11],[-72.0,-12.36],[-72.25,-12.25],[-72.5,-13.12],[-73.0,-12.88],[-73.25,-13.0],[-73.0,-13.29],[-72.0,-13.25],[-71.0,-13.94],[-70.0,-14.25],[-69.02,-15.25]]}},{"type":"Feature","properties":{"level":1012},"geometry":{"type":"LineString","coordinates":[[35.25,-15.03],[35.11,-14.5],[34.75,-14.57],[34.25,-13.73],[33.99,-12.25],[34.2,-10.75],[34.0,-10.33],[33.62,-10.25],[33.75,-9.4],[34.75,-10.26],[35.05,-10.25],[34.71,-11.0],[35.0,-11.43],[35.25,-11.51],[35.27,-11.25],[35.75,-10.95],[37.34,-11.5],[37.25,-12.18],[36.75,-12.1],[36.25,-12.34],[35.75,-12.16],[34.94,-12.75],[34.88,-13.25],[35.45,-14.75],[35.25,-15.03]]}},{"type":"Feature","properties":{"level":1012},"geometry":{"type":"LineString","coordinates":[[-41.44,-13.5],[-41.16,-13.5],[-41.18,-13.0],[-41.5,-12.45],[-42.0,-12.47],[-41.44,-13.5]]}},{"type":"Feature","properties":{"level":1012},"geometry":{"type":"LineString","coordinates":[[36.75,-12.9],[36.61,-12.75],[37.0,-12.29],[37.5,-12.34],[37.45,-12.75],[36.75,-12.9]]}},{"type":"Feature","properties":{"level":1012},"geometry":{"type":"LineString","coordinates":[[-76.5,-10.35],[-77.5,-9.43],[-76.75,-9.62],[-76.5,-9.93],[-76.25,-9.84],[-76.09,-10.25],[-76.25,-10.46],[-76.5,-10.35]]}},{"type":"Feature","properties":{"level":1012},"geometry":{"type":"LineString","coordinates":[[160.5,-10.4],[160.59,-10.25],[160.5,-10.4]]}},{"type":"Feature","properties":{"level":1012},"geometry":{"type":"LineString","coordinates":[[19.81,-9.75],[20.5,-9.7],[20.79,-9.25],[19.75,-8.66],[19.81,-9.75]]}},{"type":"Feature","properties":{"level":1012},"geometry":{"type":"LineString","coordinates":[[-37.65,-9.5],[-37.15,-9.5],[-37.65,-9.5]]}},{"type":"Feature","properties":{"level":1012},"geometry":{"type":"LineString","coordinates":[[15.45,-8.75],[15.79,-8.75],[15.98,-8.25],[15.25,-6.83],[15.06,-7.25],[15.45,-8.75]]}},{"type":"Feature","properties":{"level":1012},"geometry":{"type":"LineString","coordinates":[[159.27,-8.25],[159.5,-8.44],[159.72,-8.25],[158.75,-7.66],[158.59,-7.75],[159.27,-8.25]]}},{"type":"Feature","properties":{"level":1012},"geometry":{"type":"LineString","coordinates":[[-167.75,-8.02],[-168.15,-7.75],[-168.07,-7.5],[-168.87,-6.25],[-168.64,-5.75],[-168.0,-5.47],[-167.44,-5.75],[-167.5,-6.23],[-166.99,-7.0],[-167.75,-8.02]]}},{"type":"Feature","properties":{"level":1012},"geometry":{"type":"LineString","coordinates":[[-35.5,-7.26],[-35.5,-7.1],[-35.5,-7.26]]}},{"type":"Feature","properties":{"level":1012},"geometry":{"type":"LineString","coordinates":[[138.25,-6.78],[137.48,-5.75],[138.0,-5.63],[138.36,-6.0],[138.25,-6.78]]}},{"type":"Feature","properties":{"level":1012},"geometry":{"type":"LineString","coordinates":[[-79.53,-6.25],[-79.25,-6.46],[-79.16,-6.25],[-79.47,-6.0],[-79.37,-5.25],[-80.0,-4.77],[-80.04,-5.0],[-79.56,-5.5],[-79.53,-6.25]]}},{"type":"Feature","properties":{"level":1012},"geometry":{"type":"LineString","coordinates":[[137.0,-6.0],[136.12,-5.5],[136.75,-5.27],[137.04,-5.5],[137.0,-6.0]]}},{"type":"Feature","properties":{"level":1012},"geometry":{"type":"LineString","coordinates":[[180.0,-6.14],[179.5,-5.82],[179.25,-6.0],[178.5,-5.81],[178.19,-6.0],[178.0,-6.85],[177.25,-6.37],[177.0,-6.75],[176.99,-6.5],[176.25,-6.65],[176.18,-7.25],[175.59,-8.25],[174.5,-8.26],[174.25,-8.71],[173.5,-8.72],[173.25,-9.34],[172.75,-8.42],[172.0,-8.44],[170.75,-8.94],[168.75,-8.9],[167.5,-9.17],[165.0,-9.04],[164.5,-8.7],[163.25,-9.22],[162.5,-9.24],[162.25,-9.51],[162.0,-9.22],[161.75,-9.44],[160.75,-8.32],[160.57,-8.5],[160.75,-9.47],[159.75,-9.2],[159.62,-9.75],[160.33,-10.0],[159.99,-10.25],[160.11,-10.5],[159.5,-10.5],[158.66,-10.0],[158.0,-8.23],[156.87,-7.5],[157.44,-7.25],[157.21,-7.0],[156.75,-6.59],[156.25,-6.51],[154.77,-5.25],[154.67,-4.25],[153.75,-2.91],[153.0,-3.17],[151.75,-3.01],[151.0,-2.42],[150.25,-2.29],[150.0,-2.62],[151.0,-3.43],[151.0,-3.82],[150.5,-3.89],[149.75,-3.12],[148.5,-3.52],[148.18,-3.25],[148.45,-2.75],[148.39,-1.75],[148.0,-1.48],[146.5,-1.24],[144.0,-3.11],[142.01,-3.0],[140.5,-2.4],[139.75,-2.46],[138.25,-1.92],[136.5,-2.41],[136.18,-3.0],[135.25,-3.4],[134.22,-2.25],[134.34,-1.25],[134.0,-0.75],[133.0,-0.29],[131.88,-0.25],[131.75,0.3],[130.86,0.25],[129.75,1.24],[129.25,0.88],[128.61,1.75],[128.7,2.5],[128.5,2.68],[128.0,2.19],[127.5,2.46],[126.25,2.5],[125.45,1.75],[124.75,1.58],[124.07,1.0],[121.5,1.03],[121.0,1.36],[120.75,0.93],[120.25,0.82],[119.9,0.25],[119.3,-2.25],[118.82,-2.75],[118.83,-3.75],[119.5,-4.08],[119.25,-5.28],[118.71,-4.75],[118.0,-4.75],[117.55,-4.0],[117.0,-3.79],[116.57,-3.25],[116.31,-2.0],[116.72,-1.0],[116.5,-0.76],[115.4,-1.25],[115.63,-2.25],[114.75,-3.97],[114.25,-4.48],[111.75,-4.51],[109.25,-3.81],[108.92,-3.25],[109.17,-2.75],[109.75,-2.39],[110.75,-3.07],[112.25,-2.85],[113.25,-2.1],[114.0,-1.88],[114.75,-0.5],[115.5,-0.55],[115.75,0.13],[116.25,0.4],[117.25,0.21],[117.75,1.18],[118.25,1.08],[118.44,1.25],[117.03,2.25],[117.2,3.0],[116.54,3.5],[117.4,4.5],[118.17,4.5],[118.0,5.21],[117.35,5.75],[117.22,6.5],[116.75,6.68],[115.5,6.33],[112.5,2.78],[111.25,3.05],[111.68,2.25],[111.41,1.75],[111.56,1.25],[111.25,1.48],[110.5,1.16],[109.86,1.5],[109.75,1.25],[109.11,1.0],[109.0,-0.1],[107.5,-0.39],[107.33,-0.75],[107.5,-1.25],[107.03,-1.75],[107.16,-2.25],[107.0,-2.54],[106.36,-2.25],[105.25,-0.91],[104.5,-0.79],[104.74,-0.25],[104.05,0.25],[104.0,0.55],[103.75,0.34],[103.2,0.75],[103.06,1.25],[104.11,1.5],[104.25,2.65],[105.25,2.92],[104.78,3.25],[104.73,4.75],[105.25,5.03],[105.89,5.0],[105.3,6.0],[104.66,6.25],[104.56,6.75],[106.0,6.92],[106.25,6.63],[106.75,6.63],[106.94,6.0],[106.78,5.5],[107.25,5.38],[107.4,6.0],[107.75,5.91],[109.25,6.91],[109.5,6.78],[109.65,8.25],[110.0,8.69],[110.5,8.5],[110.48,9.5],[110.05,9.75],[109.85,10.25],[110.16,10.75],[109.92,11.0],[109.97,11.5],[109.6,12.0],[110.08,12.5],[110.29,14.25],[110.23,15.0],[110.0,15.48],[110.0,15.25],[109.55,15.25],[109.71,15.5],[112.5,16.83],[112.75,16.65],[113.25,17.15],[114.75,17.76],[118.5,18.8],[120.75,18.82],[120.91,18.75],[120.39,16.5],[121.09,15.75],[121.19,14.75],[121.5,14.56],[121.35,15.25],[122.44,16.75],[122.43,17.75],[123.0,18.75],[123.75,19.4],[126.5,20.13],[127.28,21.0],[128.75,22.04],[130.12,24.0],[129.96,24.5],[130.61,27.5],[130.31,30.0],[130.93,30.5],[130.65,31.0],[131.48,31.75],[132.25,33.39],[133.0,33.42],[134.25,34.0],[133.77,34.5],[133.96,35.0],[134.86,35.5],[135.25,36.37],[136.54,37.5],[136.85,38.25],[136.71,38.75],[138.31,40.75],[138.91,42.5],[139.66,43.5],[140.15,44.75],[138.25,46.04],[138.23,46.75],[137.71,47.25],[138.01,47.75],[137.59,48.0],[137.86,48.25],[137.4,48.75],[135.75,48.56],[134.24,49.5],[134.22,50.25],[134.87,50.75],[134.4,51.0],[134.38,51.25],[134.72,51.75],[134.43,52.25],[134.8,52.75],[135.25,52.92],[136.0,52.48],[136.74,53.0],[137.8,53.25],[136.88,54.5],[137.05,55.25],[136.63,55.75],[137.19,56.5],[137.25,57.25],[135.71,58.0],[134.64,59.75],[132.25,61.3],[131.27,62.5],[131.49,63.0],[131.36,63.5],[134.75,63.81],[138.0,63.31],[138.25,62.99],[138.75,62.95],[139.01,63.0],[139.0,63.31],[140.0,63.62],[140.0,64.01],[140.25,63.91],[141.44,64.5],[141.75,65.05],[145.0,64.99],[146.25,65.18],[146.21,65.5],[146.5,65.59],[147.5,65.21],[148.5,65.35],[148.8,65.75],[145.5,66.96],[142.25,67.57],[140.3,69.0],[140.0,69.8],[136.75,70.31],[132.75,71.39],[127.25,71.87],[124.5,71.93],[118.5,71.25],[111.25,71.17],[107.25,71.79],[93.5,72.53],[90.0,72.32],[86.69,71.75],[83.05,70.0],[82.49,69.25],[82.17,67.5],[80.13,66.5],[78.17,65.0],[78.52,64.25],[81.5,62.73],[84.25,62.32],[88.25,60.99],[89.14,60.5],[89.75,59.37],[89.57,58.25],[88.0,56.75],[87.69,55.75],[84.75,54.1],[82.5,52.15],[82.5,52.6],[82.23,52.75],[81.25,52.64],[79.0,53.12],[76.4,53.25],[74.0,54.04],[70.91,55.75],[68.0,58.7],[66.64,59.5],[65.5,59.83],[60.25,58.94],[59.75,59.32],[59.49,59.25],[59.57,59.5],[59.0,60.14],[58.25,59.42],[57.0,58.72],[52.5,57.5],[48.0,55.77],[45.75,55.31],[40.75,54.78],[35.75,55.11],[33.25,55.81],[29.75,56.3],[25.5,57.35],[20.0,57.42],[17.0,57.79],[14.0,58.61],[11.0,58.73],[9.25,59.32],[8.96,60.25],[7.36,60.75],[7.08,61.25],[6.75,61.3],[2.75,60.73],[-1.0,60.58],[-6.0,60.89],[-7.75,61.67],[-14.25,60.68],[-17.75,60.42],[-35.0,60.12],[-40.0,59.74],[-42.75,58.96],[-43.11,58.25],[-42.82,57.5],[-41.71,56.25],[-39.85,54.75],[-39.08,53.75],[-38.88,52.25],[-39.75,50.5],[-47.74,41.25],[-49.25,39.82],[-56.25,36.52],[-57.5,36.24],[-59.34,37.5],[-59.01,39.0],[-59.33,39.75],[-59.14,40.0],[-60.25,41.09],[-61.75,41.91],[-66.0,43.56],[-68.25,44.15],[-69.37,45.0],[-70.25,45.34],[-70.5,45.11],[-70.84,46.75],[-73.0,48.69],[-75.34,52.25],[-76.02,53.75],[-76.25,54.75],[-75.77,56.25],[-74.65,57.5],[-73.06,58.5],[-68.5,60.41],[-66.5,60.91],[-61.25,61.49],[-59.5,61.61],[-51.0,60.78],[-49.97,61.25],[-50.22,61.5],[-50.0,62.06],[-49.5,62.07],[-48.12,61.5],[-47.75,60.82],[-46.75,60.79],[-45.82,61.25],[-45.25,61.26],[-44.25,60.61],[-44.0,60.68],[-43.51,61.25],[-42.81,61.5],[-42.72,62.0],[-43.08,62.5],[-43.0,62.75],[-41.65,63.75],[-41.65,64.0],[-42.08,64.25],[-41.49,64.75],[-41.5,65.29],[-40.0,65.88],[-38.75,65.97],[-38.75,66.5],[-35.0,67.08],[-34.0,67.99],[-33.31,68.25],[-33.25,68.6],[-32.5,68.41],[-32.96,69.0],[-32.75,69.11],[-31.25,69.17],[-30.25,68.91],[-29.5,69.15],[-29.0,68.96],[-28.79,69.0],[-29.0,69.35],[-28.25,69.55],[-25.75,68.87],[-22.25,69.9],[-22.4,70.25],[-21.75,70.35],[-21.41,70.75],[-21.84,71.5],[-22.89,71.75],[-22.5,72.34],[-23.5,72.7],[-24.0,72.54],[-24.08,72.75],[-24.0,72.93],[-23.5,72.8],[-23.31,73.0],[-23.54,73.25],[-23.5,73.66],[-23.0,73.37],[-22.63,73.5],[-22.96,73.75],[-22.36,73.75],[-22.47,73.5],[-22.25,73.31],[-21.75,73.59],[-21.07,73.5],[-21.08,74.25],[-20.5,74.24],[-20.19,74.5],[-21.11,75.25],[-20.12,75.75],[-20.75,76.25],[-22.28,76.75],[-20.84,77.0],[-20.79,77.25],[-21.25,77.65],[-23.0,77.31],[-23.76,77.5],[-21.76,78.0],[-21.75,78.5],[-22.58,79.0],[-21.27,79.25],[-21.55,79.75],[-20.5,79.86],[-18.86,80.75],[-15.32,81.5],[-18.25,82.08],[-24.5,84.24],[-38.87,87.5],[-44.75,88.29],[-51.25,88.76],[-72.75,89.26],[-110.75,89.46],[-152.75,89.32],[-180.0,88.86]]}},{"type":"Feature","properties":{"level":1012},"geometry":{"type":"LineString","coordinates":[[-165.25,-5.82],[-165.45,-5.5],[-165.25,-5.35],[-165.25,-5.82]]}},{"type":"Feature","properties":{"level":1012},"geometry":{"type":"LineString","coordinates":[[-162.09,-5.75],[-161.85,-5.75],[-162.09,-5.75]]}},{"type":"Feature","properties":{"level":1012},"geometry":{"type":"LineString","coordinates":[[-161.66,-5.75],[-161.4,-5.75],[-161.75,-5.43],[-161.66,-5.75]]}},{"type":"Feature","properties":{"level":1012},"geometry":{"type":"LineString","coordinates":[[-151.6,-5.75],[-151.33,-5.75],[-151.6,-5.75]]}},{"type":"Feature","properties":{"level":1012},"geometry":{"type":"LineString","coordinates":[[139.0,-5.64],[138.84,-5.5],[139.32,-5.5],[139.0,-5.64]]}},{"type":"Feature","properties":{"level":1012},"geometry":{"type":"LineString","coordinates":[[147.25,-4.91],[147.25,-4.71],[147.25,-4.91]]}},{"type":"Feature","properties":{"level":1012},"geometry":{"type":"LineString","coordinates":[[-137.75,-4.51],[-137.2,-4.5],[-137.75,-4.51]]}},{"type":"Feature","properties":{"level":1012},"geometry":{"type":"LineString","coordinates":[[12.0,-4.6],[12.0,-4.36],[12.3,-4.5],[12.0,-4.6]]}},{"type":"Feature","properties":{"level":1012},"geometry":{"type":"LineString","coordinates":[[28.71,-4.25],[29.09,-3.5],[28.79,-2.75],[28.87,-2.0],[29.25,-1.58],[29.5,-1.88],[29.84,-1.25],[29.25,-1.39],[29.0,-1.01],[28.64,-1.25],[28.34,-2.25],[28.64,-2.75],[28.22,-3.75],[28.71,-4.25]]}},{"type":"Feature","properties":{"level":1012},"geometry":{"type":"LineString","coordinates":[[-152.57,-4.0],[-152.2,-4.0],[-152.57,-4.0]]}},{"type":"Feature","properties":{"level":1012},"geometry":{"type":"LineString","coordinates":[[147.5,-4.01],[146.99,-3.5],[147.0,-3.21],[147.63,-3.5],[147.5,-4.01]]}},{"type":"Feature","properties":{"level":1012},"geometry":{"type":"LineString","coordinates":[[-79.51,-3.75],[-79.43,-3.25],[-78.86,-2.75],[-78.5,-2.72],[-78.19,-2.25],[-78.0,-1.0],[-77.59,-0.5],[-77.63,0.25],[-76.5,1.57],[-76.17,1.5],[-76.26,2.0],[-75.68,2.75],[-75.65,3.5],[-75.1,4.5],[-75.25,6.19],[-75.5,6.09],[-75.29,5.75],[-75.66,4.5],[-76.14,4.0],[-76.24,3.25],[-77.42,1.0],[-77.68,1.0],[-77.55,1.25],[-77.75,1.48],[-78.78,0.5],[-78.66,0.25],[-79.08,-0.5],[-79.21,-1.5],[-79.08,-2.25],[-79.64,-3.0],[-79.51,-3.75]]}},{"type":"Feature","properties":{"level":1012},"geometry":{"type":"LineString","coordinates":[[141.5,-3.8],[141.76,-3.75],[141.5,-3.8]]}},{"type":"Feature","properties":{"level":1012},"geometry":{"type":"LineString","coordinates":[[139.0,-3.27],[137.71,-3.0],[138.25,-2.74],[139.25,-2.9],[139.56,-3.25],[139.5,-3.48],[139.0,-3.27]]}},{"type":"Feature","properties":{"level":1012},"geometry":{"type":"LineString","coordinates":[[-147.25,-3.1],[-147.43,-2.75],[-147.25,-2.54],[-146.93,-3.0],[-147.0,-3.18],[-147.25,-3.1]]}},{"type":"Feature","properties":{"level":1012},"geometry":{"type":"LineString","coordinates":[[-8.0,-2.82],[-8.15,-2.75],[-7.75,-2.5],[-7.57,-2.75],[-8.0,-2.82]]}},{"type":"Feature","properties":{"level":1012},"geometry":{"type":"LineString","coordinates":[[-178.25,-2.32],[-178.34,-1.5],[-178.0,-1.38],[-177.25,-1.64],[-177.0,-2.25],[-178.0,-2.48],[-178.25,-2.32]]}},{"type":"Feature","properties":{"level":1012},"geometry":{"type":"LineString","coordinates":[[128.25,-2.35],[128.25,-2.03],[128.45,-2.25],[128.25,-2.35]]}},{"type":"Feature","properties":{"level":1012},"geometry":{"type":"LineString","coordinates":[[-178.75,-2.23],[-179.02,-1.75],[-178.75,-1.58],[-178.56,-2.0],[-178.75,-2.23]]}},{"type":"Feature","properties":{"level":1012},"geometry":{"type":"LineString","coordinates":[[11.69,-2.0],[12.5,-2.18],[12.65,-2.0],[11.0,-0.33],[11.0,-0.96],[11.36,-1.0],[11.0,-1.04],[11.01,-1.5],[11.69,-2.0]]}},{"type":"Feature","properties":{"level":1012},"geometry":{"type":"LineString","coordinates":[[135.79,-1.75],[136.25,-1.93],[136.71,-1.75],[136.25,-1.55],[135.79,-1.75]]}},{"type":"Feature","properties":{"level":1012},"geometry":{"type":"LineString","coordinates":[[-164.0,-1.26],[-164.67,-0.75],[-164.25,-0.6],[-163.75,-1.09],[-163.75,-1.32],[-164.0,-1.26]]}},{"type":"Feature","properties":{"level":1012},"geometry":{"type":"LineString","coordinates":[[-180.0,-0.99],[-179.0,-2.59],[-178.03,-3.0],[-177.4,-4.75],[-177.45,-5.25],[-178.0,-5.61],[-178.25,-5.47],[-180.0,-6.14]]}},{"type":"Feature","properties":{"level":1012},"geometry":{"type":"LineString","coordinates":[[28.66,-0.75],[28.75,-0.92],[29.25,-0.4],[29.25,0.31],[28.66,-0.75]]}},{"type":"Feature","properties":{"level":1012},"geometry":{"type":"LineString","coordinates":[[135.46,-0.75],[135.62,-0.75],[135.46,-0.75]]}},{"type":"Feature","properties":{"level":1012},"geometry":{"type":"LineString","coordinates":[[122.0,-0.44],[121.78,-0.25],[122.0,0.1],[122.29,-0.25],[122.0,-0.44]]}},{"type":"Feature","properties":{"level":1012},"geometry":{"type":"LineString","coordinates":[[179.75,-0.13],[179.75,0.3],[179.75,-0.13]]}},{"type":"Feature","properties":{"level":1012},"geometry":{"type":"LineString","coordinates":[[-105.5,0.19],[-105.5,0.56],[-105.19,0.25],[-105.5,0.19]]}},{"type":"Feature","properties":{"level":1012},"geometry":{"type":"LineString","coordinates":[[6.38,0.25],[6.73,0.25],[6.38,0.25]]}},{"type":"Feature","properties":{"level":1012},"geometry":{"type":"LineString","coordinates":[[10.42,0.25],[10.98,0.25],[11.0,0.85],[11.75,1.5],[11.24,2.0],[11.69,3.0],[11.44,3.5],[11.75,3.8],[12.31,3.75],[12.57,4.25],[12.0,4.55],[11.75,4.13],[11.0,3.98],[10.09,2.5],[9.79,1.25],[10.05,0.5],[10.42,0.25]]}},{"type":"Feature","properties":{"level":1012},"geometry":{"type":"LineString","coordinates":[[112.0,0.51],[111.75,0.75],[111.85,1.0],[112.61,1.0],[112.67,0.75],[112.0,0.51]]}},{"type":"Feature","properties":{"level":1012},"geometry":{"type":"LineString","coordinates":[[-147.5,0.89],[-147.5,1.2],[-147.5,0.89]]}},{"type":"Feature","properties":{"level":1012},"geometry":{"type":"LineString","coordinates":[[118.63,1.0],[118.78,1.0],[118.63,1.0]]}},{"type":"Feature","properties":{"level":1012},"geometry":{"type":"LineString","coordinates":[[109.47,1.75],[109.75,1.58],[109.8,1.75],[109.47,1.75]]}},{"type":"Feature","properties":{"level":1012},"geometry":{"type":"LineString","coordinates":[[-156.2,2.0],[-155.0,2.04],[-154.77,2.5],[-155.0,2.76],[-155.5,2.62],[-156.25,3.49],[-156.5,3.08],[-157.0,3.1],[-157.07,2.75],[-156.2,2.0]]}},{"type":"Feature","properties":{"level":1012},"geometry":{"type":"LineString","coordinates":[[128.25,1.89],[128.25,2.06],[128.25,1.89]]}},{"type":"Feature","properties":{"level":1012},"geometry":{"type":"LineString","coordinates":[[-154.73,2.25],[-154.39,2.25],[-154.73,2.25]]}},{"type":"Feature","properties":{"level":1012},"geometry":{"type":"LineString","coordinates":[[-126.75,2.49],[-127.22,2.75],[-126.75,2.89],[-126.5,3.76],[-126.0,3.97],[-125.84,3.25],[-126.25,3.25],[-126.48,2.5],[-126.75,2.49]]}},{"type":"Feature","properties":{"level":1012},"geometry":{"type":"LineString","coordinates":[[-119.62,2.5],[-119.49,2.75],[-119.75,2.91],[-119.91,2.75],[-119.62,2.5]]}},{"type":"Feature","properties":{"level":1012},"geometry":{"type":"LineString","coordinates":[[-134.0,2.63],[-134.0,3.01],[-134.0,2.63]]}},{"type":"Feature","properties":{"level":1012},"geometry":{"type":"LineString","coordinates":[[-77.07,2.75],[-77.0,2.58],[-76.75,3.1],[-76.75,3.67],[-77.07,2.75]]}},{"type":"Feature","properties":{"level":1012},"geometry":{"type":"LineString","coordinates":[[42.5,2.98],[42.13,3.75],[41.75,4.0],[41.87,4.5],[42.5,4.49],[42.75,4.23],[42.5,2.98]]}},{"type":"Feature","properties":{"level":1012},"geometry":{"type":"LineString","coordinates":[[-169.03,3.25],[-168.82,3.25],[-169.03,3.25]]}},{"type":"Feature","properties":{"level":1012},"geometry":{"type":"LineString","coordinates":[[-147.53,3.25],[-147.5,3.05],[-147.53,3.25]]}},{"type":"Feature","properties":{"level":1012},"geometry":{"type":"LineString","coordinates":[[104.0,3.11],[104.25,3.83],[104.32,3.5],[104.0,3.11]]}},{"type":"Feature","properties":{"level":1012},"geometry":{"type":"LineString","coordinates":[[178.25,3.17],[178.42,3.25],[178.25,3.17]]}},{"type":"Feature","properties":{"level":1012},"geometry":{"type":"LineString","coordinates":[[179.0,3.08],[178.7,3.5],[179.25,3.74],[179.42,3.25],[179.0,3.08]]}},{"type":"Feature","properties":{"level":1012},"geometry":{"type":"LineString","coordinates":[[-134.75,3.37],[-134.75,3.56],[-134.75,3.37]]}},{"type":"Feature","properties":{"level":1012},"geometry":{"type":"LineString","coordinates":[[-74.72,3.5],[-74.13,3.5],[-73.44,4.5],[-73.5,4.97],[-73.84,5.0],[-73.62,5.5],[-73.75,5.69],[-74.32,5.0],[-74.72,3.5]]}},{"type":"Feature","properties":{"level":1012},"geometry":{"type":"LineString","coordinates":[[125.39,3.5],[125.63,3.5],[125.5,3.69],[125.39,3.5]]}},{"type":"Feature","properties":{"level":1012},"geometry":{"type":"LineString","coordinates":[[177.25,3.34],[177.25,3.58],[177.41,3.5],[177.25,3.34]]}},{"type":"Feature","properties":{"level":1012},"geometry":{"type":"LineString","coordinates":[[-156.3,3.75],[-156.25,3.51],[-156.0,3.53],[-155.88,4.0],[-156.25,4.1],[-156.3,3.75]]}},{"type":"Feature","properties":{"level":1012},"geometry":{"type":"LineString","coordinates":[[108.21,3.75],[108.4,4.0],[108.25,4.21],[108.21,3.75]]}},{"type":"Feature","properties":{"level":1012},"geometry":{"type":"LineString","coordinates":[[8.9,4.25],[9.25,4.03],[9.4,4.25],[9.25,4.43],[8.9,4.25]]}},{"type":"Feature","properties":{"level":1012},"geometry":{"type":"LineString","coordinates":[[45.0,4.17],[43.75,5.24],[43.9,5.5],[43.64,5.75],[43.75,5.99],[44.0,5.84],[44.75,6.3],[45.0,5.91],[45.5,6.88],[46.75,6.14],[47.25,6.52],[46.5,5.26],[46.0,4.98],[45.5,5.07],[45.44,4.5],[45.0,4.17]]}},{"type":"Feature","properties":{"level":1012},"geometry":{"type":"LineString","coordinates":[[112.7,4.25],[113.11,4.25],[112.7,4.25]]}},{"type":"Feature","properties":{"level":1012},"geometry":{"type":"LineString","coordinates":[[180.0,4.11],[180.0,4.44]]}},{"type":"Feature","properties":{"level":1012},"geometry":{"type":"LineString","coordinates":[[-180.0,4.44],[-180.0,4.11]]}},{"type":"Feature","properties":{"level":1012},"geometry":{"type":"LineString","coordinates":[[43.0,4.32],[43.0,4.51],[43.0,4.32]]}},{"type":"Feature","properties":{"level":1012},"geometry":{"type":"LineString","coordinates":[[177.25,4.5],[177.5,5.01],[178.33,4.75],[177.75,4.29],[177.25,4.5]]}},{"type":"Feature","properties":{"level":1012},"geometry":{"type":"LineString","coordinates":[[176.75,4.71],[176.75,5.1],[177.05,4.75],[176.75,4.71]]}},{"type":"Feature","properties":{"level":1012},"geometry":{"type":"LineString","coordinates":[[180.0,4.59],[180.0,4.78]]}},{"type":"Feature","properties":{"level":1012},"geometry":{"type":"LineString","coordinates":[[-180.0,4.78],[-179.5,4.9],[-179.38,5.25],[-179.27,6.0],[-179.66,6.25],[-179.43,6.75],[-179.79,7.0],[-179.82,7.75],[-179.25,8.35],[-179.21,8.75],[-179.5,8.75],[-179.45,9.0],[-179.0,9.47],[-178.75,9.32],[-178.45,9.75],[-177.25,9.86],[-176.75,9.6],[-176.5,8.71],[-176.0,8.66],[-175.89,9.25],[-175.46,9.5],[-175.25,10.14],[-174.75,10.06],[-173.75,10.63],[-173.25,10.18],[-173.09,10.75],[-171.82,11.25],[-171.51,11.5],[-171.73,11.75],[-171.5,12.02],[-170.25,12.67],[-169.75,13.23],[-168.75,13.49],[-167.75,14.24],[-166.75,14.08],[-165.25,14.82],[-164.5,14.66],[-161.5,15.17],[-160.75,14.73],[-158.75,14.94],[-156.5,13.78],[-156.0,13.84],[-155.0,13.29],[-153.5,13.28],[-153.25,13.69],[-152.0,12.85],[-150.5,12.25],[-150.25,12.42],[-149.25,12.24],[-148.77,12.5],[-148.96,12.75],[-148.0,13.06],[-147.5,13.6],[-145.75,14.42],[-144.0,14.29],[-141.0,15.07],[-137.75,14.41],[-135.0,15.79],[-133.75,15.97],[-132.5,15.88],[-131.0,15.0],[-129.75,14.6],[-129.25,15.1],[-128.25,14.71],[-127.96,15.25],[-127.96,16.25],[-127.5,16.75],[-127.59,20.25],[-126.85,23.5],[-125.66,25.75],[-123.5,27.81],[-121.46,29.25],[-120.85,30.5],[-120.93,31.25],[-120.48,32.75],[-121.18,34.5],[-121.56,34.75],[-122.3,36.0],[-122.25,37.29],[-121.31,37.0],[-121.21,36.5],[-119.75,34.52],[-118.5,34.53],[-118.25,34.19],[-117.17,34.0],[-115.75,30.88],[-115.0,30.15],[-115.06,31.0],[-116.31,33.25],[-116.25,33.83],[-115.55,33.75],[-116.0,34.51],[-115.0,34.42],[-114.75,35.07],[-114.5,35.14],[-114.16,34.5],[-113.56,34.25],[-113.73,34.0],[-113.5,33.62],[-112.25,33.81],[-111.59,33.5],[-111.28,33.0],[-111.37,32.5],[-111.93,32.25],[-112.1,31.75],[-112.53,31.5],[-111.25,30.5],[-111.79,30.25],[-111.83,29.75],[-110.5,29.57],[-110.0,28.67],[-109.5,28.53],[-109.25,28.0],[-108.38,27.5],[-108.41,27.25],[-107.75,27.09],[-107.52,26.75],[-107.86,26.5],[-107.25,26.13],[-107.18,25.5],[-106.18,24.75],[-106.28,24.25],[-105.75,23.52],[-104.48,22.75],[-103.75,21.91],[-103.59,21.25],[-103.07,21.25],[-103.0,20.88],[-102.25,20.63],[-102.07,21.0],[-102.7,21.25],[-102.25,21.84],[-102.05,21.75],[-102.23,21.5],[-100.48,20.5],[-101.0,20.17],[-102.25,19.94],[-103.0,20.36],[-103.5,20.11],[-103.75,20.26],[-103.97,20.0],[-103.83,19.75],[-104.26,19.5],[-103.5,19.42],[-103.25,19.7],[-101.75,19.08],[-101.0,19.02],[-100.5,19.25],[-100.0,18.24],[-99.53,18.5],[-99.5,18.75],[-97.75,18.98],[-97.54,18.75],[-97.7,18.5],[-97.55,17.75],[-97.75,17.56],[-98.5,17.57],[-99.5,17.98],[-100.75,17.92],[-101.46,18.25],[-101.14,17.75],[-100.5,17.39],[-100.0,17.27],[-99.25,17.46],[-98.75,17.08],[-98.0,17.06],[-96.5,15.95],[-95.91,16.25],[-96.25,16.48],[-96.75,16.27],[-96.95,16.5],[-96.83,17.0],[-96.25,16.83],[-95.42,17.0],[-96.5,17.85],[-96.82,18.5],[-96.43,20.5],[-96.8,21.0],[-96.32,23.75],[-97.0,24.25],[-97.02,25.25],[-96.25,26.22],[-94.25,26.61],[-93.0,27.58],[-91.53,27.75],[-90.85,28.75],[-91.54,29.5],[-91.53,30.0],[-90.75,30.4],[-90.53,30.25],[-90.75,29.95],[-89.5,29.61],[-87.75,30.21],[-85.75,30.2],[-83.63,28.75],[-83.25,27.92],[-81.75,27.1],[-79.65,28.0],[-80.0,28.4],[-80.25,28.26],[-80.5,28.72],[-80.75,28.15],[-81.01,28.5],[-80.81,29.25],[-81.25,29.6],[-81.61,29.5],[-82.0,28.18],[-82.97,29.25],[-81.0,30.11],[-80.25,29.83],[-79.5,30.36],[-78.5,29.92],[-78.25,30.25],[-78.2,29.5],[-78.58,29.25],[-78.45,28.75],[-79.41,28.25],[-78.52,27.5],[-78.17,27.5],[-76.5,28.85],[-76.13,28.75],[-75.75,28.15],[-75.25,28.02],[-75.33,27.25],[-74.5,26.5],[-74.5,26.0],[-71.5,25.41],[-71.1,25.0],[-71.28,24.25],[-70.46,24.5],[-70.0,24.01],[-68.54,23.25],[-67.85,22.25],[-66.09,21.25],[-64.5,21.38],[-63.0,20.68],[-60.0,20.41],[-58.5,19.76],[-58.67,19.5],[-58.43,19.25],[-57.75,18.97],[-57.5,19.09],[-57.0,18.55],[-56.53,18.5],[-55.87,18.0],[-55.44,17.5],[-55.48,17.0],[-54.96,16.75],[-54.75,16.17],[-54.5,16.42],[-53.0,16.36],[-52.25,17.3],[-51.5,17.2],[-50.0,17.5],[-49.0,16.84],[-48.75,17.05],[-48.25,16.81],[-47.5,17.02],[-46.0,16.99],[-45.0,17.42],[-44.5,17.28],[-44.25,16.86],[-41.47,16.75],[-40.89,15.75],[-40.25,15.57],[-39.75,15.87],[-39.0,15.77],[-38.25,15.98],[-37.5,15.58],[-35.5,16.13],[-34.25,16.21],[-33.0,15.96],[-29.5,16.91],[-27.75,16.87],[-26.75,16.09],[-25.75,16.5],[-24.5,16.51],[-24.0,16.29],[-22.5,16.85],[-20.46,18.25],[-20.15,18.75],[-19.75,18.83],[-19.25,19.38],[-18.5,19.62],[-17.26,20.75],[-16.75,21.83],[-16.0,22.17],[-15.75,21.93],[-13.5,21.4],[-13.82,20.5],[-14.5,19.84],[-14.55,19.5],[-14.0,19.06],[-13.0,18.83],[-13.02,19.5],[-11.75,19.56],[-10.25,20.35],[-8.75,20.74],[-7.4,22.0],[-7.15,23.5],[-6.5,23.9],[-4.75,25.75],[-4.5,25.91],[-4.25,25.68],[-1.5,26.38],[-0.95,26.75],[-0.5,27.47],[0.75,27.03],[3.5,26.88],[4.41,26.5],[4.25,25.75],[3.92,25.5],[4.08,24.75],[3.93,24.0],[3.22,23.25],[3.12,22.25],[2.55,20.75],[2.13,20.25],[2.25,19.88],[2.5,19.62],[3.25,19.92],[6.5,20.14],[7.75,19.85],[8.5,19.02],[8.5,17.75],[8.75,17.45],[9.5,17.55],[11.24,20.25],[12.5,20.56],[13.25,20.36],[14.5,21.42],[16.0,21.06],[16.5,19.72],[17.0,19.88],[17.3,19.5],[17.0,19.49],[16.89,19.25],[17.25,18.73],[17.75,18.68],[18.0,18.92],[19.5,18.56],[20.25,18.71],[21.25,18.41],[22.0,18.59],[22.5,18.33],[22.96,18.0],[21.91,17.5],[22.75,16.52],[23.0,16.55],[25.0,17.83],[26.0,17.95],[26.5,17.65],[27.66,18.25],[28.79,19.75],[31.25,21.82],[31.75,21.93],[31.72,22.5],[32.75,23.47],[34.75,22.27],[35.11,21.75],[34.91,21.5],[35.0,20.73],[35.5,21.35],[36.5,20.77],[36.24,19.5],[37.0,18.03],[37.21,18.5],[36.88,19.5],[37.03,21.0],[36.75,21.5],[36.67,22.5],[36.25,23.04],[35.37,23.25],[36.24,25.0],[36.29,25.75],[35.25,26.92],[34.87,27.75],[35.0,28.3],[36.37,27.0],[36.42,26.5],[37.17,26.0],[37.56,24.75],[38.25,24.44],[38.5,24.81],[39.0,23.46],[39.26,23.5],[39.94,21.0],[41.0,20.26],[41.75,19.32],[41.98,18.75],[41.9,18.25],[43.02,17.25],[43.79,13.0],[44.5,12.79],[45.65,13.25],[47.0,13.33],[48.75,12.61],[49.0,11.93],[49.38,11.75],[49.33,11.5],[48.77,11.25],[47.5,11.16],[46.75,10.61],[46.0,10.63],[45.89,10.25],[44.75,10.11],[43.25,10.75],[42.91,11.75],[43.24,12.25],[43.0,12.44],[42.44,11.75],[42.63,11.5],[42.31,10.75],[42.5,10.0],[39.86,9.0],[40.2,10.75],[39.97,14.25],[39.7,15.0],[38.96,15.75],[38.36,17.5],[38.0,17.78],[37.94,17.25],[38.22,17.0],[38.0,16.13],[38.56,15.25],[37.5,14.11],[37.25,14.1],[37.09,13.0],[36.18,12.25],[36.33,11.75],[35.58,10.5],[36.25,9.5],[34.75,9.99],[34.23,9.0],[34.8,8.25],[34.76,7.75],[35.03,7.25],[34.86,6.75],[35.26,6.5],[35.15,5.75],[35.25,5.63],[35.75,5.99],[36.0,6.39],[36.18,6.25],[36.5,4.83],[37.0,4.13],[37.5,3.91],[37.75,3.13],[38.3,3.0],[38.42,2.75],[38.0,2.64],[37.76,2.25],[38.0,2.07],[38.5,2.73],[40.49,1.5],[39.92,1.25],[39.75,0.24],[38.24,0.75],[37.0,2.36],[36.0,0.42],[35.5,1.48],[34.5,1.45],[34.3,1.25],[34.55,0.25],[35.02,-0.25],[34.41,-1.25],[34.88,-2.0],[34.75,-2.82],[35.5,-2.62],[36.25,-1.54],[36.54,-1.75],[36.25,-2.64],[35.26,-3.25],[35.59,-3.5],[35.06,-4.25],[35.25,-5.19],[35.73,-5.75],[35.64,-6.25],[36.12,-7.0],[34.92,-8.0],[34.5,-8.73],[33.75,-8.81],[33.5,-8.55],[33.06,-9.25],[33.8,-11.0],[33.5,-13.0],[32.75,-13.65],[32.5,-14.2],[31.75,-14.25],[31.91,-14.5],[30.75,-15.17],[31.36,-15.75],[30.94,-16.25],[30.49,-16.25],[30.25,-15.75],[29.39,-16.5],[29.24,-17.0],[29.78,-17.75],[29.67,-18.75],[29.03,-19.25],[28.5,-20.09],[27.69,-20.5],[28.0,-20.76],[29.25,-20.74],[29.77,-21.75],[29.64,-22.25],[27.56,-23.0],[27.5,-23.29],[27.0,-23.45],[26.56,-22.5],[26.84,-22.25],[26.36,-22.25],[26.23,-22.75],[25.65,-23.0],[24.4,-24.5],[24.64,-25.25],[24.5,-26.15],[24.03,-26.5],[23.25,-27.75],[22.5,-27.39],[22.0,-27.54],[21.0,-27.28],[19.75,-26.51],[18.63,-26.75],[18.5,-26.28],[16.8,-24.75],[16.64,-24.25],[16.79,-23.25],[17.1,-22.75],[16.75,-22.41],[16.02,-22.5],[16.48,-22.0],[16.5,-21.59],[15.54,-21.5],[16.2,-21.0],[15.45,-20.75],[15.43,-20.25],[14.96,-19.5],[14.14,-19.5],[14.0,-18.33],[13.25,-18.23],[13.0,-17.49],[12.5,-17.85],[12.08,-17.5],[12.25,-16.75],[13.0,-16.5],[14.25,-15.5],[14.27,-15.25],[13.92,-15.0],[14.0,-14.72],[12.97,-14.5],[13.43,-14.0],[13.3,-13.5],[13.87,-13.25],[14.25,-12.61],[14.75,-12.83],[14.86,-13.0],[14.41,-13.5],[13.95,-13.5],[14.25,-14.1],[15.1,-13.25],[14.89,-12.75],[15.25,-12.7],[16.0,-13.14],[16.5,-12.92],[16.95,-12.5],[17.16,-11.75],[17.15,-11.0],[16.75,-10.27],[15.5,-10.34],[15.25,-10.59],[15.0,-10.02],[14.14,-10.25],[13.59,-9.0],[14.04,-8.0],[13.58,-7.75],[13.78,-7.25],[13.25,-6.64],[12.5,-6.26],[12.5,-6.76],[12.0,-6.81],[11.25,-6.11],[11.25,-5.53],[11.75,-5.2],[12.06,-5.25],[12.12,-5.75],[12.5,-5.85],[12.32,-5.25],[12.79,-4.5],[10.8,-3.0],[10.5,-2.39],[10.16,-2.5],[10.41,-3.0],[10.06,-3.25],[10.19,-3.75],[9.25,-4.26],[8.5,-3.33],[7.75,-2.85],[5.25,-2.51],[4.29,-1.75],[4.6,-1.25],[4.0,-0.54],[3.0,-0.94],[2.5,-0.6],[-2.75,-0.47],[-5.5,-1.33],[-6.5,-1.45],[-7.05,-1.25],[-7.01,-1.75],[-7.25,-2.16],[-8.0,-1.92],[-8.91,-2.25],[-9.0,-2.77],[-10.5,-2.97],[-12.5,-4.55],[-13.75,-4.17],[-14.26,-4.5],[-14.37,-5.0],[-14.75,-5.33],[-16.5,-5.85],[-16.86,-5.75],[-17.25,-5.17],[-18.0,-5.01],[-19.5,-6.3],[-22.0,-5.63],[-23.5,-6.11],[-25.25,-5.41],[-27.0,-5.64],[-27.5,-6.27],[-28.25,-6.35],[-29.25,-6.24],[-29.75,-5.91],[-31.0,-6.49],[-31.75,-6.31],[-33.25,-6.47],[-34.0,-6.17],[-34.5,-6.26],[-35.0,-5.85],[-35.25,-6.81],[-35.5,-6.89],[-35.7,-6.5],[-36.25,-6.35],[-36.28,-7.25],[-35.87,-7.75],[-36.25,-8.13],[-36.86,-8.25],[-37.0,-9.75],[-38.75,-9.73],[-38.78,-11.0],[-39.01,-11.5],[-39.5,-11.67],[-39.27,-12.5],[-39.82,-13.25],[-39.53,-14.25],[-39.9,-15.25],[-39.67,-15.5],[-39.58,-17.25],[-39.78,-17.5],[-39.68,-18.0],[-40.12,-18.25],[-40.25,-19.84],[-40.5,-19.62],[-41.25,-19.68],[-41.5,-19.16],[-42.5,-19.52],[-42.5,-18.67],[-42.58,-19.0],[-43.25,-19.48],[-43.6,-19.25],[-43.29,-19.75],[-43.5,-19.88],[-44.25,-20.03],[-44.75,-19.59],[-45.0,-20.49],[-45.95,-20.0],[-46.18,-18.75],[-46.73,-18.25],[-47.25,-17.99],[-47.5,-18.32],[-48.0,-18.06],[-48.75,-18.36],[-48.88,-19.25],[-48.65,-19.5],[-49.0,-19.77],[-49.25,-19.55],[-49.47,-19.75],[-49.5,-21.0],[-50.0,-21.25],[-50.12,-22.0],[-50.51,-22.25],[-50.46,-23.0],[-51.0,-23.32],[-51.25,-23.06],[-51.5,-23.86],[-52.51,-24.0],[-52.52,-24.5],[-52.19,-25.0],[-51.15,-26.0],[-51.69,-26.5],[-51.44,-27.0],[-51.53,-27.5],[-52.0,-27.78],[-52.39,-28.75],[-52.2,-29.25],[-52.5,-29.41],[-52.44,-29.75],[-53.03,-30.25],[-54.0,-32.08],[-55.0,-31.54],[-56.75,-34.14],[-58.0,-34.33],[-58.5,-34.07],[-59.61,-34.5],[-59.67,-35.0],[-60.4,-35.5],[-60.28,-36.25],[-60.75,-36.52],[-60.51,-35.75],[-61.25,-35.9],[-61.75,-36.9],[-62.84,-37.5],[-62.38,-38.5],[-63.5,-38.64],[-64.25,-38.43],[-65.75,-38.65],[-67.75,-38.3],[-68.5,-37.86],[-69.0,-37.9],[-69.5,-37.37],[-70.0,-37.46],[-71.0,-37.84],[-71.25,-38.52],[-71.75,-38.49],[-71.89,-39.0],[-72.5,-39.69],[-72.5,-40.14],[-73.25,-40.09],[-74.0,-41.24],[-78.0,-40.41],[-79.75,-39.6],[-81.29,-38.5],[-82.11,-37.5],[-83.19,-35.5],[-83.55,-34.25],[-83.42,-33.25],[-82.31,-31.0],[-81.5,-30.11],[-79.0,-29.37],[-77.25,-29.81],[-76.25,-29.77],[-73.5,-30.77],[-72.0,-31.9],[-71.5,-33.17],[-71.25,-33.35],[-70.75,-33.04],[-70.7,-33.5],[-71.19,-33.75],[-71.49,-34.75],[-71.4,-36.25],[-71.0,-36.53],[-70.75,-36.41],[-70.44,-34.5],[-70.22,-34.25],[-70.35,-34.0],[-70.1,-32.5],[-70.26,-32.25],[-69.91,-31.75],[-69.94,-30.75],[-69.3,-28.75],[-68.37,-27.75],[-67.94,-26.75],[-68.42,-25.75],[-67.79,-25.5],[-68.21,-24.75],[-67.34,-24.0],[-67.3,-23.0],[-66.99,-22.5],[-67.75,-21.64],[-68.33,-21.5],[-69.08,-18.0],[-69.5,-17.74],[-70.0,-16.85],[-71.82,-15.75],[-72.0,-15.35],[-72.59,-15.25],[-72.15,-15.0],[-72.5,-14.69],[-73.24,-14.75],[-72.85,-15.25],[-72.99,-15.5],[-72.75,-15.9],[-72.25,-15.62],[-72.1,-15.75],[-72.25,-16.06],[-71.5,-16.39],[-71.25,-16.74],[-70.76,-16.75],[-70.84,-17.25],[-70.28,-17.5],[-70.22,-18.0],[-70.25,-18.15],[-70.75,-18.01],[-71.5,-17.06],[-73.75,-16.0],[-74.0,-15.56],[-75.25,-15.18],[-76.31,-14.25],[-76.52,-13.75],[-76.42,-13.0],[-76.25,-12.97],[-76.24,-13.25],[-75.68,-13.5],[-74.75,-14.87],[-74.3,-14.75],[-75.0,-13.73],[-74.86,-13.25],[-75.92,-12.5],[-76.39,-11.25],[-76.25,-11.03],[-76.0,-11.12],[-75.0,-12.15],[-74.46,-11.75],[-75.0,-11.13],[-75.29,-11.25],[-75.75,-9.58],[-76.0,-9.65],[-76.39,-9.25],[-76.44,-8.75],[-77.75,-6.63],[-77.87,-7.0],[-76.88,-9.25],[-77.0,-9.36],[-77.47,-9.0],[-78.0,-7.82],[-78.66,-8.0],[-78.5,-8.43],[-77.98,-8.75],[-78.2,-9.25],[-77.45,-11.0],[-76.99,-11.5],[-77.0,-11.9],[-77.72,-11.25],[-77.75,-10.94],[-78.75,-10.76],[-80.75,-9.66],[-83.05,-7.0],[-84.25,-6.11],[-86.75,-4.81],[-88.24,-3.5],[-88.75,-2.75],[-89.75,-3.17],[-94.25,-3.06],[-95.68,-2.75],[-97.5,-1.69],[-100.0,-1.94],[-100.5,-1.67],[-101.25,-1.66],[-101.75,-0.94],[-102.25,-0.86],[-103.5,-1.09],[-104.0,-0.76],[-104.75,-1.16],[-104.82,-1.0],[-104.0,-0.35],[-103.61,0.5],[-103.93,2.0],[-104.75,3.01],[-105.25,3.16],[-105.5,2.99],[-106.25,3.28],[-107.75,3.21],[-110.0,2.3],[-110.29,2.5],[-109.75,2.62],[-109.57,3.0],[-109.74,3.25],[-110.5,3.08],[-111.75,3.29],[-111.75,2.49],[-112.5,2.73],[-112.32,3.0],[-112.5,3.22],[-113.33,2.75],[-113.25,2.37],[-113.5,2.49],[-113.57,2.25],[-114.5,1.95],[-115.25,1.98],[-115.5,1.57],[-116.75,2.38],[-117.25,1.9],[-117.75,2.08],[-118.25,2.71],[-118.59,2.5],[-118.29,2.0],[-118.44,1.75],[-119.75,1.79],[-120.37,2.25],[-120.75,3.5],[-121.0,2.9],[-121.5,3.75],[-122.0,3.68],[-122.75,4.43],[-123.0,4.07],[-123.25,4.81],[-124.15,4.25],[-123.42,2.75],[-124.0,2.06],[-124.75,1.68],[-125.75,2.0],[-125.5,2.9],[-124.23,3.0],[-124.5,3.5],[-124.34,4.75],[-125.16,5.0],[-124.89,5.25],[-125.25,5.2],[-125.5,5.49],[-125.66,5.0],[-126.5,5.07],[-127.0,5.37],[-128.0,5.14],[-128.25,4.73],[-128.43,5.25],[-129.75,6.29],[-130.25,5.97],[-130.5,6.16],[-130.72,5.75],[-131.5,5.25],[-131.75,4.24],[-133.0,4.05],[-133.75,4.42],[-133.5,3.75],[-133.75,3.11],[-134.5,3.84],[-135.5,3.72],[-135.75,3.05],[-136.89,2.0],[-137.05,1.25],[-136.75,1.35],[-136.72,1.0],[-137.28,0.75],[-137.77,-0.5],[-136.5,-1.18],[-135.5,-1.0],[-135.02,-1.5],[-134.7,-2.5],[-134.25,-2.82],[-134.25,-3.5],[-135.75,-4.21],[-137.75,-3.72],[-138.25,-3.9],[-139.0,-3.7],[-139.25,-3.83],[-139.25,-4.25],[-140.0,-4.57],[-140.25,-4.38],[-141.0,-4.53],[-141.75,-5.03],[-143.0,-4.63],[-143.5,-4.87],[-144.18,-4.5],[-144.25,-4.07],[-145.0,-4.5],[-145.5,-4.04],[-146.13,-4.25],[-146.07,-3.75],[-146.45,-3.25],[-146.25,-2.85],[-145.75,-3.93],[-145.25,-3.82],[-144.75,-3.17],[-144.25,-3.95],[-144.07,-3.75],[-144.03,-3.25],[-144.81,-2.5],[-144.09,-2.0],[-143.96,-1.5],[-145.0,-1.3],[-145.5,-1.51],[-145.86,-1.25],[-145.63,-1.0],[-145.75,-0.82],[-146.25,-0.83],[-146.75,-0.36],[-147.25,-0.66],[-147.38,-0.5],[-147.67,0.0],[-147.25,0.12],[-147.0,0.72],[-146.49,1.0],[-147.28,1.5],[-147.25,2.25],[-147.5,2.51],[-148.59,2.5],[-148.56,3.25],[-148.14,3.5],[-148.25,3.97],[-148.5,3.82],[-148.63,4.25],[-148.09,5.0],[-148.85,6.0],[-148.75,6.61],[-149.25,6.2],[-149.75,6.15],[-150.11,5.5],[-150.75,5.58],[-151.0,5.06],[-151.46,6.0],[-151.75,6.1],[-152.25,5.46],[-153.75,5.84],[-155.17,4.75],[-155.09,4.25],[-154.25,3.76],[-154.24,4.25],[-153.75,4.87],[-153.38,4.5],[-153.75,3.88],[-154.36,3.5],[-154.45,2.75],[-154.25,2.45],[-153.25,2.49],[-152.75,2.17],[-151.75,2.44],[-151.25,2.32],[-151.36,1.75],[-150.53,1.5],[-150.82,0.75],[-150.5,-0.06],[-150.06,0.0],[-150.05,1.0],[-149.5,1.41],[-148.61,1.0],[-148.75,0.64],[-149.72,0.5],[-149.5,0.15],[-148.5,0.48],[-148.31,0.25],[-148.63,-0.75],[-147.84,-2.75],[-148.0,-3.0],[-148.58,-3.0],[-148.5,-3.26],[-149.75,-3.18],[-150.77,-4.0],[-150.0,-4.84],[-149.36,-5.0],[-149.25,-5.35],[-149.5,-5.15],[-150.25,-5.74],[-150.5,-5.09],[-151.25,-6.34],[-152.25,-6.83],[-153.25,-6.91],[-154.25,-6.4],[-155.25,-6.24],[-155.9,-6.5],[-156.64,-7.5],[-157.74,-8.0],[-158.0,-8.38],[-161.0,-7.66],[-162.25,-7.84],[-162.44,-7.5],[-161.5,-7.05],[-161.42,-6.75],[-162.25,-5.98],[-163.0,-6.12],[-163.12,-5.5],[-162.15,-5.0],[-163.0,-4.42],[-164.25,-4.79],[-164.75,-5.46],[-164.91,-5.25],[-164.31,-4.0],[-164.5,-3.86],[-165.0,-4.42],[-164.97,-3.5],[-164.25,-2.82],[-163.0,-2.35],[-162.5,-1.36],[-162.25,-1.65],[-161.62,-1.0],[-161.53,-0.5],[-161.25,-0.49],[-160.25,0.82],[-160.25,1.6],[-159.63,1.5],[-159.82,1.75],[-159.69,2.25],[-160.26,2.5],[-160.07,3.25],[-159.75,3.17],[-159.64,3.5],[-159.75,3.73],[-160.25,3.45],[-160.5,3.8],[-160.75,3.6],[-161.11,4.0],[-161.0,4.24],[-160.75,4.09],[-160.75,4.37],[-161.25,4.22],[-162.75,4.96],[-164.5,4.62],[-164.75,4.37],[-165.25,4.42],[-165.64,3.25],[-165.25,3.14],[-165.28,1.25],[-164.89,1.0],[-165.05,0.75],[-164.87,0.5],[-165.19,0.25],[-164.48,0.0],[-165.0,-0.52],[-165.78,-0.25],[-165.78,0.0],[-165.28,0.25],[-166.0,1.67],[-166.4,1.75],[-166.5,2.04],[-167.25,1.92],[-167.59,2.25],[-167.38,2.5],[-167.5,2.75],[-168.25,2.54],[-169.25,3.09],[-170.5,3.15],[-171.0,2.66],[-171.5,2.62],[-172.5,3.45],[-173.5,3.05],[-174.0,3.16],[-174.25,3.74],[-175.0,3.33],[-176.25,3.72],[-178.0,3.49],[-178.5,3.66],[-179.0,4.26],[-180.0,4.59]]}},{"type":"Feature","properties":{"level":1012},"geometry":{"type":"LineString","coordinates":[[-73.34,5.0],[-72.75,5.26],[-71.88,6.5],[-72.31,7.0],[-72.24,7.5],[-72.75,7.52],[-73.0,7.92],[-73.08,7.25],[-72.6,6.5],[-73.03,6.25],[-73.6,5.25],[-73.34,5.0]]}},{"type":"Feature","properties":{"level":1012},"geometry":{"type":"LineString","coordinates":[[9.54,5.0],[9.75,4.79],[10.75,4.81],[11.04,6.25],[11.75,6.36],[12.7,7.25],[11.75,7.56],[11.5,7.1],[11.0,7.09],[10.87,6.75],[10.01,6.5],[10.02,6.25],[9.65,6.0],[9.85,5.5],[9.54,5.0]]}},{"type":"Feature","properties":{"level":1012},"geometry":{"type":"LineString","coordinates":[[111.2,5.0],[111.25,5.22],[111.2,5.0]]}},{"type":"Feature","properties":{"level":1012},"geometry":{"type":"LineString","coordinates":[[-76.24,5.25],[-76.0,5.11],[-75.8,5.5],[-76.0,6.58],[-76.25,6.78],[-76.32,6.0],[-76.08,5.5],[-76.24,5.25]]}},{"type":"Feature","properties":{"level":1012},"geometry":{"type":"LineString","coordinates":[[113.96,5.25],[114.2,5.25],[113.96,5.25]]}},{"type":"Feature","properties":{"level":1012},"geometry":{"type":"LineString","coordinates":[[118.64,5.25],[118.85,5.25],[118.64,5.25]]}},{"type":"Feature","properties":{"level":1012},"geometry":{"type":"LineString","coordinates":[[110.35,5.5],[110.5,5.32],[110.92,5.75],[110.5,5.77],[110.35,5.5]]}},{"type":"Feature","properties":{"level":1012},"geometry":{"type":"LineString","coordinates":[[-148.28,6.0],[-148.25,5.78],[-147.85,6.25],[-148.0,6.89],[-148.34,6.5],[-148.28,6.0]]}},{"type":"Feature","properties":{"level":1012},"geometry":{"type":"LineString","coordinates":[[43.5,5.94],[43.5,6.1],[43.72,6.0],[43.5,5.94]]}},{"type":"Feature","properties":{"level":1012},"geometry":{"type":"LineString","coordinates":[[103.5,5.91],[103.87,6.75],[104.18,6.75],[104.24,6.25],[104.0,5.83],[103.5,5.91]]}},{"type":"Feature","properties":{"level":1012},"geometry":{"type":"LineString","coordinates":[[124.56,6.0],[125.0,5.89],[125.25,6.15],[125.5,5.75],[125.64,6.0],[125.1,6.75],[125.48,7.0],[125.54,8.25],[125.0,8.87],[124.25,8.19],[123.5,8.46],[122.69,8.0],[123.25,7.63],[123.75,7.93],[124.25,7.34],[124.89,7.25],[125.0,6.95],[124.75,6.55],[124.25,7.14],[124.02,7.0],[124.12,6.25],[124.56,6.0]]}},{"type":"Feature","properties":{"level":1012},"geometry":{"type":"LineString","coordinates":[[-144.33,6.5],[-144.25,6.3],[-144.02,6.5],[-144.1,6.75],[-144.3,6.75],[-144.33,6.5]]}},{"type":"Feature","properties":{"level":1012},"geometry":{"type":"LineString","coordinates":[[111.38,6.5],[111.79,6.75],[112.0,8.02],[111.37,7.5],[111.38,6.5]]}},{"type":"Feature","properties":{"level":1012},"geometry":{"type":"LineString","coordinates":[[121.9,6.5],[122.13,6.5],[121.9,6.5]]}},{"type":"Feature","properties":{"level":1012},"geometry":{"type":"LineString","coordinates":[[103.5,6.68],[103.37,6.75],[103.5,6.68]]}},{"type":"Feature","properties":{"level":1012},"geometry":{"type":"LineString","coordinates":[[110.15,6.75],[111.08,7.25],[110.5,8.5],[110.02,7.5],[110.15,6.75]]}},{"type":"Feature","properties":{"level":1012},"geometry":{"type":"LineString","coordinates":[[-145.12,7.0],[-144.87,7.0],[-145.12,7.0]]}},{"type":"Feature","properties":{"level":1012},"geometry":{"type":"LineString","coordinates":[[121.89,7.0],[122.0,6.86],[122.12,7.25],[121.89,7.0]]}},{"type":"Feature","properties":{"level":1012},"geometry":{"type":"LineString","coordinates":[[-147.72,7.25],[-147.25,7.03],[-147.03,7.25],[-147.25,7.7],[-147.72,7.25]]}},{"type":"Feature","properties":{"level":1012},"geometry":{"type":"LineString","coordinates":[[101.5,7.24],[101.02,7.75],[101.25,8.29],[101.6,8.25],[101.5,7.24]]}},{"type":"Feature","properties":{"level":1012},"geometry":{"type":"LineString","coordinates":[[109.0,7.16],[109.0,7.58],[109.0,7.16]]}},{"type":"Feature","properties":{"level":1012},"geometry":{"type":"LineString","coordinates":[[22.12,7.5],[22.39,7.5],[22.4,8.0],[22.75,8.53],[24.25,8.46],[24.29,8.75],[23.75,8.87],[23.25,9.32],[23.0,9.08],[22.5,9.14],[21.93,8.25],[22.12,7.5]]}},{"type":"Feature","properties":{"level":1012},"geometry":{"type":"LineString","coordinates":[[100.75,7.3],[100.5,7.5],[100.75,7.82],[100.96,7.5],[100.75,7.3]]}},{"type":"Feature","properties":{"level":1012},"geometry":{"type":"LineString","coordinates":[[122.19,7.75],[122.25,7.54],[122.38,7.75],[122.19,7.75]]}},{"type":"Feature","properties":{"level":1012},"geometry":{"type":"LineString","coordinates":[[-71.82,8.0],[-71.0,8.22],[-70.37,9.0],[-70.5,9.23],[-71.13,9.0],[-71.38,8.75],[-71.28,8.5],[-71.82,8.0]]}},{"type":"Feature","properties":{"level":1012},"geometry":{"type":"LineString","coordinates":[[-175.66,8.75],[-175.07,9.0],[-175.25,9.16],[-175.66,8.75]]}},{"type":"Feature","properties":{"level":1012},"geometry":{"type":"LineString","coordinates":[[-82.66,8.75],[-82.27,8.75],[-83.25,9.73],[-84.32,10.25],[-84.02,9.5],[-82.66,8.75]]}},{"type":"Feature","properties":{"level":1012},"geometry":{"type":"LineString","coordinates":[[47.25,8.73],[46.98,9.0],[47.25,9.31],[47.75,8.86],[48.29,8.75],[47.25,8.73]]}},{"type":"Feature","properties":{"level":1012},"geometry":{"type":"LineString","coordinates":[[109.25,8.65],[109.25,9.0],[109.25,8.65]]}},{"type":"Feature","properties":{"level":1012},"geometry":{"type":"LineString","coordinates":[[117.39,8.75],[117.75,8.67],[117.92,9.0],[117.75,9.13],[117.39,8.75]]}},{"type":"Feature","properties":{"level":1012},"geometry":{"type":"LineString","coordinates":[[118.18,9.25],[118.49,9.5],[118.25,9.61],[118.18,9.25]]}},{"type":"Feature","properties":{"level":1012},"geometry":{"type":"LineString","coordinates":[[122.92,9.25],[123.2,9.25],[123.0,10.14],[122.79,9.75],[122.92,9.25]]}},{"type":"Feature","properties":{"level":1012},"geometry":{"type":"LineString","coordinates":[[-176.5,9.67],[-176.66,9.75],[-176.25,10.29],[-176.5,9.67]]}},{"type":"Feature","properties":{"level":1012},"geometry":{"type":"LineString","coordinates":[[-174.18,10.0],[-173.75,9.9],[-173.65,10.25],[-174.18,10.0]]}},{"type":"Feature","properties":{"level":1012},"geometry":{"type":"LineString","coordinates":[[50.0,11.73],[49.79,11.75],[50.0,11.73]]}},{"type":"Feature","properties":{"level":1012},"geometry":{"type":"LineString","coordinates":[[50.5,11.98],[50.45,12.25],[50.82,12.25],[50.87,12.0],[50.5,11.98]]}},{"type":"Feature","properties":{"level":1012},"geometry":{"type":"LineString","coordinates":[[-151.2,12.25],[-151.0,12.21],[-151.0,12.49],[-151.2,12.25]]}},{"type":"Feature","properties":{"level":1012},"geometry":{"type":"LineString","coordinates":[[-91.17,14.5],[-89.98,14.5],[-90.5,14.58],[-91.52,15.25],[-91.09,15.5],[-91.5,16.03],[-91.75,15.47],[-92.75,15.53],[-91.75,14.69],[-91.17,14.5]]}},{"type":"Feature","properties":{"level":1012},"geometry":{"type":"LineString","coordinates":[[-24.46,15.0],[-24.25,14.77],[-24.08,15.0],[-24.25,15.21],[-24.46,15.0]]}},{"type":"Feature","properties":{"level":1012},"geometry":{"type":"LineString","coordinates":[[45.75,15.33],[45.26,15.75],[46.5,15.76],[46.58,16.0],[46.32,16.25],[46.5,16.49],[47.88,15.75],[46.5,15.74],[45.75,15.33]]}},{"type":"Feature","properties":{"level":1012},"geometry":{"type":"LineString","coordinates":[[-92.58,16.5],[-92.25,16.28],[-92.05,16.5],[-92.86,17.0],[-93.0,17.33],[-93.24,17.25],[-92.58,16.5]]}},{"type":"Feature","properties":{"level":1012},"geometry":{"type":"LineString","coordinates":[[45.75,16.95],[45.75,17.41],[46.9,18.5],[47.08,19.5],[46.69,20.0],[46.65,20.5],[47.37,21.25],[47.28,21.75],[47.88,23.25],[48.2,23.5],[48.26,24.25],[48.5,24.43],[49.25,23.91],[49.62,24.25],[49.48,25.5],[49.25,25.81],[49.0,25.72],[47.75,27.07],[45.75,27.81],[45.5,27.46],[44.0,27.69],[43.75,28.23],[43.5,28.29],[42.5,27.72],[41.37,27.75],[41.8,28.5],[42.77,29.0],[43.5,30.09],[44.0,30.01],[44.37,30.25],[44.41,32.0],[45.5,34.11],[46.75,32.93],[48.25,32.69],[49.22,32.25],[49.91,31.0],[51.34,29.5],[51.38,28.75],[51.83,28.0],[53.0,27.24],[54.75,26.94],[55.75,27.52],[56.75,27.52],[57.45,27.25],[57.43,26.5],[57.75,26.15],[59.0,26.28],[60.0,26.03],[62.75,26.08],[63.04,26.0],[63.55,25.25],[63.57,24.75],[62.86,24.0],[63.04,23.5],[62.36,23.0],[62.72,22.0],[62.5,21.76],[61.24,21.75],[59.28,20.75],[58.25,19.17],[58.0,19.02],[57.25,19.32],[56.96,19.0],[57.17,18.75],[56.75,18.19],[56.25,18.4],[55.5,18.03],[55.94,17.75],[55.64,17.25],[55.22,17.5],[55.25,17.79],[53.0,17.41],[50.75,17.81],[50.0,17.49],[48.0,17.31],[47.5,17.62],[46.5,17.04],[45.75,16.95]]}},{"type":"Feature","properties":{"level":1012},"geometry":{"type":"LineString","coordinates":[[-74.11,18.5],[-74.0,18.28],[-73.9,18.5],[-74.11,18.5]]}},{"type":"Feature","properties":{"level":1012},"geometry":{"type":"LineString","coordinates":[[-70.53,18.5],[-70.39,18.75],[-71.0,19.31],[-71.58,19.25],[-71.5,18.91],[-71.85,18.75],[-71.0,18.78],[-70.53,18.5]]}},{"type":"Feature","properties":{"level":1012},"geometry":{"type":"LineString","coordinates":[[-56.25,18.72],[-56.42,18.75],[-56.25,18.72]]}},{"type":"Feature","properties":{"level":1012},"geometry":{"type":"LineString","coordinates":[[-76.83,20.0],[-76.44,20.0],[-76.83,20.0]]}},{"type":"Feature","properties":{"level":1012},"geometry":{"type":"LineString","coordinates":[[58.53,21.0],[59.0,21.07],[59.29,21.5],[59.38,22.75],[58.5,23.32],[57.25,23.5],[56.45,24.25],[56.25,24.81],[56.14,24.0],[56.75,23.36],[56.83,22.75],[57.9,22.0],[58.53,21.0]]}},{"type":"Feature","properties":{"level":1012},"geometry":{"type":"LineString","coordinates":[[38.25,25.22],[37.92,25.75],[38.25,26.26],[39.06,25.75],[38.78,25.25],[38.25,25.22]]}},{"type":"Feature","properties":{"level":1012},"geometry":{"type":"LineString","coordinates":[[68.0,25.59],[67.0,26.5],[66.89,27.25],[67.11,27.5],[67.42,29.75],[68.0,30.02],[69.03,29.5],[68.99,29.25],[69.25,29.14],[70.0,29.86],[70.1,31.5],[70.0,31.84],[69.65,32.0],[70.13,32.5],[70.25,33.26],[71.34,33.75],[71.0,34.15],[70.39,34.25],[70.12,34.5],[70.25,34.59],[72.15,34.5],[75.6,32.25],[77.31,29.75],[77.19,29.5],[77.83,29.0],[77.72,28.75],[78.11,28.0],[79.0,27.0],[79.0,26.49],[78.25,26.15],[77.0,26.89],[76.5,27.84],[75.75,28.17],[75.0,28.17],[73.0,27.83],[70.75,26.87],[70.0,26.09],[69.25,25.71],[68.0,25.59]]}},{"type":"Feature","properties":{"level":1012},"geometry":{"type":"LineString","coordinates":[[58.75,26.98],[57.87,27.5],[57.78,28.0],[58.0,28.16],[60.84,27.25],[60.5,27.0],[58.75,26.98]]}},{"type":"Feature","properties":{"level":1012},"geometry":{"type":"LineString","coordinates":[[58.75,29.72],[58.57,30.0],[59.0,30.02],[59.0,29.64],[58.75,29.72]]}},{"type":"Feature","properties":{"level":1012},"geometry":{"type":"LineString","coordinates":[[-90.0,29.84],[-90.0,30.16],[-90.0,29.84]]}},{"type":"Feature","properties":{"level":1012},"geometry":{"type":"LineString","coordinates":[[58.25,29.97],[58.4,30.5],[58.05,30.75],[58.25,31.01],[58.59,30.5],[58.25,29.97]]}},{"type":"Feature","properties":{"level":1012},"geometry":{"type":"LineString","coordinates":[[-90.25,30.27],[-90.49,30.5],[-90.25,30.59],[-90.25,30.27]]}},{"type":"Feature","properties":{"level":1012},"geometry":{"type":"LineString","coordinates":[[45.5,34.4],[45.5,34.85],[45.66,34.75],[45.5,34.4]]}},{"type":"Feature","properties":{"level":1012},"geometry":{"type":"LineString","coordinates":[[-119.5,35.24],[-120.09,35.75],[-120.36,36.5],[-121.58,38.0],[-121.67,39.25],[-121.5,39.36],[-120.75,38.05],[-119.0,36.41],[-118.82,35.25],[-119.5,35.24]]}},{"type":"Feature","properties":{"level":1012},"geometry":{"type":"LineString","coordinates":[[-116.5,35.7],[-116.19,35.75],[-116.25,35.57],[-116.5,35.7]]}},{"type":"Feature","properties":{"level":1012},"geometry":{"type":"LineString","coordinates":[[-116.75,35.92],[-116.75,36.12],[-116.75,35.92]]}},{"type":"Feature","properties":{"level":1012},"geometry":{"type":"LineString","coordinates":[[-102.75,36.73],[-103.27,37.0],[-103.0,37.54],[-104.0,37.53],[-104.91,38.25],[-104.58,38.75],[-104.02,39.0],[-104.01,39.25],[-104.5,39.58],[-105.02,39.5],[-105.26,40.75],[-104.79,41.25],[-104.86,41.5],[-105.75,42.68],[-107.01,43.0],[-106.94,43.25],[-106.35,43.5],[-106.75,43.75],[-106.55,44.5],[-107.32,45.0],[-106.25,45.67],[-106.0,45.27],[-105.9,45.5],[-106.0,45.86],[-106.74,46.25],[-106.76,47.0],[-107.03,47.25],[-106.0,47.88],[-104.0,48.52],[-104.79,49.25],[-105.0,49.75],[-107.6,51.75],[-110.5,52.93],[-111.78,53.75],[-115.75,54.24],[-116.5,54.7],[-120.0,55.2],[-122.36,56.0],[-124.75,58.41],[-127.0,59.05],[-128.5,58.99],[-131.0,59.68],[-132.0,59.16],[-133.25,59.4],[-134.25,58.92],[-135.0,59.12],[-135.16,59.0],[-134.91,58.75],[-135.3,58.25],[-135.19,58.0],[-137.78,55.75],[-143.75,53.01],[-151.0,50.81],[-154.75,50.15],[-158.47,51.75],[-162.72,54.75],[-162.81,55.0],[-162.5,55.26],[-163.73,56.0],[-165.17,57.5],[-166.51,60.25],[-168.75,63.17],[-169.48,64.75],[-169.5,66.0],[-168.33,67.5],[-166.0,68.35],[-159.75,67.99],[-159.0,68.27],[-157.25,68.3],[-156.99,67.75],[-156.5,67.61],[-155.5,67.4],[-154.0,67.49],[-153.75,67.76],[-147.89,68.5],[-145.85,69.25],[-145.75,69.53],[-145.0,69.25],[-144.25,69.39],[-143.0,69.06],[-141.75,69.6],[-140.75,69.59],[-139.75,69.92],[-132.5,70.92],[-129.75,71.61],[-125.0,73.59],[-124.97,73.25],[-123.5,73.14],[-122.75,73.22],[-122.5,73.5],[-123.11,74.25],[-124.25,74.2],[-124.65,74.0],[-123.99,73.75],[-124.75,73.67],[-125.48,74.5],[-126.96,75.25],[-134.11,77.0],[-134.86,77.75],[-134.82,78.0],[-133.25,78.75],[-128.25,79.26],[-121.5,79.22],[-114.75,78.51],[-110.25,77.37],[-109.5,76.65],[-109.31,75.75],[-108.9,75.5],[-108.39,74.5],[-108.36,73.25],[-109.0,72.61],[-110.0,72.12],[-112.25,71.91],[-114.29,71.25],[-109.5,71.1],[-107.0,71.46],[-102.5,71.15],[-93.0,69.22],[-92.21,68.75],[-92.21,68.25],[-92.5,68.0],[-90.61,66.75],[-90.33,66.0],[-86.6,64.5],[-83.62,62.5],[-82.46,59.75],[-83.62,50.0],[-84.27,49.0],[-84.39,48.5],[-84.2,48.25],[-85.0,47.69],[-85.5,46.75],[-87.5,45.07],[-95.0,41.36],[-97.75,38.8],[-99.25,37.91],[-101.25,36.95],[-102.75,36.73]]}},{"type":"Feature","properties":{"level":1012},"geometry":{"type":"LineString","coordinates":[[-122.0,37.36],[-122.0,37.66],[-122.0,37.36]]}},{"type":"Feature","properties":{"level":1012},"geometry":{"type":"LineString","coordinates":[[103.25,37.71],[103.08,38.0],[102.5,37.98],[102.13,38.5],[103.25,38.52],[103.94,38.0],[103.75,37.67],[103.25,37.71]]}},{"type":"Feature","properties":{"level":1012},"geometry":{"type":"LineString","coordinates":[[-108.5,42.71],[-108.77,43.25],[-108.08,44.0],[-108.5,44.69],[-109.0,44.79],[-109.0,45.34],[-108.5,44.8],[-108.25,45.03],[-107.44,44.0],[-107.5,43.7],[-108.0,43.74],[-108.29,43.5],[-108.06,43.0],[-108.5,42.71]]}},{"type":"Feature","properties":{"level":1012},"geometry":{"type":"LineString","coordinates":[[140.46,43.0],[140.79,43.0],[140.5,43.27],[140.46,43.0]]}},{"type":"Feature","properties":{"level":1012},"geometry":{"type":"LineString","coordinates":[[142.45,44.25],[142.5,44.06],[142.88,44.25],[142.5,44.77],[141.91,44.5],[142.45,44.25]]}},{"type":"Feature","properties":{"level":1012},"geometry":{"type":"LineString","coordinates":[[103.25,44.74],[102.75,45.06],[101.9,45.0],[103.0,45.6],[102.91,45.25],[103.35,45.0],[103.25,44.74]]}},{"type":"Feature","properties":{"level":1012},"geometry":{"type":"LineString","coordinates":[[-70.25,44.96],[-70.45,45.0],[-70.25,44.96]]}},{"type":"Feature","properties":{"level":1012},"geometry":{"type":"LineString","coordinates":[[100.5,45.22],[101.0,45.39],[101.43,45.25],[101.0,45.04],[100.5,45.22]]}},{"type":"Feature","properties":{"level":1012},"geometry":{"type":"LineString","coordinates":[[-5.25,45.99],[-4.75,46.38],[-3.5,46.58],[-2.75,46.51],[-2.67,46.25],[-5.25,45.99]]}},{"type":"Feature","properties":{"level":1012},"geometry":{"type":"LineString","coordinates":[[-114.25,49.85],[-115.37,51.0],[-115.27,51.25],[-117.06,52.5],[-117.32,53.0],[-116.97,53.0],[-116.25,52.33],[-115.0,51.92],[-114.5,52.29],[-114.01,52.0],[-113.66,51.25],[-113.57,50.25],[-113.62,50.0],[-114.25,49.85]]}},{"type":"Feature","properties":{"level":1012},"geometry":{"type":"LineString","coordinates":[[166.5,64.0],[166.86,64.0],[166.5,64.0]]}},{"type":"Feature","properties":{"level":1012},"geometry":{"type":"LineString","coordinates":[[-16.92,64.25],[-16.5,64.17],[-15.7,64.5],[-16.25,64.85],[-17.0,64.87],[-17.72,64.5],[-16.92,64.25]]}},{"type":"Feature","properties":{"level":1012},"geometry":{"type":"LineString","coordinates":[[180.0,72.15],[179.27,71.5],[177.25,70.84],[173.25,69.97],[170.75,70.04],[170.33,69.75],[170.2,69.0],[169.75,68.88],[168.75,69.18],[166.75,68.99],[164.25,69.33],[162.75,69.27],[162.3,69.0],[162.57,68.75],[162.48,68.5],[162.75,68.39],[163.5,68.59],[163.26,68.25],[163.61,68.0],[163.59,67.75],[163.31,67.25],[164.25,66.87],[165.0,67.26],[165.48,67.0],[164.0,66.64],[163.25,66.13],[161.75,66.36],[161.12,66.0],[161.75,66.05],[162.5,64.81],[163.25,64.22],[164.0,64.01],[164.5,64.22],[165.75,64.02],[166.75,63.33],[168.34,63.25],[168.26,63.0],[168.51,62.75],[167.85,62.0],[167.2,60.5],[168.08,59.5],[168.12,58.75],[167.51,57.5],[166.24,56.25],[164.7,53.5],[164.51,53.0],[164.61,51.75],[163.7,50.0],[163.36,48.75],[163.57,48.25],[163.29,47.75],[160.75,46.02],[158.37,43.75],[156.65,42.75],[155.09,40.25],[154.34,37.5],[154.22,33.25],[152.72,27.75],[153.04,27.5],[152.66,26.25],[152.64,25.25],[152.75,24.73],[155.0,23.32],[156.25,22.74],[158.25,22.39],[159.75,23.22],[161.75,23.75],[162.5,24.29],[165.0,27.35],[166.25,28.31],[168.5,28.23],[169.81,27.5],[170.53,26.25],[170.68,25.25],[171.0,24.75],[170.94,24.25],[171.5,23.63],[172.25,23.52],[172.46,23.25],[172.89,21.75],[173.28,21.25],[173.41,20.5],[173.75,20.22],[174.35,18.5],[174.43,17.25],[174.9,17.0],[175.12,16.5],[174.79,16.0],[175.06,14.25],[174.71,13.25],[174.68,12.25],[174.89,12.0],[174.56,11.25],[174.75,10.37],[174.25,8.86],[173.0,6.84],[173.14,5.5],[173.0,5.27],[172.44,5.25],[172.76,5.0],[172.37,4.5],[173.21,3.5],[173.02,3.0],[173.97,2.25],[173.8,2.0],[174.0,1.75],[175.5,1.59],[176.0,1.31],[176.5,1.89],[176.75,1.87],[177.25,1.29],[178.0,1.78],[179.11,1.75],[179.3,1.5],[178.5,0.78],[178.23,-0.25],[178.75,-0.59],[179.0,-1.17],[179.75,-0.58],[180.0,-0.99]]}},{"type":"Feature","properties":{"level":1012},"geometry":{"type":"LineString","coordinates":[[-25.0,73.33],[-25.0,73.81],[-24.82,73.5],[-25.0,73.33]]}},{"type":"Feature","properties":{"level":1012},"geometry":{"type":"LineString","coordinates":[[-180.0,78.11],[-176.99,77.25],[-177.45,76.0],[-178.9,73.75],[-179.23,72.75],[-180.0,72.15]]}},{"type":"Feature","properties":{"level":1012},"geometry":{"type":"LineString","coordinates":[[-22.5,79.43],[-21.9,79.5],[-22.5,79.43]]}},{"type":"Feature","properties":{"level":1012},"geometry":{"type":"LineString","coordinates":[[-19.67,80.0],[-18.96,80.0],[-19.67,80.0]]}},{"type":"Feature","properties":{"level":1012},"geometry":{"type":"LineString","coordinates":[[180.0,88.86],[167.75,88.18],[160.75,87.14],[159.25,86.67],[157.27,85.5],[155.51,84.0],[154.97,83.0],[155.36,82.25],[156.35,81.5],[160.75,80.02],[166.75,79.24],[180.0,78.11]]}},{"type":"Feature","properties":{"level":1016},"geometry":{"type":"LineString","coordinates":[[28.38,-89.0],[53.5,-89.12],[79.25,-88.81],[102.75,-88.12],[112.25,-87.43],[121.25,-86.19],[129.82,-84.25],[130.69,-83.75],[131.98,-83.5],[129.56,-82.75],[131.38,-82.5],[131.15,-82.0],[131.41,-81.75],[134.51,-80.75],[133.47,-80.25],[133.24,-80.0],[133.5,-79.86],[139.21,-79.0],[142.44,-78.0],[139.32,-77.5],[136.48,-75.25],[134.5,-74.78],[129.0,-74.77],[117.25,-76.51],[108.25,-76.71],[105.25,-76.52],[103.25,-76.09],[100.5,-74.86],[96.5,-73.8],[93.75,-74.04],[90.25,-74.86],[86.0,-75.29],[85.0,-75.74],[82.5,-76.12],[80.5,-76.85],[79.0,-77.09],[77.75,-77.07],[77.49,-77.0],[77.56,-76.75],[77.0,-76.65],[75.5,-77.0],[72.25,-77.27],[66.0,-77.41],[64.08,-77.0],[63.75,-76.61],[62.0,-76.14],[59.25,-76.01],[57.55,-75.25],[57.05,-74.75],[57.57,-74.0],[57.32,-73.5],[57.58,-72.5],[57.37,-72.0],[57.5,-71.36],[57.0,-70.95],[54.75,-70.87],[48.5,-72.04],[43.93,-73.5],[36.79,-76.75],[36.75,-77.26],[37.65,-78.0],[36.78,-79.0],[33.25,-79.94],[28.14,-80.75],[27.97,-81.25],[26.0,-81.57],[25.66,-81.75],[26.0,-82.0],[25.75,-82.06],[16.25,-82.08],[7.25,-82.4],[0.75,-83.43],[-10.5,-84.54],[-14.25,-85.25],[-18.25,-86.4],[-24.62,-87.0],[-24.5,-87.19],[-21.25,-87.17],[-15.75,-86.74],[-9.0,-87.11],[-7.98,-87.25],[-8.03,-87.5],[-7.33,-87.75],[0.75,-88.42],[28.38,-89.0]]}},{"type":"Feature","properties":{"level":1016},"geometry":{"type":"LineString","coordinates":[[-34.08,-88.5],[-25.75,-88.7],[-24.15,-88.5],[-24.28,-88.25],[-23.79,-88.0],[-28.0,-87.86],[-33.64,-88.25],[-34.08,-88.5]]}},{"type":"Feature","properties":{"level":1016},"geometry":{"type":"LineString","coordinates":[[-64.17,-61.25],[-62.5,-61.45],[-59.75,-61.23],[-54.25,-59.71],[-49.45,-57.75],[-47.92,-56.75],[-47.42,-56.0],[-47.56,-55.5],[-48.5,-55.04],[-57.0,-54.21],[-60.73,-52.5],[-61.9,-51.25],[-62.17,-50.0],[-61.55,-48.5],[-60.27,-47.25],[-58.2,-45.75],[-53.83,-44.25],[-50.75,-42.28],[-48.0,-41.51],[-46.75,-41.43],[-44.75,-40.64],[-43.75,-40.88],[-42.5,-40.25],[-40.5,-39.67],[-38.0,-39.63],[-33.21,-38.75],[-33.0,-38.26],[-32.75,-38.38],[-32.0,-37.76],[-31.5,-37.71],[-31.0,-37.17],[-30.5,-37.06],[-29.86,-36.0],[-29.11,-36.0],[-28.9,-35.25],[-28.25,-35.2],[-27.75,-34.84],[-28.21,-34.0],[-28.1,-33.75],[-27.25,-33.72],[-27.07,-33.5],[-27.25,-32.76],[-28.36,-31.75],[-28.0,-31.62],[-21.5,-32.72],[-15.75,-34.41],[-11.25,-36.48],[-6.0,-39.47],[-3.67,-40.25],[-2.25,-41.0],[1.75,-42.1],[8.5,-42.94],[20.75,-43.11],[29.75,-43.7],[30.5,-43.58],[31.49,-43.0],[32.0,-42.53],[32.25,-41.74],[33.06,-41.75],[32.65,-41.5],[33.12,-41.0],[32.62,-40.75],[32.55,-40.25],[32.94,-39.75],[32.0,-39.2],[31.66,-38.25],[31.94,-38.0],[31.85,-37.75],[31.75,-37.52],[31.39,-37.5],[31.89,-36.5],[31.16,-36.5],[31.85,-34.25],[31.57,-30.25],[31.0,-29.25],[29.75,-29.17],[28.75,-28.57],[28.04,-29.25],[27.88,-29.75],[28.25,-29.69],[28.46,-30.0],[27.25,-31.05],[26.75,-30.99],[26.0,-31.38],[25.25,-30.92],[24.5,-31.36],[23.75,-31.38],[22.5,-30.93],[21.25,-31.27],[20.87,-30.5],[21.13,-30.0],[20.5,-29.25],[18.5,-28.65],[18.5,-27.75],[18.25,-27.63],[17.0,-27.57],[16.5,-26.85],[15.25,-26.7],[13.67,-24.5],[13.25,-22.0],[12.25,-20.92],[11.0,-20.31],[10.45,-19.5],[9.29,-18.5],[3.5,-15.66],[0.75,-14.62],[-0.75,-14.53],[-2.25,-14.11],[-4.25,-14.1],[-7.75,-13.63],[-14.75,-14.32],[-18.5,-14.38],[-21.25,-14.16],[-23.25,-14.51],[-24.25,-14.32],[-27.75,-14.66],[-31.5,-15.52],[-32.25,-15.22],[-32.43,-16.0],[-33.25,-16.29],[-33.25,-17.16],[-34.75,-17.44],[-35.25,-17.29],[-36.0,-17.7],[-36.38,-18.5],[-36.79,-18.75],[-37.62,-21.5],[-37.42,-22.25],[-38.41,-25.0],[-37.5,-27.29],[-35.75,-28.87],[-33.35,-30.5],[-33.9,-30.5],[-35.25,-29.88],[-35.75,-29.98],[-38.5,-29.0],[-39.0,-29.1],[-40.75,-28.6],[-41.75,-28.68],[-44.5,-28.32],[-47.0,-29.47],[-50.0,-32.17],[-51.5,-33.01],[-52.25,-33.8],[-53.25,-34.31],[-53.88,-35.0],[-55.4,-36.0],[-56.25,-37.02],[-56.5,-37.01],[-57.5,-37.91],[-58.08,-38.75],[-62.25,-39.43],[-64.0,-40.33],[-66.25,-40.03],[-68.75,-40.12],[-70.0,-39.6],[-71.0,-40.04],[-71.08,-40.75],[-71.81,-41.0],[-71.26,-41.75],[-72.14,-42.0],[-71.88,-43.25],[-70.75,-43.16],[-69.25,-42.37],[-68.06,-43.0],[-69.75,-44.0],[-69.72,-44.75],[-70.25,-45.21],[-72.0,-45.91],[-73.0,-45.62],[-73.41,-46.25],[-74.75,-46.55],[-75.31,-46.25],[-76.13,-44.75],[-77.35,-43.25],[-81.25,-40.72],[-82.93,-39.25],[-84.17,-37.75],[-85.2,-35.75],[-85.56,-34.0],[-85.62,-31.25],[-85.11,-28.5],[-84.25,-27.18],[-83.75,-27.2],[-82.75,-26.71],[-81.75,-25.28],[-81.14,-25.0],[-81.0,-24.29],[-78.96,-23.0],[-78.82,-22.25],[-80.07,-20.75],[-82.1,-19.25],[-84.25,-17.11],[-85.25,-16.89],[-87.0,-15.98],[-88.0,-14.94],[-89.25,-14.23],[-90.5,-13.9],[-92.0,-13.09],[-95.47,-11.75],[-98.25,-11.2],[-100.0,-11.38],[-101.25,-11.24],[-103.25,-12.31],[-105.75,-12.32],[-107.0,-11.73],[-108.0,-11.69],[-108.75,-12.07],[-111.0,-11.7],[-111.75,-12.04],[-112.5,-11.89],[-113.0,-12.27],[-113.5,-12.17],[-113.58,-12.75],[-114.5,-12.9],[-114.75,-13.54],[-115.5,-13.83],[-115.93,-14.25],[-116.0,-14.95],[-116.51,-15.0],[-116.25,-15.02],[-115.94,-15.5],[-117.0,-16.12],[-117.5,-16.31],[-120.5,-16.15],[-121.07,-16.5],[-121.25,-16.75],[-120.55,-18.0],[-120.67,-18.75],[-119.75,-19.35],[-119.06,-20.5],[-118.06,-21.25],[-117.5,-22.13],[-115.66,-23.0],[-114.84,-24.5],[-115.0,-24.79],[-115.75,-24.71],[-116.66,-24.0],[-117.0,-23.35],[-117.35,-23.25],[-116.75,-22.96],[-117.75,-22.46],[-117.56,-23.0],[-117.75,-23.15],[-118.25,-22.99],[-118.75,-23.79],[-119.5,-23.92],[-120.0,-24.33],[-120.53,-24.25],[-120.7,-25.5],[-121.25,-25.73],[-121.36,-26.0],[-120.99,-26.75],[-121.06,-27.5],[-120.71,-28.0],[-120.9,-28.75],[-120.26,-31.5],[-119.14,-33.75],[-116.0,-38.02],[-112.5,-41.28],[-104.75,-46.75],[-98.86,-49.5],[-94.75,-50.99],[-91.25,-51.93],[-84.75,-52.69],[-82.25,-52.59],[-79.75,-53.18],[-73.3,-55.75],[-66.77,-60.0],[-64.17,-61.25]]}},{"type":"Feature","properties":{"level":1016},"geometry":{"type":"LineString","coordinates":[[60.47,-52.25],[63.5,-52.47],[68.0,-52.19],[77.75,-49.9],[85.25,-47.01],[90.75,-45.38],[95.82,-43.0],[102.77,-38.75],[104.1,-37.5],[104.12,-36.75],[103.75,-35.75],[104.5,-35.25],[108.0,-34.27],[112.25,-34.2],[113.0,-34.65],[113.85,-34.5],[114.17,-34.0],[114.58,-31.5],[114.18,-29.0],[114.43,-28.5],[114.75,-28.37],[114.87,-26.75],[115.55,-25.25],[116.11,-24.75],[116.93,-24.5],[116.73,-23.75],[116.18,-23.25],[118.0,-22.87],[118.5,-23.15],[118.57,-22.75],[117.75,-22.34],[116.72,-21.25],[115.08,-21.0],[114.83,-20.25],[115.77,-20.25],[115.7,-19.25],[115.05,-17.75],[115.19,-17.25],[114.25,-15.93],[111.25,-14.52],[109.75,-14.45],[105.0,-13.13],[103.25,-12.84],[102.0,-13.04],[98.75,-12.07],[97.25,-12.09],[96.0,-11.71],[94.5,-11.73],[94.0,-11.48],[93.0,-11.55],[91.25,-11.22],[88.25,-11.87],[87.75,-12.26],[86.5,-12.22],[85.5,-12.58],[83.25,-12.35],[81.75,-12.75],[80.25,-12.47],[79.5,-12.85],[79.0,-12.51],[78.25,-12.47],[76.75,-12.62],[76.25,-12.93],[75.75,-12.49],[75.25,-12.63],[74.25,-12.17],[71.5,-11.9],[71.0,-11.55],[70.5,-11.68],[69.5,-11.21],[68.75,-11.33],[67.25,-10.7],[64.5,-11.04],[63.75,-11.35],[60.5,-11.56],[59.96,-11.25],[56.5,-10.54],[53.5,-9.48],[49.75,-8.89],[48.75,-8.31],[47.5,-8.71],[47.0,-8.38],[46.0,-8.42],[45.75,-8.97],[45.5,-8.87],[45.25,-9.11],[44.0,-8.88],[43.75,-9.14],[42.75,-9.16],[42.0,-9.92],[41.25,-9.65],[40.5,-9.89],[39.0,-8.97],[38.74,-9.5],[39.03,-9.75],[38.85,-10.25],[39.36,-11.0],[39.36,-11.5],[39.84,-12.0],[39.75,-12.53],[40.07,-12.5],[39.88,-13.0],[41.0,-13.75],[41.17,-15.0],[40.96,-16.0],[41.15,-16.5],[40.84,-16.75],[40.33,-18.75],[38.91,-20.25],[38.88,-21.25],[38.25,-21.95],[38.0,-21.84],[37.5,-23.04],[37.25,-22.64],[36.0,-23.94],[35.75,-23.9],[35.11,-23.0],[34.45,-23.0],[36.33,-25.25],[35.93,-26.5],[36.05,-27.5],[35.65,-30.25],[35.19,-31.25],[35.53,-32.75],[34.95,-33.0],[35.05,-33.75],[36.68,-37.75],[39.04,-40.5],[43.0,-44.49],[46.56,-47.25],[49.5,-48.84],[54.0,-50.76],[60.47,-52.25]]}},{"type":"Feature","properties":{"level":1016},"geometry":{"type":"LineString","coordinates":[[-180.0,-48.52],[-178.5,-49.5],[-175.25,-50.84],[-170.75,-51.75],[-166.25,-52.09],[-163.5,-51.76],[-160.75,-50.96],[-153.37,-47.75],[-148.39,-44.75],[-143.75,-41.31],[-138.0,-38.8],[-135.8,-37.0],[-134.8,-35.5],[-134.5,-34.5],[-133.5,-33.5],[-132.95,-31.75],[-133.25,-30.75],[-133.03,-30.25],[-133.26,-29.0],[-132.97,-27.5],[-132.25,-27.08],[-131.0,-27.1],[-130.0,-26.63],[-129.5,-26.68],[-129.25,-26.4],[-128.75,-26.58],[-128.5,-26.11],[-127.75,-26.32],[-127.63,-26.0],[-127.89,-25.5],[-127.45,-25.5],[-127.48,-25.25],[-128.34,-24.25],[-127.25,-24.4],[-126.64,-23.75],[-127.0,-23.04],[-127.75,-23.02],[-128.75,-22.2],[-130.9,-21.25],[-132.49,-19.75],[-132.95,-19.0],[-133.88,-18.5],[-135.25,-18.25],[-136.0,-17.87],[-137.5,-18.15],[-139.0,-18.03],[-140.38,-17.5],[-142.75,-16.09],[-145.5,-16.34],[-153.0,-14.75],[-157.5,-15.33],[-158.75,-14.96],[-160.0,-14.89],[-161.25,-15.14],[-163.25,-14.53],[-164.0,-14.82],[-165.0,-14.47],[-165.5,-14.78],[-166.25,-14.65],[-168.0,-15.21],[-170.0,-15.05],[-170.25,-15.23],[-172.0,-15.22],[-178.5,-15.92],[-180.0,-15.85]]}},{"type":"Feature","properties":{"level":1016},"geometry":{"type":"LineString","coordinates":[[-72.65,-45.25],[-72.16,-45.25],[-72.08,-44.25],[-72.26,-44.0],[-72.01,-43.5],[-72.25,-43.01],[-72.52,-43.25],[-72.74,-44.25],[-72.57,-44.5],[-73.16,-45.0],[-72.65,-45.25]]}},{"type":"Feature","properties":{"level":1016},"geometry":{"type":"LineString","coordinates":[[-29.06,-36.25],[-29.0,-36.07],[-29.06,-36.25]]}},{"type":"Feature","properties":{"level":1016},"geometry":{"type":"LineString","coordinates":[[-27.16,-34.25],[-26.85,-34.0],[-27.25,-33.83],[-27.16,-34.25]]}},{"type":"Feature","properties":{"level":1016},"geometry":{"type":"LineString","coordinates":[[-26.83,-33.75],[-26.75,-33.94],[-26.45,-33.75],[-26.83,-33.75]]}},{"type":"Feature","properties":{"level":1016},"geometry":{"type":"LineString","coordinates":[[121.25,-31.42],[121.25,-31.11],[121.25,-31.42]]}},{"type":"Feature","properties":{"level":1016},"geometry":{"type":"LineString","coordinates":[[-69.14,-28.0],[-68.75,-27.95],[-68.75,-27.35],[-68.25,-27.0],[-68.3,-26.25],[-68.5,-26.14],[-68.75,-26.23],[-69.0,-27.2],[-69.41,-27.25],[-69.14,-28.0]]}},{"type":"Feature","properties":{"level":1016},"geometry":{"type":"LineString","coordinates":[[29.43,-26.5],[30.0,-26.68],[30.75,-26.39],[30.42,-26.0],[30.7,-25.75],[30.43,-25.5],[30.93,-25.0],[30.75,-24.54],[29.72,-25.5],[29.43,-26.5]]}},{"type":"Feature","properties":{"level":1016},"geometry":{"type":"LineString","coordinates":[[-67.8,-23.75],[-67.53,-23.75],[-67.75,-22.77],[-67.8,-23.75]]}},{"type":"Feature","properties":{"level":1016},"geometry":{"type":"LineString","coordinates":[[-128.75,-23.64],[-128.95,-23.25],[-128.75,-23.07],[-128.39,-23.25],[-128.75,-23.64]]}},{"type":"Feature","properties":{"level":1016},"geometry":{"type":"LineString","coordinates":[[144.25,-22.9],[144.04,-22.75],[144.25,-22.69],[144.25,-22.9]]}},{"type":"Feature","properties":{"level":1016},"geometry":{"type":"LineString","coordinates":[[43.25,-19.1],[43.25,-18.71],[43.25,-19.1]]}},{"type":"Feature","properties":{"level":1016},"geometry":{"type":"LineString","coordinates":[[42.0,-15.78],[41.68,-15.25],[42.0,-15.1],[42.17,-15.25],[42.0,-15.78]]}},{"type":"Feature","properties":{"level":1016},"geometry":{"type":"LineString","coordinates":[[180.0,-15.85],[177.75,-15.95],[176.0,-16.49],[173.0,-16.41],[170.0,-17.32],[167.75,-17.15],[162.0,-18.34],[158.0,-18.68],[154.25,-18.06],[151.5,-17.11],[148.25,-16.39],[147.5,-16.49],[146.75,-16.06],[144.75,-15.68],[143.5,-15.15],[143.24,-15.5],[144.09,-16.5],[143.4,-18.75],[143.66,-19.75],[143.49,-20.0],[144.11,-20.75],[144.15,-21.75],[144.44,-22.25],[143.97,-22.5],[143.98,-22.75],[143.5,-22.9],[143.0,-22.71],[141.75,-23.69],[141.36,-23.5],[141.25,-22.84],[139.75,-21.64],[139.75,-21.25],[138.75,-21.38],[138.25,-21.7],[137.0,-21.16],[136.25,-21.1],[135.75,-20.61],[135.25,-20.74],[134.75,-20.33],[133.5,-21.35],[133.25,-21.03],[132.5,-21.07],[130.75,-22.1],[130.35,-23.0],[129.25,-23.77],[128.5,-23.81],[127.5,-24.41],[127.5,-25.0],[127.25,-25.25],[126.75,-25.21],[125.5,-25.97],[125.25,-25.61],[124.66,-25.75],[124.75,-26.27],[123.75,-26.35],[123.14,-27.0],[123.26,-27.75],[122.9,-28.0],[123.37,-29.0],[122.67,-31.0],[122.0,-31.08],[121.93,-30.75],[121.5,-30.47],[121.25,-30.88],[120.75,-30.8],[119.88,-31.5],[120.28,-32.0],[119.93,-32.25],[120.5,-32.96],[121.5,-33.21],[121.75,-33.61],[122.25,-33.16],[123.25,-34.12],[123.01,-35.5],[122.3,-36.5],[122.78,-37.75],[122.53,-38.0],[122.39,-39.0],[123.0,-39.73],[123.01,-40.5],[123.25,-40.75],[127.75,-44.11],[134.0,-47.89],[136.75,-49.25],[142.25,-51.42],[145.5,-51.93],[148.0,-51.81],[150.5,-51.21],[154.75,-49.48],[156.67,-47.5],[158.86,-42.25],[159.15,-40.75],[159.96,-39.25],[160.25,-38.07],[161.35,-37.25],[161.75,-36.47],[163.0,-35.87],[164.25,-36.52],[165.44,-37.5],[167.5,-40.0],[168.78,-42.5],[168.37,-44.25],[169.5,-44.12],[171.92,-43.25],[174.25,-41.64],[175.25,-41.79],[175.72,-42.25],[178.5,-47.0],[180.0,-48.52]]}},{"type":"Feature","properties":{"level":1016},"geometry":{"type":"LineString","coordinates":[[43.75,-15.25],[43.61,-15.0],[43.25,-14.98],[43.07,-14.5],[45.25,-13.23],[45.97,-13.5],[46.05,-14.25],[44.75,-15.03],[43.75,-15.25]]}},{"type":"Feature","properties":{"level":1016},"geometry":{"type":"LineString","coordinates":[[166.74,-15.25],[166.75,-15.06],[166.74,-15.25]]}},{"type":"Feature","properties":{"level":1016},"geometry":{"type":"LineString","coordinates":[[39.58,-14.5],[40.25,-14.71],[40.35,-14.5],[40.0,-14.03],[39.58,-14.5]]}},{"type":"Feature","properties":{"level":1016},"geometry":{"type":"LineString","coordinates":[[-70.95,-13.75],[-70.11,-13.75],[-71.25,-13.4],[-70.95,-13.75]]}},{"type":"Feature","properties":{"level":1016},"geometry":{"type":"LineString","coordinates":[[40.18,-13.75],[40.25,-13.89],[40.18,-13.75]]}},{"type":"Feature","properties":{"level":1016},"geometry":{"type":"LineString","coordinates":[[143.12,-13.75],[143.32,-13.75],[143.12,-13.75]]}},{"type":"Feature","properties":{"level":1016},"geometry":{"type":"LineString","coordinates":[[-112.25,-12.32],[-112.0,-12.1],[-112.0,-12.32],[-112.25,-12.32]]}},{"type":"Feature","properties":{"level":1016},"geometry":{"type":"LineString","coordinates":[[34.65,-9.75],[35.14,-9.5],[35.16,-9.25],[34.25,-9.1],[34.09,-9.25],[34.65,-9.75]]}},{"type":"Feature","properties":{"level":1016},"geometry":{"type":"LineString","coordinates":[[148.23,-9.75],[148.23,-9.25],[147.67,-8.75],[146.77,-7.0],[146.25,-7.1],[146.0,-6.36],[145.25,-5.68],[144.5,-5.73],[143.25,-4.93],[142.75,-5.27],[142.25,-5.29],[142.3,-5.0],[141.0,-4.75],[138.75,-3.45],[136.25,-3.45],[136.1,-3.75],[135.47,-4.0],[135.75,-4.19],[136.5,-4.06],[137.25,-4.34],[139.25,-4.5],[140.5,-5.08],[142.0,-5.39],[144.0,-6.73],[144.5,-6.18],[145.5,-6.8],[145.75,-7.35],[146.5,-7.63],[147.12,-8.75],[148.23,-9.75]]}},{"type":"Feature","properties":{"level":1016},"geometry":{"type":"LineString","coordinates":[[35.19,-8.5],[35.75,-8.55],[36.25,-7.76],[36.82,-7.75],[36.75,-6.92],[36.49,-7.0],[36.74,-7.5],[35.5,-7.95],[35.19,-8.5]]}},{"type":"Feature","properties":{"level":1016},"geometry":{"type":"LineString","coordinates":[[38.86,-8.5],[39.0,-8.65],[39.09,-8.5],[38.86,-8.5]]}},{"type":"Feature","properties":{"level":1016},"geometry":{"type":"LineString","coordinates":[[36.89,-6.5],[37.1,-6.5],[37.25,-6.07],[37.5,-6.23],[38.25,-6.05],[38.76,-5.25],[38.85,-4.75],[38.57,-4.5],[38.83,-4.0],[38.5,-3.46],[38.15,-3.5],[38.47,-3.75],[38.25,-3.94],[37.78,-4.0],[38.25,-5.14],[37.25,-5.12],[36.95,-5.5],[36.89,-6.5]]}},{"type":"Feature","properties":{"level":1016},"geometry":{"type":"LineString","coordinates":[[147.12,-6.5],[147.58,-6.25],[145.94,-5.75],[147.12,-6.5]]}},{"type":"Feature","properties":{"level":1016},"geometry":{"type":"LineString","coordinates":[[119.86,-3.5],[120.18,-3.5],[120.02,-3.0],[120.19,-2.5],[121.1,-2.25],[120.75,-2.07],[120.74,-1.75],[120.25,-1.25],[119.64,-2.5],[119.27,-2.75],[119.86,-3.5]]}},{"type":"Feature","properties":{"level":1016},"geometry":{"type":"LineString","coordinates":[[102.28,-3.25],[102.57,-3.25],[101.55,-1.75],[101.05,-1.5],[100.91,-1.0],[100.56,-1.0],[102.28,-3.25]]}},{"type":"Feature","properties":{"level":1016},"geometry":{"type":"LineString","coordinates":[[36.72,-1.25],[37.69,0.0],[37.25,0.21],[37.0,-0.17],[36.5,0.02],[36.0,-0.31],[35.5,0.42],[35.45,-0.75],[36.25,-0.85],[36.72,-1.25]]}},{"type":"Feature","properties":{"level":1016},"geometry":{"type":"LineString","coordinates":[[99.16,1.75],[99.34,1.75],[99.25,2.45],[98.66,2.75],[98.76,3.0],[98.46,3.25],[98.33,2.5],[99.16,1.75]]}},{"type":"Feature","properties":{"level":1016},"geometry":{"type":"LineString","coordinates":[[-76.08,3.0],[-75.91,3.0],[-75.75,4.04],[-76.01,3.75],[-76.08,3.0]]}},{"type":"Feature","properties":{"level":1016},"geometry":{"type":"LineString","coordinates":[[97.42,3.25],[97.87,3.25],[97.8,4.0],[97.0,4.81],[96.09,5.0],[97.42,3.25]]}},{"type":"Feature","properties":{"level":1016},"geometry":{"type":"LineString","coordinates":[[38.22,4.25],[39.0,4.26],[39.5,4.93],[39.65,4.5],[40.25,4.36],[40.9,5.0],[40.8,5.75],[41.11,6.25],[41.28,8.0],[40.5,7.69],[40.2,8.0],[40.25,8.29],[41.0,8.46],[41.25,8.76],[41.5,8.42],[42.5,9.16],[43.25,9.0],[43.42,9.25],[42.5,9.6],[41.25,9.33],[39.25,8.19],[38.5,7.24],[38.26,7.5],[39.85,9.75],[39.93,11.0],[39.61,13.25],[39.85,14.0],[39.5,14.89],[39.0,14.25],[39.35,14.0],[39.25,12.82],[38.71,12.5],[38.89,12.0],[38.5,12.02],[38.0,12.58],[38.0,12.85],[38.25,12.83],[38.63,13.25],[38.25,13.5],[37.15,12.5],[37.08,12.25],[37.5,12.25],[37.39,11.75],[37.25,11.61],[37.0,11.86],[36.59,11.0],[36.62,10.75],[37.25,10.51],[37.5,10.13],[38.0,10.13],[38.31,10.5],[37.96,11.25],[38.75,11.59],[38.72,10.75],[39.12,10.0],[38.5,9.86],[37.75,9.06],[37.0,10.1],[36.37,10.0],[36.91,9.75],[37.5,8.59],[37.93,8.5],[37.69,7.0],[37.08,6.0],[37.25,5.82],[37.75,6.16],[37.67,5.75],[38.22,4.25]]}},{"type":"Feature","properties":{"level":1016},"geometry":{"type":"LineString","coordinates":[[35.71,7.0],[36.0,7.21],[36.5,7.0],[37.0,7.61],[37.25,7.37],[37.06,7.75],[37.37,8.0],[37.25,8.41],[36.75,7.82],[36.25,8.61],[35.75,8.69],[35.1,7.75],[35.73,7.25],[35.71,7.0]]}},{"type":"Feature","properties":{"level":1016},"geometry":{"type":"LineString","coordinates":[[76.37,12.75],[76.5,12.57],[77.08,13.0],[77.02,13.25],[75.68,13.5],[75.6,13.25],[76.0,13.18],[76.37,12.75]]}},{"type":"Feature","properties":{"level":1016},"geometry":{"type":"LineString","coordinates":[[43.99,13.75],[44.25,13.58],[45.0,13.97],[45.25,13.73],[46.62,14.25],[45.0,14.7],[44.61,15.75],[44.0,16.21],[43.62,15.5],[44.08,15.0],[43.99,13.75]]}},{"type":"Feature","properties":{"level":1016},"geometry":{"type":"LineString","coordinates":[[98.67,15.25],[98.75,15.09],[99.16,15.5],[99.0,16.64],[98.67,15.25]]}},{"type":"Feature","properties":{"level":1016},"geometry":{"type":"LineString","coordinates":[[101.66,16.25],[101.86,16.75],[101.61,17.5],[101.27,17.75],[101.5,18.33],[102.2,18.75],[102.52,18.75],[102.75,18.41],[103.75,18.6],[105.0,17.58],[105.75,17.55],[106.5,16.98],[106.5,18.33],[107.75,19.37],[108.75,19.41],[108.97,18.75],[109.5,18.64],[110.11,19.0],[110.5,20.27],[111.75,20.91],[113.75,21.33],[116.5,21.4],[117.73,21.75],[118.47,22.25],[119.37,23.75],[120.5,24.55],[120.75,24.48],[120.86,24.0],[120.59,23.5],[120.61,22.5],[120.75,22.19],[121.25,22.22],[123.5,23.85],[123.75,23.77],[125.25,25.53],[126.12,26.75],[126.56,28.75],[127.51,30.5],[127.98,32.75],[129.28,34.25],[129.17,34.75],[129.86,36.0],[129.66,36.75],[130.25,37.34],[131.25,37.71],[131.25,38.25],[132.25,38.04],[133.0,38.87],[133.19,40.0],[132.95,41.0],[132.49,41.5],[132.5,42.29],[134.0,42.96],[135.04,43.75],[135.5,44.67],[136.37,45.5],[136.53,46.25],[135.31,46.25],[135.0,45.67],[133.75,45.53],[132.5,44.96],[131.75,46.21],[129.93,47.0],[130.15,47.75],[130.86,48.5],[130.67,49.25],[131.0,49.33],[131.5,50.43],[132.01,50.5],[132.09,51.25],[133.29,52.75],[133.15,53.0],[134.5,53.35],[135.4,54.0],[135.25,54.45],[134.79,54.75],[135.39,55.75],[134.75,56.41],[133.22,57.0],[131.67,58.75],[129.46,60.25],[128.39,61.75],[128.0,62.82],[127.5,63.44],[127.5,63.85],[128.0,64.09],[130.0,64.28],[134.25,64.05],[136.75,64.47],[138.0,63.9],[138.75,63.99],[138.41,64.25],[140.27,64.5],[140.02,65.0],[140.15,65.25],[141.0,65.46],[141.76,66.0],[141.61,66.25],[140.0,66.75],[138.87,67.75],[138.75,68.19],[138.0,68.61],[135.0,68.07],[134.45,67.5],[133.5,67.42],[133.25,67.75],[133.52,68.0],[133.25,68.2],[131.0,68.88],[130.04,69.5],[129.75,70.17],[127.75,70.54],[122.25,69.49],[115.0,68.93],[111.75,69.72],[110.25,70.43],[105.75,70.97],[101.5,70.89],[98.0,70.47],[92.75,70.58],[90.0,70.25],[88.3,69.5],[87.46,68.5],[88.31,66.25],[88.4,65.0],[88.8,64.5],[88.46,64.25],[88.52,63.5],[90.75,62.09],[92.22,60.75],[92.37,60.25],[92.78,60.0],[92.67,59.25],[93.1,57.75],[92.0,56.02],[91.12,55.75],[90.0,54.69],[89.5,54.83],[89.25,54.38],[87.77,53.25],[87.95,53.0],[86.25,51.92],[85.25,51.5],[84.5,51.53],[81.5,50.63],[79.75,50.38],[79.5,50.5],[79.73,50.75],[79.5,50.88],[77.25,50.62],[74.14,51.25],[74.21,51.5],[74.0,51.6],[72.25,52.09],[69.06,53.5],[66.75,54.08],[64.25,55.36],[59.5,57.14],[57.25,56.65],[54.5,55.67],[52.25,55.26],[49.25,54.07],[45.0,53.46],[39.5,53.07],[31.75,53.73],[24.25,55.25],[12.5,55.6],[11.37,56.0],[11.63,56.25],[11.54,56.5],[10.69,57.0],[6.91,58.0],[6.0,58.81],[5.75,58.53],[1.5,58.86],[-22.25,59.05],[-31.75,58.69],[-35.0,58.32],[-37.75,57.76],[-38.25,57.38],[-38.29,55.25],[-37.57,53.0],[-37.92,51.25],[-45.0,40.42],[-46.97,35.0],[-46.75,34.22],[-46.01,33.75],[-46.11,32.5],[-45.87,32.25],[-45.0,32.33],[-44.75,32.65],[-43.5,32.44],[-42.11,32.0],[-41.84,31.25],[-40.5,30.63],[-37.05,30.0],[-35.0,28.16],[-34.48,28.0],[-34.0,26.86],[-33.5,26.5],[-31.75,26.1],[-31.0,25.16],[-29.75,24.8],[-27.5,23.45],[-25.75,23.85],[-24.0,24.75],[-20.25,27.31],[-16.25,27.84],[-15.75,27.56],[-13.75,27.27],[-12.5,27.54],[-12.1,26.0],[-11.57,26.0],[-11.5,25.69],[-11.0,25.48],[-10.25,25.8],[-8.25,25.55],[-7.25,25.98],[-6.5,25.84],[-5.5,26.49],[-5.66,26.75],[-5.45,27.25],[-4.5,27.65],[-3.5,28.5],[-3.25,29.12],[-2.5,29.14],[-1.5,29.74],[1.0,30.0],[1.75,29.82],[2.75,28.67],[3.75,28.88],[4.0,28.64],[5.0,28.94],[6.25,28.64],[7.0,27.8],[8.41,27.0],[8.71,26.5],[7.75,25.02],[7.53,25.0],[7.98,24.5],[7.75,24.3],[7.25,24.42],[6.75,23.9],[5.5,23.44],[5.36,23.25],[5.75,22.79],[7.25,23.88],[8.0,22.68],[9.5,23.33],[10.75,22.54],[12.0,22.25],[14.75,23.03],[16.25,21.87],[16.5,22.32],[18.25,22.83],[18.75,22.25],[18.0,21.33],[17.25,21.85],[17.56,21.25],[17.0,21.15],[16.5,21.55],[16.42,21.0],[17.0,20.91],[17.5,20.4],[18.0,20.62],[18.44,19.75],[18.75,19.62],[20.0,20.43],[21.0,20.28],[23.24,21.25],[24.25,22.31],[25.0,21.94],[25.0,22.29],[25.75,22.03],[26.75,22.15],[28.26,24.0],[29.0,23.96],[29.6,24.25],[30.5,25.35],[31.0,25.16],[31.5,25.29],[31.68,25.5],[31.5,26.82],[32.25,26.78],[32.5,27.73],[33.0,27.89],[32.65,28.5],[32.75,29.44],[34.0,28.21],[35.0,29.58],[35.05,29.0],[36.0,28.17],[36.25,29.39],[37.0,28.87],[37.25,28.41],[37.45,28.5],[37.86,29.5],[38.71,30.5],[39.5,30.44],[40.0,30.86],[40.5,30.9],[42.53,32.75],[42.95,34.75],[43.25,34.61],[43.68,35.25],[43.84,36.0],[43.22,36.5],[43.5,36.68],[44.2,36.5],[44.25,36.17],[44.75,36.47],[46.0,36.68],[46.18,37.0],[46.02,37.25],[47.09,37.5],[47.0,37.19],[46.3,37.0],[46.5,36.59],[45.85,36.0],[46.33,35.5],[46.07,34.5],[46.49,33.5],[46.75,34.17],[48.1,33.5],[48.14,33.0],[48.75,33.02],[49.75,32.28],[50.25,31.02],[50.5,31.07],[51.0,30.43],[51.5,30.29],[52.13,29.0],[52.75,28.54],[53.75,28.8],[55.0,28.31],[56.25,28.58],[57.0,28.14],[57.75,28.85],[58.5,28.31],[58.72,28.5],[57.53,30.75],[57.0,31.6],[55.99,32.25],[55.76,33.0],[55.25,33.05],[54.75,33.75],[54.5,33.71],[54.41,33.5],[55.38,32.75],[55.21,32.5],[56.0,30.41],[55.17,31.0],[55.38,31.25],[54.87,31.75],[54.75,32.61],[54.36,32.5],[54.43,32.0],[54.0,31.96],[53.34,32.5],[53.0,33.31],[52.25,33.46],[51.38,34.0],[50.34,35.0],[50.96,35.25],[50.76,35.5],[51.0,35.59],[52.25,35.25],[53.5,35.29],[54.0,34.97],[56.25,35.44],[56.95,34.5],[56.13,33.5],[56.12,32.75],[56.78,32.25],[56.51,33.75],[56.75,33.91],[57.5,32.82],[58.25,32.55],[59.0,31.59],[59.66,31.25],[60.33,28.0],[61.0,27.83],[61.33,27.25],[61.21,27.0],[61.5,26.92],[61.88,27.0],[61.75,27.55],[62.64,27.5],[61.75,28.91],[62.95,29.25],[62.75,29.46],[61.75,29.35],[60.99,30.0],[60.7,31.0],[61.5,32.43],[62.5,32.99],[63.25,33.12],[64.0,32.58],[64.75,32.87],[65.25,32.74],[65.5,33.13],[66.23,32.75],[66.06,32.5],[66.25,32.28],[66.77,32.5],[67.01,32.25],[66.88,31.5],[66.35,30.75],[65.86,29.0],[65.82,28.0],[66.0,27.91],[66.99,28.75],[67.32,30.0],[68.25,30.25],[68.14,30.75],[69.0,31.5],[69.0,32.45],[69.78,32.5],[69.6,33.25],[69.94,33.75],[70.83,33.75],[70.74,34.0],[69.54,34.5],[69.57,34.75],[70.25,34.9],[70.75,34.71],[71.75,35.0],[73.0,34.48],[76.6,32.0],[77.25,30.73],[78.34,30.25],[79.66,29.25],[81.25,28.89],[82.75,27.95],[83.75,27.74],[84.5,27.95],[85.0,27.46],[86.75,26.93],[89.75,26.74],[93.5,27.05],[95.25,28.06],[96.05,28.0],[96.29,27.75],[96.25,27.36],[95.5,27.11],[93.18,25.25],[93.43,25.0],[93.44,24.5],[92.86,23.25],[92.97,22.25],[93.42,21.25],[93.75,20.7],[94.0,20.84],[93.9,23.25],[94.12,24.25],[95.6,26.25],[96.25,26.94],[96.97,26.75],[97.25,26.1],[97.5,26.46],[97.75,26.38],[97.83,25.5],[97.33,23.75],[96.43,22.75],[96.71,22.25],[97.0,22.21],[97.55,22.75],[97.04,21.5],[96.75,21.61],[96.44,21.25],[96.96,18.5],[97.14,18.5],[97.25,19.84],[98.5,21.33],[98.64,20.75],[97.91,19.75],[98.11,19.5],[98.21,17.5],[98.5,17.31],[98.66,17.5],[98.42,18.25],[99.0,19.33],[99.5,18.84],[100.25,19.48],[100.17,19.0],[100.4,18.75],[100.75,19.04],[100.93,18.75],[100.7,17.5],[101.47,17.0],[101.38,16.5],[101.66,16.25]]}},{"type":"Feature","properties":{"level":1016},"geometry":{"type":"LineString","coordinates":[[43.46,16.75],[44.0,16.85],[44.5,16.57],[44.74,16.75],[43.96,17.5],[44.0,18.53],[42.5,19.13],[42.0,19.83],[42.32,18.25],[43.26,17.75],[43.46,16.75]]}},{"type":"Feature","properties":{"level":1016},"geometry":{"type":"LineString","coordinates":[[82.0,17.75],[83.04,18.25],[83.0,19.33],[82.0,17.75]]}},{"type":"Feature","properties":{"level":1016},"geometry":{"type":"LineString","coordinates":[[-97.27,19.0],[-96.96,19.75],[-98.62,20.5],[-98.17,19.75],[-97.4,19.5],[-97.27,19.0]]}},{"type":"Feature","properties":{"level":1016},"geometry":{"type":"LineString","coordinates":[[-180.0,21.14],[-179.0,20.76],[-178.0,20.78],[-177.25,20.26],[-176.5,20.66],[-172.0,21.25],[-167.25,22.87],[-165.75,23.01],[-164.88,23.5],[-165.13,23.75],[-165.0,23.92],[-164.5,23.59],[-159.25,24.83],[-158.25,25.33],[-155.75,25.06],[-153.5,23.85],[-150.5,23.23],[-146.5,24.14],[-145.75,24.58],[-145.22,25.25],[-145.5,26.05],[-143.5,26.67],[-141.5,27.0],[-140.25,26.91],[-140.0,26.36],[-139.5,26.35],[-139.25,25.79],[-138.75,25.48],[-137.0,25.72],[-136.97,26.0],[-136.25,26.45],[-134.25,26.18],[-134.0,27.0],[-133.8,26.5],[-133.0,26.39],[-128.31,32.0],[-126.53,36.75],[-126.04,40.0],[-124.69,42.75],[-124.0,42.82],[-123.75,42.0],[-123.0,42.05],[-122.5,41.45],[-121.39,41.5],[-122.25,41.51],[-122.25,42.08],[-120.93,41.75],[-120.78,41.0],[-121.5,40.61],[-121.5,40.37],[-120.67,40.25],[-120.19,38.5],[-118.25,35.9],[-117.87,36.25],[-117.97,37.25],[-117.4,37.5],[-118.0,37.84],[-119.0,39.12],[-119.25,38.94],[-119.41,39.5],[-119.18,40.0],[-119.87,40.5],[-119.5,40.57],[-118.81,41.5],[-118.81,42.25],[-117.79,43.5],[-117.93,44.0],[-117.25,44.48],[-116.5,44.54],[-116.25,44.32],[-116.0,44.59],[-115.49,43.75],[-115.0,43.53],[-113.75,43.67],[-113.5,44.27],[-113.0,44.23],[-112.9,44.5],[-113.25,44.29],[-113.7,44.75],[-113.41,45.25],[-112.92,45.5],[-113.04,45.75],[-113.5,46.01],[-114.25,45.75],[-114.62,46.75],[-115.0,47.07],[-115.85,47.25],[-115.49,48.0],[-116.22,48.5],[-116.03,48.75],[-116.5,48.5],[-116.75,48.82],[-117.25,48.92],[-117.5,49.35],[-118.0,49.12],[-118.75,49.19],[-118.94,49.0],[-118.34,48.75],[-118.5,48.41],[-118.75,48.64],[-119.01,48.5],[-119.31,49.5],[-119.0,49.39],[-118.8,50.0],[-118.05,50.5],[-118.15,50.75],[-117.89,50.75],[-118.04,50.25],[-117.75,50.12],[-117.62,50.75],[-118.0,51.42],[-118.54,51.5],[-118.25,51.76],[-119.46,52.5],[-119.5,52.8],[-118.88,52.75],[-119.53,53.25],[-119.74,53.75],[-119.64,54.25],[-123.0,55.56],[-124.75,56.94],[-124.94,56.75],[-124.43,56.25],[-124.75,56.14],[-125.88,56.75],[-126.39,57.5],[-127.0,57.74],[-129.5,57.95],[-130.5,57.82],[-131.25,57.45],[-131.36,57.75],[-131.75,57.87],[-133.24,56.75],[-133.89,55.5],[-134.73,54.5],[-136.75,53.23],[-137.53,53.0],[-138.25,52.18],[-142.5,50.56],[-143.25,50.04],[-144.5,49.78],[-145.0,49.2],[-145.75,49.45],[-146.25,48.82],[-149.0,47.94],[-149.25,47.62],[-150.75,47.32],[-150.95,47.0],[-150.61,46.75],[-150.7,46.25],[-150.31,45.75],[-150.5,45.7],[-151.29,46.5],[-151.09,47.0],[-151.75,47.42],[-156.0,47.03],[-159.93,47.25],[-161.02,48.25],[-162.14,50.5],[-165.17,53.5],[-168.5,57.69],[-170.2,59.25],[-172.75,60.98],[-174.75,61.76],[-177.25,61.77],[-179.88,61.0],[-180.0,60.75]]}},{"type":"Feature","properties":{"level":1016},"geometry":{"type":"LineString","coordinates":[[-105.31,23.75],[-104.59,23.75],[-104.7,24.25],[-104.5,24.49],[-103.75,24.26],[-103.56,24.5],[-103.89,25.0],[-103.75,25.23],[-103.33,25.25],[-104.75,27.04],[-105.02,27.0],[-104.84,26.5],[-105.21,26.25],[-105.0,25.97],[-104.25,25.92],[-104.21,25.5],[-104.58,25.5],[-104.5,25.15],[-105.25,25.27],[-105.66,26.0],[-105.54,26.5],[-105.75,26.9],[-106.3,26.25],[-106.05,25.25],[-105.21,24.5],[-105.47,24.25],[-105.31,23.75]]}},{"type":"Feature","properties":{"level":1016},"geometry":{"type":"LineString","coordinates":[[-99.84,23.75],[-99.4,24.0],[-100.08,25.5],[-100.61,26.0],[-100.41,26.25],[-100.9,26.5],[-101.0,26.86],[-101.75,26.94],[-102.03,26.75],[-102.08,27.0],[-101.75,27.12],[-101.63,27.5],[-101.92,28.5],[-101.68,28.75],[-101.76,29.0],[-102.75,29.31],[-102.62,27.0],[-102.31,26.25],[-101.61,26.25],[-101.59,25.75],[-101.24,25.5],[-101.9,25.25],[-101.5,25.04],[-100.75,25.23],[-100.5,25.09],[-99.9,24.25],[-99.84,23.75]]}},{"type":"Feature","properties":{"level":1016},"geometry":{"type":"LineString","coordinates":[[92.19,25.25],[92.95,25.25],[92.25,25.88],[91.25,25.79],[91.03,25.5],[92.19,25.25]]}},{"type":"Feature","properties":{"level":1016},"geometry":{"type":"LineString","coordinates":[[-106.64,26.75],[-106.39,26.75],[-106.6,28.0],[-105.75,28.25],[-106.27,28.75],[-106.33,29.5],[-106.01,29.75],[-106.5,29.97],[-106.75,29.66],[-108.01,29.5],[-108.0,29.15],[-107.32,29.0],[-107.59,28.75],[-107.04,28.25],[-107.25,28.08],[-107.5,28.03],[-108.0,28.79],[-108.32,28.75],[-108.18,28.25],[-107.5,27.86],[-107.52,27.25],[-106.64,26.75]]}},{"type":"Feature","properties":{"level":1016},"geometry":{"type":"LineString","coordinates":[[-140.5,27.35],[-140.5,27.55],[-140.5,27.35]]}},{"type":"Feature","properties":{"level":1016},"geometry":{"type":"LineString","coordinates":[[-8.0,29.23],[-7.99,29.5],[-7.25,30.02],[-5.62,29.75],[-7.5,29.13],[-8.0,29.23]]}},{"type":"Feature","properties":{"level":1016},"geometry":{"type":"LineString","coordinates":[[63.04,29.5],[64.25,29.26],[64.56,29.5],[63.75,29.89],[63.04,29.5]]}},{"type":"Feature","properties":{"level":1016},"geometry":{"type":"LineString","coordinates":[[-103.64,29.75],[-102.52,30.25],[-103.0,30.48],[-103.75,30.32],[-103.95,30.75],[-104.25,30.83],[-104.65,30.5],[-104.69,30.0],[-103.64,29.75]]}},{"type":"Feature","properties":{"level":1016},"geometry":{"type":"LineString","coordinates":[[54.5,30.0],[52.34,32.0],[52.5,32.47],[53.07,32.25],[53.08,31.75],[53.81,31.25],[54.77,30.0],[54.5,30.0]]}},{"type":"Feature","properties":{"level":1016},"geometry":{"type":"LineString","coordinates":[[-106.25,30.25],[-106.0,30.08],[-104.81,30.5],[-105.0,30.95],[-105.25,30.82],[-106.0,31.08],[-106.06,30.75],[-105.68,30.5],[-106.25,30.25]]}},{"type":"Feature","properties":{"level":1016},"geometry":{"type":"LineString","coordinates":[[-9.75,30.1],[-9.96,30.25],[-9.75,30.48],[-8.67,30.5],[-9.75,30.1]]}},{"type":"Feature","properties":{"level":1016},"geometry":{"type":"LineString","coordinates":[[-98.57,31.5],[-98.25,31.37],[-98.0,31.68],[-97.75,31.6],[-97.56,31.75],[-97.65,32.25],[-96.75,32.29],[-95.0,33.69],[-94.61,33.5],[-94.69,33.75],[-94.4,34.0],[-93.25,34.06],[-90.25,35.34],[-88.75,35.71],[-88.12,35.5],[-86.5,34.05],[-86.0,33.99],[-85.61,33.25],[-83.0,32.47],[-81.25,32.5],[-80.75,32.24],[-76.5,33.09],[-75.5,33.05],[-70.25,34.18],[-68.0,35.04],[-66.35,36.25],[-65.8,37.25],[-65.69,38.25],[-65.47,38.5],[-65.91,39.75],[-66.81,41.0],[-68.75,42.17],[-70.75,42.52],[-71.25,42.84],[-71.83,44.0],[-71.56,44.25],[-71.71,45.25],[-74.06,46.25],[-76.5,50.3],[-77.94,51.25],[-78.59,51.25],[-78.39,51.5],[-79.0,51.96],[-80.0,52.07],[-80.79,51.0],[-81.46,48.25],[-82.75,47.76],[-83.25,47.31],[-83.38,46.75],[-84.1,46.0],[-83.94,45.5],[-84.23,45.0],[-85.5,44.18],[-86.5,43.91],[-87.75,42.64],[-90.0,41.46],[-92.68,38.75],[-92.65,38.5],[-92.22,38.5],[-92.51,38.0],[-93.75,37.14],[-94.5,37.14],[-94.75,36.67],[-95.25,36.9],[-96.0,35.75],[-97.67,34.5],[-97.66,34.0],[-98.27,33.0],[-98.18,32.5],[-99.0,32.25],[-98.56,32.0],[-98.57,31.5]]}},{"type":"Feature","properties":{"level":1016},"geometry":{"type":"LineString","coordinates":[[-99.4,32.0],[-99.25,31.84],[-99.12,32.0],[-99.25,32.21],[-99.4,32.0]]}},{"type":"Feature","properties":{"level":1016},"geometry":{"type":"LineString","coordinates":[[-7.0,32.24],[-7.16,32.5],[-6.84,32.5],[-7.0,32.24]]}},{"type":"Feature","properties":{"level":1016},"geometry":{"type":"LineString","coordinates":[[80.75,32.24],[80.0,32.3],[79.5,32.86],[79.75,32.95],[81.21,32.25],[81.0,32.09],[80.75,32.24]]}},{"type":"Feature","properties":{"level":1016},"geometry":{"type":"LineString","coordinates":[[81.75,32.19],[81.0,32.97],[79.75,33.09],[79.02,33.75],[80.0,33.77],[80.5,34.15],[82.0,34.06],[82.25,34.47],[83.27,34.5],[82.75,34.57],[82.75,34.92],[83.25,34.82],[84.0,35.26],[84.25,35.09],[83.57,34.0],[82.75,33.76],[82.5,34.21],[82.04,33.5],[82.75,33.74],[83.64,33.0],[83.5,32.7],[84.0,32.83],[84.24,32.25],[83.25,32.34],[82.0,32.0],[81.75,32.19]]}},{"type":"Feature","properties":{"level":1016},"geometry":{"type":"LineString","coordinates":[[-108.53,32.5],[-107.65,32.5],[-107.53,33.25],[-107.09,34.0],[-107.93,35.0],[-107.39,35.25],[-107.33,35.5],[-108.25,35.65],[-109.0,35.36],[-110.0,35.69],[-110.46,35.25],[-109.96,34.75],[-110.25,34.55],[-111.41,35.25],[-111.75,35.75],[-112.08,35.75],[-112.25,35.25],[-111.75,35.08],[-111.25,34.46],[-110.75,34.26],[-110.25,34.38],[-109.75,33.4],[-108.45,33.0],[-108.53,32.5]]}},{"type":"Feature","properties":{"level":1016},"geometry":{"type":"LineString","coordinates":[[-105.75,32.5],[-105.12,32.5],[-105.39,32.75],[-105.71,34.25],[-106.5,34.89],[-106.34,33.75],[-105.93,34.0],[-106.05,33.25],[-105.75,32.5]]}},{"type":"Feature","properties":{"level":1016},"geometry":{"type":"LineString","coordinates":[[-97.25,32.62],[-97.25,32.87],[-97.25,32.62]]}},{"type":"Feature","properties":{"level":1016},"geometry":{"type":"LineString","coordinates":[[-42.0,33.25],[-42.32,34.25],[-42.0,34.51],[-41.5,34.5],[-42.06,35.25],[-41.5,36.59],[-41.0,36.86],[-39.75,36.8],[-38.53,36.25],[-38.55,35.75],[-39.19,34.5],[-39.02,34.0],[-39.25,33.67],[-40.25,33.13],[-42.0,33.25]]}},{"type":"Feature","properties":{"level":1016},"geometry":{"type":"LineString","coordinates":[[52.83,33.75],[53.15,33.75],[52.75,34.09],[51.93,34.0],[52.83,33.75]]}},{"type":"Feature","properties":{"level":1016},"geometry":{"type":"LineString","coordinates":[[33.0,36.0],[33.45,36.0],[33.0,36.0]]}},{"type":"Feature","properties":{"level":1016},"geometry":{"type":"LineString","coordinates":[[34.0,36.09],[34.0,36.31],[34.25,36.27],[34.0,36.09]]}},{"type":"Feature","properties":{"level":1016},"geometry":{"type":"LineString","coordinates":[[94.75,36.24],[91.68,36.75],[91.88,37.0],[91.29,37.5],[92.25,37.94],[94.12,38.0],[93.25,38.51],[93.0,39.0],[94.25,38.7],[94.57,37.75],[95.43,37.0],[95.52,36.5],[94.75,36.24]]}},{"type":"Feature","properties":{"level":1016},"geometry":{"type":"LineString","coordinates":[[103.0,36.23],[103.99,36.75],[103.91,37.0],[101.5,38.33],[100.5,38.47],[97.75,39.89],[96.75,40.15],[94.0,39.89],[93.0,40.5],[94.25,40.68],[95.25,41.36],[96.5,40.85],[98.0,40.92],[99.0,42.0],[98.2,42.75],[99.04,43.0],[98.25,43.39],[97.0,43.44],[96.6,43.75],[96.63,44.0],[96.0,44.33],[95.5,44.19],[95.35,44.5],[95.65,44.75],[95.61,45.0],[96.25,45.23],[98.77,44.75],[96.5,45.89],[94.75,45.76],[93.83,46.75],[92.25,47.28],[91.24,48.5],[91.83,48.75],[92.06,49.0],[91.96,49.25],[92.5,49.52],[94.75,49.49],[95.19,50.0],[96.5,50.29],[97.75,50.08],[98.16,50.25],[98.75,50.99],[99.0,50.41],[100.0,50.52],[100.5,51.11],[101.2,50.0],[103.16,48.75],[103.06,48.5],[103.5,48.37],[104.0,47.69],[104.5,47.97],[106.49,48.25],[107.0,48.75],[108.25,48.37],[109.25,48.75],[111.0,48.7],[111.6,47.75],[112.57,47.5],[112.2,47.25],[112.75,46.95],[112.0,46.75],[111.25,46.17],[110.92,46.25],[111.23,45.25],[110.34,44.0],[108.0,42.78],[107.47,42.75],[107.31,42.25],[104.95,40.0],[105.25,39.81],[106.75,40.4],[107.05,40.25],[106.75,39.6],[106.0,39.18],[105.74,38.75],[105.75,37.84],[106.26,38.75],[106.69,38.75],[106.41,37.5],[106.0,37.13],[105.0,36.87],[104.0,36.02],[103.0,36.23]]}},{"type":"Feature","properties":{"level":1016},"geometry":{"type":"LineString","coordinates":[[-106.51,36.5],[-105.93,36.75],[-105.44,38.0],[-106.03,38.5],[-105.5,39.05],[-105.54,40.5],[-106.18,41.5],[-106.5,41.57],[-106.75,41.18],[-107.5,41.39],[-108.38,40.75],[-107.85,40.0],[-108.65,39.75],[-108.5,39.49],[-108.13,39.5],[-108.25,38.95],[-107.66,38.75],[-107.75,38.27],[-108.75,38.99],[-109.0,38.52],[-109.36,38.5],[-109.25,38.31],[-108.75,38.52],[-108.25,38.26],[-108.59,37.75],[-108.25,37.27],[-107.0,37.33],[-106.51,36.5]]}},{"type":"Feature","properties":{"level":1016},"geometry":{"type":"LineString","coordinates":[[80.75,36.41],[80.25,36.77],[77.11,37.5],[76.71,37.75],[76.5,38.39],[75.24,39.25],[75.28,39.5],[76.0,39.94],[79.5,40.75],[79.82,41.0],[79.75,41.33],[81.5,41.46],[82.25,41.77],[84.25,42.04],[86.5,41.7],[88.0,40.8],[89.05,40.5],[89.12,40.0],[90.33,39.75],[89.9,39.25],[88.75,39.05],[86.0,37.77],[85.5,37.77],[82.99,36.75],[80.75,36.41]]}},{"type":"Feature","properties":{"level":1016},"geometry":{"type":"LineString","coordinates":[[10.0,37.25],[10.29,37.25],[10.0,37.25]]}},{"type":"Feature","properties":{"level":1016},"geometry":{"type":"LineString","coordinates":[[-113.2,37.5],[-112.25,37.38],[-111.25,37.97],[-111.33,38.75],[-110.88,39.5],[-110.75,39.66],[-110.09,39.5],[-110.25,39.97],[-110.7,40.25],[-109.75,40.4],[-109.25,40.76],[-110.0,41.24],[-110.75,41.37],[-111.0,41.21],[-111.42,40.75],[-111.32,40.0],[-111.86,39.75],[-112.01,39.25],[-111.73,39.0],[-112.0,38.7],[-112.25,39.11],[-112.65,38.5],[-112.55,38.0],[-113.2,37.5]]}},{"type":"Feature","properties":{"level":1016},"geometry":{"type":"LineString","coordinates":[[-1.25,37.36],[-1.31,38.25],[-0.5,38.39],[-0.1,38.75],[-0.65,39.5],[0.27,40.75],[-0.25,40.73],[-1.0,41.24],[-1.5,41.07],[-3.25,41.46],[-4.75,40.72],[-5.75,40.79],[-6.69,40.5],[-6.84,40.25],[-4.84,40.0],[-5.83,39.5],[-5.37,39.0],[-5.55,38.75],[-6.75,38.3],[-7.5,37.52],[-8.25,38.0],[-8.44,38.5],[-9.17,38.75],[-9.25,39.22],[-10.0,39.04],[-10.17,39.25],[-9.99,40.5],[-9.25,41.03],[-8.25,40.55],[-7.9,41.0],[-7.85,41.75],[-8.5,42.61],[-8.83,42.5],[-9.0,41.69],[-9.5,41.5],[-9.77,42.25],[-10.61,43.0],[-10.52,44.25],[-6.75,47.72],[-5.25,48.41],[-3.75,48.65],[-2.75,49.33],[0.0,49.53],[1.25,49.08],[2.75,49.23],[3.75,48.93],[4.5,49.09],[5.06,48.75],[5.18,48.25],[4.68,47.25],[5.25,47.59],[5.66,47.5],[5.1,45.75],[4.75,45.58],[4.5,45.82],[4.25,45.5],[3.75,45.92],[3.25,45.29],[2.75,45.56],[2.44,45.0],[2.49,44.5],[2.2,44.25],[2.42,43.75],[2.45,43.0],[2.25,42.88],[-0.25,43.08],[-0.81,43.0],[-0.84,42.75],[-0.45,42.5],[-0.66,42.25],[-0.5,42.12],[0.0,42.34],[1.0,42.22],[2.08,42.0],[2.25,41.67],[2.57,41.75],[3.0,42.36],[3.5,42.28],[3.98,41.75],[4.5,40.01],[4.25,39.84],[4.0,40.15],[3.86,40.0],[4.06,39.75],[3.75,38.62],[3.46,39.0],[3.0,39.09],[2.55,38.0],[1.5,37.38],[0.75,37.32],[0.0,37.88],[-0.75,37.31],[-1.25,37.36]]}},{"type":"Feature","properties":{"level":1016},"geometry":{"type":"LineString","coordinates":[[-116.5,37.75],[-116.25,37.78],[-116.25,38.43],[-115.73,38.75],[-115.25,38.8],[-114.75,38.52],[-114.5,39.0],[-114.17,38.75],[-114.11,39.5],[-113.83,39.75],[-114.28,40.0],[-114.21,40.5],[-114.52,41.5],[-114.26,41.75],[-114.25,42.3],[-114.75,42.0],[-116.0,42.15],[-116.25,41.6],[-116.75,41.65],[-117.1,41.25],[-116.5,41.05],[-116.31,40.5],[-116.84,40.0],[-118.02,39.5],[-117.9,38.75],[-118.12,38.5],[-117.28,38.5],[-117.25,38.14],[-116.5,37.75]]}},{"type":"Feature","properties":{"level":1016},"geometry":{"type":"LineString","coordinates":[[-157.5,38.15],[-157.22,38.25],[-157.5,38.15]]}},{"type":"Feature","properties":{"level":1016},"geometry":{"type":"LineString","coordinates":[[-157.0,38.39],[-157.21,38.75],[-156.32,39.25],[-156.45,39.5],[-156.0,39.55],[-155.25,40.5],[-154.0,40.59],[-153.65,40.25],[-155.25,38.96],[-156.75,38.31],[-157.0,38.39]]}},{"type":"Feature","properties":{"level":1016},"geometry":{"type":"LineString","coordinates":[[-9.11,39.5],[-8.75,39.83],[-9.11,39.5]]}},{"type":"Feature","properties":{"level":1016},"geometry":{"type":"LineString","coordinates":[[2.79,39.5],[3.0,39.38],[3.07,39.75],[2.75,39.89],[2.58,39.75],[2.79,39.5]]}},{"type":"Feature","properties":{"level":1016},"geometry":{"type":"LineString","coordinates":[[-4.5,39.92],[-4.73,40.0],[-4.0,40.55],[-3.22,40.75],[-3.81,40.25],[-3.75,40.0],[-4.5,39.92]]}},{"type":"Feature","properties":{"level":1016},"geometry":{"type":"LineString","coordinates":[[-10.0,40.89],[-10.11,41.0],[-9.83,41.0],[-10.0,40.89]]}},{"type":"Feature","properties":{"level":1016},"geometry":{"type":"LineString","coordinates":[[-111.6,41.25],[-111.36,41.25],[-111.48,41.75],[-111.1,41.75],[-111.0,41.41],[-110.53,41.75],[-110.25,43.12],[-109.75,42.46],[-109.0,42.33],[-108.9,42.5],[-109.7,43.5],[-109.14,43.75],[-109.79,44.5],[-109.44,45.0],[-109.8,45.25],[-110.39,45.25],[-110.21,44.75],[-110.5,44.34],[-110.88,44.5],[-110.78,44.75],[-111.14,44.75],[-111.1,44.25],[-110.83,44.0],[-111.36,43.25],[-111.0,43.07],[-110.98,42.75],[-111.25,42.64],[-111.17,42.25],[-111.64,42.0],[-111.6,41.25]]}},{"type":"Feature","properties":{"level":1016},"geometry":{"type":"LineString","coordinates":[[-3.03,41.75],[-2.26,42.0],[-3.0,42.38],[-3.5,42.31],[-3.6,42.0],[-3.03,41.75]]}},{"type":"Feature","properties":{"level":1016},"geometry":{"type":"LineString","coordinates":[[-153.75,41.92],[-153.5,42.28],[-153.43,42.0],[-153.75,41.92]]}},{"type":"Feature","properties":{"level":1016},"geometry":{"type":"LineString","coordinates":[[-150.0,41.94],[-150.18,42.0],[-149.5,42.67],[-148.25,43.49],[-146.69,44.0],[-147.25,43.36],[-150.0,41.94]]}},{"type":"Feature","properties":{"level":1016},"geometry":{"type":"LineString","coordinates":[[92.75,42.14],[92.25,42.41],[91.89,43.0],[93.5,43.0],[93.56,42.25],[92.75,42.14]]}},{"type":"Feature","properties":{"level":1016},"geometry":{"type":"LineString","coordinates":[[2.75,42.64],[2.75,42.86],[3.11,42.75],[2.75,42.64]]}},{"type":"Feature","properties":{"level":1016},"geometry":{"type":"LineString","coordinates":[[89.0,42.71],[89.0,43.01],[89.53,42.75],[89.0,42.71]]}},{"type":"Feature","properties":{"level":1016},"geometry":{"type":"LineString","coordinates":[[-6.54,43.0],[-4.75,42.85],[-3.59,43.25],[-6.0,43.27],[-6.54,43.0]]}},{"type":"Feature","properties":{"level":1016},"geometry":{"type":"LineString","coordinates":[[104.28,43.0],[105.25,42.79],[105.67,43.0],[105.5,43.16],[104.75,43.06],[103.5,43.82],[102.79,43.75],[102.7,43.5],[103.5,43.53],[104.28,43.0]]}},{"type":"Feature","properties":{"level":1016},"geometry":{"type":"LineString","coordinates":[[97.19,46.0],[97.57,46.0],[97.0,46.39],[96.25,46.36],[97.19,46.0]]}},{"type":"Feature","properties":{"level":1016},"geometry":{"type":"LineString","coordinates":[[97.65,46.75],[98.64,47.5],[98.5,47.74],[96.25,48.68],[96.25,48.19],[96.83,47.75],[96.75,47.25],[97.65,46.75]]}},{"type":"Feature","properties":{"level":1016},"geometry":{"type":"LineString","coordinates":[[124.25,46.73],[124.25,46.88],[124.25,46.73]]}},{"type":"Feature","properties":{"level":1016},"geometry":{"type":"LineString","coordinates":[[116.0,46.97],[115.82,47.0],[116.21,47.75],[117.03,47.75],[117.05,47.5],[116.0,46.97]]}},{"type":"Feature","properties":{"level":1016},"geometry":{"type":"LineString","coordinates":[[124.0,47.11],[123.25,47.31],[123.18,47.75],[123.46,48.0],[125.25,48.3],[125.93,48.0],[124.75,47.14],[124.0,47.11]]}},{"type":"Feature","properties":{"level":1016},"geometry":{"type":"LineString","coordinates":[[180.0,60.75],[179.0,60.25],[176.75,60.84],[172.75,60.27],[172.36,59.5],[171.5,59.04],[171.01,58.0],[168.02,55.75],[167.12,54.75],[165.7,51.25],[165.23,50.75],[164.83,49.0],[165.07,48.25],[164.75,47.52],[157.95,41.5],[156.66,37.5],[156.34,32.0],[156.38,31.25],[156.73,31.0],[157.0,29.93],[158.25,28.7],[159.25,28.36],[162.5,28.39],[166.0,29.66],[168.0,29.58],[169.75,28.95],[172.75,27.24],[173.7,26.0],[174.78,25.0],[175.75,24.51],[177.0,23.08],[180.0,21.14]]}},{"type":"Feature","properties":{"level":1016},"geometry":{"type":"LineString","coordinates":[[171.57,61.0],[172.25,61.17],[173.06,61.75],[171.52,62.25],[171.92,62.5],[171.75,62.6],[170.6,62.25],[170.46,62.0],[170.75,61.43],[171.57,61.0]]}},{"type":"Feature","properties":{"level":1016},"geometry":{"type":"LineString","coordinates":[[-66.03,64.0],[-65.5,63.81],[-65.59,64.5],[-66.25,64.67],[-66.61,64.5],[-66.67,64.25],[-66.03,64.0]]}},{"type":"Feature","properties":{"level":1016},"geometry":{"type":"LineString","coordinates":[[-68.53,64.25],[-67.53,64.25],[-67.3,64.5],[-67.44,64.75],[-67.13,65.0],[-68.5,65.35],[-68.93,65.0],[-69.07,64.5],[-68.53,64.25]]}},{"type":"Feature","properties":{"level":1016},"geometry":{"type":"LineString","coordinates":[[178.71,67.0],[179.8,67.0],[178.71,67.0]]}},{"type":"Feature","properties":{"level":1016},"geometry":{"type":"LineString","coordinates":[[177.0,67.25],[177.75,67.1],[179.86,68.0],[179.25,68.33],[176.0,68.79],[174.74,68.5],[176.0,67.87],[176.59,68.0],[176.39,67.75],[176.75,67.73],[177.0,67.25]]}},{"type":"Feature","properties":{"level":1016},"geometry":{"type":"LineString","coordinates":[[-32.22,69.5],[-29.25,69.75],[-32.22,69.5]]}},{"type":"Feature","properties":{"level":1016},"geometry":{"type":"LineString","coordinates":[[-65.5,69.75],[-65.92,70.0],[-65.91,70.25],[-65.43,70.5],[-64.55,70.5],[-64.2,70.25],[-64.5,69.81],[-65.5,69.75]]}},{"type":"Feature","properties":{"level":1016},"geometry":{"type":"LineString","coordinates":[[-92.35,73.25],[-91.5,73.17],[-90.57,73.75],[-91.25,74.0],[-94.25,73.75],[-93.5,73.31],[-92.35,73.25]]}},{"type":"Feature","properties":{"level":1016},"geometry":{"type":"LineString","coordinates":[[-55.75,73.47],[-55.54,74.5],[-56.75,75.8],[-59.72,77.0],[-58.75,77.31],[-56.5,77.03],[-54.5,77.06],[-50.0,78.14],[-48.75,78.06],[-47.91,77.75],[-52.43,75.75],[-52.25,75.5],[-51.07,75.25],[-53.81,74.75],[-54.33,74.5],[-54.5,73.52],[-55.75,73.47]]}},{"type":"Feature","properties":{"level":1016},"geometry":{"type":"LineString","coordinates":[[-75.0,73.92],[-74.0,74.24],[-73.66,74.0],[-75.0,73.92]]}},{"type":"Feature","properties":{"level":1016},"geometry":{"type":"LineString","coordinates":[[-94.04,74.75],[-93.48,74.75],[-93.77,75.75],[-94.75,75.66],[-95.29,75.25],[-94.04,74.75]]}},{"type":"Feature","properties":{"level":1016},"geometry":{"type":"LineString","coordinates":[[-65.5,74.74],[-65.25,75.02],[-64.5,75.15],[-63.75,75.1],[-63.48,74.75],[-64.75,74.52],[-65.5,74.74]]}},{"type":"Feature","properties":{"level":1016},"geometry":{"type":"LineString","coordinates":[[-78.25,74.88],[-78.48,75.0],[-77.5,75.35],[-76.5,75.34],[-76.04,75.0],[-77.0,74.8],[-78.25,74.88]]}},{"type":"Feature","properties":{"level":1016},"geometry":{"type":"LineString","coordinates":[[-75.0,75.93],[-75.66,76.5],[-74.5,76.97],[-72.75,76.94],[-71.65,76.25],[-73.0,75.88],[-75.0,75.93]]}},{"type":"Feature","properties":{"level":1016},"geometry":{"type":"LineString","coordinates":[[-72.5,77.39],[-73.09,77.75],[-73.0,77.99],[-71.0,77.5],[-72.5,77.39]]}},{"type":"Feature","properties":{"level":1016},"geometry":{"type":"LineString","coordinates":[[-58.0,78.45],[-59.08,78.75],[-57.97,79.25],[-58.0,79.61],[-58.4,79.75],[-57.25,79.92],[-56.75,80.22],[-55.5,80.25],[-55.08,80.0],[-56.73,79.75],[-55.25,79.44],[-54.24,79.5],[-54.75,79.5],[-54.58,79.0],[-56.0,78.55],[-58.0,78.45]]}},{"type":"Feature","properties":{"level":1016},"geometry":{"type":"LineString","coordinates":[[-91.0,79.65],[-91.25,79.75],[-90.03,79.75],[-91.0,79.65]]}},{"type":"Feature","properties":{"level":1016},"geometry":{"type":"LineString","coordinates":[[-86.75,79.74],[-86.57,79.75],[-86.75,79.74]]}},{"type":"Feature","properties":{"level":1016},"geometry":{"type":"LineString","coordinates":[[-180.0,80.19],[-173.25,78.67],[-170.84,77.5],[-170.75,76.71],[-173.5,73.0],[-173.63,71.5],[-173.0,70.64],[-171.25,70.21],[-166.0,70.24],[-160.25,69.5],[-161.68,69.0],[-160.0,68.72],[-159.59,68.75],[-159.25,69.19],[-158.72,69.25],[-159.24,69.5],[-159.0,69.58],[-154.25,70.6],[-143.5,71.84],[-141.28,72.5],[-141.03,73.0],[-141.75,73.75],[-141.75,75.0],[-145.52,77.5],[-146.44,78.75],[-145.8,79.5],[-143.29,80.25],[-136.75,80.97],[-126.25,81.43],[-107.0,80.94],[-102.5,80.61],[-101.75,80.49],[-99.1,79.25],[-99.5,78.8],[-100.46,78.5],[-100.25,78.35],[-94.79,77.25],[-95.0,76.99],[-95.75,77.14],[-96.53,76.75],[-95.5,76.24],[-93.75,76.13],[-93.49,76.0],[-93.75,75.75],[-92.74,75.5],[-91.75,74.72],[-89.75,74.39],[-88.75,74.56],[-84.75,74.27],[-84.14,74.0],[-84.75,73.71],[-85.25,73.96],[-87.25,73.89],[-89.0,73.27],[-89.14,73.0],[-87.0,72.39],[-86.25,72.55],[-85.25,71.69],[-82.75,70.55],[-78.0,70.08],[-76.0,69.48],[-72.77,69.0],[-71.13,68.25],[-70.79,67.75],[-69.25,67.28],[-68.88,66.75],[-68.25,66.44],[-65.56,66.25],[-65.57,66.75],[-64.75,66.77],[-65.5,66.25],[-64.5,65.88],[-64.25,66.06],[-63.75,65.94],[-63.91,66.25],[-63.25,66.23],[-63.25,66.78],[-62.78,66.75],[-63.25,67.25],[-64.04,67.25],[-63.92,67.5],[-64.5,67.92],[-65.84,68.25],[-65.68,68.5],[-64.25,69.13],[-62.0,69.15],[-57.32,67.75],[-56.68,67.0],[-55.47,66.25],[-55.0,65.48],[-54.0,64.68],[-53.25,64.49],[-51.25,64.56],[-50.55,63.75],[-50.0,63.51],[-49.25,63.61],[-49.0,63.19],[-48.01,62.75],[-47.25,62.1],[-44.0,61.5],[-43.59,62.0],[-43.4,63.0],[-42.64,63.75],[-42.0,65.64],[-40.0,66.45],[-39.25,67.01],[-38.0,67.31],[-36.25,67.31],[-34.42,68.5],[-34.75,69.33],[-31.75,70.11],[-31.31,71.25],[-31.38,72.0],[-28.75,73.07],[-27.09,74.0],[-27.73,74.25],[-25.34,75.25],[-25.2,75.5],[-25.42,76.25],[-24.81,77.0],[-25.55,77.5],[-24.35,78.5],[-25.71,79.0],[-25.43,79.25],[-27.5,79.56],[-28.25,80.23],[-29.75,80.92],[-34.66,81.5],[-34.25,81.95],[-32.0,82.25],[-36.25,82.73],[-35.33,83.0],[-36.75,83.37],[-39.5,83.12],[-40.5,82.7],[-42.25,83.1],[-45.0,83.04],[-45.65,82.75],[-45.25,82.47],[-46.0,82.71],[-49.5,82.24],[-59.0,82.04],[-64.25,81.38],[-64.96,81.5],[-64.54,81.75],[-64.75,81.94],[-66.5,82.09],[-68.0,81.59],[-71.25,81.54],[-78.04,82.0],[-77.0,82.38],[-75.0,82.11],[-69.59,82.5],[-71.0,82.9],[-71.75,82.74],[-72.5,82.99],[-81.25,83.09],[-84.0,82.81],[-86.0,82.9],[-86.32,83.0],[-80.3,84.5],[-79.52,85.0],[-79.37,85.5],[-80.09,86.0],[-81.0,86.25],[-86.0,86.75],[-109.5,87.44],[-142.5,87.53],[-166.25,86.96],[-180.0,85.9]]}},{"type":"Feature","properties":{"level":1016},"geometry":{"type":"LineString","coordinates":[[-52.75,80.98],[-49.25,81.34],[-48.2,81.25],[-50.75,80.86],[-52.75,80.98]]}},{"type":"Feature","properties":{"level":1016},"geometry":{"type":"LineString","coordinates":[[-81.5,81.47],[-81.71,81.5],[-80.25,81.71],[-78.93,81.5],[-81.5,81.47]]}},{"type":"Feature","properties":{"level":1016},"geometry":{"type":"LineString","coordinates":[[-67.0,81.44],[-66.5,81.66],[-66.08,81.5],[-67.0,81.44]]}},{"type":"Feature","properties":{"level":1016},"geometry":{"type":"LineString","coordinates":[[-47.25,81.43],[-47.49,81.5],[-46.38,81.5],[-47.25,81.43]]}},{"type":"Feature","properties":{"level":1016},"geometry":{"type":"LineString","coordinates":[[-37.0,81.49],[-39.85,82.0],[-38.75,82.03],[-38.25,82.38],[-37.75,82.12],[-35.19,81.75],[-35.55,81.5],[-37.0,81.49]]}},{"type":"Feature","properties":{"level":1016},"geometry":{"type":"LineString","coordinates":[[-63.73,82.0],[-63.48,82.0],[-63.73,82.0]]}},{"type":"Feature","properties":{"level":1016},"geometry":{"type":"LineString","coordinates":[[-46.5,82.2],[-46.74,82.25],[-46.5,82.2]]}},{"type":"Feature","properties":{"level":1016},"geometry":{"type":"LineString","coordinates":[[-43.5,82.46],[-42.46,82.5],[-43.5,82.46]]}},{"type":"Feature","properties":{"level":1016},"geometry":{"type":"LineString","coordinates":[[180.0,85.9],[174.0,84.72],[172.16,84.0],[171.03,83.0],[171.29,82.5],[173.3,81.5],[180.0,80.19]]}},{"type":"Feature","properties":{"level":1020},"geometry":{"type":"LineString","coordinates":[[23.42,-88.5],[43.25,-88.72],[70.75,-88.66],[96.5,-88.14],[110.25,-87.37],[118.75,-86.31],[124.5,-85.0],[126.27,-84.25],[126.68,-83.75],[127.31,-83.5],[126.8,-82.75],[127.91,-82.5],[128.22,-82.25],[127.92,-82.0],[131.56,-81.0],[128.5,-80.77],[128.04,-80.5],[128.75,-80.07],[132.0,-79.14],[136.75,-78.37],[138.03,-78.0],[138.14,-77.75],[136.15,-76.0],[135.53,-75.75],[135.5,-75.46],[133.86,-75.0],[130.5,-74.91],[127.5,-75.18],[118.0,-76.84],[111.5,-77.07],[102.0,-77.04],[99.1,-76.75],[98.8,-76.5],[99.35,-75.75],[99.16,-75.5],[97.0,-74.49],[95.0,-74.26],[93.95,-74.5],[92.25,-75.6],[90.0,-75.85],[88.5,-75.58],[84.47,-76.5],[84.23,-76.75],[87.0,-76.97],[87.88,-77.25],[86.23,-78.5],[85.2,-78.5],[85.33,-78.25],[84.75,-78.14],[82.75,-78.38],[81.17,-78.25],[81.51,-78.0],[80.25,-77.43],[77.0,-77.67],[76.59,-78.0],[74.75,-78.38],[73.25,-77.67],[70.5,-77.93],[65.5,-77.76],[62.81,-77.25],[62.5,-76.83],[58.0,-76.06],[55.38,-75.0],[55.18,-74.75],[55.98,-74.25],[55.48,-74.0],[56.33,-73.25],[56.45,-72.75],[56.04,-71.75],[54.5,-71.56],[48.34,-72.75],[39.95,-75.75],[38.09,-77.0],[39.36,-77.75],[39.33,-78.25],[38.64,-78.75],[37.36,-79.25],[30.37,-80.75],[31.91,-81.5],[32.06,-82.0],[28.75,-82.01],[27.5,-82.41],[25.25,-82.53],[24.76,-82.75],[26.44,-83.25],[26.25,-83.27],[19.75,-82.75],[11.0,-82.95],[7.25,-83.36],[3.38,-84.25],[3.52,-84.5],[8.69,-85.75],[9.62,-86.5],[8.27,-87.25],[6.0,-87.29],[5.58,-87.5],[10.34,-88.0],[23.42,-88.5]]}},{"type":"Feature","properties":{"level":1020},"geometry":{"type":"LineString","coordinates":[[127.5,-78.26],[126.97,-77.75],[128.5,-77.5],[129.0,-78.0],[128.78,-78.25],[127.5,-78.26]]}},{"type":"Feature","properties":{"level":1020},"geometry":{"type":"LineString","coordinates":[[78.5,-78.03],[78.32,-78.0],[79.25,-77.81],[79.84,-78.0],[78.5,-78.03]]}},{"type":"Feature","properties":{"level":1020},"geometry":{"type":"LineString","coordinates":[[-67.97,-53.0],[-66.5,-53.13],[-66.0,-52.77],[-65.52,-51.75],[-65.52,-49.5],[-65.11,-48.5],[-63.5,-46.5],[-63.47,-45.75],[-62.01,-45.0],[-60.86,-44.0],[-60.76,-43.75],[-61.93,-43.25],[-61.46,-42.75],[-62.39,-42.5],[-62.33,-42.0],[-63.73,-42.0],[-63.75,-42.61],[-64.91,-43.25],[-65.56,-44.5],[-67.25,-45.21],[-67.8,-46.0],[-67.84,-46.25],[-67.08,-47.0],[-67.12,-47.25],[-67.59,-47.75],[-67.54,-48.25],[-68.04,-48.75],[-68.04,-49.25],[-69.25,-50.2],[-69.45,-51.25],[-68.52,-52.25],[-68.87,-52.5],[-67.97,-53.0]]}},{"type":"Feature","properties":{"level":1020},"geometry":{"type":"LineString","coordinates":[[-73.61,-52.75],[-73.5,-52.87],[-73.61,-52.75]]}},{"type":"Feature","properties":{"level":1020},"geometry":{"type":"LineString","coordinates":[[-74.4,-52.5],[-74.12,-52.5],[-74.4,-52.5]]}},{"type":"Feature","properties":{"level":1020},"geometry":{"type":"LineString","coordinates":[[-75.11,-52.25],[-74.5,-52.47],[-74.5,-52.15],[-74.96,-52.0],[-74.75,-51.7],[-74.25,-51.91],[-73.88,-51.5],[-74.25,-51.22],[-74.8,-51.25],[-74.75,-50.22],[-75.25,-50.47],[-75.42,-50.25],[-75.27,-50.0],[-78.0,-47.0],[-82.25,-44.1],[-85.72,-39.75],[-86.95,-37.75],[-87.95,-35.5],[-89.69,-29.0],[-90.5,-28.54],[-90.91,-28.0],[-91.5,-28.01],[-91.87,-27.5],[-91.99,-26.25],[-92.5,-26.24],[-92.75,-26.71],[-93.5,-25.15],[-94.25,-25.09],[-96.25,-24.07],[-97.24,-24.0],[-98.0,-23.52],[-100.0,-22.88],[-102.25,-22.65],[-103.75,-22.94],[-105.0,-23.33],[-105.3,-23.75],[-106.37,-24.25],[-107.21,-25.0],[-107.81,-26.25],[-109.25,-27.06],[-110.0,-28.61],[-111.0,-28.79],[-111.25,-29.04],[-112.25,-29.06],[-112.5,-29.59],[-113.0,-29.7],[-114.5,-31.63],[-114.81,-33.75],[-114.69,-34.5],[-113.67,-36.75],[-112.63,-38.25],[-108.5,-41.63],[-102.25,-45.59],[-98.0,-47.44],[-92.0,-49.52],[-89.25,-49.87],[-87.25,-49.15],[-86.0,-49.16],[-75.11,-52.25]]}},{"type":"Feature","properties":{"level":1020},"geometry":{"type":"LineString","coordinates":[[61.03,-51.5],[63.25,-51.63],[66.5,-51.42],[71.5,-50.62],[75.0,-49.75],[89.0,-44.6],[92.5,-42.81],[94.55,-41.5],[98.0,-38.68],[99.05,-37.75],[99.77,-36.5],[100.25,-36.15],[100.33,-36.0],[99.46,-35.25],[98.51,-33.75],[99.0,-32.92],[100.0,-32.78],[100.6,-32.25],[103.0,-31.19],[105.0,-30.72],[106.75,-29.64],[107.25,-28.84],[107.83,-29.25],[108.58,-27.75],[108.68,-26.5],[107.9,-25.5],[107.53,-24.5],[107.53,-23.75],[107.77,-23.5],[107.25,-22.29],[106.75,-22.16],[105.0,-20.71],[104.62,-20.0],[104.0,-19.76],[100.75,-19.33],[99.0,-19.35],[98.0,-19.03],[95.75,-19.02],[92.5,-20.06],[90.75,-19.92],[89.75,-20.27],[88.0,-20.37],[86.99,-21.25],[85.81,-24.5],[84.0,-26.49],[83.42,-27.5],[82.5,-28.15],[80.25,-28.87],[74.25,-28.58],[72.55,-27.75],[70.5,-25.13],[68.44,-23.25],[66.5,-22.04],[66.0,-21.38],[65.25,-21.23],[64.5,-20.58],[64.0,-20.66],[63.38,-19.75],[62.5,-19.71],[61.68,-18.75],[61.0,-18.64],[60.5,-18.23],[59.69,-18.5],[59.5,-18.84],[59.0,-18.35],[57.75,-18.42],[56.5,-17.42],[55.5,-17.06],[55.0,-16.44],[54.75,-16.6],[52.5,-15.05],[50.53,-14.25],[49.75,-13.49],[49.0,-13.74],[48.5,-14.4],[48.4,-16.0],[46.61,-18.25],[46.75,-19.54],[46.21,-20.0],[46.53,-20.25],[46.3,-20.5],[46.5,-21.13],[46.0,-21.73],[45.73,-21.75],[44.99,-23.0],[45.63,-23.25],[45.75,-24.07],[46.5,-24.12],[46.92,-25.5],[45.25,-27.44],[43.73,-28.0],[42.0,-29.92],[41.5,-30.04],[40.75,-30.9],[39.82,-32.75],[39.72,-34.75],[40.06,-35.75],[39.75,-36.38],[39.86,-38.0],[41.16,-40.25],[43.11,-42.75],[46.01,-45.5],[48.13,-47.0],[51.4,-48.75],[53.75,-49.71],[57.75,-50.91],[61.03,-51.5]]}},{"type":"Feature","properties":{"level":1020},"geometry":{"type":"LineString","coordinates":[[-73.6,-51.25],[-73.5,-51.42],[-72.92,-51.0],[-73.17,-50.75],[-73.17,-50.25],[-72.86,-49.5],[-73.25,-49.17],[-73.5,-49.55],[-73.86,-49.5],[-74.05,-50.25],[-73.6,-51.25]]}},{"type":"Feature","properties":{"level":1020},"geometry":{"type":"LineString","coordinates":[[-72.78,-50.25],[-72.33,-50.25],[-72.78,-50.25]]}},{"type":"Feature","properties":{"level":1020},"geometry":{"type":"LineString","coordinates":[[-75.19,-50.0],[-74.97,-50.0],[-75.19,-50.0]]}},{"type":"Feature","properties":{"level":1020},"geometry":{"type":"LineString","coordinates":[[-71.46,-50.0],[-70.86,-50.0],[-71.0,-49.6],[-71.5,-49.71],[-71.46,-50.0]]}},{"type":"Feature","properties":{"level":1020},"geometry":{"type":"LineString","coordinates":[[143.68,-50.0],[146.75,-50.25],[149.25,-49.85],[151.0,-49.2],[153.5,-47.5],[155.06,-45.0],[155.67,-42.5],[156.71,-41.0],[157.1,-39.75],[157.17,-38.75],[157.61,-37.75],[157.53,-36.75],[157.81,-35.75],[157.46,-34.25],[155.75,-31.99],[153.54,-31.0],[152.25,-28.66],[152.0,-28.62],[149.75,-30.17],[149.0,-30.12],[147.5,-29.61],[145.0,-27.71],[143.5,-27.46],[143.0,-27.67],[141.5,-27.28],[140.0,-27.4],[136.75,-26.44],[136.25,-25.88],[134.75,-26.05],[134.5,-25.62],[131.0,-25.96],[131.25,-26.02],[131.33,-26.5],[130.37,-27.25],[130.53,-28.25],[128.5,-29.09],[127.73,-29.75],[126.56,-31.75],[126.09,-33.75],[126.37,-36.0],[126.07,-37.75],[126.41,-39.0],[128.07,-41.75],[129.83,-43.25],[134.5,-46.5],[138.5,-48.38],[143.68,-50.0]]}},{"type":"Feature","properties":{"level":1020},"geometry":{"type":"LineString","coordinates":[[-180.0,-45.0],[-178.95,-46.5],[-177.04,-48.0],[-174.99,-49.0],[-172.0,-49.98],[-166.5,-50.49],[-162.0,-49.59],[-153.5,-45.68],[-146.25,-40.64],[-140.0,-36.81],[-139.18,-36.0],[-137.24,-31.75],[-139.42,-28.75],[-141.43,-27.0],[-142.36,-25.25],[-144.75,-23.99],[-145.75,-23.77],[-149.39,-21.0],[-150.5,-20.92],[-152.0,-20.14],[-153.0,-20.14],[-154.0,-20.51],[-156.0,-20.45],[-158.1,-20.0],[-160.5,-19.89],[-162.0,-19.48],[-163.75,-19.47],[-166.25,-19.71],[-167.0,-20.07],[-167.75,-20.03],[-169.0,-20.56],[-172.0,-21.13],[-174.75,-20.93],[-175.25,-21.09],[-175.75,-21.67],[-177.25,-21.78],[-178.0,-22.25],[-178.5,-22.12],[-180.0,-22.47]]}},{"type":"Feature","properties":{"level":1020},"geometry":{"type":"LineString","coordinates":[[9.59,-41.25],[15.25,-41.18],[17.5,-41.37],[26.0,-40.79],[26.75,-40.57],[27.5,-40.81],[28.0,-40.65],[28.61,-38.25],[28.23,-37.5],[28.06,-36.25],[27.33,-35.0],[28.1,-34.0],[28.46,-32.75],[29.75,-31.0],[28.0,-31.02],[27.0,-32.1],[25.5,-31.96],[25.0,-32.21],[24.25,-31.88],[23.5,-32.54],[23.0,-32.03],[20.0,-32.63],[19.5,-32.24],[19.25,-32.55],[18.48,-31.75],[19.37,-30.75],[18.5,-30.16],[17.08,-29.75],[16.31,-28.75],[16.25,-28.2],[14.5,-27.69],[13.0,-26.84],[8.25,-23.17],[1.25,-20.75],[-5.5,-20.19],[-8.75,-20.45],[-13.25,-20.12],[-15.0,-20.48],[-21.0,-20.51],[-22.0,-21.21],[-23.5,-21.14],[-26.25,-21.48],[-27.84,-22.5],[-28.9,-22.75],[-29.44,-23.75],[-30.15,-25.75],[-29.53,-27.0],[-29.0,-27.53],[-27.25,-27.97],[-24.25,-29.66],[-17.93,-32.0],[-15.84,-32.5],[-4.25,-38.5],[-0.25,-39.95],[4.0,-40.81],[9.59,-41.25]]}},{"type":"Feature","properties":{"level":1020},"geometry":{"type":"LineString","coordinates":[[-45.37,-37.75],[-44.0,-37.51],[-42.0,-36.4],[-42.24,-34.25],[-42.75,-33.87],[-43.5,-33.76],[-43.78,-34.25],[-43.55,-34.75],[-43.75,-35.29],[-44.32,-35.5],[-44.75,-34.96],[-45.51,-35.5],[-46.57,-37.25],[-46.5,-37.53],[-45.37,-37.75]]}},{"type":"Feature","properties":{"level":1020},"geometry":{"type":"LineString","coordinates":[[-46.82,-36.0],[-46.18,-36.0],[-46.75,-34.92],[-47.48,-35.25],[-47.59,-35.75],[-46.82,-36.0]]}},{"type":"Feature","properties":{"level":1020},"geometry":{"type":"LineString","coordinates":[[-39.85,-35.5],[-39.25,-35.66],[-39.1,-35.5],[-39.27,-34.75],[-39.65,-34.75],[-39.63,-35.0],[-39.98,-35.25],[-39.85,-35.5]]}},{"type":"Feature","properties":{"level":1020},"geometry":{"type":"LineString","coordinates":[[180.0,-35.26],[179.33,-34.0],[179.46,-33.5],[180.0,-32.92]]}},{"type":"Feature","properties":{"level":1020},"geometry":{"type":"LineString","coordinates":[[-37.88,-35.0],[-37.57,-35.0],[-37.88,-35.0]]}},{"type":"Feature","properties":{"level":1020},"geometry":{"type":"LineString","coordinates":[[-40.06,-34.25],[-40.0,-34.39],[-40.06,-34.25]]}},{"type":"Feature","properties":{"level":1020},"geometry":{"type":"LineString","coordinates":[[-180.0,-32.92],[-179.25,-32.34],[-178.5,-32.28],[-177.5,-32.89],[-177.14,-33.75],[-177.39,-34.5],[-178.08,-35.0],[-179.5,-35.35],[-180.0,-35.26]]}},{"type":"Feature","properties":{"level":1020},"geometry":{"type":"LineString","coordinates":[[-175.25,-29.27],[-175.25,-28.88],[-175.25,-29.27]]}},{"type":"Feature","properties":{"level":1020},"geometry":{"type":"LineString","coordinates":[[180.0,-22.47],[179.73,-22.25],[179.0,-22.83],[176.75,-22.63],[175.25,-22.82],[174.75,-22.63],[173.5,-23.03],[171.25,-23.19],[170.25,-23.48],[170.0,-23.92],[169.25,-23.83],[167.25,-24.31],[166.5,-24.72],[166.25,-25.13],[165.0,-25.47],[163.75,-25.51],[162.25,-25.09],[160.5,-25.39],[160.0,-25.2],[159.75,-25.43],[159.25,-25.24],[158.75,-26.04],[158.25,-25.88],[158.03,-26.5],[158.08,-27.0],[159.0,-27.42],[159.0,-27.75],[158.71,-27.75],[158.5,-27.4],[158.25,-27.74],[157.9,-27.75],[157.69,-28.25],[158.0,-28.78],[159.0,-29.12],[159.87,-30.0],[161.55,-31.0],[162.25,-31.11],[164.54,-32.75],[168.75,-37.4],[171.09,-40.25],[171.05,-42.0],[170.33,-43.25],[172.25,-42.72],[174.0,-41.02],[175.0,-41.13],[176.25,-40.82],[178.12,-42.25],[180.0,-45.0]]}},{"type":"Feature","properties":{"level":1020},"geometry":{"type":"LineString","coordinates":[[62.75,-20.51],[62.57,-20.25],[62.75,-20.14],[62.75,-20.51]]}},{"type":"Feature","properties":{"level":1020},"geometry":{"type":"LineString","coordinates":[[62.5,-20.15],[62.5,-19.85],[62.5,-20.15]]}},{"type":"Feature","properties":{"level":1020},"geometry":{"type":"LineString","coordinates":[[136.89,-4.0],[138.35,-4.0],[138.0,-3.82],[136.89,-4.0]]}},{"type":"Feature","properties":{"level":1020},"geometry":{"type":"LineString","coordinates":[[38.94,6.75],[39.75,6.59],[40.28,7.0],[39.5,7.5],[39.68,8.0],[39.37,8.0],[39.04,7.5],[38.94,6.75]]}},{"type":"Feature","properties":{"level":1020},"geometry":{"type":"LineString","coordinates":[[39.49,10.25],[39.75,10.13],[39.77,10.5],[39.5,11.27],[39.25,11.35],[38.94,11.0],[39.49,10.25]]}},{"type":"Feature","properties":{"level":1020},"geometry":{"type":"LineString","coordinates":[[104.4,19.75],[104.75,19.65],[104.69,20.25],[104.0,20.59],[103.71,20.25],[104.4,19.75]]}},{"type":"Feature","properties":{"level":1020},"geometry":{"type":"LineString","coordinates":[[18.48,20.0],[18.98,21.0],[18.75,21.59],[18.35,21.0],[18.48,20.0]]}},{"type":"Feature","properties":{"level":1020},"geometry":{"type":"LineString","coordinates":[[104.27,21.25],[104.5,21.06],[104.67,21.5],[104.0,22.61],[106.25,22.18],[107.14,23.0],[107.36,23.5],[108.0,23.95],[109.0,24.21],[109.25,24.69],[110.0,24.6],[110.25,24.04],[113.0,24.39],[114.25,24.18],[116.5,25.08],[117.25,24.96],[118.75,25.34],[119.75,26.27],[121.5,27.18],[122.67,28.5],[122.96,29.5],[122.96,32.25],[123.48,33.5],[123.25,34.08],[122.05,35.0],[122.03,35.75],[122.75,37.17],[123.27,37.5],[123.01,38.5],[123.43,39.5],[124.14,40.0],[125.5,40.2],[126.5,39.58],[126.75,39.63],[127.5,40.22],[128.75,40.64],[129.15,41.0],[129.72,42.25],[129.69,42.5],[129.24,42.75],[129.34,43.25],[128.5,43.89],[127.5,44.08],[126.91,43.5],[125.5,42.74],[124.75,42.67],[123.25,41.87],[122.0,41.63],[121.5,42.37],[121.0,42.41],[120.75,42.14],[118.7,43.0],[119.0,44.07],[119.5,44.5],[118.95,44.5],[119.67,45.5],[119.25,45.64],[116.94,44.75],[116.98,44.5],[116.25,44.45],[115.5,44.07],[115.06,43.25],[114.15,42.5],[112.5,42.04],[111.75,42.22],[110.64,41.75],[110.5,41.42],[109.5,41.62],[109.38,40.75],[109.79,40.25],[108.96,40.0],[108.62,39.5],[109.0,39.0],[108.67,38.5],[109.1,38.0],[108.5,37.48],[107.66,37.25],[107.25,36.52],[106.75,36.67],[106.53,36.5],[106.5,35.67],[105.75,36.16],[105.5,35.65],[104.89,35.25],[105.0,34.85],[105.25,35.07],[105.25,34.75],[104.69,34.75],[102.67,35.75],[102.47,36.25],[102.01,36.5],[102.89,36.75],[102.92,37.25],[102.5,37.51],[98.5,39.26],[97.75,39.13],[97.5,39.38],[97.23,39.25],[97.31,39.0],[97.0,38.97],[96.62,39.5],[96.25,39.52],[96.45,39.0],[96.25,38.82],[95.5,39.02],[95.54,38.75],[95.04,38.5],[95.12,38.25],[95.92,37.25],[97.0,37.46],[97.68,37.25],[98.21,36.5],[97.89,36.0],[96.0,36.23],[94.75,35.99],[90.75,36.72],[90.5,36.39],[89.5,35.96],[89.17,35.5],[90.25,35.4],[90.25,35.14],[89.75,34.95],[88.5,35.11],[88.5,34.94],[89.25,34.78],[89.25,34.46],[88.25,34.26],[87.75,34.62],[87.49,34.5],[87.67,34.25],[87.5,34.1],[87.01,34.25],[87.19,33.0],[86.85,32.5],[86.94,32.25],[88.0,31.98],[88.75,32.22],[89.36,31.75],[88.75,31.41],[88.25,31.9],[88.0,31.55],[87.5,31.61],[87.27,31.25],[87.5,31.0],[86.91,30.75],[86.93,30.5],[86.5,30.15],[86.57,30.5],[86.25,30.61],[86.0,30.11],[84.25,30.67],[83.5,31.21],[82.75,31.15],[82.0,31.59],[81.0,31.69],[80.5,32.06],[80.25,31.61],[79.25,32.64],[78.5,32.66],[78.57,33.0],[78.31,33.25],[78.5,33.76],[78.25,33.87],[78.0,33.4],[77.25,33.85],[76.69,34.25],[77.41,34.5],[77.03,34.75],[77.5,34.83],[78.5,34.17],[79.25,34.43],[79.73,34.25],[79.0,34.75],[78.5,35.55],[77.4,36.25],[78.5,36.04],[78.75,35.71],[79.5,35.69],[80.5,35.1],[82.0,35.09],[83.25,35.77],[84.75,35.91],[85.25,36.25],[85.5,35.95],[86.0,36.13],[86.27,36.25],[86.01,36.5],[86.25,36.63],[86.75,36.29],[87.0,36.44],[87.5,36.26],[87.81,36.75],[87.27,37.0],[88.0,37.4],[89.0,37.24],[88.84,37.5],[89.1,37.75],[88.64,38.0],[89.5,38.2],[89.5,38.42],[86.75,38.01],[84.5,36.92],[81.0,36.13],[80.35,36.25],[80.25,36.56],[80.09,36.25],[79.76,36.25],[78.0,36.98],[76.75,37.0],[76.5,37.51],[76.02,37.0],[76.0,36.52],[75.75,36.94],[75.13,37.25],[75.0,37.9],[74.25,37.85],[73.91,38.5],[74.5,38.64],[74.75,38.25],[75.44,38.0],[76.0,37.3],[76.25,37.5],[76.01,38.0],[76.22,38.25],[75.01,39.25],[74.9,39.75],[78.0,40.77],[79.5,41.72],[80.25,41.63],[82.75,42.36],[85.25,42.18],[86.25,42.66],[87.5,42.49],[87.68,43.0],[88.75,43.39],[93.25,43.37],[94.25,42.92],[94.71,43.0],[94.5,43.29],[94.25,43.16],[94.24,43.5],[93.5,44.19],[92.46,44.75],[94.0,44.88],[94.33,45.25],[94.08,45.75],[92.52,46.5],[92.0,46.41],[91.62,47.25],[90.5,48.02],[90.33,48.5],[89.5,48.73],[90.04,49.25],[89.17,49.75],[89.5,49.79],[89.58,50.25],[89.24,50.5],[89.0,51.27],[88.25,51.94],[87.19,51.5],[87.25,51.25],[86.0,51.33],[85.5,50.72],[84.0,50.66],[82.25,49.65],[79.0,48.89],[73.25,49.29],[71.5,49.59],[68.25,50.61],[64.5,50.72],[62.13,51.25],[60.0,52.24],[58.5,52.56],[58.32,53.25],[59.38,54.75],[58.75,54.96],[57.5,54.66],[56.75,53.95],[56.25,52.81],[55.5,52.35],[54.25,52.07],[53.75,51.22],[51.25,51.16],[50.25,51.46],[48.75,51.29],[45.49,50.5],[45.32,50.0],[44.75,49.59],[43.75,49.5],[42.0,49.42],[41.25,49.88],[40.0,50.08],[39.25,50.63],[37.0,51.07],[31.0,51.02],[24.5,51.95],[19.25,52.22],[17.41,51.75],[17.75,50.62],[15.75,51.13],[15.25,51.1],[14.77,50.75],[16.04,50.25],[16.01,50.0],[14.96,49.5],[15.21,49.0],[16.63,49.0],[17.0,48.67],[17.25,47.69],[16.75,47.51],[15.5,47.96],[12.25,47.29],[10.5,47.23],[10.25,46.93],[8.75,46.92],[7.69,46.5],[5.92,44.75],[6.16,44.5],[6.25,43.75],[6.5,43.6],[7.75,43.79],[10.0,43.56],[11.25,42.4],[13.38,41.0],[13.67,40.25],[13.63,39.5],[13.5,39.3],[13.25,39.61],[13.0,39.57],[12.73,39.0],[13.2,38.25],[12.75,38.01],[12.78,37.75],[13.51,36.25],[13.05,35.5],[13.34,32.5],[11.01,31.75],[11.0,30.97],[11.83,30.25],[12.01,29.25],[13.5,28.48],[14.0,27.87],[14.75,27.89],[15.25,27.45],[16.5,27.45],[17.5,26.67],[19.0,26.93],[21.55,28.0],[22.51,29.0],[22.03,29.75],[22.27,30.25],[24.25,30.62],[26.25,30.46],[27.74,30.75],[27.16,32.0],[27.53,32.5],[27.48,33.0],[26.75,33.59],[26.0,33.66],[25.4,34.25],[25.47,34.75],[26.25,34.98],[26.41,35.25],[25.75,36.14],[25.33,37.5],[25.32,38.75],[25.75,39.34],[26.0,39.47],[26.25,39.19],[26.75,39.48],[27.25,38.93],[29.25,39.02],[30.0,38.67],[30.92,39.0],[30.93,39.75],[31.66,40.25],[33.0,40.36],[33.69,40.75],[34.48,40.5],[34.5,40.0],[35.42,39.75],[35.75,39.4],[37.0,40.05],[37.75,40.04],[38.25,40.33],[38.5,40.11],[39.0,40.36],[40.25,40.36],[41.5,40.9],[41.75,40.75],[42.75,41.29],[42.97,41.0],[43.75,40.96],[44.07,40.75],[44.05,40.5],[44.76,40.5],[45.0,40.12],[45.25,40.56],[45.76,40.25],[45.24,40.0],[45.64,39.75],[45.35,39.5],[45.66,39.25],[45.42,38.75],[45.76,38.5],[46.75,38.6],[47.25,38.42],[47.8,38.75],[47.64,38.25],[48.0,37.95],[48.33,38.0],[48.77,36.75],[49.25,36.43],[49.5,36.32],[50.25,36.61],[51.0,35.97],[52.75,35.44],[53.75,35.84],[54.25,36.36],[54.75,36.37],[56.25,37.09],[57.5,37.09],[58.43,36.0],[58.45,35.75],[57.94,35.5],[59.46,35.0],[60.0,34.5],[61.0,34.33],[61.42,34.5],[61.3,34.75],[61.5,34.8],[62.82,34.25],[62.15,34.0],[62.75,33.64],[64.0,33.47],[64.5,33.07],[65.5,33.59],[66.75,33.85],[67.01,33.75],[66.8,33.25],[67.0,32.87],[68.04,33.5],[68.95,34.75],[68.77,35.0],[71.0,35.09],[71.75,35.38],[72.25,35.1],[73.0,35.08],[74.4,33.5],[75.25,33.43],[75.66,32.75],[76.0,32.76],[76.37,32.25],[77.25,31.78],[77.24,31.5],[77.75,31.09],[79.75,30.05],[80.5,29.91],[81.75,28.93],[83.0,28.31],[84.5,28.26],[86.5,27.4],[87.0,27.31],[87.25,27.52],[88.0,27.01],[88.5,27.37],[89.75,26.9],[91.25,27.17],[91.75,26.95],[93.0,27.58],[93.25,27.26],[93.5,27.35],[93.87,28.0],[95.0,28.71],[96.45,28.0],[97.0,27.08],[97.25,27.67],[98.0,27.58],[98.28,26.0],[97.98,25.0],[99.5,24.88],[99.68,24.5],[99.23,24.0],[99.24,23.25],[100.47,21.75],[100.75,22.46],[102.0,22.27],[102.25,22.74],[103.0,22.4],[103.25,22.59],[104.27,21.25]]}},{"type":"Feature","properties":{"level":1020},"geometry":{"type":"LineString","coordinates":[[-180.0,26.98],[-178.5,26.96],[-178.0,26.69],[-176.75,26.76],[-173.12,28.0],[-172.91,28.5],[-173.27,29.0],[-172.57,30.75],[-170.95,31.75],[-169.87,33.0],[-169.35,34.0],[-167.69,35.0],[-166.31,36.75],[-164.0,38.0],[-163.5,38.99],[-162.31,39.5],[-162.21,40.25],[-161.75,40.5],[-161.16,41.5],[-162.19,42.0],[-161.74,42.25],[-162.43,42.75],[-162.66,43.5],[-165.0,45.75],[-165.23,47.75],[-166.43,51.0],[-168.25,52.89],[-168.42,53.5],[-170.0,54.46],[-171.25,55.57],[-173.5,56.76],[-176.25,57.65],[-180.0,58.17]]}},{"type":"Feature","properties":{"level":1020},"geometry":{"type":"LineString","coordinates":[[57.27,29.0],[57.86,29.25],[57.73,30.0],[57.28,30.75],[56.25,31.63],[56.12,31.5],[57.2,30.25],[56.75,29.84],[55.75,30.0],[56.25,29.13],[57.27,29.0]]}},{"type":"Feature","properties":{"level":1020},"geometry":{"type":"LineString","coordinates":[[87.75,28.87],[86.75,29.1],[86.14,29.5],[86.25,29.7],[87.25,29.48],[87.75,29.73],[88.0,29.55],[89.0,29.59],[89.76,29.0],[87.75,28.87]]}},{"type":"Feature","properties":{"level":1020},"geometry":{"type":"LineString","coordinates":[[51.88,30.25],[53.04,30.75],[51.75,31.76],[50.75,32.18],[50.47,32.75],[50.76,33.0],[50.75,33.33],[49.75,33.63],[49.25,33.42],[49.11,33.25],[50.25,31.93],[50.75,31.95],[51.08,31.5],[50.82,31.25],[51.88,30.25]]}},{"type":"Feature","properties":{"level":1020},"geometry":{"type":"LineString","coordinates":[[-7.51,30.5],[-7.5,31.11],[-5.75,31.44],[-4.62,32.5],[-5.1,32.75],[-4.73,33.25],[-4.91,33.5],[-6.63,31.75],[-7.0,31.54],[-7.25,31.8],[-8.96,31.0],[-8.75,30.75],[-8.0,30.9],[-7.51,30.5]]}},{"type":"Feature","properties":{"level":1020},"geometry":{"type":"LineString","coordinates":[[-27.26,31.0],[-25.5,30.91],[-22.25,31.32],[-19.25,32.36],[-17.84,33.25],[-17.27,34.0],[-15.98,38.25],[-13.68,41.75],[-12.92,44.75],[-12.25,46.36],[-9.25,49.44],[-7.66,50.5],[-5.5,51.43],[-4.51,52.0],[-4.0,52.61],[-3.25,52.38],[-2.75,52.5],[-2.57,53.75],[-1.85,54.5],[-2.08,55.0],[-1.96,55.25],[-2.75,55.76],[-4.0,55.98],[-4.3,56.5],[-5.5,56.88],[-6.5,56.6],[-11.25,57.1],[-19.5,57.47],[-22.0,57.39],[-23.5,57.72],[-31.25,57.12],[-33.75,56.56],[-34.85,56.0],[-35.55,54.75],[-36.45,50.75],[-38.26,46.75],[-39.69,42.0],[-39.37,40.0],[-38.15,38.75],[-36.76,38.0],[-35.42,36.25],[-32.25,33.63],[-28.66,31.5],[-27.26,31.0]]}},{"type":"Feature","properties":{"level":1020},"geometry":{"type":"LineString","coordinates":[[79.75,31.24],[79.19,31.75],[79.25,32.33],[80.07,31.5],[80.12,31.25],[79.75,31.24]]}},{"type":"Feature","properties":{"level":1020},"geometry":{"type":"LineString","coordinates":[[60.2,32.0],[60.54,32.5],[60.3,32.75],[60.44,33.25],[60.25,33.87],[59.91,34.0],[59.75,34.39],[59.5,34.13],[58.5,34.07],[59.18,33.25],[59.21,32.75],[60.2,32.0]]}},{"type":"Feature","properties":{"level":1020},"geometry":{"type":"LineString","coordinates":[[37.51,32.75],[38.5,33.16],[38.64,33.5],[38.0,33.66],[37.38,33.0],[37.51,32.75]]}},{"type":"Feature","properties":{"level":1020},"geometry":{"type":"LineString","coordinates":[[85.7,32.75],[86.0,32.63],[86.25,33.01],[86.5,32.9],[86.91,33.5],[86.5,33.7],[85.6,33.25],[85.83,33.0],[85.7,32.75]]}},{"type":"Feature","properties":{"level":1020},"geometry":{"type":"LineString","coordinates":[[75.0,33.62],[74.24,34.25],[74.23,34.5],[75.28,33.75],[75.0,33.62]]}},{"type":"Feature","properties":{"level":1020},"geometry":{"type":"LineString","coordinates":[[85.56,34.25],[86.0,34.03],[86.53,34.25],[85.75,34.86],[85.07,34.5],[85.56,34.25]]}},{"type":"Feature","properties":{"level":1020},"geometry":{"type":"LineString","coordinates":[[108.25,34.22],[108.02,34.25],[108.06,34.5],[109.5,34.98],[110.25,34.84],[109.0,34.18],[108.25,34.22]]}},{"type":"Feature","properties":{"level":1020},"geometry":{"type":"LineString","coordinates":[[-146.52,34.75],[-145.0,34.74],[-140.5,35.97],[-133.0,36.72],[-131.12,37.5],[-130.04,38.25],[-127.58,42.0],[-124.26,45.25],[-124.1,45.75],[-123.25,46.16],[-122.95,46.0],[-121.75,47.39],[-121.22,48.5],[-121.17,48.75],[-121.69,49.0],[-121.15,49.5],[-121.25,49.74],[-121.83,49.75],[-122.75,50.59],[-125.0,51.59],[-125.25,52.17],[-125.75,51.88],[-126.15,52.25],[-125.0,52.24],[-124.97,52.5],[-126.25,52.75],[-127.22,53.25],[-127.24,53.75],[-127.63,54.0],[-126.65,54.75],[-127.06,55.25],[-127.0,55.63],[-126.65,55.5],[-126.75,55.7],[-127.75,56.13],[-128.5,55.81],[-129.25,56.36],[-129.5,55.96],[-129.75,56.22],[-130.49,56.0],[-130.21,55.75],[-130.64,55.5],[-131.12,53.5],[-131.5,52.99],[-132.25,52.84],[-133.75,51.28],[-136.0,49.87],[-136.75,49.71],[-137.67,49.0],[-137.83,48.75],[-137.62,47.25],[-137.95,46.75],[-144.19,42.75],[-148.1,39.75],[-149.25,38.6],[-150.07,37.25],[-150.0,36.67],[-148.41,36.0],[-148.23,35.0],[-148.0,34.82],[-146.52,34.75]]}},{"type":"Feature","properties":{"level":1020},"geometry":{"type":"LineString","coordinates":[[73.5,35.46],[74.34,35.75],[74.01,36.0],[74.25,36.19],[74.84,35.75],[74.85,35.5],[74.25,35.31],[73.5,35.46]]}},{"type":"Feature","properties":{"level":1020},"geometry":{"type":"LineString","coordinates":[[-79.58,35.75],[-78.5,35.71],[-77.0,36.05],[-75.75,35.51],[-73.75,36.19],[-73.0,36.72],[-72.25,37.85],[-71.4,38.5],[-71.22,39.0],[-71.55,39.75],[-72.0,40.09],[-74.25,40.44],[-75.4,41.0],[-75.32,42.0],[-74.88,42.75],[-75.5,43.5],[-75.06,44.0],[-75.22,44.5],[-78.0,44.67],[-80.75,46.03],[-81.0,45.89],[-81.12,45.25],[-80.0,44.4],[-79.83,43.75],[-80.56,43.0],[-83.17,42.0],[-82.81,41.5],[-83.0,41.25],[-84.59,40.25],[-84.5,39.92],[-84.25,39.98],[-82.5,38.88],[-80.5,39.21],[-79.75,39.67],[-79.25,39.68],[-79.03,38.75],[-79.25,38.14],[-80.5,36.78],[-81.34,36.25],[-81.0,35.92],[-79.58,35.75]]}},{"type":"Feature","properties":{"level":1020},"geometry":{"type":"LineString","coordinates":[[76.25,36.48],[77.27,36.5],[76.25,36.48]]}},{"type":"Feature","properties":{"level":1020},"geometry":{"type":"LineString","coordinates":[[51.75,36.75],[50.7,37.0],[50.77,37.75],[50.49,38.5],[50.75,38.95],[51.06,38.5],[50.83,38.25],[51.08,37.75],[51.75,37.41],[52.71,38.75],[53.97,39.25],[54.0,39.7],[54.5,39.32],[55.25,39.39],[55.5,38.98],[56.25,39.21],[57.09,39.0],[57.21,38.75],[56.5,38.91],[56.42,38.75],[56.58,38.0],[56.9,37.75],[56.0,37.7],[55.5,37.16],[54.75,36.81],[52.5,36.59],[51.75,36.75]]}},{"type":"Feature","properties":{"level":1020},"geometry":{"type":"LineString","coordinates":[[43.32,37.25],[43.75,37.02],[44.62,37.25],[45.06,38.25],[44.77,38.75],[43.75,38.58],[42.75,38.01],[42.86,37.5],[43.32,37.25]]}},{"type":"Feature","properties":{"level":1020},"geometry":{"type":"LineString","coordinates":[[15.5,37.33],[15.27,37.5],[15.5,37.63],[15.5,37.33]]}},{"type":"Feature","properties":{"level":1020},"geometry":{"type":"LineString","coordinates":[[13.75,38.25],[13.42,39.0],[13.5,39.2],[14.0,38.57],[14.25,38.66],[14.47,39.0],[14.15,39.5],[14.25,39.73],[15.13,39.0],[15.34,38.25],[13.75,38.25]]}},{"type":"Feature","properties":{"level":1020},"geometry":{"type":"LineString","coordinates":[[90.28,38.75],[90.75,38.6],[91.5,38.96],[92.5,38.93],[92.94,39.25],[90.75,39.15],[90.27,39.0],[90.28,38.75]]}},{"type":"Feature","properties":{"level":1020},"geometry":{"type":"LineString","coordinates":[[43.79,39.0],[44.34,39.0],[44.23,39.25],[43.5,39.53],[43.25,39.58],[43.02,39.25],[43.79,39.0]]}},{"type":"Feature","properties":{"level":1020},"geometry":{"type":"LineString","coordinates":[[40.33,39.25],[41.5,39.13],[42.46,39.75],[41.0,39.8],[40.0,39.58],[39.25,39.83],[39.25,39.49],[40.33,39.25]]}},{"type":"Feature","properties":{"level":1020},"geometry":{"type":"LineString","coordinates":[[53.5,39.73],[53.96,39.75],[53.5,39.73]]}},{"type":"Feature","properties":{"level":1020},"geometry":{"type":"LineString","coordinates":[[16.0,40.98],[16.0,41.28],[16.0,40.98]]}},{"type":"Feature","properties":{"level":1020},"geometry":{"type":"LineString","coordinates":[[15.5,41.48],[14.68,42.25],[14.75,42.59],[15.75,42.6],[16.19,42.25],[16.2,42.0],[15.52,41.75],[15.5,41.48]]}},{"type":"Feature","properties":{"level":1020},"geometry":{"type":"LineString","coordinates":[[113.8,45.0],[115.0,44.82],[115.91,45.25],[115.25,45.8],[114.0,45.82],[113.8,45.0]]}},{"type":"Feature","properties":{"level":1020},"geometry":{"type":"LineString","coordinates":[[-79.89,46.25],[-79.12,46.25],[-79.89,46.25]]}},{"type":"Feature","properties":{"level":1020},"geometry":{"type":"LineString","coordinates":[[123.52,49.5],[125.5,49.9],[127.25,49.72],[129.38,50.75],[130.38,51.75],[130.13,52.75],[130.27,53.25],[130.5,53.5],[131.5,53.61],[131.66,53.75],[131.4,54.25],[131.71,54.75],[132.66,55.0],[132.8,55.5],[133.88,56.0],[132.75,56.26],[132.5,55.96],[131.5,56.15],[129.18,57.5],[128.96,57.75],[129.17,58.25],[128.25,58.76],[126.02,61.25],[124.51,64.0],[124.37,64.75],[123.75,65.91],[119.25,67.14],[115.0,67.19],[111.0,67.77],[107.75,67.86],[102.75,67.17],[100.5,67.29],[99.94,67.5],[99.81,67.75],[100.06,68.0],[99.82,68.5],[98.0,69.27],[95.25,69.28],[92.25,69.72],[91.47,69.5],[91.32,68.75],[92.51,67.75],[92.42,67.5],[93.75,67.14],[94.04,66.5],[94.81,65.75],[94.0,65.72],[94.0,65.49],[95.08,64.5],[95.03,63.75],[94.55,63.25],[94.58,62.75],[94.0,62.79],[93.75,63.06],[93.15,62.75],[93.75,62.68],[94.9,61.5],[96.27,61.0],[96.47,60.5],[97.04,60.25],[97.11,59.5],[97.71,58.75],[97.41,58.0],[96.65,57.25],[96.61,56.0],[96.15,55.25],[95.5,55.01],[94.1,55.0],[93.65,54.75],[93.25,54.25],[93.68,53.75],[93.56,53.25],[93.02,53.0],[91.25,52.87],[90.25,52.28],[89.3,52.25],[89.69,51.75],[89.44,51.5],[90.0,50.88],[91.25,50.65],[92.5,51.02],[95.25,50.66],[96.5,50.95],[97.0,50.79],[97.75,51.21],[97.44,51.5],[98.1,51.75],[98.25,52.08],[99.0,52.37],[100.06,52.25],[100.5,52.53],[102.13,52.0],[101.5,51.72],[103.3,51.5],[103.75,51.0],[103.33,50.5],[104.5,50.39],[104.75,50.44],[105.05,51.0],[106.0,51.16],[107.48,52.25],[107.87,52.25],[107.25,52.63],[106.0,51.92],[105.76,52.0],[107.0,53.02],[107.5,53.11],[108.5,54.13],[108.75,54.03],[109.35,54.5],[109.44,54.25],[108.83,53.75],[109.09,53.5],[108.37,53.0],[109.5,52.76],[110.02,53.0],[109.57,53.25],[109.75,53.96],[111.0,54.71],[111.5,54.74],[111.74,55.25],[112.0,55.3],[112.5,54.82],[113.25,54.74],[114.5,53.94],[117.25,53.88],[117.44,53.75],[117.11,53.0],[117.5,52.57],[121.84,51.25],[122.59,50.5],[122.87,49.75],[123.52,49.5]]}},{"type":"Feature","properties":{"level":1020},"geometry":{"type":"LineString","coordinates":[[-123.0,50.13],[-123.56,50.5],[-122.54,50.25],[-123.0,50.13]]}},{"type":"Feature","properties":{"level":1020},"geometry":{"type":"LineString","coordinates":[[108.28,51.25],[109.75,51.22],[109.89,51.5],[108.75,51.83],[107.44,51.75],[108.28,51.25]]}},{"type":"Feature","properties":{"level":1020},"geometry":{"type":"LineString","coordinates":[[105.25,51.74],[105.75,51.98],[105.75,51.72],[105.25,51.74]]}},{"type":"Feature","properties":{"level":1020},"geometry":{"type":"LineString","coordinates":[[109.5,54.56],[109.5,54.83],[109.5,54.56]]}},{"type":"Feature","properties":{"level":1020},"geometry":{"type":"LineString","coordinates":[[180.0,58.17],[176.25,58.14],[170.75,55.6],[169.15,54.5],[166.97,50.75],[166.73,49.5],[165.0,46.37],[162.01,43.25],[160.53,41.25],[159.78,39.25],[159.5,37.5],[159.78,37.25],[159.72,34.5],[161.04,33.0],[161.25,32.42],[164.02,31.75],[169.25,30.97],[175.5,28.87],[175.79,28.5],[180.0,26.98]]}},{"type":"Feature","properties":{"level":1020},"geometry":{"type":"LineString","coordinates":[[-45.96,62.25],[-44.25,62.34],[-43.98,63.0],[-43.16,63.75],[-42.87,65.75],[-42.0,66.38],[-39.75,67.28],[-37.0,67.69],[-35.51,68.25],[-35.83,68.75],[-35.56,69.5],[-34.59,70.0],[-33.55,71.75],[-27.69,75.0],[-26.42,76.5],[-26.57,77.0],[-29.97,78.25],[-30.86,79.25],[-30.64,80.0],[-31.0,80.5],[-32.0,80.75],[-39.0,81.26],[-41.85,81.25],[-44.0,81.06],[-44.43,80.75],[-47.89,79.75],[-47.81,79.25],[-47.35,79.0],[-44.25,78.72],[-43.05,78.25],[-48.72,76.25],[-48.96,76.0],[-47.87,75.5],[-48.5,74.5],[-52.25,72.5],[-51.94,72.0],[-51.06,71.5],[-50.43,70.5],[-50.83,70.25],[-50.12,70.0],[-50.19,69.5],[-49.79,69.0],[-50.39,68.5],[-49.55,66.75],[-49.75,66.42],[-51.61,66.0],[-49.75,65.57],[-48.71,64.5],[-48.22,63.5],[-45.96,62.25]]}},{"type":"Feature","properties":{"level":1020},"geometry":{"type":"LineString","coordinates":[[132.63,64.5],[135.2,64.75],[135.0,65.06],[133.75,65.45],[131.0,64.97],[130.91,64.75],[132.63,64.5]]}},{"type":"Feature","properties":{"level":1020},"geometry":{"type":"LineString","coordinates":[[127.16,64.75],[129.5,64.61],[130.31,65.0],[130.46,65.25],[130.25,65.49],[129.24,66.0],[129.15,66.25],[130.23,66.5],[130.38,66.75],[128.98,67.25],[129.97,67.75],[128.92,68.0],[129.85,68.5],[128.75,69.02],[127.0,69.05],[126.38,68.75],[126.66,68.5],[124.91,68.0],[124.86,67.5],[124.31,67.0],[124.4,66.0],[124.75,65.58],[127.16,64.75]]}},{"type":"Feature","properties":{"level":1020},"geometry":{"type":"LineString","coordinates":[[135.93,64.75],[137.36,64.75],[136.75,64.93],[136.5,65.38],[135.82,65.0],[135.93,64.75]]}},{"type":"Feature","properties":{"level":1020},"geometry":{"type":"LineString","coordinates":[[137.63,65.5],[138.72,65.5],[137.75,65.86],[137.51,65.75],[137.63,65.5]]}},{"type":"Feature","properties":{"level":1020},"geometry":{"type":"LineString","coordinates":[[138.69,66.0],[139.75,65.9],[139.95,66.0],[139.41,66.25],[140.03,66.5],[138.75,66.62],[138.49,66.5],[138.69,66.0]]}},{"type":"Feature","properties":{"level":1020},"geometry":{"type":"LineString","coordinates":[[-72.03,70.0],[-71.61,70.0],[-72.75,70.62],[-73.75,70.68],[-73.88,70.5],[-72.03,70.0]]}},{"type":"Feature","properties":{"level":1020},"geometry":{"type":"LineString","coordinates":[[-76.41,71.25],[-74.49,71.25],[-76.0,71.44],[-76.41,71.25]]}},{"type":"Feature","properties":{"level":1024},"geometry":{"type":"LineString","coordinates":[[43.05,-88.5],[63.5,-88.57],[92.5,-88.13],[105.5,-87.58],[114.0,-86.79],[118.79,-86.0],[121.82,-84.75],[121.95,-84.5],[121.02,-84.0],[121.29,-83.5],[119.66,-83.25],[119.3,-83.0],[124.47,-82.5],[123.73,-82.0],[123.65,-81.75],[123.95,-81.5],[123.36,-81.25],[120.5,-81.15],[112.25,-81.57],[111.03,-81.25],[111.52,-80.75],[113.5,-80.36],[120.75,-79.8],[126.75,-79.88],[128.27,-79.25],[128.13,-79.0],[123.75,-78.18],[122.89,-77.75],[124.71,-77.25],[130.0,-76.77],[132.5,-76.84],[134.75,-77.32],[135.75,-76.75],[135.62,-76.25],[135.25,-75.98],[131.75,-75.87],[131.16,-75.75],[130.59,-75.25],[129.25,-75.19],[126.0,-75.5],[119.25,-77.04],[115.8,-77.25],[104.5,-77.52],[95.75,-77.22],[92.75,-77.55],[91.0,-76.88],[89.32,-76.75],[89.6,-77.0],[89.16,-77.5],[89.97,-77.75],[90.0,-78.28],[91.31,-79.25],[90.0,-79.41],[86.75,-79.36],[81.75,-78.75],[79.0,-78.82],[77.25,-78.55],[74.5,-78.81],[73.25,-78.44],[72.0,-78.66],[69.98,-78.25],[65.0,-78.24],[62.28,-78.0],[59.51,-76.75],[57.5,-76.4],[56.0,-75.86],[53.35,-74.5],[54.18,-74.0],[53.36,-73.0],[53.82,-72.75],[53.68,-72.5],[53.39,-72.25],[52.75,-72.22],[49.94,-73.25],[44.0,-74.57],[40.0,-76.15],[39.23,-76.75],[39.26,-77.0],[40.59,-77.75],[40.66,-78.0],[40.18,-78.5],[37.75,-79.38],[33.3,-80.5],[33.24,-80.75],[35.54,-81.75],[35.83,-82.0],[35.76,-82.25],[34.5,-82.55],[31.75,-82.5],[30.82,-82.75],[32.61,-83.5],[25.5,-84.29],[17.0,-84.13],[8.15,-84.5],[8.35,-84.75],[11.81,-85.75],[13.52,-86.75],[14.99,-87.25],[17.75,-87.64],[27.5,-88.31],[43.05,-88.5]]}},{"type":"Feature","properties":{"level":1024},"geometry":{"type":"LineString","coordinates":[[60.18,-50.5],[65.0,-50.64],[69.75,-49.98],[76.75,-48.0],[81.75,-45.84],[85.84,-44.5],[89.13,-42.75],[93.0,-39.7],[94.59,-38.0],[95.39,-36.5],[95.64,-35.75],[95.4,-34.75],[92.74,-32.25],[91.69,-31.75],[91.29,-31.25],[88.75,-30.25],[85.75,-30.05],[80.25,-30.55],[75.25,-30.35],[72.0,-29.54],[65.75,-26.52],[63.85,-26.0],[63.5,-25.52],[62.25,-25.15],[61.75,-24.73],[61.5,-24.89],[61.0,-24.5],[60.0,-24.61],[59.75,-24.36],[59.0,-24.65],[57.75,-23.9],[55.75,-24.08],[54.5,-23.65],[53.75,-24.14],[52.25,-23.94],[52.16,-24.25],[51.5,-24.7],[50.5,-24.6],[50.34,-24.75],[50.58,-25.0],[49.95,-25.25],[50.0,-25.75],[48.5,-27.2],[48.0,-28.08],[44.75,-31.25],[43.75,-31.94],[43.03,-33.25],[42.47,-35.0],[42.35,-36.25],[42.65,-38.25],[43.62,-40.5],[45.32,-42.75],[49.5,-46.46],[54.25,-48.96],[57.47,-50.0],[60.18,-50.5]]}},{"type":"Feature","properties":{"level":1024},"geometry":{"type":"LineString","coordinates":[[144.43,-48.0],[147.0,-48.03],[149.5,-47.34],[151.75,-45.52],[152.95,-43.5],[153.33,-41.75],[153.29,-40.75],[154.31,-38.0],[154.12,-36.75],[153.33,-35.75],[153.56,-35.0],[153.48,-34.25],[152.18,-33.0],[151.5,-31.69],[151.25,-31.55],[149.98,-31.75],[149.25,-32.22],[148.25,-33.4],[146.75,-32.49],[145.5,-32.45],[143.5,-31.74],[142.75,-31.17],[141.75,-31.0],[141.25,-31.26],[140.25,-30.98],[139.5,-30.12],[138.75,-30.58],[138.25,-31.67],[137.75,-31.45],[135.0,-31.44],[133.81,-32.0],[133.75,-32.59],[132.25,-32.78],[130.27,-34.5],[129.64,-36.5],[130.16,-38.75],[131.0,-40.23],[134.25,-43.82],[139.0,-46.47],[142.5,-47.74],[144.43,-48.0]]}},{"type":"Feature","properties":{"level":1024},"geometry":{"type":"LineString","coordinates":[[-96.25,-42.5],[-95.0,-42.58],[-93.75,-42.18],[-91.73,-42.0],[-91.43,-41.75],[-90.99,-40.25],[-91.34,-38.5],[-92.18,-36.5],[-92.76,-33.75],[-93.52,-32.25],[-95.0,-30.43],[-95.5,-30.29],[-95.98,-29.75],[-98.75,-28.86],[-99.0,-28.18],[-99.36,-28.25],[-99.5,-28.7],[-99.76,-28.5],[-99.5,-27.99],[-100.26,-28.25],[-100.75,-27.73],[-101.5,-28.27],[-102.55,-28.25],[-103.75,-29.55],[-104.75,-28.95],[-105.5,-29.71],[-106.0,-29.66],[-109.41,-32.75],[-109.48,-33.25],[-109.98,-33.75],[-109.62,-36.0],[-108.75,-37.71],[-107.5,-38.86],[-105.0,-40.49],[-101.25,-42.18],[-99.75,-42.36],[-97.25,-42.24],[-96.25,-42.5]]}},{"type":"Feature","properties":{"level":1024},"geometry":{"type":"LineString","coordinates":[[-180.0,-40.4],[-179.07,-42.5],[-177.69,-44.5],[-176.0,-46.17],[-174.5,-47.06],[-169.25,-48.5],[-167.0,-48.6],[-164.25,-48.26],[-160.5,-46.92],[-158.1,-45.75],[-150.52,-41.25],[-146.91,-38.5],[-143.93,-35.75],[-143.0,-34.76],[-142.54,-33.0],[-143.5,-30.72],[-144.62,-29.5],[-146.25,-28.5],[-149.5,-27.12],[-151.25,-25.82],[-153.75,-25.01],[-154.6,-25.0],[-155.0,-24.72],[-162.75,-24.06],[-168.35,-25.0],[-169.5,-25.42],[-170.25,-25.26],[-171.0,-25.45],[-171.5,-26.0],[-172.05,-26.0],[-172.0,-27.05],[-173.25,-27.69],[-173.34,-28.5],[-173.79,-29.0],[-174.02,-29.75],[-173.71,-30.5],[-174.26,-31.75],[-174.36,-33.0],[-175.02,-34.5],[-175.79,-35.5],[-177.0,-36.42],[-178.75,-37.02],[-180.0,-37.12]]}},{"type":"Feature","properties":{"level":1024},"geometry":{"type":"LineString","coordinates":[[10.57,-39.0],[11.75,-39.05],[14.5,-38.64],[15.25,-38.29],[16.5,-38.38],[20.5,-37.15],[21.0,-37.4],[21.41,-37.0],[21.65,-36.25],[21.62,-35.5],[22.45,-34.5],[23.41,-34.0],[23.47,-33.75],[22.25,-33.48],[20.0,-33.45],[18.75,-34.15],[18.0,-33.94],[17.0,-33.16],[16.25,-32.96],[15.47,-31.75],[15.25,-31.6],[14.75,-31.81],[14.25,-31.1],[11.12,-29.0],[6.25,-26.47],[3.75,-25.7],[-0.25,-25.08],[-4.0,-24.82],[-6.75,-25.54],[-7.5,-25.23],[-8.0,-25.66],[-8.5,-25.45],[-9.0,-26.0],[-9.5,-25.77],[-10.25,-26.28],[-10.5,-27.03],[-12.0,-26.9],[-12.5,-27.19],[-13.5,-27.07],[-13.75,-27.26],[-16.76,-27.0],[-16.31,-27.5],[-16.38,-27.75],[-14.72,-29.25],[-11.87,-30.75],[-11.31,-31.25],[-11.23,-31.75],[-9.93,-32.5],[-8.5,-33.85],[-2.5,-36.99],[-2.0,-37.0],[0.75,-38.1],[3.5,-38.63],[4.25,-38.55],[7.25,-38.99],[10.57,-39.0]]}},{"type":"Feature","properties":{"level":1024},"geometry":{"type":"LineString","coordinates":[[180.0,-37.12],[177.0,-36.46],[175.75,-35.46],[175.0,-35.44],[173.75,-33.84],[173.25,-34.11],[173.0,-33.97],[172.59,-34.5],[172.75,-35.54],[174.12,-38.0],[174.28,-38.75],[174.11,-39.25],[175.75,-40.04],[177.0,-38.92],[178.0,-38.47],[178.5,-37.86],[179.04,-38.25],[180.0,-40.4]]}},{"type":"Feature","properties":{"level":1024},"geometry":{"type":"LineString","coordinates":[[103.47,24.5],[104.0,24.53],[104.52,25.25],[104.71,26.0],[104.5,26.31],[103.89,26.0],[103.98,25.5],[103.81,25.0],[103.38,24.75],[103.47,24.5]]}},{"type":"Feature","properties":{"level":1024},"geometry":{"type":"LineString","coordinates":[[102.85,26.0],[103.5,26.02],[103.54,26.5],[104.27,27.0],[104.28,27.5],[104.0,27.38],[103.5,27.97],[103.39,29.0],[102.98,29.25],[103.01,29.5],[102.56,29.75],[102.54,30.0],[104.12,31.5],[104.81,32.75],[104.25,34.14],[102.5,35.54],[100.75,35.85],[100.5,35.61],[98.75,36.36],[98.25,35.75],[95.25,36.03],[94.75,35.68],[93.0,36.21],[92.77,35.5],[92.25,35.06],[91.08,34.75],[91.25,34.45],[91.92,34.25],[91.5,34.17],[90.76,33.5],[91.0,33.01],[91.5,32.91],[91.72,32.5],[91.73,31.5],[92.14,31.0],[91.5,31.2],[91.06,31.0],[91.21,30.75],[91.0,30.52],[89.38,30.5],[89.52,30.0],[90.25,29.69],[90.5,29.75],[90.33,30.0],[92.0,30.6],[92.33,30.25],[91.97,29.5],[92.03,29.0],[90.5,28.72],[90.25,29.19],[90.03,28.5],[89.41,28.5],[89.25,28.25],[89.0,28.52],[88.25,28.19],[86.5,28.49],[85.25,29.08],[83.44,29.5],[82.83,30.25],[83.11,30.5],[82.5,30.92],[81.5,30.55],[80.3,30.75],[79.0,31.49],[78.75,32.15],[78.7,31.75],[78.18,31.5],[78.35,31.75],[77.99,32.25],[78.36,32.5],[77.48,33.0],[77.22,33.5],[76.73,33.75],[76.77,34.0],[75.63,34.5],[75.66,35.0],[75.25,35.31],[74.5,35.28],[74.25,35.03],[73.5,35.25],[73.34,35.0],[73.75,34.66],[74.25,34.94],[75.0,34.65],[76.61,32.25],[77.25,32.21],[77.5,31.73],[78.89,30.75],[79.75,30.6],[79.75,30.22],[80.5,30.17],[81.5,29.66],[81.75,30.02],[82.0,29.93],[82.39,29.25],[83.25,28.6],[85.25,28.36],[86.5,27.66],[87.5,27.72],[88.25,27.4],[88.5,27.65],[89.0,27.25],[89.75,27.17],[89.53,27.5],[90.0,27.78],[90.5,27.44],[91.75,27.52],[92.0,27.2],[93.35,28.25],[94.17,28.5],[95.25,29.28],[95.25,28.75],[96.0,28.72],[96.61,28.25],[96.75,27.69],[98.0,27.95],[98.95,27.0],[99.0,26.47],[99.19,26.75],[99.07,27.0],[99.82,26.75],[100.5,27.83],[101.0,26.6],[101.5,27.12],[102.0,26.97],[103.07,26.5],[102.85,26.0]]}},{"type":"Feature","properties":{"level":1024},"geometry":{"type":"LineString","coordinates":[[-180.0,31.1],[-178.4,31.5],[-178.16,31.75],[-176.8,31.75],[-177.52,32.0],[-173.0,33.92],[-171.5,35.18],[-170.48,36.25],[-170.07,37.25],[-168.81,38.5],[-168.69,39.0],[-167.65,40.5],[-167.74,41.0],[-167.32,42.0],[-167.56,43.5],[-169.01,45.75],[-168.5,47.0],[-168.43,48.0],[-168.58,49.0],[-169.0,49.84],[-169.96,50.75],[-175.0,54.34],[-176.25,54.95],[-180.0,56.14]]}},{"type":"Feature","properties":{"level":1024},"geometry":{"type":"LineString","coordinates":[[93.25,31.11],[92.9,31.5],[93.25,31.82],[94.31,31.25],[93.25,31.11]]}},{"type":"Feature","properties":{"level":1024},"geometry":{"type":"LineString","coordinates":[[109.72,31.5],[110.5,31.3],[110.73,31.5],[110.5,31.82],[110.0,31.62],[109.25,32.09],[108.38,32.0],[108.75,31.64],[109.72,31.5]]}},{"type":"Feature","properties":{"level":1024},"geometry":{"type":"LineString","coordinates":[[107.11,33.75],[108.42,33.75],[106.97,34.0],[107.11,33.75]]}},{"type":"Feature","properties":{"level":1024},"geometry":{"type":"LineString","coordinates":[[64.5,34.25],[65.0,34.04],[66.75,34.56],[68.25,34.47],[68.75,35.2],[70.0,35.22],[70.25,35.44],[71.0,35.3],[71.34,36.0],[72.51,36.75],[72.16,37.0],[72.25,37.14],[72.72,37.25],[72.92,37.5],[72.79,37.75],[73.27,38.0],[71.25,37.98],[71.22,38.25],[71.5,38.37],[71.75,38.11],[72.75,38.39],[73.25,39.21],[74.45,39.25],[74.1,39.75],[74.25,39.83],[76.67,40.5],[79.2,41.75],[78.75,42.39],[77.5,42.01],[75.5,42.08],[75.25,42.25],[75.5,42.41],[77.75,42.88],[79.52,42.5],[79.52,42.0],[80.0,41.74],[82.0,42.21],[82.75,42.64],[84.5,42.49],[85.89,42.75],[86.0,43.43],[85.5,43.31],[85.25,43.7],[84.47,44.0],[84.67,44.25],[84.5,44.32],[83.59,44.25],[83.65,44.5],[83.25,44.63],[83.02,44.25],[82.5,44.24],[81.5,44.88],[80.74,45.0],[82.25,45.19],[82.25,45.74],[83.25,45.26],[84.25,45.78],[84.4,46.0],[84.23,46.25],[85.75,47.05],[86.25,46.93],[86.37,47.25],[84.25,47.57],[82.5,47.32],[81.0,47.52],[80.5,47.2],[77.25,46.42],[75.0,47.02],[73.0,47.11],[71.75,47.51],[67.0,47.17],[65.75,46.45],[63.5,46.66],[59.5,46.36],[58.5,45.96],[57.83,45.25],[58.14,44.5],[57.73,43.75],[58.22,42.25],[58.96,41.75],[59.16,41.0],[60.25,40.23],[61.75,39.59],[63.0,39.44],[64.25,39.87],[65.0,40.42],[66.5,40.34],[67.64,39.5],[66.9,38.75],[67.0,38.29],[68.0,38.62],[69.75,38.64],[70.76,37.0],[69.75,36.6],[68.75,35.63],[67.25,36.52],[67.25,35.93],[65.75,36.01],[65.25,35.66],[64.38,35.5],[64.87,35.25],[63.62,34.5],[64.5,34.25]]}},{"type":"Feature","properties":{"level":1024},"geometry":{"type":"LineString","coordinates":[[77.71,34.75],[78.0,34.56],[78.18,34.75],[77.25,36.08],[76.5,36.12],[75.25,36.82],[75.47,36.5],[74.75,36.13],[75.0,35.8],[76.0,35.81],[77.0,34.87],[77.25,35.25],[77.71,34.75]]}},{"type":"Feature","properties":{"level":1024},"geometry":{"type":"LineString","coordinates":[[-26.11,35.25],[-25.0,35.3],[-22.5,35.95],[-21.16,36.75],[-19.95,38.25],[-19.45,39.75],[-19.43,40.75],[-18.99,41.5],[-17.16,44.0],[-15.52,45.5],[-12.31,49.25],[-10.16,52.25],[-10.34,53.25],[-12.0,54.19],[-13.25,54.54],[-16.25,55.21],[-19.75,55.57],[-21.25,56.02],[-28.5,55.71],[-31.59,54.75],[-33.25,53.63],[-33.81,52.75],[-34.83,49.0],[-34.84,48.25],[-34.18,46.5],[-34.25,44.91],[-35.31,42.75],[-35.0,40.91],[-34.27,40.25],[-33.81,39.25],[-32.03,37.5],[-28.25,35.67],[-26.11,35.25]]}},{"type":"Feature","properties":{"level":1024},"geometry":{"type":"LineString","coordinates":[[80.52,35.25],[82.0,35.18],[82.5,35.69],[82.94,35.75],[82.75,35.94],[81.75,35.63],[81.32,35.75],[81.5,36.0],[80.75,35.85],[79.5,36.21],[79.33,36.0],[80.52,35.25]]}},{"type":"Feature","properties":{"level":1024},"geometry":{"type":"LineString","coordinates":[[72.06,35.75],[72.75,35.55],[73.19,35.75],[72.75,36.02],[72.06,35.75]]}},{"type":"Feature","properties":{"level":1024},"geometry":{"type":"LineString","coordinates":[[74.1,36.5],[74.74,36.5],[74.41,36.75],[74.6,37.0],[74.25,37.1],[73.52,36.75],[74.1,36.5]]}},{"type":"Feature","properties":{"level":1024},"geometry":{"type":"LineString","coordinates":[[101.13,36.75],[101.25,37.05],[101.93,37.25],[101.87,37.5],[100.25,38.29],[99.25,38.44],[98.25,38.34],[97.75,38.05],[97.25,38.17],[97.0,38.49],[95.6,38.25],[95.75,37.95],[96.25,38.11],[97.5,37.71],[98.11,37.75],[98.25,38.07],[99.0,37.17],[99.5,36.98],[100.5,37.17],[100.75,36.8],[101.13,36.75]]}},{"type":"Feature","properties":{"level":1024},"geometry":{"type":"LineString","coordinates":[[70.75,40.0],[69.06,40.5],[69.25,40.76],[69.75,40.43],[72.0,41.32],[72.85,41.0],[72.97,40.75],[72.03,40.25],[70.75,40.0]]}},{"type":"Feature","properties":{"level":1024},"geometry":{"type":"LineString","coordinates":[[47.0,41.75],[47.5,41.59],[47.82,41.75],[47.0,42.4],[46.53,42.25],[47.0,41.75]]}},{"type":"Feature","properties":{"level":1024},"geometry":{"type":"LineString","coordinates":[[-134.83,42.0],[-134.0,42.09],[-132.75,42.62],[-131.07,44.5],[-131.0,45.8],[-131.25,45.98],[-133.32,45.5],[-135.58,43.75],[-136.39,42.25],[-136.0,42.02],[-134.83,42.0]]}},{"type":"Feature","properties":{"level":1024},"geometry":{"type":"LineString","coordinates":[[43.57,42.75],[43.86,42.75],[43.88,43.0],[43.5,43.22],[42.82,43.0],[43.57,42.75]]}},{"type":"Feature","properties":{"level":1024},"geometry":{"type":"LineString","coordinates":[[57.49,42.75],[57.77,42.75],[57.49,42.75]]}},{"type":"Feature","properties":{"level":1024},"geometry":{"type":"LineString","coordinates":[[41.26,43.5],[42.0,43.48],[42.09,43.75],[41.0,44.04],[39.86,44.0],[41.26,43.5]]}},{"type":"Feature","properties":{"level":1024},"geometry":{"type":"LineString","coordinates":[[89.47,45.25],[90.79,45.25],[90.25,45.96],[90.0,45.85],[89.5,46.11],[88.96,45.75],[89.47,45.25]]}},{"type":"Feature","properties":{"level":1024},"geometry":{"type":"LineString","coordinates":[[81.25,46.19],[81.01,46.25],[81.52,46.5],[81.61,46.25],[81.25,46.19]]}},{"type":"Feature","properties":{"level":1024},"geometry":{"type":"LineString","coordinates":[[89.92,47.0],[90.0,46.77],[90.25,47.61],[88.91,48.75],[87.71,49.25],[87.75,49.79],[87.5,49.61],[87.0,49.86],[85.5,49.94],[85.0,49.6],[85.11,49.25],[84.2,48.75],[85.25,48.35],[87.25,48.33],[87.75,47.88],[88.5,47.88],[89.81,47.25],[89.92,47.0]]}},{"type":"Feature","properties":{"level":1024},"geometry":{"type":"LineString","coordinates":[[124.18,51.75],[125.0,51.61],[125.75,51.77],[126.47,52.5],[126.69,54.0],[127.5,54.16],[127.24,54.75],[127.32,55.25],[126.9,55.5],[127.37,55.75],[127.45,56.25],[127.03,56.5],[127.73,57.0],[124.87,59.0],[122.83,61.5],[121.5,62.6],[113.25,65.92],[112.25,65.82],[107.75,66.52],[107.0,66.24],[105.75,66.28],[104.37,65.75],[102.5,66.02],[101.51,65.75],[102.47,65.5],[100.9,64.0],[100.64,63.0],[101.62,62.25],[101.98,61.5],[101.98,60.75],[103.25,59.55],[104.29,59.0],[104.41,58.75],[104.08,58.25],[104.69,58.0],[104.52,57.5],[105.13,57.25],[103.92,57.0],[104.66,56.5],[104.75,55.98],[106.0,56.07],[107.0,55.97],[107.25,55.71],[108.25,55.92],[108.5,55.75],[108.75,56.61],[110.25,56.67],[110.75,56.92],[112.0,56.37],[112.5,56.57],[114.25,55.99],[115.25,56.06],[116.25,55.7],[117.0,56.02],[117.6,55.75],[117.1,55.25],[117.78,54.75],[118.0,54.18],[121.0,53.16],[121.5,52.63],[123.0,52.44],[124.18,51.75]]}},{"type":"Feature","properties":{"level":1024},"geometry":{"type":"LineString","coordinates":[[180.0,56.14],[178.5,56.23],[175.5,55.16],[175.0,54.78],[174.25,54.78],[173.25,54.29],[171.9,54.25],[171.75,53.75],[170.5,52.86],[168.92,51.0],[168.24,50.0],[168.0,49.05],[166.15,46.5],[166.0,45.84],[163.33,42.25],[162.36,39.0],[162.57,37.25],[163.43,35.75],[163.95,35.5],[164.0,35.11],[165.5,34.34],[166.75,33.78],[167.25,33.87],[168.25,33.42],[169.75,33.2],[170.5,32.65],[172.5,32.06],[178.25,31.09],[180.0,31.1]]}},{"type":"Feature","properties":{"level":1024},"geometry":{"type":"LineString","coordinates":[[103.4,57.25],[103.86,57.25],[103.5,57.75],[103.91,58.0],[103.75,58.25],[103.28,58.25],[103.25,57.87],[102.92,58.0],[103.21,58.25],[102.9,58.5],[102.0,58.7],[101.85,58.5],[101.99,58.25],[102.75,58.3],[102.66,58.0],[102.95,57.5],[103.4,57.25]]}},{"type":"Feature","properties":{"level":1024},"geometry":{"type":"LineString","coordinates":[[-46.13,63.0],[-45.0,62.99],[-44.15,63.25],[-43.76,64.0],[-43.83,65.75],[-42.97,66.5],[-40.75,67.59],[-37.0,68.59],[-34.06,72.25],[-28.77,75.0],[-27.41,76.5],[-27.45,76.75],[-32.75,78.05],[-37.41,78.75],[-37.35,79.0],[-35.25,79.39],[-35.38,79.75],[-36.0,80.04],[-40.75,80.49],[-43.86,80.0],[-43.5,79.36],[-40.35,78.5],[-44.19,77.5],[-44.52,77.25],[-44.36,76.75],[-42.97,75.5],[-44.5,75.07],[-47.25,73.05],[-48.51,72.5],[-48.66,71.5],[-48.24,69.0],[-48.37,68.5],[-48.2,67.5],[-47.61,66.5],[-47.96,66.25],[-47.43,65.25],[-47.53,64.25],[-47.14,63.5],[-46.13,63.0]]}},{"type":"Feature","properties":{"level":1028},"geometry":{"type":"LineString","coordinates":[[33.72,-88.25],[53.25,-88.46],[78.0,-88.35],[99.0,-87.79],[110.54,-87.0],[114.5,-86.5],[116.35,-86.0],[116.73,-85.5],[118.22,-84.75],[118.33,-84.5],[117.19,-83.5],[116.3,-83.25],[116.23,-83.0],[120.08,-82.5],[120.52,-82.25],[119.25,-81.8],[117.5,-81.7],[115.25,-82.0],[114.25,-82.76],[110.25,-82.53],[109.28,-82.25],[107.5,-81.14],[103.92,-80.25],[124.89,-79.0],[120.96,-78.5],[121.32,-78.0],[120.25,-77.34],[105.5,-77.88],[95.25,-77.93],[93.2,-78.25],[93.12,-78.5],[95.03,-79.0],[95.37,-79.25],[95.24,-79.5],[92.0,-79.86],[86.75,-79.75],[81.0,-79.05],[73.0,-79.08],[69.25,-78.8],[66.25,-79.01],[58.81,-78.0],[58.25,-77.4],[53.88,-75.75],[53.52,-75.25],[52.0,-74.51],[49.25,-74.03],[44.5,-74.71],[42.04,-75.5],[39.97,-76.5],[39.88,-77.0],[41.32,-77.75],[41.33,-78.25],[39.75,-78.98],[35.6,-80.25],[35.44,-80.5],[36.32,-81.25],[38.77,-82.0],[37.29,-83.25],[38.15,-83.75],[37.15,-84.0],[36.37,-84.5],[30.0,-85.1],[16.75,-85.21],[14.7,-85.75],[15.45,-86.25],[15.46,-86.5],[16.79,-87.0],[19.94,-87.5],[26.5,-88.04],[33.72,-88.25]]}},{"type":"Feature","properties":{"level":1028},"geometry":{"type":"LineString","coordinates":[[120.33,-77.25],[125.75,-76.99],[130.71,-76.25],[130.57,-76.0],[129.25,-75.5],[127.11,-75.5],[120.62,-77.0],[120.33,-77.25]]}},{"type":"Feature","properties":{"level":1028},"geometry":{"type":"LineString","coordinates":[[61.34,-49.5],[64.5,-49.65],[68.0,-49.34],[68.75,-49.53],[69.5,-48.7],[70.0,-48.85],[74.0,-47.79],[83.79,-43.75],[85.89,-42.5],[87.73,-41.0],[90.41,-38.25],[91.11,-36.75],[91.04,-35.0],[90.0,-33.95],[88.5,-33.11],[85.75,-32.41],[83.75,-32.12],[77.5,-32.1],[74.0,-31.8],[61.75,-28.62],[55.32,-28.5],[51.5,-29.49],[49.0,-30.79],[47.5,-32.05],[46.63,-33.25],[45.15,-36.25],[45.09,-37.75],[45.42,-39.25],[46.75,-41.75],[49.26,-44.5],[51.43,-46.25],[53.5,-47.5],[58.5,-49.14],[61.34,-49.5]]}},{"type":"Feature","properties":{"level":1028},"geometry":{"type":"LineString","coordinates":[[-169.48,-45.75],[-166.0,-45.81],[-162.93,-45.25],[-160.25,-44.19],[-154.55,-41.25],[-151.61,-39.0],[-148.91,-36.25],[-148.03,-34.5],[-148.5,-32.8],[-149.0,-32.54],[-150.25,-30.95],[-151.0,-30.44],[-153.5,-29.49],[-157.25,-29.36],[-158.25,-28.59],[-159.5,-28.71],[-162.75,-28.41],[-164.5,-29.04],[-167.0,-29.43],[-168.25,-29.89],[-169.71,-31.0],[-171.5,-32.92],[-171.28,-33.5],[-173.38,-36.25],[-175.5,-38.46],[-176.1,-40.25],[-175.36,-42.25],[-173.62,-44.0],[-171.0,-45.32],[-169.48,-45.75]]}},{"type":"Feature","properties":{"level":1028},"geometry":{"type":"LineString","coordinates":[[143.22,-45.0],[145.5,-44.9],[148.0,-43.45],[148.25,-43.5],[148.98,-42.75],[149.47,-40.5],[149.57,-38.5],[150.38,-36.75],[150.0,-35.52],[149.75,-35.78],[149.0,-35.55],[148.25,-36.31],[147.5,-36.34],[145.25,-37.2],[144.25,-37.26],[143.75,-36.53],[142.5,-35.66],[140.0,-35.43],[139.25,-34.24],[138.5,-35.5],[138.89,-35.75],[136.5,-37.56],[135.86,-40.0],[136.75,-41.47],[137.5,-42.21],[138.14,-42.5],[138.4,-43.0],[140.0,-44.08],[141.0,-44.55],[143.22,-45.0]]}},{"type":"Feature","properties":{"level":1028},"geometry":{"type":"LineString","coordinates":[[150.14,-35.25],[150.25,-35.5],[150.42,-35.25],[150.14,-35.25]]}},{"type":"Feature","properties":{"level":1028},"geometry":{"type":"LineString","coordinates":[[2.09,-35.0],[3.0,-34.97],[3.25,-35.2],[5.41,-35.0],[5.25,-34.44],[6.75,-34.9],[7.5,-34.93],[8.25,-34.63],[9.5,-34.84],[9.94,-34.25],[9.44,-33.5],[9.53,-33.0],[9.25,-32.67],[5.25,-30.55],[4.5,-30.5],[4.74,-30.75],[4.5,-30.88],[3.0,-30.82],[0.5,-30.22],[-1.86,-30.75],[-1.5,-31.66],[-2.25,-31.42],[-2.55,-32.0],[-2.24,-32.5],[-2.3,-33.0],[-1.23,-33.25],[-1.25,-33.71],[-1.75,-33.42],[-1.95,-33.5],[-1.77,-33.75],[-0.5,-33.84],[0.0,-34.3],[2.09,-35.0]]}},{"type":"Feature","properties":{"level":1028},"geometry":{"type":"LineString","coordinates":[[86.9,27.75],[87.18,28.0],[87.06,28.25],[86.25,28.4],[86.12,28.25],[86.9,27.75]]}},{"type":"Feature","properties":{"level":1028},"geometry":{"type":"LineString","coordinates":[[90.48,27.75],[90.99,28.0],[91.0,28.39],[91.47,28.5],[91.0,28.73],[89.76,28.25],[90.48,27.75]]}},{"type":"Feature","properties":{"level":1028},"geometry":{"type":"LineString","coordinates":[[97.59,28.75],[98.0,28.61],[97.84,29.25],[98.0,29.36],[98.25,29.02],[98.45,29.25],[98.25,30.06],[98.75,29.51],[99.0,29.63],[99.5,29.21],[99.75,28.74],[100.75,28.63],[101.02,29.0],[101.75,29.05],[102.18,30.25],[103.01,30.75],[104.07,32.75],[103.5,33.97],[101.5,33.96],[101.45,34.5],[101.75,35.04],[101.25,34.76],[100.75,34.95],[99.75,34.79],[99.5,35.1],[99.0,34.52],[98.25,34.39],[97.5,34.91],[97.25,34.78],[96.0,35.13],[95.5,34.64],[94.36,34.5],[93.96,33.75],[94.0,32.9],[94.5,32.63],[95.75,32.82],[96.5,32.21],[96.75,32.68],[97.0,32.63],[97.21,32.25],[96.95,32.0],[97.95,31.5],[98.0,31.24],[98.0,32.23],[98.75,31.86],[98.75,31.51],[98.5,31.64],[97.87,30.75],[98.0,30.18],[97.0,30.74],[96.69,30.5],[96.99,30.25],[95.65,30.25],[96.07,30.0],[95.75,29.5],[96.0,29.28],[96.25,29.14],[96.75,29.33],[97.0,28.9],[97.59,28.75]]}},{"type":"Feature","properties":{"level":1028},"geometry":{"type":"LineString","coordinates":[[92.84,29.5],[93.98,29.5],[94.0,29.83],[94.56,30.0],[94.5,30.6],[95.25,30.34],[95.6,30.5],[95.0,30.89],[93.79,30.75],[93.32,30.25],[93.25,29.52],[92.84,29.5]]}},{"type":"Feature","properties":{"level":1028},"geometry":{"type":"LineString","coordinates":[[94.75,33.21],[94.35,33.75],[95.0,33.68],[95.25,33.92],[95.57,33.5],[94.75,33.21]]}},{"type":"Feature","properties":{"level":1028},"geometry":{"type":"LineString","coordinates":[[-180.0,34.02],[-178.0,34.38],[-177.79,34.75],[-174.67,36.5],[-174.5,36.98],[-172.95,38.25],[-172.5,39.15],[-172.39,40.0],[-172.12,40.25],[-172.16,40.75],[-171.35,42.0],[-171.09,43.5],[-171.44,47.5],[-172.25,49.06],[-173.5,50.2],[-178.28,53.25],[-180.0,53.79]]}},{"type":"Feature","properties":{"level":1028},"geometry":{"type":"LineString","coordinates":[[77.65,35.0],[77.5,35.78],[76.42,35.75],[77.65,35.0]]}},{"type":"Feature","properties":{"level":1028},"geometry":{"type":"LineString","coordinates":[[80.71,35.25],[81.65,35.25],[81.25,35.6],[80.06,35.75],[80.71,35.25]]}},{"type":"Feature","properties":{"level":1028},"geometry":{"type":"LineString","coordinates":[[-27.59,41.25],[-26.5,41.12],[-25.84,41.5],[-26.21,41.75],[-24.5,41.83],[-23.5,42.18],[-21.21,43.75],[-18.0,46.71],[-16.5,48.75],[-16.65,49.25],[-16.01,50.5],[-16.1,51.0],[-16.6,51.25],[-16.64,51.75],[-17.8,52.0],[-18.25,52.96],[-19.25,53.34],[-21.25,53.34],[-22.5,53.75],[-27.0,53.79],[-30.05,52.75],[-31.0,51.8],[-31.45,50.75],[-31.81,49.25],[-31.63,47.75],[-31.22,46.25],[-30.19,44.75],[-30.01,44.25],[-30.19,43.75],[-29.73,43.25],[-30.18,42.25],[-29.5,41.7],[-27.59,41.25]]}},{"type":"Feature","properties":{"level":1028},"geometry":{"type":"LineString","coordinates":[[79.86,42.0],[80.5,41.99],[80.96,42.25],[80.0,42.28],[79.86,42.0]]}},{"type":"Feature","properties":{"level":1028},"geometry":{"type":"LineString","coordinates":[[180.0,53.79],[178.5,53.63],[177.0,53.06],[176.0,53.07],[175.12,52.25],[174.27,52.25],[171.5,50.84],[171.27,50.25],[168.97,47.75],[168.14,46.5],[168.21,46.25],[167.08,44.75],[165.61,41.75],[165.21,40.25],[165.84,38.0],[166.31,37.25],[171.5,34.87],[175.5,33.83],[180.0,34.02]]}},{"type":"Feature","properties":{"level":1028},"geometry":{"type":"LineString","coordinates":[[123.74,55.25],[124.32,55.5],[123.86,56.25],[124.14,56.75],[122.8,57.5],[122.25,58.32],[120.47,59.0],[120.5,59.47],[119.96,59.5],[118.85,60.25],[118.95,60.5],[116.03,61.75],[115.5,61.71],[114.5,62.5],[110.0,63.34],[109.0,62.9],[108.72,63.0],[108.75,63.27],[108.31,63.25],[107.44,62.5],[107.27,62.0],[107.85,61.0],[107.68,60.5],[110.0,59.19],[110.46,59.25],[110.47,59.5],[110.75,59.58],[112.27,59.5],[112.38,58.0],[113.25,57.75],[112.86,57.5],[113.0,57.21],[118.0,56.23],[119.5,56.54],[120.25,56.14],[121.5,55.89],[122.75,56.12],[123.56,55.75],[123.74,55.25]]}},{"type":"Feature","properties":{"level":1028},"geometry":{"type":"LineString","coordinates":[[111.25,62.64],[111.25,62.84],[111.6,62.75],[111.25,62.64]]}},{"type":"Feature","properties":{"level":1028},"geometry":{"type":"LineString","coordinates":[[-45.16,63.25],[-44.52,64.0],[-44.91,64.25],[-44.59,64.75],[-44.88,65.75],[-44.5,66.21],[-41.28,68.0],[-40.25,68.82],[-36.25,70.67],[-36.16,71.5],[-35.75,71.89],[-29.5,75.27],[-28.76,76.0],[-28.85,76.5],[-32.5,76.96],[-36.75,76.68],[-37.86,76.25],[-39.25,75.18],[-41.14,74.25],[-45.0,72.94],[-45.61,72.5],[-46.34,71.5],[-47.03,69.5],[-46.24,68.0],[-46.39,67.75],[-45.93,66.25],[-46.24,65.25],[-45.66,64.5],[-45.93,64.0],[-45.85,63.5],[-45.16,63.25]]}},{"type":"Feature","properties":{"level":1032},"geometry":{"type":"LineString","coordinates":[[45.13,-88.25],[77.75,-88.28],[101.84,-87.5],[107.57,-87.0],[112.62,-86.25],[114.22,-85.25],[114.07,-85.0],[114.51,-84.75],[114.45,-84.5],[113.91,-84.25],[113.77,-83.5],[113.37,-83.25],[108.0,-82.56],[104.75,-81.25],[98.25,-80.27],[86.25,-80.05],[79.75,-79.36],[77.05,-79.5],[76.24,-80.25],[75.0,-80.4],[74.37,-80.25],[73.75,-79.65],[70.75,-79.26],[64.25,-79.51],[64.24,-79.25],[63.25,-79.11],[58.75,-78.76],[56.5,-78.23],[52.99,-76.25],[52.0,-75.36],[49.25,-74.68],[47.75,-74.57],[43.5,-75.19],[40.75,-76.25],[40.22,-76.75],[41.77,-77.75],[41.74,-78.25],[37.75,-80.25],[37.63,-80.75],[38.14,-81.25],[40.36,-82.0],[40.58,-82.25],[40.52,-83.25],[41.4,-84.0],[40.52,-85.0],[39.0,-85.28],[37.17,-86.0],[37.31,-86.25],[39.82,-86.75],[38.25,-87.01],[27.0,-86.81],[23.74,-87.25],[26.95,-87.75],[31.87,-88.0],[40.0,-87.93],[45.13,-88.25]]}},{"type":"Feature","properties":{"level":1032},"geometry":{"type":"LineString","coordinates":[[104.14,-79.5],[112.53,-79.5],[117.5,-78.8],[118.12,-78.0],[116.0,-77.7],[108.25,-77.91],[99.5,-78.3],[97.87,-78.5],[97.69,-78.75],[97.79,-79.0],[98.5,-79.15],[104.14,-79.5]]}},{"type":"Feature","properties":{"level":1032},"geometry":{"type":"LineString","coordinates":[[60.33,-48.25],[64.25,-48.48],[68.75,-47.92],[74.11,-46.25],[79.75,-43.79],[82.73,-41.75],[85.28,-39.25],[86.29,-37.25],[86.3,-36.25],[84.25,-34.82],[82.0,-34.25],[72.75,-33.35],[64.75,-31.8],[59.0,-31.47],[55.25,-31.72],[53.25,-32.33],[50.75,-33.54],[48.95,-35.5],[48.12,-38.0],[48.46,-40.25],[49.5,-42.14],[51.31,-44.25],[54.75,-46.62],[57.45,-47.75],[60.33,-48.25]]}},{"type":"Feature","properties":{"level":1032},"geometry":{"type":"LineString","coordinates":[[-164.16,-41.5],[-161.22,-41.5],[-158.0,-40.04],[-155.83,-38.25],[-155.13,-37.5],[-154.77,-36.5],[-154.25,-36.31],[-154.5,-34.98],[-155.0,-34.48],[-155.5,-34.45],[-156.75,-33.74],[-157.25,-33.82],[-158.25,-33.5],[-160.25,-33.56],[-162.75,-34.09],[-166.0,-36.19],[-167.0,-35.72],[-168.0,-36.22],[-169.05,-37.75],[-168.2,-38.0],[-168.6,-39.25],[-168.0,-40.81],[-167.5,-41.11],[-164.75,-41.22],[-164.16,-41.5]]}},{"type":"Feature","properties":{"level":1032},"geometry":{"type":"LineString","coordinates":[[100.08,29.25],[100.5,29.16],[100.83,29.5],[100.0,30.96],[99.75,30.9],[99.5,31.22],[99.21,30.75],[99.38,30.25],[99.17,29.75],[99.5,29.5],[100.0,29.68],[100.08,29.25]]}},{"type":"Feature","properties":{"level":1032},"geometry":{"type":"LineString","coordinates":[[100.81,30.5],[101.25,30.3],[101.85,30.5],[101.84,32.0],[100.95,32.0],[100.91,31.25],[101.2,31.0],[100.5,30.75],[100.81,30.5]]}},{"type":"Feature","properties":{"level":1032},"geometry":{"type":"LineString","coordinates":[[102.02,31.0],[102.25,30.84],[103.03,31.25],[102.75,32.24],[102.02,32.25],[102.6,31.75],[102.02,31.0]]}},{"type":"Feature","properties":{"level":1032},"geometry":{"type":"LineString","coordinates":[[-180.0,37.35],[-178.5,37.6],[-177.34,38.25],[-177.25,38.87],[-176.75,39.17],[-176.1,40.25],[-174.63,43.75],[-175.0,46.0],[-175.94,47.5],[-177.82,49.0],[-180.0,48.89]]}},{"type":"Feature","properties":{"level":1032},"geometry":{"type":"LineString","coordinates":[[180.0,48.89],[179.5,49.22],[179.0,48.98],[178.25,49.83],[177.93,49.25],[177.5,49.03],[177.25,49.73],[176.47,49.5],[176.24,49.75],[176.48,50.0],[176.0,50.32],[174.83,49.75],[174.51,49.0],[173.06,48.5],[173.07,48.25],[172.42,48.0],[170.78,46.25],[170.0,45.75],[170.03,45.25],[168.94,43.75],[168.77,42.0],[168.95,40.75],[169.57,39.75],[169.63,39.25],[170.66,39.0],[171.25,38.24],[171.89,38.0],[171.75,37.73],[173.98,37.25],[174.75,36.75],[177.75,36.75],[179.5,37.06],[180.0,37.35]]}},{"type":"Feature","properties":{"level":1032},"geometry":{"type":"LineString","coordinates":[[116.45,57.25],[117.5,57.04],[118.44,57.25],[117.75,57.66],[117.4,58.25],[116.75,58.55],[116.5,58.22],[115.77,58.0],[115.94,57.5],[116.45,57.25]]}},{"type":"Feature","properties":{"level":1032},"geometry":{"type":"LineString","coordinates":[[113.48,58.75],[113.99,58.75],[114.12,59.0],[115.33,59.5],[113.75,59.32],[113.43,59.0],[113.48,58.75]]}},{"type":"Feature","properties":{"level":1032},"geometry":{"type":"LineString","coordinates":[[-43.79,70.0],[-42.75,69.78],[-41.5,69.94],[-37.25,71.3],[-36.71,72.0],[-34.2,74.0],[-30.73,75.5],[-30.61,75.75],[-31.75,76.24],[-33.75,76.28],[-38.0,75.52],[-39.25,74.6],[-44.23,72.75],[-44.96,71.75],[-44.66,71.5],[-44.25,70.39],[-43.79,70.0]]}},{"type":"Feature","properties":{"level":1036},"geometry":{"type":"LineString","coordinates":[[50.75,-88.25],[73.72,-88.25],[91.58,-87.75],[106.06,-86.5],[108.79,-86.0],[110.13,-85.5],[110.62,-85.0],[109.58,-84.5],[107.48,-84.0],[108.56,-83.75],[108.03,-83.5],[104.0,-83.52],[105.79,-82.75],[105.0,-82.32],[103.35,-82.0],[102.63,-81.5],[96.0,-80.42],[89.75,-80.43],[78.75,-79.72],[77.5,-79.86],[77.0,-80.25],[75.92,-80.5],[73.25,-80.78],[72.97,-80.75],[73.2,-80.25],[71.75,-79.98],[60.0,-79.68],[54.48,-78.25],[53.02,-77.5],[52.5,-76.86],[51.0,-76.14],[46.75,-75.14],[44.25,-75.2],[40.86,-76.5],[40.8,-76.75],[42.13,-77.75],[42.15,-78.0],[41.75,-78.53],[40.25,-79.5],[39.89,-80.0],[40.0,-80.45],[41.11,-81.25],[42.91,-81.75],[43.97,-82.5],[44.05,-82.75],[43.37,-83.0],[43.97,-83.75],[44.2,-84.5],[46.6,-85.25],[43.15,-86.0],[43.55,-86.25],[48.97,-87.0],[49.1,-87.25],[47.35,-87.5],[47.38,-87.75],[50.75,-88.25]]}},{"type":"Feature","properties":{"level":1036},"geometry":{"type":"LineString","coordinates":[[105.86,-79.25],[110.0,-79.28],[115.22,-78.5],[114.75,-78.29],[108.5,-78.12],[102.5,-78.5],[101.12,-79.0],[105.86,-79.25]]}},{"type":"Feature","properties":{"level":1036},"geometry":{"type":"LineString","coordinates":[[59.78,-47.0],[63.5,-47.21],[67.25,-46.78],[70.5,-45.95],[73.65,-44.75],[78.07,-42.25],[79.67,-40.25],[80.61,-39.5],[80.43,-37.75],[80.08,-37.25],[78.87,-36.5],[77.0,-35.99],[65.25,-34.18],[60.25,-34.01],[56.5,-34.57],[55.32,-35.0],[53.1,-36.25],[52.02,-37.25],[51.58,-38.75],[51.59,-40.25],[51.99,-41.25],[54.38,-44.25],[57.4,-46.25],[59.78,-47.0]]}},{"type":"Feature","properties":{"level":1036},"geometry":{"type":"LineString","coordinates":[[175.71,41.25],[176.75,41.53],[177.21,42.25],[176.79,42.5],[176.56,43.25],[176.75,44.0],[176.07,44.5],[176.34,44.75],[176.25,45.05],[175.86,44.75],[175.94,44.25],[174.91,43.75],[175.0,43.5],[174.23,43.25],[174.26,42.75],[173.49,42.25],[174.5,41.5],[175.5,41.81],[175.41,41.5],[175.71,41.25]]}},{"type":"Feature","properties":{"level":1036},"geometry":{"type":"LineString","coordinates":[[-42.92,71.5],[-40.75,71.34],[-38.5,71.83],[-35.83,73.25],[-35.51,74.25],[-34.55,74.75],[-34.16,75.25],[-36.0,75.5],[-37.0,75.34],[-39.0,74.25],[-41.19,73.75],[-43.94,72.5],[-44.0,72.22],[-42.92,71.5]]}},{"type":"Feature","properties":{"level":1040},"geometry":{"type":"LineString","coordinates":[[58.86,-88.25],[82.0,-87.92],[89.32,-87.5],[99.83,-86.5],[100.36,-86.25],[96.38,-85.75],[101.04,-84.75],[98.5,-84.03],[98.12,-83.5],[100.75,-83.16],[102.5,-82.75],[102.61,-82.5],[98.9,-81.25],[94.75,-80.55],[89.75,-80.66],[79.0,-80.01],[73.0,-81.07],[72.24,-81.0],[71.94,-80.75],[72.08,-80.5],[71.75,-80.44],[63.0,-80.49],[60.0,-80.28],[59.5,-79.99],[54.25,-78.71],[52.94,-78.25],[50.0,-76.65],[45.5,-75.4],[43.5,-75.57],[41.89,-76.25],[42.49,-77.0],[42.22,-77.5],[42.41,-78.0],[41.4,-79.25],[41.58,-79.75],[45.5,-81.41],[48.12,-82.0],[50.47,-83.0],[50.15,-83.25],[50.3,-83.5],[49.88,-83.75],[47.4,-84.5],[53.0,-85.77],[61.4,-86.75],[56.0,-86.95],[55.7,-87.0],[56.15,-87.25],[55.75,-87.49],[54.49,-87.75],[58.86,-88.25]]}},{"type":"Feature","properties":{"level":1040},"geometry":{"type":"LineString","coordinates":[[105.21,-79.0],[110.0,-79.07],[112.18,-78.75],[112.47,-78.5],[108.5,-78.4],[104.64,-78.75],[105.21,-79.0]]}},{"type":"Feature","properties":{"level":1040},"geometry":{"type":"LineString","coordinates":[[60.9,-44.75],[66.0,-44.91],[69.75,-43.85],[72.94,-42.0],[73.32,-41.0],[74.02,-40.5],[73.84,-39.5],[73.5,-38.82],[71.9,-38.25],[71.79,-38.0],[71.16,-38.0],[70.5,-37.6],[65.75,-36.93],[61.5,-36.89],[58.25,-37.7],[57.5,-38.19],[56.48,-39.5],[56.87,-42.0],[57.54,-43.0],[58.44,-43.75],[59.75,-44.51],[60.9,-44.75]]}},{"type":"Feature","properties":{"level":1040},"geometry":{"type":"LineString","coordinates":[[-43.0,72.25],[-41.0,72.02],[-39.5,72.15],[-37.31,72.75],[-36.44,73.25],[-36.44,73.5],[-37.0,74.25],[-40.5,73.76],[-40.76,73.5],[-40.32,73.25],[-40.64,73.0],[-42.96,72.5],[-43.0,72.25]]}},{"type":"Feature","properties":{"level":1044},"geometry":{"type":"LineString","coordinates":[[62.92,-88.0],[71.0,-88.01],[81.5,-87.65],[89.08,-86.75],[66.0,-87.07],[64.09,-87.25],[64.43,-87.5],[62.91,-87.75],[62.92,-88.0]]}},{"type":"Feature","properties":{"level":1044},"geometry":{"type":"LineString","coordinates":[[59.21,-85.25],[70.75,-85.39],[79.25,-84.99],[79.67,-85.25],[82.25,-85.3],[91.25,-84.93],[94.0,-84.6],[94.77,-84.25],[93.25,-83.93],[83.75,-84.92],[81.15,-84.75],[92.5,-83.69],[93.75,-83.2],[97.87,-82.5],[98.36,-82.25],[98.41,-81.75],[96.32,-81.0],[94.75,-80.78],[87.75,-81.0],[87.5,-80.75],[85.25,-80.47],[80.25,-80.15],[78.0,-80.28],[72.75,-81.3],[70.75,-80.71],[67.0,-80.88],[61.0,-80.71],[52.62,-78.75],[48.77,-76.75],[46.68,-76.0],[44.0,-75.7],[42.66,-76.0],[43.22,-77.25],[42.75,-77.62],[42.14,-78.75],[42.5,-79.47],[45.5,-80.62],[50.25,-81.89],[55.75,-82.84],[59.75,-82.82],[76.57,-83.75],[77.21,-84.0],[67.5,-84.41],[59.5,-84.0],[53.35,-84.5],[54.75,-84.87],[59.21,-85.25]]}},{"type":"Feature","properties":{"level":1044},"geometry":{"type":"LineString","coordinates":[[72.75,-82.02],[72.23,-81.75],[76.0,-81.39],[78.36,-81.5],[76.75,-81.89],[72.75,-82.02]]}},{"type":"Feature","properties":{"level":1044},"geometry":{"type":"LineString","coordinates":[[106.18,-78.75],[107.98,-78.75],[106.18,-78.75]]}},{"type":"Feature","properties":{"level":1048},"geometry":{"type":"LineString","coordinates":[[73.96,-83.25],[78.25,-83.37],[84.0,-83.11],[88.5,-83.43],[91.5,-83.34],[93.93,-82.75],[95.77,-82.0],[95.39,-81.5],[94.35,-81.0],[91.5,-81.01],[88.0,-81.38],[86.75,-81.24],[85.85,-80.75],[84.48,-80.5],[79.75,-80.26],[77.25,-80.5],[73.65,-81.25],[77.25,-81.13],[80.95,-81.5],[76.75,-82.14],[73.25,-82.27],[70.77,-82.0],[71.98,-81.5],[71.0,-81.13],[68.75,-81.07],[65.5,-81.45],[63.75,-81.04],[62.0,-80.97],[61.33,-81.0],[61.25,-81.62],[60.5,-81.74],[58.94,-81.25],[59.43,-81.0],[59.32,-80.75],[51.5,-78.81],[51.02,-78.25],[49.5,-77.77],[46.75,-76.44],[44.0,-75.93],[43.27,-76.0],[43.88,-77.25],[43.0,-77.82],[42.48,-78.5],[42.85,-79.25],[43.75,-79.72],[46.29,-80.5],[52.03,-81.25],[50.53,-81.5],[52.0,-81.89],[55.75,-82.33],[59.0,-82.26],[65.75,-83.06],[73.96,-83.25]]}},{"type":"Feature","properties":{"level":1052},"geometry":{"type":"LineString","coordinates":[[67.06,-83.0],[79.5,-82.95],[83.5,-82.73],[86.25,-82.28],[90.5,-82.33],[92.25,-82.56],[94.09,-82.0],[94.24,-81.75],[93.75,-81.42],[92.25,-81.25],[89.25,-81.69],[83.75,-81.38],[78.21,-82.25],[74.75,-82.49],[71.0,-82.32],[69.52,-82.0],[70.8,-81.5],[70.25,-81.23],[68.93,-81.25],[66.25,-81.86],[63.5,-81.52],[63.03,-81.75],[64.05,-82.25],[63.24,-82.5],[67.06,-83.0]]}},{"type":"Feature","properties":{"level":1052},"geometry":{"type":"LineString","coordinates":[[52.55,-81.75],[56.5,-81.98],[59.16,-81.75],[59.02,-81.5],[57.75,-81.32],[51.79,-81.5],[52.55,-81.75]]}},{"type":"Feature","properties":{"level":1052},"geometry":{"type":"LineString","coordinates":[[51.02,-81.0],[56.75,-81.17],[58.0,-81.07],[58.35,-80.75],[50.96,-79.0],[47.87,-77.25],[45.25,-76.39],[44.77,-76.5],[44.55,-77.0],[44.67,-77.25],[44.41,-77.5],[43.25,-77.98],[42.72,-78.5],[43.27,-79.25],[45.0,-79.89],[51.02,-81.0]]}},{"type":"Feature","properties":{"level":1052},"geometry":{"type":"LineString","coordinates":[[80.0,-81.0],[83.75,-81.21],[85.13,-80.75],[79.75,-80.4],[78.0,-80.48],[77.2,-80.75],[80.0,-81.0]]}},{"type":"Feature","properties":{"level":1056},"geometry":{"type":"LineString","coordinates":[[66.44,-82.75],[72.76,-82.75],[69.25,-82.5],[66.44,-82.75]]}},{"type":"Feature","properties":{"level":1056},"geometry":{"type":"LineString","coordinates":[[53.32,-81.5],[56.5,-81.71],[57.79,-81.5],[53.32,-81.5]]}},{"type":"Feature","properties":{"level":1056},"geometry":{"type":"LineString","coordinates":[[50.68,-80.75],[56.0,-80.93],[56.85,-80.75],[50.1,-79.0],[50.0,-78.67],[46.0,-76.97],[45.36,-77.25],[45.41,-78.0],[47.18,-79.0],[47.5,-79.55],[45.25,-79.16],[44.5,-78.23],[43.75,-78.15],[43.07,-78.5],[43.5,-79.15],[45.25,-79.78],[50.68,-80.75]]}}]}