{"type":"FeatureCollection","features":[{"type":"Feature","properties":{"level":940},"geometry":{"type":"LineString","coordinates":[[140.0,-63.28],[138.56,-62.5],[138.29,-62.0],[138.46,-61.5],[139.25,-60.75],[140.33,-60.25],[141.5,-60.08],[142.33,-60.25],[142.11,-63.25],[141.25,-63.49],[140.0,-63.28]]}},{"type":"Feature","properties":{"level":940},"geometry":{"type":"LineString","coordinates":[[4.5,-59.69],[4.35,-59.5],[4.76,-59.5],[4.5,-59.69]]}},{"type":"Feature","properties":{"level":944},"geometry":{"type":"LineString","coordinates":[[14.75,-64.75],[12.25,-64.57],[3.5,-63.02],[2.53,-62.75],[1.65,-62.0],[3.22,-59.25],[4.0,-58.93],[5.0,-58.96],[10.0,-61.75],[17.52,-63.5],[16.5,-64.32],[15.39,-64.75],[14.75,-64.75]]}},{"type":"Feature","properties":{"level":944},"geometry":{"type":"LineString","coordinates":[[142.5,-64.27],[140.25,-64.02],[138.5,-63.48],[137.6,-62.75],[137.36,-61.75],[138.75,-60.38],[140.75,-59.68],[143.25,-59.65],[145.52,-60.25],[145.73,-60.5],[144.88,-61.25],[144.69,-61.75],[144.67,-62.5],[145.12,-63.75],[144.33,-64.25],[142.5,-64.27]]}},{"type":"Feature","properties":{"level":944},"geometry":{"type":"LineString","coordinates":[[144.0,26.38],[143.73,26.75],[143.83,27.0],[144.25,27.17],[144.68,27.0],[144.61,26.5],[144.0,26.38]]}},{"type":"Feature","properties":{"level":948},"geometry":{"type":"LineString","coordinates":[[16.5,-66.01],[9.5,-65.27],[2.75,-63.66],[1.25,-63.07],[0.55,-62.5],[0.22,-61.75],[0.34,-60.75],[0.91,-59.5],[1.81,-58.75],[3.5,-58.36],[5.25,-58.4],[7.0,-58.93],[11.75,-60.97],[19.0,-62.91],[20.36,-63.5],[21.75,-64.7],[22.87,-64.5],[22.5,-64.96],[21.75,-64.83],[20.75,-65.44],[19.5,-65.81],[16.5,-66.01]]}},{"type":"Feature","properties":{"level":948},"geometry":{"type":"LineString","coordinates":[[141.0,-64.75],[138.25,-64.12],[137.0,-63.4],[136.37,-62.5],[136.34,-62.0],[137.11,-60.75],[139.0,-59.64],[141.5,-59.17],[144.75,-59.39],[146.99,-60.25],[147.17,-60.75],[146.76,-62.0],[147.64,-63.75],[147.25,-64.5],[145.75,-64.86],[141.0,-64.75]]}},{"type":"Feature","properties":{"level":948},"geometry":{"type":"LineString","coordinates":[[144.0,26.18],[143.52,26.5],[143.53,27.0],[144.0,27.34],[144.68,27.25],[144.87,26.5],[144.5,26.2],[144.0,26.18]]}},{"type":"Feature","properties":{"level":952},"geometry":{"type":"LineString","coordinates":[[14.5,-66.75],[7.25,-65.94],[1.25,-64.06],[-0.28,-63.25],[-1.03,-62.5],[-1.45,-61.25],[-1.18,-59.75],[-0.2,-58.75],[1.5,-58.04],[3.5,-57.7],[5.75,-57.85],[8.4,-58.5],[15.25,-60.86],[22.75,-62.93],[27.1,-63.5],[27.55,-64.0],[27.32,-64.75],[26.84,-65.25],[25.71,-66.0],[24.0,-66.57],[20.75,-66.9],[14.5,-66.75]]}},{"type":"Feature","properties":{"level":952},"geometry":{"type":"LineString","coordinates":[[142.5,-65.51],[139.25,-65.15],[136.75,-64.22],[135.34,-62.75],[135.26,-62.0],[135.52,-61.25],[136.19,-60.5],[137.5,-59.62],[139.25,-59.02],[141.25,-58.73],[143.25,-58.74],[145.5,-59.07],[147.25,-59.63],[148.17,-60.25],[148.75,-62.15],[149.87,-63.5],[149.84,-64.5],[149.5,-65.0],[147.75,-65.41],[142.5,-65.51]]}},{"type":"Feature","properties":{"level":952},"geometry":{"type":"LineString","coordinates":[[94.25,-53.77],[93.75,-53.59],[93.63,-53.25],[94.25,-52.87],[94.74,-53.25],[94.73,-53.5],[94.25,-53.77]]}},{"type":"Feature","properties":{"level":952},"geometry":{"type":"LineString","coordinates":[[143.5,26.24],[143.25,26.75],[143.75,27.37],[144.5,27.5],[145.06,27.0],[145.05,26.5],[144.75,26.13],[144.0,26.02],[143.5,26.24]]}},{"type":"Feature","properties":{"level":956},"geometry":{"type":"LineString","coordinates":[[-146.25,-76.27],[-147.25,-76.05],[-152.25,-76.16],[-152.83,-76.0],[-152.82,-75.75],[-150.5,-74.86],[-148.25,-74.45],[-146.0,-74.51],[-143.41,-75.0],[-146.07,-76.0],[-145.18,-76.25],[-146.25,-76.27]]}},{"type":"Feature","properties":{"level":956},"geometry":{"type":"LineString","coordinates":[[17.75,-67.75],[8.75,-67.2],[5.3,-66.5],[2.0,-65.44],[-0.5,-64.35],[-2.25,-63.08],[-3.05,-61.75],[-3.11,-60.0],[-2.0,-58.68],[0.65,-57.5],[3.5,-57.09],[6.75,-57.25],[10.75,-57.99],[20.25,-61.13],[25.0,-62.26],[29.5,-62.96],[30.57,-63.5],[30.88,-64.0],[30.77,-64.5],[29.45,-66.5],[28.25,-66.98],[23.25,-67.77],[17.75,-67.75]]}},{"type":"Feature","properties":{"level":956},"geometry":{"type":"LineString","coordinates":[[140.0,-66.04],[137.0,-65.31],[135.88,-64.75],[134.16,-63.25],[133.83,-61.75],[134.69,-60.5],[136.27,-59.5],[138.25,-58.7],[140.75,-58.21],[145.0,-58.45],[147.0,-58.94],[148.5,-59.6],[149.36,-60.25],[151.85,-63.25],[152.22,-64.75],[151.75,-65.5],[149.5,-65.95],[143.25,-66.17],[140.0,-66.04]]}},{"type":"Feature","properties":{"level":956},"geometry":{"type":"LineString","coordinates":[[-132.5,-58.86],[-132.69,-58.75],[-132.18,-58.75],[-132.5,-58.86]]}},{"type":"Feature","properties":{"level":956},"geometry":{"type":"LineString","coordinates":[[94.75,-54.77],[93.75,-54.53],[93.0,-53.97],[92.8,-53.0],[93.24,-52.5],[94.5,-52.24],[95.71,-53.0],[96.08,-54.0],[95.96,-54.5],[94.75,-54.77]]}},{"type":"Feature","properties":{"level":956},"geometry":{"type":"LineString","coordinates":[[143.75,25.95],[143.11,26.5],[143.17,27.0],[144.0,27.62],[144.75,27.52],[145.18,27.0],[145.08,26.25],[144.5,25.92],[143.75,25.95]]}},{"type":"Feature","properties":{"level":960},"geometry":{"type":"LineString","coordinates":[[-150.75,-80.76],[-157.3,-80.0],[-157.46,-79.5],[-157.0,-79.24],[-155.25,-79.41],[-153.5,-79.93],[-149.97,-79.75],[-150.29,-79.5],[-150.13,-79.25],[-153.75,-78.83],[-154.25,-78.22],[-159.5,-77.76],[-160.2,-77.5],[-160.27,-77.0],[-159.37,-76.25],[-157.25,-75.43],[-150.5,-73.8],[-138.75,-72.15],[-136.0,-72.14],[-134.0,-72.75],[-133.94,-73.0],[-134.75,-73.75],[-137.28,-74.75],[-140.75,-75.94],[-142.41,-76.0],[-142.62,-76.5],[-141.94,-77.0],[-142.25,-77.13],[-146.76,-77.75],[-146.49,-78.0],[-147.09,-78.5],[-146.62,-78.75],[-147.93,-79.0],[-147.87,-79.25],[-146.29,-79.5],[-146.91,-79.75],[-146.12,-80.25],[-148.25,-80.68],[-150.75,-80.76]]}},{"type":"Feature","properties":{"level":960},"geometry":{"type":"LineString","coordinates":[[13.5,-68.51],[9.25,-68.21],[6.25,-67.73],[2.25,-66.66],[-0.73,-65.5],[-2.49,-64.5],[-4.19,-63.0],[-4.96,-61.25],[-4.79,-59.75],[-3.27,-58.25],[0.0,-56.94],[4.25,-56.38],[10.0,-56.54],[11.0,-56.29],[12.0,-55.7],[13.0,-55.65],[13.95,-56.0],[14.31,-57.0],[15.0,-57.67],[18.0,-59.25],[23.25,-60.8],[31.75,-62.48],[33.22,-63.25],[33.64,-63.75],[33.64,-64.25],[32.81,-66.25],[32.1,-67.0],[31.0,-67.43],[23.5,-68.65],[13.5,-68.51]]}},{"type":"Feature","properties":{"level":960},"geometry":{"type":"LineString","coordinates":[[142.5,-67.01],[142.25,-66.83],[138.5,-66.77],[137.75,-66.5],[136.5,-66.5],[136.42,-66.25],[133.99,-65.0],[132.75,-63.88],[132.03,-62.75],[131.91,-62.0],[132.56,-61.0],[133.75,-60.01],[135.64,-59.0],[138.5,-57.9],[141.0,-57.57],[144.5,-57.78],[147.5,-58.47],[150.0,-59.64],[153.69,-63.0],[154.77,-65.0],[154.5,-65.78],[151.75,-66.45],[148.75,-66.72],[144.75,-66.67],[142.5,-67.01]]}},{"type":"Feature","properties":{"level":960},"geometry":{"type":"LineString","coordinates":[[-131.5,-59.53],[-132.75,-59.39],[-133.62,-59.0],[-133.75,-58.74],[-132.83,-57.5],[-131.75,-57.3],[-130.75,-57.79],[-128.75,-58.09],[-127.72,-58.5],[-127.78,-58.75],[-128.75,-59.21],[-131.5,-59.53]]}},{"type":"Feature","properties":{"level":960},"geometry":{"type":"LineString","coordinates":[[98.0,-57.05],[96.01,-56.5],[92.96,-54.75],[91.94,-53.25],[92.46,-52.25],[94.25,-51.75],[95.75,-52.14],[96.61,-52.75],[98.5,-54.83],[101.29,-56.5],[100.43,-57.0],[98.0,-57.05]]}},{"type":"Feature","properties":{"level":960},"geometry":{"type":"LineString","coordinates":[[143.5,25.94],[142.96,26.5],[143.17,27.25],[144.25,27.78],[145.0,27.5],[145.35,26.75],[145.03,26.0],[144.25,25.79],[143.5,25.94]]}},{"type":"Feature","properties":{"level":964},"geometry":{"type":"LineString","coordinates":[[-156.25,-82.25],[-160.25,-81.83],[-162.95,-80.75],[-163.84,-80.0],[-163.72,-79.75],[-162.04,-79.5],[-164.5,-79.0],[-164.87,-78.75],[-165.27,-78.25],[-164.97,-78.0],[-164.83,-77.25],[-164.06,-76.5],[-162.5,-75.65],[-157.41,-74.0],[-141.75,-70.98],[-137.5,-70.58],[-135.25,-70.63],[-132.5,-71.21],[-131.58,-71.75],[-131.2,-72.25],[-131.19,-73.0],[-131.68,-73.75],[-137.95,-76.0],[-136.54,-76.25],[-136.86,-77.0],[-135.76,-77.5],[-137.16,-78.25],[-135.53,-78.75],[-137.03,-79.25],[-137.37,-79.75],[-138.51,-80.25],[-138.42,-80.5],[-139.55,-81.25],[-142.75,-81.71],[-146.25,-81.63],[-147.55,-82.0],[-151.0,-82.4],[-156.25,-82.25]]}},{"type":"Feature","properties":{"level":964},"geometry":{"type":"LineString","coordinates":[[14.25,-69.5],[8.75,-69.07],[5.75,-68.57],[1.75,-67.56],[-1.75,-66.26],[-4.25,-64.77],[-5.92,-63.25],[-6.84,-61.5],[-6.7,-60.0],[-5.72,-58.75],[-4.25,-57.75],[0.25,-56.21],[4.25,-55.6],[11.75,-55.11],[14.0,-55.21],[16.0,-55.73],[16.39,-56.5],[17.16,-57.25],[20.0,-58.69],[24.0,-59.88],[33.25,-61.98],[35.39,-63.0],[36.1,-63.75],[35.85,-65.75],[34.86,-67.25],[30.46,-68.75],[26.75,-69.27],[22.0,-69.58],[14.25,-69.5]]}},{"type":"Feature","properties":{"level":964},"geometry":{"type":"LineString","coordinates":[[-160.0,-68.45],[-160.17,-68.0],[-159.75,-67.85],[-158.5,-67.72],[-158.13,-68.0],[-158.75,-68.39],[-160.0,-68.45]]}},{"type":"Feature","properties":{"level":964},"geometry":{"type":"LineString","coordinates":[[142.5,-67.27],[134.5,-66.9],[133.75,-66.45],[132.5,-66.45],[131.0,-65.18],[128.17,-63.5],[132.0,-59.55],[138.0,-57.34],[140.75,-56.94],[143.25,-56.95],[146.75,-57.46],[150.0,-58.61],[153.84,-61.0],[157.69,-65.5],[157.56,-66.0],[156.93,-66.25],[153.75,-66.9],[145.75,-67.39],[144.5,-67.15],[142.5,-67.27]]}},{"type":"Feature","properties":{"level":964},"geometry":{"type":"LineString","coordinates":[[-132.25,-60.28],[-133.5,-59.88],[-134.48,-59.0],[-134.28,-58.0],[-133.25,-57.11],[-130.5,-56.64],[-127.0,-56.6],[-126.25,-56.89],[-125.25,-56.55],[-124.82,-56.75],[-126.42,-59.0],[-127.5,-59.74],[-129.75,-60.42],[-132.25,-60.28]]}},{"type":"Feature","properties":{"level":964},"geometry":{"type":"LineString","coordinates":[[98.0,-57.53],[95.5,-56.89],[92.74,-55.25],[91.45,-53.5],[91.69,-52.0],[93.75,-51.29],[95.75,-51.58],[101.25,-54.58],[103.0,-55.04],[103.37,-55.5],[103.19,-56.25],[101.81,-57.25],[100.25,-57.64],[98.0,-57.53]]}},{"type":"Feature","properties":{"level":964},"geometry":{"type":"LineString","coordinates":[[143.75,25.72],[142.93,26.25],[142.78,26.75],[142.98,27.25],[144.0,27.88],[144.93,27.75],[145.39,27.25],[145.36,26.25],[144.75,25.74],[143.75,25.72]]}},{"type":"Feature","properties":{"level":968},"geometry":{"type":"LineString","coordinates":[[-155.5,-83.5],[-163.01,-83.25],[-166.49,-82.75],[-168.4,-81.5],[-169.22,-79.75],[-169.28,-79.0],[-169.87,-78.25],[-169.09,-77.0],[-167.73,-76.0],[-165.0,-74.85],[-159.75,-73.13],[-155.5,-72.07],[-137.75,-68.77],[-133.5,-68.67],[-131.25,-69.11],[-129.5,-70.11],[-128.53,-71.0],[-128.12,-72.0],[-128.2,-72.5],[-128.62,-73.0],[-128.54,-73.25],[-126.38,-73.75],[-127.0,-74.08],[-128.25,-73.93],[-132.0,-74.93],[-133.08,-76.0],[-134.05,-76.5],[-133.28,-76.75],[-133.34,-77.0],[-131.46,-78.25],[-131.32,-78.75],[-131.75,-79.1],[-133.15,-79.5],[-133.27,-80.25],[-132.96,-80.75],[-133.12,-81.0],[-136.07,-82.25],[-138.0,-82.58],[-149.0,-83.41],[-155.5,-83.5]]}},{"type":"Feature","properties":{"level":968},"geometry":{"type":"LineString","coordinates":[[-163.25,-70.5],[-165.5,-70.06],[-166.12,-69.5],[-165.25,-68.78],[-159.5,-66.2],[-157.75,-66.17],[-155.75,-66.54],[-154.75,-67.0],[-154.32,-67.5],[-154.28,-68.0],[-154.84,-68.75],[-157.0,-69.93],[-160.75,-70.55],[-163.25,-70.5]]}},{"type":"Feature","properties":{"level":968},"geometry":{"type":"LineString","coordinates":[[14.75,-70.5],[8.75,-70.04],[4.75,-69.41],[1.25,-68.58],[-2.5,-67.25],[-6.0,-65.22],[-7.96,-63.25],[-8.67,-61.75],[-8.41,-60.0],[-7.41,-58.75],[-5.62,-57.5],[-0.25,-55.52],[4.75,-54.61],[13.0,-54.14],[16.75,-55.14],[18.75,-56.73],[20.75,-57.62],[24.25,-58.78],[34.25,-61.32],[36.5,-62.05],[38.3,-63.0],[38.65,-64.5],[38.48,-66.5],[38.0,-67.0],[36.13,-68.0],[33.25,-68.69],[32.96,-69.0],[33.62,-69.75],[33.5,-70.02],[31.5,-69.68],[29.0,-70.25],[22.75,-70.42],[21.75,-70.67],[19.25,-70.38],[14.75,-70.5]]}},{"type":"Feature","properties":{"level":968},"geometry":{"type":"LineString","coordinates":[[144.0,-68.08],[143.79,-68.0],[144.02,-67.75],[143.77,-67.5],[143.25,-67.43],[137.25,-67.54],[132.5,-67.24],[129.75,-67.45],[127.5,-67.14],[126.85,-66.75],[126.66,-65.75],[125.53,-64.5],[125.39,-63.5],[125.82,-62.0],[124.18,-61.25],[125.5,-61.45],[127.25,-61.03],[132.25,-58.51],[138.25,-56.64],[141.0,-56.2],[145.5,-56.31],[149.0,-57.15],[154.57,-60.0],[159.51,-64.5],[160.76,-66.0],[159.25,-66.68],[156.0,-67.31],[148.75,-68.05],[146.25,-67.88],[144.0,-68.08]]}},{"type":"Feature","properties":{"level":968},"geometry":{"type":"LineString","coordinates":[[-155.5,-65.0],[-156.75,-64.8],[-156.98,-64.5],[-156.83,-64.0],[-153.5,-61.93],[-152.0,-61.58],[-150.76,-61.75],[-150.87,-62.75],[-151.25,-63.28],[-152.79,-64.25],[-155.5,-65.0]]}},{"type":"Feature","properties":{"level":968},"geometry":{"type":"LineString","coordinates":[[-128.25,-64.04],[-129.25,-63.65],[-130.29,-62.75],[-134.15,-60.5],[-135.03,-59.75],[-135.43,-59.0],[-135.21,-58.0],[-134.25,-56.94],[-132.0,-55.6],[-130.35,-55.0],[-128.63,-53.75],[-127.75,-53.52],[-124.0,-55.17],[-122.78,-56.0],[-124.0,-59.04],[-127.04,-62.0],[-126.75,-62.36],[-124.75,-62.83],[-124.1,-63.5],[-125.0,-64.03],[-128.25,-64.04]]}},{"type":"Feature","properties":{"level":968},"geometry":{"type":"LineString","coordinates":[[97.75,-58.03],[94.75,-57.26],[92.03,-55.5],[90.88,-53.75],[90.81,-53.0],[91.25,-51.94],[93.0,-50.85],[95.5,-50.98],[98.73,-52.0],[102.0,-53.4],[103.25,-53.54],[103.96,-54.0],[104.52,-54.75],[104.72,-55.5],[104.51,-56.25],[103.0,-57.41],[100.25,-58.16],[97.75,-58.03]]}},{"type":"Feature","properties":{"level":968},"geometry":{"type":"LineString","coordinates":[[143.5,25.66],[142.68,26.5],[142.68,27.0],[143.0,27.49],[144.25,28.05],[145.21,27.75],[145.62,27.0],[145.36,26.0],[144.5,25.55],[143.5,25.66]]}},{"type":"Feature","properties":{"level":972},"geometry":{"type":"LineString","coordinates":[[-161.25,-84.25],[-169.0,-83.83],[-172.62,-83.25],[-174.33,-82.75],[-174.2,-82.0],[-174.61,-81.25],[-174.47,-80.75],[-174.77,-80.0],[-174.49,-79.25],[-174.68,-78.25],[-174.4,-77.75],[-173.73,-77.0],[-171.45,-75.5],[-168.45,-74.0],[-167.47,-73.25],[-167.6,-72.75],[-170.3,-71.0],[-171.08,-69.5],[-165.25,-66.73],[-163.77,-66.25],[-155.7,-61.5],[-153.95,-60.75],[-152.0,-60.28],[-150.0,-60.41],[-148.92,-61.5],[-149.0,-62.5],[-149.93,-64.75],[-149.98,-65.75],[-149.44,-66.75],[-149.23,-67.75],[-148.75,-68.07],[-146.75,-68.24],[-144.25,-67.97],[-135.75,-65.96],[-134.81,-65.5],[-134.19,-64.75],[-134.14,-62.75],[-136.25,-60.37],[-136.73,-59.0],[-136.59,-58.25],[-135.75,-57.0],[-133.2,-54.5],[-131.75,-54.05],[-130.25,-53.04],[-127.0,-52.82],[-122.5,-54.26],[-121.54,-54.75],[-121.13,-55.25],[-121.36,-56.0],[-120.53,-57.75],[-119.0,-57.53],[-118.21,-57.75],[-118.5,-58.34],[-119.42,-58.75],[-119.97,-60.0],[-121.78,-61.25],[-122.08,-61.75],[-122.1,-63.0],[-122.58,-64.0],[-124.72,-65.75],[-124.59,-66.5],[-124.02,-67.5],[-121.69,-70.0],[-123.41,-71.25],[-124.7,-73.0],[-126.08,-73.25],[-125.25,-73.66],[-124.84,-74.25],[-128.75,-75.41],[-129.25,-75.99],[-130.06,-76.25],[-130.09,-76.5],[-129.5,-76.85],[-128.0,-77.22],[-127.74,-77.5],[-128.27,-78.0],[-128.23,-78.5],[-128.0,-79.0],[-126.34,-80.5],[-126.6,-81.0],[-127.5,-81.54],[-129.07,-82.0],[-130.5,-82.88],[-135.5,-83.51],[-145.5,-84.29],[-161.25,-84.25]]}},{"type":"Feature","properties":{"level":972},"geometry":{"type":"LineString","coordinates":[[8.75,-71.27],[2.79,-70.75],[-5.17,-67.5],[-8.07,-65.5],[-9.75,-63.66],[-10.49,-61.75],[-10.17,-60.0],[-9.15,-58.75],[-7.88,-57.75],[-5.47,-56.5],[-1.0,-54.75],[4.5,-53.7],[13.25,-52.97],[17.41,-54.5],[19.75,-55.92],[21.84,-56.75],[39.75,-61.95],[40.62,-62.75],[41.66,-65.5],[41.6,-66.5],[38.5,-68.4],[37.67,-68.75],[34.25,-69.24],[34.55,-70.25],[34.0,-70.44],[28.75,-71.07],[22.0,-71.33],[8.75,-71.27]]}},{"type":"Feature","properties":{"level":972},"geometry":{"type":"LineString","coordinates":[[146.75,-68.77],[145.5,-68.35],[144.0,-68.39],[142.5,-67.99],[128.0,-67.97],[123.25,-67.04],[120.58,-67.0],[120.06,-66.75],[120.04,-66.5],[120.53,-65.5],[122.12,-63.75],[122.27,-61.75],[123.25,-60.7],[127.75,-59.38],[132.0,-57.5],[134.75,-56.71],[140.0,-55.46],[144.5,-55.17],[146.5,-55.23],[147.75,-55.56],[154.25,-58.32],[156.85,-60.25],[159.0,-62.3],[164.31,-66.0],[161.75,-67.08],[158.5,-67.71],[154.5,-68.12],[153.5,-68.7],[151.25,-68.56],[146.75,-68.77]]}},{"type":"Feature","properties":{"level":972},"geometry":{"type":"LineString","coordinates":[[97.0,-58.76],[95.5,-58.43],[93.5,-57.6],[92.0,-56.62],[91.0,-55.59],[90.35,-54.5],[90.11,-53.25],[90.41,-52.25],[91.25,-51.27],[92.5,-50.52],[93.75,-50.34],[96.0,-50.48],[98.75,-51.06],[102.25,-52.17],[103.25,-52.24],[105.0,-53.58],[105.75,-54.59],[105.89,-55.5],[105.43,-56.5],[104.73,-57.25],[103.25,-58.16],[101.87,-58.75],[100.5,-58.94],[97.0,-58.76]]}},{"type":"Feature","properties":{"level":972},"geometry":{"type":"LineString","coordinates":[[143.5,25.5],[142.61,26.25],[142.52,27.0],[142.78,27.5],[144.0,28.19],[145.25,27.91],[145.8,27.0],[145.53,26.0],[144.5,25.39],[143.5,25.5]]}},{"type":"Feature","properties":{"level":976},"geometry":{"type":"LineString","coordinates":[[180.0,-83.89],[179.02,-83.75],[179.0,-83.5],[177.12,-82.75],[177.79,-82.0],[177.61,-81.5],[177.99,-80.5],[179.1,-79.25],[179.2,-78.5],[179.57,-78.0],[179.09,-77.25],[179.5,-76.11],[180.0,-75.72]]}},{"type":"Feature","properties":{"level":976},"geometry":{"type":"LineString","coordinates":[[-180.0,-75.72],[-177.75,-74.48],[-176.15,-73.25],[-175.61,-72.5],[-175.55,-71.0],[-174.84,-69.25],[-172.93,-68.0],[-168.5,-65.77],[-164.0,-64.26],[-157.91,-61.25],[-153.75,-59.47],[-151.75,-59.15],[-149.5,-59.32],[-147.25,-60.89],[-146.13,-62.75],[-145.0,-63.76],[-142.75,-64.32],[-141.27,-64.0],[-139.92,-63.25],[-138.58,-61.75],[-138.47,-58.75],[-137.31,-56.75],[-134.95,-54.5],[-131.25,-51.81],[-127.25,-51.72],[-123.0,-52.56],[-120.75,-53.24],[-119.95,-53.75],[-119.0,-55.95],[-118.24,-56.5],[-117.0,-56.88],[-116.43,-57.5],[-116.49,-58.25],[-118.14,-61.0],[-119.28,-63.5],[-120.6,-65.5],[-120.25,-66.68],[-117.69,-69.25],[-117.57,-70.25],[-118.72,-72.5],[-121.04,-74.25],[-126.39,-75.75],[-126.48,-76.0],[-125.85,-76.25],[-125.78,-76.5],[-126.48,-77.0],[-125.0,-77.17],[-123.39,-78.25],[-123.32,-78.5],[-123.74,-79.0],[-121.43,-79.0],[-121.39,-79.5],[-120.9,-80.25],[-121.09,-80.5],[-120.71,-81.0],[-120.82,-81.25],[-119.98,-81.75],[-120.32,-82.0],[-123.15,-82.5],[-124.98,-83.5],[-139.0,-84.9],[-149.25,-85.14],[-172.0,-84.82],[-177.05,-84.25],[-178.0,-83.95],[-180.0,-83.89]]}},{"type":"Feature","properties":{"level":976},"geometry":{"type":"LineString","coordinates":[[-19.0,-75.51],[-20.72,-74.75],[-21.17,-74.0],[-21.04,-73.5],[-19.03,-72.5],[-13.25,-71.29],[-9.5,-70.2],[-8.4,-69.75],[-7.95,-69.25],[-7.81,-68.75],[-8.12,-68.0],[-11.07,-65.0],[-11.94,-63.75],[-12.41,-62.5],[-12.16,-60.5],[-10.73,-58.5],[-8.06,-56.75],[-3.75,-54.68],[0.0,-53.57],[5.0,-52.67],[10.0,-52.19],[14.5,-52.45],[22.75,-55.83],[30.86,-58.25],[34.15,-59.5],[37.5,-60.14],[39.74,-61.0],[40.75,-61.04],[42.2,-61.75],[42.75,-62.6],[43.75,-62.98],[43.72,-63.5],[44.16,-64.5],[46.1,-66.25],[42.75,-67.54],[42.49,-68.0],[42.85,-68.25],[42.0,-68.34],[40.75,-69.84],[38.0,-69.93],[36.02,-70.5],[31.29,-71.25],[24.5,-71.76],[22.0,-72.36],[17.75,-71.78],[16.0,-72.02],[12.5,-71.73],[8.25,-72.02],[3.5,-71.43],[2.25,-71.5],[-0.75,-72.2],[-2.0,-71.78],[-4.75,-71.68],[-9.25,-72.42],[-9.61,-72.75],[-9.41,-73.5],[-10.0,-73.87],[-14.65,-74.75],[-13.23,-75.0],[-13.25,-75.28],[-19.0,-75.51]]}},{"type":"Feature","properties":{"level":976},"geometry":{"type":"LineString","coordinates":[[-10.64,-71.75],[-10.25,-71.97],[-9.69,-71.75],[-10.25,-71.35],[-10.64,-71.75]]}},{"type":"Feature","properties":{"level":976},"geometry":{"type":"LineString","coordinates":[[-105.5,-71.03],[-106.18,-70.5],[-106.4,-69.75],[-105.7,-68.75],[-105.0,-68.31],[-103.0,-67.57],[-102.0,-67.45],[-101.18,-67.75],[-100.55,-68.5],[-100.91,-69.5],[-102.75,-70.64],[-104.5,-71.2],[-105.5,-71.03]]}},{"type":"Feature","properties":{"level":976},"geometry":{"type":"LineString","coordinates":[[153.0,-69.55],[152.5,-69.33],[146.5,-69.06],[142.25,-68.47],[133.75,-68.31],[131.0,-68.57],[124.75,-68.12],[123.0,-67.57],[119.25,-67.74],[117.5,-67.49],[115.0,-67.51],[114.62,-67.0],[113.69,-66.75],[113.44,-66.25],[113.0,-65.99],[111.25,-66.18],[111.0,-66.61],[110.0,-66.69],[108.25,-66.16],[107.39,-65.5],[108.0,-64.81],[110.25,-63.85],[112.25,-63.68],[114.6,-63.0],[122.01,-59.75],[128.25,-57.98],[132.5,-56.26],[140.25,-54.37],[145.5,-53.81],[148.5,-54.49],[154.25,-56.83],[162.75,-63.19],[164.75,-64.24],[167.99,-65.5],[168.16,-65.75],[168.15,-66.0],[167.33,-66.5],[164.5,-67.57],[156.25,-68.83],[154.5,-68.71],[154.29,-68.75],[154.54,-69.25],[154.25,-69.46],[153.0,-69.55]]}},{"type":"Feature","properties":{"level":976},"geometry":{"type":"LineString","coordinates":[[155.5,-69.52],[155.28,-69.5],[155.5,-69.23],[156.38,-69.25],[155.5,-69.52]]}},{"type":"Feature","properties":{"level":976},"geometry":{"type":"LineString","coordinates":[[101.75,-66.01],[101.27,-65.5],[100.75,-65.67],[100.22,-65.25],[101.5,-64.93],[102.75,-65.15],[102.39,-65.75],[101.75,-66.01]]}},{"type":"Feature","properties":{"level":976},"geometry":{"type":"LineString","coordinates":[[93.75,-65.55],[93.43,-65.25],[94.0,-64.99],[95.0,-64.95],[95.5,-65.25],[94.75,-65.56],[93.75,-65.55]]}},{"type":"Feature","properties":{"level":976},"geometry":{"type":"LineString","coordinates":[[98.75,-60.51],[93.25,-58.87],[92.0,-58.14],[90.75,-57.01],[89.6,-55.25],[89.27,-53.75],[89.59,-52.25],[90.6,-51.0],[92.25,-50.09],[93.75,-49.81],[95.75,-49.81],[99.0,-50.22],[102.0,-51.01],[102.75,-50.95],[105.0,-52.36],[106.5,-53.65],[107.03,-54.75],[106.76,-56.25],[106.17,-57.25],[104.19,-59.25],[102.46,-60.0],[102.25,-60.29],[100.75,-60.71],[98.75,-60.51]]}},{"type":"Feature","properties":{"level":976},"geometry":{"type":"LineString","coordinates":[[-116.25,20.13],[-116.44,20.25],[-116.25,20.41],[-115.96,20.25],[-116.25,20.13]]}},{"type":"Feature","properties":{"level":976},"geometry":{"type":"LineString","coordinates":[[143.75,25.22],[142.55,26.0],[142.32,26.5],[142.38,27.25],[143.25,28.24],[144.0,28.39],[145.0,28.24],[145.84,27.5],[145.91,26.25],[145.0,25.35],[143.75,25.22]]}},{"type":"Feature","properties":{"level":980},"geometry":{"type":"LineString","coordinates":[[180.0,-84.67],[177.74,-84.75],[170.25,-83.64],[169.75,-83.65],[169.42,-84.0],[168.75,-83.42],[167.09,-83.25],[167.0,-82.88],[166.25,-82.73],[165.5,-82.11],[163.18,-81.75],[163.46,-81.5],[163.24,-81.0],[160.24,-79.75],[160.75,-79.58],[160.75,-79.14],[161.25,-79.16],[161.75,-78.63],[163.41,-78.5],[162.58,-78.0],[163.25,-77.69],[163.97,-77.75],[162.71,-76.75],[162.89,-76.25],[163.25,-76.0],[168.0,-76.38],[168.84,-76.0],[168.87,-75.75],[168.46,-75.5],[165.5,-74.94],[165.26,-74.75],[165.25,-74.24],[170.0,-73.74],[170.0,-73.32],[169.43,-73.25],[170.75,-72.29],[171.0,-72.76],[171.5,-72.42],[171.67,-72.75],[173.0,-73.09],[176.0,-72.58],[178.5,-71.58],[180.0,-69.8]]}},{"type":"Feature","properties":{"level":980},"geometry":{"type":"LineString","coordinates":[[160.0,-80.02],[160.16,-80.0],[160.0,-80.02]]}},{"type":"Feature","properties":{"level":980},"geometry":{"type":"LineString","coordinates":[[160.0,-79.36],[159.2,-79.0],[159.67,-78.75],[159.36,-78.5],[159.75,-78.68],[160.75,-78.55],[161.1,-78.75],[160.0,-79.36]]}},{"type":"Feature","properties":{"level":980},"geometry":{"type":"LineString","coordinates":[[166.65,-79.25],[168.25,-79.28],[170.25,-78.63],[170.41,-78.25],[169.75,-78.33],[169.0,-78.09],[167.75,-78.46],[167.25,-78.88],[166.29,-78.75],[166.65,-79.25]]}},{"type":"Feature","properties":{"level":980},"geometry":{"type":"LineString","coordinates":[[164.9,-78.75],[165.44,-78.75],[164.9,-78.75]]}},{"type":"Feature","properties":{"level":980},"geometry":{"type":"LineString","coordinates":[[163.82,-78.25],[164.25,-78.34],[164.64,-78.0],[164.0,-78.02],[163.82,-78.25]]}},{"type":"Feature","properties":{"level":980},"geometry":{"type":"LineString","coordinates":[[166.09,-78.25],[167.02,-78.25],[166.5,-78.09],[166.09,-78.25]]}},{"type":"Feature","properties":{"level":980},"geometry":{"type":"LineString","coordinates":[[-23.5,-76.02],[-22.06,-75.75],[-24.0,-74.78],[-24.43,-74.25],[-24.35,-73.75],[-23.5,-72.94],[-20.25,-71.41],[-13.69,-69.0],[-12.65,-68.25],[-12.59,-67.0],[-14.17,-63.75],[-14.45,-62.25],[-13.73,-60.0],[-12.18,-58.25],[-8.14,-55.5],[-4.5,-53.84],[-1.0,-52.78],[4.75,-51.68],[9.75,-51.07],[15.25,-51.95],[22.5,-54.58],[29.12,-56.5],[34.25,-58.51],[39.0,-59.46],[43.25,-60.74],[45.32,-62.0],[45.81,-62.5],[46.2,-63.5],[48.25,-64.64],[49.25,-64.84],[49.72,-65.25],[48.79,-66.5],[47.02,-67.25],[46.66,-67.75],[44.49,-68.25],[42.96,-69.75],[40.25,-70.66],[37.25,-70.77],[32.0,-71.7],[26.25,-71.94],[24.0,-72.45],[22.25,-72.58],[12.5,-72.11],[12.02,-72.5],[9.25,-72.6],[7.25,-72.09],[5.25,-72.01],[1.75,-72.26],[0.0,-72.79],[-2.0,-73.0],[-2.5,-72.63],[-4.25,-72.52],[-4.34,-72.25],[-4.75,-72.18],[-5.06,-72.25],[-5.0,-72.54],[-5.63,-72.75],[-5.74,-73.5],[-7.5,-73.8],[-9.25,-74.49],[-10.75,-74.63],[-13.75,-75.6],[-17.0,-75.92],[-23.5,-76.02]]}},{"type":"Feature","properties":{"level":980},"geometry":{"type":"LineString","coordinates":[[169.25,-73.69],[169.25,-73.42],[169.25,-73.69]]}},{"type":"Feature","properties":{"level":980},"geometry":{"type":"LineString","coordinates":[[170.5,-73.5],[170.75,-73.68],[170.9,-73.5],[170.5,-73.5]]}},{"type":"Feature","properties":{"level":980},"geometry":{"type":"LineString","coordinates":[[171.45,-73.5],[171.61,-73.5],[171.45,-73.5]]}},{"type":"Feature","properties":{"level":980},"geometry":{"type":"LineString","coordinates":[[171.0,-72.25],[171.0,-71.43],[171.17,-71.5],[171.0,-72.25]]}},{"type":"Feature","properties":{"level":980},"geometry":{"type":"LineString","coordinates":[[153.0,-70.0],[146.75,-69.51],[142.5,-68.8],[134.5,-68.63],[131.25,-68.9],[122.75,-68.81],[121.25,-68.19],[114.25,-67.96],[111.89,-67.5],[113.26,-67.25],[113.0,-67.15],[110.0,-67.39],[105.75,-66.41],[103.75,-66.26],[100.5,-66.84],[98.0,-66.65],[95.5,-66.92],[91.5,-66.81],[86.58,-67.25],[84.75,-66.71],[84.18,-66.0],[85.0,-65.22],[89.24,-63.25],[90.7,-62.0],[91.22,-61.0],[90.94,-60.5],[88.75,-59.42],[86.5,-59.61],[85.95,-59.25],[86.5,-58.52],[88.0,-58.62],[88.5,-58.06],[88.57,-57.25],[88.12,-54.25],[88.39,-52.75],[88.88,-51.75],[89.72,-50.75],[91.25,-49.77],[93.0,-49.24],[94.75,-49.09],[98.5,-49.23],[101.5,-49.83],[102.0,-49.66],[105.5,-51.59],[107.21,-53.0],[108.03,-54.25],[108.26,-56.5],[107.75,-58.77],[109.0,-59.75],[110.0,-60.0],[112.11,-60.0],[113.0,-60.31],[115.25,-60.11],[128.0,-56.86],[139.51,-53.0],[142.25,-52.67],[146.0,-52.74],[150.5,-53.74],[152.0,-54.3],[156.0,-56.65],[163.75,-62.09],[167.0,-63.57],[171.35,-64.75],[172.9,-65.5],[172.97,-65.75],[172.88,-66.0],[170.25,-67.39],[166.0,-68.89],[160.25,-69.43],[158.5,-69.89],[157.75,-69.66],[153.0,-70.0]]}},{"type":"Feature","properties":{"level":980},"geometry":{"type":"LineString","coordinates":[[-180.0,-69.8],[-179.73,-69.25],[-178.75,-68.33],[-175.03,-65.75],[-164.25,-62.74],[-156.32,-59.25],[-153.5,-58.31],[-152.0,-58.08],[-149.0,-58.12],[-144.0,-60.31],[-142.5,-60.22],[-141.25,-59.23],[-138.31,-55.75],[-134.22,-52.25],[-131.25,-50.81],[-129.5,-50.37],[-122.75,-51.07],[-121.25,-51.56],[-118.17,-53.75],[-116.75,-55.48],[-115.04,-56.25],[-114.55,-57.75],[-114.57,-59.75],[-113.78,-61.0],[-113.8,-62.5],[-114.41,-63.25],[-115.19,-65.25],[-114.75,-66.22],[-114.08,-66.75],[-112.25,-67.53],[-110.5,-67.71],[-105.08,-67.0],[-100.75,-66.15],[-99.5,-66.13],[-98.0,-66.93],[-97.3,-67.75],[-97.15,-68.25],[-97.42,-69.25],[-98.26,-70.5],[-99.11,-71.25],[-100.5,-72.0],[-99.27,-72.25],[-100.69,-72.5],[-101.38,-73.0],[-101.02,-73.25],[-102.32,-73.5],[-102.5,-73.77],[-106.5,-74.47],[-109.75,-73.92],[-114.0,-74.26],[-114.31,-74.5],[-116.25,-74.71],[-117.78,-75.25],[-118.21,-75.5],[-118.0,-75.76],[-120.76,-76.0],[-120.25,-76.58],[-118.6,-76.75],[-119.75,-77.11],[-120.73,-77.75],[-120.5,-77.82],[-118.75,-77.36],[-118.0,-76.84],[-116.85,-77.0],[-117.16,-77.5],[-117.0,-78.01],[-113.25,-77.46],[-112.51,-77.75],[-113.0,-78.2],[-113.53,-78.25],[-113.2,-78.5],[-113.5,-79.0],[-115.51,-80.25],[-115.4,-80.75],[-114.74,-81.25],[-115.42,-82.25],[-117.75,-82.75],[-118.09,-83.0],[-117.86,-83.5],[-119.75,-84.05],[-140.5,-85.76],[-147.5,-86.0],[-148.13,-85.75],[-150.75,-85.57],[-163.75,-85.59],[-170.25,-85.09],[-174.25,-85.07],[-176.25,-84.61],[-180.0,-84.67]]}},{"type":"Feature","properties":{"level":980},"geometry":{"type":"LineString","coordinates":[[-116.5,19.97],[-116.76,20.25],[-116.5,20.6],[-116.0,20.56],[-115.68,20.25],[-115.75,20.0],[-116.5,19.97]]}},{"type":"Feature","properties":{"level":980},"geometry":{"type":"LineString","coordinates":[[143.75,24.98],[142.88,25.25],[142.25,25.99],[142.04,26.75],[142.2,27.5],[143.25,28.53],[144.5,28.62],[145.25,28.43],[146.12,27.5],[146.17,26.25],[145.25,25.21],[143.75,24.98]]}},{"type":"Feature","properties":{"level":980},"geometry":{"type":"LineString","coordinates":[[175.25,25.98],[175.08,26.25],[175.25,26.36],[175.51,26.25],[175.25,25.98]]}},{"type":"Feature","properties":{"level":980},"geometry":{"type":"LineString","coordinates":[[3.0,65.71],[2.62,66.0],[4.5,66.94],[6.51,66.75],[5.5,65.92],[3.75,65.62],[3.0,65.71]]}},{"type":"Feature","properties":{"level":980},"geometry":{"type":"LineString","coordinates":[[9.25,68.75],[7.58,69.0],[7.77,69.5],[8.47,70.0],[9.0,71.28],[14.0,73.26],[16.0,74.85],[18.03,75.75],[19.25,76.09],[21.0,76.14],[21.99,76.0],[22.19,75.75],[22.3,75.25],[21.52,74.0],[21.59,73.25],[21.13,72.5],[20.86,71.0],[20.25,70.61],[14.75,69.12],[9.25,68.75]]}},{"type":"Feature","properties":{"level":984},"geometry":{"type":"LineString","coordinates":[[180.0,-84.86],[176.25,-84.86],[174.75,-84.45],[172.0,-84.56],[171.57,-84.25],[170.5,-84.09],[168.5,-84.25],[168.76,-84.0],[167.0,-83.84],[167.0,-83.63],[167.35,-83.5],[166.25,-83.15],[165.0,-83.29],[164.25,-83.1],[162.75,-83.37],[161.25,-82.79],[159.94,-83.0],[160.0,-82.72],[161.41,-82.5],[160.53,-82.0],[158.65,-81.75],[158.5,-81.43],[156.94,-81.0],[157.97,-80.5],[156.11,-80.25],[156.96,-79.5],[155.48,-79.0],[155.29,-78.75],[155.45,-78.25],[153.45,-77.5],[152.96,-76.75],[154.5,-76.69],[154.7,-76.5],[154.0,-76.25],[154.5,-76.11],[155.47,-76.25],[155.59,-76.5],[157.25,-76.86],[158.25,-77.34],[158.43,-77.25],[158.09,-77.0],[158.5,-76.7],[160.0,-77.09],[160.59,-77.0],[160.5,-76.75],[160.76,-76.25],[160.26,-76.0],[160.79,-75.5],[159.81,-74.75],[161.5,-74.62],[162.5,-74.28],[162.75,-73.93],[164.0,-74.18],[164.12,-74.0],[163.61,-73.75],[164.75,-73.19],[165.5,-73.18],[166.0,-72.85],[166.5,-73.1],[167.0,-72.73],[169.0,-72.54],[169.55,-72.0],[169.25,-71.7],[168.0,-71.48],[167.42,-71.75],[166.75,-71.24],[165.5,-70.97],[164.25,-71.16],[164.37,-71.5],[163.75,-71.72],[162.5,-71.56],[161.75,-71.72],[160.18,-71.5],[159.81,-71.0],[160.15,-70.75],[159.0,-70.23],[158.85,-70.5],[158.25,-70.66],[156.75,-70.35],[153.0,-70.32],[146.0,-69.82],[142.25,-69.11],[136.5,-69.22],[134.25,-68.92],[120.75,-69.82],[119.77,-69.5],[120.01,-69.0],[119.75,-68.91],[109.75,-67.77],[105.0,-66.58],[102.25,-67.16],[100.25,-67.25],[97.0,-66.98],[95.5,-67.32],[91.25,-67.25],[89.25,-67.58],[87.75,-67.5],[80.0,-68.06],[77.83,-69.0],[76.5,-69.25],[76.17,-69.25],[75.74,-68.75],[75.92,-68.25],[76.5,-67.82],[83.8,-63.5],[85.41,-62.25],[86.04,-61.0],[85.07,-59.25],[85.0,-56.47],[86.01,-55.5],[87.8,-51.5],[88.84,-50.25],[90.75,-49.01],[93.75,-48.36],[98.25,-48.33],[100.75,-48.67],[101.25,-48.45],[103.0,-49.2],[105.75,-50.74],[108.29,-52.75],[109.34,-54.25],[110.25,-56.75],[110.98,-57.5],[112.25,-58.17],[114.5,-58.53],[118.75,-58.08],[126.0,-56.3],[133.5,-53.93],[135.0,-53.3],[137.5,-51.74],[143.75,-51.11],[146.25,-51.26],[146.5,-51.05],[151.62,-52.5],[162.0,-59.42],[166.36,-61.75],[171.0,-63.3],[177.25,-64.32],[180.0,-64.41]]}},{"type":"Feature","properties":{"level":984},"geometry":{"type":"LineString","coordinates":[[158.69,-77.5],[159.76,-77.5],[158.69,-77.5]]}},{"type":"Feature","properties":{"level":984},"geometry":{"type":"LineString","coordinates":[[-27.75,-76.46],[-28.65,-76.0],[-28.35,-75.25],[-26.42,-72.75],[-23.25,-70.92],[-17.88,-68.5],[-16.49,-67.5],[-16.11,-66.0],[-16.54,-62.75],[-16.25,-61.25],[-14.78,-59.0],[-11.93,-56.5],[-9.46,-54.75],[-5.61,-53.0],[0.0,-51.46],[4.75,-50.66],[9.75,-50.3],[14.75,-50.99],[25.25,-54.3],[29.5,-55.4],[34.0,-57.06],[43.75,-59.76],[48.5,-61.94],[50.25,-63.35],[52.5,-63.88],[56.5,-63.75],[57.21,-64.0],[55.75,-64.59],[53.5,-64.9],[51.8,-65.5],[51.58,-65.75],[52.12,-66.5],[53.17,-66.75],[53.0,-66.97],[50.75,-67.33],[50.25,-67.93],[49.25,-68.49],[46.0,-69.05],[42.5,-70.67],[37.0,-71.21],[35.0,-71.88],[31.25,-72.28],[25.75,-72.17],[24.25,-72.61],[22.5,-72.74],[14.5,-72.55],[11.0,-72.91],[9.25,-72.83],[7.25,-72.26],[5.0,-72.18],[1.5,-72.47],[1.22,-72.75],[1.74,-73.0],[-1.5,-73.23],[-3.75,-73.65],[-6.5,-74.51],[-7.5,-74.41],[-10.25,-74.8],[-14.5,-76.09],[-27.75,-76.46]]}},{"type":"Feature","properties":{"level":984},"geometry":{"type":"LineString","coordinates":[[-4.3,-73.25],[-3.75,-73.39],[-3.09,-73.0],[-4.0,-72.8],[-4.3,-73.25]]}},{"type":"Feature","properties":{"level":984},"geometry":{"type":"LineString","coordinates":[[-180.0,-64.41],[-174.75,-63.98],[-167.5,-62.44],[-162.75,-60.85],[-155.3,-57.75],[-153.25,-57.17],[-149.0,-56.91],[-148.0,-56.97],[-146.25,-57.59],[-144.0,-57.52],[-142.25,-56.81],[-140.75,-55.78],[-134.79,-51.0],[-131.0,-49.26],[-128.75,-49.11],[-123.5,-49.6],[-123.0,-49.45],[-120.0,-51.12],[-114.75,-54.8],[-113.52,-55.75],[-111.72,-58.0],[-110.5,-58.57],[-108.0,-58.68],[-106.25,-59.5],[-105.2,-60.5],[-108.0,-61.31],[-108.8,-62.25],[-108.91,-63.25],[-107.76,-64.25],[-106.5,-64.76],[-103.75,-65.03],[-97.0,-64.61],[-96.45,-65.0],[-94.31,-68.0],[-95.64,-71.0],[-96.93,-72.25],[-96.65,-72.5],[-97.75,-73.05],[-98.43,-73.75],[-98.39,-74.0],[-97.66,-74.25],[-98.07,-74.5],[-98.3,-75.0],[-101.5,-75.15],[-102.75,-75.47],[-105.0,-77.35],[-108.34,-78.5],[-109.19,-79.0],[-109.54,-79.25],[-109.71,-80.0],[-110.49,-80.75],[-110.18,-81.75],[-109.65,-82.0],[-111.38,-83.0],[-110.14,-83.5],[-112.01,-84.0],[-126.0,-85.25],[-128.2,-85.75],[-133.67,-85.75],[-132.94,-86.0],[-135.0,-86.31],[-147.75,-86.22],[-150.75,-85.87],[-153.5,-86.03],[-154.75,-86.35],[-158.75,-86.34],[-159.54,-86.25],[-157.73,-86.0],[-159.25,-85.73],[-165.25,-85.82],[-170.75,-85.38],[-174.75,-85.37],[-175.24,-85.25],[-174.82,-85.0],[-176.5,-84.75],[-180.0,-84.86]]}},{"type":"Feature","properties":{"level":984},"geometry":{"type":"LineString","coordinates":[[-116.75,19.97],[-116.86,20.5],[-116.5,20.76],[-116.0,20.7],[-115.5,20.25],[-115.5,19.98],[-116.0,19.76],[-116.75,19.97]]}},{"type":"Feature","properties":{"level":984},"geometry":{"type":"LineString","coordinates":[[143.5,24.71],[142.5,25.14],[141.84,26.0],[141.68,26.75],[141.92,27.75],[142.62,28.5],[143.5,28.9],[144.5,28.99],[145.5,28.65],[146.47,27.5],[146.59,26.75],[146.38,26.0],[145.25,24.88],[144.5,24.65],[143.5,24.71]]}},{"type":"Feature","properties":{"level":984},"geometry":{"type":"LineString","coordinates":[[175.0,25.92],[175.0,26.49],[175.51,26.5],[175.61,26.0],[175.0,25.92]]}},{"type":"Feature","properties":{"level":984},"geometry":{"type":"LineString","coordinates":[[2.25,64.73],[0.67,65.0],[-0.25,65.67],[-2.95,66.75],[-2.84,67.0],[-1.25,68.23],[1.61,69.25],[4.0,70.47],[8.48,73.25],[11.99,76.25],[14.0,77.07],[17.25,76.99],[21.0,77.65],[23.5,77.59],[28.5,77.95],[30.75,77.84],[31.92,77.25],[31.93,75.5],[32.21,75.0],[35.02,73.5],[35.06,73.0],[31.5,71.0],[29.0,70.39],[26.5,69.26],[21.25,68.04],[21.0,67.66],[19.75,67.69],[19.25,67.99],[18.5,67.82],[18.0,68.1],[17.0,68.08],[16.75,67.76],[15.9,67.75],[13.5,66.87],[9.19,66.0],[6.25,64.8],[4.25,64.56],[2.25,64.73]]}},{"type":"Feature","properties":{"level":984},"geometry":{"type":"LineString","coordinates":[[28.25,81.0],[25.4,81.25],[24.43,81.5],[24.3,81.75],[25.02,82.25],[27.75,82.78],[38.75,83.43],[52.47,83.25],[54.72,83.0],[56.12,82.5],[52.62,81.75],[46.5,81.2],[36.25,80.89],[28.25,81.0]]}},{"type":"Feature","properties":{"level":988},"geometry":{"type":"LineString","coordinates":[[180.0,-85.03],[170.5,-85.04],[169.79,-84.75],[170.0,-84.5],[168.0,-84.58],[166.99,-84.5],[167.02,-84.25],[166.75,-84.2],[165.75,-84.45],[164.29,-84.25],[166.44,-83.75],[165.0,-83.44],[163.5,-83.8],[160.25,-83.65],[160.07,-83.5],[160.25,-83.25],[158.8,-82.75],[159.21,-82.25],[157.0,-81.66],[155.75,-81.64],[154.25,-81.95],[151.97,-81.75],[151.09,-81.0],[151.75,-80.57],[153.0,-80.25],[153.01,-80.0],[151.64,-79.5],[151.98,-79.0],[150.79,-78.5],[148.28,-78.25],[149.0,-77.97],[151.26,-77.75],[151.52,-77.25],[151.0,-77.08],[150.91,-76.75],[152.15,-76.25],[152.25,-75.16],[151.5,-74.98],[149.0,-75.56],[147.0,-75.66],[144.4,-75.0],[149.25,-74.2],[154.0,-74.13],[156.3,-73.75],[155.43,-74.0],[155.58,-75.0],[156.21,-75.25],[156.16,-76.0],[156.75,-76.06],[156.51,-75.75],[157.0,-75.51],[158.55,-75.75],[158.69,-75.5],[158.28,-75.0],[157.47,-74.75],[157.75,-74.6],[159.5,-74.01],[161.75,-74.05],[161.36,-73.75],[161.5,-73.19],[163.25,-73.58],[163.25,-73.19],[164.0,-73.2],[164.25,-72.83],[165.0,-72.89],[165.9,-72.5],[165.25,-72.11],[164.07,-72.25],[164.21,-72.5],[163.5,-72.93],[163.19,-72.75],[163.37,-72.5],[162.75,-72.05],[161.25,-72.38],[160.5,-71.78],[159.5,-71.41],[156.75,-70.85],[146.5,-70.28],[143.0,-69.5],[140.75,-69.37],[137.0,-69.61],[134.25,-69.2],[129.5,-69.94],[120.5,-70.63],[118.5,-70.34],[117.57,-69.25],[116.5,-68.97],[108.5,-68.03],[106.0,-67.33],[102.25,-67.62],[101.0,-67.47],[100.0,-67.68],[98.75,-67.28],[95.75,-67.65],[92.75,-67.57],[88.75,-68.06],[80.5,-68.27],[79.97,-68.5],[79.61,-69.0],[78.25,-69.43],[73.59,-70.25],[72.2,-71.25],[70.5,-72.04],[69.0,-71.77],[68.92,-71.0],[68.18,-70.75],[68.69,-70.25],[68.18,-70.0],[68.47,-69.75],[68.5,-69.25],[69.08,-68.75],[67.91,-68.0],[69.03,-67.75],[69.04,-67.5],[70.4,-66.5],[74.5,-65.6],[77.67,-64.5],[82.5,-61.45],[83.44,-60.0],[83.5,-56.75],[84.0,-54.75],[86.97,-50.5],[88.75,-48.86],[90.25,-48.12],[92.25,-47.65],[100.0,-47.56],[100.25,-47.18],[103.0,-48.17],[107.0,-50.5],[109.74,-52.75],[111.0,-54.62],[112.75,-56.18],[114.5,-56.83],[116.0,-56.96],[119.5,-56.73],[125.5,-55.39],[132.69,-53.0],[134.34,-52.25],[136.5,-50.63],[141.0,-50.18],[144.0,-49.23],[147.75,-48.8],[147.72,-48.5],[148.0,-48.46],[150.05,-50.25],[162.0,-57.92],[166.5,-60.24],[171.5,-61.91],[180.0,-62.89]]}},{"type":"Feature","properties":{"level":988},"geometry":{"type":"LineString","coordinates":[[173.0,-84.75],[174.1,-84.75],[173.0,-84.75]]}},{"type":"Feature","properties":{"level":988},"geometry":{"type":"LineString","coordinates":[[153.37,-80.0],[154.75,-80.15],[155.46,-80.0],[155.59,-79.75],[154.25,-79.65],[153.37,-80.0]]}},{"type":"Feature","properties":{"level":988},"geometry":{"type":"LineString","coordinates":[[152.01,-79.0],[153.39,-79.0],[153.0,-78.82],[152.01,-79.0]]}},{"type":"Feature","properties":{"level":988},"geometry":{"type":"LineString","coordinates":[[-32.5,-77.02],[-32.67,-76.25],[-32.25,-75.5],[-29.51,-72.5],[-26.84,-70.75],[-21.44,-68.0],[-19.59,-66.5],[-18.76,-64.75],[-18.6,-61.75],[-18.26,-60.75],[-16.84,-59.0],[-13.01,-55.25],[-10.84,-53.75],[-7.75,-52.45],[-2.18,-50.75],[2.0,-49.98],[9.25,-49.45],[12.0,-49.66],[15.25,-50.23],[27.25,-53.73],[32.5,-54.9],[41.75,-58.21],[44.94,-59.0],[52.5,-62.09],[55.25,-62.46],[62.75,-61.81],[63.42,-62.25],[63.67,-63.5],[63.5,-63.81],[62.7,-64.0],[62.68,-64.5],[61.5,-65.04],[56.5,-65.56],[55.5,-65.86],[54.88,-66.25],[54.63,-67.0],[52.3,-67.5],[51.53,-68.75],[50.75,-69.09],[49.5,-69.44],[46.5,-69.64],[43.0,-71.01],[37.5,-71.54],[34.25,-72.34],[30.5,-72.66],[26.0,-72.33],[23.5,-72.91],[14.25,-72.9],[12.0,-73.2],[9.25,-73.07],[7.25,-72.4],[5.5,-72.41],[2.5,-73.56],[-3.01,-73.75],[-5.86,-74.75],[-9.75,-75.22],[-14.0,-76.37],[-28.25,-76.85],[-31.5,-77.18],[-32.5,-77.02]]}},{"type":"Feature","properties":{"level":988},"geometry":{"type":"LineString","coordinates":[[157.25,-76.25],[158.4,-76.25],[157.25,-76.25]]}},{"type":"Feature","properties":{"level":988},"geometry":{"type":"LineString","coordinates":[[166.82,-72.25],[167.0,-72.38],[167.49,-72.0],[166.5,-71.7],[165.53,-71.75],[166.25,-71.87],[166.82,-72.25]]}},{"type":"Feature","properties":{"level":988},"geometry":{"type":"LineString","coordinates":[[-180.0,-62.89],[-174.25,-62.55],[-168.25,-61.36],[-163.0,-59.66],[-155.75,-56.79],[-153.75,-56.2],[-147.5,-55.61],[-145.75,-55.94],[-144.5,-55.71],[-141.11,-54.0],[-135.25,-49.47],[-132.5,-48.2],[-129.0,-47.74],[-126.0,-47.91],[-125.0,-47.76],[-123.0,-48.43],[-119.0,-50.52],[-110.75,-55.66],[-106.42,-57.5],[-106.0,-57.88],[-105.5,-57.85],[-104.34,-58.75],[-103.33,-60.0],[-103.19,-61.0],[-103.51,-61.75],[-102.85,-62.25],[-100.75,-62.74],[-98.5,-62.5],[-95.08,-60.75],[-93.5,-60.31],[-92.09,-60.5],[-91.59,-61.0],[-91.85,-61.5],[-93.27,-62.5],[-92.95,-63.75],[-92.84,-66.25],[-92.2,-68.75],[-92.5,-70.0],[-93.24,-71.5],[-94.0,-72.55],[-94.92,-73.25],[-94.81,-73.5],[-93.88,-73.75],[-95.15,-75.0],[-98.88,-76.25],[-101.15,-78.0],[-104.59,-79.25],[-105.17,-80.5],[-104.77,-81.25],[-105.32,-81.5],[-105.36,-82.0],[-105.03,-82.5],[-103.43,-83.0],[-104.75,-83.6],[-114.12,-84.5],[-113.98,-84.75],[-115.0,-84.91],[-123.24,-85.5],[-122.53,-85.75],[-122.76,-86.0],[-124.0,-86.29],[-127.75,-86.57],[-128.05,-86.5],[-127.02,-86.25],[-130.0,-86.03],[-133.75,-86.35],[-144.75,-86.48],[-146.5,-86.77],[-154.5,-86.75],[-159.5,-86.44],[-160.01,-86.25],[-159.76,-86.0],[-165.25,-85.94],[-170.75,-85.58],[-176.22,-85.75],[-176.38,-85.25],[-175.46,-85.0],[-177.7,-85.0],[-178.25,-85.28],[-180.0,-85.03]]}},{"type":"Feature","properties":{"level":988},"geometry":{"type":"LineString","coordinates":[[-116.5,19.66],[-116.97,20.0],[-116.85,20.75],[-116.25,20.91],[-115.75,20.72],[-115.33,20.0],[-115.75,19.63],[-116.5,19.66]]}},{"type":"Feature","properties":{"level":988},"geometry":{"type":"LineString","coordinates":[[143.5,24.23],[142.5,24.62],[141.55,25.5],[141.18,26.5],[141.3,27.5],[141.91,28.5],[143.0,29.16],[144.25,29.38],[145.25,29.2],[146.25,28.62],[146.78,28.0],[147.0,27.0],[146.84,26.0],[145.5,24.56],[144.5,24.2],[143.5,24.23]]}},{"type":"Feature","properties":{"level":988},"geometry":{"type":"LineString","coordinates":[[175.25,25.69],[174.73,26.25],[175.25,26.67],[175.8,26.25],[175.75,25.97],[175.25,25.69]]}},{"type":"Feature","properties":{"level":988},"geometry":{"type":"LineString","coordinates":[[1.5,64.24],[-6.0,65.27],[-6.69,65.5],[-6.9,66.0],[-6.55,66.75],[-5.25,67.8],[0.5,71.32],[3.07,73.25],[4.0,74.36],[6.13,76.0],[6.44,76.5],[6.72,78.0],[7.5,78.74],[9.5,79.54],[12.09,79.75],[13.47,80.75],[13.9,81.75],[16.0,82.51],[21.0,83.37],[28.25,83.99],[47.25,84.47],[60.18,84.25],[70.98,83.75],[76.0,83.23],[78.29,82.75],[79.46,82.25],[78.43,81.75],[73.75,81.18],[52.75,80.31],[40.99,79.25],[40.08,79.0],[39.91,78.25],[38.63,76.75],[40.17,76.0],[43.04,75.5],[43.51,75.25],[43.47,75.0],[42.81,74.25],[41.5,73.72],[39.5,72.18],[34.0,69.54],[31.02,68.75],[30.5,68.39],[24.25,66.83],[20.75,65.52],[15.0,65.61],[13.75,66.15],[6.25,64.15],[3.75,64.03],[1.5,64.24]]}},{"type":"Feature","properties":{"level":988},"geometry":{"type":"LineString","coordinates":[[16.6,79.0],[18.93,79.0],[16.6,79.0]]}},{"type":"Feature","properties":{"level":988},"geometry":{"type":"LineString","coordinates":[[12.24,79.25],[13.0,79.07],[13.39,79.25],[13.0,79.43],[12.24,79.25]]}},{"type":"Feature","properties":{"level":992},"geometry":{"type":"LineString","coordinates":[[-137.51,-86.5],[-129.69,-86.5],[-137.51,-86.5]]}},{"type":"Feature","properties":{"level":992},"geometry":{"type":"LineString","coordinates":[[164.0,-85.3],[163.8,-85.25],[167.6,-85.25],[164.0,-85.3]]}},{"type":"Feature","properties":{"level":992},"geometry":{"type":"LineString","coordinates":[[180.0,-85.17],[170.75,-85.16],[166.5,-84.75],[165.0,-84.84],[164.0,-84.48],[160.69,-84.5],[159.94,-84.25],[161.72,-84.0],[159.18,-83.75],[159.81,-83.25],[158.75,-83.02],[157.75,-83.11],[154.75,-82.43],[150.68,-82.0],[149.18,-81.25],[149.78,-80.75],[149.75,-80.5],[148.44,-80.0],[149.19,-79.25],[146.58,-78.25],[146.99,-77.5],[144.25,-76.11],[141.45,-75.5],[141.27,-75.25],[141.43,-75.0],[140.43,-74.5],[141.17,-74.25],[143.5,-74.28],[145.75,-73.9],[155.0,-73.51],[159.5,-73.05],[161.01,-73.25],[160.1,-72.5],[160.3,-72.25],[160.0,-72.05],[159.0,-72.17],[159.62,-72.5],[159.25,-72.77],[158.42,-72.25],[158.5,-72.0],[159.5,-71.95],[159.59,-71.75],[159.25,-71.61],[152.5,-71.01],[146.0,-70.74],[142.5,-69.8],[140.75,-69.65],[137.5,-70.03],[134.25,-69.57],[130.5,-70.33],[127.25,-70.48],[124.25,-70.92],[119.0,-70.98],[118.25,-70.74],[117.5,-69.93],[116.75,-69.55],[108.5,-68.5],[105.75,-67.7],[104.5,-67.73],[103.75,-68.18],[102.0,-68.6],[101.32,-68.5],[100.75,-67.96],[99.35,-68.0],[98.5,-67.48],[96.0,-68.01],[88.75,-68.54],[86.5,-68.39],[81.75,-68.87],[77.75,-70.14],[75.25,-70.26],[72.11,-72.5],[71.0,-72.78],[69.75,-72.63],[68.75,-72.96],[68.25,-73.56],[67.75,-73.63],[66.75,-73.59],[65.88,-73.25],[66.23,-71.5],[65.68,-70.25],[66.08,-69.5],[66.0,-69.2],[65.5,-69.25],[65.0,-68.68],[64.09,-68.25],[59.0,-67.65],[54.25,-67.99],[53.0,-68.45],[52.12,-69.25],[51.26,-69.5],[47.75,-69.84],[43.6,-71.25],[36.75,-72.0],[34.25,-72.69],[30.25,-72.94],[26.0,-72.49],[23.75,-73.12],[12.0,-73.41],[8.75,-73.28],[6.75,-72.51],[6.25,-73.05],[5.12,-73.25],[4.25,-73.79],[2.61,-74.25],[0.25,-74.36],[-2.5,-73.98],[-3.24,-74.25],[-3.5,-74.61],[-5.0,-75.04],[-9.25,-75.63],[-13.0,-76.67],[-24.0,-76.88],[-31.25,-77.48],[-36.0,-78.29],[-36.71,-78.0],[-36.91,-77.25],[-36.0,-75.41],[-32.93,-72.5],[-30.55,-70.75],[-25.27,-67.75],[-22.61,-65.75],[-21.51,-64.5],[-20.63,-61.25],[-19.49,-59.25],[-17.09,-56.75],[-16.01,-55.25],[-13.27,-53.25],[-13.2,-53.0],[-8.5,-51.38],[-2.5,-49.87],[2.0,-49.07],[6.0,-48.66],[9.75,-48.56],[13.25,-48.92],[24.25,-51.41],[34.25,-54.22],[42.25,-57.21],[47.5,-58.68],[51.25,-60.18],[53.5,-60.8],[57.25,-61.08],[64.25,-60.29],[65.75,-60.53],[67.25,-61.87],[69.5,-62.75],[73.25,-63.11],[75.25,-62.8],[77.5,-62.0],[80.5,-60.02],[81.5,-58.41],[82.75,-54.25],[83.41,-53.0],[85.65,-50.0],[88.06,-47.75],[91.0,-46.89],[99.0,-46.3],[99.25,-45.85],[101.5,-46.49],[106.81,-49.25],[110.14,-51.75],[113.25,-54.57],[115.0,-55.3],[117.5,-55.54],[122.5,-55.0],[126.75,-53.87],[131.21,-52.25],[135.12,-50.0],[140.5,-48.94],[143.0,-47.63],[147.0,-47.16],[147.5,-46.86],[154.0,-51.54],[164.75,-57.82],[170.75,-59.97],[173.75,-60.8],[176.25,-61.24],[180.0,-61.47]]}},{"type":"Feature","properties":{"level":992},"geometry":{"type":"LineString","coordinates":[[162.13,-84.0],[162.75,-84.24],[163.96,-84.0],[162.13,-84.0]]}},{"type":"Feature","properties":{"level":992},"geometry":{"type":"LineString","coordinates":[[148.97,-76.25],[149.75,-76.29],[151.16,-75.75],[150.5,-75.54],[148.97,-76.25]]}},{"type":"Feature","properties":{"level":992},"geometry":{"type":"LineString","coordinates":[[-180.0,-61.47],[-175.5,-61.37],[-169.5,-60.39],[-162.5,-58.3],[-155.0,-55.39],[-153.32,-55.0],[-145.0,-54.22],[-141.71,-52.5],[-135.89,-47.75],[-132.75,-46.53],[-130.5,-46.25],[-128.75,-46.31],[-127.25,-46.0],[-121.0,-48.19],[-114.71,-51.75],[-111.25,-53.42],[-109.75,-53.87],[-107.75,-53.79],[-106.5,-54.19],[-105.0,-55.38],[-101.0,-59.35],[-100.0,-60.05],[-98.0,-60.42],[-94.25,-59.72],[-92.0,-59.82],[-91.0,-60.19],[-90.33,-60.75],[-89.83,-62.25],[-90.27,-66.0],[-89.88,-69.0],[-90.47,-71.75],[-91.09,-73.0],[-91.63,-73.5],[-90.67,-74.0],[-90.48,-74.25],[-90.76,-74.5],[-90.42,-75.0],[-95.02,-77.0],[-95.58,-77.5],[-98.75,-78.75],[-99.61,-80.25],[-98.78,-80.75],[-99.17,-81.25],[-98.94,-81.5],[-97.79,-82.0],[-99.2,-82.75],[-99.14,-83.0],[-102.0,-83.75],[-109.52,-84.25],[-107.8,-85.0],[-116.63,-85.25],[-117.56,-85.75],[-121.72,-86.25],[-121.32,-86.5],[-118.92,-86.75],[-122.25,-86.99],[-172.75,-87.48],[-173.26,-87.25],[-172.32,-87.0],[-173.87,-86.5],[-170.75,-86.49],[-168.5,-86.9],[-163.0,-86.83],[-161.0,-86.6],[-160.55,-86.25],[-165.25,-86.13],[-169.75,-85.72],[-175.75,-86.05],[-177.5,-85.91],[-177.99,-85.75],[-177.84,-85.5],[-180.0,-85.17]]}},{"type":"Feature","properties":{"level":992},"geometry":{"type":"LineString","coordinates":[[-102.25,-53.28],[-103.0,-52.99],[-103.59,-52.25],[-103.51,-51.75],[-103.0,-51.28],[-102.5,-51.27],[-101.69,-52.25],[-101.5,-53.09],[-102.25,-53.28]]}},{"type":"Feature","properties":{"level":992},"geometry":{"type":"LineString","coordinates":[[-37.5,-43.59],[-37.75,-43.44],[-37.73,-43.0],[-36.63,-42.75],[-36.63,-43.25],[-37.5,-43.59]]}},{"type":"Feature","properties":{"level":992},"geometry":{"type":"LineString","coordinates":[[-116.5,19.48],[-117.15,20.0],[-117.08,20.75],[-116.5,21.05],[-115.75,20.93],[-115.21,20.25],[-115.24,19.75],[-115.75,19.44],[-116.5,19.48]]}},{"type":"Feature","properties":{"level":992},"geometry":{"type":"LineString","coordinates":[[142.75,23.72],[141.5,24.53],[140.61,25.75],[140.37,27.0],[140.75,28.23],[141.78,29.25],[143.0,29.77],[144.75,29.86],[146.39,29.25],[147.26,28.25],[147.61,27.25],[147.58,26.5],[147.0,25.09],[145.0,23.69],[143.75,23.53],[142.75,23.72]]}},{"type":"Feature","properties":{"level":992},"geometry":{"type":"LineString","coordinates":[[175.0,25.62],[174.63,26.0],[174.69,26.5],[175.0,26.78],[175.5,26.76],[175.83,26.5],[175.9,26.0],[175.5,25.59],[175.0,25.62]]}},{"type":"Feature","properties":{"level":992},"geometry":{"type":"LineString","coordinates":[[-157.5,54.44],[-158.61,55.0],[-159.38,55.75],[-158.87,56.5],[-160.0,56.75],[-159.3,58.0],[-158.5,58.62],[-156.75,59.58],[-155.75,59.87],[-154.5,59.8],[-153.75,59.45],[-151.75,59.86],[-149.99,59.0],[-149.97,58.75],[-150.56,58.25],[-151.22,56.5],[-156.25,54.43],[-157.5,54.44]]}},{"type":"Feature","properties":{"level":992},"geometry":{"type":"LineString","coordinates":[[-2.0,63.74],[-9.0,64.35],[-10.1,64.75],[-10.18,65.25],[-9.26,67.0],[-8.15,68.25],[-1.4,73.75],[0.08,76.25],[0.24,78.25],[0.85,79.25],[4.44,81.5],[6.11,82.25],[8.68,83.0],[15.17,84.0],[25.0,84.75],[37.5,85.17],[51.0,85.27],[66.25,85.0],[78.0,84.47],[86.0,83.52],[87.27,83.0],[87.61,82.5],[87.02,81.75],[84.74,80.75],[80.5,79.86],[59.0,79.08],[53.75,78.5],[49.13,77.5],[47.89,77.0],[47.7,76.5],[49.4,75.25],[49.39,74.75],[47.34,72.5],[43.0,70.58],[35.0,67.98],[33.25,67.8],[32.06,67.25],[22.75,64.62],[20.25,64.44],[12.5,64.82],[11.0,64.33],[6.75,63.73],[2.25,63.58],[-2.0,63.74]]}},{"type":"Feature","properties":{"level":996},"geometry":{"type":"LineString","coordinates":[[180.0,-88.15],[177.29,-88.0],[180.0,-87.63]]}},{"type":"Feature","properties":{"level":996},"geometry":{"type":"LineString","coordinates":[[-180.0,-87.63],[-177.14,-87.0],[-180.0,-86.54]]}},{"type":"Feature","properties":{"level":996},"geometry":{"type":"LineString","coordinates":[[180.0,-86.54],[174.49,-86.25],[176.34,-86.0],[175.8,-85.75],[176.0,-85.67],[179.59,-85.25],[179.25,-85.21],[176.0,-85.45],[169.25,-85.13],[167.5,-85.45],[164.25,-85.57],[162.51,-85.25],[162.69,-84.75],[157.01,-84.5],[159.84,-84.0],[158.0,-83.48],[153.64,-83.5],[151.0,-82.43],[147.72,-81.75],[148.42,-80.75],[147.5,-80.12],[147.0,-79.45],[145.0,-78.66],[144.73,-78.0],[144.14,-77.5],[142.0,-76.59],[138.25,-75.75],[138.69,-75.5],[135.5,-75.29],[132.82,-74.75],[134.0,-74.19],[137.0,-73.73],[141.0,-73.51],[145.5,-72.84],[147.75,-72.78],[148.0,-73.0],[148.75,-72.73],[151.53,-72.75],[151.25,-72.28],[148.27,-71.5],[145.25,-71.62],[144.26,-71.25],[144.14,-70.75],[143.0,-70.33],[141.0,-70.03],[137.25,-70.31],[134.0,-70.03],[131.0,-70.74],[122.25,-71.42],[119.5,-71.39],[118.25,-71.05],[117.0,-70.19],[111.0,-69.37],[110.21,-69.0],[107.75,-68.8],[106.5,-68.22],[105.25,-67.99],[103.43,-69.0],[102.75,-69.08],[100.75,-68.87],[98.0,-67.78],[93.25,-68.61],[88.75,-68.97],[86.25,-68.83],[82.5,-69.23],[80.0,-69.91],[78.98,-70.5],[76.75,-70.97],[75.25,-71.8],[74.5,-72.68],[73.25,-73.2],[72.25,-73.13],[70.25,-73.78],[67.25,-74.2],[66.25,-74.11],[64.39,-73.5],[64.63,-72.5],[64.25,-72.01],[63.59,-71.75],[64.66,-70.75],[64.0,-69.08],[62.75,-68.57],[60.0,-68.26],[54.25,-68.75],[52.5,-69.54],[47.75,-70.42],[45.25,-71.26],[37.25,-72.27],[34.5,-72.93],[30.25,-73.2],[26.0,-72.71],[24.5,-73.28],[17.75,-73.75],[14.0,-73.63],[11.25,-73.82],[7.75,-73.61],[-0.75,-75.77],[-6.0,-75.9],[-12.5,-77.05],[-20.25,-77.38],[-23.0,-77.15],[-29.75,-77.68],[-34.75,-78.64],[-36.75,-78.58],[-39.48,-78.0],[-40.4,-77.5],[-41.25,-76.43],[-42.45,-75.5],[-41.68,-74.75],[-35.5,-71.63],[-24.82,-64.5],[-23.73,-63.0],[-21.81,-59.0],[-20.31,-57.25],[-19.22,-55.5],[-18.02,-54.25],[-17.87,-53.75],[-17.45,-53.5],[-14.24,-52.0],[-8.5,-50.29],[-1.0,-48.56],[6.0,-47.69],[11.25,-47.69],[19.0,-48.67],[25.25,-50.22],[30.0,-51.07],[32.5,-52.11],[33.25,-52.18],[36.0,-53.6],[41.75,-56.01],[50.75,-58.53],[53.25,-59.45],[58.0,-59.72],[64.75,-59.06],[66.98,-59.5],[70.39,-61.0],[71.75,-61.07],[74.75,-60.78],[76.0,-60.43],[77.38,-59.75],[79.0,-58.38],[83.0,-51.18],[84.89,-48.75],[86.5,-47.25],[90.25,-46.05],[96.0,-45.23],[97.48,-44.75],[97.5,-44.3],[101.75,-45.49],[105.5,-47.32],[107.87,-48.75],[114.5,-53.63],[115.5,-54.0],[117.75,-54.21],[122.26,-53.75],[126.75,-52.63],[130.0,-51.45],[134.5,-49.08],[139.5,-47.61],[141.97,-46.25],[144.75,-45.7],[146.25,-45.63],[146.5,-45.84],[147.0,-45.44],[153.25,-49.77],[160.25,-53.6],[162.0,-54.25],[163.75,-54.51],[168.1,-56.75],[174.15,-58.25],[176.5,-59.57],[180.0,-60.13]]}},{"type":"Feature","properties":{"level":996},"geometry":{"type":"LineString","coordinates":[[-162.64,-86.25],[-162.25,-86.43],[-161.53,-86.25],[-162.64,-86.25]]}},{"type":"Feature","properties":{"level":996},"geometry":{"type":"LineString","coordinates":[[-170.65,-86.0],[-167.62,-86.0],[-170.65,-86.0]]}},{"type":"Feature","properties":{"level":996},"geometry":{"type":"LineString","coordinates":[[69.0,-73.5],[69.75,-73.68],[70.08,-73.25],[70.01,-73.0],[69.0,-73.24],[69.0,-73.5]]}},{"type":"Feature","properties":{"level":996},"geometry":{"type":"LineString","coordinates":[[156.4,-73.0],[158.25,-72.96],[158.61,-72.75],[156.75,-71.85],[154.5,-71.83],[152.75,-72.17],[152.36,-72.5],[156.4,-73.0]]}},{"type":"Feature","properties":{"level":996},"geometry":{"type":"LineString","coordinates":[[146.0,-72.05],[145.85,-72.0],[147.88,-72.0],[146.75,-72.2],[146.0,-72.05]]}},{"type":"Feature","properties":{"level":996},"geometry":{"type":"LineString","coordinates":[[-180.0,-60.13],[-175.25,-60.09],[-170.5,-59.41],[-163.46,-57.5],[-155.75,-54.49],[-145.75,-52.82],[-142.75,-51.21],[-138.66,-47.5],[-138.43,-47.0],[-136.25,-45.39],[-133.75,-44.71],[-129.25,-44.35],[-125.0,-45.45],[-121.75,-46.65],[-114.5,-50.24],[-110.75,-51.69],[-109.25,-51.93],[-107.25,-51.8],[-105.5,-51.98],[-103.6,-50.75],[-102.5,-50.34],[-101.54,-50.5],[-100.75,-50.95],[-99.72,-52.0],[-99.05,-53.25],[-99.22,-53.75],[-99.93,-54.25],[-100.7,-55.25],[-100.59,-56.25],[-100.0,-57.02],[-98.52,-58.0],[-96.75,-58.66],[-92.25,-59.06],[-90.25,-59.62],[-88.73,-60.5],[-87.68,-62.0],[-87.93,-66.5],[-87.51,-69.0],[-87.38,-72.75],[-87.98,-73.75],[-87.04,-74.5],[-86.83,-75.25],[-87.09,-75.75],[-86.88,-76.0],[-91.0,-76.65],[-94.39,-77.5],[-95.21,-78.0],[-95.01,-78.5],[-94.25,-78.96],[-92.25,-79.26],[-90.0,-79.1],[-88.75,-78.61],[-86.5,-78.43],[-86.0,-78.15],[-85.29,-78.5],[-89.75,-79.92],[-90.17,-80.5],[-92.3,-81.0],[-91.06,-81.5],[-93.25,-81.95],[-94.02,-82.5],[-101.22,-84.0],[-106.44,-84.25],[-102.46,-84.75],[-102.19,-85.0],[-113.93,-85.25],[-113.44,-85.75],[-110.75,-86.25],[-112.3,-86.75],[-140.98,-87.5],[-139.43,-87.75],[-157.75,-88.22],[-159.5,-88.52],[-180.0,-88.15]]}},{"type":"Feature","properties":{"level":996},"geometry":{"type":"LineString","coordinates":[[-37.75,-45.01],[-39.25,-44.45],[-39.7,-43.75],[-39.25,-42.77],[-38.62,-42.25],[-37.5,-41.74],[-36.0,-41.71],[-34.89,-42.0],[-34.25,-42.59],[-34.12,-43.25],[-34.75,-44.35],[-36.25,-44.93],[-37.75,-45.01]]}},{"type":"Feature","properties":{"level":996},"geometry":{"type":"LineString","coordinates":[[-116.5,19.15],[-117.24,19.75],[-117.3,20.75],[-116.75,21.18],[-115.75,21.18],[-115.06,20.5],[-115.04,19.75],[-115.5,19.22],[-116.5,19.15]]}},{"type":"Feature","properties":{"level":996},"geometry":{"type":"LineString","coordinates":[[142.75,22.7],[141.5,23.13],[140.5,23.89],[139.91,24.75],[139.44,26.75],[139.75,28.25],[140.75,29.55],[142.5,30.44],[144.25,30.67],[146.0,30.32],[147.28,29.5],[148.09,28.25],[148.4,26.75],[148.03,25.25],[146.75,23.59],[144.75,22.78],[142.75,22.7]]}},{"type":"Feature","properties":{"level":996},"geometry":{"type":"LineString","coordinates":[[175.0,25.46],[174.48,26.0],[174.54,26.5],[175.0,26.93],[175.5,26.91],[175.97,26.5],[176.04,26.0],[175.5,25.42],[175.0,25.46]]}},{"type":"Feature","properties":{"level":996},"geometry":{"type":"LineString","coordinates":[[-157.25,53.5],[-161.75,54.49],[-162.54,55.0],[-162.29,55.5],[-163.94,56.75],[-164.07,57.5],[-165.12,59.25],[-165.21,60.0],[-164.42,60.25],[-164.19,62.25],[-163.07,63.5],[-161.0,64.38],[-160.49,64.25],[-160.69,63.75],[-161.36,63.25],[-160.5,63.38],[-159.75,63.21],[-158.03,64.0],[-156.25,64.32],[-154.5,65.08],[-153.25,64.62],[-152.25,64.75],[-151.5,64.36],[-150.18,65.0],[-148.5,65.11],[-147.25,65.55],[-144.75,65.05],[-143.0,65.07],[-142.5,64.77],[-142.46,65.0],[-142.1,65.0],[-143.24,64.5],[-143.42,64.25],[-143.25,64.0],[-143.98,63.5],[-142.17,62.5],[-141.25,62.36],[-139.88,61.5],[-138.91,61.25],[-140.25,61.13],[-141.77,61.5],[-141.76,61.75],[-142.5,62.05],[-143.25,61.82],[-144.25,62.1],[-146.0,61.36],[-147.8,61.25],[-146.4,61.0],[-145.01,59.75],[-144.88,59.25],[-145.06,58.75],[-146.53,57.25],[-149.27,55.5],[-151.0,54.71],[-154.75,53.72],[-157.25,53.5]]}},{"type":"Feature","properties":{"level":996},"geometry":{"type":"LineString","coordinates":[[-110.25,59.95],[-115.0,61.66],[-115.3,62.0],[-115.13,62.25],[-115.41,62.75],[-114.75,63.33],[-113.0,63.49],[-109.2,62.75],[-109.41,62.5],[-108.36,61.75],[-107.99,61.0],[-108.5,60.48],[-110.25,59.95]]}},{"type":"Feature","properties":{"level":996},"geometry":{"type":"LineString","coordinates":[[10.75,61.46],[10.0,61.61],[9.38,62.25],[8.2,62.75],[8.62,63.0],[8.5,63.25],[2.25,62.93],[-11.0,63.22],[-16.5,62.94],[-17.78,63.25],[-18.29,63.75],[-17.75,64.06],[-16.5,63.94],[-15.0,64.34],[-13.6,65.25],[-13.44,67.0],[-13.16,67.5],[-11.99,69.0],[-7.91,72.75],[-6.32,75.25],[-5.82,76.75],[-5.78,79.0],[-3.76,81.5],[0.12,83.0],[4.25,83.91],[13.5,84.96],[24.0,85.59],[38.6,86.0],[56.0,86.04],[71.5,85.7],[84.0,85.05],[91.5,84.16],[93.75,83.62],[94.8,83.0],[94.45,82.25],[92.25,81.01],[87.5,79.45],[82.25,78.41],[76.25,77.8],[62.75,77.59],[57.0,76.72],[55.43,76.0],[55.04,74.25],[54.5,74.24],[52.25,73.03],[50.0,71.19],[45.75,69.31],[35.5,66.65],[32.0,65.49],[22.59,63.25],[18.75,61.86],[16.75,61.55],[13.5,61.66],[10.75,61.46]]}},{"type":"Feature","properties":{"level":996},"geometry":{"type":"LineString","coordinates":[[-145.47,62.5],[-145.25,62.29],[-144.75,62.33],[-143.72,62.75],[-144.25,62.86],[-145.47,62.5]]}},{"type":"Feature","properties":{"level":996},"geometry":{"type":"LineString","coordinates":[[-138.75,64.6],[-138.96,64.75],[-137.86,64.75],[-138.75,64.6]]}},{"type":"Feature","properties":{"level":996},"geometry":{"type":"LineString","coordinates":[[-121.75,66.16],[-122.2,66.75],[-120.75,67.12],[-119.5,67.09],[-117.83,66.5],[-118.0,66.23],[-119.0,66.58],[-120.0,66.23],[-121.75,66.16]]}},{"type":"Feature","properties":{"level":1000},"geometry":{"type":"LineString","coordinates":[[180.0,-88.39],[168.0,-88.14],[154.75,-88.23],[149.09,-88.0],[155.25,-87.68],[174.5,-87.5],[178.47,-87.25],[178.2,-87.0],[176.5,-86.89],[164.75,-86.43],[163.66,-86.25],[163.62,-86.0],[161.75,-85.8],[148.79,-84.75],[153.1,-84.25],[153.73,-84.0],[150.02,-83.5],[150.78,-83.25],[150.0,-82.69],[146.0,-81.87],[145.77,-81.75],[146.33,-81.5],[146.78,-80.75],[145.83,-80.25],[145.91,-80.0],[145.66,-79.75],[144.19,-79.5],[142.61,-78.75],[142.31,-78.25],[139.75,-77.14],[137.0,-76.54],[132.25,-75.88],[127.25,-75.5],[126.67,-75.25],[127.23,-74.75],[127.75,-74.63],[133.0,-73.95],[134.5,-73.52],[137.75,-73.34],[139.75,-72.87],[142.75,-72.55],[142.91,-72.5],[142.69,-72.25],[142.81,-72.0],[141.55,-71.5],[142.58,-71.25],[142.84,-70.75],[142.5,-70.63],[140.75,-70.38],[136.75,-70.61],[134.25,-70.45],[133.58,-70.75],[131.25,-71.03],[120.5,-71.75],[118.75,-71.51],[117.0,-70.71],[112.25,-69.82],[108.5,-69.86],[102.25,-69.46],[97.5,-68.28],[91.52,-69.25],[85.25,-69.37],[82.5,-69.78],[77.62,-71.25],[74.5,-73.43],[69.5,-74.51],[66.0,-74.53],[63.0,-73.5],[62.75,-73.14],[61.75,-72.75],[61.62,-72.0],[63.43,-71.0],[63.78,-70.5],[63.57,-70.0],[63.0,-69.75],[62.79,-69.25],[59.5,-68.7],[55.25,-69.12],[45.75,-71.5],[37.5,-72.56],[34.75,-73.17],[30.75,-73.49],[26.25,-73.11],[23.75,-73.69],[14.0,-73.88],[9.93,-74.25],[7.75,-74.52],[3.61,-76.25],[2.0,-76.68],[-1.0,-76.61],[-14.5,-77.62],[-19.0,-78.18],[-20.26,-78.75],[-26.5,-79.2],[-29.25,-79.85],[-35.5,-79.65],[-40.0,-79.1],[-44.25,-78.27],[-47.25,-78.75],[-45.25,-79.04],[-51.0,-79.68],[-51.89,-79.5],[-52.02,-79.25],[-51.57,-78.75],[-53.0,-77.5],[-52.73,-77.0],[-50.18,-74.75],[-46.74,-73.25],[-45.75,-72.57],[-40.0,-71.08],[-37.0,-70.0],[-27.75,-63.77],[-26.71,-62.75],[-23.62,-58.0],[-23.0,-56.0],[-23.0,-55.32],[-22.54,-54.5],[-21.92,-54.0],[-16.79,-51.75],[-8.75,-49.21],[-2.25,-47.75],[6.0,-46.67],[17.25,-46.77],[20.0,-46.92],[21.0,-47.19],[22.25,-46.96],[24.25,-47.41],[25.25,-47.26],[26.0,-47.79],[26.34,-47.5],[26.25,-46.93],[26.75,-47.78],[28.0,-47.65],[28.87,-48.0],[29.25,-48.43],[29.75,-48.56],[30.25,-48.36],[31.37,-49.0],[31.38,-48.75],[30.61,-48.0],[30.75,-47.8],[31.0,-47.91],[32.02,-48.75],[32.16,-49.0],[31.95,-49.25],[32.78,-50.25],[36.41,-52.5],[39.96,-54.25],[47.0,-56.61],[54.5,-58.45],[57.75,-58.65],[65.5,-58.1],[67.25,-58.31],[70.25,-59.1],[72.25,-59.1],[75.25,-58.52],[76.75,-57.5],[80.12,-53.25],[83.09,-49.0],[85.55,-46.5],[90.75,-44.83],[94.5,-44.15],[95.86,-43.5],[95.74,-43.0],[96.0,-42.9],[98.75,-43.42],[103.0,-44.87],[107.5,-47.15],[114.58,-52.0],[116.25,-52.72],[118.25,-52.91],[122.5,-52.48],[126.0,-51.51],[130.44,-49.75],[134.5,-47.33],[137.5,-46.54],[140.25,-45.33],[145.75,-44.47],[146.25,-44.09],[150.75,-46.66],[153.41,-48.5],[159.0,-51.49],[160.5,-51.97],[163.5,-52.46],[170.0,-55.73],[177.5,-57.42],[180.0,-58.47]]}},{"type":"Feature","properties":{"level":1000},"geometry":{"type":"LineString","coordinates":[[166.87,-85.75],[168.07,-85.75],[166.87,-85.75]]}},{"type":"Feature","properties":{"level":1000},"geometry":{"type":"LineString","coordinates":[[169.08,-85.5],[170.75,-85.69],[172.48,-85.5],[169.08,-85.5]]}},{"type":"Feature","properties":{"level":1000},"geometry":{"type":"LineString","coordinates":[[172.58,-85.5],[174.48,-85.5],[172.58,-85.5]]}},{"type":"Feature","properties":{"level":1000},"geometry":{"type":"LineString","coordinates":[[156.26,-84.0],[159.17,-84.0],[157.5,-83.73],[156.26,-84.0]]}},{"type":"Feature","properties":{"level":1000},"geometry":{"type":"LineString","coordinates":[[-34.0,-80.76],[-34.2,-80.75],[-33.29,-80.75],[-34.0,-80.76]]}},{"type":"Feature","properties":{"level":1000},"geometry":{"type":"LineString","coordinates":[[-29.5,-80.51],[-27.68,-80.5],[-29.5,-80.51]]}},{"type":"Feature","properties":{"level":1000},"geometry":{"type":"LineString","coordinates":[[-19.5,-80.27],[-20.1,-80.0],[-18.83,-79.75],[-19.11,-80.25],[-19.5,-80.27]]}},{"type":"Feature","properties":{"level":1000},"geometry":{"type":"LineString","coordinates":[[-27.02,-78.25],[-23.78,-78.25],[-27.02,-78.25]]}},{"type":"Feature","properties":{"level":1000},"geometry":{"type":"LineString","coordinates":[[-180.0,-58.47],[-178.0,-58.87],[-175.5,-58.86],[-169.0,-57.96],[-163.11,-56.25],[-156.75,-53.73],[-146.57,-51.5],[-144.76,-50.5],[-143.5,-49.45],[-139.0,-44.11],[-138.0,-43.5],[-134.75,-42.24],[-133.0,-42.1],[-128.25,-43.22],[-123.75,-44.63],[-112.0,-49.44],[-105.5,-50.14],[-103.0,-49.68],[-101.0,-49.63],[-100.0,-50.06],[-98.12,-51.5],[-96.76,-53.0],[-96.5,-53.75],[-96.46,-55.25],[-95.25,-56.73],[-93.25,-57.63],[-88.75,-58.87],[-86.32,-60.5],[-85.73,-62.0],[-85.69,-66.25],[-85.41,-68.0],[-84.32,-71.25],[-83.04,-73.0],[-83.91,-74.0],[-81.33,-75.0],[-83.16,-76.0],[-88.75,-76.48],[-92.35,-77.25],[-92.25,-77.59],[-91.0,-77.86],[-86.75,-77.68],[-86.0,-77.84],[-84.97,-78.5],[-86.7,-79.0],[-86.29,-79.75],[-88.69,-80.75],[-88.95,-81.0],[-88.61,-81.25],[-91.5,-82.28],[-98.25,-83.67],[-99.0,-84.02],[-102.38,-84.25],[-99.5,-84.75],[-102.25,-85.09],[-110.51,-85.25],[-107.05,-85.75],[-106.83,-86.0],[-110.7,-86.75],[-128.69,-87.5],[-129.01,-88.0],[-131.12,-88.25],[-131.0,-88.5],[-131.5,-88.63],[-138.0,-88.91],[-151.22,-89.0],[-180.0,-88.39]]}},{"type":"Feature","properties":{"level":1000},"geometry":{"type":"LineString","coordinates":[[35.25,-51.3],[34.79,-51.0],[35.52,-51.25],[35.25,-51.3]]}},{"type":"Feature","properties":{"level":1000},"geometry":{"type":"LineString","coordinates":[[34.75,-50.93],[34.63,-50.75],[34.75,-50.93]]}},{"type":"Feature","properties":{"level":1000},"geometry":{"type":"LineString","coordinates":[[33.5,-50.45],[33.04,-49.75],[33.63,-50.0],[33.5,-50.45]]}},{"type":"Feature","properties":{"level":1000},"geometry":{"type":"LineString","coordinates":[[-37.75,-45.75],[-39.31,-45.25],[-40.4,-44.0],[-40.25,-42.93],[-38.88,-41.5],[-37.5,-41.09],[-36.0,-41.0],[-33.5,-41.69],[-33.0,-42.14],[-32.74,-43.0],[-32.87,-44.0],[-33.48,-44.75],[-35.0,-45.48],[-37.75,-45.75]]}},{"type":"Feature","properties":{"level":1000},"geometry":{"type":"LineString","coordinates":[[-65.25,-18.75],[-65.52,-18.0],[-64.92,-18.0],[-64.47,-18.75],[-65.25,-18.75]]}},{"type":"Feature","properties":{"level":1000},"geometry":{"type":"LineString","coordinates":[[-116.5,18.7],[-117.59,19.5],[-117.69,20.5],[-117.5,21.03],[-117.0,21.46],[-115.75,21.63],[-114.89,21.0],[-114.67,20.0],[-115.5,18.8],[-116.5,18.7]]}},{"type":"Feature","properties":{"level":1000},"geometry":{"type":"LineString","coordinates":[[142.75,21.2],[141.0,21.5],[139.5,22.45],[138.72,23.25],[137.67,25.5],[137.58,26.75],[137.89,28.0],[139.1,29.75],[141.25,31.14],[143.5,31.64],[146.75,31.06],[148.0,30.14],[149.0,28.75],[149.5,27.0],[149.21,25.5],[148.24,23.5],[146.75,21.91],[144.0,21.07],[142.75,21.2]]}},{"type":"Feature","properties":{"level":1000},"geometry":{"type":"LineString","coordinates":[[175.25,25.21],[174.5,25.55],[174.25,26.25],[174.5,26.75],[175.25,27.11],[176.01,26.75],[176.26,26.0],[175.98,25.5],[175.25,25.21]]}},{"type":"Feature","properties":{"level":1000},"geometry":{"type":"LineString","coordinates":[[139.0,45.9],[138.86,46.0],[139.23,46.0],[139.0,45.9]]}},{"type":"Feature","properties":{"level":1000},"geometry":{"type":"LineString","coordinates":[[-68.25,51.24],[-67.85,51.25],[-68.25,51.24]]}},{"type":"Feature","properties":{"level":1000},"geometry":{"type":"LineString","coordinates":[[-68.25,51.61],[-68.67,52.0],[-68.75,52.54],[-68.29,52.5],[-68.0,51.97],[-67.92,51.75],[-68.25,51.61]]}},{"type":"Feature","properties":{"level":1000},"geometry":{"type":"LineString","coordinates":[[-159.25,52.5],[-163.25,53.09],[-164.75,53.84],[-167.75,57.15],[-170.22,61.0],[-170.38,61.75],[-169.28,64.0],[-166.37,67.5],[-164.0,67.58],[-163.25,67.17],[-162.25,67.36],[-160.0,67.05],[-156.75,67.41],[-152.25,67.03],[-149.25,67.52],[-146.75,67.2],[-145.73,67.5],[-143.75,67.61],[-141.5,67.49],[-140.5,67.19],[-139.25,67.33],[-138.99,67.25],[-138.68,66.5],[-137.69,65.75],[-135.25,65.16],[-132.75,65.47],[-128.25,65.08],[-125.56,63.75],[-125.87,63.5],[-124.5,62.96],[-123.28,63.25],[-123.94,64.75],[-125.0,65.22],[-125.78,65.25],[-128.08,67.0],[-128.15,67.75],[-125.25,69.66],[-122.75,69.86],[-121.5,69.43],[-115.75,69.01],[-111.75,67.72],[-109.44,65.75],[-106.25,63.83],[-104.89,62.25],[-104.62,61.25],[-104.65,60.5],[-105.82,58.75],[-107.75,57.58],[-109.5,56.86],[-113.0,56.77],[-115.0,57.2],[-115.61,57.0],[-117.0,57.21],[-118.25,56.98],[-122.25,57.5],[-122.52,57.75],[-122.49,58.25],[-122.0,58.33],[-121.5,58.11],[-120.91,58.25],[-120.94,58.5],[-121.97,59.25],[-123.25,59.42],[-123.34,59.0],[-123.75,58.84],[-123.93,59.25],[-123.5,59.5],[-125.63,59.75],[-125.5,60.19],[-124.58,60.25],[-125.31,60.75],[-124.69,61.5],[-125.18,62.0],[-126.25,62.05],[-126.75,61.63],[-128.75,61.92],[-130.75,62.85],[-131.5,62.87],[-131.71,62.75],[-131.66,62.25],[-130.79,62.25],[-130.71,61.5],[-133.25,61.38],[-135.25,60.24],[-137.0,60.54],[-138.0,60.44],[-139.0,59.99],[-140.5,60.39],[-142.25,60.31],[-141.19,59.25],[-141.26,58.75],[-141.88,58.0],[-144.75,55.95],[-148.5,54.13],[-150.75,53.34],[-154.0,52.62],[-159.25,52.5]]}},{"type":"Feature","properties":{"level":1000},"geometry":{"type":"LineString","coordinates":[[67.75,54.32],[67.38,54.75],[68.02,55.25],[69.5,55.36],[69.97,55.0],[69.25,54.36],[67.75,54.32]]}},{"type":"Feature","properties":{"level":1000},"geometry":{"type":"LineString","coordinates":[[67.5,58.99],[66.75,59.1],[66.2,59.5],[66.43,60.25],[66.95,60.75],[68.87,61.75],[70.75,62.14],[71.46,62.0],[71.19,61.25],[70.01,60.5],[69.0,59.45],[68.0,58.94],[67.5,58.99]]}},{"type":"Feature","properties":{"level":1000},"geometry":{"type":"LineString","coordinates":[[15.75,60.25],[10.0,60.45],[8.75,60.83],[8.5,61.0],[8.5,61.52],[6.61,62.25],[6.5,62.52],[-0.5,62.06],[-7.25,62.11],[-18.25,61.43],[-20.75,62.37],[-21.52,63.0],[-21.96,63.75],[-19.98,64.75],[-19.0,65.86],[-18.25,65.97],[-18.7,67.5],[-18.4,68.5],[-16.99,70.25],[-14.83,71.75],[-13.68,73.75],[-12.97,74.25],[-12.25,75.21],[-12.15,76.25],[-12.69,77.5],[-12.83,78.75],[-12.48,79.75],[-11.19,81.25],[-10.38,81.75],[-10.1,82.5],[-8.25,83.36],[-3.11,84.5],[8.0,85.7],[22.75,86.45],[41.25,86.83],[60.0,86.81],[77.25,86.41],[91.0,85.64],[99.5,84.56],[101.58,84.0],[102.8,83.25],[101.99,82.25],[97.25,80.43],[94.24,80.25],[94.52,80.0],[94.17,79.75],[91.75,78.92],[80.25,75.99],[76.25,75.38],[67.5,75.06],[63.0,74.24],[56.68,72.25],[54.5,71.29],[52.15,69.75],[46.0,67.47],[22.25,61.4],[20.0,60.65],[15.75,60.25]]}},{"type":"Feature","properties":{"level":1004},"geometry":{"type":"LineString","coordinates":[[180.0,-88.79],[153.75,-88.74],[139.65,-88.25],[138.41,-88.0],[141.08,-87.75],[136.51,-87.5],[142.0,-86.91],[153.75,-86.56],[156.25,-87.07],[163.19,-87.25],[163.08,-87.0],[161.0,-86.36],[154.5,-86.4],[151.34,-85.5],[143.99,-84.75],[144.76,-84.25],[150.17,-84.0],[146.12,-83.5],[148.68,-83.0],[147.25,-82.47],[144.75,-82.45],[143.75,-82.12],[143.54,-81.75],[143.85,-81.5],[143.73,-81.25],[144.68,-80.75],[144.37,-80.25],[141.75,-79.13],[140.89,-79.0],[140.46,-78.5],[138.5,-77.62],[136.75,-77.17],[124.12,-76.75],[122.5,-76.2],[111.0,-75.59],[105.86,-74.75],[116.25,-75.01],[122.25,-74.72],[132.75,-73.69],[134.5,-73.05],[135.75,-72.88],[138.75,-72.79],[140.19,-71.75],[140.2,-71.0],[138.0,-70.83],[135.5,-71.2],[133.0,-71.09],[123.25,-71.92],[120.5,-71.95],[113.5,-70.48],[111.0,-70.42],[110.0,-70.92],[107.25,-70.06],[103.75,-69.96],[97.0,-68.63],[91.75,-69.64],[84.5,-69.94],[81.75,-70.51],[78.0,-71.76],[76.16,-72.75],[75.3,-74.0],[74.0,-74.6],[72.5,-74.45],[69.0,-75.01],[64.5,-74.7],[60.0,-72.84],[59.83,-72.75],[59.93,-72.25],[60.39,-71.75],[62.5,-70.91],[63.06,-70.5],[62.94,-70.25],[60.25,-69.27],[58.25,-69.09],[47.47,-71.5],[34.5,-73.49],[31.0,-73.78],[26.25,-73.59],[20.75,-74.19],[16.0,-74.07],[13.0,-74.36],[9.86,-75.0],[7.17,-76.5],[6.0,-76.84],[-3.5,-77.88],[-8.0,-78.93],[-7.96,-79.25],[-8.75,-79.54],[-12.5,-79.49],[-14.43,-80.25],[-17.25,-80.34],[-19.25,-80.66],[-21.0,-80.41],[-26.25,-80.36],[-28.25,-80.75],[-39.5,-81.84],[-40.07,-81.75],[-40.25,-81.5],[-43.97,-81.0],[-44.5,-80.75],[-44.43,-80.25],[-44.75,-79.98],[-53.0,-80.44],[-57.29,-79.5],[-58.28,-79.0],[-58.39,-78.5],[-58.28,-77.75],[-56.98,-76.0],[-56.62,-74.75],[-57.75,-74.22],[-59.25,-74.03],[-59.75,-73.75],[-59.78,-74.0],[-60.25,-74.07],[-60.92,-73.75],[-60.89,-73.5],[-60.0,-72.91],[-58.5,-72.63],[-56.75,-72.65],[-55.87,-72.0],[-51.25,-70.6],[-47.5,-69.74],[-41.5,-69.26],[-38.08,-68.0],[-34.46,-65.75],[-31.14,-63.25],[-29.1,-61.25],[-27.44,-58.5],[-27.24,-56.5],[-27.77,-56.0],[-27.49,-55.25],[-25.25,-53.97],[-20.25,-51.73],[-8.25,-48.01],[-2.0,-46.65],[5.25,-45.61],[11.25,-45.36],[15.75,-44.66],[17.0,-43.5],[17.29,-42.75],[16.81,-41.75],[17.75,-41.01],[18.25,-40.11],[20.25,-39.83],[20.75,-39.47],[22.0,-40.28],[23.25,-40.3],[24.5,-40.96],[25.25,-40.92],[25.47,-41.5],[25.92,-41.75],[26.0,-42.39],[29.0,-44.4],[31.87,-47.25],[36.23,-50.75],[39.88,-53.0],[44.75,-55.06],[47.5,-55.96],[55.5,-57.39],[57.75,-57.58],[65.5,-57.09],[68.75,-57.44],[71.25,-57.43],[73.75,-56.9],[75.25,-55.95],[77.75,-53.62],[81.52,-49.0],[84.29,-46.25],[87.75,-44.44],[93.0,-42.68],[93.5,-42.23],[93.68,-41.75],[93.5,-41.49],[93.75,-41.31],[98.0,-42.02],[103.0,-43.57],[110.0,-47.16],[115.0,-50.4],[117.0,-51.25],[118.75,-51.52],[120.75,-51.38],[124.0,-50.73],[127.32,-49.5],[131.27,-47.5],[132.12,-46.75],[133.25,-46.19],[139.5,-44.15],[142.75,-43.44],[144.75,-43.35],[145.03,-43.25],[145.0,-42.88],[146.25,-43.06],[146.75,-42.92],[148.0,-43.72],[151.0,-44.6],[153.26,-46.75],[155.27,-48.0],[159.25,-49.79],[162.75,-50.17],[164.0,-50.77],[167.0,-52.91],[169.75,-54.35],[173.25,-55.4],[180.0,-56.63]]}},{"type":"Feature","properties":{"level":1004},"geometry":{"type":"LineString","coordinates":[[124.25,-85.01],[123.88,-84.75],[124.5,-84.42],[127.41,-84.0],[126.0,-84.12],[125.94,-83.75],[128.0,-83.47],[132.0,-83.39],[137.75,-83.72],[139.5,-83.91],[140.34,-84.25],[132.0,-83.9],[126.75,-84.89],[124.25,-85.01]]}},{"type":"Feature","properties":{"level":1004},"geometry":{"type":"LineString","coordinates":[[-81.25,-77.02],[-81.25,-76.81],[-80.3,-76.75],[-78.89,-77.0],[-81.25,-77.02]]}},{"type":"Feature","properties":{"level":1004},"geometry":{"type":"LineString","coordinates":[[-73.0,-75.5],[-73.41,-75.25],[-73.39,-75.0],[-72.53,-75.0],[-71.25,-75.5],[-73.0,-75.5]]}},{"type":"Feature","properties":{"level":1004},"geometry":{"type":"LineString","coordinates":[[-67.25,-75.58],[-67.08,-75.25],[-66.25,-74.95],[-64.72,-75.0],[-67.25,-75.58]]}},{"type":"Feature","properties":{"level":1004},"geometry":{"type":"LineString","coordinates":[[-57.31,-73.25],[-57.07,-73.25],[-57.31,-73.25]]}},{"type":"Feature","properties":{"level":1004},"geometry":{"type":"LineString","coordinates":[[-180.0,-56.63],[-177.75,-57.37],[-176.0,-57.66],[-170.5,-57.11],[-164.75,-55.62],[-155.0,-52.13],[-149.72,-51.0],[-147.75,-50.33],[-145.56,-49.0],[-143.97,-47.25],[-142.44,-44.5],[-141.5,-43.41],[-138.0,-40.9],[-137.35,-40.25],[-137.44,-40.0],[-134.25,-40.24],[-124.75,-42.82],[-113.0,-47.37],[-111.75,-47.63],[-110.0,-47.52],[-104.75,-48.41],[-101.25,-48.2],[-98.25,-49.59],[-96.5,-50.89],[-91.37,-55.5],[-87.25,-57.4],[-85.0,-58.93],[-83.8,-61.5],[-83.5,-63.0],[-83.42,-66.25],[-82.72,-68.5],[-81.7,-70.25],[-80.82,-71.25],[-79.23,-72.75],[-78.59,-73.0],[-80.17,-74.0],[-80.11,-74.25],[-75.43,-75.0],[-81.5,-75.72],[-81.55,-76.0],[-83.25,-76.7],[-86.75,-76.55],[-89.98,-77.0],[-87.0,-77.27],[-85.75,-77.63],[-85.26,-78.25],[-84.73,-78.5],[-86.04,-79.0],[-85.97,-79.25],[-84.47,-79.75],[-87.08,-80.5],[-87.4,-80.75],[-87.09,-81.0],[-90.75,-82.33],[-94.06,-83.0],[-96.24,-83.75],[-96.38,-84.0],[-95.36,-84.5],[-96.88,-84.75],[-91.58,-85.25],[-91.85,-85.5],[-94.0,-85.61],[-96.5,-85.1],[-99.25,-85.01],[-107.22,-85.25],[-105.5,-85.36],[-104.33,-85.75],[-108.75,-86.81],[-121.27,-87.75],[-114.81,-88.75],[-116.32,-89.0],[-145.25,-89.35],[-180.0,-88.79]]}},{"type":"Feature","properties":{"level":1004},"geometry":{"type":"LineString","coordinates":[[-58.0,-54.04],[-59.25,-53.59],[-60.32,-52.75],[-61.24,-51.5],[-61.31,-50.0],[-60.5,-49.37],[-59.0,-48.94],[-55.19,-49.0],[-54.75,-48.7],[-53.75,-47.0],[-52.75,-46.61],[-50.06,-46.75],[-48.25,-48.17],[-47.5,-47.98],[-46.13,-46.75],[-45.0,-46.75],[-43.83,-48.25],[-43.51,-49.0],[-43.63,-49.25],[-42.91,-50.25],[-43.07,-50.5],[-42.15,-51.25],[-42.48,-52.25],[-42.75,-52.44],[-44.5,-52.83],[-45.25,-52.76],[-45.95,-52.5],[-46.37,-52.0],[-45.88,-51.5],[-46.53,-50.5],[-48.0,-50.19],[-48.92,-51.0],[-49.5,-52.0],[-49.44,-52.5],[-48.44,-53.0],[-48.83,-53.5],[-58.0,-54.04]]}},{"type":"Feature","properties":{"level":1004},"geometry":{"type":"LineString","coordinates":[[-38.75,-46.54],[-40.5,-45.79],[-41.44,-44.5],[-41.38,-43.0],[-40.75,-41.88],[-40.09,-41.25],[-38.0,-40.48],[-35.5,-40.17],[-33.5,-40.57],[-32.18,-41.25],[-31.3,-43.0],[-32.03,-44.75],[-33.5,-45.7],[-35.25,-46.32],[-37.25,-46.66],[-38.75,-46.54]]}},{"type":"Feature","properties":{"level":1004},"geometry":{"type":"LineString","coordinates":[[-84.0,-39.78],[-86.0,-39.19],[-86.75,-38.49],[-87.75,-37.98],[-88.4,-37.0],[-88.25,-36.24],[-87.0,-35.26],[-86.0,-35.05],[-84.0,-36.34],[-82.42,-36.5],[-82.0,-36.84],[-81.0,-37.07],[-80.0,-36.45],[-78.97,-36.25],[-78.81,-36.75],[-79.11,-38.0],[-79.5,-38.59],[-80.4,-39.25],[-82.25,-39.76],[-84.0,-39.78]]}},{"type":"Feature","properties":{"level":1004},"geometry":{"type":"LineString","coordinates":[[-59.0,-22.52],[-60.5,-21.64],[-60.22,-21.25],[-60.37,-20.75],[-61.25,-20.07],[-62.25,-18.77],[-62.75,-18.8],[-63.5,-18.44],[-64.37,-19.5],[-64.5,-20.18],[-65.0,-19.6],[-65.25,-19.68],[-65.48,-18.75],[-66.45,-17.5],[-65.9,-17.5],[-65.75,-17.81],[-65.25,-17.74],[-64.25,-18.18],[-63.75,-18.12],[-63.69,-17.75],[-65.53,-17.0],[-66.75,-15.71],[-66.96,-15.75],[-67.0,-16.09],[-67.75,-15.98],[-68.54,-15.0],[-68.5,-14.78],[-67.96,-15.25],[-68.22,-14.0],[-70.79,-12.5],[-69.25,-12.18],[-68.75,-12.28],[-68.25,-11.69],[-67.5,-12.07],[-67.61,-11.5],[-67.0,-11.22],[-65.77,-12.25],[-65.5,-12.81],[-65.09,-12.5],[-65.0,-12.02],[-64.75,-12.57],[-64.0,-12.84],[-63.75,-13.33],[-62.5,-13.56],[-61.83,-14.25],[-61.55,-15.25],[-62.25,-14.85],[-62.75,-15.13],[-63.32,-15.0],[-63.31,-15.25],[-62.7,-15.75],[-62.79,-16.25],[-61.73,-17.0],[-61.5,-17.12],[-61.25,-16.71],[-60.64,-16.75],[-59.75,-15.73],[-59.5,-16.3],[-58.75,-15.63],[-58.5,-15.66],[-58.25,-16.35],[-57.25,-16.53],[-56.96,-17.0],[-57.0,-17.86],[-56.0,-17.99],[-55.69,-18.5],[-55.5,-19.74],[-56.25,-20.67],[-56.75,-20.61],[-57.0,-21.22],[-59.0,-22.52]]}},{"type":"Feature","properties":{"level":1004},"geometry":{"type":"LineString","coordinates":[[-66.25,-22.04],[-65.75,-21.4],[-65.4,-21.5],[-65.68,-20.75],[-65.5,-20.4],[-65.0,-20.79],[-64.75,-20.53],[-64.77,-21.25],[-65.5,-22.06],[-66.25,-22.04]]}},{"type":"Feature","properties":{"level":1004},"geometry":{"type":"LineString","coordinates":[[-59.82,-20.75],[-59.5,-20.97],[-58.59,-20.75],[-58.35,-20.25],[-58.67,-20.0],[-58.57,-19.75],[-59.0,-19.62],[-59.5,-19.94],[-59.82,-20.75]]}},{"type":"Feature","properties":{"level":1004},"geometry":{"type":"LineString","coordinates":[[-60.4,-19.75],[-60.25,-19.89],[-60.25,-19.46],[-60.4,-19.75]]}},{"type":"Feature","properties":{"level":1004},"geometry":{"type":"LineString","coordinates":[[-60.58,-18.0],[-60.25,-18.07],[-60.5,-17.36],[-60.78,-17.75],[-60.58,-18.0]]}},{"type":"Feature","properties":{"level":1004},"geometry":{"type":"LineString","coordinates":[[-58.61,-17.25],[-58.4,-17.25],[-58.5,-17.09],[-58.61,-17.25]]}},{"type":"Feature","properties":{"level":1004},"geometry":{"type":"LineString","coordinates":[[-61.5,-16.02],[-61.5,-15.27],[-61.25,-15.43],[-60.83,-15.25],[-61.5,-16.02]]}},{"type":"Feature","properties":{"level":1004},"geometry":{"type":"LineString","coordinates":[[-60.25,-15.9],[-60.25,-15.42],[-60.25,-15.9]]}},{"type":"Feature","properties":{"level":1004},"geometry":{"type":"LineString","coordinates":[[-60.0,-15.39],[-60.12,-15.25],[-59.79,-15.25],[-60.0,-15.39]]}},{"type":"Feature","properties":{"level":1004},"geometry":{"type":"LineString","coordinates":[[-61.25,-14.25],[-61.25,-13.96],[-61.25,-14.25]]}},{"type":"Feature","properties":{"level":1004},"geometry":{"type":"LineString","coordinates":[[-61.75,-13.86],[-61.5,-13.47],[-61.45,-13.75],[-61.75,-13.86]]}},{"type":"Feature","properties":{"level":1004},"geometry":{"type":"LineString","coordinates":[[-62.75,-13.38],[-62.5,-12.74],[-62.13,-13.0],[-62.25,-13.45],[-62.75,-13.38]]}},{"type":"Feature","properties":{"level":1004},"geometry":{"type":"LineString","coordinates":[[-62.75,-5.15],[-62.75,-4.83],[-62.5,-4.69],[-62.5,-5.03],[-62.75,-5.15]]}},{"type":"Feature","properties":{"level":1004},"geometry":{"type":"LineString","coordinates":[[-63.75,-4.87],[-63.75,-4.67],[-63.34,-4.75],[-63.75,-4.87]]}},{"type":"Feature","properties":{"level":1004},"geometry":{"type":"LineString","coordinates":[[-64.0,-4.63],[-64.12,-4.25],[-63.75,-3.97],[-63.75,-3.02],[-63.5,-3.1],[-62.0,-2.41],[-61.36,-3.0],[-61.52,-3.25],[-61.34,-3.75],[-62.0,-4.56],[-62.25,-4.06],[-62.5,-4.05],[-62.75,-4.51],[-63.25,-4.55],[-63.04,-4.25],[-63.5,-3.9],[-64.0,-4.63]]}},{"type":"Feature","properties":{"level":1004},"geometry":{"type":"LineString","coordinates":[[-64.25,-4.01],[-64.25,-3.36],[-64.25,-4.01]]}},{"type":"Feature","properties":{"level":1004},"geometry":{"type":"LineString","coordinates":[[-62.34,-3.5],[-61.93,-3.5],[-62.34,-3.5]]}},{"type":"Feature","properties":{"level":1004},"geometry":{"type":"LineString","coordinates":[[-59.25,0.46],[-58.98,0.5],[-59.25,0.46]]}},{"type":"Feature","properties":{"level":1004},"geometry":{"type":"LineString","coordinates":[[-117.0,17.96],[-117.75,18.41],[-118.5,19.44],[-118.64,20.25],[-118.32,21.25],[-117.75,21.85],[-116.75,22.31],[-115.75,22.39],[-114.75,22.04],[-114.35,21.75],[-113.81,20.75],[-113.74,19.5],[-114.0,18.89],[-115.5,17.9],[-117.0,17.96]]}},{"type":"Feature","properties":{"level":1004},"geometry":{"type":"LineString","coordinates":[[140.0,17.81],[139.5,18.5],[138.25,18.47],[137.25,18.97],[136.0,20.08],[135.04,21.75],[134.71,23.25],[134.56,25.75],[134.88,27.5],[135.8,29.5],[136.75,30.75],[139.25,32.26],[141.5,33.09],[143.6,33.25],[146.37,32.5],[147.75,31.83],[148.84,31.0],[149.75,29.9],[150.55,28.25],[150.68,25.75],[150.13,23.5],[149.0,21.76],[147.25,19.72],[145.0,18.3],[140.5,18.03],[140.0,17.81]]}},{"type":"Feature","properties":{"level":1004},"geometry":{"type":"LineString","coordinates":[[174.75,24.96],[174.0,25.6],[173.94,26.5],[174.75,27.2],[175.75,27.19],[176.43,26.5],[176.48,25.75],[175.75,24.99],[174.75,24.96]]}},{"type":"Feature","properties":{"level":1004},"geometry":{"type":"LineString","coordinates":[[137.25,43.21],[137.21,44.75],[136.95,45.25],[137.75,46.32],[140.0,47.3],[140.75,47.12],[141.02,46.75],[140.85,46.0],[141.0,44.91],[138.62,43.5],[137.25,43.21]]}},{"type":"Feature","properties":{"level":1004},"geometry":{"type":"LineString","coordinates":[[-66.75,46.7],[-67.25,47.32],[-68.25,47.51],[-68.48,47.75],[-68.16,48.0],[-68.5,48.41],[-69.11,48.25],[-69.5,47.75],[-70.25,47.61],[-70.3,48.0],[-70.07,48.25],[-70.8,49.5],[-72.0,50.16],[-72.75,50.39],[-74.5,50.42],[-75.75,50.93],[-77.25,53.0],[-76.91,54.75],[-75.75,55.75],[-74.7,56.25],[-72.25,56.41],[-70.25,56.0],[-66.23,54.25],[-65.12,53.0],[-64.99,50.5],[-64.59,49.0],[-65.37,48.0],[-65.5,47.3],[-66.75,46.7]]}},{"type":"Feature","properties":{"level":1004},"geometry":{"type":"LineString","coordinates":[[-69.0,47.74],[-68.61,47.75],[-69.0,47.74]]}},{"type":"Feature","properties":{"level":1004},"geometry":{"type":"LineString","coordinates":[[-106.75,50.19],[-107.22,51.0],[-107.0,51.36],[-106.0,51.32],[-105.68,50.5],[-106.75,50.19]]}},{"type":"Feature","properties":{"level":1004},"geometry":{"type":"LineString","coordinates":[[-160.0,51.25],[-166.5,51.75],[-169.0,52.69],[-169.14,53.75],[-170.01,55.25],[-171.75,57.53],[-173.69,60.75],[-174.03,62.25],[-174.96,64.0],[-174.77,64.5],[-173.25,64.69],[-172.22,65.5],[-171.04,66.0],[-170.74,66.25],[-170.52,67.25],[-169.5,68.0],[-166.5,68.88],[-164.75,68.96],[-159.5,67.93],[-158.87,68.25],[-157.75,68.3],[-157.25,68.27],[-157.21,68.0],[-156.5,67.74],[-153.0,68.04],[-151.75,67.82],[-147.25,68.73],[-145.0,68.76],[-144.25,68.97],[-144.0,69.28],[-143.5,69.31],[-143.0,68.83],[-142.0,68.8],[-141.25,69.19],[-139.5,69.28],[-139.26,69.75],[-136.35,70.0],[-132.25,71.15],[-124.75,71.66],[-122.75,71.24],[-117.25,71.0],[-116.75,70.66],[-114.28,70.25],[-109.25,68.44],[-103.98,64.75],[-103.01,63.75],[-102.98,63.25],[-102.19,62.0],[-102.01,61.25],[-102.04,60.25],[-104.38,57.25],[-106.36,56.25],[-106.74,55.25],[-108.0,55.12],[-108.5,54.69],[-109.5,55.11],[-110.0,54.86],[-111.5,55.06],[-113.75,54.97],[-114.75,55.09],[-115.5,55.55],[-118.5,55.5],[-122.25,55.97],[-123.18,56.5],[-124.25,57.83],[-125.75,58.6],[-126.75,58.8],[-127.25,58.61],[-130.75,59.55],[-131.75,59.07],[-133.5,59.47],[-134.0,58.97],[-135.25,59.11],[-135.42,58.75],[-136.25,58.38],[-137.0,58.53],[-137.75,59.12],[-137.94,59.0],[-137.62,58.5],[-137.79,58.25],[-140.75,55.98],[-147.5,52.86],[-150.75,51.88],[-153.5,51.38],[-156.5,51.16],[-160.0,51.25]]}},{"type":"Feature","properties":{"level":1004},"geometry":{"type":"LineString","coordinates":[[67.0,52.99],[65.75,53.39],[64.79,54.25],[63.9,55.5],[62.83,56.25],[61.86,57.75],[61.78,58.5],[62.12,59.5],[63.67,61.5],[66.0,62.85],[70.75,63.83],[77.4,64.0],[79.82,63.75],[80.91,63.25],[80.11,62.5],[77.3,61.5],[75.1,59.5],[74.39,58.0],[74.32,56.5],[73.23,54.75],[72.41,54.0],[70.5,53.03],[69.25,52.75],[67.0,52.99]]}},{"type":"Feature","properties":{"level":1004},"geometry":{"type":"LineString","coordinates":[[15.25,59.24],[14.25,59.47],[12.75,59.27],[9.25,59.43],[8.0,60.27],[6.83,61.5],[5.5,61.94],[1.25,61.27],[-11.25,60.86],[-18.5,60.1],[-20.25,60.14],[-25.32,62.0],[-26.73,64.25],[-27.02,65.5],[-26.75,66.25],[-27.0,66.52],[-29.25,64.5],[-29.5,63.7],[-31.25,62.69],[-34.75,62.7],[-36.0,63.06],[-38.5,63.12],[-40.25,63.59],[-40.8,64.25],[-41.48,64.5],[-41.07,64.75],[-41.14,65.25],[-39.9,65.75],[-38.75,65.86],[-38.5,66.0],[-38.54,66.5],[-38.0,66.68],[-36.75,66.9],[-35.0,66.59],[-34.25,66.8],[-32.25,68.0],[-32.0,68.36],[-31.0,68.18],[-29.25,68.58],[-27.75,68.63],[-25.7,69.25],[-25.41,69.5],[-26.25,69.96],[-28.5,69.78],[-29.96,70.25],[-30.77,70.25],[-31.19,70.75],[-31.31,71.75],[-30.75,72.24],[-29.25,72.64],[-28.19,72.5],[-27.84,72.0],[-28.0,71.84],[-28.5,72.15],[-28.84,72.0],[-28.25,71.59],[-26.29,71.5],[-27.08,71.75],[-25.01,72.25],[-26.25,72.47],[-25.86,72.75],[-26.5,72.91],[-26.5,73.11],[-25.75,73.01],[-25.0,72.52],[-24.75,73.05],[-24.5,72.72],[-24.11,73.0],[-24.54,73.25],[-24.25,73.44],[-23.75,73.07],[-23.25,73.92],[-21.5,73.85],[-21.25,74.41],[-20.54,74.5],[-21.25,75.28],[-22.73,75.0],[-22.25,75.38],[-20.77,75.75],[-21.0,76.12],[-22.15,76.25],[-22.5,76.6],[-23.32,76.75],[-23.25,77.11],[-22.75,76.82],[-22.45,77.0],[-22.94,77.5],[-22.74,77.75],[-21.81,78.0],[-21.85,78.5],[-22.65,79.0],[-22.5,79.18],[-21.19,79.25],[-21.76,79.75],[-20.75,79.88],[-18.89,80.75],[-15.05,81.5],[-18.19,82.25],[-18.99,82.75],[-19.59,83.5],[-17.8,84.5],[-11.75,85.52],[2.25,86.72],[19.0,87.41],[44.5,87.8],[71.0,87.66],[89.25,87.15],[102.25,86.32],[110.5,85.07],[112.96,84.25],[113.87,83.5],[112.18,82.25],[105.25,79.85],[99.5,78.99],[98.75,79.17],[97.69,79.0],[94.5,77.89],[81.0,74.44],[76.0,73.7],[66.25,72.8],[63.75,72.26],[59.74,71.0],[56.25,69.27],[50.68,67.0],[41.0,64.13],[33.85,62.75],[30.0,61.14],[21.25,59.41],[18.25,59.12],[15.25,59.24]]}},{"type":"Feature","properties":{"level":1004},"geometry":{"type":"LineString","coordinates":[[158.25,61.37],[158.25,61.58],[159.25,62.02],[159.93,61.75],[159.6,61.5],[158.25,61.37]]}},{"type":"Feature","properties":{"level":1004},"geometry":{"type":"LineString","coordinates":[[150.25,64.73],[150.5,64.99],[150.78,64.75],[150.25,64.73]]}},{"type":"Feature","properties":{"level":1004},"geometry":{"type":"LineString","coordinates":[[155.5,64.98],[154.75,65.31],[154.18,65.25],[154.25,65.86],[153.0,65.92],[152.5,66.16],[151.75,66.0],[150.5,65.17],[150.04,65.5],[150.07,66.25],[147.75,66.93],[147.5,67.55],[144.84,68.0],[144.21,68.75],[144.71,69.5],[143.75,70.15],[140.75,70.85],[134.75,71.48],[134.68,71.75],[136.75,72.54],[145.0,74.16],[150.25,74.58],[155.75,74.54],[159.12,74.25],[163.5,73.25],[165.89,72.25],[168.12,70.5],[168.1,69.75],[167.0,69.39],[162.5,69.38],[162.12,69.0],[162.4,68.5],[163.69,67.75],[163.08,67.5],[163.0,67.15],[161.25,67.06],[160.84,66.75],[160.75,66.32],[160.0,65.86],[158.93,65.75],[158.25,65.27],[157.0,65.39],[155.5,64.98]]}},{"type":"Feature","properties":{"level":1004},"geometry":{"type":"LineString","coordinates":[[161.75,66.44],[161.56,66.5],[162.42,66.5],[161.75,66.44]]}},{"type":"Feature","properties":{"level":1004},"geometry":{"type":"LineString","coordinates":[[-57.75,69.98],[-58.35,70.25],[-57.52,70.25],[-57.75,69.98]]}},{"type":"Feature","properties":{"level":1004},"geometry":{"type":"LineString","coordinates":[[-28.69,70.5],[-28.25,70.34],[-27.33,70.75],[-27.64,71.0],[-28.25,71.02],[-28.14,70.75],[-28.69,70.5]]}},{"type":"Feature","properties":{"level":1004},"geometry":{"type":"LineString","coordinates":[[-22.26,70.75],[-21.95,70.75],[-21.93,71.0],[-22.25,71.34],[-22.45,71.25],[-22.26,70.75]]}},{"type":"Feature","properties":{"level":1004},"geometry":{"type":"LineString","coordinates":[[-22.81,71.5],[-22.75,71.35],[-22.81,71.5]]}},{"type":"Feature","properties":{"level":1004},"geometry":{"type":"LineString","coordinates":[[-23.72,71.75],[-23.25,71.75],[-23.17,72.0],[-23.72,71.75]]}},{"type":"Feature","properties":{"level":1004},"geometry":{"type":"LineString","coordinates":[[-26.0,73.49],[-25.0,73.83],[-24.74,73.5],[-25.0,73.34],[-26.0,73.49]]}},{"type":"Feature","properties":{"level":1004},"geometry":{"type":"LineString","coordinates":[[-22.34,77.25],[-21.75,77.07],[-21.05,77.25],[-21.5,77.54],[-22.34,77.25]]}},{"type":"Feature","properties":{"level":1004},"geometry":{"type":"LineString","coordinates":[[-22.75,79.24],[-22.86,79.5],[-21.81,79.5],[-22.75,79.24]]}},{"type":"Feature","properties":{"level":1004},"geometry":{"type":"LineString","coordinates":[[-19.45,80.0],[-19.11,80.0],[-19.45,80.0]]}},{"type":"Feature","properties":{"level":1008},"geometry":{"type":"LineString","coordinates":[[180.0,-89.66],[143.5,-89.07],[126.69,-88.25],[131.17,-87.75],[131.21,-87.5],[130.92,-87.25],[127.05,-86.75],[129.35,-86.5],[134.25,-86.58],[138.5,-86.28],[144.75,-86.53],[148.52,-86.25],[138.75,-84.69],[135.0,-84.44],[132.26,-84.5],[127.25,-85.2],[120.0,-85.45],[119.39,-85.25],[120.13,-84.25],[123.24,-83.5],[133.25,-82.96],[139.5,-82.28],[141.45,-81.5],[141.42,-81.0],[142.3,-80.25],[141.9,-79.75],[139.25,-79.25],[138.89,-78.5],[138.01,-78.0],[136.0,-77.49],[131.75,-77.62],[121.71,-77.25],[118.5,-76.66],[103.75,-75.33],[101.16,-74.5],[101.16,-74.25],[102.25,-74.14],[113.0,-74.88],[121.25,-74.67],[133.0,-73.42],[134.16,-72.75],[136.25,-72.25],[138.25,-72.25],[139.12,-71.75],[138.9,-71.5],[137.25,-71.32],[136.0,-71.71],[133.5,-71.41],[130.0,-71.45],[123.0,-72.14],[120.5,-72.15],[114.0,-71.17],[111.75,-71.2],[111.25,-71.52],[110.5,-71.52],[107.0,-70.34],[104.0,-70.22],[97.25,-69.17],[91.75,-70.1],[86.0,-70.29],[82.0,-70.85],[80.0,-71.51],[77.25,-72.84],[76.0,-74.14],[74.5,-75.07],[73.25,-74.93],[71.25,-75.27],[67.5,-75.3],[63.25,-75.08],[61.71,-74.75],[59.91,-73.75],[59.0,-73.62],[58.22,-73.0],[58.79,-72.0],[62.28,-70.5],[62.24,-70.25],[59.75,-69.57],[58.0,-69.45],[47.5,-71.84],[34.86,-73.75],[31.5,-74.03],[24.0,-74.18],[18.0,-75.25],[14.5,-75.29],[12.19,-75.75],[10.25,-76.64],[7.37,-77.5],[0.0,-78.42],[-3.75,-79.14],[-6.25,-79.29],[-7.5,-79.84],[-9.57,-80.25],[-16.75,-80.67],[-18.0,-81.26],[-21.75,-81.63],[-22.37,-81.5],[-20.89,-80.75],[-26.25,-80.56],[-27.21,-80.75],[-27.4,-81.0],[-27.09,-81.5],[-36.75,-82.13],[-38.75,-82.39],[-41.75,-83.27],[-49.25,-82.73],[-55.25,-83.33],[-57.0,-84.07],[-61.25,-84.32],[-64.34,-84.25],[-67.03,-83.5],[-68.26,-82.75],[-67.0,-82.24],[-62.75,-82.31],[-61.3,-81.75],[-62.87,-80.75],[-66.18,-79.25],[-66.29,-78.5],[-65.0,-76.71],[-65.09,-76.0],[-64.79,-75.75],[-66.0,-75.72],[-67.75,-76.16],[-71.75,-76.44],[-74.75,-76.38],[-79.41,-75.75],[-80.0,-75.98],[-80.07,-76.25],[-78.75,-76.53],[-78.04,-77.25],[-79.5,-77.39],[-83.0,-76.98],[-85.7,-77.0],[-85.26,-77.5],[-85.45,-77.75],[-84.59,-78.5],[-84.75,-78.79],[-85.37,-79.0],[-85.25,-79.16],[-83.75,-79.5],[-83.78,-79.75],[-83.5,-79.9],[-82.47,-80.0],[-85.75,-80.64],[-86.25,-81.09],[-89.34,-82.0],[-90.0,-82.47],[-92.45,-83.0],[-92.33,-83.75],[-88.75,-84.22],[-88.44,-84.5],[-90.51,-85.0],[-90.62,-85.5],[-94.0,-85.82],[-98.25,-85.21],[-102.04,-85.25],[-102.27,-85.75],[-104.92,-86.25],[-106.0,-86.79],[-111.14,-87.5],[-111.07,-87.75],[-110.5,-87.8],[-102.0,-88.22],[-83.75,-88.01],[-62.43,-89.25],[-63.25,-89.54],[-69.54,-89.75],[-101.0,-89.86],[-180.0,-89.66]]}},{"type":"Feature","properties":{"level":1008},"geometry":{"type":"LineString","coordinates":[[134.37,-87.0],[137.58,-87.0],[137.0,-86.81],[134.37,-87.0]]}},{"type":"Feature","properties":{"level":1008},"geometry":{"type":"LineString","coordinates":[[138.68,-86.75],[140.08,-86.75],[138.68,-86.75]]}},{"type":"Feature","properties":{"level":1008},"geometry":{"type":"LineString","coordinates":[[-180.0,-55.46],[-174.5,-56.36],[-169.47,-55.75],[-165.6,-54.75],[-156.0,-51.26],[-150.0,-49.53],[-148.23,-48.75],[-146.37,-47.25],[-145.39,-46.0],[-143.53,-42.75],[-139.83,-38.75],[-139.91,-38.5],[-138.0,-38.2],[-134.5,-38.46],[-128.75,-39.96],[-112.75,-45.55],[-105.75,-46.49],[-102.75,-46.21],[-98.75,-47.64],[-90.25,-53.08],[-84.75,-55.72],[-83.75,-56.74],[-82.5,-58.46],[-81.33,-61.25],[-80.93,-66.25],[-79.85,-68.5],[-78.86,-69.75],[-77.36,-71.0],[-76.23,-71.75],[-74.48,-72.25],[-74.84,-72.75],[-74.72,-73.25],[-76.05,-74.0],[-73.5,-74.6],[-68.25,-74.79],[-64.41,-74.0],[-63.07,-73.0],[-62.42,-72.0],[-62.77,-71.75],[-62.5,-71.75],[-62.27,-71.25],[-63.09,-70.75],[-63.57,-69.5],[-63.44,-69.25],[-64.25,-68.75],[-63.75,-68.4],[-61.75,-68.22],[-58.25,-68.42],[-57.25,-68.72],[-53.25,-68.78],[-43.75,-67.61],[-40.44,-66.5],[-36.47,-63.5],[-34.89,-61.75],[-33.01,-59.0],[-32.7,-58.25],[-32.82,-57.0],[-32.58,-56.25],[-31.97,-55.5],[-27.25,-52.89],[-18.0,-49.66],[-6.0,-46.37],[3.75,-44.51],[10.0,-43.8],[12.05,-43.25],[13.68,-41.75],[14.08,-41.0],[14.13,-40.25],[14.75,-39.96],[15.75,-38.87],[16.5,-38.7],[17.25,-37.38],[17.75,-37.42],[18.5,-36.91],[19.5,-36.77],[19.75,-37.29],[20.81,-37.25],[20.73,-37.75],[21.0,-37.75],[21.49,-37.5],[21.75,-37.03],[22.75,-37.07],[23.25,-36.86],[23.56,-36.5],[23.5,-35.98],[24.27,-36.25],[24.66,-37.25],[28.5,-41.35],[32.5,-46.19],[36.5,-49.82],[39.75,-51.91],[45.0,-54.32],[47.94,-55.25],[51.75,-56.04],[57.25,-56.51],[64.25,-56.2],[68.75,-56.33],[72.5,-55.86],[77.09,-52.0],[82.26,-46.5],[84.92,-44.5],[87.0,-43.43],[87.39,-43.0],[90.57,-41.5],[90.95,-41.0],[90.62,-40.0],[90.75,-39.79],[91.5,-39.72],[96.5,-40.16],[102.0,-41.65],[104.75,-42.86],[116.25,-49.0],[117.75,-49.55],[119.75,-49.81],[120.75,-49.75],[125.0,-48.58],[131.75,-45.3],[139.75,-42.56],[144.0,-41.65],[145.5,-42.09],[146.75,-41.94],[147.5,-42.35],[148.0,-41.89],[148.5,-42.27],[150.0,-42.3],[151.75,-42.91],[154.0,-44.68],[155.25,-46.24],[157.75,-47.48],[159.75,-48.12],[162.5,-48.1],[165.25,-49.39],[167.0,-51.21],[170.61,-53.5],[173.25,-54.34],[180.0,-55.46]]}},{"type":"Feature","properties":{"level":1008},"geometry":{"type":"LineString","coordinates":[[-57.25,-55.28],[-59.0,-55.03],[-61.25,-54.3],[-63.21,-53.25],[-64.19,-52.25],[-64.19,-51.0],[-63.37,-49.0],[-62.25,-47.94],[-60.0,-46.53],[-53.75,-44.21],[-50.25,-43.93],[-44.75,-42.57],[-43.25,-41.76],[-41.44,-40.25],[-36.0,-38.93],[-34.0,-39.11],[-33.25,-38.96],[-31.25,-40.04],[-30.08,-41.25],[-30.12,-43.25],[-30.36,-44.25],[-30.85,-45.0],[-32.5,-46.26],[-36.69,-48.25],[-38.25,-49.35],[-38.53,-50.25],[-38.68,-53.0],[-39.01,-53.5],[-40.0,-54.13],[-42.25,-54.84],[-46.0,-55.27],[-57.25,-55.28]]}},{"type":"Feature","properties":{"level":1008},"geometry":{"type":"LineString","coordinates":[[-83.75,-40.76],[-86.75,-40.0],[-88.97,-38.25],[-89.34,-37.5],[-89.39,-36.5],[-88.48,-34.5],[-85.75,-33.84],[-81.75,-33.76],[-81.25,-33.46],[-80.25,-33.55],[-79.0,-33.21],[-78.0,-33.4],[-77.69,-35.25],[-77.42,-35.5],[-77.27,-37.0],[-77.89,-38.5],[-79.0,-39.63],[-80.25,-40.28],[-82.25,-40.78],[-83.75,-40.76]]}},{"type":"Feature","properties":{"level":1008},"geometry":{"type":"LineString","coordinates":[[24.25,-35.13],[24.1,-34.75],[24.35,-34.5],[23.75,-34.25],[24.54,-34.25],[24.63,-34.75],[24.5,-35.1],[24.25,-35.13]]}},{"type":"Feature","properties":{"level":1008},"geometry":{"type":"LineString","coordinates":[[25.75,-34.28],[25.47,-33.75],[25.75,-33.4],[26.35,-33.75],[26.25,-34.08],[25.75,-34.28]]}},{"type":"Feature","properties":{"level":1008},"geometry":{"type":"LineString","coordinates":[[21.5,-33.33],[21.11,-33.0],[21.25,-32.68],[21.5,-32.47],[22.32,-32.5],[22.17,-33.25],[21.5,-33.33]]}},{"type":"Feature","properties":{"level":1008},"geometry":{"type":"LineString","coordinates":[[24.25,-33.33],[24.02,-33.25],[24.5,-33.18],[24.75,-32.88],[25.26,-33.0],[25.31,-33.25],[24.25,-33.33]]}},{"type":"Feature","properties":{"level":1008},"geometry":{"type":"LineString","coordinates":[[19.75,-32.65],[19.71,-32.25],[20.03,-32.5],[19.75,-32.65]]}},{"type":"Feature","properties":{"level":1008},"geometry":{"type":"LineString","coordinates":[[-67.0,-31.71],[-67.17,-31.5],[-67.0,-30.79],[-66.85,-31.5],[-67.0,-31.71]]}},{"type":"Feature","properties":{"level":1008},"geometry":{"type":"LineString","coordinates":[[-69.5,-31.45],[-69.25,-29.58],[-68.88,-29.75],[-68.75,-30.15],[-68.57,-30.0],[-68.9,-29.0],[-68.18,-27.75],[-67.64,-26.0],[-67.89,-25.75],[-67.72,-25.5],[-67.82,-24.75],[-67.42,-24.5],[-66.75,-25.41],[-66.14,-24.5],[-66.5,-24.0],[-67.0,-24.25],[-66.86,-23.25],[-66.5,-22.75],[-66.75,-21.98],[-67.5,-21.69],[-67.93,-21.0],[-67.95,-20.5],[-67.0,-20.2],[-66.53,-20.5],[-66.59,-21.25],[-66.25,-21.47],[-65.94,-21.0],[-66.0,-20.31],[-66.3,-20.0],[-66.0,-20.16],[-65.75,-19.99],[-65.74,-19.0],[-66.5,-18.29],[-66.75,-17.48],[-67.5,-16.67],[-67.55,-17.5],[-66.98,-18.0],[-67.24,-18.75],[-66.87,-19.5],[-67.5,-19.87],[-68.25,-19.64],[-68.07,-19.25],[-68.31,-19.0],[-68.26,-18.5],[-67.75,-18.12],[-68.69,-17.75],[-68.83,-17.25],[-69.25,-17.02],[-69.34,-16.5],[-68.0,-16.65],[-67.63,-16.5],[-68.25,-15.59],[-68.5,-15.43],[-68.75,-15.75],[-68.94,-15.5],[-68.65,-15.25],[-68.91,-14.5],[-68.71,-14.0],[-71.5,-12.9],[-72.25,-11.9],[-72.68,-12.0],[-72.75,-12.38],[-73.0,-12.25],[-73.78,-11.25],[-74.75,-9.23],[-74.53,-9.75],[-74.64,-10.25],[-75.0,-10.54],[-75.25,-10.31],[-75.85,-7.75],[-76.25,-7.28],[-76.5,-7.55],[-77.0,-7.25],[-76.47,-6.25],[-76.68,-5.5],[-77.75,-4.7],[-78.0,-4.89],[-78.26,-4.5],[-77.89,-4.25],[-77.75,-2.63],[-77.25,-2.26],[-76.56,-2.25],[-76.77,-1.75],[-76.66,-1.25],[-76.2,-1.0],[-76.28,-0.5],[-75.92,0.0],[-76.43,0.5],[-76.0,0.87],[-75.0,1.12],[-74.25,2.9],[-74.05,2.25],[-74.46,2.0],[-74.25,1.49],[-73.5,2.32],[-73.0,1.91],[-72.75,1.96],[-71.43,3.25],[-70.25,3.71],[-69.5,4.42],[-68.91,4.5],[-68.63,4.75],[-69.33,6.25],[-68.75,6.8],[-66.75,7.48],[-66.45,7.0],[-66.63,6.75],[-66.25,6.38],[-65.75,7.29],[-65.75,6.06],[-66.5,6.17],[-66.97,5.75],[-66.5,5.52],[-65.75,5.88],[-65.24,4.75],[-65.81,4.5],[-65.75,3.28],[-65.25,3.65],[-64.75,3.15],[-63.86,4.0],[-64.01,4.25],[-63.75,4.41],[-63.7,4.0],[-62.75,3.64],[-63.66,5.0],[-64.75,5.32],[-64.65,6.0],[-65.04,6.5],[-64.75,6.71],[-64.5,6.29],[-64.0,6.25],[-63.98,5.75],[-63.75,5.57],[-63.25,5.75],[-63.1,6.0],[-63.51,6.25],[-63.39,6.75],[-62.69,7.5],[-63.0,7.82],[-64.44,8.0],[-64.0,8.38],[-62.75,8.43],[-62.5,8.73],[-62.32,8.25],[-62.89,8.0],[-62.0,7.55],[-61.25,7.5],[-60.76,7.0],[-61.5,6.15],[-62.0,6.2],[-62.5,6.65],[-63.25,6.5],[-63.0,6.35],[-62.84,5.5],[-61.75,4.53],[-59.5,4.54],[-59.15,5.0],[-59.6,5.75],[-59.0,6.61],[-58.5,6.73],[-57.25,5.92],[-56.25,5.75],[-54.75,5.92],[-53.75,5.59],[-52.03,4.25],[-51.48,2.25],[-50.72,1.5],[-51.43,0.0],[-51.35,-0.25],[-50.5,-0.63],[-50.55,-1.0],[-49.0,-1.23],[-49.53,-2.0],[-49.34,-2.5],[-49.0,-2.13],[-48.59,-2.25],[-48.7,-2.0],[-48.5,-1.96],[-47.86,-2.75],[-48.45,-3.0],[-48.2,-3.25],[-48.47,-3.5],[-48.17,-4.0],[-48.92,-4.75],[-47.79,-5.75],[-48.44,-7.0],[-48.0,-7.23],[-47.63,-7.0],[-47.63,-6.5],[-47.38,-6.25],[-47.64,-5.75],[-47.5,-5.49],[-47.23,-5.5],[-46.75,-6.24],[-46.25,-6.04],[-45.25,-6.69],[-45.11,-6.5],[-44.98,-5.75],[-45.68,-5.0],[-45.64,-3.5],[-46.3,-3.0],[-46.51,-2.25],[-46.25,-2.12],[-45.75,-2.6],[-45.0,-2.72],[-44.75,-3.15],[-44.0,-3.01],[-43.75,-2.65],[-42.75,-3.1],[-41.34,-3.25],[-41.35,-4.0],[-41.63,-4.5],[-41.27,-5.0],[-41.37,-6.25],[-41.21,-6.75],[-40.76,-7.0],[-42.5,-8.11],[-43.0,-7.68],[-43.5,-7.78],[-44.25,-9.5],[-44.29,-9.75],[-43.99,-10.0],[-44.41,-11.0],[-43.75,-11.41],[-43.0,-11.5],[-43.0,-12.0],[-43.34,-12.5],[-43.1,-13.0],[-43.25,-13.49],[-43.5,-13.48],[-43.73,-13.0],[-43.59,-12.25],[-43.75,-12.06],[-45.16,-12.0],[-44.5,-11.25],[-45.5,-11.28],[-46.25,-10.96],[-46.82,-11.25],[-46.46,-12.5],[-47.5,-13.1],[-48.0,-12.89],[-48.25,-13.37],[-48.5,-12.85],[-48.75,-13.33],[-49.0,-13.35],[-49.55,-13.0],[-49.75,-12.57],[-50.25,-12.59],[-51.0,-12.14],[-51.5,-11.69],[-51.84,-10.5],[-52.38,-10.0],[-52.3,-9.25],[-52.69,-8.5],[-52.5,-8.06],[-51.63,-8.5],[-51.61,-9.0],[-52.18,-9.25],[-52.2,-9.5],[-51.55,-9.5],[-51.83,-9.75],[-51.5,-9.81],[-51.68,-10.5],[-51.25,-10.7],[-51.09,-10.5],[-50.92,-10.0],[-51.47,-9.75],[-51.24,-8.5],[-50.75,-8.4],[-49.77,-7.25],[-49.75,-6.66],[-50.9,-7.0],[-50.75,-7.31],[-51.75,-6.9],[-52.43,-7.5],[-52.5,-7.94],[-52.75,-7.53],[-53.0,-7.94],[-53.75,-7.16],[-54.25,-7.19],[-54.75,-6.26],[-55.25,-6.62],[-55.34,-7.25],[-55.85,-7.75],[-55.75,-8.11],[-55.34,-8.25],[-55.9,-8.5],[-55.75,-9.09],[-56.35,-9.25],[-56.03,-10.0],[-56.55,-10.5],[-56.63,-11.25],[-57.32,-11.5],[-57.37,-12.0],[-57.0,-12.04],[-57.12,-11.75],[-56.75,-11.58],[-55.75,-11.82],[-55.59,-12.25],[-55.92,-12.75],[-55.5,-12.7],[-55.13,-13.5],[-55.07,-14.25],[-55.41,-15.0],[-55.34,-16.25],[-55.0,-16.33],[-54.64,-16.0],[-54.75,-15.59],[-54.22,-16.25],[-54.5,-16.75],[-55.0,-16.69],[-55.17,-17.0],[-54.75,-17.73],[-54.25,-17.83],[-54.0,-17.63],[-53.5,-17.99],[-53.5,-18.77],[-52.75,-19.17],[-52.25,-18.7],[-51.75,-19.45],[-51.5,-18.86],[-51.09,-19.25],[-50.97,-19.5],[-51.43,-21.25],[-53.0,-22.63],[-55.75,-22.26],[-56.26,-22.5],[-55.68,-23.25],[-56.14,-23.5],[-56.58,-24.25],[-56.41,-25.0],[-55.75,-25.75],[-56.0,-26.87],[-58.0,-26.66],[-58.58,-27.0],[-58.75,-27.42],[-59.5,-27.13],[-59.75,-27.68],[-60.25,-27.81],[-60.44,-27.5],[-60.06,-27.0],[-60.17,-26.75],[-60.5,-26.73],[-60.65,-27.75],[-61.0,-28.22],[-61.5,-28.29],[-62.75,-27.65],[-63.5,-27.75],[-63.75,-27.56],[-64.44,-25.5],[-65.0,-25.16],[-65.25,-25.25],[-65.79,-26.25],[-65.76,-26.75],[-66.25,-27.45],[-66.53,-27.5],[-66.08,-27.75],[-66.38,-28.75],[-66.25,-28.88],[-65.75,-28.45],[-65.75,-29.11],[-66.5,-29.62],[-66.76,-29.5],[-66.58,-29.0],[-67.0,-28.6],[-67.5,-29.0],[-67.75,-28.67],[-68.01,-29.0],[-67.91,-29.25],[-67.75,-29.39],[-67.5,-29.0],[-67.12,-29.5],[-67.25,-29.75],[-67.5,-29.53],[-67.84,-30.5],[-67.71,-31.0],[-68.25,-31.18],[-69.0,-30.51],[-69.5,-31.45]]}},{"type":"Feature","properties":{"level":1008},"geometry":{"type":"LineString","coordinates":[[-61.53,-26.5],[-61.75,-26.06],[-61.53,-26.5]]}},{"type":"Feature","properties":{"level":1008},"geometry":{"type":"LineString","coordinates":[[-65.81,-25.25],[-65.75,-25.42],[-65.31,-24.5],[-65.25,-23.61],[-65.76,-24.0],[-65.81,-25.25]]}},{"type":"Feature","properties":{"level":1008},"geometry":{"type":"LineString","coordinates":[[-65.14,-23.5],[-64.61,-23.5],[-64.59,-22.5],[-63.95,-21.75],[-64.25,-21.25],[-65.0,-22.22],[-65.33,-22.25],[-65.14,-23.5]]}},{"type":"Feature","properties":{"level":1008},"geometry":{"type":"LineString","coordinates":[[-54.75,-23.04],[-54.44,-23.0],[-54.75,-23.04]]}},{"type":"Feature","properties":{"level":1008},"geometry":{"type":"LineString","coordinates":[[17.0,-21.57],[16.84,-21.25],[17.98,-20.25],[18.15,-19.0],[17.84,-18.75],[17.87,-18.5],[17.0,-17.93],[16.58,-18.25],[16.5,-19.06],[16.0,-19.21],[15.08,-18.0],[15.4,-17.5],[15.3,-16.5],[15.7,-15.5],[15.11,-14.75],[15.19,-14.5],[15.75,-14.48],[16.0,-14.72],[16.24,-14.0],[17.07,-13.75],[17.02,-13.0],[17.25,-12.71],[18.75,-13.2],[19.0,-12.87],[19.25,-13.42],[19.75,-13.58],[21.0,-13.3],[20.95,-12.75],[21.25,-12.55],[22.11,-12.75],[20.93,-12.0],[21.75,-11.05],[23.04,-12.25],[23.5,-13.03],[24.54,-13.25],[24.75,-13.94],[25.48,-14.5],[25.62,-15.5],[24.53,-17.25],[23.36,-18.5],[23.38,-19.0],[23.0,-19.51],[21.5,-21.0],[20.25,-20.75],[18.5,-20.88],[17.0,-21.57]]}},{"type":"Feature","properties":{"level":1008},"geometry":{"type":"LineString","coordinates":[[-53.83,-18.25],[-53.63,-18.25],[-53.75,-18.09],[-53.83,-18.25]]}},{"type":"Feature","properties":{"level":1008},"geometry":{"type":"LineString","coordinates":[[-65.61,-17.5],[-65.0,-17.71],[-64.72,-17.5],[-66.25,-16.59],[-67.06,-16.5],[-66.5,-17.34],[-65.61,-17.5]]}},{"type":"Feature","properties":{"level":1008},"geometry":{"type":"LineString","coordinates":[[-70.25,-15.83],[-70.9,-14.75],[-70.5,-14.46],[-69.93,-15.0],[-69.92,-15.5],[-70.25,-15.83]]}},{"type":"Feature","properties":{"level":1008},"geometry":{"type":"LineString","coordinates":[[-55.84,-14.25],[-55.68,-14.25],[-55.84,-14.25]]}},{"type":"Feature","properties":{"level":1008},"geometry":{"type":"LineString","coordinates":[[-72.0,-14.21],[-72.5,-13.94],[-72.63,-13.5],[-72.0,-13.44],[-71.5,-13.71],[-71.5,-14.12],[-72.0,-14.21]]}},{"type":"Feature","properties":{"level":1008},"geometry":{"type":"LineString","coordinates":[[-43.5,-13.82],[-43.5,-13.53],[-43.11,-13.75],[-43.5,-13.82]]}},{"type":"Feature","properties":{"level":1008},"geometry":{"type":"LineString","coordinates":[[-74.0,-12.39],[-74.5,-11.14],[-74.25,-11.15],[-73.87,-11.75],[-74.0,-12.39]]}},{"type":"Feature","properties":{"level":1008},"geometry":{"type":"LineString","coordinates":[[-50.31,-11.75],[-50.0,-11.92],[-49.9,-11.75],[-50.25,-11.47],[-50.31,-11.75]]}},{"type":"Feature","properties":{"level":1008},"geometry":{"type":"LineString","coordinates":[[-48.81,-11.0],[-48.27,-10.75],[-48.99,-10.25],[-48.75,-10.13],[-48.75,-9.72],[-49.13,-10.0],[-48.81,-11.0]]}},{"type":"Feature","properties":{"level":1008},"geometry":{"type":"LineString","coordinates":[[-50.83,-10.5],[-50.48,-10.5],[-50.75,-10.34],[-50.83,-10.5]]}},{"type":"Feature","properties":{"level":1008},"geometry":{"type":"LineString","coordinates":[[-49.59,-10.5],[-49.29,-10.5],[-49.5,-10.31],[-49.59,-10.5]]}},{"type":"Feature","properties":{"level":1008},"geometry":{"type":"LineString","coordinates":[[28.25,-9.96],[28.25,-9.23],[28.62,-8.75],[28.34,-8.5],[28.5,-8.25],[28.0,-8.21],[27.75,-7.87],[26.25,-8.95],[25.98,-8.25],[26.63,-7.75],[26.51,-7.25],[26.25,-7.2],[25.4,-5.5],[24.5,-5.25],[24.5,-4.9],[25.51,-4.5],[25.52,-4.0],[25.08,-3.75],[25.07,-3.5],[25.52,-2.75],[25.0,-2.5],[25.0,-2.25],[25.25,-1.78],[25.66,-1.75],[25.46,-1.0],[26.25,0.08],[26.02,-0.75],[26.29,-1.25],[26.16,-2.0],[27.16,-2.5],[27.0,-2.68],[26.25,-2.4],[26.23,-2.75],[26.75,-2.99],[27.0,-2.81],[27.25,-3.58],[28.57,-4.5],[28.86,-5.25],[28.98,-6.0],[28.52,-7.5],[29.09,-8.75],[28.25,-9.96]]}},{"type":"Feature","properties":{"level":1008},"geometry":{"type":"LineString","coordinates":[[-50.39,-9.25],[-49.74,-9.25],[-49.8,-8.75],[-50.58,-8.75],[-50.39,-9.25]]}},{"type":"Feature","properties":{"level":1008},"geometry":{"type":"LineString","coordinates":[[30.5,-8.6],[30.28,-8.5],[30.54,-8.25],[30.16,-7.25],[29.65,-7.0],[29.01,-6.0],[29.33,-5.5],[28.97,-4.25],[29.23,-3.0],[29.33,-3.75],[30.0,-4.85],[30.48,-4.5],[29.99,-4.0],[30.5,-3.41],[30.75,-3.76],[31.25,-3.55],[31.75,-3.74],[32.5,-3.47],[33.0,-2.92],[33.54,-3.0],[33.58,-4.0],[33.0,-4.23],[32.99,-4.5],[32.5,-4.37],[32.19,-5.0],[32.52,-5.5],[32.08,-6.75],[31.75,-6.39],[31.52,-6.5],[31.65,-7.0],[32.64,-8.25],[32.25,-8.4],[31.34,-7.25],[31.0,-7.14],[30.8,-7.75],[31.09,-8.5],[30.5,-8.6]]}},{"type":"Feature","properties":{"level":1008},"geometry":{"type":"LineString","coordinates":[[-44.38,-8.25],[-44.14,-8.25],[-44.25,-7.85],[-44.38,-8.25]]}},{"type":"Feature","properties":{"level":1008},"geometry":{"type":"LineString","coordinates":[[-53.07,-6.75],[-53.0,-6.9],[-53.07,-6.75]]}},{"type":"Feature","properties":{"level":1008},"geometry":{"type":"LineString","coordinates":[[-53.92,-6.5],[-53.65,-6.5],[-53.74,-6.25],[-53.92,-6.5]]}},{"type":"Feature","properties":{"level":1008},"geometry":{"type":"LineString","coordinates":[[-50.41,-6.5],[-50.25,-6.58],[-49.75,-6.12],[-48.98,-6.25],[-49.47,-5.25],[-49.31,-4.75],[-49.5,-4.43],[-50.0,-5.96],[-51.36,-6.0],[-51.0,-6.47],[-50.41,-6.5]]}},{"type":"Feature","properties":{"level":1008},"geometry":{"type":"LineString","coordinates":[[-48.53,-6.5],[-48.5,-6.66],[-48.53,-6.5]]}},{"type":"Feature","properties":{"level":1008},"geometry":{"type":"LineString","coordinates":[[30.38,-6.5],[30.65,-6.5],[30.9,-6.0],[30.78,-5.5],[30.25,-5.1],[29.86,-6.25],[30.38,-6.5]]}},{"type":"Feature","properties":{"level":1008},"geometry":{"type":"LineString","coordinates":[[-48.57,-6.0],[-48.5,-6.17],[-48.57,-6.0]]}},{"type":"Feature","properties":{"level":1008},"geometry":{"type":"LineString","coordinates":[[-50.32,-5.5],[-50.05,-5.5],[-50.25,-5.25],[-50.32,-5.5]]}},{"type":"Feature","properties":{"level":1008},"geometry":{"type":"LineString","coordinates":[[-49.28,-4.25],[-48.74,-4.0],[-49.0,-3.87],[-49.28,-4.25]]}},{"type":"Feature","properties":{"level":1008},"geometry":{"type":"LineString","coordinates":[[-41.0,-3.27],[-41.16,-3.25],[-40.75,-2.99],[-40.36,-3.25],[-41.0,-3.27]]}},{"type":"Feature","properties":{"level":1008},"geometry":{"type":"LineString","coordinates":[[-45.68,-3.0],[-45.16,-3.0],[-45.5,-2.84],[-45.68,-3.0]]}},{"type":"Feature","properties":{"level":1008},"geometry":{"type":"LineString","coordinates":[[20.25,-2.52],[19.98,-2.25],[20.25,-2.02],[20.4,-2.25],[20.25,-2.52]]}},{"type":"Feature","properties":{"level":1008},"geometry":{"type":"LineString","coordinates":[[-48.0,-2.28],[-48.17,-2.25],[-47.5,-1.71],[-47.5,-2.13],[-48.0,-2.28]]}},{"type":"Feature","properties":{"level":1008},"geometry":{"type":"LineString","coordinates":[[20.25,-1.97],[20.31,-1.5],[21.0,-1.18],[21.75,-1.37],[22.0,-1.22],[22.31,-1.5],[21.75,-1.55],[21.25,-1.29],[20.25,-1.97]]}},{"type":"Feature","properties":{"level":1008},"geometry":{"type":"LineString","coordinates":[[-47.75,-1.62],[-47.75,-1.45],[-47.75,-1.62]]}},{"type":"Feature","properties":{"level":1008},"geometry":{"type":"LineString","coordinates":[[-77.0,-0.52],[-77.0,-0.32],[-77.0,-0.52]]}},{"type":"Feature","properties":{"level":1008},"geometry":{"type":"LineString","coordinates":[[21.0,-0.65],[20.7,-0.25],[21.0,-0.05],[21.22,-0.25],[21.0,-0.65]]}},{"type":"Feature","properties":{"level":1008},"geometry":{"type":"LineString","coordinates":[[21.75,-0.3],[21.75,0.09],[21.75,-0.3]]}},{"type":"Feature","properties":{"level":1008},"geometry":{"type":"LineString","coordinates":[[21.0,0.26],[20.75,0.85],[21.17,0.5],[21.0,0.26]]}},{"type":"Feature","properties":{"level":1008},"geometry":{"type":"LineString","coordinates":[[23.75,0.41],[23.75,0.62],[23.75,0.41]]}},{"type":"Feature","properties":{"level":1008},"geometry":{"type":"LineString","coordinates":[[-66.17,0.75],[-66.0,0.59],[-65.24,1.5],[-65.5,1.86],[-66.17,0.75]]}},{"type":"Feature","properties":{"level":1008},"geometry":{"type":"LineString","coordinates":[[23.75,0.98],[24.0,1.16],[24.23,1.0],[23.75,0.98]]}},{"type":"Feature","properties":{"level":1008},"geometry":{"type":"LineString","coordinates":[[30.5,1.01],[30.5,1.35],[31.22,2.25],[31.11,3.5],[30.75,4.36],[29.0,4.7],[28.79,4.5],[29.75,4.24],[30.31,3.75],[29.5,3.39],[28.36,4.0],[27.91,4.75],[27.2,5.25],[27.21,5.75],[27.46,6.0],[26.38,6.5],[26.19,7.25],[25.25,8.31],[24.5,8.79],[23.88,8.75],[23.5,9.39],[22.0,8.81],[20.64,8.75],[20.1,8.0],[20.25,7.04],[19.75,7.1],[18.25,6.33],[17.75,6.31],[17.49,6.5],[17.25,7.37],[16.75,7.28],[16.5,7.62],[15.5,7.7],[15.93,8.5],[15.45,9.25],[14.25,9.54],[14.06,9.25],[14.27,8.75],[14.0,8.67],[12.79,9.25],[12.82,9.5],[13.5,9.45],[13.98,10.0],[13.92,10.75],[13.67,11.75],[12.34,12.75],[12.18,12.5],[12.33,12.25],[11.75,11.98],[11.5,12.09],[9.75,11.04],[8.25,12.09],[7.5,13.5],[6.82,14.0],[8.75,14.5],[10.0,14.38],[11.0,14.74],[12.5,14.64],[14.25,15.16],[15.5,16.33],[17.5,16.79],[21.0,16.81],[21.64,15.5],[21.29,14.25],[22.0,13.3],[22.75,13.66],[22.97,13.5],[22.5,13.38],[22.27,13.0],[23.0,13.22],[23.2,12.25],[23.5,12.02],[24.93,12.75],[25.0,13.75],[25.75,13.73],[27.0,14.95],[27.67,15.0],[28.25,16.41],[28.8,16.75],[28.92,17.25],[29.5,17.56],[30.45,18.75],[31.0,19.18],[31.75,19.06],[33.25,19.78],[33.33,19.5],[32.71,19.0],[32.95,18.75],[32.74,18.0],[33.38,18.25],[33.12,18.75],[33.5,19.1],[34.25,18.95],[34.93,17.75],[36.0,17.12],[36.25,16.61],[37.0,16.17],[37.25,16.52],[37.5,16.45],[37.85,15.5],[37.5,15.38],[37.0,15.63],[37.11,15.25],[36.88,14.75],[37.1,14.25],[36.56,13.5],[36.08,13.25],[35.92,12.5],[34.75,11.35],[34.25,11.27],[34.0,11.47],[33.87,11.25],[34.21,10.0],[33.95,9.5],[34.37,7.5],[34.25,7.32],[33.75,7.57],[33.62,7.25],[34.0,6.88],[34.0,6.25],[34.87,5.0],[34.5,4.66],[34.0,4.88],[33.15,4.25],[32.5,4.11],[32.75,3.14],[32.5,2.86],[32.0,2.97],[31.7,2.5],[31.89,2.25],[31.78,2.0],[30.5,1.01]]}},{"type":"Feature","properties":{"level":1008},"geometry":{"type":"LineString","coordinates":[[24.0,1.47],[24.0,1.68],[24.0,1.47]]}},{"type":"Feature","properties":{"level":1008},"geometry":{"type":"LineString","coordinates":[[36.25,1.36],[36.5,2.26],[36.25,1.36]]}},{"type":"Feature","properties":{"level":1008},"geometry":{"type":"LineString","coordinates":[[21.5,1.71],[21.06,2.0],[21.4,2.0],[21.5,1.71]]}},{"type":"Feature","properties":{"level":1008},"geometry":{"type":"LineString","coordinates":[[17.5,1.9],[17.5,2.14],[17.98,2.0],[17.5,1.9]]}},{"type":"Feature","properties":{"level":1008},"geometry":{"type":"LineString","coordinates":[[-64.04,2.25],[-63.53,2.5],[-64.0,3.37],[-64.44,3.0],[-64.36,2.5],[-64.04,2.25]]}},{"type":"Feature","properties":{"level":1008},"geometry":{"type":"LineString","coordinates":[[21.75,2.14],[21.75,2.51],[22.08,2.25],[21.75,2.14]]}},{"type":"Feature","properties":{"level":1008},"geometry":{"type":"LineString","coordinates":[[-75.25,3.56],[-74.87,4.75],[-75.0,6.0],[-74.76,6.75],[-75.51,7.75],[-75.04,9.75],[-75.34,10.25],[-75.0,10.74],[-74.65,10.75],[-74.25,10.5],[-74.53,10.0],[-74.25,9.69],[-74.0,10.15],[-73.75,10.12],[-73.25,10.57],[-73.6,8.25],[-73.3,7.25],[-74.57,5.0],[-74.75,4.02],[-75.0,3.56],[-75.25,3.56]]}},{"type":"Feature","properties":{"level":1008},"geometry":{"type":"LineString","coordinates":[[20.25,3.72],[20.25,3.97],[20.25,3.72]]}},{"type":"Feature","properties":{"level":1008},"geometry":{"type":"LineString","coordinates":[[20.75,4.19],[20.33,4.5],[20.83,4.5],[20.75,4.19]]}},{"type":"Feature","properties":{"level":1008},"geometry":{"type":"LineString","coordinates":[[19.0,4.98],[19.25,5.18],[19.28,5.0],[19.0,4.98]]}},{"type":"Feature","properties":{"level":1008},"geometry":{"type":"LineString","coordinates":[[-71.0,5.1],[-71.13,5.5],[-70.94,5.75],[-70.27,5.5],[-70.5,5.18],[-71.0,5.1]]}},{"type":"Feature","properties":{"level":1008},"geometry":{"type":"LineString","coordinates":[[-69.75,6.11],[-69.75,6.33],[-69.75,6.11]]}},{"type":"Feature","properties":{"level":1008},"geometry":{"type":"LineString","coordinates":[[33.28,6.75],[33.69,6.75],[33.28,6.75]]}},{"type":"Feature","properties":{"level":1008},"geometry":{"type":"LineString","coordinates":[[-64.75,6.83],[-64.75,7.04],[-64.75,6.83]]}},{"type":"Feature","properties":{"level":1008},"geometry":{"type":"LineString","coordinates":[[17.85,7.0],[18.36,7.0],[18.0,7.25],[17.85,7.0]]}},{"type":"Feature","properties":{"level":1008},"geometry":{"type":"LineString","coordinates":[[-71.75,7.11],[-71.75,7.33],[-71.75,7.11]]}},{"type":"Feature","properties":{"level":1008},"geometry":{"type":"LineString","coordinates":[[-66.0,7.6],[-66.16,7.75],[-65.89,7.75],[-66.0,7.6]]}},{"type":"Feature","properties":{"level":1008},"geometry":{"type":"LineString","coordinates":[[-72.75,8.17],[-73.07,9.0],[-72.28,10.25],[-72.18,11.0],[-72.0,11.12],[-71.5,10.85],[-70.0,11.36],[-70.0,11.1],[-70.75,10.74],[-71.0,10.16],[-71.5,10.53],[-71.88,10.5],[-71.96,9.75],[-71.48,9.0],[-72.5,8.01],[-72.75,8.17]]}},{"type":"Feature","properties":{"level":1008},"geometry":{"type":"LineString","coordinates":[[-65.0,8.74],[-65.45,9.0],[-65.45,9.5],[-65.0,9.81],[-64.15,9.75],[-65.0,8.74]]}},{"type":"Feature","properties":{"level":1008},"geometry":{"type":"LineString","coordinates":[[-70.75,9.49],[-70.75,9.68],[-70.75,9.49]]}},{"type":"Feature","properties":{"level":1008},"geometry":{"type":"LineString","coordinates":[[-67.25,9.37],[-67.45,9.5],[-67.0,9.65],[-66.4,9.5],[-67.25,9.37]]}},{"type":"Feature","properties":{"level":1008},"geometry":{"type":"LineString","coordinates":[[17.65,9.75],[17.75,9.61],[17.65,9.75]]}},{"type":"Feature","properties":{"level":1008},"geometry":{"type":"LineString","coordinates":[[-69.75,9.95],[-70.25,10.03],[-70.29,10.25],[-69.75,10.36],[-69.75,9.95]]}},{"type":"Feature","properties":{"level":1008},"geometry":{"type":"LineString","coordinates":[[19.08,10.0],[19.25,9.83],[19.65,10.0],[19.57,10.75],[19.24,10.75],[18.82,11.5],[18.97,12.25],[18.25,12.35],[17.97,10.75],[18.5,10.35],[18.91,10.5],[18.79,10.25],[19.08,10.0]]}},{"type":"Feature","properties":{"level":1008},"geometry":{"type":"LineString","coordinates":[[20.23,10.25],[20.53,10.5],[20.5,11.29],[20.0,11.0],[20.23,10.25]]}},{"type":"Feature","properties":{"level":1008},"geometry":{"type":"LineString","coordinates":[[-73.0,10.68],[-72.87,11.0],[-73.53,11.5],[-72.5,11.75],[-72.36,11.25],[-73.0,10.68]]}},{"type":"Feature","properties":{"level":1008},"geometry":{"type":"LineString","coordinates":[[130.5,10.6],[130.0,11.15],[128.75,11.51],[128.5,11.82],[128.0,11.59],[127.85,11.75],[127.81,12.25],[127.29,12.75],[127.63,13.75],[127.5,14.53],[126.83,14.75],[126.71,15.0],[126.97,16.0],[127.58,16.5],[127.24,16.75],[127.94,17.75],[127.49,18.0],[127.75,18.31],[128.02,18.25],[127.94,18.75],[128.27,19.5],[128.41,20.75],[130.98,25.75],[131.16,28.25],[132.0,30.72],[133.34,32.25],[134.5,33.13],[137.75,33.96],[138.5,34.78],[139.0,34.58],[142.0,35.76],[144.75,35.34],[147.0,33.97],[148.69,33.25],[150.4,31.5],[151.5,29.78],[152.25,27.5],[152.47,25.0],[151.77,20.5],[150.75,18.66],[149.47,17.5],[148.96,16.5],[147.77,15.25],[147.5,15.21],[147.47,14.75],[146.75,14.71],[146.25,14.14],[146.0,14.21],[145.66,13.75],[144.0,12.86],[143.0,12.5],[141.0,12.28],[139.0,11.08],[136.0,10.89],[135.75,11.12],[135.25,10.95],[134.5,11.13],[133.0,10.74],[132.75,11.06],[131.25,10.55],[130.5,10.6]]}},{"type":"Feature","properties":{"level":1008},"geometry":{"type":"LineString","coordinates":[[168.5,10.61],[168.14,11.25],[169.0,11.63],[169.28,12.0],[168.96,12.5],[169.15,13.0],[168.89,13.25],[169.24,14.25],[170.25,14.5],[170.91,13.5],[170.79,12.5],[169.0,10.71],[168.5,10.61]]}},{"type":"Feature","properties":{"level":1008},"geometry":{"type":"LineString","coordinates":[[174.0,11.75],[173.8,12.0],[174.0,12.19],[174.23,12.0],[174.0,11.75]]}},{"type":"Feature","properties":{"level":1008},"geometry":{"type":"LineString","coordinates":[[41.0,12.81],[40.93,13.0],[41.25,13.12],[41.25,12.87],[41.0,12.81]]}},{"type":"Feature","properties":{"level":1008},"geometry":{"type":"LineString","coordinates":[[-57.5,13.12],[-57.66,13.5],[-57.25,13.61],[-57.14,13.25],[-57.5,13.12]]}},{"type":"Feature","properties":{"level":1008},"geometry":{"type":"LineString","coordinates":[[40.75,13.14],[40.75,13.41],[40.75,13.14]]}},{"type":"Feature","properties":{"level":1008},"geometry":{"type":"LineString","coordinates":[[-6.5,14.47],[-7.17,14.75],[-7.6,15.75],[-7.5,15.98],[-6.75,15.72],[-5.67,16.5],[-5.39,16.25],[-6.42,15.0],[-6.22,14.75],[-6.5,14.47]]}},{"type":"Feature","properties":{"level":1008},"geometry":{"type":"LineString","coordinates":[[-6.84,15.0],[-6.75,14.84],[-6.58,15.0],[-6.84,15.0]]}},{"type":"Feature","properties":{"level":1008},"geometry":{"type":"LineString","coordinates":[[0.75,15.22],[0.14,16.25],[0.91,16.25],[0.75,15.22]]}},{"type":"Feature","properties":{"level":1008},"geometry":{"type":"LineString","coordinates":[[-115.75,15.47],[-118.5,16.38],[-119.63,17.5],[-120.31,19.0],[-120.5,20.75],[-120.27,22.0],[-119.22,23.25],[-117.75,24.0],[-115.75,24.1],[-113.77,23.5],[-112.5,22.41],[-111.59,20.75],[-111.58,19.5],[-111.97,18.0],[-112.79,16.75],[-114.5,15.62],[-115.75,15.47]]}},{"type":"Feature","properties":{"level":1008},"geometry":{"type":"LineString","coordinates":[[154.5,15.42],[154.33,15.5],[154.5,15.79],[154.5,15.42]]}},{"type":"Feature","properties":{"level":1008},"geometry":{"type":"LineString","coordinates":[[30.7,15.75],[31.04,16.0],[31.0,17.14],[30.98,16.5],[30.59,16.0],[30.7,15.75]]}},{"type":"Feature","properties":{"level":1008},"geometry":{"type":"LineString","coordinates":[[29.04,16.75],[29.49,16.75],[30.09,17.25],[30.08,17.5],[29.75,17.48],[29.04,16.75]]}},{"type":"Feature","properties":{"level":1008},"geometry":{"type":"LineString","coordinates":[[174.25,24.4],[173.29,25.25],[173.11,26.0],[173.33,26.75],[173.75,27.18],[174.75,27.56],[176.0,27.43],[176.9,26.25],[176.75,25.25],[175.75,24.4],[175.0,24.25],[174.25,24.4]]}},{"type":"Feature","properties":{"level":1008},"geometry":{"type":"LineString","coordinates":[[68.0,25.98],[67.22,26.75],[67.49,29.75],[67.75,29.95],[68.33,29.75],[68.5,29.23],[69.0,28.77],[69.75,28.94],[70.25,30.25],[70.04,32.0],[70.35,33.0],[71.25,33.11],[71.5,33.56],[72.25,33.69],[72.77,33.25],[72.0,32.44],[73.75,32.45],[74.47,32.0],[75.04,31.25],[75.5,29.27],[74.75,29.46],[72.0,28.28],[70.5,27.99],[69.2,27.25],[68.0,25.98]]}},{"type":"Feature","properties":{"level":1008},"geometry":{"type":"LineString","coordinates":[[75.0,30.5],[75.17,30.5],[75.0,30.5]]}},{"type":"Feature","properties":{"level":1008},"geometry":{"type":"LineString","coordinates":[[71.5,33.97],[71.75,34.27],[72.3,34.0],[71.5,33.97]]}},{"type":"Feature","properties":{"level":1008},"geometry":{"type":"LineString","coordinates":[[135.0,41.24],[134.36,42.0],[133.47,42.25],[133.26,42.75],[134.37,43.75],[134.73,44.75],[134.83,45.75],[133.92,46.5],[134.74,47.0],[134.85,47.5],[133.5,48.01],[133.15,48.5],[133.44,49.0],[134.94,50.0],[134.75,50.32],[134.5,50.11],[134.26,50.25],[134.51,50.5],[135.0,50.57],[135.5,50.24],[135.74,50.5],[135.52,50.75],[135.68,51.5],[135.46,52.75],[135.0,53.58],[134.5,53.87],[132.75,53.38],[131.52,53.75],[131.32,54.0],[132.02,54.5],[131.88,55.0],[130.74,55.25],[131.11,55.75],[132.75,56.41],[133.25,56.19],[135.25,56.24],[137.25,57.0],[140.59,57.0],[141.94,56.25],[142.5,55.5],[142.74,54.5],[141.56,51.75],[141.66,50.25],[141.24,49.75],[142.0,49.05],[142.25,48.34],[143.0,47.75],[143.2,47.0],[143.54,46.75],[143.59,44.5],[142.5,44.08],[142.25,44.35],[142.26,43.75],[141.8,43.0],[141.65,42.0],[141.0,41.87],[140.5,41.37],[140.25,42.06],[140.23,41.75],[139.79,41.5],[140.18,41.25],[139.25,41.32],[138.0,41.06],[135.0,41.24]]}},{"type":"Feature","properties":{"level":1008},"geometry":{"type":"LineString","coordinates":[[-63.25,42.71],[-64.0,43.36],[-64.5,43.18],[-65.25,43.52],[-66.25,44.32],[-67.25,43.87],[-70.22,43.75],[-69.25,44.08],[-69.02,44.5],[-69.75,44.85],[-70.34,44.75],[-70.5,45.97],[-71.67,46.5],[-71.79,47.25],[-72.25,47.86],[-76.49,50.25],[-78.3,52.5],[-78.45,54.5],[-77.7,56.0],[-76.5,56.88],[-74.75,57.41],[-73.25,57.66],[-69.0,57.78],[-67.75,57.61],[-66.51,57.0],[-64.25,55.14],[-63.18,54.0],[-62.93,51.75],[-63.44,50.5],[-62.88,49.5],[-62.98,49.0],[-62.47,48.25],[-62.37,47.5],[-61.75,46.87],[-60.89,46.75],[-61.0,45.82],[-60.0,45.52],[-59.68,45.0],[-59.94,44.25],[-60.75,43.51],[-63.25,42.71]]}},{"type":"Feature","properties":{"level":1008},"geometry":{"type":"LineString","coordinates":[[-68.91,44.5],[-68.66,44.5],[-68.75,44.69],[-68.91,44.5]]}},{"type":"Feature","properties":{"level":1008},"geometry":{"type":"LineString","coordinates":[[136.96,47.0],[139.65,48.5],[139.43,49.75],[140.15,50.0],[140.23,50.75],[140.0,51.09],[139.25,51.19],[138.89,51.5],[139.5,52.0],[141.0,51.96],[140.82,52.75],[139.0,52.34],[138.25,52.46],[137.5,52.13],[138.57,51.0],[138.46,50.75],[138.79,50.5],[138.27,50.0],[138.95,49.5],[138.81,49.0],[138.4,48.75],[138.25,48.05],[137.6,48.0],[136.85,47.25],[136.96,47.0]]}},{"type":"Feature","properties":{"level":1008},"geometry":{"type":"LineString","coordinates":[[128.0,49.41],[127.5,49.65],[127.4,50.0],[127.84,50.75],[127.98,52.25],[128.31,52.75],[130.0,53.51],[131.21,53.25],[131.01,52.75],[131.44,52.25],[131.33,52.0],[130.6,51.75],[129.1,49.5],[128.0,49.41]]}},{"type":"Feature","properties":{"level":1008},"geometry":{"type":"LineString","coordinates":[[66.75,51.68],[64.88,52.25],[59.95,55.0],[58.89,56.5],[58.35,58.0],[57.9,58.5],[58.25,59.87],[58.5,60.03],[58.75,59.66],[59.24,59.75],[60.5,61.62],[62.85,63.5],[67.75,65.21],[75.25,65.63],[82.75,64.78],[87.38,62.5],[84.5,62.09],[81.23,60.75],[80.55,60.0],[80.54,59.25],[79.51,58.0],[78.25,57.21],[77.15,55.5],[75.25,53.76],[74.5,53.62],[73.0,52.65],[71.0,52.02],[68.5,51.58],[66.75,51.68]]}},{"type":"Feature","properties":{"level":1008},"geometry":{"type":"LineString","coordinates":[[130.25,54.24],[129.84,54.5],[130.0,54.66],[130.82,54.5],[130.83,54.25],[130.25,54.24]]}},{"type":"Feature","properties":{"level":1008},"geometry":{"type":"LineString","coordinates":[[127.25,58.25],[126.94,59.0],[128.34,59.75],[128.39,60.25],[127.74,61.0],[128.1,61.75],[127.83,62.0],[128.4,62.5],[128.03,62.75],[128.19,63.25],[127.58,63.75],[127.75,63.88],[130.5,63.5],[132.25,63.52],[135.0,63.69],[137.25,64.24],[138.5,64.0],[137.78,63.25],[137.25,62.17],[135.97,61.0],[136.04,60.5],[135.79,60.0],[135.0,59.37],[133.75,59.17],[132.0,58.38],[131.5,58.55],[130.0,58.29],[128.0,58.44],[127.25,58.25]]}},{"type":"Feature","properties":{"level":1008},"geometry":{"type":"LineString","coordinates":[[180.0,63.16],[176.75,65.07],[175.75,65.21],[175.23,65.0],[175.38,64.75],[174.75,64.6],[174.45,64.25],[173.75,64.18],[172.75,64.46],[171.5,63.69],[169.75,63.43],[166.25,62.3],[163.49,60.75],[161.0,60.0],[156.5,59.24],[153.5,59.14],[153.25,59.66],[152.0,60.02],[149.98,59.0],[148.75,58.75],[146.0,58.53],[142.75,58.72],[142.11,59.25],[142.31,59.5],[142.11,60.25],[142.21,61.25],[142.5,61.77],[142.75,61.34],[145.75,61.2],[146.0,60.9],[146.75,60.72],[146.73,61.25],[146.09,61.5],[146.13,61.75],[146.5,62.09],[147.5,62.34],[148.97,62.25],[149.09,63.0],[149.66,63.75],[147.58,64.5],[146.25,65.55],[144.93,65.75],[145.95,66.0],[145.75,66.08],[144.75,66.09],[144.0,65.73],[142.5,65.74],[142.7,66.0],[139.03,67.25],[138.75,67.53],[138.18,67.5],[138.31,67.25],[137.6,67.0],[137.5,66.74],[134.75,66.76],[133.75,65.89],[133.0,65.94],[132.5,65.72],[131.25,66.06],[130.5,66.54],[129.25,66.58],[128.89,67.25],[130.45,67.5],[130.29,67.75],[130.46,68.0],[131.25,68.11],[132.9,69.25],[132.75,69.52],[131.75,69.43],[131.41,70.25],[130.37,71.25],[130.81,74.5],[131.37,75.25],[131.29,75.75],[131.93,76.25],[131.86,77.0],[130.0,77.35],[129.25,78.13],[127.75,78.61],[125.25,79.06],[122.75,79.17],[113.75,78.25],[103.0,77.79],[98.35,76.75],[89.75,75.3],[87.25,74.67],[84.5,73.6],[79.5,72.56],[68.36,71.0],[64.34,69.5],[61.55,69.0],[60.91,68.5],[58.47,67.75],[52.25,64.98],[49.5,64.71],[47.0,63.76],[43.5,62.99],[42.0,62.42],[39.0,61.65],[36.5,61.36],[31.75,59.66],[26.5,58.74],[16.75,58.0],[11.75,58.52],[8.75,58.46],[7.85,58.75],[7.5,59.43],[7.0,59.45],[6.5,60.42],[5.25,60.95],[0.75,60.05],[-10.0,59.82],[-18.75,59.13],[-21.0,59.18],[-29.75,60.15],[-34.0,59.58],[-42.75,59.96],[-43.04,60.0],[-43.36,60.5],[-43.18,61.0],[-43.5,61.5],[-43.36,62.0],[-43.55,63.0],[-42.41,63.75],[-42.32,64.25],[-41.78,64.75],[-41.68,65.5],[-38.5,67.23],[-36.25,67.4],[-35.5,67.79],[-34.25,68.0],[-34.48,68.25],[-33.75,69.13],[-33.25,68.94],[-33.32,69.25],[-33.0,69.32],[-29.98,69.25],[-30.18,69.75],[-34.75,70.45],[-35.7,71.25],[-32.85,72.5],[-30.35,73.25],[-28.41,73.5],[-28.52,74.25],[-25.86,75.5],[-26.25,76.06],[-27.0,76.25],[-26.5,76.33],[-26.07,76.75],[-26.5,76.93],[-26.72,77.5],[-24.56,78.25],[-25.5,78.55],[-28.0,78.47],[-27.0,78.91],[-26.82,79.25],[-28.75,79.69],[-28.56,80.0],[-28.92,80.25],[-30.5,80.84],[-32.25,81.07],[-36.0,81.04],[-42.1,81.75],[-37.5,81.96],[-34.75,81.71],[-32.66,82.25],[-37.05,83.25],[-33.37,83.5],[-33.75,83.62],[-44.5,83.72],[-52.75,83.23],[-54.37,83.25],[-54.84,83.5],[-53.69,84.0],[-49.75,84.55],[-18.75,87.59],[-0.75,88.54],[21.75,88.97],[59.0,89.14],[91.5,88.95],[110.5,88.45],[123.78,87.5],[128.25,86.7],[131.39,85.75],[132.56,83.75],[134.55,83.0],[135.25,82.11],[136.11,81.5],[136.34,80.25],[136.95,79.5],[136.81,79.0],[135.56,78.25],[135.0,77.35],[132.76,76.5],[135.69,75.5],[138.5,75.48],[139.62,75.75],[139.84,76.25],[142.5,76.53],[158.0,76.23],[170.75,74.72],[177.5,74.51],[178.54,74.25],[180.0,73.31]]}},{"type":"Feature","properties":{"level":1008},"geometry":{"type":"LineString","coordinates":[[-56.5,64.93],[-56.19,65.0],[-56.5,64.93]]}},{"type":"Feature","properties":{"level":1008},"geometry":{"type":"LineString","coordinates":[[147.76,65.0],[148.0,64.9],[148.6,65.25],[147.75,65.76],[146.47,65.75],[147.76,65.0]]}},{"type":"Feature","properties":{"level":1008},"geometry":{"type":"LineString","coordinates":[[-180.0,65.97],[-179.25,66.38],[-178.25,66.56],[-177.75,66.4],[-177.15,67.0],[-180.0,68.46]]}},{"type":"Feature","properties":{"level":1008},"geometry":{"type":"LineString","coordinates":[[180.0,68.46],[178.0,68.84],[175.5,68.94],[174.94,68.75],[175.58,68.0],[175.26,67.25],[175.28,66.5],[174.39,65.75],[174.5,65.4],[175.75,65.29],[177.25,65.47],[178.0,65.8],[178.82,65.75],[177.75,65.11],[177.58,64.75],[177.75,64.68],[180.0,65.97]]}},{"type":"Feature","properties":{"level":1008},"geometry":{"type":"LineString","coordinates":[[-59.5,68.96],[-61.4,69.5],[-63.75,70.73],[-63.75,71.0],[-65.25,72.13],[-66.0,71.98],[-69.16,72.5],[-69.31,72.75],[-68.83,73.5],[-69.23,74.0],[-71.59,74.75],[-74.0,75.95],[-74.91,76.75],[-74.75,77.66],[-73.0,78.18],[-69.25,77.78],[-63.75,79.12],[-62.0,79.29],[-61.43,79.0],[-61.35,78.5],[-63.98,78.0],[-62.9,77.5],[-63.82,76.75],[-61.25,76.57],[-57.76,77.5],[-57.25,77.84],[-54.0,78.25],[-53.5,78.67],[-52.78,78.75],[-51.75,78.66],[-50.5,77.97],[-49.34,77.75],[-50.67,77.5],[-50.89,77.0],[-52.0,76.46],[-52.56,74.75],[-53.53,74.0],[-53.12,72.5],[-54.87,71.75],[-54.25,71.52],[-53.25,71.82],[-52.48,71.5],[-53.17,71.25],[-51.05,70.75],[-51.25,70.5],[-51.5,70.68],[-54.0,70.72],[-54.22,70.5],[-53.75,70.34],[-53.75,70.15],[-54.75,69.75],[-55.5,69.11],[-57.5,68.8],[-59.5,68.96]]}},{"type":"Feature","properties":{"level":1008},"geometry":{"type":"LineString","coordinates":[[132.94,69.75],[133.25,69.56],[133.4,69.75],[133.25,69.93],[132.94,69.75]]}},{"type":"Feature","properties":{"level":1008},"geometry":{"type":"LineString","coordinates":[[-180.0,73.31],[-177.42,72.0],[-176.0,70.71],[-173.25,70.07],[-162.5,70.53],[-161.96,70.5],[-162.0,70.22],[-161.0,70.11],[-158.0,70.24],[-154.5,71.07],[-141.25,72.29],[-135.0,73.91],[-129.25,74.47],[-127.25,74.46],[-119.0,73.43],[-116.25,72.9],[-115.85,72.5],[-113.5,71.84],[-113.0,71.33],[-109.0,70.31],[-105.92,69.0],[-103.27,66.75],[-101.14,64.25],[-100.26,62.0],[-100.14,61.0],[-101.13,58.5],[-102.05,57.0],[-102.83,54.25],[-102.15,53.5],[-102.51,53.0],[-102.02,52.5],[-102.38,51.75],[-102.18,50.0],[-102.44,49.75],[-102.0,49.0],[-101.99,48.5],[-102.44,48.0],[-102.51,47.0],[-103.75,46.07],[-104.25,46.36],[-106.75,46.79],[-107.25,47.09],[-107.75,46.75],[-108.5,46.83],[-109.25,47.41],[-109.86,47.5],[-109.27,48.0],[-109.5,48.38],[-110.5,48.0],[-112.0,48.48],[-113.78,49.5],[-115.07,51.25],[-116.25,52.26],[-118.0,52.88],[-118.81,53.75],[-118.62,54.0],[-123.5,56.02],[-124.0,55.54],[-124.75,55.57],[-125.52,56.25],[-125.02,56.5],[-126.5,57.17],[-127.25,57.0],[-130.25,57.59],[-131.0,57.39],[-131.5,57.82],[-132.25,57.48],[-133.0,57.54],[-133.25,57.07],[-134.5,56.62],[-135.28,57.0],[-139.0,54.65],[-143.5,52.62],[-150.75,50.49],[-153.5,50.06],[-158.25,49.84],[-166.25,50.3],[-168.0,50.61],[-170.5,51.25],[-171.81,52.0],[-174.39,55.5],[-175.17,57.5],[-176.0,58.25],[-177.25,60.17],[-180.0,63.16]]}},{"type":"Feature","properties":{"level":1008},"geometry":{"type":"LineString","coordinates":[[-141.0,74.46],[-140.88,74.75],[-141.15,75.0],[-142.33,75.5],[-142.75,76.16],[-143.99,77.25],[-140.0,76.87],[-138.25,76.25],[-137.87,75.75],[-138.02,75.25],[-139.0,74.67],[-140.25,74.39],[-141.0,74.46]]}},{"type":"Feature","properties":{"level":1008},"geometry":{"type":"LineString","coordinates":[[-32.81,83.0],[-31.09,83.0],[-32.81,83.0]]}},{"type":"Feature","properties":{"level":1012},"geometry":{"type":"LineString","coordinates":[[12.2,-89.75],[84.5,-89.68],[104.25,-89.41],[114.98,-89.0],[109.56,-88.25],[124.75,-87.79],[127.54,-87.5],[123.27,-87.0],[122.99,-86.75],[127.03,-86.25],[126.87,-86.0],[123.5,-85.73],[114.5,-85.77],[112.98,-85.5],[114.82,-84.75],[119.46,-83.75],[128.41,-83.0],[133.64,-82.25],[137.85,-80.25],[138.9,-80.0],[138.93,-79.75],[138.23,-79.25],[138.2,-78.75],[136.25,-78.08],[132.25,-78.22],[125.75,-77.81],[121.5,-77.95],[117.38,-77.25],[104.0,-75.83],[99.95,-75.0],[98.53,-74.5],[98.51,-74.25],[99.75,-73.77],[100.75,-73.77],[113.0,-74.8],[120.75,-74.63],[130.25,-73.72],[133.0,-73.24],[133.75,-72.56],[134.95,-72.0],[133.96,-71.75],[130.25,-71.67],[121.75,-72.38],[114.75,-71.7],[113.25,-72.29],[112.5,-72.34],[110.5,-71.94],[107.0,-70.62],[96.25,-69.73],[91.75,-70.49],[85.5,-70.79],[81.5,-71.45],[78.18,-73.0],[76.12,-75.0],[75.25,-75.49],[65.75,-75.63],[60.48,-75.25],[58.75,-74.89],[58.52,-74.75],[58.75,-74.42],[56.17,-74.25],[55.88,-73.75],[56.42,-73.25],[58.25,-71.84],[60.76,-70.5],[60.82,-70.25],[60.5,-70.15],[58.75,-69.89],[52.75,-70.92],[47.5,-72.13],[35.25,-73.93],[24.75,-74.46],[20.5,-75.44],[18.0,-75.6],[14.5,-76.29],[8.29,-78.25],[4.5,-78.76],[4.0,-79.12],[-7.0,-80.55],[-11.83,-80.75],[-16.0,-81.67],[-23.75,-82.18],[-27.75,-81.96],[-35.03,-82.5],[-38.0,-82.91],[-43.75,-84.16],[-49.0,-83.25],[-53.74,-83.5],[-54.53,-83.75],[-54.6,-84.25],[-54.35,-84.5],[-57.0,-84.84],[-61.25,-84.71],[-70.41,-85.25],[-69.0,-85.6],[-64.21,-85.75],[-64.15,-86.0],[-65.0,-86.28],[-67.34,-86.75],[-63.25,-87.5],[-44.0,-88.92],[-21.75,-89.5],[12.2,-89.75]]}},{"type":"Feature","properties":{"level":1012},"geometry":{"type":"LineString","coordinates":[[-101.86,-86.5],[-100.25,-86.57],[-97.85,-86.25],[-98.51,-85.75],[-99.25,-85.58],[-102.67,-86.25],[-101.86,-86.5]]}},{"type":"Feature","properties":{"level":1012},"geometry":{"type":"LineString","coordinates":[[-80.28,-86.0],[-75.23,-86.0],[-72.38,-85.5],[-74.33,-85.0],[-73.78,-84.5],[-72.78,-84.25],[-74.75,-83.95],[-82.75,-83.9],[-84.7,-84.5],[-84.26,-84.75],[-85.67,-85.0],[-85.0,-85.29],[-80.32,-85.5],[-79.98,-85.75],[-80.28,-86.0]]}},{"type":"Feature","properties":{"level":1012},"geometry":{"type":"LineString","coordinates":[[-83.66,-83.5],[-82.25,-83.38],[-81.16,-83.0],[-81.5,-82.6],[-83.0,-82.37],[-85.25,-82.39],[-88.03,-82.75],[-86.75,-83.08],[-84.04,-83.0],[-84.29,-83.25],[-83.66,-83.5]]}},{"type":"Feature","properties":{"level":1012},"geometry":{"type":"LineString","coordinates":[[-26.54,-80.75],[-25.06,-80.75],[-26.54,-80.75]]}},{"type":"Feature","properties":{"level":1012},"geometry":{"type":"LineString","coordinates":[[129.5,-80.26],[128.8,-80.0],[130.5,-79.5],[131.79,-79.75],[132.08,-80.0],[129.5,-80.26]]}},{"type":"Feature","properties":{"level":1012},"geometry":{"type":"LineString","coordinates":[[-180.0,-54.37],[-174.25,-55.01],[-171.25,-54.75],[-167.75,-54.04],[-163.75,-52.89],[-159.0,-51.09],[-152.25,-48.91],[-150.0,-47.78],[-147.86,-46.25],[-146.37,-44.25],[-144.82,-41.25],[-142.75,-38.25],[-142.37,-37.0],[-140.5,-36.43],[-137.25,-36.23],[-134.0,-36.6],[-131.0,-37.18],[-118.23,-41.75],[-113.25,-43.26],[-108.25,-44.02],[-104.5,-44.06],[-100.75,-44.97],[-97.0,-46.62],[-89.0,-50.75],[-86.75,-51.49],[-82.25,-54.24],[-79.75,-56.7],[-77.46,-57.75],[-78.38,-61.0],[-78.52,-63.75],[-77.72,-67.0],[-75.52,-69.75],[-74.4,-70.25],[-74.37,-70.5],[-73.25,-71.46],[-69.21,-72.0],[-68.97,-72.25],[-69.17,-72.5],[-71.15,-73.5],[-70.5,-73.88],[-68.5,-74.08],[-66.75,-73.61],[-65.0,-73.72],[-64.48,-73.25],[-64.93,-73.0],[-63.68,-72.25],[-63.24,-71.25],[-64.14,-70.25],[-63.98,-70.0],[-64.32,-69.25],[-65.73,-68.5],[-65.87,-68.0],[-65.52,-67.0],[-63.0,-65.79],[-61.88,-65.0],[-58.75,-63.97],[-57.0,-64.06],[-56.32,-64.5],[-55.73,-65.5],[-53.5,-66.19],[-49.5,-66.36],[-46.0,-65.71],[-44.14,-64.75],[-43.06,-63.25],[-42.92,-62.75],[-43.11,-62.25],[-42.88,-61.75],[-43.29,-61.25],[-43.6,-60.25],[-42.63,-58.5],[-42.95,-58.0],[-44.75,-57.47],[-49.25,-56.97],[-59.0,-56.47],[-64.25,-55.5],[-65.59,-54.75],[-66.39,-53.75],[-66.83,-52.25],[-66.62,-49.75],[-65.68,-48.0],[-65.75,-47.77],[-66.25,-47.99],[-66.5,-47.85],[-66.61,-47.25],[-65.5,-46.77],[-64.77,-46.0],[-64.75,-44.16],[-65.31,-43.75],[-67.0,-43.66],[-68.75,-44.06],[-69.25,-44.44],[-69.61,-44.25],[-69.0,-43.63],[-68.0,-43.36],[-67.66,-42.75],[-68.85,-41.75],[-67.7,-41.25],[-66.99,-40.5],[-67.96,-40.25],[-67.75,-40.14],[-66.8,-40.0],[-66.75,-40.3],[-65.25,-39.85],[-63.75,-40.29],[-62.5,-40.18],[-62.25,-40.8],[-64.0,-40.61],[-65.0,-40.94],[-65.0,-41.2],[-64.75,-41.62],[-63.75,-41.98],[-62.0,-42.12],[-57.5,-40.92],[-50.0,-41.26],[-39.14,-38.0],[-38.44,-37.25],[-37.15,-37.0],[-35.25,-35.16],[-34.5,-35.28],[-32.9,-36.5],[-31.75,-37.85],[-30.92,-38.25],[-31.06,-38.5],[-29.11,-40.5],[-28.67,-41.75],[-28.85,-44.0],[-29.39,-45.25],[-32.79,-49.0],[-33.46,-50.25],[-33.0,-51.34],[-31.54,-51.75],[-30.5,-51.69],[-18.5,-48.38],[-5.5,-45.12],[8.0,-42.31],[10.5,-41.03],[12.02,-38.5],[13.75,-36.82],[14.47,-36.5],[14.99,-35.25],[16.0,-34.38],[16.0,-33.86],[17.75,-33.64],[18.82,-33.75],[18.79,-33.25],[19.12,-33.0],[18.34,-32.5],[18.61,-31.75],[19.18,-31.5],[19.33,-30.75],[17.96,-30.0],[17.85,-29.25],[17.15,-28.5],[16.75,-26.34],[15.69,-26.5],[16.64,-26.0],[15.75,-25.22],[15.23,-25.25],[15.25,-24.81],[15.75,-24.33],[16.25,-25.05],[16.5,-25.19],[16.58,-25.0],[16.25,-24.06],[15.75,-24.24],[15.16,-23.75],[16.04,-23.0],[15.66,-22.5],[15.83,-22.0],[15.39,-21.5],[15.58,-21.0],[14.51,-21.0],[15.21,-20.25],[14.25,-20.31],[14.19,-19.75],[13.88,-19.5],[14.0,-18.5],[12.98,-18.25],[13.07,-17.5],[12.59,-17.25],[14.25,-15.51],[13.75,-15.06],[13.75,-14.56],[13.25,-14.68],[13.02,-14.5],[13.75,-13.87],[14.25,-14.13],[15.16,-13.25],[15.25,-12.75],[15.75,-12.66],[16.0,-12.9],[17.22,-11.75],[17.25,-10.92],[17.0,-11.11],[16.5,-10.99],[16.39,-10.25],[15.81,-9.75],[16.75,-9.87],[17.0,-10.68],[17.84,-10.5],[16.36,-8.5],[16.13,-7.5],[16.53,-6.5],[15.83,-6.0],[15.75,-5.38],[14.55,-6.25],[14.88,-6.75],[14.82,-7.75],[14.59,-8.0],[15.0,-8.22],[15.31,-9.0],[15.81,-9.25],[15.25,-9.8],[14.7,-8.5],[14.03,-7.75],[13.52,-7.75],[13.0,-6.99],[12.75,-7.14],[11.75,-6.32],[11.04,-5.25],[11.05,-4.75],[12.0,-3.98],[11.84,-3.0],[12.0,-2.61],[13.5,-3.38],[15.15,-2.5],[14.5,-2.07],[14.25,-1.28],[14.0,-1.25],[13.75,-1.76],[13.25,-1.81],[12.75,-1.64],[12.22,-0.75],[12.18,-0.5],[12.75,0.18],[13.17,0.0],[13.25,-0.32],[13.75,-0.24],[14.5,1.0],[14.5,1.53],[14.25,1.1],[13.99,1.5],[13.98,1.75],[14.25,1.66],[14.41,2.0],[13.75,3.65],[11.07,4.0],[10.0,3.1],[9.25,1.52],[8.75,1.81],[8.25,1.65],[8.25,1.07],[8.0,1.28],[7.5,1.1],[7.0,1.52],[5.5,1.76],[4.5,2.66],[3.75,2.48],[2.5,3.86],[1.75,4.09],[1.25,3.67],[0.5,3.58],[0.0,2.75],[-1.25,2.84],[-2.25,3.45],[-2.75,2.89],[-6.0,3.0],[-6.75,2.52],[-7.75,2.5],[-8.5,1.5],[-8.25,0.4],[-7.62,-0.25],[-7.68,-1.25],[-8.5,-1.88],[-9.0,-1.77],[-9.5,-2.59],[-10.5,-2.93],[-11.75,-2.78],[-11.51,-1.5],[-11.09,-1.0],[-11.58,-0.5],[-11.58,0.5],[-10.75,0.36],[-10.5,0.74],[-10.0,0.85],[-9.58,1.25],[-10.0,1.61],[-11.25,1.76],[-11.75,1.25],[-11.75,0.96],[-12.25,1.18],[-12.75,0.94],[-13.61,1.25],[-12.25,1.44],[-11.98,1.75],[-13.35,3.5],[-14.25,4.04],[-13.84,5.25],[-14.13,6.25],[-14.0,6.53],[-13.5,6.68],[-13.22,7.25],[-13.75,8.21],[-14.2,8.5],[-14.06,9.25],[-15.0,9.92],[-15.03,10.5],[-14.5,10.96],[-14.37,10.5],[-13.75,10.3],[-13.59,9.75],[-13.0,9.52],[-13.05,10.5],[-12.75,10.88],[-12.25,10.19],[-11.75,10.3],[-11.25,10.09],[-10.85,10.75],[-10.5,10.84],[-10.19,10.5],[-10.12,9.75],[-11.28,9.25],[-10.75,8.74],[-10.43,8.75],[-10.25,7.91],[-8.75,8.04],[-7.75,8.62],[-7.52,10.75],[-8.5,12.1],[-9.0,13.39],[-9.75,13.73],[-10.05,13.5],[-9.95,14.0],[-10.28,14.75],[-10.13,15.25],[-10.72,15.5],[-9.84,16.75],[-9.82,17.75],[-9.55,18.5],[-8.52,19.0],[-8.36,19.75],[-7.83,20.25],[-7.7,21.0],[-7.61,22.5],[-8.24,23.25],[-8.25,23.63],[-8.86,24.0],[-8.83,24.75],[-9.29,25.5],[-9.0,25.87],[-7.98,25.0],[-8.2,24.75],[-8.0,24.48],[-6.84,24.75],[-7.16,25.0],[-6.0,24.7],[-4.0,25.05],[-3.48,24.5],[-1.25,24.16],[-0.21,24.5],[-0.33,25.75],[0.0,26.11],[0.5,25.95],[1.0,26.33],[1.75,26.32],[2.88,25.75],[3.22,25.25],[3.19,25.0],[2.72,24.75],[2.07,22.75],[2.22,21.75],[1.74,20.0],[2.0,19.31],[2.5,19.14],[3.25,19.55],[4.75,19.87],[6.5,19.98],[7.5,19.76],[8.5,18.75],[8.5,17.63],[9.25,17.36],[10.0,18.38],[11.5,19.65],[13.0,19.53],[16.0,21.17],[16.14,20.5],[15.92,20.0],[16.5,19.47],[16.8,19.5],[16.52,18.75],[16.75,18.51],[17.75,18.56],[19.0,18.18],[21.25,18.46],[21.75,18.81],[22.02,18.75],[22.0,18.49],[22.5,18.59],[24.0,18.25],[25.25,18.73],[27.25,18.44],[28.25,19.75],[29.51,20.5],[31.25,22.01],[31.56,22.0],[31.75,22.68],[33.0,23.84],[33.4,23.5],[33.37,23.25],[34.75,22.43],[35.19,21.75],[34.95,21.5],[35.0,20.85],[35.5,21.54],[35.75,21.33],[36.54,21.75],[36.25,22.37],[35.25,23.18],[34.75,23.47],[34.25,23.22],[33.75,23.5],[34.25,24.08],[34.68,24.0],[34.75,23.54],[35.25,23.37],[35.42,23.75],[35.5,24.5],[34.97,26.25],[35.09,27.25],[34.79,28.0],[35.0,28.36],[35.75,27.48],[36.68,27.0],[37.5,25.83],[37.93,26.0],[38.0,26.55],[38.75,26.06],[39.5,26.0],[38.91,25.25],[39.5,25.1],[39.5,24.75],[40.25,24.58],[40.5,24.3],[40.25,24.08],[40.0,24.39],[39.5,24.23],[38.75,25.13],[38.5,25.0],[39.58,23.25],[40.04,20.75],[41.29,19.5],[41.68,18.25],[43.0,17.08],[43.68,13.0],[44.09,12.5],[44.01,11.75],[45.5,11.7],[47.0,12.32],[48.23,12.0],[48.39,11.5],[48.27,11.25],[47.5,11.21],[46.75,10.65],[46.0,10.71],[45.26,10.25],[44.25,10.2],[43.39,10.75],[42.98,11.75],[43.39,12.25],[43.0,12.48],[42.43,11.75],[42.62,11.5],[42.38,11.0],[41.97,10.75],[42.47,10.25],[42.45,10.0],[39.88,9.0],[40.23,10.75],[39.97,12.25],[40.05,14.25],[39.83,15.0],[39.06,15.75],[38.67,17.0],[38.0,17.81],[37.92,17.25],[38.17,17.0],[37.95,16.25],[38.53,15.5],[38.12,14.25],[38.39,13.75],[37.75,13.34],[37.25,13.64],[37.54,13.0],[37.0,12.7],[36.5,11.55],[36.2,11.5],[36.25,10.93],[35.56,10.75],[36.14,9.5],[34.75,10.25],[34.39,9.5],[34.66,8.5],[34.99,8.25],[34.92,6.75],[35.41,6.5],[35.5,6.03],[36.25,6.72],[36.67,6.75],[36.4,6.5],[36.42,6.0],[36.75,5.51],[37.04,5.75],[36.95,4.25],[37.62,4.0],[37.65,3.25],[38.14,3.0],[37.7,2.25],[37.75,1.75],[37.0,2.43],[36.75,2.08],[36.0,-0.03],[35.5,1.5],[34.5,1.46],[34.31,1.25],[34.28,1.0],[35.25,0.0],[34.64,-1.0],[35.25,-1.41],[35.1,-1.75],[35.34,-3.0],[34.92,-3.25],[34.98,-3.5],[35.45,-3.5],[34.91,-4.25],[34.51,-6.0],[34.75,-6.24],[35.25,-5.35],[35.5,-5.43],[35.59,-6.0],[35.5,-6.54],[35.25,-6.64],[34.82,-6.25],[34.95,-6.75],[34.32,-7.5],[33.75,-7.37],[33.3,-7.75],[33.35,-8.75],[32.78,-9.25],[33.26,-9.75],[33.51,-11.0],[32.77,-12.75],[32.91,-13.25],[32.57,-13.75],[33.5,-15.08],[34.5,-15.75],[35.25,-14.46],[35.34,-15.0],[34.86,-16.0],[35.24,-16.5],[34.75,-16.81],[34.42,-16.75],[34.49,-16.5],[34.25,-16.43],[33.25,-16.83],[32.25,-16.33],[31.5,-16.67],[31.0,-16.58],[30.5,-17.12],[29.75,-16.53],[28.75,-17.1],[28.5,-16.77],[28.17,-16.75],[28.48,-16.0],[28.25,-15.77],[27.75,-16.15],[27.25,-15.97],[27.28,-16.25],[25.23,-18.0],[25.11,-18.75],[24.46,-19.75],[24.71,-21.25],[24.27,-21.75],[23.5,-21.83],[22.75,-22.36],[22.71,-23.0],[21.84,-24.0],[22.39,-24.5],[22.5,-25.21],[22.78,-25.25],[22.35,-25.5],[22.28,-27.25],[22.51,-28.25],[22.35,-28.5],[22.75,-29.49],[23.0,-29.47],[23.35,-30.0],[23.51,-31.25],[23.28,-31.5],[23.75,-31.67],[24.0,-32.11],[24.5,-31.95],[25.25,-32.36],[25.44,-32.25],[25.16,-31.75],[25.5,-31.47],[26.25,-32.45],[27.25,-32.66],[27.75,-32.14],[28.0,-32.33],[29.0,-32.18],[29.25,-31.92],[29.25,-32.31],[28.86,-32.75],[28.8,-34.0],[29.0,-34.47],[29.1,-37.5],[29.82,-40.0],[30.57,-41.5],[31.82,-43.5],[36.22,-48.25],[40.5,-51.32],[46.25,-53.8],[51.25,-55.01],[59.0,-55.54],[66.25,-55.39],[70.5,-54.97],[73.05,-53.5],[73.5,-52.81],[77.25,-49.83],[81.38,-45.5],[84.77,-42.75],[85.37,-42.5],[85.61,-42.0],[86.28,-41.75],[87.66,-40.0],[87.93,-38.25],[90.5,-37.89],[96.0,-38.43],[101.5,-39.67],[104.0,-40.71],[112.91,-45.25],[117.0,-47.05],[119.5,-47.74],[121.5,-47.65],[124.0,-46.94],[130.75,-43.99],[139.16,-41.0],[141.75,-39.76],[147.25,-40.94],[148.25,-40.72],[150.75,-41.06],[154.0,-42.16],[156.43,-44.0],[157.5,-45.26],[158.75,-46.05],[159.75,-46.39],[163.0,-46.77],[165.5,-47.73],[168.3,-50.5],[171.0,-52.33],[175.5,-53.73],[180.0,-54.37]]}},{"type":"Feature","properties":{"level":1012},"geometry":{"type":"LineString","coordinates":[[-68.0,-54.27],[-67.66,-54.0],[-67.64,-54.25],[-68.0,-54.27]]}},{"type":"Feature","properties":{"level":1012},"geometry":{"type":"LineString","coordinates":[[-71.75,-53.54],[-71.72,-53.25],[-71.16,-53.25],[-71.25,-53.54],[-71.75,-53.54]]}},{"type":"Feature","properties":{"level":1012},"geometry":{"type":"LineString","coordinates":[[-71.5,-48.32],[-71.78,-48.0],[-71.25,-47.75],[-72.0,-47.46],[-70.53,-46.75],[-70.58,-46.5],[-71.18,-46.25],[-71.19,-45.75],[-70.8,-45.5],[-70.99,-44.75],[-69.75,-44.41],[-69.87,-45.0],[-70.3,-45.5],[-70.29,-46.0],[-70.09,-46.75],[-69.58,-47.0],[-69.75,-47.26],[-70.5,-47.04],[-71.23,-47.75],[-70.7,-48.0],[-71.5,-48.32]]}},{"type":"Feature","properties":{"level":1012},"geometry":{"type":"LineString","coordinates":[[-68.58,-43.75],[-68.17,-43.75],[-68.25,-43.59],[-68.58,-43.75]]}},{"type":"Feature","properties":{"level":1012},"geometry":{"type":"LineString","coordinates":[[-85.0,-42.02],[-87.75,-41.16],[-89.0,-40.31],[-90.0,-39.26],[-90.55,-38.25],[-90.93,-36.75],[-90.75,-34.5],[-90.0,-33.78],[-88.25,-32.84],[-83.91,-31.5],[-81.25,-30.34],[-81.25,-29.97],[-79.75,-30.08],[-77.5,-31.38],[-76.71,-32.5],[-75.75,-34.78],[-75.29,-36.75],[-75.3,-37.5],[-75.77,-38.75],[-76.93,-40.5],[-79.75,-41.85],[-82.5,-42.23],[-85.0,-42.02]]}},{"type":"Feature","properties":{"level":1012},"geometry":{"type":"LineString","coordinates":[[-70.0,-39.53],[-70.65,-38.0],[-70.46,-37.25],[-69.93,-36.5],[-69.85,-35.0],[-69.25,-34.0],[-69.38,-33.25],[-69.19,-33.0],[-69.56,-32.5],[-69.78,-30.75],[-69.25,-28.78],[-69.0,-28.76],[-68.09,-27.0],[-68.18,-25.75],[-67.92,-25.5],[-68.17,-24.75],[-67.33,-24.0],[-67.28,-22.75],[-67.75,-21.69],[-68.25,-21.29],[-68.9,-18.0],[-69.5,-17.54],[-69.55,-17.0],[-70.25,-16.24],[-70.81,-16.0],[-70.82,-15.25],[-71.25,-15.21],[-71.5,-15.49],[-72.5,-14.56],[-74.25,-14.54],[-74.82,-13.75],[-74.61,-13.25],[-75.75,-12.48],[-77.5,-9.66],[-77.39,-9.0],[-77.75,-8.02],[-78.4,-7.5],[-78.0,-6.61],[-76.86,-9.5],[-76.5,-9.96],[-76.25,-9.82],[-75.83,-11.25],[-75.0,-12.1],[-74.47,-11.75],[-75.0,-11.11],[-75.25,-11.39],[-75.34,-11.25],[-75.3,-10.5],[-75.75,-9.47],[-76.0,-9.66],[-76.29,-9.25],[-77.51,-6.75],[-77.56,-6.5],[-77.19,-6.25],[-77.5,-5.82],[-78.25,-5.46],[-78.36,-6.25],[-78.75,-6.16],[-79.12,-6.5],[-79.0,-4.07],[-79.5,-4.58],[-80.0,-4.68],[-80.09,-5.0],[-79.75,-5.27],[-79.59,-6.25],[-78.82,-7.5],[-78.85,-8.0],[-78.33,-8.75],[-78.25,-9.6],[-78.75,-9.08],[-80.25,-8.67],[-81.33,-8.0],[-82.76,-6.0],[-83.5,-5.4],[-85.75,-4.07],[-87.11,-4.0],[-87.57,-3.5],[-87.76,-2.5],[-88.25,-2.26],[-88.75,-2.45],[-89.0,-2.3],[-89.5,-1.47],[-91.25,-0.87],[-91.5,-1.38],[-93.25,-1.18],[-95.75,-1.8],[-96.38,-1.25],[-96.47,-1.0],[-96.19,-0.5],[-96.5,-0.14],[-98.25,-0.18],[-100.0,-0.86],[-101.5,-0.53],[-101.68,0.0],[-102.25,0.27],[-103.0,0.28],[-103.24,0.5],[-103.07,1.0],[-103.33,1.25],[-102.14,1.5],[-102.52,1.75],[-102.15,2.0],[-102.15,2.5],[-105.75,3.76],[-106.19,4.25],[-105.43,4.75],[-106.75,4.97],[-107.25,5.35],[-107.81,6.0],[-107.23,6.25],[-107.44,7.0],[-108.5,7.45],[-108.75,7.82],[-109.71,8.0],[-109.75,8.51],[-110.5,8.42],[-111.39,8.75],[-111.75,8.59],[-112.25,8.76],[-113.75,7.98],[-114.5,8.84],[-115.0,8.21],[-115.75,8.0],[-116.5,8.71],[-117.44,8.5],[-118.25,8.78],[-118.75,8.64],[-120.75,8.99],[-121.49,9.5],[-121.52,10.0],[-122.75,10.68],[-122.92,11.5],[-122.5,12.02],[-123.0,12.96],[-124.0,13.95],[-124.81,15.5],[-124.88,16.0],[-124.49,17.0],[-124.77,18.25],[-124.25,19.08],[-123.54,22.75],[-122.23,25.5],[-122.16,26.25],[-120.33,29.5],[-119.89,31.0],[-120.23,33.75],[-120.58,34.5],[-120.5,35.13],[-119.75,34.38],[-117.23,34.0],[-115.72,30.75],[-115.1,29.75],[-114.25,29.11],[-113.75,29.01],[-113.57,29.25],[-114.64,30.0],[-116.0,33.03],[-116.0,33.5],[-115.0,33.04],[-114.5,33.76],[-114.69,33.25],[-114.25,32.9],[-112.99,33.0],[-113.5,32.41],[-114.12,32.25],[-113.25,31.14],[-112.75,31.09],[-112.48,30.75],[-112.71,30.0],[-110.75,29.2],[-110.0,28.44],[-109.5,28.65],[-108.75,27.16],[-108.25,26.95],[-108.08,26.25],[-107.25,26.01],[-107.2,25.5],[-106.29,24.75],[-106.42,24.25],[-106.0,24.0],[-105.88,23.5],[-105.1,23.0],[-104.75,22.16],[-104.48,22.5],[-104.21,22.0],[-104.25,21.39],[-104.0,21.1],[-103.37,21.0],[-103.75,20.48],[-104.25,21.05],[-104.23,20.75],[-104.75,20.8],[-105.13,20.5],[-104.25,19.39],[-103.4,19.25],[-103.18,19.0],[-103.44,18.75],[-103.25,18.36],[-102.34,18.5],[-102.95,19.0],[-102.97,19.5],[-102.75,19.56],[-102.5,19.24],[-102.0,19.22],[-101.25,18.76],[-100.75,18.92],[-100.25,18.23],[-100.75,18.16],[-101.25,18.44],[-101.54,18.0],[-100.75,17.41],[-100.0,17.16],[-99.25,17.28],[-98.75,16.95],[-98.0,16.99],[-97.33,16.5],[-97.4,16.25],[-96.5,15.85],[-94.75,16.72],[-94.0,16.44],[-91.75,14.62],[-90.25,14.17],[-90.0,14.16],[-89.85,14.5],[-90.0,14.97],[-90.5,14.86],[-90.75,15.25],[-90.5,15.48],[-90.0,15.02],[-89.88,15.25],[-90.08,15.5],[-90.75,15.58],[-91.57,16.25],[-92.25,17.49],[-93.5,17.57],[-93.99,18.0],[-94.1,19.0],[-93.6,19.75],[-93.61,20.25],[-93.25,20.59],[-92.25,20.44],[-92.0,20.69],[-91.25,20.71],[-90.25,21.55],[-88.5,21.87],[-86.93,21.5],[-87.06,20.75],[-87.51,20.25],[-87.5,19.7],[-86.0,19.97],[-84.5,19.87],[-82.5,18.53],[-81.0,19.12],[-80.0,18.84],[-79.12,18.25],[-78.5,18.21],[-78.25,18.43],[-77.5,17.79],[-76.75,18.18],[-76.25,17.79],[-75.75,18.31],[-71.77,18.0],[-70.5,17.3],[-69.0,17.25],[-68.0,16.21],[-66.5,16.98],[-65.5,16.48],[-65.0,16.6],[-64.5,16.35],[-63.5,16.67],[-62.25,16.65],[-61.78,16.5],[-61.75,16.14],[-61.5,16.37],[-61.0,15.95],[-60.0,16.23],[-58.75,16.1],[-57.0,14.99],[-55.0,14.39],[-53.75,14.53],[-52.75,13.85],[-51.25,14.08],[-50.5,13.71],[-49.25,13.69],[-49.0,13.44],[-48.5,13.68],[-47.0,12.95],[-46.0,12.78],[-45.25,12.94],[-44.5,12.7],[-43.0,12.97],[-42.25,12.48],[-39.25,12.81],[-38.5,12.42],[-37.81,12.5],[-37.75,12.82],[-37.5,12.69],[-34.75,13.42],[-33.5,14.44],[-31.75,15.07],[-30.25,15.02],[-30.0,14.75],[-28.25,15.04],[-28.0,14.74],[-27.0,14.75],[-27.0,14.4],[-26.75,14.32],[-26.0,14.93],[-25.25,15.04],[-24.25,14.55],[-24.03,14.75],[-24.0,15.59],[-22.25,15.44],[-21.25,15.66],[-20.5,16.11],[-19.83,17.5],[-19.0,18.56],[-17.3,19.75],[-16.55,20.75],[-16.5,21.43],[-15.75,21.83],[-15.49,21.75],[-15.94,20.75],[-15.75,20.03],[-14.25,19.34],[-13.43,18.5],[-12.5,18.24],[-12.25,18.38],[-12.17,17.5],[-11.75,17.02],[-11.15,17.25],[-11.17,15.75],[-11.82,15.0],[-11.5,14.61],[-11.0,14.73],[-10.95,14.25],[-10.2,13.0],[-11.0,12.21],[-11.73,12.5],[-11.68,13.25],[-11.5,13.33],[-11.43,13.0],[-10.92,12.75],[-10.91,13.5],[-11.5,14.43],[-11.75,14.49],[-11.93,14.0],[-11.75,13.32],[-12.0,13.59],[-12.5,13.19],[-13.0,13.16],[-14.25,13.8],[-15.5,13.85],[-16.25,13.32],[-16.1,12.25],[-15.22,11.5],[-15.08,10.75],[-15.25,10.64],[-15.75,11.3],[-16.25,11.18],[-16.75,11.74],[-17.0,11.67],[-17.0,12.32],[-17.75,12.7],[-18.75,11.89],[-19.5,11.88],[-20.25,12.3],[-20.75,12.22],[-20.75,12.53],[-21.0,12.61],[-22.5,12.91],[-23.0,12.23],[-24.0,12.31],[-24.26,12.0],[-23.72,11.75],[-24.5,10.94],[-25.0,10.88],[-25.37,10.25],[-27.0,9.4],[-28.0,9.31],[-29.0,8.44],[-29.75,8.46],[-30.75,7.88],[-30.99,7.5],[-30.75,7.31],[-29.25,7.48],[-28.57,7.0],[-28.5,6.46],[-29.55,5.75],[-29.46,4.75],[-29.98,4.25],[-30.31,3.0],[-30.79,2.5],[-30.5,1.73],[-29.98,1.75],[-29.77,1.0],[-29.18,0.25],[-29.0,-0.61],[-28.6,-1.0],[-29.0,-1.34],[-29.75,-0.96],[-30.25,-1.51],[-30.5,-1.14],[-31.05,-1.5],[-31.07,-2.0],[-32.5,-2.78],[-33.5,-2.84],[-34.0,-2.63],[-34.5,-3.1],[-35.0,-2.54],[-35.82,-3.5],[-35.75,-3.91],[-36.29,-3.5],[-35.75,-2.89],[-36.75,-2.81],[-37.0,-2.46],[-37.75,-2.17],[-38.5,-3.58],[-37.5,-3.5],[-36.75,-4.05],[-35.65,-5.25],[-35.66,-6.25],[-36.25,-6.68],[-36.04,-7.5],[-36.84,-8.25],[-37.1,-10.0],[-38.25,-10.72],[-38.5,-11.36],[-39.64,-11.25],[-38.83,-11.75],[-38.81,-12.0],[-40.33,-13.0],[-40.59,-13.5],[-40.46,-14.0],[-41.77,-15.75],[-41.52,-16.5],[-42.0,-17.15],[-42.75,-17.65],[-43.75,-17.52],[-44.0,-17.72],[-44.25,-17.39],[-44.7,-17.5],[-44.75,-17.78],[-45.62,-17.0],[-45.71,-16.5],[-46.0,-16.47],[-46.5,-15.53],[-46.76,-15.5],[-46.5,-15.25],[-46.75,-15.09],[-47.25,-15.28],[-47.75,-14.54],[-48.5,-14.7],[-49.5,-14.31],[-50.1,-14.75],[-50.36,-16.25],[-49.79,-16.75],[-49.38,-18.0],[-48.49,-18.25],[-48.49,-19.0],[-47.1,-20.25],[-46.9,-20.75],[-47.06,-21.0],[-46.67,-21.25],[-46.9,-21.75],[-46.67,-22.25],[-46.79,-22.75],[-46.57,-23.0],[-47.5,-23.52],[-48.75,-23.37],[-49.5,-23.87],[-50.25,-23.87],[-50.5,-23.59],[-50.75,-24.27],[-51.02,-24.0],[-52.25,-25.46],[-52.41,-25.25],[-52.16,-24.75],[-52.5,-24.82],[-53.0,-24.53],[-53.5,-24.69],[-53.69,-25.0],[-53.5,-25.2],[-52.5,-25.64],[-52.5,-26.33],[-51.92,-27.25],[-52.5,-27.28],[-52.66,-27.5],[-53.12,-28.5],[-52.88,-29.25],[-53.24,-29.75],[-55.75,-30.4],[-56.5,-30.39],[-57.0,-30.69],[-57.5,-30.5],[-59.16,-31.0],[-60.25,-31.65],[-61.05,-31.5],[-62.25,-32.23],[-62.75,-32.28],[-63.42,-33.0],[-62.94,-33.25],[-63.15,-33.5],[-64.75,-34.58],[-65.05,-35.75],[-66.06,-36.25],[-66.5,-36.75],[-67.5,-36.65],[-68.25,-37.22],[-68.5,-37.92],[-69.0,-37.65],[-69.14,-38.5],[-69.58,-38.25],[-69.68,-39.0],[-69.38,-39.25],[-70.0,-39.53]]}},{"type":"Feature","properties":{"level":1012},"geometry":{"type":"LineString","coordinates":[[22.37,-32.0],[23.24,-31.5],[23.05,-31.0],[22.75,-31.02],[22.5,-30.7],[21.89,-31.0],[22.37,-32.0]]}},{"type":"Feature","properties":{"level":1012},"geometry":{"type":"LineString","coordinates":[[75.75,-29.26],[75.0,-29.01],[74.98,-28.75],[75.5,-28.57],[75.9,-29.0],[75.75,-29.26]]}},{"type":"Feature","properties":{"level":1012},"geometry":{"type":"LineString","coordinates":[[-70.25,-26.68],[-70.34,-26.0],[-70.01,-25.5],[-70.27,-24.75],[-70.02,-24.5],[-70.28,-24.0],[-69.89,-21.75],[-70.15,-19.0],[-70.0,-18.66],[-69.25,-20.44],[-69.04,-22.5],[-69.2,-23.25],[-69.0,-23.64],[-68.25,-22.75],[-68.02,-23.25],[-68.25,-23.86],[-68.75,-23.67],[-69.25,-23.98],[-69.5,-24.73],[-69.85,-25.0],[-69.5,-25.5],[-70.0,-26.69],[-70.25,-26.68]]}},{"type":"Feature","properties":{"level":1012},"geometry":{"type":"LineString","coordinates":[[115.25,-24.51],[114.82,-24.0],[114.93,-23.5],[115.75,-22.9],[116.19,-23.75],[116.19,-24.25],[116.48,-24.5],[116.25,-24.74],[115.25,-24.51]]}},{"type":"Feature","properties":{"level":1012},"geometry":{"type":"LineString","coordinates":[[124.5,-20.62],[123.83,-20.25],[123.75,-19.97],[123.5,-20.4],[123.23,-19.75],[123.5,-19.75],[123.56,-19.0],[122.92,-18.0],[122.97,-17.75],[122.5,-17.33],[122.0,-17.31],[121.61,-17.75],[121.75,-18.15],[122.25,-18.43],[122.0,-18.97],[121.75,-18.73],[121.25,-19.02],[121.0,-18.88],[120.72,-18.0],[121.09,-17.5],[121.33,-16.5],[121.15,-16.0],[121.34,-15.0],[121.75,-14.52],[122.9,-15.5],[123.0,-16.75],[123.25,-17.25],[123.5,-17.35],[124.0,-16.7],[124.25,-16.69],[125.5,-17.45],[126.25,-17.06],[127.25,-17.82],[128.07,-17.25],[127.93,-16.5],[127.5,-15.89],[127.0,-16.27],[126.5,-15.69],[126.25,-14.99],[126.75,-14.75],[126.5,-14.47],[126.0,-14.64],[125.25,-14.31],[124.62,-13.0],[124.54,-12.75],[124.87,-12.5],[125.5,-13.27],[125.75,-13.19],[125.8,-13.0],[125.45,-12.75],[126.25,-11.23],[127.5,-12.0],[127.69,-12.75],[128.6,-14.25],[129.58,-14.75],[130.5,-15.8],[131.42,-16.0],[131.6,-17.0],[132.09,-17.75],[131.81,-18.0],[132.33,-19.0],[131.75,-19.58],[131.5,-19.18],[131.23,-19.25],[131.67,-20.0],[131.5,-20.16],[130.4,-19.5],[130.18,-18.75],[130.34,-18.5],[130.0,-18.42],[129.75,-18.62],[129.75,-19.0],[129.25,-19.13],[129.0,-18.96],[128.75,-19.19],[128.98,-19.75],[127.5,-20.19],[126.95,-20.0],[126.0,-20.61],[125.0,-20.32],[124.5,-20.62]]}},{"type":"Feature","properties":{"level":1012},"geometry":{"type":"LineString","coordinates":[[132.75,-18.61],[132.75,-18.45],[132.75,-18.61]]}},{"type":"Feature","properties":{"level":1012},"geometry":{"type":"LineString","coordinates":[[-42.0,-18.46],[-42.39,-18.0],[-42.04,-18.0],[-42.0,-18.46]]}},{"type":"Feature","properties":{"level":1012},"geometry":{"type":"LineString","coordinates":[[132.25,-18.32],[132.46,-18.25],[132.25,-18.32]]}},{"type":"Feature","properties":{"level":1012},"geometry":{"type":"LineString","coordinates":[[-70.75,-17.78],[-71.46,-17.0],[-71.0,-16.71],[-71.08,-17.0],[-70.5,-17.5],[-70.75,-17.78]]}},{"type":"Feature","properties":{"level":1012},"geometry":{"type":"LineString","coordinates":[[123.87,-17.75],[124.2,-17.75],[124.0,-17.52],[123.87,-17.75]]}},{"type":"Feature","properties":{"level":1012},"geometry":{"type":"LineString","coordinates":[[-72.0,-16.85],[-73.75,-15.86],[-74.0,-15.28],[-75.25,-15.11],[-76.1,-14.25],[-76.15,-13.75],[-75.75,-13.79],[-74.5,-15.15],[-73.5,-14.88],[-73.06,-15.25],[-72.75,-15.98],[-71.51,-16.5],[-71.75,-16.88],[-72.0,-16.85]]}},{"type":"Feature","properties":{"level":1012},"geometry":{"type":"LineString","coordinates":[[-69.3,-16.25],[-68.75,-16.07],[-67.95,-16.25],[-68.25,-15.71],[-68.75,-15.97],[-69.25,-15.77],[-69.3,-16.25]]}},{"type":"Feature","properties":{"level":1012},"geometry":{"type":"LineString","coordinates":[[-69.29,-15.25],[-68.91,-15.0],[-69.44,-14.0],[-71.5,-13.11],[-72.29,-12.25],[-72.02,-12.75],[-72.37,-13.0],[-72.25,-13.15],[-71.36,-13.5],[-71.0,-14.14],[-70.5,-13.9],[-70.0,-14.09],[-69.29,-15.25]]}},{"type":"Feature","properties":{"level":1012},"geometry":{"type":"LineString","coordinates":[[126.95,-15.0],[127.1,-15.0],[126.95,-15.0]]}},{"type":"Feature","properties":{"level":1012},"geometry":{"type":"LineString","coordinates":[[29.45,-14.25],[29.75,-14.31],[30.5,-13.51],[31.0,-13.37],[31.66,-11.75],[32.03,-11.5],[32.0,-11.14],[31.23,-11.5],[31.28,-12.0],[30.63,-12.75],[29.66,-13.0],[29.5,-13.63],[28.93,-13.0],[28.91,-13.5],[29.45,-14.25]]}},{"type":"Feature","properties":{"level":1012},"geometry":{"type":"LineString","coordinates":[[34.75,-14.45],[34.75,-13.3],[35.15,-14.25],[34.75,-14.45]]}},{"type":"Feature","properties":{"level":1012},"geometry":{"type":"LineString","coordinates":[[-41.71,-13.5],[-41.25,-13.74],[-41.11,-13.0],[-41.5,-12.5],[-42.0,-12.48],[-42.0,-13.33],[-41.71,-13.5]]}},{"type":"Feature","properties":{"level":1012},"geometry":{"type":"LineString","coordinates":[[34.5,-13.23],[34.19,-12.25],[34.4,-11.0],[33.75,-10.04],[33.75,-9.45],[34.51,-10.0],[34.67,-10.5],[34.56,-11.0],[34.87,-12.0],[34.5,-13.23]]}},{"type":"Feature","properties":{"level":1012},"geometry":{"type":"LineString","coordinates":[[24.03,-12.0],[24.38,-12.0],[24.5,-11.61],[25.25,-11.78],[25.13,-11.5],[25.63,-11.0],[25.5,-10.62],[26.0,-10.71],[26.15,-10.5],[26.0,-10.08],[24.75,-10.56],[24.43,-10.5],[24.5,-9.96],[23.75,-10.26],[23.25,-10.12],[23.25,-11.15],[23.75,-11.32],[24.03,-12.0]]}},{"type":"Feature","properties":{"level":1012},"geometry":{"type":"LineString","coordinates":[[-53.83,-11.5],[-53.61,-11.5],[-53.75,-11.2],[-53.92,-11.25],[-53.83,-11.5]]}},{"type":"Feature","properties":{"level":1012},"geometry":{"type":"LineString","coordinates":[[-78.0,-10.22],[-78.19,-10.0],[-78.0,-9.87],[-78.0,-10.22]]}},{"type":"Feature","properties":{"level":1012},"geometry":{"type":"LineString","coordinates":[[159.65,-9.75],[160.0,-9.99],[160.75,-9.97],[160.94,-9.75],[159.75,-9.31],[159.65,-9.75]]}},{"type":"Feature","properties":{"level":1012},"geometry":{"type":"LineString","coordinates":[[14.25,-9.56],[13.93,-9.25],[14.0,-8.89],[14.35,-9.0],[14.42,-9.5],[14.25,-9.56]]}},{"type":"Feature","properties":{"level":1012},"geometry":{"type":"LineString","coordinates":[[161.24,-9.5],[161.22,-9.0],[160.75,-8.4],[160.89,-9.25],[161.24,-9.5]]}},{"type":"Feature","properties":{"level":1012},"geometry":{"type":"LineString","coordinates":[[24.19,-9.25],[24.87,-9.0],[24.79,-8.5],[25.01,-8.0],[24.5,-7.92],[24.25,-7.54],[23.75,-7.54],[23.5,-8.48],[24.34,-8.75],[24.19,-9.25]]}},{"type":"Feature","properties":{"level":1012},"geometry":{"type":"LineString","coordinates":[[168.0,-9.3],[168.0,-9.11],[168.0,-9.3]]}},{"type":"Feature","properties":{"level":1012},"geometry":{"type":"LineString","coordinates":[[156.5,-9.08],[156.37,-9.0],[156.82,-9.0],[156.5,-9.08]]}},{"type":"Feature","properties":{"level":1012},"geometry":{"type":"LineString","coordinates":[[36.0,-8.99],[35.97,-8.75],[36.17,-8.75],[36.0,-8.99]]}},{"type":"Feature","properties":{"level":1012},"geometry":{"type":"LineString","coordinates":[[18.69,-8.5],[19.0,-8.75],[19.07,-7.75],[18.25,-7.0],[18.16,-7.25],[18.69,-8.5]]}},{"type":"Feature","properties":{"level":1012},"geometry":{"type":"LineString","coordinates":[[159.41,-8.25],[159.6,-8.25],[159.41,-8.25]]}},{"type":"Feature","properties":{"level":1012},"geometry":{"type":"LineString","coordinates":[[116.0,-7.25],[116.25,-7.44],[116.53,-7.25],[116.25,-6.88],[116.0,-6.95],[116.0,-7.25]]}},{"type":"Feature","properties":{"level":1012},"geometry":{"type":"LineString","coordinates":[[113.35,-7.0],[113.78,-7.0],[113.35,-7.0]]}},{"type":"Feature","properties":{"level":1012},"geometry":{"type":"LineString","coordinates":[[137.34,-6.5],[137.5,-6.66],[137.82,-6.0],[137.5,-6.08],[137.34,-6.5]]}},{"type":"Feature","properties":{"level":1012},"geometry":{"type":"LineString","coordinates":[[138.39,-5.5],[138.75,-5.73],[138.97,-5.5],[138.75,-5.32],[138.39,-5.5]]}},{"type":"Feature","properties":{"level":1012},"geometry":{"type":"LineString","coordinates":[[132.79,-4.0],[133.0,-4.24],[133.41,-4.0],[133.23,-3.0],[132.5,-2.53],[131.8,-2.75],[132.85,-3.5],[132.57,-3.75],[132.79,-4.0]]}},{"type":"Feature","properties":{"level":1012},"geometry":{"type":"LineString","coordinates":[[-79.52,-3.75],[-79.0,-3.85],[-78.47,-3.0],[-78.02,-1.0],[-77.55,-0.5],[-77.6,0.25],[-76.5,1.5],[-76.25,1.36],[-75.89,1.75],[-75.93,2.5],[-75.56,3.0],[-75.71,3.5],[-75.08,4.75],[-75.25,5.5],[-77.41,1.0],[-77.62,1.0],[-77.75,1.44],[-78.06,1.25],[-78.22,0.75],[-77.88,0.5],[-78.5,-0.41],[-78.75,0.09],[-79.08,-0.5],[-79.1,-2.25],[-79.64,-3.0],[-79.52,-3.75]]}},{"type":"Feature","properties":{"level":1012},"geometry":{"type":"LineString","coordinates":[[28.44,-3.75],[28.75,-3.97],[29.1,-3.5],[28.76,-2.75],[29.0,-1.9],[29.25,-1.71],[29.5,-2.2],[30.08,-1.5],[30.0,-0.95],[29.5,-1.26],[29.14,-1.0],[29.25,0.3],[28.67,-0.5],[28.5,-1.99],[28.21,-2.25],[28.73,-2.75],[28.49,-3.0],[28.44,-3.75]]}},{"type":"Feature","properties":{"level":1012},"geometry":{"type":"LineString","coordinates":[[114.98,-3.75],[115.14,-3.75],[114.98,-3.75]]}},{"type":"Feature","properties":{"level":1012},"geometry":{"type":"LineString","coordinates":[[115.22,-3.5],[115.5,-3.64],[115.83,-3.25],[115.96,-2.75],[115.75,-2.4],[115.22,-3.5]]}},{"type":"Feature","properties":{"level":1012},"geometry":{"type":"LineString","coordinates":[[151.79,-3.5],[152.0,-3.69],[152.2,-3.25],[152.0,-3.08],[151.61,-3.25],[151.79,-3.5]]}},{"type":"Feature","properties":{"level":1012},"geometry":{"type":"LineString","coordinates":[[-37.5,-3.44],[-37.5,-3.14],[-37.31,-3.25],[-37.5,-3.44]]}},{"type":"Feature","properties":{"level":1012},"geometry":{"type":"LineString","coordinates":[[151.38,-3.0],[151.5,-3.19],[151.38,-3.0]]}},{"type":"Feature","properties":{"level":1012},"geometry":{"type":"LineString","coordinates":[[35.75,-2.69],[35.62,-2.5],[36.25,-1.52],[36.5,-1.65],[36.25,-2.56],[35.75,-2.69]]}},{"type":"Feature","properties":{"level":1012},"geometry":{"type":"LineString","coordinates":[[11.5,-2.32],[10.9,-1.75],[11.57,-2.0],[11.7,-2.25],[11.5,-2.32]]}},{"type":"Feature","properties":{"level":1012},"geometry":{"type":"LineString","coordinates":[[111.21,-2.0],[111.75,-2.23],[112.21,-1.75],[111.5,-1.28],[111.48,-0.5],[111.0,-0.28],[110.76,-0.5],[110.85,-1.5],[111.21,-2.0]]}},{"type":"Feature","properties":{"level":1012},"geometry":{"type":"LineString","coordinates":[[-28.75,-1.86],[-28.94,-1.75],[-28.66,-1.5],[-28.1,-1.5],[-28.75,-1.86]]}},{"type":"Feature","properties":{"level":1012},"geometry":{"type":"LineString","coordinates":[[125.92,-1.75],[126.12,-1.75],[125.92,-1.75]]}},{"type":"Feature","properties":{"level":1012},"geometry":{"type":"LineString","coordinates":[[136.13,-1.75],[136.33,-1.75],[136.13,-1.75]]}},{"type":"Feature","properties":{"level":1012},"geometry":{"type":"LineString","coordinates":[[111.7,-0.75],[113.25,-0.8],[113.83,-0.5],[113.5,-0.36],[113.5,0.04],[115.75,0.56],[116.38,1.0],[116.82,3.0],[116.5,3.01],[116.37,3.5],[117.19,4.5],[117.08,5.0],[116.7,5.25],[116.91,6.25],[116.42,6.25],[114.64,3.75],[114.0,3.44],[113.25,2.39],[112.5,2.38],[111.75,1.52],[112.03,1.25],[113.0,1.06],[113.15,0.75],[112.22,0.25],[112.25,-0.03],[113.0,-0.37],[111.7,-0.75]]}},{"type":"Feature","properties":{"level":1012},"geometry":{"type":"LineString","coordinates":[[127.38,-0.75],[127.78,-0.75],[127.5,-0.44],[127.38,-0.75]]}},{"type":"Feature","properties":{"level":1012},"geometry":{"type":"LineString","coordinates":[[123.98,-0.5],[124.25,-0.1],[124.77,0.0],[124.68,0.75],[125.0,1.43],[124.25,0.92],[122.93,0.75],[123.98,-0.5]]}},{"type":"Feature","properties":{"level":1012},"geometry":{"type":"LineString","coordinates":[[120.1,0.5],[120.25,0.32],[120.75,0.63],[121.25,0.46],[122.64,0.75],[121.75,1.09],[121.5,0.87],[121.0,1.24],[120.75,0.79],[120.1,0.5]]}},{"type":"Feature","properties":{"level":1012},"geometry":{"type":"LineString","coordinates":[[127.61,0.5],[127.75,0.26],[128.06,0.5],[128.6,1.25],[128.5,1.4],[127.61,0.5]]}},{"type":"Feature","properties":{"level":1012},"geometry":{"type":"LineString","coordinates":[[9.0,1.0],[9.25,1.2],[9.5,1.0],[9.25,0.84],[9.0,1.0]]}},{"type":"Feature","properties":{"level":1012},"geometry":{"type":"LineString","coordinates":[[127.47,1.25],[127.66,1.25],[127.47,1.25]]}},{"type":"Feature","properties":{"level":1012},"geometry":{"type":"LineString","coordinates":[[38.25,1.49],[38.19,2.0],[38.5,2.0],[38.76,1.5],[38.25,1.49]]}},{"type":"Feature","properties":{"level":1012},"geometry":{"type":"LineString","coordinates":[[-75.52,2.25],[-75.5,2.05],[-75.25,2.12],[-75.0,2.41],[-74.75,3.14],[-75.52,2.25]]}},{"type":"Feature","properties":{"level":1012},"geometry":{"type":"LineString","coordinates":[[-15.75,2.38],[-15.75,2.75],[-15.5,2.78],[-15.39,2.5],[-15.75,2.38]]}},{"type":"Feature","properties":{"level":1012},"geometry":{"type":"LineString","coordinates":[[-15.0,2.49],[-14.75,3.0],[-14.5,2.91],[-14.5,2.47],[-15.0,2.49]]}},{"type":"Feature","properties":{"level":1012},"geometry":{"type":"LineString","coordinates":[[101.84,2.75],[102.25,2.66],[102.11,3.5],[102.38,4.0],[103.0,4.03],[103.1,4.75],[102.5,5.58],[102.0,5.58],[101.5,6.24],[100.75,6.39],[100.64,4.75],[101.0,4.51],[101.84,2.75]]}},{"type":"Feature","properties":{"level":1012},"geometry":{"type":"LineString","coordinates":[[4.85,3.0],[5.25,2.83],[5.35,3.0],[4.75,3.46],[4.85,3.0]]}},{"type":"Feature","properties":{"level":1012},"geometry":{"type":"LineString","coordinates":[[8.34,3.25],[8.5,3.09],[8.92,3.5],[8.75,3.86],[8.34,3.25]]}},{"type":"Feature","properties":{"level":1012},"geometry":{"type":"LineString","coordinates":[[-74.68,3.5],[-74.1,3.5],[-73.36,4.75],[-72.14,6.0],[-71.84,6.5],[-72.26,7.0],[-72.25,7.52],[-72.5,7.35],[-73.0,7.63],[-73.0,7.04],[-72.58,6.5],[-72.75,6.05],[-73.0,5.71],[-74.0,5.29],[-73.99,4.5],[-74.25,4.54],[-74.68,3.5]]}},{"type":"Feature","properties":{"level":1012},"geometry":{"type":"LineString","coordinates":[[8.98,4.0],[9.32,4.0],[9.44,4.25],[9.25,4.49],[8.82,4.25],[8.98,4.0]]}},{"type":"Feature","properties":{"level":1012},"geometry":{"type":"LineString","coordinates":[[-146.75,4.11],[-146.75,4.32],[-146.75,4.11]]}},{"type":"Feature","properties":{"level":1012},"geometry":{"type":"LineString","coordinates":[[10.24,4.25],[10.75,4.06],[10.87,4.25],[11.06,6.25],[11.75,6.34],[12.65,7.25],[12.25,7.43],[11.75,7.39],[11.5,7.12],[11.0,7.28],[10.78,6.75],[9.39,6.25],[9.77,5.5],[9.5,5.02],[9.0,5.16],[8.89,5.0],[9.25,4.55],[9.5,4.94],[9.75,4.72],[10.65,4.75],[10.24,4.25]]}},{"type":"Feature","properties":{"level":1012},"geometry":{"type":"LineString","coordinates":[[102.0,4.17],[102.0,4.34],[102.27,4.25],[102.0,4.17]]}},{"type":"Feature","properties":{"level":1012},"geometry":{"type":"LineString","coordinates":[[117.39,4.75],[117.58,4.75],[117.39,4.75]]}},{"type":"Feature","properties":{"level":1012},"geometry":{"type":"LineString","coordinates":[[-156.5,5.74],[-156.5,6.19],[-156.5,5.74]]}},{"type":"Feature","properties":{"level":1012},"geometry":{"type":"LineString","coordinates":[[-155.0,5.67],[-155.0,5.85],[-155.0,5.67]]}},{"type":"Feature","properties":{"level":1012},"geometry":{"type":"LineString","coordinates":[[-76.3,6.0],[-76.25,5.77],[-76.1,6.5],[-76.25,6.8],[-76.3,6.0]]}},{"type":"Feature","properties":{"level":1012},"geometry":{"type":"LineString","coordinates":[[-156.0,6.08],[-156.18,6.25],[-156.0,6.43],[-156.0,6.08]]}},{"type":"Feature","properties":{"level":1012},"geometry":{"type":"LineString","coordinates":[[2.22,6.5],[2.47,6.75],[2.28,7.25],[1.73,7.5],[1.39,7.0],[2.22,6.5]]}},{"type":"Feature","properties":{"level":1012},"geometry":{"type":"LineString","coordinates":[[92.75,6.42],[92.75,6.7],[93.71,6.5],[92.75,6.42]]}},{"type":"Feature","properties":{"level":1012},"geometry":{"type":"LineString","coordinates":[[0.45,7.0],[0.81,7.0],[1.17,7.5],[0.84,8.0],[0.75,8.75],[0.45,7.0]]}},{"type":"Feature","properties":{"level":1012},"geometry":{"type":"LineString","coordinates":[[4.58,7.0],[5.25,6.87],[5.5,7.71],[5.74,7.75],[5.0,8.27],[4.75,8.18],[4.49,8.0],[4.58,7.0]]}},{"type":"Feature","properties":{"level":1012},"geometry":{"type":"LineString","coordinates":[[-8.62,7.5],[-8.39,7.75],[-8.75,7.91],[-9.0,7.76],[-8.62,7.5]]}},{"type":"Feature","properties":{"level":1012},"geometry":{"type":"LineString","coordinates":[[-159.25,7.6],[-159.31,8.0],[-159.0,8.24],[-158.94,7.75],[-159.25,7.6]]}},{"type":"Feature","properties":{"level":1012},"geometry":{"type":"LineString","coordinates":[[-107.53,7.75],[-107.12,7.75],[-107.25,7.93],[-107.53,7.75]]}},{"type":"Feature","properties":{"level":1012},"geometry":{"type":"LineString","coordinates":[[-2.08,7.75],[-2.0,7.58],[-1.89,7.75],[-2.08,7.75]]}},{"type":"Feature","properties":{"level":1012},"geometry":{"type":"LineString","coordinates":[[124.07,7.75],[124.5,7.5],[125.25,8.34],[125.0,8.57],[124.07,7.75]]}},{"type":"Feature","properties":{"level":1012},"geometry":{"type":"LineString","coordinates":[[-72.12,8.0],[-71.0,8.14],[-70.02,9.5],[-70.25,9.59],[-71.42,8.75],[-71.5,8.02],[-72.0,8.26],[-72.12,8.0]]}},{"type":"Feature","properties":{"level":1012},"geometry":{"type":"LineString","coordinates":[[-7.76,8.0],[-7.75,8.36],[-7.76,8.0]]}},{"type":"Feature","properties":{"level":1012},"geometry":{"type":"LineString","coordinates":[[3.33,8.0],[3.69,8.0],[3.33,8.0]]}},{"type":"Feature","properties":{"level":1012},"geometry":{"type":"LineString","coordinates":[[-158.0,8.13],[-158.28,8.5],[-157.73,9.25],[-157.25,9.46],[-157.21,9.0],[-158.0,8.13]]}},{"type":"Feature","properties":{"level":1012},"geometry":{"type":"LineString","coordinates":[[-13.49,8.25],[-13.25,8.08],[-13.25,8.66],[-13.49,8.25]]}},{"type":"Feature","properties":{"level":1012},"geometry":{"type":"LineString","coordinates":[[-3.02,8.25],[-3.0,8.01],[-3.02,8.25]]}},{"type":"Feature","properties":{"level":1012},"geometry":{"type":"LineString","coordinates":[[77.75,8.14],[77.5,9.26],[78.0,9.67],[78.5,9.57],[79.25,9.99],[79.4,9.75],[78.89,9.25],[78.5,8.25],[77.75,8.14]]}},{"type":"Feature","properties":{"level":1012},"geometry":{"type":"LineString","coordinates":[[-160.25,8.44],[-159.89,8.5],[-160.25,8.44]]}},{"type":"Feature","properties":{"level":1012},"geometry":{"type":"LineString","coordinates":[[-159.5,8.57],[-159.55,9.25],[-158.8,9.5],[-160.28,10.0],[-160.0,10.71],[-159.4,11.25],[-159.75,11.27],[-159.75,11.78],[-159.0,12.78],[-158.0,13.29],[-157.6,13.25],[-156.82,12.75],[-156.63,12.0],[-156.86,11.25],[-157.25,10.4],[-157.78,10.25],[-158.33,9.0],[-159.5,8.57]]}},{"type":"Feature","properties":{"level":1012},"geometry":{"type":"LineString","coordinates":[[-82.74,8.75],[-82.22,8.75],[-83.25,9.83],[-84.25,10.34],[-84.75,10.35],[-84.25,10.09],[-84.0,9.44],[-82.74,8.75]]}},{"type":"Feature","properties":{"level":1012},"geometry":{"type":"LineString","coordinates":[[98.46,8.75],[98.86,9.25],[98.75,9.73],[98.42,9.25],[98.46,8.75]]}},{"type":"Feature","properties":{"level":1012},"geometry":{"type":"LineString","coordinates":[[99.42,8.75],[99.66,8.75],[99.42,8.75]]}},{"type":"Feature","properties":{"level":1012},"geometry":{"type":"LineString","coordinates":[[-7.17,9.5],[-6.75,9.34],[-6.25,9.58],[-6.17,10.0],[-5.79,10.25],[-6.0,10.41],[-6.5,10.25],[-7.21,9.75],[-7.17,9.5]]}},{"type":"Feature","properties":{"level":1012},"geometry":{"type":"LineString","coordinates":[[-156.75,9.98],[-156.5,10.17],[-156.28,10.0],[-156.5,9.81],[-156.75,9.98]]}},{"type":"Feature","properties":{"level":1012},"geometry":{"type":"LineString","coordinates":[[-8.75,10.14],[-8.75,10.34],[-8.49,10.25],[-8.75,10.14]]}},{"type":"Feature","properties":{"level":1012},"geometry":{"type":"LineString","coordinates":[[156.23,11.0],[157.25,11.21],[157.5,11.02],[157.66,11.25],[156.87,11.75],[156.61,12.75],[156.25,12.99],[156.11,13.5],[155.25,13.44],[154.23,12.75],[154.07,12.5],[154.39,11.75],[156.23,11.0]]}},{"type":"Feature","properties":{"level":1012},"geometry":{"type":"LineString","coordinates":[[-107.01,11.25],[-107.0,11.47],[-107.01,11.25]]}},{"type":"Feature","properties":{"level":1012},"geometry":{"type":"LineString","coordinates":[[80.5,11.42],[80.65,12.0],[81.25,12.52],[81.21,11.75],[80.5,11.42]]}},{"type":"Feature","properties":{"level":1012},"geometry":{"type":"LineString","coordinates":[[-139.5,11.68],[-139.5,11.93],[-139.5,11.68]]}},{"type":"Feature","properties":{"level":1012},"geometry":{"type":"LineString","coordinates":[[-107.37,11.75],[-107.0,11.5],[-106.77,12.5],[-107.25,12.92],[-107.37,11.75]]}},{"type":"Feature","properties":{"level":1012},"geometry":{"type":"LineString","coordinates":[[103.45,11.75],[103.75,11.71],[103.9,12.0],[102.97,12.5],[102.81,12.25],[102.96,12.0],[103.45,11.75]]}},{"type":"Feature","properties":{"level":1012},"geometry":{"type":"LineString","coordinates":[[-141.25,11.96],[-141.38,12.25],[-141.0,12.25],[-140.89,12.0],[-141.25,11.96]]}},{"type":"Feature","properties":{"level":1012},"geometry":{"type":"LineString","coordinates":[[-108.38,12.25],[-108.11,12.25],[-108.38,12.25]]}},{"type":"Feature","properties":{"level":1012},"geometry":{"type":"LineString","coordinates":[[-106.56,12.25],[-106.2,12.5],[-106.72,12.5],[-106.56,12.25]]}},{"type":"Feature","properties":{"level":1012},"geometry":{"type":"LineString","coordinates":[[-39.46,12.5],[-39.13,12.5],[-39.46,12.5]]}},{"type":"Feature","properties":{"level":1012},"geometry":{"type":"LineString","coordinates":[[-37.5,12.88],[-37.59,13.0],[-37.35,13.0],[-37.5,12.88]]}},{"type":"Feature","properties":{"level":1012},"geometry":{"type":"LineString","coordinates":[[-88.08,14.0],[-87.89,14.0],[-88.25,14.57],[-88.5,14.28],[-88.54,14.5],[-89.1,14.5],[-88.08,14.0]]}},{"type":"Feature","properties":{"level":1012},"geometry":{"type":"LineString","coordinates":[[-12.77,14.25],[-12.46,14.25],[-12.77,14.25]]}},{"type":"Feature","properties":{"level":1012},"geometry":{"type":"LineString","coordinates":[[-23.94,14.5],[-23.7,14.5],[-23.94,14.5]]}},{"type":"Feature","properties":{"level":1012},"geometry":{"type":"LineString","coordinates":[[-23.91,15.0],[-23.75,14.85],[-23.35,15.0],[-23.75,15.46],[-23.91,15.0]]}},{"type":"Feature","properties":{"level":1012},"geometry":{"type":"LineString","coordinates":[[46.0,15.18],[45.75,15.61],[46.0,15.43],[47.0,15.71],[46.75,15.14],[46.25,15.02],[46.0,15.18]]}},{"type":"Feature","properties":{"level":1012},"geometry":{"type":"LineString","coordinates":[[-61.35,15.5],[-61.25,15.26],[-61.09,15.5],[-61.25,15.68],[-61.35,15.5]]}},{"type":"Feature","properties":{"level":1012},"geometry":{"type":"LineString","coordinates":[[-12.05,15.5],[-12.0,15.36],[-12.0,15.83],[-12.05,15.5]]}},{"type":"Feature","properties":{"level":1012},"geometry":{"type":"LineString","coordinates":[[121.23,16.0],[121.52,16.25],[121.16,16.5],[121.34,17.5],[121.0,18.37],[120.59,16.5],[121.23,16.0]]}},{"type":"Feature","properties":{"level":1012},"geometry":{"type":"LineString","coordinates":[[22.4,17.0],[23.0,16.8],[23.25,16.96],[23.87,17.75],[23.75,17.98],[22.33,17.5],[22.17,17.25],[22.4,17.0]]}},{"type":"Feature","properties":{"level":1012},"geometry":{"type":"LineString","coordinates":[[80.25,16.77],[80.2,17.25],[80.59,17.25],[80.65,17.0],[80.25,16.77]]}},{"type":"Feature","properties":{"level":1012},"geometry":{"type":"LineString","coordinates":[[-98.5,17.7],[-99.72,18.0],[-99.5,18.33],[-99.25,18.25],[-99.27,18.75],[-97.88,18.75],[-97.89,17.75],[-98.5,17.7]]}},{"type":"Feature","properties":{"level":1012},"geometry":{"type":"LineString","coordinates":[[37.0,18.0],[37.24,18.5],[36.76,19.5],[36.75,20.8],[36.25,19.75],[36.24,19.0],[37.0,18.0]]}},{"type":"Feature","properties":{"level":1012},"geometry":{"type":"LineString","coordinates":[[-76.5,18.19],[-77.07,18.5],[-77.0,18.69],[-76.5,18.71],[-76.17,18.25],[-76.5,18.19]]}},{"type":"Feature","properties":{"level":1012},"geometry":{"type":"LineString","coordinates":[[-71.5,18.48],[-70.98,18.5],[-71.5,18.48]]}},{"type":"Feature","properties":{"level":1012},"geometry":{"type":"LineString","coordinates":[[-69.75,18.44],[-70.75,19.41],[-71.75,19.43],[-71.88,19.75],[-71.0,20.08],[-70.57,20.0],[-70.75,19.73],[-70.25,19.78],[-69.33,18.75],[-69.75,18.44]]}},{"type":"Feature","properties":{"level":1012},"geometry":{"type":"LineString","coordinates":[[-69.0,18.43],[-69.0,18.77],[-68.62,18.5],[-69.0,18.43]]}},{"type":"Feature","properties":{"level":1012},"geometry":{"type":"LineString","coordinates":[[-66.25,18.31],[-66.49,18.5],[-66.08,18.5],[-66.25,18.31]]}},{"type":"Feature","properties":{"level":1012},"geometry":{"type":"LineString","coordinates":[[-94.75,18.68],[-94.75,18.85],[-94.75,18.68]]}},{"type":"Feature","properties":{"level":1012},"geometry":{"type":"LineString","coordinates":[[-78.25,18.67],[-78.25,19.16],[-77.5,19.3],[-77.36,18.75],[-78.25,18.67]]}},{"type":"Feature","properties":{"level":1012},"geometry":{"type":"LineString","coordinates":[[97.5,18.64],[97.5,18.89],[97.5,18.64]]}},{"type":"Feature","properties":{"level":1012},"geometry":{"type":"LineString","coordinates":[[-74.5,18.98],[-74.75,19.66],[-73.5,20.02],[-73.35,20.0],[-73.59,19.75],[-73.25,19.54],[-73.0,19.94],[-73.0,19.33],[-73.75,19.41],[-74.5,18.98]]}},{"type":"Feature","properties":{"level":1012},"geometry":{"type":"LineString","coordinates":[[-72.5,19.22],[-72.7,19.25],[-72.5,19.22]]}},{"type":"Feature","properties":{"level":1012},"geometry":{"type":"LineString","coordinates":[[-95.25,19.73],[-95.63,20.0],[-95.75,20.52],[-94.88,20.25],[-95.0,19.79],[-95.25,19.73]]}},{"type":"Feature","properties":{"level":1012},"geometry":{"type":"LineString","coordinates":[[-75.25,19.82],[-75.75,20.42],[-77.25,20.18],[-77.17,20.5],[-77.65,21.5],[-76.5,21.38],[-75.75,21.04],[-75.95,20.75],[-75.75,20.54],[-75.13,20.5],[-74.99,20.0],[-75.25,19.82]]}},{"type":"Feature","properties":{"level":1012},"geometry":{"type":"LineString","coordinates":[[-102.5,20.21],[-102.75,20.51],[-101.51,20.25],[-102.5,20.21]]}},{"type":"Feature","properties":{"level":1012},"geometry":{"type":"LineString","coordinates":[[-92.5,20.86],[-92.75,21.25],[-92.57,21.5],[-92.0,21.6],[-91.66,21.25],[-91.75,20.76],[-92.5,20.86]]}},{"type":"Feature","properties":{"level":1012},"geometry":{"type":"LineString","coordinates":[[-78.25,20.92],[-78.25,21.15],[-77.97,21.0],[-78.25,20.92]]}},{"type":"Feature","properties":{"level":1012},"geometry":{"type":"LineString","coordinates":[[83.75,20.92],[83.75,21.37],[84.15,21.0],[83.75,20.92]]}},{"type":"Feature","properties":{"level":1012},"geometry":{"type":"LineString","coordinates":[[-94.75,21.3],[-94.98,21.5],[-94.75,21.83],[-94.52,21.5],[-94.75,21.3]]}},{"type":"Feature","properties":{"level":1012},"geometry":{"type":"LineString","coordinates":[[-78.5,21.48],[-78.5,22.09],[-77.74,21.75],[-78.25,21.37],[-78.5,21.48]]}},{"type":"Feature","properties":{"level":1012},"geometry":{"type":"LineString","coordinates":[[84.0,21.41],[83.85,21.5],[84.0,21.41]]}},{"type":"Feature","properties":{"level":1012},"geometry":{"type":"LineString","coordinates":[[-79.25,21.72],[-79.25,21.87],[-79.25,21.72]]}},{"type":"Feature","properties":{"level":1012},"geometry":{"type":"LineString","coordinates":[[-78.75,22.13],[-78.9,22.25],[-78.62,22.25],[-78.75,22.13]]}},{"type":"Feature","properties":{"level":1012},"geometry":{"type":"LineString","coordinates":[[-81.5,22.42],[-81.5,22.69],[-81.04,22.5],[-81.5,22.42]]}},{"type":"Feature","properties":{"level":1012},"geometry":{"type":"LineString","coordinates":[[59.07,22.5],[59.25,22.47],[59.28,22.75],[59.0,22.92],[58.75,22.76],[58.5,23.09],[58.0,23.01],[57.94,23.25],[57.0,23.5],[57.0,23.16],[59.07,22.5]]}},{"type":"Feature","properties":{"level":1012},"geometry":{"type":"LineString","coordinates":[[72.96,23.0],[73.25,22.98],[73.25,23.22],[72.96,23.0]]}},{"type":"Feature","properties":{"level":1012},"geometry":{"type":"LineString","coordinates":[[-8.5,23.22],[-8.31,23.25],[-8.5,23.22]]}},{"type":"Feature","properties":{"level":1012},"geometry":{"type":"LineString","coordinates":[[96.75,26.13],[96.5,26.53],[96.79,26.5],[96.75,26.13]]}},{"type":"Feature","properties":{"level":1012},"geometry":{"type":"LineString","coordinates":[[57.64,26.5],[58.25,26.45],[58.89,26.75],[57.75,27.2],[57.64,26.5]]}},{"type":"Feature","properties":{"level":1012},"geometry":{"type":"LineString","coordinates":[[64.0,27.71],[63.68,28.0],[63.75,28.37],[65.6,28.75],[65.25,27.95],[64.0,27.71]]}},{"type":"Feature","properties":{"level":1012},"geometry":{"type":"LineString","coordinates":[[47.5,27.9],[47.27,28.0],[47.5,28.07],[47.5,27.9]]}},{"type":"Feature","properties":{"level":1012},"geometry":{"type":"LineString","coordinates":[[59.25,28.6],[58.94,29.25],[58.25,29.75],[57.75,31.03],[58.25,31.15],[59.14,30.5],[59.79,29.25],[59.75,28.82],[59.25,28.6]]}},{"type":"Feature","properties":{"level":1012},"geometry":{"type":"LineString","coordinates":[[-113.39,29.25],[-113.16,29.25],[-113.39,29.25]]}},{"type":"Feature","properties":{"level":1012},"geometry":{"type":"LineString","coordinates":[[-86.0,29.65],[-86.5,30.34],[-85.5,30.67],[-85.16,30.5],[-85.0,29.91],[-85.5,29.5],[-86.0,29.65]]}},{"type":"Feature","properties":{"level":1012},"geometry":{"type":"LineString","coordinates":[[63.75,30.58],[62.89,31.75],[62.81,32.25],[64.25,32.46],[64.75,32.8],[65.25,32.7],[65.5,33.07],[66.14,32.75],[66.0,32.25],[66.88,32.25],[66.0,31.03],[65.0,30.67],[64.5,31.06],[64.0,30.53],[63.75,30.58]]}},{"type":"Feature","properties":{"level":1012},"geometry":{"type":"LineString","coordinates":[[-119.25,35.24],[-118.94,35.25],[-119.25,35.24]]}},{"type":"Feature","properties":{"level":1012},"geometry":{"type":"LineString","coordinates":[[81.0,36.45],[78.5,37.52],[78.3,38.0],[79.13,39.0],[78.5,39.06],[78.45,39.75],[80.5,39.89],[80.25,39.07],[81.16,39.0],[81.95,38.5],[81.66,38.0],[81.95,37.75],[81.95,37.25],[82.7,37.0],[82.25,36.97],[81.71,36.5],[81.0,36.45]]}},{"type":"Feature","properties":{"level":1012},"geometry":{"type":"LineString","coordinates":[[77.5,38.06],[76.44,38.75],[76.5,39.2],[77.0,39.23],[77.25,38.88],[77.75,38.84],[77.95,38.25],[77.5,38.06]]}},{"type":"Feature","properties":{"level":1012},"geometry":{"type":"LineString","coordinates":[[-69.75,38.39],[-70.0,38.5],[-70.24,39.25],[-69.75,40.0],[-69.88,40.75],[-72.43,41.25],[-71.6,42.0],[-72.67,43.5],[-72.0,44.71],[-72.06,45.0],[-73.75,46.25],[-74.61,47.75],[-77.0,49.47],[-78.03,50.5],[-79.54,52.5],[-80.05,54.0],[-79.69,56.0],[-77.69,58.25],[-75.25,59.39],[-72.5,59.97],[-70.5,59.96],[-69.75,59.48],[-65.5,59.61],[-64.78,58.75],[-64.0,58.59],[-63.5,59.01],[-62.6,58.0],[-61.0,57.25],[-60.06,56.0],[-59.94,55.5],[-60.49,55.0],[-60.71,54.0],[-60.31,53.25],[-60.64,52.5],[-60.55,51.75],[-61.16,51.0],[-61.19,50.25],[-60.25,48.59],[-59.75,47.99],[-59.25,47.89],[-59.54,47.5],[-59.39,47.0],[-57.24,45.25],[-57.19,44.25],[-57.45,43.75],[-57.29,43.0],[-58.25,42.02],[-58.87,41.75],[-59.0,41.21],[-61.75,40.44],[-62.25,39.97],[-64.0,39.86],[-65.5,39.51],[-66.5,38.9],[-69.25,38.3],[-69.75,38.39]]}},{"type":"Feature","properties":{"level":1012},"geometry":{"type":"LineString","coordinates":[[87.0,38.49],[86.7,38.75],[89.25,40.54],[92.64,40.5],[92.5,40.13],[92.97,40.5],[93.44,40.5],[93.23,40.25],[93.5,40.0],[92.25,39.45],[90.5,39.36],[87.0,38.49]]}},{"type":"Feature","properties":{"level":1012},"geometry":{"type":"LineString","coordinates":[[131.46,39.75],[132.04,40.0],[131.75,40.32],[131.46,39.75]]}},{"type":"Feature","properties":{"level":1012},"geometry":{"type":"LineString","coordinates":[[130.95,40.0],[131.49,40.0],[130.95,40.0]]}},{"type":"Feature","properties":{"level":1012},"geometry":{"type":"LineString","coordinates":[[128.48,46.25],[128.75,46.25],[128.5,46.52],[128.48,46.25]]}},{"type":"Feature","properties":{"level":1012},"geometry":{"type":"LineString","coordinates":[[-124.25,52.95],[-124.42,53.0],[-123.0,53.18],[-122.58,53.0],[-122.75,52.81],[-124.25,52.95]]}},{"type":"Feature","properties":{"level":1012},"geometry":{"type":"LineString","coordinates":[[118.0,56.48],[117.73,56.75],[118.75,57.07],[119.26,57.0],[118.0,56.48]]}},{"type":"Feature","properties":{"level":1012},"geometry":{"type":"LineString","coordinates":[[98.25,57.45],[97.4,58.0],[98.25,58.19],[98.92,57.5],[98.25,57.45]]}},{"type":"Feature","properties":{"level":1012},"geometry":{"type":"LineString","coordinates":[[180.0,57.85],[179.5,58.27],[178.5,58.59],[173.5,58.39],[166.5,59.56],[163.5,58.74],[160.75,58.89],[157.75,58.05],[154.67,57.5],[152.06,56.5],[148.68,54.75],[146.25,52.5],[145.15,50.25],[145.1,49.5],[145.75,48.47],[146.25,46.81],[146.33,44.75],[146.05,44.25],[146.5,43.96],[146.54,43.5],[146.21,43.25],[146.35,42.5],[147.27,42.0],[147.19,41.0],[147.56,40.75],[146.9,39.25],[146.94,38.25],[147.5,37.39],[148.49,36.5],[148.75,35.75],[152.23,32.25],[153.83,29.25],[155.72,23.5],[156.18,23.0],[156.75,22.81],[157.75,21.93],[159.5,21.64],[160.5,21.2],[161.75,21.27],[163.75,20.97],[167.25,21.04],[169.52,21.75],[170.46,22.5],[172.01,26.5],[172.7,27.5],[173.42,28.0],[174.5,28.39],[175.75,28.18],[176.99,27.5],[177.57,26.75],[177.9,25.5],[177.56,23.75],[175.12,21.0],[174.85,20.25],[175.0,19.96],[176.23,19.25],[176.8,18.5],[177.4,16.75],[177.33,16.0],[176.88,15.25],[177.55,13.5],[177.25,12.74],[176.75,12.73],[176.74,12.0],[176.43,11.5],[177.0,10.1],[177.5,10.38],[177.63,9.5],[176.31,7.25],[176.1,5.5],[176.25,5.0],[175.95,4.75],[175.96,4.0],[175.7,3.75],[175.76,3.0],[176.41,2.25],[176.65,1.5],[176.42,1.0],[177.38,-0.25],[177.15,-1.0],[177.33,-1.75],[178.25,-2.72],[178.54,-2.75],[178.21,-3.25],[179.18,-4.25],[178.95,-5.0],[179.36,-5.5],[178.16,-6.0],[178.25,-6.18],[178.75,-6.11],[178.85,-6.5],[177.75,-6.32],[177.0,-6.69],[176.5,-6.66],[175.75,-7.82],[175.0,-7.79],[174.25,-8.24],[172.75,-7.72],[172.25,-8.3],[171.5,-8.65],[168.5,-9.22],[168.0,-8.94],[167.0,-9.71],[166.37,-9.75],[165.32,-10.25],[163.5,-9.9],[163.29,-10.25],[163.66,-10.5],[163.25,-10.61],[162.5,-10.21],[161.75,-10.3],[161.5,-10.1],[161.39,-10.5],[161.86,-11.0],[161.0,-11.07],[160.25,-10.69],[160.0,-10.23],[159.75,-10.46],[157.25,-9.39],[157.33,-8.5],[158.0,-8.89],[158.15,-8.75],[157.5,-7.85],[156.52,-7.5],[156.26,-7.0],[156.5,-6.93],[157.0,-7.43],[157.35,-7.25],[157.17,-7.0],[156.5,-6.66],[156.25,-6.99],[156.09,-6.5],[155.0,-5.53],[154.5,-5.82],[154.0,-5.61],[153.74,-5.25],[153.75,-4.56],[152.5,-3.69],[152.5,-4.33],[151.75,-4.09],[151.5,-4.21],[151.5,-4.75],[151.0,-5.26],[149.0,-4.86],[148.25,-5.5],[148.0,-5.29],[147.75,-5.87],[147.5,-5.84],[145.97,-5.25],[146.25,-4.75],[146.0,-4.39],[145.75,-4.7],[145.0,-4.41],[144.75,-4.87],[142.75,-4.46],[141.78,-4.5],[141.5,-4.14],[141.0,-4.51],[140.76,-4.0],[141.25,-3.48],[142.25,-3.73],[143.25,-3.7],[143.45,-3.5],[141.25,-2.74],[140.88,-2.75],[140.75,-2.99],[140.25,-2.52],[139.68,-2.75],[139.75,-3.12],[140.0,-3.01],[140.41,-3.25],[140.54,-3.5],[140.25,-3.79],[138.75,-3.27],[137.07,-3.25],[136.95,-3.0],[138.0,-2.53],[139.16,-2.75],[139.32,-2.5],[138.75,-2.29],[137.0,-2.41],[135.25,-3.61],[134.11,-2.5],[134.2,-1.25],[133.75,-0.82],[132.75,-0.38],[131.5,-0.83],[131.5,-1.13],[132.5,-1.72],[132.25,-2.23],[133.99,-2.25],[133.59,-2.75],[133.79,-3.0],[133.56,-3.5],[134.0,-3.89],[135.5,-4.47],[136.5,-4.43],[138.75,-5.13],[139.07,-5.0],[139.92,-5.5],[139.75,-5.81],[139.0,-5.85],[138.5,-6.54],[137.0,-6.94],[135.0,-6.25],[134.5,-5.55],[133.93,-5.5],[133.84,-5.75],[133.5,-5.78],[132.25,-5.44],[131.87,-5.0],[131.25,-3.17],[128.75,-2.79],[127.75,-3.28],[126.0,-3.06],[125.77,-3.25],[126.01,-3.5],[125.89,-3.75],[125.34,-3.5],[124.92,-2.75],[125.11,-1.75],[124.5,-1.57],[124.25,-1.9],[123.25,-0.58],[121.5,-0.88],[120.75,-1.37],[120.11,-0.75],[120.0,-0.33],[119.37,-2.25],[118.89,-3.0],[119.77,-3.75],[119.64,-5.25],[120.0,-5.71],[120.72,-5.5],[120.41,-4.0],[120.75,-3.18],[120.75,-3.5],[121.5,-4.15],[121.81,-5.5],[121.0,-6.0],[121.33,-6.75],[120.38,-7.0],[120.5,-7.56],[118.5,-7.33],[118.18,-8.0],[116.75,-8.3],[116.0,-7.89],[114.75,-8.01],[114.25,-7.67],[112.78,-7.5],[112.5,-6.99],[111.75,-6.63],[111.25,-6.73],[111.0,-6.47],[110.75,-7.08],[109.0,-6.61],[106.25,-6.26],[106.0,-6.05],[105.81,-6.5],[105.49,-6.5],[105.4,-6.0],[105.83,-5.75],[105.75,-5.0],[105.0,-4.98],[104.73,-4.75],[105.33,-3.75],[104.5,-2.15],[104.0,-1.7],[103.34,-1.75],[102.75,-0.78],[102.47,-0.75],[102.31,-1.0],[102.48,-1.25],[102.25,-1.45],[101.43,-1.25],[101.41,-0.5],[100.25,1.21],[100.2,2.25],[99.5,3.37],[98.38,4.0],[97.5,5.05],[95.25,5.62],[94.75,6.33],[93.86,6.5],[94.0,6.88],[94.58,7.0],[94.0,7.02],[93.04,8.0],[93.5,8.6],[94.53,8.75],[94.25,8.98],[93.25,8.88],[92.25,9.2],[90.9,11.0],[90.73,11.75],[91.06,12.75],[90.86,13.75],[91.18,14.5],[90.75,15.19],[89.75,15.03],[88.32,16.0],[87.62,17.0],[87.25,17.08],[84.5,15.73],[83.0,15.63],[81.58,14.5],[81.0,13.51],[80.42,13.75],[80.34,14.75],[79.75,14.99],[79.7,15.25],[80.01,15.5],[80.11,16.0],[81.0,16.86],[82.25,17.1],[83.5,18.38],[84.5,18.86],[84.75,19.65],[85.0,19.64],[85.25,20.0],[84.93,21.25],[85.75,21.07],[86.67,21.75],[85.97,22.75],[85.78,24.0],[85.5,24.22],[84.0,23.82],[82.0,24.08],[81.25,23.77],[80.5,24.07],[79.5,24.07],[78.25,24.61],[77.5,25.43],[77.25,25.28],[77.0,25.42],[76.75,24.81],[76.25,24.63],[74.25,26.12],[72.45,24.75],[72.7,23.75],[73.85,23.25],[73.66,22.0],[72.5,21.11],[72.25,21.15],[71.5,22.97],[71.0,23.07],[70.25,22.63],[70.0,23.29],[69.0,23.57],[65.32,20.75],[60.25,18.62],[56.75,18.07],[55.75,18.51],[55.0,17.99],[50.75,18.0],[50.0,17.56],[49.0,17.54],[48.01,18.25],[47.87,18.75],[48.0,19.71],[48.52,20.0],[47.81,20.5],[47.86,22.5],[48.0,22.99],[48.65,23.25],[48.75,24.04],[49.33,23.75],[49.8,24.25],[49.88,24.75],[49.34,25.75],[49.0,25.65],[48.76,26.0],[47.5,28.39],[46.5,28.72],[45.75,28.55],[44.75,27.75],[44.25,28.29],[42.77,28.5],[43.11,29.5],[42.75,29.63],[42.66,30.0],[42.91,30.5],[43.84,31.0],[44.0,32.0],[45.75,33.32],[47.0,32.66],[48.25,32.62],[49.15,32.25],[49.91,31.0],[51.03,30.25],[51.49,29.5],[51.53,28.75],[53.0,28.19],[54.0,27.13],[54.89,27.5],[54.67,27.75],[55.0,28.05],[55.75,28.08],[55.86,27.75],[56.25,27.68],[57.25,28.06],[57.5,27.89],[57.47,28.25],[57.75,28.58],[59.0,27.93],[60.25,27.75],[60.91,27.25],[60.75,26.93],[59.37,26.75],[59.25,26.49],[61.0,26.24],[62.25,26.53],[65.0,26.4],[65.75,26.7],[66.53,26.5],[66.75,26.12],[66.76,26.75],[66.51,27.0],[67.26,29.75],[67.5,30.1],[68.25,30.12],[68.66,30.5],[68.23,30.75],[69.0,31.09],[69.29,31.5],[69.13,32.0],[69.92,32.5],[70.0,33.57],[71.08,33.75],[71.0,34.0],[69.83,34.5],[70.25,34.79],[70.75,34.62],[72.0,34.75],[76.54,32.0],[77.01,30.75],[79.5,29.18],[81.25,28.73],[82.5,27.84],[84.5,27.58],[86.5,26.83],[90.25,26.33],[90.25,25.36],[93.0,24.81],[92.25,23.75],[92.54,22.75],[92.37,21.75],[92.59,21.25],[93.0,21.17],[94.0,19.95],[94.75,17.87],[94.79,19.0],[94.21,20.5],[94.25,21.52],[94.55,22.25],[94.08,23.25],[94.25,24.08],[95.75,26.02],[96.25,25.49],[96.5,25.76],[97.0,25.47],[97.5,25.66],[97.64,25.5],[97.25,23.96],[96.68,23.25],[96.13,23.0],[96.4,21.75],[96.31,20.0],[96.88,18.25],[97.25,17.76],[97.5,17.94],[98.4,16.75],[98.42,15.75],[98.12,15.0],[99.5,11.89],[99.43,13.25],[98.95,14.0],[99.53,15.25],[99.12,17.0],[99.75,17.72],[100.25,17.7],[101.47,15.25],[101.25,14.42],[102.5,14.11],[102.72,14.25],[102.75,14.94],[103.75,15.18],[104.5,15.85],[105.5,15.86],[106.06,15.0],[106.63,14.75],[106.7,14.25],[107.5,14.03],[107.68,13.75],[107.87,13.25],[107.75,12.78],[107.04,12.5],[107.63,11.25],[108.0,11.1],[108.75,11.38],[109.36,12.75],[108.9,16.25],[109.25,16.83],[110.0,17.05],[111.18,18.25],[111.25,18.8],[112.75,18.91],[113.25,19.49],[114.5,19.85],[115.0,20.28],[116.0,20.27],[118.75,20.92],[119.91,21.75],[119.93,22.5],[120.25,22.88],[120.75,21.52],[121.5,21.82],[125.75,24.85],[127.58,26.75],[128.47,29.0],[130.0,31.87],[131.0,32.27],[131.39,32.75],[131.39,33.5],[130.94,34.0],[131.75,34.25],[132.39,34.75],[131.5,34.28],[131.34,34.5],[131.44,35.5],[130.57,36.25],[129.89,36.5],[130.13,37.25],[129.62,38.25],[129.18,38.5],[129.01,39.25],[129.75,40.59],[131.07,41.0],[130.72,42.0],[130.86,43.5],[130.54,44.5],[129.9,45.0],[129.7,45.5],[128.75,45.9],[127.0,45.51],[126.6,45.0],[125.0,43.98],[123.25,44.0],[122.09,45.75],[122.14,47.25],[123.93,51.75],[123.49,52.75],[122.5,52.7],[120.75,53.23],[119.75,53.09],[119.62,53.25],[120.07,53.5],[119.2,54.0],[119.03,54.25],[119.42,54.75],[119.0,54.76],[118.43,55.25],[118.6,55.5],[118.27,56.0],[119.5,56.58],[119.86,56.5],[119.66,57.0],[120.0,57.21],[120.75,57.47],[122.35,57.5],[123.2,58.25],[124.47,58.75],[123.83,59.25],[123.87,60.25],[123.01,61.0],[123.49,61.5],[123.84,62.75],[122.56,64.25],[121.08,65.25],[121.47,67.0],[122.7,68.5],[124.65,70.0],[126.0,70.49],[126.27,70.25],[125.93,70.0],[126.6,69.25],[125.97,68.75],[126.61,68.5],[126.26,68.25],[126.75,67.92],[127.5,67.79],[129.76,68.5],[128.5,69.5],[128.91,69.75],[128.75,69.9],[127.6,70.5],[127.83,70.75],[126.25,70.66],[126.48,71.5],[124.5,72.11],[124.29,72.0],[124.76,71.75],[124.25,71.57],[119.75,72.98],[119.15,73.25],[118.25,74.6],[116.5,75.39],[114.75,75.76],[112.75,75.72],[112.76,76.0],[110.5,76.35],[104.25,76.43],[90.59,74.0],[89.59,73.5],[89.25,73.04],[87.75,72.41],[76.46,69.75],[75.83,69.25],[76.45,68.25],[78.1,67.5],[88.75,65.1],[90.0,64.02],[93.0,62.27],[92.98,62.0],[93.69,61.5],[93.74,61.0],[94.38,60.75],[94.37,60.25],[94.0,59.83],[90.25,60.48],[87.25,60.35],[85.3,60.0],[84.01,59.0],[83.75,58.12],[82.25,57.13],[79.25,54.52],[76.0,52.5],[73.5,51.25],[67.25,50.51],[63.5,50.86],[61.75,51.28],[58.25,53.18],[57.75,54.5],[56.61,55.25],[55.25,56.65],[53.61,60.75],[52.75,61.4],[48.25,61.51],[45.5,61.15],[44.96,60.75],[40.28,59.75],[38.25,58.72],[37.0,58.79],[29.75,57.38],[16.75,56.79],[12.25,57.44],[10.5,57.25],[7.75,57.45],[3.75,58.4],[1.0,58.58],[-7.75,58.56],[-19.25,57.95],[-29.5,58.72],[-35.5,58.76],[-41.75,59.13],[-44.32,60.0],[-43.83,61.5],[-44.17,62.75],[-42.93,63.75],[-42.52,65.0],[-42.64,65.75],[-41.43,66.75],[-40.0,67.33],[-36.25,67.66],[-35.02,68.5],[-35.84,69.5],[-36.0,70.04],[-38.95,70.5],[-40.18,71.25],[-40.41,71.75],[-38.75,71.83],[-37.95,72.5],[-36.75,72.87],[-34.25,72.92],[-31.0,73.46],[-29.7,74.0],[-28.14,75.5],[-28.17,75.75],[-29.75,76.16],[-32.75,76.25],[-40.0,75.55],[-41.5,75.57],[-44.25,76.1],[-47.0,75.95],[-48.0,75.35],[-48.8,74.5],[-48.19,73.5],[-48.58,72.5],[-48.08,72.0],[-49.06,71.5],[-48.37,70.75],[-48.29,69.5],[-45.94,67.75],[-47.25,67.29],[-48.5,67.27],[-48.87,67.0],[-49.1,65.75],[-48.0,65.33],[-47.41,64.75],[-48.88,64.5],[-49.5,63.87],[-50.25,63.51],[-51.5,63.61],[-54.25,62.54],[-57.0,62.24],[-59.53,62.75],[-64.5,64.55],[-66.0,65.56],[-68.0,66.22],[-69.0,66.29],[-71.25,65.93],[-75.0,66.26],[-78.5,66.17],[-81.87,67.0],[-83.0,67.85],[-84.97,68.25],[-85.5,68.69],[-87.38,69.25],[-88.25,70.16],[-89.75,70.8],[-89.93,71.0],[-89.03,71.25],[-88.74,71.75],[-89.25,72.13],[-90.0,72.03],[-90.21,73.5],[-91.39,74.25],[-91.32,74.5],[-88.75,74.91],[-87.25,74.73],[-85.0,74.97],[-84.68,75.5],[-89.0,75.63],[-90.25,75.97],[-89.74,76.25],[-94.11,77.25],[-93.64,77.5],[-98.75,78.97],[-99.94,79.75],[-98.68,80.5],[-96.61,81.0],[-95.82,81.5],[-94.5,81.86],[-78.28,84.5],[-69.87,86.5],[-68.96,87.25],[-69.21,87.5],[-70.34,87.75],[-76.25,88.23],[-86.0,88.57],[-122.0,88.93],[-159.75,88.67],[-180.0,87.89]]}},{"type":"Feature","properties":{"level":1012},"geometry":{"type":"LineString","coordinates":[[138.91,62.0],[139.5,61.81],[140.25,62.01],[140.85,62.5],[140.0,62.48],[140.14,63.0],[139.29,63.5],[139.86,63.75],[139.75,63.94],[139.29,63.75],[139.03,63.25],[139.25,62.99],[138.25,62.5],[139.19,62.25],[138.91,62.0]]}},{"type":"Feature","properties":{"level":1012},"geometry":{"type":"LineString","coordinates":[[144.03,63.5],[144.81,63.5],[144.25,64.13],[143.49,64.25],[144.03,63.5]]}},{"type":"Feature","properties":{"level":1012},"geometry":{"type":"LineString","coordinates":[[133.83,64.0],[136.25,64.67],[139.0,64.95],[139.3,65.25],[138.25,65.55],[137.69,65.25],[136.5,65.29],[135.25,64.91],[134.0,65.27],[133.25,65.0],[130.75,64.98],[130.62,65.5],[128.75,65.88],[127.33,65.75],[127.09,65.25],[127.75,64.84],[129.0,64.68],[129.5,64.36],[130.24,64.5],[130.25,64.77],[131.0,64.23],[131.75,64.37],[133.83,64.0]]}},{"type":"Feature","properties":{"level":1012},"geometry":{"type":"LineString","coordinates":[[140.88,65.5],[141.18,65.5],[140.25,66.08],[139.53,66.0],[140.88,65.5]]}},{"type":"Feature","properties":{"level":1012},"geometry":{"type":"LineString","coordinates":[[138.65,66.25],[139.25,66.07],[139.65,66.5],[139.0,66.7],[138.59,66.5],[138.65,66.25]]}},{"type":"Feature","properties":{"level":1012},"geometry":{"type":"LineString","coordinates":[[-67.57,66.5],[-65.75,66.42],[-65.22,67.0],[-65.75,67.44],[-67.25,68.03],[-68.42,67.75],[-67.57,66.5]]}},{"type":"Feature","properties":{"level":1012},"geometry":{"type":"LineString","coordinates":[[-72.32,69.5],[-71.0,69.43],[-70.15,69.75],[-70.83,70.25],[-72.55,70.75],[-74.8,70.75],[-74.0,70.68],[-72.03,69.75],[-72.32,69.5]]}},{"type":"Feature","properties":{"level":1012},"geometry":{"type":"LineString","coordinates":[[-77.27,71.5],[-76.0,71.27],[-75.24,71.5],[-77.25,71.76],[-77.27,71.5]]}},{"type":"Feature","properties":{"level":1012},"geometry":{"type":"LineString","coordinates":[[-83.83,72.5],[-83.5,72.34],[-83.08,72.5],[-83.5,72.69],[-83.83,72.5]]}},{"type":"Feature","properties":{"level":1012},"geometry":{"type":"LineString","coordinates":[[-180.0,75.98],[-176.25,75.38],[-169.25,73.6],[-166.25,73.28],[-160.22,73.5],[-158.32,73.75],[-157.71,74.25],[-157.47,74.75],[-157.76,75.25],[-157.79,77.5],[-157.43,78.0],[-156.25,78.71],[-152.25,79.63],[-146.0,79.97],[-138.75,79.98],[-130.5,79.57],[-125.0,79.06],[-113.48,77.5],[-111.3,77.0],[-110.61,76.5],[-110.75,75.87],[-112.72,75.25],[-110.5,75.08],[-108.55,74.5],[-107.19,73.25],[-107.4,72.75],[-107.03,72.25],[-101.78,69.75],[-100.74,69.0],[-99.59,66.25],[-98.4,64.25],[-98.17,62.25],[-98.51,60.25],[-100.04,57.0],[-99.96,54.75],[-100.4,53.75],[-100.16,52.75],[-100.29,52.25],[-99.75,50.75],[-99.91,50.25],[-99.51,49.25],[-99.63,48.75],[-99.39,47.5],[-99.82,44.0],[-100.25,43.33],[-101.31,42.75],[-102.5,42.51],[-103.42,42.0],[-103.28,41.75],[-103.75,41.51],[-104.25,41.5],[-105.15,42.0],[-106.0,43.46],[-106.75,43.34],[-106.91,44.5],[-107.5,44.9],[-108.5,45.29],[-109.25,45.16],[-110.65,45.75],[-110.13,46.0],[-110.63,46.5],[-110.38,46.75],[-110.89,47.0],[-112.25,47.03],[-113.49,48.75],[-114.5,49.28],[-114.76,49.75],[-115.49,50.0],[-115.56,50.75],[-116.52,51.25],[-117.25,52.09],[-118.75,52.27],[-119.75,52.87],[-121.75,53.26],[-122.25,53.43],[-122.5,53.88],[-123.75,53.44],[-125.25,53.57],[-126.0,53.4],[-127.25,54.68],[-128.25,55.08],[-129.65,55.0],[-129.32,55.25],[-130.0,55.53],[-130.75,55.57],[-132.0,54.71],[-137.5,53.06],[-142.75,51.07],[-147.25,49.86],[-153.0,48.72],[-157.25,48.46],[-162.0,48.51],[-165.25,48.77],[-169.75,49.63],[-173.75,50.83],[-176.5,52.99],[-177.92,55.5],[-180.0,57.85]]}},{"type":"Feature","properties":{"level":1012},"geometry":{"type":"LineString","coordinates":[[-90.41,76.75],[-88.25,76.71],[-87.18,77.0],[-88.0,77.11],[-90.41,76.75]]}},{"type":"Feature","properties":{"level":1012},"geometry":{"type":"LineString","coordinates":[[-82.99,76.75],[-80.75,76.74],[-79.89,77.0],[-80.0,77.22],[-80.94,77.25],[-80.28,77.5],[-81.22,77.75],[-80.69,78.5],[-80.5,79.25],[-81.5,79.38],[-82.4,79.0],[-81.75,78.88],[-81.75,78.69],[-83.75,78.25],[-83.75,77.89],[-83.37,77.5],[-83.77,77.25],[-82.99,76.75]]}},{"type":"Feature","properties":{"level":1012},"geometry":{"type":"LineString","coordinates":[[-44.63,78.0],[-43.75,77.76],[-42.75,78.16],[-41.0,78.15],[-37.25,78.73],[-36.12,79.25],[-36.5,79.64],[-38.0,79.79],[-45.86,79.0],[-44.63,78.0]]}},{"type":"Feature","properties":{"level":1012},"geometry":{"type":"LineString","coordinates":[[-78.22,78.5],[-76.95,78.5],[-77.75,78.82],[-78.16,78.75],[-78.22,78.5]]}},{"type":"Feature","properties":{"level":1012},"geometry":{"type":"LineString","coordinates":[[-81.5,78.96],[-81.14,79.0],[-81.5,78.96]]}},{"type":"Feature","properties":{"level":1012},"geometry":{"type":"LineString","coordinates":[[-52.61,79.75],[-50.83,79.75],[-50.95,80.0],[-52.56,80.25],[-54.63,80.25],[-52.61,79.75]]}},{"type":"Feature","properties":{"level":1012},"geometry":{"type":"LineString","coordinates":[[-62.39,80.5],[-60.5,80.34],[-59.09,80.5],[-61.25,80.98],[-61.75,80.55],[-62.39,80.5]]}},{"type":"Feature","properties":{"level":1012},"geometry":{"type":"LineString","coordinates":[[180.0,87.89],[172.91,87.25],[169.0,86.57],[155.0,82.35],[153.0,81.5],[152.32,80.75],[152.58,80.0],[153.39,79.5],[156.5,78.67],[166.25,77.34],[180.0,75.98]]}},{"type":"Feature","properties":{"level":1016},"geometry":{"type":"LineString","coordinates":[[-5.31,-89.25],[43.75,-89.49],[74.31,-89.25],[83.5,-88.96],[92.25,-87.81],[97.36,-87.5],[99.62,-87.0],[120.02,-86.5],[119.88,-86.25],[118.5,-86.16],[104.51,-86.0],[117.63,-83.75],[129.02,-82.5],[133.58,-81.0],[132.5,-80.7],[126.38,-80.5],[125.89,-80.25],[126.02,-80.0],[127.42,-79.25],[126.75,-78.99],[118.25,-79.27],[118.25,-78.67],[116.87,-78.0],[115.03,-77.5],[105.25,-76.41],[98.0,-75.19],[96.66,-74.75],[96.49,-74.5],[96.6,-74.0],[98.0,-73.56],[100.0,-73.46],[110.0,-74.57],[119.25,-74.67],[130.25,-73.63],[133.0,-73.1],[133.21,-72.75],[133.0,-72.29],[131.0,-71.95],[128.75,-72.36],[126.0,-72.24],[121.75,-72.59],[117.5,-72.44],[113.25,-72.8],[110.26,-72.25],[106.75,-70.8],[102.5,-70.52],[98.25,-70.8],[95.5,-70.31],[93.25,-70.85],[85.25,-71.24],[83.0,-71.61],[79.25,-73.09],[78.0,-73.93],[77.03,-75.0],[75.5,-75.71],[67.5,-76.11],[65.0,-76.02],[60.0,-75.57],[57.25,-75.08],[54.5,-74.99],[53.53,-74.5],[54.43,-73.5],[56.0,-72.93],[59.2,-70.5],[57.5,-70.33],[45.0,-72.82],[35.5,-74.11],[26.5,-74.62],[21.0,-75.8],[17.75,-76.18],[14.09,-77.25],[13.96,-77.5],[11.5,-78.59],[4.25,-80.17],[1.5,-81.02],[-5.5,-81.12],[-16.5,-82.38],[-27.75,-82.96],[-34.5,-84.17],[-40.75,-84.91],[-53.0,-85.46],[-56.37,-85.75],[-56.97,-86.0],[-55.5,-86.4],[-48.75,-86.94],[-44.25,-87.89],[-35.95,-88.5],[-5.31,-89.25]]}},{"type":"Feature","properties":{"level":1016},"geometry":{"type":"LineString","coordinates":[[-68.19,-71.25],[-66.63,-71.25],[-67.56,-70.25],[-67.25,-69.95],[-65.24,-70.0],[-64.77,-69.5],[-66.0,-69.07],[-66.4,-68.5],[-66.19,-68.25],[-66.6,-68.0],[-66.0,-66.85],[-63.56,-65.75],[-62.5,-64.93],[-60.81,-64.5],[-60.5,-64.12],[-58.5,-63.38],[-53.0,-62.54],[-52.48,-62.0],[-52.3,-60.75],[-53.75,-59.67],[-57.0,-58.84],[-67.25,-57.42],[-69.0,-57.51],[-71.0,-57.95],[-73.0,-58.99],[-73.62,-59.5],[-74.42,-61.0],[-74.8,-62.75],[-74.81,-64.5],[-72.57,-67.75],[-72.15,-68.75],[-72.26,-69.0],[-70.5,-69.02],[-68.19,-71.25]]}},{"type":"Feature","properties":{"level":1016},"geometry":{"type":"LineString","coordinates":[[-180.0,-53.21],[-174.0,-53.62],[-168.75,-52.89],[-164.0,-51.74],[-160.5,-50.28],[-153.73,-48.0],[-150.25,-45.94],[-148.58,-44.25],[-145.24,-37.75],[-145.05,-36.0],[-144.59,-35.5],[-137.25,-32.82],[-133.0,-33.24],[-130.25,-34.02],[-117.25,-39.57],[-114.25,-40.5],[-112.5,-40.8],[-109.75,-40.85],[-104.25,-41.95],[-97.5,-44.02],[-94.75,-43.87],[-93.94,-43.0],[-93.08,-40.0],[-93.22,-36.5],[-92.91,-34.75],[-92.0,-33.09],[-89.35,-30.0],[-88.2,-29.25],[-87.72,-28.0],[-85.0,-26.76],[-82.0,-26.67],[-81.0,-27.04],[-78.25,-27.44],[-77.25,-27.99],[-77.0,-27.69],[-76.0,-28.37],[-76.22,-27.75],[-76.0,-27.58],[-75.14,-27.75],[-74.78,-27.25],[-74.65,-26.25],[-75.11,-26.0],[-74.81,-25.5],[-75.24,-23.25],[-75.55,-23.0],[-76.25,-21.25],[-76.75,-21.3],[-76.95,-21.0],[-76.47,-20.75],[-77.0,-20.67],[-78.5,-19.53],[-78.75,-18.85],[-79.16,-18.75],[-80.0,-17.96],[-81.25,-17.47],[-82.43,-16.5],[-82.74,-15.75],[-83.25,-15.33],[-86.6,-13.75],[-89.08,-12.25],[-90.75,-11.62],[-92.75,-11.09],[-97.5,-10.74],[-100.0,-10.29],[-100.5,-10.58],[-101.75,-10.55],[-103.5,-9.97],[-106.25,-10.12],[-109.0,-9.71],[-109.75,-9.94],[-110.25,-9.79],[-112.5,-10.53],[-113.0,-10.97],[-113.5,-10.96],[-116.0,-12.65],[-118.75,-12.19],[-121.0,-11.46],[-121.33,-11.5],[-121.25,-12.3],[-121.75,-12.56],[-122.5,-11.92],[-122.75,-11.86],[-123.25,-12.29],[-124.25,-11.93],[-123.62,-13.25],[-124.27,-14.0],[-124.12,-15.5],[-124.36,-15.75],[-124.17,-16.25],[-125.07,-16.5],[-124.72,-17.0],[-125.25,-17.12],[-127.75,-16.82],[-128.0,-17.18],[-128.0,-17.92],[-129.5,-16.92],[-130.25,-17.32],[-130.75,-17.15],[-131.75,-17.78],[-132.5,-17.25],[-133.25,-17.36],[-134.5,-16.81],[-137.75,-16.39],[-145.0,-14.9],[-151.25,-12.99],[-156.25,-12.79],[-158.0,-12.38],[-158.5,-12.73],[-158.75,-12.47],[-161.75,-12.79],[-163.0,-12.72],[-163.5,-13.02],[-165.0,-12.71],[-165.75,-13.03],[-167.0,-13.01],[-167.5,-13.64],[-168.25,-13.97],[-169.75,-13.18],[-170.3,-13.5],[-170.5,-13.92],[-171.0,-13.58],[-171.5,-13.82],[-171.68,-14.0],[-171.42,-14.25],[-171.5,-14.75],[-172.25,-15.57],[-172.75,-15.25],[-174.75,-15.27],[-175.25,-14.9],[-175.96,-15.25],[-176.0,-15.52],[-177.25,-15.17],[-178.5,-15.35],[-178.75,-15.69],[-180.0,-15.59]]}},{"type":"Feature","properties":{"level":1016},"geometry":{"type":"LineString","coordinates":[[-81.35,-50.75],[-79.5,-50.64],[-77.7,-50.0],[-76.71,-49.5],[-76.59,-49.0],[-77.5,-48.25],[-80.53,-46.75],[-81.25,-46.74],[-82.0,-46.31],[-82.5,-46.37],[-83.1,-45.75],[-84.0,-45.35],[-85.0,-45.36],[-87.25,-44.77],[-87.94,-45.0],[-88.12,-45.5],[-88.0,-46.25],[-86.5,-47.99],[-84.25,-49.51],[-81.35,-50.75]]}},{"type":"Feature","properties":{"level":1016},"geometry":{"type":"LineString","coordinates":[[-26.96,-48.0],[-24.75,-48.21],[-22.75,-47.94],[-18.75,-46.88],[-10.0,-45.07],[4.22,-41.5],[5.75,-41.03],[8.0,-39.6],[11.98,-34.0],[12.16,-33.0],[11.86,-32.25],[12.14,-31.5],[11.97,-30.75],[12.58,-29.25],[11.89,-27.75],[11.92,-26.75],[10.14,-24.0],[8.58,-20.25],[7.63,-19.25],[7.5,-18.81],[5.75,-17.51],[5.25,-17.43],[5.05,-17.0],[4.25,-16.39],[2.25,-15.43],[1.75,-14.98],[-0.25,-14.38],[-1.0,-13.84],[-9.75,-12.3],[-12.25,-12.08],[-16.0,-12.61],[-18.0,-12.38],[-21.0,-12.42],[-22.5,-12.05],[-26.75,-12.75],[-29.75,-12.6],[-32.5,-13.42],[-34.0,-13.37],[-35.5,-13.75],[-38.25,-15.3],[-38.75,-15.73],[-39.0,-16.43],[-39.5,-19.5],[-39.37,-23.0],[-38.7,-25.0],[-39.06,-27.0],[-38.5,-28.4],[-37.46,-29.25],[-37.25,-29.69],[-34.86,-32.0],[-31.12,-34.75],[-30.06,-37.25],[-27.34,-40.5],[-26.95,-43.75],[-27.65,-46.75],[-27.44,-47.75],[-26.96,-48.0]]}},{"type":"Feature","properties":{"level":1016},"geometry":{"type":"LineString","coordinates":[[-73.75,-47.5],[-73.5,-46.43],[-73.79,-46.75],[-73.75,-47.5]]}},{"type":"Feature","properties":{"level":1016},"geometry":{"type":"LineString","coordinates":[[-73.35,-46.25],[-72.75,-46.1],[-72.34,-45.5],[-72.35,-45.0],[-72.0,-44.88],[-71.42,-43.75],[-71.5,-40.1],[-71.75,-40.03],[-72.02,-40.5],[-72.64,-41.75],[-72.5,-42.05],[-73.25,-42.1],[-73.75,-42.75],[-73.75,-43.5],[-74.23,-43.75],[-73.67,-45.0],[-74.19,-45.25],[-74.29,-45.75],[-73.35,-46.25]]}},{"type":"Feature","properties":{"level":1016},"geometry":{"type":"LineString","coordinates":[[-54.37,-38.5],[-51.23,-38.5],[-49.5,-38.19],[-47.5,-37.5],[-46.0,-37.59],[-45.25,-37.19],[-44.25,-37.36],[-44.0,-36.77],[-42.25,-36.55],[-41.7,-35.5],[-40.24,-34.25],[-40.14,-34.0],[-40.63,-33.0],[-40.42,-32.25],[-41.5,-30.94],[-42.33,-30.5],[-42.5,-29.93],[-42.75,-29.79],[-43.75,-30.06],[-44.79,-28.5],[-46.23,-27.25],[-47.0,-27.13],[-47.25,-26.42],[-48.18,-26.5],[-48.04,-25.25],[-48.5,-25.07],[-48.72,-25.25],[-48.58,-26.0],[-49.0,-26.11],[-49.48,-27.0],[-49.46,-27.5],[-49.73,-27.75],[-49.55,-28.0],[-49.67,-28.5],[-50.05,-28.75],[-50.2,-30.0],[-51.25,-31.34],[-52.25,-31.45],[-54.0,-32.42],[-55.5,-32.67],[-55.63,-33.0],[-55.18,-33.0],[-55.75,-33.54],[-55.98,-32.75],[-56.75,-32.42],[-57.75,-33.37],[-59.09,-34.0],[-59.49,-34.5],[-59.18,-35.5],[-57.82,-36.0],[-57.69,-36.5],[-56.75,-36.8],[-56.0,-37.74],[-54.37,-38.5]]}},{"type":"Feature","properties":{"level":1016},"geometry":{"type":"LineString","coordinates":[[-70.83,-36.0],[-70.63,-36.0],[-70.38,-34.75],[-69.93,-34.0],[-70.23,-32.25],[-69.91,-31.75],[-70.04,-30.75],[-69.48,-29.75],[-69.42,-28.75],[-68.49,-27.75],[-68.18,-26.75],[-68.25,-26.11],[-69.0,-25.66],[-69.27,-26.0],[-69.0,-26.1],[-69.0,-26.45],[-69.42,-26.5],[-69.45,-27.0],[-70.63,-29.0],[-70.8,-29.75],[-71.09,-32.0],[-70.6,-32.75],[-70.51,-33.5],[-70.99,-35.25],[-70.83,-36.0]]}},{"type":"Feature","properties":{"level":1016},"geometry":{"type":"LineString","coordinates":[[157.5,-35.05],[157.33,-35.0],[157.5,-35.05]]}},{"type":"Feature","properties":{"level":1016},"geometry":{"type":"LineString","coordinates":[[76.0,-32.01],[73.75,-31.56],[72.0,-30.39],[70.71,-29.0],[69.93,-26.75],[70.33,-25.25],[71.25,-24.15],[72.75,-23.21],[75.0,-23.17],[75.57,-22.5],[75.75,-21.79],[76.25,-21.7],[78.04,-22.75],[79.63,-24.75],[80.07,-25.5],[80.22,-26.75],[80.59,-27.0],[80.66,-27.75],[80.03,-28.25],[79.98,-29.0],[79.01,-30.75],[76.72,-32.0],[76.0,-32.01]]}},{"type":"Feature","properties":{"level":1016},"geometry":{"type":"LineString","coordinates":[[146.25,-30.34],[146.03,-30.25],[146.75,-29.9],[147.25,-29.79],[147.46,-30.0],[147.25,-30.31],[146.25,-30.34]]}},{"type":"Feature","properties":{"level":1016},"geometry":{"type":"LineString","coordinates":[[29.25,-28.76],[29.5,-28.41],[30.0,-28.27],[30.69,-28.75],[30.0,-28.95],[29.25,-28.76]]}},{"type":"Feature","properties":{"level":1016},"geometry":{"type":"LineString","coordinates":[[32.5,-28.44],[32.28,-27.25],[32.89,-26.75],[32.58,-26.5],[33.0,-25.98],[33.67,-26.0],[33.87,-26.25],[33.2,-26.75],[33.56,-27.5],[32.5,-28.44]]}},{"type":"Feature","properties":{"level":1016},"geometry":{"type":"LineString","coordinates":[[35.0,-27.86],[34.86,-27.75],[35.25,-27.44],[35.0,-27.86]]}},{"type":"Feature","properties":{"level":1016},"geometry":{"type":"LineString","coordinates":[[25.74,-27.0],[26.0,-27.11],[27.0,-26.41],[27.75,-26.39],[28.0,-25.91],[26.75,-25.55],[26.0,-25.67],[25.74,-27.0]]}},{"type":"Feature","properties":{"level":1016},"geometry":{"type":"LineString","coordinates":[[35.5,-27.14],[35.75,-26.71],[35.5,-27.14]]}},{"type":"Feature","properties":{"level":1016},"geometry":{"type":"LineString","coordinates":[[142.25,-25.94],[142.25,-25.53],[142.25,-25.94]]}},{"type":"Feature","properties":{"level":1016},"geometry":{"type":"LineString","coordinates":[[-68.66,-25.25],[-68.5,-25.49],[-68.25,-24.36],[-68.64,-24.5],[-68.66,-25.25]]}},{"type":"Feature","properties":{"level":1016},"geometry":{"type":"LineString","coordinates":[[-68.23,-24.25],[-68.0,-24.35],[-67.49,-23.75],[-68.0,-22.02],[-68.18,-22.5],[-67.86,-23.5],[-68.23,-24.25]]}},{"type":"Feature","properties":{"level":1016},"geometry":{"type":"LineString","coordinates":[[119.78,-24.25],[120.25,-24.22],[121.25,-23.26],[121.25,-22.95],[120.75,-23.15],[119.78,-24.25]]}},{"type":"Feature","properties":{"level":1016},"geometry":{"type":"LineString","coordinates":[[-68.9,-21.5],[-68.75,-21.65],[-68.46,-21.25],[-69.17,-18.25],[-70.0,-17.02],[-70.5,-16.66],[-70.69,-17.0],[-70.25,-17.23],[-69.41,-18.5],[-68.9,-21.5]]}},{"type":"Feature","properties":{"level":1016},"geometry":{"type":"LineString","coordinates":[[35.75,-21.63],[35.5,-21.48],[35.5,-21.12],[36.25,-21.5],[35.75,-21.63]]}},{"type":"Feature","properties":{"level":1016},"geometry":{"type":"LineString","coordinates":[[45.0,-20.77],[44.14,-20.5],[44.13,-20.25],[45.0,-20.39],[45.5,-19.92],[45.75,-20.98],[45.25,-20.68],[45.0,-20.77]]}},{"type":"Feature","properties":{"level":1016},"geometry":{"type":"LineString","coordinates":[[32.46,-20.5],[32.81,-20.5],[33.31,-19.75],[32.75,-19.25],[32.46,-20.5]]}},{"type":"Feature","properties":{"level":1016},"geometry":{"type":"LineString","coordinates":[[27.37,-19.25],[27.5,-19.48],[28.0,-19.1],[28.25,-19.29],[28.36,-19.0],[28.0,-18.95],[27.99,-18.5],[27.75,-18.42],[27.38,-18.75],[27.37,-19.25]]}},{"type":"Feature","properties":{"level":1016},"geometry":{"type":"LineString","coordinates":[[32.62,-18.75],[32.75,-18.97],[33.0,-17.97],[32.29,-18.25],[32.27,-18.5],[32.62,-18.75]]}},{"type":"Feature","properties":{"level":1016},"geometry":{"type":"LineString","coordinates":[[44.5,-16.26],[44.25,-15.63],[43.75,-15.92],[42.95,-14.75],[43.75,-13.49],[44.75,-13.14],[45.49,-13.75],[44.67,-15.5],[44.83,-16.0],[44.5,-16.26]]}},{"type":"Feature","properties":{"level":1016},"geometry":{"type":"LineString","coordinates":[[180.0,-15.59],[179.25,-15.39],[179.0,-15.8],[178.75,-15.68],[178.42,-16.0],[176.5,-16.46],[173.25,-16.44],[163.5,-18.82],[159.0,-18.78],[158.5,-18.59],[156.75,-18.79],[155.25,-18.43],[153.0,-18.31],[152.25,-17.97],[152.0,-17.59],[150.5,-17.37],[149.25,-17.57],[147.75,-17.13],[146.25,-15.92],[144.1,-15.25],[143.5,-14.56],[143.13,-16.0],[143.57,-17.0],[143.0,-18.75],[143.05,-19.25],[144.34,-20.5],[144.85,-22.0],[144.63,-22.5],[144.85,-23.0],[145.9,-23.5],[145.59,-25.0],[144.75,-24.81],[143.57,-25.0],[143.25,-25.26],[142.25,-24.79],[141.75,-25.41],[141.5,-25.42],[141.25,-24.93],[140.64,-25.25],[140.5,-25.74],[140.23,-25.25],[140.25,-24.62],[139.75,-25.02],[139.25,-24.9],[139.0,-25.07],[138.98,-24.5],[138.5,-24.28],[137.98,-24.5],[137.8,-24.0],[136.25,-22.69],[134.5,-22.1],[134.0,-22.45],[133.5,-22.26],[132.75,-22.5],[132.0,-22.19],[131.61,-22.5],[131.8,-23.0],[129.25,-23.74],[126.5,-23.99],[124.75,-23.59],[123.0,-24.19],[122.75,-24.01],[121.5,-24.65],[121.0,-24.49],[120.62,-25.25],[119.5,-25.89],[117.74,-28.0],[115.5,-28.46],[115.25,-28.22],[114.25,-28.15],[113.75,-27.77],[112.75,-26.09],[112.14,-25.5],[112.03,-24.75],[110.5,-21.35],[110.25,-19.25],[109.25,-18.56],[109.04,-18.0],[108.0,-17.73],[107.5,-17.28],[106.0,-17.14],[104.25,-16.27],[103.75,-16.49],[103.0,-16.33],[100.5,-15.07],[98.25,-14.38],[92.0,-14.39],[90.0,-14.63],[88.0,-15.3],[84.25,-15.56],[81.0,-14.38],[80.5,-13.9],[79.25,-13.75],[78.15,-13.0],[76.25,-12.95],[75.25,-13.22],[72.25,-12.1],[72.0,-11.81],[69.5,-11.75],[68.25,-12.48],[66.5,-12.99],[64.5,-12.84],[61.75,-11.92],[61.25,-12.01],[60.25,-11.74],[59.25,-11.22],[57.75,-11.14],[57.0,-10.55],[51.75,-8.25],[50.75,-8.22],[48.25,-9.1],[46.25,-8.99],[45.75,-9.36],[45.0,-8.48],[44.5,-8.64],[44.25,-8.43],[44.06,-9.0],[43.5,-9.08],[42.25,-9.07],[41.5,-8.63],[41.25,-8.69],[40.0,-9.99],[39.25,-8.95],[38.58,-9.25],[38.92,-10.0],[38.79,-10.25],[39.53,-11.75],[39.21,-13.0],[39.75,-13.59],[39.82,-14.25],[39.62,-14.5],[40.7,-16.0],[40.37,-17.75],[39.75,-18.01],[38.75,-19.44],[38.0,-19.3],[36.75,-19.73],[36.25,-19.59],[35.5,-20.19],[35.0,-19.94],[34.89,-20.5],[35.17,-21.0],[34.44,-21.75],[34.03,-22.75],[34.22,-23.25],[33.39,-24.0],[33.64,-24.5],[33.0,-25.65],[32.75,-25.72],[32.25,-25.22],[31.25,-25.22],[31.17,-24.5],[30.5,-24.12],[30.5,-23.54],[31.07,-23.25],[31.05,-22.75],[31.68,-22.0],[31.74,-21.0],[32.12,-20.5],[31.92,-19.75],[32.15,-19.5],[31.56,-19.25],[31.5,-18.93],[30.32,-18.75],[30.21,-18.25],[30.56,-18.25],[30.5,-17.66],[29.75,-17.57],[29.25,-18.19],[28.75,-18.2],[28.5,-17.92],[28.34,-18.25],[28.6,-19.0],[28.61,-20.5],[29.0,-20.65],[29.75,-21.68],[29.5,-21.58],[29.0,-21.88],[28.75,-21.68],[28.25,-21.97],[27.75,-21.71],[26.5,-21.85],[26.4,-22.25],[26.5,-22.79],[27.0,-22.43],[27.5,-22.68],[28.25,-22.37],[28.35,-22.75],[28.04,-23.25],[28.97,-23.5],[28.75,-23.74],[28.0,-23.64],[27.5,-23.96],[27.4,-24.5],[28.25,-24.79],[28.57,-24.5],[28.75,-23.76],[29.25,-24.2],[29.94,-24.25],[29.99,-24.5],[29.68,-24.75],[29.65,-26.0],[29.0,-28.17],[28.75,-28.26],[28.83,-28.0],[28.5,-27.97],[27.9,-28.5],[27.97,-28.75],[28.27,-28.75],[27.5,-29.75],[28.03,-30.25],[27.75,-31.08],[28.0,-31.23],[28.25,-31.05],[28.5,-30.2],[28.84,-30.25],[28.75,-30.64],[29.84,-30.75],[30.6,-30.25],[31.5,-29.02],[32.5,-28.54],[32.85,-28.75],[31.98,-30.25],[31.44,-32.0],[31.3,-36.25],[31.59,-38.25],[32.4,-41.0],[33.92,-43.75],[36.75,-46.98],[39.25,-49.23],[41.13,-50.5],[45.0,-52.34],[51.25,-54.08],[55.75,-54.59],[63.25,-54.54],[67.75,-54.24],[69.5,-53.84],[70.5,-53.33],[75.0,-49.93],[81.3,-43.25],[82.5,-42.29],[84.0,-40.1],[84.75,-38.5],[84.57,-37.5],[84.12,-36.75],[86.0,-35.83],[92.0,-35.43],[92.5,-35.67],[95.0,-35.69],[96.25,-36.35],[100.5,-37.0],[105.75,-38.98],[114.16,-43.5],[117.75,-44.57],[121.5,-45.04],[125.65,-44.0],[132.0,-41.58],[136.25,-39.71],[138.5,-38.1],[140.5,-38.07],[143.5,-38.62],[144.25,-38.43],[146.25,-38.6],[147.5,-37.95],[149.25,-37.67],[149.66,-37.25],[150.42,-35.0],[151.25,-34.0],[152.75,-33.1],[155.75,-34.0],[157.08,-35.0],[157.69,-36.75],[158.09,-37.25],[157.87,-37.75],[158.49,-39.5],[158.5,-40.5],[158.27,-41.0],[158.53,-42.0],[159.61,-43.5],[160.55,-44.25],[166.42,-46.75],[167.75,-47.9],[168.5,-48.2],[170.61,-50.25],[173.09,-51.75],[176.78,-52.75],[180.0,-53.21]]}},{"type":"Feature","properties":{"level":1016},"geometry":{"type":"LineString","coordinates":[[41.25,-14.86],[40.48,-13.5],[40.5,-12.81],[41.46,-13.5],[41.43,-14.0],[41.8,-14.75],[41.25,-14.86]]}},{"type":"Feature","properties":{"level":1016},"geometry":{"type":"LineString","coordinates":[[40.75,-12.28],[40.75,-11.9],[40.75,-12.28]]}},{"type":"Feature","properties":{"level":1016},"geometry":{"type":"LineString","coordinates":[[47.75,-12.05],[48.04,-12.0],[47.75,-12.05]]}},{"type":"Feature","properties":{"level":1016},"geometry":{"type":"LineString","coordinates":[[34.48,-9.75],[35.18,-9.75],[35.25,-8.86],[36.0,-8.35],[36.25,-7.85],[36.72,-7.75],[36.0,-7.53],[35.28,-8.0],[34.78,-9.0],[33.61,-9.0],[34.48,-9.75]]}},{"type":"Feature","properties":{"level":1016},"geometry":{"type":"LineString","coordinates":[[147.86,-9.5],[148.0,-9.63],[148.2,-9.25],[147.75,-8.88],[147.0,-7.39],[146.75,-7.13],[146.25,-7.2],[145.65,-6.0],[145.0,-5.63],[144.5,-5.76],[143.25,-4.96],[142.75,-5.34],[142.25,-5.36],[142.5,-5.86],[144.0,-6.65],[144.5,-6.17],[145.5,-6.78],[145.75,-7.29],[146.25,-7.3],[147.86,-9.5]]}},{"type":"Feature","properties":{"level":1016},"geometry":{"type":"LineString","coordinates":[[38.85,-8.5],[39.0,-8.69],[39.16,-8.5],[39.0,-8.31],[38.85,-8.5]]}},{"type":"Feature","properties":{"level":1016},"geometry":{"type":"LineString","coordinates":[[147.11,-6.5],[147.56,-6.25],[145.97,-5.75],[146.25,-6.12],[147.11,-6.5]]}},{"type":"Feature","properties":{"level":1016},"geometry":{"type":"LineString","coordinates":[[37.32,-6.0],[37.65,-6.0],[37.75,-5.64],[38.25,-5.82],[38.5,-5.49],[38.17,-5.25],[37.25,-5.19],[37.03,-5.5],[37.32,-6.0]]}},{"type":"Feature","properties":{"level":1016},"geometry":{"type":"LineString","coordinates":[[141.32,-5.25],[142.11,-5.25],[141.5,-5.14],[138.73,-3.5],[137.5,-3.64],[136.5,-3.45],[136.28,-3.5],[136.25,-3.82],[135.48,-4.0],[135.75,-4.19],[136.5,-4.05],[137.25,-4.32],[139.25,-4.46],[141.32,-5.25]]}},{"type":"Feature","properties":{"level":1016},"geometry":{"type":"LineString","coordinates":[[38.33,-5.0],[38.75,-5.16],[38.82,-4.75],[38.52,-4.5],[38.9,-4.0],[38.65,-3.5],[38.25,-3.39],[38.24,-3.75],[37.8,-4.0],[38.33,-5.0]]}},{"type":"Feature","properties":{"level":1016},"geometry":{"type":"LineString","coordinates":[[119.38,-2.75],[119.75,-2.93],[120.56,-2.25],[120.0,-1.96],[119.38,-2.75]]}},{"type":"Feature","properties":{"level":1016},"geometry":{"type":"LineString","coordinates":[[36.13,-1.0],[36.5,-0.85],[36.75,-1.18],[37.71,0.0],[37.25,0.22],[37.0,-0.21],[36.5,0.02],[36.25,-0.64],[35.75,-0.21],[35.59,-0.5],[36.13,-1.0]]}},{"type":"Feature","properties":{"level":1016},"geometry":{"type":"LineString","coordinates":[[97.22,3.5],[97.5,3.31],[97.77,3.75],[96.75,4.59],[96.68,4.25],[97.22,3.5]]}},{"type":"Feature","properties":{"level":1016},"geometry":{"type":"LineString","coordinates":[[38.24,4.75],[38.5,5.35],[39.5,5.3],[39.75,5.06],[40.12,5.75],[39.9,6.0],[40.02,6.25],[40.25,6.51],[40.76,6.5],[41.13,7.25],[40.25,7.91],[40.25,8.36],[40.5,8.67],[41.75,8.97],[42.03,9.25],[41.75,9.45],[41.04,9.25],[39.25,8.19],[38.5,7.29],[38.27,7.5],[38.75,8.58],[39.25,8.72],[39.87,9.75],[39.91,11.25],[39.64,12.25],[39.86,14.0],[39.5,15.0],[39.17,14.25],[39.37,14.0],[39.32,13.0],[39.25,12.62],[38.9,12.5],[38.98,12.0],[38.75,11.76],[38.11,12.0],[37.87,11.5],[38.75,11.72],[38.7,10.75],[39.02,10.5],[39.13,10.0],[38.29,9.75],[37.43,8.75],[37.97,8.5],[37.66,7.25],[38.31,6.75],[37.84,5.75],[38.24,4.75]]}},{"type":"Feature","properties":{"level":1016},"geometry":{"type":"LineString","coordinates":[[35.69,7.0],[36.0,7.24],[36.5,7.06],[36.76,7.5],[36.25,8.48],[35.28,7.75],[35.69,7.0]]}},{"type":"Feature","properties":{"level":1016},"geometry":{"type":"LineString","coordinates":[[42.92,9.0],[43.71,9.0],[43.58,9.5],[43.25,9.68],[42.17,9.5],[42.92,9.0]]}},{"type":"Feature","properties":{"level":1016},"geometry":{"type":"LineString","coordinates":[[37.48,10.25],[38.15,10.25],[38.31,10.5],[38.16,11.0],[37.5,11.39],[36.75,11.28],[36.73,10.75],[37.25,10.68],[37.48,10.25]]}},{"type":"Feature","properties":{"level":1016},"geometry":{"type":"LineString","coordinates":[[43.99,13.75],[44.75,13.76],[45.0,14.16],[45.25,13.73],[46.22,14.0],[45.47,14.25],[45.25,14.75],[45.0,14.68],[44.68,15.75],[44.11,16.25],[44.25,16.56],[44.86,16.5],[44.17,17.5],[44.0,19.1],[43.25,19.0],[40.75,21.14],[40.74,20.75],[41.83,19.75],[42.27,18.25],[43.25,17.75],[43.42,16.75],[43.91,16.5],[43.6,15.5],[44.06,15.0],[43.99,13.75]]}},{"type":"Feature","properties":{"level":1016},"geometry":{"type":"LineString","coordinates":[[48.13,14.75],[48.75,14.54],[49.27,15.0],[48.75,15.08],[48.13,14.75]]}},{"type":"Feature","properties":{"level":1016},"geometry":{"type":"LineString","coordinates":[[105.67,17.75],[106.12,17.75],[105.85,18.25],[105.97,19.25],[106.84,20.5],[107.75,21.33],[108.5,21.22],[109.5,21.88],[110.75,22.25],[111.25,21.95],[113.0,22.17],[113.75,22.72],[116.25,23.21],[116.41,23.5],[119.0,24.71],[120.5,25.17],[121.0,25.08],[121.15,24.75],[121.15,24.0],[120.81,23.5],[121.0,22.96],[121.92,24.5],[122.22,25.75],[125.11,29.0],[125.52,30.0],[126.0,30.5],[126.28,32.0],[126.2,33.0],[126.7,33.5],[125.94,35.25],[125.81,36.5],[124.25,39.03],[121.25,39.06],[120.24,39.5],[119.72,40.0],[120.37,40.75],[120.73,42.5],[119.86,43.5],[120.4,45.25],[119.99,47.0],[120.27,47.25],[120.25,48.1],[117.25,48.96],[117.54,49.5],[117.4,50.0],[116.5,50.23],[115.5,49.87],[114.62,50.25],[114.05,51.0],[113.49,51.25],[113.25,51.34],[113.0,50.96],[112.48,51.0],[113.0,51.37],[113.0,51.68],[112.25,52.02],[111.71,52.0],[111.76,52.5],[111.05,52.75],[110.89,53.25],[111.2,54.0],[111.99,54.25],[111.73,55.0],[111.89,55.5],[112.5,55.59],[112.75,55.89],[113.25,55.66],[113.7,55.75],[112.78,56.25],[112.81,56.5],[112.25,56.6],[111.63,56.25],[111.81,56.0],[111.25,55.54],[110.7,56.0],[110.5,56.53],[110.17,56.5],[109.22,57.25],[112.75,57.21],[114.28,57.5],[113.75,57.73],[113.69,58.0],[116.25,58.33],[118.0,57.79],[120.84,58.0],[121.19,58.25],[120.53,58.75],[120.92,60.0],[120.13,62.25],[117.82,63.5],[117.33,65.25],[118.04,66.75],[119.85,69.25],[119.88,70.0],[118.94,71.0],[118.35,71.25],[114.5,72.41],[111.5,72.95],[103.5,73.29],[97.75,71.27],[94.68,70.75],[90.75,70.46],[88.0,69.91],[86.84,69.0],[87.25,67.94],[88.72,67.5],[88.59,67.0],[90.0,66.54],[92.02,65.0],[94.43,63.75],[96.75,62.03],[101.75,58.95],[104.75,57.8],[108.88,57.0],[108.66,56.75],[108.87,56.5],[108.75,56.33],[107.75,55.98],[107.32,55.0],[108.75,54.59],[109.23,55.5],[109.88,55.75],[109.25,53.8],[108.73,53.5],[108.25,52.7],[107.13,52.25],[107.23,52.0],[106.25,50.86],[106.14,51.25],[105.75,51.42],[105.25,51.37],[105.0,51.09],[104.5,51.38],[103.25,50.96],[103.11,51.25],[103.57,51.5],[102.75,51.92],[102.2,51.0],[101.86,51.0],[101.75,51.39],[101.0,51.07],[101.11,50.75],[100.9,50.5],[101.0,50.26],[101.33,50.25],[101.08,50.0],[101.61,49.75],[101.32,49.5],[102.06,49.25],[101.5,48.97],[101.0,49.35],[100.5,49.25],[100.14,49.5],[100.5,49.95],[100.94,50.0],[100.0,50.08],[99.89,50.5],[100.19,50.75],[100.35,51.75],[99.5,52.18],[99.72,52.5],[99.31,52.75],[99.75,53.56],[100.5,53.66],[100.75,54.39],[99.75,55.19],[98.0,55.95],[97.25,56.64],[95.09,57.75],[92.0,58.6],[89.49,58.5],[87.23,57.75],[86.25,56.67],[83.77,55.25],[83.25,54.28],[76.75,51.52],[75.5,50.65],[73.25,50.0],[68.75,49.33],[65.5,49.25],[58.5,50.4],[54.09,53.75],[52.0,54.85],[49.51,55.25],[49.81,55.5],[49.25,55.67],[48.5,56.45],[46.25,56.12],[44.28,55.25],[44.61,54.5],[43.83,54.25],[43.24,53.5],[43.12,52.75],[41.0,52.34],[39.75,52.66],[38.75,53.6],[37.25,54.32],[35.25,54.66],[33.75,55.24],[21.75,55.83],[18.25,55.61],[5.25,55.82],[-4.0,55.27],[-5.21,55.5],[-4.75,55.75],[-5.11,56.5],[-5.75,56.79],[-11.75,56.38],[-19.5,56.59],[-41.0,58.13],[-49.0,59.85],[-52.75,59.54],[-53.87,58.75],[-53.94,58.25],[-54.83,57.25],[-55.06,56.5],[-56.43,54.25],[-56.28,53.75],[-56.53,53.25],[-58.25,51.88],[-58.9,51.0],[-57.72,50.0],[-57.81,49.25],[-57.36,48.75],[-57.61,48.25],[-57.42,47.5],[-56.33,46.75],[-55.26,45.0],[-55.11,44.0],[-54.22,43.0],[-54.07,41.5],[-54.25,40.5],[-55.0,39.17],[-55.5,38.86],[-57.75,37.99],[-58.5,37.92],[-59.25,37.18],[-62.0,36.51],[-63.75,35.35],[-66.0,32.8],[-66.5,32.5],[-66.5,31.91],[-66.89,31.75],[-67.7,30.75],[-67.96,29.75],[-68.6,29.25],[-68.55,28.75],[-68.78,28.5],[-68.04,28.25],[-68.0,27.75],[-64.5,26.56],[-62.0,24.94],[-58.5,24.4],[-55.0,24.24],[-50.75,24.85],[-49.5,25.5],[-48.75,25.45],[-47.16,26.75],[-44.25,28.06],[-41.0,27.89],[-39.25,28.01],[-38.25,28.37],[-37.75,28.16],[-37.5,28.5],[-36.05,29.25],[-34.25,29.64],[-33.96,29.5],[-34.29,29.0],[-34.25,28.57],[-33.75,27.94],[-33.41,28.0],[-33.43,27.0],[-32.75,26.55],[-31.25,26.42],[-29.75,25.66],[-28.25,25.79],[-26.0,25.51],[-24.75,26.11],[-24.75,26.76],[-23.13,26.75],[-21.5,27.84],[-20.75,28.06],[-18.0,30.15],[-14.5,31.27],[-11.5,33.24],[-11.25,32.78],[-10.95,33.0],[-11.0,33.36],[-10.25,33.73],[-10.0,33.62],[-9.54,34.0],[-9.86,34.5],[-9.75,34.91],[-10.42,35.0],[-10.37,35.25],[-8.75,35.01],[-7.75,35.95],[-7.47,35.5],[-7.76,35.25],[-7.68,34.75],[-8.0,34.94],[-8.75,34.44],[-9.42,33.25],[-8.84,33.0],[-8.25,32.18],[-7.75,32.78],[-5.77,33.0],[-6.75,31.97],[-7.7,31.5],[-9.59,31.25],[-9.52,30.75],[-8.47,30.5],[-9.15,30.0],[-9.66,29.25],[-9.5,29.12],[-9.0,29.09],[-7.25,29.74],[-6.78,29.5],[-7.13,29.25],[-6.82,28.75],[-5.75,28.74],[-3.5,28.22],[-0.25,28.69],[1.75,27.62],[2.25,27.71],[3.75,27.39],[5.25,26.69],[6.0,25.35],[6.65,25.25],[5.81,24.5],[5.93,24.25],[5.75,24.16],[5.5,24.92],[5.37,24.75],[5.29,24.25],[5.56,23.75],[5.29,23.25],[5.75,22.51],[7.25,23.37],[8.0,22.39],[9.25,22.7],[10.0,22.27],[12.25,21.96],[14.75,22.6],[16.0,21.74],[16.5,20.89],[17.0,20.81],[17.5,20.21],[18.0,20.46],[18.36,19.75],[19.25,19.37],[20.5,19.5],[21.25,20.06],[22.75,19.75],[25.75,20.7],[27.86,22.0],[30.0,23.91],[30.5,24.85],[31.0,24.66],[31.75,24.93],[32.08,25.75],[31.7,26.5],[32.25,26.5],[32.75,27.18],[33.14,27.25],[32.51,29.75],[32.75,29.93],[33.06,29.25],[34.05,28.25],[34.82,29.5],[35.5,32.15],[35.68,31.5],[35.05,30.0],[35.0,28.9],[35.5,28.6],[35.75,28.7],[35.74,29.5],[36.0,30.04],[36.5,30.49],[36.86,30.5],[36.7,31.75],[37.2,32.5],[37.0,33.08],[37.44,33.75],[37.98,34.0],[37.49,34.5],[38.77,35.0],[37.0,35.29],[36.6,36.0],[37.17,36.25],[38.0,37.22],[42.25,37.35],[43.25,36.84],[44.26,36.75],[44.34,36.25],[45.1,36.25],[45.06,35.75],[46.03,35.25],[45.82,34.5],[46.0,33.75],[46.75,33.18],[47.25,32.98],[47.75,33.25],[49.75,32.27],[50.25,31.02],[50.5,31.07],[50.98,30.5],[51.61,30.25],[52.24,29.0],[52.75,28.71],[53.25,29.19],[53.88,29.25],[53.5,29.4],[53.0,29.18],[52.61,29.5],[52.49,30.0],[54.0,29.78],[54.2,30.0],[54.0,30.86],[55.1,30.0],[54.25,29.69],[53.99,29.0],[55.31,28.5],[55.36,28.75],[54.85,29.0],[54.75,29.35],[55.58,28.75],[56.25,28.67],[57.0,28.25],[57.75,28.84],[58.25,28.39],[58.64,28.5],[57.51,30.75],[56.75,31.75],[56.68,32.0],[57.0,32.35],[57.64,32.5],[56.92,32.75],[56.64,33.25],[56.75,33.8],[57.5,32.85],[58.44,32.75],[58.36,32.5],[59.04,31.75],[59.75,31.39],[59.97,29.5],[60.48,28.0],[62.25,27.56],[62.3,28.0],[61.45,29.0],[62.24,29.25],[61.75,29.35],[61.0,30.04],[60.66,31.0],[62.12,33.25],[63.75,33.32],[63.94,33.25],[63.71,33.0],[64.0,32.82],[66.25,33.68],[66.66,33.5],[66.45,33.25],[66.52,32.75],[66.75,32.68],[68.11,33.5],[69.11,34.5],[69.24,35.0],[70.75,34.9],[71.5,35.26],[73.0,34.95],[74.5,33.37],[75.25,33.15],[77.1,31.75],[77.5,30.83],[78.25,30.77],[79.5,30.06],[80.5,29.82],[81.75,28.85],[82.34,28.75],[82.5,28.44],[83.0,28.25],[84.32,28.25],[87.0,27.15],[87.25,27.4],[88.0,26.93],[88.5,27.25],[89.75,26.87],[91.75,26.87],[92.75,27.24],[93.5,27.17],[94.08,27.5],[94.25,28.03],[94.75,28.29],[95.75,28.33],[96.29,28.0],[96.61,27.0],[97.25,26.76],[97.29,27.5],[97.5,27.56],[97.87,27.25],[98.11,26.0],[97.75,24.7],[98.5,24.61],[98.75,24.11],[99.07,24.5],[99.52,24.5],[99.57,24.25],[99.0,24.0],[98.93,23.75],[99.73,22.5],[99.2,21.75],[99.5,20.99],[99.75,21.64],[100.5,21.43],[101.08,22.0],[101.0,21.09],[101.25,20.95],[101.5,21.2],[102.01,20.75],[102.0,20.48],[102.5,20.85],[102.65,20.75],[102.42,19.25],[103.25,18.73],[103.5,19.06],[103.75,19.0],[105.67,17.75]]}},{"type":"Feature","properties":{"level":1016},"geometry":{"type":"LineString","coordinates":[[-98.79,19.0],[-98.25,19.54],[-98.0,19.34],[-97.5,19.45],[-97.25,18.83],[-96.87,19.75],[-97.75,20.12],[-99.25,21.53],[-100.21,21.25],[-99.76,20.25],[-99.91,20.0],[-99.5,19.47],[-99.0,19.82],[-98.79,19.0]]}},{"type":"Feature","properties":{"level":1016},"geometry":{"type":"LineString","coordinates":[[93.73,21.25],[93.5,22.94],[93.46,21.75],[93.73,21.25]]}},{"type":"Feature","properties":{"level":1016},"geometry":{"type":"LineString","coordinates":[[-101.25,23.53],[-101.25,24.32],[-101.0,24.2],[-100.75,24.62],[-100.25,24.32],[-100.5,23.79],[-101.25,23.53]]}},{"type":"Feature","properties":{"level":1016},"geometry":{"type":"LineString","coordinates":[[-11.83,23.75],[-11.42,23.75],[-11.37,24.75],[-10.89,25.0],[-11.18,25.25],[-10.9,25.75],[-12.0,26.29],[-12.5,26.23],[-12.77,26.0],[-13.0,24.55],[-13.27,24.5],[-12.25,23.79],[-11.83,23.75]]}},{"type":"Feature","properties":{"level":1016},"geometry":{"type":"LineString","coordinates":[[93.78,25.25],[94.75,25.19],[95.25,25.75],[95.33,26.5],[94.64,26.25],[93.78,25.25]]}},{"type":"Feature","properties":{"level":1016},"geometry":{"type":"LineString","coordinates":[[-180.0,26.18],[-178.38,23.0],[-176.84,21.0],[-175.5,19.92],[-174.5,19.76],[-173.75,19.23],[-170.5,18.26],[-169.25,18.42],[-167.5,18.06],[-161.0,19.69],[-158.75,19.63],[-156.5,20.41],[-156.0,20.35],[-155.96,19.25],[-155.5,19.01],[-155.25,19.26],[-152.75,19.51],[-151.5,19.99],[-148.5,20.23],[-146.5,21.24],[-143.0,21.81],[-142.5,21.68],[-140.75,22.26],[-139.5,22.17],[-137.0,23.06],[-136.25,22.98],[-135.73,23.5],[-134.36,23.75],[-133.5,24.19],[-131.25,26.05],[-131.0,26.75],[-129.25,28.13],[-127.25,30.76],[-126.86,32.25],[-126.3,33.0],[-126.07,34.75],[-125.45,36.25],[-125.78,37.25],[-125.67,39.25],[-124.85,40.75],[-124.5,42.71],[-124.0,42.62],[-123.75,42.08],[-123.25,41.88],[-123.36,41.5],[-123.0,40.89],[-122.0,41.35],[-121.25,41.12],[-121.65,40.5],[-121.5,40.0],[-120.75,39.59],[-120.3,38.5],[-118.91,36.75],[-118.25,35.18],[-117.75,35.96],[-117.42,36.0],[-117.46,36.75],[-117.26,37.0],[-115.5,36.81],[-115.5,36.51],[-115.75,36.74],[-116.02,36.5],[-115.5,35.84],[-114.97,36.5],[-114.95,37.0],[-114.0,37.16],[-113.81,37.0],[-113.84,36.25],[-114.26,35.5],[-114.03,35.0],[-113.75,34.76],[-113.5,34.92],[-112.5,34.12],[-111.75,34.05],[-110.75,33.0],[-110.87,32.5],[-110.63,32.0],[-111.12,31.25],[-110.87,30.5],[-110.5,30.05],[-109.25,29.86],[-108.55,29.25],[-108.23,27.75],[-106.42,25.5],[-105.68,23.75],[-104.25,22.81],[-104.0,23.08],[-103.75,22.79],[-103.5,22.87],[-103.25,22.35],[-102.75,22.63],[-102.5,22.18],[-102.3,22.75],[-102.51,23.25],[-101.75,24.03],[-101.33,23.5],[-101.5,23.11],[-101.86,23.0],[-101.75,22.38],[-100.67,22.25],[-100.25,21.82],[-100.42,22.25],[-100.2,23.0],[-100.38,23.25],[-100.0,23.66],[-100.02,23.25],[-99.73,23.25],[-99.5,22.78],[-99.23,23.0],[-99.35,24.25],[-98.56,24.75],[-98.9,25.25],[-98.5,26.73],[-97.0,28.06],[-95.0,28.95],[-94.68,29.25],[-94.82,29.5],[-94.28,30.5],[-93.5,30.98],[-91.5,31.7],[-91.0,31.25],[-90.5,31.69],[-90.55,31.25],[-90.25,31.11],[-89.97,31.5],[-90.41,31.75],[-90.07,32.5],[-88.75,32.84],[-88.5,33.25],[-86.5,33.45],[-85.75,34.19],[-85.88,33.75],[-85.0,33.91],[-84.9,34.25],[-85.15,34.5],[-84.75,34.74],[-84.25,34.46],[-82.5,35.04],[-81.5,34.66],[-81.33,34.5],[-81.75,33.74],[-81.5,33.56],[-81.0,34.1],[-80.64,33.75],[-81.5,33.46],[-81.5,33.02],[-81.25,32.95],[-80.87,33.0],[-80.75,33.39],[-80.0,33.28],[-78.5,34.0],[-77.5,34.05],[-77.24,34.75],[-75.0,36.54],[-74.44,37.75],[-74.43,38.25],[-75.4,39.5],[-74.85,40.75],[-74.72,41.5],[-74.91,42.25],[-74.6,42.75],[-75.03,43.5],[-75.13,44.25],[-74.3,44.5],[-74.31,44.75],[-75.76,45.75],[-76.7,46.75],[-77.26,47.75],[-78.5,48.97],[-79.75,51.02],[-81.23,52.75],[-82.31,55.75],[-82.61,58.5],[-83.19,59.5],[-84.25,60.75],[-85.52,61.75],[-85.89,62.5],[-86.95,63.5],[-86.98,64.5],[-87.93,65.25],[-87.97,65.75],[-89.05,66.5],[-91.0,67.21],[-93.48,67.0],[-94.47,65.75],[-94.55,64.0],[-95.01,63.0],[-95.21,61.5],[-96.31,59.5],[-96.31,58.75],[-97.58,57.5],[-97.93,56.0],[-97.81,54.25],[-98.16,52.5],[-97.91,50.0],[-97.03,45.75],[-99.14,42.25],[-100.75,40.96],[-101.75,39.72],[-103.25,39.25],[-103.75,38.78],[-105.25,39.4],[-105.51,41.0],[-106.49,41.75],[-106.36,42.25],[-108.25,42.27],[-108.75,42.63],[-109.58,43.5],[-109.01,43.75],[-109.71,44.5],[-109.43,45.0],[-110.0,45.32],[-110.48,45.25],[-110.58,45.0],[-110.24,44.75],[-110.5,44.45],[-111.0,44.98],[-112.75,44.41],[-113.5,44.55],[-114.5,44.16],[-114.69,44.25],[-114.5,44.64],[-115.53,44.5],[-115.13,43.75],[-114.75,43.55],[-113.75,43.5],[-113.25,44.09],[-113.31,43.5],[-113.0,43.41],[-111.5,44.21],[-110.97,44.0],[-111.61,43.25],[-111.35,42.75],[-111.5,42.6],[-112.25,42.26],[-113.03,42.25],[-113.0,41.89],[-112.75,42.08],[-112.36,41.75],[-112.25,42.09],[-112.0,41.92],[-111.83,40.75],[-112.69,40.5],[-112.65,40.25],[-113.46,39.25],[-114.19,40.25],[-114.32,41.25],[-113.24,41.75],[-115.0,41.98],[-116.47,41.25],[-116.25,40.9],[-115.71,41.0],[-115.75,41.31],[-115.5,41.2],[-115.4,41.0],[-115.75,40.4],[-116.0,40.53],[-116.25,40.12],[-118.24,39.5],[-118.25,39.21],[-119.25,39.22],[-119.26,40.0],[-119.9,40.25],[-119.9,40.5],[-119.25,41.32],[-118.14,42.0],[-118.25,42.24],[-118.88,42.0],[-118.25,43.25],[-118.5,43.56],[-119.25,43.33],[-119.62,43.5],[-119.21,44.25],[-118.67,44.25],[-118.17,45.0],[-118.75,45.32],[-120.5,45.19],[-120.63,45.75],[-121.17,46.25],[-120.75,47.18],[-120.49,47.25],[-120.77,47.5],[-120.42,49.0],[-121.25,50.0],[-121.75,50.03],[-123.25,51.02],[-124.5,51.36],[-126.75,52.49],[-126.8,53.0],[-128.75,53.51],[-131.0,52.05],[-133.75,51.36],[-134.75,50.83],[-141.25,49.6],[-142.0,49.18],[-142.75,49.29],[-145.5,48.54],[-146.25,48.07],[-148.75,47.87],[-152.5,47.03],[-154.5,47.07],[-156.75,46.65],[-157.25,46.85],[-163.5,46.73],[-171.29,48.0],[-173.42,48.75],[-177.0,50.71],[-180.0,53.84]]}},{"type":"Feature","properties":{"level":1016},"geometry":{"type":"LineString","coordinates":[[-13.48,26.75],[-12.75,26.55],[-12.37,27.0],[-12.76,27.25],[-12.55,27.75],[-13.25,27.82],[-13.86,27.5],[-14.0,27.11],[-13.48,26.75]]}},{"type":"Feature","properties":{"level":1016},"geometry":{"type":"LineString","coordinates":[[31.0,27.34],[31.0,27.71],[31.21,27.5],[31.0,27.34]]}},{"type":"Feature","properties":{"level":1016},"geometry":{"type":"LineString","coordinates":[[-15.59,28.0],[-15.43,28.0],[-15.59,28.0]]}},{"type":"Feature","properties":{"level":1016},"geometry":{"type":"LineString","coordinates":[[30.75,27.99],[30.75,28.36],[30.93,28.25],[30.75,27.99]]}},{"type":"Feature","properties":{"level":1016},"geometry":{"type":"LineString","coordinates":[[31.25,28.21],[31.09,28.25],[31.25,28.21]]}},{"type":"Feature","properties":{"level":1016},"geometry":{"type":"LineString","coordinates":[[31.0,28.35],[30.57,29.0],[31.0,28.89],[31.0,28.35]]}},{"type":"Feature","properties":{"level":1016},"geometry":{"type":"LineString","coordinates":[[66.15,28.5],[66.5,28.44],[66.92,29.0],[66.75,29.74],[66.07,29.0],[66.15,28.5]]}},{"type":"Feature","properties":{"level":1016},"geometry":{"type":"LineString","coordinates":[[-17.91,28.75],[-17.66,28.75],[-17.91,28.75]]}},{"type":"Feature","properties":{"level":1016},"geometry":{"type":"LineString","coordinates":[[63.17,29.5],[64.29,29.5],[63.5,29.77],[63.17,29.5]]}},{"type":"Feature","properties":{"level":1016},"geometry":{"type":"LineString","coordinates":[[55.75,30.44],[55.23,31.0],[55.48,31.25],[55.16,31.75],[55.25,32.07],[55.59,31.5],[55.58,31.0],[56.07,30.5],[55.75,30.44]]}},{"type":"Feature","properties":{"level":1016},"geometry":{"type":"LineString","coordinates":[[67.25,30.5],[67.9,30.5],[67.62,30.75],[67.69,31.0],[67.5,31.16],[66.75,31.04],[67.25,30.92],[67.25,30.5]]}},{"type":"Feature","properties":{"level":1016},"geometry":{"type":"LineString","coordinates":[[-83.1,32.75],[-82.9,32.75],[-83.1,32.75]]}},{"type":"Feature","properties":{"level":1016},"geometry":{"type":"LineString","coordinates":[[-35.5,32.7],[-37.25,33.71],[-37.45,34.5],[-37.42,35.0],[-37.0,35.56],[-35.75,36.06],[-34.4,35.75],[-34.0,35.32],[-33.75,34.5],[-34.5,32.77],[-35.5,32.7]]}},{"type":"Feature","properties":{"level":1016},"geometry":{"type":"LineString","coordinates":[[-82.89,33.0],[-82.64,33.0],[-82.89,33.0]]}},{"type":"Feature","properties":{"level":1016},"geometry":{"type":"LineString","coordinates":[[78.75,32.91],[78.8,33.75],[79.25,33.83],[80.32,33.5],[79.0,33.46],[78.82,33.25],[79.28,33.0],[78.75,32.91]]}},{"type":"Feature","properties":{"level":1016},"geometry":{"type":"LineString","coordinates":[[69.12,33.25],[69.25,33.05],[69.75,33.77],[70.55,34.0],[69.5,34.4],[69.05,33.75],[69.12,33.25]]}},{"type":"Feature","properties":{"level":1016},"geometry":{"type":"LineString","coordinates":[[-87.0,33.56],[-87.0,33.81],[-87.0,33.56]]}},{"type":"Feature","properties":{"level":1016},"geometry":{"type":"LineString","coordinates":[[77.75,33.71],[76.84,34.25],[77.93,34.25],[77.75,33.71]]}},{"type":"Feature","properties":{"level":1016},"geometry":{"type":"LineString","coordinates":[[-5.25,33.98],[-5.87,34.5],[-4.75,34.56],[-4.36,34.25],[-4.5,33.95],[-5.25,33.98]]}},{"type":"Feature","properties":{"level":1016},"geometry":{"type":"LineString","coordinates":[[-85.5,34.19],[-85.72,34.25],[-85.24,34.25],[-85.5,34.19]]}},{"type":"Feature","properties":{"level":1016},"geometry":{"type":"LineString","coordinates":[[126.71,34.5],[127.0,34.9],[127.78,35.25],[128.04,35.75],[127.75,36.3],[127.25,36.34],[126.66,35.75],[126.71,34.5]]}},{"type":"Feature","properties":{"level":1016},"geometry":{"type":"LineString","coordinates":[[35.75,34.64],[35.75,35.12],[35.75,34.64]]}},{"type":"Feature","properties":{"level":1016},"geometry":{"type":"LineString","coordinates":[[73.75,35.44],[73.57,35.5],[74.42,35.75],[74.11,36.0],[74.25,36.17],[74.76,35.75],[74.58,35.5],[73.75,35.44]]}},{"type":"Feature","properties":{"level":1016},"geometry":{"type":"LineString","coordinates":[[-12.75,35.97],[-13.25,36.19],[-14.25,36.14],[-14.82,36.5],[-15.05,37.0],[-14.76,37.75],[-13.36,39.25],[-12.14,41.75],[-11.46,42.5],[-9.5,43.15],[-8.32,43.0],[-8.0,42.67],[-7.5,43.02],[-7.11,42.5],[-8.77,41.5],[-8.25,41.07],[-8.03,40.5],[-8.2,40.0],[-7.5,39.3],[-6.88,39.25],[-6.63,39.0],[-7.13,38.5],[-7.5,37.6],[-11.0,36.76],[-12.75,35.97]]}},{"type":"Feature","properties":{"level":1016},"geometry":{"type":"LineString","coordinates":[[35.75,35.78],[35.04,36.5],[35.75,36.51],[35.75,35.78]]}},{"type":"Feature","properties":{"level":1016},"geometry":{"type":"LineString","coordinates":[[80.75,36.19],[80.25,36.64],[79.75,36.53],[77.0,37.37],[76.37,38.0],[76.53,38.25],[75.09,39.5],[76.0,40.04],[79.25,40.86],[79.41,41.0],[79.05,41.25],[79.5,41.61],[80.25,41.55],[82.67,42.25],[85.75,41.9],[86.17,42.0],[85.82,42.25],[86.0,42.31],[87.25,42.32],[87.59,42.25],[87.9,41.5],[88.25,41.35],[90.0,41.24],[91.17,42.0],[90.5,42.09],[89.75,41.66],[89.25,41.68],[88.39,42.0],[88.5,42.21],[89.21,42.25],[88.16,42.75],[88.5,43.08],[90.5,43.26],[93.0,43.26],[94.43,42.75],[95.21,42.0],[94.84,41.75],[94.96,41.0],[96.0,40.87],[96.9,40.25],[94.19,39.5],[90.5,39.15],[89.0,38.79],[88.5,38.32],[83.5,36.62],[82.25,36.6],[81.5,36.16],[80.75,36.19]]}},{"type":"Feature","properties":{"level":1016},"geometry":{"type":"LineString","coordinates":[[-104.25,37.73],[-105.23,38.5],[-104.5,38.51],[-103.89,37.75],[-104.25,37.73]]}},{"type":"Feature","properties":{"level":1016},"geometry":{"type":"LineString","coordinates":[[-75.0,38.13],[-75.0,38.3],[-75.0,38.13]]}},{"type":"Feature","properties":{"level":1016},"geometry":{"type":"LineString","coordinates":[[125.69,39.5],[126.5,39.34],[127.31,40.25],[128.75,40.88],[129.25,41.61],[129.25,42.14],[128.5,42.86],[127.5,43.13],[126.69,42.5],[124.25,41.55],[123.22,40.5],[123.5,40.15],[125.69,39.5]]}},{"type":"Feature","properties":{"level":1016},"geometry":{"type":"LineString","coordinates":[[151.0,42.08],[151.0,42.39],[151.0,42.08]]}},{"type":"Feature","properties":{"level":1016},"geometry":{"type":"LineString","coordinates":[[95.25,43.68],[94.22,44.0],[95.6,44.0],[95.5,43.62],[95.25,43.68]]}},{"type":"Feature","properties":{"level":1016},"geometry":{"type":"LineString","coordinates":[[94.5,45.9],[93.9,46.5],[93.5,46.67],[93.25,46.5],[92.7,46.75],[92.7,47.0],[92.0,47.15],[91.25,47.93],[90.94,48.75],[90.19,49.0],[90.0,49.92],[90.75,49.95],[90.62,50.25],[91.0,50.35],[91.36,50.0],[90.89,49.75],[91.25,49.36],[91.5,49.36],[91.75,49.77],[92.0,49.51],[94.25,49.6],[94.71,49.5],[94.51,49.25],[95.45,49.0],[96.44,47.0],[95.5,47.02],[95.27,46.75],[96.0,46.4],[96.14,46.0],[94.5,45.9]]}},{"type":"Feature","properties":{"level":1016},"geometry":{"type":"LineString","coordinates":[[180.0,53.84],[178.75,55.03],[176.75,56.02],[172.75,56.36],[167.25,57.25],[160.5,57.22],[160.25,57.77],[158.5,56.95],[157.93,57.0],[156.25,56.37],[151.25,53.64],[149.5,52.24],[148.58,50.25],[148.77,46.75],[148.41,45.25],[148.86,44.25],[149.95,43.0],[150.05,42.5],[151.0,41.86],[151.24,40.75],[151.05,39.75],[151.8,37.75],[153.2,35.25],[153.79,34.75],[154.01,33.75],[154.62,33.25],[155.68,31.25],[157.79,28.25],[160.56,26.25],[162.0,25.93],[163.5,26.17],[164.0,25.58],[164.5,25.46],[167.25,25.78],[170.0,27.1],[172.5,28.89],[173.75,29.35],[175.5,29.46],[178.09,28.5],[180.0,26.18]]}},{"type":"Feature","properties":{"level":1016},"geometry":{"type":"LineString","coordinates":[[-46.54,61.5],[-44.14,61.5],[-44.97,62.0],[-44.88,62.75],[-45.25,63.08],[-45.75,62.95],[-45.87,62.5],[-46.61,62.25],[-46.88,61.75],[-46.54,61.5]]}},{"type":"Feature","properties":{"level":1016},"geometry":{"type":"LineString","coordinates":[[-45.18,63.75],[-44.25,63.61],[-43.61,64.0],[-43.46,65.0],[-43.78,66.0],[-43.63,66.5],[-43.28,66.75],[-43.5,66.93],[-45.0,66.36],[-46.85,66.25],[-46.79,65.75],[-45.96,65.0],[-45.18,63.75]]}},{"type":"Feature","properties":{"level":1016},"geometry":{"type":"LineString","coordinates":[[-43.15,67.75],[-42.32,67.75],[-41.5,68.58],[-40.75,68.03],[-38.5,68.01],[-37.0,67.73],[-36.17,68.0],[-37.0,68.6],[-37.08,69.25],[-37.75,69.91],[-40.5,70.45],[-41.5,70.06],[-42.04,69.5],[-42.0,69.15],[-42.57,69.0],[-42.42,68.5],[-42.59,68.0],[-43.15,67.75]]}},{"type":"Feature","properties":{"level":1016},"geometry":{"type":"LineString","coordinates":[[-43.74,72.25],[-41.25,72.15],[-39.25,72.8],[-38.75,72.54],[-36.75,73.14],[-35.17,73.25],[-35.5,73.52],[-34.0,73.39],[-31.75,73.66],[-30.76,74.0],[-30.53,74.5],[-31.0,74.83],[-33.5,75.25],[-38.25,73.94],[-38.45,74.0],[-38.39,74.5],[-38.75,74.91],[-40.25,74.73],[-44.75,74.85],[-45.55,74.5],[-45.44,72.75],[-43.74,72.25]]}},{"type":"Feature","properties":{"level":1016},"geometry":{"type":"LineString","coordinates":[[-33.07,75.5],[-32.5,75.37],[-32.2,75.5],[-32.21,75.75],[-33.25,75.75],[-33.07,75.5]]}},{"type":"Feature","properties":{"level":1016},"geometry":{"type":"LineString","coordinates":[[-180.0,81.49],[-161.75,82.85],[-152.5,83.3],[-139.0,83.36],[-118.75,82.63],[-115.5,83.06],[-114.33,83.5],[-114.09,84.0],[-114.81,85.0],[-119.25,85.65],[-130.0,86.19],[-144.5,86.29],[-156.75,85.97],[-162.0,85.6],[-169.94,84.75],[-176.94,83.75],[-180.0,83.08]]}},{"type":"Feature","properties":{"level":1016},"geometry":{"type":"LineString","coordinates":[[180.0,83.08],[177.95,82.5],[177.05,82.0],[177.75,81.58],[180.0,81.49]]}},{"type":"Feature","properties":{"level":1020},"geometry":{"type":"LineString","coordinates":[[11.84,-89.0],[51.0,-89.11],[72.75,-88.56],[77.94,-87.5],[93.63,-86.75],[95.82,-86.5],[94.11,-86.25],[95.96,-86.0],[101.87,-85.25],[111.75,-84.43],[120.75,-83.07],[124.55,-82.75],[126.92,-82.25],[126.86,-82.0],[127.25,-81.72],[130.38,-81.25],[125.75,-81.03],[124.07,-80.5],[123.4,-79.75],[123.0,-79.66],[114.49,-79.75],[113.82,-79.5],[114.28,-79.0],[113.91,-78.25],[112.82,-77.75],[97.23,-75.5],[94.55,-74.75],[94.5,-74.25],[93.37,-73.75],[96.25,-73.04],[96.75,-73.16],[98.0,-72.84],[98.5,-73.01],[99.0,-72.75],[99.08,-73.0],[110.02,-74.5],[119.25,-74.63],[130.25,-73.54],[132.85,-72.75],[131.5,-72.27],[128.75,-72.78],[125.75,-72.54],[121.25,-72.9],[113.5,-73.06],[109.95,-72.5],[106.76,-71.0],[104.5,-70.88],[98.75,-71.51],[96.0,-71.44],[94.25,-71.65],[92.0,-72.62],[90.25,-72.99],[89.72,-72.75],[89.88,-72.25],[89.5,-71.9],[86.0,-72.08],[85.25,-71.76],[84.5,-71.85],[82.75,-72.29],[81.5,-73.11],[80.2,-73.25],[78.11,-74.75],[77.75,-75.26],[76.8,-75.75],[72.75,-76.32],[66.0,-76.59],[62.0,-75.9],[53.25,-75.51],[52.44,-75.0],[52.26,-74.75],[52.38,-74.0],[53.74,-73.25],[55.75,-72.65],[57.84,-70.75],[56.75,-70.6],[47.5,-72.77],[40.25,-73.6],[36.5,-74.27],[29.0,-74.69],[23.5,-75.45],[23.0,-75.75],[18.5,-76.71],[18.31,-77.0],[16.88,-77.5],[16.66,-78.0],[15.64,-78.5],[7.5,-80.66],[0.25,-81.71],[-3.5,-81.71],[-10.52,-82.25],[-14.06,-83.0],[-14.63,-83.25],[-14.92,-83.75],[-15.75,-84.1],[-19.25,-84.08],[-27.25,-84.6],[-29.8,-85.0],[-31.5,-85.83],[-38.0,-86.21],[-39.67,-86.5],[-36.4,-87.5],[-28.25,-88.03],[-8.18,-88.75],[11.84,-89.0]]}},{"type":"Feature","properties":{"level":1020},"geometry":{"type":"LineString","coordinates":[[54.47,-53.5],[62.0,-53.65],[67.0,-53.18],[69.25,-52.39],[72.76,-49.75],[74.89,-47.75],[79.96,-41.5],[80.53,-40.5],[80.62,-39.25],[80.99,-38.5],[80.69,-37.5],[79.25,-36.06],[72.0,-32.65],[70.75,-31.78],[68.32,-29.5],[66.84,-27.75],[65.62,-25.75],[64.75,-24.1],[64.55,-22.75],[63.94,-21.5],[63.5,-21.16],[63.25,-20.5],[61.75,-19.25],[61.21,-18.5],[59.95,-18.0],[58.75,-16.99],[52.25,-16.02],[50.25,-14.55],[50.04,-14.0],[49.5,-13.62],[49.0,-13.77],[48.6,-14.25],[48.51,-16.0],[47.44,-17.0],[47.18,-17.75],[46.66,-18.25],[46.56,-22.0],[45.75,-22.22],[45.69,-22.5],[45.95,-23.25],[45.89,-24.0],[46.53,-24.25],[46.5,-25.49],[44.25,-26.83],[43.0,-27.14],[40.5,-30.1],[38.0,-30.97],[35.5,-32.45],[34.86,-33.25],[34.07,-35.0],[33.95,-38.75],[35.18,-42.5],[36.35,-44.5],[38.0,-46.51],[41.26,-49.25],[43.5,-50.6],[46.91,-52.0],[50.25,-52.84],[54.47,-53.5]]}},{"type":"Feature","properties":{"level":1020},"geometry":{"type":"LineString","coordinates":[[-180.0,-51.96],[-173.75,-52.12],[-167.75,-51.27],[-164.75,-50.48],[-157.0,-47.82],[-153.72,-46.25],[-151.0,-44.08],[-149.58,-41.75],[-148.21,-37.75],[-147.7,-37.0],[-148.02,-36.25],[-148.0,-34.94],[-146.0,-32.9],[-145.25,-32.47],[-144.0,-30.0],[-142.5,-29.27],[-138.75,-28.57],[-136.75,-28.71],[-135.25,-29.39],[-129.0,-31.02],[-121.0,-34.96],[-114.5,-37.43],[-104.5,-39.63],[-100.75,-40.18],[-98.75,-39.82],[-97.0,-38.75],[-96.14,-36.75],[-96.04,-33.5],[-95.56,-32.25],[-95.84,-31.75],[-95.43,-31.25],[-95.6,-29.25],[-95.96,-28.75],[-97.25,-28.56],[-97.5,-28.27],[-98.0,-28.4],[-99.5,-27.7],[-100.25,-28.1],[-100.69,-27.25],[-101.5,-27.19],[-102.0,-26.6],[-103.25,-26.19],[-104.6,-25.0],[-105.25,-24.78],[-105.75,-24.93],[-107.0,-24.42],[-108.5,-24.17],[-109.0,-24.35],[-110.0,-24.16],[-111.0,-24.32],[-113.5,-24.08],[-113.75,-24.28],[-114.75,-24.05],[-115.25,-24.22],[-117.0,-24.03],[-119.0,-24.21],[-119.75,-24.56],[-120.5,-24.43],[-122.25,-24.79],[-123.25,-24.69],[-124.0,-25.14],[-125.0,-25.08],[-125.5,-25.42],[-126.0,-25.2],[-126.75,-25.42],[-127.75,-24.51],[-128.25,-24.31],[-128.5,-24.49],[-129.48,-24.0],[-130.75,-24.55],[-131.25,-24.19],[-131.75,-24.57],[-133.0,-23.74],[-133.5,-24.09],[-134.25,-24.04],[-136.0,-23.05],[-136.5,-23.26],[-137.75,-22.78],[-138.0,-23.06],[-138.5,-23.09],[-139.5,-22.19],[-142.83,-22.5],[-145.0,-21.58],[-146.25,-20.78],[-148.0,-20.23],[-148.92,-19.5],[-151.25,-19.48],[-154.25,-18.6],[-154.5,-18.93],[-155.0,-19.03],[-155.5,-18.74],[-158.75,-18.3],[-162.0,-18.75],[-163.0,-18.56],[-163.5,-18.81],[-164.25,-18.68],[-164.75,-18.32],[-168.0,-18.6],[-168.75,-18.95],[-169.25,-18.8],[-169.76,-19.0],[-170.25,-19.57],[-171.25,-19.49],[-171.5,-20.18],[-171.75,-20.09],[-172.75,-20.73],[-175.52,-21.0],[-177.25,-22.27],[-180.0,-22.75]]}},{"type":"Feature","properties":{"level":1020},"geometry":{"type":"LineString","coordinates":[[-23.1,-45.5],[-20.75,-45.62],[-18.75,-45.02],[-13.75,-44.36],[-10.75,-43.7],[-1.5,-41.46],[4.46,-39.25],[6.27,-37.75],[6.94,-36.75],[7.54,-34.75],[7.97,-34.25],[8.28,-32.0],[7.21,-29.5],[4.52,-26.0],[4.18,-25.25],[2.39,-23.5],[-0.25,-21.92],[-5.08,-19.75],[-7.5,-19.53],[-8.99,-19.0],[-12.0,-18.43],[-15.0,-18.33],[-16.25,-18.62],[-18.0,-18.24],[-21.0,-18.08],[-27.5,-19.08],[-30.0,-19.97],[-31.0,-20.55],[-32.25,-21.71],[-33.75,-22.49],[-34.27,-23.0],[-34.17,-23.75],[-35.0,-24.25],[-35.12,-24.75],[-33.96,-27.25],[-34.06,-28.25],[-32.68,-30.25],[-30.43,-32.75],[-29.74,-33.75],[-29.75,-34.39],[-28.74,-35.5],[-27.99,-37.25],[-25.92,-39.75],[-24.32,-43.75],[-23.1,-45.5]]}},{"type":"Feature","properties":{"level":1020},"geometry":{"type":"LineString","coordinates":[[119.61,-41.75],[121.5,-41.78],[125.92,-40.75],[131.25,-38.25],[132.71,-37.25],[133.12,-36.5],[134.25,-36.04],[137.0,-35.39],[141.0,-35.27],[141.36,-35.0],[141.48,-34.5],[141.31,-32.25],[139.75,-31.77],[139.4,-31.25],[139.25,-30.22],[138.69,-30.5],[138.25,-31.23],[138.0,-31.16],[137.46,-30.75],[137.19,-30.0],[135.77,-28.75],[132.25,-26.2],[131.5,-26.37],[131.0,-26.21],[130.75,-26.41],[130.0,-26.2],[128.75,-27.45],[128.25,-27.34],[127.5,-27.58],[127.25,-27.28],[126.25,-27.5],[125.25,-27.28],[124.5,-27.48],[123.4,-28.5],[123.26,-29.0],[123.75,-29.8],[124.32,-30.0],[122.25,-30.23],[121.5,-30.63],[120.75,-30.6],[120.0,-31.02],[118.5,-31.24],[118.25,-31.47],[116.75,-31.31],[116.0,-32.22],[114.75,-32.74],[114.0,-32.32],[113.5,-32.48],[113.35,-32.0],[112.75,-31.91],[112.25,-31.52],[111.25,-31.58],[111.0,-31.14],[110.5,-31.33],[110.5,-30.58],[108.75,-29.36],[106.75,-27.04],[106.52,-26.25],[106.25,-26.47],[106.0,-26.28],[104.57,-24.25],[103.25,-23.47],[102.75,-23.58],[100.5,-22.76],[99.0,-22.94],[97.5,-23.49],[96.5,-23.51],[95.75,-24.08],[94.75,-24.28],[94.0,-25.02],[93.5,-24.72],[92.5,-24.63],[92.0,-24.15],[91.5,-24.44],[90.75,-24.22],[90.48,-24.75],[90.82,-24.75],[90.86,-25.25],[90.25,-25.92],[89.5,-25.85],[89.0,-25.34],[88.75,-25.38],[88.75,-26.96],[89.0,-27.22],[89.5,-26.83],[89.73,-27.25],[89.25,-28.29],[90.25,-28.07],[91.0,-29.66],[91.75,-30.36],[92.0,-30.2],[92.75,-30.52],[93.0,-31.15],[93.75,-30.89],[96.5,-31.67],[97.0,-32.06],[97.75,-31.86],[98.75,-32.04],[99.25,-32.64],[99.5,-32.51],[100.75,-33.32],[102.0,-32.64],[103.5,-32.85],[105.0,-33.52],[106.0,-33.62],[106.86,-34.0],[106.64,-34.25],[107.25,-34.51],[108.56,-34.5],[108.95,-34.75],[108.78,-35.0],[109.97,-36.0],[111.89,-36.5],[112.86,-38.75],[117.0,-41.27],[119.61,-41.75]]}},{"type":"Feature","properties":{"level":1020},"geometry":{"type":"LineString","coordinates":[[104.0,-31.77],[104.5,-31.6],[104.62,-31.75],[104.0,-31.77]]}},{"type":"Feature","properties":{"level":1020},"geometry":{"type":"LineString","coordinates":[[-70.53,-29.5],[-70.25,-29.65],[-69.75,-29.17],[-69.54,-28.5],[-68.43,-27.0],[-68.5,-26.19],[-69.25,-26.99],[-70.53,-29.5]]}},{"type":"Feature","properties":{"level":1020},"geometry":{"type":"LineString","coordinates":[[89.97,-29.0],[90.25,-29.1],[90.25,-28.79],[89.97,-29.0]]}},{"type":"Feature","properties":{"level":1020},"geometry":{"type":"LineString","coordinates":[[89.46,-28.5],[89.5,-28.33],[89.46,-28.5]]}},{"type":"Feature","properties":{"level":1020},"geometry":{"type":"LineString","coordinates":[[90.0,-27.65],[90.0,-27.48],[90.0,-27.65]]}},{"type":"Feature","properties":{"level":1020},"geometry":{"type":"LineString","coordinates":[[152.5,-26.5],[152.5,-26.15],[152.5,-26.5]]}},{"type":"Feature","properties":{"level":1020},"geometry":{"type":"LineString","coordinates":[[105.94,-25.75],[106.0,-25.9],[105.94,-25.75]]}},{"type":"Feature","properties":{"level":1020},"geometry":{"type":"LineString","coordinates":[[180.0,-22.75],[179.25,-22.99],[178.25,-22.84],[177.5,-23.25],[177.25,-22.76],[177.0,-22.72],[176.75,-23.12],[175.0,-23.55],[174.08,-23.5],[173.25,-24.11],[167.75,-23.93],[162.75,-24.76],[161.5,-24.56],[159.5,-24.71],[158.47,-25.0],[158.25,-25.72],[157.75,-25.68],[156.5,-26.25],[155.0,-25.98],[154.71,-26.75],[155.5,-27.77],[157.75,-29.8],[158.51,-31.5],[158.51,-32.0],[159.18,-33.0],[160.78,-39.25],[161.63,-41.0],[163.41,-43.25],[166.45,-45.75],[169.25,-46.46],[170.5,-46.22],[171.42,-47.75],[174.0,-50.34],[177.25,-51.45],[180.0,-51.96]]}},{"type":"Feature","properties":{"level":1020},"geometry":{"type":"LineString","coordinates":[[38.89,6.75],[39.75,6.61],[40.19,7.0],[39.75,7.31],[38.89,6.75]]}},{"type":"Feature","properties":{"level":1020},"geometry":{"type":"LineString","coordinates":[[39.55,10.25],[39.75,10.09],[39.79,10.5],[39.5,11.31],[39.25,11.33],[38.97,11.0],[39.55,10.25]]}},{"type":"Feature","properties":{"level":1020},"geometry":{"type":"LineString","coordinates":[[18.42,20.0],[18.75,19.86],[19.5,20.86],[20.03,21.0],[20.33,21.75],[20.95,22.25],[21.35,23.5],[21.02,24.25],[21.25,24.41],[21.75,24.39],[22.22,23.75],[22.19,23.0],[21.94,22.75],[22.25,22.51],[22.94,22.75],[22.92,23.5],[23.5,24.01],[23.52,23.5],[23.05,23.0],[23.5,22.23],[24.0,22.45],[24.98,23.75],[26.0,23.18],[26.77,23.5],[27.18,24.0],[27.67,25.25],[26.3,26.0],[25.75,27.14],[25.25,27.08],[24.25,27.5],[23.58,28.75],[23.25,28.79],[23.13,29.75],[23.5,30.43],[25.4,31.25],[25.5,32.07],[26.0,32.39],[26.33,33.0],[25.75,33.34],[25.4,34.0],[25.42,34.75],[26.41,35.25],[25.69,36.75],[25.46,38.25],[26.0,38.97],[26.5,39.0],[26.75,39.27],[27.25,38.83],[29.25,38.95],[30.5,38.33],[30.75,38.62],[31.25,38.02],[32.25,37.5],[32.45,38.0],[31.86,38.25],[32.15,38.5],[32.0,38.66],[31.75,38.43],[31.4,38.5],[31.71,38.75],[31.41,39.0],[31.52,39.5],[31.29,39.75],[31.75,40.08],[32.75,40.13],[33.05,40.0],[33.0,39.67],[33.5,39.96],[33.75,39.77],[33.83,40.0],[33.47,40.25],[34.0,40.56],[34.25,40.34],[34.18,40.0],[35.75,39.18],[37.0,39.79],[37.55,39.75],[37.5,39.49],[38.5,39.73],[38.75,39.61],[38.63,39.25],[39.25,39.0],[40.0,39.05],[40.25,38.73],[41.0,38.71],[41.5,38.96],[41.81,38.75],[41.64,38.5],[42.25,38.26],[42.5,38.8],[43.5,39.07],[43.66,38.75],[43.25,38.28],[42.32,38.25],[43.02,37.5],[44.5,37.39],[44.9,37.0],[45.0,36.48],[45.04,37.0],[44.67,37.75],[44.79,39.0],[44.28,39.5],[44.39,39.75],[43.75,39.88],[43.55,40.25],[44.5,40.32],[45.75,39.27],[45.94,38.5],[46.64,38.25],[46.25,37.66],[46.5,37.56],[47.25,38.1],[47.61,38.0],[47.62,37.75],[48.35,37.5],[49.0,36.22],[49.5,36.12],[50.25,36.48],[51.0,35.86],[52.75,35.33],[53.5,35.61],[54.21,35.5],[54.17,36.0],[54.5,36.27],[55.53,35.75],[56.01,36.0],[56.0,36.26],[56.5,36.75],[56.63,36.5],[57.5,36.25],[57.7,36.0],[57.51,35.75],[59.1,35.0],[59.45,34.5],[58.54,34.0],[59.56,33.0],[59.9,32.25],[60.25,32.22],[60.61,32.5],[60.49,33.0],[60.74,33.75],[60.21,34.25],[61.5,33.97],[61.75,34.4],[62.75,34.28],[62.14,34.0],[63.0,33.62],[64.25,33.62],[64.75,33.38],[66.25,34.08],[66.75,33.96],[67.25,34.21],[67.75,33.93],[68.86,34.75],[68.75,35.02],[70.0,35.11],[70.25,35.34],[71.1,35.25],[71.62,36.0],[72.5,36.64],[73.0,36.79],[73.25,36.38],[74.0,36.52],[74.5,36.35],[74.59,36.75],[74.97,37.0],[73.14,37.75],[73.5,37.97],[73.26,38.25],[73.55,38.5],[73.25,38.58],[73.15,39.0],[74.5,39.13],[75.12,38.75],[75.14,38.25],[75.38,38.25],[75.6,38.5],[75.51,38.75],[74.69,39.5],[74.73,39.75],[78.0,40.98],[78.0,41.32],[78.56,41.25],[78.2,41.5],[78.5,42.06],[79.01,41.75],[79.5,41.96],[80.0,41.69],[82.75,42.49],[84.75,42.32],[85.75,42.5],[86.25,42.91],[87.0,42.69],[88.25,43.55],[89.75,43.36],[91.5,43.73],[92.78,43.5],[92.61,44.0],[91.75,44.4],[90.75,43.9],[88.22,44.25],[87.9,44.5],[88.75,45.15],[90.5,45.21],[90.6,45.5],[89.06,46.5],[88.82,47.25],[88.99,47.5],[90.54,47.25],[90.25,47.82],[88.5,48.91],[88.25,49.7],[87.82,50.0],[87.75,50.25],[88.46,50.75],[88.25,51.15],[88.75,51.1],[89.25,51.54],[89.5,51.23],[90.24,51.25],[89.94,51.0],[90.25,50.8],[92.25,51.23],[93.25,51.17],[93.5,51.37],[94.5,51.23],[95.0,51.49],[95.75,51.51],[96.75,51.06],[97.5,51.12],[97.85,51.25],[97.25,52.0],[98.0,52.79],[97.25,52.73],[96.69,53.0],[97.31,53.5],[97.0,53.59],[96.94,54.0],[95.51,54.75],[95.84,55.0],[95.5,55.44],[93.95,56.25],[90.75,56.36],[89.5,56.14],[88.75,55.45],[87.23,55.0],[86.86,54.5],[85.69,53.75],[85.79,53.25],[85.06,52.25],[81.75,51.36],[76.5,49.22],[75.25,49.33],[75.0,49.05],[72.25,48.45],[67.5,47.73],[63.0,47.49],[60.59,47.75],[55.75,49.06],[51.5,49.26],[49.5,49.05],[46.75,47.92],[43.5,47.13],[38.0,47.77],[35.09,49.75],[32.86,50.75],[30.25,52.37],[28.69,53.0],[25.0,53.89],[18.75,53.89],[16.5,54.19],[5.5,53.92],[1.0,53.12],[-2.0,53.42],[-4.25,53.25],[-7.25,52.41],[-10.25,52.4],[-14.5,51.34],[-14.85,51.5],[-13.99,52.75],[-14.07,53.25],[-18.04,54.75],[-33.5,56.59],[-46.0,56.95],[-48.5,56.77],[-50.75,55.85],[-53.09,54.25],[-54.08,53.0],[-54.85,50.5],[-54.45,49.75],[-54.51,49.25],[-55.2,48.25],[-54.73,48.0],[-54.81,47.5],[-54.25,46.86],[-54.22,46.25],[-52.67,44.0],[-51.56,43.0],[-50.75,41.57],[-50.25,41.65],[-48.5,41.14],[-48.19,40.5],[-48.56,39.75],[-48.19,39.25],[-48.37,38.75],[-47.5,37.91],[-46.91,37.75],[-46.84,37.25],[-46.25,37.11],[-45.75,36.34],[-43.75,36.21],[-41.5,36.52],[-37.25,38.43],[-35.25,38.58],[-33.5,37.92],[-29.25,34.32],[-26.0,33.67],[-22.0,33.78],[-21.01,34.25],[-20.5,35.11],[-19.59,35.75],[-18.71,38.0],[-16.25,41.8],[-14.0,44.1],[-12.25,45.17],[-9.0,46.35],[-7.75,46.54],[-3.75,46.36],[-1.75,46.45],[-1.5,46.65],[0.49,46.25],[0.81,45.5],[1.51,45.25],[1.53,44.75],[1.83,44.5],[1.61,43.75],[1.27,43.5],[1.29,43.25],[0.75,43.1],[-1.37,43.0],[-1.0,42.46],[-0.5,42.22],[0.25,42.19],[1.22,41.75],[-0.25,40.71],[-1.0,41.03],[-2.12,41.0],[-2.25,40.19],[-3.25,40.62],[-3.77,40.25],[-4.0,39.65],[-4.75,39.52],[-4.25,39.3],[-3.75,39.54],[-3.69,39.0],[-4.5,38.81],[-4.62,38.25],[-3.79,38.0],[-4.75,37.09],[-5.82,36.5],[-5.75,35.25],[-4.25,34.72],[-3.72,34.75],[-3.56,35.25],[-4.17,36.25],[-4.09,36.75],[-2.75,36.86],[-1.75,37.5],[-1.6,37.75],[-2.17,38.5],[-2.13,39.25],[-1.75,39.83],[-1.25,39.76],[-0.85,39.25],[-1.07,39.0],[-0.85,38.75],[-1.17,38.25],[-1.0,38.13],[0.02,38.75],[-0.25,38.99],[-0.5,38.76],[-0.68,39.25],[1.0,41.0],[2.75,41.5],[3.75,41.26],[5.0,39.74],[5.78,39.25],[5.63,39.0],[6.22,37.25],[6.0,37.0],[4.25,37.06],[1.75,36.5],[2.38,36.25],[1.78,35.75],[2.5,35.61],[2.75,35.86],[3.0,35.44],[2.0,35.23],[1.5,35.43],[0.75,34.79],[0.5,35.03],[0.0,34.65],[-0.5,34.71],[-1.0,34.45],[-1.5,34.6],[-1.74,34.5],[-1.62,34.0],[-0.75,33.87],[-0.75,33.71],[-2.0,33.46],[-3.0,33.82],[-3.85,32.75],[-5.25,32.7],[-6.57,31.75],[-8.83,31.0],[-7.88,30.75],[-7.76,30.5],[-8.08,30.25],[-7.75,30.1],[-7.22,30.5],[-7.25,31.09],[-6.5,31.09],[-6.25,30.82],[-5.5,30.91],[-5.27,31.25],[-5.43,31.5],[-5.0,31.78],[-3.0,32.19],[-2.0,31.63],[-1.46,31.75],[-1.25,31.38],[0.25,30.86],[3.0,30.58],[5.25,31.25],[6.51,31.0],[8.75,29.43],[9.04,29.0],[9.16,28.0],[10.5,26.78],[11.72,26.25],[11.43,25.75],[11.5,24.98],[13.21,26.0],[14.5,26.04],[16.0,26.58],[16.18,26.25],[15.98,25.75],[16.5,25.41],[18.0,25.3],[18.95,24.75],[19.27,24.25],[18.76,23.25],[19.15,22.75],[19.12,22.25],[18.12,20.75],[18.42,20.0]]}},{"type":"Feature","properties":{"level":1020},"geometry":{"type":"LineString","coordinates":[[105.5,22.75],[106.42,23.0],[106.98,23.5],[107.0,23.84],[107.75,23.93],[108.75,24.62],[109.5,24.8],[110.0,24.73],[110.25,24.33],[110.75,24.72],[112.25,24.42],[113.5,24.94],[114.0,24.59],[114.5,24.56],[116.28,26.25],[117.25,26.54],[117.75,26.95],[118.75,26.88],[120.0,27.42],[121.5,28.71],[121.88,29.5],[122.04,30.75],[121.83,32.0],[120.77,34.25],[119.66,34.75],[119.3,35.75],[117.75,36.51],[116.75,36.34],[116.24,36.0],[116.25,35.7],[115.75,35.56],[114.25,36.25],[114.0,38.63],[115.42,39.75],[115.64,40.5],[116.25,40.64],[117.96,42.0],[118.25,42.75],[117.89,43.75],[118.52,44.25],[118.25,44.67],[116.23,45.0],[116.05,45.75],[115.5,46.24],[113.5,45.87],[112.5,45.12],[111.94,45.0],[112.0,44.25],[112.43,44.0],[111.55,43.75],[111.17,43.25],[110.57,43.0],[110.7,42.75],[110.5,42.67],[109.5,43.05],[108.52,42.75],[108.25,42.39],[107.0,42.48],[106.25,42.08],[105.75,42.41],[105.5,43.07],[105.0,42.96],[103.64,43.75],[102.92,43.75],[103.44,43.5],[103.19,43.0],[103.67,42.0],[105.0,41.76],[105.32,41.5],[104.5,41.18],[102.75,41.01],[102.59,40.75],[102.92,40.5],[102.85,40.25],[101.72,39.25],[101.72,39.0],[100.75,38.54],[97.5,39.73],[95.5,39.75],[94.75,39.42],[90.59,39.0],[90.57,38.75],[90.0,38.39],[88.75,38.28],[86.75,37.18],[85.75,37.26],[83.0,35.97],[82.5,36.46],[82.27,36.25],[82.65,36.0],[81.5,35.74],[81.25,35.97],[80.0,36.04],[79.0,36.43],[79.0,36.04],[80.5,35.1],[81.0,34.91],[82.15,35.0],[81.75,34.48],[80.6,34.75],[80.59,34.25],[81.94,34.0],[81.25,33.82],[81.05,33.5],[83.25,33.15],[83.5,32.65],[83.66,33.25],[84.25,33.42],[84.34,32.5],[85.08,32.0],[84.0,31.97],[83.25,32.42],[82.0,31.76],[81.5,31.93],[81.0,31.76],[80.25,32.28],[79.87,32.0],[79.94,31.75],[80.25,31.91],[80.25,31.34],[80.99,31.0],[80.75,30.73],[79.0,31.64],[79.11,32.25],[79.5,32.33],[79.5,32.54],[78.5,32.48],[78.15,33.0],[77.5,33.12],[76.84,34.0],[75.85,34.5],[75.84,35.0],[75.25,35.4],[74.25,35.18],[73.5,35.36],[73.17,35.0],[73.25,34.75],[73.75,34.57],[74.5,34.72],[75.0,34.37],[75.4,33.5],[75.75,33.37],[76.51,32.25],[77.25,32.0],[77.5,31.57],[78.75,30.68],[79.5,30.6],[79.75,30.16],[80.5,30.14],[81.0,29.71],[81.5,29.61],[82.0,29.9],[82.22,29.5],[82.0,28.99],[82.75,29.01],[82.73,28.75],[83.0,28.62],[85.25,28.22],[86.5,27.59],[87.25,27.7],[88.0,27.36],[88.5,27.59],[88.95,27.25],[89.75,27.18],[90.0,27.54],[90.25,27.26],[91.25,27.73],[91.86,27.5],[91.8,27.25],[92.0,27.18],[95.0,29.13],[95.25,28.66],[96.0,28.76],[96.51,28.25],[96.75,27.55],[97.0,27.49],[97.25,27.82],[98.09,27.75],[98.75,26.17],[99.75,26.02],[100.0,25.78],[100.5,26.47],[101.0,24.79],[101.25,25.12],[102.0,25.08],[102.13,24.25],[102.5,23.46],[102.97,23.25],[102.91,23.0],[103.5,23.07],[104.5,22.75],[105.0,23.05],[105.5,22.75]]}},{"type":"Feature","properties":{"level":1020},"geometry":{"type":"LineString","coordinates":[[23.25,24.09],[23.25,24.34],[23.25,24.09]]}},{"type":"Feature","properties":{"level":1020},"geometry":{"type":"LineString","coordinates":[[22.5,24.35],[22.5,24.64],[22.5,24.35]]}},{"type":"Feature","properties":{"level":1020},"geometry":{"type":"LineString","coordinates":[[-105.79,25.0],[-105.5,24.82],[-105.42,25.0],[-105.5,26.75],[-105.75,27.07],[-106.0,27.1],[-106.25,26.73],[-106.44,27.0],[-106.05,27.75],[-106.23,28.0],[-105.82,28.5],[-106.12,29.5],[-105.75,29.67],[-105.25,29.42],[-104.99,30.0],[-105.5,30.46],[-106.0,30.49],[-106.5,30.16],[-106.58,29.75],[-106.91,29.5],[-106.84,29.25],[-107.25,29.18],[-107.73,28.0],[-106.78,27.25],[-106.37,26.0],[-105.59,25.25],[-105.79,25.0]]}},{"type":"Feature","properties":{"level":1020},"geometry":{"type":"LineString","coordinates":[[27.45,25.75],[27.85,25.75],[27.5,26.02],[27.45,25.75]]}},{"type":"Feature","properties":{"level":1020},"geometry":{"type":"LineString","coordinates":[[-102.55,27.25],[-102.25,27.46],[-102.0,27.15],[-101.81,27.25],[-101.57,27.75],[-101.64,28.25],[-101.39,28.75],[-102.0,29.34],[-102.55,29.0],[-102.76,27.75],[-102.55,27.25]]}},{"type":"Feature","properties":{"level":1020},"geometry":{"type":"LineString","coordinates":[[87.75,28.21],[85.6,28.75],[85.25,29.13],[84.0,29.35],[83.18,30.0],[84.0,30.01],[85.89,29.25],[85.75,29.0],[88.48,28.5],[88.47,28.25],[87.75,28.21]]}},{"type":"Feature","properties":{"level":1020},"geometry":{"type":"LineString","coordinates":[[88.75,28.24],[89.12,28.5],[88.97,28.75],[88.25,28.99],[87.75,28.84],[87.5,29.2],[86.63,29.25],[89.0,29.44],[89.76,29.25],[89.43,28.25],[88.75,28.24]]}},{"type":"Feature","properties":{"level":1020},"geometry":{"type":"LineString","coordinates":[[57.97,28.75],[58.27,28.75],[57.5,30.28],[57.0,29.73],[56.15,29.75],[56.75,29.13],[57.75,28.99],[57.97,28.75]]}},{"type":"Feature","properties":{"level":1020},"geometry":{"type":"LineString","coordinates":[[90.75,28.95],[90.6,29.25],[91.25,29.82],[91.52,29.75],[91.25,29.47],[92.15,29.25],[91.75,28.89],[90.75,28.95]]}},{"type":"Feature","properties":{"level":1020},"geometry":{"type":"LineString","coordinates":[[-180.0,29.9],[-178.5,29.15],[-176.25,27.04],[-172.75,24.87],[-170.25,24.18],[-169.0,24.4],[-165.75,24.12],[-163.25,24.46],[-162.0,25.07],[-160.0,25.5],[-159.25,26.05],[-158.5,26.06],[-156.0,26.74],[-153.25,28.39],[-153.0,28.79],[-151.09,29.25],[-149.75,30.51],[-147.25,29.73],[-144.25,30.01],[-141.75,31.13],[-138.5,32.06],[-134.13,34.75],[-132.75,36.1],[-130.0,37.9],[-128.07,40.75],[-124.11,45.25],[-124.03,45.75],[-123.37,46.25],[-123.3,47.0],[-124.14,47.5],[-124.24,47.75],[-123.9,48.25],[-124.17,48.5],[-126.25,49.26],[-126.75,50.07],[-128.25,50.69],[-131.25,49.46],[-134.0,48.77],[-135.5,48.14],[-136.25,48.23],[-140.75,46.58],[-141.64,46.75],[-143.25,45.98],[-145.75,46.02],[-146.75,45.72],[-147.25,45.91],[-149.5,45.0],[-150.25,45.13],[-151.25,44.73],[-153.0,44.79],[-155.0,44.15],[-161.5,44.08],[-163.5,44.37],[-165.5,44.97],[-167.25,44.98],[-169.25,45.42],[-175.75,47.42],[-178.13,48.5],[-180.0,50.32]]}},{"type":"Feature","properties":{"level":1020},"geometry":{"type":"LineString","coordinates":[[-104.53,30.0],[-104.25,29.88],[-102.49,30.25],[-102.21,30.75],[-102.5,31.07],[-103.69,31.25],[-103.5,31.52],[-103.0,31.31],[-103.0,31.88],[-102.0,31.83],[-101.5,30.72],[-100.91,30.75],[-101.0,30.47],[-100.5,30.61],[-100.23,30.75],[-100.13,31.25],[-100.72,32.0],[-100.0,32.15],[-99.25,31.56],[-98.25,31.96],[-97.25,32.98],[-96.41,33.0],[-95.5,33.5],[-95.48,34.25],[-93.25,34.2],[-89.25,36.02],[-86.75,36.49],[-85.25,37.05],[-82.65,37.0],[-79.04,39.25],[-78.42,42.25],[-78.65,42.75],[-78.39,43.25],[-79.11,43.75],[-79.65,45.25],[-79.58,45.75],[-78.99,46.0],[-79.52,47.5],[-81.16,50.25],[-83.9,53.0],[-85.37,55.5],[-86.46,56.75],[-88.25,58.0],[-90.25,58.56],[-92.0,58.32],[-93.06,57.75],[-93.8,57.0],[-93.9,56.5],[-94.48,55.75],[-94.67,54.5],[-95.82,52.0],[-95.37,50.0],[-95.55,49.25],[-94.96,47.25],[-95.39,44.5],[-96.21,43.75],[-98.77,40.25],[-99.05,39.5],[-101.23,36.75],[-103.0,36.16],[-104.5,36.75],[-104.69,36.5],[-104.33,36.25],[-104.5,36.03],[-105.39,36.25],[-105.24,37.5],[-105.43,38.0],[-106.17,38.5],[-106.13,39.0],[-105.67,39.5],[-105.75,40.57],[-106.03,40.5],[-106.0,39.93],[-107.0,39.53],[-106.89,40.0],[-107.25,40.14],[-107.85,39.75],[-107.02,39.5],[-108.13,39.0],[-107.59,38.75],[-107.67,38.25],[-108.25,38.39],[-108.75,38.85],[-109.31,38.5],[-109.25,38.32],[-108.34,38.25],[-108.5,37.98],[-108.75,37.78],[-109.0,38.05],[-109.96,37.75],[-109.75,37.44],[-108.75,37.53],[-108.5,36.96],[-107.77,36.75],[-108.37,36.5],[-108.5,36.1],[-108.93,36.75],[-109.25,36.76],[-109.24,36.0],[-109.75,35.61],[-109.89,36.0],[-109.68,36.25],[-110.45,36.75],[-111.58,36.5],[-111.5,36.26],[-110.88,36.25],[-111.0,35.98],[-110.17,36.0],[-110.25,35.4],[-109.36,35.25],[-108.97,34.5],[-109.73,34.0],[-109.75,33.44],[-108.46,33.0],[-108.5,32.36],[-107.5,32.29],[-107.25,32.02],[-106.75,32.29],[-106.5,32.11],[-106.25,32.58],[-106.0,32.56],[-106.04,31.75],[-104.6,30.75],[-104.53,30.0]]}},{"type":"Feature","properties":{"level":1020},"geometry":{"type":"LineString","coordinates":[[51.07,30.75],[51.75,30.55],[52.21,31.25],[50.78,32.25],[50.71,32.75],[51.0,32.8],[51.06,33.25],[51.5,33.33],[52.75,32.69],[53.02,32.75],[52.92,33.0],[51.25,33.94],[51.0,34.34],[50.66,34.25],[50.8,34.0],[50.5,33.78],[50.0,34.94],[49.31,34.75],[50.16,34.25],[49.75,34.13],[49.5,34.42],[48.92,34.5],[48.25,35.39],[47.25,35.27],[47.25,34.76],[47.5,34.81],[47.75,34.5],[47.61,34.0],[48.75,33.49],[49.0,33.59],[49.06,33.25],[50.25,31.91],[50.75,31.91],[51.07,30.75]]}},{"type":"Feature","properties":{"level":1020},"geometry":{"type":"LineString","coordinates":[[-5.29,33.0],[-5.0,32.9],[-4.0,33.3],[-3.86,33.75],[-4.2,33.75],[-4.5,33.28],[-5.0,33.4],[-5.29,33.0]]}},{"type":"Feature","properties":{"level":1020},"geometry":{"type":"LineString","coordinates":[[79.64,34.0],[80.32,34.25],[79.05,34.5],[79.64,34.0]]}},{"type":"Feature","properties":{"level":1020},"geometry":{"type":"LineString","coordinates":[[77.87,34.5],[78.5,34.28],[78.93,34.5],[78.73,35.25],[78.0,35.91],[77.98,36.75],[77.75,36.95],[77.25,36.85],[77.25,36.39],[76.5,36.95],[76.0,36.6],[75.75,36.93],[75.03,37.0],[75.14,36.5],[74.61,36.0],[75.0,35.56],[75.25,35.84],[75.63,35.75],[77.87,34.5]]}},{"type":"Feature","properties":{"level":1020},"geometry":{"type":"LineString","coordinates":[[49.38,35.25],[49.75,35.0],[50.11,35.25],[49.5,35.59],[49.03,35.5],[49.38,35.25]]}},{"type":"Feature","properties":{"level":1020},"geometry":{"type":"LineString","coordinates":[[72.21,35.25],[72.75,35.15],[73.66,36.0],[72.75,36.25],[72.25,36.1],[71.89,35.75],[72.21,35.25]]}},{"type":"Feature","properties":{"level":1020},"geometry":{"type":"LineString","coordinates":[[-118.26,36.25],[-118.15,36.5],[-118.75,37.61],[-118.96,37.25],[-118.26,36.25]]}},{"type":"Feature","properties":{"level":1020},"geometry":{"type":"LineString","coordinates":[[8.5,37.23],[8.52,37.5],[9.0,37.7],[9.65,37.5],[9.25,37.16],[8.5,37.23]]}},{"type":"Feature","properties":{"level":1020},"geometry":{"type":"LineString","coordinates":[[-112.41,37.5],[-112.25,37.38],[-111.28,38.0],[-111.5,38.27],[-111.75,38.21],[-112.41,37.5]]}},{"type":"Feature","properties":{"level":1020},"geometry":{"type":"LineString","coordinates":[[-5.82,40.25],[-4.25,40.28],[-3.65,41.0],[-4.5,40.74],[-5.25,40.93],[-5.82,40.25]]}},{"type":"Feature","properties":{"level":1020},"geometry":{"type":"LineString","coordinates":[[-111.01,40.75],[-110.75,40.52],[-109.78,40.75],[-110.5,40.92],[-111.01,40.75]]}},{"type":"Feature","properties":{"level":1020},"geometry":{"type":"LineString","coordinates":[[76.5,42.18],[76.2,42.5],[77.5,42.89],[78.56,42.5],[77.75,42.1],[76.5,42.18]]}},{"type":"Feature","properties":{"level":1020},"geometry":{"type":"LineString","coordinates":[[85.0,45.41],[84.77,45.5],[85.2,46.0],[85.07,46.25],[85.75,46.53],[86.5,46.25],[86.58,46.0],[86.25,45.81],[85.0,45.41]]}},{"type":"Feature","properties":{"level":1020},"geometry":{"type":"LineString","coordinates":[[-2.5,47.0],[-2.11,47.0],[-2.5,47.0]]}},{"type":"Feature","properties":{"level":1020},"geometry":{"type":"LineString","coordinates":[[-55.26,47.75],[-55.25,48.09],[-55.26,47.75]]}},{"type":"Feature","properties":{"level":1020},"geometry":{"type":"LineString","coordinates":[[107.94,48.25],[110.75,49.32],[110.99,49.5],[110.71,49.75],[111.0,50.43],[110.75,50.52],[110.25,50.21],[109.75,50.5],[109.0,50.19],[108.5,49.46],[107.25,49.27],[107.38,48.75],[107.94,48.25]]}},{"type":"Feature","properties":{"level":1020},"geometry":{"type":"LineString","coordinates":[[180.0,50.32],[178.6,51.5],[176.25,52.86],[174.25,53.23],[170.0,53.24],[168.5,54.3],[166.75,54.66],[166.25,55.03],[162.75,53.96],[160.75,54.08],[160.31,54.25],[161.29,55.0],[160.99,55.75],[160.5,56.15],[159.25,56.33],[158.86,56.25],[159.02,55.75],[158.75,55.55],[157.75,55.71],[157.15,55.5],[156.0,54.64],[155.0,53.44],[152.75,52.06],[151.95,51.25],[151.11,48.0],[150.79,45.5],[151.5,44.26],[152.0,43.96],[152.31,43.0],[153.16,42.5],[153.53,41.75],[153.75,40.4],[154.48,39.25],[155.71,38.0],[156.18,36.75],[157.5,34.9],[157.5,34.4],[158.81,33.5],[159.0,33.06],[159.26,33.0],[159.55,32.0],[161.5,30.32],[166.0,29.6],[170.25,30.2],[172.96,31.0],[175.75,31.07],[177.75,30.98],[180.0,29.9]]}},{"type":"Feature","properties":{"level":1020},"geometry":{"type":"LineString","coordinates":[[90.5,51.37],[90.27,51.5],[91.25,51.58],[91.75,51.87],[92.5,51.75],[90.5,51.37]]}},{"type":"Feature","properties":{"level":1020},"geometry":{"type":"LineString","coordinates":[[114.28,59.0],[115.25,58.99],[116.97,59.5],[116.76,60.75],[114.65,62.5],[114.09,63.5],[113.91,65.0],[115.26,68.25],[114.5,69.06],[113.5,69.65],[111.69,70.0],[110.73,71.0],[109.75,71.37],[107.5,71.4],[104.0,70.97],[103.53,70.75],[103.95,70.5],[103.71,70.0],[102.25,69.1],[100.22,69.75],[100.49,70.25],[100.25,70.3],[96.3,70.0],[97.0,69.86],[97.31,69.5],[97.0,69.48],[95.25,69.68],[95.04,69.75],[95.53,70.0],[95.0,70.16],[93.5,70.12],[92.98,70.0],[93.02,69.75],[91.25,69.72],[90.36,69.0],[91.36,68.25],[90.89,68.0],[91.31,67.75],[92.25,67.75],[92.5,67.38],[93.5,67.03],[93.39,66.75],[93.75,66.25],[95.0,65.25],[95.75,64.96],[98.25,63.16],[100.25,62.16],[103.75,60.77],[107.0,59.95],[109.75,59.44],[112.75,59.48],[114.28,59.0]]}},{"type":"Feature","properties":{"level":1020},"geometry":{"type":"LineString","coordinates":[[-39.61,69.0],[-39.25,68.77],[-38.75,68.83],[-38.25,69.2],[-38.21,69.5],[-39.0,70.02],[-40.25,70.04],[-39.61,69.0]]}},{"type":"Feature","properties":{"level":1020},"geometry":{"type":"LineString","coordinates":[[90.28,69.75],[90.65,69.75],[90.28,69.75]]}},{"type":"Feature","properties":{"level":1020},"geometry":{"type":"LineString","coordinates":[[-43.48,72.75],[-41.0,72.61],[-39.81,73.0],[-39.1,74.0],[-39.75,74.34],[-41.25,74.55],[-43.07,74.25],[-43.5,74.09],[-43.93,73.5],[-43.53,73.25],[-43.48,72.75]]}},{"type":"Feature","properties":{"level":1020},"geometry":{"type":"LineString","coordinates":[[-38.33,73.25],[-37.25,73.2],[-35.5,73.95],[-33.23,74.25],[-35.25,74.35],[-37.72,73.75],[-38.33,73.25]]}},{"type":"Feature","properties":{"level":1024},"geometry":{"type":"LineString","coordinates":[[33.22,-88.75],[57.25,-88.58],[59.2,-88.5],[58.68,-88.25],[62.67,-87.5],[83.44,-86.75],[83.83,-86.5],[80.97,-86.25],[93.49,-85.25],[107.25,-84.63],[113.5,-84.02],[118.07,-83.0],[122.4,-82.5],[123.13,-82.25],[122.47,-81.75],[123.56,-81.5],[123.13,-81.0],[120.25,-80.13],[112.25,-80.11],[111.23,-79.75],[111.19,-78.5],[109.89,-77.75],[101.25,-76.31],[95.5,-75.58],[92.44,-75.5],[90.1,-74.5],[90.52,-74.0],[90.25,-73.82],[89.0,-74.09],[88.55,-74.0],[88.85,-73.75],[87.25,-73.58],[86.25,-73.76],[85.5,-73.49],[84.25,-73.48],[83.8,-73.75],[84.22,-74.0],[83.0,-74.79],[82.5,-74.88],[81.75,-74.54],[80.5,-74.73],[80.0,-75.16],[79.2,-75.25],[77.25,-76.08],[67.75,-77.09],[64.6,-77.0],[64.0,-76.65],[61.75,-76.18],[51.86,-76.0],[51.89,-75.25],[51.25,-75.0],[51.6,-74.75],[51.5,-74.5],[50.92,-74.25],[51.54,-74.0],[50.46,-73.75],[51.75,-73.66],[55.41,-72.5],[56.22,-72.0],[56.64,-71.25],[57.2,-71.0],[56.75,-70.77],[48.5,-73.09],[41.0,-73.7],[36.25,-74.51],[29.5,-74.92],[24.84,-75.5],[22.0,-76.53],[20.42,-77.75],[18.05,-79.0],[14.5,-80.39],[12.17,-81.0],[7.69,-81.25],[4.31,-82.0],[-5.49,-83.0],[-8.38,-84.0],[-9.13,-84.5],[-8.81,-84.75],[-15.06,-85.0],[-16.54,-85.25],[-16.75,-85.67],[-17.5,-85.91],[-23.94,-87.0],[-21.9,-87.5],[-17.5,-87.92],[-9.0,-88.32],[33.22,-88.75]]}},{"type":"Feature","properties":{"level":1024},"geometry":{"type":"LineString","coordinates":[[79.0,-76.27],[79.09,-76.0],[79.75,-75.64],[80.66,-75.5],[79.75,-76.31],[79.0,-76.27]]}},{"type":"Feature","properties":{"level":1024},"geometry":{"type":"LineString","coordinates":[[111.15,-74.5],[119.5,-74.57],[127.5,-73.76],[128.5,-73.25],[130.0,-73.44],[131.19,-73.0],[131.05,-72.75],[130.25,-72.68],[128.75,-73.24],[127.75,-72.86],[126.25,-72.82],[120.75,-73.34],[114.0,-73.33],[109.25,-72.66],[108.13,-72.25],[107.06,-71.5],[105.75,-71.2],[101.75,-71.71],[100.78,-72.25],[101.25,-72.31],[101.75,-72.84],[103.75,-73.43],[111.15,-74.5]]}},{"type":"Feature","properties":{"level":1024},"geometry":{"type":"LineString","coordinates":[[56.25,-52.5],[60.75,-52.57],[64.5,-52.27],[67.53,-51.5],[69.75,-50.03],[73.11,-47.0],[75.13,-44.25],[76.36,-42.0],[76.86,-41.0],[76.9,-39.5],[76.57,-38.0],[75.9,-37.0],[69.3,-33.75],[67.76,-32.75],[66.79,-31.5],[60.25,-25.41],[58.75,-24.48],[56.0,-23.98],[55.5,-23.46],[54.5,-23.05],[53.25,-23.22],[52.0,-22.74],[50.42,-23.5],[48.25,-26.32],[46.55,-28.0],[43.5,-30.29],[40.75,-31.96],[38.0,-34.37],[36.72,-36.5],[36.51,-39.0],[36.95,-41.5],[37.94,-44.0],[39.75,-46.24],[43.68,-49.25],[46.5,-50.7],[49.25,-51.58],[52.75,-52.23],[56.25,-52.5]]}},{"type":"Feature","properties":{"level":1024},"geometry":{"type":"LineString","coordinates":[[-180.0,-50.3],[-174.75,-50.56],[-168.0,-49.69],[-159.25,-47.09],[-156.25,-45.71],[-154.51,-44.5],[-152.35,-42.0],[-151.52,-39.0],[-151.26,-36.75],[-151.61,-35.75],[-152.25,-35.0],[-152.28,-34.25],[-151.2,-32.75],[-150.83,-31.0],[-151.31,-30.5],[-151.62,-28.75],[-151.55,-27.75],[-152.0,-27.5],[-151.81,-26.75],[-152.28,-26.5],[-152.0,-25.8],[-151.5,-26.03],[-151.42,-25.75],[-152.0,-25.26],[-153.0,-24.91],[-153.23,-25.0],[-153.25,-25.34],[-153.25,-24.75],[-153.5,-24.52],[-154.75,-24.66],[-157.0,-23.75],[-159.0,-23.41],[-159.5,-23.77],[-160.0,-23.34],[-160.75,-23.4],[-161.0,-23.64],[-162.5,-23.45],[-163.0,-23.88],[-164.75,-23.46],[-165.75,-23.79],[-166.25,-23.67],[-166.75,-24.05],[-167.75,-23.87],[-168.75,-24.33],[-170.25,-24.33],[-171.0,-24.63],[-172.54,-26.0],[-174.26,-29.0],[-174.5,-29.99],[-175.74,-31.75],[-176.25,-32.11],[-178.0,-32.38],[-178.75,-32.08],[-179.25,-32.4],[-180.0,-32.08]]}},{"type":"Feature","properties":{"level":1024},"geometry":{"type":"LineString","coordinates":[[69.5,-49.62],[69.5,-49.4],[69.71,-49.5],[69.5,-49.62]]}},{"type":"Feature","properties":{"level":1024},"geometry":{"type":"LineString","coordinates":[[-18.87,-42.75],[-15.5,-42.7],[-15.25,-42.49],[-14.5,-42.68],[-13.75,-42.21],[-11.0,-42.14],[-3.5,-40.09],[-0.5,-39.03],[2.17,-37.25],[3.0,-36.43],[3.78,-34.25],[4.0,-31.47],[3.14,-30.0],[0.5,-28.41],[-1.0,-27.04],[-4.5,-25.06],[-8.0,-23.98],[-12.0,-23.28],[-17.5,-23.0],[-21.65,-23.25],[-26.0,-24.27],[-27.15,-25.0],[-28.53,-26.75],[-28.8,-28.75],[-28.26,-31.75],[-26.44,-35.75],[-24.75,-37.8],[-22.5,-41.76],[-20.75,-42.61],[-18.87,-42.75]]}},{"type":"Feature","properties":{"level":1024},"geometry":{"type":"LineString","coordinates":[[-110.6,-35.0],[-107.0,-35.23],[-105.33,-35.0],[-103.84,-33.5],[-104.41,-32.5],[-104.15,-32.0],[-105.18,-30.75],[-106.0,-30.14],[-106.75,-30.31],[-107.5,-30.01],[-108.25,-30.06],[-109.0,-29.48],[-111.0,-29.74],[-111.5,-30.0],[-112.75,-29.9],[-113.75,-30.55],[-114.25,-30.08],[-116.0,-30.37],[-116.25,-30.23],[-117.25,-30.52],[-118.13,-31.25],[-118.0,-31.87],[-117.0,-32.58],[-113.99,-34.0],[-110.6,-35.0]]}},{"type":"Feature","properties":{"level":1024},"geometry":{"type":"LineString","coordinates":[[180.0,-32.08],[179.25,-32.12],[178.5,-31.65],[176.5,-31.55],[173.75,-30.92],[172.5,-30.88],[170.5,-29.89],[169.5,-29.76],[168.25,-30.31],[166.75,-30.37],[165.25,-31.15],[164.75,-32.14],[163.6,-33.5],[163.19,-35.25],[164.11,-39.75],[165.38,-42.25],[166.64,-44.0],[167.0,-45.06],[168.75,-45.34],[169.95,-45.25],[170.94,-43.75],[172.0,-43.3],[174.0,-41.77],[174.5,-41.71],[175.0,-42.05],[175.3,-43.0],[174.9,-46.5],[175.49,-48.25],[177.25,-49.53],[180.0,-50.3]]}},{"type":"Feature","properties":{"level":1024},"geometry":{"type":"LineString","coordinates":[[170.5,-31.8],[170.36,-31.5],[170.75,-30.94],[171.25,-30.83],[171.74,-31.25],[171.25,-31.91],[170.5,-31.8]]}},{"type":"Feature","properties":{"level":1024},"geometry":{"type":"LineString","coordinates":[[-153.0,-25.75],[-153.0,-25.46],[-152.5,-25.4],[-152.54,-25.75],[-153.0,-25.75]]}},{"type":"Feature","properties":{"level":1024},"geometry":{"type":"LineString","coordinates":[[-164.75,-23.78],[-164.75,-23.56],[-164.75,-23.78]]}},{"type":"Feature","properties":{"level":1024},"geometry":{"type":"LineString","coordinates":[[105.97,26.0],[107.0,26.01],[107.75,26.49],[108.45,26.5],[108.69,26.75],[108.24,27.0],[108.9,28.0],[108.79,28.75],[110.0,28.75],[110.51,29.0],[111.13,30.25],[110.99,30.75],[111.52,31.25],[111.56,31.75],[110.5,32.51],[108.5,32.44],[108.0,32.82],[106.25,32.82],[106.13,32.5],[108.0,32.11],[108.75,31.4],[109.78,31.0],[109.25,30.9],[108.75,30.23],[108.31,30.25],[108.76,29.5],[108.25,29.02],[107.75,29.05],[108.0,29.77],[106.98,29.75],[107.0,30.64],[105.5,30.41],[104.24,30.75],[103.94,31.0],[105.93,33.25],[105.0,33.76],[105.08,34.5],[103.0,35.6],[102.28,36.5],[103.61,37.0],[101.5,38.25],[100.5,38.41],[97.5,39.53],[97.0,39.27],[96.25,39.57],[95.75,39.19],[94.47,39.25],[95.23,38.75],[94.58,38.5],[94.72,38.25],[95.97,37.25],[96.75,37.47],[98.44,37.0],[97.91,36.0],[96.0,36.31],[94.75,36.09],[93.0,36.56],[92.25,36.48],[91.59,36.75],[91.81,37.0],[91.62,37.25],[90.5,37.76],[90.27,37.5],[90.58,37.0],[90.25,36.72],[89.25,36.51],[87.5,36.75],[86.37,36.25],[87.5,36.05],[88.25,36.3],[88.8,36.0],[87.72,35.75],[88.0,35.51],[88.67,35.5],[88.15,35.0],[88.77,34.5],[88.5,34.33],[88.0,34.48],[87.75,34.83],[87.0,34.26],[85.75,35.06],[84.85,34.75],[84.77,34.5],[85.75,34.0],[87.25,34.18],[87.3,33.75],[87.75,33.27],[88.75,32.86],[89.5,32.87],[90.11,32.5],[90.53,31.75],[90.5,31.27],[89.86,31.25],[91.0,30.75],[90.25,30.47],[89.5,30.86],[88.75,30.7],[87.75,31.13],[87.5,31.5],[87.35,31.25],[87.68,31.0],[86.92,30.75],[86.5,29.71],[87.5,30.14],[87.84,30.0],[87.62,29.75],[88.0,29.62],[90.0,29.82],[90.5,29.48],[90.49,30.0],[92.5,30.16],[93.0,30.44],[93.55,30.0],[93.58,29.75],[92.71,29.5],[93.25,29.12],[95.0,29.54],[95.0,30.23],[95.75,30.01],[96.25,28.94],[97.9,29.0],[97.28,28.25],[98.5,27.91],[98.85,28.0],[98.5,28.7],[98.03,28.75],[99.25,28.81],[100.75,29.59],[101.17,29.0],[100.87,28.75],[101.75,27.38],[102.25,28.1],[103.0,27.27],[103.25,27.51],[104.75,26.29],[105.5,26.37],[105.97,26.0]]}},{"type":"Feature","properties":{"level":1024},"geometry":{"type":"LineString","coordinates":[[86.86,27.75],[87.08,27.75],[87.15,28.25],[86.11,28.25],[86.86,27.75]]}},{"type":"Feature","properties":{"level":1024},"geometry":{"type":"LineString","coordinates":[[89.96,28.0],[90.5,27.8],[91.49,28.5],[91.0,28.79],[90.33,28.5],[90.25,29.14],[90.04,29.0],[90.1,28.5],[89.76,28.25],[89.96,28.0]]}},{"type":"Feature","properties":{"level":1024},"geometry":{"type":"LineString","coordinates":[[84.17,30.25],[84.35,30.5],[83.5,31.06],[83.25,30.86],[82.48,31.0],[82.49,30.75],[84.17,30.25]]}},{"type":"Feature","properties":{"level":1024},"geometry":{"type":"LineString","coordinates":[[95.5,30.39],[94.87,31.0],[95.75,31.04],[96.6,30.75],[96.5,30.38],[96.0,30.61],[95.5,30.39]]}},{"type":"Feature","properties":{"level":1024},"geometry":{"type":"LineString","coordinates":[[79.23,30.75],[79.9,31.0],[79.25,31.24],[79.0,31.1],[78.75,31.5],[78.4,31.25],[79.23,30.75]]}},{"type":"Feature","properties":{"level":1024},"geometry":{"type":"LineString","coordinates":[[77.61,31.75],[78.16,31.75],[77.75,32.49],[76.41,34.0],[75.63,34.25],[76.5,33.07],[76.66,32.5],[77.25,32.36],[77.61,31.75]]}},{"type":"Feature","properties":{"level":1024},"geometry":{"type":"LineString","coordinates":[[87.38,32.25],[88.34,32.5],[87.14,32.5],[87.38,32.25]]}},{"type":"Feature","properties":{"level":1024},"geometry":{"type":"LineString","coordinates":[[108.78,33.0],[109.25,32.94],[110.0,33.4],[111.75,33.51],[112.0,33.97],[110.0,34.37],[109.25,33.89],[107.25,34.18],[106.34,34.5],[106.53,35.0],[106.25,35.7],[106.33,34.75],[105.5,33.91],[106.25,33.77],[106.14,33.5],[106.5,33.28],[107.5,33.34],[108.78,33.0]]}},{"type":"Feature","properties":{"level":1024},"geometry":{"type":"LineString","coordinates":[[-180.0,33.24],[-175.75,33.44],[-175.25,33.01],[-174.75,32.94],[-173.5,33.37],[-172.75,33.17],[-169.25,33.83],[-167.0,33.32],[-166.45,32.25],[-166.04,32.0],[-164.0,31.51],[-163.0,31.51],[-162.5,31.14],[-160.5,31.78],[-158.0,32.08],[-156.25,32.76],[-155.5,32.91],[-155.25,32.75],[-154.0,33.27],[-153.0,33.25],[-146.75,35.49],[-145.0,35.76],[-142.0,35.83],[-140.25,36.34],[-135.75,38.39],[-132.67,40.75],[-131.82,42.25],[-132.71,43.0],[-132.75,43.55],[-134.0,45.21],[-137.5,44.94],[-141.75,43.89],[-142.52,44.0],[-146.75,42.09],[-149.25,41.77],[-157.75,39.48],[-167.0,37.7],[-169.5,37.74],[-170.92,38.0],[-168.49,39.5],[-168.63,40.25],[-168.18,40.75],[-169.0,42.45],[-169.5,41.98],[-170.25,42.92],[-171.52,43.75],[-176.0,45.24],[-180.0,46.92]]}},{"type":"Feature","properties":{"level":1024},"geometry":{"type":"LineString","coordinates":[[14.93,33.5],[16.0,33.73],[16.08,34.5],[14.98,35.25],[14.0,35.37],[13.83,34.75],[14.93,33.5]]}},{"type":"Feature","properties":{"level":1024},"geometry":{"type":"LineString","coordinates":[[63.7,34.5],[64.75,34.32],[65.25,34.68],[66.0,34.78],[67.25,34.45],[68.25,34.5],[68.75,35.17],[70.25,35.75],[71.0,35.68],[72.0,36.4],[72.38,36.75],[72.12,37.0],[72.4,37.75],[71.72,38.0],[72.72,38.5],[72.83,39.0],[73.25,39.38],[73.96,39.5],[74.0,39.94],[74.78,40.0],[75.36,40.75],[74.58,41.25],[74.64,41.75],[74.33,42.0],[74.91,42.25],[74.25,42.44],[74.0,42.07],[73.56,42.5],[75.75,42.7],[78.56,43.5],[77.49,44.0],[78.25,44.25],[79.0,45.11],[80.25,45.2],[81.25,45.68],[82.25,45.48],[82.5,45.94],[83.0,46.12],[83.75,45.79],[84.25,45.99],[84.06,46.25],[85.0,47.12],[84.25,47.51],[84.0,47.18],[83.5,47.09],[83.0,47.59],[82.5,47.64],[82.5,47.98],[83.0,48.23],[83.25,48.87],[84.25,48.62],[85.5,48.72],[86.34,50.25],[86.02,50.5],[85.93,51.0],[84.75,51.17],[83.46,50.75],[83.56,50.5],[82.93,49.75],[81.25,48.68],[80.14,48.5],[80.0,48.19],[79.12,48.25],[78.25,47.43],[77.11,47.0],[77.18,46.5],[76.75,46.31],[74.5,46.09],[73.5,46.36],[67.0,45.34],[63.5,45.45],[60.0,44.54],[58.0,44.92],[55.5,44.23],[55.64,45.0],[55.03,45.25],[52.25,45.37],[50.25,44.98],[48.75,44.23],[48.65,43.75],[50.69,42.5],[50.56,42.0],[51.0,41.0],[54.0,40.89],[55.25,40.02],[57.63,39.5],[58.75,38.93],[60.1,37.5],[60.01,37.25],[56.96,38.5],[57.26,38.0],[58.0,37.75],[58.41,37.25],[58.21,37.0],[60.25,34.95],[60.75,35.4],[61.71,35.75],[61.75,36.28],[62.5,36.52],[63.5,36.2],[64.84,36.25],[64.9,36.0],[64.15,35.5],[64.85,35.25],[63.7,34.5]]}},{"type":"Feature","properties":{"level":1024},"geometry":{"type":"LineString","coordinates":[[77.76,34.75],[78.0,34.6],[78.17,34.75],[77.5,35.94],[76.25,36.29],[75.5,36.89],[75.28,36.75],[75.43,36.5],[74.73,36.0],[76.03,35.75],[77.0,34.96],[77.25,35.2],[77.76,34.75]]}},{"type":"Feature","properties":{"level":1024},"geometry":{"type":"LineString","coordinates":[[80.49,35.25],[82.0,35.15],[82.5,35.72],[82.92,35.75],[82.75,35.89],[81.75,35.6],[80.25,35.87],[79.76,35.75],[80.49,35.25]]}},{"type":"Feature","properties":{"level":1024},"geometry":{"type":"LineString","coordinates":[[68.75,35.97],[68.5,36.31],[67.75,36.26],[67.5,36.65],[66.75,36.37],[66.5,36.59],[65.75,36.51],[65.23,37.0],[65.3,37.75],[66.0,38.15],[66.75,37.9],[68.0,38.57],[69.75,38.44],[69.93,38.25],[69.87,37.5],[68.75,35.97]]}},{"type":"Feature","properties":{"level":1024},"geometry":{"type":"LineString","coordinates":[[14.61,37.0],[14.89,37.0],[14.75,37.16],[14.61,37.0]]}},{"type":"Feature","properties":{"level":1024},"geometry":{"type":"LineString","coordinates":[[13.07,37.75],[15.0,37.55],[15.5,38.22],[16.0,37.93],[16.83,39.25],[16.25,39.55],[16.34,40.0],[16.0,40.19],[15.82,40.0],[16.16,39.0],[15.96,38.5],[15.25,38.18],[13.25,38.09],[13.07,37.75]]}},{"type":"Feature","properties":{"level":1024},"geometry":{"type":"LineString","coordinates":[[-92.1,39.5],[-89.5,40.05],[-86.0,39.94],[-84.9,40.25],[-84.91,41.0],[-85.18,41.25],[-84.96,41.5],[-85.66,42.0],[-85.4,42.5],[-85.97,43.75],[-85.77,44.5],[-85.19,44.75],[-85.07,45.25],[-86.33,46.0],[-85.75,46.59],[-84.64,46.75],[-84.7,47.0],[-85.5,47.53],[-86.09,48.5],[-86.75,48.8],[-87.35,49.5],[-86.49,50.25],[-86.98,51.0],[-86.61,51.25],[-86.68,51.75],[-87.25,51.73],[-88.0,52.43],[-88.5,52.35],[-89.75,53.01],[-90.82,52.75],[-90.19,52.0],[-90.75,51.81],[-91.31,51.25],[-91.75,50.5],[-91.74,50.0],[-91.25,49.31],[-89.29,48.5],[-89.36,48.25],[-91.0,47.57],[-91.87,46.75],[-91.0,46.86],[-90.5,46.53],[-87.75,46.57],[-86.91,46.0],[-88.25,45.11],[-90.0,45.01],[-90.45,44.75],[-90.62,44.5],[-90.5,43.93],[-91.98,43.0],[-93.44,41.5],[-93.87,40.75],[-93.85,40.0],[-93.0,39.6],[-92.1,39.5]]}},{"type":"Feature","properties":{"level":1024},"geometry":{"type":"LineString","coordinates":[[-27.29,39.5],[-26.0,39.38],[-24.0,39.79],[-21.23,41.5],[-20.0,42.59],[-18.69,44.25],[-18.58,44.75],[-19.48,45.5],[-21.5,45.48],[-22.68,46.5],[-22.53,47.25],[-20.79,49.0],[-20.14,50.0],[-20.15,50.75],[-19.76,51.25],[-20.5,52.52],[-24.0,53.62],[-32.75,54.99],[-39.75,55.38],[-42.75,55.33],[-45.5,54.95],[-48.75,53.97],[-51.01,52.25],[-52.05,50.5],[-51.98,49.5],[-52.44,49.25],[-52.14,49.0],[-52.36,48.5],[-52.0,46.61],[-51.49,46.5],[-51.25,45.76],[-48.0,43.77],[-44.25,42.88],[-43.97,42.75],[-44.2,42.25],[-44.0,42.12],[-41.25,41.31],[-38.75,41.79],[-36.25,41.76],[-34.0,42.11],[-31.25,43.28],[-30.77,43.0],[-30.41,41.25],[-29.8,40.5],[-28.5,39.69],[-27.29,39.5]]}},{"type":"Feature","properties":{"level":1024},"geometry":{"type":"LineString","coordinates":[[54.62,39.75],[54.92,39.75],[54.62,39.75]]}},{"type":"Feature","properties":{"level":1024},"geometry":{"type":"LineString","coordinates":[[-168.02,40.5],[-167.67,40.5],[-168.02,40.5]]}},{"type":"Feature","properties":{"level":1024},"geometry":{"type":"LineString","coordinates":[[45.63,40.5],[46.44,40.5],[44.93,41.25],[44.67,41.5],[44.75,41.81],[45.5,41.6],[46.07,41.75],[48.0,40.81],[48.61,41.0],[48.0,41.42],[48.09,41.75],[47.8,42.25],[47.25,42.64],[46.75,42.58],[45.25,43.1],[44.5,42.92],[43.5,43.42],[43.25,43.22],[42.25,43.44],[42.34,44.0],[41.25,44.42],[39.75,44.53],[39.25,44.29],[40.5,43.15],[41.75,42.76],[42.26,42.25],[41.62,41.25],[42.25,41.85],[43.25,41.66],[43.75,41.79],[44.5,40.95],[45.63,40.5]]}},{"type":"Feature","properties":{"level":1024},"geometry":{"type":"LineString","coordinates":[[35.93,41.0],[36.22,41.25],[35.0,41.9],[34.14,41.75],[35.93,41.0]]}},{"type":"Feature","properties":{"level":1024},"geometry":{"type":"LineString","coordinates":[[-169.5,41.36],[-169.5,41.65],[-169.5,41.36]]}},{"type":"Feature","properties":{"level":1024},"geometry":{"type":"LineString","coordinates":[[23.83,41.5],[24.75,41.29],[25.21,41.5],[25.21,41.75],[24.75,42.07],[24.07,42.25],[24.16,42.5],[24.75,42.63],[26.82,42.5],[27.15,42.25],[27.09,42.0],[27.75,41.58],[28.06,42.0],[27.45,42.5],[27.99,42.75],[28.0,43.0],[28.25,42.66],[29.25,42.48],[33.0,42.92],[35.75,42.9],[36.41,43.5],[36.25,43.85],[35.75,44.06],[34.0,43.91],[32.5,44.49],[30.75,44.4],[29.75,44.09],[28.75,43.39],[28.0,43.62],[27.0,42.92],[23.76,42.75],[23.23,42.5],[23.2,41.75],[23.83,41.5]]}},{"type":"Feature","properties":{"level":1024},"geometry":{"type":"LineString","coordinates":[[19.52,42.5],[20.0,42.36],[20.5,42.92],[21.27,43.0],[20.97,43.5],[19.75,44.19],[16.94,44.75],[16.0,45.73],[16.83,46.0],[16.67,46.25],[16.84,46.75],[16.32,48.0],[16.73,48.5],[16.48,48.75],[17.0,48.86],[16.77,48.5],[17.0,48.22],[18.25,48.91],[18.75,48.65],[20.0,48.63],[21.75,48.96],[23.26,48.25],[23.5,47.64],[24.5,47.24],[25.19,46.0],[24.75,45.79],[23.5,45.93],[23.0,45.65],[22.5,45.85],[22.25,44.98],[24.5,45.27],[25.5,45.16],[26.66,45.5],[26.82,45.75],[25.75,47.94],[24.23,49.25],[22.75,49.72],[19.5,49.9],[17.75,49.65],[17.25,50.26],[16.5,50.36],[16.23,50.0],[14.34,49.5],[14.5,49.14],[14.75,49.19],[14.71,49.0],[14.25,48.97],[13.88,49.5],[13.0,49.61],[12.9,50.0],[12.5,50.24],[11.5,50.26],[11.15,49.25],[10.72,49.25],[11.0,48.81],[11.93,48.75],[11.75,48.53],[10.5,48.24],[10.0,47.96],[9.75,47.47],[7.25,46.56],[7.51,46.25],[7.0,46.15],[6.5,45.19],[6.02,45.0],[6.25,44.71],[6.86,45.0],[6.58,44.25],[6.75,44.2],[7.08,45.0],[8.75,46.26],[11.0,45.69],[13.25,46.24],[14.75,45.21],[15.0,44.72],[17.75,43.67],[19.52,42.5]]}},{"type":"Feature","properties":{"level":1024},"geometry":{"type":"LineString","coordinates":[[82.47,43.25],[83.9,43.25],[83.75,43.55],[82.5,43.47],[82.47,43.25]]}},{"type":"Feature","properties":{"level":1024},"geometry":{"type":"LineString","coordinates":[[80.99,43.5],[82.07,43.5],[81.88,44.0],[81.25,44.26],[80.99,43.5]]}},{"type":"Feature","properties":{"level":1024},"geometry":{"type":"LineString","coordinates":[[75.75,44.24],[75.56,44.75],[76.25,45.23],[76.33,45.0],[75.75,44.24]]}},{"type":"Feature","properties":{"level":1024},"geometry":{"type":"LineString","coordinates":[[33.63,44.5],[34.0,44.36],[34.76,45.0],[34.0,45.06],[33.63,44.5]]}},{"type":"Feature","properties":{"level":1024},"geometry":{"type":"LineString","coordinates":[[17.23,45.5],[17.68,45.5],[17.23,45.5]]}},{"type":"Feature","properties":{"level":1024},"geometry":{"type":"LineString","coordinates":[[76.5,45.46],[76.84,45.5],[76.5,45.46]]}},{"type":"Feature","properties":{"level":1024},"geometry":{"type":"LineString","coordinates":[[22.59,46.25],[23.5,46.15],[23.69,46.75],[23.25,47.08],[22.5,47.02],[22.36,46.5],[22.59,46.25]]}},{"type":"Feature","properties":{"level":1024},"geometry":{"type":"LineString","coordinates":[[-23.25,46.4],[-22.97,46.5],[-23.25,46.4]]}},{"type":"Feature","properties":{"level":1024},"geometry":{"type":"LineString","coordinates":[[180.0,46.92],[175.25,49.35],[170.75,50.65],[165.75,51.82],[158.5,51.81],[158.17,52.0],[158.25,52.61],[157.75,52.86],[156.86,52.5],[156.88,52.25],[154.44,50.25],[153.54,47.75],[153.4,46.5],[153.97,44.5],[155.5,42.53],[155.15,42.0],[155.49,41.25],[156.25,41.03],[157.79,39.0],[158.75,38.11],[160.5,37.12],[160.75,36.5],[161.29,36.5],[161.75,35.88],[162.75,35.44],[163.75,34.45],[167.5,33.34],[169.75,33.15],[172.25,33.37],[173.75,32.98],[177.5,33.44],[178.0,33.22],[180.0,33.24]]}},{"type":"Feature","properties":{"level":1024},"geometry":{"type":"LineString","coordinates":[[8.66,48.0],[9.17,48.0],[9.84,48.5],[9.0,48.37],[8.66,48.0]]}},{"type":"Feature","properties":{"level":1024},"geometry":{"type":"LineString","coordinates":[[12.0,48.85],[12.0,49.09],[12.31,49.0],[12.0,48.85]]}},{"type":"Feature","properties":{"level":1024},"geometry":{"type":"LineString","coordinates":[[17.25,49.39],[17.25,49.7],[17.59,49.5],[17.25,49.39]]}},{"type":"Feature","properties":{"level":1024},"geometry":{"type":"LineString","coordinates":[[89.63,52.0],[91.75,52.44],[92.0,52.67],[93.25,52.46],[94.16,53.0],[94.15,53.25],[93.25,53.79],[92.5,53.84],[91.75,53.76],[91.0,53.36],[89.93,54.0],[89.0,54.17],[88.53,53.75],[88.13,52.25],[89.63,52.0]]}},{"type":"Feature","properties":{"level":1024},"geometry":{"type":"LineString","coordinates":[[-88.57,53.0],[-88.33,53.0],[-88.38,53.25],[-88.75,53.29],[-88.57,53.0]]}},{"type":"Feature","properties":{"level":1024},"geometry":{"type":"LineString","coordinates":[[105.12,63.25],[107.0,63.25],[108.2,63.5],[108.18,64.0],[108.76,65.0],[107.94,65.25],[107.89,65.75],[107.37,66.25],[108.0,66.04],[108.38,66.25],[108.08,65.75],[109.5,65.35],[110.36,65.5],[109.65,65.75],[110.33,66.0],[109.36,66.75],[108.75,66.86],[108.0,66.85],[107.0,66.46],[105.5,67.1],[105.25,66.83],[105.0,66.94],[104.25,66.61],[102.25,66.63],[101.75,66.86],[100.75,66.6],[99.0,67.13],[98.5,66.65],[97.5,67.19],[97.13,67.0],[97.25,66.25],[98.5,66.33],[99.32,66.0],[100.0,65.32],[100.6,65.25],[101.0,64.8],[101.27,65.0],[101.75,64.4],[103.28,64.25],[105.12,63.25]]}},{"type":"Feature","properties":{"level":1024},"geometry":{"type":"LineString","coordinates":[[93.53,68.75],[95.25,68.54],[96.08,69.0],[94.5,68.88],[94.43,69.25],[94.0,69.3],[93.53,68.75]]}},{"type":"Feature","properties":{"level":1024},"geometry":{"type":"LineString","coordinates":[[-42.11,73.0],[-41.0,72.9],[-39.74,73.75],[-40.75,74.11],[-41.87,74.0],[-42.11,73.0]]}},{"type":"Feature","properties":{"level":1028},"geometry":{"type":"LineString","coordinates":[[22.47,-88.25],[42.75,-88.34],[52.0,-87.85],[57.76,-87.25],[70.15,-86.75],[70.4,-86.5],[62.0,-86.27],[38.75,-86.43],[29.95,-86.0],[37.5,-85.86],[62.75,-86.07],[101.32,-84.75],[110.83,-84.0],[112.47,-83.75],[113.68,-83.25],[112.34,-82.75],[112.72,-82.5],[116.5,-82.64],[119.87,-82.25],[117.65,-81.75],[117.41,-81.25],[116.0,-80.6],[110.75,-80.54],[109.31,-80.25],[108.54,-79.75],[109.07,-79.0],[108.97,-78.5],[105.49,-77.5],[99.99,-76.5],[91.75,-75.9],[89.0,-74.97],[85.0,-74.97],[82.25,-75.79],[80.5,-76.78],[78.75,-77.1],[77.5,-76.59],[76.5,-76.54],[72.25,-77.19],[65.5,-77.58],[60.5,-76.47],[55.5,-76.67],[51.25,-76.53],[50.91,-76.0],[50.09,-75.75],[50.4,-75.0],[49.93,-74.75],[50.08,-74.5],[49.75,-74.3],[47.0,-73.7],[45.0,-73.68],[36.25,-74.74],[26.92,-75.5],[26.13,-75.75],[25.82,-76.25],[22.83,-78.25],[18.61,-80.25],[18.71,-80.5],[18.13,-80.75],[18.04,-81.0],[18.51,-81.25],[12.97,-81.5],[-1.5,-83.27],[-3.2,-83.75],[-1.91,-84.25],[-1.69,-84.75],[-0.6,-85.0],[-7.77,-85.5],[-8.04,-85.75],[-7.97,-86.25],[-9.75,-86.75],[-10.39,-87.25],[-13.56,-87.5],[-13.68,-87.75],[22.47,-88.25]]}},{"type":"Feature","properties":{"level":1028},"geometry":{"type":"LineString","coordinates":[[114.08,-74.5],[119.25,-74.54],[121.69,-74.0],[120.0,-73.73],[114.0,-73.68],[108.75,-73.23],[105.75,-71.67],[104.33,-71.75],[103.07,-72.25],[103.74,-73.0],[107.39,-73.75],[114.08,-74.5]]}},{"type":"Feature","properties":{"level":1028},"geometry":{"type":"LineString","coordinates":[[123.52,-73.75],[124.0,-73.92],[126.95,-73.75],[127.9,-73.25],[125.75,-73.11],[123.52,-73.75]]}},{"type":"Feature","properties":{"level":1028},"geometry":{"type":"LineString","coordinates":[[51.08,-73.25],[53.98,-72.75],[55.75,-71.86],[55.83,-71.5],[55.0,-71.46],[53.0,-71.99],[51.32,-72.75],[51.0,-73.0],[51.08,-73.25]]}},{"type":"Feature","properties":{"level":1028},"geometry":{"type":"LineString","coordinates":[[55.33,-51.25],[59.5,-51.43],[61.5,-51.27],[64.25,-50.84],[66.55,-50.0],[69.5,-47.88],[71.58,-45.5],[73.16,-41.5],[72.89,-39.75],[72.15,-38.25],[69.56,-36.25],[67.75,-35.15],[65.5,-34.21],[61.84,-32.0],[58.75,-29.4],[55.75,-28.24],[54.25,-28.21],[51.0,-28.66],[48.92,-29.5],[47.75,-30.51],[44.0,-32.68],[42.67,-33.75],[40.49,-35.75],[39.75,-37.14],[39.44,-38.0],[39.28,-40.5],[39.73,-42.75],[40.24,-44.0],[42.56,-47.0],[46.5,-49.36],[48.13,-50.0],[52.25,-50.98],[55.33,-51.25]]}},{"type":"Feature","properties":{"level":1028},"geometry":{"type":"LineString","coordinates":[[-180.0,-47.89],[-176.5,-48.46],[-172.75,-48.29],[-164.56,-47.0],[-161.75,-46.22],[-159.75,-45.36],[-156.81,-43.5],[-155.34,-41.5],[-154.99,-39.25],[-155.22,-37.25],[-156.0,-36.46],[-157.5,-35.5],[-157.81,-33.5],[-157.56,-33.0],[-159.25,-31.52],[-160.25,-31.26],[-164.5,-28.78],[-165.3,-28.75],[-165.5,-28.48],[-167.25,-28.49],[-169.75,-29.72],[-170.75,-30.61],[-171.54,-32.0],[-175.75,-34.55],[-177.5,-35.07],[-180.0,-35.38]]}},{"type":"Feature","properties":{"level":1028},"geometry":{"type":"LineString","coordinates":[[-17.08,-40.25],[-14.0,-40.38],[-10.5,-39.9],[-9.75,-39.34],[-7.0,-38.85],[-3.96,-37.75],[-2.98,-36.75],[-2.23,-35.25],[-1.69,-35.0],[-1.45,-34.25],[-1.43,-33.75],[-1.89,-33.0],[-1.87,-32.25],[-2.72,-30.75],[-4.0,-29.89],[-6.34,-29.0],[-7.25,-28.39],[-11.25,-27.24],[-13.25,-27.12],[-14.5,-27.3],[-15.5,-27.1],[-16.0,-27.34],[-16.5,-27.26],[-16.75,-27.52],[-18.0,-27.51],[-18.5,-27.87],[-20.25,-28.0],[-20.52,-28.5],[-21.5,-28.34],[-21.79,-28.5],[-22.24,-29.25],[-22.1,-30.5],[-22.44,-31.5],[-23.7,-32.5],[-23.14,-34.0],[-23.47,-34.5],[-23.26,-35.75],[-22.46,-37.0],[-22.41,-37.5],[-21.81,-38.0],[-21.8,-38.5],[-21.25,-39.01],[-19.5,-40.08],[-17.08,-40.25]]}},{"type":"Feature","properties":{"level":1028},"geometry":{"type":"LineString","coordinates":[[180.0,-35.38],[177.5,-35.1],[175.75,-34.63],[173.75,-35.05],[173.0,-35.59],[171.0,-35.93],[170.25,-36.66],[169.25,-36.34],[168.25,-36.78],[167.66,-37.5],[167.56,-38.5],[168.01,-41.0],[168.33,-41.5],[168.56,-43.5],[168.25,-44.26],[169.75,-44.19],[172.0,-42.89],[173.25,-41.55],[172.8,-40.75],[173.0,-40.53],[175.5,-41.23],[176.25,-40.81],[177.09,-41.5],[178.12,-46.25],[178.92,-47.25],[180.0,-47.89]]}},{"type":"Feature","properties":{"level":1028},"geometry":{"type":"LineString","coordinates":[[98.44,30.0],[99.0,30.91],[99.75,30.01],[100.94,31.0],[101.75,30.91],[102.0,30.59],[102.75,31.27],[103.0,30.77],[103.9,31.5],[104.2,32.75],[104.01,33.25],[104.24,33.5],[103.58,34.0],[103.71,34.25],[103.21,35.0],[102.5,35.52],[101.0,35.7],[100.5,35.32],[100.0,35.38],[99.63,36.0],[99.0,36.34],[98.6,36.25],[98.52,35.75],[98.0,35.54],[97.9,35.75],[96.75,36.01],[96.5,35.81],[96.25,36.03],[95.25,36.05],[94.75,35.67],[93.25,36.3],[92.65,36.25],[92.62,36.0],[93.0,35.64],[93.56,35.5],[92.67,35.5],[91.96,35.0],[91.92,34.25],[92.19,34.0],[91.5,33.5],[91.0,33.71],[90.79,33.5],[91.0,33.09],[91.25,33.0],[92.0,33.53],[92.17,33.25],[91.98,33.0],[92.63,32.25],[94.75,32.0],[94.57,31.75],[94.75,31.59],[95.25,31.92],[95.5,31.66],[96.0,31.63],[95.75,32.29],[96.25,31.93],[97.25,31.99],[97.58,31.5],[98.0,31.36],[98.25,31.98],[98.75,32.19],[98.87,31.75],[99.35,31.5],[99.0,31.05],[98.59,31.25],[98.25,30.82],[98.0,30.85],[98.44,30.0]]}},{"type":"Feature","properties":{"level":1028},"geometry":{"type":"LineString","coordinates":[[93.5,32.69],[92.28,33.25],[92.43,34.25],[92.79,34.25],[92.92,33.5],[93.57,33.0],[93.5,32.69]]}},{"type":"Feature","properties":{"level":1028},"geometry":{"type":"LineString","coordinates":[[85.62,34.25],[86.0,34.09],[86.27,34.5],[85.75,34.72],[85.13,34.5],[85.62,34.25]]}},{"type":"Feature","properties":{"level":1028},"geometry":{"type":"LineString","coordinates":[[77.57,35.0],[77.78,35.0],[77.5,35.78],[77.0,35.98],[76.34,35.75],[77.57,35.0]]}},{"type":"Feature","properties":{"level":1028},"geometry":{"type":"LineString","coordinates":[[80.65,35.25],[81.65,35.25],[81.25,35.56],[80.5,35.66],[80.33,35.5],[80.65,35.25]]}},{"type":"Feature","properties":{"level":1028},"geometry":{"type":"LineString","coordinates":[[100.69,37.0],[101.75,37.15],[102.71,37.0],[102.25,37.57],[99.5,38.46],[98.6,37.75],[98.75,37.38],[99.25,37.14],[100.0,37.28],[100.69,37.0]]}},{"type":"Feature","properties":{"level":1028},"geometry":{"type":"LineString","coordinates":[[-180.0,37.64],[-177.9,38.5],[-177.0,39.66],[-176.75,39.57],[-175.99,40.75],[-176.75,42.26],[-180.0,44.37]]}},{"type":"Feature","properties":{"level":1028},"geometry":{"type":"LineString","coordinates":[[97.58,37.75],[98.14,37.75],[96.5,38.48],[95.5,38.23],[95.5,37.98],[97.58,37.75]]}},{"type":"Feature","properties":{"level":1028},"geometry":{"type":"LineString","coordinates":[[-40.82,44.25],[-39.0,44.21],[-29.75,45.69],[-26.92,47.25],[-25.27,49.0],[-25.01,50.0],[-25.86,51.25],[-29.0,52.47],[-31.75,53.07],[-37.0,53.59],[-41.0,53.5],[-44.14,53.0],[-47.0,52.03],[-47.76,51.5],[-48.0,50.5],[-48.75,50.42],[-48.61,49.5],[-48.82,49.0],[-48.83,47.5],[-48.25,47.39],[-47.75,46.53],[-47.5,46.36],[-46.23,46.5],[-44.5,45.02],[-43.25,44.98],[-42.5,44.29],[-40.82,44.25]]}},{"type":"Feature","properties":{"level":1028},"geometry":{"type":"LineString","coordinates":[[180.0,44.37],[175.16,46.25],[171.5,48.01],[168.75,48.95],[166.5,49.56],[163.0,49.81],[159.75,49.63],[158.01,49.0],[156.81,47.75],[156.46,47.0],[156.36,46.0],[156.34,44.75],[157.24,43.25],[157.91,42.75],[158.06,42.0],[158.79,41.75],[160.25,40.19],[162.5,39.27],[163.41,38.5],[165.25,37.82],[165.75,37.0],[166.5,36.39],[167.5,36.5],[169.75,35.97],[175.25,36.04],[178.5,36.74],[180.0,37.64]]}},{"type":"Feature","properties":{"level":1032},"geometry":{"type":"LineString","coordinates":[[10.58,-87.5],[17.0,-87.6],[25.56,-87.25],[29.39,-86.75],[25.45,-86.25],[16.75,-85.78],[5.75,-85.98],[3.1,-86.25],[1.58,-86.75],[3.0,-87.11],[10.58,-87.5]]}},{"type":"Feature","properties":{"level":1032},"geometry":{"type":"LineString","coordinates":[[51.87,-87.0],[63.69,-86.75],[61.5,-86.55],[51.07,-86.75],[51.87,-87.0]]}},{"type":"Feature","properties":{"level":1032},"geometry":{"type":"LineString","coordinates":[[16.55,-85.5],[59.75,-85.65],[95.0,-84.59],[102.75,-84.12],[110.5,-83.32],[110.7,-83.25],[110.65,-83.0],[109.95,-82.5],[110.83,-82.25],[110.74,-82.0],[110.06,-81.75],[111.52,-81.25],[111.41,-81.0],[108.0,-80.96],[106.75,-80.6],[105.29,-80.0],[105.45,-79.5],[105.3,-79.0],[105.52,-78.75],[104.24,-78.25],[104.34,-77.75],[100.54,-77.0],[90.75,-76.51],[88.25,-75.97],[86.5,-75.92],[81.5,-77.43],[78.5,-77.54],[75.0,-77.2],[70.5,-78.07],[63.5,-77.98],[59.0,-76.84],[54.75,-77.29],[51.0,-76.9],[49.5,-76.18],[49.32,-75.0],[48.75,-74.63],[43.5,-74.28],[28.55,-76.0],[28.57,-77.25],[26.25,-77.87],[25.7,-78.5],[22.56,-80.0],[22.19,-80.5],[22.55,-80.75],[21.98,-81.0],[22.24,-81.25],[22.06,-81.75],[7.5,-82.73],[1.89,-83.5],[3.5,-84.37],[5.52,-84.75],[16.55,-85.5]]}},{"type":"Feature","properties":{"level":1032},"geometry":{"type":"LineString","coordinates":[[118.77,-74.25],[119.25,-74.45],[119.92,-74.25],[119.5,-74.06],[118.77,-74.25]]}},{"type":"Feature","properties":{"level":1032},"geometry":{"type":"LineString","coordinates":[[52.44,-72.5],[53.25,-72.67],[53.8,-72.5],[53.92,-72.25],[52.44,-72.5]]}},{"type":"Feature","properties":{"level":1032},"geometry":{"type":"LineString","coordinates":[[57.23,-50.0],[59.25,-50.0],[62.5,-49.4],[64.75,-48.62],[66.5,-47.53],[68.13,-46.0],[69.05,-44.5],[69.55,-42.25],[69.56,-41.25],[69.12,-40.25],[68.39,-39.25],[65.0,-36.53],[59.73,-33.75],[54.5,-32.33],[53.25,-32.23],[51.75,-32.55],[51.25,-32.43],[50.5,-32.9],[48.5,-33.44],[45.49,-35.5],[43.67,-37.25],[42.5,-39.47],[42.12,-41.0],[42.15,-42.75],[42.45,-43.75],[44.39,-46.25],[48.25,-48.39],[52.0,-49.6],[57.23,-50.0]]}},{"type":"Feature","properties":{"level":1032},"geometry":{"type":"LineString","coordinates":[[-176.08,-44.5],[-173.0,-44.53],[-171.5,-44.15],[-169.25,-44.24],[-168.5,-43.95],[-166.0,-44.5],[-163.61,-44.0],[-161.92,-43.25],[-160.77,-42.0],[-160.52,-41.0],[-160.57,-40.0],[-162.07,-39.0],[-164.25,-38.87],[-165.69,-38.25],[-165.84,-38.0],[-165.6,-37.0],[-166.54,-36.75],[-166.75,-35.24],[-168.0,-35.02],[-168.75,-35.32],[-169.25,-35.15],[-170.25,-35.31],[-176.75,-37.67],[-179.31,-39.0],[-179.54,-41.25],[-178.87,-43.25],[-177.75,-43.97],[-176.08,-44.5]]}},{"type":"Feature","properties":{"level":1032},"geometry":{"type":"LineString","coordinates":[[176.05,-39.0],[176.5,-39.05],[178.0,-38.23],[178.2,-38.0],[178.07,-37.75],[177.25,-38.37],[175.9,-38.25],[175.71,-38.5],[176.17,-38.75],[176.05,-39.0]]}},{"type":"Feature","properties":{"level":1032},"geometry":{"type":"LineString","coordinates":[[-13.85,-36.25],[-13.41,-36.25],[-13.85,-36.25]]}},{"type":"Feature","properties":{"level":1032},"geometry":{"type":"LineString","coordinates":[[-14.26,-36.0],[-13.93,-36.0],[-14.19,-35.75],[-14.0,-35.71],[-12.25,-35.94],[-11.0,-35.79],[-10.61,-34.5],[-11.04,-34.0],[-11.0,-33.44],[-11.25,-33.5],[-11.35,-33.25],[-11.16,-33.0],[-13.0,-32.34],[-14.0,-32.51],[-15.0,-32.24],[-15.17,-32.75],[-16.0,-32.83],[-16.53,-33.25],[-15.23,-34.75],[-15.54,-35.0],[-14.5,-35.58],[-14.26,-36.0]]}},{"type":"Feature","properties":{"level":1032},"geometry":{"type":"LineString","coordinates":[[97.4,33.25],[97.64,33.25],[98.12,34.0],[97.75,34.77],[97.34,34.5],[97.32,34.0],[96.99,33.75],[97.4,33.25]]}},{"type":"Feature","properties":{"level":1032},"geometry":{"type":"LineString","coordinates":[[170.67,39.0],[173.25,39.12],[175.94,40.25],[176.18,41.0],[175.88,41.25],[175.95,42.25],[175.5,42.9],[175.0,42.45],[174.0,43.59],[172.25,44.26],[170.25,45.41],[166.0,46.77],[162.0,46.85],[161.25,46.53],[160.18,45.5],[160.12,44.75],[161.16,43.25],[162.5,42.06],[163.25,41.89],[163.75,41.23],[164.5,40.79],[165.24,40.75],[165.48,40.25],[166.66,40.0],[168.0,39.29],[170.67,39.0]]}},{"type":"Feature","properties":{"level":1032},"geometry":{"type":"LineString","coordinates":[[-38.09,47.0],[-37.25,46.96],[-33.5,47.99],[-33.1,48.25],[-33.12,48.75],[-32.29,49.5],[-32.75,50.13],[-33.5,50.15],[-34.72,50.75],[-36.0,50.79],[-39.5,50.27],[-40.0,50.49],[-42.25,49.52],[-42.75,49.08],[-42.94,48.5],[-42.75,48.1],[-42.5,48.08],[-41.75,48.7],[-41.0,48.33],[-40.63,47.75],[-40.0,47.68],[-39.9,47.25],[-38.09,47.0]]}},{"type":"Feature","properties":{"level":1036},"geometry":{"type":"LineString","coordinates":[[24.79,-85.25],[56.0,-85.49],[73.5,-85.12],[98.0,-84.04],[106.5,-82.91],[107.78,-82.25],[103.6,-81.75],[104.9,-81.5],[103.65,-80.75],[102.78,-79.75],[99.83,-79.25],[101.32,-78.75],[99.75,-77.92],[98.13,-77.5],[92.5,-77.7],[92.21,-77.75],[92.67,-78.0],[92.25,-78.34],[90.75,-78.43],[89.56,-78.25],[89.45,-78.0],[89.78,-77.75],[88.25,-77.06],[79.75,-78.12],[77.25,-78.12],[76.44,-78.5],[76.5,-78.83],[77.02,-79.0],[76.5,-79.15],[69.25,-78.73],[65.25,-78.88],[58.2,-78.0],[57.75,-77.53],[54.75,-77.72],[50.0,-77.27],[49.05,-76.75],[48.0,-76.54],[48.0,-76.0],[47.25,-75.17],[44.75,-74.8],[42.5,-74.77],[39.75,-74.97],[31.24,-76.25],[30.8,-76.5],[31.16,-77.0],[30.6,-77.25],[30.39,-77.75],[29.2,-78.0],[28.0,-78.8],[25.36,-80.0],[25.13,-80.25],[25.54,-80.75],[25.27,-81.25],[26.03,-82.0],[25.5,-82.19],[16.45,-83.0],[10.0,-83.22],[5.7,-83.75],[7.75,-84.31],[13.5,-84.91],[24.79,-85.25]]}},{"type":"Feature","properties":{"level":1036},"geometry":{"type":"LineString","coordinates":[[54.05,-48.25],[55.75,-48.41],[59.5,-48.1],[61.5,-47.64],[63.09,-46.75],[64.81,-45.25],[65.24,-44.25],[65.22,-42.0],[64.64,-40.75],[63.15,-39.25],[60.54,-37.5],[56.5,-35.94],[54.25,-35.64],[51.75,-35.73],[49.64,-36.75],[48.75,-36.94],[47.75,-37.61],[46.44,-39.0],[45.88,-40.25],[45.46,-43.0],[45.54,-44.0],[45.97,-45.0],[47.81,-46.25],[49.75,-47.21],[54.05,-48.25]]}},{"type":"Feature","properties":{"level":1040},"geometry":{"type":"LineString","coordinates":[[46.04,-85.25],[62.0,-85.3],[83.1,-84.5],[89.5,-83.85],[97.0,-82.58],[100.83,-81.0],[101.1,-80.5],[97.0,-79.14],[90.5,-78.84],[87.25,-78.15],[86.0,-78.11],[81.5,-78.46],[80.0,-78.87],[79.5,-79.3],[77.25,-79.65],[76.25,-79.93],[76.19,-80.25],[75.0,-80.48],[74.83,-80.25],[75.27,-79.75],[74.75,-79.56],[70.5,-79.18],[63.75,-79.27],[58.0,-78.58],[54.75,-78.51],[53.0,-77.99],[47.81,-77.75],[47.94,-77.25],[47.53,-77.0],[47.43,-76.5],[46.75,-75.74],[45.0,-75.32],[41.75,-75.2],[33.55,-76.5],[33.69,-77.5],[31.89,-78.0],[27.94,-80.25],[27.99,-80.5],[29.27,-81.25],[29.51,-81.75],[27.79,-82.75],[28.86,-83.25],[28.97,-83.5],[16.0,-83.75],[12.21,-84.25],[19.75,-84.81],[35.5,-84.88],[46.04,-85.25]]}},{"type":"Feature","properties":{"level":1040},"geometry":{"type":"LineString","coordinates":[[53.27,-46.0],[55.0,-46.19],[57.75,-45.72],[58.81,-45.25],[59.59,-44.5],[59.99,-43.75],[59.89,-42.5],[59.48,-41.75],[58.25,-40.64],[55.75,-39.84],[52.75,-39.88],[51.09,-40.75],[49.19,-43.0],[50.5,-44.68],[53.27,-46.0]]}},{"type":"Feature","properties":{"level":1044},"geometry":{"type":"LineString","coordinates":[[51.27,-85.25],[69.33,-85.0],[86.02,-83.75],[95.07,-82.25],[96.43,-81.75],[97.03,-81.25],[99.57,-80.5],[99.28,-80.25],[96.75,-79.6],[94.34,-79.25],[91.81,-79.25],[87.25,-78.65],[84.75,-78.61],[82.14,-78.75],[81.41,-79.0],[81.86,-79.25],[81.25,-79.46],[77.75,-79.85],[75.75,-80.56],[73.25,-80.77],[73.07,-80.75],[73.72,-80.25],[72.0,-79.89],[66.0,-79.65],[62.75,-79.86],[60.0,-79.31],[53.23,-78.75],[52.0,-78.39],[46.86,-78.5],[45.88,-78.25],[46.48,-77.75],[46.59,-76.5],[46.41,-76.25],[45.37,-75.75],[43.25,-75.68],[36.63,-76.5],[36.09,-77.75],[33.25,-78.55],[30.82,-80.0],[30.92,-80.5],[31.94,-81.0],[36.75,-81.21],[40.25,-80.68],[40.77,-80.25],[40.66,-80.0],[42.16,-79.0],[45.5,-78.68],[45.67,-78.75],[45.56,-79.0],[44.62,-79.75],[44.44,-80.25],[45.24,-80.75],[44.31,-81.5],[45.06,-81.75],[45.0,-81.92],[42.98,-82.0],[42.48,-82.5],[41.5,-82.94],[41.36,-83.25],[41.88,-83.75],[41.96,-84.5],[45.31,-85.0],[51.27,-85.25]]}},{"type":"Feature","properties":{"level":1044},"geometry":{"type":"LineString","coordinates":[[41.58,-80.75],[42.9,-80.75],[41.58,-80.75]]}},{"type":"Feature","properties":{"level":1048},"geometry":{"type":"LineString","coordinates":[[48.92,-85.0],[56.5,-85.17],[66.25,-85.01],[79.0,-84.08],[85.25,-83.44],[93.5,-82.06],[94.75,-81.65],[95.92,-80.75],[97.84,-80.25],[95.0,-79.7],[86.25,-79.05],[83.75,-79.28],[82.47,-79.75],[78.5,-79.93],[75.5,-80.72],[72.75,-81.13],[71.98,-81.0],[71.66,-80.75],[71.89,-80.5],[70.5,-80.23],[64.5,-80.26],[62.25,-80.55],[60.2,-80.25],[59.5,-79.9],[56.25,-79.39],[53.25,-79.27],[52.99,-79.0],[51.75,-78.84],[46.25,-79.12],[45.8,-79.5],[45.92,-79.75],[46.55,-80.0],[46.68,-80.5],[47.62,-81.0],[46.36,-81.25],[46.5,-81.41],[51.0,-82.75],[50.98,-83.0],[45.5,-83.29],[44.54,-83.5],[44.39,-83.75],[45.0,-84.5],[48.92,-85.0]]}},{"type":"Feature","properties":{"level":1048},"geometry":{"type":"LineString","coordinates":[[34.87,-80.0],[36.0,-80.17],[41.75,-78.83],[44.54,-78.5],[44.96,-78.25],[45.71,-76.5],[44.49,-76.0],[43.0,-75.85],[38.41,-76.75],[37.93,-77.0],[39.27,-77.75],[36.33,-78.5],[34.55,-79.5],[34.87,-80.0]]}},{"type":"Feature","properties":{"level":1052},"geometry":{"type":"LineString","coordinates":[[53.11,-85.0],[67.75,-84.79],[79.5,-83.82],[92.81,-81.75],[93.83,-81.25],[93.32,-80.75],[96.4,-80.25],[92.0,-79.65],[86.75,-79.63],[78.75,-80.05],[72.75,-81.37],[70.0,-80.67],[67.75,-80.83],[65.5,-80.56],[60.75,-80.88],[55.78,-79.75],[53.59,-79.75],[51.0,-79.19],[48.75,-79.17],[46.76,-79.5],[49.7,-81.25],[48.82,-81.5],[56.5,-83.0],[47.16,-83.75],[48.08,-84.0],[47.29,-84.5],[53.11,-85.0]]}},{"type":"Feature","properties":{"level":1052},"geometry":{"type":"LineString","coordinates":[[64.75,-83.51],[61.93,-83.25],[65.87,-83.25],[66.28,-83.5],[64.75,-83.51]]}},{"type":"Feature","properties":{"level":1052},"geometry":{"type":"LineString","coordinates":[[77.0,-81.52],[79.87,-81.5],[77.0,-81.52]]}},{"type":"Feature","properties":{"level":1052},"geometry":{"type":"LineString","coordinates":[[41.81,-78.5],[43.25,-78.56],[44.16,-78.25],[44.07,-78.0],[44.59,-76.75],[43.75,-76.53],[43.34,-76.0],[43.0,-75.97],[39.75,-76.64],[39.01,-77.0],[41.81,-78.5]]}},{"type":"Feature","properties":{"level":1056},"geometry":{"type":"LineString","coordinates":[[56.69,-84.75],[61.81,-84.75],[56.69,-84.75]]}},{"type":"Feature","properties":{"level":1056},"geometry":{"type":"LineString","coordinates":[[53.13,-84.5],[56.37,-84.5],[53.13,-84.5]]}},{"type":"Feature","properties":{"level":1056},"geometry":{"type":"LineString","coordinates":[[65.28,-84.5],[69.75,-84.51],[72.13,-84.25],[66.25,-84.24],[65.28,-84.5]]}},{"type":"Feature","properties":{"level":1056},"geometry":{"type":"LineString","coordinates":[[70.54,-83.5],[77.25,-83.53],[88.25,-82.15],[90.23,-81.75],[90.39,-81.5],[88.73,-81.25],[89.31,-81.0],[93.39,-80.25],[93.2,-80.0],[91.75,-79.83],[79.5,-80.11],[73.1,-81.5],[73.75,-81.67],[78.0,-80.91],[80.5,-80.82],[81.91,-81.5],[74.0,-82.05],[71.0,-81.2],[69.5,-81.09],[67.81,-81.25],[67.01,-81.75],[66.25,-81.9],[62.5,-82.07],[60.5,-81.85],[58.0,-80.75],[56.25,-80.3],[50.25,-79.4],[48.5,-79.43],[47.78,-79.75],[50.65,-81.0],[52.09,-81.25],[50.48,-81.5],[52.0,-81.89],[56.25,-82.51],[62.0,-82.64],[70.54,-83.5]]}},{"type":"Feature","properties":{"level":1056},"geometry":{"type":"LineString","coordinates":[[62.8,-81.75],[63.75,-81.8],[64.91,-81.25],[64.62,-81.0],[63.75,-80.97],[62.03,-81.25],[62.8,-81.75]]}},{"type":"Feature","properties":{"level":1056},"geometry":{"type":"LineString","coordinates":[[42.14,-78.25],[43.33,-78.25],[43.3,-77.5],[43.68,-77.0],[43.53,-76.75],[42.75,-76.33],[40.07,-76.75],[39.96,-77.0],[40.17,-77.25],[42.14,-78.25]]}},{"type":"Feature","properties":{"level":1060},"geometry":{"type":"LineString","coordinates":[[69.83,-83.25],[74.25,-83.29],[79.0,-82.86],[81.23,-82.25],[86.5,-81.54],[86.66,-81.25],[89.21,-80.5],[85.5,-80.17],[82.25,-80.32],[81.81,-80.5],[82.46,-81.0],[85.26,-81.25],[77.75,-82.33],[74.5,-82.45],[68.25,-82.1],[64.54,-82.5],[64.68,-82.75],[66.13,-83.0],[69.83,-83.25]]}},{"type":"Feature","properties":{"level":1060},"geometry":{"type":"LineString","coordinates":[[54.75,-82.0],[56.75,-82.1],[59.18,-81.75],[59.15,-81.5],[56.5,-80.67],[52.5,-80.32],[50.25,-79.75],[48.99,-79.75],[48.72,-80.0],[54.06,-81.25],[51.53,-81.5],[54.75,-82.0]]}},{"type":"Feature","properties":{"level":1060},"geometry":{"type":"LineString","coordinates":[[69.63,-81.75],[71.0,-81.75],[70.75,-81.48],[69.33,-81.5],[69.63,-81.75]]}},{"type":"Feature","properties":{"level":1060},"geometry":{"type":"LineString","coordinates":[[78.04,-80.5],[80.87,-80.5],[81.65,-80.25],[79.5,-80.23],[78.04,-80.5]]}},{"type":"Feature","properties":{"level":1060},"geometry":{"type":"LineString","coordinates":[[89.88,-80.25],[91.06,-80.25],[89.88,-80.25]]}},{"type":"Feature","properties":{"level":1060},"geometry":{"type":"LineString","coordinates":[[41.61,-77.75],[42.4,-77.75],[42.29,-77.25],[42.85,-76.75],[42.0,-76.74],[40.89,-77.25],[41.61,-77.75]]}},{"type":"Feature","properties":{"level":1064},"geometry":{"type":"LineString","coordinates":[[68.36,-83.0],[74.77,-83.0],[69.5,-82.47],[66.11,-82.75],[68.36,-83.0]]}},{"type":"Feature","properties":{"level":1064},"geometry":{"type":"LineString","coordinates":[[54.22,-81.75],[57.04,-81.75],[58.03,-81.5],[56.25,-81.33],[52.48,-81.5],[54.22,-81.75]]}},{"type":"Feature","properties":{"level":1064},"geometry":{"type":"LineString","coordinates":[[84.74,-80.75],[86.84,-80.75],[85.5,-80.42],[84.18,-80.5],[84.74,-80.75]]}}]}