{"type":"FeatureCollection","features":[{"type":"Feature","properties":{"level":952},"geometry":{"type":"LineString","coordinates":[[109.75,-63.77],[109.55,-63.5],[110.25,-63.24],[111.96,-63.5],[111.25,-63.89],[109.75,-63.77]]}},{"type":"Feature","properties":{"level":956},"geometry":{"type":"LineString","coordinates":[[-145.5,-75.54],[-145.94,-74.75],[-145.86,-74.25],[-144.5,-73.25],[-140.25,-71.55],[-134.25,-69.78],[-132.75,-70.04],[-130.09,-71.0],[-128.3,-72.25],[-128.4,-73.5],[-130.22,-74.0],[-140.25,-75.33],[-144.0,-75.69],[-145.5,-75.54]]}},{"type":"Feature","properties":{"level":956},"geometry":{"type":"LineString","coordinates":[[-134.5,-69.35],[-134.49,-69.0],[-133.73,-69.0],[-133.75,-69.35],[-134.5,-69.35]]}},{"type":"Feature","properties":{"level":956},"geometry":{"type":"LineString","coordinates":[[106.25,-65.03],[105.25,-64.25],[105.25,-63.75],[106.5,-63.13],[108.5,-62.63],[110.75,-62.47],[112.25,-62.63],[113.22,-63.0],[113.88,-63.75],[113.72,-64.25],[113.02,-64.75],[111.5,-65.14],[106.25,-65.03]]}},{"type":"Feature","properties":{"level":956},"geometry":{"type":"LineString","coordinates":[[-138.25,-55.79],[-139.75,-54.89],[-139.75,-54.52],[-136.5,-54.87],[-135.87,-55.25],[-136.0,-55.59],[-136.5,-55.83],[-138.25,-55.79]]}},{"type":"Feature","properties":{"level":960},"geometry":{"type":"LineString","coordinates":[[-150.5,-78.01],[-152.03,-77.25],[-150.25,-77.06],[-149.25,-77.65],[-148.07,-77.5],[-148.91,-77.25],[-149.0,-77.0],[-151.03,-76.5],[-150.74,-75.5],[-148.88,-73.5],[-146.5,-72.16],[-142.21,-70.25],[-138.66,-68.0],[-136.75,-67.27],[-135.25,-67.28],[-133.5,-67.69],[-129.18,-69.75],[-126.1,-70.75],[-122.48,-73.25],[-124.75,-74.21],[-131.5,-75.16],[-133.25,-75.72],[-137.25,-75.99],[-136.64,-76.25],[-137.5,-76.4],[-138.5,-76.33],[-142.5,-76.91],[-143.8,-77.25],[-144.26,-77.75],[-150.5,-78.01]]}},{"type":"Feature","properties":{"level":960},"geometry":{"type":"LineString","coordinates":[[-137.25,-77.51],[-138.32,-77.25],[-138.4,-77.0],[-137.5,-77.0],[-136.59,-77.5],[-137.25,-77.51]]}},{"type":"Feature","properties":{"level":960},"geometry":{"type":"LineString","coordinates":[[110.5,-66.3],[102.5,-65.84],[101.5,-65.42],[100.5,-65.35],[99.12,-64.5],[99.94,-63.75],[101.75,-62.95],[105.0,-61.99],[107.75,-61.58],[110.75,-61.45],[113.5,-61.73],[115.27,-62.25],[116.16,-63.0],[116.43,-64.0],[115.73,-65.0],[111.5,-66.43],[110.5,-66.3]]}},{"type":"Feature","properties":{"level":960},"geometry":{"type":"LineString","coordinates":[[-132.5,-65.55],[-134.0,-65.22],[-135.56,-64.5],[-139.48,-61.0],[-139.84,-60.0],[-138.54,-58.75],[-138.25,-57.96],[-137.75,-57.88],[-134.0,-58.97],[-130.25,-59.42],[-128.75,-60.25],[-128.01,-61.0],[-127.79,-61.75],[-127.95,-62.5],[-129.12,-63.75],[-130.16,-65.5],[-130.75,-65.68],[-132.5,-65.55]]}},{"type":"Feature","properties":{"level":960},"geometry":{"type":"LineString","coordinates":[[-138.75,-57.54],[-139.75,-56.91],[-140.59,-56.0],[-141.37,-54.5],[-141.5,-54.0],[-141.28,-53.75],[-138.0,-53.6],[-135.75,-54.12],[-134.49,-55.0],[-134.37,-56.0],[-135.85,-56.75],[-136.5,-57.35],[-137.5,-57.71],[-138.75,-57.54]]}},{"type":"Feature","properties":{"level":960},"geometry":{"type":"LineString","coordinates":[[-18.25,-51.26],[-19.56,-50.75],[-20.2,-50.0],[-20.72,-48.5],[-20.25,-47.71],[-19.25,-47.45],[-18.5,-47.78],[-16.58,-49.5],[-15.67,-51.0],[-15.78,-51.25],[-17.0,-51.46],[-18.25,-51.26]]}},{"type":"Feature","properties":{"level":964},"geometry":{"type":"LineString","coordinates":[[-135.5,-80.04],[-137.5,-79.14],[-142.75,-78.45],[-145.13,-78.75],[-145.5,-79.0],[-145.19,-79.25],[-145.5,-79.31],[-148.5,-79.26],[-148.34,-79.0],[-151.75,-78.48],[-152.08,-78.0],[-152.91,-77.75],[-157.0,-77.58],[-158.0,-77.0],[-157.5,-76.36],[-152.5,-73.12],[-144.04,-68.5],[-141.11,-66.25],[-140.15,-65.0],[-140.09,-63.75],[-142.0,-60.75],[-142.3,-59.0],[-143.5,-57.0],[-143.61,-54.25],[-143.75,-53.47],[-144.01,-53.25],[-139.0,-52.63],[-136.0,-52.94],[-133.8,-54.25],[-132.66,-55.75],[-132.39,-56.75],[-132.0,-57.17],[-128.0,-58.79],[-125.92,-60.0],[-125.05,-61.0],[-124.75,-62.44],[-124.25,-62.7],[-123.5,-62.58],[-123.31,-62.75],[-124.19,-64.25],[-125.52,-64.5],[-126.55,-65.5],[-125.92,-66.5],[-127.09,-67.5],[-126.89,-68.5],[-125.64,-69.5],[-118.36,-73.0],[-118.94,-73.5],[-121.0,-74.26],[-128.5,-75.7],[-129.75,-76.27],[-131.25,-76.23],[-132.17,-76.5],[-132.09,-76.75],[-132.45,-77.0],[-131.16,-77.5],[-131.25,-77.79],[-134.0,-78.07],[-136.75,-77.97],[-137.4,-78.25],[-136.79,-78.75],[-134.61,-79.75],[-134.88,-80.0],[-135.5,-80.04]]}},{"type":"Feature","properties":{"level":964},"geometry":{"type":"LineString","coordinates":[[-140.18,-77.25],[-139.33,-77.25],[-140.0,-76.92],[-140.88,-77.0],[-140.18,-77.25]]}},{"type":"Feature","properties":{"level":964},"geometry":{"type":"LineString","coordinates":[[99.5,-67.25],[98.25,-66.82],[89.77,-66.75],[90.75,-66.2],[91.38,-65.25],[94.86,-62.25],[100.25,-60.42],[104.1,-59.75],[109.25,-59.7],[114.5,-60.63],[117.43,-62.0],[118.4,-63.0],[118.86,-64.0],[118.84,-64.5],[118.4,-65.25],[116.75,-66.27],[113.5,-66.47],[111.5,-66.9],[104.25,-66.79],[99.5,-67.25]]}},{"type":"Feature","properties":{"level":964},"geometry":{"type":"LineString","coordinates":[[160.25,-67.26],[158.82,-66.75],[160.0,-66.26],[163.5,-66.7],[166.25,-66.56],[168.32,-66.75],[164.75,-67.38],[160.25,-67.26]]}},{"type":"Feature","properties":{"level":964},"geometry":{"type":"LineString","coordinates":[[159.5,-66.07],[159.9,-66.0],[159.75,-66.18],[159.5,-66.07]]}},{"type":"Feature","properties":{"level":964},"geometry":{"type":"LineString","coordinates":[[60.25,-60.77],[57.25,-60.27],[56.0,-59.85],[55.18,-59.25],[56.25,-58.68],[59.13,-58.25],[69.5,-57.87],[70.43,-58.25],[70.53,-58.75],[70.25,-58.9],[66.0,-60.16],[64.0,-60.55],[60.25,-60.77]]}},{"type":"Feature","properties":{"level":964},"geometry":{"type":"LineString","coordinates":[[-17.25,-52.03],[-19.55,-51.5],[-20.34,-51.0],[-20.95,-50.25],[-21.86,-48.25],[-21.83,-47.0],[-21.5,-45.91],[-19.25,-45.02],[-17.84,-45.25],[-12.7,-50.75],[-13.0,-51.29],[-14.5,-51.98],[-17.25,-52.03]]}},{"type":"Feature","properties":{"level":964},"geometry":{"type":"LineString","coordinates":[[145.75,19.33],[145.58,19.5],[145.75,19.64],[145.75,19.33]]}},{"type":"Feature","properties":{"level":968},"geometry":{"type":"LineString","coordinates":[[-140.25,-81.76],[-141.19,-81.5],[-139.17,-81.0],[-140.49,-80.75],[-142.65,-80.75],[-144.0,-80.99],[-147.25,-80.98],[-147.75,-81.36],[-149.0,-81.43],[-149.5,-81.33],[-149.21,-81.0],[-149.75,-80.84],[-155.96,-80.0],[-161.75,-78.3],[-163.2,-77.5],[-158.67,-74.0],[-157.5,-72.45],[-154.75,-70.88],[-147.25,-67.5],[-145.85,-66.5],[-144.39,-65.0],[-144.0,-63.5],[-146.39,-56.25],[-146.1,-55.0],[-146.39,-53.0],[-146.25,-52.79],[-138.0,-51.48],[-135.5,-52.15],[-134.0,-52.95],[-130.04,-56.25],[-125.0,-58.66],[-122.83,-60.25],[-122.43,-61.0],[-121.53,-61.25],[-121.85,-63.75],[-122.85,-66.0],[-122.73,-66.75],[-123.03,-68.25],[-121.95,-69.5],[-116.51,-72.25],[-116.04,-73.0],[-116.49,-73.5],[-118.5,-74.38],[-125.75,-75.98],[-126.0,-76.5],[-127.38,-77.0],[-126.1,-77.25],[-125.49,-77.75],[-128.5,-77.69],[-130.5,-78.4],[-131.86,-78.5],[-130.25,-78.58],[-128.13,-78.25],[-130.49,-79.5],[-130.2,-80.0],[-128.94,-80.75],[-129.75,-81.41],[-136.25,-81.81],[-140.25,-81.76]]}},{"type":"Feature","properties":{"level":968},"geometry":{"type":"LineString","coordinates":[[-139.5,-79.5],[-138.82,-79.5],[-139.5,-79.5]]}},{"type":"Feature","properties":{"level":968},"geometry":{"type":"LineString","coordinates":[[-16.75,-79.52],[-15.75,-79.14],[-14.61,-79.25],[-15.08,-79.5],[-16.75,-79.52]]}},{"type":"Feature","properties":{"level":968},"geometry":{"type":"LineString","coordinates":[[-27.75,-76.01],[-28.97,-75.0],[-30.26,-74.5],[-28.72,-73.75],[-25.5,-73.68],[-22.0,-73.92],[-20.74,-74.75],[-21.7,-75.25],[-25.0,-75.97],[-27.75,-76.01]]}},{"type":"Feature","properties":{"level":968},"geometry":{"type":"LineString","coordinates":[[73.75,-70.01],[73.25,-69.81],[73.12,-69.25],[72.5,-68.69],[71.93,-67.5],[72.5,-66.61],[73.64,-65.75],[82.0,-63.8],[83.0,-63.2],[87.5,-63.1],[93.22,-60.25],[95.5,-59.38],[98.75,-58.34],[102.25,-57.73],[104.75,-57.59],[107.75,-57.79],[111.0,-58.38],[114.09,-59.25],[117.25,-60.48],[119.46,-61.75],[121.2,-63.25],[121.77,-64.5],[121.62,-65.25],[121.23,-65.75],[118.75,-66.56],[115.75,-67.12],[113.75,-67.0],[110.0,-67.55],[105.0,-67.78],[99.0,-67.98],[98.5,-67.65],[97.0,-67.56],[94.25,-67.98],[86.25,-68.15],[81.5,-68.7],[77.25,-69.77],[73.75,-70.01]]}},{"type":"Feature","properties":{"level":968},"geometry":{"type":"LineString","coordinates":[[163.0,-68.01],[158.75,-67.45],[158.01,-67.0],[157.47,-66.25],[159.75,-65.54],[164.0,-65.73],[166.0,-65.24],[169.25,-65.57],[173.75,-64.71],[175.75,-64.56],[176.83,-64.75],[174.37,-66.25],[170.5,-67.4],[168.0,-67.8],[163.0,-68.01]]}},{"type":"Feature","properties":{"level":968},"geometry":{"type":"LineString","coordinates":[[-0.5,-67.0],[-0.95,-66.75],[-0.97,-66.5],[0.0,-66.17],[1.25,-66.12],[2.36,-66.5],[1.0,-67.09],[-0.5,-67.0]]}},{"type":"Feature","properties":{"level":968},"geometry":{"type":"LineString","coordinates":[[23.0,-64.02],[22.08,-63.75],[21.8,-63.5],[21.85,-63.25],[23.25,-63.05],[24.64,-63.5],[24.79,-63.75],[23.0,-64.02]]}},{"type":"Feature","properties":{"level":968},"geometry":{"type":"LineString","coordinates":[[59.25,-62.03],[56.25,-61.33],[54.75,-60.61],[53.75,-59.86],[53.18,-58.75],[54.83,-58.0],[60.25,-57.21],[70.25,-56.9],[71.0,-56.65],[73.48,-56.75],[74.75,-57.24],[75.0,-57.66],[76.0,-57.68],[76.23,-58.25],[76.0,-59.0],[75.09,-59.5],[75.02,-59.75],[75.52,-60.0],[75.0,-60.54],[72.5,-60.42],[70.25,-61.13],[64.75,-62.07],[60.5,-62.21],[59.25,-62.03]]}},{"type":"Feature","properties":{"level":968},"geometry":{"type":"LineString","coordinates":[[-18.25,-52.5],[-20.75,-51.67],[-22.43,-49.75],[-22.95,-47.25],[-22.64,-45.5],[-22.25,-44.99],[-19.75,-44.19],[-17.75,-44.34],[-16.4,-45.0],[-13.42,-47.75],[-10.0,-49.62],[-10.06,-50.0],[-11.0,-51.13],[-12.75,-52.14],[-15.0,-52.64],[-18.25,-52.5]]}},{"type":"Feature","properties":{"level":968},"geometry":{"type":"LineString","coordinates":[[-111.5,19.22],[-111.55,19.5],[-111.25,19.5],[-111.5,19.22]]}},{"type":"Feature","properties":{"level":968},"geometry":{"type":"LineString","coordinates":[[145.5,19.2],[145.47,19.75],[146.01,19.75],[146.0,19.2],[145.5,19.2]]}},{"type":"Feature","properties":{"level":968},"geometry":{"type":"LineString","coordinates":[[164.5,51.18],[164.21,51.5],[164.48,51.75],[165.34,51.5],[165.25,51.17],[164.5,51.18]]}},{"type":"Feature","properties":{"level":972},"geometry":{"type":"LineString","coordinates":[[-150.5,-83.26],[-162.25,-82.57],[-167.75,-81.75],[-173.42,-79.75],[-174.02,-79.0],[-173.91,-78.5],[-174.33,-77.75],[-173.9,-77.25],[-172.88,-76.75],[-167.01,-75.25],[-165.0,-74.35],[-163.81,-73.5],[-163.2,-72.75],[-163.16,-72.0],[-163.55,-71.0],[-163.0,-70.2],[-160.5,-69.09],[-156.75,-68.16],[-155.25,-67.53],[-153.0,-65.49],[-150.5,-64.76],[-149.25,-63.77],[-148.57,-62.75],[-148.02,-61.25],[-148.76,-59.5],[-149.44,-57.0],[-149.37,-54.75],[-150.91,-53.0],[-150.91,-52.75],[-150.25,-52.38],[-138.5,-50.57],[-136.0,-51.14],[-134.0,-51.94],[-129.5,-54.88],[-124.19,-57.25],[-121.02,-59.25],[-120.48,-59.25],[-120.01,-60.25],[-119.83,-61.5],[-120.23,-65.5],[-119.64,-68.25],[-118.37,-69.5],[-113.67,-72.0],[-113.84,-73.25],[-115.1,-74.25],[-121.57,-76.0],[-122.8,-76.75],[-123.03,-77.25],[-122.8,-77.75],[-123.14,-78.0],[-125.63,-78.5],[-127.05,-79.25],[-127.13,-79.5],[-126.53,-80.0],[-120.84,-81.75],[-121.0,-82.02],[-128.5,-83.09],[-138.25,-82.9],[-150.5,-83.26]]}},{"type":"Feature","properties":{"level":972},"geometry":{"type":"LineString","coordinates":[[-28.25,-80.53],[-28.45,-80.5],[-27.09,-80.5],[-28.25,-80.53]]}},{"type":"Feature","properties":{"level":972},"geometry":{"type":"LineString","coordinates":[[-25.0,-80.26],[-24.5,-80.17],[-23.75,-79.54],[-21.28,-79.25],[-21.85,-79.0],[-19.23,-78.75],[-23.0,-77.71],[-26.0,-77.38],[-34.86,-77.5],[-35.39,-77.25],[-35.69,-76.75],[-35.54,-76.25],[-34.32,-75.0],[-34.36,-72.5],[-32.75,-71.96],[-29.0,-71.66],[-25.75,-71.61],[-21.25,-71.98],[-17.5,-72.92],[-16.25,-73.63],[-15.0,-73.37],[-12.0,-73.84],[-11.86,-74.5],[-11.5,-74.87],[-9.71,-75.75],[-9.96,-76.5],[-9.89,-77.5],[-10.47,-78.25],[-10.19,-78.5],[-12.0,-79.43],[-19.75,-80.37],[-25.0,-80.26]]}},{"type":"Feature","properties":{"level":972},"geometry":{"type":"LineString","coordinates":[[-19.0,-79.5],[-18.0,-79.51],[-17.18,-79.25],[-18.0,-79.14],[-19.0,-79.5]]}},{"type":"Feature","properties":{"level":972},"geometry":{"type":"LineString","coordinates":[[69.25,-72.51],[68.9,-72.25],[69.13,-71.75],[69.78,-71.25],[69.85,-70.25],[69.38,-69.0],[69.5,-68.73],[68.25,-68.4],[64.02,-68.25],[63.69,-68.0],[64.25,-67.68],[63.08,-67.5],[64.25,-67.32],[64.44,-67.0],[59.75,-66.05],[54.87,-64.25],[54.5,-63.75],[54.48,-63.25],[52.06,-60.25],[51.94,-59.25],[52.25,-58.28],[54.25,-57.48],[59.75,-56.6],[73.25,-55.67],[75.25,-55.88],[76.5,-55.74],[78.0,-56.21],[79.0,-56.15],[83.0,-57.09],[84.25,-56.74],[85.12,-57.25],[85.26,-57.75],[86.43,-58.0],[86.8,-57.75],[86.85,-57.25],[87.25,-57.07],[90.25,-57.52],[92.75,-56.93],[95.25,-55.93],[98.75,-55.24],[100.25,-54.6],[100.75,-54.09],[104.5,-53.27],[104.18,-53.0],[104.67,-52.0],[105.25,-51.86],[106.26,-52.25],[106.63,-53.0],[108.1,-54.25],[107.52,-54.75],[107.88,-55.0],[112.0,-56.6],[120.5,-60.74],[123.59,-62.75],[124.25,-63.5],[124.66,-64.5],[124.64,-65.0],[124.12,-65.75],[119.5,-67.44],[116.79,-68.0],[113.5,-68.26],[103.75,-68.39],[100.25,-68.74],[97.0,-68.52],[84.25,-69.1],[79.75,-70.06],[75.81,-71.5],[73.25,-71.98],[71.75,-72.6],[71.0,-72.74],[69.25,-72.51]]}},{"type":"Feature","properties":{"level":972},"geometry":{"type":"LineString","coordinates":[[-1.75,-69.76],[-4.0,-69.53],[-5.25,-68.99],[-5.92,-68.25],[-5.77,-67.0],[-4.89,-66.25],[-3.0,-65.72],[0.5,-65.24],[3.75,-65.28],[5.93,-65.5],[7.22,-67.5],[9.43,-67.75],[13.75,-67.08],[15.75,-66.41],[19.7,-63.25],[21.25,-62.66],[29.25,-62.06],[30.71,-62.25],[31.22,-62.75],[31.01,-63.5],[29.75,-64.41],[25.0,-66.13],[23.25,-66.42],[20.0,-66.27],[17.25,-66.52],[11.65,-68.5],[7.0,-69.34],[2.5,-69.81],[-1.75,-69.76]]}},{"type":"Feature","properties":{"level":972},"geometry":{"type":"LineString","coordinates":[[22.5,-69.52],[21.79,-69.0],[23.0,-68.36],[24.75,-68.27],[26.46,-68.5],[26.45,-68.75],[25.05,-69.25],[22.5,-69.52]]}},{"type":"Feature","properties":{"level":972},"geometry":{"type":"LineString","coordinates":[[161.75,-68.51],[158.25,-67.96],[157.25,-67.38],[156.59,-66.5],[156.97,-66.0],[157.75,-65.64],[161.0,-65.03],[163.75,-64.95],[165.5,-64.57],[169.5,-64.73],[174.5,-63.75],[177.25,-63.52],[179.0,-63.51],[179.66,-64.0],[179.26,-64.75],[177.5,-65.93],[175.38,-67.0],[172.75,-67.84],[166.5,-68.7],[161.75,-68.51]]}},{"type":"Feature","properties":{"level":972},"geometry":{"type":"LineString","coordinates":[[53.75,-67.0],[52.99,-66.75],[54.0,-66.49],[55.14,-66.75],[53.75,-67.0]]}},{"type":"Feature","properties":{"level":972},"geometry":{"type":"LineString","coordinates":[[-18.25,-53.28],[-20.25,-52.89],[-21.75,-52.25],[-22.75,-51.44],[-23.67,-50.0],[-24.03,-48.25],[-23.93,-46.75],[-23.19,-45.0],[-22.25,-44.21],[-19.5,-43.33],[-17.0,-43.67],[-14.75,-44.89],[-10.75,-47.89],[-8.75,-48.78],[-8.57,-49.25],[-9.19,-50.75],[-10.21,-51.75],[-11.25,-52.37],[-12.96,-53.0],[-14.75,-53.31],[-18.25,-53.28]]}},{"type":"Feature","properties":{"level":972},"geometry":{"type":"LineString","coordinates":[[-155.0,-52.04],[-155.42,-51.75],[-155.4,-51.5],[-154.75,-51.34],[-154.36,-51.5],[-154.27,-51.75],[-154.49,-52.0],[-155.0,-52.04]]}},{"type":"Feature","properties":{"level":972},"geometry":{"type":"LineString","coordinates":[[145.5,18.99],[145.25,19.75],[145.5,19.98],[146.0,19.92],[146.24,19.25],[146.0,18.98],[145.5,18.99]]}},{"type":"Feature","properties":{"level":972},"geometry":{"type":"LineString","coordinates":[[-111.5,19.13],[-111.68,19.5],[-111.25,19.61],[-111.15,19.25],[-111.5,19.13]]}},{"type":"Feature","properties":{"level":972},"geometry":{"type":"LineString","coordinates":[[164.5,50.68],[163.66,51.25],[163.53,52.0],[164.7,53.75],[165.56,54.0],[165.85,53.75],[165.69,52.75],[165.87,51.25],[165.25,50.74],[164.5,50.68]]}},{"type":"Feature","properties":{"level":976},"geometry":{"type":"LineString","coordinates":[[-40.0,-81.81],[-41.5,-81.56],[-42.28,-80.75],[-41.86,-80.25],[-45.0,-79.28],[-45.0,-79.08],[-42.0,-79.32],[-37.83,-78.5],[-38.5,-78.16],[-39.28,-77.0],[-39.36,-76.5],[-37.63,-72.5],[-36.75,-71.79],[-33.75,-70.97],[-30.5,-70.44],[-27.25,-70.22],[-15.75,-70.79],[-14.0,-70.08],[-10.07,-66.75],[-8.75,-66.12],[-6.5,-65.49],[0.75,-64.36],[8.0,-64.05],[11.5,-64.13],[17.25,-62.75],[20.4,-61.75],[22.71,-61.5],[35.0,-60.64],[35.44,-60.75],[35.82,-61.5],[38.66,-62.5],[40.25,-63.31],[43.25,-63.82],[44.02,-63.5],[45.5,-63.53],[48.7,-62.0],[49.32,-61.25],[49.88,-60.0],[51.52,-58.0],[54.5,-56.88],[60.5,-55.91],[71.04,-55.0],[72.0,-54.74],[75.0,-54.58],[77.75,-54.84],[78.75,-54.73],[81.0,-55.09],[82.75,-54.71],[83.5,-54.9],[85.0,-54.62],[86.0,-54.9],[88.5,-53.97],[90.5,-54.22],[91.5,-53.98],[92.07,-53.75],[92.4,-53.25],[93.25,-52.95],[96.0,-52.64],[98.75,-51.84],[104.5,-50.98],[106.5,-50.9],[108.0,-51.19],[111.0,-53.15],[113.75,-53.53],[115.11,-54.5],[115.23,-54.75],[114.87,-55.25],[115.0,-55.5],[116.55,-57.0],[126.5,-62.45],[127.62,-63.75],[128.17,-65.25],[128.04,-65.5],[125.53,-66.25],[125.25,-66.75],[120.0,-68.56],[118.5,-68.83],[112.5,-69.32],[108.25,-69.01],[105.0,-69.36],[101.25,-69.42],[100.35,-69.5],[100.01,-70.0],[99.5,-70.18],[95.75,-69.19],[84.0,-69.77],[77.18,-71.75],[75.5,-72.41],[74.0,-73.34],[70.25,-74.05],[66.75,-74.01],[66.0,-73.75],[65.9,-73.0],[66.41,-72.5],[66.9,-71.0],[65.94,-70.75],[65.75,-70.41],[64.5,-69.73],[59.5,-68.2],[56.25,-68.26],[55.21,-67.5],[55.31,-67.25],[54.5,-67.15],[53.23,-67.25],[54.15,-67.5],[54.2,-67.75],[52.81,-68.0],[52.91,-68.25],[51.0,-68.76],[48.5,-68.53],[47.5,-68.18],[45.75,-68.9],[44.0,-69.1],[42.95,-69.75],[42.25,-69.51],[40.25,-70.35],[36.5,-70.29],[30.0,-71.53],[27.25,-71.6],[24.25,-72.69],[19.5,-72.37],[17.5,-71.42],[15.0,-71.17],[12.5,-71.44],[12.0,-71.11],[8.0,-71.14],[7.23,-71.25],[7.75,-71.5],[7.25,-71.67],[6.75,-71.39],[3.5,-71.44],[2.75,-72.0],[-3.75,-71.43],[-6.5,-71.58],[-7.5,-71.96],[-7.51,-72.25],[-6.75,-72.54],[-6.25,-73.29],[-9.58,-74.5],[-8.25,-74.71],[-7.23,-75.25],[-6.53,-76.25],[-6.5,-77.0],[-8.07,-78.25],[-8.1,-78.75],[-10.25,-79.52],[-14.75,-80.2],[-17.75,-80.36],[-19.25,-80.88],[-25.75,-80.61],[-33.5,-81.52],[-40.0,-81.81]]}},{"type":"Feature","properties":{"level":976},"geometry":{"type":"LineString","coordinates":[[180.0,-81.55],[178.56,-80.75],[178.28,-80.25],[178.63,-79.25],[180.0,-77.89]]}},{"type":"Feature","properties":{"level":976},"geometry":{"type":"LineString","coordinates":[[-33.31,-78.25],[-32.5,-78.45],[-29.37,-78.0],[-29.65,-77.75],[-30.94,-77.75],[-33.31,-78.25]]}},{"type":"Feature","properties":{"level":976},"geometry":{"type":"LineString","coordinates":[[-180.0,-77.89],[-177.7,-76.5],[-170.21,-73.5],[-167.92,-71.75],[-166.32,-69.5],[-164.38,-68.25],[-158.5,-66.4],[-155.27,-64.25],[-154.5,-62.76],[-153.33,-62.0],[-152.75,-61.19],[-151.97,-58.5],[-151.94,-57.5],[-152.28,-55.5],[-153.03,-54.25],[-153.9,-53.5],[-155.5,-52.83],[-156.23,-52.25],[-156.42,-51.5],[-156.0,-50.88],[-155.0,-50.61],[-152.25,-51.17],[-150.75,-51.16],[-145.0,-50.43],[-140.5,-49.54],[-139.25,-49.57],[-137.0,-49.92],[-134.75,-50.68],[-129.25,-53.55],[-121.5,-56.62],[-120.25,-56.85],[-119.3,-57.5],[-118.47,-58.75],[-118.03,-60.0],[-117.78,-61.75],[-117.74,-65.5],[-116.85,-67.75],[-115.0,-69.5],[-111.34,-71.75],[-111.07,-72.25],[-111.04,-73.25],[-111.4,-73.75],[-112.84,-74.5],[-117.31,-75.75],[-116.37,-76.0],[-118.36,-76.5],[-117.73,-77.0],[-118.0,-77.13],[-118.75,-76.88],[-121.0,-77.47],[-121.0,-77.66],[-120.75,-77.67],[-118.69,-77.5],[-119.36,-78.25],[-120.74,-79.0],[-120.99,-79.5],[-118.25,-80.83],[-109.74,-83.0],[-111.11,-83.25],[-128.75,-83.85],[-136.5,-84.61],[-148.25,-84.56],[-167.75,-83.85],[-175.0,-82.84],[-180.0,-81.55]]}},{"type":"Feature","properties":{"level":976},"geometry":{"type":"LineString","coordinates":[[8.25,-71.75],[11.5,-71.31],[12.41,-71.5],[8.25,-71.75]]}},{"type":"Feature","properties":{"level":976},"geometry":{"type":"LineString","coordinates":[[154.5,-71.01],[152.88,-70.5],[154.25,-70.37],[154.7,-70.75],[154.5,-71.01]]}},{"type":"Feature","properties":{"level":976},"geometry":{"type":"LineString","coordinates":[[180.0,-65.91],[178.5,-67.0],[177.33,-67.5],[172.25,-68.78],[166.5,-69.38],[159.0,-68.95],[158.31,-69.25],[158.23,-69.5],[158.51,-69.75],[158.25,-69.87],[157.58,-69.25],[157.64,-68.75],[156.28,-67.75],[155.76,-66.75],[156.09,-66.0],[156.75,-65.62],[160.25,-64.62],[165.25,-63.99],[170.0,-63.88],[177.25,-62.62],[180.0,-62.68]]}},{"type":"Feature","properties":{"level":976},"geometry":{"type":"LineString","coordinates":[[-180.0,-62.68],[-179.05,-63.0],[-178.45,-63.75],[-178.82,-64.75],[-180.0,-65.91]]}},{"type":"Feature","properties":{"level":976},"geometry":{"type":"LineString","coordinates":[[-113.0,-59.36],[-113.69,-58.75],[-114.32,-57.5],[-114.47,-56.5],[-113.5,-55.53],[-112.75,-55.42],[-111.92,-56.0],[-111.9,-57.75],[-112.16,-59.25],[-112.5,-59.48],[-113.0,-59.36]]}},{"type":"Feature","properties":{"level":976},"geometry":{"type":"LineString","coordinates":[[-21.25,-54.52],[-23.0,-54.03],[-24.05,-53.25],[-25.05,-51.5],[-25.47,-49.25],[-24.92,-46.5],[-24.15,-45.0],[-23.17,-44.0],[-21.75,-43.13],[-20.5,-42.73],[-18.75,-42.55],[-15.7,-43.25],[-12.5,-44.9],[-9.97,-46.75],[-8.75,-47.32],[-7.57,-48.5],[-7.3,-49.25],[-7.7,-50.5],[-8.72,-51.75],[-10.75,-53.0],[-15.5,-54.31],[-21.25,-54.52]]}},{"type":"Feature","properties":{"level":976},"geometry":{"type":"LineString","coordinates":[[145.75,18.75],[145.08,19.25],[145.08,19.75],[145.5,20.15],[146.15,20.0],[146.44,19.5],[146.25,18.96],[145.75,18.75]]}},{"type":"Feature","properties":{"level":976},"geometry":{"type":"LineString","coordinates":[[-111.75,19.18],[-111.8,19.5],[-111.5,19.74],[-111.03,19.5],[-111.25,19.07],[-111.75,19.18]]}},{"type":"Feature","properties":{"level":976},"geometry":{"type":"LineString","coordinates":[[164.25,50.44],[163.38,51.0],[162.94,51.75],[162.96,52.5],[163.44,53.5],[164.0,54.06],[165.25,54.69],[166.75,55.01],[167.25,54.86],[167.69,54.25],[167.61,53.5],[167.47,52.75],[166.79,51.5],[165.75,50.64],[164.25,50.44]]}},{"type":"Feature","properties":{"level":980},"geometry":{"type":"LineString","coordinates":[[180.0,-84.8],[176.25,-84.76],[170.99,-83.25],[171.94,-82.5],[171.39,-80.5],[171.5,-79.66],[173.29,-78.5],[180.0,-75.33]]}},{"type":"Feature","properties":{"level":980},"geometry":{"type":"LineString","coordinates":[[-42.5,-83.05],[-46.75,-82.58],[-51.75,-82.5],[-52.96,-82.25],[-50.0,-82.2],[-48.67,-81.75],[-48.3,-81.25],[-46.04,-80.5],[-46.2,-80.0],[-46.71,-79.75],[-46.49,-79.5],[-46.63,-79.25],[-47.19,-79.0],[-45.47,-78.5],[-48.04,-78.0],[-47.84,-77.75],[-43.92,-76.0],[-42.78,-74.75],[-41.89,-73.25],[-40.0,-71.38],[-35.07,-69.75],[-31.18,-69.25],[-22.25,-69.26],[-19.0,-68.83],[-16.34,-68.0],[-12.98,-66.0],[-10.0,-65.08],[-2.5,-63.79],[7.25,-62.88],[17.75,-60.75],[30.0,-59.56],[35.25,-59.71],[37.25,-59.89],[39.25,-60.47],[41.5,-60.76],[43.75,-60.68],[47.0,-59.74],[52.5,-56.89],[56.25,-56.01],[71.5,-53.99],[75.25,-53.74],[79.75,-53.83],[84.5,-53.28],[85.5,-52.95],[86.75,-53.11],[87.1,-52.75],[90.0,-52.24],[91.0,-51.7],[95.5,-51.26],[103.75,-49.92],[105.25,-49.84],[108.25,-50.18],[110.25,-50.63],[113.0,-51.97],[116.25,-52.47],[117.09,-53.5],[118.15,-56.0],[119.5,-57.08],[126.0,-60.29],[128.0,-60.82],[130.03,-61.0],[130.48,-61.5],[130.54,-62.5],[131.25,-63.61],[133.25,-64.53],[135.35,-65.0],[132.75,-64.93],[130.13,-66.0],[130.59,-66.75],[129.25,-67.49],[124.5,-68.15],[122.25,-69.21],[119.0,-69.96],[114.5,-70.32],[109.5,-70.06],[106.5,-70.4],[103.25,-70.37],[102.86,-70.5],[103.15,-71.0],[102.5,-71.18],[99.69,-70.75],[95.75,-69.75],[93.0,-69.71],[91.0,-70.1],[85.25,-70.2],[82.0,-70.84],[76.75,-72.52],[76.0,-72.84],[74.83,-74.0],[73.25,-74.44],[71.25,-74.63],[67.0,-74.55],[65.75,-74.33],[64.36,-73.5],[65.09,-72.5],[65.37,-71.25],[63.75,-70.13],[60.97,-69.5],[59.5,-68.91],[55.25,-68.68],[55.03,-68.25],[54.5,-68.15],[51.5,-69.06],[49.75,-69.14],[47.75,-68.85],[40.0,-70.77],[37.0,-70.67],[36.1,-71.0],[35.25,-71.78],[34.25,-71.55],[31.0,-72.06],[28.25,-71.95],[25.5,-72.51],[24.5,-73.06],[18.75,-72.86],[16.0,-72.32],[15.5,-72.03],[13.0,-71.92],[11.75,-72.14],[6.0,-72.04],[4.25,-72.31],[1.75,-72.26],[0.0,-72.62],[-2.25,-72.08],[-3.3,-72.25],[-3.21,-72.5],[-4.0,-72.65],[-4.5,-72.55],[-3.93,-72.25],[-4.25,-72.15],[-6.25,-72.12],[-6.38,-72.25],[-5.5,-72.37],[-4.29,-73.0],[-5.0,-73.56],[-4.0,-73.55],[-3.82,-73.75],[-4.98,-74.5],[-4.68,-75.0],[-4.52,-76.5],[-5.04,-77.25],[-5.08,-77.75],[-6.25,-78.28],[-6.53,-78.75],[-8.14,-79.25],[-8.05,-79.5],[-8.54,-79.75],[-12.89,-80.25],[-14.25,-80.69],[-16.5,-80.64],[-17.75,-81.29],[-22.0,-81.75],[-26.75,-81.61],[-37.0,-82.1],[-39.0,-82.36],[-40.5,-83.02],[-42.5,-83.05]]}},{"type":"Feature","properties":{"level":980},"geometry":{"type":"LineString","coordinates":[[-56.5,-82.78],[-56.5,-82.44],[-55.53,-82.5],[-56.5,-82.78]]}},{"type":"Feature","properties":{"level":980},"geometry":{"type":"LineString","coordinates":[[-54.5,-82.53],[-54.7,-82.5],[-53.0,-82.31],[-52.94,-82.5],[-54.5,-82.53]]}},{"type":"Feature","properties":{"level":980},"geometry":{"type":"LineString","coordinates":[[-180.0,-75.33],[-175.53,-72.75],[-173.5,-71.0],[-171.65,-68.75],[-170.72,-68.0],[-168.4,-67.0],[-168.25,-66.5],[-169.11,-65.75],[-165.5,-64.27],[-165.42,-63.5],[-164.42,-62.75],[-163.5,-62.45],[-162.5,-62.76],[-159.5,-63.04],[-158.25,-62.73],[-157.31,-62.0],[-157.0,-61.25],[-155.17,-58.75],[-154.96,-57.75],[-155.42,-55.0],[-157.06,-52.25],[-157.05,-51.25],[-156.5,-50.58],[-154.5,-49.95],[-149.75,-49.73],[-142.75,-48.59],[-140.75,-48.52],[-137.0,-49.06],[-127.75,-52.67],[-122.25,-54.26],[-120.75,-54.29],[-117.75,-55.58],[-116.5,-55.5],[-112.75,-54.39],[-110.75,-54.73],[-110.29,-55.75],[-110.01,-57.75],[-110.26,-60.25],[-110.75,-60.76],[-113.0,-60.56],[-114.5,-61.15],[-114.99,-61.75],[-115.43,-63.5],[-114.97,-65.75],[-113.81,-67.75],[-113.12,-68.5],[-109.15,-71.25],[-108.0,-72.42],[-107.92,-73.0],[-108.33,-73.75],[-108.94,-74.25],[-113.0,-75.83],[-113.32,-76.0],[-113.0,-76.34],[-114.46,-76.75],[-115.89,-77.75],[-116.11,-78.0],[-115.71,-79.25],[-115.88,-79.5],[-113.24,-80.75],[-106.05,-82.0],[-93.11,-82.5],[-102.59,-83.5],[-123.25,-84.21],[-123.9,-84.25],[-123.91,-84.5],[-124.25,-84.54],[-129.34,-84.75],[-129.0,-85.0],[-129.25,-85.02],[-135.5,-85.1],[-140.0,-85.6],[-154.0,-85.49],[-156.0,-85.66],[-159.5,-85.44],[-163.25,-85.61],[-166.25,-85.27],[-169.0,-85.25],[-170.5,-84.95],[-174.25,-85.16],[-176.5,-84.66],[-180.0,-84.8]]}},{"type":"Feature","properties":{"level":980},"geometry":{"type":"LineString","coordinates":[[165.0,-71.53],[164.35,-71.25],[164.75,-71.2],[165.0,-70.65],[165.65,-71.0],[165.11,-71.25],[165.57,-71.5],[165.0,-71.53]]}},{"type":"Feature","properties":{"level":980},"geometry":{"type":"LineString","coordinates":[[180.0,-67.94],[177.5,-68.87],[174.25,-69.49],[165.5,-70.41],[160.25,-69.7],[159.22,-70.0],[159.25,-70.25],[159.76,-70.5],[158.99,-70.75],[160.25,-70.84],[160.5,-70.47],[161.0,-71.11],[162.5,-71.41],[162.75,-71.25],[162.5,-70.67],[163.87,-71.25],[164.02,-71.5],[163.55,-71.75],[163.94,-72.0],[163.8,-72.5],[163.5,-72.52],[162.5,-71.92],[156.0,-71.61],[153.75,-71.2],[150.0,-70.12],[148.63,-69.5],[148.13,-69.0],[150.75,-68.88],[152.0,-69.21],[154.0,-69.21],[155.56,-69.0],[154.94,-68.25],[154.36,-66.5],[156.0,-65.38],[158.75,-64.43],[164.0,-63.5],[169.75,-63.14],[175.25,-62.06],[178.5,-61.71],[180.0,-61.78]]}},{"type":"Feature","properties":{"level":980},"geometry":{"type":"LineString","coordinates":[[-180.0,-61.78],[-177.53,-62.5],[-176.5,-63.25],[-176.35,-63.75],[-177.02,-66.5],[-178.16,-67.25],[-180.0,-67.94]]}},{"type":"Feature","properties":{"level":980},"geometry":{"type":"LineString","coordinates":[[-19.0,-60.77],[-22.46,-60.25],[-26.75,-58.37],[-27.87,-57.75],[-28.75,-56.56],[-30.32,-55.5],[-30.07,-55.0],[-30.0,-53.75],[-29.5,-52.75],[-29.49,-51.5],[-27.5,-49.72],[-26.74,-47.75],[-24.87,-44.5],[-22.5,-42.61],[-19.0,-41.77],[-17.0,-41.94],[-15.0,-42.49],[-9.7,-45.0],[-8.5,-45.93],[-8.25,-45.4],[-7.25,-46.41],[-6.6,-47.5],[-6.3,-49.75],[-7.26,-51.25],[-8.75,-52.76],[-15.51,-55.75],[-16.7,-56.5],[-16.51,-56.75],[-16.91,-57.25],[-17.56,-59.25],[-16.94,-60.25],[-17.08,-60.75],[-19.0,-60.77]]}},{"type":"Feature","properties":{"level":980},"geometry":{"type":"LineString","coordinates":[[145.5,18.62],[145.01,19.0],[144.85,19.5],[145.25,20.22],[145.75,20.33],[146.41,20.0],[146.6,19.25],[146.0,18.58],[145.5,18.62]]}},{"type":"Feature","properties":{"level":980},"geometry":{"type":"LineString","coordinates":[[-111.5,18.94],[-111.9,19.25],[-111.89,19.5],[-111.25,19.82],[-110.94,19.25],[-111.5,18.94]]}},{"type":"Feature","properties":{"level":980},"geometry":{"type":"LineString","coordinates":[[164.0,50.24],[163.0,50.76],[162.09,52.0],[162.25,53.41],[163.25,54.65],[164.5,55.23],[167.0,55.68],[170.0,55.4],[171.25,55.0],[171.37,54.75],[169.75,53.58],[168.69,52.0],[167.53,51.0],[165.75,50.2],[164.0,50.24]]}},{"type":"Feature","properties":{"level":980},"geometry":{"type":"LineString","coordinates":[[121.5,75.17],[121.35,75.25],[122.28,75.25],[121.5,75.17]]}},{"type":"Feature","properties":{"level":984},"geometry":{"type":"LineString","coordinates":[[180.0,-85.17],[173.74,-85.0],[174.5,-84.94],[174.59,-84.75],[173.25,-84.52],[172.0,-84.63],[172.0,-84.37],[172.46,-84.25],[171.5,-84.01],[170.5,-83.95],[169.5,-84.27],[168.0,-84.36],[167.53,-84.25],[168.64,-84.0],[167.0,-83.83],[167.0,-83.57],[167.25,-83.5],[166.5,-83.15],[164.55,-83.25],[164.25,-82.77],[163.61,-83.25],[162.75,-83.31],[162.55,-83.25],[162.75,-82.88],[161.25,-82.75],[162.75,-82.62],[162.98,-82.25],[158.94,-81.5],[159.66,-81.0],[159.29,-80.75],[160.5,-80.16],[166.5,-79.25],[167.56,-78.75],[167.01,-78.5],[167.25,-78.36],[170.5,-77.17],[170.65,-77.0],[170.25,-76.72],[173.0,-76.22],[174.74,-75.5],[177.19,-73.5],[177.13,-72.75],[176.74,-72.25],[175.26,-71.25],[173.5,-71.1],[169.5,-71.29],[167.75,-70.88],[167.0,-70.98],[167.25,-71.25],[169.0,-71.53],[169.25,-72.0],[166.1,-71.75],[166.21,-72.25],[164.97,-72.5],[165.62,-73.0],[165.5,-73.12],[164.75,-73.11],[164.25,-72.84],[163.0,-72.86],[162.53,-73.25],[162.93,-73.5],[162.85,-73.75],[162.5,-73.85],[161.88,-73.5],[161.25,-72.65],[159.5,-72.27],[155.5,-71.91],[149.25,-70.67],[146.54,-69.5],[145.19,-68.5],[145.15,-68.25],[144.5,-68.07],[144.35,-67.75],[144.46,-67.25],[144.75,-67.11],[147.25,-66.5],[149.18,-67.5],[150.75,-67.65],[151.17,-67.5],[151.42,-66.5],[155.06,-64.75],[160.5,-63.41],[170.25,-62.34],[175.0,-61.28],[180.0,-60.91]]}},{"type":"Feature","properties":{"level":984},"geometry":{"type":"LineString","coordinates":[[-61.75,-83.52],[-63.66,-83.0],[-63.86,-82.25],[-63.0,-81.66],[-60.0,-80.58],[-54.75,-80.07],[-54.18,-79.75],[-53.0,-79.61],[-50.83,-79.75],[-49.49,-79.25],[-50.75,-78.14],[-50.88,-77.5],[-48.72,-76.25],[-45.75,-72.75],[-42.68,-70.75],[-40.37,-69.75],[-38.5,-69.13],[-34.5,-68.47],[-28.0,-68.17],[-22.75,-67.58],[-20.5,-67.08],[-19.46,-66.75],[-15.5,-64.35],[-11.35,-63.0],[-11.49,-62.75],[-16.0,-62.41],[-20.0,-61.82],[-24.25,-60.71],[-29.5,-58.32],[-31.35,-56.5],[-31.9,-55.5],[-32.82,-52.75],[-33.17,-50.5],[-31.65,-49.0],[-28.5,-47.47],[-25.75,-44.14],[-23.87,-42.5],[-22.25,-41.7],[-19.5,-41.0],[-17.25,-41.02],[-15.25,-41.42],[-8.01,-44.25],[-6.95,-45.0],[-5.52,-47.5],[-5.18,-49.0],[-6.79,-52.0],[-8.0,-53.2],[-11.3,-55.25],[-12.75,-57.25],[-12.83,-58.0],[-11.5,-60.15],[-8.0,-61.75],[-11.09,-62.75],[-10.7,-63.0],[-4.0,-62.78],[7.0,-61.8],[10.5,-61.11],[15.75,-59.5],[20.0,-59.21],[23.25,-58.64],[31.25,-58.4],[38.0,-58.69],[41.25,-59.31],[43.0,-59.31],[46.0,-58.66],[53.0,-56.17],[57.25,-55.27],[74.5,-52.82],[78.25,-52.85],[83.0,-52.33],[91.25,-50.22],[98.0,-49.25],[104.5,-48.83],[111.5,-49.86],[113.75,-51.07],[117.0,-51.82],[118.49,-53.0],[119.47,-55.0],[121.5,-56.56],[126.45,-59.0],[131.25,-60.65],[134.31,-63.0],[141.6,-64.5],[141.03,-65.0],[136.87,-66.25],[134.37,-66.75],[133.0,-66.66],[132.48,-67.0],[132.67,-67.5],[131.25,-68.1],[126.0,-68.87],[122.5,-70.7],[118.5,-70.91],[111.0,-70.73],[110.84,-70.75],[111.06,-71.0],[109.5,-71.33],[106.0,-71.18],[104.75,-71.79],[94.5,-70.24],[91.75,-70.55],[85.75,-70.63],[81.75,-71.46],[77.27,-73.0],[76.0,-74.1],[74.51,-75.0],[74.0,-75.07],[69.25,-75.19],[65.38,-74.75],[63.26,-73.5],[63.78,-72.25],[63.55,-72.0],[63.88,-71.25],[63.5,-70.5],[62.5,-70.12],[58.75,-69.41],[56.25,-69.39],[54.0,-68.96],[51.25,-69.46],[48.5,-69.31],[46.46,-69.5],[45.44,-70.0],[43.0,-70.65],[39.5,-71.13],[37.75,-71.12],[35.0,-72.25],[30.75,-72.68],[28.25,-72.19],[26.0,-72.69],[24.75,-73.27],[18.75,-73.29],[15.25,-72.44],[12.75,-72.19],[11.75,-72.41],[6.0,-72.24],[4.5,-72.51],[1.75,-72.43],[0.75,-72.83],[0.0,-72.85],[-2.75,-72.6],[-4.28,-73.25],[-2.5,-73.02],[-1.8,-73.25],[-2.29,-73.5],[-3.04,-74.75],[-2.48,-75.0],[-2.74,-75.25],[-2.06,-75.75],[-2.24,-76.25],[-2.97,-76.75],[-3.48,-77.75],[-6.54,-79.25],[-6.91,-79.75],[-9.76,-80.5],[-8.79,-80.75],[-14.75,-81.03],[-17.0,-81.72],[-20.25,-82.03],[-28.25,-81.98],[-36.25,-82.4],[-41.75,-83.42],[-52.25,-82.85],[-58.75,-83.62],[-61.75,-83.52]]}},{"type":"Feature","properties":{"level":984},"geometry":{"type":"LineString","coordinates":[[-83.0,-80.51],[-82.5,-79.98],[-81.17,-80.25],[-81.5,-80.54],[-83.0,-80.51]]}},{"type":"Feature","properties":{"level":984},"geometry":{"type":"LineString","coordinates":[[-77.5,-77.04],[-77.66,-77.0],[-77.11,-77.0],[-77.5,-77.04]]}},{"type":"Feature","properties":{"level":984},"geometry":{"type":"LineString","coordinates":[[170.25,-71.5],[170.25,-71.34],[170.25,-71.5]]}},{"type":"Feature","properties":{"level":984},"geometry":{"type":"LineString","coordinates":[[-180.0,-60.91],[-178.05,-61.25],[-172.0,-62.93],[-164.5,-61.18],[-162.25,-61.33],[-160.23,-61.0],[-159.44,-60.5],[-158.05,-58.0],[-157.95,-55.25],[-158.25,-52.5],[-157.94,-51.25],[-157.16,-50.25],[-154.75,-49.06],[-145.0,-47.44],[-137.75,-47.96],[-129.5,-50.74],[-124.75,-51.85],[-122.25,-52.03],[-120.75,-51.4],[-119.16,-52.5],[-117.0,-53.28],[-116.0,-53.36],[-113.5,-53.04],[-110.25,-53.51],[-109.5,-54.02],[-108.72,-55.75],[-108.46,-61.0],[-109.0,-61.63],[-111.21,-62.0],[-112.25,-62.94],[-112.4,-64.5],[-112.16,-65.75],[-110.57,-67.75],[-109.07,-69.0],[-104.83,-71.75],[-104.58,-72.5],[-104.79,-73.25],[-106.0,-74.35],[-109.5,-75.96],[-111.15,-76.25],[-110.25,-76.37],[-109.95,-76.75],[-111.16,-77.0],[-111.81,-77.5],[-111.98,-78.0],[-111.5,-78.98],[-109.92,-79.75],[-105.25,-80.87],[-101.25,-81.3],[-90.25,-81.28],[-87.25,-81.01],[-86.25,-80.63],[-84.21,-80.75],[-85.0,-80.82],[-85.75,-81.3],[-87.75,-81.8],[-94.63,-83.0],[-102.24,-83.75],[-113.21,-84.0],[-117.18,-84.5],[-116.49,-84.75],[-124.5,-85.06],[-125.32,-85.25],[-124.53,-85.5],[-127.8,-85.75],[-134.75,-85.39],[-136.22,-85.5],[-137.25,-85.85],[-147.5,-86.02],[-149.11,-85.75],[-152.75,-85.68],[-156.75,-86.07],[-157.34,-86.0],[-157.21,-85.75],[-158.25,-85.67],[-164.0,-85.79],[-171.5,-85.31],[-174.5,-85.49],[-176.5,-85.13],[-178.25,-85.32],[-180.0,-85.17]]}},{"type":"Feature","properties":{"level":984},"geometry":{"type":"LineString","coordinates":[[146.0,18.22],[145.0,18.7],[144.65,19.25],[144.73,20.0],[145.5,20.57],[146.25,20.42],[146.8,19.75],[146.75,18.9],[146.0,18.22]]}},{"type":"Feature","properties":{"level":984},"geometry":{"type":"LineString","coordinates":[[-111.75,18.93],[-112.01,19.25],[-111.84,19.75],[-111.5,19.92],[-111.01,19.75],[-110.84,19.5],[-111.0,19.04],[-111.75,18.93]]}},{"type":"Feature","properties":{"level":984},"geometry":{"type":"LineString","coordinates":[[-169.0,23.03],[-169.04,23.5],[-168.75,23.55],[-168.68,23.25],[-169.0,23.03]]}},{"type":"Feature","properties":{"level":984},"geometry":{"type":"LineString","coordinates":[[164.5,49.73],[163.46,50.0],[162.0,50.83],[161.45,51.5],[161.13,52.5],[161.79,54.75],[164.25,56.46],[168.75,56.7],[170.79,56.25],[173.25,55.32],[174.37,54.75],[174.77,54.25],[174.75,53.91],[171.5,52.85],[169.7,51.25],[168.45,50.5],[166.25,49.79],[164.5,49.73]]}},{"type":"Feature","properties":{"level":984},"geometry":{"type":"LineString","coordinates":[[-38.5,59.89],[-38.6,60.25],[-38.0,60.77],[-36.25,61.38],[-34.41,61.5],[-34.39,61.25],[-35.25,60.71],[-37.5,59.96],[-38.5,59.89]]}},{"type":"Feature","properties":{"level":984},"geometry":{"type":"LineString","coordinates":[[115.0,73.74],[110.11,74.75],[108.75,75.18],[107.91,75.75],[109.75,77.09],[111.25,77.75],[113.75,78.32],[116.75,78.53],[117.11,78.5],[116.58,77.75],[116.51,77.0],[121.75,76.32],[123.5,75.64],[124.03,75.0],[123.96,74.75],[123.0,74.37],[120.25,73.88],[115.0,73.74]]}},{"type":"Feature","properties":{"level":988},"geometry":{"type":"LineString","coordinates":[[180.0,-85.45],[170.75,-85.05],[169.92,-84.75],[170.66,-84.5],[170.25,-84.41],[165.25,-84.4],[164.29,-84.25],[166.46,-83.75],[164.75,-83.4],[163.5,-83.76],[160.25,-83.53],[160.25,-83.14],[159.6,-83.0],[159.75,-82.65],[160.74,-82.5],[158.56,-81.75],[158.32,-81.25],[158.4,-80.5],[157.98,-80.25],[159.14,-80.0],[160.0,-79.18],[163.39,-78.5],[163.0,-78.1],[161.05,-77.5],[160.98,-77.25],[161.53,-77.0],[161.03,-76.75],[161.0,-76.5],[161.7,-76.5],[161.39,-76.0],[161.71,-75.75],[161.14,-75.5],[163.25,-74.72],[164.0,-74.78],[165.0,-74.38],[165.11,-74.0],[166.0,-73.89],[166.51,-73.5],[169.5,-73.07],[169.05,-72.75],[169.33,-72.5],[168.75,-72.22],[168.03,-72.25],[168.33,-72.5],[167.75,-72.97],[167.25,-73.09],[166.25,-72.75],[165.5,-73.44],[164.75,-73.35],[163.0,-74.12],[161.98,-73.75],[161.25,-72.99],[160.25,-72.73],[150.0,-71.54],[146.25,-70.34],[143.75,-69.11],[142.5,-68.79],[141.01,-67.5],[137.25,-67.18],[134.0,-67.69],[132.12,-68.75],[128.0,-69.27],[125.94,-70.0],[124.39,-71.0],[123.25,-71.38],[121.0,-71.6],[113.75,-71.58],[110.08,-72.25],[109.0,-72.79],[107.0,-73.0],[106.75,-73.26],[104.13,-72.0],[99.0,-71.31],[94.5,-70.91],[88.5,-70.9],[85.5,-71.17],[82.5,-71.83],[79.0,-73.02],[75.5,-75.31],[73.0,-75.6],[69.25,-75.6],[63.75,-74.85],[61.48,-73.25],[61.51,-72.0],[62.27,-71.25],[62.28,-70.5],[59.75,-70.07],[52.25,-69.85],[49.5,-70.21],[48.0,-69.71],[46.38,-70.5],[43.25,-71.18],[37.0,-71.82],[35.0,-72.72],[33.0,-72.66],[30.75,-72.92],[28.25,-72.44],[25.5,-73.37],[22.75,-73.69],[17.75,-73.66],[15.0,-72.84],[12.5,-72.69],[7.0,-72.47],[6.25,-72.78],[1.5,-72.72],[1.42,-73.0],[-1.0,-73.03],[-1.75,-73.5],[-1.79,-74.0],[-2.09,-74.25],[0.15,-75.25],[1.06,-76.25],[-1.2,-77.0],[-2.39,-78.0],[-5.9,-80.0],[-6.09,-80.25],[-5.65,-80.75],[-7.0,-81.04],[-11.34,-81.25],[-17.5,-82.43],[-24.67,-82.5],[-37.25,-83.18],[-43.0,-83.9],[-50.0,-83.18],[-55.0,-83.5],[-57.75,-84.1],[-62.0,-84.13],[-67.0,-83.38],[-70.6,-83.25],[-69.79,-83.0],[-70.71,-82.25],[-71.05,-81.5],[-72.01,-81.25],[-71.83,-80.75],[-72.01,-80.5],[-69.81,-79.5],[-70.17,-79.25],[-70.25,-78.71],[-68.25,-77.93],[-66.8,-77.75],[-70.25,-77.51],[-71.0,-77.77],[-73.25,-77.81],[-74.25,-78.21],[-76.67,-78.25],[-77.09,-78.5],[-77.06,-79.0],[-77.89,-79.25],[-77.17,-79.5],[-77.75,-79.71],[-80.25,-79.96],[-81.0,-80.59],[-84.25,-80.95],[-87.25,-81.96],[-91.25,-82.72],[-100.5,-83.76],[-109.17,-84.0],[-113.75,-84.4],[-115.0,-84.8],[-123.34,-85.25],[-121.27,-85.75],[-122.25,-85.99],[-134.0,-85.57],[-135.36,-85.75],[-134.44,-86.0],[-135.0,-86.14],[-147.5,-86.15],[-151.75,-85.83],[-153.94,-86.0],[-154.75,-86.28],[-158.75,-86.35],[-159.73,-86.25],[-158.16,-86.0],[-171.0,-85.64],[-178.5,-85.76],[-180.0,-85.45]]}},{"type":"Feature","properties":{"level":988},"geometry":{"type":"LineString","coordinates":[[-83.26,-78.75],[-82.92,-78.75],[-83.0,-78.43],[-84.0,-78.07],[-84.13,-78.25],[-83.26,-78.75]]}},{"type":"Feature","properties":{"level":988},"geometry":{"type":"LineString","coordinates":[[-82.89,-78.25],[-82.62,-78.25],[-82.89,-78.25]]}},{"type":"Feature","properties":{"level":988},"geometry":{"type":"LineString","coordinates":[[-80.41,-78.0],[-79.29,-78.0],[-80.41,-78.0]]}},{"type":"Feature","properties":{"level":988},"geometry":{"type":"LineString","coordinates":[[-66.6,-78.0],[-65.41,-78.0],[-66.6,-78.0]]}},{"type":"Feature","properties":{"level":988},"geometry":{"type":"LineString","coordinates":[[-63.86,-77.0],[-63.0,-77.03],[-61.37,-76.5],[-63.53,-76.75],[-63.86,-77.0]]}},{"type":"Feature","properties":{"level":988},"geometry":{"type":"LineString","coordinates":[[-61.05,-76.25],[-60.45,-76.25],[-61.05,-76.25]]}},{"type":"Feature","properties":{"level":988},"geometry":{"type":"LineString","coordinates":[[-58.82,-75.75],[-58.35,-75.75],[-58.82,-75.75]]}},{"type":"Feature","properties":{"level":988},"geometry":{"type":"LineString","coordinates":[[-64.75,-75.59],[-64.18,-75.5],[-64.75,-75.59]]}},{"type":"Feature","properties":{"level":988},"geometry":{"type":"LineString","coordinates":[[169.46,-73.5],[169.78,-73.5],[169.46,-73.5]]}},{"type":"Feature","properties":{"level":988},"geometry":{"type":"LineString","coordinates":[[-180.0,-60.17],[-175.5,-61.05],[-173.0,-61.24],[-162.25,-59.81],[-161.42,-59.25],[-160.71,-57.5],[-160.21,-55.25],[-159.94,-51.75],[-158.71,-50.0],[-157.4,-49.0],[-155.72,-48.25],[-149.62,-46.75],[-148.13,-46.75],[-148.27,-46.5],[-148.0,-46.39],[-143.25,-46.44],[-137.76,-47.0],[-130.5,-49.19],[-126.25,-50.01],[-123.75,-50.12],[-120.25,-49.61],[-116.25,-51.42],[-109.25,-52.23],[-108.39,-53.0],[-107.95,-53.75],[-106.95,-57.25],[-106.7,-61.75],[-107.13,-62.5],[-108.25,-62.89],[-108.94,-63.5],[-109.16,-65.25],[-108.66,-66.25],[-106.84,-68.0],[-104.35,-69.75],[-102.25,-70.79],[-101.82,-71.5],[-101.96,-72.0],[-100.67,-72.25],[-101.73,-72.5],[-101.9,-73.0],[-101.62,-73.25],[-102.41,-73.5],[-102.14,-74.0],[-105.33,-75.5],[-107.77,-77.75],[-107.25,-78.33],[-105.66,-79.25],[-104.25,-79.64],[-98.25,-80.41],[-94.25,-80.53],[-85.62,-79.75],[-85.8,-79.25],[-84.75,-79.33],[-84.21,-78.75],[-84.94,-78.0],[-85.0,-77.75],[-84.61,-77.5],[-82.25,-77.3],[-80.0,-77.53],[-78.56,-77.25],[-78.67,-76.75],[-78.5,-76.6],[-75.75,-76.91],[-71.0,-76.98],[-68.25,-76.82],[-65.9,-76.25],[-67.03,-76.0],[-66.75,-75.89],[-65.0,-76.09],[-64.0,-75.85],[-61.75,-75.82],[-57.75,-75.09],[-57.47,-75.25],[-58.25,-75.35],[-58.25,-75.67],[-57.25,-75.55],[-56.37,-75.25],[-57.45,-75.0],[-51.0,-73.07],[-45.25,-70.04],[-40.5,-68.4],[-32.5,-66.98],[-27.0,-66.43],[-24.04,-65.75],[-22.53,-64.5],[-22.94,-63.5],[-30.75,-58.93],[-33.45,-56.5],[-34.5,-54.37],[-35.0,-54.11],[-36.0,-54.29],[-36.51,-54.0],[-36.52,-53.75],[-35.94,-53.5],[-36.13,-52.75],[-35.06,-48.0],[-34.75,-47.52],[-30.5,-46.59],[-28.75,-45.48],[-24.5,-41.89],[-21.25,-40.46],[-19.0,-40.02],[-16.25,-40.18],[-12.75,-41.15],[-7.75,-43.25],[-5.56,-45.25],[-4.24,-47.5],[-4.59,-49.5],[-5.13,-51.0],[-6.07,-52.5],[-7.03,-53.75],[-9.11,-55.75],[-9.33,-56.5],[-9.23,-57.5],[-8.57,-58.75],[-7.75,-59.68],[-4.5,-60.88],[-3.25,-61.12],[2.5,-61.12],[7.5,-60.64],[14.5,-58.92],[24.75,-57.17],[37.5,-57.39],[41.5,-58.12],[43.5,-58.1],[46.25,-57.56],[53.25,-55.48],[59.0,-54.38],[73.0,-52.17],[83.0,-51.23],[90.75,-49.04],[94.5,-48.35],[98.25,-47.95],[102.25,-47.88],[107.5,-48.13],[111.0,-48.7],[114.75,-50.31],[117.25,-50.96],[118.84,-52.0],[120.78,-54.25],[122.0,-55.2],[123.25,-55.76],[124.75,-55.95],[127.25,-57.78],[131.5,-59.38],[136.0,-61.92],[137.75,-62.43],[142.75,-62.89],[145.75,-64.1],[146.52,-64.75],[147.26,-65.0],[150.75,-64.77],[158.75,-63.07],[168.25,-61.91],[172.25,-61.19],[173.75,-60.68],[177.5,-60.15],[180.0,-60.17]]}},{"type":"Feature","properties":{"level":988},"geometry":{"type":"LineString","coordinates":[[-85.75,-49.03],[-86.15,-48.5],[-85.25,-48.23],[-84.14,-48.25],[-84.75,-48.87],[-85.75,-49.03]]}},{"type":"Feature","properties":{"level":988},"geometry":{"type":"LineString","coordinates":[[145.5,17.99],[144.51,18.75],[144.34,20.0],[145.0,20.78],[145.5,21.0],[146.25,20.93],[147.05,20.0],[147.08,19.0],[146.5,18.21],[145.5,17.99]]}},{"type":"Feature","properties":{"level":988},"geometry":{"type":"LineString","coordinates":[[-111.5,18.71],[-112.01,19.0],[-112.13,19.5],[-111.75,19.95],[-111.25,20.0],[-110.88,19.75],[-110.75,19.25],[-111.0,18.88],[-111.5,18.71]]}},{"type":"Feature","properties":{"level":988},"geometry":{"type":"LineString","coordinates":[[-169.25,22.94],[-169.19,23.5],[-168.75,23.7],[-168.55,23.25],[-168.71,23.0],[-169.25,22.94]]}},{"type":"Feature","properties":{"level":988},"geometry":{"type":"LineString","coordinates":[[164.0,49.24],[161.63,50.25],[159.23,53.0],[160.18,54.75],[161.28,55.25],[161.3,55.5],[162.55,56.5],[164.5,57.52],[166.5,57.86],[171.25,57.37],[174.85,55.75],[176.68,54.0],[176.66,53.5],[176.25,52.86],[173.19,52.0],[168.75,49.68],[166.25,49.12],[164.0,49.24]]}},{"type":"Feature","properties":{"level":988},"geometry":{"type":"LineString","coordinates":[[-39.25,59.0],[-39.91,59.5],[-39.76,60.5],[-39.0,61.17],[-37.5,61.86],[-33.5,62.63],[-32.0,62.45],[-30.77,62.0],[-30.64,61.75],[-31.5,60.6],[-34.5,59.42],[-37.25,58.93],[-39.25,59.0]]}},{"type":"Feature","properties":{"level":988},"geometry":{"type":"LineString","coordinates":[[-72.0,61.19],[-72.75,61.87],[-72.73,62.25],[-73.42,63.0],[-73.62,63.75],[-72.25,65.3],[-71.0,65.97],[-69.75,65.91],[-68.45,65.0],[-66.75,64.29],[-66.2,63.5],[-66.34,63.0],[-65.72,62.5],[-66.0,62.2],[-67.0,62.05],[-69.5,61.12],[-72.0,61.19]]}},{"type":"Feature","properties":{"level":988},"geometry":{"type":"LineString","coordinates":[[-60.25,61.72],[-61.78,62.25],[-63.26,63.5],[-63.0,64.59],[-61.86,65.5],[-59.5,66.72],[-57.25,67.23],[-54.25,66.92],[-52.77,66.25],[-53.0,66.11],[-53.5,66.47],[-53.65,66.25],[-53.43,66.0],[-53.34,64.5],[-54.17,63.25],[-55.01,62.5],[-56.25,61.84],[-57.5,61.58],[-60.25,61.72]]}},{"type":"Feature","properties":{"level":988},"geometry":{"type":"LineString","coordinates":[[-50.25,67.71],[-50.11,68.0],[-50.67,68.5],[-50.4,68.75],[-51.0,69.26],[-52.34,69.25],[-51.25,69.58],[-50.25,69.32],[-49.63,68.75],[-49.96,68.5],[-50.0,67.67],[-50.25,67.71]]}},{"type":"Feature","properties":{"level":988},"geometry":{"type":"LineString","coordinates":[[-50.25,69.6],[-50.25,69.79],[-50.25,69.6]]}},{"type":"Feature","properties":{"level":988},"geometry":{"type":"LineString","coordinates":[[114.25,71.47],[113.25,71.57],[113.0,71.86],[112.34,71.75],[112.51,72.0],[112.1,72.25],[109.16,73.25],[107.25,74.26],[105.83,75.5],[106.15,76.75],[107.5,77.72],[108.85,78.25],[114.75,79.28],[122.75,79.56],[129.74,79.0],[128.22,78.75],[127.03,78.25],[127.34,77.25],[128.23,76.25],[127.59,75.0],[126.89,74.5],[123.0,72.9],[117.75,71.97],[116.68,71.5],[114.25,71.47]]}},{"type":"Feature","properties":{"level":992},"geometry":{"type":"LineString","coordinates":[[180.0,-86.42],[174.43,-86.25],[178.63,-86.0],[176.25,-85.81],[174.22,-85.25],[172.5,-85.34],[168.15,-84.75],[165.0,-84.65],[162.9,-84.25],[164.25,-83.92],[160.0,-83.71],[159.59,-83.5],[160.05,-83.25],[159.5,-83.09],[156.05,-82.75],[158.24,-82.25],[158.22,-82.0],[157.17,-81.75],[157.37,-81.25],[157.02,-81.0],[157.44,-80.75],[157.46,-80.5],[156.91,-80.25],[156.98,-80.0],[158.72,-79.75],[157.74,-79.5],[157.44,-79.0],[160.25,-78.82],[162.47,-78.25],[160.5,-77.83],[160.41,-77.5],[159.97,-77.25],[160.49,-77.0],[159.6,-76.5],[160.05,-76.25],[159.83,-76.0],[158.11,-75.5],[158.13,-75.25],[161.75,-74.72],[162.58,-74.25],[162.27,-74.0],[160.75,-73.13],[152.75,-72.55],[149.25,-71.97],[144.75,-70.76],[141.25,-69.36],[139.0,-68.09],[137.5,-67.89],[134.5,-68.12],[133.5,-68.9],[129.22,-69.75],[125.25,-71.59],[122.75,-72.41],[113.59,-72.75],[112.66,-73.25],[113.28,-73.75],[111.95,-74.25],[108.0,-74.09],[105.89,-73.5],[104.0,-72.39],[101.5,-71.92],[94.25,-71.25],[88.75,-71.29],[83.18,-72.25],[79.71,-73.5],[76.25,-75.6],[74.0,-75.94],[68.75,-75.96],[62.59,-75.25],[60.5,-73.64],[60.0,-72.8],[59.07,-72.25],[59.75,-71.21],[57.5,-70.63],[53.0,-70.71],[50.0,-71.39],[46.75,-71.23],[37.75,-72.13],[35.0,-73.03],[31.0,-73.14],[28.5,-72.85],[24.75,-73.82],[21.75,-74.22],[17.0,-73.94],[13.75,-72.95],[5.0,-72.97],[4.72,-73.0],[4.81,-73.25],[4.0,-73.45],[2.5,-73.14],[-0.25,-73.23],[-1.29,-73.75],[-0.71,-74.0],[-1.27,-74.5],[0.5,-74.77],[-0.08,-74.25],[2.0,-73.83],[2.36,-74.0],[2.04,-74.25],[2.26,-74.75],[4.25,-74.84],[6.06,-75.5],[6.25,-76.08],[5.75,-76.45],[5.19,-76.5],[5.88,-77.0],[5.25,-77.34],[1.25,-77.11],[-0.25,-77.52],[-1.98,-78.5],[-2.44,-79.0],[-2.33,-79.5],[-2.79,-80.5],[-2.27,-81.0],[-2.5,-81.09],[-11.5,-81.97],[-16.5,-82.96],[-22.75,-83.55],[-29.25,-83.65],[-43.25,-84.49],[-50.0,-84.13],[-50.37,-84.0],[-50.17,-83.5],[-51.75,-83.43],[-55.91,-84.0],[-56.06,-84.25],[-55.6,-84.5],[-66.94,-84.75],[-66.78,-84.5],[-64.83,-84.25],[-67.75,-84.14],[-68.19,-84.25],[-68.5,-84.67],[-69.5,-84.64],[-70.2,-84.5],[-68.96,-84.0],[-74.91,-83.5],[-78.7,-82.5],[-82.0,-82.26],[-97.25,-83.38],[-100.25,-83.83],[-108.29,-84.25],[-104.33,-84.5],[-105.0,-84.64],[-112.25,-84.54],[-117.25,-85.2],[-120.25,-85.28],[-120.99,-85.5],[-120.25,-85.8],[-121.5,-86.06],[-133.75,-85.72],[-134.23,-85.75],[-132.99,-86.0],[-135.0,-86.29],[-142.75,-86.14],[-147.25,-86.3],[-151.0,-85.97],[-157.25,-86.54],[-160.03,-86.25],[-159.34,-86.0],[-159.75,-85.96],[-169.25,-85.8],[-180.0,-86.42]]}},{"type":"Feature","properties":{"level":992},"geometry":{"type":"LineString","coordinates":[[164.25,-85.25],[167.77,-85.25],[164.25,-85.25]]}},{"type":"Feature","properties":{"level":992},"geometry":{"type":"LineString","coordinates":[[164.37,-83.75],[165.95,-83.75],[164.37,-83.75]]}},{"type":"Feature","properties":{"level":992},"geometry":{"type":"LineString","coordinates":[[-60.25,-73.08],[-60.39,-72.75],[-60.05,-72.75],[-60.25,-73.08]]}},{"type":"Feature","properties":{"level":992},"geometry":{"type":"LineString","coordinates":[[-180.0,-59.42],[-173.0,-60.16],[-166.0,-59.25],[-164.5,-58.86],[-163.18,-57.75],[-162.38,-55.0],[-161.71,-50.5],[-161.23,-49.75],[-159.78,-48.75],[-158.15,-48.0],[-151.75,-45.77],[-150.76,-45.75],[-151.0,-45.44],[-146.75,-45.33],[-140.5,-45.68],[-137.25,-46.17],[-130.75,-47.76],[-126.5,-48.33],[-123.0,-48.16],[-121.75,-47.93],[-121.25,-47.57],[-120.25,-47.61],[-115.5,-49.6],[-111.5,-50.16],[-110.25,-50.54],[-108.75,-50.54],[-106.79,-52.75],[-105.91,-54.75],[-105.15,-57.75],[-104.66,-62.25],[-105.34,-64.5],[-105.06,-66.0],[-103.0,-67.92],[-100.19,-69.5],[-98.79,-71.25],[-99.26,-72.0],[-98.76,-72.25],[-98.74,-72.5],[-99.72,-73.0],[-99.43,-73.5],[-99.94,-73.75],[-98.77,-74.5],[-98.86,-74.75],[-102.34,-75.5],[-103.38,-77.0],[-102.68,-77.5],[-102.53,-78.0],[-99.49,-79.0],[-95.76,-79.5],[-88.0,-79.28],[-85.25,-78.73],[-85.02,-78.5],[-85.62,-78.0],[-85.78,-77.5],[-84.75,-77.2],[-80.67,-77.0],[-79.0,-76.28],[-72.25,-76.29],[-68.0,-76.0],[-66.75,-75.38],[-66.0,-75.32],[-65.75,-75.0],[-64.5,-74.87],[-61.46,-74.0],[-60.5,-73.35],[-57.0,-72.89],[-54.74,-72.25],[-44.25,-68.12],[-35.25,-65.87],[-30.51,-65.0],[-29.16,-64.5],[-28.87,-64.25],[-28.84,-63.75],[-29.31,-62.75],[-34.39,-58.0],[-35.72,-56.25],[-36.08,-54.75],[-37.61,-54.0],[-37.6,-50.75],[-36.75,-48.2],[-35.67,-46.5],[-35.0,-46.06],[-33.0,-45.82],[-31.5,-45.31],[-24.75,-40.85],[-21.0,-39.38],[-18.25,-38.93],[-14.75,-39.32],[-9.0,-41.15],[-7.5,-41.99],[-6.75,-42.92],[-6.25,-43.02],[-5.5,-43.76],[-3.61,-46.75],[-3.47,-47.5],[-3.93,-50.5],[-6.0,-54.75],[-6.1,-55.5],[-5.74,-58.0],[-5.03,-58.75],[-3.78,-59.25],[-0.25,-59.98],[4.75,-59.8],[8.0,-59.42],[21.75,-56.38],[24.75,-55.99],[35.75,-56.18],[41.25,-57.02],[44.25,-56.96],[54.75,-54.53],[65.5,-52.54],[70.25,-51.93],[71.63,-51.5],[77.75,-51.01],[82.75,-50.23],[91.06,-47.75],[93.61,-47.25],[98.25,-46.77],[107.0,-47.12],[112.0,-48.13],[118.25,-50.63],[120.0,-51.75],[123.05,-54.25],[126.5,-55.59],[137.0,-60.7],[138.66,-61.25],[144.25,-62.1],[147.5,-62.92],[150.5,-63.17],[153.25,-63.02],[167.75,-61.25],[176.0,-59.47],[180.0,-59.42]]}},{"type":"Feature","properties":{"level":992},"geometry":{"type":"LineString","coordinates":[[-87.25,-51.31],[-89.5,-50.47],[-90.0,-49.78],[-89.3,-48.0],[-88.0,-46.84],[-82.0,-44.82],[-80.5,-44.69],[-79.25,-44.91],[-78.13,-45.75],[-77.92,-46.75],[-78.51,-48.25],[-80.75,-50.15],[-83.91,-51.25],[-87.25,-51.31]]}},{"type":"Feature","properties":{"level":992},"geometry":{"type":"LineString","coordinates":[[-121.5,-46.82],[-121.5,-46.44],[-121.0,-46.75],[-121.5,-46.82]]}},{"type":"Feature","properties":{"level":992},"geometry":{"type":"LineString","coordinates":[[145.5,17.69],[144.75,17.95],[144.17,18.5],[143.74,19.75],[144.07,20.75],[145.5,21.57],[147.0,21.13],[147.45,20.75],[147.71,20.0],[147.6,19.0],[147.23,18.25],[146.25,17.68],[145.5,17.69]]}},{"type":"Feature","properties":{"level":992},"geometry":{"type":"LineString","coordinates":[[-111.5,18.49],[-112.03,18.75],[-112.33,19.25],[-112.0,19.97],[-111.5,20.16],[-110.96,20.0],[-110.6,19.25],[-111.0,18.68],[-111.5,18.49]]}},{"type":"Feature","properties":{"level":992},"geometry":{"type":"LineString","coordinates":[[-169.25,22.7],[-169.53,23.0],[-169.38,23.5],[-168.75,23.84],[-168.43,23.5],[-168.49,23.0],[-169.25,22.7]]}},{"type":"Feature","properties":{"level":992},"geometry":{"type":"LineString","coordinates":[[163.75,48.49],[157.5,50.45],[156.52,50.5],[157.02,52.0],[156.22,52.5],[156.19,53.5],[155.5,54.28],[155.36,55.0],[156.33,56.0],[157.5,56.56],[159.0,56.72],[160.0,56.37],[160.75,56.96],[163.75,58.2],[166.0,58.63],[168.75,58.65],[171.59,58.25],[175.0,56.9],[177.13,55.5],[178.75,53.25],[178.89,52.0],[178.5,50.97],[176.5,51.17],[175.0,51.0],[172.5,50.27],[168.75,48.75],[166.0,48.35],[163.75,48.49]]}},{"type":"Feature","properties":{"level":992},"geometry":{"type":"LineString","coordinates":[[-39.5,58.22],[-41.0,58.76],[-41.56,59.5],[-41.46,60.25],[-40.75,61.46],[-39.0,62.54],[-34.0,64.21],[-33.75,64.54],[-31.25,64.99],[-29.93,64.0],[-28.25,63.35],[-27.72,62.5],[-27.82,61.75],[-28.75,60.75],[-32.0,59.0],[-35.0,58.29],[-37.5,58.08],[-39.5,58.22]]}},{"type":"Feature","properties":{"level":992},"geometry":{"type":"LineString","coordinates":[[-73.5,59.74],[-75.25,60.06],[-76.27,60.75],[-77.22,64.0],[-77.04,64.75],[-80.23,66.75],[-80.93,68.25],[-81.1,69.25],[-80.5,69.94],[-79.0,70.54],[-76.75,70.14],[-74.75,70.16],[-73.25,69.5],[-70.5,69.16],[-68.1,69.5],[-67.92,70.0],[-69.25,71.16],[-70.25,71.63],[-71.98,72.0],[-71.66,72.75],[-70.93,73.5],[-70.99,74.25],[-69.5,74.84],[-69.2,75.25],[-67.25,75.53],[-64.25,75.41],[-60.5,74.61],[-58.75,74.65],[-57.75,74.41],[-56.5,73.79],[-56.67,73.5],[-56.33,73.25],[-55.73,73.25],[-55.5,72.76],[-55.0,72.89],[-54.25,72.54],[-54.89,71.75],[-54.75,71.68],[-54.25,71.85],[-51.5,71.74],[-51.05,72.0],[-51.51,72.25],[-51.5,72.57],[-49.61,72.75],[-49.91,72.25],[-49.14,71.75],[-49.48,71.0],[-47.83,69.0],[-48.17,68.25],[-47.99,67.5],[-47.32,66.5],[-48.14,66.25],[-47.94,64.25],[-49.0,62.61],[-50.25,63.23],[-51.42,62.25],[-53.28,61.5],[-56.75,60.68],[-63.5,60.77],[-70.25,59.66],[-73.5,59.74]]}},{"type":"Feature","properties":{"level":992},"geometry":{"type":"LineString","coordinates":[[-31.5,65.47],[-31.5,65.79],[-30.75,65.96],[-30.61,65.75],[-31.5,65.47]]}},{"type":"Feature","properties":{"level":992},"geometry":{"type":"LineString","coordinates":[[-64.03,71.0],[-62.6,71.0],[-61.63,71.5],[-62.75,72.11],[-64.0,72.11],[-64.5,71.81],[-64.56,71.5],[-64.03,71.0]]}},{"type":"Feature","properties":{"level":992},"geometry":{"type":"LineString","coordinates":[[111.75,70.98],[106.5,71.93],[105.09,72.5],[105.27,72.75],[103.4,74.75],[103.05,76.5],[104.53,78.5],[112.0,79.7],[118.0,80.14],[126.0,80.16],[133.5,79.65],[139.25,78.7],[143.77,77.25],[145.55,76.25],[146.36,75.5],[147.07,73.75],[146.84,72.75],[146.0,71.89],[145.25,72.75],[144.75,72.85],[144.25,73.57],[143.0,74.14],[138.5,75.22],[137.75,74.85],[133.5,74.54],[125.31,72.25],[118.75,71.05],[115.5,70.78],[111.75,70.98]]}},{"type":"Feature","properties":{"level":992},"geometry":{"type":"LineString","coordinates":[[-65.4,72.5],[-64.78,72.5],[-65.4,72.5]]}},{"type":"Feature","properties":{"level":996},"geometry":{"type":"LineString","coordinates":[[180.0,-86.85],[171.73,-86.75],[165.65,-86.25],[166.21,-86.0],[172.22,-85.5],[169.25,-85.16],[167.75,-85.47],[164.25,-85.58],[163.31,-85.25],[164.55,-85.0],[163.88,-84.75],[157.27,-84.25],[160.4,-84.0],[153.5,-83.32],[152.8,-83.0],[152.76,-82.75],[154.82,-82.5],[151.0,-82.17],[149.45,-81.75],[148.66,-81.25],[150.45,-80.75],[153.0,-80.48],[154.75,-80.7],[154.13,-81.5],[155.14,-81.5],[155.25,-81.19],[156.04,-80.75],[155.08,-80.5],[155.91,-80.25],[157.0,-79.5],[155.5,-79.0],[159.46,-78.5],[159.43,-78.25],[160.0,-78.0],[159.35,-77.0],[158.41,-76.75],[158.13,-76.5],[158.21,-76.25],[156.33,-75.5],[156.75,-75.04],[158.87,-74.25],[158.55,-73.75],[157.25,-73.42],[150.25,-72.92],[145.0,-71.83],[142.5,-71.07],[140.5,-70.83],[139.93,-70.5],[139.65,-69.75],[138.75,-69.07],[137.44,-68.5],[136.5,-68.44],[135.0,-68.63],[133.5,-69.44],[130.84,-70.0],[130.82,-70.5],[128.91,-71.25],[127.5,-72.5],[124.97,-73.5],[125.45,-74.0],[125.32,-74.25],[122.0,-74.79],[112.75,-74.93],[110.25,-74.76],[106.75,-74.13],[102.75,-72.49],[94.25,-71.56],[87.5,-71.94],[82.75,-73.27],[77.0,-75.95],[72.25,-76.36],[65.25,-76.3],[59.0,-74.94],[58.55,-74.75],[58.87,-73.75],[58.05,-72.75],[57.0,-71.88],[55.5,-71.36],[49.5,-72.12],[46.25,-71.98],[41.5,-72.55],[38.25,-72.61],[37.0,-73.17],[35.75,-73.39],[32.5,-73.44],[28.75,-73.18],[23.25,-74.43],[21.5,-74.6],[17.5,-74.4],[15.33,-74.0],[13.75,-73.26],[6.5,-73.21],[6.2,-73.25],[6.5,-73.57],[8.5,-74.38],[13.68,-75.5],[14.4,-76.0],[11.64,-76.5],[13.01,-77.5],[12.08,-78.0],[8.25,-78.34],[3.0,-77.83],[0.84,-78.25],[0.74,-78.5],[2.0,-78.91],[3.24,-79.75],[3.25,-80.0],[5.52,-81.25],[4.75,-81.44],[0.25,-81.91],[-7.75,-82.31],[-13.5,-83.36],[-23.5,-84.35],[-35.75,-84.83],[-58.0,-85.11],[-63.25,-84.83],[-69.25,-84.89],[-71.62,-84.75],[-72.77,-84.5],[-72.58,-84.25],[-74.18,-84.0],[-81.5,-83.66],[-82.08,-83.5],[-81.11,-83.0],[-84.0,-82.78],[-88.5,-83.29],[-97.0,-83.46],[-98.75,-83.81],[-104.78,-84.25],[-98.82,-84.5],[-100.75,-84.78],[-106.5,-84.93],[-109.25,-84.61],[-112.0,-84.69],[-114.3,-85.0],[-113.26,-85.25],[-119.0,-85.51],[-119.88,-86.0],[-121.5,-86.14],[-131.25,-85.92],[-132.26,-86.0],[-131.84,-86.25],[-135.0,-86.34],[-143.0,-86.24],[-147.75,-86.46],[-150.75,-86.29],[-154.75,-86.65],[-158.5,-86.66],[-161.0,-86.05],[-169.25,-85.92],[-174.4,-86.25],[-171.69,-86.5],[-173.75,-86.69],[-180.0,-86.85]]}},{"type":"Feature","properties":{"level":996},"geometry":{"type":"LineString","coordinates":[[160.68,-74.25],[162.06,-74.25],[161.25,-73.47],[160.5,-73.44],[159.91,-73.75],[160.68,-74.25]]}},{"type":"Feature","properties":{"level":996},"geometry":{"type":"LineString","coordinates":[[-180.0,-58.63],[-173.75,-59.13],[-168.51,-58.5],[-166.75,-57.99],[-165.66,-57.25],[-164.96,-56.0],[-164.48,-53.75],[-164.5,-51.75],[-164.91,-50.5],[-164.32,-49.0],[-162.97,-48.25],[-155.25,-45.65],[-153.25,-44.75],[-152.72,-44.75],[-152.5,-44.45],[-148.25,-44.28],[-141.0,-44.57],[-136.0,-45.28],[-131.5,-46.2],[-127.25,-46.47],[-124.25,-45.97],[-121.5,-44.78],[-118.25,-46.25],[-114.5,-47.22],[-112.18,-47.0],[-111.11,-46.25],[-110.75,-45.33],[-110.5,-45.35],[-108.56,-48.25],[-105.5,-51.67],[-103.75,-55.07],[-103.14,-57.5],[-102.49,-62.0],[-101.75,-64.61],[-100.54,-66.25],[-97.5,-68.87],[-96.36,-70.75],[-96.42,-71.25],[-97.03,-72.0],[-97.06,-72.25],[-96.67,-72.5],[-97.82,-73.25],[-97.5,-73.76],[-95.81,-74.25],[-95.98,-75.0],[-98.99,-75.75],[-99.12,-76.0],[-98.19,-77.5],[-98.0,-77.75],[-96.25,-78.15],[-86.0,-78.58],[-85.78,-78.5],[-86.25,-77.92],[-87.34,-77.25],[-86.5,-76.9],[-78.75,-75.66],[-73.0,-75.91],[-68.5,-75.72],[-65.08,-74.25],[-63.0,-74.06],[-62.24,-73.75],[-62.23,-73.5],[-61.41,-73.0],[-62.81,-72.25],[-61.5,-71.93],[-61.0,-71.42],[-59.5,-71.28],[-55.61,-70.25],[-51.33,-68.5],[-43.44,-66.25],[-35.5,-63.38],[-34.64,-62.5],[-34.67,-61.25],[-38.18,-56.0],[-39.34,-53.0],[-39.17,-50.5],[-38.0,-47.04],[-36.45,-45.25],[-32.5,-44.01],[-28.0,-41.45],[-26.75,-40.36],[-21.75,-38.47],[-18.0,-37.78],[-15.25,-37.94],[-11.25,-39.0],[-8.5,-39.83],[-6.56,-41.25],[-4.4,-43.75],[-3.19,-45.75],[-2.67,-47.25],[-2.78,-50.25],[-3.75,-54.25],[-3.34,-55.75],[-2.29,-57.5],[1.5,-58.52],[4.0,-58.62],[9.25,-58.01],[23.25,-54.94],[31.5,-54.94],[34.5,-54.62],[41.25,-55.97],[45.25,-55.84],[63.5,-52.14],[69.25,-51.27],[70.75,-50.77],[74.75,-50.47],[81.75,-49.37],[92.75,-46.3],[94.75,-45.97],[99.25,-45.73],[107.25,-46.19],[110.0,-46.74],[113.5,-47.82],[119.0,-50.14],[123.5,-53.1],[128.16,-55.0],[137.77,-59.5],[141.21,-60.5],[147.75,-61.78],[150.25,-62.04],[155.5,-61.97],[162.5,-61.24],[167.75,-60.43],[174.25,-58.88],[176.75,-58.59],[180.0,-58.63]]}},{"type":"Feature","properties":{"level":996},"geometry":{"type":"LineString","coordinates":[[-89.5,-53.52],[-91.47,-52.5],[-92.01,-51.75],[-92.2,-50.5],[-92.0,-49.5],[-91.43,-48.5],[-89.0,-46.19],[-85.75,-44.59],[-80.75,-43.07],[-79.25,-43.06],[-78.25,-43.33],[-77.14,-44.0],[-76.3,-45.0],[-75.73,-46.75],[-76.46,-49.5],[-77.7,-51.0],[-78.93,-52.0],[-80.75,-52.83],[-84.25,-53.52],[-86.25,-53.71],[-89.5,-53.52]]}},{"type":"Feature","properties":{"level":996},"geometry":{"type":"LineString","coordinates":[[-69.5,-49.82],[-70.23,-48.5],[-70.77,-48.25],[-70.52,-47.0],[-68.0,-46.22],[-67.5,-45.74],[-65.75,-44.94],[-65.0,-44.84],[-63.73,-45.25],[-64.45,-46.75],[-65.07,-47.25],[-65.22,-48.0],[-66.5,-49.42],[-67.5,-49.85],[-69.5,-49.82]]}},{"type":"Feature","properties":{"level":996},"geometry":{"type":"LineString","coordinates":[[-110.75,-45.14],[-110.75,-44.95],[-110.75,-45.14]]}},{"type":"Feature","properties":{"level":996},"geometry":{"type":"LineString","coordinates":[[-111.0,-44.84],[-111.5,-44.57],[-111.75,-43.95],[-112.25,-43.62],[-112.02,-43.0],[-112.34,-42.5],[-112.25,-42.07],[-111.07,-42.75],[-111.18,-44.0],[-110.67,-44.5],[-111.0,-44.84]]}},{"type":"Feature","properties":{"level":996},"geometry":{"type":"LineString","coordinates":[[144.75,17.22],[143.66,18.0],[143.17,18.75],[142.94,19.75],[143.17,20.5],[143.7,21.25],[144.75,21.9],[146.0,22.17],[146.91,22.0],[148.5,20.51],[148.5,18.98],[147.92,18.0],[147.0,17.26],[146.0,17.03],[144.75,17.22]]}},{"type":"Feature","properties":{"level":996},"geometry":{"type":"LineString","coordinates":[[-112.0,18.36],[-112.58,19.0],[-112.46,19.75],[-111.75,20.36],[-111.0,20.24],[-110.42,19.5],[-110.59,18.75],[-111.25,18.28],[-112.0,18.36]]}},{"type":"Feature","properties":{"level":996},"geometry":{"type":"LineString","coordinates":[[-169.0,22.49],[-169.5,22.63],[-169.72,23.25],[-169.43,23.75],[-168.75,23.99],[-168.34,23.75],[-168.16,23.25],[-168.5,22.67],[-169.0,22.49]]}},{"type":"Feature","properties":{"level":996},"geometry":{"type":"LineString","coordinates":[[180.0,49.92],[179.5,49.54],[177.0,49.66],[174.0,49.37],[168.0,47.68],[165.25,47.49],[161.75,47.93],[158.5,47.66],[155.0,49.37],[154.47,50.0],[153.81,51.25],[153.42,54.0],[153.6,55.0],[154.55,56.75],[156.5,58.91],[157.25,59.38],[160.25,60.2],[161.73,59.5],[161.69,59.0],[162.0,58.77],[164.0,59.36],[166.25,59.6],[170.5,59.28],[173.25,58.68],[177.87,56.5],[179.21,55.25],[180.0,54.06]]}},{"type":"Feature","properties":{"level":996},"geometry":{"type":"LineString","coordinates":[[-151.0,52.49],[-153.38,53.75],[-153.45,54.25],[-153.15,55.0],[-152.25,55.61],[-151.0,55.75],[-150.17,55.5],[-149.58,54.25],[-149.71,53.0],[-150.5,52.36],[-151.0,52.49]]}},{"type":"Feature","properties":{"level":996},"geometry":{"type":"LineString","coordinates":[[-155.0,53.49],[-155.0,53.91],[-154.27,53.75],[-154.25,53.49],[-155.0,53.49]]}},{"type":"Feature","properties":{"level":996},"geometry":{"type":"LineString","coordinates":[[-180.0,54.06],[-179.38,52.75],[-179.35,51.75],[-179.46,50.75],[-180.0,49.92]]}},{"type":"Feature","properties":{"level":996},"geometry":{"type":"LineString","coordinates":[[-40.5,57.22],[-43.22,57.75],[-43.49,58.0],[-43.4,58.75],[-44.25,59.21],[-45.25,59.34],[-45.89,59.0],[-46.17,58.5],[-47.0,58.43],[-50.75,59.85],[-52.75,59.45],[-60.0,59.04],[-62.5,58.57],[-64.0,59.28],[-65.25,59.49],[-70.25,58.73],[-74.0,58.89],[-76.0,59.3],[-78.0,60.17],[-83.0,64.5],[-83.57,65.25],[-86.0,66.88],[-86.37,67.75],[-87.78,68.75],[-89.37,70.5],[-89.7,71.25],[-89.26,71.75],[-89.74,72.5],[-89.25,73.07],[-87.75,72.9],[-86.01,73.75],[-87.75,73.86],[-88.25,73.58],[-88.59,74.0],[-88.54,74.25],[-86.0,74.51],[-81.5,74.53],[-80.75,74.73],[-80.68,75.0],[-79.84,75.5],[-81.24,75.75],[-81.42,76.0],[-81.25,76.16],[-78.25,76.66],[-76.54,77.75],[-75.5,78.05],[-72.75,78.41],[-69.75,77.9],[-66.5,77.88],[-65.8,77.5],[-66.94,77.25],[-65.91,77.0],[-66.99,76.75],[-62.0,76.53],[-56.25,75.59],[-55.2,75.25],[-55.39,75.0],[-54.52,74.5],[-54.5,74.1],[-53.72,73.5],[-50.75,73.21],[-48.0,73.63],[-46.53,73.5],[-46.09,73.25],[-47.85,71.25],[-46.81,70.0],[-46.03,68.25],[-46.31,67.5],[-46.23,67.0],[-45.42,66.25],[-46.95,65.5],[-46.88,64.75],[-46.28,64.0],[-47.0,63.7],[-47.62,62.5],[-46.12,62.0],[-45.99,61.5],[-45.25,61.34],[-44.75,60.91],[-43.25,60.99],[-42.42,62.0],[-42.54,62.75],[-40.58,63.75],[-40.09,64.25],[-39.77,64.75],[-40.02,65.0],[-39.75,65.12],[-39.78,65.5],[-38.0,65.67],[-37.19,66.25],[-37.75,66.2],[-38.0,66.54],[-36.25,66.32],[-30.75,67.63],[-26.75,67.78],[-25.75,67.65],[-24.88,66.5],[-24.74,66.25],[-25.0,66.0],[-25.11,65.25],[-24.23,64.25],[-24.74,62.25],[-25.92,61.0],[-27.87,59.75],[-30.25,58.5],[-33.75,57.47],[-37.75,57.04],[-40.5,57.22]]}},{"type":"Feature","properties":{"level":996},"geometry":{"type":"LineString","coordinates":[[148.5,64.2],[147.5,64.71],[148.15,64.75],[148.32,65.25],[147.97,65.75],[146.5,66.32],[143.5,67.01],[143.0,66.53],[142.6,66.5],[143.03,66.0],[141.75,66.02],[141.64,66.25],[139.75,67.02],[138.25,67.07],[137.62,67.75],[138.49,68.0],[138.41,68.5],[139.0,68.17],[139.5,68.2],[140.0,68.94],[143.42,69.75],[142.25,70.48],[140.5,70.99],[136.25,71.49],[132.75,71.02],[131.25,71.43],[128.0,71.62],[125.75,71.42],[124.5,70.95],[118.25,70.05],[115.0,70.0],[111.25,70.28],[104.46,71.5],[99.31,73.0],[98.86,73.5],[99.42,74.5],[99.99,74.75],[99.11,76.0],[99.1,76.5],[100.88,78.5],[103.98,79.0],[105.09,79.5],[107.0,79.89],[114.0,80.64],[121.5,80.88],[129.25,80.71],[137.65,80.0],[142.25,79.19],[145.5,78.19],[147.94,77.0],[151.14,74.5],[152.0,73.29],[152.05,72.0],[151.43,70.75],[151.6,70.25],[150.61,69.5],[152.66,66.75],[152.15,66.25],[152.03,65.5],[151.33,64.5],[148.5,64.2]]}},{"type":"Feature","properties":{"level":996},"geometry":{"type":"LineString","coordinates":[[-21.25,70.73],[-23.25,71.74],[-23.0,72.26],[-23.5,71.91],[-23.75,72.33],[-24.64,72.0],[-24.81,72.5],[-24.25,72.58],[-23.38,74.0],[-23.87,74.25],[-23.5,74.32],[-23.67,74.75],[-23.36,75.25],[-24.43,75.75],[-24.29,76.25],[-24.79,76.5],[-24.37,77.0],[-24.5,77.33],[-26.01,77.75],[-25.5,78.17],[-22.75,78.47],[-22.37,78.75],[-22.61,79.0],[-22.5,79.13],[-22.0,79.06],[-21.5,79.42],[-20.7,79.5],[-21.9,79.75],[-21.5,79.98],[-20.5,79.9],[-20.5,80.31],[-19.52,80.75],[-18.62,80.75],[-18.87,80.5],[-18.5,80.41],[-16.87,81.0],[-12.75,81.33],[-12.0,81.65],[-9.75,81.7],[-9.28,81.25],[-9.81,81.0],[-9.75,80.74],[-5.86,79.75],[-0.5,78.88],[0.9,78.25],[0.98,78.0],[0.66,77.75],[-0.9,77.25],[-2.45,76.25],[-4.08,74.5],[-6.25,73.15],[-8.32,72.25],[-16.0,70.85],[-19.0,71.29],[-20.5,71.13],[-21.25,70.73]]}},{"type":"Feature","properties":{"level":996},"geometry":{"type":"LineString","coordinates":[[-76.12,71.0],[-74.79,71.25],[-76.25,71.55],[-77.45,71.5],[-76.12,71.0]]}},{"type":"Feature","properties":{"level":996},"geometry":{"type":"LineString","coordinates":[[-77.85,72.0],[-77.0,71.84],[-75.6,72.0],[-77.0,72.55],[-78.0,72.25],[-77.85,72.0]]}},{"type":"Feature","properties":{"level":996},"geometry":{"type":"LineString","coordinates":[[-83.84,72.5],[-83.25,72.33],[-81.48,72.75],[-82.75,72.83],[-83.5,73.36],[-83.93,73.0],[-83.84,72.5]]}},{"type":"Feature","properties":{"level":996},"geometry":{"type":"LineString","coordinates":[[-79.47,73.25],[-78.75,73.07],[-77.62,73.25],[-79.72,73.5],[-79.47,73.25]]}},{"type":"Feature","properties":{"level":996},"geometry":{"type":"LineString","coordinates":[[-88.75,73.39],[-88.75,73.61],[-88.55,73.5],[-88.75,73.39]]}},{"type":"Feature","properties":{"level":996},"geometry":{"type":"LineString","coordinates":[[-25.0,73.46],[-25.21,73.5],[-24.72,73.5],[-25.0,73.46]]}},{"type":"Feature","properties":{"level":996},"geometry":{"type":"LineString","coordinates":[[-82.0,76.0],[-82.12,76.25],[-81.65,76.25],[-82.0,76.0]]}},{"type":"Feature","properties":{"level":996},"geometry":{"type":"LineString","coordinates":[[-28.25,78.24],[-30.4,78.75],[-30.25,78.92],[-26.5,78.97],[-27.0,79.53],[-25.75,79.79],[-24.0,79.76],[-23.36,79.25],[-25.5,79.04],[-25.29,78.75],[-25.97,78.5],[-25.77,78.25],[-26.0,78.13],[-28.25,78.24]]}},{"type":"Feature","properties":{"level":996},"geometry":{"type":"LineString","coordinates":[[-22.75,79.16],[-22.97,79.25],[-22.75,79.38],[-22.75,79.16]]}},{"type":"Feature","properties":{"level":996},"geometry":{"type":"LineString","coordinates":[[-77.5,79.72],[-80.46,80.0],[-72.67,80.5],[-72.81,80.25],[-73.5,80.09],[-77.5,79.72]]}},{"type":"Feature","properties":{"level":996},"geometry":{"type":"LineString","coordinates":[[-23.0,79.69],[-22.13,79.75],[-23.0,79.69]]}},{"type":"Feature","properties":{"level":996},"geometry":{"type":"LineString","coordinates":[[51.75,80.23],[49.5,80.63],[44.63,81.0],[42.8,81.5],[45.75,81.8],[49.25,81.61],[52.31,81.0],[52.81,80.5],[51.75,80.23]]}},{"type":"Feature","properties":{"level":996},"geometry":{"type":"LineString","coordinates":[[-22.5,80.41],[-21.75,80.77],[-21.34,80.5],[-22.5,80.41]]}},{"type":"Feature","properties":{"level":996},"geometry":{"type":"LineString","coordinates":[[-13.75,82.0],[-19.0,82.18],[-21.47,82.75],[-21.25,83.06],[-19.5,83.45],[-15.5,83.86],[2.25,84.37],[17.25,84.07],[22.5,83.67],[26.27,83.0],[24.75,82.76],[9.25,82.45],[-5.0,81.79],[-11.25,81.78],[-13.75,82.0]]}},{"type":"Feature","properties":{"level":1000},"geometry":{"type":"LineString","coordinates":[[180.0,-87.08],[169.25,-86.91],[162.7,-86.25],[156.75,-84.88],[152.5,-84.5],[152.93,-84.25],[152.68,-84.0],[150.43,-83.5],[150.0,-82.96],[148.13,-82.25],[145.33,-81.75],[147.23,-80.75],[152.75,-80.13],[155.25,-80.28],[155.39,-80.0],[154.82,-79.0],[155.0,-78.82],[158.5,-78.25],[158.7,-77.25],[156.32,-76.75],[155.25,-76.09],[154.58,-75.5],[155.09,-74.75],[155.04,-74.5],[153.75,-74.11],[142.75,-72.46],[141.0,-72.67],[139.5,-73.14],[137.5,-72.97],[137.23,-73.25],[137.45,-73.75],[136.75,-74.27],[133.75,-74.41],[131.81,-75.0],[128.75,-75.08],[126.25,-75.65],[114.5,-75.41],[107.5,-74.69],[102.0,-72.78],[93.75,-71.87],[89.25,-72.27],[84.5,-73.58],[79.0,-76.28],[75.0,-76.63],[65.0,-76.95],[63.25,-76.63],[61.5,-75.88],[59.25,-75.77],[56.78,-75.0],[55.25,-73.31],[54.52,-73.25],[54.56,-73.0],[54.14,-72.5],[53.5,-72.34],[49.0,-72.9],[43.75,-72.86],[39.76,-73.25],[37.0,-73.9],[32.25,-73.81],[29.0,-73.46],[24.43,-74.5],[21.5,-74.89],[15.5,-74.63],[12.96,-74.25],[11.75,-73.82],[8.5,-73.7],[8.18,-73.75],[10.15,-74.5],[16.09,-75.25],[18.82,-76.0],[15.66,-76.75],[15.75,-77.03],[17.71,-78.0],[16.36,-78.25],[12.5,-79.57],[11.07,-79.75],[11.0,-80.0],[13.2,-81.25],[8.75,-81.42],[-6.35,-83.5],[-24.5,-84.95],[-28.75,-84.95],[-38.0,-85.47],[-56.75,-85.57],[-70.0,-86.54],[-81.5,-86.54],[-82.14,-86.5],[-71.0,-86.37],[-68.0,-86.03],[-65.7,-85.5],[-62.18,-85.25],[-63.5,-84.97],[-69.25,-85.13],[-74.25,-84.95],[-83.29,-84.25],[-86.75,-83.65],[-87.62,-83.75],[-85.93,-84.75],[-88.0,-85.44],[-91.33,-85.5],[-92.23,-85.25],[-92.06,-85.0],[-92.64,-84.75],[-91.19,-84.25],[-91.46,-84.0],[-93.75,-83.45],[-95.89,-83.5],[-95.68,-83.75],[-101.23,-84.25],[-95.05,-84.25],[-100.5,-84.92],[-118.25,-85.59],[-119.75,-86.07],[-123.25,-86.33],[-130.75,-86.0],[-130.5,-86.25],[-139.57,-86.5],[-140.57,-87.0],[-142.25,-87.09],[-151.75,-86.6],[-155.45,-87.0],[-154.74,-87.25],[-157.5,-87.32],[-165.15,-87.25],[-166.0,-86.87],[-169.75,-87.09],[-180.0,-87.08]]}},{"type":"Feature","properties":{"level":1000},"geometry":{"type":"LineString","coordinates":[[-144.42,-86.75],[-143.35,-86.75],[-143.32,-86.5],[-144.42,-86.75]]}},{"type":"Feature","properties":{"level":1000},"geometry":{"type":"LineString","coordinates":[[-162.58,-86.5],[-160.78,-86.25],[-168.2,-86.25],[-162.58,-86.5]]}},{"type":"Feature","properties":{"level":1000},"geometry":{"type":"LineString","coordinates":[[-107.75,-86.5],[-108.52,-86.25],[-107.63,-86.0],[-107.94,-85.5],[-102.5,-85.45],[-101.39,-85.75],[-101.75,-85.98],[-107.75,-86.5]]}},{"type":"Feature","properties":{"level":1000},"geometry":{"type":"LineString","coordinates":[[169.93,-85.5],[171.28,-85.5],[169.93,-85.5]]}},{"type":"Feature","properties":{"level":1000},"geometry":{"type":"LineString","coordinates":[[-111.16,-84.75],[-109.25,-84.92],[-108.41,-84.75],[-111.16,-84.75]]}},{"type":"Feature","properties":{"level":1000},"geometry":{"type":"LineString","coordinates":[[-82.5,-84.77],[-81.31,-84.75],[-82.5,-84.77]]}},{"type":"Feature","properties":{"level":1000},"geometry":{"type":"LineString","coordinates":[[130.45,-73.5],[135.0,-72.61],[137.5,-71.12],[137.78,-70.5],[135.25,-69.2],[133.56,-69.75],[129.95,-71.75],[130.25,-72.41],[130.0,-73.01],[129.5,-72.98],[129.37,-73.25],[130.45,-73.5]]}},{"type":"Feature","properties":{"level":1000},"geometry":{"type":"LineString","coordinates":[[-180.0,-57.87],[-177.0,-58.14],[-173.75,-58.06],[-171.0,-57.75],[-169.08,-57.25],[-167.75,-56.17],[-167.11,-55.25],[-166.82,-52.25],[-167.42,-50.75],[-166.72,-48.75],[-166.03,-48.0],[-156.5,-44.63],[-154.25,-43.49],[-153.25,-43.33],[-150.5,-43.15],[-143.25,-43.23],[-139.5,-43.46],[-133.5,-44.35],[-129.75,-44.61],[-126.25,-43.79],[-124.29,-42.5],[-122.75,-42.18],[-119.75,-43.34],[-117.0,-43.69],[-115.25,-42.81],[-114.07,-41.0],[-112.75,-40.06],[-112.0,-39.79],[-110.0,-39.78],[-109.33,-40.0],[-108.89,-40.5],[-108.74,-41.0],[-109.07,-41.5],[-109.07,-43.25],[-108.71,-44.75],[-108.0,-46.17],[-106.25,-48.38],[-103.62,-51.0],[-100.75,-55.01],[-99.75,-56.0],[-99.25,-56.17],[-98.25,-55.61],[-93.75,-49.0],[-92.0,-47.09],[-89.17,-45.0],[-85.25,-43.13],[-82.67,-42.25],[-80.75,-41.87],[-79.0,-41.9],[-77.25,-42.29],[-75.77,-43.0],[-74.75,-43.79],[-73.9,-45.25],[-73.62,-46.25],[-73.8,-47.25],[-73.25,-47.41],[-72.88,-47.25],[-72.26,-46.25],[-70.84,-45.25],[-70.91,-45.0],[-69.75,-44.99],[-69.25,-43.75],[-68.5,-43.58],[-67.25,-42.61],[-66.5,-42.89],[-65.25,-42.17],[-63.5,-42.0],[-62.5,-42.29],[-61.31,-44.0],[-61.33,-46.0],[-61.99,-47.75],[-62.58,-48.5],[-64.22,-50.0],[-65.75,-50.96],[-67.75,-51.79],[-70.5,-52.31],[-72.75,-52.16],[-73.14,-52.5],[-73.21,-53.5],[-72.92,-54.0],[-74.25,-54.67],[-90.75,-56.99],[-97.25,-57.5],[-98.5,-58.27],[-99.31,-60.75],[-99.29,-61.75],[-98.7,-64.0],[-97.93,-65.5],[-93.78,-69.75],[-93.41,-71.0],[-93.43,-72.0],[-93.74,-72.5],[-94.54,-73.0],[-94.71,-73.25],[-94.57,-73.5],[-91.6,-74.25],[-93.03,-75.0],[-92.73,-75.25],[-93.55,-75.75],[-93.32,-76.0],[-90.5,-76.31],[-87.5,-76.07],[-84.5,-75.45],[-80.75,-75.33],[-79.25,-74.94],[-73.5,-75.28],[-67.5,-74.82],[-65.5,-74.11],[-64.25,-73.97],[-62.88,-73.0],[-62.83,-72.5],[-63.24,-72.25],[-61.97,-71.5],[-62.9,-70.0],[-62.8,-69.5],[-64.18,-68.75],[-63.75,-68.3],[-60.0,-67.47],[-56.0,-67.25],[-53.75,-66.59],[-50.75,-65.14],[-42.25,-63.0],[-40.0,-61.69],[-39.42,-60.75],[-39.33,-59.5],[-40.75,-56.18],[-41.21,-54.25],[-41.08,-50.75],[-39.5,-46.46],[-37.75,-44.63],[-32.75,-42.55],[-28.0,-39.6],[-25.25,-38.18],[-19.75,-36.65],[-16.0,-36.43],[-10.0,-37.76],[-8.0,-38.81],[-6.5,-40.0],[-4.5,-42.19],[-2.78,-44.75],[-1.65,-47.5],[-1.79,-52.5],[-1.5,-54.27],[-0.51,-55.5],[0.75,-56.37],[2.5,-56.93],[4.5,-57.12],[7.5,-57.01],[12.0,-56.23],[21.25,-54.1],[31.0,-53.61],[32.75,-53.35],[33.0,-52.87],[33.25,-52.83],[36.71,-54.0],[40.5,-54.83],[43.25,-55.01],[45.75,-54.8],[51.75,-53.8],[65.25,-51.0],[68.25,-50.6],[70.0,-49.97],[72.0,-49.95],[79.9,-48.75],[92.25,-45.41],[98.75,-44.69],[106.0,-45.11],[112.25,-46.53],[117.75,-48.6],[125.0,-52.37],[132.75,-55.5],[138.75,-58.27],[142.5,-59.44],[147.25,-60.48],[151.75,-60.98],[156.5,-60.95],[165.25,-59.93],[170.11,-58.75],[175.75,-57.8],[180.0,-57.87]]}},{"type":"Feature","properties":{"level":1000},"geometry":{"type":"LineString","coordinates":[[-123.25,-42.13],[-123.16,-42.0],[-123.25,-42.13]]}},{"type":"Feature","properties":{"level":1000},"geometry":{"type":"LineString","coordinates":[[145.0,15.73],[143.75,16.08],[142.25,17.17],[141.29,19.25],[141.31,20.0],[141.63,21.0],[142.5,22.03],[144.5,22.9],[146.75,22.84],[148.0,22.35],[148.95,21.5],[149.5,20.25],[149.34,18.0],[148.52,17.0],[147.25,16.17],[145.0,15.73]]}},{"type":"Feature","properties":{"level":1000},"geometry":{"type":"LineString","coordinates":[[-112.0,17.93],[-112.8,18.5],[-112.96,19.75],[-112.25,20.65],[-111.25,20.78],[-110.25,20.05],[-110.07,19.0],[-110.75,18.05],[-111.5,17.83],[-112.0,17.93]]}},{"type":"Feature","properties":{"level":1000},"geometry":{"type":"LineString","coordinates":[[-169.25,22.2],[-169.94,22.75],[-170.0,23.5],[-169.25,24.17],[-168.5,24.14],[-167.95,23.75],[-167.82,23.0],[-168.5,22.24],[-169.25,22.2]]}},{"type":"Feature","properties":{"level":1000},"geometry":{"type":"LineString","coordinates":[[180.0,47.96],[175.25,48.12],[168.5,46.79],[165.5,46.57],[162.75,46.81],[158.75,46.69],[156.0,47.21],[154.25,48.24],[153.25,49.16],[152.21,50.5],[151.92,51.25],[151.57,53.0],[151.55,54.75],[151.82,56.5],[152.75,58.5],[152.11,58.5],[151.94,58.75],[152.19,59.25],[151.75,59.54],[148.75,60.09],[147.88,60.5],[147.81,60.75],[148.75,61.08],[149.0,60.57],[150.32,60.75],[149.5,61.15],[149.56,61.5],[149.09,61.75],[149.54,62.25],[147.5,63.14],[146.0,62.92],[146.75,63.46],[147.2,63.5],[145.25,63.57],[143.98,64.5],[144.4,64.75],[144.13,65.0],[141.0,65.34],[139.71,64.75],[140.02,64.25],[140.68,64.0],[140.5,63.72],[139.8,64.25],[137.75,64.63],[135.0,64.12],[131.75,64.38],[131.51,64.5],[131.74,64.75],[134.0,65.4],[133.92,66.0],[130.79,67.25],[129.49,68.5],[129.37,68.75],[129.67,69.5],[128.75,70.1],[121.5,69.35],[114.0,69.2],[109.5,69.65],[102.5,71.01],[96.89,72.5],[94.52,73.75],[94.32,74.0],[94.77,76.25],[95.5,77.49],[97.02,78.75],[96.82,79.0],[98.26,79.25],[97.98,79.5],[99.5,79.36],[104.36,80.5],[112.0,81.33],[121.25,81.61],[130.5,81.39],[138.0,80.81],[145.5,79.66],[149.32,78.5],[153.0,76.74],[154.71,75.5],[155.6,74.5],[156.1,73.5],[156.53,71.5],[156.59,70.0],[157.86,68.25],[157.88,67.5],[156.74,66.5],[156.92,66.25],[156.75,66.01],[156.24,66.0],[156.0,65.75],[155.58,64.75],[155.03,64.25],[154.25,62.46],[153.5,62.01],[152.16,62.0],[152.44,61.75],[151.75,61.54],[151.63,61.25],[152.5,60.33],[154.68,61.0],[154.76,61.25],[155.25,61.42],[155.73,61.0],[154.72,60.5],[154.63,60.25],[157.5,61.18],[160.5,61.77],[160.48,61.25],[161.25,60.96],[170.0,60.39],[174.0,59.52],[176.72,58.5],[180.0,56.56]]}},{"type":"Feature","properties":{"level":1000},"geometry":{"type":"LineString","coordinates":[[-158.75,48.99],[-160.5,49.23],[-160.75,49.46],[-160.67,50.0],[-160.22,50.5],[-160.72,51.0],[-160.68,51.5],[-160.46,51.75],[-159.25,51.71],[-158.48,52.0],[-157.5,53.81],[-155.75,55.18],[-153.25,56.3],[-150.25,56.79],[-148.3,56.5],[-147.37,55.5],[-147.42,54.25],[-147.95,52.5],[-148.38,51.75],[-149.25,51.1],[-150.5,50.79],[-152.0,51.21],[-157.25,51.07],[-159.0,50.67],[-160.01,50.0],[-159.25,49.71],[-158.74,49.25],[-158.75,48.99]]}},{"type":"Feature","properties":{"level":1000},"geometry":{"type":"LineString","coordinates":[[-162.5,51.7],[-162.0,52.01],[-161.61,51.75],[-162.0,51.55],[-162.5,51.7]]}},{"type":"Feature","properties":{"level":1000},"geometry":{"type":"LineString","coordinates":[[-42.0,55.74],[-50.0,56.46],[-51.5,56.87],[-61.5,57.26],[-65.5,58.26],[-68.75,57.8],[-73.75,57.99],[-79.0,58.79],[-80.53,59.25],[-85.67,62.5],[-87.21,64.5],[-89.77,66.5],[-90.22,67.75],[-91.44,68.5],[-92.75,69.93],[-93.5,70.33],[-93.97,71.5],[-94.83,72.25],[-94.6,72.5],[-94.81,73.5],[-95.45,74.5],[-95.47,75.5],[-95.98,76.0],[-95.75,76.32],[-93.82,76.75],[-94.76,77.25],[-94.75,77.86],[-95.62,78.25],[-95.79,79.25],[-94.5,79.93],[-91.0,79.66],[-90.25,79.8],[-88.5,79.29],[-87.25,79.45],[-86.75,79.78],[-85.75,79.75],[-85.43,80.25],[-87.34,80.5],[-87.25,80.75],[-85.95,80.75],[-84.56,81.0],[-84.36,81.25],[-82.25,81.36],[-74.75,80.95],[-69.11,81.0],[-69.83,81.25],[-69.5,81.34],[-65.5,80.97],[-65.27,81.0],[-65.25,81.25],[-63.0,80.97],[-61.25,81.23],[-54.0,80.59],[-45.75,81.1],[-34.0,80.44],[-31.29,80.5],[-29.9,80.75],[-31.25,81.07],[-35.75,81.11],[-40.25,81.7],[-43.25,81.22],[-43.18,81.75],[-39.0,82.09],[-38.69,82.25],[-39.81,82.5],[-37.46,82.75],[-37.4,83.0],[-38.5,83.31],[-40.25,83.26],[-40.08,83.0],[-40.5,82.83],[-41.25,83.07],[-46.39,83.5],[-26.57,84.75],[-5.75,85.32],[12.5,85.22],[27.25,84.61],[54.0,82.39],[57.5,81.84],[59.25,81.0],[60.73,80.75],[59.95,80.5],[60.78,80.0],[60.85,79.75],[60.77,79.25],[60.25,79.0],[58.0,78.6],[54.75,78.39],[50.75,78.57],[38.5,80.18],[29.5,80.85],[24.25,80.93],[15.0,80.59],[9.5,79.92],[8.2,79.5],[7.64,79.0],[7.38,78.5],[7.6,77.75],[7.12,77.25],[3.0,75.3],[-3.22,71.75],[-9.5,69.31],[-17.75,67.09],[-18.3,66.5],[-18.16,66.25],[-20.0,65.78],[-20.56,65.25],[-20.48,65.0],[-21.45,64.25],[-21.4,63.5],[-21.73,62.5],[-22.76,61.5],[-25.5,59.77],[-28.99,58.0],[-32.39,56.75],[-35.25,56.14],[-39.5,55.66],[-42.0,55.74]]}},{"type":"Feature","properties":{"level":1000},"geometry":{"type":"LineString","coordinates":[[-180.0,56.56],[-178.73,55.5],[-177.96,54.5],[-177.45,52.5],[-177.57,51.25],[-178.33,49.25],[-179.25,48.23],[-180.0,47.96]]}},{"type":"Feature","properties":{"level":1000},"geometry":{"type":"LineString","coordinates":[[153.43,59.5],[153.73,59.5],[153.43,59.5]]}},{"type":"Feature","properties":{"level":1000},"geometry":{"type":"LineString","coordinates":[[-46.13,62.25],[-45.25,62.05],[-44.5,62.6],[-44.14,62.5],[-44.0,62.12],[-43.75,62.24],[-43.69,63.0],[-42.35,63.75],[-41.83,64.75],[-41.95,65.0],[-40.75,65.55],[-40.75,66.08],[-39.48,67.25],[-38.75,67.4],[-35.75,67.06],[-35.25,67.65],[-33.75,68.22],[-30.5,68.72],[-29.75,69.05],[-28.5,68.75],[-26.75,69.37],[-25.24,69.5],[-26.5,70.03],[-27.0,69.71],[-28.5,69.69],[-29.55,70.0],[-27.25,70.49],[-26.92,70.75],[-27.38,71.25],[-27.25,71.48],[-26.4,71.5],[-27.0,71.84],[-27.5,71.66],[-27.75,72.05],[-28.0,71.98],[-28.87,72.5],[-28.25,72.67],[-26.75,72.03],[-25.99,72.25],[-26.83,73.0],[-26.0,74.25],[-26.25,74.48],[-28.27,74.25],[-26.35,75.25],[-27.15,76.25],[-26.93,76.75],[-29.25,77.66],[-33.41,78.75],[-43.5,80.26],[-53.25,80.11],[-58.5,79.2],[-63.75,77.85],[-63.5,77.61],[-62.02,77.5],[-61.34,77.0],[-59.0,76.55],[-55.0,76.2],[-53.5,75.33],[-52.0,74.94],[-50.25,73.91],[-43.5,73.58],[-43.27,73.25],[-44.22,72.5],[-44.06,72.25],[-45.23,71.25],[-45.41,70.75],[-44.75,68.26],[-44.28,67.5],[-44.21,66.75],[-44.52,66.25],[-44.23,65.75],[-44.35,65.5],[-45.75,65.48],[-46.25,65.25],[-46.11,64.5],[-45.33,63.75],[-46.39,63.5],[-46.13,62.25]]}},{"type":"Feature","properties":{"level":1000},"geometry":{"type":"LineString","coordinates":[[132.64,67.5],[132.89,67.5],[132.75,67.74],[132.64,67.5]]}},{"type":"Feature","properties":{"level":1000},"geometry":{"type":"LineString","coordinates":[[133.05,67.75],[133.76,67.75],[132.75,68.25],[132.5,68.0],[133.05,67.75]]}},{"type":"Feature","properties":{"level":1000},"geometry":{"type":"LineString","coordinates":[[131.25,68.0],[131.74,68.0],[131.25,68.0]]}},{"type":"Feature","properties":{"level":1000},"geometry":{"type":"LineString","coordinates":[[-96.0,79.65],[-96.19,79.75],[-95.8,79.75],[-96.0,79.65]]}},{"type":"Feature","properties":{"level":1000},"geometry":{"type":"LineString","coordinates":[[-59.47,80.5],[-58.74,80.5],[-59.47,80.5]]}},{"type":"Feature","properties":{"level":1000},"geometry":{"type":"LineString","coordinates":[[-86.0,81.24],[-85.14,81.25],[-86.0,81.24]]}},{"type":"Feature","properties":{"level":1000},"geometry":{"type":"LineString","coordinates":[[-65.5,81.19],[-65.25,81.25],[-65.5,81.19]]}},{"type":"Feature","properties":{"level":1000},"geometry":{"type":"LineString","coordinates":[[-39.5,81.19],[-39.73,81.25],[-38.42,81.25],[-39.5,81.19]]}},{"type":"Feature","properties":{"level":1000},"geometry":{"type":"LineString","coordinates":[[-71.75,81.74],[-71.21,81.75],[-71.75,81.74]]}},{"type":"Feature","properties":{"level":1000},"geometry":{"type":"LineString","coordinates":[[-56.25,82.49],[-56.12,82.75],[-54.5,83.0],[-53.61,82.5],[-56.25,82.49]]}},{"type":"Feature","properties":{"level":1004},"geometry":{"type":"LineString","coordinates":[[180.0,-87.28],[171.5,-87.24],[165.75,-86.91],[149.0,-84.83],[147.37,-84.5],[147.21,-84.25],[147.38,-84.0],[145.51,-83.5],[144.75,-82.91],[141.15,-82.25],[141.1,-82.0],[142.38,-81.5],[142.27,-81.25],[141.25,-80.9],[132.58,-81.5],[133.37,-81.0],[135.84,-80.5],[140.25,-80.44],[143.25,-80.69],[147.09,-80.5],[153.25,-79.61],[153.62,-79.25],[153.59,-78.75],[153.99,-78.5],[155.75,-78.11],[157.5,-78.23],[157.98,-78.0],[157.75,-77.7],[154.57,-76.75],[152.49,-75.5],[152.38,-74.75],[151.75,-74.61],[147.25,-74.11],[144.5,-74.09],[127.25,-75.99],[115.75,-75.79],[107.75,-75.12],[105.75,-74.65],[103.25,-73.59],[101.5,-73.15],[96.25,-72.31],[93.75,-72.16],[92.0,-72.34],[85.75,-74.05],[83.0,-75.54],[79.75,-76.81],[78.5,-77.02],[70.5,-77.05],[65.5,-77.55],[62.75,-77.27],[61.0,-76.37],[58.05,-76.0],[52.5,-74.35],[47.6,-73.5],[41.75,-73.64],[37.0,-74.31],[29.0,-73.98],[24.25,-74.69],[23.25,-75.04],[18.85,-75.25],[20.25,-75.32],[21.55,-75.75],[21.77,-76.0],[21.58,-76.25],[20.48,-76.75],[20.76,-77.0],[31.33,-77.75],[30.0,-77.86],[28.89,-78.25],[22.0,-78.72],[17.39,-79.75],[17.48,-80.25],[18.35,-80.5],[18.72,-81.0],[20.05,-81.25],[19.5,-81.59],[10.75,-81.86],[2.5,-83.18],[-14.34,-84.75],[-21.94,-85.75],[-25.0,-85.82],[-29.0,-85.57],[-40.5,-86.06],[-53.75,-86.05],[-57.65,-86.25],[-60.49,-86.75],[-67.5,-86.88],[-88.0,-86.85],[-89.98,-86.75],[-82.75,-86.28],[-77.3,-86.25],[-84.0,-85.78],[-91.38,-85.75],[-95.18,-85.5],[-94.05,-84.75],[-92.95,-84.5],[-94.0,-84.32],[-100.75,-85.16],[-107.68,-85.25],[-101.0,-85.39],[-98.91,-85.75],[-100.61,-86.25],[-100.25,-86.41],[-93.34,-86.75],[-99.25,-86.83],[-103.0,-86.38],[-110.25,-86.55],[-114.51,-86.25],[-112.26,-85.75],[-114.75,-85.58],[-118.25,-85.71],[-119.0,-86.05],[-120.55,-86.25],[-117.52,-86.5],[-122.25,-86.84],[-125.28,-86.75],[-124.93,-87.0],[-125.07,-87.25],[-129.25,-87.4],[-135.41,-87.25],[-133.31,-87.0],[-135.5,-86.84],[-137.25,-86.98],[-137.56,-87.25],[-142.0,-87.36],[-147.0,-87.26],[-148.0,-86.96],[-151.0,-86.91],[-152.5,-87.35],[-154.25,-87.51],[-180.0,-87.28]]}},{"type":"Feature","properties":{"level":1004},"geometry":{"type":"LineString","coordinates":[[-137.2,-86.5],[-135.25,-86.69],[-126.75,-86.69],[-126.0,-86.6],[-125.57,-86.25],[-128.25,-86.13],[-137.2,-86.5]]}},{"type":"Feature","properties":{"level":1004},"geometry":{"type":"LineString","coordinates":[[-163.2,-86.25],[-161.34,-86.25],[-163.2,-86.25]]}},{"type":"Feature","properties":{"level":1004},"geometry":{"type":"LineString","coordinates":[[-86.05,-85.25],[-84.44,-85.25],[-86.05,-85.25]]}},{"type":"Feature","properties":{"level":1004},"geometry":{"type":"LineString","coordinates":[[133.46,-72.0],[134.16,-71.75],[132.5,-71.43],[131.57,-71.75],[133.46,-72.0]]}},{"type":"Feature","properties":{"level":1004},"geometry":{"type":"LineString","coordinates":[[-180.0,-57.1],[-177.0,-57.19],[-173.5,-56.93],[-170.75,-56.03],[-169.69,-55.0],[-169.28,-54.25],[-169.15,-53.25],[-169.12,-51.75],[-170.27,-50.0],[-168.01,-47.75],[-166.75,-46.92],[-164.5,-45.91],[-159.07,-44.0],[-156.0,-42.55],[-154.75,-42.33],[-150.25,-41.96],[-142.5,-41.94],[-138.25,-42.32],[-131.75,-42.42],[-128.5,-41.78],[-125.25,-40.32],[-124.0,-40.27],[-120.75,-40.71],[-118.25,-40.52],[-117.25,-40.22],[-112.75,-37.87],[-112.0,-37.84],[-109.75,-38.65],[-107.93,-40.0],[-107.44,-41.0],[-107.12,-43.25],[-106.48,-45.0],[-104.62,-47.25],[-103.25,-48.36],[-101.0,-49.71],[-99.0,-50.42],[-97.25,-49.7],[-92.75,-45.92],[-90.5,-44.43],[-87.0,-42.61],[-83.5,-41.22],[-80.25,-40.63],[-77.25,-40.82],[-74.58,-41.75],[-73.25,-42.59],[-72.5,-43.44],[-71.01,-42.5],[-70.75,-41.94],[-69.0,-42.2],[-67.0,-41.51],[-67.08,-40.75],[-66.53,-40.5],[-63.5,-39.79],[-62.0,-39.91],[-61.0,-40.35],[-60.95,-40.75],[-59.69,-42.5],[-59.27,-43.75],[-59.17,-45.5],[-59.67,-47.0],[-61.41,-49.5],[-63.88,-51.5],[-66.25,-52.7],[-70.76,-54.0],[-70.86,-54.5],[-68.88,-55.5],[-69.1,-56.0],[-70.53,-56.75],[-71.75,-57.04],[-78.0,-57.23],[-88.66,-58.75],[-93.0,-60.13],[-94.21,-61.25],[-94.62,-62.5],[-94.37,-64.25],[-93.84,-65.5],[-91.75,-67.97],[-89.6,-70.0],[-89.22,-70.75],[-88.63,-72.5],[-89.36,-73.0],[-89.01,-73.5],[-89.0,-74.52],[-87.75,-74.7],[-85.75,-74.38],[-84.25,-74.83],[-78.75,-74.34],[-75.5,-74.74],[-72.0,-74.51],[-68.5,-74.67],[-64.31,-73.75],[-63.39,-72.75],[-63.58,-71.75],[-62.48,-71.25],[-63.62,-70.5],[-63.43,-69.75],[-65.56,-68.5],[-65.77,-68.0],[-65.42,-67.0],[-63.06,-65.75],[-62.22,-65.0],[-59.25,-64.15],[-57.86,-63.5],[-57.34,-63.0],[-49.75,-61.0],[-45.5,-59.34],[-44.7,-58.75],[-43.7,-56.75],[-43.41,-53.5],[-42.34,-49.0],[-41.26,-46.25],[-39.5,-44.25],[-33.03,-41.0],[-31.25,-39.69],[-26.5,-37.07],[-19.75,-35.03],[-16.25,-34.79],[-14.0,-35.23],[-13.75,-34.97],[-12.0,-35.19],[-9.25,-36.66],[-6.24,-39.0],[-3.0,-42.76],[-0.89,-46.5],[-0.48,-48.25],[-0.41,-50.0],[-0.1,-50.75],[-0.11,-51.75],[0.56,-53.5],[2.0,-54.59],[5.25,-55.44],[7.25,-55.51],[11.5,-55.01],[19.0,-53.3],[22.0,-52.86],[30.5,-52.25],[31.75,-51.83],[32.25,-51.27],[37.25,-53.02],[40.75,-53.8],[44.0,-53.96],[47.75,-53.58],[64.25,-50.33],[68.75,-49.72],[69.25,-49.03],[70.0,-49.42],[70.25,-49.14],[73.0,-49.01],[76.75,-48.38],[92.5,-44.32],[97.75,-43.71],[100.25,-43.68],[107.0,-44.35],[113.0,-45.85],[117.75,-47.58],[126.25,-51.54],[137.25,-55.96],[143.0,-57.99],[150.25,-59.6],[155.25,-59.92],[158.0,-59.82],[163.5,-59.11],[175.25,-56.94],[180.0,-57.1]]}},{"type":"Feature","properties":{"level":1004},"geometry":{"type":"LineString","coordinates":[[-63.25,-33.75],[-65.0,-33.4],[-65.5,-33.08],[-66.5,-33.68],[-67.75,-33.54],[-68.47,-33.0],[-68.41,-32.5],[-68.67,-32.25],[-68.81,-31.5],[-68.76,-30.25],[-68.5,-29.45],[-68.0,-29.47],[-67.75,-29.9],[-67.54,-29.75],[-67.5,-29.0],[-67.25,-29.2],[-66.94,-29.0],[-66.95,-28.5],[-67.5,-28.62],[-67.53,-28.25],[-67.0,-27.48],[-66.25,-27.61],[-66.22,-28.5],[-65.86,-28.5],[-65.85,-27.5],[-65.42,-26.75],[-65.5,-26.25],[-64.28,-24.75],[-64.09,-24.0],[-64.25,-23.66],[-63.67,-22.0],[-63.25,-21.26],[-63.0,-21.44],[-62.5,-20.93],[-61.51,-21.75],[-61.35,-22.25],[-61.16,-23.5],[-61.46,-25.0],[-61.23,-25.5],[-61.64,-26.0],[-61.67,-26.75],[-62.29,-27.5],[-62.28,-28.0],[-62.83,-28.5],[-62.85,-29.75],[-63.25,-29.99],[-63.75,-29.62],[-64.11,-30.25],[-64.0,-30.94],[-63.22,-32.0],[-63.5,-33.25],[-63.21,-33.5],[-63.25,-33.75]]}},{"type":"Feature","properties":{"level":1004},"geometry":{"type":"LineString","coordinates":[[-65.13,-31.5],[-64.75,-31.65],[-64.35,-30.75],[-65.25,-30.99],[-65.13,-31.5]]}},{"type":"Feature","properties":{"level":1004},"geometry":{"type":"LineString","coordinates":[[-63.75,-30.62],[-63.93,-30.5],[-63.81,-30.25],[-63.5,-30.24],[-63.47,-30.5],[-63.75,-30.62]]}},{"type":"Feature","properties":{"level":1004},"geometry":{"type":"LineString","coordinates":[[143.5,14.2],[140.36,15.25],[138.84,16.75],[138.14,18.75],[138.22,20.5],[139.5,22.42],[140.75,23.69],[143.0,24.72],[145.25,25.27],[145.5,24.95],[149.07,23.5],[150.4,21.0],[150.72,19.5],[150.69,18.25],[150.48,17.5],[149.8,16.5],[147.5,14.69],[145.0,14.02],[143.5,14.2]]}},{"type":"Feature","properties":{"level":1004},"geometry":{"type":"LineString","coordinates":[[-112.25,16.94],[-113.52,17.75],[-114.23,19.0],[-114.26,19.75],[-114.0,20.61],[-113.25,21.54],[-112.5,21.94],[-111.75,21.95],[-109.75,21.11],[-109.36,20.75],[-108.97,19.75],[-109.35,18.25],[-110.07,17.25],[-111.0,16.8],[-112.25,16.94]]}},{"type":"Feature","properties":{"level":1004},"geometry":{"type":"LineString","coordinates":[[-169.75,21.21],[-170.78,22.25],[-170.67,23.5],[-170.0,24.3],[-168.5,24.62],[-167.75,24.16],[-167.27,23.5],[-167.3,22.25],[-167.73,21.5],[-168.25,21.21],[-169.75,21.21]]}},{"type":"Feature","properties":{"level":1004},"geometry":{"type":"LineString","coordinates":[[-156.75,45.25],[-163.0,45.85],[-163.75,46.1],[-166.29,49.0],[-166.03,50.0],[-165.06,51.75],[-163.75,52.86],[-160.0,54.29],[-156.25,56.26],[-154.0,57.06],[-150.75,57.47],[-148.5,57.43],[-147.4,57.25],[-145.72,56.25],[-145.25,55.25],[-145.43,53.75],[-146.25,51.91],[-147.7,50.25],[-149.25,49.02],[-151.0,48.22],[-152.0,46.7],[-154.75,45.61],[-156.75,45.25]]}},{"type":"Feature","properties":{"level":1004},"geometry":{"type":"LineString","coordinates":[[180.0,46.19],[174.5,46.54],[169.25,45.81],[165.0,45.54],[159.0,45.67],[155.75,46.16],[152.93,47.75],[151.5,49.23],[150.25,51.19],[148.75,54.7],[148.25,55.35],[144.5,57.77],[141.25,58.63],[140.98,59.0],[141.28,59.75],[141.05,60.25],[141.71,61.25],[141.32,62.25],[140.25,62.94],[139.0,63.18],[138.5,63.01],[137.0,63.14],[135.58,62.5],[134.0,62.28],[131.25,62.9],[129.16,63.75],[128.81,64.5],[130.46,64.75],[130.76,65.0],[129.59,65.75],[129.94,66.0],[129.5,66.33],[127.25,67.25],[127.01,68.25],[126.75,68.33],[120.0,68.16],[111.25,68.64],[100.75,70.43],[94.75,71.97],[90.35,73.75],[89.25,75.5],[89.13,77.25],[89.53,78.25],[90.66,79.25],[94.5,80.43],[96.75,80.62],[101.0,81.44],[110.5,82.2],[120.5,82.43],[131.5,82.14],[142.25,81.34],[149.5,80.32],[154.0,78.97],[161.25,75.81],[163.25,75.47],[164.91,74.75],[165.15,74.25],[164.13,73.75],[163.79,73.0],[164.13,72.25],[163.79,72.0],[163.74,71.0],[165.95,69.75],[165.29,69.5],[162.46,69.25],[162.75,68.87],[163.75,69.08],[165.5,67.82],[166.5,67.75],[166.22,67.25],[166.5,66.86],[167.25,66.5],[166.5,66.28],[166.32,66.0],[166.7,65.75],[166.75,65.24],[165.99,65.25],[164.23,64.5],[164.96,63.75],[164.9,63.5],[165.5,63.16],[168.63,63.75],[170.11,63.0],[169.0,62.0],[170.5,62.01],[170.94,61.5],[172.0,61.05],[173.75,61.02],[175.5,60.54],[177.75,59.7],[180.0,58.5]]}},{"type":"Feature","properties":{"level":1004},"geometry":{"type":"LineString","coordinates":[[-56.25,48.73],[-56.39,49.25],[-56.0,49.62],[-55.75,49.09],[-55.25,49.3],[-54.92,49.0],[-56.25,48.73]]}},{"type":"Feature","properties":{"level":1004},"geometry":{"type":"LineString","coordinates":[[-51.75,50.69],[-52.71,51.75],[-51.75,52.23],[-51.1,52.25],[-51.34,53.25],[-51.08,53.5],[-51.5,53.65],[-62.5,55.95],[-63.75,56.04],[-66.0,56.69],[-72.25,56.86],[-80.5,57.85],[-83.0,58.56],[-86.71,60.5],[-89.56,62.5],[-91.71,64.75],[-93.13,66.75],[-97.3,70.0],[-100.56,75.0],[-100.42,75.5],[-100.89,75.75],[-100.44,76.0],[-100.36,76.75],[-101.12,77.75],[-101.02,78.0],[-101.24,78.25],[-100.38,78.75],[-100.0,79.27],[-98.0,79.97],[-95.75,80.31],[-92.12,80.25],[-91.57,80.75],[-91.73,81.0],[-91.58,81.25],[-91.89,81.5],[-90.75,81.71],[-88.75,81.85],[-86.0,81.64],[-78.5,81.65],[-77.98,81.75],[-78.0,82.02],[-74.75,81.92],[-69.25,82.56],[-66.0,82.48],[-63.78,83.0],[-64.34,83.5],[-63.62,84.0],[-57.21,84.75],[-37.75,85.8],[-8.0,86.44],[22.0,86.17],[35.75,85.57],[47.0,84.77],[58.25,83.6],[62.87,82.75],[65.67,81.75],[66.17,81.25],[66.1,80.75],[66.71,79.75],[66.56,78.75],[66.17,78.25],[65.54,77.75],[64.75,77.52],[62.25,77.15],[54.25,76.93],[49.0,76.99],[37.0,78.11],[31.25,78.4],[23.25,77.91],[21.25,78.33],[19.25,78.15],[16.43,79.0],[14.92,78.75],[15.03,78.5],[14.78,78.25],[13.75,78.05],[12.75,76.78],[10.55,75.25],[10.0,75.24],[8.16,74.25],[4.07,72.75],[-1.5,70.19],[-5.93,67.25],[-10.82,64.75],[-13.5,63.99],[-15.75,63.76],[-16.25,63.77],[-16.32,64.0],[-15.25,64.51],[-18.0,64.25],[-18.0,63.86],[-17.09,63.75],[-17.12,63.5],[-19.33,61.75],[-28.25,57.21],[-32.5,55.66],[-40.0,53.89],[-46.25,51.98],[-49.0,51.95],[-49.5,51.29],[-50.5,50.64],[-51.25,50.5],[-51.75,50.69]]}},{"type":"Feature","properties":{"level":1004},"geometry":{"type":"LineString","coordinates":[[-53.25,50.93],[-54.0,51.22],[-53.93,51.5],[-53.5,51.56],[-52.58,51.0],[-53.25,50.93]]}},{"type":"Feature","properties":{"level":1004},"geometry":{"type":"LineString","coordinates":[[-180.0,58.5],[-177.06,56.25],[-175.67,54.5],[-174.94,52.75],[-175.75,50.08],[-177.48,47.5],[-179.0,46.36],[-180.0,46.19]]}},{"type":"Feature","properties":{"level":1004},"geometry":{"type":"LineString","coordinates":[[161.94,63.25],[163.24,63.25],[164.2,64.0],[164.0,64.15],[163.75,63.85],[161.94,63.25]]}},{"type":"Feature","properties":{"level":1004},"geometry":{"type":"LineString","coordinates":[[-43.55,63.5],[-42.7,64.0],[-42.56,64.5],[-42.75,64.75],[-43.25,64.9],[-43.75,64.7],[-44.75,65.07],[-45.43,64.75],[-45.23,64.25],[-44.0,64.13],[-43.53,63.75],[-43.55,63.5]]}},{"type":"Feature","properties":{"level":1004},"geometry":{"type":"LineString","coordinates":[[0.75,63.72],[0.83,64.0],[0.5,64.14],[0.2,64.75],[0.35,65.25],[1.5,65.63],[2.77,65.0],[1.29,64.0],[1.5,63.71],[1.0,63.52],[0.75,63.72]]}},{"type":"Feature","properties":{"level":1004},"geometry":{"type":"LineString","coordinates":[[0.94,64.25],[1.0,64.1],[1.18,64.25],[0.94,64.25]]}},{"type":"Feature","properties":{"level":1004},"geometry":{"type":"LineString","coordinates":[[-42.64,65.75],[-41.73,65.75],[-41.38,66.75],[-40.71,67.5],[-38.75,68.08],[-36.25,67.47],[-35.73,68.0],[-32.75,69.25],[-30.75,69.34],[-30.25,69.04],[-29.16,69.25],[-29.13,69.5],[-29.5,69.62],[-30.25,69.51],[-30.58,69.75],[-30.54,70.0],[-31.09,70.25],[-30.42,70.75],[-30.21,71.25],[-30.61,71.75],[-30.19,72.5],[-30.32,72.75],[-28.67,73.5],[-28.82,73.75],[-28.54,74.0],[-29.0,74.02],[-30.5,73.37],[-30.92,73.5],[-28.13,75.0],[-27.96,75.25],[-28.49,75.75],[-28.68,76.5],[-33.81,78.0],[-38.3,79.0],[-44.0,79.58],[-51.19,79.5],[-57.42,78.25],[-59.11,77.5],[-53.25,76.57],[-50.0,75.38],[-47.88,74.25],[-45.5,73.85],[-41.95,73.75],[-41.06,73.0],[-40.98,71.5],[-42.75,70.91],[-43.0,70.5],[-44.0,70.09],[-44.23,69.75],[-43.31,67.25],[-43.4,66.25],[-42.64,65.75]]}},{"type":"Feature","properties":{"level":1008},"geometry":{"type":"LineString","coordinates":[[180.0,-87.51],[168.5,-87.29],[156.25,-86.4],[142.94,-85.0],[141.79,-84.75],[142.39,-84.25],[141.98,-84.0],[136.75,-83.5],[135.81,-83.25],[135.0,-82.71],[133.25,-82.29],[127.25,-82.33],[122.64,-82.0],[122.85,-81.75],[124.25,-81.54],[130.25,-81.32],[134.5,-80.36],[137.5,-80.03],[143.25,-80.43],[145.75,-80.37],[151.0,-79.3],[152.3,-78.25],[154.35,-77.5],[152.0,-76.57],[149.29,-75.0],[147.0,-74.79],[142.0,-74.87],[128.5,-76.15],[111.0,-75.89],[107.15,-75.5],[100.5,-73.3],[95.0,-72.5],[92.75,-72.65],[88.43,-74.0],[86.0,-75.12],[84.71,-76.0],[80.82,-77.25],[78.5,-77.44],[70.75,-77.41],[64.25,-78.32],[61.8,-78.0],[59.81,-76.75],[56.25,-76.21],[54.0,-75.62],[53.0,-75.11],[49.75,-74.56],[43.25,-74.28],[36.75,-74.63],[33.25,-74.47],[25.0,-74.74],[25.19,-75.25],[22.49,-75.5],[24.78,-76.0],[24.28,-76.5],[26.0,-76.94],[35.02,-77.25],[35.87,-77.5],[32.75,-78.58],[24.17,-79.25],[22.75,-79.65],[22.31,-80.0],[22.86,-80.5],[25.37,-81.5],[27.38,-82.0],[27.1,-82.25],[24.25,-82.43],[15.75,-82.29],[8.25,-83.33],[-12.25,-85.6],[-19.25,-86.11],[-33.54,-86.25],[-47.25,-87.04],[-79.5,-87.46],[-98.25,-88.06],[-105.75,-88.05],[-119.25,-87.54],[-146.5,-87.57],[-161.75,-87.75],[-155.44,-88.0],[-165.75,-88.25],[-173.5,-88.05],[-174.26,-88.0],[-174.02,-87.75],[-176.0,-87.58],[-180.0,-87.51]]}},{"type":"Feature","properties":{"level":1008},"geometry":{"type":"LineString","coordinates":[[-118.12,-87.0],[-108.5,-87.12],[-105.25,-87.01],[-104.13,-86.75],[-114.0,-86.55],[-118.12,-87.0]]}},{"type":"Feature","properties":{"level":1008},"geometry":{"type":"LineString","coordinates":[[-134.89,-86.5],[-128.75,-86.55],[-127.72,-86.5],[-127.57,-86.25],[-134.89,-86.5]]}},{"type":"Feature","properties":{"level":1008},"geometry":{"type":"LineString","coordinates":[[-119.67,-86.25],[-116.5,-86.32],[-113.55,-85.75],[-117.39,-85.75],[-119.67,-86.25]]}},{"type":"Feature","properties":{"level":1008},"geometry":{"type":"LineString","coordinates":[[-98.02,-86.25],[-89.94,-86.0],[-95.5,-85.74],[-96.75,-85.18],[-99.98,-85.25],[-98.09,-85.75],[-98.02,-86.25]]}},{"type":"Feature","properties":{"level":1008},"geometry":{"type":"LineString","coordinates":[[-105.82,-85.25],[-103.58,-85.25],[-105.82,-85.25]]}},{"type":"Feature","properties":{"level":1008},"geometry":{"type":"LineString","coordinates":[[-97.72,-84.75],[-95.34,-84.75],[-97.72,-84.75]]}},{"type":"Feature","properties":{"level":1008},"geometry":{"type":"LineString","coordinates":[[-70.85,-74.5],[-68.98,-74.5],[-66.95,-74.0],[-66.75,-73.54],[-65.37,-73.75],[-64.96,-73.25],[-67.5,-72.89],[-72.14,-73.5],[-71.87,-73.75],[-72.23,-74.25],[-70.85,-74.5]]}},{"type":"Feature","properties":{"level":1008},"geometry":{"type":"LineString","coordinates":[[-77.48,-74.25],[-74.19,-74.25],[-73.61,-73.75],[-76.0,-73.99],[-77.0,-73.65],[-78.75,-73.61],[-77.48,-74.25]]}},{"type":"Feature","properties":{"level":1008},"geometry":{"type":"LineString","coordinates":[[-180.0,-56.17],[-175.96,-56.0],[-174.5,-55.7],[-172.91,-55.0],[-172.0,-53.98],[-171.61,-53.0],[-171.52,-51.5],[-171.98,-49.75],[-171.5,-48.46],[-167.0,-45.51],[-158.98,-41.75],[-155.5,-41.09],[-151.75,-40.76],[-136.75,-40.25],[-131.5,-39.85],[-127.0,-38.54],[-123.25,-38.35],[-120.25,-37.87],[-115.3,-36.0],[-113.75,-34.83],[-112.25,-34.62],[-111.75,-34.84],[-111.98,-34.25],[-111.75,-33.94],[-110.33,-34.5],[-110.29,-35.25],[-109.0,-36.27],[-107.87,-37.75],[-107.21,-38.25],[-105.55,-42.25],[-104.32,-44.25],[-101.89,-46.25],[-100.0,-46.86],[-98.5,-46.62],[-96.0,-45.73],[-90.02,-42.5],[-86.5,-40.96],[-82.25,-39.54],[-79.5,-39.22],[-76.75,-39.42],[-74.5,-40.02],[-73.5,-40.48],[-72.75,-41.15],[-72.0,-41.35],[-71.24,-40.5],[-71.2,-40.0],[-70.8,-39.75],[-70.5,-38.48],[-70.25,-39.19],[-69.25,-38.82],[-68.75,-38.88],[-68.34,-38.25],[-69.0,-37.6],[-69.45,-37.75],[-69.5,-38.05],[-69.75,-37.46],[-70.29,-38.0],[-69.75,-36.02],[-69.25,-36.66],[-68.8,-36.25],[-68.65,-35.75],[-69.25,-35.97],[-69.71,-35.5],[-69.32,-34.5],[-69.25,-32.95],[-68.99,-32.25],[-69.16,-31.25],[-68.96,-30.5],[-69.0,-30.32],[-69.25,-30.46],[-69.25,-30.18],[-69.0,-30.2],[-68.25,-28.51],[-68.0,-29.19],[-67.75,-29.26],[-67.59,-29.0],[-67.75,-27.15],[-67.25,-27.61],[-66.06,-26.25],[-66.38,-25.75],[-66.3,-25.25],[-65.7,-25.0],[-65.8,-24.75],[-64.86,-23.25],[-65.09,-22.75],[-64.95,-21.5],[-65.5,-21.91],[-65.62,-21.75],[-65.4,-21.5],[-65.62,-20.5],[-65.5,-20.22],[-65.25,-20.63],[-65.0,-20.58],[-64.67,-20.0],[-64.75,-19.56],[-63.63,-18.25],[-63.75,-17.74],[-65.5,-16.94],[-68.29,-13.5],[-68.25,-12.03],[-66.5,-11.52],[-64.5,-12.42],[-64.16,-12.25],[-64.5,-12.0],[-64.25,-11.89],[-63.25,-11.97],[-62.25,-12.85],[-61.75,-12.76],[-61.47,-13.0],[-61.55,-13.25],[-61.75,-13.42],[-62.5,-13.26],[-62.54,-13.5],[-62.17,-13.75],[-61.85,-14.75],[-62.25,-14.64],[-62.75,-14.97],[-62.66,-15.25],[-61.75,-16.21],[-61.5,-16.15],[-61.19,-15.5],[-61.32,-14.5],[-61.0,-14.43],[-59.79,-15.25],[-59.5,-16.15],[-58.75,-15.96],[-58.0,-16.59],[-57.41,-16.75],[-57.7,-17.5],[-58.5,-17.62],[-59.25,-17.36],[-59.64,-17.75],[-58.75,-18.31],[-58.0,-18.44],[-57.25,-18.1],[-56.75,-19.01],[-56.75,-19.68],[-57.13,-20.0],[-57.13,-21.5],[-56.5,-22.18],[-56.09,-23.25],[-56.3,-23.5],[-56.18,-23.75],[-56.53,-24.25],[-56.5,-24.83],[-57.25,-25.09],[-58.0,-26.0],[-58.21,-27.75],[-59.03,-29.25],[-59.29,-30.75],[-59.2,-32.5],[-59.38,-33.0],[-59.82,-33.25],[-59.89,-34.0],[-60.41,-34.75],[-60.5,-36.25],[-60.8,-37.0],[-62.0,-37.25],[-61.75,-37.55],[-61.07,-37.5],[-60.89,-38.0],[-60.22,-38.25],[-59.75,-39.18],[-58.81,-40.0],[-59.1,-40.25],[-58.75,-41.0],[-57.64,-42.25],[-57.56,-44.75],[-58.07,-47.25],[-59.5,-49.58],[-61.75,-51.74],[-64.5,-53.62],[-66.96,-54.5],[-66.38,-55.0],[-66.74,-55.25],[-67.42,-56.5],[-68.5,-57.28],[-71.75,-58.3],[-84.25,-59.74],[-86.89,-60.5],[-89.35,-62.0],[-90.04,-63.0],[-89.91,-64.5],[-87.75,-67.54],[-85.47,-70.0],[-83.42,-71.25],[-80.0,-71.84],[-74.25,-71.93],[-72.75,-71.73],[-70.75,-72.11],[-68.0,-71.91],[-67.43,-72.0],[-67.0,-72.55],[-65.75,-72.89],[-64.75,-72.94],[-64.25,-72.7],[-63.99,-72.5],[-64.09,-72.25],[-64.61,-72.0],[-63.57,-71.25],[-63.54,-71.0],[-64.32,-70.75],[-64.15,-69.75],[-66.0,-68.84],[-66.23,-68.0],[-66.01,-67.0],[-62.84,-65.25],[-63.0,-64.88],[-64.24,-64.5],[-64.25,-64.12],[-62.75,-63.19],[-50.2,-58.5],[-47.22,-56.75],[-46.17,-55.25],[-44.9,-50.5],[-43.78,-47.5],[-42.75,-45.5],[-41.44,-44.0],[-38.25,-41.71],[-35.17,-40.25],[-28.48,-36.0],[-24.25,-34.33],[-19.0,-32.9],[-18.5,-33.09],[-16.0,-33.1],[-15.25,-32.76],[-12.75,-33.39],[-8.75,-35.84],[-7.91,-36.0],[-6.58,-37.0],[-5.71,-38.25],[-3.49,-40.5],[-0.4,-45.0],[0.34,-46.5],[1.05,-49.5],[2.5,-52.25],[3.73,-53.25],[5.25,-53.6],[8.0,-53.73],[10.5,-53.54],[20.5,-51.87],[29.25,-50.99],[30.67,-50.5],[31.5,-49.95],[36.5,-51.68],[40.5,-52.65],[45.5,-52.82],[49.96,-52.25],[57.0,-50.69],[66.5,-48.98],[68.25,-48.83],[68.75,-49.06],[69.25,-48.55],[71.0,-48.46],[76.5,-47.47],[87.25,-44.4],[93.5,-43.07],[96.75,-42.65],[100.25,-42.58],[106.0,-43.14],[113.5,-44.88],[117.25,-46.17],[126.25,-50.14],[131.25,-52.02],[138.5,-54.5],[139.75,-54.7],[142.75,-55.87],[151.75,-58.01],[155.0,-58.35],[158.25,-58.37],[163.25,-57.99],[168.75,-56.9],[174.75,-56.08],[180.0,-56.17]]}},{"type":"Feature","properties":{"level":1008},"geometry":{"type":"LineString","coordinates":[[-66.17,-38.5],[-65.5,-38.56],[-65.01,-37.5],[-65.12,-36.75],[-65.75,-36.22],[-67.0,-36.06],[-67.5,-36.23],[-67.82,-36.75],[-66.17,-38.5]]}},{"type":"Feature","properties":{"level":1008},"geometry":{"type":"LineString","coordinates":[[-63.26,-35.75],[-62.99,-35.75],[-63.25,-35.38],[-63.26,-35.75]]}},{"type":"Feature","properties":{"level":1008},"geometry":{"type":"LineString","coordinates":[[-109.5,-33.0],[-110.5,-32.48],[-110.77,-32.0],[-110.63,-31.25],[-109.5,-31.07],[-108.5,-31.32],[-107.79,-32.0],[-108.0,-32.41],[-108.5,-32.4],[-108.75,-32.84],[-109.5,-33.0]]}},{"type":"Feature","properties":{"level":1008},"geometry":{"type":"LineString","coordinates":[[-60.36,-18.0],[-59.97,-18.0],[-60.36,-18.0]]}},{"type":"Feature","properties":{"level":1008},"geometry":{"type":"LineString","coordinates":[[-61.07,-16.5],[-60.6,-16.5],[-61.07,-16.5]]}},{"type":"Feature","properties":{"level":1008},"geometry":{"type":"LineString","coordinates":[[-59.5,-9.57],[-59.5,-9.41],[-59.5,-9.57]]}},{"type":"Feature","properties":{"level":1008},"geometry":{"type":"LineString","coordinates":[[-62.5,-8.77],[-62.72,-8.5],[-62.32,-8.25],[-62.38,-7.75],[-62.75,-7.35],[-63.23,-7.25],[-63.21,-6.75],[-63.63,-6.25],[-63.05,-5.5],[-63.29,-4.75],[-62.59,-3.0],[-63.0,-2.5],[-62.78,-2.25],[-62.0,-1.6],[-61.5,-1.47],[-60.61,-1.75],[-60.53,-2.25],[-60.52,-2.5],[-61.25,-2.75],[-61.32,-3.0],[-60.75,-3.1],[-60.5,-2.78],[-59.75,-2.83],[-59.0,-3.2],[-56.75,-2.02],[-56.0,-1.84],[-55.49,-2.0],[-56.25,-2.28],[-56.38,-2.75],[-56.04,-3.25],[-56.85,-3.5],[-57.01,-3.75],[-56.87,-4.25],[-57.5,-4.72],[-58.0,-4.67],[-58.5,-5.5],[-59.0,-5.46],[-59.5,-5.8],[-60.5,-5.45],[-60.71,-5.75],[-60.65,-6.25],[-60.04,-6.75],[-60.39,-7.5],[-59.39,-8.0],[-59.5,-8.59],[-60.5,-8.93],[-61.5,-7.93],[-61.63,-8.75],[-62.0,-8.96],[-62.5,-8.77]]}},{"type":"Feature","properties":{"level":1008},"geometry":{"type":"LineString","coordinates":[[-59.0,-7.61],[-59.37,-6.75],[-59.0,-6.63],[-58.69,-7.25],[-59.0,-7.61]]}},{"type":"Feature","properties":{"level":1008},"geometry":{"type":"LineString","coordinates":[[-61.99,-6.25],[-61.75,-6.43],[-60.83,-6.0],[-62.25,-5.21],[-62.25,-5.5],[-61.75,-5.75],[-62.19,-6.0],[-61.99,-6.25]]}},{"type":"Feature","properties":{"level":1008},"geometry":{"type":"LineString","coordinates":[[-62.53,-6.0],[-62.5,-6.19],[-62.53,-6.0]]}},{"type":"Feature","properties":{"level":1008},"geometry":{"type":"LineString","coordinates":[[-56.5,-4.31],[-56.5,-4.0],[-56.15,-4.25],[-56.5,-4.31]]}},{"type":"Feature","properties":{"level":1008},"geometry":{"type":"LineString","coordinates":[[-62.25,-3.5],[-62.0,-3.52],[-61.91,-3.25],[-62.25,-3.5]]}},{"type":"Feature","properties":{"level":1008},"geometry":{"type":"LineString","coordinates":[[-55.25,-3.47],[-55.41,-3.25],[-55.25,-3.03],[-55.25,-3.47]]}},{"type":"Feature","properties":{"level":1008},"geometry":{"type":"LineString","coordinates":[[169.75,7.18],[169.0,7.37],[167.74,8.25],[168.09,8.75],[167.95,9.75],[168.25,10.1],[169.0,9.86],[170.53,8.75],[170.56,8.0],[170.19,7.75],[170.25,7.34],[169.75,7.18]]}},{"type":"Feature","properties":{"level":1008},"geometry":{"type":"LineString","coordinates":[[-71.75,9.42],[-72.5,9.95],[-72.05,10.75],[-71.99,11.5],[-70.75,11.74],[-70.31,11.25],[-71.08,10.5],[-71.0,9.56],[-71.75,9.42]]}},{"type":"Feature","properties":{"level":1008},"geometry":{"type":"LineString","coordinates":[[140.5,10.5],[140.25,10.77],[140.0,10.55],[139.0,10.84],[137.5,10.57],[135.75,10.88],[135.0,11.18],[134.5,11.69],[133.0,11.83],[132.0,12.51],[131.5,12.4],[131.34,13.5],[130.75,13.63],[130.5,14.05],[130.0,14.07],[129.75,14.56],[129.25,14.57],[128.75,15.08],[129.57,18.0],[129.25,18.83],[130.0,18.96],[130.38,18.75],[131.83,20.75],[133.38,22.0],[134.0,23.06],[136.41,25.0],[141.5,27.43],[142.75,27.35],[146.5,27.73],[149.34,26.75],[151.17,25.5],[151.81,24.75],[152.56,23.75],[152.5,23.16],[152.87,22.5],[152.94,21.5],[152.65,20.25],[152.93,18.25],[151.21,14.25],[150.0,13.13],[148.0,12.02],[146.25,11.57],[145.75,11.18],[145.0,10.97],[144.5,11.14],[143.0,10.64],[141.25,10.84],[140.5,10.5]]}},{"type":"Feature","properties":{"level":1008},"geometry":{"type":"LineString","coordinates":[[-74.75,11.18],[-74.92,11.5],[-74.75,11.67],[-74.33,11.5],[-74.75,11.18]]}},{"type":"Feature","properties":{"level":1008},"geometry":{"type":"LineString","coordinates":[[-115.5,12.83],[-115.74,13.0],[-115.5,13.16],[-115.33,13.0],[-115.5,12.83]]}},{"type":"Feature","properties":{"level":1008},"geometry":{"type":"LineString","coordinates":[[-114.5,13.23],[-115.25,13.75],[-116.25,16.35],[-117.44,18.0],[-117.88,21.0],[-117.82,22.0],[-116.03,25.5],[-116.25,26.0],[-115.81,28.0],[-116.46,28.25],[-116.66,29.0],[-116.5,30.09],[-116.25,30.25],[-116.0,29.82],[-115.5,29.82],[-114.0,28.88],[-113.76,28.25],[-113.24,28.0],[-113.17,27.5],[-112.73,27.25],[-112.7,26.75],[-111.5,25.91],[-112.39,27.5],[-112.77,27.75],[-112.85,28.25],[-113.56,29.25],[-113.44,29.5],[-113.75,29.41],[-114.51,30.0],[-114.79,31.75],[-114.0,31.93],[-112.75,31.14],[-112.64,30.0],[-112.25,29.56],[-110.75,29.26],[-110.78,28.75],[-110.25,28.69],[-109.63,28.25],[-109.5,27.64],[-109.04,27.25],[-109.1,27.0],[-108.5,26.65],[-107.25,23.83],[-105.99,23.0],[-105.26,22.0],[-105.21,21.25],[-105.33,20.75],[-105.66,20.5],[-105.98,18.0],[-106.5,17.31],[-106.5,16.81],[-106.88,16.75],[-108.5,15.11],[-110.0,14.24],[-111.25,14.01],[-112.5,13.38],[-114.5,13.23]]}},{"type":"Feature","properties":{"level":1008},"geometry":{"type":"LineString","coordinates":[[-98.75,15.67],[-98.75,16.08],[-97.97,16.0],[-98.75,15.67]]}},{"type":"Feature","properties":{"level":1008},"geometry":{"type":"LineString","coordinates":[[-87.5,16.0],[-86.75,16.55],[-86.5,16.46],[-86.85,16.0],[-87.5,16.0]]}},{"type":"Feature","properties":{"level":1008},"geometry":{"type":"LineString","coordinates":[[-87.25,16.57],[-87.25,16.91],[-86.92,16.75],[-87.25,16.57]]}},{"type":"Feature","properties":{"level":1008},"geometry":{"type":"LineString","coordinates":[[-171.5,17.67],[-173.25,18.38],[-174.0,19.67],[-173.92,21.0],[-173.5,21.5],[-172.84,23.5],[-172.0,24.53],[-171.0,25.08],[-169.25,25.54],[-167.37,25.25],[-166.25,24.05],[-165.88,23.25],[-165.74,21.25],[-166.07,20.25],[-166.97,19.0],[-167.75,18.36],[-170.25,17.63],[-171.5,17.67]]}},{"type":"Feature","properties":{"level":1008},"geometry":{"type":"LineString","coordinates":[[-109.84,23.25],[-109.63,23.5],[-110.0,23.81],[-110.07,23.5],[-109.84,23.25]]}},{"type":"Feature","properties":{"level":1008},"geometry":{"type":"LineString","coordinates":[[-113.4,29.25],[-113.17,29.25],[-113.4,29.25]]}},{"type":"Feature","properties":{"level":1008},"geometry":{"type":"LineString","coordinates":[[-116.5,30.65],[-116.91,31.0],[-116.75,31.5],[-116.33,31.25],[-116.25,30.66],[-116.5,30.65]]}},{"type":"Feature","properties":{"level":1008},"geometry":{"type":"LineString","coordinates":[[180.0,44.15],[179.0,44.08],[174.0,44.98],[164.75,44.29],[158.0,44.63],[155.25,45.29],[153.6,46.0],[150.78,48.0],[147.9,51.0],[145.36,54.25],[144.23,55.25],[141.62,56.5],[139.3,57.25],[139.2,57.5],[139.54,58.0],[138.67,58.75],[138.69,59.0],[137.43,59.75],[137.65,60.25],[137.0,60.66],[136.5,60.82],[134.5,60.57],[132.75,60.78],[129.75,61.49],[127.88,62.25],[128.06,62.75],[127.02,63.75],[127.12,64.5],[127.82,64.75],[127.84,65.0],[127.29,65.25],[118.5,67.02],[110.5,67.79],[98.75,69.91],[92.0,71.75],[87.25,73.33],[85.47,74.25],[82.3,76.5],[80.25,77.44],[78.5,77.81],[74.0,78.23],[68.69,76.75],[60.25,75.51],[60.1,75.75],[58.5,75.87],[48.0,75.37],[40.16,76.0],[28.25,76.52],[23.5,76.48],[18.55,76.0],[10.5,72.69],[4.9,70.0],[4.81,69.5],[5.25,69.3],[5.25,69.08],[4.95,68.0],[4.3,67.0],[4.78,65.0],[4.19,64.0],[3.06,63.0],[2.75,62.27],[0.75,62.64],[-1.75,63.61],[-4.25,64.22],[-13.75,62.15],[-21.75,59.02],[-28.75,55.87],[-40.0,52.29],[-45.5,49.97],[-51.5,47.83],[-52.75,47.1],[-54.0,47.05],[-55.75,46.17],[-58.5,45.83],[-59.29,46.25],[-58.94,46.5],[-59.25,47.27],[-60.75,48.59],[-61.59,50.0],[-61.8,51.25],[-61.35,52.0],[-61.63,52.5],[-63.0,53.39],[-68.25,55.36],[-75.75,55.96],[-82.75,57.16],[-86.79,58.5],[-90.0,60.16],[-93.37,62.75],[-96.73,66.25],[-99.59,68.25],[-102.89,71.75],[-104.76,75.0],[-104.45,75.25],[-104.59,75.75],[-104.42,76.25],[-104.79,77.0],[-104.75,78.0],[-104.16,78.75],[-102.5,79.91],[-96.5,81.9],[-92.5,82.66],[-83.97,83.75],[-76.52,85.25],[-68.5,86.1],[-57.75,86.81],[-33.5,87.65],[4.25,87.92],[21.75,87.84],[39.0,87.42],[51.25,86.76],[62.75,85.68],[70.5,84.61],[77.25,83.24],[83.25,82.49],[99.75,83.31],[114.75,83.72],[123.75,83.65],[145.75,82.93],[155.25,83.01],[156.29,82.75],[156.21,82.5],[154.83,82.0],[155.2,81.75],[161.19,79.75],[166.5,78.49],[170.73,75.5],[171.61,73.75],[171.87,72.75],[172.25,72.3],[178.0,69.75],[177.75,69.51],[175.63,69.25],[175.61,69.0],[174.53,68.5],[174.58,66.25],[174.26,65.5],[174.5,65.23],[175.5,65.26],[176.17,65.0],[177.13,63.75],[176.0,63.17],[175.53,62.75],[175.67,62.5],[177.0,62.3],[180.0,60.76]]}},{"type":"Feature","properties":{"level":1008},"geometry":{"type":"LineString","coordinates":[[63.5,54.09],[62.76,55.0],[62.9,56.25],[62.63,57.0],[61.25,56.85],[59.75,57.25],[59.25,57.1],[58.25,57.26],[58.42,57.5],[59.5,57.68],[61.5,57.73],[63.12,57.25],[63.75,56.54],[64.0,56.48],[64.25,57.03],[66.01,56.5],[66.92,55.5],[66.95,55.25],[63.5,54.09]]}},{"type":"Feature","properties":{"level":1008},"geometry":{"type":"LineString","coordinates":[[-180.0,60.76],[-171.75,55.48],[-170.25,54.95],[-167.5,54.91],[-165.0,55.42],[-159.0,57.39],[-157.5,57.42],[-156.75,57.07],[-155.5,57.64],[-149.75,58.21],[-146.75,57.89],[-145.08,57.25],[-143.55,55.5],[-143.27,54.5],[-144.23,52.0],[-146.01,49.25],[-147.5,47.54],[-148.36,47.0],[-148.38,46.5],[-149.0,46.01],[-149.38,44.75],[-150.4,44.25],[-152.25,42.02],[-152.5,42.37],[-158.0,42.61],[-164.5,44.57],[-166.99,46.0],[-167.75,46.92],[-169.01,47.5],[-170.63,49.25],[-170.75,49.83],[-172.0,49.72],[-172.5,49.24],[-174.25,48.36],[-177.25,45.3],[-178.5,44.6],[-180.0,44.15]]}},{"type":"Feature","properties":{"level":1008},"geometry":{"type":"LineString","coordinates":[[-35.81,68.25],[-35.4,68.25],[-34.92,68.75],[-33.5,69.42],[-31.85,69.5],[-32.86,69.75],[-31.1,70.75],[-30.9,71.25],[-31.31,72.0],[-31.16,72.5],[-31.68,73.5],[-29.72,74.75],[-29.71,75.0],[-30.5,75.78],[-31.26,76.25],[-36.25,77.51],[-43.5,78.82],[-47.5,78.83],[-47.89,78.75],[-47.71,78.5],[-49.22,77.75],[-48.99,77.0],[-47.95,76.75],[-48.31,76.25],[-46.75,75.23],[-44.66,74.25],[-42.0,73.99],[-40.63,73.5],[-39.7,72.25],[-40.13,70.5],[-39.94,69.75],[-39.0,68.82],[-35.81,68.25]]}},{"type":"Feature","properties":{"level":1012},"geometry":{"type":"LineString","coordinates":[[180.0,-89.56],[164.35,-89.5],[174.21,-89.0],[180.0,-88.95]]}},{"type":"Feature","properties":{"level":1012},"geometry":{"type":"LineString","coordinates":[[-180.0,-88.95],[-162.83,-89.0],[-168.0,-89.5],[-180.0,-89.56]]}},{"type":"Feature","properties":{"level":1012},"geometry":{"type":"LineString","coordinates":[[180.0,-88.04],[179.55,-88.0],[179.88,-87.75],[153.75,-87.0],[139.75,-85.38],[137.0,-85.36],[133.75,-85.7],[130.26,-85.5],[129.52,-85.25],[129.39,-85.0],[131.1,-84.5],[131.42,-84.25],[131.14,-84.0],[133.37,-83.5],[132.93,-83.25],[130.0,-82.92],[122.5,-82.7],[121.25,-82.47],[120.77,-82.0],[121.97,-81.5],[123.75,-81.22],[129.0,-81.2],[133.5,-80.17],[138.75,-79.32],[145.06,-79.0],[148.01,-78.25],[148.57,-77.75],[148.53,-77.5],[149.03,-77.25],[149.04,-77.0],[147.46,-76.0],[146.5,-75.74],[141.5,-75.48],[128.75,-76.37],[123.25,-76.16],[109.75,-76.37],[106.25,-75.69],[100.5,-73.65],[96.0,-72.92],[94.38,-73.0],[92.33,-73.5],[88.76,-75.0],[88.06,-75.75],[87.0,-76.28],[82.87,-77.5],[79.25,-77.75],[72.23,-77.75],[71.27,-78.0],[71.18,-78.25],[72.15,-78.75],[73.75,-79.03],[73.0,-79.28],[65.5,-79.52],[64.0,-79.49],[59.44,-78.75],[57.86,-78.0],[58.11,-77.5],[57.75,-77.31],[50.08,-75.25],[48.75,-75.41],[42.5,-74.69],[39.5,-74.75],[36.75,-75.15],[35.25,-74.97],[25.94,-75.0],[26.22,-75.25],[25.62,-75.75],[26.16,-76.0],[26.25,-76.51],[28.5,-76.87],[36.5,-77.24],[36.93,-77.5],[36.25,-78.19],[34.69,-78.75],[31.5,-79.33],[28.0,-79.58],[26.26,-80.0],[26.19,-80.25],[28.75,-80.86],[37.43,-82.0],[37.08,-82.5],[35.54,-83.0],[38.8,-83.75],[37.25,-84.03],[36.5,-84.65],[34.75,-84.95],[30.5,-84.98],[23.0,-84.22],[15.25,-84.02],[8.25,-84.43],[-6.75,-86.39],[-22.96,-87.0],[-18.52,-87.25],[-22.03,-87.5],[-70.25,-87.99],[-99.5,-88.74],[-114.25,-88.72],[-120.98,-87.75],[-122.75,-87.7],[-146.0,-87.89],[-158.25,-88.38],[-175.5,-88.28],[-180.0,-88.04]]}},{"type":"Feature","properties":{"level":1012},"geometry":{"type":"LineString","coordinates":[[-117.29,-86.0],[-115.75,-86.09],[-114.55,-85.75],[-117.29,-86.0]]}},{"type":"Feature","properties":{"level":1012},"geometry":{"type":"LineString","coordinates":[[-98.15,-85.5],[-97.5,-85.67],[-96.97,-85.5],[-97.5,-85.32],[-98.15,-85.5]]}},{"type":"Feature","properties":{"level":1012},"geometry":{"type":"LineString","coordinates":[[31.61,-84.25],[35.96,-84.0],[33.25,-83.74],[31.82,-84.0],[31.61,-84.25]]}},{"type":"Feature","properties":{"level":1012},"geometry":{"type":"LineString","coordinates":[[74.5,-82.25],[74.12,-82.0],[74.33,-81.75],[75.75,-81.4],[77.5,-81.35],[78.58,-81.75],[76.77,-82.25],[74.5,-82.25]]}},{"type":"Feature","properties":{"level":1012},"geometry":{"type":"LineString","coordinates":[[-180.0,-55.12],[-177.25,-54.85],[-175.25,-54.08],[-174.6,-53.5],[-174.05,-52.5],[-173.87,-51.25],[-174.27,-49.25],[-173.35,-47.75],[-170.6,-45.75],[-164.25,-42.1],[-162.5,-40.8],[-156.5,-39.77],[-146.25,-38.9],[-136.25,-37.62],[-133.25,-37.44],[-127.5,-36.3],[-123.75,-35.12],[-121.5,-33.93],[-119.0,-33.01],[-117.91,-31.5],[-117.0,-30.83],[-116.0,-30.77],[-115.5,-30.31],[-113.25,-30.11],[-112.5,-29.11],[-112.0,-29.39],[-111.25,-28.91],[-110.5,-29.32],[-110.0,-29.11],[-109.0,-29.35],[-108.75,-29.08],[-108.5,-29.18],[-106.47,-30.25],[-105.39,-31.5],[-105.58,-33.25],[-106.09,-34.5],[-106.17,-35.5],[-105.13,-37.75],[-104.75,-39.33],[-103.58,-41.25],[-102.25,-42.62],[-100.3,-43.25],[-99.75,-43.72],[-98.25,-43.76],[-97.25,-43.51],[-89.25,-40.04],[-88.5,-39.98],[-84.75,-38.52],[-81.5,-37.71],[-77.0,-37.54],[-74.25,-38.0],[-72.98,-38.75],[-72.5,-39.28],[-71.75,-39.09],[-71.06,-38.25],[-71.1,-37.75],[-70.16,-36.5],[-70.11,-35.75],[-69.39,-34.25],[-69.32,-33.0],[-69.69,-31.25],[-69.25,-29.7],[-68.68,-29.0],[-68.63,-28.5],[-68.07,-28.0],[-67.84,-27.0],[-67.25,-27.25],[-66.82,-26.5],[-66.5,-26.53],[-66.23,-26.25],[-66.61,-25.5],[-65.75,-24.48],[-65.58,-23.75],[-65.16,-23.25],[-65.38,-22.75],[-65.25,-22.17],[-65.75,-22.85],[-65.98,-22.75],[-66.18,-21.75],[-65.92,-21.25],[-65.89,-20.0],[-65.6,-19.75],[-65.69,-19.0],[-66.48,-17.75],[-66.25,-17.3],[-65.0,-17.74],[-64.9,-17.5],[-66.25,-16.59],[-67.75,-16.02],[-68.5,-15.21],[-68.5,-14.79],[-68.16,-14.75],[-68.25,-14.38],[-71.37,-13.0],[-72.0,-12.04],[-72.5,-11.92],[-73.0,-12.14],[-73.37,-11.5],[-73.8,-11.25],[-74.75,-9.26],[-74.67,-10.25],[-75.25,-10.26],[-75.95,-7.25],[-75.78,-6.75],[-76.1,-6.75],[-76.07,-7.0],[-76.5,-7.41],[-76.75,-7.25],[-76.69,-6.75],[-76.31,-6.5],[-76.59,-5.5],[-76.75,-5.15],[-77.25,-5.39],[-77.6,-5.0],[-76.95,-4.25],[-77.39,-4.0],[-77.42,-3.75],[-77.0,-3.18],[-76.0,-3.03],[-75.5,-2.6],[-73.75,-2.0],[-73.5,-0.24],[-72.75,-0.47],[-72.56,-0.25],[-72.68,0.25],[-72.19,0.75],[-72.21,1.75],[-71.8,2.75],[-71.96,3.25],[-72.75,3.11],[-73.25,2.8],[-73.25,2.41],[-73.5,2.21],[-73.8,3.5],[-73.25,4.44],[-71.94,5.75],[-71.67,6.5],[-71.76,7.5],[-70.82,8.0],[-69.0,10.07],[-68.75,9.85],[-66.12,10.0],[-66.61,10.25],[-66.39,10.5],[-66.75,10.6],[-67.44,10.5],[-67.75,10.15],[-69.0,10.39],[-69.38,10.25],[-69.4,10.0],[-70.24,9.75],[-72.5,7.78],[-73.25,8.46],[-73.26,7.0],[-74.54,5.5],[-74.75,4.95],[-74.9,5.75],[-74.65,6.75],[-74.83,7.0],[-75.75,7.55],[-76.47,7.25],[-76.62,6.75],[-76.36,5.5],[-77.24,2.75],[-77.64,2.5],[-78.0,1.65],[-79.23,0.5],[-79.4,0.0],[-79.31,-2.25],[-80.0,-3.61],[-81.18,-4.5],[-81.19,-5.0],[-81.75,-5.48],[-81.83,-4.75],[-82.41,-4.5],[-82.78,-4.5],[-83.25,-5.01],[-83.5,-4.84],[-83.75,-5.13],[-84.75,-4.85],[-85.5,-5.11],[-86.0,-5.01],[-85.8,-4.75],[-85.87,-4.25],[-86.25,-3.67],[-87.95,-4.25],[-88.75,-4.8],[-89.25,-4.82],[-90.08,-3.5],[-89.5,-3.3],[-89.25,-3.55],[-88.76,-3.5],[-88.83,-2.75],[-89.37,-1.75],[-90.5,-1.11],[-91.25,-1.28],[-92.72,-2.25],[-93.1,-3.5],[-92.49,-4.25],[-92.59,-4.5],[-93.5,-4.56],[-94.25,-3.82],[-95.25,-4.15],[-96.0,-4.87],[-97.25,-4.75],[-97.75,-5.02],[-99.0,-4.61],[-99.75,-4.96],[-101.25,-4.74],[-102.25,-5.05],[-105.75,-4.78],[-107.25,-4.32],[-107.5,-4.01],[-109.5,-4.39],[-109.75,-4.1],[-110.25,-4.25],[-111.0,-3.93],[-111.5,-4.02],[-111.75,-3.63],[-114.25,-3.94],[-114.64,-3.25],[-115.0,-3.3],[-115.19,-3.0],[-114.62,-2.25],[-115.25,-1.98],[-115.75,-2.44],[-117.0,-2.28],[-117.49,-3.0],[-117.27,-3.5],[-117.5,-3.64],[-117.53,-3.0],[-118.0,-2.9],[-118.14,-3.5],[-118.75,-4.15],[-119.5,-3.74],[-120.0,-3.88],[-121.0,-3.56],[-122.25,-4.07],[-122.55,-4.75],[-123.25,-5.33],[-125.0,-5.48],[-127.0,-4.93],[-127.25,-5.0],[-127.27,-5.5],[-128.25,-6.0],[-129.0,-5.17],[-130.0,-5.41],[-132.0,-4.86],[-132.25,-5.14],[-132.75,-5.03],[-133.0,-5.54],[-135.0,-5.85],[-136.25,-5.66],[-136.25,-6.07],[-135.52,-6.25],[-135.74,-6.5],[-136.25,-6.69],[-137.25,-6.43],[-137.83,-6.75],[-137.34,-7.25],[-138.0,-7.55],[-138.25,-7.3],[-139.22,-7.75],[-138.66,-8.25],[-139.75,-9.0],[-139.25,-9.85],[-140.0,-9.49],[-140.69,-10.0],[-140.68,-10.5],[-141.0,-10.66],[-142.25,-9.98],[-142.5,-10.81],[-143.25,-10.72],[-143.5,-11.0],[-144.75,-11.09],[-147.0,-10.63],[-148.5,-10.82],[-149.25,-10.67],[-152.0,-11.19],[-155.0,-10.97],[-156.5,-11.29],[-159.75,-11.05],[-163.0,-11.53],[-165.75,-11.28],[-167.75,-11.43],[-169.0,-11.77],[-170.0,-11.57],[-172.0,-11.9],[-174.25,-11.31],[-175.25,-10.65],[-176.5,-10.73],[-177.0,-10.46],[-178.5,-10.37],[-180.0,-9.93]]}},{"type":"Feature","properties":{"level":1012},"geometry":{"type":"LineString","coordinates":[[-114.0,-29.85],[-114.0,-29.42],[-113.77,-29.5],[-114.0,-29.85]]}},{"type":"Feature","properties":{"level":1012},"geometry":{"type":"LineString","coordinates":[[125.25,-21.87],[124.25,-20.84],[123.75,-20.76],[122.89,-17.25],[123.5,-17.33],[124.0,-17.01],[124.25,-16.56],[124.94,-16.25],[125.0,-15.76],[125.54,-15.75],[125.36,-16.0],[125.66,-16.75],[126.25,-15.99],[126.7,-16.25],[126.75,-16.76],[126.96,-15.5],[127.25,-15.58],[127.5,-15.17],[128.75,-15.59],[129.0,-15.38],[129.11,-15.75],[129.5,-15.95],[130.26,-14.5],[129.9,-14.25],[130.71,-12.75],[132.75,-11.68],[134.25,-12.26],[135.77,-12.5],[135.75,-12.8],[134.9,-13.25],[134.92,-13.75],[134.5,-14.03],[133.86,-14.0],[133.75,-13.48],[133.5,-13.39],[132.88,-14.0],[132.75,-14.56],[133.46,-14.5],[133.63,-14.75],[133.68,-15.0],[133.24,-15.25],[133.11,-15.75],[133.53,-16.25],[132.25,-16.45],[131.95,-17.0],[132.46,-17.75],[131.75,-17.78],[131.65,-18.0],[132.25,-18.4],[132.5,-18.15],[132.75,-18.3],[133.14,-19.0],[132.5,-18.72],[132.0,-18.99],[131.25,-18.84],[130.96,-18.5],[131.17,-17.75],[130.75,-17.58],[130.75,-17.22],[130.25,-17.16],[129.84,-17.75],[129.97,-19.5],[129.6,-20.0],[129.25,-20.14],[128.73,-19.75],[128.9,-19.25],[128.75,-19.13],[127.75,-20.66],[127.0,-20.63],[126.75,-20.19],[126.6,-20.25],[126.43,-20.5],[126.7,-21.0],[126.0,-21.43],[125.5,-21.16],[125.25,-21.87]]}},{"type":"Feature","properties":{"level":1012},"geometry":{"type":"LineString","coordinates":[[129.0,-21.05],[129.0,-20.59],[129.0,-21.05]]}},{"type":"Feature","properties":{"level":1012},"geometry":{"type":"LineString","coordinates":[[126.93,-19.25],[127.33,-19.25],[127.25,-18.74],[126.93,-19.25]]}},{"type":"Feature","properties":{"level":1012},"geometry":{"type":"LineString","coordinates":[[126.72,-19.0],[126.93,-19.0],[126.72,-19.0]]}},{"type":"Feature","properties":{"level":1012},"geometry":{"type":"LineString","coordinates":[[125.58,-17.5],[125.86,-17.5],[125.58,-17.5]]}},{"type":"Feature","properties":{"level":1012},"geometry":{"type":"LineString","coordinates":[[127.16,-17.0],[127.75,-16.74],[127.5,-16.09],[127.16,-17.0]]}},{"type":"Feature","properties":{"level":1012},"geometry":{"type":"LineString","coordinates":[[129.92,-16.5],[130.25,-16.69],[130.65,-16.25],[130.0,-16.22],[129.92,-16.5]]}},{"type":"Feature","properties":{"level":1012},"geometry":{"type":"LineString","coordinates":[[126.75,-15.27],[126.73,-14.75],[127.0,-14.62],[126.75,-15.27]]}},{"type":"Feature","properties":{"level":1012},"geometry":{"type":"LineString","coordinates":[[133.75,-14.33],[133.75,-14.12],[133.75,-14.33]]}},{"type":"Feature","properties":{"level":1012},"geometry":{"type":"LineString","coordinates":[[142.0,-14.19],[142.0,-13.87],[142.0,-14.19]]}},{"type":"Feature","properties":{"level":1012},"geometry":{"type":"LineString","coordinates":[[-46.36,-12.25],[-46.25,-12.46],[-46.0,-12.22],[-45.25,-12.18],[-45.3,-11.5],[-45.75,-11.17],[-46.5,-11.15],[-46.67,-11.5],[-46.36,-12.25]]}},{"type":"Feature","properties":{"level":1012},"geometry":{"type":"LineString","coordinates":[[180.0,-9.93],[177.75,-10.15],[176.53,-10.5],[176.51,-10.75],[176.25,-10.8],[174.5,-10.84],[174.0,-10.59],[171.3,-11.25],[170.91,-12.5],[170.0,-12.89],[169.75,-13.47],[168.25,-14.23],[167.0,-14.18],[166.12,-14.5],[166.5,-14.92],[166.7,-15.75],[166.25,-15.83],[165.5,-15.36],[165.0,-14.66],[164.25,-14.43],[164.0,-14.08],[161.62,-13.25],[157.67,-11.25],[156.5,-10.14],[153.52,-8.5],[152.49,-7.5],[151.75,-7.26],[151.46,-7.0],[151.45,-6.5],[152.64,-6.0],[151.75,-5.12],[150.75,-5.86],[149.69,-6.0],[149.93,-6.5],[149.5,-6.99],[148.25,-6.81],[147.5,-6.13],[146.0,-5.58],[145.85,-5.75],[146.77,-6.5],[146.5,-7.1],[146.25,-7.04],[146.31,-6.75],[146.0,-6.29],[145.25,-5.64],[144.25,-5.55],[143.5,-4.92],[141.25,-4.78],[140.25,-3.99],[138.75,-3.34],[137.25,-3.45],[136.5,-3.2],[136.14,-3.5],[136.25,-3.8],[135.75,-3.68],[135.0,-4.24],[133.25,-4.68],[133.04,-4.5],[133.69,-4.25],[133.62,-4.0],[133.0,-3.79],[132.75,-4.42],[132.25,-4.32],[131.5,-3.63],[130.75,-3.65],[129.75,-3.05],[129.0,-2.98],[128.0,-3.56],[127.5,-3.28],[126.5,-3.63],[126.5,-1.67],[125.5,-1.89],[124.36,-1.5],[124.5,-1.04],[125.75,-1.64],[126.17,-1.25],[126.25,-0.81],[126.81,-0.5],[126.5,0.64],[124.75,0.55],[124.25,0.75],[123.5,0.57],[123.17,0.25],[123.89,-0.5],[123.5,-1.08],[123.25,-0.63],[123.0,-0.65],[121.75,-0.86],[120.81,-1.5],[121.0,-1.85],[121.63,-2.0],[122.21,-3.75],[122.72,-4.25],[122.5,-5.49],[122.14,-5.25],[122.34,-5.0],[122.25,-4.69],[122.0,-4.63],[121.75,-4.94],[121.26,-4.5],[121.14,-4.25],[121.5,-4.24],[121.64,-4.0],[121.25,-3.09],[120.5,-3.63],[120.0,-3.07],[119.83,-3.5],[120.41,-3.75],[120.4,-4.25],[119.79,-4.75],[119.87,-5.5],[119.5,-5.83],[117.9,-4.25],[117.32,-3.25],[116.75,-2.94],[116.25,-3.69],[115.0,-3.66],[114.5,-4.07],[113.0,-2.98],[111.75,-3.31],[111.25,-2.89],[110.25,-2.86],[109.78,-2.5],[109.72,-1.25],[108.9,-0.25],[108.98,1.0],[108.62,2.0],[109.0,2.63],[108.48,2.75],[108.47,3.25],[108.02,3.75],[107.87,4.25],[108.12,4.75],[107.9,5.5],[106.75,6.0],[106.25,7.45],[105.75,7.39],[105.25,6.86],[105.0,7.0],[104.91,7.75],[105.25,8.25],[105.0,8.38],[104.5,7.94],[104.25,8.32],[103.65,8.5],[103.55,9.5],[103.18,10.0],[103.75,10.89],[104.0,10.55],[104.08,11.75],[104.4,12.0],[104.25,12.2],[103.75,12.14],[102.5,13.11],[102.0,13.2],[101.5,11.0],[102.26,9.75],[102.0,9.31],[101.67,9.25],[102.0,8.7],[101.25,8.4],[100.94,8.5],[101.1,9.25],[100.75,10.07],[100.0,10.3],[99.52,9.75],[100.36,9.0],[100.72,7.5],[101.5,7.15],[102.25,7.68],[102.5,7.5],[102.62,7.25],[102.24,6.75],[103.07,5.75],[103.35,4.75],[102.5,5.71],[102.32,5.5],[102.49,5.0],[101.84,5.0],[102.06,5.25],[101.75,6.1],[100.49,6.75],[99.92,7.75],[99.88,8.75],[99.5,9.03],[99.25,8.32],[98.92,8.75],[99.17,9.75],[98.83,10.5],[99.6,11.75],[99.66,12.5],[98.69,14.5],[99.11,14.5],[99.23,14.75],[99.02,15.25],[99.24,16.25],[98.48,18.0],[98.7,18.75],[98.47,19.25],[98.76,19.75],[98.14,19.75],[98.13,20.75],[98.56,21.5],[98.39,21.75],[98.75,22.13],[99.14,22.0],[99.25,21.46],[99.75,22.17],[100.0,22.03],[100.35,22.25],[100.08,23.0],[100.41,24.25],[100.15,24.75],[100.25,25.43],[100.0,24.99],[99.7,25.25],[99.75,25.5],[100.21,25.5],[99.72,27.25],[100.03,27.25],[100.25,28.13],[100.75,28.31],[101.25,27.75],[101.5,27.8],[101.62,27.5],[101.31,27.25],[102.25,27.19],[102.5,26.82],[102.75,27.09],[103.5,26.53],[104.5,26.52],[105.5,25.84],[106.25,25.58],[106.75,25.72],[107.75,25.04],[108.25,25.31],[108.75,24.88],[110.75,24.98],[111.0,24.58],[111.75,24.67],[111.92,24.5],[111.78,24.25],[112.75,23.61],[112.97,24.0],[112.2,24.75],[112.25,25.0],[112.5,25.1],[112.75,24.53],[113.25,24.38],[113.39,25.0],[113.75,25.31],[114.25,25.13],[114.35,25.0],[113.67,24.5],[113.93,24.25],[113.3,24.0],[114.2,23.0],[114.11,22.75],[113.75,22.83],[113.25,22.25],[113.0,22.33],[111.79,21.5],[112.75,20.56],[113.25,20.75],[113.5,20.57],[113.5,19.74],[118.46,22.0],[118.64,22.25],[118.46,22.75],[118.81,23.5],[120.13,24.75],[121.0,25.18],[121.37,25.0],[120.81,24.5],[120.51,23.5],[120.75,22.15],[122.0,24.15],[122.75,24.72],[125.75,25.98],[127.25,26.98],[129.25,27.06],[130.75,27.65],[134.5,28.26],[136.5,30.21],[137.5,30.7],[144.0,31.45],[147.5,31.13],[150.0,30.48],[151.92,29.25],[156.2,25.25],[156.5,24.57],[157.25,24.09],[158.63,22.0],[159.16,20.75],[159.19,20.25],[158.81,19.5],[157.99,18.5],[158.05,17.25],[158.5,16.77],[159.0,16.9],[159.25,17.25],[160.25,16.86],[160.75,17.41],[160.75,18.48],[161.25,18.24],[161.23,18.75],[161.66,19.0],[162.25,18.89],[162.5,19.09],[163.0,18.41],[164.15,18.75],[164.21,19.25],[164.5,19.42],[165.0,19.14],[165.5,19.33],[166.75,18.95],[167.5,19.24],[168.5,19.19],[168.33,19.75],[168.5,20.01],[170.75,18.7],[171.0,19.34],[173.0,19.31],[173.75,19.78],[174.5,19.7],[176.5,20.86],[178.0,21.16],[179.25,22.23],[180.0,22.54]]}},{"type":"Feature","properties":{"level":1012},"geometry":{"type":"LineString","coordinates":[[148.5,-9.61],[148.27,-9.5],[148.25,-9.15],[148.59,-9.25],[148.67,-8.25],[149.0,-8.09],[149.36,-8.5],[149.1,-9.25],[148.75,-9.64],[148.5,-9.61]]}},{"type":"Feature","properties":{"level":1012},"geometry":{"type":"LineString","coordinates":[[-140.03,-8.75],[-139.87,-8.75],[-140.03,-8.75]]}},{"type":"Feature","properties":{"level":1012},"geometry":{"type":"LineString","coordinates":[[140.0,-8.82],[139.0,-8.05],[138.75,-8.26],[137.08,-8.0],[137.0,-7.15],[135.84,-5.25],[136.12,-4.75],[135.99,-4.5],[136.5,-4.34],[139.5,-4.7],[142.0,-5.7],[142.58,-6.25],[142.75,-6.83],[143.23,-7.25],[142.69,-7.75],[142.25,-8.85],[140.5,-9.0],[140.0,-8.82]]}},{"type":"Feature","properties":{"level":1012},"geometry":{"type":"LineString","coordinates":[[148.0,-8.82],[147.75,-8.52],[147.75,-7.98],[148.23,-8.25],[148.33,-8.75],[148.0,-8.82]]}},{"type":"Feature","properties":{"level":1012},"geometry":{"type":"LineString","coordinates":[[117.5,-8.69],[117.5,-8.37],[117.72,-8.5],[117.5,-8.69]]}},{"type":"Feature","properties":{"level":1012},"geometry":{"type":"LineString","coordinates":[[113.5,-8.28],[113.75,-8.07],[113.87,-8.25],[113.75,-8.46],[113.5,-8.28]]}},{"type":"Feature","properties":{"level":1012},"geometry":{"type":"LineString","coordinates":[[146.5,-8.3],[146.5,-8.08],[146.5,-8.3]]}},{"type":"Feature","properties":{"level":1012},"geometry":{"type":"LineString","coordinates":[[111.0,-8.09],[110.28,-7.75],[110.62,-7.5],[109.81,-6.75],[110.75,-6.32],[111.0,-6.76],[111.25,-6.65],[112.75,-7.08],[113.0,-6.85],[113.56,-7.0],[112.5,-7.54],[112.25,-7.95],[111.75,-7.68],[111.5,-8.04],[111.0,-8.09]]}},{"type":"Feature","properties":{"level":1012},"geometry":{"type":"LineString","coordinates":[[108.5,-7.36],[108.33,-7.25],[108.75,-6.63],[109.22,-6.75],[109.19,-7.0],[108.5,-7.36]]}},{"type":"Feature","properties":{"level":1012},"geometry":{"type":"LineString","coordinates":[[131.25,-7.45],[131.25,-7.11],[131.25,-7.45]]}},{"type":"Feature","properties":{"level":1012},"geometry":{"type":"LineString","coordinates":[[109.5,-7.14],[109.5,-6.77],[109.5,-7.14]]}},{"type":"Feature","properties":{"level":1012},"geometry":{"type":"LineString","coordinates":[[108.0,-6.9],[106.55,-6.25],[107.25,-6.03],[108.25,-6.3],[108.47,-6.75],[108.0,-6.9]]}},{"type":"Feature","properties":{"level":1012},"geometry":{"type":"LineString","coordinates":[[133.75,-6.55],[133.31,-6.0],[134.25,-4.85],[134.61,-5.25],[134.56,-6.0],[134.25,-6.56],[133.75,-6.55]]}},{"type":"Feature","properties":{"level":1012},"geometry":{"type":"LineString","coordinates":[[105.5,-5.39],[104.05,-4.5],[103.96,-4.0],[103.08,-3.5],[101.62,-1.0],[102.1,-0.75],[102.0,-0.52],[101.5,-0.66],[101.06,0.5],[101.5,0.62],[101.75,0.45],[102.5,1.12],[103.5,0.4],[103.47,-0.75],[104.25,-1.05],[104.5,-1.59],[105.25,-1.62],[105.75,-1.32],[106.11,-1.75],[106.49,-2.5],[105.69,-3.25],[105.5,-5.39]]}},{"type":"Feature","properties":{"level":1012},"geometry":{"type":"LineString","coordinates":[[-40.86,-4.75],[-40.67,-4.75],[-40.51,-3.75],[-41.0,-3.39],[-41.09,-4.0],[-40.86,-4.75]]}},{"type":"Feature","properties":{"level":1012},"geometry":{"type":"LineString","coordinates":[[152.06,-4.75],[152.36,-4.75],[152.06,-4.75]]}},{"type":"Feature","properties":{"level":1012},"geometry":{"type":"LineString","coordinates":[[134.12,-4.0],[134.25,-4.23],[134.6,-4.0],[134.12,-4.0]]}},{"type":"Feature","properties":{"level":1012},"geometry":{"type":"LineString","coordinates":[[-39.56,-3.75],[-39.31,-3.5],[-39.5,-3.39],[-39.56,-3.75]]}},{"type":"Feature","properties":{"level":1012},"geometry":{"type":"LineString","coordinates":[[-40.55,-3.5],[-40.5,-3.74],[-40.55,-3.5]]}},{"type":"Feature","properties":{"level":1012},"geometry":{"type":"LineString","coordinates":[[107.5,-3.04],[107.19,-2.75],[107.75,-2.27],[108.08,-2.75],[107.5,-3.04]]}},{"type":"Feature","properties":{"level":1012},"geometry":{"type":"LineString","coordinates":[[132.21,-3.0],[132.5,-3.16],[132.56,-3.0],[132.21,-3.0]]}},{"type":"Feature","properties":{"level":1012},"geometry":{"type":"LineString","coordinates":[[119.02,-2.75],[119.25,-2.97],[120.0,-2.96],[120.25,-2.37],[120.5,-2.51],[121.08,-2.25],[120.56,-2.0],[120.66,-1.5],[120.09,-0.75],[120.0,-0.18],[119.89,-0.75],[119.6,-1.0],[119.63,-2.5],[119.02,-2.75]]}},{"type":"Feature","properties":{"level":1012},"geometry":{"type":"LineString","coordinates":[[120.0,-2.27],[120.0,-1.26],[120.34,-1.5],[120.45,-2.0],[120.0,-2.27]]}},{"type":"Feature","properties":{"level":1012},"geometry":{"type":"LineString","coordinates":[[-32.75,-2.02],[-32.92,-1.5],[-33.4,-1.25],[-33.25,-0.77],[-33.0,-0.75],[-32.69,-1.5],[-32.15,-1.75],[-32.75,-2.02]]}},{"type":"Feature","properties":{"level":1012},"geometry":{"type":"LineString","coordinates":[[-33.75,-1.56],[-33.99,-1.5],[-33.75,-1.56]]}},{"type":"Feature","properties":{"level":1012},"geometry":{"type":"LineString","coordinates":[[-91.42,-1.0],[-91.25,-1.24],[-90.79,-1.0],[-90.98,-0.5],[-91.42,-1.0]]}},{"type":"Feature","properties":{"level":1012},"geometry":{"type":"LineString","coordinates":[[102.35,-1.0],[102.64,-1.0],[102.5,-0.84],[102.35,-1.0]]}},{"type":"Feature","properties":{"level":1012},"geometry":{"type":"LineString","coordinates":[[127.3,-0.75],[127.62,-0.75],[127.3,-0.75]]}},{"type":"Feature","properties":{"level":1012},"geometry":{"type":"LineString","coordinates":[[-91.31,0.0],[-91.25,-0.19],[-91.31,0.0]]}},{"type":"Feature","properties":{"level":1012},"geometry":{"type":"LineString","coordinates":[[-35.94,0.0],[-35.6,0.0],[-35.94,0.0]]}},{"type":"Feature","properties":{"level":1012},"geometry":{"type":"LineString","coordinates":[[113.22,0.0],[115.0,1.63],[115.33,1.5],[115.5,0.78],[115.75,1.14],[116.0,0.94],[116.34,1.25],[116.57,1.75],[116.45,2.25],[115.72,2.5],[116.1,3.5],[116.15,4.75],[115.75,5.08],[114.9,4.0],[115.27,3.25],[115.0,2.86],[114.25,3.37],[113.98,3.25],[114.19,2.75],[113.94,2.5],[114.5,2.3],[114.6,1.75],[114.0,1.86],[113.75,2.43],[113.75,1.66],[112.75,1.76],[111.83,1.5],[113.53,0.75],[112.66,0.25],[113.22,0.0]]}},{"type":"Feature","properties":{"level":1012},"geometry":{"type":"LineString","coordinates":[[-79.79,0.25],[-79.75,0.01],[-79.75,0.44],[-79.79,0.25]]}},{"type":"Feature","properties":{"level":1012},"geometry":{"type":"LineString","coordinates":[[120.07,0.5],[120.5,0.34],[120.75,0.75],[121.28,0.75],[120.25,0.74],[120.07,0.5]]}},{"type":"Feature","properties":{"level":1012},"geometry":{"type":"LineString","coordinates":[[122.65,0.5],[122.84,0.5],[122.65,0.5]]}},{"type":"Feature","properties":{"level":1012},"geometry":{"type":"LineString","coordinates":[[126.97,0.5],[127.39,0.75],[127.25,0.85],[126.97,0.5]]}},{"type":"Feature","properties":{"level":1012},"geometry":{"type":"LineString","coordinates":[[100.5,0.74],[100.89,0.75],[100.75,0.55],[100.5,0.74]]}},{"type":"Feature","properties":{"level":1012},"geometry":{"type":"LineString","coordinates":[[109.46,0.75],[110.0,0.63],[110.29,0.75],[110.28,1.0],[110.0,1.18],[109.46,0.75]]}},{"type":"Feature","properties":{"level":1012},"geometry":{"type":"LineString","coordinates":[[101.5,0.82],[101.34,1.0],[101.87,1.25],[101.5,0.82]]}},{"type":"Feature","properties":{"level":1012},"geometry":{"type":"LineString","coordinates":[[124.67,1.0],[124.94,1.0],[124.67,1.0]]}},{"type":"Feature","properties":{"level":1012},"geometry":{"type":"LineString","coordinates":[[103.5,1.67],[102.86,2.25],[103.0,2.47],[103.25,2.17],[103.41,2.5],[103.25,2.7],[102.25,3.01],[102.12,3.5],[102.38,3.75],[102.01,4.25],[102.75,3.88],[103.25,4.45],[103.64,4.25],[103.49,3.75],[104.09,2.0],[103.5,1.67]]}},{"type":"Feature","properties":{"level":1012},"geometry":{"type":"LineString","coordinates":[[9.25,2.8],[9.01,3.0],[9.25,3.34],[9.48,3.0],[9.25,2.8]]}},{"type":"Feature","properties":{"level":1012},"geometry":{"type":"LineString","coordinates":[[-65.81,3.5],[-65.5,3.42],[-65.25,3.81],[-64.75,3.34],[-64.5,3.37],[-63.98,4.0],[-64.14,4.75],[-64.5,5.07],[-65.0,4.62],[-65.67,4.5],[-65.5,4.0],[-65.81,3.5]]}},{"type":"Feature","properties":{"level":1012},"geometry":{"type":"LineString","coordinates":[[-75.0,3.76],[-75.0,4.04],[-75.0,3.76]]}},{"type":"Feature","properties":{"level":1012},"geometry":{"type":"LineString","coordinates":[[109.37,4.0],[109.58,4.0],[109.37,4.0]]}},{"type":"Feature","properties":{"level":1012},"geometry":{"type":"LineString","coordinates":[[8.5,4.13],[8.27,4.25],[8.5,4.59],[8.76,4.25],[8.5,4.13]]}},{"type":"Feature","properties":{"level":1012},"geometry":{"type":"LineString","coordinates":[[-61.81,4.5],[-60.25,4.77],[-59.5,4.56],[-59.25,5.0],[-60.75,6.62],[-61.5,6.06],[-62.5,6.33],[-62.76,5.75],[-61.81,4.5]]}},{"type":"Feature","properties":{"level":1012},"geometry":{"type":"LineString","coordinates":[[-65.07,5.0],[-64.94,5.25],[-65.25,6.51],[-65.59,5.75],[-65.07,5.0]]}},{"type":"Feature","properties":{"level":1012},"geometry":{"type":"LineString","coordinates":[[109.33,5.0],[110.36,5.25],[110.25,5.46],[109.25,5.6],[109.1,5.25],[109.33,5.0]]}},{"type":"Feature","properties":{"level":1012},"geometry":{"type":"LineString","coordinates":[[102.75,7.47],[102.52,7.5],[102.75,7.47]]}},{"type":"Feature","properties":{"level":1012},"geometry":{"type":"LineString","coordinates":[[101.0,7.73],[101.23,7.75],[101.0,7.73]]}},{"type":"Feature","properties":{"level":1012},"geometry":{"type":"LineString","coordinates":[[101.25,7.77],[101.5,8.18],[101.79,8.0],[101.25,7.77]]}},{"type":"Feature","properties":{"level":1012},"geometry":{"type":"LineString","coordinates":[[102.25,7.8],[102.19,8.25],[102.5,8.3],[102.5,7.94],[102.25,7.8]]}},{"type":"Feature","properties":{"level":1012},"geometry":{"type":"LineString","coordinates":[[103.25,7.97],[103.16,8.25],[103.5,8.37],[103.5,8.0],[103.25,7.97]]}},{"type":"Feature","properties":{"level":1012},"geometry":{"type":"LineString","coordinates":[[-82.15,8.5],[-81.75,8.34],[-81.0,8.5],[-82.25,8.84],[-83.25,9.82],[-84.75,10.49],[-84.86,10.25],[-84.0,9.38],[-82.75,8.58],[-82.15,8.5]]}},{"type":"Feature","properties":{"level":1012},"geometry":{"type":"LineString","coordinates":[[28.75,8.4],[27.92,9.0],[27.25,11.27],[26.84,11.75],[27.25,12.35],[28.0,12.13],[27.91,11.75],[28.5,11.16],[29.25,11.2],[29.48,10.25],[29.89,10.0],[29.94,9.5],[29.64,9.25],[29.96,8.75],[28.75,8.4]]}},{"type":"Feature","properties":{"level":1012},"geometry":{"type":"LineString","coordinates":[[-64.33,10.0],[-64.0,9.8],[-63.18,10.25],[-64.0,10.31],[-64.33,10.0]]}},{"type":"Feature","properties":{"level":1012},"geometry":{"type":"LineString","coordinates":[[10.75,10.73],[10.75,11.1],[11.75,11.61],[11.5,10.61],[11.25,10.93],[10.75,10.73]]}},{"type":"Feature","properties":{"level":1012},"geometry":{"type":"LineString","coordinates":[[107.61,11.25],[108.0,11.13],[108.75,11.5],[108.71,11.75],[109.03,12.0],[108.75,12.44],[108.25,12.61],[108.32,12.25],[107.85,12.0],[107.5,12.96],[107.0,13.0],[106.83,12.5],[107.61,11.25]]}},{"type":"Feature","properties":{"level":1012},"geometry":{"type":"LineString","coordinates":[[16.0,11.5],[14.5,12.0],[13.25,11.89],[12.25,12.11],[12.35,11.75],[12.0,11.63],[11.49,12.25],[11.53,12.75],[12.14,13.0],[12.5,14.0],[13.5,14.53],[14.0,15.17],[14.75,14.66],[16.25,14.76],[18.02,15.75],[18.17,16.0],[17.69,16.25],[17.93,16.5],[19.25,16.29],[19.91,16.75],[21.25,17.06],[21.93,16.75],[22.08,15.5],[21.18,14.25],[21.09,13.5],[20.5,12.6],[20.0,12.8],[19.25,12.31],[18.5,12.46],[18.25,12.87],[17.79,12.5],[17.5,11.81],[16.5,12.11],[16.28,12.0],[16.75,11.48],[16.0,11.5]]}},{"type":"Feature","properties":{"level":1012},"geometry":{"type":"LineString","coordinates":[[102.5,12.12],[102.3,12.25],[102.5,12.49],[102.5,12.12]]}},{"type":"Feature","properties":{"level":1012},"geometry":{"type":"LineString","coordinates":[[5.0,12.46],[4.25,12.55],[3.7,13.0],[2.25,13.53],[0.78,15.25],[1.0,15.89],[0.25,15.86],[-0.03,16.75],[-0.5,16.8],[-0.75,17.27],[-1.35,17.5],[-1.0,17.53],[-0.25,18.17],[0.25,18.15],[1.5,17.53],[1.75,17.88],[2.25,17.81],[2.75,18.07],[3.5,17.92],[5.25,18.59],[7.55,18.0],[7.99,17.0],[7.5,16.44],[7.0,16.52],[6.88,16.25],[8.75,14.95],[8.89,14.0],[8.0,13.06],[7.5,13.09],[6.25,12.5],[5.0,12.46]]}},{"type":"Feature","properties":{"level":1012},"geometry":{"type":"LineString","coordinates":[[-11.01,12.75],[-10.79,12.75],[-11.0,13.0],[-11.01,12.75]]}},{"type":"Feature","properties":{"level":1012},"geometry":{"type":"LineString","coordinates":[[27.75,12.6],[27.58,12.75],[27.75,12.87],[27.75,12.6]]}},{"type":"Feature","properties":{"level":1012},"geometry":{"type":"LineString","coordinates":[[31.75,12.63],[31.75,12.86],[32.04,12.75],[31.75,12.63]]}},{"type":"Feature","properties":{"level":1012},"geometry":{"type":"LineString","coordinates":[[-86.32,13.0],[-85.8,13.0],[-85.89,13.5],[-85.68,13.75],[-85.75,14.14],[-86.25,14.06],[-86.25,14.48],[-85.27,15.25],[-87.0,15.25],[-87.27,15.0],[-87.25,14.56],[-89.0,14.89],[-89.5,14.67],[-89.75,14.75],[-90.0,15.51],[-90.75,15.6],[-91.57,16.25],[-91.33,16.75],[-91.51,17.0],[-93.0,17.33],[-93.61,16.75],[-93.71,16.25],[-93.5,16.0],[-91.75,14.61],[-89.75,13.87],[-89.5,14.32],[-87.5,13.88],[-86.32,13.0]]}},{"type":"Feature","properties":{"level":1012},"geometry":{"type":"LineString","coordinates":[[32.0,13.21],[31.75,13.44],[31.25,13.39],[31.2,14.0],[30.76,14.25],[31.32,15.25],[31.0,16.32],[30.5,16.19],[30.0,15.16],[29.25,15.7],[28.23,14.25],[28.25,15.5],[28.59,15.75],[29.0,16.84],[29.36,16.75],[29.15,17.0],[29.42,17.75],[30.75,18.71],[32.25,18.71],[32.67,18.25],[32.75,17.75],[33.77,17.5],[33.43,17.0],[35.96,15.75],[35.5,14.87],[34.6,15.0],[34.0,13.81],[33.0,13.75],[32.25,13.14],[32.0,13.21]]}},{"type":"Feature","properties":{"level":1012},"geometry":{"type":"LineString","coordinates":[[13.75,13.75],[14.07,13.75],[13.75,13.75]]}},{"type":"Feature","properties":{"level":1012},"geometry":{"type":"LineString","coordinates":[[107.81,13.75],[108.0,13.64],[108.5,13.96],[108.62,14.5],[108.0,15.24],[107.43,15.25],[107.36,16.0],[107.0,16.06],[106.75,15.24],[106.25,15.48],[105.92,15.25],[106.25,14.86],[106.75,14.85],[107.25,15.17],[107.75,14.81],[108.0,14.42],[107.0,14.64],[106.73,14.25],[107.5,14.19],[107.81,13.75]]}},{"type":"Feature","properties":{"level":1012},"geometry":{"type":"LineString","coordinates":[[102.22,14.0],[102.51,14.0],[102.25,14.37],[101.5,14.92],[101.25,14.71],[101.13,14.5],[101.5,14.13],[102.22,14.0]]}},{"type":"Feature","properties":{"level":1012},"geometry":{"type":"LineString","coordinates":[[11.75,14.67],[12.0,15.25],[12.4,15.25],[12.25,14.9],[11.75,14.67]]}},{"type":"Feature","properties":{"level":1012},"geometry":{"type":"LineString","coordinates":[[98.5,14.74],[98.5,15.09],[98.5,14.74]]}},{"type":"Feature","properties":{"level":1012},"geometry":{"type":"LineString","coordinates":[[-24.48,15.0],[-24.25,14.79],[-24.06,15.0],[-24.25,15.2],[-24.48,15.0]]}},{"type":"Feature","properties":{"level":1012},"geometry":{"type":"LineString","coordinates":[[14.0,15.45],[13.5,15.54],[13.44,15.75],[13.75,16.03],[14.0,15.93],[14.0,15.45]]}},{"type":"Feature","properties":{"level":1012},"geometry":{"type":"LineString","coordinates":[[98.25,15.55],[98.08,16.0],[98.25,16.19],[98.54,15.75],[98.25,15.55]]}},{"type":"Feature","properties":{"level":1012},"geometry":{"type":"LineString","coordinates":[[-93.0,15.97],[-93.36,16.25],[-93.0,16.67],[-92.16,16.0],[-92.25,15.82],[-93.0,15.97]]}},{"type":"Feature","properties":{"level":1012},"geometry":{"type":"LineString","coordinates":[[97.75,16.42],[97.27,17.5],[97.5,17.72],[98.18,16.75],[97.75,16.42]]}},{"type":"Feature","properties":{"level":1012},"geometry":{"type":"LineString","coordinates":[[98.5,16.69],[98.5,16.89],[98.5,16.69]]}},{"type":"Feature","properties":{"level":1012},"geometry":{"type":"LineString","coordinates":[[32.4,17.0],[33.39,17.25],[32.5,17.4],[32.4,17.0]]}},{"type":"Feature","properties":{"level":1012},"geometry":{"type":"LineString","coordinates":[[96.25,17.47],[95.91,17.75],[96.0,19.0],[96.25,19.39],[96.59,18.0],[96.25,17.47]]}},{"type":"Feature","properties":{"level":1012},"geometry":{"type":"LineString","coordinates":[[-75.25,17.86],[-75.45,18.0],[-74.5,18.0],[-75.25,17.86]]}},{"type":"Feature","properties":{"level":1012},"geometry":{"type":"LineString","coordinates":[[97.5,17.82],[97.17,19.0],[97.5,19.57],[98.0,19.64],[98.09,19.25],[97.77,18.75],[97.89,18.0],[97.5,17.82]]}},{"type":"Feature","properties":{"level":1012},"geometry":{"type":"LineString","coordinates":[[102.71,18.5],[103.25,18.56],[103.5,19.12],[104.0,18.85],[104.14,19.25],[102.24,19.5],[101.91,19.0],[102.5,18.86],[102.71,18.5]]}},{"type":"Feature","properties":{"level":1012},"geometry":{"type":"LineString","coordinates":[[109.39,18.5],[109.58,18.5],[109.39,18.5]]}},{"type":"Feature","properties":{"level":1012},"geometry":{"type":"LineString","coordinates":[[112.71,18.5],[112.75,18.65],[112.71,18.5]]}},{"type":"Feature","properties":{"level":1012},"geometry":{"type":"LineString","coordinates":[[100.49,19.25],[101.37,20.0],[101.0,21.06],[100.88,20.0],[100.43,19.75],[100.49,19.25]]}},{"type":"Feature","properties":{"level":1012},"geometry":{"type":"LineString","coordinates":[[112.06,19.25],[112.49,19.25],[112.06,19.25]]}},{"type":"Feature","properties":{"level":1012},"geometry":{"type":"LineString","coordinates":[[112.88,19.25],[113.1,19.25],[113.0,19.51],[112.88,19.25]]}},{"type":"Feature","properties":{"level":1012},"geometry":{"type":"LineString","coordinates":[[-12.59,19.75],[-12.13,20.0],[-12.36,20.5],[-12.75,20.6],[-13.12,20.25],[-12.59,19.75]]}},{"type":"Feature","properties":{"level":1012},"geometry":{"type":"LineString","coordinates":[[94.75,19.98],[94.46,20.5],[94.57,21.25],[95.04,21.5],[94.77,22.0],[95.0,22.1],[95.64,21.75],[95.5,21.38],[94.81,21.0],[94.91,20.0],[94.75,19.98]]}},{"type":"Feature","properties":{"level":1012},"geometry":{"type":"LineString","coordinates":[[112.32,20.0],[112.76,20.0],[112.75,20.44],[112.3,20.25],[112.32,20.0]]}},{"type":"Feature","properties":{"level":1012},"geometry":{"type":"LineString","coordinates":[[96.0,21.07],[96.0,21.86],[96.0,21.07]]}},{"type":"Feature","properties":{"level":1012},"geometry":{"type":"LineString","coordinates":[[-180.0,22.54],[-178.42,23.25],[-175.25,25.48],[-172.75,26.85],[-170.5,27.41],[-168.0,27.37],[-166.25,26.83],[-164.25,25.5],[-163.25,23.71],[-162.69,23.25],[-162.5,22.38],[-159.56,16.75],[-157.75,15.74],[-155.0,15.07],[-152.75,15.06],[-150.75,14.67],[-149.0,15.18],[-147.5,16.15],[-145.25,16.72],[-143.75,16.45],[-142.0,15.32],[-140.75,15.72],[-140.37,15.5],[-140.45,15.25],[-140.0,15.21],[-139.5,15.66],[-136.0,15.77],[-134.75,15.62],[-134.5,15.18],[-134.25,15.48],[-133.92,15.25],[-133.95,15.5],[-133.5,15.66],[-132.75,16.46],[-131.71,16.75],[-131.0,17.33],[-129.5,17.39],[-128.5,16.98],[-128.0,17.11],[-127.0,16.69],[-126.5,16.74],[-125.25,17.69],[-124.38,20.0],[-123.9,20.5],[-123.61,22.5],[-122.56,25.25],[-122.59,26.5],[-122.0,28.07],[-121.9,30.5],[-122.61,35.0],[-122.17,35.25],[-122.79,36.25],[-122.21,36.75],[-122.75,36.91],[-122.85,37.5],[-123.75,37.85],[-123.87,38.25],[-123.75,39.29],[-123.69,38.75],[-123.25,38.45],[-122.28,38.5],[-122.51,39.75],[-122.25,40.34],[-121.41,39.5],[-120.29,37.75],[-118.99,36.5],[-118.75,35.24],[-119.0,35.05],[-119.5,35.13],[-120.25,35.77],[-120.4,35.25],[-119.5,34.45],[-118.5,34.6],[-118.21,34.25],[-117.13,34.0],[-115.5,30.66],[-115.25,30.59],[-115.21,31.0],[-116.21,32.75],[-116.49,33.75],[-115.69,33.75],[-116.25,34.65],[-116.95,35.0],[-116.42,35.5],[-116.96,35.75],[-116.93,36.25],[-117.25,36.87],[-116.25,36.57],[-116.52,36.0],[-116.25,36.22],[-116.09,36.0],[-115.79,35.0],[-115.91,34.75],[-115.0,34.82],[-114.5,35.3],[-114.15,34.5],[-113.68,34.25],[-113.71,33.75],[-112.59,33.5],[-112.39,33.0],[-112.5,32.36],[-112.0,32.3],[-111.61,31.25],[-110.5,29.91],[-109.75,29.98],[-108.96,29.5],[-109.15,28.5],[-109.01,28.0],[-108.75,27.97],[-108.51,27.25],[-108.1,27.0],[-107.5,25.75],[-106.44,24.75],[-105.84,23.5],[-105.15,23.0],[-104.75,22.26],[-104.5,22.53],[-104.0,22.04],[-103.5,22.12],[-103.5,21.3],[-103.0,21.77],[-102.19,21.5],[-102.25,21.12],[-103.0,21.31],[-102.98,21.0],[-103.3,21.0],[-104.0,20.31],[-104.75,20.77],[-105.0,20.54],[-104.31,19.5],[-103.5,19.36],[-103.25,19.06],[-103.05,19.5],[-102.75,19.59],[-101.75,19.02],[-101.0,19.35],[-100.5,19.31],[-99.75,18.32],[-98.25,18.6],[-97.97,18.25],[-98.08,18.0],[-99.25,17.88],[-99.5,17.65],[-101.25,18.27],[-101.43,18.0],[-101.0,17.56],[-100.0,17.22],[-99.5,17.38],[-98.75,17.02],[-98.0,17.02],[-97.25,16.22],[-96.5,15.89],[-95.73,16.25],[-95.62,17.0],[-96.75,18.42],[-96.59,19.75],[-97.7,20.25],[-98.98,21.75],[-99.0,23.0],[-98.25,22.99],[-98.06,23.25],[-98.41,24.0],[-98.29,25.25],[-97.54,26.5],[-95.25,28.56],[-93.75,29.05],[-91.0,28.42],[-89.5,27.82],[-88.9,27.25],[-88.34,26.0],[-87.49,25.25],[-87.44,24.25],[-86.0,21.98],[-85.5,22.52],[-84.21,21.75],[-83.75,21.0],[-83.5,21.23],[-82.75,21.3],[-81.0,20.03],[-80.24,20.0],[-79.25,19.32],[-77.75,19.28],[-76.69,18.75],[-76.75,18.48],[-78.0,18.58],[-78.27,18.25],[-77.75,17.86],[-72.75,17.19],[-70.5,15.75],[-68.5,15.69],[-67.25,15.1],[-66.5,15.15],[-64.75,13.84],[-63.25,13.7],[-62.5,13.19],[-61.5,13.28],[-61.25,13.06],[-60.5,13.45],[-60.0,13.43],[-59.5,13.09],[-59.0,13.3],[-57.5,13.11],[-53.5,14.33],[-50.5,14.13],[-50.0,14.4],[-49.25,14.29],[-47.75,14.7],[-44.75,14.96],[-40.5,14.51],[-38.5,13.71],[-36.25,13.44],[-35.5,13.13],[-33.25,13.35],[-30.75,12.67],[-28.63,13.75],[-26.88,13.75],[-26.72,14.25],[-26.91,15.75],[-26.42,16.75],[-25.75,17.18],[-25.5,17.22],[-25.25,16.87],[-24.0,17.22],[-21.0,18.81],[-20.25,19.75],[-20.23,20.5],[-19.94,21.0],[-19.0,21.84],[-17.88,22.25],[-17.25,22.94],[-15.0,23.62],[-14.25,23.67],[-13.25,23.18],[-12.5,23.64],[-12.0,23.37],[-11.75,23.73],[-11.0,23.92],[-8.9,23.5],[-8.91,22.5],[-9.56,22.25],[-9.35,21.0],[-9.75,20.78],[-9.92,21.0],[-9.63,21.25],[-10.25,21.72],[-11.25,21.71],[-11.93,21.0],[-11.82,20.25],[-11.48,20.0],[-11.43,19.25],[-11.13,19.0],[-11.57,18.25],[-11.25,18.08],[-10.03,19.0],[-10.75,18.93],[-11.09,19.25],[-10.88,20.5],[-10.5,20.84],[-10.0,19.73],[-9.5,19.57],[-9.0,19.91],[-8.83,19.75],[-9.15,18.75],[-8.75,18.43],[-8.25,18.44],[-7.8,17.75],[-8.31,17.25],[-8.72,16.0],[-9.64,14.75],[-9.5,13.75],[-10.0,13.46],[-10.25,14.18],[-10.5,14.1],[-10.4,13.5],[-11.0,12.11],[-12.32,12.5],[-12.22,13.0],[-12.75,13.07],[-12.59,12.5],[-12.98,11.75],[-13.25,11.46],[-13.5,11.56],[-13.87,11.0],[-13.41,10.5],[-13.28,8.25],[-13.06,8.0],[-13.45,7.25],[-13.21,6.75],[-13.5,6.31],[-15.0,5.72],[-17.0,3.45],[-18.5,2.57],[-22.25,2.75],[-24.0,1.47],[-25.25,1.3],[-26.0,0.28],[-26.75,-0.02],[-26.86,0.5],[-26.5,0.33],[-26.39,0.75],[-27.25,1.31],[-27.93,0.75],[-28.5,0.66],[-28.75,-0.62],[-29.3,-0.5],[-29.44,0.25],[-29.75,0.58],[-30.27,0.25],[-30.25,-0.3],[-31.5,-0.42],[-31.75,-0.72],[-33.0,-0.1],[-33.5,-0.54],[-35.0,-0.13],[-35.41,-1.0],[-34.02,-1.5],[-34.75,-1.95],[-35.5,-1.6],[-35.64,-1.75],[-35.85,-3.0],[-35.26,-3.75],[-36.0,-4.91],[-37.75,-4.57],[-38.75,-3.73],[-39.0,-3.8],[-39.25,-4.35],[-39.75,-4.08],[-40.25,-4.53],[-40.5,-5.51],[-40.75,-5.55],[-41.0,-5.16],[-41.02,-6.5],[-40.45,-7.0],[-40.5,-7.51],[-39.31,-7.75],[-38.8,-8.5],[-39.0,-8.83],[-39.5,-8.87],[-40.25,-9.78],[-41.25,-10.02],[-41.5,-10.25],[-41.6,-11.0],[-42.25,-11.34],[-42.5,-11.19],[-42.73,-11.5],[-42.21,-13.5],[-42.61,-13.75],[-42.71,-14.75],[-43.02,-15.0],[-43.0,-15.77],[-43.75,-16.4],[-44.5,-16.11],[-44.75,-16.25],[-44.89,-15.75],[-44.45,-15.25],[-44.5,-14.75],[-45.0,-14.73],[-45.5,-14.15],[-46.05,-14.0],[-44.75,-13.75],[-44.57,-13.0],[-44.13,-12.75],[-44.25,-12.37],[-44.75,-12.74],[-46.25,-12.97],[-46.75,-14.6],[-47.04,-14.5],[-46.85,-13.75],[-47.75,-13.32],[-47.96,-14.5],[-48.5,-15.08],[-49.0,-15.02],[-49.25,-15.89],[-49.75,-16.0],[-49.18,-16.75],[-49.75,-17.25],[-50.0,-18.09],[-50.25,-18.17],[-50.98,-17.25],[-50.64,-16.75],[-50.75,-16.6],[-51.75,-17.0],[-51.94,-17.25],[-51.61,-17.75],[-51.82,-18.25],[-51.25,-18.36],[-50.75,-18.95],[-50.25,-18.88],[-50.39,-19.5],[-49.98,-19.75],[-50.82,-20.25],[-50.76,-20.75],[-51.71,-22.0],[-52.02,-23.25],[-51.82,-23.75],[-52.53,-24.25],[-52.27,-24.75],[-52.96,-25.0],[-52.63,-25.5],[-52.87,-26.25],[-52.5,-26.34],[-52.23,-26.75],[-52.76,-27.25],[-52.38,-28.25],[-54.0,-28.92],[-54.05,-29.25],[-54.5,-29.59],[-55.0,-29.5],[-56.42,-30.75],[-56.75,-31.5],[-56.67,-32.25],[-57.09,-32.75],[-56.86,-34.0],[-57.27,-36.75],[-57.92,-37.75],[-57.41,-38.0],[-57.25,-39.0],[-56.15,-41.25],[-55.73,-45.5],[-56.1,-47.75],[-57.01,-49.5],[-60.04,-53.0],[-65.35,-57.5],[-67.25,-58.72],[-69.75,-59.58],[-80.75,-61.39],[-83.25,-62.15],[-84.5,-62.95],[-85.11,-64.25],[-84.85,-65.0],[-82.35,-67.25],[-80.75,-68.23],[-80.0,-68.41],[-78.0,-68.6],[-76.25,-68.25],[-68.53,-64.0],[-66.33,-62.5],[-57.0,-59.35],[-51.47,-56.75],[-50.2,-55.75],[-48.86,-54.0],[-46.18,-47.25],[-44.7,-44.5],[-44.0,-43.74],[-42.25,-42.57],[-41.0,-41.29],[-34.25,-36.92],[-33.25,-36.63],[-32.25,-35.7],[-28.5,-33.31],[-26.5,-32.5],[-25.75,-32.48],[-25.0,-32.01],[-24.5,-32.1],[-24.12,-31.75],[-21.0,-30.56],[-19.5,-30.7],[-18.75,-30.01],[-13.25,-31.86],[-9.75,-33.36],[-8.96,-33.75],[-7.84,-35.25],[-6.75,-35.65],[-4.08,-38.25],[0.75,-44.41],[2.4,-48.5],[4.16,-51.0],[6.34,-52.0],[10.5,-52.11],[24.5,-49.95],[27.75,-49.7],[28.81,-49.5],[30.5,-48.57],[37.0,-50.61],[40.25,-51.37],[42.5,-51.69],[45.5,-51.73],[50.5,-50.97],[57.75,-49.33],[74.0,-47.05],[79.25,-45.63],[84.75,-43.65],[93.0,-41.82],[97.0,-41.4],[100.0,-41.37],[106.25,-41.95],[113.75,-43.62],[118.25,-45.19],[128.75,-49.52],[147.25,-55.12],[151.25,-56.01],[156.25,-56.71],[160.25,-56.85],[173.25,-55.1],[180.0,-55.12]]}},{"type":"Feature","properties":{"level":1012},"geometry":{"type":"LineString","coordinates":[[94.25,23.06],[94.19,24.25],[94.5,24.6],[94.8,24.5],[94.78,24.25],[94.25,23.06]]}},{"type":"Feature","properties":{"level":1012},"geometry":{"type":"LineString","coordinates":[[111.97,23.5],[112.31,23.5],[111.97,23.5]]}},{"type":"Feature","properties":{"level":1012},"geometry":{"type":"LineString","coordinates":[[115.75,23.88],[115.53,24.0],[115.75,24.25],[115.75,23.88]]}},{"type":"Feature","properties":{"level":1012},"geometry":{"type":"LineString","coordinates":[[115.0,24.22],[115.29,24.25],[115.0,24.22]]}},{"type":"Feature","properties":{"level":1012},"geometry":{"type":"LineString","coordinates":[[97.25,24.93],[97.5,25.55],[97.5,25.0],[97.25,24.93]]}},{"type":"Feature","properties":{"level":1012},"geometry":{"type":"LineString","coordinates":[[97.5,25.89],[97.5,26.05],[97.5,25.89]]}},{"type":"Feature","properties":{"level":1012},"geometry":{"type":"LineString","coordinates":[[68.25,26.24],[67.5,26.48],[67.42,26.75],[67.67,28.0],[67.5,28.75],[67.75,29.55],[68.0,29.5],[68.35,28.75],[69.1,28.25],[68.67,27.75],[68.25,26.24]]}},{"type":"Feature","properties":{"level":1012},"geometry":{"type":"LineString","coordinates":[[70.0,28.83],[70.58,30.5],[70.21,32.0],[70.67,32.5],[70.69,33.0],[71.25,32.82],[71.87,33.0],[71.74,32.75],[72.0,32.35],[73.25,32.67],[73.75,33.03],[75.52,30.75],[75.5,30.5],[74.5,29.81],[70.0,28.83]]}},{"type":"Feature","properties":{"level":1012},"geometry":{"type":"LineString","coordinates":[[88.75,28.99],[88.08,29.25],[89.25,29.52],[90.19,29.25],[89.5,28.81],[88.75,28.99]]}},{"type":"Feature","properties":{"level":1012},"geometry":{"type":"LineString","coordinates":[[90.5,29.24],[91.06,30.0],[91.97,30.0],[91.18,29.5],[92.12,29.25],[90.75,29.09],[90.5,29.24]]}},{"type":"Feature","properties":{"level":1012},"geometry":{"type":"LineString","coordinates":[[101.75,30.66],[102.0,31.75],[102.32,31.0],[102.0,30.58],[101.75,30.66]]}},{"type":"Feature","properties":{"level":1012},"geometry":{"type":"LineString","coordinates":[[70.84,32.25],[71.07,32.25],[71.0,32.64],[70.84,32.25]]}},{"type":"Feature","properties":{"level":1012},"geometry":{"type":"LineString","coordinates":[[71.75,34.14],[72.17,34.25],[71.75,34.14]]}},{"type":"Feature","properties":{"level":1012},"geometry":{"type":"LineString","coordinates":[[-118.0,34.67],[-118.2,34.75],[-118.0,35.05],[-117.07,35.0],[-118.0,34.67]]}},{"type":"Feature","properties":{"level":1012},"geometry":{"type":"LineString","coordinates":[[-114.75,35.28],[-115.18,36.25],[-114.79,36.5],[-114.75,36.8],[-114.25,36.85],[-114.22,36.0],[-114.62,35.75],[-114.75,35.28]]}},{"type":"Feature","properties":{"level":1012},"geometry":{"type":"LineString","coordinates":[[-121.58,36.0],[-121.25,35.84],[-121.0,36.26],[-120.5,35.79],[-120.41,36.0],[-121.5,37.61],[-121.75,37.6],[-121.93,37.25],[-121.38,37.0],[-121.85,36.5],[-121.89,36.25],[-121.58,36.0]]}},{"type":"Feature","properties":{"level":1012},"geometry":{"type":"LineString","coordinates":[[180.0,42.15],[177.75,41.63],[175.75,41.53],[173.91,42.5],[172.0,43.09],[167.0,42.82],[162.5,42.9],[158.0,43.29],[154.72,44.0],[150.75,46.0],[147.25,49.24],[143.25,52.38],[139.5,54.4],[137.5,54.73],[136.25,55.41],[137.33,56.5],[137.62,57.5],[137.25,57.96],[130.25,59.67],[123.81,61.75],[124.3,62.25],[119.75,64.48],[116.75,65.6],[102.06,68.0],[100.76,68.0],[100.57,68.25],[98.77,68.75],[97.25,69.48],[86.3,72.25],[79.25,74.78],[76.0,75.42],[72.5,75.62],[60.75,74.47],[57.5,74.46],[56.5,74.94],[52.5,74.31],[48.0,74.01],[29.0,74.81],[23.0,74.58],[21.0,74.24],[13.0,71.42],[9.5,69.36],[8.65,68.5],[8.3,67.75],[8.29,66.75],[8.66,66.0],[8.5,65.17],[7.5,65.27],[7.0,65.05],[6.92,64.75],[7.22,64.5],[6.53,64.0],[6.5,63.7],[7.5,63.25],[7.25,63.08],[6.25,63.36],[5.75,62.7],[2.25,61.49],[-3.25,62.36],[-6.5,62.02],[-16.52,59.5],[-18.94,58.75],[-28.5,54.79],[-38.25,51.28],[-52.25,45.66],[-61.25,43.18],[-63.25,43.23],[-63.75,43.42],[-63.94,43.75],[-62.9,45.25],[-62.29,45.75],[-62.91,46.5],[-63.25,46.56],[-64.65,49.0],[-65.7,49.5],[-66.25,50.25],[-65.38,51.0],[-65.4,51.5],[-65.84,52.0],[-67.25,52.7],[-71.75,54.19],[-81.25,55.51],[-86.12,56.5],[-89.56,57.5],[-92.75,59.17],[-94.5,60.64],[-95.96,61.5],[-97.25,62.85],[-100.25,64.88],[-101.0,65.91],[-102.8,66.5],[-104.62,67.75],[-105.58,68.75],[-106.41,70.5],[-107.79,72.25],[-107.75,73.21],[-108.65,74.0],[-109.12,75.0],[-107.81,75.75],[-108.48,76.25],[-108.8,77.25],[-108.81,78.25],[-108.51,79.0],[-107.41,80.25],[-105.75,81.42],[-98.38,85.0],[-96.37,86.25],[-96.02,86.75],[-96.29,87.25],[-98.25,87.65],[-103.75,88.13],[-119.25,89.0],[-180.0,89.16]]}},{"type":"Feature","properties":{"level":1012},"geometry":{"type":"LineString","coordinates":[[-103.5,42.72],[-105.06,43.25],[-105.65,44.0],[-105.5,44.18],[-104.75,43.7],[-103.5,43.56],[-103.21,44.25],[-103.94,45.0],[-103.75,45.69],[-103.25,45.86],[-103.41,45.5],[-102.53,45.0],[-101.5,44.99],[-101.23,44.5],[-101.47,44.25],[-101.19,43.75],[-102.97,42.75],[-103.5,42.72]]}},{"type":"Feature","properties":{"level":1012},"geometry":{"type":"LineString","coordinates":[[116.25,42.96],[114.5,43.1],[114.22,43.5],[114.33,44.0],[116.0,44.93],[116.92,44.75],[116.87,43.0],[116.5,42.77],[116.25,42.96]]}},{"type":"Feature","properties":{"level":1012},"geometry":{"type":"LineString","coordinates":[[61.75,43.41],[61.0,43.74],[60.95,44.0],[61.58,45.5],[62.71,46.25],[63.5,46.46],[63.75,46.32],[64.11,45.75],[63.47,44.75],[63.32,44.0],[61.75,43.41]]}},{"type":"Feature","properties":{"level":1012},"geometry":{"type":"LineString","coordinates":[[-106.0,44.41],[-106.83,45.0],[-107.0,45.48],[-107.5,45.54],[-107.75,45.3],[-108.66,45.75],[-107.22,47.0],[-107.5,47.23],[-108.0,47.18],[-108.19,47.5],[-107.25,48.5],[-106.9,49.25],[-107.5,49.78],[-108.12,51.25],[-107.25,52.1],[-107.12,52.75],[-106.75,52.81],[-106.38,53.5],[-105.75,53.82],[-105.5,54.26],[-101.75,55.07],[-99.86,54.75],[-100.47,54.25],[-99.91,54.0],[-100.25,53.39],[-101.75,53.27],[-102.1,53.0],[-101.56,52.75],[-102.17,52.25],[-101.15,52.0],[-101.66,51.5],[-101.65,51.25],[-101.24,51.0],[-101.29,50.25],[-101.89,49.5],[-101.49,48.25],[-103.75,46.33],[-103.95,45.75],[-104.83,45.75],[-104.92,44.75],[-106.0,44.41]]}},{"type":"Feature","properties":{"level":1012},"geometry":{"type":"LineString","coordinates":[[62.25,52.24],[58.5,52.55],[58.17,52.75],[58.22,53.25],[57.25,54.34],[55.75,53.88],[54.5,53.86],[52.53,54.75],[53.09,56.0],[54.61,57.5],[57.75,58.61],[58.5,58.73],[59.5,58.55],[61.25,58.9],[65.52,58.5],[67.25,58.11],[71.25,56.05],[71.73,55.0],[71.0,54.07],[69.75,53.26],[67.75,53.09],[67.25,52.68],[66.0,52.74],[64.0,52.39],[63.0,52.51],[62.25,52.24]]}},{"type":"Feature","properties":{"level":1012},"geometry":{"type":"LineString","coordinates":[[-101.25,52.97],[-101.25,53.22],[-101.25,52.97]]}},{"type":"Feature","properties":{"level":1012},"geometry":{"type":"LineString","coordinates":[[-106.25,60.2],[-107.05,60.5],[-107.0,60.86],[-107.84,61.0],[-106.5,60.9],[-105.58,60.25],[-106.25,60.2]]}},{"type":"Feature","properties":{"level":1012},"geometry":{"type":"LineString","coordinates":[[7.75,63.88],[7.25,64.42],[7.84,64.25],[7.75,63.88]]}},{"type":"Feature","properties":{"level":1012},"geometry":{"type":"LineString","coordinates":[[-37.14,69.25],[-35.11,69.25],[-35.69,69.5],[-35.25,69.77],[-34.5,69.81],[-32.81,70.75],[-32.3,71.5],[-32.39,72.25],[-34.59,73.25],[-34.43,73.5],[-34.8,73.75],[-33.45,74.5],[-32.14,74.75],[-33.75,75.97],[-39.25,77.01],[-41.01,77.0],[-39.97,76.5],[-39.9,76.25],[-40.75,76.06],[-41.1,75.5],[-40.03,74.5],[-40.51,74.25],[-39.75,74.07],[-38.5,74.27],[-37.25,73.84],[-37.02,72.5],[-38.4,71.25],[-38.83,70.25],[-38.5,69.44],[-37.75,69.89],[-37.14,69.25]]}},{"type":"Feature","properties":{"level":1012},"geometry":{"type":"LineString","coordinates":[[-155.5,72.24],[-158.25,72.82],[-159.03,73.25],[-159.21,73.75],[-157.7,74.5],[-154.25,75.21],[-151.25,75.49],[-149.28,75.25],[-149.33,73.5],[-149.79,73.0],[-152.5,72.4],[-155.5,72.24]]}},{"type":"Feature","properties":{"level":1012},"geometry":{"type":"LineString","coordinates":[[-180.0,73.79],[-177.0,72.88],[-171.87,71.75],[-166.27,70.0],[-167.5,69.91],[-169.5,70.32],[-173.45,70.0],[-173.75,69.75],[-173.59,67.5],[-177.28,66.0],[-177.79,64.0],[-177.5,62.46],[-176.5,61.51],[-172.64,59.25],[-169.25,58.13],[-167.0,58.02],[-164.5,58.79],[-161.25,60.31],[-160.26,60.0],[-160.0,59.38],[-159.5,59.1],[-156.5,59.6],[-155.0,59.53],[-154.78,59.25],[-154.9,58.75],[-154.25,58.38],[-151.5,59.07],[-146.0,58.71],[-144.04,58.25],[-143.13,57.75],[-141.75,55.5],[-141.41,54.0],[-142.85,49.75],[-142.85,49.25],[-142.45,48.75],[-142.5,48.29],[-143.95,46.25],[-146.0,41.66],[-146.25,41.54],[-146.71,42.0],[-147.15,43.0],[-146.97,43.25],[-147.25,43.26],[-150.5,40.61],[-153.81,39.0],[-156.0,38.56],[-157.25,38.92],[-158.07,39.5],[-161.23,40.5],[-162.64,41.5],[-164.25,42.1],[-165.22,42.75],[-166.5,43.12],[-167.5,43.87],[-169.0,44.3],[-169.5,45.1],[-171.23,45.5],[-173.5,45.26],[-175.18,44.75],[-178.0,42.71],[-180.0,42.15]]}},{"type":"Feature","properties":{"level":1012},"geometry":{"type":"LineString","coordinates":[[180.0,89.16],[119.5,88.72],[106.25,88.28],[100.58,87.75],[108.25,86.75],[134.0,85.94],[144.5,85.25],[164.25,84.48],[169.5,84.01],[172.93,82.0],[173.76,81.0],[174.24,78.75],[174.85,77.75],[177.59,75.25],[180.0,73.79]]}},{"type":"Feature","properties":{"level":1016},"geometry":{"type":"LineString","coordinates":[[180.0,-89.89],[125.85,-89.75],[133.75,-89.25],[154.32,-89.0],[147.51,-88.75],[180.0,-88.75]]}},{"type":"Feature","properties":{"level":1016},"geometry":{"type":"LineString","coordinates":[[-180.0,-88.75],[-163.76,-88.5],[-180.0,-88.37]]}},{"type":"Feature","properties":{"level":1016},"geometry":{"type":"LineString","coordinates":[[-144.98,-88.5],[-140.75,-88.63],[-123.21,-88.25],[-134.25,-87.99],[-142.25,-88.2],[-144.98,-88.5]]}},{"type":"Feature","properties":{"level":1016},"geometry":{"type":"LineString","coordinates":[[180.0,-88.37],[173.16,-88.25],[173.29,-88.0],[172.49,-87.75],[165.75,-87.45],[150.8,-87.25],[140.25,-86.16],[133.5,-86.06],[127.84,-85.5],[126.9,-84.75],[128.5,-84.25],[128.91,-83.75],[129.86,-83.5],[129.24,-83.25],[127.5,-83.14],[118.96,-83.25],[116.39,-82.75],[118.75,-82.45],[119.46,-81.75],[121.0,-81.36],[124.25,-80.88],[127.61,-80.75],[130.54,-80.0],[132.2,-79.0],[131.38,-78.5],[131.13,-77.5],[130.62,-77.0],[123.25,-76.3],[112.75,-76.86],[108.0,-76.66],[103.93,-76.0],[103.74,-75.75],[104.17,-75.5],[104.0,-75.25],[101.45,-74.25],[97.25,-73.59],[94.75,-73.75],[92.4,-74.5],[92.05,-75.0],[92.39,-77.0],[92.0,-77.12],[90.75,-77.13],[85.77,-78.0],[76.75,-78.14],[75.62,-78.5],[76.0,-78.8],[78.55,-79.25],[69.25,-79.97],[63.0,-80.0],[58.5,-79.27],[55.84,-78.25],[55.52,-77.75],[54.25,-76.98],[50.75,-76.14],[47.0,-75.99],[45.25,-76.32],[43.75,-76.07],[41.93,-77.5],[40.63,-77.5],[40.42,-77.25],[41.82,-76.75],[41.96,-76.25],[41.26,-76.0],[43.22,-75.25],[42.75,-75.17],[36.25,-75.41],[27.5,-75.16],[26.97,-75.25],[27.25,-75.5],[26.72,-76.0],[27.25,-76.38],[28.75,-76.66],[37.84,-77.25],[39.03,-78.0],[36.87,-78.75],[31.33,-80.0],[31.4,-80.25],[33.29,-80.75],[39.25,-81.38],[41.87,-82.0],[42.34,-82.25],[42.29,-82.5],[41.4,-83.0],[41.47,-83.25],[42.9,-84.0],[43.37,-84.5],[45.94,-85.25],[43.55,-85.75],[42.64,-86.25],[43.67,-86.75],[37.96,-87.5],[41.36,-88.0],[39.83,-88.5],[73.17,-89.25],[45.5,-89.67],[4.38,-89.5],[37.95,-88.75],[31.75,-88.39],[31.0,-88.25],[30.55,-87.75],[30.0,-87.7],[20.0,-87.48],[-4.25,-87.99],[-12.5,-88.48],[-57.75,-88.38],[-81.5,-88.99],[-83.75,-89.27],[-100.5,-89.52],[-180.0,-89.89]]}},{"type":"Feature","properties":{"level":1016},"geometry":{"type":"LineString","coordinates":[[68.25,-84.01],[64.41,-83.5],[65.25,-83.25],[67.25,-83.26],[74.75,-83.52],[75.19,-83.75],[73.25,-84.01],[68.25,-84.01]]}},{"type":"Feature","properties":{"level":1016},"geometry":{"type":"LineString","coordinates":[[72.25,-82.77],[70.52,-82.5],[70.75,-82.21],[73.45,-81.5],[73.55,-81.0],[76.25,-80.34],[77.5,-80.24],[79.25,-80.5],[79.03,-81.0],[79.5,-81.29],[83.8,-81.5],[76.25,-82.67],[72.25,-82.77]]}},{"type":"Feature","properties":{"level":1016},"geometry":{"type":"LineString","coordinates":[[48.0,-82.51],[44.57,-82.0],[47.5,-81.92],[52.17,-82.5],[48.0,-82.51]]}},{"type":"Feature","properties":{"level":1016},"geometry":{"type":"LineString","coordinates":[[-180.0,-53.85],[-178.33,-53.5],[-177.25,-52.75],[-176.27,-51.25],[-176.01,-48.75],[-175.34,-47.5],[-174.09,-46.0],[-167.73,-41.0],[-167.0,-39.68],[-164.25,-39.04],[-152.0,-37.72],[-140.25,-35.46],[-137.0,-35.07],[-134.75,-34.35],[-134.66,-34.0],[-132.0,-33.2],[-130.25,-32.29],[-129.68,-31.75],[-129.82,-31.0],[-129.5,-30.63],[-128.75,-30.2],[-128.5,-29.74],[-128.0,-29.9],[-127.74,-29.75],[-127.36,-29.0],[-127.63,-28.75],[-127.5,-27.9],[-126.86,-28.25],[-127.39,-28.5],[-126.5,-28.49],[-126.56,-28.0],[-126.11,-27.25],[-126.3,-27.0],[-125.94,-26.75],[-126.87,-25.75],[-126.37,-25.25],[-126.75,-24.46],[-127.24,-24.5],[-127.0,-25.3],[-128.71,-24.0],[-128.75,-23.5],[-129.75,-23.2],[-132.5,-21.64],[-133.25,-21.52],[-133.75,-21.0],[-134.5,-20.78],[-135.5,-20.08],[-140.0,-18.99],[-140.75,-19.23],[-143.0,-18.51],[-143.68,-18.5],[-144.05,-18.0],[-144.5,-17.84],[-145.0,-18.06],[-147.25,-17.17],[-148.75,-17.22],[-149.5,-17.35],[-150.0,-17.83],[-152.25,-18.01],[-153.5,-17.84],[-153.72,-17.5],[-154.5,-17.21],[-160.0,-16.87],[-165.25,-17.04],[-167.0,-17.37],[-171.25,-17.21],[-172.5,-16.57],[-174.75,-16.86],[-175.75,-16.5],[-176.0,-16.87],[-177.75,-16.92],[-180.0,-16.68]]}},{"type":"Feature","properties":{"level":1016},"geometry":{"type":"LineString","coordinates":[[-97.88,-40.75],[-95.5,-40.43],[-92.0,-38.9],[-91.5,-39.2],[-90.75,-39.16],[-87.5,-36.9],[-86.25,-36.38],[-85.25,-36.48],[-81.25,-35.35],[-77.75,-35.12],[-73.75,-35.59],[-73.0,-35.85],[-72.75,-36.63],[-71.75,-37.36],[-71.04,-36.75],[-70.5,-36.64],[-70.58,-36.0],[-69.83,-34.75],[-70.05,-34.5],[-69.75,-34.1],[-69.5,-34.29],[-69.39,-34.0],[-69.39,-33.0],[-69.85,-32.0],[-69.77,-30.75],[-69.25,-28.78],[-68.36,-27.75],[-68.37,-27.25],[-67.91,-26.75],[-68.25,-25.75],[-67.75,-25.45],[-68.14,-24.75],[-67.5,-24.37],[-67.25,-24.77],[-67.0,-24.52],[-66.75,-24.67],[-66.95,-25.0],[-66.75,-25.1],[-66.5,-25.05],[-66.19,-24.5],[-66.58,-23.5],[-66.5,-21.52],[-67.29,-21.75],[-67.49,-21.25],[-67.32,-21.0],[-67.58,-20.75],[-66.5,-21.24],[-66.35,-20.75],[-66.54,-20.25],[-66.07,-19.25],[-66.6,-18.5],[-66.75,-17.69],[-67.5,-16.85],[-66.71,-19.25],[-67.0,-19.22],[-67.51,-19.75],[-68.37,-19.0],[-68.25,-18.56],[-67.57,-18.25],[-68.0,-17.79],[-68.25,-18.11],[-68.67,-17.5],[-68.25,-17.6],[-67.81,-17.25],[-68.5,-16.59],[-69.0,-16.7],[-70.04,-15.75],[-69.91,-15.5],[-70.15,-15.0],[-69.75,-15.02],[-69.25,-15.53],[-68.74,-15.25],[-69.0,-14.6],[-69.95,-13.75],[-71.5,-13.16],[-72.0,-12.34],[-72.25,-12.31],[-72.29,-12.75],[-73.5,-13.16],[-74.33,-12.25],[-74.61,-11.5],[-75.37,-11.0],[-75.36,-10.5],[-75.75,-9.65],[-76.34,-9.25],[-77.46,-6.75],[-77.37,-6.0],[-77.75,-5.67],[-78.04,-5.75],[-78.0,-7.07],[-78.29,-6.5],[-78.75,-6.24],[-79.05,-7.0],[-78.47,-7.5],[-78.62,-8.0],[-78.18,-8.5],[-78.11,-9.25],[-77.28,-11.0],[-76.02,-13.25],[-74.11,-15.5],[-73.0,-15.64],[-72.75,-15.96],[-72.5,-15.86],[-71.75,-16.24],[-70.96,-16.75],[-70.75,-17.31],[-70.24,-17.5],[-70.2,-18.0],[-69.75,-18.51],[-69.25,-19.86],[-69.06,-22.25],[-68.65,-22.5],[-69.12,-23.25],[-68.75,-23.49],[-68.25,-22.79],[-67.96,-23.25],[-68.25,-23.94],[-68.75,-23.54],[-69.47,-25.0],[-69.44,-27.0],[-69.77,-28.0],[-70.21,-28.5],[-70.22,-29.0],[-70.68,-29.25],[-70.74,-31.0],[-71.17,-31.5],[-70.75,-31.99],[-70.75,-32.59],[-71.31,-32.0],[-71.3,-31.5],[-72.15,-30.25],[-72.95,-27.5],[-73.58,-26.25],[-73.5,-25.71],[-72.99,-25.25],[-73.5,-23.77],[-74.83,-23.0],[-75.01,-22.5],[-74.69,-22.5],[-74.77,-22.25],[-75.25,-22.1],[-75.62,-21.5],[-78.13,-20.25],[-78.0,-19.89],[-77.02,-20.0],[-77.0,-19.67],[-78.75,-18.95],[-79.25,-18.43],[-81.75,-17.71],[-83.0,-17.05],[-83.33,-16.75],[-83.0,-16.5],[-83.12,-16.0],[-82.91,-15.75],[-83.5,-15.5],[-86.5,-15.41],[-90.75,-14.55],[-101.25,-15.3],[-105.0,-14.84],[-105.75,-15.0],[-106.5,-14.77],[-108.75,-15.26],[-110.5,-15.24],[-111.0,-15.88],[-112.5,-16.45],[-113.0,-16.4],[-112.75,-17.09],[-114.01,-17.25],[-114.0,-17.57],[-113.75,-17.25],[-113.63,-18.0],[-114.25,-18.23],[-114.45,-19.75],[-114.77,-20.0],[-114.5,-20.8],[-114.0,-21.38],[-113.5,-21.57],[-112.78,-22.75],[-112.76,-23.25],[-111.43,-24.5],[-108.25,-26.5],[-105.76,-27.5],[-104.0,-28.83],[-102.94,-30.0],[-102.96,-30.5],[-103.8,-31.25],[-102.69,-32.0],[-102.0,-33.5],[-102.0,-34.36],[-102.67,-35.0],[-102.76,-36.0],[-102.27,-36.5],[-102.24,-37.25],[-101.75,-38.38],[-100.25,-39.96],[-98.5,-40.32],[-97.88,-40.75]]}},{"type":"Feature","properties":{"level":1016},"geometry":{"type":"LineString","coordinates":[[148.25,-37.06],[148.09,-36.75],[149.0,-35.64],[149.4,-36.0],[149.29,-37.0],[148.25,-37.06]]}},{"type":"Feature","properties":{"level":1016},"geometry":{"type":"LineString","coordinates":[[147.5,-35.38],[147.61,-34.75],[146.98,-33.25],[147.48,-32.75],[147.21,-31.5],[147.75,-31.38],[148.63,-32.5],[148.79,-34.0],[148.17,-34.75],[148.17,-35.25],[147.5,-35.38]]}},{"type":"Feature","properties":{"level":1016},"geometry":{"type":"LineString","coordinates":[[-102.31,-33.75],[-102.25,-33.99],[-102.14,-33.75],[-102.31,-33.75]]}},{"type":"Feature","properties":{"level":1016},"geometry":{"type":"LineString","coordinates":[[151.0,-33.56],[150.48,-33.0],[150.4,-32.25],[150.75,-32.07],[151.75,-32.3],[151.85,-32.5],[151.75,-32.9],[151.0,-33.56]]}},{"type":"Feature","properties":{"level":1016},"geometry":{"type":"LineString","coordinates":[[-49.75,-32.3],[-49.98,-32.25],[-49.75,-32.3]]}},{"type":"Feature","properties":{"level":1016},"geometry":{"type":"LineString","coordinates":[[148.5,-28.52],[148.5,-28.19],[148.75,-28.28],[148.75,-28.58],[148.5,-28.52]]}},{"type":"Feature","properties":{"level":1016},"geometry":{"type":"LineString","coordinates":[[146.75,-28.07],[146.08,-27.25],[146.25,-27.13],[147.0,-27.08],[147.82,-27.5],[147.25,-27.59],[146.75,-28.07]]}},{"type":"Feature","properties":{"level":1016},"geometry":{"type":"LineString","coordinates":[[126.5,-26.8],[126.35,-26.75],[126.5,-26.61],[126.5,-26.8]]}},{"type":"Feature","properties":{"level":1016},"geometry":{"type":"LineString","coordinates":[[125.18,-26.25],[125.9,-26.25],[125.25,-25.76],[125.05,-26.0],[125.18,-26.25]]}},{"type":"Feature","properties":{"level":1016},"geometry":{"type":"LineString","coordinates":[[142.0,-25.76],[142.0,-25.5],[142.0,-25.76]]}},{"type":"Feature","properties":{"level":1016},"geometry":{"type":"LineString","coordinates":[[-27.25,-25.54],[-27.55,-25.0],[-26.86,-25.5],[-27.25,-25.54]]}},{"type":"Feature","properties":{"level":1016},"geometry":{"type":"LineString","coordinates":[[126.55,-25.5],[127.01,-25.5],[126.75,-24.4],[125.97,-24.75],[126.55,-25.5]]}},{"type":"Feature","properties":{"level":1016},"geometry":{"type":"LineString","coordinates":[[-73.14,-24.25],[-73.0,-24.38],[-73.14,-24.25]]}},{"type":"Feature","properties":{"level":1016},"geometry":{"type":"LineString","coordinates":[[-70.28,-22.5],[-70.25,-22.17],[-70.28,-22.5]]}},{"type":"Feature","properties":{"level":1016},"geometry":{"type":"LineString","coordinates":[[-70.05,-21.5],[-69.65,-21.25],[-70.25,-18.87],[-70.41,-19.5],[-70.18,-20.0],[-70.39,-20.5],[-70.05,-21.5]]}},{"type":"Feature","properties":{"level":1016},"geometry":{"type":"LineString","coordinates":[[-113.5,-21.05],[-113.67,-20.5],[-113.5,-20.38],[-113.2,-20.75],[-113.5,-21.05]]}},{"type":"Feature","properties":{"level":1016},"geometry":{"type":"LineString","coordinates":[[139.17,-17.25],[139.5,-17.31],[139.57,-17.0],[139.0,-16.47],[138.87,-16.75],[139.17,-17.25]]}},{"type":"Feature","properties":{"level":1016},"geometry":{"type":"LineString","coordinates":[[-68.16,-16.5],[-67.67,-16.5],[-68.18,-15.75],[-68.75,-15.85],[-68.16,-16.5]]}},{"type":"Feature","properties":{"level":1016},"geometry":{"type":"LineString","coordinates":[[180.0,-16.68],[179.5,-16.46],[177.82,-17.5],[177.58,-18.0],[177.91,-18.75],[177.75,-18.96],[177.0,-18.88],[176.25,-19.63],[175.5,-18.75],[175.0,-19.13],[174.5,-18.86],[173.75,-19.26],[173.25,-18.97],[171.75,-19.45],[170.25,-20.48],[170.03,-21.0],[168.55,-21.5],[167.5,-22.87],[167.0,-22.87],[165.58,-22.0],[165.68,-21.5],[165.5,-21.39],[165.25,-21.68],[164.75,-21.58],[163.5,-22.0],[161.5,-21.84],[160.98,-21.5],[159.54,-19.25],[157.66,-18.0],[152.75,-15.85],[151.0,-15.21],[150.5,-15.26],[147.0,-13.33],[144.25,-12.94],[143.5,-12.63],[143.13,-13.0],[143.17,-14.0],[143.5,-14.31],[144.25,-14.18],[144.72,-14.75],[144.84,-16.5],[145.11,-17.0],[144.57,-18.5],[145.06,-19.0],[145.0,-19.22],[144.25,-19.14],[143.8,-19.5],[143.79,-19.75],[144.72,-20.75],[144.43,-21.75],[144.79,-22.0],[144.0,-21.86],[142.69,-22.5],[142.5,-23.0],[142.58,-24.25],[141.5,-25.35],[141.02,-25.0],[141.0,-24.59],[140.5,-24.77],[140.25,-24.38],[140.13,-24.75],[139.75,-24.9],[138.5,-24.66],[136.41,-23.75],[135.5,-23.65],[135.23,-23.5],[135.25,-23.21],[134.26,-23.25],[134.17,-23.75],[133.75,-23.83],[133.0,-23.62],[132.75,-23.77],[131.75,-23.24],[130.0,-23.13],[129.25,-22.86],[128.38,-23.0],[127.89,-24.25],[127.73,-25.0],[128.51,-25.25],[128.48,-26.5],[128.02,-27.0],[127.75,-26.48],[127.25,-26.78],[126.75,-26.36],[126.0,-26.43],[126.0,-27.01],[124.75,-26.55],[124.25,-26.84],[124.0,-26.18],[122.25,-26.96],[121.75,-26.83],[121.0,-27.04],[120.0,-26.79],[119.0,-26.19],[118.41,-25.75],[117.25,-24.1],[114.52,-22.5],[115.0,-21.58],[116.82,-20.0],[118.05,-18.25],[118.15,-18.0],[117.78,-17.0],[118.48,-17.0],[118.37,-17.75],[119.25,-18.58],[119.42,-17.75],[118.87,-17.0],[119.54,-16.75],[119.47,-16.5],[115.91,-14.25],[113.5,-13.4],[110.5,-12.55],[107.25,-12.32],[105.75,-11.85],[101.75,-11.92],[99.25,-11.66],[96.75,-12.01],[94.75,-11.88],[86.5,-9.2],[84.5,-9.47],[81.25,-9.25],[78.5,-9.64],[78.0,-9.4],[75.5,-10.14],[73.25,-9.71],[72.25,-10.01],[70.75,-10.0],[70.25,-10.65],[69.25,-10.86],[68.25,-10.46],[67.8,-9.75],[68.04,-9.0],[67.75,-6.62],[66.25,-5.82],[65.5,-4.75],[65.5,-4.17],[65.04,-4.0],[65.4,-3.0],[64.76,-2.0],[63.44,-2.25],[63.0,-1.23],[62.75,-1.31],[62.58,-1.0],[62.82,-0.75],[62.75,-0.47],[62.24,-0.5],[62.36,0.0],[63.35,1.0],[62.85,1.75],[63.12,2.5],[62.75,2.68],[62.9,3.0],[62.35,3.5],[62.25,4.25],[63.1,5.0],[62.25,5.54],[62.0,5.21],[61.5,5.85],[61.25,5.64],[61.2,6.5],[62.0,6.41],[62.46,6.75],[63.11,8.25],[63.37,10.0],[64.0,10.83],[64.93,11.25],[65.97,12.25],[66.5,12.27],[67.91,13.5],[68.13,15.25],[68.56,16.5],[69.82,19.25],[70.26,19.75],[70.34,20.5],[69.94,21.5],[71.25,21.87],[71.86,23.25],[71.5,23.66],[70.83,23.5],[70.88,23.75],[71.52,24.0],[71.25,24.35],[70.5,24.2],[70.0,23.41],[69.01,23.75],[69.75,24.03],[67.75,23.94],[67.25,24.62],[65.04,25.0],[63.72,25.5],[65.0,26.68],[66.0,27.06],[66.25,26.94],[66.62,27.25],[67.5,30.09],[68.25,30.08],[68.75,30.62],[69.69,31.0],[69.92,31.5],[69.75,31.61],[69.25,30.88],[69.0,30.94],[69.25,31.5],[69.07,32.0],[69.89,32.5],[70.01,32.75],[69.69,33.25],[70.0,33.7],[70.95,33.75],[70.9,34.0],[69.68,34.5],[70.25,34.85],[70.75,34.67],[71.25,35.01],[73.0,35.05],[73.05,34.75],[73.75,34.41],[74.5,33.33],[75.34,33.25],[75.44,32.75],[76.0,32.6],[77.09,31.75],[77.0,31.45],[77.45,30.75],[77.81,30.75],[77.72,31.0],[78.0,31.01],[79.34,30.25],[79.0,30.0],[80.5,29.8],[83.0,28.15],[84.25,28.26],[87.0,27.16],[87.25,27.56],[87.93,27.25],[87.76,27.0],[88.0,26.89],[88.5,27.33],[88.75,27.01],[89.75,26.89],[89.88,27.25],[89.75,27.39],[89.5,27.15],[89.18,27.5],[89.75,27.66],[90.19,27.5],[90.14,27.0],[90.67,27.0],[91.13,27.25],[91.25,27.84],[91.5,27.52],[91.95,27.5],[91.46,27.0],[91.75,26.9],[93.0,27.57],[93.12,27.25],[93.34,27.25],[93.47,27.5],[93.26,28.0],[94.5,28.19],[95.0,28.59],[95.5,28.42],[95.75,28.77],[96.0,28.22],[96.75,28.07],[97.05,28.25],[97.0,27.95],[96.46,27.75],[96.75,27.45],[97.25,27.76],[98.0,27.74],[98.75,27.02],[99.0,27.93],[97.5,28.96],[97.25,30.13],[98.25,29.32],[99.25,30.39],[99.47,30.25],[99.09,30.0],[99.18,29.5],[100.0,29.06],[100.75,29.25],[100.26,29.5],[99.83,30.25],[100.0,30.64],[100.75,30.65],[100.85,31.0],[100.25,31.7],[99.68,31.75],[99.75,31.96],[100.25,31.85],[100.75,32.14],[100.75,33.07],[101.75,32.67],[102.1,33.0],[101.62,34.0],[101.0,34.24],[100.61,34.75],[101.25,34.9],[101.75,35.34],[102.75,34.54],[102.49,34.25],[102.96,34.0],[102.85,33.5],[103.06,33.0],[102.6,32.5],[103.0,32.42],[103.25,32.81],[103.6,32.5],[103.5,31.87],[102.75,31.36],[102.78,31.0],[102.37,30.75],[101.78,29.75],[101.41,29.0],[101.5,28.66],[102.25,28.51],[102.75,27.64],[103.5,27.22],[105.0,26.89],[106.2,27.5],[106.0,27.75],[106.53,28.5],[106.5,28.85],[106.0,29.05],[105.75,28.56],[105.25,28.57],[105.0,29.16],[104.75,29.28],[104.09,29.0],[103.13,30.0],[103.6,31.0],[104.19,31.5],[104.11,32.0],[104.83,32.75],[104.5,33.0],[105.5,33.01],[106.0,33.86],[106.3,33.5],[105.99,32.75],[106.25,32.55],[107.0,32.56],[107.71,32.25],[109.56,31.0],[109.25,30.9],[109.25,30.6],[110.0,30.79],[110.5,30.5],[110.25,30.05],[109.19,29.75],[108.96,28.75],[108.5,28.68],[108.84,28.0],[108.61,27.75],[108.75,27.35],[109.75,27.11],[110.75,27.63],[111.42,27.5],[111.75,28.02],[112.75,27.44],[113.75,27.49],[113.75,28.08],[113.25,27.86],[113.15,28.25],[114.45,29.5],[114.18,30.25],[115.0,30.92],[115.25,31.56],[115.75,31.17],[116.25,31.11],[117.5,31.73],[118.75,31.87],[120.0,31.44],[120.5,30.98],[121.5,31.15],[121.75,30.97],[123.25,30.96],[124.0,31.33],[124.75,31.23],[125.75,32.35],[126.75,32.28],[130.0,33.58],[130.98,33.0],[131.16,32.25],[131.0,31.86],[131.5,31.43],[134.0,31.85],[137.0,33.14],[146.25,33.14],[155.25,34.21],[157.25,35.01],[159.25,35.43],[161.86,36.5],[163.25,36.72],[163.3,36.5],[162.87,36.25],[158.5,34.01],[157.36,32.25],[157.26,31.5],[158.25,29.6],[161.25,27.09],[162.75,26.74],[164.0,26.06],[167.0,24.98],[176.0,26.3],[180.0,27.62]]}},{"type":"Feature","properties":{"level":1016},"geometry":{"type":"LineString","coordinates":[[14.24,-11.0],[14.4,-11.0],[14.24,-11.0]]}},{"type":"Feature","properties":{"level":1016},"geometry":{"type":"LineString","coordinates":[[15.36,-8.75],[15.5,-8.95],[15.65,-8.75],[15.58,-8.0],[15.25,-7.52],[15.14,-8.0],[15.36,-8.75]]}},{"type":"Feature","properties":{"level":1016},"geometry":{"type":"LineString","coordinates":[[29.28,-8.25],[29.5,-8.39],[30.25,-8.02],[30.0,-7.1],[29.25,-7.15],[29.28,-8.25]]}},{"type":"Feature","properties":{"level":1016},"geometry":{"type":"LineString","coordinates":[[-79.42,-6.25],[-79.05,-6.25],[-79.18,-5.0],[-78.87,-4.5],[-78.85,-3.75],[-78.43,-3.25],[-78.09,-2.25],[-77.89,-1.0],[-77.45,-0.5],[-77.41,0.25],[-75.84,1.75],[-75.66,3.5],[-75.07,4.75],[-75.25,5.56],[-76.99,1.75],[-78.49,0.5],[-79.0,-0.75],[-78.96,-2.25],[-79.52,-3.0],[-79.28,-3.25],[-79.46,-3.5],[-79.3,-4.25],[-79.75,-5.0],[-79.25,-5.75],[-79.42,-6.25]]}},{"type":"Feature","properties":{"level":1016},"geometry":{"type":"LineString","coordinates":[[139.91,-4.75],[140.5,-4.92],[140.64,-4.75],[139.18,-4.0],[139.09,-4.25],[139.91,-4.75]]}},{"type":"Feature","properties":{"level":1016},"geometry":{"type":"LineString","coordinates":[[29.94,-4.5],[30.67,-3.25],[30.0,-2.44],[31.25,-3.16],[31.55,-2.75],[31.32,-2.25],[31.56,-1.75],[31.11,-1.0],[31.52,-0.75],[31.5,-0.3],[31.83,0.0],[31.52,0.75],[31.75,1.57],[30.96,1.25],[31.0,0.74],[29.63,0.5],[29.75,0.08],[30.0,0.02],[30.25,0.35],[30.43,0.0],[29.75,-0.84],[29.5,-0.96],[29.2,-0.75],[29.46,-0.25],[29.25,0.19],[28.59,-0.5],[28.52,-0.75],[28.79,-1.0],[28.38,-2.5],[28.57,-2.75],[28.14,-3.75],[28.75,-4.4],[29.2,-3.5],[28.84,-2.75],[29.0,-2.24],[29.53,-3.25],[29.41,-3.75],[29.94,-4.5]]}},{"type":"Feature","properties":{"level":1016},"geometry":{"type":"LineString","coordinates":[[55.25,-4.54],[55.06,-4.5],[55.25,-4.25],[55.25,-4.54]]}},{"type":"Feature","properties":{"level":1016},"geometry":{"type":"LineString","coordinates":[[58.5,-4.56],[58.5,-4.13],[59.16,-4.0],[59.12,-4.5],[58.5,-4.56]]}},{"type":"Feature","properties":{"level":1016},"geometry":{"type":"LineString","coordinates":[[137.15,-4.25],[138.95,-4.25],[138.25,-3.77],[137.25,-3.73],[136.72,-4.0],[137.15,-4.25]]}},{"type":"Feature","properties":{"level":1016},"geometry":{"type":"LineString","coordinates":[[51.25,-2.76],[51.25,-2.49],[51.25,-2.76]]}},{"type":"Feature","properties":{"level":1016},"geometry":{"type":"LineString","coordinates":[[56.5,-2.78],[56.07,-2.5],[56.71,-2.5],[56.75,-2.75],[56.5,-2.78]]}},{"type":"Feature","properties":{"level":1016},"geometry":{"type":"LineString","coordinates":[[64.88,0.0],[65.3,0.0],[64.75,0.4],[64.59,0.25],[64.88,0.0]]}},{"type":"Feature","properties":{"level":1016},"geometry":{"type":"LineString","coordinates":[[50.25,1.23],[50.25,1.4],[50.25,1.23]]}},{"type":"Feature","properties":{"level":1016},"geometry":{"type":"LineString","coordinates":[[30.17,1.75],[30.75,1.71],[31.12,2.25],[30.79,2.75],[30.75,3.63],[30.18,3.25],[30.25,2.82],[30.5,3.02],[30.65,2.75],[29.66,2.25],[30.17,1.75]]}},{"type":"Feature","properties":{"level":1016},"geometry":{"type":"LineString","coordinates":[[-75.71,2.0],[-75.5,1.91],[-75.0,2.35],[-74.64,3.25],[-74.0,3.61],[-73.25,4.93],[-72.56,5.5],[-71.89,6.5],[-72.28,7.0],[-72.25,7.52],[-72.75,7.55],[-73.0,7.91],[-72.94,7.0],[-72.64,6.5],[-74.13,5.25],[-74.79,3.25],[-75.71,2.0]]}},{"type":"Feature","properties":{"level":1016},"geometry":{"type":"LineString","coordinates":[[98.91,2.0],[99.28,2.25],[98.71,2.5],[98.5,3.0],[98.4,2.5],[98.91,2.0]]}},{"type":"Feature","properties":{"level":1016},"geometry":{"type":"LineString","coordinates":[[45.25,2.47],[45.19,3.0],[45.5,3.34],[45.97,3.0],[45.88,2.75],[45.25,2.47]]}},{"type":"Feature","properties":{"level":1016},"geometry":{"type":"LineString","coordinates":[[97.47,3.25],[97.83,3.75],[97.05,4.5],[97.0,4.82],[96.59,4.75],[96.62,4.25],[97.47,3.25]]}},{"type":"Feature","properties":{"level":1016},"geometry":{"type":"LineString","coordinates":[[10.24,5.25],[10.56,5.25],[10.44,5.75],[10.75,5.72],[11.0,6.43],[12.39,7.25],[11.25,7.05],[11.0,6.58],[10.25,6.31],[9.96,6.0],[10.24,5.25]]}},{"type":"Feature","properties":{"level":1016},"geometry":{"type":"LineString","coordinates":[[62.7,6.0],[62.75,6.18],[62.7,6.0]]}},{"type":"Feature","properties":{"level":1016},"geometry":{"type":"LineString","coordinates":[[-72.06,8.0],[-71.0,8.21],[-70.22,9.25],[-71.0,9.04],[-71.3,8.5],[-72.06,8.0]]}},{"type":"Feature","properties":{"level":1016},"geometry":{"type":"LineString","coordinates":[[46.0,14.91],[45.55,15.5],[45.99,16.25],[45.38,17.25],[45.51,17.75],[45.0,18.21],[44.86,19.0],[44.25,19.83],[43.75,19.43],[43.37,19.5],[42.9,20.25],[42.95,20.75],[43.25,20.72],[43.32,21.0],[43.04,21.5],[43.5,21.88],[43.75,21.32],[44.5,20.87],[45.25,21.58],[45.64,22.75],[46.0,23.07],[45.53,21.0],[46.0,21.14],[46.25,20.96],[46.8,21.5],[47.0,22.08],[47.5,22.16],[48.5,23.5],[48.75,23.43],[49.05,24.75],[48.75,24.96],[48.5,24.7],[47.5,24.99],[46.75,25.52],[46.5,25.2],[46.0,25.4],[46.46,26.25],[46.25,26.59],[45.5,26.84],[45.5,27.5],[45.0,27.95],[44.97,28.25],[45.25,28.59],[46.0,28.86],[46.52,29.5],[45.5,30.09],[45.37,30.75],[44.77,31.25],[45.35,32.25],[44.95,33.0],[45.5,33.51],[46.5,32.87],[49.0,32.04],[49.65,31.0],[49.7,30.5],[49.05,29.5],[49.5,28.5],[50.0,28.28],[51.5,28.44],[51.62,28.0],[52.2,27.5],[51.93,27.0],[51.98,26.0],[53.5,25.46],[54.01,24.75],[53.75,24.2],[53.25,24.33],[53.22,24.0],[52.42,23.5],[51.55,21.0],[52.2,19.5],[51.03,18.5],[51.14,18.0],[51.0,17.85],[50.75,18.2],[49.75,17.12],[47.75,16.5],[47.25,16.68],[47.01,16.25],[47.99,15.75],[46.5,14.85],[46.0,14.91]]}},{"type":"Feature","properties":{"level":1016},"geometry":{"type":"LineString","coordinates":[[73.99,16.5],[74.29,17.0],[75.58,17.0],[74.53,18.0],[74.34,18.5],[74.5,18.69],[75.25,18.7],[76.25,18.03],[76.75,18.36],[77.36,18.0],[77.28,17.75],[77.78,17.75],[77.69,18.25],[75.75,18.97],[74.97,19.5],[76.25,19.91],[77.25,19.92],[77.42,20.0],[77.33,20.25],[76.0,20.81],[74.75,20.44],[74.25,21.28],[73.67,21.0],[73.26,20.5],[73.23,20.0],[73.59,19.5],[73.39,18.5],[73.99,16.5]]}},{"type":"Feature","properties":{"level":1016},"geometry":{"type":"LineString","coordinates":[[82.31,18.0],[82.87,18.25],[83.0,19.48],[82.31,18.0]]}},{"type":"Feature","properties":{"level":1016},"geometry":{"type":"LineString","coordinates":[[36.97,18.25],[37.12,18.75],[36.75,19.3],[36.97,18.25]]}},{"type":"Feature","properties":{"level":1016},"geometry":{"type":"LineString","coordinates":[[78.11,18.25],[78.46,18.25],[78.25,18.57],[77.99,18.5],[78.11,18.25]]}},{"type":"Feature","properties":{"level":1016},"geometry":{"type":"LineString","coordinates":[[-97.45,18.75],[-97.18,18.75],[-97.0,19.51],[-98.54,20.25],[-98.75,19.06],[-98.46,19.0],[-98.25,19.49],[-97.45,18.75]]}},{"type":"Feature","properties":{"level":1016},"geometry":{"type":"LineString","coordinates":[[-70.9,18.75],[-70.5,18.55],[-70.32,18.75],[-70.75,19.17],[-71.25,19.21],[-71.34,19.0],[-70.9,18.75]]}},{"type":"Feature","properties":{"level":1016},"geometry":{"type":"LineString","coordinates":[[-99.84,19.0],[-99.57,19.0],[-99.75,19.71],[-99.5,19.5],[-99.43,19.75],[-99.75,20.04],[-100.25,19.75],[-99.84,19.0]]}},{"type":"Feature","properties":{"level":1016},"geometry":{"type":"LineString","coordinates":[[70.41,21.25],[70.75,21.09],[71.27,21.25],[70.5,21.68],[70.41,21.25]]}},{"type":"Feature","properties":{"level":1016},"geometry":{"type":"LineString","coordinates":[[75.36,21.25],[76.5,21.02],[78.25,21.34],[78.75,21.79],[79.88,22.0],[79.83,22.75],[79.25,22.93],[78.0,22.84],[78.0,23.07],[79.32,23.25],[78.5,24.02],[77.75,23.65],[77.71,24.5],[77.25,24.78],[76.75,23.73],[76.25,23.62],[75.89,24.0],[75.5,23.99],[75.18,24.25],[75.36,24.5],[75.25,25.09],[74.5,25.13],[74.25,25.89],[74.0,25.89],[72.19,24.75],[72.23,24.25],[72.5,23.83],[73.0,24.09],[73.5,23.71],[74.51,24.0],[74.5,22.97],[74.0,23.01],[73.83,22.75],[74.25,22.26],[74.75,22.42],[76.66,22.25],[76.57,22.0],[75.93,21.75],[74.75,21.89],[74.25,22.24],[73.36,21.75],[73.5,21.43],[74.5,21.68],[75.36,21.25]]}},{"type":"Feature","properties":{"level":1016},"geometry":{"type":"LineString","coordinates":[[78.3,21.25],[78.61,21.25],[78.3,21.25]]}},{"type":"Feature","properties":{"level":1016},"geometry":{"type":"LineString","coordinates":[[72.24,21.5],[72.25,21.76],[72.24,21.5]]}},{"type":"Feature","properties":{"level":1016},"geometry":{"type":"LineString","coordinates":[[35.28,22.0],[35.5,21.8],[35.9,22.25],[35.25,23.02],[35.01,22.75],[35.28,22.0]]}},{"type":"Feature","properties":{"level":1016},"geometry":{"type":"LineString","coordinates":[[80.6,22.0],[81.0,22.0],[81.25,22.44],[81.84,22.75],[81.0,23.31],[80.5,23.38],[80.19,23.0],[80.5,22.71],[80.6,22.0]]}},{"type":"Feature","properties":{"level":1016},"geometry":{"type":"LineString","coordinates":[[40.19,22.25],[40.41,22.25],[40.25,23.24],[39.94,23.0],[40.19,22.25]]}},{"type":"Feature","properties":{"level":1016},"geometry":{"type":"LineString","coordinates":[[70.5,22.92],[70.22,23.25],[70.75,23.38],[70.87,23.0],[70.5,22.92]]}},{"type":"Feature","properties":{"level":1016},"geometry":{"type":"LineString","coordinates":[[-99.89,23.5],[-99.75,23.37],[-99.43,23.75],[-99.75,24.7],[-100.25,25.58],[-100.75,25.87],[-101.25,25.79],[-101.25,26.36],[-100.87,26.25],[-101.02,26.75],[-101.75,26.97],[-102.0,26.35],[-102.53,26.25],[-102.52,25.5],[-101.75,25.05],[-100.75,25.04],[-100.11,24.25],[-99.89,23.5]]}},{"type":"Feature","properties":{"level":1016},"geometry":{"type":"LineString","coordinates":[[47.25,23.89],[47.25,24.34],[47.83,24.25],[47.25,23.89]]}},{"type":"Feature","properties":{"level":1016},"geometry":{"type":"LineString","coordinates":[[43.75,25.41],[43.54,25.5],[43.75,26.11],[44.25,26.45],[44.5,26.32],[44.25,25.64],[43.75,25.41]]}},{"type":"Feature","properties":{"level":1016},"geometry":{"type":"LineString","coordinates":[[32.75,25.92],[32.75,26.13],[33.09,26.0],[32.75,25.92]]}},{"type":"Feature","properties":{"level":1016},"geometry":{"type":"LineString","coordinates":[[-180.0,27.62],[-171.75,29.97],[-165.0,31.07],[-162.89,30.5],[-162.61,29.75],[-162.0,29.25],[-161.16,29.0],[-161.21,28.5],[-159.31,27.0],[-159.48,26.75],[-159.1,26.0],[-156.0,24.16],[-155.0,23.88],[-154.5,24.08],[-154.0,23.6],[-152.5,23.16],[-150.0,23.01],[-147.25,22.35],[-144.75,22.4],[-144.5,22.17],[-143.75,22.72],[-141.84,22.75],[-140.5,23.29],[-139.25,24.18],[-136.5,24.82],[-134.75,25.74],[-134.5,25.59],[-134.0,26.31],[-131.33,28.5],[-129.89,30.75],[-127.5,37.0],[-126.74,38.0],[-126.49,39.25],[-125.82,40.25],[-125.1,42.25],[-124.5,42.81],[-124.0,42.36],[-123.34,40.75],[-121.92,41.0],[-121.54,40.0],[-120.89,39.5],[-120.26,38.25],[-118.95,36.75],[-118.5,35.73],[-118.0,35.9],[-117.77,36.25],[-118.08,36.75],[-118.0,37.16],[-118.26,37.25],[-117.77,37.5],[-119.25,38.81],[-119.74,40.0],[-120.2,40.25],[-120.23,40.5],[-119.0,41.42],[-119.0,41.84],[-118.75,42.02],[-118.25,41.85],[-117.75,42.01],[-117.5,41.63],[-116.25,40.88],[-115.08,41.0],[-116.0,39.91],[-117.0,39.9],[-117.79,39.5],[-117.69,38.75],[-116.25,37.5],[-116.45,37.25],[-116.18,37.25],[-116.06,37.75],[-116.35,38.5],[-115.75,39.05],[-115.3,38.75],[-115.89,38.0],[-115.5,37.62],[-115.25,38.42],[-114.37,37.75],[-114.34,37.5],[-113.17,37.25],[-112.92,36.75],[-113.54,36.5],[-113.42,35.75],[-113.62,35.5],[-113.43,35.0],[-112.62,34.25],[-111.75,34.19],[-110.54,33.0],[-110.55,32.0],[-110.79,31.75],[-110.5,31.02],[-109.75,30.81],[-109.25,31.19],[-108.38,29.0],[-108.48,28.5],[-108.0,27.26],[-107.39,26.75],[-107.0,25.68],[-106.03,24.75],[-105.55,23.75],[-104.75,23.42],[-104.41,23.5],[-104.5,24.07],[-104.0,24.11],[-103.5,23.78],[-102.97,24.5],[-104.14,25.25],[-103.75,25.46],[-103.79,25.75],[-104.38,26.25],[-104.5,26.67],[-105.0,26.87],[-105.0,27.19],[-104.5,27.06],[-103.63,27.25],[-103.25,28.07],[-102.5,26.76],[-101.75,27.05],[-101.0,29.58],[-100.25,29.48],[-98.5,29.95],[-96.25,32.2],[-94.5,32.57],[-92.75,32.6],[-90.75,33.27],[-89.0,33.15],[-87.75,33.54],[-87.48,33.5],[-86.43,32.25],[-86.68,31.75],[-86.25,30.72],[-83.5,29.3],[-82.25,28.23],[-81.75,28.15],[-81.0,27.55],[-79.89,27.25],[-79.85,27.0],[-79.52,27.0],[-79.49,27.25],[-79.5,27.0],[-78.45,26.25],[-77.0,25.66],[-75.75,25.53],[-72.25,24.44],[-71.25,24.78],[-69.5,24.46],[-67.5,24.78],[-67.25,24.64],[-65.0,25.41],[-63.5,24.47],[-63.25,23.85],[-62.5,23.67],[-62.15,23.25],[-60.75,22.63],[-59.5,22.27],[-58.75,22.34],[-57.0,21.84],[-56.5,22.07],[-56.0,21.73],[-55.5,21.94],[-53.25,21.69],[-52.0,22.03],[-50.0,21.74],[-49.0,21.28],[-47.75,21.12],[-46.75,21.27],[-45.75,20.94],[-44.75,21.03],[-43.75,20.77],[-42.75,20.72],[-40.5,21.27],[-37.5,20.94],[-36.5,21.28],[-34.75,21.31],[-33.0,22.49],[-32.25,22.31],[-29.75,23.2],[-24.83,24.25],[-21.75,25.3],[-20.5,25.48],[-18.75,26.35],[-16.5,26.69],[-16.09,27.0],[-16.0,27.78],[-15.25,27.25],[-14.75,27.21],[-13.25,27.77],[-12.0,27.81],[-10.75,28.58],[-10.47,27.5],[-9.75,26.6],[-7.75,26.13],[-7.0,26.12],[-5.75,26.52],[-4.75,26.31],[-3.0,26.43],[-2.25,26.91],[-0.96,27.25],[-0.5,27.68],[0.75,27.36],[3.25,27.75],[5.25,26.7],[5.5,25.47],[4.76,24.0],[5.0,22.05],[6.75,21.13],[7.78,21.0],[8.74,18.75],[8.75,17.66],[9.25,18.32],[9.67,18.5],[10.54,20.25],[13.75,20.58],[15.25,21.53],[16.0,21.45],[16.5,20.7],[17.0,20.57],[17.5,20.09],[18.0,20.35],[18.29,19.75],[19.25,18.99],[20.0,18.95],[22.25,19.54],[23.5,18.47],[24.5,18.66],[25.75,19.78],[26.5,20.02],[27.1,19.75],[29.2,21.75],[30.14,24.0],[30.0,24.33],[30.75,24.52],[30.56,24.25],[30.75,23.78],[31.25,24.34],[31.53,24.25],[31.76,23.75],[32.25,23.65],[32.84,25.0],[33.35,25.5],[33.25,25.91],[33.68,25.75],[34.85,23.75],[35.25,23.6],[35.2,24.25],[33.96,26.75],[34.0,27.07],[34.25,26.75],[34.5,27.0],[34.43,27.25],[33.58,27.75],[33.42,28.25],[34.25,27.9],[34.5,28.38],[35.0,28.37],[35.75,27.47],[36.5,27.15],[37.75,25.83],[38.25,26.16],[38.75,25.83],[39.5,25.86],[39.5,25.26],[39.25,25.66],[38.5,25.05],[37.75,25.36],[37.69,25.0],[38.0,24.72],[38.5,24.99],[39.5,23.61],[40.25,23.31],[40.43,23.75],[39.62,24.5],[40.5,24.83],[41.86,24.25],[41.82,24.0],[41.23,23.75],[41.11,22.75],[41.5,22.84],[42.06,23.5],[42.46,22.25],[42.05,21.5],[41.5,21.81],[41.0,21.71],[40.75,21.99],[40.5,21.96],[40.15,21.25],[41.75,19.64],[42.09,18.25],[43.04,17.75],[43.41,16.5],[43.36,15.5],[43.78,13.0],[44.25,12.7],[45.0,12.87],[46.0,12.72],[46.75,13.11],[48.25,13.05],[50.88,12.0],[50.0,11.47],[49.75,11.66],[49.25,11.17],[47.5,11.14],[46.75,10.57],[46.0,10.71],[44.25,10.24],[43.28,10.75],[43.0,11.75],[43.22,12.25],[42.75,12.33],[42.35,11.75],[42.64,11.5],[42.26,9.75],[41.0,9.79],[40.25,9.15],[40.05,9.5],[40.63,11.75],[40.02,12.25],[40.15,13.0],[39.85,14.75],[38.94,15.75],[38.61,17.0],[38.0,17.83],[37.95,17.25],[38.25,17.0],[38.25,16.5],[37.98,16.25],[38.55,15.5],[38.14,14.5],[38.3,13.75],[37.75,13.38],[37.5,13.65],[37.35,13.5],[37.53,13.0],[36.87,12.5],[36.5,11.5],[35.99,11.25],[36.19,11.0],[35.65,10.75],[35.56,10.0],[34.75,10.19],[34.44,9.5],[34.68,8.5],[35.0,8.25],[35.0,7.78],[35.58,6.75],[36.5,6.58],[36.7,5.0],[37.0,5.69],[37.14,5.25],[36.94,4.25],[37.5,3.74],[37.91,2.5],[37.5,1.96],[37.0,2.82],[36.25,0.76],[35.5,1.46],[34.5,1.44],[34.3,1.25],[34.78,0.25],[35.25,0.0],[34.53,-1.25],[34.71,-2.25],[34.39,-3.0],[34.66,-4.0],[34.46,-4.25],[34.5,-5.13],[34.0,-5.3],[33.5,-4.96],[33.16,-5.25],[33.37,-5.5],[32.87,-5.5],[32.3,-6.25],[31.5,-6.22],[32.0,-7.78],[31.0,-7.19],[30.87,-7.75],[31.29,-8.75],[30.75,-8.74],[29.12,-9.5],[28.75,-10.23],[28.44,-10.25],[28.0,-8.94],[27.44,-9.5],[27.44,-10.25],[27.25,-10.4],[26.83,-10.25],[26.73,-9.5],[26.5,-9.42],[25.25,-10.38],[24.0,-10.4],[22.5,-11.15],[19.25,-9.84],[19.0,-10.35],[18.03,-10.75],[18.21,-11.5],[18.0,-12.05],[17.25,-11.16],[16.65,-11.0],[16.33,-10.25],[15.25,-10.34],[15.0,-9.87],[14.55,-11.0],[14.8,-12.0],[14.58,-12.5],[14.75,-13.25],[14.19,-13.75],[14.21,-14.25],[13.21,-15.0],[13.5,-15.35],[14.25,-15.49],[14.5,-15.3],[14.75,-15.5],[15.25,-14.76],[15.95,-15.0],[14.71,-17.25],[15.75,-17.77],[15.75,-18.46],[15.0,-18.53],[14.4,-17.75],[14.0,-17.63],[13.57,-17.75],[13.83,-18.0],[13.44,-18.5],[14.16,-19.25],[14.15,-19.75],[15.84,-20.25],[15.91,-20.5],[15.47,-21.0],[15.11,-22.0],[15.41,-22.25],[15.25,-22.5],[14.81,-21.5],[14.25,-21.23],[13.6,-20.5],[12.52,-18.5],[11.0,-17.83],[9.83,-16.5],[9.88,-16.0],[9.56,-15.75],[9.77,-15.5],[8.85,-15.0],[9.24,-14.5],[8.61,-14.0],[8.47,-13.75],[8.64,-13.5],[8.1,-13.0],[8.0,-12.5],[7.0,-12.06],[6.11,-10.75],[4.5,-10.25],[4.45,-10.0],[3.4,-9.5],[3.25,-9.13],[2.0,-9.23],[1.27,-9.75],[-5.25,-10.37],[-6.75,-10.83],[-8.0,-10.66],[-11.25,-10.92],[-13.0,-10.69],[-14.75,-11.12],[-15.5,-10.91],[-16.75,-11.19],[-18.0,-11.87],[-20.5,-11.68],[-23.75,-13.03],[-26.25,-13.22],[-27.5,-13.85],[-28.25,-14.58],[-29.08,-14.5],[-29.55,-15.5],[-29.53,-16.0],[-30.56,-16.75],[-30.41,-17.75],[-31.5,-17.72],[-31.42,-19.5],[-32.05,-19.75],[-32.54,-21.25],[-31.29,-23.25],[-32.25,-23.48],[-36.0,-22.15],[-37.75,-22.5],[-38.25,-22.38],[-38.75,-22.85],[-39.0,-22.35],[-39.5,-22.35],[-40.62,-21.75],[-40.46,-21.25],[-40.75,-19.99],[-42.44,-20.75],[-42.5,-21.1],[-41.8,-21.5],[-42.0,-21.77],[-43.75,-22.44],[-44.25,-21.96],[-44.75,-22.06],[-45.0,-22.45],[-45.25,-22.3],[-45.75,-22.57],[-46.25,-22.29],[-46.44,-22.75],[-47.25,-23.46],[-47.75,-23.56],[-48.25,-23.3],[-49.0,-23.67],[-49.75,-24.91],[-49.95,-26.0],[-50.54,-26.5],[-50.37,-27.0],[-50.51,-27.75],[-49.64,-28.25],[-50.29,-29.5],[-49.81,-30.0],[-50.12,-31.25],[-49.81,-33.5],[-50.12,-34.5],[-51.0,-34.74],[-50.88,-35.5],[-51.5,-36.8],[-52.0,-36.78],[-52.62,-37.25],[-52.46,-38.5],[-53.06,-39.0],[-53.0,-39.29],[-52.49,-39.5],[-52.81,-39.75],[-53.03,-41.0],[-52.69,-41.25],[-52.5,-42.75],[-52.0,-43.02],[-51.59,-43.75],[-50.25,-44.22],[-49.25,-43.66],[-47.5,-43.29],[-46.19,-41.5],[-45.0,-40.82],[-43.75,-39.49],[-42.5,-39.37],[-42.0,-39.08],[-41.67,-38.5],[-40.0,-37.48],[-38.75,-36.05],[-36.56,-35.0],[-36.19,-34.25],[-35.42,-33.5],[-32.75,-31.83],[-31.75,-30.79],[-30.86,-30.5],[-30.5,-29.78],[-29.75,-29.66],[-29.5,-29.4],[-28.75,-29.57],[-28.0,-29.28],[-27.75,-28.74],[-26.93,-28.5],[-27.1,-28.0],[-26.29,-27.25],[-26.25,-26.64],[-25.0,-27.29],[-24.71,-27.0],[-25.0,-26.43],[-25.75,-26.36],[-26.62,-25.75],[-26.0,-25.68],[-21.5,-26.92],[-13.75,-29.99],[-8.5,-32.72],[-3.25,-37.43],[-0.5,-40.66],[0.75,-42.56],[2.18,-44.0],[3.32,-46.5],[5.0,-48.93],[6.0,-49.74],[9.25,-50.45],[13.25,-50.31],[18.5,-49.49],[26.75,-48.09],[29.0,-47.5],[29.5,-47.11],[36.88,-49.25],[41.25,-50.25],[43.25,-50.46],[46.0,-50.33],[50.25,-49.76],[55.5,-48.4],[62.75,-47.53],[68.25,-47.13],[71.25,-46.63],[76.63,-45.25],[84.25,-42.48],[91.25,-40.76],[97.5,-40.06],[100.75,-40.08],[109.0,-40.81],[117.0,-42.82],[120.25,-43.86],[125.0,-46.2],[136.25,-50.23],[146.56,-53.5],[151.75,-54.6],[156.5,-55.23],[161.0,-55.36],[173.0,-53.96],[180.0,-53.85]]}},{"type":"Feature","properties":{"level":1016},"geometry":{"type":"LineString","coordinates":[[63.5,27.57],[63.01,28.0],[63.25,28.26],[62.75,27.96],[62.48,28.25],[62.49,28.75],[63.75,28.86],[64.25,28.37],[65.0,28.43],[65.53,28.75],[65.5,28.37],[64.86,27.75],[63.5,27.57]]}},{"type":"Feature","properties":{"level":1016},"geometry":{"type":"LineString","coordinates":[[88.0,28.22],[87.49,28.5],[88.48,28.75],[87.75,28.77],[86.75,29.17],[86.75,29.36],[87.5,29.45],[87.75,29.81],[88.75,29.73],[89.0,30.05],[90.25,29.86],[91.06,30.25],[91.25,30.58],[92.0,30.59],[92.64,31.0],[90.47,31.25],[91.25,31.59],[91.34,32.0],[92.0,32.31],[94.25,32.29],[94.73,32.5],[94.5,32.92],[93.37,33.0],[94.25,33.11],[94.5,33.41],[95.5,33.2],[96.0,33.62],[96.75,33.23],[97.25,33.26],[97.5,32.99],[97.75,33.09],[97.91,33.0],[97.65,32.75],[98.15,32.5],[97.75,32.41],[97.25,32.69],[97.21,32.5],[97.69,32.0],[97.35,31.75],[97.77,30.5],[96.75,31.11],[96.55,31.0],[96.76,30.5],[96.5,30.37],[94.5,31.06],[93.75,30.94],[93.27,30.25],[93.5,29.83],[93.99,29.75],[92.75,29.83],[92.39,29.5],[94.12,29.25],[92.25,28.04],[91.5,28.3],[91.25,28.71],[90.75,28.45],[89.75,28.43],[89.25,28.05],[88.71,28.25],[88.91,28.5],[88.75,28.56],[88.48,28.25],[88.0,28.22]]}},{"type":"Feature","properties":{"level":1016},"geometry":{"type":"LineString","coordinates":[[59.0,28.42],[57.18,31.25],[57.08,31.75],[57.5,32.01],[57.72,32.5],[57.0,32.73],[56.53,33.25],[56.75,33.75],[57.5,32.77],[57.84,32.75],[57.84,32.5],[58.25,32.32],[58.87,31.0],[59.43,30.5],[59.84,28.75],[59.7,28.5],[59.0,28.42]]}},{"type":"Feature","properties":{"level":1016},"geometry":{"type":"LineString","coordinates":[[-11.75,28.65],[-11.98,29.0],[-10.95,29.75],[-10.0,31.08],[-9.73,31.0],[-9.5,30.41],[-9.25,30.5],[-9.14,30.25],[-9.5,29.77],[-11.75,28.65]]}},{"type":"Feature","properties":{"level":1016},"geometry":{"type":"LineString","coordinates":[[64.75,29.98],[64.25,30.32],[64.0,30.18],[62.5,30.43],[62.8,30.75],[62.5,30.91],[62.0,30.69],[61.75,30.8],[61.41,31.0],[61.25,31.93],[62.0,32.47],[63.75,32.32],[64.0,32.11],[64.75,32.55],[65.11,32.25],[64.84,31.75],[65.05,31.5],[64.67,31.25],[64.38,30.5],[65.0,30.52],[64.75,29.98]]}},{"type":"Feature","properties":{"level":1016},"geometry":{"type":"LineString","coordinates":[[114.62,30.25],[114.75,30.03],[114.87,30.25],[114.62,30.25]]}},{"type":"Feature","properties":{"level":1016},"geometry":{"type":"LineString","coordinates":[[98.5,31.2],[97.96,31.5],[97.96,31.75],[98.25,31.65],[98.43,32.0],[98.25,32.33],[98.72,32.25],[98.63,31.75],[98.91,31.5],[98.75,31.07],[98.5,31.2]]}},{"type":"Feature","properties":{"level":1016},"geometry":{"type":"LineString","coordinates":[[98.75,32.35],[98.05,33.0],[99.5,33.37],[100.18,33.0],[99.75,32.54],[98.75,32.35]]}},{"type":"Feature","properties":{"level":1016},"geometry":{"type":"LineString","coordinates":[[29.75,32.73],[28.5,32.86],[27.97,33.5],[27.25,33.54],[26.56,34.0],[26.26,35.0],[26.75,36.28],[27.25,36.44],[28.0,36.16],[29.0,36.55],[29.5,36.08],[31.75,36.35],[32.5,36.0],[32.41,34.5],[31.0,34.2],[29.75,32.73]]}},{"type":"Feature","properties":{"level":1016},"geometry":{"type":"LineString","coordinates":[[56.0,32.91],[55.25,33.12],[54.5,33.86],[54.0,33.37],[53.33,33.5],[53.25,33.1],[51.26,34.0],[51.0,34.63],[50.5,34.3],[50.41,34.75],[50.76,34.75],[50.82,35.0],[51.5,35.37],[52.75,35.26],[53.5,35.51],[54.0,35.3],[54.24,35.5],[54.0,36.0],[54.75,36.26],[55.5,36.02],[55.99,36.25],[55.67,36.5],[56.47,37.0],[57.33,37.0],[57.5,36.72],[56.65,36.5],[57.75,36.19],[57.62,36.5],[58.0,36.54],[58.18,36.0],[56.64,35.5],[57.31,35.0],[57.07,34.25],[56.38,34.0],[56.0,32.91]]}},{"type":"Feature","properties":{"level":1016},"geometry":{"type":"LineString","coordinates":[[-153.0,34.64],[-153.34,35.0],[-153.0,35.32],[-152.6,35.0],[-153.0,34.64]]}},{"type":"Feature","properties":{"level":1016},"geometry":{"type":"LineString","coordinates":[[-32.75,34.68],[-32.87,35.25],[-32.25,35.75],[-32.1,35.0],[-32.5,34.63],[-32.75,34.68]]}},{"type":"Feature","properties":{"level":1016},"geometry":{"type":"LineString","coordinates":[[100.25,34.82],[99.84,35.25],[99.75,36.5],[101.5,36.14],[101.5,35.82],[101.07,35.75],[101.03,35.25],[100.25,34.82]]}},{"type":"Feature","properties":{"level":1016},"geometry":{"type":"LineString","coordinates":[[62.75,35.71],[61.36,36.0],[60.25,36.6],[60.0,37.08],[57.45,38.25],[57.56,39.0],[57.19,39.5],[57.84,39.75],[57.3,40.75],[57.36,42.5],[57.9,43.5],[57.64,44.0],[58.04,47.25],[57.79,47.75],[57.94,48.25],[56.5,49.21],[56.05,50.0],[55.25,50.46],[51.25,51.35],[49.75,52.35],[49.13,53.25],[49.25,54.75],[49.98,56.0],[51.65,57.5],[52.96,58.25],[55.75,59.15],[58.25,59.57],[59.5,59.32],[63.5,59.72],[68.0,59.46],[70.5,58.9],[72.96,58.0],[73.64,57.5],[75.26,55.5],[75.01,55.0],[75.08,53.75],[74.25,53.34],[74.14,52.75],[73.75,52.75],[72.25,51.88],[70.25,51.42],[69.0,50.85],[68.25,50.34],[68.08,49.75],[66.99,48.5],[66.65,46.75],[66.97,46.25],[66.83,45.25],[67.02,45.0],[66.56,44.0],[66.6,43.5],[65.61,41.5],[64.5,41.58],[64.09,41.25],[65.52,41.0],[64.53,40.25],[64.69,38.0],[64.39,37.0],[62.89,36.5],[62.75,35.71]]}},{"type":"Feature","properties":{"level":1016},"geometry":{"type":"LineString","coordinates":[[112.5,35.57],[112.69,36.0],[112.16,36.5],[112.63,37.0],[111.93,37.25],[111.92,37.5],[112.9,38.0],[113.6,38.75],[114.01,39.5],[113.96,40.0],[115.25,41.11],[115.48,41.75],[115.25,42.14],[114.25,42.55],[113.8,43.0],[113.67,43.75],[113.88,44.5],[115.25,45.21],[116.5,45.31],[117.65,45.0],[118.04,44.75],[118.25,44.13],[118.63,44.0],[119.13,43.25],[120.09,42.5],[119.96,42.0],[120.26,41.5],[119.92,40.75],[120.18,40.5],[120.1,40.25],[118.87,39.0],[119.11,38.5],[119.17,37.25],[118.5,36.73],[116.75,36.69],[114.25,35.64],[113.75,35.6],[113.5,36.05],[112.5,35.57]]}},{"type":"Feature","properties":{"level":1016},"geometry":{"type":"LineString","coordinates":[[34.25,35.99],[34.9,36.0],[34.5,35.84],[34.25,35.99]]}},{"type":"Feature","properties":{"level":1016},"geometry":{"type":"LineString","coordinates":[[53.0,35.94],[52.0,36.64],[50.71,37.0],[50.38,37.5],[49.75,37.48],[49.84,37.75],[51.75,37.96],[52.25,38.57],[52.75,38.43],[52.75,37.81],[53.5,38.61],[53.58,39.25],[54.08,39.75],[55.0,39.66],[55.5,40.09],[55.88,39.75],[55.78,39.0],[56.1,38.5],[55.84,37.25],[54.75,36.76],[54.0,36.77],[53.75,36.2],[53.0,35.94]]}},{"type":"Feature","properties":{"level":1016},"geometry":{"type":"LineString","coordinates":[[45.25,36.7],[44.74,37.75],[44.92,38.75],[45.39,39.0],[44.73,39.25],[45.0,39.52],[45.75,39.06],[45.54,38.75],[46.0,38.4],[47.25,38.67],[47.44,38.5],[47.19,38.25],[47.52,38.0],[47.27,37.75],[47.5,37.63],[47.94,37.75],[47.79,38.0],[48.0,38.17],[48.46,38.0],[48.34,37.25],[47.75,36.77],[46.73,37.25],[46.72,37.75],[46.5,37.89],[46.08,37.75],[46.02,37.5],[46.35,37.25],[46.25,36.97],[45.25,36.7]]}},{"type":"Feature","properties":{"level":1016},"geometry":{"type":"LineString","coordinates":[[99.5,36.88],[99.05,37.25],[99.08,37.5],[100.0,37.67],[100.37,37.5],[99.5,36.88]]}},{"type":"Feature","properties":{"level":1016},"geometry":{"type":"LineString","coordinates":[[50.55,37.5],[50.78,37.5],[50.55,37.5]]}},{"type":"Feature","properties":{"level":1016},"geometry":{"type":"LineString","coordinates":[[-113.5,38.47],[-114.0,38.82],[-114.39,40.0],[-115.0,40.36],[-115.39,40.25],[-114.37,41.5],[-113.29,42.0],[-113.75,42.34],[-114.0,42.17],[-114.25,42.46],[-115.75,42.48],[-117.0,43.31],[-117.5,42.58],[-118.25,42.39],[-118.41,42.5],[-118.25,42.75],[-117.5,43.5],[-117.76,44.0],[-117.41,44.25],[-116.75,44.42],[-116.0,43.48],[-115.5,43.19],[-114.25,43.04],[-114.0,42.69],[-113.13,42.75],[-113.25,43.11],[-113.75,42.87],[-114.08,43.25],[-112.75,44.06],[-112.18,43.75],[-112.4,43.5],[-112.16,43.25],[-113.11,42.25],[-112.23,42.0],[-111.95,40.5],[-111.71,40.25],[-112.0,39.37],[-112.5,38.76],[-113.5,38.47]]}},{"type":"Feature","properties":{"level":1016},"geometry":{"type":"LineString","coordinates":[[180.0,40.25],[176.0,39.12],[170.25,38.35],[163.5,36.66],[163.26,36.75],[166.25,38.3],[168.0,39.5],[167.69,40.5],[167.0,40.77],[165.0,40.54],[164.5,39.7],[164.0,40.0],[158.5,40.63],[157.46,41.25],[152.75,42.55],[151.0,43.26],[148.0,44.92],[147.5,45.86],[143.75,47.9],[142.0,49.27],[140.75,48.95],[139.25,47.88],[138.47,48.75],[138.69,49.5],[138.25,50.15],[136.5,49.51],[134.5,49.64],[134.12,50.0],[134.96,50.75],[134.41,51.0],[134.83,51.5],[134.5,51.88],[133.75,52.05],[133.65,52.25],[134.46,52.5],[133.42,53.0],[133.32,53.25],[134.15,53.5],[134.26,53.75],[132.5,53.82],[131.61,54.25],[131.25,54.81],[129.5,54.96],[128.89,55.25],[128.75,55.5],[129.22,55.75],[129.88,56.75],[129.75,57.25],[129.25,57.51],[129.13,57.75],[129.37,58.0],[129.0,58.39],[128.25,58.44],[126.75,59.2],[125.23,59.5],[122.7,60.5],[114.75,62.25],[114.8,62.5],[114.0,62.73],[112.08,63.0],[111.49,63.25],[112.31,63.5],[111.0,64.44],[106.5,65.07],[104.75,64.95],[104.12,65.5],[103.0,65.84],[100.76,66.0],[100.47,66.25],[95.5,67.46],[95.3,68.5],[94.65,69.25],[93.5,69.24],[90.75,70.1],[86.25,70.89],[76.75,73.48],[72.75,73.86],[66.5,73.74],[56.75,73.11],[54.5,73.54],[50.5,72.95],[40.0,72.22],[25.75,72.4],[19.25,71.3],[15.75,70.09],[12.88,68.5],[12.43,68.0],[12.08,66.75],[12.49,65.75],[10.91,64.0],[11.22,63.75],[7.5,62.11],[6.25,61.99],[2.25,60.8],[-4.75,60.6],[-9.75,59.24],[-12.75,58.91],[-16.53,58.0],[-20.94,56.5],[-29.0,53.07],[-34.92,51.0],[-38.28,49.5],[-41.94,47.5],[-42.69,46.75],[-43.25,45.56],[-44.0,44.95],[-44.75,45.04],[-45.75,45.73],[-46.5,45.77],[-60.25,41.06],[-65.25,40.03],[-69.25,39.58],[-71.75,38.94],[-71.98,39.0],[-71.92,39.25],[-71.19,40.0],[-71.39,40.75],[-70.0,41.03],[-69.75,41.3],[-69.25,41.23],[-69.75,42.0],[-69.68,42.5],[-68.75,42.61],[-68.61,43.5],[-67.91,44.0],[-68.37,46.75],[-68.94,47.75],[-68.95,48.25],[-69.26,48.5],[-69.18,50.0],[-69.54,50.5],[-69.54,51.0],[-72.25,52.29],[-74.25,52.94],[-85.25,54.8],[-90.25,55.22],[-95.43,53.25],[-97.06,52.0],[-98.25,51.51],[-98.44,49.5],[-99.26,47.0],[-99.21,46.0],[-98.75,45.5],[-98.97,44.5],[-99.39,44.25],[-99.58,43.25],[-100.11,43.0],[-100.25,42.68],[-102.25,41.81],[-102.75,41.28],[-104.5,41.13],[-104.77,40.5],[-104.5,40.57],[-104.22,40.0],[-105.0,39.64],[-105.08,40.75],[-104.91,41.0],[-105.5,42.3],[-106.0,42.57],[-107.0,42.18],[-108.5,42.57],[-109.1,43.25],[-108.87,43.75],[-109.41,45.25],[-110.14,45.75],[-110.04,46.75],[-110.75,47.19],[-111.99,47.25],[-112.85,48.25],[-112.5,48.75],[-111.2,49.0],[-110.87,51.0],[-110.39,51.5],[-110.49,53.75],[-110.01,54.25],[-110.22,54.5],[-109.99,54.75],[-110.04,55.5],[-110.98,56.0],[-111.25,56.62],[-112.36,57.25],[-112.04,57.75],[-112.25,58.0],[-114.38,58.5],[-114.44,58.75],[-113.96,59.25],[-115.5,59.74],[-117.25,59.2],[-118.25,59.18],[-118.41,59.25],[-118.09,59.5],[-118.5,59.93],[-120.25,59.58],[-122.5,59.77],[-124.0,59.63],[-124.79,60.5],[-124.25,60.8],[-127.09,61.5],[-127.15,62.0],[-126.18,62.25],[-127.0,62.41],[-127.0,62.61],[-126.75,62.93],[-126.25,62.98],[-125.25,62.47],[-124.85,61.75],[-124.0,61.43],[-122.0,61.58],[-121.0,62.07],[-119.5,61.95],[-118.25,62.18],[-116.87,64.0],[-113.31,65.0],[-111.75,64.62],[-108.75,65.0],[-106.5,64.76],[-106.0,65.02],[-105.44,64.25],[-105.57,64.0],[-105.16,64.0],[-104.94,65.0],[-105.75,65.14],[-106.0,65.53],[-108.25,66.26],[-108.75,66.76],[-109.75,66.71],[-110.75,67.23],[-113.65,68.0],[-116.71,70.25],[-116.81,70.5],[-116.5,70.63],[-114.62,71.0],[-114.84,71.5],[-115.93,72.0],[-116.44,72.5],[-116.31,73.0],[-115.55,73.5],[-115.8,74.0],[-116.84,74.75],[-116.83,75.0],[-113.75,75.36],[-112.37,76.0],[-113.92,77.0],[-114.48,78.75],[-115.75,81.02],[-117.25,82.06],[-118.75,82.66],[-124.5,83.61],[-138.5,84.45],[-153.0,84.75],[-163.0,84.31],[-170.75,82.68],[-174.25,81.68],[-175.85,81.0],[-177.78,79.25],[-177.96,78.0],[-177.0,76.52],[-175.5,75.56],[-173.23,74.75],[-169.5,73.96],[-166.25,74.25],[-163.0,75.5],[-160.58,76.0],[-153.25,76.61],[-148.75,76.58],[-144.0,76.19],[-141.25,75.65],[-139.3,74.75],[-146.25,71.93],[-158.59,70.25],[-160.75,69.14],[-163.38,68.25],[-163.57,67.5],[-163.08,67.0],[-163.25,66.83],[-169.75,65.26],[-171.75,64.18],[-172.23,63.5],[-172.06,63.0],[-171.44,62.5],[-169.0,61.88],[-165.5,61.63],[-159.5,61.83],[-157.75,61.39],[-156.5,62.07],[-154.5,62.15],[-154.0,61.34],[-152.84,61.25],[-153.5,61.18],[-153.83,60.75],[-153.22,60.5],[-153.64,60.25],[-153.25,60.03],[-152.0,61.0],[-150.63,61.5],[-150.0,62.02],[-149.25,61.5],[-149.82,60.75],[-149.63,60.5],[-150.25,60.2],[-150.5,59.65],[-149.75,59.85],[-149.5,60.17],[-148.5,59.99],[-147.5,60.24],[-145.75,60.18],[-140.25,59.05],[-139.68,58.75],[-139.34,58.25],[-139.76,56.0],[-138.92,54.5],[-139.02,53.25],[-139.6,51.75],[-139.55,48.25],[-141.89,44.75],[-144.25,39.17],[-146.25,36.77],[-147.75,36.01],[-149.25,36.55],[-151.0,36.53],[-152.5,36.26],[-153.5,35.81],[-155.0,35.88],[-159.0,34.77],[-160.75,34.93],[-163.75,34.61],[-164.63,34.75],[-164.0,34.93],[-163.59,35.5],[-164.71,35.75],[-164.18,36.0],[-164.15,36.25],[-164.72,36.75],[-165.07,37.5],[-172.25,41.8],[-173.0,41.99],[-174.75,41.89],[-180.0,40.25]]}},{"type":"Feature","properties":{"level":1016},"geometry":{"type":"LineString","coordinates":[[63.78,40.75],[64.05,40.75],[63.78,40.75]]}},{"type":"Feature","properties":{"level":1016},"geometry":{"type":"LineString","coordinates":[[63.62,42.25],[64.06,42.25],[63.75,42.57],[63.42,42.5],[63.62,42.25]]}},{"type":"Feature","properties":{"level":1016},"geometry":{"type":"LineString","coordinates":[[-120.0,45.58],[-120.25,45.75],[-120.0,46.12],[-119.2,46.25],[-119.52,46.5],[-119.32,46.75],[-118.75,46.61],[-118.98,45.75],[-120.0,45.58]]}},{"type":"Feature","properties":{"level":1016},"geometry":{"type":"LineString","coordinates":[[-127.75,63.44],[-128.72,64.0],[-128.1,64.0],[-127.6,63.5],[-127.75,63.44]]}},{"type":"Feature","properties":{"level":1016},"geometry":{"type":"LineString","coordinates":[[10.7,63.75],[10.87,63.75],[10.7,63.75]]}},{"type":"Feature","properties":{"level":1016},"geometry":{"type":"LineString","coordinates":[[-110.5,65.42],[-110.65,65.5],[-110.5,65.42]]}},{"type":"Feature","properties":{"level":1016},"geometry":{"type":"LineString","coordinates":[[-36.25,70.0],[-35.75,69.93],[-35.18,70.25],[-35.38,71.0],[-36.22,71.25],[-36.36,71.5],[-35.45,71.75],[-36.0,72.18],[-36.75,72.07],[-37.91,71.25],[-37.75,71.01],[-36.75,70.75],[-36.25,70.0]]}},{"type":"Feature","properties":{"level":1016},"geometry":{"type":"LineString","coordinates":[[-116.5,71.24],[-116.25,71.41],[-115.77,71.25],[-116.5,71.24]]}},{"type":"Feature","properties":{"level":1020},"geometry":{"type":"LineString","coordinates":[[76.8,-88.75],[102.75,-88.97],[141.5,-88.44],[170.64,-88.5],[158.62,-88.25],[165.4,-87.75],[165.25,-87.74],[153.75,-87.6],[140.5,-86.81],[133.75,-86.65],[125.52,-85.5],[124.41,-85.0],[123.46,-84.0],[113.0,-82.95],[111.44,-82.5],[120.8,-80.75],[121.26,-80.25],[122.47,-80.0],[126.82,-79.5],[127.25,-79.25],[127.27,-79.0],[126.37,-78.5],[126.01,-78.0],[126.89,-77.25],[126.76,-77.0],[124.75,-76.56],[123.0,-76.49],[118.0,-76.7],[113.25,-77.24],[107.5,-76.98],[103.59,-76.5],[99.0,-75.04],[96.25,-74.65],[95.25,-74.75],[94.62,-75.25],[94.51,-75.5],[94.94,-76.25],[94.53,-77.0],[92.5,-77.69],[91.0,-77.71],[89.75,-78.09],[78.0,-78.75],[79.5,-78.94],[79.64,-79.25],[77.25,-79.72],[76.95,-80.0],[79.5,-79.79],[81.76,-80.0],[80.55,-80.25],[81.0,-80.52],[83.5,-80.41],[83.74,-80.5],[83.46,-80.75],[83.75,-80.98],[87.0,-81.0],[88.46,-81.25],[81.33,-82.5],[80.87,-83.0],[81.3,-83.25],[81.3,-83.5],[80.5,-83.85],[75.5,-84.36],[65.75,-84.61],[53.25,-84.59],[52.71,-84.75],[54.92,-86.0],[53.93,-86.5],[53.95,-86.75],[48.64,-87.5],[48.34,-87.75],[51.82,-88.25],[76.8,-88.75]]}},{"type":"Feature","properties":{"level":1020},"geometry":{"type":"LineString","coordinates":[[70.01,-81.5],[72.01,-81.5],[70.01,-81.5]]}},{"type":"Feature","properties":{"level":1020},"geometry":{"type":"LineString","coordinates":[[67.03,-81.0],[71.0,-81.07],[74.23,-80.5],[73.5,-80.22],[70.5,-80.26],[67.75,-80.36],[66.39,-80.75],[67.03,-81.0]]}},{"type":"Feature","properties":{"level":1020},"geometry":{"type":"LineString","coordinates":[[51.85,-80.5],[53.75,-80.66],[55.25,-80.05],[57.75,-79.95],[58.12,-79.75],[52.25,-77.17],[48.0,-76.66],[44.0,-77.34],[42.5,-78.1],[39.5,-78.55],[37.06,-79.5],[39.0,-80.2],[46.0,-80.19],[49.0,-79.97],[51.19,-78.75],[52.52,-78.75],[52.93,-79.0],[53.15,-79.75],[51.78,-80.25],[51.85,-80.5]]}},{"type":"Feature","properties":{"level":1020},"geometry":{"type":"LineString","coordinates":[[35.98,-77.0],[38.25,-77.04],[39.25,-76.8],[40.14,-76.25],[39.35,-75.75],[40.6,-75.5],[27.89,-75.5],[28.4,-75.75],[27.98,-76.25],[29.12,-76.5],[35.98,-77.0]]}},{"type":"Feature","properties":{"level":1020},"geometry":{"type":"LineString","coordinates":[[-180.0,-51.93],[-179.28,-51.5],[-178.25,-50.29],[-177.94,-48.75],[-176.5,-45.0],[-175.7,-44.25],[-172.74,-40.25],[-173.25,-39.0],[-175.7,-37.25],[-175.5,-36.74],[-174.5,-37.35],[-173.25,-37.56],[-170.75,-37.28],[-165.75,-37.25],[-157.5,-36.37],[-152.75,-35.24],[-143.85,-32.5],[-142.37,-31.5],[-142.1,-30.75],[-142.3,-28.75],[-142.49,-28.5],[-142.39,-28.0],[-143.5,-27.31],[-143.78,-26.75],[-143.49,-26.25],[-144.5,-25.64],[-145.25,-25.6],[-145.34,-25.25],[-146.0,-24.92],[-146.25,-24.45],[-147.0,-24.55],[-147.75,-23.88],[-148.25,-24.05],[-148.5,-23.86],[-149.0,-24.11],[-151.0,-23.35],[-151.5,-23.86],[-153.5,-23.51],[-153.75,-23.68],[-154.0,-23.35],[-155.25,-22.9],[-157.25,-22.68],[-159.5,-22.04],[-161.0,-22.35],[-162.5,-21.95],[-163.5,-22.12],[-164.25,-21.8],[-165.25,-21.98],[-169.75,-21.48],[-170.5,-22.22],[-172.5,-22.47],[-174.0,-23.13],[-174.26,-22.75],[-174.75,-22.79],[-175.75,-22.34],[-178.0,-22.31],[-178.25,-22.91],[-179.0,-22.68],[-179.25,-23.07],[-180.0,-22.78]]}},{"type":"Feature","properties":{"level":1020},"geometry":{"type":"LineString","coordinates":[[-95.5,-36.75],[-95.25,-36.93],[-94.75,-35.62],[-93.25,-36.08],[-93.0,-35.64],[-92.75,-35.89],[-92.52,-35.75],[-92.69,-35.5],[-92.5,-35.47],[-92.47,-36.0],[-92.0,-36.27],[-91.5,-36.19],[-90.5,-35.54],[-90.5,-35.25],[-89.53,-35.0],[-89.63,-34.5],[-89.25,-34.18],[-88.99,-34.25],[-89.08,-33.5],[-88.75,-33.1],[-87.5,-33.22],[-86.25,-33.73],[-85.97,-33.25],[-85.25,-32.83],[-84.5,-33.1],[-84.0,-32.45],[-83.5,-32.83],[-83.0,-32.5],[-83.0,-32.14],[-82.17,-32.25],[-81.75,-31.43],[-81.17,-31.25],[-81.0,-30.51],[-80.0,-31.29],[-80.2,-30.5],[-79.71,-30.25],[-79.75,-29.9],[-79.0,-29.75],[-79.07,-28.75],[-79.45,-28.0],[-80.0,-27.79],[-80.25,-27.18],[-81.22,-27.0],[-80.99,-26.75],[-81.68,-26.25],[-81.92,-25.75],[-81.5,-25.64],[-81.5,-25.43],[-83.0,-24.92],[-83.5,-25.26],[-84.12,-24.25],[-84.87,-23.75],[-85.25,-23.65],[-85.5,-23.93],[-86.0,-23.5],[-86.75,-23.51],[-87.25,-23.14],[-87.5,-23.29],[-90.5,-22.97],[-91.0,-23.22],[-93.0,-22.62],[-93.75,-23.14],[-97.25,-23.43],[-99.71,-24.25],[-100.39,-25.5],[-99.56,-27.25],[-99.68,-28.25],[-99.18,-30.0],[-98.29,-30.75],[-98.42,-32.0],[-98.25,-32.83],[-97.75,-33.96],[-97.1,-34.25],[-96.28,-36.25],[-95.5,-36.75]]}},{"type":"Feature","properties":{"level":1020},"geometry":{"type":"LineString","coordinates":[[-95.75,-36.4],[-95.75,-36.06],[-95.49,-36.25],[-95.75,-36.4]]}},{"type":"Feature","properties":{"level":1020},"geometry":{"type":"LineString","coordinates":[[-94.0,-35.62],[-94.0,-35.44],[-93.74,-35.5],[-94.0,-35.62]]}},{"type":"Feature","properties":{"level":1020},"geometry":{"type":"LineString","coordinates":[[-69.59,-34.0],[-69.45,-33.0],[-69.96,-32.0],[-69.9,-30.75],[-69.65,-30.5],[-69.53,-29.5],[-69.75,-29.33],[-70.23,-29.75],[-70.07,-30.0],[-70.39,-30.25],[-70.43,-31.0],[-70.72,-31.25],[-70.38,-33.25],[-69.59,-34.0]]}},{"type":"Feature","properties":{"level":1020},"geometry":{"type":"LineString","coordinates":[[69.25,-29.63],[68.82,-29.0],[69.0,-28.66],[69.5,-28.53],[69.87,-28.75],[70.04,-29.25],[69.75,-29.63],[69.25,-29.63]]}},{"type":"Feature","properties":{"level":1020},"geometry":{"type":"LineString","coordinates":[[-80.0,-29.26],[-79.69,-29.25],[-80.0,-29.26]]}},{"type":"Feature","properties":{"level":1020},"geometry":{"type":"LineString","coordinates":[[-80.25,-28.51],[-80.25,-28.2],[-79.57,-28.5],[-80.25,-28.51]]}},{"type":"Feature","properties":{"level":1020},"geometry":{"type":"LineString","coordinates":[[-67.82,-23.75],[-67.75,-23.97],[-67.5,-23.91],[-67.37,-23.25],[-67.5,-22.25],[-68.0,-21.61],[-68.3,-21.75],[-67.82,-23.75]]}},{"type":"Feature","properties":{"level":1020},"geometry":{"type":"LineString","coordinates":[[180.0,-22.78],[178.0,-23.27],[177.5,-23.14],[177.0,-23.63],[176.0,-23.2],[175.25,-24.11],[174.75,-23.89],[174.25,-24.15],[174.0,-24.05],[173.0,-25.15],[172.25,-24.72],[171.84,-25.25],[169.75,-25.88],[165.0,-25.84],[160.5,-25.1],[159.5,-24.59],[158.75,-24.55],[156.25,-23.19],[155.75,-23.35],[152.75,-22.07],[149.25,-21.1],[149.11,-21.5],[149.5,-22.16],[150.0,-22.13],[150.45,-22.5],[150.31,-23.5],[151.27,-24.25],[152.1,-25.5],[152.06,-26.25],[152.36,-26.75],[152.25,-27.14],[151.93,-27.0],[152.0,-27.4],[152.26,-27.5],[151.92,-27.75],[153.13,-28.75],[152.92,-29.5],[152.25,-30.06],[152.07,-29.75],[152.19,-29.0],[151.75,-28.59],[151.6,-28.75],[151.89,-29.0],[151.0,-29.18],[150.79,-29.75],[150.78,-30.25],[151.5,-30.92],[152.0,-30.47],[152.83,-30.5],[152.71,-31.25],[153.32,-33.25],[153.12,-34.0],[153.36,-35.5],[152.81,-37.25],[153.0,-37.65],[153.41,-37.75],[153.27,-38.0],[153.49,-38.75],[153.89,-39.25],[153.75,-39.78],[151.75,-41.02],[149.59,-40.5],[147.75,-39.3],[146.74,-38.0],[145.0,-37.78],[142.61,-36.75],[141.66,-35.5],[142.38,-34.0],[142.11,-33.5],[142.25,-32.93],[141.57,-32.25],[141.78,-31.25],[142.54,-30.75],[142.19,-30.5],[142.04,-29.25],[138.5,-27.8],[138.0,-27.22],[137.75,-27.39],[137.25,-27.25],[137.0,-27.71],[136.75,-27.6],[136.0,-26.88],[134.75,-26.3],[134.0,-25.03],[132.51,-24.25],[131.75,-24.17],[129.86,-24.5],[129.73,-25.25],[130.39,-26.75],[129.95,-27.25],[130.06,-27.5],[129.76,-28.0],[130.75,-28.16],[131.18,-27.75],[131.64,-27.75],[131.5,-28.3],[131.0,-28.39],[130.73,-28.75],[130.43,-28.75],[130.25,-28.46],[129.75,-28.79],[129.5,-28.09],[129.15,-28.25],[129.0,-28.7],[128.8,-28.25],[128.5,-28.18],[128.44,-28.75],[127.75,-28.8],[125.75,-28.01],[125.5,-28.46],[124.77,-28.5],[124.73,-28.75],[123.5,-29.09],[122.75,-28.97],[121.75,-29.56],[120.5,-29.45],[119.25,-29.69],[118.86,-30.0],[119.69,-30.75],[119.78,-31.0],[119.5,-31.27],[117.0,-30.26],[116.0,-30.62],[115.57,-30.25],[115.1,-29.0],[113.47,-26.25],[113.43,-25.25],[111.96,-22.5],[110.75,-21.39],[108.59,-18.75],[103.75,-17.29],[101.25,-16.83],[98.25,-17.09],[97.0,-16.96],[95.0,-17.4],[93.0,-16.54],[91.75,-16.89],[91.0,-16.67],[90.0,-16.75],[88.75,-17.39],[87.25,-16.93],[86.75,-17.06],[85.5,-16.78],[85.0,-16.46],[83.25,-16.76],[81.5,-16.29],[79.5,-16.1],[78.75,-16.37],[77.0,-16.39],[75.9,-16.75],[75.0,-17.45],[73.75,-17.87],[73.0,-18.55],[72.4,-18.75],[71.5,-19.68],[70.5,-19.96],[68.5,-19.14],[66.66,-18.0],[65.75,-17.84],[62.52,-16.0],[61.5,-15.62],[58.5,-15.31],[57.25,-14.13],[54.75,-13.37],[52.57,-12.0],[50.0,-11.41],[49.44,-11.75],[49.19,-12.75],[49.5,-13.0],[49.35,-13.5],[48.5,-14.28],[48.03,-16.0],[47.5,-16.46],[47.35,-16.25],[47.62,-16.0],[47.5,-15.89],[46.5,-16.12],[45.75,-14.7],[45.0,-15.06],[44.75,-15.61],[44.46,-15.5],[44.36,-16.0],[44.75,-16.2],[45.75,-15.77],[46.16,-16.25],[45.0,-16.63],[44.74,-17.25],[45.25,-18.16],[45.61,-20.25],[44.78,-21.0],[44.47,-21.0],[44.44,-21.5],[44.78,-21.75],[44.0,-22.08],[43.75,-22.84],[43.23,-22.5],[43.25,-21.87],[42.74,-22.5],[42.71,-23.0],[42.0,-23.28],[41.75,-24.0],[42.15,-24.0],[42.11,-24.25],[41.04,-24.75],[41.1,-25.25],[40.25,-26.64],[39.25,-27.03],[38.75,-26.84],[37.5,-27.16],[35.25,-27.29],[33.75,-26.78],[33.34,-26.0],[33.5,-24.98],[34.94,-21.75],[36.5,-20.87],[36.5,-20.5],[37.5,-20.17],[39.12,-20.5],[39.5,-21.19],[39.75,-20.5],[40.16,-21.25],[40.0,-21.61],[39.71,-21.5],[39.7,-22.0],[40.25,-23.03],[40.5,-22.37],[41.0,-22.72],[41.38,-22.5],[41.36,-22.0],[41.99,-21.25],[42.23,-20.0],[42.75,-19.65],[43.0,-18.88],[43.25,-19.11],[43.53,-19.0],[42.94,-17.75],[43.35,-17.5],[43.44,-16.75],[43.7,-16.5],[43.62,-16.0],[42.5,-14.58],[40.75,-13.37],[40.0,-13.39],[39.5,-12.46],[38.67,-12.75],[38.83,-13.25],[39.74,-13.5],[39.66,-13.75],[39.25,-13.93],[38.5,-13.6],[38.5,-14.0],[38.84,-14.25],[38.5,-14.53],[37.25,-14.34],[37.25,-13.95],[37.85,-14.0],[37.72,-13.5],[37.5,-13.24],[36.75,-13.33],[36.5,-13.69],[36.32,-13.5],[36.39,-12.5],[35.75,-12.19],[35.5,-12.89],[35.25,-12.66],[35.0,-12.98],[35.0,-13.98],[34.25,-13.51],[33.88,-12.5],[34.0,-11.4],[33.72,-11.5],[33.33,-12.75],[33.5,-13.0],[32.0,-13.37],[31.52,-12.5],[32.07,-11.75],[32.0,-11.33],[31.75,-11.27],[30.75,-13.01],[27.0,-13.97],[26.75,-14.96],[26.0,-15.49],[25.25,-15.53],[24.38,-17.0],[23.01,-17.75],[22.88,-19.25],[22.0,-20.32],[20.5,-20.61],[20.0,-20.99],[19.0,-21.09],[18.36,-21.5],[19.53,-22.25],[20.25,-22.25],[22.21,-25.5],[21.84,-26.25],[23.32,-27.75],[23.25,-28.15],[23.0,-27.7],[22.69,-27.75],[22.93,-28.75],[22.7,-29.25],[23.57,-30.0],[23.57,-30.5],[23.25,-30.54],[22.75,-30.13],[22.49,-30.5],[21.52,-30.75],[21.75,-31.0],[21.5,-31.42],[20.0,-29.82],[18.75,-29.41],[18.0,-29.43],[17.24,-28.5],[17.4,-28.0],[16.27,-27.0],[15.25,-27.14],[13.75,-26.18],[12.7,-25.25],[12.7,-25.0],[11.39,-23.5],[8.5,-21.15],[4.0,-18.94],[1.26,-18.0],[-3.75,-17.8],[-5.0,-18.05],[-7.75,-17.96],[-9.5,-18.23],[-12.5,-17.74],[-14.25,-17.72],[-15.16,-18.0],[-18.0,-20.46],[-19.25,-20.64],[-19.88,-21.0],[-19.48,-22.0],[-18.87,-22.5],[-18.51,-23.5],[-18.0,-24.08],[-12.9,-28.0],[-8.96,-30.5],[-6.83,-32.25],[-5.75,-33.44],[-3.25,-35.28],[0.5,-39.98],[4.0,-43.42],[6.24,-46.75],[7.0,-47.34],[9.75,-48.48],[13.5,-48.69],[22.0,-47.19],[24.74,-46.5],[25.5,-46.06],[27.0,-45.96],[27.5,-45.56],[28.5,-45.51],[35.0,-47.4],[40.5,-48.69],[43.5,-48.99],[46.5,-48.78],[52.5,-47.2],[64.75,-46.56],[69.5,-45.89],[74.5,-44.68],[86.5,-40.26],[91.49,-39.25],[96.75,-38.58],[104.5,-38.58],[108.0,-38.32],[114.0,-39.45],[119.75,-41.56],[131.25,-46.74],[135.98,-48.5],[146.0,-51.74],[152.4,-53.25],[156.75,-53.81],[161.5,-53.88],[167.5,-53.35],[171.25,-52.76],[177.0,-52.63],[180.0,-51.93]]}},{"type":"Feature","properties":{"level":1020},"geometry":{"type":"LineString","coordinates":[[-90.18,-22.25],[-89.75,-22.43],[-89.4,-22.25],[-90.0,-22.04],[-90.18,-22.25]]}},{"type":"Feature","properties":{"level":1020},"geometry":{"type":"LineString","coordinates":[[41.6,-22.25],[41.75,-22.09],[41.6,-22.25]]}},{"type":"Feature","properties":{"level":1020},"geometry":{"type":"LineString","coordinates":[[41.83,-22.0],[42.28,-22.0],[41.83,-22.0]]}},{"type":"Feature","properties":{"level":1020},"geometry":{"type":"LineString","coordinates":[[40.5,-21.84],[40.75,-21.46],[40.75,-21.75],[40.5,-21.84]]}},{"type":"Feature","properties":{"level":1020},"geometry":{"type":"LineString","coordinates":[[-68.78,-21.25],[-68.5,-21.46],[-68.4,-20.75],[-68.86,-19.25],[-69.0,-17.79],[-69.5,-17.54],[-69.5,-16.86],[-69.75,-16.81],[-70.49,-15.75],[-70.59,-15.25],[-71.0,-14.97],[-71.5,-15.1],[-72.5,-14.43],[-73.25,-14.45],[-74.33,-13.75],[-74.49,-13.25],[-76.0,-11.5],[-75.76,-11.0],[-75.92,-10.5],[-76.5,-10.48],[-76.97,-9.75],[-76.89,-9.5],[-77.45,-9.25],[-77.38,-10.0],[-76.6,-11.5],[-74.79,-14.25],[-73.75,-14.98],[-73.0,-15.18],[-72.75,-15.75],[-72.25,-15.56],[-71.25,-16.55],[-70.75,-16.63],[-70.7,-17.0],[-70.05,-17.5],[-69.06,-19.5],[-68.78,-21.25]]}},{"type":"Feature","properties":{"level":1020},"geometry":{"type":"LineString","coordinates":[[44.95,-19.25],[45.1,-18.75],[44.75,-18.02],[44.53,-18.25],[44.95,-19.25]]}},{"type":"Feature","properties":{"level":1020},"geometry":{"type":"LineString","coordinates":[[42.75,-18.78],[42.75,-18.5],[42.75,-18.78]]}},{"type":"Feature","properties":{"level":1020},"geometry":{"type":"LineString","coordinates":[[43.83,-16.75],[44.0,-16.69],[43.83,-16.75]]}},{"type":"Feature","properties":{"level":1020},"geometry":{"type":"LineString","coordinates":[[46.75,-16.76],[46.75,-16.38],[47.23,-16.5],[47.0,-16.86],[46.75,-16.76]]}},{"type":"Feature","properties":{"level":1020},"geometry":{"type":"LineString","coordinates":[[43.16,-11.75],[43.5,-11.94],[43.69,-11.75],[43.5,-11.54],[43.16,-11.75]]}},{"type":"Feature","properties":{"level":1020},"geometry":{"type":"LineString","coordinates":[[36.47,-11.0],[36.92,-10.75],[37.25,-9.74],[37.5,-10.24],[38.0,-10.13],[38.82,-9.25],[38.6,-8.75],[38.0,-8.35],[37.79,-9.25],[37.5,-9.29],[36.75,-8.58],[36.0,-9.42],[35.69,-9.25],[36.25,-8.15],[36.92,-7.75],[37.09,-6.75],[37.75,-5.91],[38.25,-5.74],[38.66,-5.0],[37.94,-4.0],[38.49,-3.5],[37.92,-3.0],[38.09,-1.25],[37.25,-0.95],[37.17,-0.75],[37.5,-0.66],[37.63,-0.25],[37.63,0.0],[37.25,0.11],[36.56,-0.5],[36.75,-2.0],[36.5,-2.5],[36.71,-3.0],[36.22,-3.5],[36.4,-4.25],[36.0,-4.42],[35.49,-4.0],[35.61,-4.5],[36.79,-5.5],[36.67,-7.5],[36.0,-7.75],[35.75,-8.3],[33.85,-9.25],[34.75,-9.93],[35.75,-9.96],[35.91,-10.75],[36.47,-11.0]]}},{"type":"Feature","properties":{"level":1020},"geometry":{"type":"LineString","coordinates":[[-78.38,-1.0],[-78.25,-1.15],[-78.0,-0.04],[-78.38,-1.0]]}},{"type":"Feature","properties":{"level":1020},"geometry":{"type":"LineString","coordinates":[[38.18,5.5],[39.01,5.75],[39.0,6.05],[39.25,5.85],[40.25,6.78],[40.54,6.75],[40.82,7.25],[40.15,7.5],[40.0,8.39],[39.16,8.0],[38.21,6.0],[38.18,5.5]]}},{"type":"Feature","properties":{"level":1020},"geometry":{"type":"LineString","coordinates":[[38.05,8.0],[38.25,7.95],[38.64,8.5],[38.38,8.75],[38.45,9.0],[39.23,9.0],[39.84,9.75],[39.85,11.25],[39.5,13.22],[39.32,12.5],[38.97,12.5],[39.0,11.93],[38.75,11.79],[38.25,11.98],[37.75,11.46],[37.5,11.5],[37.33,11.0],[37.79,10.25],[37.75,9.85],[38.26,9.75],[38.0,9.5],[37.23,9.75],[37.32,9.25],[37.88,9.0],[37.69,8.75],[38.29,8.5],[38.05,8.0]]}},{"type":"Feature","properties":{"level":1020},"geometry":{"type":"LineString","coordinates":[[39.63,13.75],[39.75,13.55],[39.82,14.0],[39.5,14.71],[39.33,14.25],[39.63,13.75]]}},{"type":"Feature","properties":{"level":1020},"geometry":{"type":"LineString","coordinates":[[43.93,15.25],[44.5,15.05],[44.56,15.25],[44.5,15.65],[44.0,16.05],[43.77,15.5],[43.93,15.25]]}},{"type":"Feature","properties":{"level":1020},"geometry":{"type":"LineString","coordinates":[[18.47,20.0],[18.87,20.0],[18.71,20.5],[19.0,20.29],[20.01,22.25],[21.25,23.59],[22.0,23.69],[23.25,24.4],[24.75,24.4],[25.09,24.25],[25.26,23.75],[26.25,23.28],[26.5,23.5],[26.5,24.1],[27.27,24.5],[27.16,25.5],[26.86,26.0],[27.1,26.75],[26.79,27.0],[27.25,27.86],[23.75,31.23],[22.72,32.75],[23.07,34.75],[23.52,35.25],[24.25,35.28],[24.16,36.25],[26.0,38.14],[27.0,38.39],[28.5,38.07],[29.75,38.32],[31.0,37.85],[32.5,36.76],[33.43,37.0],[33.23,37.5],[33.75,38.11],[35.25,37.74],[36.25,38.35],[36.75,38.14],[37.0,38.47],[37.75,38.47],[38.75,39.21],[41.0,39.32],[41.75,40.05],[42.5,39.93],[43.26,40.5],[42.71,41.0],[43.7,41.25],[44.01,42.0],[43.74,42.5],[44.0,42.67],[46.5,42.36],[47.5,41.87],[47.54,41.5],[48.5,40.84],[49.25,40.58],[49.75,40.64],[50.0,41.19],[51.76,42.25],[52.32,43.75],[51.07,46.0],[51.11,46.25],[51.9,46.75],[51.82,47.25],[51.0,48.05],[49.25,48.87],[47.5,50.17],[46.15,52.25],[46.57,54.5],[47.25,55.66],[48.4,57.0],[50.62,58.5],[53.23,59.5],[57.25,60.53],[59.75,60.12],[62.75,60.61],[71.0,60.76],[82.5,61.48],[86.52,62.0],[87.69,62.5],[88.25,63.1],[89.75,63.45],[94.25,62.99],[94.62,63.5],[95.75,63.75],[96.24,64.5],[94.64,66.0],[92.65,67.0],[92.22,67.5],[90.86,68.0],[91.08,68.25],[90.75,68.41],[74.0,72.35],[58.25,72.32],[55.0,72.05],[52.75,72.28],[35.0,69.44],[30.75,69.11],[27.25,68.38],[24.25,67.4],[22.28,65.75],[19.75,64.44],[16.25,63.5],[15.75,63.61],[15.75,64.0],[14.75,64.12],[14.69,63.0],[12.0,62.74],[11.5,62.48],[10.67,62.5],[10.0,62.13],[9.25,62.14],[6.5,60.12],[5.75,60.52],[5.47,60.25],[5.5,59.88],[4.25,59.36],[2.25,59.02],[-1.75,59.03],[-5.5,58.68],[-9.75,57.64],[-13.5,57.18],[-19.0,55.5],[-22.75,53.75],[-24.59,52.25],[-24.87,51.75],[-25.63,51.5],[-25.22,51.0],[-25.97,50.75],[-27.0,49.9],[-28.0,49.49],[-28.25,50.09],[-28.75,50.02],[-29.25,50.27],[-30.0,50.08],[-34.75,48.43],[-37.75,47.07],[-39.65,45.5],[-39.85,44.75],[-41.37,42.25],[-41.75,41.22],[-42.25,40.85],[-43.5,40.39],[-46.75,39.74],[-49.75,39.64],[-51.0,39.39],[-54.15,38.5],[-55.93,37.5],[-56.12,34.75],[-55.45,33.75],[-52.75,32.95],[-50.0,35.24],[-49.0,35.15],[-48.42,34.5],[-48.1,33.25],[-48.25,32.39],[-47.13,31.5],[-47.04,30.75],[-46.5,30.82],[-46.0,30.37],[-45.75,30.5],[-45.44,29.5],[-44.56,28.75],[-43.5,28.62],[-42.25,28.88],[-39.5,31.23],[-37.22,32.5],[-36.25,33.55],[-35.0,38.12],[-34.0,39.9],[-33.0,40.85],[-32.5,41.12],[-32.0,40.76],[-30.75,40.66],[-29.34,39.75],[-28.5,38.37],[-26.25,37.89],[-25.59,37.25],[-27.75,35.34],[-31.25,30.63],[-30.75,28.92],[-29.25,29.1],[-28.5,29.49],[-27.0,29.13],[-26.25,29.38],[-24.0,29.49],[-20.5,31.01],[-17.75,31.3],[-16.0,32.09],[-14.29,34.25],[-12.7,38.25],[-12.25,38.6],[-9.97,42.0],[-9.0,42.54],[-8.29,41.75],[-8.15,41.0],[-7.75,40.5],[-7.98,40.0],[-7.5,39.77],[-5.88,39.75],[-5.14,39.0],[-5.27,38.25],[-4.09,38.0],[-4.0,37.75],[-4.65,37.0],[-4.5,36.91],[-2.0,36.88],[-1.25,37.32],[2.25,37.91],[3.5,37.72],[3.9,37.5],[4.12,37.0],[1.5,36.14],[0.0,34.95],[-2.25,34.66],[-3.5,33.84],[-4.25,34.0],[-5.0,33.8],[-6.83,31.75],[-8.98,31.0],[-8.75,30.68],[-8.24,30.75],[-9.07,29.75],[-9.12,29.25],[-7.0,30.05],[-5.75,30.0],[-5.0,29.68],[-4.25,30.11],[-2.75,29.73],[-2.0,30.03],[0.0,30.09],[2.0,30.05],[2.5,29.72],[5.0,30.08],[7.0,29.93],[8.02,29.0],[7.75,28.5],[9.11,26.5],[7.89,25.5],[7.79,25.0],[8.0,24.56],[9.0,24.68],[11.0,23.11],[12.5,22.74],[13.0,23.31],[13.75,23.66],[15.0,23.5],[15.25,22.84],[15.75,22.58],[16.92,23.25],[18.5,23.52],[18.94,22.5],[18.85,22.0],[18.24,21.25],[18.47,20.0]]}},{"type":"Feature","properties":{"level":1020},"geometry":{"type":"LineString","coordinates":[[7.99,23.0],[8.49,23.25],[8.17,23.5],[8.25,23.96],[8.0,24.06],[7.49,23.75],[7.99,23.0]]}},{"type":"Feature","properties":{"level":1020},"geometry":{"type":"LineString","coordinates":[[5.47,23.25],[5.75,23.04],[6.44,23.25],[6.7,23.75],[5.47,23.25]]}},{"type":"Feature","properties":{"level":1020},"geometry":{"type":"LineString","coordinates":[[87.89,27.5],[88.25,27.39],[88.93,28.0],[87.0,28.3],[85.69,28.75],[85.25,29.13],[84.5,29.22],[84.27,29.5],[86.74,29.75],[86.76,30.0],[86.5,29.9],[86.25,30.45],[86.0,30.15],[85.2,30.5],[84.87,30.75],[85.0,31.06],[84.0,31.19],[84.0,31.6],[85.25,31.25],[86.8,31.5],[85.75,32.07],[85.25,31.88],[84.0,31.95],[83.6,32.5],[84.25,32.78],[84.5,32.47],[85.0,32.38],[86.75,32.53],[87.5,32.17],[88.5,32.26],[88.75,32.68],[90.0,32.7],[91.5,33.11],[91.69,33.25],[91.37,33.75],[91.57,34.0],[91.27,34.25],[92.0,34.66],[93.0,34.53],[93.25,34.83],[95.25,35.25],[95.75,35.05],[96.5,35.3],[97.75,34.95],[98.0,35.23],[99.25,35.29],[99.49,36.0],[98.75,36.59],[98.3,36.5],[98.0,35.98],[97.5,35.93],[95.45,36.5],[94.63,37.0],[96.0,37.12],[96.75,37.63],[98.24,37.5],[98.28,38.0],[98.81,38.25],[98.25,38.28],[98.29,38.75],[98.0,39.05],[99.25,38.78],[99.75,38.21],[100.25,38.29],[102.25,37.31],[102.58,37.0],[102.03,36.5],[102.66,35.5],[103.5,34.94],[103.75,34.99],[104.25,34.37],[104.75,34.19],[105.25,34.4],[105.39,34.5],[105.09,34.75],[105.25,35.0],[106.0,35.27],[106.5,34.63],[106.75,34.62],[106.75,35.08],[107.75,36.18],[108.5,35.99],[110.0,37.28],[110.5,38.2],[111.25,38.19],[111.0,38.29],[110.95,38.75],[111.75,38.91],[111.72,39.75],[113.5,40.91],[113.16,41.25],[113.54,42.0],[112.63,43.25],[112.51,44.0],[113.75,45.15],[115.75,46.32],[118.27,46.0],[119.0,45.66],[119.38,45.0],[120.0,44.61],[121.5,44.4],[122.43,43.5],[122.65,42.75],[122.51,42.5],[122.75,42.37],[123.75,42.46],[125.19,42.0],[125.5,41.57],[126.25,41.83],[127.75,41.7],[128.14,42.0],[127.79,42.25],[128.75,42.69],[129.4,42.25],[129.0,41.16],[127.25,40.48],[126.59,39.75],[126.71,39.25],[128.09,38.5],[128.81,37.25],[128.92,36.25],[129.5,35.88],[131.0,35.66],[131.75,35.95],[134.5,35.96],[134.66,35.75],[134.49,35.5],[134.75,35.4],[134.83,36.0],[135.5,36.44],[136.25,36.61],[137.0,36.29],[138.0,36.68],[138.75,36.67],[140.0,37.14],[140.5,37.83],[140.92,37.5],[140.42,37.25],[140.1,36.0],[140.26,35.5],[139.99,35.25],[140.25,35.2],[141.75,35.68],[142.5,35.54],[144.5,36.14],[146.25,36.99],[147.0,36.93],[147.15,37.25],[146.96,37.75],[145.25,39.09],[143.69,39.5],[143.0,40.17],[142.12,40.25],[142.0,39.95],[141.67,40.25],[141.71,40.75],[141.0,41.12],[140.0,42.27],[139.51,42.5],[139.25,43.1],[137.75,44.2],[137.0,44.48],[136.0,44.43],[135.84,45.0],[136.32,46.0],[136.25,46.31],[132.38,48.0],[130.75,49.77],[130.5,50.84],[128.0,51.86],[126.46,53.25],[125.13,54.0],[125.25,54.33],[126.19,54.5],[125.75,55.03],[124.99,55.25],[124.55,55.75],[124.75,56.06],[125.5,55.88],[126.68,56.25],[127.18,57.0],[127.0,57.55],[126.5,57.56],[125.75,57.0],[124.75,56.77],[122.0,58.16],[121.25,58.06],[120.66,58.25],[120.92,58.5],[116.0,59.27],[115.34,59.5],[114.75,60.07],[103.5,60.94],[101.5,60.74],[100.25,60.44],[99.25,59.79],[97.63,59.5],[96.75,58.5],[96.25,58.3],[94.62,58.5],[92.99,57.5],[89.75,57.04],[85.72,55.75],[82.76,54.25],[80.0,53.73],[79.25,53.35],[78.75,52.35],[77.52,51.5],[75.48,50.75],[71.91,48.25],[70.78,47.75],[70.37,47.25],[71.41,46.0],[71.35,45.5],[72.5,44.9],[72.82,45.0],[72.67,44.75],[73.41,44.25],[73.16,44.0],[74.25,44.05],[74.35,43.5],[75.64,42.75],[72.0,42.98],[71.5,42.58],[70.5,42.62],[69.72,41.75],[69.94,41.0],[69.61,40.5],[69.69,40.25],[69.25,39.95],[67.7,39.75],[67.12,39.25],[66.48,37.75],[68.0,38.54],[69.2,38.5],[69.94,38.25],[69.81,37.25],[70.15,37.0],[69.25,36.45],[68.75,35.71],[68.25,36.23],[67.61,36.25],[67.59,36.5],[67.25,36.55],[67.25,35.93],[65.75,36.02],[65.25,35.71],[63.84,35.5],[64.05,35.0],[63.72,34.75],[62.99,34.75],[62.7,34.5],[63.0,34.25],[62.5,34.0],[63.0,33.45],[63.86,33.25],[63.66,33.0],[64.0,32.82],[65.25,33.29],[65.5,33.62],[66.75,33.78],[66.4,33.25],[66.69,33.0],[66.5,32.75],[66.75,32.69],[68.0,33.41],[68.96,34.75],[68.65,35.0],[69.25,35.24],[70.0,35.04],[70.25,35.29],[70.5,35.12],[71.05,35.25],[71.75,35.9],[72.0,35.53],[72.75,35.2],[73.25,35.57],[74.0,35.62],[74.24,35.5],[73.5,35.4],[73.27,35.0],[73.75,34.71],[75.0,34.79],[75.25,34.12],[76.31,33.25],[76.7,32.25],[77.25,32.24],[77.75,31.58],[78.25,31.55],[78.11,31.25],[78.75,30.75],[79.71,30.5],[79.75,30.17],[80.5,30.1],[81.0,29.68],[81.5,29.7],[81.75,30.01],[82.33,29.75],[82.54,29.25],[82.98,29.0],[82.88,28.75],[83.25,28.54],[85.25,28.24],[86.5,27.64],[87.5,27.8],[87.89,27.5]]}},{"type":"Feature","properties":{"level":1020},"geometry":{"type":"LineString","coordinates":[[56.75,28.25],[57.0,28.23],[57.75,28.89],[58.25,28.39],[58.48,28.5],[57.25,30.75],[56.25,31.68],[55.72,31.75],[56.16,31.0],[56.0,30.36],[55.75,30.38],[54.25,31.7],[53.5,32.17],[53.25,32.08],[53.25,31.74],[54.22,30.75],[54.25,30.42],[51.32,32.25],[51.0,33.28],[51.75,33.19],[51.75,33.53],[51.25,33.76],[50.5,33.32],[48.5,33.4],[48.29,33.5],[48.6,33.75],[48.54,34.0],[47.93,34.0],[48.11,33.0],[49.0,33.05],[48.96,32.75],[49.8,32.25],[50.2,31.0],[50.5,31.02],[50.75,30.5],[51.5,30.25],[51.58,29.75],[52.75,28.57],[54.25,28.77],[55.5,28.36],[56.0,28.65],[56.75,28.25]]}},{"type":"Feature","properties":{"level":1020},"geometry":{"type":"LineString","coordinates":[[97.46,28.25],[97.62,28.25],[97.53,28.5],[96.5,29.71],[95.5,29.45],[94.75,30.03],[94.34,30.0],[94.75,29.1],[95.25,29.4],[95.5,29.02],[96.0,29.19],[97.0,28.73],[97.46,28.25]]}},{"type":"Feature","properties":{"level":1020},"geometry":{"type":"LineString","coordinates":[[-104.46,30.0],[-103.5,29.95],[-102.59,30.25],[-102.22,31.0],[-100.02,32.5],[-100.01,33.0],[-99.0,33.96],[-98.6,34.75],[-97.25,35.61],[-95.83,36.0],[-95.5,36.33],[-94.51,36.25],[-93.5,35.64],[-92.25,35.51],[-89.75,36.63],[-84.64,37.0],[-81.34,38.0],[-79.5,38.85],[-78.25,38.79],[-77.75,38.97],[-77.25,39.54],[-76.75,39.45],[-75.5,41.0],[-74.08,42.25],[-74.29,43.0],[-73.81,43.75],[-72.91,44.0],[-72.82,44.5],[-72.06,45.5],[-72.65,46.75],[-71.75,47.63],[-71.75,47.99],[-72.69,48.75],[-73.66,50.25],[-75.75,51.14],[-76.75,51.06],[-82.75,51.87],[-84.68,52.5],[-86.75,52.76],[-88.0,52.81],[-91.8,52.25],[-93.75,51.47],[-95.25,50.4],[-96.42,50.25],[-96.52,49.75],[-96.11,49.25],[-95.78,47.75],[-97.0,45.75],[-97.0,45.01],[-98.21,42.5],[-100.51,41.25],[-101.25,40.51],[-101.44,40.0],[-102.5,39.29],[-104.25,39.16],[-105.25,39.35],[-105.5,40.72],[-106.25,41.41],[-107.26,41.25],[-107.5,40.5],[-108.17,39.75],[-108.19,39.0],[-107.74,38.75],[-108.0,38.44],[-108.5,38.64],[-108.43,38.25],[-108.89,37.75],[-108.25,37.09],[-107.3,36.75],[-107.75,36.25],[-107.75,35.88],[-108.75,35.55],[-109.0,35.75],[-108.84,36.0],[-109.0,36.43],[-109.25,36.25],[-109.61,35.5],[-109.32,34.5],[-109.87,34.25],[-109.83,33.5],[-109.0,33.28],[-108.5,32.42],[-106.75,32.22],[-106.5,31.94],[-106.27,32.25],[-106.49,33.0],[-106.25,33.31],[-105.87,32.5],[-106.22,32.25],[-105.98,31.5],[-106.27,31.25],[-105.5,30.59],[-105.25,30.82],[-104.5,30.59],[-104.46,30.0]]}},{"type":"Feature","properties":{"level":1020},"geometry":{"type":"LineString","coordinates":[[94.51,30.5],[95.25,30.32],[95.55,30.5],[94.5,30.85],[94.29,30.75],[94.51,30.5]]}},{"type":"Feature","properties":{"level":1020},"geometry":{"type":"LineString","coordinates":[[59.67,32.0],[59.95,32.75],[59.82,33.0],[60.09,33.25],[59.5,33.39],[59.25,32.75],[59.67,32.0]]}},{"type":"Feature","properties":{"level":1020},"geometry":{"type":"LineString","coordinates":[[-140.19,32.5],[-137.12,32.75],[-136.0,33.12],[-134.25,34.08],[-132.89,35.25],[-129.17,40.25],[-128.44,43.5],[-127.21,45.5],[-126.83,47.75],[-126.94,48.5],[-125.25,48.85],[-123.25,47.43],[-122.0,47.82],[-121.48,47.25],[-121.77,47.0],[-121.5,46.85],[-119.5,48.86],[-119.0,48.6],[-118.0,49.03],[-116.5,49.0],[-115.25,49.39],[-115.57,49.75],[-115.34,50.0],[-115.47,50.25],[-114.75,50.21],[-113.67,50.75],[-114.5,51.06],[-115.25,50.81],[-115.46,51.0],[-115.25,51.25],[-115.78,51.75],[-115.79,52.25],[-117.06,52.75],[-116.0,52.81],[-113.75,52.32],[-113.37,52.75],[-113.59,53.25],[-114.25,53.62],[-115.0,53.68],[-115.23,54.5],[-116.0,55.23],[-117.25,55.12],[-117.75,55.36],[-120.75,55.55],[-122.25,55.87],[-123.32,56.75],[-123.25,57.31],[-124.0,57.37],[-125.0,58.34],[-126.5,58.76],[-127.25,58.58],[-129.25,59.29],[-130.75,59.55],[-131.75,59.5],[-132.47,58.75],[-132.46,58.25],[-133.0,58.56],[-133.12,58.75],[-132.91,59.0],[-133.25,59.24],[-134.25,58.49],[-134.75,58.62],[-134.9,58.5],[-134.63,58.0],[-135.57,57.25],[-135.21,55.25],[-135.31,54.25],[-136.83,50.75],[-136.66,49.0],[-137.22,46.75],[-140.0,42.63],[-141.84,37.0],[-142.16,35.25],[-142.11,34.0],[-141.75,33.11],[-140.75,32.53],[-140.19,32.5]]}},{"type":"Feature","properties":{"level":1020},"geometry":{"type":"LineString","coordinates":[[82.5,32.48],[81.33,33.0],[83.41,33.0],[83.43,32.5],[82.5,32.48]]}},{"type":"Feature","properties":{"level":1020},"geometry":{"type":"LineString","coordinates":[[107.41,34.0],[109.5,33.81],[110.0,34.41],[110.36,34.5],[110.0,34.62],[109.13,34.25],[107.41,34.0]]}},{"type":"Feature","properties":{"level":1020},"geometry":{"type":"LineString","coordinates":[[-110.78,34.25],[-110.73,34.5],[-111.75,35.57],[-112.0,35.51],[-112.22,35.25],[-110.78,34.25]]}},{"type":"Feature","properties":{"level":1020},"geometry":{"type":"LineString","coordinates":[[46.05,35.5],[46.75,35.36],[47.06,35.75],[46.5,35.9],[46.05,35.5]]}},{"type":"Feature","properties":{"level":1020},"geometry":{"type":"LineString","coordinates":[[51.03,36.0],[52.0,35.78],[52.08,36.0],[51.03,36.0]]}},{"type":"Feature","properties":{"level":1020},"geometry":{"type":"LineString","coordinates":[[-118.54,36.25],[-118.25,36.07],[-118.18,36.5],[-119.5,38.31],[-119.55,38.0],[-118.54,36.25]]}},{"type":"Feature","properties":{"level":1020},"geometry":{"type":"LineString","coordinates":[[79.5,37.22],[79.12,37.5],[80.25,37.91],[81.0,38.93],[82.25,38.99],[82.45,38.75],[82.12,38.5],[82.51,38.25],[82.25,37.39],[81.5,37.12],[79.5,37.22]]}},{"type":"Feature","properties":{"level":1020},"geometry":{"type":"LineString","coordinates":[[83.0,37.24],[83.2,37.75],[84.0,38.14],[85.76,37.75],[85.24,37.5],[83.0,37.24]]}},{"type":"Feature","properties":{"level":1020},"geometry":{"type":"LineString","coordinates":[[127.92,37.25],[128.16,37.25],[127.92,37.25]]}},{"type":"Feature","properties":{"level":1020},"geometry":{"type":"LineString","coordinates":[[-113.0,37.5],[-112.25,37.45],[-111.75,37.74],[-111.36,38.0],[-111.5,38.44],[-112.0,38.53],[-111.73,38.25],[-112.5,38.24],[-113.0,37.5]]}},{"type":"Feature","properties":{"level":1020},"geometry":{"type":"LineString","coordinates":[[93.75,37.48],[93.72,38.25],[93.91,38.5],[94.25,38.44],[94.6,37.75],[94.25,37.45],[93.75,37.48]]}},{"type":"Feature","properties":{"level":1020},"geometry":{"type":"LineString","coordinates":[[126.18,37.5],[126.25,37.78],[125.5,38.27],[125.75,37.69],[126.18,37.5]]}},{"type":"Feature","properties":{"level":1020},"geometry":{"type":"LineString","coordinates":[[127.22,37.5],[127.25,37.77],[127.22,37.5]]}},{"type":"Feature","properties":{"level":1020},"geometry":{"type":"LineString","coordinates":[[-104.75,37.65],[-104.75,38.4],[-103.5,37.75],[-104.75,37.65]]}},{"type":"Feature","properties":{"level":1020},"geometry":{"type":"LineString","coordinates":[[141.0,37.54],[140.7,38.0],[141.0,38.29],[141.18,38.25],[141.0,37.54]]}},{"type":"Feature","properties":{"level":1020},"geometry":{"type":"LineString","coordinates":[[124.43,38.0],[124.78,38.0],[124.43,38.0]]}},{"type":"Feature","properties":{"level":1020},"geometry":{"type":"LineString","coordinates":[[141.75,38.15],[141.46,38.75],[141.83,39.25],[141.64,39.5],[141.75,39.81],[142.0,39.48],[143.16,39.0],[143.0,38.68],[142.25,38.65],[141.75,38.15]]}},{"type":"Feature","properties":{"level":1020},"geometry":{"type":"LineString","coordinates":[[124.47,38.5],[124.83,38.5],[124.77,39.25],[125.19,39.75],[125.0,39.88],[124.18,39.75],[124.73,39.25],[124.21,39.0],[124.47,38.5]]}},{"type":"Feature","properties":{"level":1020},"geometry":{"type":"LineString","coordinates":[[-111.35,39.5],[-111.25,39.34],[-110.63,40.0],[-110.93,40.25],[-109.53,40.75],[-110.75,41.17],[-111.3,40.75],[-111.35,39.5]]}},{"type":"Feature","properties":{"level":1020},"geometry":{"type":"LineString","coordinates":[[-110.94,42.5],[-110.5,42.34],[-110.39,43.0],[-110.0,43.18],[-109.0,42.62],[-109.74,43.5],[-109.41,44.0],[-110.0,44.5],[-110.25,44.2],[-110.5,44.37],[-110.62,43.75],[-111.04,43.25],[-110.94,42.5]]}},{"type":"Feature","properties":{"level":1020},"geometry":{"type":"LineString","coordinates":[[-115.14,43.75],[-114.17,43.75],[-114.39,44.5],[-114.18,45.25],[-114.66,45.25],[-114.82,45.75],[-114.29,45.75],[-114.59,46.75],[-115.25,47.58],[-115.75,47.58],[-116.05,47.25],[-115.5,46.25],[-116.05,45.75],[-116.07,45.25],[-115.85,44.5],[-115.14,43.75]]}},{"type":"Feature","properties":{"level":1020},"geometry":{"type":"LineString","coordinates":[[122.5,43.61],[122.56,43.75],[122.5,43.61]]}},{"type":"Feature","properties":{"level":1020},"geometry":{"type":"LineString","coordinates":[[73.75,44.03],[73.75,44.73],[74.05,44.5],[73.75,44.03]]}},{"type":"Feature","properties":{"level":1020},"geometry":{"type":"LineString","coordinates":[[114.5,46.24],[115.0,46.86],[117.25,47.55],[117.75,47.5],[118.0,47.76],[119.75,48.2],[120.4,48.0],[120.04,47.25],[119.56,47.0],[117.25,47.15],[114.5,46.24]]}},{"type":"Feature","properties":{"level":1020},"geometry":{"type":"LineString","coordinates":[[118.0,46.37],[117.45,46.75],[118.0,46.86],[119.39,46.5],[118.0,46.37]]}},{"type":"Feature","properties":{"level":1020},"geometry":{"type":"LineString","coordinates":[[-139.01,59.75],[-138.08,59.75],[-137.57,60.5],[-139.0,61.2],[-141.75,61.74],[-142.5,62.43],[-144.25,62.46],[-144.64,62.0],[-143.57,61.5],[-143.89,61.25],[-143.6,61.0],[-144.0,60.9],[-144.0,60.63],[-141.75,60.06],[-139.78,60.0],[-139.01,59.75]]}},{"type":"Feature","properties":{"level":1020},"geometry":{"type":"LineString","coordinates":[[-146.04,61.0],[-145.25,60.83],[-145.09,61.0],[-145.75,61.12],[-146.25,61.61],[-148.0,61.63],[-148.44,61.25],[-146.25,61.18],[-146.04,61.0]]}},{"type":"Feature","properties":{"level":1020},"geometry":{"type":"LineString","coordinates":[[-143.25,61.2],[-143.0,61.5],[-142.5,61.5],[-142.25,61.25],[-142.5,61.08],[-143.25,61.2]]}},{"type":"Feature","properties":{"level":1020},"geometry":{"type":"LineString","coordinates":[[-132.06,61.25],[-130.86,61.25],[-132.06,61.25]]}},{"type":"Feature","properties":{"level":1020},"geometry":{"type":"LineString","coordinates":[[-148.92,62.0],[-147.5,61.95],[-147.26,62.25],[-148.25,62.61],[-148.75,62.46],[-148.92,62.0]]}},{"type":"Feature","properties":{"level":1020},"geometry":{"type":"LineString","coordinates":[[-147.58,62.75],[-146.5,62.65],[-145.75,62.98],[-144.75,63.04],[-144.25,62.72],[-143.75,62.96],[-143.25,62.83],[-142.8,63.25],[-143.27,63.75],[-142.75,64.34],[-142.5,64.12],[-142.37,64.25],[-142.68,64.5],[-142.27,65.0],[-142.69,65.25],[-141.5,65.57],[-140.25,65.52],[-140.0,66.37],[-139.0,66.8],[-138.0,66.42],[-136.75,66.75],[-136.0,66.1],[-133.75,65.56],[-130.25,65.57],[-128.75,65.33],[-128.08,65.5],[-131.5,66.71],[-132.73,68.25],[-133.98,68.75],[-136.25,70.73],[-138.0,71.19],[-146.0,69.92],[-149.75,68.99],[-152.5,68.8],[-153.0,68.5],[-157.91,68.25],[-157.12,68.0],[-158.64,67.5],[-158.25,67.39],[-157.71,66.5],[-158.36,66.0],[-158.36,65.25],[-158.75,64.99],[-159.25,65.34],[-160.05,64.5],[-159.25,64.35],[-157.75,64.58],[-157.0,64.24],[-154.25,64.5],[-151.5,64.43],[-150.5,64.98],[-149.0,65.1],[-148.11,64.75],[-149.25,64.21],[-149.25,63.92],[-148.75,63.74],[-150.25,63.63],[-151.43,63.0],[-151.0,62.8],[-149.25,63.4],[-148.83,63.0],[-147.58,62.75]]}},{"type":"Feature","properties":{"level":1020},"geometry":{"type":"LineString","coordinates":[[-131.88,64.0],[-131.17,64.0],[-130.61,64.5],[-132.25,64.43],[-132.25,64.16],[-131.88,64.0]]}},{"type":"Feature","properties":{"level":1020},"geometry":{"type":"LineString","coordinates":[[-145.75,64.19],[-145.6,64.25],[-145.75,64.19]]}},{"type":"Feature","properties":{"level":1020},"geometry":{"type":"LineString","coordinates":[[-147.75,64.45],[-147.75,64.75],[-146.69,64.5],[-147.75,64.45]]}},{"type":"Feature","properties":{"level":1020},"geometry":{"type":"LineString","coordinates":[[-137.68,64.5],[-137.02,64.5],[-138.0,64.91],[-138.15,64.75],[-137.68,64.5]]}},{"type":"Feature","properties":{"level":1020},"geometry":{"type":"LineString","coordinates":[[-148.25,66.59],[-148.33,66.75],[-147.0,67.08],[-145.97,67.0],[-146.5,66.73],[-148.25,66.59]]}},{"type":"Feature","properties":{"level":1020},"geometry":{"type":"LineString","coordinates":[[-129.4,74.0],[-128.0,73.86],[-124.43,75.0],[-122.75,76.71],[-122.88,77.5],[-123.75,78.39],[-125.38,79.25],[-128.25,80.15],[-134.21,81.25],[-139.0,81.61],[-149.5,81.72],[-157.5,81.35],[-162.89,80.5],[-165.69,79.5],[-166.38,79.0],[-166.36,78.75],[-166.0,78.62],[-163.5,78.28],[-150.0,78.15],[-142.0,77.53],[-135.75,76.32],[-129.4,74.0]]}},{"type":"Feature","properties":{"level":1024},"geometry":{"type":"LineString","coordinates":[[91.94,-88.5],[116.75,-88.66],[133.49,-88.25],[133.49,-88.0],[125.87,-87.5],[126.0,-87.25],[129.36,-86.75],[129.3,-86.5],[128.63,-86.25],[123.25,-85.63],[117.0,-83.82],[110.75,-83.16],[109.47,-82.5],[110.95,-81.75],[115.02,-81.0],[116.02,-80.25],[115.56,-80.0],[117.38,-79.0],[116.9,-78.5],[117.1,-78.25],[117.01,-77.75],[123.18,-77.0],[117.5,-77.06],[115.0,-77.45],[113.0,-77.46],[105.35,-77.0],[99.75,-76.03],[97.0,-76.27],[93.25,-77.98],[91.5,-78.13],[90.75,-78.42],[88.0,-78.35],[82.5,-78.8],[81.19,-79.25],[79.31,-79.5],[83.16,-79.75],[85.0,-80.45],[87.25,-80.43],[90.82,-81.0],[90.66,-81.25],[84.2,-82.5],[85.47,-83.0],[85.21,-83.5],[86.03,-83.75],[90.84,-84.0],[87.27,-84.5],[77.5,-84.97],[75.77,-85.25],[75.7,-86.0],[76.47,-86.5],[64.0,-87.13],[61.27,-87.5],[67.25,-88.03],[91.94,-88.5]]}},{"type":"Feature","properties":{"level":1024},"geometry":{"type":"LineString","coordinates":[[141.83,-87.5],[143.48,-87.5],[141.83,-87.5]]}},{"type":"Feature","properties":{"level":1024},"geometry":{"type":"LineString","coordinates":[[137.63,-87.25],[140.75,-87.42],[141.39,-87.25],[137.63,-87.25]]}},{"type":"Feature","properties":{"level":1024},"geometry":{"type":"LineString","coordinates":[[46.18,-79.75],[48.75,-79.56],[50.75,-78.73],[52.44,-78.5],[52.79,-78.25],[51.0,-77.54],[47.5,-77.15],[44.25,-77.91],[42.34,-78.75],[42.21,-79.0],[42.25,-79.25],[42.75,-79.48],[46.18,-79.75]]}},{"type":"Feature","properties":{"level":1024},"geometry":{"type":"LineString","coordinates":[[93.25,-79.28],[94.25,-78.89],[96.25,-78.9],[98.0,-78.47],[98.87,-78.75],[99.12,-79.25],[96.0,-79.46],[93.25,-79.28]]}},{"type":"Feature","properties":{"level":1024},"geometry":{"type":"LineString","coordinates":[[33.55,-76.75],[37.75,-76.84],[38.5,-76.63],[38.82,-76.25],[34.63,-75.75],[29.7,-75.75],[31.94,-76.25],[31.25,-76.5],[33.55,-76.75]]}},{"type":"Feature","properties":{"level":1024},"geometry":{"type":"LineString","coordinates":[[12.51,-46.5],[13.5,-46.67],[15.5,-46.44],[20.25,-45.36],[26.5,-43.38],[29.75,-43.95],[35.25,-45.82],[39.5,-46.47],[40.5,-46.4],[41.0,-46.65],[44.0,-46.64],[45.08,-45.5],[44.92,-45.0],[44.12,-45.0],[44.43,-44.75],[44.15,-44.5],[41.46,-43.0],[40.5,-41.9],[39.0,-41.39],[37.75,-41.31],[36.5,-40.41],[36.0,-40.44],[35.98,-40.75],[35.75,-40.8],[35.25,-40.24],[34.25,-40.21],[33.47,-39.5],[33.54,-39.25],[33.17,-38.75],[32.75,-38.38],[32.14,-38.25],[31.96,-37.25],[30.0,-36.73],[29.25,-37.08],[28.75,-36.76],[28.5,-37.06],[28.27,-36.75],[28.0,-36.86],[27.5,-36.54],[27.25,-36.74],[26.25,-35.73],[25.0,-35.58],[24.24,-35.0],[24.63,-34.25],[24.25,-33.71],[20.75,-33.28],[19.25,-33.43],[18.75,-33.86],[18.39,-33.75],[16.36,-31.0],[14.5,-29.37],[12.79,-28.5],[13.22,-28.25],[13.0,-28.0],[10.12,-26.75],[8.0,-25.45],[0.75,-23.45],[-1.5,-23.25],[-5.0,-23.9],[-7.5,-25.78],[-7.71,-26.25],[-7.2,-27.75],[-4.96,-31.0],[-2.7,-33.0],[-0.1,-36.25],[0.73,-37.75],[3.32,-40.0],[3.75,-40.9],[6.25,-42.82],[6.39,-43.25],[7.19,-43.75],[8.75,-45.64],[9.5,-45.69],[10.5,-46.35],[12.51,-46.5]]}},{"type":"Feature","properties":{"level":1024},"geometry":{"type":"LineString","coordinates":[[-180.0,-45.66],[-179.05,-43.5],[-178.25,-40.55],[-177.75,-39.75],[-178.77,-38.25],[-180.0,-37.31]]}},{"type":"Feature","properties":{"level":1024},"geometry":{"type":"LineString","coordinates":[[40.75,-43.14],[40.75,-42.87],[40.75,-43.14]]}},{"type":"Feature","properties":{"level":1024},"geometry":{"type":"LineString","coordinates":[[40.5,-42.79],[40.5,-42.5],[40.5,-42.79]]}},{"type":"Feature","properties":{"level":1024},"geometry":{"type":"LineString","coordinates":[[40.25,-42.57],[39.75,-41.92],[40.0,-41.86],[40.25,-42.14],[40.5,-42.5],[40.25,-42.57]]}},{"type":"Feature","properties":{"level":1024},"geometry":{"type":"LineString","coordinates":[[174.5,-38.52],[174.6,-38.0],[175.0,-37.77],[175.84,-38.0],[175.25,-38.53],[174.5,-38.52]]}},{"type":"Feature","properties":{"level":1024},"geometry":{"type":"LineString","coordinates":[[176.0,-37.81],[175.74,-36.75],[176.18,-36.0],[177.0,-35.64],[178.0,-36.0],[177.31,-36.5],[177.21,-37.5],[176.25,-37.91],[176.0,-37.81]]}},{"type":"Feature","properties":{"level":1024},"geometry":{"type":"LineString","coordinates":[[29.5,-37.36],[29.36,-37.25],[29.89,-37.25],[29.5,-37.36]]}},{"type":"Feature","properties":{"level":1024},"geometry":{"type":"LineString","coordinates":[[180.0,-37.31],[178.6,-36.0],[178.7,-35.5],[180.0,-34.65]]}},{"type":"Feature","properties":{"level":1024},"geometry":{"type":"LineString","coordinates":[[-180.0,-34.65],[-178.75,-33.99],[-175.75,-33.53],[-172.75,-34.26],[-171.5,-34.2],[-170.5,-34.61],[-169.75,-34.41],[-169.25,-34.62],[-166.0,-34.54],[-164.75,-34.06],[-164.0,-34.15],[-163.0,-33.79],[-160.77,-32.25],[-159.75,-32.08],[-159.25,-31.57],[-158.5,-31.82],[-157.0,-31.5],[-156.29,-30.75],[-156.2,-30.25],[-156.53,-29.75],[-156.6,-29.0],[-156.96,-28.75],[-158.5,-28.1],[-159.0,-28.5],[-159.75,-27.96],[-160.75,-27.8],[-162.0,-26.94],[-164.25,-26.34],[-165.75,-26.62],[-166.25,-26.32],[-167.0,-27.26],[-167.5,-27.38],[-167.75,-27.15],[-168.29,-27.25],[-168.75,-26.71],[-169.25,-27.14],[-170.0,-27.11],[-170.25,-27.38],[-170.5,-26.71],[-171.0,-27.18],[-171.5,-26.81],[-171.66,-27.0],[-171.5,-27.33],[-172.25,-26.92],[-173.5,-27.7],[-174.0,-27.55],[-174.25,-27.82],[-175.3,-28.0],[-175.59,-28.25],[-175.53,-28.5],[-176.0,-28.67],[-176.75,-28.18],[-177.5,-28.46],[-178.0,-28.22],[-180.0,-29.11]]}},{"type":"Feature","properties":{"level":1024},"geometry":{"type":"LineString","coordinates":[[-69.91,-33.5],[-69.75,-33.6],[-69.54,-33.0],[-69.75,-32.28],[-70.13,-32.0],[-70.0,-30.98],[-70.45,-31.25],[-70.15,-31.5],[-70.34,-32.0],[-70.34,-32.5],[-70.08,-32.75],[-70.21,-33.25],[-69.91,-33.5]]}},{"type":"Feature","properties":{"level":1024},"geometry":{"type":"LineString","coordinates":[[126.43,-30.0],[126.5,-29.62],[126.43,-30.0]]}},{"type":"Feature","properties":{"level":1024},"geometry":{"type":"LineString","coordinates":[[-156.05,-29.5],[-155.87,-29.5],[-156.05,-29.5]]}},{"type":"Feature","properties":{"level":1024},"geometry":{"type":"LineString","coordinates":[[-155.8,-29.25],[-155.49,-29.25],[-155.8,-29.25]]}},{"type":"Feature","properties":{"level":1024},"geometry":{"type":"LineString","coordinates":[[180.0,-29.11],[178.5,-29.9],[177.5,-30.12],[176.94,-29.75],[175.79,-29.5],[176.0,-29.0],[175.86,-28.75],[175.5,-28.5],[175.25,-28.6],[175.0,-28.24],[174.0,-28.42],[173.96,-28.75],[173.5,-28.92],[172.76,-29.0],[172.75,-29.39],[171.75,-28.74],[170.25,-28.92],[167.5,-28.71],[165.0,-28.48],[163.25,-28.06],[162.25,-28.53],[160.75,-28.1],[159.75,-28.3],[158.5,-27.89],[156.25,-27.81],[155.38,-29.0],[155.64,-31.0],[155.23,-34.0],[155.86,-38.0],[155.2,-41.0],[154.5,-41.58],[152.0,-42.07],[150.5,-41.97],[148.0,-41.15],[146.5,-43.14],[146.14,-43.0],[144.88,-41.25],[144.74,-40.75],[145.29,-40.25],[145.23,-40.0],[144.25,-39.29],[143.9,-38.75],[142.75,-38.53],[139.75,-36.84],[139.5,-35.95],[138.25,-35.69],[138.05,-35.5],[138.23,-34.0],[137.63,-33.75],[137.5,-33.24],[136.75,-33.23],[135.25,-33.69],[134.75,-32.9],[134.25,-32.84],[133.75,-32.34],[132.5,-32.37],[132.0,-31.99],[130.0,-32.39],[129.58,-32.25],[128.5,-31.08],[127.75,-30.95],[127.41,-31.25],[127.96,-31.5],[128.26,-32.0],[127.25,-31.91],[127.0,-32.26],[126.25,-32.3],[126.45,-31.75],[126.25,-31.6],[125.75,-32.16],[124.25,-32.72],[123.25,-33.89],[120.0,-34.14],[118.75,-34.9],[117.75,-35.18],[116.25,-34.91],[114.93,-34.0],[114.57,-32.75],[113.44,-30.5],[111.65,-28.0],[107.25,-24.41],[105.5,-23.57],[104.0,-23.24],[103.5,-22.42],[100.5,-22.1],[99.75,-21.76],[99.0,-22.08],[97.5,-21.72],[96.75,-22.14],[95.25,-22.46],[94.75,-22.4],[93.5,-21.62],[92.25,-21.88],[89.5,-21.88],[88.0,-21.65],[85.0,-22.2],[84.25,-21.91],[83.25,-22.17],[81.75,-21.57],[81.5,-21.86],[79.0,-21.94],[77.25,-22.96],[76.93,-23.75],[76.25,-23.78],[75.17,-25.0],[74.85,-25.75],[74.95,-26.75],[73.89,-28.5],[71.75,-30.5],[69.75,-30.89],[69.0,-30.67],[67.98,-29.5],[67.56,-28.0],[66.07,-26.5],[65.5,-24.8],[63.75,-23.61],[62.75,-23.51],[62.25,-22.95],[59.75,-21.69],[56.5,-21.26],[55.75,-20.82],[55.25,-21.0],[55.55,-21.5],[55.25,-21.7],[52.5,-21.46],[49.5,-21.63],[48.25,-22.06],[47.91,-21.25],[48.58,-19.0],[48.0,-18.58],[47.67,-18.75],[47.7,-19.25],[47.25,-19.23],[47.07,-19.5],[47.06,-20.25],[46.75,-20.75],[46.84,-22.25],[46.13,-22.75],[46.31,-23.75],[46.75,-24.25],[46.82,-25.25],[46.5,-25.7],[43.5,-27.71],[42.25,-28.0],[39.25,-30.1],[38.5,-30.27],[38.25,-30.54],[36.75,-30.56],[36.0,-30.86],[35.5,-31.42],[34.01,-31.75],[32.62,-32.75],[31.92,-35.0],[32.13,-36.25],[32.59,-36.75],[36.41,-39.25],[43.18,-43.0],[42.9,-43.25],[43.75,-43.88],[48.0,-45.05],[54.25,-45.68],[59.75,-45.79],[63.5,-45.61],[69.25,-44.67],[72.75,-43.64],[85.73,-38.75],[90.99,-37.25],[97.1,-36.25],[98.5,-35.38],[108.0,-35.66],[111.5,-36.09],[114.25,-36.76],[116.0,-36.73],[116.75,-37.22],[119.0,-37.95],[122.0,-40.02],[126.91,-42.75],[133.5,-45.62],[138.47,-47.5],[147.0,-50.23],[153.75,-51.86],[158.5,-52.32],[162.5,-52.34],[170.5,-51.26],[174.75,-51.07],[177.25,-50.57],[178.75,-49.82],[179.21,-49.25],[180.0,-45.66]]}},{"type":"Feature","properties":{"level":1024},"geometry":{"type":"LineString","coordinates":[[175.0,-28.81],[174.75,-28.75],[175.0,-28.65],[175.0,-28.81]]}},{"type":"Feature","properties":{"level":1024},"geometry":{"type":"LineString","coordinates":[[86.88,27.75],[87.16,28.0],[86.25,28.47],[86.11,28.25],[86.88,27.75]]}},{"type":"Feature","properties":{"level":1024},"geometry":{"type":"LineString","coordinates":[[13.95,28.5],[14.0,28.31],[14.31,28.5],[14.0,28.75],[15.25,29.18],[15.25,30.81],[15.5,30.86],[16.0,30.39],[17.14,30.75],[16.39,31.25],[15.44,31.25],[15.25,31.66],[16.75,31.86],[17.45,32.25],[17.59,32.5],[17.42,32.75],[18.25,33.04],[18.75,33.66],[19.72,34.25],[19.92,35.0],[21.0,36.2],[21.25,35.74],[22.0,36.41],[22.25,36.16],[22.67,37.0],[24.66,38.25],[25.26,39.0],[26.25,39.51],[28.25,39.76],[28.75,39.41],[29.22,39.5],[29.25,39.76],[29.31,39.5],[30.75,39.19],[31.25,39.59],[31.97,39.5],[33.0,40.08],[33.75,39.82],[36.0,39.73],[37.75,40.08],[38.47,40.0],[38.03,40.25],[39.29,40.5],[39.62,41.0],[38.5,41.86],[38.05,42.75],[38.33,43.75],[39.0,44.12],[40.75,43.72],[42.75,43.87],[44.0,42.95],[46.51,43.0],[45.15,43.25],[44.97,45.25],[44.4,46.0],[43.48,48.25],[42.98,48.75],[42.94,49.25],[41.98,50.0],[42.93,51.25],[42.91,52.25],[43.2,53.25],[44.32,55.75],[46.6,57.75],[48.96,59.25],[53.22,60.75],[58.0,61.66],[59.0,61.66],[59.75,60.99],[62.5,61.75],[73.0,62.26],[83.0,63.09],[87.19,64.75],[87.52,65.0],[87.49,65.75],[86.55,66.5],[84.14,67.25],[83.47,67.75],[81.25,68.42],[80.5,68.87],[73.1,70.75],[70.0,71.04],[60.75,71.22],[54.0,71.02],[49.5,70.43],[39.52,68.25],[33.0,67.15],[28.25,65.37],[21.0,60.93],[19.25,60.62],[12.5,60.76],[11.3,60.25],[11.25,59.95],[10.75,60.16],[9.25,59.89],[5.75,57.06],[3.0,55.9],[0.75,56.22],[-2.0,56.23],[-2.75,56.41],[-3.75,57.07],[-5.5,57.05],[-9.5,55.81],[-11.75,55.6],[-15.25,54.81],[-18.25,53.54],[-19.49,52.75],[-20.61,50.5],[-23.64,48.25],[-23.95,47.5],[-24.04,46.0],[-24.93,43.75],[-23.96,41.75],[-23.47,39.25],[-22.73,38.0],[-22.74,37.25],[-21.67,36.75],[-21.64,36.0],[-20.88,36.25],[-20.5,36.67],[-19.5,36.27],[-18.5,36.72],[-17.25,37.65],[-15.84,39.5],[-15.0,39.94],[-13.25,41.79],[-11.0,43.27],[-6.25,44.71],[-1.75,45.29],[1.75,43.76],[1.8,43.25],[-1.75,43.13],[-2.34,42.75],[-2.25,42.47],[-3.0,42.36],[-3.07,42.0],[-2.07,41.0],[-2.0,40.2],[-0.75,39.87],[0.0,40.25],[0.41,40.75],[-0.35,41.0],[-0.75,41.44],[-1.5,41.38],[-1.75,42.28],[-0.25,41.47],[0.5,41.38],[0.75,41.09],[2.48,41.5],[4.25,41.37],[4.75,40.84],[6.5,40.14],[8.0,39.18],[9.25,38.12],[9.62,37.5],[8.99,36.75],[9.0,36.43],[7.81,36.25],[7.0,35.74],[6.21,35.75],[5.61,36.25],[5.25,36.27],[3.74,36.0],[4.75,35.5],[4.79,35.25],[4.5,35.14],[3.5,35.23],[2.0,34.41],[2.0,35.0],[1.36,35.0],[1.44,34.5],[1.8,34.25],[0.67,33.5],[1.5,33.4],[3.25,34.12],[3.98,34.0],[3.72,33.75],[4.0,33.56],[4.19,34.25],[5.75,34.67],[7.25,34.05],[9.0,32.94],[9.58,32.5],[10.75,31.07],[11.0,30.41],[12.0,29.36],[14.0,28.75],[13.95,28.5]]}},{"type":"Feature","properties":{"level":1024},"geometry":{"type":"LineString","coordinates":[[83.97,28.75],[84.5,28.56],[85.28,28.75],[85.0,29.03],[84.25,29.13],[83.97,28.75]]}},{"type":"Feature","properties":{"level":1024},"geometry":{"type":"LineString","coordinates":[[57.17,29.25],[57.46,29.25],[57.25,29.67],[56.37,29.5],[57.17,29.25]]}},{"type":"Feature","properties":{"level":1024},"geometry":{"type":"LineString","coordinates":[[16.66,29.5],[16.75,29.63],[16.66,29.5]]}},{"type":"Feature","properties":{"level":1024},"geometry":{"type":"LineString","coordinates":[[82.65,29.75],[83.03,29.75],[82.86,30.0],[83.0,30.32],[83.75,30.44],[84.0,30.27],[84.03,30.75],[83.5,31.19],[82.75,31.16],[82.0,31.51],[81.0,31.61],[80.5,32.07],[80.25,31.66],[79.75,32.33],[79.56,32.25],[80.12,31.25],[78.75,31.74],[78.4,31.25],[79.0,31.04],[79.04,30.75],[79.87,30.75],[79.96,30.25],[80.5,30.35],[81.0,29.91],[81.75,30.16],[82.65,29.75]]}},{"type":"Feature","properties":{"level":1024},"geometry":{"type":"LineString","coordinates":[[-7.78,30.75],[-7.5,30.51],[-7.25,31.18],[-5.75,31.4],[-4.5,32.5],[-3.92,32.5],[-5.0,32.68],[-7.0,31.36],[-7.75,31.21],[-8.03,31.0],[-7.78,30.75]]}},{"type":"Feature","properties":{"level":1024},"geometry":{"type":"LineString","coordinates":[[77.64,32.0],[78.0,31.8],[78.23,32.0],[78.0,32.3],[78.6,32.5],[77.5,32.78],[77.38,32.5],[77.64,32.0]]}},{"type":"Feature","properties":{"level":1024},"geometry":{"type":"LineString","coordinates":[[76.95,32.75],[77.31,33.0],[76.6,33.75],[76.71,34.0],[75.69,34.25],[76.95,32.75]]}},{"type":"Feature","properties":{"level":1024},"geometry":{"type":"LineString","coordinates":[[85.22,33.25],[86.5,33.26],[87.0,33.81],[87.93,33.5],[88.31,34.0],[88.33,34.5],[88.75,34.76],[89.25,34.79],[89.38,34.5],[88.54,34.25],[89.0,33.64],[89.4,33.75],[89.75,34.29],[90.25,33.95],[90.7,34.0],[90.02,34.75],[89.97,35.25],[90.5,35.41],[90.83,35.25],[90.96,34.75],[91.36,34.75],[91.35,35.25],[91.87,35.5],[92.23,36.25],[92.0,36.61],[91.3,36.75],[91.81,37.25],[91.5,37.57],[90.25,37.86],[90.11,37.5],[90.8,37.0],[89.5,36.94],[89.0,37.23],[88.95,37.5],[89.75,37.75],[89.13,38.0],[89.82,38.25],[89.58,38.5],[90.0,38.85],[90.4,38.75],[90.23,38.5],[90.5,38.46],[91.0,38.85],[92.05,39.0],[92.02,39.25],[90.5,39.31],[89.5,39.05],[88.58,38.75],[88.79,38.5],[86.75,38.09],[85.25,37.27],[81.0,36.24],[80.25,36.72],[79.5,36.7],[77.0,37.34],[76.39,38.0],[76.5,38.32],[75.16,39.5],[77.0,40.26],[78.75,40.25],[78.85,40.5],[79.5,40.64],[79.88,41.0],[79.22,41.25],[79.5,41.47],[81.0,41.26],[82.5,41.39],[84.25,40.89],[85.75,40.99],[86.25,41.55],[88.25,40.88],[90.25,40.8],[91.75,41.43],[92.75,41.19],[92.75,41.41],[92.26,41.5],[93.0,41.58],[93.5,41.91],[94.25,41.9],[95.0,41.5],[95.0,41.14],[96.19,41.25],[96.69,40.5],[97.84,40.25],[97.5,39.63],[100.75,38.21],[101.25,38.42],[102.75,37.18],[103.75,36.97],[104.0,37.24],[105.25,36.48],[105.7,36.5],[105.47,36.75],[105.63,37.25],[105.44,37.5],[106.25,39.02],[107.25,38.03],[107.5,38.72],[108.25,38.75],[108.75,39.12],[109.29,40.0],[109.25,40.6],[109.75,40.87],[111.39,41.0],[112.1,41.5],[112.0,41.67],[111.45,41.5],[111.0,42.12],[110.16,42.5],[109.97,44.5],[110.33,46.0],[112.5,47.77],[115.75,49.39],[117.0,50.91],[117.25,50.73],[117.75,50.88],[118.5,51.17],[118.72,51.5],[118.45,51.75],[119.0,52.15],[119.15,52.75],[117.49,52.75],[117.31,53.25],[117.93,53.75],[117.89,54.25],[118.39,54.75],[118.25,54.96],[117.03,55.0],[117.0,54.68],[116.43,55.0],[116.67,55.25],[116.5,55.5],[117.92,56.25],[117.32,56.5],[118.12,57.25],[118.0,57.47],[117.25,58.13],[116.0,58.07],[113.0,58.71],[110.25,58.78],[103.97,57.75],[100.25,56.03],[99.72,55.0],[99.84,54.25],[102.81,52.25],[102.0,51.9],[100.75,52.38],[100.0,53.16],[99.5,53.04],[99.0,53.61],[98.25,53.59],[95.75,54.64],[92.5,55.19],[92.5,55.58],[91.75,55.45],[91.5,55.09],[90.65,55.0],[90.5,54.1],[90.0,53.77],[88.0,54.11],[87.75,53.52],[86.5,52.88],[85.76,52.0],[81.75,51.35],[79.5,49.6],[77.45,49.0],[77.23,48.0],[77.59,47.5],[77.56,46.75],[77.24,46.5],[80.75,46.07],[80.96,45.75],[79.25,45.16],[78.12,44.0],[78.75,43.29],[79.25,43.12],[79.26,42.75],[77.5,43.3],[75.75,42.54],[73.25,42.59],[72.0,42.17],[70.75,42.35],[70.48,41.75],[70.59,41.25],[71.0,41.23],[71.0,41.59],[71.25,41.47],[72.0,41.87],[72.75,41.48],[73.25,41.59],[73.95,41.0],[74.06,40.5],[73.5,39.9],[71.75,40.02],[71.0,39.66],[68.75,39.55],[67.5,39.07],[67.32,38.75],[67.5,38.49],[67.75,38.75],[69.75,38.85],[70.25,39.07],[70.57,38.75],[70.36,38.5],[70.51,37.75],[71.0,37.51],[71.12,36.75],[70.75,36.49],[70.5,36.68],[69.15,35.5],[71.0,35.5],[71.5,36.05],[72.5,36.56],[72.56,36.25],[72.16,36.0],[72.2,35.75],[73.05,35.75],[73.87,36.0],[73.39,36.25],[73.75,36.5],[74.0,36.18],[74.5,36.2],[75.25,35.12],[75.48,35.25],[75.31,35.5],[75.5,35.69],[76.54,35.25],[76.49,34.75],[77.0,34.42],[77.99,34.25],[78.25,33.3],[78.5,33.34],[78.75,33.81],[79.75,33.81],[80.5,34.21],[81.71,34.0],[81.75,33.6],[82.25,33.38],[83.5,33.46],[84.75,34.03],[85.27,33.75],[84.9,33.5],[85.22,33.25]]}},{"type":"Feature","properties":{"level":1024},"geometry":{"type":"LineString","coordinates":[[-105.75,35.5],[-105.5,35.45],[-104.94,36.25],[-105.25,37.17],[-105.81,36.0],[-105.75,35.5]]}},{"type":"Feature","properties":{"level":1024},"geometry":{"type":"LineString","coordinates":[[94.19,35.5],[95.0,35.55],[95.69,36.0],[95.0,36.18],[94.75,36.02],[94.5,36.29],[93.0,36.54],[92.28,36.25],[92.5,35.88],[93.01,35.75],[94.43,35.75],[94.19,35.5]]}},{"type":"Feature","properties":{"level":1024},"geometry":{"type":"LineString","coordinates":[[-106.78,37.25],[-106.5,37.13],[-106.72,38.0],[-107.52,38.25],[-107.38,37.5],[-106.78,37.25]]}},{"type":"Feature","properties":{"level":1024},"geometry":{"type":"LineString","coordinates":[[95.44,37.75],[95.75,37.62],[96.0,37.91],[96.8,38.0],[95.87,38.5],[96.0,38.8],[95.25,38.44],[95.17,38.0],[95.44,37.75]]}},{"type":"Feature","properties":{"level":1024},"geometry":{"type":"LineString","coordinates":[[-106.95,38.75],[-106.5,38.68],[-106.5,39.17],[-106.25,38.93],[-106.15,39.25],[-105.68,39.5],[-105.75,40.53],[-106.02,40.25],[-105.82,40.0],[-106.96,39.25],[-106.95,38.75]]}},{"type":"Feature","properties":{"level":1024},"geometry":{"type":"LineString","coordinates":[[95.46,39.0],[95.75,39.41],[96.25,39.21],[96.87,39.5],[95.5,39.86],[94.25,39.33],[93.5,39.58],[92.74,39.25],[95.46,39.0]]}},{"type":"Feature","properties":{"level":1024},"geometry":{"type":"LineString","coordinates":[[-89.02,39.5],[-86.75,39.44],[-86.25,39.76],[-86.0,39.53],[-85.25,39.57],[-83.0,40.12],[-82.5,40.04],[-79.8,41.0],[-78.0,41.95],[-78.25,42.82],[-79.75,42.21],[-80.28,42.25],[-79.2,43.0],[-79.51,43.25],[-79.37,43.5],[-77.77,44.25],[-76.95,45.25],[-77.4,46.75],[-79.2,48.25],[-81.75,49.49],[-82.79,49.75],[-86.5,49.93],[-88.25,49.38],[-89.75,49.74],[-91.72,49.25],[-93.27,47.5],[-93.18,46.75],[-93.52,46.0],[-93.16,45.0],[-94.75,42.43],[-95.06,41.5],[-94.9,40.75],[-94.5,40.1],[-94.0,39.81],[-89.02,39.5]]}},{"type":"Feature","properties":{"level":1024},"geometry":{"type":"LineString","coordinates":[[3.5,42.36],[2.97,42.75],[3.53,42.75],[3.5,42.36]]}},{"type":"Feature","properties":{"level":1024},"geometry":{"type":"LineString","coordinates":[[92.25,42.42],[91.92,42.75],[92.0,42.97],[92.69,42.75],[92.65,42.5],[92.25,42.42]]}},{"type":"Feature","properties":{"level":1024},"geometry":{"type":"LineString","coordinates":[[2.0,43.44],[1.84,43.5],[2.0,43.44]]}},{"type":"Feature","properties":{"level":1024},"geometry":{"type":"LineString","coordinates":[[102.25,51.1],[101.78,51.5],[103.05,51.5],[103.0,51.23],[102.25,51.1]]}},{"type":"Feature","properties":{"level":1024},"geometry":{"type":"LineString","coordinates":[[-121.45,51.75],[-120.0,51.57],[-119.13,51.75],[-119.33,52.0],[-119.14,52.5],[-118.75,52.53],[-118.75,52.88],[-119.5,53.11],[-120.0,52.78],[-120.5,52.85],[-120.5,53.08],[-119.97,53.25],[-120.36,53.75],[-120.24,54.0],[-119.74,54.25],[-121.25,54.38],[-121.92,53.5],[-121.39,52.75],[-122.46,52.5],[-122.25,52.12],[-122.0,52.24],[-121.99,52.0],[-121.45,51.75]]}},{"type":"Feature","properties":{"level":1024},"geometry":{"type":"LineString","coordinates":[[-121.0,51.93],[-122.0,52.25],[-120.75,52.49],[-120.61,52.0],[-120.75,51.76],[-121.0,51.93]]}},{"type":"Feature","properties":{"level":1024},"geometry":{"type":"LineString","coordinates":[[-118.85,52.0],[-117.62,52.0],[-118.5,52.47],[-118.93,52.25],[-118.85,52.0]]}},{"type":"Feature","properties":{"level":1024},"geometry":{"type":"LineString","coordinates":[[114.75,54.72],[114.11,55.0],[115.22,55.5],[114.65,55.75],[115.6,55.75],[115.42,55.5],[115.95,55.25],[114.75,54.72]]}},{"type":"Feature","properties":{"level":1024},"geometry":{"type":"LineString","coordinates":[[-141.81,60.25],[-138.75,60.04],[-138.23,60.25],[-139.0,61.01],[-140.25,61.12],[-141.5,61.56],[-141.88,61.5],[-141.29,61.0],[-142.13,60.75],[-142.22,60.5],[-141.81,60.25]]}},{"type":"Feature","properties":{"level":1024},"geometry":{"type":"LineString","coordinates":[[-143.71,61.75],[-142.39,61.75],[-143.0,62.05],[-143.61,62.0],[-143.71,61.75]]}},{"type":"Feature","properties":{"level":1024},"geometry":{"type":"LineString","coordinates":[[-150.06,67.75],[-149.25,67.65],[-148.5,68.25],[-149.75,68.34],[-152.54,68.0],[-150.06,67.75]]}},{"type":"Feature","properties":{"level":1024},"geometry":{"type":"LineString","coordinates":[[-145.65,68.75],[-144.5,68.6],[-143.98,68.75],[-144.01,69.0],[-144.75,69.11],[-145.25,69.09],[-145.65,68.75]]}},{"type":"Feature","properties":{"level":1028},"geometry":{"type":"LineString","coordinates":[[112.6,-88.5],[123.86,-88.25],[125.29,-88.0],[117.25,-87.7],[115.08,-87.5],[114.6,-87.25],[125.35,-86.75],[124.0,-86.3],[118.22,-86.0],[117.69,-85.75],[118.24,-85.5],[116.26,-85.0],[115.3,-84.5],[115.27,-84.25],[112.89,-83.75],[105.75,-83.55],[105.6,-83.5],[105.83,-83.25],[107.35,-82.25],[106.8,-81.5],[103.75,-81.37],[102.78,-81.5],[102.56,-81.75],[102.88,-82.0],[102.5,-82.09],[95.75,-82.89],[94.24,-83.75],[93.11,-84.0],[84.57,-85.0],[84.6,-85.25],[85.75,-85.49],[90.48,-85.75],[91.43,-86.0],[90.63,-86.25],[80.81,-87.0],[78.42,-87.5],[96.25,-88.23],[112.6,-88.5]]}},{"type":"Feature","properties":{"level":1028},"geometry":{"type":"LineString","coordinates":[[90.8,-83.0],[93.0,-83.04],[96.34,-82.5],[93.74,-82.5],[90.8,-83.0]]}},{"type":"Feature","properties":{"level":1028},"geometry":{"type":"LineString","coordinates":[[90.17,-82.0],[93.5,-81.9],[96.5,-80.89],[99.76,-80.75],[99.56,-80.5],[97.5,-80.27],[95.5,-80.43],[94.04,-81.0],[90.4,-81.75],[90.17,-82.0]]}},{"type":"Feature","properties":{"level":1028},"geometry":{"type":"LineString","coordinates":[[84.97,-80.0],[88.0,-80.14],[90.25,-79.87],[91.74,-79.5],[92.89,-78.75],[92.5,-78.48],[90.75,-78.71],[88.0,-78.52],[81.44,-79.5],[84.97,-80.0]]}},{"type":"Feature","properties":{"level":1028},"geometry":{"type":"LineString","coordinates":[[45.83,-79.5],[47.73,-79.5],[51.8,-78.25],[47.25,-77.57],[44.25,-78.35],[43.55,-78.75],[43.75,-79.1],[45.83,-79.5]]}},{"type":"Feature","properties":{"level":1028},"geometry":{"type":"LineString","coordinates":[[104.44,-78.25],[106.25,-78.4],[107.25,-77.76],[109.0,-77.86],[109.77,-77.75],[109.75,-77.5],[100.5,-76.58],[97.5,-76.65],[95.89,-77.0],[95.61,-77.25],[97.64,-77.75],[97.75,-78.02],[101.5,-78.21],[103.5,-78.05],[104.44,-78.25]]}},{"type":"Feature","properties":{"level":1028},"geometry":{"type":"LineString","coordinates":[[36.62,-76.5],[36.75,-76.69],[38.05,-76.5],[37.75,-76.3],[36.62,-76.5]]}},{"type":"Feature","properties":{"level":1028},"geometry":{"type":"LineString","coordinates":[[33.72,-76.25],[34.37,-76.0],[32.79,-76.0],[33.72,-76.25]]}},{"type":"Feature","properties":{"level":1028},"geometry":{"type":"LineString","coordinates":[[158.35,-50.5],[160.25,-50.53],[168.75,-49.7],[172.75,-49.19],[174.86,-48.5],[176.0,-47.5],[177.52,-43.75],[177.8,-42.5],[177.9,-40.0],[177.6,-39.0],[176.5,-38.99],[175.5,-39.66],[173.75,-39.82],[171.75,-39.18],[171.0,-39.38],[169.75,-38.24],[167.64,-37.25],[168.5,-36.32],[169.25,-35.99],[170.02,-35.25],[169.9,-33.75],[169.5,-33.16],[169.0,-32.84],[167.25,-32.47],[162.5,-32.92],[161.5,-33.12],[160.47,-33.75],[159.79,-35.25],[160.02,-36.25],[159.46,-38.25],[159.63,-39.5],[159.33,-40.0],[157.47,-41.5],[155.0,-42.91],[152.25,-43.42],[148.75,-43.72],[147.75,-44.21],[147.25,-44.75],[145.5,-45.21],[144.26,-44.5],[142.66,-42.0],[141.61,-41.0],[140.25,-40.23],[139.75,-39.69],[136.25,-38.23],[135.78,-37.5],[135.75,-36.74],[134.75,-36.91],[134.0,-36.24],[132.75,-36.76],[132.25,-36.46],[131.5,-37.01],[130.75,-36.59],[130.43,-37.25],[129.25,-37.5],[128.69,-38.0],[128.88,-38.5],[128.73,-39.75],[129.67,-40.75],[130.7,-41.5],[133.54,-42.75],[137.75,-44.23],[142.25,-45.4],[147.24,-48.0],[150.75,-49.25],[155.5,-50.19],[158.35,-50.5]]}},{"type":"Feature","properties":{"level":1028},"geometry":{"type":"LineString","coordinates":[[167.0,-44.92],[166.84,-44.5],[167.0,-44.03],[168.75,-41.44],[170.0,-40.97],[171.75,-41.2],[172.0,-41.42],[172.57,-41.0],[172.39,-42.0],[171.5,-42.21],[171.14,-42.75],[169.25,-44.06],[168.25,-44.21],[168.25,-44.55],[167.0,-44.92]]}},{"type":"Feature","properties":{"level":1028},"geometry":{"type":"LineString","coordinates":[[55.95,-44.5],[62.5,-44.48],[66.54,-43.75],[73.75,-41.25],[80.75,-38.19],[86.49,-35.25],[86.82,-34.5],[86.06,-33.0],[84.15,-30.25],[83.67,-29.75],[82.0,-28.97],[77.0,-29.85],[71.25,-31.97],[69.5,-32.01],[67.41,-31.25],[63.02,-27.75],[61.13,-26.75],[57.75,-25.55],[55.5,-25.28],[54.0,-25.42],[50.5,-26.61],[45.25,-29.39],[41.75,-31.67],[40.75,-32.7],[38.5,-34.25],[38.13,-35.0],[37.71,-35.25],[37.57,-36.0],[37.87,-36.75],[38.84,-38.0],[41.25,-39.87],[44.95,-42.0],[48.2,-43.25],[50.27,-43.75],[55.95,-44.5]]}},{"type":"Feature","properties":{"level":1028},"geometry":{"type":"LineString","coordinates":[[13.58,-43.0],[14.0,-43.15],[16.0,-42.58],[16.5,-41.88],[21.07,-40.75],[20.8,-40.0],[19.21,-38.75],[18.99,-38.0],[19.06,-37.0],[18.75,-36.68],[16.75,-35.44],[16.25,-35.46],[14.75,-34.61],[14.25,-34.65],[14.25,-34.39],[14.84,-34.25],[14.0,-33.0],[13.75,-33.16],[12.94,-32.5],[11.75,-32.1],[10.75,-32.2],[10.25,-31.55],[9.25,-31.07],[8.5,-31.35],[7.2,-30.5],[7.25,-30.23],[5.25,-29.84],[4.25,-29.32],[3.0,-29.18],[2.0,-29.92],[1.0,-29.87],[0.09,-30.75],[0.31,-31.75],[1.48,-33.25],[1.5,-33.74],[2.18,-34.0],[1.75,-34.09],[1.9,-34.5],[4.1,-36.5],[4.0,-37.0],[4.5,-37.87],[4.86,-38.0],[5.05,-39.0],[6.25,-39.86],[6.58,-39.5],[6.01,-39.0],[6.37,-39.0],[7.25,-40.19],[8.0,-40.71],[8.25,-40.51],[8.5,-40.77],[8.9,-41.75],[10.0,-41.62],[10.48,-41.75],[10.0,-42.0],[10.25,-42.19],[11.5,-42.73],[12.5,-42.54],[13.58,-43.0]]}},{"type":"Feature","properties":{"level":1028},"geometry":{"type":"LineString","coordinates":[[5.5,-38.77],[5.8,-38.75],[5.5,-38.77]]}},{"type":"Feature","properties":{"level":1028},"geometry":{"type":"LineString","coordinates":[[98.27,-31.5],[100.0,-31.57],[101.5,-31.33],[102.0,-31.58],[102.5,-31.23],[103.75,-31.11],[104.35,-30.5],[104.33,-29.25],[103.91,-28.75],[103.0,-28.29],[101.75,-28.18],[101.25,-27.76],[99.25,-26.92],[97.75,-26.91],[97.41,-27.25],[96.75,-27.4],[95.5,-27.19],[94.0,-28.44],[93.25,-28.17],[93.5,-28.71],[94.5,-28.95],[95.25,-29.73],[96.0,-29.99],[96.46,-30.5],[98.27,-31.5]]}},{"type":"Feature","properties":{"level":1028},"geometry":{"type":"LineString","coordinates":[[85.56,34.25],[86.0,34.1],[86.39,34.5],[85.75,34.77],[85.0,34.59],[85.56,34.25]]}},{"type":"Feature","properties":{"level":1028},"geometry":{"type":"LineString","coordinates":[[77.67,34.75],[78.0,34.53],[78.25,34.98],[78.58,35.0],[78.57,35.25],[78.25,35.35],[78.25,35.77],[77.75,35.74],[76.92,36.25],[76.86,36.75],[76.25,36.91],[76.0,36.48],[75.75,37.0],[75.2,37.25],[75.0,37.81],[74.75,37.35],[73.66,37.5],[74.0,38.72],[74.57,38.75],[74.25,38.83],[74.25,39.14],[75.0,38.83],[75.2,39.0],[75.0,39.22],[74.0,39.14],[73.5,39.58],[73.25,39.34],[72.0,39.4],[71.26,39.0],[71.25,38.33],[72.02,38.0],[71.72,37.75],[72.54,37.0],[71.75,37.09],[72.04,36.75],[71.52,36.5],[71.75,36.31],[72.5,36.71],[74.0,36.67],[74.5,36.42],[74.75,36.84],[75.38,36.5],[74.8,36.0],[75.75,35.86],[76.75,35.32],[77.0,34.95],[77.25,35.13],[77.67,34.75]]}},{"type":"Feature","properties":{"level":1028},"geometry":{"type":"LineString","coordinates":[[80.83,35.0],[81.0,34.75],[81.5,35.04],[82.25,35.03],[83.25,35.88],[84.5,35.73],[85.07,36.0],[84.26,36.25],[84.45,36.5],[86.51,37.0],[86.0,37.37],[83.75,36.63],[82.25,36.51],[81.5,36.14],[80.0,36.08],[78.75,36.56],[78.53,36.25],[78.75,35.65],[79.25,35.83],[80.83,35.0]]}},{"type":"Feature","properties":{"level":1028},"geometry":{"type":"LineString","coordinates":[[85.69,35.5],[85.92,35.5],[85.78,36.0],[86.25,36.22],[87.25,36.06],[88.79,36.5],[87.0,36.77],[86.25,36.29],[85.5,36.4],[85.17,36.25],[85.62,36.0],[85.32,35.75],[85.69,35.5]]}},{"type":"Feature","properties":{"level":1028},"geometry":{"type":"LineString","coordinates":[[77.67,36.25],[78.0,36.14],[78.0,36.57],[78.61,36.75],[77.75,36.94],[77.17,36.75],[77.67,36.25]]}},{"type":"Feature","properties":{"level":1028},"geometry":{"type":"LineString","coordinates":[[87.31,37.25],[88.49,37.5],[87.75,37.65],[87.31,37.25]]}},{"type":"Feature","properties":{"level":1028},"geometry":{"type":"LineString","coordinates":[[22.63,38.5],[24.58,40.0],[26.0,40.75],[27.0,40.8],[27.75,41.44],[32.0,42.41],[34.5,42.56],[35.0,42.82],[36.72,45.0],[37.09,46.0],[37.14,46.5],[35.27,49.25],[34.97,50.5],[35.15,51.75],[36.1,54.25],[36.75,54.95],[38.0,54.87],[44.25,58.5],[49.25,60.8],[52.0,61.66],[58.0,62.84],[60.0,62.5],[62.0,62.96],[74.84,64.0],[78.0,64.95],[78.28,65.25],[78.22,66.0],[77.38,66.75],[73.5,68.46],[70.75,69.18],[66.75,69.69],[58.75,69.85],[54.75,69.68],[48.75,68.91],[44.75,68.1],[38.33,66.5],[35.0,64.92],[31.25,63.85],[27.5,61.63],[26.24,60.0],[24.55,59.0],[23.75,58.21],[21.25,57.15],[20.5,57.2],[17.5,58.36],[15.25,58.64],[13.25,58.48],[10.0,57.26],[7.75,55.77],[3.25,53.45],[-0.25,52.61],[-3.5,51.36],[-3.67,51.5],[-3.38,51.75],[-1.71,52.75],[-1.74,53.5],[-3.25,53.5],[-6.5,54.14],[-8.5,53.88],[-9.75,53.56],[-10.5,53.08],[-12.34,52.75],[-13.79,51.5],[-12.79,50.75],[-13.01,50.5],[-11.25,50.09],[-10.54,49.75],[-10.65,49.5],[-13.75,47.98],[-16.0,47.39],[-17.87,46.5],[-19.07,45.5],[-19.29,45.0],[-19.0,43.81],[-18.32,43.5],[-17.5,43.48],[-11.75,45.99],[-8.5,47.0],[-5.0,47.69],[0.75,47.9],[4.21,47.75],[4.58,47.5],[4.75,46.66],[5.25,46.94],[5.68,46.75],[5.51,46.0],[5.93,45.5],[5.46,45.0],[5.5,44.57],[5.58,44.25],[6.25,44.1],[6.41,43.75],[7.75,43.91],[9.0,44.4],[11.1,43.75],[11.17,43.25],[12.0,42.75],[12.5,42.72],[13.0,41.98],[14.5,41.19],[15.85,40.0],[16.5,39.01],[16.82,39.25],[16.75,39.56],[16.35,39.75],[16.57,41.0],[15.44,41.5],[16.11,41.75],[15.25,41.74],[14.87,42.0],[13.13,44.0],[14.0,44.61],[14.75,44.63],[15.5,43.82],[19.5,41.85],[20.15,41.0],[20.5,39.79],[21.0,39.65],[21.84,38.75],[22.63,38.5]]}},{"type":"Feature","properties":{"level":1028},"geometry":{"type":"LineString","coordinates":[[75.66,40.25],[77.02,40.5],[76.25,40.56],[75.66,40.25]]}},{"type":"Feature","properties":{"level":1028},"geometry":{"type":"LineString","coordinates":[[103.49,40.5],[103.75,40.29],[105.05,41.25],[104.0,42.02],[103.0,42.35],[102.25,42.33],[101.75,42.65],[100.5,42.39],[99.5,42.83],[98.07,42.75],[99.33,42.25],[99.0,42.23],[98.5,41.7],[99.25,41.68],[101.0,40.85],[103.0,40.9],[103.49,40.5]]}},{"type":"Feature","properties":{"level":1028},"geometry":{"type":"LineString","coordinates":[[76.98,41.0],[78.0,40.86],[79.5,41.81],[80.25,41.66],[82.5,42.34],[85.0,42.18],[86.0,42.43],[86.25,42.89],[86.46,42.5],[87.08,42.5],[87.25,42.98],[87.82,43.25],[87.71,43.5],[88.0,43.62],[89.75,43.27],[91.5,43.7],[93.25,43.4],[93.69,43.75],[92.75,43.64],[92.0,44.2],[89.61,44.75],[89.5,45.0],[90.25,45.39],[90.45,45.75],[89.67,46.5],[89.27,47.5],[87.5,47.6],[87.25,48.02],[85.8,48.5],[87.04,49.25],[86.96,49.75],[86.1,50.0],[86.37,50.25],[85.99,50.5],[84.75,50.61],[83.13,50.0],[83.0,49.33],[82.18,49.0],[82.0,48.64],[83.9,47.75],[84.0,47.38],[83.25,47.0],[84.25,47.05],[84.37,46.75],[84.12,46.5],[85.04,45.5],[85.98,45.25],[85.48,45.75],[86.25,45.8],[86.66,45.5],[86.5,45.0],[86.75,44.82],[88.5,44.25],[87.5,43.83],[85.0,44.19],[84.5,43.91],[84.54,44.25],[83.25,44.61],[83.11,44.5],[83.31,44.25],[82.52,44.0],[83.5,43.78],[84.26,43.25],[83.75,43.27],[83.25,42.83],[82.0,42.53],[78.75,42.27],[77.37,41.75],[77.62,41.5],[76.98,41.0]]}},{"type":"Feature","properties":{"level":1028},"geometry":{"type":"LineString","coordinates":[[34.08,41.75],[35.12,41.75],[34.25,41.94],[34.08,41.75]]}},{"type":"Feature","properties":{"level":1028},"geometry":{"type":"LineString","coordinates":[[104.54,43.0],[105.0,42.81],[106.62,43.75],[106.37,44.5],[105.52,45.0],[106.45,46.0],[106.62,47.0],[107.22,48.25],[107.2,48.75],[107.75,48.84],[108.25,49.48],[109.5,50.35],[110.62,50.5],[110.18,51.0],[111.31,51.25],[109.8,51.5],[111.0,51.63],[111.6,52.0],[110.5,52.32],[109.5,52.22],[109.53,52.5],[109.25,52.54],[108.25,52.2],[108.31,52.5],[109.0,52.59],[111.75,54.54],[111.5,55.17],[110.85,55.0],[110.75,55.8],[112.0,55.79],[112.5,55.47],[112.53,55.75],[113.6,56.25],[113.5,56.63],[112.5,56.95],[111.0,56.1],[110.0,56.32],[109.25,55.95],[108.75,56.06],[108.5,55.77],[108.0,55.85],[107.9,55.0],[107.5,54.75],[108.25,54.62],[107.85,54.0],[105.58,52.5],[105.0,51.86],[103.86,51.75],[104.25,51.42],[107.17,52.0],[105.16,50.75],[105.34,50.25],[104.98,49.75],[105.26,49.5],[104.69,48.5],[104.0,47.89],[102.85,47.75],[103.47,46.25],[103.25,45.94],[101.82,45.25],[102.25,44.71],[100.71,44.75],[100.99,44.5],[99.74,44.0],[101.0,43.85],[101.14,43.75],[100.66,43.5],[101.25,43.23],[103.25,43.54],[104.42,43.25],[104.54,43.0]]}},{"type":"Feature","properties":{"level":1028},"geometry":{"type":"LineString","coordinates":[[82.88,45.25],[84.19,45.5],[83.75,45.7],[82.99,45.5],[82.88,45.25]]}},{"type":"Feature","properties":{"level":1028},"geometry":{"type":"LineString","coordinates":[[85.0,48.16],[84.67,48.75],[85.5,48.91],[85.63,48.25],[85.0,48.16]]}},{"type":"Feature","properties":{"level":1028},"geometry":{"type":"LineString","coordinates":[[92.68,49.5],[93.6,50.0],[94.0,50.5],[93.6,50.75],[92.5,50.81],[91.61,50.5],[91.63,50.0],[92.68,49.5]]}},{"type":"Feature","properties":{"level":1028},"geometry":{"type":"LineString","coordinates":[[94.22,51.25],[95.19,51.5],[94.5,51.95],[94.0,51.61],[92.26,51.5],[93.75,51.47],[94.22,51.25]]}},{"type":"Feature","properties":{"level":1028},"geometry":{"type":"LineString","coordinates":[[-140.03,60.5],[-139.07,60.75],[-140.0,60.96],[-140.37,60.75],[-140.03,60.5]]}},{"type":"Feature","properties":{"level":1032},"geometry":{"type":"LineString","coordinates":[[99.56,-88.0],[106.39,-88.0],[105.94,-87.75],[106.77,-87.25],[114.51,-85.5],[110.5,-84.42],[107.0,-84.44],[103.25,-84.12],[102.68,-84.0],[102.25,-83.21],[100.0,-83.14],[89.39,-84.75],[97.77,-85.5],[97.03,-86.0],[88.26,-87.0],[91.87,-87.5],[99.56,-88.0]]}},{"type":"Feature","properties":{"level":1032},"geometry":{"type":"LineString","coordinates":[[85.14,-79.75],[88.25,-79.89],[90.69,-79.5],[90.79,-79.25],[87.5,-78.74],[83.24,-79.5],[85.14,-79.75]]}},{"type":"Feature","properties":{"level":1032},"geometry":{"type":"LineString","coordinates":[[45.6,-79.25],[50.02,-78.5],[47.0,-78.0],[44.42,-78.75],[44.49,-79.0],[45.6,-79.25]]}},{"type":"Feature","properties":{"level":1032},"geometry":{"type":"LineString","coordinates":[[105.42,-78.0],[105.85,-77.75],[105.83,-77.5],[103.47,-77.5],[105.42,-78.0]]}},{"type":"Feature","properties":{"level":1032},"geometry":{"type":"LineString","coordinates":[[161.39,-47.75],[164.0,-47.37],[165.54,-46.75],[163.87,-44.25],[163.75,-43.45],[163.25,-42.54],[162.25,-42.72],[161.5,-42.36],[158.75,-44.07],[158.5,-44.04],[157.0,-45.16],[156.25,-45.24],[155.64,-45.75],[155.55,-46.75],[156.5,-47.21],[158.0,-47.21],[158.5,-47.56],[161.39,-47.75]]}},{"type":"Feature","properties":{"level":1032},"geometry":{"type":"LineString","coordinates":[[170.19,-46.0],[171.5,-45.84],[173.0,-44.86],[173.77,-43.5],[173.95,-42.25],[172.73,-42.25],[171.08,-43.5],[171.14,-43.75],[170.63,-44.0],[170.65,-44.5],[170.35,-45.0],[170.74,-45.5],[170.19,-46.0]]}},{"type":"Feature","properties":{"level":1032},"geometry":{"type":"LineString","coordinates":[[55.42,-43.0],[58.75,-43.13],[61.5,-42.73],[71.25,-39.14],[72.09,-38.75],[73.44,-37.25],[74.81,-36.5],[75.05,-36.25],[74.93,-35.75],[75.97,-34.5],[71.5,-34.29],[68.0,-33.82],[65.25,-32.78],[62.53,-31.5],[60.98,-30.5],[58.75,-29.64],[55.25,-29.08],[51.75,-29.49],[51.25,-29.89],[50.5,-29.89],[48.0,-31.25],[44.79,-33.75],[43.4,-35.75],[43.31,-36.25],[43.7,-37.5],[45.38,-39.25],[46.75,-40.22],[48.82,-41.25],[52.75,-42.5],[55.42,-43.0]]}},{"type":"Feature","properties":{"level":1032},"geometry":{"type":"LineString","coordinates":[[81.0,35.25],[81.69,35.25],[81.25,35.63],[79.38,36.0],[81.0,35.25]]}},{"type":"Feature","properties":{"level":1032},"geometry":{"type":"LineString","coordinates":[[22.85,41.75],[23.25,42.0],[23.25,42.36],[23.75,41.86],[24.75,41.67],[25.75,41.79],[25.78,42.25],[27.51,43.0],[31.62,46.5],[31.79,47.25],[31.66,49.25],[28.92,54.75],[28.25,55.15],[27.5,55.32],[26.0,55.17],[22.75,53.99],[21.78,53.25],[20.75,51.92],[19.5,51.07],[18.0,50.76],[17.41,50.5],[17.66,50.25],[17.5,50.19],[16.72,50.5],[16.84,50.25],[16.25,50.1],[15.91,49.5],[16.03,49.0],[17.03,48.5],[16.75,47.41],[15.5,47.84],[14.0,47.5],[13.25,46.92],[11.63,46.75],[12.25,46.39],[13.77,46.25],[14.97,45.25],[15.49,44.5],[16.5,44.63],[17.5,43.79],[17.75,44.03],[17.77,43.75],[19.88,42.5],[20.25,41.95],[21.0,42.14],[21.75,41.87],[22.0,42.44],[22.85,41.75]]}},{"type":"Feature","properties":{"level":1032},"geometry":{"type":"LineString","coordinates":[[79.84,42.0],[80.0,41.79],[81.09,42.25],[79.84,42.0]]}},{"type":"Feature","properties":{"level":1032},"geometry":{"type":"LineString","coordinates":[[18.5,44.72],[18.95,44.75],[18.5,44.72]]}},{"type":"Feature","properties":{"level":1032},"geometry":{"type":"LineString","coordinates":[[17.25,45.33],[17.09,45.5],[17.25,45.73],[17.49,45.5],[17.25,45.33]]}},{"type":"Feature","properties":{"level":1032},"geometry":{"type":"LineString","coordinates":[[38.69,60.0],[40.25,59.94],[42.25,60.24],[46.75,61.98],[55.5,64.06],[59.25,65.35],[59.51,65.25],[59.35,64.5],[60.0,64.05],[62.5,64.67],[64.75,64.84],[66.78,65.5],[66.95,65.75],[64.71,66.5],[65.92,67.5],[65.75,68.02],[61.75,67.64],[55.25,68.14],[48.0,67.3],[40.75,65.21],[36.83,63.0],[36.23,62.0],[36.64,61.5],[36.78,60.75],[36.99,60.5],[38.69,60.0]]}},{"type":"Feature","properties":{"level":1036},"geometry":{"type":"LineString","coordinates":[[96.39,-87.25],[99.25,-87.36],[102.83,-87.0],[110.8,-85.5],[110.69,-85.25],[109.25,-85.2],[102.75,-85.58],[98.66,-86.25],[92.37,-86.75],[92.83,-87.0],[96.39,-87.25]]}},{"type":"Feature","properties":{"level":1036},"geometry":{"type":"LineString","coordinates":[[84.4,-79.5],[88.49,-79.5],[87.25,-78.98],[84.4,-79.5]]}},{"type":"Feature","properties":{"level":1036},"geometry":{"type":"LineString","coordinates":[[54.22,-39.75],[57.0,-39.74],[59.75,-39.1],[61.27,-38.25],[61.96,-37.5],[61.59,-36.75],[61.97,-36.25],[58.76,-33.75],[58.04,-33.5],[56.25,-33.29],[52.5,-33.66],[50.12,-35.25],[49.75,-35.9],[49.64,-36.75],[50.45,-38.0],[53.12,-39.5],[54.22,-39.75]]}}]}