{"type":"FeatureCollection","features":[{"type":"Feature","properties":{"level":944},"geometry":{"type":"LineString","coordinates":[[57.5,-63.06],[56.71,-62.75],[56.49,-62.25],[57.25,-61.87],[58.25,-61.76],[59.5,-61.94],[59.95,-62.25],[59.75,-63.05],[57.5,-63.06]]}},{"type":"Feature","properties":{"level":948},"geometry":{"type":"LineString","coordinates":[[59.75,-63.75],[57.25,-63.48],[56.0,-63.0],[55.68,-62.75],[55.71,-62.5],[56.0,-61.96],[56.75,-61.55],[59.0,-61.3],[61.75,-61.93],[62.75,-62.49],[63.03,-63.0],[62.95,-63.75],[59.75,-63.75]]}},{"type":"Feature","properties":{"level":952},"geometry":{"type":"LineString","coordinates":[[59.25,-64.25],[57.5,-64.04],[55.01,-63.25],[54.78,-63.0],[54.94,-62.0],[55.75,-61.3],[56.75,-60.98],[60.75,-60.69],[63.75,-61.66],[65.92,-63.0],[66.66,-63.75],[66.5,-64.23],[66.25,-64.27],[59.25,-64.25]]}},{"type":"Feature","properties":{"level":952},"geometry":{"type":"LineString","coordinates":[[147.75,-62.33],[147.38,-62.0],[147.5,-61.72],[148.0,-61.55],[148.75,-61.64],[149.05,-62.0],[148.99,-62.25],[148.5,-62.45],[147.75,-62.33]]}},{"type":"Feature","properties":{"level":956},"geometry":{"type":"LineString","coordinates":[[60.25,-64.75],[57.5,-64.53],[54.2,-63.75],[53.85,-63.5],[54.07,-63.0],[53.68,-62.25],[53.84,-61.75],[55.0,-60.88],[58.25,-60.0],[60.75,-60.09],[65.85,-61.25],[72.22,-64.0],[71.18,-64.5],[68.75,-64.82],[60.25,-64.75]]}},{"type":"Feature","properties":{"level":956},"geometry":{"type":"LineString","coordinates":[[-130.75,-63.76],[-131.5,-63.25],[-130.08,-61.75],[-130.33,-59.5],[-130.0,-58.93],[-129.25,-58.42],[-127.5,-58.06],[-125.5,-58.35],[-124.26,-59.0],[-123.25,-59.92],[-122.97,-60.5],[-122.91,-61.0],[-123.25,-61.44],[-125.0,-62.72],[-129.5,-63.98],[-130.75,-63.76]]}},{"type":"Feature","properties":{"level":956},"geometry":{"type":"LineString","coordinates":[[148.75,-63.26],[146.81,-62.5],[146.54,-62.0],[146.68,-61.5],[147.5,-60.98],[148.75,-60.88],[150.25,-61.17],[151.38,-61.75],[151.42,-62.5],[150.75,-63.13],[149.75,-63.36],[148.75,-63.26]]}},{"type":"Feature","properties":{"level":960},"geometry":{"type":"LineString","coordinates":[[-127.5,-66.78],[-129.75,-66.29],[-131.25,-65.57],[-133.07,-64.25],[-133.71,-63.25],[-133.4,-61.75],[-132.25,-58.75],[-131.36,-58.0],[-129.75,-57.25],[-127.5,-56.72],[-125.5,-56.58],[-123.75,-56.78],[-120.63,-57.75],[-119.15,-59.0],[-118.31,-61.75],[-117.33,-62.25],[-116.58,-63.0],[-116.6,-64.0],[-118.11,-64.75],[-117.81,-65.75],[-118.17,-66.25],[-118.75,-66.5],[-121.25,-66.92],[-127.5,-66.78]]}},{"type":"Feature","properties":{"level":960},"geometry":{"type":"LineString","coordinates":[[59.25,-65.25],[54.5,-64.7],[53.0,-64.24],[52.75,-64.0],[53.03,-63.5],[52.28,-62.5],[52.33,-61.75],[53.46,-60.75],[56.0,-59.63],[60.25,-59.41],[63.46,-59.75],[73.25,-62.27],[76.75,-62.63],[77.06,-63.0],[76.4,-63.75],[75.51,-64.25],[71.75,-65.12],[63.75,-65.42],[59.25,-65.25]]}},{"type":"Feature","properties":{"level":960},"geometry":{"type":"LineString","coordinates":[[156.5,-65.27],[151.75,-64.68],[147.5,-63.66],[145.81,-62.75],[145.47,-62.25],[145.46,-61.75],[146.05,-61.0],[147.5,-60.31],[151.75,-60.02],[153.98,-61.0],[154.67,-61.75],[155.0,-62.53],[156.25,-63.37],[159.0,-64.19],[163.49,-64.75],[163.49,-65.0],[161.0,-65.33],[156.5,-65.27]]}},{"type":"Feature","properties":{"level":960},"geometry":{"type":"LineString","coordinates":[[167.75,-65.26],[167.6,-65.0],[171.0,-64.99],[171.44,-65.25],[169.25,-65.43],[167.75,-65.26]]}},{"type":"Feature","properties":{"level":960},"geometry":{"type":"LineString","coordinates":[[-177.75,60.73],[-178.0,61.02],[-177.5,61.16],[-177.2,61.0],[-177.75,60.73]]}},{"type":"Feature","properties":{"level":964},"geometry":{"type":"LineString","coordinates":[[-117.5,-71.76],[-125.25,-70.41],[-132.75,-67.21],[-135.43,-64.5],[-136.05,-62.75],[-135.96,-61.25],[-134.2,-58.25],[-132.77,-57.0],[-131.0,-56.14],[-126.0,-54.58],[-123.5,-54.49],[-121.25,-54.8],[-116.75,-55.57],[-115.75,-56.23],[-114.63,-58.0],[-113.72,-63.25],[-113.93,-65.25],[-114.34,-66.25],[-115.38,-67.5],[-115.62,-68.25],[-114.5,-68.72],[-112.25,-68.49],[-111.25,-68.67],[-110.56,-69.0],[-110.27,-69.75],[-110.56,-70.5],[-111.21,-71.0],[-113.15,-71.75],[-115.0,-71.98],[-117.5,-71.76]]}},{"type":"Feature","properties":{"level":964},"geometry":{"type":"LineString","coordinates":[[-33.25,-66.56],[-34.25,-66.14],[-34.59,-65.75],[-34.54,-65.5],[-29.0,-63.42],[-28.5,-63.29],[-28.26,-63.5],[-28.39,-65.25],[-29.25,-66.23],[-31.0,-66.7],[-33.25,-66.56]]}},{"type":"Feature","properties":{"level":964},"geometry":{"type":"LineString","coordinates":[[53.0,-66.63],[52.99,-65.5],[52.14,-64.5],[52.22,-64.0],[50.77,-63.0],[50.58,-62.0],[51.34,-61.0],[53.06,-59.75],[55.25,-59.06],[58.5,-58.73],[61.0,-58.81],[75.0,-61.17],[81.5,-61.12],[82.67,-61.25],[82.96,-61.5],[82.6,-61.75],[81.94,-61.75],[81.3,-62.75],[79.25,-64.0],[74.5,-65.37],[71.25,-65.73],[62.25,-66.07],[55.75,-65.41],[55.0,-65.6],[54.61,-66.0],[53.45,-66.25],[53.5,-66.5],[53.0,-66.63]]}},{"type":"Feature","properties":{"level":964},"geometry":{"type":"LineString","coordinates":[[156.75,-66.5],[152.0,-65.84],[146.75,-64.28],[144.41,-63.0],[143.67,-62.0],[143.59,-61.25],[145.0,-59.93],[147.0,-59.31],[149.0,-59.16],[151.5,-59.3],[156.0,-60.65],[158.5,-62.36],[160.75,-62.97],[165.25,-63.45],[173.0,-63.63],[176.0,-64.26],[176.51,-64.5],[176.86,-65.0],[175.89,-65.5],[173.75,-66.05],[170.25,-66.39],[161.0,-66.74],[156.75,-66.5]]}},{"type":"Feature","properties":{"level":964},"geometry":{"type":"LineString","coordinates":[[134.25,-59.76],[133.23,-59.5],[132.07,-58.75],[134.25,-58.14],[136.0,-57.93],[138.75,-58.04],[139.93,-58.5],[139.94,-59.0],[139.0,-59.34],[136.0,-59.83],[134.25,-59.76]]}},{"type":"Feature","properties":{"level":964},"geometry":{"type":"LineString","coordinates":[[125.25,-59.57],[124.6,-59.25],[124.31,-58.5],[125.75,-57.84],[126.87,-57.0],[128.41,-57.25],[129.65,-58.5],[129.5,-58.83],[128.06,-59.25],[125.25,-59.57]]}},{"type":"Feature","properties":{"level":964},"geometry":{"type":"LineString","coordinates":[[143.0,17.73],[143.0,18.0],[143.0,17.73]]}},{"type":"Feature","properties":{"level":964},"geometry":{"type":"LineString","coordinates":[[-178.5,60.46],[-178.9,60.75],[-179.0,61.25],[-178.25,61.76],[-176.75,61.77],[-176.08,61.25],[-176.19,60.75],[-176.75,60.4],[-177.75,60.27],[-178.5,60.46]]}},{"type":"Feature","properties":{"level":968},"geometry":{"type":"LineString","coordinates":[[-115.25,-73.01],[-121.5,-72.36],[-126.75,-71.4],[-130.25,-70.34],[-134.0,-68.59],[-136.5,-66.64],[-138.04,-64.5],[-138.36,-62.25],[-138.14,-60.75],[-137.6,-59.5],[-136.49,-58.0],[-134.0,-55.83],[-130.0,-53.7],[-127.75,-52.95],[-125.5,-52.53],[-122.25,-52.64],[-118.25,-53.13],[-116.0,-53.1],[-115.08,-53.5],[-112.64,-56.75],[-110.87,-63.25],[-109.75,-66.0],[-106.43,-67.5],[-105.75,-68.49],[-105.71,-69.0],[-105.9,-69.75],[-106.92,-71.25],[-108.5,-72.39],[-111.0,-73.04],[-115.25,-73.01]]}},{"type":"Feature","properties":{"level":968},"geometry":{"type":"LineString","coordinates":[[-33.0,-67.53],[-35.5,-66.9],[-37.42,-65.75],[-36.5,-64.95],[-33.75,-63.76],[-28.75,-62.2],[-27.5,-62.11],[-26.36,-63.0],[-25.89,-65.0],[-26.22,-66.0],[-26.75,-66.52],[-28.25,-67.25],[-29.5,-67.52],[-33.0,-67.53]]}},{"type":"Feature","properties":{"level":968},"geometry":{"type":"LineString","coordinates":[[158.75,-67.52],[152.5,-67.04],[148.75,-66.2],[144.75,-64.66],[140.0,-61.75],[139.0,-61.47],[130.5,-60.8],[124.25,-60.73],[122.0,-60.39],[120.96,-60.0],[121.53,-59.25],[123.49,-57.75],[126.75,-56.5],[142.25,-57.2],[145.25,-58.23],[151.75,-58.7],[156.75,-59.74],[158.24,-60.25],[159.75,-61.11],[161.5,-61.63],[164.5,-62.08],[171.75,-62.45],[174.75,-62.83],[178.25,-63.72],[179.51,-64.5],[179.23,-65.0],[178.02,-65.75],[174.25,-66.72],[169.25,-67.37],[164.5,-67.67],[158.75,-67.52]]}},{"type":"Feature","properties":{"level":968},"geometry":{"type":"LineString","coordinates":[[49.25,-66.78],[48.68,-66.5],[49.25,-66.22],[51.5,-66.25],[52.52,-65.75],[51.25,-64.5],[49.75,-64.14],[48.98,-63.5],[48.59,-62.5],[49.21,-61.25],[50.68,-59.75],[53.25,-58.81],[55.25,-58.4],[57.5,-58.12],[60.75,-58.2],[75.75,-60.07],[85.25,-59.74],[86.75,-60.04],[87.2,-60.5],[87.03,-61.25],[86.54,-61.75],[83.62,-63.5],[78.45,-65.25],[74.87,-66.0],[62.25,-66.7],[60.0,-66.64],[56.25,-66.01],[53.0,-66.92],[51.75,-66.61],[51.0,-66.85],[49.25,-66.78]]}},{"type":"Feature","properties":{"level":968},"geometry":{"type":"LineString","coordinates":[[143.0,17.67],[143.0,18.06],[143.0,17.67]]}},{"type":"Feature","properties":{"level":968},"geometry":{"type":"LineString","coordinates":[[180.0,60.65],[179.76,61.25],[180.0,62.02]]}},{"type":"Feature","properties":{"level":968},"geometry":{"type":"LineString","coordinates":[[-180.0,62.02],[-178.0,63.11],[-175.5,62.36],[-174.88,61.75],[-174.77,61.25],[-175.53,60.25],[-177.0,59.81],[-179.0,59.99],[-180.0,60.65]]}},{"type":"Feature","properties":{"level":972},"geometry":{"type":"LineString","coordinates":[[-115.5,-74.06],[-121.75,-73.53],[-127.25,-72.71],[-132.25,-71.43],[-136.25,-69.74],[-138.75,-67.86],[-140.31,-66.0],[-140.67,-64.75],[-140.64,-62.25],[-140.27,-60.25],[-139.77,-59.25],[-137.51,-56.25],[-136.0,-54.97],[-132.25,-52.63],[-129.0,-51.5],[-125.5,-50.94],[-121.25,-51.02],[-114.0,-52.3],[-112.28,-54.0],[-109.63,-57.25],[-109.47,-59.25],[-108.35,-62.0],[-107.67,-63.0],[-106.25,-64.17],[-103.0,-64.71],[-102.31,-65.5],[-102.24,-66.25],[-102.75,-69.0],[-104.05,-72.0],[-105.5,-73.23],[-108.0,-73.87],[-111.75,-74.0],[-113.25,-73.8],[-115.5,-74.06]]}},{"type":"Feature","properties":{"level":972},"geometry":{"type":"LineString","coordinates":[[49.0,-69.26],[45.66,-68.25],[45.75,-67.89],[46.86,-67.5],[46.72,-67.25],[46.99,-67.0],[46.23,-66.5],[45.99,-66.0],[47.0,-65.38],[46.93,-65.0],[47.15,-64.75],[45.85,-63.5],[45.69,-62.5],[45.23,-62.0],[49.2,-59.5],[54.0,-57.92],[56.5,-57.53],[60.5,-57.52],[76.5,-59.05],[86.5,-58.63],[89.2,-59.25],[89.71,-60.25],[89.14,-61.5],[87.25,-63.0],[83.79,-64.5],[78.0,-66.16],[74.5,-66.7],[70.0,-66.73],[64.0,-67.24],[63.25,-67.5],[60.25,-67.63],[57.5,-67.17],[57.25,-66.72],[55.51,-66.5],[54.21,-66.75],[53.21,-67.25],[53.0,-68.2],[51.5,-68.93],[49.0,-69.26]]}},{"type":"Feature","properties":{"level":972},"geometry":{"type":"LineString","coordinates":[[-31.0,-69.01],[-34.0,-68.57],[-36.5,-67.82],[-39.01,-66.5],[-39.48,-66.0],[-39.51,-65.5],[-37.88,-64.25],[-34.75,-62.91],[-28.25,-61.04],[-26.62,-61.25],[-25.0,-62.29],[-23.83,-64.5],[-24.2,-66.5],[-24.66,-67.25],[-25.75,-68.23],[-26.75,-68.67],[-28.67,-69.0],[-31.0,-69.01]]}},{"type":"Feature","properties":{"level":972},"geometry":{"type":"LineString","coordinates":[[180.0,-65.73],[177.75,-66.61],[170.5,-68.11],[164.0,-68.58],[154.5,-68.17],[153.5,-68.57],[152.25,-68.12],[150.0,-67.86],[146.75,-67.1],[143.5,-65.91],[139.75,-63.94],[136.46,-63.0],[132.41,-62.5],[128.5,-62.38],[117.0,-62.98],[115.92,-62.75],[115.61,-62.0],[115.83,-61.25],[116.5,-60.73],[121.49,-57.75],[123.5,-56.86],[127.25,-55.9],[133.0,-55.79],[142.25,-56.23],[147.25,-57.41],[159.0,-59.09],[162.75,-60.56],[167.25,-61.23],[173.5,-61.7],[180.0,-63.06]]}},{"type":"Feature","properties":{"level":972},"geometry":{"type":"LineString","coordinates":[[-180.0,-63.06],[-178.72,-63.75],[-178.35,-64.25],[-178.92,-65.0],[-180.0,-65.73]]}},{"type":"Feature","properties":{"level":972},"geometry":{"type":"LineString","coordinates":[[160.75,14.66],[160.75,15.24],[161.12,15.25],[161.21,14.75],[160.75,14.66]]}},{"type":"Feature","properties":{"level":972},"geometry":{"type":"LineString","coordinates":[[143.0,17.61],[142.84,17.75],[143.0,18.12],[143.25,17.75],[143.0,17.61]]}},{"type":"Feature","properties":{"level":972},"geometry":{"type":"LineString","coordinates":[[180.0,59.52],[179.03,60.0],[178.33,60.75],[178.08,61.75],[178.12,62.5],[179.04,63.0],[180.0,64.04]]}},{"type":"Feature","properties":{"level":972},"geometry":{"type":"LineString","coordinates":[[-180.0,64.04],[-178.0,64.69],[-175.19,64.25],[-174.2,63.75],[-173.5,63.08],[-173.01,61.75],[-173.65,60.5],[-175.5,59.48],[-177.75,59.13],[-180.0,59.52]]}},{"type":"Feature","properties":{"level":976},"geometry":{"type":"LineString","coordinates":[[-162.75,-76.27],[-164.75,-75.95],[-165.26,-75.75],[-165.59,-75.25],[-164.75,-74.77],[-163.0,-74.59],[-157.25,-74.61],[-156.57,-74.75],[-156.43,-75.0],[-157.04,-75.5],[-158.75,-75.98],[-162.75,-76.27]]}},{"type":"Feature","properties":{"level":976},"geometry":{"type":"LineString","coordinates":[[-121.25,-74.76],[-124.41,-74.5],[-123.81,-74.25],[-124.25,-74.17],[-126.25,-74.51],[-131.51,-74.25],[-135.0,-73.35],[-138.65,-71.75],[-140.75,-70.28],[-142.75,-68.26],[-143.3,-67.25],[-143.68,-65.75],[-143.31,-62.5],[-142.81,-60.75],[-142.1,-59.0],[-139.34,-55.25],[-138.54,-54.5],[-133.76,-51.5],[-130.75,-50.42],[-128.0,-49.73],[-125.0,-49.5],[-120.75,-49.6],[-113.75,-51.05],[-112.79,-51.5],[-110.19,-53.5],[-107.54,-57.25],[-105.57,-61.5],[-104.0,-62.48],[-101.75,-62.96],[-99.98,-64.0],[-99.19,-65.0],[-99.05,-65.5],[-99.37,-67.25],[-100.23,-69.25],[-100.54,-70.75],[-101.17,-71.75],[-101.13,-72.0],[-100.58,-72.25],[-101.57,-73.0],[-101.5,-73.25],[-102.41,-73.75],[-102.5,-74.05],[-104.5,-74.51],[-107.25,-74.74],[-110.25,-74.48],[-111.75,-74.74],[-114.0,-74.38],[-116.0,-74.67],[-121.25,-74.76]]}},{"type":"Feature","properties":{"level":976},"geometry":{"type":"LineString","coordinates":[[49.75,-71.75],[44.35,-71.5],[41.25,-70.46],[39.25,-70.4],[36.93,-69.75],[40.05,-69.5],[39.83,-68.5],[41.43,-67.25],[42.09,-66.25],[41.75,-65.9],[39.34,-65.0],[39.2,-64.5],[39.75,-63.84],[41.88,-62.5],[42.72,-61.5],[49.25,-58.59],[54.25,-57.14],[60.0,-56.81],[75.75,-58.02],[84.25,-57.58],[87.75,-57.69],[90.2,-58.25],[91.09,-59.0],[91.57,-59.75],[91.59,-61.5],[90.42,-62.5],[86.25,-64.56],[82.25,-65.91],[78.25,-66.94],[75.75,-67.26],[70.75,-67.23],[67.5,-67.8],[58.25,-68.02],[54.25,-69.33],[53.46,-70.75],[52.81,-71.25],[49.75,-71.75]]}},{"type":"Feature","properties":{"level":976},"geometry":{"type":"LineString","coordinates":[[-30.75,-71.0],[-34.5,-70.16],[-38.5,-68.43],[-40.98,-66.75],[-41.5,-66.0],[-41.42,-65.5],[-39.78,-64.0],[-37.15,-62.75],[-29.0,-60.18],[-27.0,-60.04],[-24.53,-61.0],[-22.46,-63.25],[-21.44,-64.75],[-19.99,-69.0],[-21.25,-69.91],[-24.0,-70.72],[-27.5,-71.09],[-30.75,-71.0]]}},{"type":"Feature","properties":{"level":976},"geometry":{"type":"LineString","coordinates":[[180.0,-66.86],[175.0,-68.33],[169.5,-69.18],[164.75,-69.47],[160.5,-69.2],[156.0,-69.33],[150.75,-68.69],[147.25,-68.62],[146.0,-67.94],[144.25,-68.11],[143.99,-68.0],[144.01,-67.5],[143.5,-67.28],[138.56,-66.75],[137.75,-66.4],[136.0,-66.21],[135.38,-65.75],[135.5,-65.43],[135.14,-65.0],[133.0,-64.47],[128.25,-64.14],[119.5,-64.56],[117.0,-64.4],[114.75,-63.45],[114.14,-62.75],[114.0,-62.0],[114.71,-60.5],[116.0,-59.49],[120.5,-57.2],[123.64,-56.0],[128.5,-55.07],[139.0,-54.59],[141.5,-54.91],[148.92,-56.75],[157.5,-57.77],[158.75,-57.69],[162.5,-59.18],[165.25,-59.9],[173.25,-60.82],[180.0,-62.09]]}},{"type":"Feature","properties":{"level":976},"geometry":{"type":"LineString","coordinates":[[-180.0,-62.09],[-178.0,-62.64],[-176.49,-63.75],[-177.25,-65.03],[-178.5,-66.05],[-180.0,-66.86]]}},{"type":"Feature","properties":{"level":976},"geometry":{"type":"LineString","coordinates":[[160.75,14.49],[160.52,14.75],[160.61,15.25],[161.25,15.31],[161.35,14.75],[160.75,14.49]]}},{"type":"Feature","properties":{"level":976},"geometry":{"type":"LineString","coordinates":[[143.0,17.55],[142.77,17.75],[143.0,18.18],[143.31,17.75],[143.0,17.55]]}},{"type":"Feature","properties":{"level":976},"geometry":{"type":"LineString","coordinates":[[180.0,58.64],[177.44,59.75],[176.62,60.75],[176.22,62.25],[176.55,62.75],[177.84,63.25],[178.9,64.75],[180.0,65.28]]}},{"type":"Feature","properties":{"level":976},"geometry":{"type":"LineString","coordinates":[[-180.0,65.28],[-177.75,66.01],[-174.75,66.34],[-173.5,66.25],[-171.23,64.75],[-170.81,63.75],[-170.74,62.75],[-170.94,61.75],[-171.5,60.84],[-173.75,59.21],[-177.0,58.44],[-180.0,58.64]]}},{"type":"Feature","properties":{"level":980},"geometry":{"type":"LineString","coordinates":[[-25.0,-80.26],[-23.4,-79.75],[-29.25,-79.8],[-29.91,-79.5],[-29.52,-79.25],[-30.0,-78.98],[-33.75,-79.02],[-35.75,-78.81],[-42.03,-77.0],[-41.87,-76.75],[-39.75,-76.1],[-38.16,-75.25],[-36.9,-73.5],[-36.71,-72.75],[-37.99,-71.0],[-41.0,-68.88],[-42.5,-67.48],[-43.35,-66.0],[-43.06,-65.25],[-41.8,-64.0],[-38.62,-62.25],[-31.5,-59.7],[-29.0,-59.1],[-27.25,-58.94],[-25.51,-59.25],[-23.25,-60.35],[-19.27,-63.25],[-16.75,-65.47],[-14.7,-66.75],[-13.25,-67.24],[-11.75,-67.49],[-10.25,-67.44],[-9.03,-67.0],[-8.25,-66.43],[-8.12,-65.5],[-8.82,-63.75],[-9.03,-62.25],[-8.75,-61.91],[-8.0,-61.86],[-4.9,-62.75],[-2.69,-64.25],[3.69,-67.0],[5.3,-68.0],[5.88,-68.75],[5.39,-69.5],[4.0,-69.96],[0.75,-70.64],[-4.88,-71.25],[-4.71,-71.5],[-5.48,-72.25],[-5.25,-72.45],[-3.89,-72.5],[-5.25,-72.6],[-6.75,-73.54],[-8.5,-73.0],[-12.75,-73.03],[-14.57,-73.25],[-14.52,-73.5],[-13.68,-73.75],[-15.5,-74.56],[-18.5,-74.36],[-25.53,-75.75],[-23.14,-76.0],[-21.25,-76.49],[-21.69,-76.75],[-21.68,-77.0],[-20.33,-77.5],[-21.24,-78.0],[-21.25,-78.5],[-20.0,-78.58],[-18.53,-79.25],[-20.75,-80.04],[-24.25,-80.03],[-25.0,-80.26]]}},{"type":"Feature","properties":{"level":980},"geometry":{"type":"LineString","coordinates":[[-153.25,-80.0],[-160.25,-79.24],[-161.75,-79.19],[-161.9,-79.25],[-161.66,-79.5],[-162.5,-79.64],[-164.5,-79.54],[-171.5,-78.21],[-173.5,-77.62],[-174.9,-76.75],[-176.32,-74.75],[-176.28,-74.0],[-174.82,-73.0],[-172.0,-72.41],[-168.0,-72.08],[-159.0,-71.92],[-155.5,-71.44],[-149.89,-69.25],[-148.84,-68.5],[-147.46,-66.25],[-146.62,-63.5],[-144.5,-58.95],[-143.4,-57.25],[-141.07,-54.5],[-139.5,-53.07],[-135.65,-50.75],[-133.35,-49.75],[-129.25,-48.62],[-125.25,-48.17],[-120.25,-48.39],[-112.0,-50.41],[-110.49,-51.25],[-104.47,-58.75],[-101.92,-61.0],[-97.9,-63.0],[-95.0,-65.5],[-91.25,-65.59],[-89.71,-66.0],[-88.99,-66.5],[-89.25,-67.0],[-90.24,-67.5],[-94.0,-68.09],[-96.03,-69.0],[-97.85,-71.75],[-97.69,-72.25],[-96.99,-72.5],[-98.61,-73.25],[-99.13,-74.0],[-98.02,-75.0],[-106.5,-75.74],[-110.0,-75.28],[-112.75,-75.47],[-114.5,-74.96],[-127.25,-75.19],[-131.25,-74.96],[-133.0,-75.26],[-135.75,-74.92],[-140.5,-75.65],[-142.75,-75.64],[-144.75,-75.95],[-145.89,-76.5],[-145.55,-76.75],[-145.75,-76.94],[-147.0,-76.76],[-149.41,-77.0],[-149.39,-77.25],[-150.58,-77.25],[-151.81,-77.75],[-151.24,-78.25],[-148.74,-78.5],[-148.53,-78.75],[-148.73,-79.0],[-148.58,-79.25],[-145.95,-79.75],[-147.0,-80.08],[-149.0,-80.17],[-153.25,-80.0]]}},{"type":"Feature","properties":{"level":980},"geometry":{"type":"LineString","coordinates":[[-26.59,-76.0],[-26.36,-76.0],[-26.59,-76.0]]}},{"type":"Feature","properties":{"level":980},"geometry":{"type":"LineString","coordinates":[[-26.17,-76.0],[-25.7,-76.0],[-26.17,-76.0]]}},{"type":"Feature","properties":{"level":980},"geometry":{"type":"LineString","coordinates":[[-10.5,-74.34],[-10.66,-74.25],[-9.3,-74.25],[-9.75,-74.44],[-10.5,-74.34]]}},{"type":"Feature","properties":{"level":980},"geometry":{"type":"LineString","coordinates":[[-5.75,-74.25],[-5.75,-73.93],[-4.87,-74.0],[-5.75,-74.25]]}},{"type":"Feature","properties":{"level":980},"geometry":{"type":"LineString","coordinates":[[1.75,-74.29],[1.35,-73.75],[0.18,-73.0],[0.04,-72.75],[0.25,-72.44],[3.0,-72.57],[4.75,-71.86],[5.21,-72.0],[5.26,-72.5],[5.93,-73.0],[5.25,-73.64],[4.25,-74.09],[2.75,-74.41],[1.75,-74.29]]}},{"type":"Feature","properties":{"level":980},"geometry":{"type":"LineString","coordinates":[[45.75,-73.26],[37.25,-72.37],[35.25,-72.87],[34.75,-72.45],[33.25,-72.27],[30.5,-71.47],[25.75,-71.17],[24.69,-70.25],[25.54,-69.5],[26.75,-69.2],[32.0,-68.92],[34.73,-67.5],[35.05,-66.5],[37.19,-63.75],[41.15,-61.0],[47.5,-58.32],[54.0,-56.49],[59.75,-56.13],[71.0,-56.93],[76.0,-57.02],[85.0,-56.64],[89.0,-56.88],[91.5,-57.5],[92.75,-58.51],[94.49,-60.5],[93.91,-61.5],[93.14,-62.25],[89.5,-64.34],[84.75,-66.17],[78.5,-67.88],[74.75,-68.09],[70.25,-67.7],[69.0,-68.02],[62.75,-68.2],[58.54,-68.75],[56.25,-70.08],[54.39,-71.75],[53.8,-72.0],[48.25,-73.26],[45.75,-73.26]]}},{"type":"Feature","properties":{"level":980},"geometry":{"type":"LineString","coordinates":[[-9.63,-72.25],[-9.0,-72.35],[-7.87,-72.0],[-7.69,-71.75],[-9.25,-71.54],[-9.63,-72.25]]}},{"type":"Feature","properties":{"level":980},"geometry":{"type":"LineString","coordinates":[[24.0,-72.04],[23.8,-72.0],[24.99,-72.0],[24.0,-72.04]]}},{"type":"Feature","properties":{"level":980},"geometry":{"type":"LineString","coordinates":[[-6.5,-71.25],[-5.91,-71.25],[-6.5,-71.25]]}},{"type":"Feature","properties":{"level":980},"geometry":{"type":"LineString","coordinates":[[32.66,-69.25],[32.75,-68.95],[32.34,-69.0],[32.66,-69.25]]}},{"type":"Feature","properties":{"level":980},"geometry":{"type":"LineString","coordinates":[[180.0,-69.08],[176.0,-69.96],[164.25,-70.56],[159.25,-69.72],[158.25,-69.95],[157.75,-69.72],[153.75,-69.82],[149.55,-69.0],[146.5,-68.94],[144.75,-68.48],[143.5,-68.44],[142.74,-68.0],[142.74,-67.75],[141.5,-67.44],[135.5,-66.7],[134.28,-66.75],[133.5,-66.35],[132.25,-66.58],[130.75,-66.43],[129.25,-67.1],[127.75,-67.05],[126.5,-66.55],[125.0,-66.8],[123.25,-66.36],[122.75,-66.52],[117.5,-66.19],[115.75,-65.84],[113.75,-64.91],[112.35,-63.5],[112.0,-62.25],[112.24,-61.0],[113.5,-59.68],[117.75,-57.27],[121.0,-55.89],[124.5,-54.85],[127.75,-54.25],[137.5,-53.42],[140.25,-53.52],[149.75,-55.94],[154.0,-56.53],[159.5,-56.89],[163.0,-58.24],[166.5,-59.14],[173.75,-60.11],[180.0,-61.27]]}},{"type":"Feature","properties":{"level":980},"geometry":{"type":"LineString","coordinates":[[-180.0,-61.27],[-177.25,-61.91],[-175.25,-62.68],[-174.43,-63.75],[-176.79,-67.0],[-180.0,-69.08]]}},{"type":"Feature","properties":{"level":980},"geometry":{"type":"LineString","coordinates":[[160.75,14.37],[160.33,15.0],[161.0,15.51],[161.42,15.25],[161.47,14.75],[161.25,14.44],[160.75,14.37]]}},{"type":"Feature","properties":{"level":980},"geometry":{"type":"LineString","coordinates":[[143.0,17.49],[142.7,18.0],[143.0,18.24],[143.37,17.75],[143.0,17.49]]}},{"type":"Feature","properties":{"level":980},"geometry":{"type":"LineString","coordinates":[[180.0,57.64],[178.25,58.17],[175.37,59.75],[174.72,60.5],[174.43,61.75],[175.04,62.5],[175.58,62.75],[175.59,63.0],[176.45,63.5],[176.42,64.0],[177.11,65.0],[178.45,66.0],[180.0,66.45]]}},{"type":"Feature","properties":{"level":980},"geometry":{"type":"LineString","coordinates":[[-180.0,66.45],[-175.25,67.36],[-172.25,67.2],[-170.76,66.75],[-169.32,65.75],[-168.51,64.75],[-168.28,63.75],[-168.59,62.5],[-169.31,61.25],[-170.46,60.0],[-171.92,59.0],[-174.0,58.13],[-175.75,57.73],[-178.25,57.5],[-180.0,57.64]]}},{"type":"Feature","properties":{"level":984},"geometry":{"type":"LineString","coordinates":[[-43.5,-83.01],[-42.97,-82.75],[-48.0,-82.6],[-49.25,-82.29],[-50.92,-82.25],[-47.5,-82.05],[-43.0,-80.86],[-41.61,-80.25],[-41.71,-79.75],[-42.0,-79.65],[-44.75,-80.25],[-47.25,-80.05],[-47.41,-80.0],[-46.51,-79.5],[-47.3,-79.0],[-47.0,-78.75],[-47.22,-78.5],[-48.82,-78.25],[-48.33,-77.5],[-42.8,-74.5],[-42.0,-73.91],[-41.57,-73.25],[-41.39,-72.0],[-41.64,-71.25],[-44.45,-68.25],[-45.03,-67.0],[-44.97,-65.75],[-43.96,-64.25],[-41.56,-62.5],[-37.5,-60.7],[-31.25,-58.56],[-27.25,-57.73],[-25.5,-57.97],[-20.25,-60.0],[-18.25,-60.45],[-17.0,-60.42],[-15.25,-59.46],[-13.73,-56.5],[-13.38,-55.25],[-13.0,-54.92],[-11.75,-55.0],[-9.25,-55.67],[-4.79,-57.5],[-3.6,-58.5],[-3.74,-60.0],[-2.83,-61.0],[2.5,-63.75],[12.01,-67.75],[14.0,-68.79],[22.25,-68.4],[29.5,-67.12],[31.75,-65.99],[34.25,-63.82],[38.09,-61.0],[46.5,-57.68],[51.96,-56.25],[55.75,-55.66],[59.25,-55.43],[64.5,-55.89],[71.0,-56.1],[81.75,-55.62],[88.75,-55.97],[92.75,-56.75],[96.9,-59.5],[96.71,-61.0],[96.14,-62.0],[94.81,-63.25],[93.25,-64.3],[88.75,-66.14],[83.75,-67.72],[80.75,-68.21],[79.5,-68.91],[78.25,-69.21],[76.0,-69.47],[70.5,-68.18],[62.75,-68.6],[61.35,-69.0],[60.5,-69.57],[57.5,-70.24],[55.82,-71.5],[54.74,-72.0],[49.0,-73.73],[47.5,-73.95],[44.75,-74.02],[34.75,-73.5],[30.81,-72.75],[28.5,-71.87],[26.25,-72.19],[22.0,-72.35],[18.25,-71.69],[16.5,-72.02],[15.0,-71.76],[14.25,-71.98],[13.5,-71.47],[11.84,-72.5],[8.53,-73.0],[7.75,-73.42],[6.96,-74.25],[6.58,-75.25],[5.38,-76.5],[5.79,-77.0],[5.0,-77.75],[4.25,-77.95],[-3.23,-77.25],[-4.27,-77.0],[-6.5,-75.95],[-8.75,-75.72],[-10.75,-75.89],[-11.25,-75.5],[-13.91,-76.0],[-14.0,-76.25],[-13.5,-76.7],[-11.0,-77.19],[-9.98,-77.75],[-10.56,-78.75],[-9.79,-79.75],[-7.66,-80.0],[-7.46,-80.5],[-5.73,-81.0],[-6.25,-81.24],[-18.5,-82.41],[-23.5,-82.45],[-28.0,-82.09],[-35.0,-82.23],[-39.75,-82.55],[-41.75,-83.04],[-43.5,-83.01]]}},{"type":"Feature","properties":{"level":984},"geometry":{"type":"LineString","coordinates":[[180.0,-82.51],[176.3,-81.75],[174.19,-80.5],[174.05,-80.0],[175.56,-78.5],[176.22,-77.5],[175.84,-76.0],[174.1,-74.0],[174.04,-73.25],[173.75,-72.96],[170.75,-71.55],[169.75,-71.64],[166.5,-70.91],[165.25,-70.98],[164.34,-71.5],[163.25,-71.68],[161.75,-71.64],[161.25,-71.38],[160.5,-71.5],[160.25,-71.0],[160.44,-70.75],[159.25,-70.08],[157.75,-70.36],[152.5,-70.28],[147.25,-69.61],[142.9,-68.75],[142.0,-68.5],[140.9,-67.75],[140.0,-67.57],[134.0,-67.1],[133.0,-66.82],[132.0,-67.09],[131.0,-66.98],[129.75,-67.48],[126.0,-67.08],[118.75,-67.76],[114.5,-67.53],[114.23,-67.0],[112.5,-66.13],[111.53,-66.25],[111.44,-66.75],[109.75,-67.04],[107.93,-66.75],[106.45,-66.0],[107.72,-64.5],[107.79,-64.25],[107.43,-63.75],[108.41,-62.75],[108.9,-61.5],[110.42,-60.0],[113.5,-57.85],[117.25,-55.98],[124.75,-53.6],[129.75,-52.94],[137.0,-52.35],[141.0,-52.79],[150.5,-55.12],[159.25,-55.98],[164.75,-57.75],[180.0,-60.5]]}},{"type":"Feature","properties":{"level":984},"geometry":{"type":"LineString","coordinates":[[-143.64,-81.75],[-142.5,-81.97],[-141.41,-81.75],[-143.0,-81.5],[-143.64,-81.75]]}},{"type":"Feature","properties":{"level":984},"geometry":{"type":"LineString","coordinates":[[-138.85,-80.0],[-137.0,-80.21],[-136.22,-80.0],[-136.11,-79.75],[-137.75,-79.68],[-138.85,-80.0]]}},{"type":"Feature","properties":{"level":984},"geometry":{"type":"LineString","coordinates":[[-46.64,-78.75],[-45.85,-78.75],[-46.64,-78.75]]}},{"type":"Feature","properties":{"level":984},"geometry":{"type":"LineString","coordinates":[[-136.25,-76.06],[-136.47,-76.0],[-135.25,-75.81],[-134.35,-76.0],[-136.25,-76.06]]}},{"type":"Feature","properties":{"level":984},"geometry":{"type":"LineString","coordinates":[[-5.29,-75.75],[-4.0,-75.93],[-2.57,-75.75],[-2.27,-75.5],[-3.25,-75.07],[-4.45,-75.0],[-5.49,-75.5],[-5.29,-75.75]]}},{"type":"Feature","properties":{"level":984},"geometry":{"type":"LineString","coordinates":[[167.5,-71.78],[167.75,-71.56],[168.5,-71.54],[169.08,-71.75],[168.75,-71.93],[167.5,-71.78]]}},{"type":"Feature","properties":{"level":984},"geometry":{"type":"LineString","coordinates":[[-180.0,-60.5],[-173.0,-62.36],[-172.68,-63.0],[-172.96,-65.25],[-172.75,-66.5],[-172.0,-67.43],[-169.87,-68.5],[-166.75,-68.9],[-164.5,-68.84],[-161.25,-69.6],[-156.5,-69.07],[-153.75,-68.07],[-151.05,-66.0],[-148.25,-61.77],[-147.79,-60.5],[-145.76,-57.25],[-142.94,-53.5],[-140.75,-51.82],[-137.05,-49.75],[-132.25,-47.95],[-127.5,-47.11],[-122.0,-47.08],[-118.0,-47.62],[-113.75,-48.63],[-111.0,-49.63],[-108.81,-51.25],[-102.38,-58.25],[-99.54,-60.25],[-92.75,-63.86],[-90.75,-64.39],[-85.92,-64.75],[-84.54,-65.25],[-84.01,-66.0],[-84.56,-67.0],[-85.31,-67.5],[-87.46,-68.5],[-90.86,-69.5],[-92.25,-70.26],[-93.23,-71.25],[-93.81,-72.75],[-94.96,-73.5],[-94.61,-73.75],[-94.75,-74.04],[-93.43,-74.5],[-94.25,-75.16],[-95.5,-75.45],[-105.25,-76.35],[-108.75,-76.19],[-110.75,-75.72],[-111.78,-76.25],[-112.5,-76.28],[-113.1,-75.75],[-114.0,-75.44],[-116.25,-75.62],[-119.75,-75.3],[-129.5,-75.6],[-131.0,-75.33],[-132.75,-75.8],[-133.27,-75.5],[-135.25,-75.66],[-136.5,-75.47],[-137.36,-75.75],[-142.36,-76.25],[-142.72,-76.75],[-142.16,-77.0],[-142.46,-77.5],[-142.25,-77.69],[-141.25,-77.63],[-140.92,-77.75],[-141.21,-78.0],[-141.0,-78.07],[-140.0,-77.95],[-136.75,-78.48],[-134.5,-79.14],[-134.3,-79.5],[-135.1,-79.75],[-133.3,-80.0],[-132.69,-80.75],[-136.0,-81.66],[-138.25,-81.67],[-139.25,-82.11],[-142.64,-82.25],[-141.1,-83.0],[-144.5,-82.94],[-151.75,-83.92],[-157.75,-83.97],[-169.33,-83.5],[-180.0,-82.51]]}},{"type":"Feature","properties":{"level":984},"geometry":{"type":"LineString","coordinates":[[160.75,14.24],[160.33,14.5],[160.16,15.0],[160.5,15.49],[161.0,15.65],[161.55,15.25],[161.59,14.75],[161.25,14.31],[160.75,14.24]]}},{"type":"Feature","properties":{"level":984},"geometry":{"type":"LineString","coordinates":[[143.0,17.42],[142.62,18.0],[143.0,18.32],[143.43,17.75],[143.0,17.42]]}},{"type":"Feature","properties":{"level":984},"geometry":{"type":"LineString","coordinates":[[180.0,56.56],[176.67,57.0],[175.25,57.51],[172.52,59.0],[171.71,60.5],[173.93,62.25],[173.96,63.0],[174.48,63.5],[174.28,63.75],[175.03,64.25],[174.74,65.0],[175.15,65.5],[180.0,67.35]]}},{"type":"Feature","properties":{"level":984},"geometry":{"type":"LineString","coordinates":[[-0.5,64.95],[-1.85,65.5],[-2.55,66.25],[-2.38,67.75],[-1.92,68.25],[-0.25,68.79],[1.75,68.77],[3.5,68.22],[4.34,67.25],[4.4,66.5],[2.9,65.25],[1.25,64.82],[-0.5,64.95]]}},{"type":"Feature","properties":{"level":984},"geometry":{"type":"LineString","coordinates":[[-180.0,67.35],[-174.75,68.18],[-170.75,67.91],[-168.36,67.0],[-166.75,65.82],[-166.21,63.75],[-166.45,62.75],[-167.38,61.25],[-168.9,59.75],[-170.75,58.45],[-174.75,57.06],[-177.5,56.64],[-180.0,56.56]]}},{"type":"Feature","properties":{"level":988},"geometry":{"type":"LineString","coordinates":[[-157.75,-86.52],[-157.99,-86.5],[-156.83,-86.5],[-157.75,-86.52]]}},{"type":"Feature","properties":{"level":988},"geometry":{"type":"LineString","coordinates":[[173.25,-85.0],[172.34,-84.75],[173.5,-84.62],[174.0,-84.92],[175.24,-85.0],[173.25,-85.0]]}},{"type":"Feature","properties":{"level":988},"geometry":{"type":"LineString","coordinates":[[180.0,-84.96],[176.35,-84.75],[177.02,-84.5],[174.5,-84.15],[173.25,-84.29],[172.96,-84.0],[171.75,-83.7],[168.5,-83.53],[168.0,-83.18],[167.12,-83.25],[167.11,-83.0],[166.75,-82.85],[165.81,-83.0],[166.5,-83.25],[166.0,-83.47],[164.5,-83.03],[163.25,-83.01],[163.5,-82.58],[164.5,-82.86],[164.9,-82.5],[163.75,-82.18],[159.75,-81.53],[158.16,-81.5],[158.81,-80.75],[158.54,-80.5],[159.79,-79.75],[159.55,-79.5],[159.88,-79.25],[160.25,-79.32],[161.25,-78.78],[164.36,-78.5],[162.25,-78.29],[161.5,-78.01],[162.81,-77.75],[162.62,-77.25],[161.72,-76.75],[161.81,-76.5],[160.97,-75.5],[162.25,-75.11],[162.75,-74.44],[163.0,-74.57],[163.25,-74.36],[164.67,-74.25],[164.25,-73.85],[162.5,-74.11],[161.74,-73.75],[161.75,-73.26],[162.5,-73.31],[163.25,-73.7],[163.25,-73.22],[164.42,-73.25],[164.0,-72.87],[162.94,-72.75],[163.19,-72.5],[162.75,-72.14],[161.25,-72.13],[160.75,-71.74],[159.25,-71.5],[159.18,-71.25],[159.75,-70.71],[158.5,-70.69],[158.0,-71.22],[156.75,-70.88],[150.0,-70.61],[141.75,-68.88],[139.75,-67.96],[136.25,-67.52],[133.0,-67.38],[129.0,-67.78],[125.0,-67.5],[119.25,-68.23],[114.5,-68.17],[107.75,-67.31],[105.25,-66.42],[104.25,-66.54],[103.25,-66.22],[101.95,-66.25],[100.0,-66.84],[92.0,-66.79],[89.5,-67.3],[88.25,-67.26],[81.75,-68.64],[80.5,-69.24],[78.0,-69.94],[75.1,-70.25],[74.25,-70.75],[73.5,-70.82],[73.25,-70.54],[72.67,-70.75],[72.62,-70.25],[69.69,-68.5],[64.75,-68.86],[63.09,-69.25],[62.3,-69.75],[58.99,-70.25],[55.78,-72.0],[51.59,-73.25],[49.41,-74.5],[46.5,-74.96],[37.0,-74.34],[34.77,-74.0],[31.0,-73.1],[28.5,-72.19],[22.25,-72.61],[17.0,-72.31],[13.75,-72.45],[11.71,-73.0],[10.36,-73.75],[8.93,-76.25],[9.22,-76.75],[10.21,-77.5],[14.12,-79.5],[14.64,-80.0],[13.75,-80.79],[12.46,-81.25],[7.75,-81.79],[-6.5,-82.56],[-23.75,-84.23],[-39.0,-84.39],[-43.75,-84.66],[-49.0,-84.35],[-57.25,-84.71],[-62.0,-84.62],[-66.25,-84.93],[-69.86,-84.75],[-67.75,-84.68],[-66.67,-84.5],[-66.47,-84.25],[-69.25,-83.69],[-74.56,-83.5],[-75.28,-83.25],[-75.22,-83.0],[-75.5,-82.91],[-78.25,-82.36],[-78.51,-82.25],[-78.3,-82.0],[-78.75,-81.6],[-79.67,-81.5],[-76.0,-81.4],[-75.48,-81.25],[-75.75,-80.95],[-73.5,-80.77],[-67.0,-79.43],[-58.0,-78.42],[-54.25,-77.39],[-47.75,-74.31],[-45.63,-72.75],[-45.41,-71.5],[-45.9,-70.25],[-47.14,-68.5],[-47.37,-67.75],[-47.29,-66.75],[-45.91,-64.25],[-44.08,-62.75],[-37.3,-59.5],[-29.25,-56.92],[-26.25,-56.63],[-21.0,-57.93],[-20.0,-57.94],[-18.75,-57.62],[-17.75,-57.12],[-16.5,-56.05],[-14.69,-53.5],[-13.0,-52.67],[-10.75,-52.74],[-6.49,-54.0],[-1.81,-57.25],[0.0,-59.7],[3.14,-61.75],[7.0,-63.6],[12.25,-65.49],[14.75,-66.12],[18.75,-66.64],[24.25,-66.39],[27.74,-65.75],[30.5,-64.34],[35.56,-60.75],[43.44,-57.5],[54.5,-55.2],[59.5,-54.77],[65.25,-55.22],[71.5,-55.21],[80.5,-54.63],[90.0,-55.12],[93.25,-55.8],[97.0,-57.31],[99.25,-57.78],[100.0,-58.42],[102.25,-59.04],[103.02,-59.75],[102.75,-60.02],[101.52,-60.25],[101.37,-61.0],[101.75,-61.06],[102.5,-60.44],[103.5,-60.48],[104.0,-60.74],[104.28,-60.5],[104.31,-60.25],[103.91,-60.0],[104.25,-59.35],[104.55,-59.75],[105.0,-59.82],[106.2,-58.5],[107.0,-58.09],[107.8,-58.0],[108.0,-57.74],[106.95,-57.25],[107.45,-57.0],[108.25,-56.96],[109.0,-57.49],[109.5,-57.45],[117.88,-54.25],[125.25,-52.24],[137.0,-51.29],[140.0,-51.71],[151.0,-54.2],[159.5,-55.27],[162.75,-56.19],[180.0,-59.74]]}},{"type":"Feature","properties":{"level":988},"geometry":{"type":"LineString","coordinates":[[165.25,-84.46],[165.01,-84.25],[165.35,-84.0],[167.0,-83.73],[168.25,-83.84],[168.4,-84.25],[165.25,-84.46]]}},{"type":"Feature","properties":{"level":988},"geometry":{"type":"LineString","coordinates":[[-53.61,-84.0],[-53.0,-84.22],[-50.5,-84.14],[-45.97,-83.5],[-47.5,-83.3],[-49.25,-83.4],[-52.75,-83.72],[-53.61,-84.0]]}},{"type":"Feature","properties":{"level":988},"geometry":{"type":"LineString","coordinates":[[161.25,-83.69],[161.01,-83.5],[162.75,-83.34],[163.03,-83.5],[161.25,-83.69]]}},{"type":"Feature","properties":{"level":988},"geometry":{"type":"LineString","coordinates":[[160.75,-83.27],[159.86,-83.0],[160.25,-82.67],[162.34,-82.75],[162.2,-83.0],[160.75,-83.27]]}},{"type":"Feature","properties":{"level":988},"geometry":{"type":"LineString","coordinates":[[16.0,-81.56],[15.82,-81.5],[17.75,-81.13],[20.5,-81.25],[19.5,-81.53],[16.0,-81.56]]}},{"type":"Feature","properties":{"level":988},"geometry":{"type":"LineString","coordinates":[[-78.25,-80.77],[-78.31,-80.5],[-77.75,-80.4],[-76.25,-80.75],[-78.25,-80.77]]}},{"type":"Feature","properties":{"level":988},"geometry":{"type":"LineString","coordinates":[[-4.34,-79.75],[0.0,-79.36],[2.33,-78.75],[1.67,-78.25],[-2.25,-77.84],[-5.5,-77.82],[-6.98,-78.25],[-6.22,-78.75],[-6.6,-79.0],[-6.6,-79.25],[-4.34,-79.75]]}},{"type":"Feature","properties":{"level":988},"geometry":{"type":"LineString","coordinates":[[-85.25,-78.34],[-85.98,-77.75],[-85.73,-77.5],[-85.84,-77.25],[-85.35,-77.5],[-85.57,-77.75],[-85.13,-78.25],[-85.25,-78.34]]}},{"type":"Feature","properties":{"level":988},"geometry":{"type":"LineString","coordinates":[[-79.75,-77.1],[-79.89,-77.0],[-79.5,-76.53],[-78.68,-76.75],[-78.56,-77.0],[-79.0,-77.2],[-79.75,-77.1]]}},{"type":"Feature","properties":{"level":988},"geometry":{"type":"LineString","coordinates":[[-69.75,-76.02],[-68.7,-76.0],[-69.75,-76.02]]}},{"type":"Feature","properties":{"level":988},"geometry":{"type":"LineString","coordinates":[[-67.75,-75.81],[-67.37,-75.5],[-67.57,-75.25],[-64.5,-74.3],[-64.25,-74.27],[-63.86,-74.75],[-66.56,-75.75],[-67.75,-75.81]]}},{"type":"Feature","properties":{"level":988},"geometry":{"type":"LineString","coordinates":[[166.97,-72.5],[167.5,-72.45],[167.7,-72.0],[165.95,-71.75],[166.97,-72.5]]}},{"type":"Feature","properties":{"level":988},"geometry":{"type":"LineString","coordinates":[[164.13,-72.25],[165.0,-72.48],[165.19,-72.25],[164.13,-72.25]]}},{"type":"Feature","properties":{"level":988},"geometry":{"type":"LineString","coordinates":[[-180.0,-59.74],[-174.0,-60.99],[-171.25,-61.8],[-170.89,-62.5],[-170.96,-63.25],[-169.94,-64.5],[-166.76,-66.25],[-164.0,-66.62],[-163.25,-66.42],[-161.0,-66.84],[-158.25,-66.77],[-156.0,-66.26],[-155.25,-65.92],[-155.0,-65.33],[-153.51,-64.75],[-152.68,-64.0],[-152.2,-63.0],[-151.61,-62.75],[-151.54,-62.25],[-151.0,-61.87],[-150.9,-61.25],[-150.51,-61.0],[-150.44,-60.5],[-148.35,-57.5],[-147.76,-57.0],[-146.11,-54.25],[-145.89,-53.5],[-143.37,-51.25],[-139.83,-49.25],[-133.0,-46.77],[-128.25,-45.97],[-122.75,-45.85],[-120.0,-46.09],[-114.75,-47.04],[-111.46,-48.0],[-109.0,-49.24],[-108.06,-50.0],[-101.02,-57.25],[-97.25,-59.73],[-93.5,-61.66],[-90.75,-62.66],[-89.0,-63.05],[-86.25,-63.08],[-82.5,-63.73],[-80.97,-64.5],[-80.55,-65.5],[-80.84,-66.5],[-81.86,-67.5],[-87.16,-70.25],[-88.13,-71.0],[-88.76,-72.25],[-89.27,-72.75],[-91.0,-73.5],[-90.91,-73.75],[-89.75,-74.13],[-88.27,-75.0],[-90.39,-75.5],[-91.22,-76.0],[-104.75,-76.97],[-109.0,-76.77],[-110.5,-76.17],[-112.75,-76.36],[-114.0,-75.7],[-116.25,-75.81],[-119.75,-75.52],[-123.0,-75.7],[-124.5,-76.09],[-128.5,-75.89],[-129.75,-76.13],[-130.91,-76.0],[-130.34,-75.75],[-131.0,-75.66],[-132.75,-76.06],[-133.5,-75.95],[-135.75,-76.3],[-138.0,-76.17],[-139.4,-76.5],[-138.89,-76.75],[-139.04,-77.25],[-138.25,-77.53],[-137.25,-77.23],[-136.0,-77.55],[-134.75,-77.47],[-130.7,-78.25],[-129.5,-78.81],[-128.35,-79.0],[-128.5,-79.25],[-127.66,-79.5],[-127.34,-80.0],[-125.66,-80.5],[-125.5,-80.75],[-121.12,-81.75],[-122.0,-82.02],[-124.99,-82.25],[-125.43,-82.75],[-125.0,-83.08],[-122.5,-83.44],[-119.5,-83.42],[-118.19,-83.75],[-118.9,-84.0],[-124.12,-84.5],[-124.24,-84.75],[-126.5,-84.88],[-128.25,-85.26],[-136.5,-85.27],[-139.5,-85.62],[-153.25,-85.54],[-156.0,-85.73],[-160.25,-85.56],[-162.25,-85.77],[-164.5,-85.56],[-166.0,-85.82],[-171.0,-85.87],[-171.71,-85.75],[-169.56,-85.5],[-171.25,-85.22],[-173.25,-85.3],[-174.25,-85.61],[-175.82,-85.25],[-174.93,-85.0],[-175.25,-84.95],[-180.0,-84.96]]}},{"type":"Feature","properties":{"level":988},"geometry":{"type":"LineString","coordinates":[[103.75,-58.88],[103.33,-58.5],[103.4,-58.25],[104.8,-58.0],[104.96,-58.5],[104.75,-58.74],[103.75,-58.88]]}},{"type":"Feature","properties":{"level":988},"geometry":{"type":"LineString","coordinates":[[160.5,14.18],[159.94,15.0],[160.25,15.54],[161.0,15.81],[161.7,15.25],[161.72,14.75],[161.25,14.17],[160.5,14.18]]}},{"type":"Feature","properties":{"level":988},"geometry":{"type":"LineString","coordinates":[[142.75,17.43],[142.55,17.75],[142.66,18.25],[143.25,18.33],[143.49,17.75],[143.0,17.35],[142.75,17.43]]}},{"type":"Feature","properties":{"level":988},"geometry":{"type":"LineString","coordinates":[[-107.0,52.24],[-107.13,52.5],[-106.68,52.5],[-106.43,52.25],[-107.0,52.24]]}},{"type":"Feature","properties":{"level":988},"geometry":{"type":"LineString","coordinates":[[-52.0,53.24],[-52.33,53.75],[-52.0,54.5],[-51.0,54.82],[-50.17,54.25],[-50.13,53.75],[-50.55,53.25],[-51.25,53.01],[-52.0,53.24]]}},{"type":"Feature","properties":{"level":988},"geometry":{"type":"LineString","coordinates":[[180.0,55.52],[175.75,55.92],[172.75,56.68],[170.44,57.75],[169.37,58.75],[168.99,59.5],[169.13,60.5],[169.39,60.75],[171.75,61.5],[172.8,62.25],[172.47,62.5],[172.25,63.5],[172.86,64.0],[173.25,65.75],[173.5,65.95],[174.54,66.0],[174.5,66.32],[180.0,68.34]]}},{"type":"Feature","properties":{"level":988},"geometry":{"type":"LineString","coordinates":[[-0.75,62.94],[-2.7,63.75],[-5.25,65.32],[-9.0,65.67],[-9.94,66.25],[-4.74,68.75],[-3.0,70.0],[-1.0,70.47],[3.25,70.65],[6.0,70.28],[7.5,69.55],[8.58,68.25],[8.92,67.5],[8.7,66.75],[7.22,65.25],[2.25,63.35],[0.5,62.91],[-0.75,62.94]]}},{"type":"Feature","properties":{"level":988},"geometry":{"type":"LineString","coordinates":[[-180.0,68.34],[-174.75,68.95],[-169.5,68.56],[-167.5,68.02],[-165.9,67.25],[-164.35,66.0],[-163.93,65.25],[-164.21,64.5],[-164.25,63.0],[-164.95,61.75],[-166.23,60.25],[-168.75,58.42],[-171.0,57.26],[-173.75,56.39],[-176.75,55.79],[-180.0,55.52]]}},{"type":"Feature","properties":{"level":992},"geometry":{"type":"LineString","coordinates":[[-173.03,-85.5],[-170.97,-85.5],[-173.03,-85.5]]}},{"type":"Feature","properties":{"level":992},"geometry":{"type":"LineString","coordinates":[[180.0,-85.36],[172.25,-85.17],[170.5,-84.92],[170.16,-84.75],[170.4,-84.5],[170.0,-84.35],[165.0,-84.6],[164.39,-84.25],[166.52,-83.75],[164.75,-83.39],[163.5,-83.69],[160.75,-83.76],[160.37,-83.25],[159.55,-83.0],[159.51,-82.75],[160.56,-82.5],[159.75,-82.36],[159.6,-82.0],[157.07,-81.75],[156.47,-81.5],[157.66,-80.75],[157.0,-80.39],[157.0,-80.09],[158.9,-79.75],[157.75,-79.48],[157.5,-79.11],[155.32,-79.0],[161.49,-78.5],[160.75,-78.4],[161.09,-78.0],[160.5,-77.95],[160.22,-77.5],[159.65,-77.25],[160.96,-77.0],[160.4,-76.75],[160.31,-76.5],[160.54,-76.25],[158.77,-75.5],[161.5,-74.8],[161.71,-74.5],[162.46,-74.25],[161.64,-73.75],[161.14,-73.0],[162.0,-72.75],[160.77,-72.5],[160.04,-71.75],[158.75,-71.52],[157.75,-71.65],[157.25,-71.43],[156.0,-71.62],[154.25,-71.5],[146.25,-70.65],[141.0,-69.13],[139.0,-68.31],[135.0,-67.79],[131.75,-68.03],[125.5,-67.94],[119.25,-68.64],[114.75,-68.63],[107.5,-67.72],[105.25,-67.1],[103.25,-67.05],[101.25,-67.11],[99.75,-67.58],[99.25,-67.29],[93.25,-67.34],[86.75,-68.22],[82.5,-69.25],[77.5,-70.92],[76.25,-71.7],[74.75,-71.75],[72.75,-72.61],[69.25,-72.53],[68.97,-72.25],[69.54,-71.25],[69.45,-71.0],[68.28,-70.5],[68.61,-70.25],[68.71,-69.75],[68.5,-69.53],[65.75,-69.36],[63.5,-70.05],[59.87,-70.5],[56.39,-72.25],[52.65,-73.25],[51.61,-73.75],[51.2,-74.5],[50.75,-74.82],[48.25,-75.38],[37.25,-74.68],[32.26,-73.75],[27.81,-72.5],[21.5,-72.91],[14.62,-72.75],[13.4,-73.0],[12.1,-74.0],[11.11,-75.5],[11.25,-76.36],[13.0,-77.42],[16.0,-78.63],[19.25,-79.46],[22.5,-79.73],[22.71,-80.0],[22.4,-81.25],[22.1,-81.5],[20.72,-81.75],[6.59,-82.5],[-3.51,-83.5],[-22.75,-84.9],[-39.5,-85.51],[-60.0,-85.3],[-62.25,-84.9],[-68.0,-85.2],[-73.75,-84.8],[-75.25,-84.25],[-81.75,-83.67],[-82.3,-83.5],[-81.65,-83.0],[-82.25,-82.91],[-85.75,-83.64],[-87.99,-83.75],[-86.5,-83.77],[-86.11,-84.0],[-87.22,-84.5],[-89.5,-84.54],[-89.81,-84.5],[-89.17,-84.25],[-89.25,-83.93],[-90.89,-83.75],[-90.71,-83.25],[-92.12,-83.0],[-88.71,-82.75],[-88.31,-82.5],[-88.81,-82.0],[-88.12,-81.5],[-87.08,-81.25],[-86.74,-80.75],[-86.25,-80.59],[-83.5,-80.67],[-81.37,-80.25],[-84.5,-79.24],[-86.65,-79.0],[-86.93,-78.75],[-87.07,-78.5],[-86.88,-78.25],[-87.2,-77.75],[-86.76,-77.5],[-87.27,-77.25],[-87.06,-77.0],[-84.56,-76.5],[-87.0,-76.35],[-90.5,-76.49],[-103.75,-77.52],[-109.5,-77.22],[-110.58,-77.0],[-111.2,-76.5],[-112.25,-76.59],[-114.0,-75.99],[-119.0,-75.76],[-120.25,-76.05],[-123.0,-76.07],[-124.0,-76.35],[-125.97,-76.25],[-125.13,-76.5],[-125.5,-76.62],[-127.5,-76.22],[-129.0,-76.45],[-130.5,-76.41],[-132.0,-76.08],[-134.31,-76.25],[-132.0,-76.5],[-132.66,-76.75],[-132.63,-77.0],[-129.75,-77.54],[-129.25,-77.17],[-128.5,-77.35],[-126.5,-76.88],[-125.5,-76.91],[-125.36,-77.25],[-127.32,-77.5],[-125.21,-78.5],[-125.38,-78.75],[-125.19,-79.0],[-123.81,-79.75],[-121.41,-80.25],[-121.25,-80.52],[-118.75,-80.94],[-117.5,-81.48],[-115.32,-81.75],[-114.5,-82.08],[-109.16,-82.25],[-109.74,-82.75],[-108.25,-83.25],[-105.75,-83.21],[-102.5,-82.75],[-101.33,-83.0],[-101.75,-83.3],[-106.25,-83.31],[-107.59,-83.75],[-116.2,-84.5],[-115.37,-84.75],[-122.75,-85.2],[-125.25,-85.78],[-134.75,-85.49],[-136.09,-85.75],[-133.64,-86.0],[-134.75,-86.2],[-142.25,-85.93],[-147.25,-86.19],[-152.5,-85.79],[-153.5,-85.87],[-154.75,-86.34],[-157.75,-86.19],[-156.27,-86.5],[-157.5,-86.59],[-159.98,-86.25],[-157.96,-86.0],[-159.25,-85.84],[-175.75,-86.06],[-177.51,-85.75],[-176.98,-85.5],[-177.25,-85.44],[-180.0,-85.36]]}},{"type":"Feature","properties":{"level":992},"geometry":{"type":"LineString","coordinates":[[-123.25,-77.81],[-125.14,-77.25],[-124.25,-76.96],[-123.28,-77.0],[-120.94,-77.75],[-121.5,-77.96],[-123.25,-77.81]]}},{"type":"Feature","properties":{"level":992},"geometry":{"type":"LineString","coordinates":[[-118.25,-76.81],[-118.43,-76.75],[-118.0,-76.56],[-117.07,-76.75],[-118.25,-76.81]]}},{"type":"Feature","properties":{"level":992},"geometry":{"type":"LineString","coordinates":[[-72.09,-75.75],[-70.71,-75.75],[-72.09,-75.75]]}},{"type":"Feature","properties":{"level":992},"geometry":{"type":"LineString","coordinates":[[-180.0,-58.92],[-170.5,-60.56],[-169.56,-61.0],[-167.75,-62.66],[-165.0,-64.05],[-163.25,-64.34],[-162.25,-64.05],[-160.0,-64.01],[-159.5,-63.76],[-158.0,-64.12],[-157.25,-63.45],[-156.5,-63.26],[-156.45,-63.0],[-155.42,-62.5],[-155.27,-62.0],[-154.5,-61.62],[-152.54,-59.25],[-151.7,-58.75],[-150.96,-57.5],[-150.33,-57.0],[-150.44,-56.5],[-149.9,-56.25],[-149.76,-55.75],[-148.93,-54.75],[-148.74,-54.0],[-148.86,-52.5],[-148.36,-52.25],[-148.7,-52.0],[-148.39,-51.25],[-145.97,-49.75],[-143.25,-49.07],[-138.25,-46.91],[-133.5,-45.44],[-127.5,-44.61],[-124.0,-44.52],[-120.0,-44.78],[-113.25,-45.97],[-109.5,-47.38],[-107.37,-48.75],[-99.69,-56.0],[-96.88,-58.0],[-93.75,-59.73],[-91.32,-60.75],[-89.5,-61.23],[-87.5,-61.58],[-85.0,-61.68],[-82.0,-62.34],[-79.76,-63.25],[-77.99,-64.5],[-77.43,-65.25],[-77.4,-66.0],[-78.25,-67.13],[-82.72,-70.5],[-83.05,-71.25],[-83.02,-72.75],[-85.75,-73.21],[-85.85,-73.5],[-83.75,-74.36],[-82.25,-74.61],[-78.5,-74.42],[-74.5,-74.89],[-71.75,-74.72],[-68.5,-74.85],[-64.25,-73.99],[-62.75,-72.84],[-62.53,-72.5],[-62.94,-72.25],[-62.5,-72.03],[-61.0,-72.61],[-60.72,-73.0],[-61.62,-73.25],[-61.5,-73.66],[-62.0,-74.45],[-63.0,-74.98],[-63.83,-75.0],[-63.25,-75.75],[-63.4,-76.0],[-63.25,-76.11],[-62.0,-76.31],[-57.5,-75.52],[-53.0,-73.77],[-50.81,-72.5],[-49.95,-71.0],[-50.08,-68.0],[-49.0,-65.22],[-46.95,-63.25],[-44.0,-61.42],[-38.78,-59.0],[-31.03,-56.25],[-26.25,-55.53],[-22.25,-56.11],[-21.0,-56.01],[-18.5,-54.81],[-16.25,-52.56],[-15.0,-51.67],[-13.75,-51.05],[-12.25,-50.7],[-8.75,-50.85],[-7.75,-51.28],[-0.61,-56.0],[2.44,-58.5],[4.69,-59.75],[6.49,-61.25],[8.75,-62.46],[13.75,-64.17],[20.0,-65.03],[23.25,-64.88],[26.75,-64.1],[34.11,-60.0],[42.0,-56.76],[54.75,-54.53],[59.25,-54.1],[65.25,-54.44],[70.5,-54.33],[80.25,-53.54],[87.25,-53.98],[92.75,-54.77],[97.25,-55.84],[99.75,-55.96],[101.5,-55.76],[103.25,-55.25],[109.0,-53.13],[109.75,-53.09],[111.0,-53.69],[114.25,-53.94],[118.0,-52.74],[125.25,-50.96],[131.0,-50.38],[136.25,-50.14],[138.5,-50.42],[149.75,-52.95],[158.5,-54.22],[166.5,-55.82],[176.25,-58.25],[180.0,-58.92]]}},{"type":"Feature","properties":{"level":992},"geometry":{"type":"LineString","coordinates":[[-90.5,-45.09],[-90.81,-44.75],[-90.5,-44.28],[-90.0,-44.2],[-89.45,-44.5],[-89.55,-45.0],[-90.5,-45.09]]}},{"type":"Feature","properties":{"level":992},"geometry":{"type":"LineString","coordinates":[[160.5,13.97],[159.88,14.5],[159.72,15.25],[160.25,15.87],[161.0,16.08],[161.92,15.25],[161.95,14.75],[161.75,14.25],[161.0,13.89],[160.5,13.97]]}},{"type":"Feature","properties":{"level":992},"geometry":{"type":"LineString","coordinates":[[142.5,17.48],[142.41,18.0],[142.75,18.44],[143.47,18.25],[143.6,17.75],[143.25,17.35],[142.5,17.48]]}},{"type":"Feature","properties":{"level":992},"geometry":{"type":"LineString","coordinates":[[-106.75,50.9],[-108.0,51.87],[-108.19,52.75],[-107.75,53.09],[-106.25,53.41],[-104.84,53.0],[-104.08,51.5],[-105.5,50.94],[-106.75,50.9]]}},{"type":"Feature","properties":{"level":992},"geometry":{"type":"LineString","coordinates":[[-51.0,52.22],[-52.0,52.6],[-52.8,53.25],[-53.0,54.0],[-52.87,54.5],[-52.25,55.11],[-51.25,55.53],[-50.5,55.7],[-49.62,55.5],[-48.9,55.0],[-48.11,54.0],[-48.28,53.25],[-49.25,52.45],[-51.0,52.22]]}},{"type":"Feature","properties":{"level":992},"geometry":{"type":"LineString","coordinates":[[180.0,54.52],[175.25,54.76],[171.75,55.61],[169.5,56.55],[168.0,57.45],[166.83,58.5],[166.37,59.75],[166.5,60.07],[168.03,60.75],[168.25,61.25],[170.5,61.92],[170.96,62.25],[170.78,63.5],[169.81,64.25],[170.22,64.5],[170.13,65.0],[170.75,65.81],[173.5,67.46],[177.0,68.8],[177.75,69.59],[180.0,69.92]]}},{"type":"Feature","properties":{"level":992},"geometry":{"type":"LineString","coordinates":[[-3.0,61.69],[-3.95,62.0],[-4.75,62.99],[-5.75,63.56],[-8.41,64.25],[-10.58,65.75],[-10.86,66.25],[-10.71,66.75],[-9.0,68.19],[-5.43,70.0],[-1.5,71.13],[2.75,71.54],[6.25,71.44],[9.58,71.0],[10.79,70.5],[11.67,68.75],[11.76,67.25],[10.32,65.25],[9.04,64.25],[6.0,63.11],[0.79,61.75],[-1.5,61.5],[-3.0,61.69]]}},{"type":"Feature","properties":{"level":992},"geometry":{"type":"LineString","coordinates":[[17.25,61.91],[17.08,62.0],[17.89,62.0],[17.25,61.91]]}},{"type":"Feature","properties":{"level":992},"geometry":{"type":"LineString","coordinates":[[-180.0,69.92],[-172.0,69.88],[-166.0,68.84],[-164.75,68.31],[-161.75,66.0],[-161.57,63.5],[-162.71,61.75],[-164.31,60.0],[-168.75,57.12],[-174.5,55.26],[-180.0,54.52]]}},{"type":"Feature","properties":{"level":992},"geometry":{"type":"LineString","coordinates":[[53.5,79.25],[47.64,80.0],[39.25,82.38],[35.75,82.86],[30.0,83.1],[12.0,83.24],[8.18,83.5],[17.5,84.04],[30.5,83.75],[35.77,83.25],[42.75,82.23],[50.75,82.23],[53.85,82.0],[56.74,81.5],[58.18,80.25],[57.74,79.75],[57.1,79.5],[55.75,79.24],[53.5,79.25]]}},{"type":"Feature","properties":{"level":996},"geometry":{"type":"LineString","coordinates":[[-103.0,-86.0],[-104.48,-85.75],[-102.08,-85.75],[-103.0,-86.0]]}},{"type":"Feature","properties":{"level":996},"geometry":{"type":"LineString","coordinates":[[180.0,-85.53],[174.5,-85.76],[175.42,-85.5],[169.25,-85.04],[166.0,-85.44],[164.65,-85.25],[168.91,-84.75],[166.5,-84.65],[165.0,-84.83],[163.26,-84.25],[164.75,-83.82],[166.04,-83.75],[164.75,-83.64],[161.0,-83.91],[160.26,-83.75],[159.91,-83.5],[160.11,-83.25],[159.0,-82.87],[156.67,-82.75],[156.66,-82.5],[158.03,-82.25],[157.97,-82.0],[156.5,-81.83],[155.77,-81.5],[155.71,-81.25],[156.0,-80.97],[157.0,-80.73],[155.75,-80.59],[155.0,-80.83],[154.39,-81.5],[155.34,-81.75],[154.5,-81.99],[153.09,-81.75],[153.25,-81.5],[151.33,-81.25],[151.12,-81.0],[151.75,-80.61],[152.75,-80.4],[155.75,-80.44],[156.65,-79.75],[154.52,-79.5],[155.02,-79.25],[154.26,-79.0],[154.25,-78.66],[158.44,-78.5],[158.67,-78.25],[158.49,-78.0],[158.75,-77.8],[159.74,-77.75],[159.17,-77.25],[159.75,-76.93],[159.75,-76.71],[159.25,-76.88],[156.25,-76.76],[157.75,-76.59],[158.29,-76.25],[156.25,-75.69],[155.5,-76.14],[155.25,-75.78],[154.62,-75.75],[155.0,-75.48],[155.25,-75.71],[156.25,-75.15],[158.0,-75.05],[162.1,-74.25],[160.75,-73.07],[160.25,-73.0],[160.55,-72.75],[160.0,-72.51],[158.5,-72.58],[149.25,-71.41],[145.49,-71.25],[141.67,-69.75],[139.78,-69.25],[138.36,-68.5],[137.0,-68.29],[134.75,-68.16],[132.0,-68.54],[125.5,-68.35],[120.5,-68.95],[115.0,-69.04],[108.25,-68.29],[105.5,-67.7],[102.25,-68.06],[101.25,-67.78],[99.03,-68.0],[99.01,-67.75],[98.5,-67.65],[96.25,-68.06],[93.5,-67.95],[85.0,-69.32],[80.25,-70.73],[76.0,-72.66],[75.5,-73.25],[70.25,-74.05],[66.31,-74.0],[65.4,-73.5],[66.18,-72.25],[66.19,-71.25],[66.0,-71.01],[63.0,-70.47],[61.5,-70.6],[59.5,-71.28],[58.18,-72.25],[53.73,-73.25],[52.42,-74.0],[52.16,-74.75],[51.75,-75.1],[49.25,-75.68],[38.0,-75.05],[32.0,-73.89],[29.75,-73.24],[26.0,-72.83],[22.75,-73.26],[14.75,-73.24],[14.1,-73.5],[13.07,-74.75],[12.96,-75.25],[13.32,-76.5],[14.43,-77.25],[16.75,-77.95],[19.25,-78.41],[23.25,-78.63],[23.67,-79.0],[23.76,-80.25],[24.16,-80.75],[24.02,-81.5],[22.5,-81.81],[8.25,-82.8],[1.96,-83.5],[-24.0,-85.58],[-40.5,-85.97],[-57.25,-85.7],[-67.25,-86.37],[-75.49,-86.5],[-76.58,-86.25],[-73.93,-86.0],[-74.5,-85.77],[-80.05,-85.5],[-78.76,-85.25],[-79.25,-85.17],[-83.5,-84.94],[-83.91,-84.75],[-82.9,-84.5],[-83.75,-84.29],[-84.75,-84.36],[-86.25,-85.11],[-88.25,-85.37],[-90.5,-85.17],[-90.71,-85.0],[-90.32,-84.75],[-91.4,-84.5],[-90.5,-84.25],[-91.25,-84.12],[-99.5,-84.79],[-103.49,-84.5],[-103.54,-84.25],[-100.75,-84.11],[-98.75,-84.33],[-95.35,-84.0],[-97.0,-83.81],[-104.18,-84.0],[-105.42,-84.25],[-105.17,-84.5],[-106.0,-84.55],[-113.0,-84.55],[-116.48,-85.25],[-119.33,-85.5],[-118.97,-85.75],[-122.53,-86.0],[-134.43,-85.75],[-131.81,-86.25],[-132.75,-86.3],[-143.0,-86.16],[-147.25,-86.37],[-151.5,-85.98],[-153.75,-86.48],[-158.25,-86.63],[-160.0,-86.4],[-160.75,-86.04],[-176.0,-86.15],[-178.0,-86.0],[-178.91,-85.5],[-180.0,-85.53]]}},{"type":"Feature","properties":{"level":996},"geometry":{"type":"LineString","coordinates":[[-103.84,-82.0],[-94.0,-82.01],[-94.19,-81.75],[-93.75,-81.43],[-94.73,-81.0],[-96.27,-80.75],[-91.5,-80.14],[-89.75,-79.58],[-86.85,-79.5],[-86.98,-79.25],[-88.67,-78.75],[-88.91,-78.5],[-88.52,-78.0],[-89.54,-77.75],[-89.63,-77.5],[-89.23,-77.25],[-89.5,-76.98],[-94.0,-77.06],[-102.0,-77.89],[-106.75,-77.89],[-112.07,-77.25],[-114.75,-76.51],[-115.75,-76.51],[-117.5,-76.96],[-120.33,-76.5],[-119.78,-76.75],[-120.16,-77.0],[-120.21,-77.5],[-118.75,-78.35],[-117.5,-78.75],[-114.66,-79.0],[-114.4,-79.25],[-114.79,-79.75],[-114.66,-80.25],[-114.9,-80.75],[-114.5,-80.94],[-109.5,-81.7],[-103.84,-82.0]]}},{"type":"Feature","properties":{"level":996},"geometry":{"type":"LineString","coordinates":[[-125.87,-77.75],[-124.78,-77.75],[-125.75,-77.43],[-126.6,-77.5],[-125.87,-77.75]]}},{"type":"Feature","properties":{"level":996},"geometry":{"type":"LineString","coordinates":[[-128.21,-77.0],[-126.27,-76.75],[-127.5,-76.38],[-128.0,-76.52],[-128.21,-77.0]]}},{"type":"Feature","properties":{"level":996},"geometry":{"type":"LineString","coordinates":[[-118.42,-76.25],[-117.5,-76.31],[-115.88,-76.0],[-117.56,-76.0],[-118.42,-76.25]]}},{"type":"Feature","properties":{"level":996},"geometry":{"type":"LineString","coordinates":[[159.5,-72.25],[159.75,-72.48],[160.04,-72.25],[159.97,-72.0],[159.25,-71.75],[158.31,-72.0],[159.25,-72.04],[159.5,-72.25]]}},{"type":"Feature","properties":{"level":996},"geometry":{"type":"LineString","coordinates":[[-180.0,-58.05],[-172.75,-59.24],[-168.75,-59.62],[-167.75,-59.95],[-165.5,-61.32],[-163.25,-61.81],[-160.0,-61.56],[-158.63,-60.75],[-157.5,-60.54],[-156.65,-60.0],[-153.25,-56.75],[-152.19,-54.75],[-152.04,-54.0],[-152.19,-53.5],[-151.61,-53.0],[-151.71,-52.75],[-150.85,-51.75],[-148.99,-50.0],[-147.16,-48.75],[-145.25,-48.06],[-143.75,-47.2],[-135.25,-43.93],[-134.25,-43.99],[-127.5,-43.11],[-123.75,-42.98],[-118.0,-43.5],[-112.5,-44.67],[-108.75,-46.16],[-105.25,-48.71],[-98.5,-54.46],[-94.5,-57.17],[-92.0,-58.47],[-89.0,-59.6],[-84.5,-60.02],[-82.75,-60.5],[-79.75,-61.75],[-75.98,-63.75],[-74.81,-64.75],[-74.38,-66.0],[-76.32,-68.5],[-77.3,-70.75],[-77.25,-71.02],[-76.74,-71.25],[-76.5,-71.98],[-75.38,-72.5],[-75.72,-72.75],[-75.54,-73.25],[-77.25,-73.27],[-77.93,-74.0],[-77.25,-74.23],[-76.0,-74.13],[-74.25,-74.42],[-69.25,-74.63],[-64.41,-73.75],[-63.92,-73.0],[-63.16,-72.5],[-63.71,-72.0],[-63.67,-71.75],[-63.25,-71.33],[-62.76,-71.25],[-63.5,-71.07],[-63.5,-70.7],[-62.0,-70.54],[-57.75,-70.97],[-55.75,-70.62],[-54.47,-69.75],[-53.31,-67.25],[-51.37,-64.5],[-47.15,-61.75],[-42.25,-59.36],[-34.19,-56.25],[-29.77,-55.0],[-26.75,-54.42],[-22.75,-54.42],[-21.5,-54.19],[-20.08,-53.5],[-15.28,-49.25],[-12.0,-47.92],[-11.5,-47.43],[-8.75,-48.3],[-1.0,-53.83],[3.5,-56.77],[6.75,-58.52],[8.5,-60.15],[10.5,-61.41],[14.0,-62.7],[18.5,-63.34],[22.0,-63.34],[24.9,-62.75],[27.5,-61.66],[34.15,-58.25],[39.25,-56.69],[41.0,-55.6],[46.0,-54.84],[58.5,-53.48],[67.75,-53.51],[78.75,-52.49],[85.25,-52.84],[96.0,-54.37],[99.5,-54.43],[102.0,-53.95],[108.0,-51.95],[109.25,-51.76],[113.75,-52.15],[115.75,-52.06],[120.5,-50.64],[123.25,-49.57],[127.0,-49.29],[129.75,-48.8],[135.25,-48.86],[137.25,-49.11],[148.75,-51.66],[164.5,-54.3],[174.0,-56.89],[180.0,-58.05]]}},{"type":"Feature","properties":{"level":996},"geometry":{"type":"LineString","coordinates":[[-91.5,-48.27],[-92.25,-47.5],[-92.5,-46.31],[-91.73,-44.5],[-91.0,-43.79],[-89.25,-43.62],[-88.4,-44.0],[-87.25,-45.17],[-86.75,-45.21],[-86.0,-44.78],[-85.63,-45.0],[-85.75,-45.51],[-87.0,-45.97],[-88.05,-47.25],[-89.25,-48.03],[-90.75,-48.38],[-91.5,-48.27]]}},{"type":"Feature","properties":{"level":996},"geometry":{"type":"LineString","coordinates":[[161.0,13.42],[160.0,13.79],[159.35,15.0],[159.75,15.98],[160.75,16.49],[161.75,16.1],[162.24,15.0],[162.0,13.92],[161.0,13.42]]}},{"type":"Feature","properties":{"level":996},"geometry":{"type":"LineString","coordinates":[[142.75,17.17],[142.27,17.5],[142.23,18.0],[142.75,18.61],[143.25,18.63],[143.68,18.25],[143.74,17.75],[143.25,17.21],[142.75,17.17]]}},{"type":"Feature","properties":{"level":996},"geometry":{"type":"LineString","coordinates":[[-126.25,24.69],[-126.62,25.5],[-126.25,25.91],[-125.75,25.9],[-125.3,25.0],[-125.75,24.64],[-126.25,24.69]]}},{"type":"Feature","properties":{"level":996},"geometry":{"type":"LineString","coordinates":[[-104.5,47.49],[-105.25,49.07],[-105.75,48.99],[-108.0,49.64],[-108.36,50.0],[-108.28,50.25],[-109.78,51.75],[-109.35,53.25],[-108.5,53.77],[-108.0,54.41],[-107.0,54.8],[-106.49,54.75],[-102.83,53.25],[-102.75,52.67],[-102.22,52.5],[-102.5,52.42],[-102.52,52.0],[-101.75,51.51],[-101.86,50.5],[-101.44,50.25],[-101.67,49.25],[-102.1,49.0],[-101.68,48.0],[-102.75,48.32],[-103.3,47.75],[-104.5,47.49]]}},{"type":"Feature","properties":{"level":996},"geometry":{"type":"LineString","coordinates":[[-50.5,51.23],[-51.75,51.57],[-53.37,52.5],[-54.18,53.5],[-54.07,54.5],[-53.42,55.5],[-51.5,56.44],[-50.75,56.56],[-48.16,56.25],[-47.38,55.75],[-47.5,55.25],[-46.45,54.0],[-46.43,53.5],[-45.82,53.25],[-45.75,52.93],[-46.25,52.95],[-46.5,52.44],[-48.25,51.48],[-50.5,51.23]]}},{"type":"Feature","properties":{"level":996},"geometry":{"type":"LineString","coordinates":[[180.0,53.44],[174.06,53.75],[168.84,55.25],[167.0,56.3],[165.25,58.0],[164.78,58.75],[164.63,60.0],[166.82,61.5],[165.9,61.75],[166.38,62.25],[166.58,63.0],[168.5,64.87],[169.4,65.25],[169.01,65.75],[169.17,66.5],[170.5,67.49],[171.48,67.75],[171.65,69.25],[172.62,69.75],[173.09,70.5],[175.5,71.48],[180.0,72.19]]}},{"type":"Feature","properties":{"level":996},"geometry":{"type":"LineString","coordinates":[[20.5,59.49],[18.75,59.57],[17.03,60.0],[12.42,61.75],[14.75,61.63],[15.5,62.89],[18.75,62.63],[20.5,61.91],[23.28,59.75],[22.75,59.42],[20.5,59.49]]}},{"type":"Feature","properties":{"level":996},"geometry":{"type":"LineString","coordinates":[[-4.0,60.47],[-6.0,61.39],[-7.25,62.43],[-10.59,63.75],[-11.71,65.75],[-11.89,66.5],[-11.66,67.25],[-10.75,68.28],[-9.5,69.19],[-6.5,70.76],[-3.5,71.69],[0.75,72.44],[4.75,72.72],[8.75,72.62],[14.61,72.0],[15.88,71.5],[15.98,70.25],[16.83,69.25],[15.87,68.5],[16.14,68.25],[15.98,68.0],[13.53,66.5],[12.12,64.75],[12.33,64.25],[12.15,63.5],[12.72,63.25],[11.8,62.75],[12.08,62.5],[11.0,62.34],[11.0,61.64],[9.54,62.0],[9.6,62.25],[9.0,62.37],[8.62,62.25],[9.46,62.0],[9.71,61.5],[8.75,61.53],[8.25,61.97],[6.5,62.1],[1.25,60.83],[-1.0,60.51],[-4.0,60.47]]}},{"type":"Feature","properties":{"level":996},"geometry":{"type":"LineString","coordinates":[[-180.0,72.19],[-177.0,72.39],[-163.75,70.65],[-161.89,69.75],[-162.7,69.25],[-162.75,68.75],[-162.33,68.5],[-162.39,68.25],[-161.5,67.86],[-159.25,66.25],[-159.4,66.0],[-159.0,65.75],[-158.82,65.0],[-159.27,64.25],[-158.82,63.75],[-158.95,63.25],[-161.12,60.75],[-163.23,59.0],[-166.96,56.75],[-169.5,55.72],[-174.0,54.41],[-177.0,53.76],[-180.0,53.44]]}},{"type":"Feature","properties":{"level":996},"geometry":{"type":"LineString","coordinates":[[52.25,77.73],[33.0,80.59],[21.49,81.5],[9.5,81.93],[2.41,82.5],[-1.88,83.25],[-2.99,84.0],[-2.07,84.5],[0.75,84.94],[10.25,85.42],[26.25,85.64],[40.5,85.22],[52.25,84.29],[59.75,83.13],[63.1,82.25],[64.75,81.46],[65.23,81.0],[65.0,80.75],[65.37,80.5],[65.19,79.75],[63.46,78.25],[63.22,77.75],[56.25,77.53],[52.25,77.73]]}},{"type":"Feature","properties":{"level":1000},"geometry":{"type":"LineString","coordinates":[[180.0,-86.52],[179.84,-86.5],[180.0,-86.48]]}},{"type":"Feature","properties":{"level":1000},"geometry":{"type":"LineString","coordinates":[[-180.0,-86.48],[-176.75,-86.45],[-176.3,-86.75],[-180.0,-86.52]]}},{"type":"Feature","properties":{"level":1000},"geometry":{"type":"LineString","coordinates":[[-164.0,-86.25],[-162.75,-86.49],[-161.25,-86.47],[-160.89,-86.25],[-164.0,-86.25]]}},{"type":"Feature","properties":{"level":1000},"geometry":{"type":"LineString","coordinates":[[-105.25,-86.26],[-106.84,-85.5],[-102.0,-85.46],[-100.67,-85.75],[-100.6,-86.0],[-105.25,-86.26]]}},{"type":"Feature","properties":{"level":1000},"geometry":{"type":"LineString","coordinates":[[180.0,-85.73],[176.5,-86.07],[173.25,-85.92],[172.34,-85.5],[169.25,-85.16],[167.25,-85.56],[165.5,-85.58],[163.75,-85.25],[164.26,-85.0],[158.68,-84.25],[160.79,-84.0],[159.44,-83.75],[159.33,-83.5],[159.75,-83.23],[158.75,-83.11],[158.0,-83.51],[154.04,-83.25],[155.15,-82.75],[154.5,-82.42],[150.54,-82.0],[149.55,-81.75],[148.75,-81.25],[149.5,-80.45],[152.0,-80.04],[153.45,-79.5],[152.44,-79.0],[152.98,-78.25],[157.92,-78.25],[158.08,-78.0],[157.5,-77.4],[158.75,-77.25],[156.25,-77.17],[155.0,-76.9],[153.25,-76.12],[153.09,-76.0],[153.25,-75.66],[152.7,-75.5],[155.25,-74.81],[155.75,-74.37],[157.0,-74.44],[159.5,-73.9],[160.75,-74.23],[161.75,-74.08],[160.75,-73.23],[159.5,-72.89],[153.75,-72.87],[149.75,-72.15],[146.5,-72.09],[144.59,-71.75],[143.5,-71.38],[142.78,-70.75],[139.0,-69.56],[137.0,-68.45],[135.25,-68.45],[133.75,-68.8],[133.0,-68.68],[131.75,-68.98],[125.25,-68.7],[121.0,-69.25],[116.25,-69.47],[111.0,-69.09],[105.25,-68.09],[102.5,-68.61],[97.75,-68.23],[95.75,-68.57],[91.75,-68.76],[84.5,-70.07],[81.75,-70.81],[77.37,-72.75],[76.12,-74.0],[74.25,-74.65],[70.25,-74.82],[65.5,-74.52],[63.38,-73.5],[64.13,-72.5],[64.01,-71.75],[62.75,-71.29],[61.0,-71.64],[59.5,-72.35],[54.46,-73.5],[53.62,-74.0],[53.31,-74.75],[52.75,-75.23],[50.75,-75.87],[46.75,-76.04],[41.5,-75.74],[26.5,-73.3],[24.0,-73.72],[17.5,-74.03],[16.32,-74.25],[14.67,-75.0],[15.25,-76.75],[16.5,-77.28],[18.25,-77.63],[23.0,-77.79],[23.83,-78.0],[24.39,-78.5],[24.67,-79.75],[25.76,-80.75],[25.94,-81.25],[25.77,-81.75],[24.75,-82.01],[16.0,-82.35],[-23.0,-86.22],[-47.5,-86.37],[-57.25,-86.2],[-72.5,-86.87],[-85.0,-86.81],[-86.59,-86.75],[-85.58,-86.5],[-85.08,-86.25],[-85.05,-86.0],[-92.75,-85.38],[-93.34,-85.25],[-92.44,-85.0],[-93.68,-84.75],[-93.43,-84.5],[-93.75,-84.49],[-100.75,-85.08],[-103.5,-84.73],[-112.0,-84.65],[-113.99,-85.0],[-112.9,-85.25],[-122.0,-86.13],[-131.0,-85.96],[-131.85,-86.0],[-130.87,-86.25],[-132.5,-86.35],[-146.62,-86.5],[-145.53,-86.75],[-146.5,-86.77],[-150.5,-86.41],[-158.75,-86.73],[-160.0,-86.99],[-162.5,-86.53],[-178.25,-86.17],[-180.0,-85.73]]}},{"type":"Feature","properties":{"level":1000},"geometry":{"type":"LineString","coordinates":[[162.54,-84.0],[163.61,-84.0],[162.54,-84.0]]}},{"type":"Feature","properties":{"level":1000},"geometry":{"type":"LineString","coordinates":[[-104.01,-81.75],[-101.75,-81.75],[-96.75,-80.33],[-92.5,-79.91],[-91.54,-79.5],[-88.67,-79.0],[-89.5,-78.61],[-89.67,-78.25],[-91.0,-78.0],[-92.5,-77.3],[-99.0,-78.05],[-109.25,-78.53],[-110.48,-78.0],[-114.25,-77.46],[-115.5,-77.0],[-118.0,-77.16],[-118.75,-76.91],[-119.05,-77.0],[-118.36,-77.25],[-119.27,-77.5],[-119.18,-77.75],[-118.0,-78.12],[-114.25,-78.69],[-113.25,-79.16],[-108.51,-79.75],[-110.32,-80.5],[-107.25,-81.23],[-104.28,-81.25],[-104.99,-81.5],[-104.01,-81.75]]}},{"type":"Feature","properties":{"level":1000},"geometry":{"type":"LineString","coordinates":[[153.72,-80.25],[155.25,-80.31],[155.5,-80.25],[155.49,-80.0],[154.0,-79.78],[153.52,-80.0],[153.72,-80.25]]}},{"type":"Feature","properties":{"level":1000},"geometry":{"type":"LineString","coordinates":[[-127.83,-76.75],[-126.68,-76.75],[-127.25,-76.54],[-127.83,-76.75]]}},{"type":"Feature","properties":{"level":1000},"geometry":{"type":"LineString","coordinates":[[-71.76,-74.25],[-70.25,-74.32],[-69.75,-73.91],[-68.25,-73.94],[-67.75,-73.66],[-65.37,-73.5],[-67.25,-73.14],[-72.54,-74.0],[-71.76,-74.25]]}},{"type":"Feature","properties":{"level":1000},"geometry":{"type":"LineString","coordinates":[[-63.75,-66.52],[-63.49,-66.5],[-63.75,-66.52]]}},{"type":"Feature","properties":{"level":1000},"geometry":{"type":"LineString","coordinates":[[-180.0,-57.12],[-171.0,-58.39],[-166.5,-58.53],[-164.0,-59.24],[-160.75,-59.1],[-157.01,-57.25],[-156.21,-56.25],[-155.55,-54.5],[-154.02,-53.25],[-153.68,-52.5],[-151.86,-50.5],[-150.33,-49.25],[-144.0,-45.65],[-140.25,-43.89],[-137.55,-43.0],[-130.0,-41.72],[-126.0,-41.42],[-120.5,-41.56],[-118.0,-41.89],[-113.5,-42.79],[-108.75,-44.31],[-98.25,-51.61],[-93.21,-54.25],[-90.91,-56.25],[-88.75,-57.2],[-83.0,-58.84],[-75.25,-62.43],[-72.49,-64.0],[-71.79,-64.5],[-71.46,-65.5],[-71.87,-68.25],[-71.42,-69.0],[-70.5,-69.24],[-70.89,-69.5],[-70.75,-69.62],[-69.7,-70.0],[-69.75,-70.3],[-70.32,-70.5],[-70.37,-71.0],[-70.3,-71.25],[-69.5,-71.51],[-69.17,-71.5],[-69.0,-71.17],[-66.75,-71.57],[-64.5,-71.44],[-64.18,-71.0],[-64.5,-70.35],[-63.48,-69.75],[-65.4,-68.5],[-65.63,-67.75],[-65.04,-67.0],[-64.0,-66.62],[-63.75,-66.95],[-60.0,-67.56],[-58.51,-67.25],[-56.25,-66.09],[-55.15,-64.75],[-53.08,-63.5],[-44.1,-59.0],[-39.85,-57.25],[-28.08,-53.5],[-23.5,-52.94],[-22.0,-52.46],[-19.55,-50.5],[-16.25,-46.58],[-14.74,-45.25],[-14.74,-44.75],[-14.25,-44.14],[-13.25,-43.6],[-12.5,-43.87],[-12.87,-43.5],[-12.5,-43.42],[-11.0,-43.62],[-7.83,-45.0],[-7.08,-46.25],[-5.25,-48.41],[-3.5,-49.89],[4.78,-55.25],[8.48,-57.0],[9.74,-58.5],[11.27,-59.75],[14.25,-61.04],[17.75,-61.65],[20.75,-61.72],[23.0,-61.44],[26.0,-60.39],[33.75,-56.79],[37.75,-55.91],[41.91,-54.5],[46.25,-53.71],[57.75,-52.81],[69.75,-52.37],[77.0,-51.45],[83.25,-51.75],[93.75,-53.12],[98.25,-53.16],[101.25,-52.65],[107.75,-50.69],[111.5,-50.67],[116.25,-50.25],[119.86,-49.0],[120.52,-48.5],[121.25,-47.42],[122.95,-46.75],[122.99,-46.5],[122.43,-46.0],[122.47,-45.75],[122.75,-45.7],[125.5,-46.32],[127.0,-47.06],[128.0,-47.26],[136.75,-47.82],[147.75,-50.32],[164.0,-53.08],[173.5,-55.84],[180.0,-57.12]]}},{"type":"Feature","properties":{"level":1000},"geometry":{"type":"LineString","coordinates":[[-91.25,-51.82],[-93.33,-50.25],[-93.92,-49.5],[-94.58,-47.75],[-94.1,-46.0],[-93.15,-44.5],[-91.64,-43.25],[-90.0,-42.81],[-83.72,-43.25],[-83.48,-43.75],[-83.61,-44.5],[-84.3,-46.0],[-90.25,-51.43],[-91.25,-51.82]]}},{"type":"Feature","properties":{"level":1000},"geometry":{"type":"LineString","coordinates":[[160.5,12.92],[158.6,14.0],[158.8,14.25],[158.29,15.0],[158.23,15.5],[158.75,16.5],[159.25,16.89],[160.25,17.24],[161.44,17.25],[162.14,17.0],[162.49,16.5],[162.97,14.75],[162.32,13.5],[161.75,13.04],[161.0,12.78],[160.5,12.92]]}},{"type":"Feature","properties":{"level":1000},"geometry":{"type":"LineString","coordinates":[[164.0,15.11],[164.0,15.35],[164.0,15.11]]}},{"type":"Feature","properties":{"level":1000},"geometry":{"type":"LineString","coordinates":[[142.5,16.87],[141.92,17.5],[141.93,18.25],[142.75,18.92],[143.5,18.83],[144.04,18.25],[144.07,17.5],[143.5,16.9],[142.5,16.87]]}},{"type":"Feature","properties":{"level":1000},"geometry":{"type":"LineString","coordinates":[[-126.25,23.95],[-127.13,24.5],[-127.34,25.25],[-127.23,25.75],[-126.5,26.51],[-125.25,26.65],[-124.47,25.75],[-124.53,24.75],[-125.25,24.06],[-126.25,23.95]]}},{"type":"Feature","properties":{"level":1000},"geometry":{"type":"LineString","coordinates":[[178.5,30.19],[178.25,30.54],[178.75,30.77],[178.88,30.25],[178.5,30.19]]}},{"type":"Feature","properties":{"level":1000},"geometry":{"type":"LineString","coordinates":[[-101.75,43.73],[-102.25,44.07],[-103.0,43.98],[-103.55,44.5],[-103.29,44.75],[-103.37,45.0],[-104.0,45.4],[-104.75,45.2],[-106.0,45.33],[-106.25,44.9],[-106.55,45.0],[-106.33,45.25],[-106.75,45.39],[-107.75,45.11],[-108.97,45.75],[-109.62,45.75],[-109.47,46.0],[-109.94,46.5],[-109.78,46.75],[-110.34,47.5],[-110.19,47.75],[-111.25,47.9],[-111.46,48.25],[-112.53,48.75],[-112.25,49.34],[-111.16,49.75],[-111.13,50.5],[-110.91,50.75],[-111.75,51.17],[-111.93,51.5],[-111.81,52.5],[-111.5,52.56],[-111.13,53.25],[-112.25,53.6],[-112.31,54.0],[-110.25,55.1],[-107.25,55.74],[-105.5,55.55],[-104.0,55.02],[-102.0,54.13],[-101.26,53.5],[-100.42,52.25],[-100.48,51.75],[-99.91,51.5],[-100.15,51.25],[-99.97,50.75],[-100.36,50.0],[-100.0,49.75],[-99.34,49.75],[-100.05,48.75],[-98.7,47.5],[-98.63,46.5],[-99.43,45.75],[-99.43,45.25],[-100.04,44.75],[-100.25,44.24],[-101.75,43.73]]}},{"type":"Feature","properties":{"level":1000},"geometry":{"type":"LineString","coordinates":[[-52.0,49.97],[-53.6,50.75],[-55.49,52.5],[-55.9,53.75],[-55.89,54.5],[-55.67,55.5],[-55.11,56.25],[-54.25,56.93],[-50.0,58.04],[-48.75,57.91],[-46.33,57.0],[-45.14,55.75],[-44.61,54.0],[-44.12,53.5],[-44.0,52.75],[-44.45,50.75],[-46.0,50.0],[-50.5,49.8],[-52.0,49.97]]}},{"type":"Feature","properties":{"level":1000},"geometry":{"type":"LineString","coordinates":[[180.0,52.28],[173.0,52.36],[167.5,53.13],[165.26,54.25],[164.23,54.25],[164.57,54.5],[162.02,56.25],[162.49,57.0],[162.33,57.5],[161.68,57.75],[161.68,58.0],[162.2,59.25],[163.26,60.25],[162.35,60.75],[162.27,61.5],[163.69,62.75],[164.75,62.99],[166.0,63.69],[166.25,64.14],[167.2,64.75],[167.04,65.0],[167.32,65.75],[167.11,66.0],[167.82,66.5],[167.3,66.75],[167.3,67.25],[167.48,67.75],[168.21,68.25],[167.75,68.87],[166.26,70.0],[166.25,70.5],[166.63,71.0],[168.0,71.85],[170.5,72.67],[180.0,74.35]]}},{"type":"Feature","properties":{"level":1000},"geometry":{"type":"LineString","coordinates":[[22.0,57.96],[17.0,58.51],[14.25,59.11],[9.75,59.46],[8.75,59.91],[7.25,60.04],[6.91,60.25],[7.21,60.5],[6.75,60.81],[0.25,59.75],[-2.75,59.72],[-5.28,60.0],[-9.75,61.75],[-12.15,63.25],[-12.96,65.25],[-13.02,67.0],[-12.0,68.76],[-9.46,70.75],[-6.0,72.36],[-0.75,73.72],[3.25,74.25],[6.25,74.31],[19.5,73.47],[22.5,73.01],[23.75,72.54],[24.46,72.0],[24.19,70.75],[22.25,70.16],[19.58,69.0],[18.78,68.25],[17.69,68.0],[17.44,67.5],[16.5,67.0],[16.19,66.0],[16.39,65.5],[17.77,64.25],[21.76,62.75],[25.25,60.0],[25.41,59.0],[25.0,58.11],[22.0,57.96]]}},{"type":"Feature","properties":{"level":1000},"geometry":{"type":"LineString","coordinates":[[39.0,58.99],[37.48,60.75],[36.5,60.99],[36.28,61.25],[40.58,63.0],[41.45,63.75],[43.25,64.13],[47.76,64.25],[47.46,63.75],[47.55,62.0],[47.63,60.75],[48.0,60.43],[47.61,60.5],[46.75,61.5],[45.5,61.05],[44.5,60.21],[42.25,59.88],[40.5,58.94],[39.0,58.99]]}},{"type":"Feature","properties":{"level":1000},"geometry":{"type":"LineString","coordinates":[[-154.03,69.0],[-153.85,69.0],[-154.03,69.0]]}},{"type":"Feature","properties":{"level":1000},"geometry":{"type":"LineString","coordinates":[[-140.75,69.99],[-142.03,70.25],[-141.51,70.75],[-140.25,70.93],[-139.25,70.84],[-138.69,70.5],[-138.75,70.22],[-139.4,70.0],[-140.75,69.99]]}},{"type":"Feature","properties":{"level":1000},"geometry":{"type":"LineString","coordinates":[[-180.0,74.35],[-174.5,74.9],[-167.75,74.74],[-159.34,73.25],[-155.25,72.11],[-150.18,71.25],[-148.94,70.75],[-150.02,69.75],[-150.1,69.25],[-150.81,69.0],[-150.92,68.75],[-150.59,68.5],[-152.75,69.09],[-155.0,68.38],[-155.53,68.5],[-154.42,68.75],[-155.0,69.2],[-157.0,69.31],[-158.39,69.0],[-158.52,68.75],[-158.12,68.5],[-158.5,68.28],[-158.3,68.0],[-158.54,67.75],[-156.98,67.0],[-156.34,66.25],[-155.32,65.75],[-155.11,65.5],[-155.42,64.75],[-154.82,64.25],[-155.54,62.75],[-156.32,62.0],[-156.7,61.25],[-158.5,59.94],[-159.77,59.75],[-162.5,57.77],[-167.0,55.5],[-173.75,53.42],[-180.0,52.28]]}},{"type":"Feature","properties":{"level":1000},"geometry":{"type":"LineString","coordinates":[[56.25,75.48],[50.5,76.14],[28.38,79.75],[25.25,79.58],[23.75,80.11],[20.5,80.01],[-1.0,81.93],[-10.47,83.75],[-12.09,84.5],[-12.62,85.0],[-11.0,85.59],[-7.5,86.01],[8.5,86.62],[31.0,86.67],[48.75,86.13],[59.0,85.44],[66.5,84.33],[68.75,83.75],[70.97,82.75],[72.46,81.5],[72.88,80.75],[72.92,79.75],[72.46,78.75],[70.82,77.5],[69.25,76.82],[66.75,76.68],[60.0,75.67],[56.25,75.48]]}},{"type":"Feature","properties":{"level":1004},"geometry":{"type":"LineString","coordinates":[[-170.0,-88.0],[-163.44,-88.0],[-170.0,-88.0]]}},{"type":"Feature","properties":{"level":1004},"geometry":{"type":"LineString","coordinates":[[180.0,-87.02],[175.25,-86.44],[164.75,-86.36],[159.33,-86.0],[157.72,-85.75],[156.5,-85.1],[154.14,-84.75],[154.19,-84.5],[154.89,-84.25],[154.81,-84.0],[152.0,-83.36],[150.4,-82.5],[147.64,-82.0],[147.5,-81.75],[147.69,-81.5],[146.9,-81.25],[147.56,-80.25],[148.13,-80.0],[151.28,-79.5],[150.72,-78.5],[151.5,-78.04],[154.8,-77.5],[150.77,-76.0],[150.95,-75.25],[151.82,-75.0],[151.75,-74.74],[152.72,-74.0],[149.75,-73.5],[148.0,-72.94],[145.75,-72.78],[142.75,-72.0],[141.0,-71.8],[140.9,-71.5],[141.38,-71.0],[139.75,-70.61],[139.28,-70.25],[138.0,-70.08],[138.06,-69.75],[136.75,-68.83],[135.5,-68.7],[133.5,-69.33],[132.75,-69.04],[131.25,-69.41],[125.75,-69.1],[116.75,-69.84],[110.25,-69.52],[104.5,-68.72],[102.25,-69.15],[99.0,-69.37],[97.0,-69.01],[93.75,-69.26],[82.5,-71.24],[79.1,-73.0],[76.57,-75.0],[73.25,-75.44],[69.25,-75.42],[64.0,-74.95],[62.02,-74.25],[60.44,-73.0],[60.0,-72.93],[56.23,-73.5],[55.1,-74.25],[55.03,-74.75],[54.72,-75.0],[53.09,-75.75],[49.25,-76.26],[45.0,-76.26],[41.92,-76.0],[30.5,-74.29],[26.25,-74.12],[24.0,-74.32],[20.0,-75.15],[17.25,-75.27],[16.58,-75.5],[16.56,-75.75],[17.37,-76.75],[18.25,-77.07],[23.25,-77.14],[24.31,-77.5],[25.19,-78.25],[25.94,-79.75],[27.71,-81.25],[27.69,-82.0],[27.25,-82.22],[16.75,-82.38],[-17.75,-86.47],[-82.5,-87.29],[-109.25,-86.29],[-110.28,-86.0],[-109.29,-85.75],[-111.0,-85.37],[-115.75,-85.62],[-121.75,-86.29],[-129.25,-86.12],[-131.5,-86.38],[-139.49,-86.5],[-137.98,-86.75],[-141.81,-87.0],[-141.79,-87.25],[-142.5,-87.29],[-144.89,-87.25],[-144.07,-87.0],[-151.0,-86.65],[-153.17,-86.75],[-153.85,-87.0],[-152.91,-87.25],[-154.25,-87.4],[-162.75,-87.25],[-163.75,-87.03],[-164.0,-86.75],[-168.75,-86.91],[-172.75,-86.65],[-180.0,-87.02]]}},{"type":"Feature","properties":{"level":1004},"geometry":{"type":"LineString","coordinates":[[-162.98,-86.25],[-161.48,-86.25],[-162.98,-86.25]]}},{"type":"Feature","properties":{"level":1004},"geometry":{"type":"LineString","coordinates":[[-98.64,-86.0],[-94.0,-86.04],[-92.0,-85.75],[-94.27,-85.5],[-95.0,-85.03],[-100.46,-85.25],[-100.2,-85.5],[-98.59,-85.75],[-98.64,-86.0]]}},{"type":"Feature","properties":{"level":1004},"geometry":{"type":"LineString","coordinates":[[169.61,-85.5],[171.43,-85.5],[169.61,-85.5]]}},{"type":"Feature","properties":{"level":1004},"geometry":{"type":"LineString","coordinates":[[-105.34,-85.25],[-101.47,-85.25],[-103.75,-85.04],[-105.34,-85.25]]}},{"type":"Feature","properties":{"level":1004},"geometry":{"type":"LineString","coordinates":[[-110.25,-85.0],[-108.75,-84.99],[-108.43,-84.75],[-111.42,-84.75],[-110.25,-85.0]]}},{"type":"Feature","properties":{"level":1004},"geometry":{"type":"LineString","coordinates":[[-97.1,-84.75],[-95.85,-84.75],[-97.1,-84.75]]}},{"type":"Feature","properties":{"level":1004},"geometry":{"type":"LineString","coordinates":[[157.59,-84.0],[159.24,-84.0],[157.59,-84.0]]}},{"type":"Feature","properties":{"level":1004},"geometry":{"type":"LineString","coordinates":[[-102.6,-80.75],[-99.5,-80.76],[-97.5,-80.21],[-94.5,-80.04],[-92.66,-79.75],[-92.0,-79.34],[-90.76,-79.25],[-91.64,-78.25],[-94.75,-77.94],[-105.5,-79.05],[-105.95,-79.25],[-105.87,-79.5],[-104.7,-80.0],[-104.31,-80.5],[-102.6,-80.75]]}},{"type":"Feature","properties":{"level":1004},"geometry":{"type":"LineString","coordinates":[[-112.71,-79.0],[-111.21,-79.0],[-110.55,-78.5],[-113.01,-78.75],[-112.71,-79.0]]}},{"type":"Feature","properties":{"level":1004},"geometry":{"type":"LineString","coordinates":[[-107.47,-79.0],[-106.43,-79.0],[-107.47,-79.0]]}},{"type":"Feature","properties":{"level":1004},"geometry":{"type":"LineString","coordinates":[[-116.87,-78.0],[-115.0,-78.21],[-113.82,-77.75],[-116.0,-77.64],[-116.48,-77.5],[-116.16,-77.25],[-117.2,-77.25],[-116.91,-77.5],[-116.87,-78.0]]}},{"type":"Feature","properties":{"level":1004},"geometry":{"type":"LineString","coordinates":[[156.51,-78.0],[157.25,-78.15],[157.72,-78.0],[157.0,-77.78],[156.51,-78.0]]}},{"type":"Feature","properties":{"level":1004},"geometry":{"type":"LineString","coordinates":[[160.37,-74.0],[161.52,-74.0],[160.11,-73.25],[158.5,-72.91],[155.75,-73.14],[154.25,-73.5],[154.1,-73.75],[156.75,-73.99],[159.25,-73.43],[160.37,-74.0]]}},{"type":"Feature","properties":{"level":1004},"geometry":{"type":"LineString","coordinates":[[-66.94,-70.0],[-65.75,-70.14],[-64.27,-69.75],[-66.25,-68.66],[-66.31,-69.0],[-65.98,-69.25],[-66.69,-69.5],[-66.94,-70.0]]}},{"type":"Feature","properties":{"level":1004},"geometry":{"type":"LineString","coordinates":[[-180.0,-56.27],[-176.25,-56.83],[-169.25,-57.28],[-161.5,-56.75],[-158.75,-55.12],[-156.31,-53.0],[-154.05,-50.5],[-151.92,-48.75],[-148.25,-46.62],[-146.44,-45.25],[-142.75,-43.19],[-139.25,-41.85],[-132.5,-40.36],[-129.25,-39.97],[-123.25,-39.7],[-115.5,-40.65],[-109.0,-42.23],[-103.25,-45.72],[-99.25,-47.57],[-97.5,-47.12],[-94.36,-43.75],[-93.0,-42.75],[-91.75,-42.17],[-89.5,-41.64],[-84.75,-41.16],[-81.75,-41.67],[-81.38,-42.75],[-82.45,-45.75],[-83.34,-47.25],[-85.88,-50.5],[-86.47,-51.75],[-86.65,-52.75],[-86.22,-54.0],[-85.0,-55.41],[-82.98,-57.0],[-69.55,-63.25],[-68.0,-64.58],[-67.77,-66.0],[-67.0,-66.5],[-67.5,-66.84],[-68.0,-66.72],[-68.13,-67.0],[-67.25,-67.17],[-66.25,-67.77],[-66.21,-67.25],[-63.2,-65.75],[-62.0,-64.85],[-60.75,-64.57],[-57.25,-62.96],[-56.5,-63.07],[-53.75,-62.14],[-51.75,-61.06],[-41.43,-56.75],[-36.21,-55.25],[-35.99,-55.0],[-36.17,-54.25],[-36.0,-54.16],[-34.25,-54.06],[-28.0,-52.22],[-25.25,-51.79],[-23.25,-51.04],[-20.64,-48.75],[-17.69,-44.0],[-17.03,-43.5],[-16.93,-43.0],[-16.25,-42.42],[-16.0,-41.66],[-14.75,-40.8],[-13.5,-40.79],[-12.75,-40.36],[-11.0,-40.26],[-10.75,-39.95],[-9.59,-40.5],[-9.26,-41.5],[-9.39,-41.75],[-8.74,-42.5],[-5.75,-44.82],[-3.57,-47.25],[-1.28,-49.0],[6.75,-54.06],[10.25,-55.63],[12.0,-57.54],[13.25,-58.49],[15.25,-59.35],[18.0,-59.88],[21.0,-59.87],[22.75,-59.59],[25.0,-58.88],[33.25,-55.51],[42.3,-53.5],[46.5,-52.82],[64.5,-51.72],[68.5,-51.3],[70.25,-50.89],[75.75,-50.39],[81.25,-50.62],[88.25,-51.69],[93.0,-52.04],[95.0,-52.13],[98.5,-51.8],[100.5,-51.45],[106.0,-49.83],[111.5,-49.31],[116.0,-48.58],[117.97,-47.75],[119.89,-46.25],[120.16,-45.75],[121.08,-45.25],[121.5,-44.4],[122.75,-43.94],[128.25,-45.49],[138.5,-46.62],[149.25,-49.24],[163.75,-51.81],[171.75,-54.42],[180.0,-56.27]]}},{"type":"Feature","properties":{"level":1004},"geometry":{"type":"LineString","coordinates":[[-13.5,-40.27],[-13.3,-40.25],[-13.5,-40.27]]}},{"type":"Feature","properties":{"level":1004},"geometry":{"type":"LineString","coordinates":[[-15.75,-35.75],[-15.5,-35.57],[-15.19,-35.75],[-15.75,-35.75]]}},{"type":"Feature","properties":{"level":1004},"geometry":{"type":"LineString","coordinates":[[36.25,1.39],[36.08,1.75],[36.5,2.02],[36.25,1.39]]}},{"type":"Feature","properties":{"level":1004},"geometry":{"type":"LineString","coordinates":[[32.75,4.24],[31.75,4.81],[31.5,4.52],[31.43,5.0],[30.48,6.25],[30.55,6.5],[31.25,6.82],[31.5,6.12],[33.0,5.8],[32.96,5.5],[33.42,5.0],[32.75,4.24]]}},{"type":"Feature","properties":{"level":1004},"geometry":{"type":"LineString","coordinates":[[33.5,5.99],[33.5,6.28],[33.77,6.0],[33.5,5.99]]}},{"type":"Feature","properties":{"level":1004},"geometry":{"type":"LineString","coordinates":[[160.75,11.74],[159.75,11.77],[159.0,12.1],[158.92,12.75],[158.0,13.1],[157.32,13.75],[156.88,14.5],[156.66,15.5],[157.0,17.25],[157.55,18.0],[159.75,18.94],[160.75,19.03],[162.37,18.75],[163.62,17.5],[164.81,15.5],[164.63,14.25],[163.24,12.5],[162.0,11.84],[160.75,11.74]]}},{"type":"Feature","properties":{"level":1004},"geometry":{"type":"LineString","coordinates":[[-103.5,12.5],[-103.98,13.0],[-104.0,13.75],[-103.25,14.35],[-102.25,14.18],[-101.83,13.5],[-102.0,12.81],[-102.75,12.3],[-103.5,12.5]]}},{"type":"Feature","properties":{"level":1004},"geometry":{"type":"LineString","coordinates":[[-93.0,12.95],[-93.16,13.25],[-92.75,13.67],[-92.58,13.25],[-93.0,12.95]]}},{"type":"Feature","properties":{"level":1004},"geometry":{"type":"LineString","coordinates":[[-93.25,13.97],[-93.0,14.34],[-92.7,14.0],[-93.25,13.97]]}},{"type":"Feature","properties":{"level":1004},"geometry":{"type":"LineString","coordinates":[[33.0,14.73],[32.75,15.14],[33.06,15.0],[33.0,14.73]]}},{"type":"Feature","properties":{"level":1004},"geometry":{"type":"LineString","coordinates":[[142.5,15.66],[141.13,16.5],[140.71,18.0],[141.0,18.51],[142.0,19.3],[142.75,19.55],[143.8,19.5],[144.82,18.75],[145.13,17.25],[144.25,16.04],[142.5,15.66]]}},{"type":"Feature","properties":{"level":1004},"geometry":{"type":"LineString","coordinates":[[34.75,16.08],[34.29,16.5],[34.5,17.12],[35.14,16.5],[34.75,16.08]]}},{"type":"Feature","properties":{"level":1004},"geometry":{"type":"LineString","coordinates":[[37.25,16.42],[37.25,16.76],[37.25,16.42]]}},{"type":"Feature","properties":{"level":1004},"geometry":{"type":"LineString","coordinates":[[31.75,17.33],[31.91,18.0],[31.5,18.57],[31.81,18.5],[32.22,17.75],[31.75,17.33]]}},{"type":"Feature","properties":{"level":1004},"geometry":{"type":"LineString","coordinates":[[37.5,17.52],[37.5,17.83],[37.5,17.52]]}},{"type":"Feature","properties":{"level":1004},"geometry":{"type":"LineString","coordinates":[[-126.25,22.94],[-127.0,23.22],[-127.88,24.0],[-128.22,25.0],[-128.04,26.0],[-127.42,26.75],[-126.5,27.37],[-125.25,27.48],[-124.0,27.24],[-123.46,26.75],[-123.04,25.75],[-123.03,25.0],[-123.32,24.25],[-124.5,23.15],[-126.25,22.94]]}},{"type":"Feature","properties":{"level":1004},"geometry":{"type":"LineString","coordinates":[[67.75,26.2],[67.34,26.5],[67.38,28.5],[67.57,29.5],[68.0,29.75],[68.75,28.72],[70.13,28.75],[69.95,27.75],[69.37,26.75],[68.25,26.06],[67.75,26.2]]}},{"type":"Feature","properties":{"level":1004},"geometry":{"type":"LineString","coordinates":[[70.25,28.88],[70.25,29.08],[70.25,28.88]]}},{"type":"Feature","properties":{"level":1004},"geometry":{"type":"LineString","coordinates":[[70.5,29.21],[70.43,29.75],[70.75,30.43],[71.0,30.43],[71.53,30.0],[70.5,29.21]]}},{"type":"Feature","properties":{"level":1004},"geometry":{"type":"LineString","coordinates":[[59.25,29.37],[58.25,29.99],[58.29,30.5],[58.0,30.47],[57.88,31.0],[58.54,30.75],[59.25,29.37]]}},{"type":"Feature","properties":{"level":1004},"geometry":{"type":"LineString","coordinates":[[178.5,29.49],[177.75,29.69],[177.42,30.25],[177.58,31.0],[178.25,31.38],[179.37,31.0],[179.67,30.25],[179.0,29.56],[178.5,29.49]]}},{"type":"Feature","properties":{"level":1004},"geometry":{"type":"LineString","coordinates":[[71.75,30.24],[71.75,30.55],[71.75,30.24]]}},{"type":"Feature","properties":{"level":1004},"geometry":{"type":"LineString","coordinates":[[-114.75,31.11],[-114.95,31.5],[-114.75,31.77],[-114.75,31.11]]}},{"type":"Feature","properties":{"level":1004},"geometry":{"type":"LineString","coordinates":[[-103.5,42.65],[-105.25,43.12],[-105.75,43.63],[-107.0,43.15],[-106.88,44.25],[-107.75,44.84],[-107.89,44.75],[-107.26,43.75],[-108.24,43.5],[-107.56,43.25],[-107.91,43.0],[-108.75,42.88],[-108.89,43.0],[-108.53,43.5],[-108.62,43.75],[-109.27,45.0],[-110.0,45.41],[-111.5,45.34],[-113.0,44.93],[-113.5,45.08],[-113.62,45.5],[-113.13,46.0],[-113.25,46.5],[-112.64,46.75],[-113.09,47.25],[-113.18,47.75],[-113.73,48.0],[-113.46,48.75],[-114.5,49.2],[-115.25,48.95],[-115.75,49.41],[-116.5,49.39],[-116.5,49.75],[-115.71,50.0],[-115.9,51.0],[-117.5,51.8],[-118.92,53.0],[-118.5,53.13],[-116.25,52.21],[-115.0,51.97],[-114.25,50.97],[-114.09,51.5],[-114.37,52.25],[-114.07,53.25],[-115.45,54.75],[-114.5,55.62],[-113.15,56.25],[-110.25,56.77],[-107.0,56.81],[-105.25,56.42],[-101.75,55.05],[-99.99,54.0],[-98.47,52.5],[-97.41,50.5],[-96.1,47.0],[-96.43,45.0],[-97.25,44.83],[-98.0,43.67],[-98.75,43.12],[-101.0,42.64],[-103.5,42.65]]}},{"type":"Feature","properties":{"level":1004},"geometry":{"type":"LineString","coordinates":[[-48.75,47.74],[-50.0,47.97],[-53.0,47.93],[-57.25,48.62],[-58.0,49.05],[-58.17,49.75],[-58.5,50.08],[-59.7,50.5],[-59.81,50.75],[-59.18,52.5],[-59.48,54.0],[-59.24,54.5],[-59.56,55.25],[-59.13,56.5],[-61.0,57.75],[-61.37,58.25],[-61.25,58.42],[-60.25,58.91],[-58.75,59.15],[-53.0,59.14],[-48.25,59.47],[-45.38,58.75],[-43.62,58.0],[-43.38,57.75],[-43.49,56.75],[-42.25,54.0],[-41.91,52.0],[-41.4,51.25],[-41.46,51.0],[-43.5,49.46],[-45.25,48.48],[-47.0,47.91],[-48.75,47.74]]}},{"type":"Feature","properties":{"level":1004},"geometry":{"type":"LineString","coordinates":[[116.5,48.39],[116.19,48.75],[116.16,49.25],[115.29,50.0],[115.25,50.77],[116.0,51.3],[117.49,50.75],[117.6,50.25],[118.25,49.69],[118.61,49.75],[118.66,49.5],[118.58,49.0],[118.0,48.52],[117.0,48.28],[116.5,48.39]]}},{"type":"Feature","properties":{"level":1004},"geometry":{"type":"LineString","coordinates":[[180.0,51.11],[174.75,50.96],[167.75,51.42],[161.78,52.5],[159.47,53.25],[159.63,54.5],[160.73,55.25],[160.5,56.28],[160.02,56.0],[160.05,55.5],[159.5,55.64],[159.38,56.0],[159.9,56.5],[160.86,58.25],[161.03,59.0],[159.5,59.05],[158.84,59.75],[158.79,60.5],[159.5,61.4],[160.0,61.59],[160.5,61.41],[162.32,62.0],[162.25,62.29],[161.58,62.5],[161.51,62.75],[161.75,62.9],[164.79,63.75],[164.65,64.5],[166.06,65.5],[165.72,65.75],[165.96,66.0],[164.5,66.61],[162.25,66.61],[158.75,67.43],[155.0,67.87],[153.77,68.5],[153.23,69.5],[154.75,70.29],[156.75,70.92],[168.0,74.04],[172.58,75.0],[180.0,76.07]]}},{"type":"Feature","properties":{"level":1004},"geometry":{"type":"LineString","coordinates":[[22.5,56.5],[20.75,56.56],[16.25,57.26],[11.75,58.32],[8.75,58.5],[6.25,59.24],[-0.75,58.88],[-3.25,58.98],[-6.49,59.5],[-10.89,60.75],[-13.58,62.0],[-14.75,63.22],[-15.06,64.25],[-15.55,64.5],[-15.0,64.52],[-14.39,65.25],[-14.25,68.0],[-13.0,69.71],[-10.58,71.5],[-6.75,73.42],[-3.0,74.75],[1.0,75.65],[12.75,77.11],[13.75,77.56],[15.0,77.16],[16.5,77.16],[17.41,77.5],[16.25,78.16],[13.97,78.25],[14.75,78.55],[15.25,78.28],[16.25,78.6],[18.0,78.44],[18.44,78.75],[18.23,79.0],[17.28,79.5],[16.5,79.6],[15.75,79.37],[8.5,79.57],[-7.09,81.75],[-20.81,84.5],[-24.24,85.5],[-24.67,85.75],[-24.67,86.0],[-22.95,86.5],[-18.0,86.98],[-1.25,87.64],[26.0,87.8],[49.5,87.4],[64.0,86.66],[72.75,85.66],[76.28,85.0],[78.25,84.27],[78.93,83.75],[79.73,82.5],[79.99,81.5],[79.87,80.5],[79.18,79.0],[78.26,78.25],[74.74,76.5],[71.95,75.5],[65.5,73.95],[58.0,72.76],[56.5,72.89],[56.38,73.0],[56.92,73.5],[56.75,73.61],[51.0,73.89],[46.75,74.73],[36.5,75.99],[26.25,75.54],[23.46,75.0],[23.95,74.5],[27.41,73.0],[27.83,72.0],[27.42,71.25],[26.03,70.25],[24.43,69.75],[21.25,67.86],[20.85,66.75],[21.6,65.25],[24.0,64.28],[25.75,62.52],[27.0,61.75],[27.18,60.75],[27.8,60.0],[27.81,58.75],[27.36,57.75],[26.5,57.17],[22.5,56.5]]}},{"type":"Feature","properties":{"level":1004},"geometry":{"type":"LineString","coordinates":[[48.75,56.94],[48.5,57.63],[45.0,57.1],[40.25,57.32],[38.0,57.93],[35.04,59.25],[33.59,60.25],[33.04,61.0],[33.05,62.0],[33.75,62.84],[35.48,63.75],[36.46,64.0],[37.25,64.57],[40.0,65.32],[46.25,65.74],[51.75,66.65],[56.25,68.89],[57.25,69.18],[61.25,69.53],[62.5,69.25],[63.68,68.5],[63.47,68.0],[62.41,67.25],[59.75,65.87],[53.93,64.0],[52.1,62.0],[50.88,58.75],[49.5,57.54],[49.0,56.75],[48.75,56.94]]}},{"type":"Feature","properties":{"level":1004},"geometry":{"type":"LineString","coordinates":[[-153.51,60.25],[-152.67,60.5],[-151.72,61.5],[-151.75,61.88],[-152.25,61.52],[-152.83,61.75],[-152.25,61.89],[-152.25,62.34],[-153.11,62.25],[-153.04,61.25],[-153.27,60.75],[-153.8,60.5],[-153.51,60.25]]}},{"type":"Feature","properties":{"level":1004},"geometry":{"type":"LineString","coordinates":[[-136.75,66.73],[-136.75,67.02],[-136.75,66.73]]}},{"type":"Feature","properties":{"level":1004},"geometry":{"type":"LineString","coordinates":[[-155.84,67.5],[-154.59,67.5],[-155.5,67.82],[-155.89,67.75],[-155.84,67.5]]}},{"type":"Feature","properties":{"level":1004},"geometry":{"type":"LineString","coordinates":[[-180.0,76.07],[-172.5,76.73],[-167.75,76.74],[-160.75,76.17],[-152.25,74.94],[-149.0,75.41],[-144.5,76.64],[-141.25,76.88],[-137.64,76.75],[-135.51,76.25],[-134.47,75.5],[-134.32,75.0],[-134.5,72.8],[-133.67,72.0],[-133.45,71.0],[-134.16,68.25],[-135.0,67.49],[-136.0,68.03],[-137.5,68.23],[-137.68,68.5],[-139.25,68.54],[-140.75,69.11],[-141.75,68.93],[-142.5,69.26],[-146.0,69.28],[-147.3,69.0],[-148.09,68.5],[-150.5,68.07],[-152.25,68.01],[-152.5,67.82],[-152.75,68.02],[-153.57,68.0],[-152.32,67.5],[-149.25,67.13],[-145.25,67.58],[-143.75,67.48],[-142.75,67.11],[-142.0,67.32],[-139.75,66.32],[-139.68,66.0],[-138.75,65.85],[-140.26,65.5],[-139.75,65.05],[-139.13,65.0],[-139.71,64.75],[-138.26,64.0],[-138.75,63.89],[-139.03,63.5],[-137.54,62.25],[-137.81,62.0],[-137.59,61.5],[-140.25,61.04],[-141.25,61.51],[-141.97,61.5],[-141.89,61.75],[-142.5,61.96],[-143.75,61.9],[-145.08,60.5],[-143.5,59.88],[-139.75,59.42],[-139.46,59.0],[-139.75,58.83],[-141.75,58.54],[-143.5,58.96],[-146.0,58.17],[-147.75,57.91],[-153.25,58.52],[-153.5,58.93],[-154.13,59.25],[-154.08,59.75],[-154.25,59.81],[-154.75,59.32],[-170.75,52.96],[-174.0,52.1],[-180.0,51.11]]}},{"type":"Feature","properties":{"level":1004},"geometry":{"type":"LineString","coordinates":[[15.25,77.48],[14.88,77.75],[15.75,77.77],[16.12,77.5],[15.25,77.48]]}},{"type":"Feature","properties":{"level":1008},"geometry":{"type":"LineString","coordinates":[[-169.5,-88.25],[-176.27,-88.0],[-174.97,-87.75],[-172.0,-87.71],[-158.11,-88.0],[-162.35,-88.25],[-169.5,-88.25]]}},{"type":"Feature","properties":{"level":1008},"geometry":{"type":"LineString","coordinates":[[-150.58,-87.0],[-147.58,-87.0],[-150.58,-87.0]]}},{"type":"Feature","properties":{"level":1008},"geometry":{"type":"LineString","coordinates":[[-136.75,-87.0],[-134.43,-87.0],[-136.75,-87.0]]}},{"type":"Feature","properties":{"level":1008},"geometry":{"type":"LineString","coordinates":[[-117.6,-87.0],[-108.75,-87.12],[-105.21,-86.75],[-107.25,-86.47],[-113.41,-86.25],[-111.65,-85.75],[-112.5,-85.67],[-115.25,-85.67],[-120.15,-86.25],[-116.94,-86.5],[-118.24,-86.75],[-117.6,-87.0]]}},{"type":"Feature","properties":{"level":1008},"geometry":{"type":"LineString","coordinates":[[180.0,-87.21],[173.25,-86.66],[164.25,-86.68],[157.0,-86.14],[153.84,-85.75],[152.81,-85.25],[150.48,-84.75],[150.01,-84.5],[150.21,-84.25],[149.8,-84.0],[148.05,-83.5],[148.22,-83.0],[147.95,-82.75],[145.25,-82.14],[143.41,-81.25],[147.36,-79.25],[147.68,-78.5],[148.67,-78.0],[148.97,-77.5],[150.7,-77.25],[148.8,-76.25],[148.91,-75.75],[148.37,-75.25],[148.53,-74.75],[143.5,-73.62],[141.5,-72.69],[140.25,-72.65],[139.78,-72.25],[140.0,-71.74],[138.32,-71.0],[138.47,-70.75],[138.25,-70.67],[137.0,-70.68],[136.82,-70.5],[137.0,-70.0],[135.25,-69.1],[134.65,-69.25],[134.24,-69.75],[133.25,-70.06],[132.25,-69.74],[131.25,-70.02],[127.75,-69.62],[116.0,-70.35],[110.25,-70.08],[107.0,-69.68],[104.0,-69.69],[100.36,-70.25],[100.51,-70.5],[103.1,-71.5],[103.81,-72.0],[104.0,-72.53],[103.0,-73.05],[99.22,-72.25],[98.86,-71.25],[98.14,-71.0],[97.91,-70.5],[97.0,-70.08],[96.0,-69.94],[93.0,-70.16],[84.0,-71.71],[80.44,-73.5],[77.75,-75.48],[75.0,-76.03],[68.25,-75.97],[59.5,-75.11],[56.25,-75.35],[53.85,-76.0],[50.5,-76.43],[46.0,-76.58],[32.25,-74.92],[27.0,-74.87],[22.75,-75.69],[18.84,-75.5],[17.96,-75.75],[19.25,-76.62],[23.75,-76.78],[25.2,-77.25],[26.25,-78.03],[27.45,-80.0],[29.64,-81.25],[30.13,-81.75],[30.05,-82.0],[28.75,-82.52],[25.5,-82.98],[22.5,-82.93],[21.59,-82.5],[20.25,-82.38],[16.75,-82.47],[-5.54,-85.5],[-9.25,-86.65],[-16.75,-87.22],[-29.25,-87.64],[-49.5,-87.44],[-70.25,-87.72],[-92.25,-87.59],[-98.75,-87.32],[-108.0,-87.75],[-150.0,-87.8],[-171.25,-87.08],[-180.0,-87.21]]}},{"type":"Feature","properties":{"level":1008},"geometry":{"type":"LineString","coordinates":[[-138.23,-86.5],[-136.62,-86.5],[-138.23,-86.5]]}},{"type":"Feature","properties":{"level":1008},"geometry":{"type":"LineString","coordinates":[[-135.28,-86.5],[-130.0,-86.65],[-126.19,-86.5],[-128.0,-86.23],[-135.28,-86.5]]}},{"type":"Feature","properties":{"level":1008},"geometry":{"type":"LineString","coordinates":[[-97.82,-85.75],[-96.2,-85.75],[-96.33,-85.5],[-95.81,-85.25],[-99.26,-85.25],[-97.82,-85.75]]}},{"type":"Feature","properties":{"level":1008},"geometry":{"type":"LineString","coordinates":[[-100.12,-80.0],[-99.5,-80.24],[-95.75,-79.88],[-92.85,-79.0],[-93.14,-78.75],[-95.25,-78.64],[-98.5,-78.76],[-99.64,-79.0],[-100.62,-79.5],[-100.12,-80.0]]}},{"type":"Feature","properties":{"level":1008},"geometry":{"type":"LineString","coordinates":[[155.97,-73.5],[157.0,-73.6],[157.75,-73.27],[158.69,-73.25],[156.25,-73.23],[155.97,-73.5]]}},{"type":"Feature","properties":{"level":1008},"geometry":{"type":"LineString","coordinates":[[-180.0,-55.33],[-177.0,-55.82],[-167.75,-55.99],[-164.88,-55.5],[-161.75,-54.62],[-160.0,-53.67],[-153.46,-48.25],[-145.0,-42.33],[-142.94,-41.25],[-139.5,-40.0],[-135.25,-38.73],[-131.5,-37.93],[-126.25,-37.82],[-121.0,-38.02],[-114.5,-38.92],[-109.75,-39.99],[-103.25,-43.11],[-101.75,-43.67],[-100.25,-43.88],[-99.25,-43.65],[-96.75,-41.79],[-95.25,-41.21],[-88.86,-39.5],[-87.25,-38.86],[-84.5,-38.37],[-83.0,-38.8],[-82.25,-39.29],[-81.25,-38.91],[-80.36,-40.5],[-80.1,-41.75],[-79.8,-44.0],[-80.05,-45.75],[-83.12,-52.0],[-82.83,-53.5],[-81.88,-54.75],[-80.75,-55.81],[-78.92,-57.0],[-75.98,-58.5],[-70.5,-60.79],[-64.0,-62.62],[-61.5,-62.57],[-55.75,-60.69],[-53.5,-60.24],[-40.5,-55.34],[-38.0,-54.65],[-36.75,-54.71],[-36.5,-54.5],[-37.15,-54.0],[-35.25,-53.17],[-25.75,-50.34],[-24.5,-49.72],[-22.25,-47.69],[-16.29,-37.75],[-16.37,-37.0],[-16.78,-36.5],[-17.13,-35.25],[-17.16,-34.5],[-16.5,-34.05],[-15.75,-34.02],[-13.2,-35.0],[-12.84,-35.5],[-12.86,-36.5],[-12.01,-37.5],[-11.0,-37.77],[-9.83,-38.75],[-8.25,-39.65],[-5.5,-42.41],[-1.5,-44.98],[0.25,-45.14],[1.5,-44.48],[3.0,-45.1],[3.84,-46.25],[3.5,-46.82],[2.25,-47.12],[1.96,-47.5],[2.35,-48.5],[4.5,-50.11],[9.49,-53.0],[12.0,-54.12],[15.0,-56.7],[16.75,-57.46],[18.75,-57.91],[20.75,-57.95],[23.0,-57.61],[31.0,-54.61],[42.38,-52.5],[47.0,-51.86],[62.75,-50.72],[68.75,-49.83],[69.19,-49.5],[69.25,-49.08],[70.0,-49.5],[70.25,-49.21],[79.25,-49.53],[88.0,-50.78],[93.0,-51.05],[96.25,-50.92],[105.0,-48.82],[110.5,-48.03],[115.23,-47.0],[116.45,-46.5],[117.5,-45.73],[119.75,-43.87],[120.25,-43.14],[122.5,-42.27],[124.5,-42.4],[130.5,-43.56],[136.0,-44.17],[143.25,-45.79],[152.0,-48.11],[160.0,-49.35],[163.0,-50.2],[173.5,-53.95],[180.0,-55.33]]}},{"type":"Feature","properties":{"level":1008},"geometry":{"type":"LineString","coordinates":[[-80.5,-39.63],[-80.75,-38.9],[-80.39,-39.25],[-80.5,-39.63]]}},{"type":"Feature","properties":{"level":1008},"geometry":{"type":"LineString","coordinates":[[120.75,-26.56],[119.75,-25.87],[119.67,-25.25],[120.25,-25.08],[121.0,-25.65],[122.15,-25.75],[122.51,-26.25],[122.0,-26.64],[120.75,-26.56]]}},{"type":"Feature","properties":{"level":1008},"geometry":{"type":"LineString","coordinates":[[13.25,-15.86],[13.07,-15.75],[13.25,-15.56],[13.49,-15.75],[13.25,-15.86]]}},{"type":"Feature","properties":{"level":1008},"geometry":{"type":"LineString","coordinates":[[13.25,-14.66],[13.05,-14.5],[13.25,-14.14],[14.0,-13.93],[14.0,-14.36],[13.25,-14.66]]}},{"type":"Feature","properties":{"level":1008},"geometry":{"type":"LineString","coordinates":[[31.25,-13.72],[31.76,-12.75],[31.75,-12.21],[32.06,-12.0],[32.5,-10.98],[32.5,-10.15],[32.25,-10.58],[30.37,-11.75],[30.43,-12.0],[30.0,-12.57],[29.25,-12.65],[28.25,-12.06],[27.45,-12.0],[27.25,-11.46],[27.08,-11.75],[26.71,-11.75],[26.6,-11.0],[26.13,-10.5],[26.75,-9.28],[27.25,-9.16],[27.73,-10.0],[27.7,-10.5],[27.92,-10.5],[27.79,-10.0],[28.16,-9.0],[27.69,-8.75],[28.06,-8.5],[27.75,-7.76],[27.0,-7.92],[26.65,-8.25],[26.64,-9.0],[25.0,-11.11],[24.03,-10.5],[24.29,-9.75],[26.02,-8.75],[25.62,-8.5],[25.75,-7.95],[26.71,-7.75],[26.15,-7.0],[26.45,-6.5],[27.0,-6.76],[27.0,-6.47],[27.87,-6.5],[27.79,-6.25],[28.75,-5.58],[29.41,-5.75],[28.88,-6.0],[29.05,-6.5],[28.92,-7.0],[28.5,-7.43],[28.01,-7.5],[28.06,-7.75],[28.5,-7.74],[29.0,-8.24],[28.63,-8.5],[28.5,-9.24],[29.0,-8.64],[30.42,-7.75],[30.0,-7.05],[29.47,-6.75],[29.75,-6.48],[30.25,-6.53],[30.25,-6.1],[30.5,-6.23],[30.76,-6.0],[30.25,-5.67],[29.81,-4.75],[30.5,-3.52],[31.0,-3.7],[31.54,-3.5],[31.11,-2.25],[31.19,-1.5],[31.0,-1.29],[30.5,-1.38],[30.22,-1.0],[30.5,-0.85],[30.75,-1.24],[31.32,-1.0],[31.09,-0.5],[31.52,0.0],[31.58,0.5],[31.25,0.81],[30.75,-0.05],[30.25,-0.09],[30.05,-0.5],[29.75,-0.5],[29.79,0.0],[30.86,0.75],[30.83,1.25],[30.66,1.25],[30.74,1.0],[29.68,0.75],[30.36,1.5],[31.0,1.79],[31.12,1.5],[31.5,1.42],[31.85,1.75],[31.25,1.86],[30.75,2.71],[30.0,2.89],[29.75,2.53],[29.58,3.0],[29.76,3.5],[29.5,4.16],[29.0,4.53],[28.25,4.58],[27.25,5.37],[25.5,5.39],[25.5,4.5],[25.81,4.25],[25.5,3.92],[24.25,4.57],[23.75,4.23],[23.5,4.44],[22.87,5.75],[23.0,5.98],[23.5,5.83],[23.96,6.0],[24.15,6.5],[24.07,7.5],[24.47,8.75],[24.03,9.5],[23.13,9.5],[22.0,8.88],[20.25,9.37],[19.0,9.21],[19.16,9.75],[19.0,10.0],[16.5,9.35],[16.25,9.54],[16.4,9.25],[16.25,9.23],[15.5,9.57],[14.0,9.54],[13.71,10.0],[14.0,10.85],[13.75,10.98],[13.25,10.74],[12.81,11.0],[11.5,13.06],[11.0,13.2],[10.18,13.0],[11.3,14.0],[12.0,14.15],[12.32,14.0],[12.2,13.5],[12.42,13.25],[14.0,12.55],[14.39,13.0],[14.0,14.25],[14.25,14.42],[16.27,15.0],[21.5,17.27],[22.18,16.5],[22.21,16.0],[21.79,15.25],[22.0,13.9],[22.5,13.8],[23.0,14.29],[23.96,14.25],[23.87,13.0],[23.5,12.68],[23.49,12.25],[24.5,12.53],[24.94,13.25],[24.75,13.78],[25.75,14.33],[26.08,14.75],[26.0,15.08],[26.75,15.05],[27.5,15.48],[27.45,17.0],[26.95,17.5],[28.0,18.12],[28.22,18.75],[29.99,21.0],[31.13,22.0],[31.03,23.0],[31.25,23.31],[32.25,23.61],[33.0,24.98],[33.75,25.26],[35.09,23.5],[34.76,22.5],[35.2,22.0],[35.0,21.33],[36.0,22.32],[36.25,22.07],[36.43,20.75],[36.14,19.75],[36.78,18.0],[37.0,17.89],[37.5,18.64],[37.75,18.65],[38.69,18.0],[38.5,17.53],[38.25,17.94],[38.0,17.89],[37.87,17.25],[38.14,17.0],[37.87,16.25],[38.5,15.58],[38.61,14.75],[39.0,14.73],[39.06,14.5],[38.25,14.38],[38.08,14.0],[38.42,13.75],[37.75,13.37],[37.25,13.83],[37.25,13.3],[37.53,13.0],[36.86,12.75],[36.5,11.53],[36.25,11.67],[36.04,11.5],[36.21,11.0],[35.43,10.75],[35.93,9.75],[34.5,10.44],[34.49,9.75],[34.2,9.5],[34.62,8.5],[35.08,8.5],[34.83,7.75],[35.69,6.5],[35.34,6.0],[35.75,6.15],[36.08,6.75],[36.91,6.75],[36.47,6.5],[36.39,6.0],[36.75,5.52],[37.0,5.8],[37.22,5.25],[36.86,4.25],[37.5,4.08],[37.62,3.25],[39.38,2.0],[39.55,1.0],[39.25,0.51],[37.75,0.73],[37.65,0.5],[37.31,0.5],[37.01,0.75],[36.75,1.56],[36.0,-0.0],[35.47,0.75],[35.5,1.42],[34.5,1.42],[34.3,1.0],[35.19,0.5],[34.77,0.25],[34.83,-0.25],[34.25,-0.62],[33.73,-0.25],[33.88,0.0],[33.25,0.29],[32.32,0.25],[31.75,-0.29],[31.69,-1.25],[31.4,-1.75],[31.58,-2.75],[32.25,-3.22],[32.75,-2.38],[33.81,-2.5],[33.9,-2.25],[33.29,-2.0],[33.5,-1.64],[34.5,-2.1],[35.0,-1.85],[35.0,-2.41],[34.25,-2.59],[34.1,-3.0],[35.14,-3.75],[34.75,-4.12],[34.1,-4.0],[34.41,-4.5],[34.42,-5.25],[33.63,-6.0],[33.69,-6.75],[33.96,-7.0],[33.41,-7.75],[33.62,-8.0],[33.4,-8.75],[32.99,-9.0],[32.7,-9.75],[33.0,-9.85],[33.41,-10.75],[33.1,-11.75],[32.05,-13.5],[31.75,-13.39],[31.25,-13.72]]}},{"type":"Feature","properties":{"level":1008},"geometry":{"type":"LineString","coordinates":[[30.76,-9.0],[31.25,-9.21],[32.0,-8.82],[32.12,-8.5],[31.25,-7.34],[30.75,-7.11],[30.57,-7.75],[31.03,-8.5],[30.66,-8.75],[30.76,-9.0]]}},{"type":"Feature","properties":{"level":1008},"geometry":{"type":"LineString","coordinates":[[33.75,-8.77],[33.75,-8.47],[35.08,-7.0],[35.75,-7.11],[34.5,-8.61],[33.75,-8.77]]}},{"type":"Feature","properties":{"level":1008},"geometry":{"type":"LineString","coordinates":[[23.75,-6.8],[23.4,-6.5],[23.49,-6.25],[24.25,-6.38],[24.49,-6.75],[24.25,-6.94],[23.75,-6.8]]}},{"type":"Feature","properties":{"level":1008},"geometry":{"type":"LineString","coordinates":[[115.0,-1.77],[113.68,-1.25],[114.25,-1.04],[115.0,-1.33],[115.0,-1.77]]}},{"type":"Feature","properties":{"level":1008},"geometry":{"type":"LineString","coordinates":[[29.25,1.44],[29.5,1.83],[30.13,1.75],[30.23,1.5],[29.25,1.44]]}},{"type":"Feature","properties":{"level":1008},"geometry":{"type":"LineString","coordinates":[[24.09,5.5],[24.25,5.27],[25.0,5.39],[25.35,5.75],[25.0,5.86],[24.09,5.5]]}},{"type":"Feature","properties":{"level":1008},"geometry":{"type":"LineString","coordinates":[[23.75,6.65],[22.89,7.25],[22.79,7.5],[23.0,7.71],[23.5,7.55],[23.97,7.0],[23.75,6.65]]}},{"type":"Feature","properties":{"level":1008},"geometry":{"type":"LineString","coordinates":[[-101.75,8.7],[-102.5,9.05],[-103.25,8.88],[-104.75,9.1],[-105.5,9.66],[-105.74,10.5],[-106.12,10.75],[-106.05,11.0],[-106.5,11.1],[-107.0,11.94],[-107.25,11.81],[-107.37,12.0],[-107.09,12.25],[-107.05,12.75],[-107.5,12.92],[-107.86,12.75],[-107.77,12.5],[-108.0,12.33],[-108.1,12.5],[-108.06,14.25],[-107.66,15.5],[-108.5,18.63],[-110.41,21.75],[-110.68,22.75],[-110.5,23.26],[-110.0,22.94],[-109.55,23.25],[-109.68,23.75],[-110.25,24.26],[-110.62,24.25],[-110.82,25.0],[-112.46,27.5],[-115.1,30.5],[-116.39,33.0],[-116.5,34.37],[-117.0,34.84],[-118.19,34.75],[-117.75,35.91],[-117.44,36.0],[-117.95,36.75],[-117.75,37.3],[-116.5,37.54],[-116.56,37.25],[-116.25,37.15],[-115.75,37.5],[-116.29,38.5],[-115.5,38.9],[-115.32,38.5],[-115.97,38.0],[-115.59,37.75],[-115.74,37.5],[-115.45,37.5],[-115.31,37.75],[-115.55,38.0],[-115.0,38.6],[-115.07,38.0],[-114.75,37.95],[-114.75,37.35],[-113.4,37.0],[-113.89,36.75],[-113.86,36.25],[-114.26,35.75],[-114.0,34.83],[-113.5,34.59],[-113.15,34.0],[-112.0,33.76],[-111.49,33.25],[-111.45,32.75],[-112.16,31.5],[-111.47,30.5],[-111.97,30.0],[-111.86,29.75],[-110.56,29.25],[-110.56,28.75],[-109.75,28.02],[-109.62,27.5],[-105.5,22.64],[-105.09,22.0],[-105.5,20.25],[-104.95,19.5],[-103.75,18.88],[-103.25,18.22],[-102.0,18.11],[-101.0,17.31],[-97.5,15.85],[-96.5,15.65],[-95.5,16.03],[-95.0,16.55],[-94.5,16.52],[-92.15,14.75],[-91.64,14.0],[-91.65,13.0],[-92.75,11.97],[-94.75,11.7],[-95.5,12.08],[-96.25,11.78],[-96.25,11.25],[-96.5,11.21],[-97.25,11.56],[-98.09,10.75],[-98.5,9.97],[-100.0,9.42],[-100.75,8.89],[-101.75,8.7]]}},{"type":"Feature","properties":{"level":1008},"geometry":{"type":"LineString","coordinates":[[39.75,8.61],[39.6,8.75],[40.16,10.0],[40.34,11.25],[40.0,11.91],[40.15,13.0],[39.87,15.0],[39.25,15.56],[39.18,16.25],[39.5,16.96],[39.75,16.38],[40.04,16.25],[40.56,16.75],[40.7,17.5],[41.35,17.75],[41.5,18.15],[42.0,18.14],[43.04,17.25],[43.75,13.24],[42.75,12.4],[42.42,11.75],[42.17,10.5],[42.53,10.0],[42.22,9.75],[41.25,9.63],[39.75,8.61]]}},{"type":"Feature","properties":{"level":1008},"geometry":{"type":"LineString","coordinates":[[160.0,8.97],[158.0,9.49],[155.75,10.61],[154.0,12.31],[152.67,13.25],[151.75,13.57],[151.5,12.81],[149.0,13.25],[147.25,12.79],[146.64,12.25],[145.5,12.09],[144.5,11.63],[142.75,11.66],[142.0,11.36],[140.25,12.65],[139.5,12.9],[137.93,14.5],[137.22,16.5],[137.97,18.75],[138.9,20.0],[140.25,20.81],[142.25,21.6],[144.0,21.45],[144.5,21.61],[145.5,21.53],[146.75,20.99],[147.75,20.02],[149.0,19.51],[150.25,18.21],[150.75,18.4],[151.75,18.23],[152.0,18.75],[152.69,18.75],[153.0,19.21],[153.59,19.25],[154.0,19.84],[154.25,19.8],[157.5,21.68],[160.25,22.11],[160.32,22.5],[160.5,22.51],[165.25,20.81],[167.29,19.75],[168.75,18.73],[170.47,18.0],[170.04,17.75],[170.75,17.15],[170.92,17.25],[170.77,17.75],[171.13,18.0],[173.5,17.72],[175.75,18.5],[177.25,18.33],[178.0,17.9],[178.08,16.75],[177.5,16.21],[176.75,15.97],[176.25,15.13],[175.5,14.65],[174.75,14.75],[173.5,14.4],[173.0,14.98],[172.25,15.3],[171.5,14.74],[170.25,14.84],[170.25,14.41],[170.6,14.25],[169.75,14.21],[169.5,14.39],[168.52,13.0],[167.5,12.91],[166.5,12.46],[166.17,11.75],[164.25,10.05],[161.05,9.0],[160.0,8.97]]}},{"type":"Feature","properties":{"level":1008},"geometry":{"type":"LineString","coordinates":[[-104.51,9.5],[-104.24,9.5],[-104.51,9.5]]}},{"type":"Feature","properties":{"level":1008},"geometry":{"type":"LineString","coordinates":[[-107.75,11.66],[-107.98,11.75],[-107.75,12.0],[-107.57,11.75],[-107.75,11.66]]}},{"type":"Feature","properties":{"level":1008},"geometry":{"type":"LineString","coordinates":[[-107.5,12.17],[-107.71,12.25],[-107.5,12.17]]}},{"type":"Feature","properties":{"level":1008},"geometry":{"type":"LineString","coordinates":[[-95.8,12.25],[-95.57,12.5],[-95.77,13.0],[-96.25,13.22],[-96.58,13.0],[-95.8,12.25]]}},{"type":"Feature","properties":{"level":1008},"geometry":{"type":"LineString","coordinates":[[38.5,12.22],[37.98,12.5],[38.59,13.0],[38.58,13.75],[38.75,13.8],[39.2,13.0],[38.5,12.22]]}},{"type":"Feature","properties":{"level":1008},"geometry":{"type":"LineString","coordinates":[[154.14,12.75],[154.5,12.56],[154.61,12.75],[154.14,12.75]]}},{"type":"Feature","properties":{"level":1008},"geometry":{"type":"LineString","coordinates":[[138.25,13.21],[138.25,13.57],[138.52,13.25],[138.25,13.21]]}},{"type":"Feature","properties":{"level":1008},"geometry":{"type":"LineString","coordinates":[[150.49,13.25],[150.86,13.25],[150.5,13.6],[150.49,13.25]]}},{"type":"Feature","properties":{"level":1008},"geometry":{"type":"LineString","coordinates":[[176.25,13.39],[176.18,13.75],[176.5,13.91],[176.67,13.75],[176.25,13.39]]}},{"type":"Feature","properties":{"level":1008},"geometry":{"type":"LineString","coordinates":[[78.75,14.49],[78.44,14.75],[78.48,15.0],[79.22,14.5],[78.75,14.49]]}},{"type":"Feature","properties":{"level":1008},"geometry":{"type":"LineString","coordinates":[[47.25,15.73],[46.2,16.0],[46.75,16.33],[48.0,15.75],[47.25,15.73]]}},{"type":"Feature","properties":{"level":1008},"geometry":{"type":"LineString","coordinates":[[97.75,16.49],[97.75,17.0],[98.01,16.75],[98.0,16.31],[97.75,16.49]]}},{"type":"Feature","properties":{"level":1008},"geometry":{"type":"LineString","coordinates":[[39.0,16.54],[39.0,17.02],[39.17,16.75],[39.0,16.54]]}},{"type":"Feature","properties":{"level":1008},"geometry":{"type":"LineString","coordinates":[[39.75,17.22],[39.75,17.37],[39.75,17.22]]}},{"type":"Feature","properties":{"level":1008},"geometry":{"type":"LineString","coordinates":[[49.75,17.22],[48.25,17.45],[47.48,18.75],[47.75,19.5],[47.51,20.5],[48.25,21.29],[49.68,22.0],[49.74,22.25],[49.0,23.29],[49.75,23.24],[50.5,23.75],[50.75,23.67],[51.25,24.2],[52.25,23.54],[53.75,23.84],[54.83,24.75],[54.5,25.41],[53.5,25.39],[52.75,25.68],[51.05,28.25],[51.5,28.6],[52.25,28.6],[53.0,28.27],[53.52,27.75],[53.5,27.4],[52.75,27.83],[52.23,27.75],[53.0,27.15],[54.0,26.77],[54.25,27.09],[54.8,27.0],[54.58,27.25],[54.96,27.5],[54.72,27.75],[55.0,28.06],[55.75,28.1],[55.75,27.79],[55.5,27.9],[55.5,27.72],[56.75,27.68],[57.75,28.8],[58.25,28.29],[58.67,28.25],[58.26,29.5],[57.5,30.77],[56.93,31.25],[57.0,31.54],[56.75,31.52],[56.46,32.0],[56.83,33.0],[56.63,33.25],[56.75,33.79],[57.5,32.89],[58.0,33.12],[58.58,32.75],[58.41,32.5],[58.91,31.75],[59.25,31.47],[59.75,31.5],[60.03,30.75],[59.84,29.75],[60.3,28.25],[59.05,28.0],[60.25,27.89],[61.08,27.25],[60.75,26.9],[59.5,26.76],[59.25,26.46],[61.0,26.29],[62.25,26.71],[63.75,26.82],[64.75,26.47],[65.86,27.0],[66.5,27.41],[67.02,28.25],[67.27,29.75],[67.75,30.13],[68.25,30.01],[68.65,30.5],[68.16,30.75],[69.0,31.12],[69.5,31.91],[69.5,31.16],[69.14,30.75],[69.75,30.6],[69.5,30.0],[70.0,29.89],[70.24,30.75],[70.02,32.0],[70.32,32.5],[70.29,33.0],[70.5,33.21],[71.32,33.25],[71.5,33.61],[71.91,33.75],[71.5,33.84],[71.41,34.25],[72.0,34.45],[73.0,33.59],[74.75,32.81],[75.0,32.31],[75.75,31.9],[78.26,27.5],[78.39,27.0],[77.0,26.96],[76.55,27.75],[75.5,28.06],[73.26,27.0],[71.75,25.8],[71.25,25.82],[69.5,24.9],[68.0,25.03],[67.0,25.56],[66.5,24.64],[64.25,24.07],[62.75,24.41],[61.75,24.3],[59.25,23.27],[58.75,23.51],[57.45,23.5],[56.7,24.0],[56.0,24.86],[55.88,24.5],[56.11,23.75],[56.67,23.25],[56.75,22.66],[57.0,22.47],[57.25,22.79],[58.5,22.91],[59.0,22.35],[59.75,22.33],[59.75,22.0],[58.75,21.73],[58.25,21.33],[57.25,21.4],[56.75,21.67],[56.25,20.97],[55.5,20.69],[55.25,20.09],[54.75,19.88],[54.25,19.0],[53.75,19.02],[53.0,18.33],[52.25,18.39],[51.5,17.98],[51.0,17.95],[50.75,18.17],[49.75,17.22]]}},{"type":"Feature","properties":{"level":1008},"geometry":{"type":"LineString","coordinates":[[42.0,18.44],[41.25,18.59],[41.08,19.5],[41.75,19.38],[42.0,18.44]]}},{"type":"Feature","properties":{"level":1008},"geometry":{"type":"LineString","coordinates":[[40.0,19.02],[39.83,19.5],[40.25,19.84],[40.0,19.02]]}},{"type":"Feature","properties":{"level":1008},"geometry":{"type":"LineString","coordinates":[[-125.5,19.75],[-126.75,20.05],[-129.72,22.25],[-130.45,23.75],[-130.48,25.75],[-129.93,27.25],[-129.0,28.35],[-126.5,29.39],[-125.75,29.49],[-125.0,29.28],[-124.0,29.79],[-122.75,29.41],[-121.0,28.34],[-119.78,26.5],[-119.49,24.5],[-120.47,22.25],[-121.78,20.5],[-124.0,19.68],[-125.5,19.75]]}},{"type":"Feature","properties":{"level":1008},"geometry":{"type":"LineString","coordinates":[[41.0,19.61],[40.31,20.25],[41.0,20.26],[41.0,19.61]]}},{"type":"Feature","properties":{"level":1008},"geometry":{"type":"LineString","coordinates":[[95.25,19.51],[94.5,20.5],[94.75,21.19],[95.0,20.5],[95.51,20.0],[95.25,19.51]]}},{"type":"Feature","properties":{"level":1008},"geometry":{"type":"LineString","coordinates":[[39.75,20.8],[39.19,22.0],[39.75,22.26],[39.95,21.5],[39.75,20.8]]}},{"type":"Feature","properties":{"level":1008},"geometry":{"type":"LineString","coordinates":[[95.0,21.21],[94.84,21.25],[95.0,21.21]]}},{"type":"Feature","properties":{"level":1008},"geometry":{"type":"LineString","coordinates":[[95.25,21.35],[95.25,21.83],[95.5,21.77],[95.25,21.35]]}},{"type":"Feature","properties":{"level":1008},"geometry":{"type":"LineString","coordinates":[[38.75,22.36],[38.76,23.0],[38.0,23.73],[37.37,24.0],[37.09,24.5],[37.25,24.67],[38.25,24.3],[38.5,24.96],[38.62,24.25],[39.6,23.25],[39.5,22.92],[38.88,22.75],[38.75,22.36]]}},{"type":"Feature","properties":{"level":1008},"geometry":{"type":"LineString","coordinates":[[95.5,22.67],[95.5,22.9],[95.5,22.67]]}},{"type":"Feature","properties":{"level":1008},"geometry":{"type":"LineString","coordinates":[[34.13,23.0],[34.5,22.95],[34.94,23.25],[34.5,23.43],[34.13,23.0]]}},{"type":"Feature","properties":{"level":1008},"geometry":{"type":"LineString","coordinates":[[38.96,23.25],[39.0,23.7],[38.82,23.5],[38.96,23.25]]}},{"type":"Feature","properties":{"level":1008},"geometry":{"type":"LineString","coordinates":[[96.5,23.46],[96.09,23.75],[96.0,24.34],[96.25,24.08],[96.5,24.43],[97.25,24.27],[96.66,24.0],[96.5,23.46]]}},{"type":"Feature","properties":{"level":1008},"geometry":{"type":"LineString","coordinates":[[91.0,23.94],[91.12,25.0],[92.28,25.0],[92.98,24.75],[91.0,23.94]]}},{"type":"Feature","properties":{"level":1008},"geometry":{"type":"LineString","coordinates":[[94.75,24.14],[94.71,24.5],[95.0,24.89],[95.25,24.88],[95.36,24.75],[94.75,24.14]]}},{"type":"Feature","properties":{"level":1008},"geometry":{"type":"LineString","coordinates":[[51.25,24.4],[51.25,24.58],[51.25,24.4]]}},{"type":"Feature","properties":{"level":1008},"geometry":{"type":"LineString","coordinates":[[51.5,24.72],[51.5,25.03],[51.5,24.72]]}},{"type":"Feature","properties":{"level":1008},"geometry":{"type":"LineString","coordinates":[[97.25,24.72],[96.94,25.25],[97.25,25.35],[97.5,25.25],[97.25,24.72]]}},{"type":"Feature","properties":{"level":1008},"geometry":{"type":"LineString","coordinates":[[38.25,25.09],[37.58,25.75],[38.08,26.0],[38.0,26.31],[39.1,25.75],[38.88,25.25],[38.25,25.09]]}},{"type":"Feature","properties":{"level":1008},"geometry":{"type":"LineString","coordinates":[[56.2,25.25],[56.25,25.45],[56.2,25.25]]}},{"type":"Feature","properties":{"level":1008},"geometry":{"type":"LineString","coordinates":[[36.75,25.49],[36.25,26.75],[36.48,27.0],[36.87,26.75],[37.42,25.75],[37.25,25.38],[36.75,25.49]]}},{"type":"Feature","properties":{"level":1008},"geometry":{"type":"LineString","coordinates":[[55.95,25.5],[56.4,25.75],[56.25,26.2],[55.82,26.0],[55.95,25.5]]}},{"type":"Feature","properties":{"level":1008},"geometry":{"type":"LineString","coordinates":[[95.5,25.45],[95.76,25.5],[95.5,25.45]]}},{"type":"Feature","properties":{"level":1008},"geometry":{"type":"LineString","coordinates":[[57.44,26.25],[58.0,26.45],[58.25,26.24],[58.27,26.5],[58.77,26.75],[57.75,27.33],[57.39,27.0],[57.44,26.25]]}},{"type":"Feature","properties":{"level":1008},"geometry":{"type":"LineString","coordinates":[[63.5,27.36],[62.75,27.63],[61.75,28.78],[62.25,28.98],[64.25,29.01],[64.82,29.5],[64.81,29.75],[64.25,30.28],[63.5,30.3],[61.75,29.54],[60.99,30.0],[60.73,31.0],[61.2,31.5],[61.5,32.37],[62.5,32.87],[63.29,32.75],[62.47,32.5],[62.75,32.36],[64.0,32.3],[64.75,32.7],[65.28,32.5],[65.07,32.0],[65.25,31.75],[66.0,32.02],[66.27,31.75],[65.96,29.5],[64.58,28.75],[65.0,28.61],[65.5,28.93],[65.7,28.75],[65.55,28.25],[64.25,27.39],[63.5,27.36]]}},{"type":"Feature","properties":{"level":1008},"geometry":{"type":"LineString","coordinates":[[180.0,28.39],[179.0,27.72],[176.75,27.78],[175.69,29.0],[175.55,30.0],[176.02,31.25],[177.5,32.39],[178.75,32.47],[180.0,31.88]]}},{"type":"Feature","properties":{"level":1008},"geometry":{"type":"LineString","coordinates":[[50.5,28.63],[49.25,29.73],[48.38,30.0],[48.27,31.0],[47.37,32.25],[47.5,32.4],[48.25,32.52],[49.0,32.28],[49.79,31.0],[51.25,29.62],[51.25,28.54],[50.5,28.63]]}},{"type":"Feature","properties":{"level":1008},"geometry":{"type":"LineString","coordinates":[[88.5,28.97],[87.76,29.25],[88.25,29.52],[89.33,29.25],[88.5,28.97]]}},{"type":"Feature","properties":{"level":1008},"geometry":{"type":"LineString","coordinates":[[90.75,29.22],[91.0,29.52],[91.72,29.25],[90.75,29.22]]}},{"type":"Feature","properties":{"level":1008},"geometry":{"type":"LineString","coordinates":[[-117.0,29.95],[-118.0,30.0],[-119.01,31.5],[-118.76,31.75],[-118.85,32.25],[-119.5,32.44],[-120.5,33.43],[-120.81,34.0],[-120.74,34.5],[-120.25,34.67],[-119.5,34.39],[-118.5,34.49],[-118.25,34.15],[-117.21,34.0],[-117.27,33.5],[-116.72,32.5],[-116.85,32.25],[-116.62,31.5],[-115.97,30.5],[-116.0,30.12],[-117.0,29.95]]}},{"type":"Feature","properties":{"level":1008},"geometry":{"type":"LineString","coordinates":[[86.75,30.37],[86.26,31.0],[86.65,31.5],[87.0,31.53],[86.82,31.25],[87.7,30.75],[86.75,30.37]]}},{"type":"Feature","properties":{"level":1008},"geometry":{"type":"LineString","coordinates":[[55.5,30.72],[55.12,31.0],[55.4,31.25],[55.03,31.75],[55.25,32.15],[55.82,30.75],[55.75,30.58],[55.5,30.72]]}},{"type":"Feature","properties":{"level":1008},"geometry":{"type":"LineString","coordinates":[[84.5,30.75],[84.44,31.0],[83.79,31.25],[84.0,31.7],[84.61,31.5],[84.5,31.1],[85.75,31.31],[86.23,31.0],[85.5,30.54],[84.5,30.75]]}},{"type":"Feature","properties":{"level":1008},"geometry":{"type":"LineString","coordinates":[[88.0,31.74],[87.85,32.25],[89.0,32.9],[90.0,32.97],[90.0,33.25],[90.31,33.25],[90.25,32.84],[89.4,31.75],[88.75,31.53],[88.0,31.74]]}},{"type":"Feature","properties":{"level":1008},"geometry":{"type":"LineString","coordinates":[[-180.0,31.88],[-179.45,31.25],[-179.14,30.25],[-179.36,29.25],[-180.0,28.39]]}},{"type":"Feature","properties":{"level":1008},"geometry":{"type":"LineString","coordinates":[[91.0,33.73],[90.53,34.5],[89.77,34.75],[90.75,35.14],[91.25,34.61],[92.0,35.45],[92.75,35.5],[92.75,35.12],[92.16,35.0],[91.86,34.25],[91.25,34.16],[91.06,34.0],[91.29,33.75],[91.0,33.73]]}},{"type":"Feature","properties":{"level":1008},"geometry":{"type":"LineString","coordinates":[[-119.5,35.12],[-122.0,38.0],[-122.65,39.25],[-122.74,40.25],[-122.25,40.74],[-122.0,40.75],[-120.31,37.75],[-119.0,36.44],[-118.73,35.25],[-119.0,35.03],[-119.5,35.12]]}},{"type":"Feature","properties":{"level":1008},"geometry":{"type":"LineString","coordinates":[[-118.75,38.98],[-119.37,40.0],[-119.11,40.5],[-119.24,41.0],[-118.85,41.5],[-119.12,42.0],[-120.0,42.61],[-119.08,43.0],[-119.5,43.27],[-118.5,43.27],[-118.66,43.75],[-117.94,44.5],[-118.0,45.24],[-117.32,45.25],[-117.8,45.5],[-117.26,45.75],[-117.73,46.5],[-115.31,47.0],[-115.75,47.27],[-116.42,47.25],[-116.45,47.5],[-115.53,47.75],[-115.5,48.03],[-116.0,48.14],[-117.0,47.85],[-116.91,47.5],[-117.75,46.85],[-119.0,46.81],[-119.5,46.58],[-120.08,47.0],[-119.5,48.28],[-118.09,49.0],[-117.24,50.0],[-117.49,50.25],[-117.45,50.75],[-118.0,50.88],[-118.25,50.64],[-118.75,51.25],[-118.6,51.75],[-120.03,53.0],[-119.25,53.61],[-117.92,53.75],[-118.01,54.0],[-117.69,54.5],[-118.05,55.25],[-118.11,56.25],[-117.0,57.09],[-116.0,57.52],[-113.5,57.93],[-111.75,57.78],[-110.0,58.0],[-105.0,57.23],[-101.25,55.85],[-98.42,54.25],[-97.25,53.25],[-95.72,51.0],[-95.09,48.25],[-94.7,47.75],[-94.52,45.25],[-95.02,44.0],[-96.0,43.61],[-97.25,42.36],[-100.5,41.25],[-102.5,39.88],[-103.5,39.89],[-104.0,39.31],[-104.27,39.75],[-103.86,39.75],[-103.79,40.25],[-104.49,40.25],[-105.0,39.82],[-105.1,40.5],[-104.63,41.25],[-105.75,42.51],[-107.92,42.25],[-107.82,42.0],[-108.5,41.44],[-109.5,41.44],[-109.75,41.24],[-110.25,41.46],[-110.42,41.75],[-110.25,42.51],[-109.75,42.78],[-109.0,42.41],[-108.63,42.5],[-109.0,42.6],[-109.59,43.5],[-109.18,43.75],[-109.3,44.0],[-110.0,44.47],[-110.5,44.4],[-110.85,44.25],[-111.57,43.25],[-111.44,43.0],[-111.74,42.75],[-111.65,42.5],[-111.11,42.0],[-111.25,41.85],[-111.5,42.12],[-111.91,41.5],[-111.8,40.75],[-112.71,40.0],[-112.41,39.5],[-112.5,38.97],[-114.03,39.0],[-113.95,39.75],[-114.25,39.84],[-114.33,40.75],[-114.11,41.5],[-113.49,42.0],[-114.0,41.82],[-115.75,41.93],[-116.0,42.27],[-116.23,42.25],[-116.15,41.75],[-116.5,41.48],[-117.5,42.14],[-117.86,41.5],[-117.72,41.0],[-118.35,40.25],[-117.63,40.0],[-118.18,39.25],[-118.75,38.98]]}},{"type":"Feature","properties":{"level":1008},"geometry":{"type":"LineString","coordinates":[[-47.5,41.5],[-48.23,42.0],[-48.26,44.25],[-50.32,45.75],[-58.75,47.48],[-59.25,47.82],[-61.5,47.84],[-62.5,48.14],[-63.17,48.75],[-64.0,49.11],[-64.74,49.75],[-64.89,50.25],[-64.25,51.42],[-64.0,51.5],[-64.34,52.0],[-64.06,52.75],[-64.11,53.5],[-65.5,55.02],[-65.78,55.0],[-65.75,55.29],[-66.5,55.55],[-67.5,55.23],[-68.25,55.51],[-69.75,55.14],[-72.42,55.5],[-73.5,55.98],[-73.75,56.35],[-74.25,56.49],[-74.71,57.0],[-77.13,58.5],[-77.85,59.5],[-77.92,60.0],[-76.83,61.5],[-76.75,62.21],[-76.17,63.0],[-75.25,63.6],[-72.75,64.06],[-70.75,63.68],[-66.85,61.75],[-63.0,61.01],[-60.5,61.87],[-56.75,62.54],[-55.15,64.0],[-55.06,64.75],[-54.35,65.5],[-54.22,66.25],[-53.75,66.55],[-53.46,66.5],[-53.66,66.25],[-53.5,65.93],[-52.0,64.91],[-50.61,64.75],[-50.93,64.0],[-49.95,62.5],[-47.5,61.1],[-45.0,61.07],[-44.54,60.25],[-43.0,59.47],[-38.15,59.75],[-38.25,59.33],[-39.07,59.25],[-39.34,58.75],[-39.31,58.0],[-40.09,57.25],[-40.53,55.5],[-39.81,53.25],[-38.96,51.5],[-38.97,51.0],[-40.0,49.72],[-41.76,48.5],[-42.97,47.25],[-43.75,45.0],[-44.58,43.75],[-45.29,43.25],[-45.76,42.25],[-47.5,41.5]]}},{"type":"Feature","properties":{"level":1008},"geometry":{"type":"LineString","coordinates":[[116.0,46.99],[115.29,47.75],[115.02,49.0],[114.21,49.75],[114.45,51.75],[116.25,52.27],[117.25,52.21],[118.6,51.75],[118.39,51.0],[119.5,50.85],[119.82,50.25],[120.13,49.25],[119.81,48.25],[117.75,46.93],[116.0,46.99]]}},{"type":"Feature","properties":{"level":1008},"geometry":{"type":"LineString","coordinates":[[180.0,49.85],[176.0,49.64],[169.75,49.83],[163.95,50.75],[158.5,52.09],[157.93,53.25],[158.5,53.75],[157.52,54.25],[157.0,55.4],[155.5,54.86],[154.0,55.27],[151.18,57.0],[150.64,58.25],[151.0,59.0],[151.25,58.81],[152.75,58.89],[154.11,59.5],[154.06,59.75],[154.61,60.25],[157.16,61.75],[161.25,63.33],[161.97,64.25],[160.0,65.37],[158.0,65.67],[157.5,66.02],[152.62,67.5],[151.06,68.5],[150.63,69.25],[152.0,70.95],[152.75,71.46],[158.5,73.54],[167.25,75.77],[180.0,77.76]]}},{"type":"Feature","properties":{"level":1008},"geometry":{"type":"LineString","coordinates":[[48.75,51.15],[47.62,52.0],[47.08,52.75],[47.27,53.25],[46.91,54.0],[46.0,54.06],[44.75,54.66],[40.75,55.32],[32.75,57.44],[30.25,57.21],[28.75,56.43],[26.25,55.66],[19.75,55.37],[9.75,57.29],[5.5,57.76],[-4.0,58.1],[-5.0,58.54],[-10.25,59.5],[-14.31,60.75],[-19.31,63.25],[-18.25,63.65],[-17.75,64.25],[-15.75,64.75],[-15.8,66.0],[-16.26,66.75],[-16.26,67.25],[-15.96,68.5],[-15.32,69.5],[-13.5,71.33],[-10.75,73.23],[-7.5,74.76],[0.67,77.75],[1.11,78.25],[0.75,78.84],[0.0,79.25],[-1.31,79.5],[-13.0,81.36],[-13.42,81.5],[-13.36,81.75],[-14.0,81.94],[-24.0,83.08],[-25.49,84.0],[-26.65,84.25],[-37.51,85.5],[-39.57,86.0],[-40.19,86.5],[-39.75,86.91],[-38.68,87.25],[-34.9,87.75],[-19.0,88.5],[12.5,88.86],[49.5,88.66],[67.0,88.23],[78.82,87.5],[86.75,86.23],[88.71,85.5],[89.9,84.5],[90.04,84.0],[88.44,82.5],[85.5,78.89],[83.45,77.5],[78.78,75.25],[70.28,72.75],[68.22,71.75],[69.94,70.0],[70.2,69.25],[70.15,68.75],[69.25,67.86],[68.0,67.16],[66.61,66.75],[65.75,65.72],[63.79,64.75],[62.0,64.56],[61.0,64.96],[60.02,64.75],[59.75,64.36],[59.21,64.25],[59.27,64.0],[58.58,63.5],[56.47,62.25],[54.99,60.75],[53.07,57.75],[52.53,57.25],[51.41,55.0],[50.9,53.0],[49.54,51.5],[48.75,51.15]]}},{"type":"Feature","properties":{"level":1008},"geometry":{"type":"LineString","coordinates":[[-139.56,60.25],[-138.25,60.04],[-138.03,60.25],[-138.75,60.43],[-139.25,60.88],[-140.67,60.5],[-139.56,60.25]]}},{"type":"Feature","properties":{"level":1008},"geometry":{"type":"LineString","coordinates":[[162.13,64.5],[163.25,64.54],[163.41,65.0],[163.25,65.2],[162.0,65.27],[162.57,64.75],[162.13,64.5]]}},{"type":"Feature","properties":{"level":1008},"geometry":{"type":"LineString","coordinates":[[30.59,65.5],[31.25,65.31],[33.75,65.48],[36.0,66.29],[40.75,67.49],[42.5,68.27],[42.98,68.75],[42.85,69.0],[42.08,69.25],[42.14,69.5],[38.5,71.75],[36.0,72.0],[34.25,71.78],[31.01,70.0],[29.5,69.56],[27.47,67.75],[28.51,66.5],[29.75,65.72],[30.59,65.5]]}},{"type":"Feature","properties":{"level":1008},"geometry":{"type":"LineString","coordinates":[[-74.0,75.74],[-75.59,76.25],[-75.84,76.75],[-75.0,77.29],[-73.0,78.01],[-68.61,78.0],[-70.43,77.25],[-69.96,76.5],[-70.68,76.0],[-72.25,75.65],[-74.0,75.74]]}},{"type":"Feature","properties":{"level":1008},"geometry":{"type":"LineString","coordinates":[[-180.0,77.76],[-169.5,78.65],[-147.5,79.01],[-138.5,78.61],[-131.25,77.63],[-128.5,76.67],[-127.24,75.75],[-127.21,74.5],[-128.17,73.25],[-129.0,71.02],[-129.05,70.0],[-128.79,69.25],[-129.2,68.5],[-127.0,66.67],[-125.5,64.75],[-126.75,64.32],[-127.75,64.93],[-132.75,65.29],[-133.5,65.24],[-134.5,64.59],[-136.19,64.25],[-135.25,63.98],[-135.0,63.69],[-133.25,63.79],[-131.12,63.25],[-132.0,63.1],[-132.75,63.35],[-132.97,63.25],[-132.36,63.0],[-133.26,62.5],[-132.76,62.25],[-133.0,61.9],[-133.5,61.75],[-132.75,61.46],[-132.5,60.8],[-131.88,60.5],[-132.0,60.1],[-132.39,60.0],[-132.5,59.55],[-133.5,59.56],[-134.0,59.11],[-134.5,59.46],[-135.75,59.53],[-136.5,60.01],[-136.97,59.75],[-136.5,59.26],[-136.13,59.25],[-135.92,59.0],[-136.05,58.75],[-135.75,58.84],[-135.35,58.25],[-135.91,57.75],[-136.0,56.64],[-136.5,56.38],[-142.75,56.59],[-151.25,56.06],[-155.25,56.45],[-156.75,55.9],[-159.25,55.57],[-159.75,55.24],[-164.25,53.97],[-168.75,52.34],[-172.9,50.5],[-180.0,49.85]]}},{"type":"Feature","properties":{"level":1008},"geometry":{"type":"LineString","coordinates":[[-25.5,82.96],[-25.5,83.16],[-24.96,83.0],[-25.5,82.96]]}},{"type":"Feature","properties":{"level":1008},"geometry":{"type":"LineString","coordinates":[[-26.0,83.21],[-26.24,83.25],[-25.72,83.25],[-26.0,83.21]]}},{"type":"Feature","properties":{"level":1008},"geometry":{"type":"LineString","coordinates":[[-26.75,83.5],[-26.31,83.5],[-26.75,83.5]]}},{"type":"Feature","properties":{"level":1012},"geometry":{"type":"LineString","coordinates":[[180.0,-88.13],[178.68,-88.0],[178.45,-87.75],[179.16,-87.5],[171.75,-86.94],[161.18,-87.0],[152.75,-86.13],[150.15,-85.75],[144.75,-84.15],[141.27,-83.5],[142.76,-83.25],[142.25,-83.11],[139.22,-82.75],[138.95,-82.25],[136.82,-81.75],[137.17,-81.25],[136.25,-80.8],[133.66,-80.5],[133.22,-80.0],[133.75,-79.83],[134.75,-79.98],[135.32,-79.5],[139.0,-78.78],[142.25,-78.6],[142.66,-78.25],[142.42,-78.0],[142.75,-77.7],[145.01,-77.0],[144.95,-76.75],[143.97,-76.25],[144.4,-75.75],[143.75,-75.17],[140.25,-74.31],[138.86,-73.75],[137.75,-72.99],[136.75,-72.93],[136.14,-72.25],[134.15,-71.5],[133.83,-71.0],[133.25,-70.76],[127.75,-70.27],[117.5,-70.97],[107.25,-70.26],[102.7,-70.75],[105.58,-72.5],[105.88,-73.0],[105.3,-73.5],[106.03,-74.5],[105.5,-74.76],[104.35,-74.5],[102.35,-73.5],[97.5,-72.35],[97.32,-72.25],[97.53,-71.5],[96.54,-70.75],[95.5,-70.43],[91.75,-71.08],[89.25,-71.24],[87.15,-71.75],[83.46,-73.25],[82.31,-74.25],[80.5,-75.32],[78.79,-76.0],[76.0,-76.44],[66.0,-76.51],[60.5,-75.78],[55.5,-76.06],[52.0,-76.66],[46.0,-76.85],[39.0,-75.98],[32.5,-75.54],[26.75,-76.08],[24.98,-76.5],[26.0,-76.84],[27.69,-78.0],[28.57,-79.0],[28.55,-79.5],[29.41,-80.25],[34.63,-82.0],[34.83,-82.25],[31.66,-83.0],[30.99,-83.75],[28.5,-84.12],[19.25,-83.94],[15.35,-83.25],[16.0,-82.95],[18.0,-82.69],[15.8,-82.75],[15.75,-82.93],[6.35,-84.25],[1.66,-85.5],[1.55,-85.75],[2.7,-86.25],[4.1,-86.5],[3.58,-87.5],[-22.5,-88.23],[-150.25,-88.11],[-167.5,-88.42],[-180.0,-88.13]]}},{"type":"Feature","properties":{"level":1012},"geometry":{"type":"LineString","coordinates":[[-171.15,-87.5],[-170.15,-87.5],[-171.15,-87.5]]}},{"type":"Feature","properties":{"level":1012},"geometry":{"type":"LineString","coordinates":[[-175.86,-87.25],[-172.9,-87.25],[-175.86,-87.25]]}},{"type":"Feature","properties":{"level":1012},"geometry":{"type":"LineString","coordinates":[[-114.62,-86.75],[-107.46,-86.75],[-114.62,-86.75]]}},{"type":"Feature","properties":{"level":1012},"geometry":{"type":"LineString","coordinates":[[-116.94,-86.0],[-115.25,-86.1],[-114.59,-85.75],[-116.94,-86.0]]}},{"type":"Feature","properties":{"level":1012},"geometry":{"type":"LineString","coordinates":[[-98.72,-79.5],[-97.5,-79.69],[-96.45,-79.5],[-96.37,-79.25],[-97.75,-79.15],[-98.72,-79.5]]}},{"type":"Feature","properties":{"level":1012},"geometry":{"type":"LineString","coordinates":[[-180.0,-54.42],[-178.25,-54.69],[-174.25,-54.76],[-168.25,-54.61],[-165.5,-54.26],[-163.0,-53.36],[-161.0,-52.37],[-159.0,-51.01],[-157.03,-49.25],[-150.32,-44.25],[-146.76,-41.0],[-142.73,-38.75],[-136.25,-36.03],[-126.5,-35.5],[-122.5,-35.64],[-116.75,-36.27],[-111.25,-37.44],[-102.5,-40.36],[-101.5,-40.44],[-99.75,-40.14],[-97.5,-38.61],[-93.28,-37.25],[-91.5,-35.69],[-90.0,-34.93],[-81.75,-35.05],[-82.0,-34.5],[-81.75,-34.35],[-80.15,-36.25],[-79.31,-37.75],[-77.75,-41.25],[-76.91,-44.25],[-79.28,-51.25],[-78.8,-53.0],[-77.81,-54.75],[-75.17,-56.5],[-66.76,-60.0],[-64.0,-60.42],[-59.0,-60.22],[-50.96,-58.0],[-40.47,-54.25],[-27.31,-49.25],[-25.5,-48.17],[-23.32,-45.75],[-20.97,-41.5],[-20.54,-39.5],[-19.69,-38.0],[-19.63,-35.5],[-18.88,-33.5],[-18.9,-32.75],[-16.0,-32.4],[-10.44,-35.0],[-9.93,-36.0],[-7.5,-37.46],[-7.0,-38.09],[-5.5,-38.82],[-3.95,-40.75],[-2.0,-41.31],[-0.25,-41.18],[1.75,-41.68],[5.04,-45.0],[5.94,-46.5],[6.14,-48.0],[6.48,-48.5],[8.69,-50.0],[12.2,-51.75],[13.75,-52.28],[17.25,-54.81],[20.75,-55.47],[23.0,-55.26],[29.25,-53.43],[33.25,-52.64],[45.0,-51.02],[60.0,-49.85],[69.25,-48.04],[70.75,-47.95],[77.0,-48.39],[86.75,-49.66],[92.5,-49.98],[94.75,-49.82],[114.0,-45.52],[116.83,-43.75],[118.88,-41.75],[121.0,-40.59],[125.0,-39.48],[126.0,-39.47],[126.25,-39.37],[126.46,-38.75],[127.25,-38.66],[131.0,-39.65],[135.0,-41.13],[138.75,-41.98],[147.5,-44.93],[150.5,-45.66],[154.75,-46.17],[156.5,-45.83],[157.25,-45.55],[157.5,-45.22],[162.25,-48.37],[169.0,-51.29],[175.0,-53.39],[180.0,-54.42]]}},{"type":"Feature","properties":{"level":1012},"geometry":{"type":"LineString","coordinates":[[168.0,-36.53],[167.93,-36.25],[168.5,-36.01],[168.43,-36.5],[168.0,-36.53]]}},{"type":"Feature","properties":{"level":1012},"geometry":{"type":"LineString","coordinates":[[125.75,-32.51],[124.97,-32.0],[124.78,-31.5],[125.0,-30.74],[126.09,-32.0],[126.18,-32.25],[125.75,-32.51]]}},{"type":"Feature","properties":{"level":1012},"geometry":{"type":"LineString","coordinates":[[25.75,-32.33],[24.95,-31.75],[25.0,-31.35],[25.5,-31.16],[26.5,-31.94],[28.13,-31.5],[28.68,-30.75],[29.95,-30.75],[29.75,-31.85],[29.25,-31.51],[27.25,-32.37],[26.5,-32.17],[25.75,-32.33]]}},{"type":"Feature","properties":{"level":1012},"geometry":{"type":"LineString","coordinates":[[122.5,-31.52],[119.84,-30.25],[117.5,-30.05],[116.82,-29.25],[115.56,-27.5],[115.27,-26.0],[114.9,-23.5],[115.5,-22.18],[116.0,-22.06],[116.5,-22.38],[117.28,-22.25],[117.5,-21.78],[117.75,-22.04],[118.06,-22.0],[118.12,-22.5],[118.5,-22.58],[118.75,-21.84],[120.25,-22.15],[121.0,-21.58],[121.5,-21.71],[122.5,-21.42],[122.88,-20.75],[123.79,-20.25],[123.72,-19.25],[123.95,-19.0],[123.98,-18.25],[124.25,-18.03],[124.75,-18.08],[126.0,-17.59],[127.0,-17.86],[128.5,-17.36],[128.63,-17.0],[128.23,-16.75],[128.55,-16.25],[128.53,-15.75],[128.11,-15.5],[128.51,-15.25],[128.25,-15.14],[128.03,-14.5],[128.5,-13.31],[128.75,-13.49],[129.25,-12.89],[130.25,-14.63],[131.0,-14.58],[131.0,-14.12],[133.75,-14.23],[134.25,-14.71],[134.73,-14.75],[133.71,-15.5],[134.34,-17.5],[133.25,-17.68],[133.0,-17.54],[132.86,-17.75],[133.0,-18.06],[133.32,-18.0],[133.16,-19.25],[133.49,-19.75],[132.5,-20.02],[131.75,-20.73],[131.16,-20.75],[130.88,-21.5],[129.93,-22.5],[130.0,-23.56],[129.23,-24.0],[129.94,-24.25],[130.4,-24.75],[129.0,-24.2],[128.73,-24.25],[128.87,-24.5],[128.0,-24.63],[127.36,-25.25],[127.59,-25.75],[127.35,-26.5],[127.5,-26.72],[127.97,-26.75],[127.82,-27.25],[126.86,-27.5],[125.62,-28.5],[125.25,-29.08],[124.0,-29.31],[123.85,-29.5],[124.56,-30.5],[124.5,-30.97],[123.25,-30.7],[122.94,-31.0],[123.02,-31.5],[122.5,-31.52]]}},{"type":"Feature","properties":{"level":1012},"geometry":{"type":"LineString","coordinates":[[30.25,-30.66],[30.25,-30.3],[30.25,-30.66]]}},{"type":"Feature","properties":{"level":1012},"geometry":{"type":"LineString","coordinates":[[-43.25,-30.26],[-43.25,-29.74],[-43.25,-30.26]]}},{"type":"Feature","properties":{"level":1012},"geometry":{"type":"LineString","coordinates":[[-46.5,-30.05],[-47.5,-29.72],[-47.54,-29.25],[-47.04,-28.5],[-47.27,-27.75],[-47.0,-27.49],[-45.75,-27.68],[-45.5,-27.46],[-44.99,-29.25],[-45.25,-29.63],[-45.5,-29.5],[-45.59,-29.75],[-46.5,-30.05]]}},{"type":"Feature","properties":{"level":1012},"geometry":{"type":"LineString","coordinates":[[-44.25,-29.55],[-44.1,-29.5],[-44.25,-29.55]]}},{"type":"Feature","properties":{"level":1012},"geometry":{"type":"LineString","coordinates":[[-44.0,-29.45],[-44.0,-29.17],[-44.0,-29.45]]}},{"type":"Feature","properties":{"level":1012},"geometry":{"type":"LineString","coordinates":[[-50.0,-28.31],[-50.09,-28.0],[-49.69,-27.5],[-50.31,-27.0],[-50.25,-26.57],[-50.0,-26.44],[-49.5,-26.52],[-49.52,-27.25],[-49.28,-27.5],[-49.75,-28.26],[-50.0,-28.31]]}},{"type":"Feature","properties":{"level":1012},"geometry":{"type":"LineString","coordinates":[[18.36,-26.25],[18.81,-26.25],[18.43,-25.5],[18.75,-25.54],[18.85,-25.25],[18.75,-25.0],[18.25,-24.84],[17.99,-25.25],[18.39,-25.75],[18.36,-26.25]]}},{"type":"Feature","properties":{"level":1012},"geometry":{"type":"LineString","coordinates":[[20.35,-25.5],[20.85,-25.25],[19.23,-24.75],[19.6,-25.25],[20.35,-25.5]]}},{"type":"Feature","properties":{"level":1012},"geometry":{"type":"LineString","coordinates":[[16.95,-24.5],[17.25,-24.68],[17.75,-24.0],[18.25,-23.86],[18.75,-24.35],[18.6,-23.5],[19.8,-23.5],[20.28,-22.75],[20.0,-22.31],[19.49,-22.25],[19.45,-22.0],[20.75,-21.27],[20.3,-20.75],[21.0,-20.2],[21.25,-20.28],[21.51,-19.75],[20.79,-19.5],[20.83,-18.75],[19.8,-17.25],[20.37,-17.25],[20.35,-16.75],[20.75,-16.29],[21.0,-16.31],[21.5,-15.13],[21.75,-15.55],[22.1,-15.25],[21.5,-14.97],[20.5,-15.06],[20.2,-14.75],[21.25,-14.32],[22.75,-14.32],[22.86,-13.75],[22.75,-13.54],[22.5,-13.84],[22.0,-13.76],[22.0,-13.07],[21.25,-13.01],[20.75,-12.41],[20.25,-12.87],[19.75,-12.58],[19.07,-13.0],[19.0,-13.55],[18.75,-13.31],[18.25,-13.71],[18.0,-13.54],[17.25,-13.82],[17.26,-14.5],[17.75,-14.75],[18.0,-14.54],[17.92,-15.5],[17.75,-16.0],[17.01,-16.5],[17.09,-16.75],[16.55,-17.25],[16.5,-18.02],[16.0,-17.73],[15.5,-18.0],[15.47,-18.5],[15.0,-18.79],[14.0,-18.13],[13.6,-18.5],[13.75,-18.82],[14.36,-19.0],[15.15,-20.25],[15.6,-20.5],[15.83,-21.25],[15.59,-21.5],[16.0,-21.48],[16.2,-21.75],[16.06,-22.0],[16.42,-22.25],[15.77,-22.75],[16.07,-23.0],[16.03,-24.25],[16.25,-24.45],[17.0,-24.23],[16.95,-24.5]]}},{"type":"Feature","properties":{"level":1012},"geometry":{"type":"LineString","coordinates":[[-42.25,-22.78],[-42.18,-22.5],[-41.97,-22.75],[-42.25,-22.78]]}},{"type":"Feature","properties":{"level":1012},"geometry":{"type":"LineString","coordinates":[[44.0,-21.93],[44.0,-21.6],[44.16,-21.75],[44.0,-21.93]]}},{"type":"Feature","properties":{"level":1012},"geometry":{"type":"LineString","coordinates":[[45.0,-21.81],[44.85,-21.75],[45.61,-21.25],[45.25,-21.94],[45.0,-21.81]]}},{"type":"Feature","properties":{"level":1012},"geometry":{"type":"LineString","coordinates":[[-50.0,-21.3],[-50.42,-20.0],[-50.43,-18.25],[-50.75,-17.64],[-51.5,-17.36],[-53.0,-17.51],[-54.24,-16.5],[-53.91,-15.75],[-54.23,-15.5],[-54.14,-15.0],[-55.53,-15.0],[-56.15,-14.0],[-57.0,-13.54],[-59.0,-13.55],[-59.5,-12.85],[-60.25,-12.66],[-61.0,-12.86],[-62.0,-12.1],[-62.3,-12.25],[-62.42,-12.75],[-63.0,-12.93],[-63.55,-12.25],[-63.45,-11.25],[-63.66,-10.75],[-64.5,-10.36],[-65.0,-10.53],[-65.5,-10.22],[-65.75,-10.32],[-66.5,-9.91],[-67.5,-10.11],[-67.68,-9.5],[-68.0,-9.38],[-69.61,-9.5],[-69.73,-10.0],[-70.48,-10.5],[-70.5,-11.32],[-71.25,-12.12],[-72.0,-11.78],[-73.04,-12.0],[-74.5,-9.67],[-74.75,-10.49],[-75.25,-10.25],[-75.8,-8.5],[-75.97,-6.75],[-76.75,-5.6],[-77.75,-4.75],[-78.05,-4.75],[-77.85,-4.25],[-77.98,-3.0],[-77.7,-2.25],[-77.75,-1.0],[-77.31,-0.5],[-77.33,0.25],[-76.5,1.08],[-75.25,1.8],[-74.25,3.08],[-73.98,3.0],[-73.25,4.52],[-71.86,6.0],[-71.3,7.75],[-69.25,9.6],[-68.37,9.75],[-67.04,9.5],[-65.75,8.34],[-63.93,8.0],[-65.5,7.52],[-65.75,6.92],[-66.25,7.03],[-66.93,5.75],[-66.81,5.25],[-67.3,5.0],[-67.0,4.46],[-66.57,4.75],[-66.71,5.25],[-66.25,5.54],[-65.75,5.57],[-65.5,5.33],[-65.29,4.75],[-65.7,4.5],[-65.49,4.0],[-65.75,3.44],[-65.25,3.88],[-64.5,3.43],[-63.75,4.39],[-63.27,4.25],[-63.25,4.88],[-62.5,5.14],[-61.75,4.6],[-60.25,4.46],[-59.18,4.0],[-59.06,3.75],[-59.5,3.18],[-59.0,3.07],[-58.55,3.75],[-57.75,3.79],[-57.68,3.5],[-57.94,3.25],[-56.67,2.25],[-56.36,1.25],[-55.25,0.83],[-54.39,-0.5],[-53.75,-1.07],[-53.88,-0.5],[-54.66,0.5],[-54.5,0.73],[-53.75,0.12],[-53.0,0.38],[-52.25,-0.39],[-51.5,0.41],[-50.81,0.75],[-50.5,1.3],[-50.25,1.16],[-50.35,0.25],[-49.71,-0.25],[-48.75,-0.38],[-48.5,-1.0],[-48.75,-1.07],[-49.58,-3.25],[-48.75,-3.89],[-48.58,-4.75],[-47.24,-5.5],[-46.75,-6.7],[-44.86,-7.25],[-45.75,-9.06],[-46.15,-9.25],[-45.55,-9.5],[-46.23,-9.75],[-45.97,-10.75],[-46.58,-11.25],[-46.32,-12.5],[-46.5,-12.98],[-46.79,-13.0],[-46.5,-13.1],[-46.45,-13.5],[-46.71,-14.5],[-47.0,-14.86],[-47.23,-14.75],[-46.8,-13.75],[-47.75,-13.16],[-47.83,-13.5],[-47.58,-13.75],[-48.07,-14.75],[-47.85,-15.25],[-48.35,-15.75],[-47.9,-16.25],[-47.98,-16.5],[-48.5,-16.56],[-49.0,-16.07],[-49.2,-16.25],[-48.7,-17.25],[-48.26,-17.5],[-48.12,-18.25],[-48.5,-18.53],[-49.0,-18.11],[-49.39,-18.25],[-49.16,-18.5],[-49.41,-19.25],[-49.94,-19.5],[-49.67,-20.0],[-49.94,-20.5],[-49.65,-21.25],[-50.0,-21.3]]}},{"type":"Feature","properties":{"level":1012},"geometry":{"type":"LineString","coordinates":[[44.5,-21.12],[45.08,-19.25],[44.5,-17.27],[45.25,-16.32],[45.75,-16.64],[46.5,-16.31],[47.98,-14.5],[48.25,-14.48],[48.88,-15.25],[48.91,-16.0],[48.0,-16.19],[47.5,-16.85],[47.25,-16.81],[46.25,-17.77],[45.33,-18.0],[45.31,-18.75],[45.9,-20.0],[45.79,-21.0],[45.5,-20.75],[44.75,-21.2],[44.5,-21.12]]}},{"type":"Feature","properties":{"level":1012},"geometry":{"type":"LineString","coordinates":[[141.25,-21.06],[140.75,-19.72],[141.75,-19.54],[142.34,-20.25],[141.66,-21.0],[141.25,-21.06]]}},{"type":"Feature","properties":{"level":1012},"geometry":{"type":"LineString","coordinates":[[141.25,-19.37],[141.09,-19.25],[141.25,-19.37]]}},{"type":"Feature","properties":{"level":1012},"geometry":{"type":"LineString","coordinates":[[-51.5,-19.06],[-51.5,-18.68],[-51.5,-19.06]]}},{"type":"Feature","properties":{"level":1012},"geometry":{"type":"LineString","coordinates":[[129.87,-19.0],[130.29,-19.0],[130.0,-18.81],[129.87,-19.0]]}},{"type":"Feature","properties":{"level":1012},"geometry":{"type":"LineString","coordinates":[[129.87,-18.25],[130.28,-18.25],[130.14,-17.75],[130.38,-17.25],[130.0,-16.79],[129.3,-17.0],[129.5,-17.25],[129.24,-17.5],[129.25,-17.82],[129.87,-18.25]]}},{"type":"Feature","properties":{"level":1012},"geometry":{"type":"LineString","coordinates":[[133.75,-18.12],[133.58,-18.0],[133.75,-17.81],[133.96,-18.0],[133.75,-18.12]]}},{"type":"Feature","properties":{"level":1012},"geometry":{"type":"LineString","coordinates":[[124.25,-17.53],[124.25,-17.3],[124.25,-17.53]]}},{"type":"Feature","properties":{"level":1012},"geometry":{"type":"LineString","coordinates":[[142.75,-17.51],[141.86,-17.0],[141.84,-16.5],[140.52,-15.25],[140.63,-15.0],[141.03,-15.0],[142.26,-16.25],[142.79,-17.0],[142.75,-17.51]]}},{"type":"Feature","properties":{"level":1012},"geometry":{"type":"LineString","coordinates":[[34.25,-16.86],[34.25,-16.65],[34.55,-16.75],[34.25,-16.86]]}},{"type":"Feature","properties":{"level":1012},"geometry":{"type":"LineString","coordinates":[[35.25,-17.0],[35.0,-16.44],[35.56,-16.75],[35.25,-17.0]]}},{"type":"Feature","properties":{"level":1012},"geometry":{"type":"LineString","coordinates":[[129.89,-16.5],[130.25,-16.71],[130.26,-16.0],[129.89,-16.5]]}},{"type":"Feature","properties":{"level":1012},"geometry":{"type":"LineString","coordinates":[[34.5,-16.09],[34.34,-16.0],[34.5,-16.09]]}},{"type":"Feature","properties":{"level":1012},"geometry":{"type":"LineString","coordinates":[[31.5,-15.75],[31.82,-15.75],[31.5,-15.48],[31.5,-15.75]]}},{"type":"Feature","properties":{"level":1012},"geometry":{"type":"LineString","coordinates":[[34.67,-13.25],[35.25,-13.5],[35.75,-13.19],[35.85,-12.75],[35.75,-12.63],[35.5,-13.14],[35.25,-12.7],[34.88,-12.75],[34.67,-13.25]]}},{"type":"Feature","properties":{"level":1012},"geometry":{"type":"LineString","coordinates":[[16.3,-12.5],[16.75,-12.57],[17.69,-12.25],[17.19,-11.25],[16.31,-10.5],[16.61,-9.75],[16.0,-9.55],[15.7,-9.75],[16.18,-10.0],[15.5,-10.96],[15.25,-10.91],[15.18,-11.25],[16.0,-11.47],[16.5,-11.31],[16.55,-11.75],[16.02,-12.0],[16.3,-12.5]]}},{"type":"Feature","properties":{"level":1012},"geometry":{"type":"LineString","coordinates":[[33.44,-12.5],[33.75,-12.68],[33.96,-12.25],[33.75,-11.6],[33.44,-12.5]]}},{"type":"Feature","properties":{"level":1012},"geometry":{"type":"LineString","coordinates":[[-64.25,-12.06],[-64.0,-11.77],[-63.88,-12.0],[-64.25,-12.06]]}},{"type":"Feature","properties":{"level":1012},"geometry":{"type":"LineString","coordinates":[[-66.0,-11.91],[-66.21,-11.5],[-65.94,-11.5],[-66.0,-11.91]]}},{"type":"Feature","properties":{"level":1012},"geometry":{"type":"LineString","coordinates":[[-65.25,-11.79],[-65.59,-11.5],[-65.0,-11.4],[-64.37,-11.75],[-65.25,-11.79]]}},{"type":"Feature","properties":{"level":1012},"geometry":{"type":"LineString","coordinates":[[131.75,-11.37],[130.5,-9.93],[132.0,-9.53],[132.83,-10.0],[133.0,-10.57],[132.02,-10.75],[131.75,-11.37]]}},{"type":"Feature","properties":{"level":1012},"geometry":{"type":"LineString","coordinates":[[-66.75,-11.08],[-66.5,-10.49],[-66.18,-10.75],[-66.25,-11.25],[-66.75,-11.08]]}},{"type":"Feature","properties":{"level":1012},"geometry":{"type":"LineString","coordinates":[[180.0,-10.8],[178.0,-10.49],[177.0,-10.75],[176.25,-10.27],[173.25,-9.48],[171.75,-10.09],[167.75,-10.38],[166.5,-11.11],[164.75,-11.56],[164.0,-11.58],[162.5,-11.14],[162.0,-10.38],[161.63,-10.5],[162.08,-11.0],[161.99,-11.25],[161.5,-11.4],[160.25,-11.23],[159.0,-10.77],[158.0,-10.08],[155.5,-9.55],[154.57,-8.0],[153.5,-8.01],[152.5,-7.5],[152.27,-7.0],[152.75,-6.24],[153.28,-6.0],[153.1,-5.75],[153.15,-4.25],[152.75,-3.86],[152.53,-4.0],[152.5,-4.76],[151.67,-4.25],[151.74,-4.75],[150.75,-5.57],[149.75,-5.63],[149.5,-5.93],[149.0,-5.54],[148.25,-5.9],[148.0,-5.66],[147.75,-6.19],[146.0,-5.38],[145.0,-5.29],[144.25,-4.79],[141.0,-4.54],[140.25,-3.87],[139.58,-3.75],[139.0,-3.34],[137.25,-3.33],[136.5,-3.04],[135.02,-3.75],[135.04,-4.0],[135.5,-4.44],[136.5,-4.3],[139.5,-4.72],[140.5,-5.29],[142.0,-5.71],[142.51,-6.25],[142.5,-6.84],[141.75,-7.23],[141.75,-7.77],[140.98,-8.25],[141.22,-8.5],[140.86,-9.5],[138.5,-10.03],[137.15,-9.5],[136.0,-8.0],[134.43,-7.0],[134.41,-6.25],[133.5,-6.52],[132.85,-6.25],[132.0,-5.06],[131.25,-4.67],[130.67,-3.25],[128.75,-2.83],[127.86,-3.25],[127.75,-3.63],[126.5,-3.06],[125.85,-3.25],[126.58,-4.0],[126.75,-5.12],[126.0,-5.64],[124.75,-5.62],[124.25,-5.87],[123.5,-6.66],[123.24,-7.75],[122.25,-8.49],[120.5,-8.26],[120.0,-8.29],[119.75,-8.64],[119.25,-8.23],[118.0,-8.02],[117.0,-8.3],[116.75,-8.8],[116.74,-8.25],[116.5,-8.04],[116.0,-8.52],[115.5,-8.1],[114.5,-8.03],[114.25,-7.79],[113.25,-7.84],[112.5,-7.54],[111.5,-7.8],[111.25,-7.38],[110.75,-7.79],[110.57,-7.25],[110.25,-7.1],[108.75,-7.1],[107.75,-6.66],[107.25,-6.81],[107.0,-6.58],[106.07,-6.75],[106.47,-7.0],[106.56,-7.5],[106.25,-7.83],[105.0,-7.63],[104.5,-7.18],[102.0,-6.56],[100.25,-5.65],[99.5,-5.83],[99.0,-6.34],[97.75,-6.55],[97.51,-5.75],[97.0,-5.68],[96.78,-5.75],[96.75,-6.17],[96.09,-6.25],[97.19,-7.25],[97.0,-7.48],[95.25,-7.43],[96.16,-8.25],[95.75,-8.44],[93.5,-6.99],[93.15,-7.0],[93.23,-7.25],[92.5,-7.06],[92.25,-7.33],[90.75,-7.53],[90.25,-7.0],[89.0,-6.79],[88.56,-7.25],[87.5,-7.55],[85.25,-7.79],[84.25,-7.57],[84.0,-7.29],[82.75,-7.91],[80.5,-8.35],[79.0,-8.17],[78.25,-8.5],[77.25,-8.28],[74.75,-8.27],[74.27,-7.75],[74.7,-7.25],[74.25,-7.03],[73.5,-7.19],[72.5,-6.86],[72.0,-7.05],[71.25,-6.93],[69.5,-7.32],[68.25,-6.62],[67.25,-7.0],[66.0,-7.1],[65.0,-7.61],[63.5,-7.15],[61.54,-8.0],[61.0,-8.74],[60.5,-8.71],[60.0,-9.17],[58.75,-8.92],[58.25,-8.35],[58.0,-8.58],[57.25,-7.95],[56.25,-8.34],[55.5,-7.69],[55.0,-7.84],[54.75,-7.53],[54.25,-7.61],[53.81,-7.0],[53.77,-6.5],[53.5,-6.97],[53.25,-5.58],[52.5,-6.15],[52.25,-5.6],[52.12,-6.0],[51.75,-6.15],[51.25,-5.71],[51.0,-5.91],[50.5,-5.13],[48.5,-5.1],[48.25,-4.85],[47.25,-5.34],[46.5,-4.57],[45.25,-4.52],[45.27,-4.25],[44.75,-4.02],[44.0,-4.19],[43.75,-3.49],[43.25,-3.6],[42.25,-3.21],[41.75,-2.57],[41.25,-2.44],[40.5,-2.65],[39.75,-3.46],[39.0,-3.56],[38.25,-3.25],[38.0,-3.41],[38.07,-4.0],[37.71,-4.0],[38.0,-4.96],[36.89,-4.25],[37.14,-5.0],[36.75,-5.38],[36.5,-5.08],[36.26,-5.25],[36.77,-6.25],[36.46,-6.75],[36.63,-7.5],[36.0,-7.5],[34.59,-9.5],[35.25,-9.55],[35.09,-9.0],[35.25,-8.85],[38.0,-7.15],[38.26,-8.0],[37.75,-8.43],[37.55,-9.0],[37.87,-9.5],[37.75,-9.82],[38.25,-9.64],[39.0,-9.9],[38.84,-10.25],[39.42,-11.25],[39.23,-11.5],[40.13,-12.5],[40.16,-15.25],[39.75,-15.73],[39.0,-16.04],[38.59,-15.75],[38.77,-15.5],[37.25,-14.66],[35.75,-14.8],[35.0,-15.27],[33.75,-12.97],[33.66,-13.75],[33.86,-14.25],[33.28,-14.5],[33.29,-15.0],[34.34,-15.75],[34.0,-16.56],[33.5,-16.53],[33.25,-16.99],[32.51,-16.5],[32.75,-16.23],[33.25,-16.46],[33.5,-16.24],[32.0,-15.91],[31.75,-16.37],[30.3,-16.5],[30.32,-16.75],[29.9,-17.0],[30.0,-17.2],[30.5,-17.18],[30.6,-17.75],[30.2,-18.0],[30.28,-18.5],[30.04,-19.0],[29.25,-18.97],[28.5,-19.74],[25.5,-21.68],[24.96,-22.25],[25.18,-23.25],[24.29,-24.75],[24.62,-25.25],[24.5,-25.89],[24.25,-26.13],[23.75,-25.54],[23.5,-25.65],[23.36,-26.0],[23.95,-26.25],[23.83,-26.5],[23.0,-27.34],[22.5,-27.03],[22.32,-27.75],[23.05,-28.5],[23.0,-28.99],[22.75,-29.07],[23.5,-28.95],[24.25,-28.45],[24.88,-29.0],[24.88,-29.75],[25.25,-30.21],[26.58,-30.5],[26.0,-31.06],[25.3,-31.0],[25.25,-31.23],[25.0,-30.92],[24.75,-31.09],[23.75,-30.9],[23.8,-31.75],[23.0,-31.78],[23.07,-31.0],[22.78,-30.25],[21.6,-28.75],[21.09,-28.5],[21.25,-28.21],[20.5,-27.64],[19.75,-27.73],[19.25,-28.09],[18.74,-27.75],[19.26,-27.5],[19.26,-27.0],[19.0,-26.76],[17.75,-27.33],[17.06,-27.25],[16.5,-25.72],[16.09,-26.0],[16.6,-26.25],[16.0,-26.31],[15.48,-26.75],[15.43,-25.5],[14.77,-23.5],[14.98,-22.0],[14.25,-21.43],[13.43,-19.75],[12.06,-17.75],[11.86,-14.0],[12.25,-13.07],[13.0,-13.1],[13.51,-12.75],[13.69,-12.25],[13.28,-11.0],[13.41,-10.5],[13.04,-9.25],[13.11,-8.5],[12.3,-6.5],[12.03,-5.0],[11.54,-4.25],[11.62,-3.5],[10.75,-3.0],[10.69,-2.75],[12.0,-2.4],[13.25,-3.42],[13.22,-2.75],[12.0,-1.77],[11.5,-1.79],[11.25,-2.39],[10.25,-1.69],[10.0,-1.93],[9.5,-1.74],[8.88,-0.75],[8.87,0.5],[7.16,3.0],[7.67,3.5],[7.37,4.25],[5.89,4.5],[5.17,5.75],[4.41,6.5],[2.5,6.6],[1.5,6.38],[0.75,5.89],[0.03,6.0],[0.25,6.31],[1.25,6.74],[2.25,6.8],[2.5,7.08],[3.7,7.25],[4.75,7.77],[5.18,8.75],[4.7,9.25],[4.74,9.5],[4.25,9.72],[3.81,9.5],[3.88,9.25],[3.23,9.25],[2.86,10.0],[1.75,10.58],[0.25,10.2],[0.25,11.06],[-0.5,10.73],[-0.75,11.36],[-1.25,11.06],[-2.5,11.78],[-2.75,11.46],[-2.9,12.0],[-3.43,12.5],[-3.38,13.0],[-3.8,13.25],[-3.82,14.0],[-4.0,14.09],[-4.5,13.58],[-5.0,13.48],[-5.5,14.13],[-6.0,14.16],[-6.36,14.5],[-6.25,14.91],[-5.45,15.25],[-6.25,15.69],[-6.81,15.5],[-6.53,16.0],[-5.9,16.25],[-5.56,17.5],[-4.5,18.59],[-4.53,18.0],[-4.25,17.92],[-4.22,18.75],[-3.3,20.0],[-3.15,20.5],[-3.3,20.75],[-1.75,21.79],[0.25,22.22],[0.75,22.12],[1.19,21.5],[1.75,21.3],[1.73,20.75],[1.24,20.25],[1.46,20.0],[1.38,19.5],[2.25,19.15],[3.75,19.81],[5.0,19.85],[6.25,20.37],[7.75,20.04],[7.84,19.5],[8.37,19.0],[8.35,17.75],[8.5,17.34],[8.75,17.31],[9.75,17.43],[10.22,18.5],[11.25,19.55],[12.5,20.04],[13.0,19.79],[13.93,21.0],[15.0,21.57],[16.0,21.46],[16.5,20.52],[17.0,20.5],[17.25,20.22],[18.0,20.5],[18.25,19.75],[19.0,19.4],[20.0,19.52],[21.75,20.41],[23.25,20.53],[23.5,20.81],[24.75,20.69],[24.88,21.0],[24.49,21.25],[24.65,21.75],[25.27,21.75],[25.04,21.5],[25.25,21.19],[26.45,21.5],[26.3,21.75],[26.85,22.25],[27.08,23.0],[29.0,24.71],[29.22,25.5],[30.0,25.42],[30.8,26.25],[31.02,26.75],[30.83,27.5],[31.25,27.75],[31.36,29.0],[32.25,29.13],[32.75,29.84],[33.69,29.0],[34.0,28.14],[34.75,29.11],[35.0,28.7],[37.25,29.44],[37.21,30.0],[37.46,30.0],[37.31,29.75],[37.54,29.75],[38.0,31.12],[39.15,31.0],[39.25,30.5],[39.32,31.0],[39.92,31.25],[40.0,31.6],[40.25,31.24],[40.64,31.5],[40.69,32.5],[41.5,32.37],[41.52,32.75],[41.82,33.0],[41.75,33.26],[41.15,33.25],[41.61,34.0],[40.5,34.45],[40.31,34.75],[40.5,35.34],[43.5,36.37],[44.39,35.75],[44.86,35.0],[45.7,34.75],[45.71,34.0],[46.5,33.18],[47.25,32.98],[47.25,33.3],[47.75,33.28],[48.25,32.91],[48.93,33.0],[48.95,32.75],[49.77,32.25],[50.25,31.03],[50.5,31.18],[50.97,30.5],[51.5,30.39],[52.25,29.08],[52.5,30.33],[53.0,30.14],[53.25,30.31],[53.3,30.0],[53.75,29.9],[54.0,29.91],[54.0,30.17],[50.71,32.5],[51.25,33.31],[52.75,32.67],[53.0,32.67],[53.01,33.0],[51.25,33.96],[51.0,34.38],[50.54,34.25],[50.5,34.02],[50.08,35.0],[50.21,35.5],[49.68,36.0],[50.0,36.18],[51.0,35.71],[52.75,35.36],[53.25,35.63],[54.0,35.61],[53.97,36.0],[54.3,36.25],[55.0,36.3],[55.5,36.01],[55.84,36.25],[55.75,36.62],[56.75,37.06],[57.37,37.0],[58.25,36.25],[58.5,36.37],[59.05,36.0],[58.25,35.7],[57.75,35.93],[57.36,35.75],[57.55,35.5],[59.5,35.16],[60.5,34.38],[61.0,35.0],[63.0,34.3],[62.26,34.0],[62.4,33.75],[63.0,33.43],[64.04,33.5],[64.1,33.25],[63.75,33.0],[64.0,32.72],[65.0,33.27],[65.25,33.15],[65.5,33.57],[66.0,33.42],[66.25,33.73],[66.56,33.5],[66.31,33.25],[66.25,32.44],[67.0,32.72],[67.25,33.05],[67.75,33.11],[68.5,33.92],[69.18,33.5],[69.0,32.99],[69.5,33.0],[70.0,33.79],[70.99,33.75],[70.87,34.0],[69.5,34.49],[69.0,33.82],[68.6,34.0],[69.11,34.5],[69.25,35.04],[70.75,34.66],[71.25,34.95],[72.78,34.75],[74.5,33.28],[76.85,31.75],[76.96,31.0],[77.25,30.67],[77.75,30.55],[79.5,29.24],[81.25,28.83],[82.0,28.21],[83.25,27.74],[84.5,27.67],[86.75,26.96],[91.75,26.85],[94.0,27.4],[94.16,28.0],[94.75,28.38],[95.75,28.27],[96.25,27.99],[96.52,27.0],[97.25,26.48],[97.43,27.0],[97.31,27.5],[97.73,27.5],[97.87,27.25],[98.01,25.75],[97.5,24.22],[97.75,24.05],[98.25,24.28],[98.32,24.0],[99.12,23.5],[98.69,22.75],[99.39,22.25],[99.16,21.75],[99.38,20.75],[99.5,20.62],[99.87,21.0],[99.75,21.89],[100.5,21.35],[100.75,22.27],[101.25,22.19],[101.39,21.5],[101.25,21.21],[101.0,21.47],[100.92,21.25],[101.0,20.42],[101.25,20.45],[101.5,20.99],[101.75,20.13],[102.5,20.76],[102.66,20.5],[102.48,19.75],[101.9,19.25],[102.0,19.05],[102.5,18.89],[102.75,18.51],[103.75,18.82],[105.0,17.67],[105.84,17.5],[106.1,17.0],[106.84,16.5],[106.74,16.25],[107.13,15.25],[108.5,14.06],[108.85,14.5],[108.61,15.25],[108.15,15.75],[108.19,16.25],[107.5,16.43],[107.14,16.75],[107.25,16.96],[109.0,17.68],[110.5,17.58],[113.5,18.59],[114.5,18.69],[116.25,19.66],[121.0,20.79],[124.25,21.86],[128.0,22.0],[129.0,21.71],[131.0,21.81],[133.5,22.51],[135.75,23.48],[138.75,24.01],[140.25,24.6],[141.75,24.87],[144.75,25.05],[146.5,24.79],[147.75,25.09],[152.25,25.04],[153.75,25.28],[155.0,25.76],[160.75,25.73],[162.0,25.35],[165.5,25.34],[166.5,24.83],[168.25,24.96],[168.5,25.31],[170.26,26.25],[170.56,26.75],[170.53,27.25],[171.48,28.5],[173.0,31.25],[174.5,33.13],[177.25,34.31],[179.25,34.48],[180.0,34.31]]}},{"type":"Feature","properties":{"level":1012},"geometry":{"type":"LineString","coordinates":[[131.91,-10.0],[132.33,-10.0],[131.91,-10.0]]}},{"type":"Feature","properties":{"level":1012},"geometry":{"type":"LineString","coordinates":[[-70.35,-9.75],[-69.78,-9.0],[-70.49,-8.75],[-70.39,-8.25],[-71.0,-7.9],[-71.26,-8.5],[-70.84,-8.75],[-70.89,-9.0],[-70.35,-9.75]]}},{"type":"Feature","properties":{"level":1012},"geometry":{"type":"LineString","coordinates":[[159.78,-9.75],[160.0,-9.95],[160.84,-9.75],[160.0,-9.39],[159.65,-9.5],[159.78,-9.75]]}},{"type":"Feature","properties":{"level":1012},"geometry":{"type":"LineString","coordinates":[[16.22,-9.25],[16.37,-9.0],[16.12,-7.5],[15.5,-5.81],[15.0,-5.83],[14.9,-6.0],[15.57,-7.0],[15.5,-7.43],[15.0,-7.06],[14.85,-7.25],[15.26,-8.5],[14.59,-8.75],[15.5,-9.05],[16.0,-8.69],[16.22,-9.25]]}},{"type":"Feature","properties":{"level":1012},"geometry":{"type":"LineString","coordinates":[[116.5,-9.27],[116.5,-8.91],[116.5,-9.27]]}},{"type":"Feature","properties":{"level":1012},"geometry":{"type":"LineString","coordinates":[[-46.59,-9.0],[-46.25,-9.2],[-46.25,-8.81],[-46.59,-9.0]]}},{"type":"Feature","properties":{"level":1012},"geometry":{"type":"LineString","coordinates":[[160.84,-9.0],[161.0,-9.25],[161.18,-9.0],[161.0,-8.83],[160.84,-9.0]]}},{"type":"Feature","properties":{"level":1012},"geometry":{"type":"LineString","coordinates":[[106.5,-8.28],[106.5,-8.04],[106.95,-8.25],[106.5,-8.28]]}},{"type":"Feature","properties":{"level":1012},"geometry":{"type":"LineString","coordinates":[[37.37,-8.0],[37.57,-8.0],[37.37,-8.0]]}},{"type":"Feature","properties":{"level":1012},"geometry":{"type":"LineString","coordinates":[[156.85,-8.0],[157.21,-8.0],[156.85,-8.0]]}},{"type":"Feature","properties":{"level":1012},"geometry":{"type":"LineString","coordinates":[[157.39,-8.0],[157.5,-8.14],[157.39,-8.0]]}},{"type":"Feature","properties":{"level":1012},"geometry":{"type":"LineString","coordinates":[[56.14,-7.5],[56.36,-7.25],[56.25,-7.01],[56.14,-7.5]]}},{"type":"Feature","properties":{"level":1012},"geometry":{"type":"LineString","coordinates":[[37.0,-7.06],[37.25,-6.17],[37.67,-6.5],[37.63,-6.75],[37.25,-7.16],[37.0,-7.06]]}},{"type":"Feature","properties":{"level":1012},"geometry":{"type":"LineString","coordinates":[[155.42,-6.75],[155.75,-6.84],[155.93,-6.5],[155.0,-5.56],[154.75,-5.65],[154.77,-6.0],[155.42,-6.75]]}},{"type":"Feature","properties":{"level":1012},"geometry":{"type":"LineString","coordinates":[[149.5,-6.57],[149.13,-6.25],[149.5,-6.09],[150.06,-6.5],[149.5,-6.57]]}},{"type":"Feature","properties":{"level":1012},"geometry":{"type":"LineString","coordinates":[[-47.9,-5.75],[-47.67,-5.75],[-47.75,-5.46],[-48.08,-5.5],[-47.9,-5.75]]}},{"type":"Feature","properties":{"level":1012},"geometry":{"type":"LineString","coordinates":[[104.47,-5.75],[105.03,-5.5],[104.5,-4.88],[104.0,-4.68],[103.75,-4.1],[102.99,-3.75],[101.76,-1.75],[100.73,-0.75],[100.6,0.0],[99.52,1.25],[99.55,2.0],[99.31,2.5],[98.03,3.5],[97.0,4.83],[95.5,5.15],[95.5,4.9],[96.25,4.42],[98.75,1.69],[99.08,0.75],[99.8,0.0],[100.36,-1.25],[101.75,-3.29],[104.47,-5.75]]}},{"type":"Feature","properties":{"level":1012},"geometry":{"type":"LineString","coordinates":[[122.66,-5.5],[122.75,-5.64],[123.23,-5.25],[123.26,-4.5],[122.5,-3.99],[122.45,-3.0],[121.61,-2.0],[122.75,-1.21],[123.0,-1.63],[123.34,-0.75],[121.5,-1.01],[120.75,-1.44],[120.0,-0.56],[119.68,-1.0],[119.36,-2.5],[118.98,-2.75],[118.97,-3.25],[120.25,-3.75],[120.25,-2.66],[121.0,-2.51],[121.13,-3.0],[120.87,-3.5],[121.75,-4.51],[122.0,-4.25],[122.75,-4.32],[122.92,-5.0],[122.66,-5.5]]}},{"type":"Feature","properties":{"level":1012},"geometry":{"type":"LineString","coordinates":[[56.66,-5.0],[56.75,-5.14],[56.66,-5.0]]}},{"type":"Feature","properties":{"level":1012},"geometry":{"type":"LineString","coordinates":[[18.55,-4.75],[18.98,-4.75],[19.0,-4.16],[19.5,-4.78],[20.09,-4.75],[20.45,-3.75],[20.24,-3.5],[20.98,-2.75],[20.5,-1.4],[20.25,-1.47],[20.23,-2.0],[19.69,-2.5],[19.78,-2.75],[18.92,-2.5],[18.97,-3.25],[18.44,-3.75],[18.55,-4.75]]}},{"type":"Feature","properties":{"level":1012},"geometry":{"type":"LineString","coordinates":[[-109.81,-4.5],[-109.63,-4.5],[-109.81,-4.5]]}},{"type":"Feature","properties":{"level":1012},"geometry":{"type":"LineString","coordinates":[[38.5,-4.52],[38.25,-4.07],[38.54,-4.25],[38.66,-4.5],[38.5,-4.52]]}},{"type":"Feature","properties":{"level":1012},"geometry":{"type":"LineString","coordinates":[[-81.25,-4.02],[-81.0,-3.32],[-80.75,-3.4],[-80.72,-3.75],[-81.0,-4.07],[-81.25,-4.02]]}},{"type":"Feature","properties":{"level":1012},"geometry":{"type":"LineString","coordinates":[[28.13,-3.75],[29.0,-3.71],[29.05,-3.25],[28.75,-2.8],[28.13,-3.75]]}},{"type":"Feature","properties":{"level":1012},"geometry":{"type":"LineString","coordinates":[[133.96,-3.75],[134.75,-3.96],[135.03,-3.5],[134.25,-3.08],[133.72,-3.5],[133.96,-3.75]]}},{"type":"Feature","properties":{"level":1012},"geometry":{"type":"LineString","coordinates":[[140.64,-3.75],[140.83,-3.75],[140.64,-3.75]]}},{"type":"Feature","properties":{"level":1012},"geometry":{"type":"LineString","coordinates":[[142.14,-3.5],[142.41,-3.5],[141.75,-3.11],[140.94,-3.25],[142.14,-3.5]]}},{"type":"Feature","properties":{"level":1012},"geometry":{"type":"LineString","coordinates":[[142.59,-3.5],[143.32,-3.5],[142.59,-3.5]]}},{"type":"Feature","properties":{"level":1012},"geometry":{"type":"LineString","coordinates":[[151.94,-3.5],[152.15,-3.25],[152.0,-3.11],[151.78,-3.25],[151.94,-3.5]]}},{"type":"Feature","properties":{"level":1012},"geometry":{"type":"LineString","coordinates":[[36.48,-3.25],[37.5,-3.4],[37.74,-3.0],[37.25,-2.76],[36.48,-3.25]]}},{"type":"Feature","properties":{"level":1012},"geometry":{"type":"LineString","coordinates":[[132.24,-3.0],[132.5,-3.18],[132.69,-3.0],[132.25,-2.73],[132.24,-3.0]]}},{"type":"Feature","properties":{"level":1012},"geometry":{"type":"LineString","coordinates":[[29.45,-2.75],[29.5,-2.9],[29.83,-2.5],[29.61,-2.0],[29.75,-1.53],[30.0,-1.72],[30.11,-1.5],[30.0,-1.19],[29.75,-1.45],[29.0,-1.11],[28.42,-2.5],[28.75,-2.68],[28.89,-2.0],[29.25,-1.68],[29.44,-2.0],[29.12,-2.5],[29.45,-2.75]]}},{"type":"Feature","properties":{"level":1012},"geometry":{"type":"LineString","coordinates":[[139.93,-2.75],[140.22,-2.75],[139.93,-2.75]]}},{"type":"Feature","properties":{"level":1012},"geometry":{"type":"LineString","coordinates":[[137.15,-2.5],[137.31,-2.5],[137.15,-2.5]]}},{"type":"Feature","properties":{"level":1012},"geometry":{"type":"LineString","coordinates":[[36.74,-2.25],[37.5,-2.19],[38.05,-1.5],[38.0,-1.08],[37.25,-1.43],[36.74,-2.25]]}},{"type":"Feature","properties":{"level":1012},"geometry":{"type":"LineString","coordinates":[[-47.25,-2.22],[-47.5,-1.9],[-48.0,-1.97],[-48.5,-1.66],[-48.5,-1.0],[-47.75,-0.73],[-46.34,-1.5],[-46.41,-1.75],[-47.25,-2.22]]}},{"type":"Feature","properties":{"level":1012},"geometry":{"type":"LineString","coordinates":[[124.42,-2.0],[124.75,-2.05],[124.96,-1.75],[124.5,-1.64],[124.42,-2.0]]}},{"type":"Feature","properties":{"level":1012},"geometry":{"type":"LineString","coordinates":[[127.43,-1.5],[127.75,-1.74],[127.95,-1.5],[127.75,-1.35],[127.43,-1.5]]}},{"type":"Feature","properties":{"level":1012},"geometry":{"type":"LineString","coordinates":[[132.83,-1.5],[134.0,-1.72],[134.18,-1.25],[133.0,-0.47],[132.25,-0.47],[131.77,-1.0],[132.0,-1.28],[132.83,-1.5]]}},{"type":"Feature","properties":{"level":1012},"geometry":{"type":"LineString","coordinates":[[-70.47,-1.25],[-69.71,-1.25],[-70.25,-0.79],[-70.52,-1.0],[-70.47,-1.25]]}},{"type":"Feature","properties":{"level":1012},"geometry":{"type":"LineString","coordinates":[[-95.25,-1.03],[-95.45,-1.0],[-95.25,-0.84],[-94.98,-1.0],[-95.25,-1.03]]}},{"type":"Feature","properties":{"level":1012},"geometry":{"type":"LineString","coordinates":[[34.71,-1.0],[36.0,-0.87],[36.25,-0.36],[36.75,-0.91],[37.0,-0.35],[37.5,-0.45],[37.68,0.0],[37.25,0.17],[37.0,-0.11],[35.75,-0.16],[35.5,-0.49],[34.96,-0.5],[34.71,-1.0]]}},{"type":"Feature","properties":{"level":1012},"geometry":{"type":"LineString","coordinates":[[123.0,-1.12],[123.0,-0.77],[123.2,-1.0],[123.0,-1.12]]}},{"type":"Feature","properties":{"level":1012},"geometry":{"type":"LineString","coordinates":[[127.39,-0.75],[127.67,-0.75],[127.5,-0.47],[127.39,-0.75]]}},{"type":"Feature","properties":{"level":1012},"geometry":{"type":"LineString","coordinates":[[-53.13,-0.5],[-52.79,-0.5],[-53.13,-0.5]]}},{"type":"Feature","properties":{"level":1012},"geometry":{"type":"LineString","coordinates":[[21.19,-0.5],[21.25,-0.64],[21.5,-0.05],[21.36,1.25],[21.25,1.54],[20.87,1.5],[20.62,2.0],[20.75,2.28],[20.25,2.34],[17.25,3.92],[16.0,3.47],[15.88,3.25],[16.26,3.0],[16.0,2.43],[15.66,2.25],[16.55,1.25],[18.25,0.78],[18.75,0.32],[20.25,0.2],[21.19,-0.5]]}},{"type":"Feature","properties":{"level":1012},"geometry":{"type":"LineString","coordinates":[[123.62,0.25],[124.5,0.53],[125.07,1.25],[125.0,1.44],[124.25,0.89],[123.04,0.75],[123.62,0.25]]}},{"type":"Feature","properties":{"level":1012},"geometry":{"type":"LineString","coordinates":[[127.66,0.5],[127.75,0.35],[127.93,0.5],[128.0,0.85],[127.66,0.5]]}},{"type":"Feature","properties":{"level":1012},"geometry":{"type":"LineString","coordinates":[[115.26,0.75],[116.0,0.77],[116.55,1.5],[116.28,3.5],[116.5,4.1],[117.09,4.5],[116.67,4.75],[116.72,4.5],[116.25,4.37],[116.46,4.75],[116.0,5.08],[115.5,4.86],[114.95,4.0],[115.0,2.98],[114.31,3.0],[114.15,2.5],[114.32,2.0],[113.95,1.5],[113.32,1.25],[113.75,0.78],[115.0,1.1],[115.26,0.75]]}},{"type":"Feature","properties":{"level":1012},"geometry":{"type":"LineString","coordinates":[[-58.06,1.25],[-57.79,1.25],[-58.0,1.54],[-58.06,1.25]]}},{"type":"Feature","properties":{"level":1012},"geometry":{"type":"LineString","coordinates":[[-46.5,3.13],[-47.75,4.57],[-47.72,5.0],[-47.25,5.15],[-46.66,4.75],[-46.63,3.75],[-46.0,3.52],[-45.9,3.25],[-46.25,3.0],[-46.5,3.13]]}},{"type":"Feature","properties":{"level":1012},"geometry":{"type":"LineString","coordinates":[[8.36,3.25],[8.75,3.27],[9.0,3.89],[9.25,3.9],[9.41,4.25],[9.25,4.45],[8.79,4.25],[8.89,4.0],[8.36,3.25]]}},{"type":"Feature","properties":{"level":1012},"geometry":{"type":"LineString","coordinates":[[101.48,4.25],[101.5,5.35],[101.48,4.25]]}},{"type":"Feature","properties":{"level":1012},"geometry":{"type":"LineString","coordinates":[[-55.0,4.73],[-54.65,4.75],[-55.0,4.73]]}},{"type":"Feature","properties":{"level":1012},"geometry":{"type":"LineString","coordinates":[[-52.75,4.72],[-53.5,5.34],[-56.35,5.75],[-55.25,5.89],[-54.75,6.39],[-54.5,6.36],[-53.89,5.75],[-53.0,5.4],[-52.49,4.75],[-52.75,4.72]]}},{"type":"Feature","properties":{"level":1012},"geometry":{"type":"LineString","coordinates":[[9.19,4.75],[9.75,4.85],[9.81,5.25],[10.5,4.98],[10.5,5.6],[10.8,5.75],[11.0,6.4],[11.75,6.43],[12.25,6.77],[13.5,6.5],[12.25,7.36],[11.75,6.92],[11.25,7.07],[11.0,6.54],[9.75,6.16],[9.62,6.0],[9.87,5.5],[9.5,5.09],[9.0,5.0],[9.19,4.75]]}},{"type":"Feature","properties":{"level":1012},"geometry":{"type":"LineString","coordinates":[[38.1,5.5],[38.25,5.32],[38.5,5.61],[39.25,5.53],[39.75,6.4],[40.25,6.77],[40.67,6.75],[41.0,7.18],[40.5,7.46],[39.49,7.25],[39.75,7.76],[40.1,7.75],[40.0,8.46],[39.09,8.0],[38.13,6.25],[38.1,5.5]]}},{"type":"Feature","properties":{"level":1012},"geometry":{"type":"LineString","coordinates":[[0.0,5.73],[0.0,5.93],[0.0,5.73]]}},{"type":"Feature","properties":{"level":1012},"geometry":{"type":"LineString","coordinates":[[-57.5,5.85],[-57.75,6.29],[-57.27,6.0],[-57.5,5.85]]}},{"type":"Feature","properties":{"level":1012},"geometry":{"type":"LineString","coordinates":[[-55.5,6.74],[-55.91,7.25],[-55.75,7.36],[-55.09,6.75],[-55.5,6.74]]}},{"type":"Feature","properties":{"level":1012},"geometry":{"type":"LineString","coordinates":[[7.13,6.75],[7.25,6.57],[7.5,6.7],[7.33,7.0],[7.5,7.54],[6.5,7.29],[6.0,8.23],[5.75,7.98],[5.25,7.99],[5.18,7.25],[6.75,7.21],[7.14,7.0],[7.13,6.75]]}},{"type":"Feature","properties":{"level":1012},"geometry":{"type":"LineString","coordinates":[[-65.0,6.97],[-65.23,7.0],[-65.0,7.14],[-65.0,6.97]]}},{"type":"Feature","properties":{"level":1012},"geometry":{"type":"LineString","coordinates":[[13.03,7.0],[13.75,6.83],[14.0,7.21],[14.46,7.25],[13.5,7.33],[13.03,7.0]]}},{"type":"Feature","properties":{"level":1012},"geometry":{"type":"LineString","coordinates":[[35.95,7.25],[36.58,7.25],[36.0,7.35],[36.33,7.75],[36.0,8.22],[35.16,7.75],[35.95,7.25]]}},{"type":"Feature","properties":{"level":1012},"geometry":{"type":"LineString","coordinates":[[-77.94,7.5],[-77.5,7.36],[-77.1,8.0],[-77.25,8.44],[-77.6,8.5],[-77.5,7.98],[-78.22,7.75],[-77.94,7.5]]}},{"type":"Feature","properties":{"level":1012},"geometry":{"type":"LineString","coordinates":[[124.45,7.5],[125.39,8.25],[125.14,8.75],[124.15,8.0],[124.03,7.75],[124.45,7.5]]}},{"type":"Feature","properties":{"level":1012},"geometry":{"type":"LineString","coordinates":[[1.25,7.52],[1.25,8.27],[1.48,8.0],[1.25,7.52]]}},{"type":"Feature","properties":{"level":1012},"geometry":{"type":"LineString","coordinates":[[-82.12,8.5],[-80.75,8.41],[-80.3,8.75],[-82.0,8.95],[-83.25,10.08],[-84.75,10.62],[-84.96,10.5],[-84.0,9.41],[-82.75,8.61],[-82.12,8.5]]}},{"type":"Feature","properties":{"level":1012},"geometry":{"type":"LineString","coordinates":[[4.5,8.38],[4.36,8.5],[4.71,8.5],[4.5,8.38]]}},{"type":"Feature","properties":{"level":1012},"geometry":{"type":"LineString","coordinates":[[-80.23,8.75],[-79.99,8.75],[-80.23,8.75]]}},{"type":"Feature","properties":{"level":1012},"geometry":{"type":"LineString","coordinates":[[37.33,8.75],[38.0,8.69],[39.25,9.3],[39.5,9.15],[39.86,9.75],[39.84,11.25],[39.53,12.25],[39.86,14.0],[39.5,15.0],[39.34,12.5],[38.87,11.75],[39.32,11.5],[38.7,11.0],[38.75,10.71],[39.29,10.5],[39.44,10.0],[39.0,9.64],[38.5,9.83],[38.37,9.75],[38.73,9.5],[38.0,9.44],[37.33,8.75]]}},{"type":"Feature","properties":{"level":1012},"geometry":{"type":"LineString","coordinates":[[-1.0,9.91],[-1.6,10.25],[-1.5,10.67],[-0.91,10.75],[-0.64,10.25],[-1.0,9.91]]}},{"type":"Feature","properties":{"level":1012},"geometry":{"type":"LineString","coordinates":[[37.75,10.25],[38.0,10.19],[38.21,10.5],[38.0,10.98],[37.5,11.33],[36.75,11.28],[36.56,11.0],[36.75,10.77],[37.25,10.92],[37.75,10.25]]}},{"type":"Feature","properties":{"level":1012},"geometry":{"type":"LineString","coordinates":[[46.94,10.25],[47.25,10.06],[47.75,10.74],[48.4,11.0],[47.25,10.85],[46.94,10.25]]}},{"type":"Feature","properties":{"level":1012},"geometry":{"type":"LineString","coordinates":[[-73.0,10.71],[-73.0,10.97],[-73.0,10.71]]}},{"type":"Feature","properties":{"level":1012},"geometry":{"type":"LineString","coordinates":[[-65.09,11.0],[-64.78,11.0],[-64.77,11.25],[-65.33,11.5],[-65.09,11.0]]}},{"type":"Feature","properties":{"level":1012},"geometry":{"type":"LineString","coordinates":[[-66.16,11.25],[-65.87,11.25],[-66.16,11.25]]}},{"type":"Feature","properties":{"level":1012},"geometry":{"type":"LineString","coordinates":[[76.36,11.25],[76.5,11.06],[76.75,11.15],[76.88,11.5],[76.25,12.5],[76.91,13.25],[76.5,13.45],[76.0,12.91],[75.87,13.5],[75.5,13.59],[75.29,13.25],[75.66,13.0],[75.61,12.25],[76.26,11.75],[76.36,11.25]]}},{"type":"Feature","properties":{"level":1012},"geometry":{"type":"LineString","coordinates":[[108.23,11.5],[108.92,12.0],[108.75,12.58],[108.14,12.0],[108.23,11.5]]}},{"type":"Feature","properties":{"level":1012},"geometry":{"type":"LineString","coordinates":[[-66.92,12.0],[-66.68,12.0],[-66.92,12.0]]}},{"type":"Feature","properties":{"level":1012},"geometry":{"type":"LineString","coordinates":[[0.19,12.0],[0.36,12.0],[0.19,12.0]]}},{"type":"Feature","properties":{"level":1012},"geometry":{"type":"LineString","coordinates":[[-86.28,12.75],[-85.77,12.75],[-85.5,13.12],[-85.46,14.25],[-85.97,14.5],[-85.25,15.29],[-87.0,15.27],[-87.75,14.79],[-88.5,14.92],[-89.5,14.66],[-89.75,14.72],[-89.58,15.0],[-90.13,15.5],[-91.0,15.6],[-91.5,16.11],[-92.0,15.57],[-92.5,15.5],[-91.59,14.75],[-90.5,14.25],[-90.0,14.07],[-89.5,14.4],[-88.5,14.0],[-88.25,13.67],[-87.25,13.57],[-86.28,12.75]]}},{"type":"Feature","properties":{"level":1012},"geometry":{"type":"LineString","coordinates":[[-178.38,13.5],[-178.25,13.38],[-177.92,14.0],[-177.92,14.25],[-178.25,14.44],[-178.51,14.0],[-178.38,13.5]]}},{"type":"Feature","properties":{"level":1012},"geometry":{"type":"LineString","coordinates":[[-3.82,14.25],[-3.75,14.09],[-3.75,14.44],[-3.82,14.25]]}},{"type":"Feature","properties":{"level":1012},"geometry":{"type":"LineString","coordinates":[[44.22,14.25],[44.75,14.14],[44.98,14.5],[44.67,15.75],[44.0,16.24],[43.64,15.5],[44.18,15.0],[44.22,14.25]]}},{"type":"Feature","properties":{"level":1012},"geometry":{"type":"LineString","coordinates":[[64.98,14.25],[65.75,14.03],[66.25,14.4],[67.27,14.5],[67.5,15.0],[67.25,15.5],[67.56,16.0],[67.62,17.0],[67.96,17.5],[67.72,18.0],[68.03,18.5],[67.75,18.73],[66.62,18.25],[66.25,17.75],[65.0,18.1],[63.25,17.77],[62.0,16.78],[60.75,16.59],[60.23,16.0],[60.75,15.2],[61.5,14.62],[62.75,14.97],[63.5,14.37],[64.25,14.51],[64.98,14.25]]}},{"type":"Feature","properties":{"level":1012},"geometry":{"type":"LineString","coordinates":[[-3.73,14.5],[-3.5,14.39],[-3.16,14.75],[-3.25,14.99],[-3.73,14.5]]}},{"type":"Feature","properties":{"level":1012},"geometry":{"type":"LineString","coordinates":[[74.46,15.25],[75.02,15.75],[74.93,16.0],[74.0,16.34],[74.46,15.25]]}},{"type":"Feature","properties":{"level":1012},"geometry":{"type":"LineString","coordinates":[[-175.33,15.5],[-175.08,15.5],[-175.25,15.77],[-175.33,15.5]]}},{"type":"Feature","properties":{"level":1012},"geometry":{"type":"LineString","coordinates":[[121.12,16.0],[121.5,15.93],[121.68,16.25],[121.25,16.5],[121.36,17.75],[121.28,18.25],[121.0,18.47],[120.56,16.5],[121.12,16.0]]}},{"type":"Feature","properties":{"level":1012},"geometry":{"type":"LineString","coordinates":[[-92.15,16.25],[-91.77,16.25],[-91.7,16.5],[-92.25,16.95],[-92.86,17.0],[-92.15,16.25]]}},{"type":"Feature","properties":{"level":1012},"geometry":{"type":"LineString","coordinates":[[101.62,16.25],[101.85,16.25],[101.93,17.0],[101.71,17.5],[101.0,17.92],[100.74,17.5],[101.0,16.64],[101.25,17.12],[101.62,16.25]]}},{"type":"Feature","properties":{"level":1012},"geometry":{"type":"LineString","coordinates":[[43.48,16.75],[43.75,16.99],[44.5,16.56],[44.69,16.75],[44.0,17.46],[44.0,18.55],[43.5,18.73],[42.75,18.37],[42.25,19.4],[42.35,18.25],[42.75,18.0],[43.0,18.1],[43.35,17.75],[43.48,16.75]]}},{"type":"Feature","properties":{"level":1012},"geometry":{"type":"LineString","coordinates":[[73.72,17.25],[74.03,17.25],[73.75,18.27],[73.72,17.25]]}},{"type":"Feature","properties":{"level":1012},"geometry":{"type":"LineString","coordinates":[[122.16,17.25],[122.25,17.07],[122.16,17.25]]}},{"type":"Feature","properties":{"level":1012},"geometry":{"type":"LineString","coordinates":[[-100.48,17.5],[-99.44,17.5],[-99.75,17.73],[-100.73,17.75],[-100.48,17.5]]}},{"type":"Feature","properties":{"level":1012},"geometry":{"type":"LineString","coordinates":[[101.19,18.5],[101.45,18.75],[101.44,19.5],[101.25,19.63],[101.0,19.25],[101.19,18.5]]}},{"type":"Feature","properties":{"level":1012},"geometry":{"type":"LineString","coordinates":[[96.86,19.5],[97.04,19.5],[96.83,20.0],[96.99,20.5],[96.76,21.25],[96.5,21.29],[96.7,20.75],[96.5,20.5],[96.86,19.5]]}},{"type":"Feature","properties":{"level":1012},"geometry":{"type":"LineString","coordinates":[[-102.75,19.93],[-103.37,20.25],[-103.25,20.44],[-103.0,20.55],[-102.2,20.25],[-102.25,19.98],[-102.75,19.93]]}},{"type":"Feature","properties":{"level":1012},"geometry":{"type":"LineString","coordinates":[[97.49,20.25],[97.73,21.75],[97.5,21.82],[97.02,20.5],[97.49,20.25]]}},{"type":"Feature","properties":{"level":1012},"geometry":{"type":"LineString","coordinates":[[93.73,21.0],[94.0,20.98],[94.08,21.25],[93.77,22.25],[94.0,24.21],[93.5,23.93],[93.28,22.75],[93.3,22.0],[93.73,21.0]]}},{"type":"Feature","properties":{"level":1012},"geometry":{"type":"LineString","coordinates":[[78.13,22.0],[78.25,21.79],[79.24,22.25],[79.31,22.5],[78.5,22.42],[78.13,22.0]]}},{"type":"Feature","properties":{"level":1012},"geometry":{"type":"LineString","coordinates":[[81.03,22.5],[81.81,22.75],[80.94,23.25],[80.61,23.0],[81.03,22.5]]}},{"type":"Feature","properties":{"level":1012},"geometry":{"type":"LineString","coordinates":[[96.8,22.75],[97.0,22.69],[97.5,23.42],[98.0,23.45],[98.19,23.75],[97.5,23.89],[96.8,22.75]]}},{"type":"Feature","properties":{"level":1012},"geometry":{"type":"LineString","coordinates":[[94.07,25.0],[94.25,24.85],[94.75,25.05],[95.33,25.75],[95.47,26.5],[96.02,26.75],[96.0,27.09],[95.55,27.0],[93.73,25.5],[93.58,25.25],[94.07,25.0]]}},{"type":"Feature","properties":{"level":1012},"geometry":{"type":"LineString","coordinates":[[-99.75,25.5],[-100.0,25.75],[-99.7,25.75],[-99.75,25.5]]}},{"type":"Feature","properties":{"level":1012},"geometry":{"type":"LineString","coordinates":[[91.13,25.5],[91.75,25.34],[92.35,25.5],[91.75,25.72],[91.13,25.5]]}},{"type":"Feature","properties":{"level":1012},"geometry":{"type":"LineString","coordinates":[[-174.0,27.44],[-174.0,27.59],[-174.0,27.44]]}},{"type":"Feature","properties":{"level":1012},"geometry":{"type":"LineString","coordinates":[[56.88,28.5],[57.07,28.5],[57.03,28.75],[56.66,29.0],[57.0,29.17],[57.75,29.0],[58.36,28.5],[57.59,29.5],[57.7,30.0],[57.5,30.21],[57.0,29.73],[55.75,30.12],[55.61,30.0],[56.27,28.75],[56.88,28.5]]}},{"type":"Feature","properties":{"level":1012},"geometry":{"type":"LineString","coordinates":[[66.08,28.5],[66.5,28.43],[66.79,28.75],[66.75,29.61],[66.25,29.14],[66.08,28.5]]}},{"type":"Feature","properties":{"level":1012},"geometry":{"type":"LineString","coordinates":[[54.68,28.75],[55.21,28.75],[54.64,29.25],[55.01,29.5],[54.33,29.5],[54.17,29.0],[54.68,28.75]]}},{"type":"Feature","properties":{"level":1012},"geometry":{"type":"LineString","coordinates":[[88.75,28.72],[87.75,28.79],[87.57,29.0],[87.75,29.78],[89.25,29.8],[89.75,29.3],[90.25,29.73],[90.5,29.39],[90.79,29.75],[90.29,30.0],[91.0,30.18],[91.12,30.5],[90.75,30.59],[90.0,30.27],[89.5,30.55],[88.47,30.25],[88.0,29.79],[87.75,30.3],[86.5,29.95],[86.25,30.65],[85.25,30.32],[84.25,30.6],[83.5,31.1],[83.25,30.94],[82.75,31.11],[82.0,31.61],[81.0,31.74],[80.25,32.3],[80.0,32.11],[79.25,32.85],[79.0,32.73],[78.75,32.92],[78.75,33.18],[79.5,33.01],[79.74,33.25],[79.5,33.55],[80.25,33.82],[80.67,33.5],[79.86,33.0],[80.02,32.75],[81.5,32.42],[82.0,32.8],[82.5,32.09],[83.25,32.09],[84.0,32.62],[84.21,32.25],[84.75,32.08],[85.29,32.5],[85.25,31.64],[85.75,31.81],[86.79,32.75],[86.68,33.0],[87.0,33.44],[87.91,33.5],[88.75,33.99],[89.25,33.95],[88.5,34.2],[88.33,34.5],[88.52,34.75],[91.0,35.76],[93.5,35.68],[94.44,35.25],[93.96,35.0],[94.25,34.85],[95.25,35.32],[95.5,35.11],[96.25,35.19],[96.5,35.51],[97.28,35.0],[96.25,34.43],[98.0,34.07],[98.25,34.55],[98.5,34.6],[99.74,34.0],[99.5,33.6],[98.51,33.5],[98.43,33.0],[97.85,32.75],[99.09,31.5],[98.75,31.22],[98.25,31.55],[97.75,31.48],[97.49,31.25],[97.87,30.75],[97.75,30.42],[97.0,30.99],[96.5,31.05],[96.16,31.75],[95.01,32.25],[95.1,33.0],[95.92,33.75],[95.73,34.0],[95.24,34.0],[95.25,33.7],[94.5,34.02],[93.25,33.09],[92.0,33.0],[91.34,32.0],[91.07,31.0],[91.25,30.62],[91.64,30.5],[91.31,30.25],[91.75,30.12],[91.88,29.75],[91.75,29.54],[91.17,29.5],[92.14,29.25],[91.75,28.97],[90.5,28.81],[90.25,29.12],[89.75,28.8],[88.75,28.72]]}},{"type":"Feature","properties":{"level":1012},"geometry":{"type":"LineString","coordinates":[[67.37,30.5],[67.95,30.5],[67.5,31.14],[66.75,31.04],[67.25,30.96],[67.37,30.5]]}},{"type":"Feature","properties":{"level":1012},"geometry":{"type":"LineString","coordinates":[[80.75,30.74],[80.75,31.25],[81.79,30.75],[80.75,30.74]]}},{"type":"Feature","properties":{"level":1012},"geometry":{"type":"LineString","coordinates":[[161.5,30.96],[161.25,31.11],[161.16,31.75],[161.5,32.5],[162.25,32.83],[163.07,32.5],[163.22,32.0],[163.0,31.37],[162.25,31.0],[161.5,30.96]]}},{"type":"Feature","properties":{"level":1012},"geometry":{"type":"LineString","coordinates":[[35.5,31.23],[35.5,31.64],[35.5,31.23]]}},{"type":"Feature","properties":{"level":1012},"geometry":{"type":"LineString","coordinates":[[79.75,31.22],[79.18,31.75],[79.5,32.17],[80.35,31.25],[79.75,31.22]]}},{"type":"Feature","properties":{"level":1012},"geometry":{"type":"LineString","coordinates":[[92.25,31.03],[92.05,31.25],[92.5,31.57],[94.21,31.5],[92.75,31.44],[92.25,31.03]]}},{"type":"Feature","properties":{"level":1012},"geometry":{"type":"LineString","coordinates":[[53.74,31.5],[54.25,31.27],[54.35,31.5],[53.75,32.02],[53.25,32.04],[53.74,31.5]]}},{"type":"Feature","properties":{"level":1012},"geometry":{"type":"LineString","coordinates":[[59.82,32.75],[60.17,32.75],[60.38,33.25],[60.03,33.75],[58.25,34.29],[58.5,33.95],[59.0,33.99],[59.47,33.5],[59.5,33.14],[59.88,33.0],[59.82,32.75]]}},{"type":"Feature","properties":{"level":1012},"geometry":{"type":"LineString","coordinates":[[93.06,33.75],[93.58,33.75],[93.45,34.0],[94.0,34.15],[94.01,34.5],[93.51,34.5],[93.06,33.75]]}},{"type":"Feature","properties":{"level":1012},"geometry":{"type":"LineString","coordinates":[[-180.0,34.31],[-177.51,32.25],[-177.14,31.5],[-177.23,30.75],[-176.98,30.5],[-176.91,29.0],[-176.35,28.25],[-176.6,27.0],[-175.71,26.25],[-176.15,25.0],[-176.09,23.75],[-175.61,22.5],[-175.21,22.25],[-175.25,22.05],[-175.79,22.0],[-175.58,20.75],[-176.03,20.0],[-175.63,18.75],[-175.25,18.16],[-174.9,18.25],[-174.75,17.62],[-174.45,17.5],[-174.21,17.0],[-174.25,16.17],[-173.95,16.25],[-173.75,17.07],[-173.5,16.85],[-173.0,17.46],[-172.5,16.49],[-172.25,16.62],[-171.5,14.64],[-171.0,14.95],[-170.54,13.5],[-169.5,13.48],[-169.25,12.66],[-167.0,13.83],[-165.75,14.11],[-163.75,14.34],[-162.25,13.97],[-161.25,14.06],[-159.89,14.5],[-156.5,14.95],[-155.25,15.39],[-155.0,15.18],[-154.75,15.46],[-153.5,15.83],[-153.25,16.16],[-152.25,16.3],[-151.75,16.67],[-151.25,16.55],[-149.5,17.07],[-149.0,16.96],[-147.5,17.5],[-147.5,17.75],[-146.5,18.33],[-146.23,18.75],[-142.5,19.86],[-142.24,20.0],[-142.25,20.33],[-139.75,21.06],[-139.25,20.87],[-138.34,21.0],[-136.97,22.75],[-135.75,27.22],[-134.61,28.5],[-129.5,32.3],[-126.67,35.25],[-125.83,37.25],[-125.72,38.75],[-124.85,42.0],[-124.5,42.38],[-123.75,41.97],[-122.37,42.25],[-122.28,43.0],[-121.97,43.25],[-122.27,43.5],[-121.75,44.48],[-121.09,45.0],[-120.96,45.5],[-121.23,47.0],[-120.34,48.25],[-120.36,48.75],[-120.97,49.0],[-120.67,49.5],[-121.25,50.0],[-122.5,50.18],[-122.75,49.92],[-123.75,50.5],[-123.4,50.75],[-123.5,51.03],[-124.76,51.5],[-124.79,51.75],[-124.25,51.83],[-123.5,51.52],[-122.75,51.59],[-121.5,51.03],[-121.5,50.67],[-121.25,50.52],[-120.5,51.0],[-120.79,51.5],[-120.5,52.11],[-122.08,53.25],[-121.95,53.75],[-122.25,54.36],[-122.0,54.21],[-121.99,54.5],[-121.08,54.75],[-121.01,55.0],[-121.56,55.25],[-122.11,56.0],[-122.0,57.33],[-120.75,57.48],[-119.8,58.0],[-119.15,58.75],[-117.5,59.23],[-115.75,59.49],[-114.0,59.07],[-112.5,59.35],[-110.0,59.22],[-105.26,58.25],[-102.25,57.37],[-97.53,54.75],[-96.04,53.5],[-94.6,51.75],[-93.65,48.75],[-93.07,48.0],[-92.91,47.0],[-93.05,46.5],[-92.19,45.75],[-92.69,44.25],[-94.07,42.75],[-97.97,40.0],[-98.5,39.4],[-102.0,37.09],[-102.75,37.09],[-103.25,36.8],[-104.75,37.26],[-105.34,38.5],[-104.85,39.0],[-105.37,39.75],[-105.42,40.5],[-105.8,41.25],[-106.5,41.39],[-107.2,41.0],[-107.41,40.25],[-108.25,39.6],[-108.5,39.7],[-108.59,39.5],[-108.08,39.25],[-108.3,39.0],[-108.0,38.67],[-108.75,38.89],[-109.32,38.5],[-108.92,37.5],[-107.75,36.5],[-107.92,36.0],[-108.5,35.94],[-109.0,36.57],[-109.75,36.03],[-110.19,36.25],[-110.28,35.0],[-110.75,34.91],[-111.54,35.5],[-112.25,36.82],[-112.64,35.75],[-113.0,35.77],[-113.0,35.45],[-111.75,34.81],[-111.5,34.25],[-110.15,33.25],[-110.51,32.25],[-110.18,32.0],[-110.77,31.75],[-110.64,31.0],[-110.5,30.71],[-109.75,30.76],[-109.5,31.27],[-109.22,31.25],[-109.15,30.75],[-109.38,30.5],[-108.61,29.0],[-109.05,28.25],[-108.57,28.0],[-107.9,26.5],[-106.33,24.75],[-105.74,23.5],[-104.98,23.0],[-104.75,22.31],[-104.5,22.61],[-104.13,22.25],[-104.04,21.75],[-103.72,22.0],[-103.75,21.21],[-103.0,21.5],[-103.85,20.25],[-103.75,19.78],[-103.5,19.59],[-103.25,19.83],[-102.75,19.73],[-102.25,19.27],[-101.5,19.12],[-100.5,19.35],[-99.75,18.46],[-99.25,18.83],[-98.22,18.75],[-97.95,17.75],[-98.75,17.73],[-99.08,17.5],[-98.75,17.15],[-98.0,17.14],[-97.0,16.45],[-95.8,17.0],[-96.81,18.5],[-96.67,19.75],[-97.75,20.17],[-99.27,21.75],[-99.35,22.75],[-99.0,23.5],[-99.27,24.5],[-98.75,24.44],[-98.56,24.75],[-99.2,25.25],[-99.5,26.65],[-100.13,27.75],[-100.34,29.0],[-98.5,29.51],[-97.75,29.48],[-97.0,29.76],[-96.25,30.67],[-95.0,30.77],[-94.25,30.28],[-93.75,30.41],[-92.82,29.25],[-92.83,28.75],[-92.51,28.25],[-92.75,27.88],[-93.5,27.8],[-93.5,27.2],[-93.25,27.02],[-92.75,27.69],[-92.5,27.7],[-92.16,27.25],[-92.25,26.41],[-91.25,26.76],[-90.75,26.27],[-90.5,25.54],[-89.79,25.0],[-89.72,24.5],[-89.0,24.15],[-88.0,22.9],[-84.5,20.84],[-82.46,18.5],[-81.71,17.25],[-80.75,16.42],[-80.0,16.11],[-79.0,16.34],[-75.75,15.82],[-75.5,16.03],[-74.72,15.5],[-73.5,13.98],[-73.04,14.0],[-73.0,14.34],[-72.75,14.45],[-71.25,13.96],[-71.0,14.25],[-69.57,13.25],[-68.0,12.65],[-67.5,12.87],[-67.0,12.67],[-66.5,12.84],[-65.5,12.25],[-64.25,11.96],[-63.91,11.5],[-64.13,11.0],[-63.81,10.75],[-64.75,10.06],[-65.25,10.08],[-65.71,10.25],[-65.75,10.63],[-68.0,10.54],[-68.75,11.31],[-69.75,11.39],[-70.99,10.5],[-70.73,9.5],[-72.25,8.43],[-72.75,8.73],[-72.84,9.25],[-72.41,10.25],[-72.39,11.0],[-74.0,11.26],[-74.18,10.75],[-73.91,10.25],[-73.75,10.11],[-73.22,10.5],[-73.71,8.5],[-73.5,7.4],[-73.75,7.09],[-74.0,8.43],[-74.48,8.25],[-74.75,7.48],[-75.73,7.75],[-76.0,8.06],[-76.5,8.05],[-76.7,6.75],[-76.42,5.5],[-77.25,2.92],[-77.69,2.5],[-78.0,1.73],[-79.0,0.73],[-79.75,0.7],[-81.79,-2.0],[-84.25,-2.33],[-85.25,-2.09],[-85.25,-1.82],[-85.0,-1.75],[-85.25,-1.73],[-86.5,-2.4],[-88.25,-2.58],[-88.84,-2.25],[-88.63,-1.5],[-89.0,-0.95],[-89.5,-0.7],[-90.0,-0.91],[-90.25,-0.54],[-90.75,-0.74],[-90.6,-0.25],[-90.75,-0.11],[-91.0,-0.27],[-91.25,0.22],[-91.5,0.14],[-91.49,-0.75],[-91.75,-1.07],[-92.75,-1.18],[-92.72,-0.5],[-92.25,0.08],[-91.03,0.75],[-91.5,0.82],[-92.5,0.44],[-93.5,0.56],[-94.6,0.0],[-94.5,-0.25],[-94.75,-0.51],[-95.66,-0.75],[-95.57,-1.25],[-96.35,-1.75],[-96.5,-2.26],[-97.0,-2.12],[-97.5,-2.39],[-98.25,-1.25],[-98.5,-2.2],[-98.75,-1.8],[-99.75,-1.63],[-100.25,-2.24],[-101.0,-2.16],[-102.0,-2.66],[-104.0,-2.14],[-104.67,-2.5],[-104.7,-2.75],[-104.24,-3.0],[-105.75,-4.11],[-106.5,-3.91],[-107.0,-4.48],[-107.5,-4.23],[-108.0,-4.73],[-108.25,-4.56],[-108.75,-4.82],[-109.5,-4.75],[-110.5,-5.2],[-112.0,-4.95],[-112.25,-5.73],[-113.34,-6.0],[-113.2,-6.25],[-113.7,-6.75],[-114.77,-7.25],[-114.88,-7.75],[-115.5,-8.5],[-115.55,-9.25],[-115.94,-10.0],[-117.75,-10.76],[-119.5,-10.7],[-120.25,-10.42],[-121.0,-11.1],[-123.0,-11.06],[-124.25,-11.53],[-125.0,-11.19],[-126.25,-11.51],[-126.75,-11.32],[-129.0,-11.38],[-129.25,-11.85],[-129.75,-12.13],[-131.5,-11.76],[-131.65,-12.5],[-132.25,-13.36],[-134.0,-13.93],[-135.25,-13.72],[-135.37,-14.0],[-136.0,-14.03],[-137.0,-13.66],[-137.25,-14.07],[-138.0,-14.12],[-139.0,-13.68],[-140.25,-14.58],[-141.0,-14.9],[-141.75,-14.84],[-142.5,-15.33],[-143.25,-15.07],[-145.25,-15.34],[-146.75,-15.05],[-147.75,-15.41],[-153.0,-14.98],[-153.75,-15.25],[-156.0,-14.3],[-163.5,-11.94],[-166.25,-11.47],[-170.5,-11.41],[-172.0,-11.09],[-173.75,-10.35],[-175.0,-10.78],[-175.25,-10.49],[-178.0,-10.47],[-180.0,-10.8]]}},{"type":"Feature","properties":{"level":1012},"geometry":{"type":"LineString","coordinates":[[62.5,35.28],[62.49,36.0],[62.75,36.16],[63.2,35.75],[62.5,35.28]]}},{"type":"Feature","properties":{"level":1012},"geometry":{"type":"LineString","coordinates":[[-118.55,36.0],[-118.14,36.0],[-118.35,37.0],[-120.0,38.82],[-119.56,37.5],[-118.86,36.75],[-118.55,36.0]]}},{"type":"Feature","properties":{"level":1012},"geometry":{"type":"LineString","coordinates":[[-51.5,35.91],[-51.81,36.25],[-51.75,36.77],[-51.25,37.29],[-50.49,37.5],[-50.23,37.25],[-50.39,36.25],[-51.0,35.75],[-51.5,35.91]]}},{"type":"Feature","properties":{"level":1012},"geometry":{"type":"LineString","coordinates":[[97.5,35.97],[96.25,36.35],[93.96,36.5],[93.97,37.25],[94.5,37.74],[95.0,37.59],[95.0,37.79],[94.5,37.82],[94.48,38.0],[95.0,38.13],[96.0,37.29],[96.75,37.5],[97.75,37.39],[98.34,37.0],[98.34,36.75],[98.0,36.13],[97.5,35.97]]}},{"type":"Feature","properties":{"level":1012},"geometry":{"type":"LineString","coordinates":[[56.74,36.5],[57.25,36.32],[57.76,36.5],[57.0,36.8],[56.74,36.5]]}},{"type":"Feature","properties":{"level":1012},"geometry":{"type":"LineString","coordinates":[[-113.15,37.5],[-112.25,37.39],[-111.29,38.0],[-111.43,38.75],[-111.25,39.81],[-111.61,39.0],[-112.54,38.5],[-113.15,37.5]]}},{"type":"Feature","properties":{"level":1012},"geometry":{"type":"LineString","coordinates":[[176.25,38.69],[176.25,38.89],[176.25,38.69]]}},{"type":"Feature","properties":{"level":1012},"geometry":{"type":"LineString","coordinates":[[176.5,38.9],[176.37,39.0],[176.71,39.0],[176.5,38.9]]}},{"type":"Feature","properties":{"level":1012},"geometry":{"type":"LineString","coordinates":[[-111.04,40.25],[-109.64,40.75],[-111.0,40.82],[-111.04,40.25]]}},{"type":"Feature","properties":{"level":1012},"geometry":{"type":"LineString","coordinates":[[-48.75,40.23],[-50.0,40.95],[-50.75,42.0],[-51.79,42.75],[-52.25,43.42],[-55.67,45.25],[-59.75,45.69],[-61.25,45.5],[-61.5,45.77],[-63.66,46.25],[-66.23,48.25],[-66.16,49.25],[-67.01,50.25],[-66.7,51.75],[-67.0,52.13],[-70.25,53.44],[-74.51,54.75],[-78.18,56.5],[-80.0,58.01],[-80.59,59.0],[-80.64,60.0],[-79.67,63.0],[-78.44,64.5],[-75.5,65.97],[-74.5,66.75],[-73.93,67.75],[-74.15,68.25],[-73.75,68.55],[-73.25,68.7],[-72.25,68.52],[-71.5,67.34],[-70.25,66.93],[-68.25,66.44],[-67.0,66.56],[-65.0,66.0],[-65.29,65.75],[-65.0,65.62],[-64.0,65.46],[-62.5,65.91],[-62.25,66.32],[-61.38,66.75],[-62.0,67.13],[-63.88,67.5],[-64.5,67.92],[-65.86,68.0],[-66.78,68.25],[-67.0,68.59],[-68.01,68.75],[-67.75,69.12],[-66.98,69.25],[-67.66,69.5],[-67.62,70.0],[-68.5,70.72],[-70.0,71.36],[-70.3,71.75],[-68.11,72.75],[-68.71,73.25],[-68.67,73.75],[-69.01,74.0],[-75.5,74.79],[-79.87,74.5],[-79.02,75.0],[-76.79,75.25],[-77.75,75.5],[-79.25,75.5],[-80.35,76.0],[-78.25,76.96],[-78.58,78.0],[-72.5,78.41],[-69.5,78.3],[-67.0,78.7],[-63.75,79.59],[-63.16,79.5],[-63.54,79.25],[-62.52,78.75],[-62.46,78.5],[-64.13,78.0],[-61.96,76.5],[-59.75,76.06],[-59.0,75.59],[-58.31,75.5],[-58.58,75.25],[-58.19,74.5],[-58.31,73.25],[-59.44,72.25],[-59.5,71.62],[-61.75,70.0],[-61.8,69.25],[-61.37,68.75],[-60.25,68.33],[-54.25,68.7],[-52.48,68.5],[-51.95,68.0],[-52.36,67.75],[-51.95,67.0],[-50.79,66.5],[-51.45,66.25],[-49.71,65.75],[-48.88,64.5],[-49.06,63.0],[-48.72,62.5],[-47.25,61.85],[-44.5,61.48],[-44.0,60.43],[-40.24,61.5],[-39.49,62.0],[-38.9,64.25],[-38.0,64.93],[-37.0,65.18],[-35.75,65.3],[-33.75,65.02],[-28.4,62.5],[-28.57,62.0],[-27.93,61.5],[-27.92,61.25],[-28.35,60.75],[-31.25,59.81],[-36.66,56.75],[-37.44,54.25],[-37.21,52.5],[-36.5,51.5],[-36.5,50.25],[-38.08,48.5],[-40.41,46.5],[-42.5,43.29],[-43.5,42.27],[-46.25,40.41],[-47.5,40.03],[-48.75,40.23]]}},{"type":"Feature","properties":{"level":1012},"geometry":{"type":"LineString","coordinates":[[180.0,40.4],[177.36,39.25],[178.0,39.91],[179.5,40.58],[180.0,41.11]]}},{"type":"Feature","properties":{"level":1012},"geometry":{"type":"LineString","coordinates":[[-180.0,41.11],[-179.62,41.5],[-179.02,41.5],[-179.03,41.25],[-180.0,40.4]]}},{"type":"Feature","properties":{"level":1012},"geometry":{"type":"LineString","coordinates":[[117.75,45.48],[116.5,45.87],[114.5,45.96],[112.96,46.5],[113.39,46.75],[113.37,47.0],[112.86,47.75],[113.35,48.0],[112.32,48.5],[112.06,49.0],[112.03,50.0],[112.43,50.5],[112.38,51.5],[114.0,52.76],[116.25,53.01],[119.0,52.8],[120.17,52.25],[120.64,51.75],[120.69,51.0],[121.04,50.5],[120.93,49.75],[121.27,49.5],[121.2,48.75],[119.56,46.75],[118.27,46.0],[118.17,45.5],[117.75,45.48]]}},{"type":"Feature","properties":{"level":1012},"geometry":{"type":"LineString","coordinates":[[49.25,48.2],[48.0,48.34],[47.38,50.0],[47.0,50.3],[45.25,50.77],[44.75,51.21],[44.0,51.27],[42.75,52.34],[41.01,53.0],[40.75,53.61],[38.25,53.69],[32.0,55.43],[31.0,55.33],[29.25,54.71],[24.75,54.08],[18.5,53.92],[16.5,54.51],[8.0,55.97],[3.75,56.44],[-3.25,56.77],[-4.75,57.23],[-5.5,57.78],[-10.0,58.42],[-16.25,60.17],[-20.5,62.17],[-21.19,62.75],[-21.35,63.5],[-21.0,64.08],[-18.5,64.91],[-17.11,64.75],[-18.07,65.5],[-17.88,66.25],[-18.49,67.0],[-17.83,69.25],[-16.44,71.25],[-15.0,72.69],[-9.61,76.5],[-9.07,77.5],[-9.55,78.0],[-12.75,78.65],[-18.5,78.64],[-20.75,78.85],[-21.05,79.0],[-19.59,79.25],[-20.05,79.5],[-18.74,80.0],[-19.61,80.25],[-19.02,80.75],[-22.75,81.09],[-23.75,80.95],[-23.92,81.0],[-23.49,81.25],[-26.75,81.64],[-27.45,82.0],[-26.85,82.25],[-27.75,82.34],[-29.22,83.0],[-28.81,83.25],[-31.5,83.43],[-33.0,83.91],[-34.5,84.09],[-46.5,84.75],[-50.75,85.26],[-57.95,86.75],[-59.72,87.5],[-59.99,88.0],[-59.0,88.54],[-56.0,89.01],[-43.0,89.54],[45.0,89.78],[93.0,89.36],[100.75,88.82],[102.75,88.33],[103.74,87.75],[103.76,87.0],[102.82,85.5],[99.55,82.75],[98.91,81.75],[96.0,80.82],[95.61,80.5],[93.69,80.25],[91.39,78.25],[86.87,75.75],[84.25,74.56],[80.11,73.25],[74.96,71.25],[73.23,68.75],[71.02,66.5],[69.5,65.54],[68.43,64.5],[59.75,61.01],[59.03,61.0],[59.03,60.75],[58.0,60.25],[55.0,56.83],[54.63,55.0],[52.67,52.0],[52.62,51.25],[51.82,50.0],[50.75,48.84],[50.04,48.5],[49.5,48.54],[49.25,48.2]]}},{"type":"Feature","properties":{"level":1012},"geometry":{"type":"LineString","coordinates":[[180.0,48.03],[174.75,48.06],[170.25,48.47],[163.25,49.67],[157.5,50.96],[157.01,51.25],[156.75,51.78],[152.75,53.08],[149.93,54.5],[147.78,56.25],[146.84,57.25],[146.58,58.0],[147.01,59.25],[149.75,59.99],[152.25,59.99],[152.32,60.25],[154.0,60.48],[158.86,62.75],[159.81,63.5],[159.05,63.75],[158.5,64.25],[156.25,64.2],[154.5,64.7],[152.25,66.23],[150.0,67.19],[148.99,68.25],[148.49,69.25],[148.78,69.5],[148.62,70.0],[149.1,72.0],[152.5,73.82],[157.25,75.81],[161.25,76.83],[164.29,78.0],[165.03,78.75],[164.52,80.5],[165.5,80.99],[172.25,81.36],[180.0,80.87]]}},{"type":"Feature","properties":{"level":1012},"geometry":{"type":"LineString","coordinates":[[-127.31,62.5],[-127.15,62.75],[-127.56,63.0],[-126.96,63.25],[-128.5,63.35],[-129.0,63.73],[-129.75,63.66],[-129.92,64.0],[-129.48,64.25],[-130.0,64.53],[-131.25,64.37],[-132.25,64.62],[-133.2,64.25],[-131.0,63.65],[-130.18,63.75],[-130.36,63.25],[-129.75,62.69],[-128.5,62.65],[-128.25,63.0],[-128.24,62.75],[-127.31,62.5]]}},{"type":"Feature","properties":{"level":1012},"geometry":{"type":"LineString","coordinates":[[-65.66,63.75],[-65.23,64.0],[-65.71,64.5],[-66.56,64.25],[-66.0,63.87],[-65.75,63.99],[-65.66,63.75]]}},{"type":"Feature","properties":{"level":1012},"geometry":{"type":"LineString","coordinates":[[-20.0,79.88],[-20.0,80.05],[-20.0,79.88]]}},{"type":"Feature","properties":{"level":1012},"geometry":{"type":"LineString","coordinates":[[-180.0,80.87],[-172.75,80.75],[-159.5,81.81],[-140.5,80.93],[-135.5,80.36],[-127.43,79.0],[-123.5,77.75],[-121.9,76.5],[-122.17,74.75],[-122.02,74.5],[-123.28,73.75],[-123.99,72.5],[-123.73,72.25],[-124.43,71.75],[-124.53,69.5],[-124.07,69.25],[-124.73,69.0],[-124.75,68.75],[-124.49,68.5],[-124.45,67.75],[-123.59,67.0],[-123.51,66.5],[-122.75,65.91],[-122.7,65.25],[-122.46,65.0],[-122.69,64.5],[-122.56,64.25],[-123.36,62.75],[-123.84,62.5],[-124.04,61.75],[-125.15,61.25],[-124.88,60.75],[-126.0,60.33],[-125.87,59.75],[-126.47,59.5],[-125.5,59.09],[-124.83,58.5],[-124.38,57.5],[-125.0,57.34],[-126.25,57.68],[-126.55,57.0],[-127.06,56.75],[-126.5,55.89],[-125.72,55.75],[-125.0,55.08],[-124.5,55.37],[-123.75,54.92],[-123.15,55.25],[-122.85,54.75],[-123.25,54.36],[-123.75,54.38],[-123.88,54.0],[-125.0,53.98],[-124.85,54.5],[-126.0,55.17],[-126.75,55.25],[-127.75,56.1],[-128.25,55.89],[-129.88,56.25],[-128.51,56.5],[-128.75,57.05],[-130.25,56.61],[-130.43,56.75],[-130.15,57.0],[-130.5,57.41],[-131.75,57.69],[-132.0,57.39],[-132.25,57.44],[-132.75,57.95],[-132.98,57.75],[-132.76,57.5],[-132.76,56.25],[-133.5,55.83],[-134.75,54.53],[-136.0,53.97],[-147.75,54.77],[-155.75,54.37],[-156.75,53.97],[-158.25,54.03],[-164.25,52.27],[-168.75,50.44],[-169.25,50.0],[-170.75,49.78],[-175.75,47.98],[-176.75,47.9],[-178.25,48.17],[-180.0,48.03]]}},{"type":"Feature","properties":{"level":1016},"geometry":{"type":"LineString","coordinates":[[38.25,-89.26],[38.02,-89.25],[69.0,-89.03],[77.03,-89.25],[53.75,-89.44],[38.25,-89.26]]}},{"type":"Feature","properties":{"level":1016},"geometry":{"type":"LineString","coordinates":[[180.0,-88.56],[170.99,-88.5],[173.13,-88.25],[172.23,-88.0],[172.02,-87.75],[172.34,-87.5],[170.14,-87.25],[158.25,-87.25],[154.1,-87.0],[143.75,-85.59],[138.5,-85.11],[136.75,-84.38],[132.36,-84.0],[131.99,-83.5],[129.5,-83.13],[128.98,-83.0],[128.87,-82.75],[129.92,-82.5],[131.76,-81.5],[131.25,-81.27],[125.75,-81.36],[124.25,-81.64],[123.04,-81.25],[124.0,-81.03],[125.75,-81.06],[127.75,-80.25],[127.63,-79.5],[126.07,-78.75],[127.25,-78.25],[132.75,-76.92],[135.5,-76.64],[136.38,-76.0],[136.3,-75.75],[136.56,-75.5],[134.0,-73.74],[133.0,-72.42],[130.5,-71.48],[128.5,-71.16],[123.5,-71.05],[122.25,-71.33],[120.5,-72.15],[117.25,-71.7],[110.5,-71.52],[107.0,-70.93],[105.9,-71.0],[105.0,-71.57],[104.97,-71.75],[106.27,-72.25],[106.77,-73.25],[107.0,-75.25],[106.07,-75.5],[106.37,-75.75],[106.25,-75.9],[103.75,-75.62],[102.0,-74.92],[101.0,-75.07],[99.02,-74.75],[99.06,-74.5],[98.61,-74.25],[101.0,-74.38],[101.34,-74.0],[101.25,-73.75],[95.91,-72.5],[95.7,-72.25],[96.17,-71.75],[96.14,-71.5],[95.5,-71.07],[91.75,-71.7],[88.25,-71.97],[87.65,-72.25],[87.0,-73.05],[85.11,-73.75],[83.73,-75.25],[80.25,-76.64],[66.71,-77.25],[66.44,-77.5],[68.04,-78.25],[67.04,-78.75],[67.54,-79.0],[67.48,-79.25],[66.25,-79.5],[59.04,-79.5],[57.0,-79.05],[56.75,-78.25],[55.99,-78.0],[56.96,-77.75],[56.75,-77.48],[60.25,-77.4],[62.67,-77.0],[60.25,-76.38],[55.0,-76.47],[54.83,-76.5],[55.25,-76.81],[54.25,-77.18],[51.0,-76.98],[45.25,-77.23],[42.25,-77.04],[40.91,-76.5],[39.25,-76.26],[37.25,-76.24],[35.0,-76.4],[32.11,-77.0],[30.36,-78.0],[31.34,-79.0],[31.45,-79.75],[34.0,-80.75],[39.97,-82.0],[42.48,-82.75],[48.25,-83.32],[53.25,-84.13],[58.94,-85.25],[59.57,-85.5],[59.66,-85.75],[56.5,-85.98],[47.68,-86.0],[50.17,-86.5],[50.3,-86.75],[48.75,-86.88],[40.75,-87.34],[24.25,-87.65],[5.0,-88.71],[-8.25,-88.97],[-32.75,-89.08],[-124.0,-88.33],[-150.25,-88.29],[-180.0,-88.56]]}},{"type":"Feature","properties":{"level":1016},"geometry":{"type":"LineString","coordinates":[[118.25,-81.03],[118.5,-80.74],[120.75,-80.27],[123.5,-80.42],[123.93,-80.5],[124.02,-80.75],[122.75,-81.05],[118.25,-81.03]]}},{"type":"Feature","properties":{"level":1016},"geometry":{"type":"LineString","coordinates":[[104.25,-79.06],[103.8,-78.75],[103.8,-78.25],[104.5,-78.12],[105.5,-78.41],[105.94,-79.0],[105.5,-79.19],[104.25,-79.06]]}},{"type":"Feature","properties":{"level":1016},"geometry":{"type":"LineString","coordinates":[[-180.0,-53.34],[-173.75,-53.49],[-169.25,-53.28],[-166.5,-52.92],[-163.25,-51.8],[-159.82,-49.75],[-155.37,-46.25],[-152.69,-44.0],[-148.37,-39.5],[-142.95,-35.75],[-141.5,-34.19],[-138.25,-33.68],[-133.0,-32.4],[-127.5,-32.24],[-117.25,-33.31],[-112.25,-34.22],[-109.25,-35.52],[-106.75,-36.1],[-102.25,-36.46],[-101.25,-36.26],[-98.5,-34.73],[-95.75,-32.71],[-94.5,-31.61],[-94.5,-31.21],[-94.25,-31.15],[-93.75,-31.52],[-93.0,-30.83],[-92.25,-31.09],[-92.21,-30.5],[-92.0,-30.36],[-91.5,-30.62],[-91.13,-30.5],[-91.0,-30.12],[-90.5,-30.12],[-90.75,-29.57],[-90.5,-29.74],[-89.0,-29.15],[-88.38,-29.5],[-88.35,-29.0],[-88.82,-28.5],[-88.7,-27.5],[-89.43,-27.0],[-89.64,-26.5],[-89.5,-26.22],[-86.5,-27.91],[-86.0,-28.58],[-85.5,-28.56],[-84.0,-29.9],[-83.5,-29.87],[-83.25,-30.35],[-82.75,-30.38],[-82.25,-30.96],[-81.75,-31.02],[-81.56,-31.5],[-80.0,-32.69],[-77.75,-35.31],[-77.24,-35.5],[-76.23,-37.0],[-74.25,-38.98],[-74.4,-39.75],[-74.0,-41.0],[-74.35,-42.0],[-74.05,-43.5],[-74.41,-44.25],[-74.2,-45.0],[-74.52,-45.75],[-74.12,-46.5],[-74.12,-47.5],[-73.93,-47.75],[-74.19,-48.0],[-74.0,-48.36],[-74.47,-49.0],[-74.0,-49.75],[-74.04,-50.75],[-73.75,-51.02],[-73.65,-51.75],[-73.83,-52.5],[-74.25,-53.0],[-73.91,-53.25],[-74.06,-53.5],[-71.63,-54.75],[-71.09,-55.25],[-65.8,-57.5],[-62.25,-58.31],[-57.0,-58.24],[-48.57,-55.75],[-41.75,-53.41],[-36.75,-51.26],[-35.03,-50.75],[-28.0,-47.54],[-27.0,-46.78],[-24.9,-44.25],[-23.08,-40.25],[-22.45,-37.5],[-22.67,-36.0],[-22.96,-35.5],[-22.45,-34.5],[-22.57,-34.0],[-23.24,-33.5],[-22.89,-33.25],[-23.25,-32.81],[-23.5,-33.23],[-25.0,-32.62],[-25.5,-32.04],[-28.0,-32.17],[-29.07,-32.0],[-29.57,-31.75],[-29.63,-31.5],[-29.25,-31.39],[-27.5,-31.83],[-27.0,-31.61],[-25.75,-31.98],[-23.5,-31.16],[-18.75,-30.47],[-17.25,-30.54],[-14.5,-31.21],[-8.75,-34.1],[-8.0,-34.8],[-6.39,-35.25],[-5.0,-36.16],[-2.25,-36.96],[-1.5,-37.63],[-0.5,-38.05],[1.0,-39.41],[3.9,-41.25],[7.25,-44.81],[9.0,-47.21],[11.5,-48.8],[13.75,-49.83],[16.7,-50.75],[19.25,-52.02],[21.75,-52.49],[25.5,-52.19],[32.0,-50.97],[54.0,-49.3],[61.23,-48.0],[64.5,-46.93],[67.0,-46.52],[71.75,-46.76],[83.0,-48.29],[88.25,-48.74],[91.5,-48.83],[94.75,-48.58],[99.5,-47.6],[105.49,-46.0],[110.5,-44.34],[111.5,-44.32],[113.0,-43.69],[114.7,-42.5],[117.21,-39.5],[117.68,-39.25],[118.03,-38.5],[117.87,-38.0],[118.45,-37.25],[118.97,-37.0],[119.38,-36.0],[119.17,-35.5],[118.5,-34.95],[118.47,-34.5],[118.94,-34.25],[118.75,-34.04],[116.56,-33.75],[116.65,-33.25],[116.25,-32.38],[116.0,-32.37],[115.5,-32.92],[114.71,-32.5],[108.85,-27.0],[108.75,-26.25],[107.64,-25.5],[107.52,-24.0],[108.15,-23.0],[107.77,-22.5],[107.99,-21.25],[107.25,-20.43],[105.96,-20.5],[105.25,-19.68],[104.5,-19.33],[104.0,-19.39],[100.5,-17.97],[99.75,-18.23],[98.25,-18.1],[96.25,-17.45],[94.5,-17.47],[91.75,-16.63],[90.0,-16.56],[83.5,-15.51],[81.0,-14.86],[75.0,-14.69],[74.25,-14.47],[70.25,-14.88],[69.5,-14.63],[65.75,-14.84],[65.25,-15.04],[64.5,-14.77],[63.5,-14.89],[63.0,-15.2],[62.5,-15.0],[60.75,-15.28],[59.25,-15.06],[58.75,-15.36],[57.75,-15.07],[56.25,-15.4],[55.5,-15.05],[50.75,-15.28],[49.75,-16.32],[49.75,-18.25],[49.98,-19.25],[49.32,-20.0],[48.5,-20.5],[48.0,-20.14],[47.8,-19.0],[47.5,-19.08],[47.25,-18.62],[46.45,-18.5],[46.4,-19.5],[47.05,-19.75],[46.75,-19.78],[46.63,-20.5],[47.33,-21.25],[46.75,-22.2],[46.0,-22.08],[45.51,-22.75],[45.96,-23.5],[45.7,-24.0],[46.18,-24.25],[46.25,-24.84],[44.5,-25.34],[43.5,-25.2],[42.57,-24.75],[41.5,-23.82],[39.5,-22.68],[38.94,-21.75],[38.6,-20.75],[38.61,-20.0],[38.25,-19.55],[36.75,-19.25],[35.5,-19.48],[34.75,-20.14],[35.14,-22.25],[34.53,-24.25],[33.5,-24.63],[32.25,-25.8],[31.96,-25.75],[31.9,-26.5],[32.37,-27.0],[32.35,-27.5],[31.93,-28.0],[32.16,-28.75],[32.1,-31.25],[32.32,-31.75],[33.54,-32.75],[33.54,-33.0],[31.5,-32.09],[31.0,-32.23],[30.96,-33.0],[31.77,-33.75],[31.07,-35.5],[29.75,-35.37],[29.41,-35.0],[27.5,-34.1],[27.0,-33.41],[26.62,-33.25],[24.25,-33.69],[21.38,-33.25],[21.0,-32.98],[19.75,-33.16],[19.01,-32.0],[19.75,-31.82],[20.5,-32.58],[20.76,-32.5],[19.26,-31.25],[19.25,-30.59],[17.75,-30.19],[16.5,-28.13],[14.75,-27.18],[13.65,-26.25],[12.38,-24.5],[11.75,-22.57],[11.34,-22.0],[10.0,-20.86],[9.41,-20.0],[7.79,-18.75],[7.75,-18.43],[7.21,-18.25],[7.0,-17.25],[6.25,-17.12],[5.16,-15.75],[4.75,-15.55],[4.5,-14.92],[3.52,-14.5],[3.35,-13.75],[3.0,-14.1],[2.5,-13.56],[1.75,-11.76],[0.0,-9.06],[-0.25,-8.2],[-1.0,-7.97],[-1.5,-8.27],[-3.0,-7.45],[-5.25,-6.91],[-5.75,-6.5],[-6.75,-6.6],[-10.25,-5.1],[-12.25,-4.61],[-12.75,-4.28],[-14.75,-3.95],[-16.0,-3.19],[-16.75,-3.35],[-19.0,-4.77],[-20.25,-4.9],[-21.0,-4.47],[-21.5,-4.67],[-22.11,-5.25],[-22.5,-6.21],[-23.25,-5.42],[-24.0,-5.21],[-24.75,-5.89],[-25.5,-5.49],[-26.25,-6.31],[-28.0,-6.38],[-28.7,-6.75],[-29.0,-7.82],[-29.5,-7.38],[-30.75,-7.97],[-31.25,-7.77],[-32.25,-8.25],[-34.25,-7.36],[-34.75,-6.87],[-35.0,-7.75],[-35.25,-7.81],[-35.61,-7.25],[-35.58,-6.75],[-36.0,-6.51],[-36.39,-7.25],[-37.06,-7.25],[-37.3,-7.75],[-36.47,-9.5],[-36.5,-10.36],[-36.75,-10.47],[-38.03,-9.5],[-37.56,-9.25],[-38.0,-8.92],[-38.15,-9.25],[-38.68,-9.25],[-39.0,-9.85],[-39.5,-9.3],[-41.25,-10.07],[-41.5,-10.5],[-41.63,-11.75],[-42.11,-12.25],[-41.87,-13.25],[-41.25,-14.0],[-41.33,-14.25],[-42.5,-14.75],[-42.61,-15.0],[-42.25,-15.45],[-41.77,-15.5],[-42.03,-15.75],[-41.55,-16.5],[-41.57,-17.0],[-42.02,-17.75],[-41.5,-18.12],[-40.83,-19.5],[-42.0,-19.44],[-42.25,-20.25],[-42.0,-20.52],[-41.0,-20.35],[-40.0,-19.59],[-38.82,-22.0],[-39.01,-22.25],[-38.89,-23.0],[-37.51,-27.0],[-37.71,-28.5],[-37.0,-29.49],[-35.87,-30.25],[-34.82,-31.5],[-35.08,-32.25],[-34.95,-32.5],[-36.5,-32.9],[-36.67,-33.25],[-37.75,-33.92],[-43.5,-35.22],[-45.25,-35.1],[-47.25,-34.56],[-48.75,-33.85],[-49.25,-33.86],[-49.75,-33.31],[-50.56,-33.0],[-51.22,-31.0],[-50.64,-29.5],[-51.55,-28.25],[-51.75,-27.53],[-53.05,-27.25],[-54.0,-26.77],[-54.89,-27.0],[-55.48,-26.0],[-55.59,-25.25],[-55.25,-24.25],[-55.7,-23.0],[-56.29,-22.25],[-56.03,-21.75],[-57.16,-21.0],[-57.2,-18.75],[-57.75,-17.58],[-58.5,-17.37],[-59.0,-17.7],[-60.24,-17.0],[-60.53,-16.5],[-62.5,-16.21],[-63.17,-17.0],[-63.17,-17.5],[-63.75,-17.72],[-65.44,-17.0],[-66.5,-15.98],[-66.75,-16.16],[-67.75,-16.04],[-68.5,-15.1],[-68.8,-14.25],[-71.5,-13.06],[-72.0,-12.33],[-72.25,-12.34],[-72.5,-12.78],[-73.5,-13.06],[-74.29,-12.25],[-74.58,-11.5],[-75.0,-11.1],[-75.25,-11.15],[-75.75,-9.61],[-76.36,-9.25],[-76.41,-8.75],[-77.28,-7.25],[-77.18,-6.25],[-77.75,-5.63],[-78.12,-5.75],[-78.25,-6.27],[-78.82,-6.25],[-79.11,-7.0],[-78.65,-7.5],[-78.79,-7.75],[-78.16,-8.75],[-77.85,-10.0],[-76.02,-13.25],[-74.1,-15.25],[-74.0,-15.64],[-72.5,-15.94],[-70.75,-17.43],[-70.4,-17.5],[-69.25,-20.07],[-69.07,-22.5],[-69.24,-23.75],[-69.5,-24.54],[-69.75,-24.65],[-70.5,-24.15],[-70.71,-24.75],[-70.5,-25.25],[-70.0,-24.98],[-69.63,-25.25],[-69.61,-26.0],[-70.0,-27.84],[-70.67,-29.25],[-70.71,-31.0],[-71.5,-32.23],[-71.85,-32.0],[-72.43,-30.25],[-72.25,-28.12],[-71.97,-27.75],[-72.13,-27.25],[-71.81,-26.75],[-72.03,-26.0],[-71.0,-26.31],[-70.9,-26.0],[-71.4,-25.25],[-71.47,-24.5],[-71.25,-24.25],[-71.78,-23.25],[-71.46,-23.0],[-71.78,-22.0],[-70.98,-21.75],[-71.08,-20.75],[-71.5,-20.1],[-74.0,-18.19],[-76.0,-17.32],[-78.75,-16.55],[-80.5,-15.4],[-81.75,-15.35],[-83.75,-13.84],[-84.25,-13.67],[-85.5,-13.76],[-86.0,-13.4],[-87.75,-12.99],[-88.5,-13.16],[-90.0,-12.96],[-93.0,-14.02],[-94.0,-13.61],[-95.5,-14.14],[-96.5,-14.04],[-97.5,-14.54],[-98.75,-16.3],[-99.5,-16.78],[-99.75,-16.4],[-100.4,-16.25],[-100.56,-16.0],[-100.07,-14.75],[-100.5,-14.46],[-100.76,-15.0],[-101.75,-15.37],[-102.75,-14.95],[-102.44,-15.5],[-103.61,-15.75],[-103.88,-16.0],[-103.75,-16.5],[-106.25,-16.86],[-107.5,-16.7],[-108.75,-17.16],[-109.75,-16.67],[-112.75,-17.26],[-114.74,-18.25],[-115.16,-18.75],[-115.75,-20.31],[-116.25,-19.96],[-117.75,-20.45],[-119.5,-20.06],[-120.0,-20.28],[-122.0,-20.15],[-122.75,-20.55],[-123.75,-20.23],[-125.5,-20.92],[-126.25,-20.4],[-126.5,-20.89],[-127.0,-20.58],[-128.0,-20.62],[-128.25,-21.37],[-129.0,-21.15],[-129.5,-20.56],[-130.25,-21.32],[-130.5,-20.36],[-131.0,-20.23],[-131.37,-21.0],[-132.0,-21.32],[-132.75,-21.15],[-133.25,-20.23],[-133.5,-20.92],[-133.75,-20.32],[-134.0,-20.37],[-133.95,-21.25],[-134.25,-21.42],[-134.95,-21.25],[-135.25,-20.67],[-136.25,-20.45],[-136.75,-21.04],[-137.0,-20.45],[-138.5,-21.22],[-139.5,-20.78],[-140.75,-21.06],[-142.75,-20.65],[-143.75,-20.77],[-145.25,-20.03],[-146.0,-19.9],[-147.0,-19.87],[-147.5,-20.1],[-148.25,-19.78],[-148.5,-20.0],[-149.5,-19.71],[-150.0,-19.89],[-150.5,-19.21],[-151.75,-19.47],[-153.75,-19.04],[-156.0,-19.19],[-159.25,-17.98],[-167.0,-15.84],[-171.75,-15.85],[-176.0,-15.54],[-177.25,-15.23],[-178.25,-15.51],[-180.0,-15.47]]}},{"type":"Feature","properties":{"level":1016},"geometry":{"type":"LineString","coordinates":[[-71.75,-50.04],[-72.79,-49.25],[-72.2,-49.0],[-72.48,-48.75],[-72.29,-48.25],[-73.28,-48.0],[-72.25,-47.62],[-71.31,-48.0],[-71.56,-48.25],[-71.5,-48.55],[-70.3,-49.5],[-70.75,-49.96],[-71.75,-50.04]]}},{"type":"Feature","properties":{"level":1016},"geometry":{"type":"LineString","coordinates":[[167.25,-39.25],[166.0,-39.05],[164.6,-38.0],[164.38,-37.5],[164.73,-36.25],[165.7,-35.0],[166.75,-34.29],[168.25,-34.02],[169.75,-34.2],[170.5,-34.75],[170.87,-35.5],[170.87,-37.25],[169.53,-38.5],[167.25,-39.25]]}},{"type":"Feature","properties":{"level":1016},"geometry":{"type":"LineString","coordinates":[[-71.75,-32.79],[-71.75,-32.57],[-71.75,-32.79]]}},{"type":"Feature","properties":{"level":1016},"geometry":{"type":"LineString","coordinates":[[28.21,-32.75],[28.36,-32.75],[28.21,-32.75]]}},{"type":"Feature","properties":{"level":1016},"geometry":{"type":"LineString","coordinates":[[-71.5,-32.54],[-71.67,-32.5],[-71.5,-32.38],[-71.5,-32.54]]}},{"type":"Feature","properties":{"level":1016},"geometry":{"type":"LineString","coordinates":[[-30.0,-31.78],[-30.0,-31.62],[-30.0,-31.78]]}},{"type":"Feature","properties":{"level":1016},"geometry":{"type":"LineString","coordinates":[[153.75,-31.61],[153.25,-30.64],[153.5,-30.88],[153.75,-30.75],[154.0,-31.1],[154.06,-31.5],[153.75,-31.61]]}},{"type":"Feature","properties":{"level":1016},"geometry":{"type":"LineString","coordinates":[[27.5,-31.0],[28.0,-31.2],[28.25,-30.5],[28.75,-30.34],[29.5,-29.5],[29.59,-29.25],[28.5,-28.38],[27.75,-29.12],[27.47,-29.0],[27.52,-29.5],[27.29,-29.75],[27.8,-30.5],[27.5,-31.0]]}},{"type":"Feature","properties":{"level":1016},"geometry":{"type":"LineString","coordinates":[[-93.75,-30.84],[-93.75,-30.55],[-93.56,-30.75],[-93.75,-30.84]]}},{"type":"Feature","properties":{"level":1016},"geometry":{"type":"LineString","coordinates":[[153.75,-30.75],[153.6,-30.5],[153.75,-30.37],[153.75,-30.75]]}},{"type":"Feature","properties":{"level":1016},"geometry":{"type":"LineString","coordinates":[[153.5,-30.21],[153.31,-29.75],[152.99,-29.75],[152.77,-29.0],[153.0,-28.66],[153.75,-28.68],[153.99,-29.0],[153.97,-29.75],[153.5,-30.21]]}},{"type":"Feature","properties":{"level":1016},"geometry":{"type":"LineString","coordinates":[[145.06,-29.0],[145.39,-29.0],[145.06,-29.0]]}},{"type":"Feature","properties":{"level":1016},"geometry":{"type":"LineString","coordinates":[[146.7,-29.0],[147.25,-29.07],[147.25,-28.65],[147.0,-28.55],[146.7,-29.0]]}},{"type":"Feature","properties":{"level":1016},"geometry":{"type":"LineString","coordinates":[[30.86,-27.75],[31.65,-27.75],[31.66,-27.0],[31.41,-25.75],[31.11,-25.5],[31.19,-24.75],[30.75,-24.42],[29.95,-25.5],[30.18,-26.0],[30.06,-26.5],[30.5,-26.39],[31.12,-27.25],[30.86,-27.75]]}},{"type":"Feature","properties":{"level":1016},"geometry":{"type":"LineString","coordinates":[[135.89,-25.75],[136.5,-25.77],[136.63,-25.5],[136.0,-25.4],[135.89,-25.75]]}},{"type":"Feature","properties":{"level":1016},"geometry":{"type":"LineString","coordinates":[[136.68,-25.0],[136.75,-24.7],[136.68,-25.0]]}},{"type":"Feature","properties":{"level":1016},"geometry":{"type":"LineString","coordinates":[[30.14,-24.25],[30.25,-24.42],[30.35,-24.25],[30.0,-23.27],[29.58,-23.75],[30.14,-24.25]]}},{"type":"Feature","properties":{"level":1016},"geometry":{"type":"LineString","coordinates":[[134.92,-24.0],[135.51,-23.25],[134.75,-22.7],[134.08,-22.75],[133.75,-23.43],[133.5,-23.19],[132.88,-23.5],[133.0,-23.91],[133.75,-23.5],[134.92,-24.0]]}},{"type":"Feature","properties":{"level":1016},"geometry":{"type":"LineString","coordinates":[[-46.89,-23.25],[-46.5,-23.47],[-45.89,-23.0],[-45.88,-22.75],[-46.25,-22.44],[-46.75,-22.64],[-46.89,-23.25]]}},{"type":"Feature","properties":{"level":1016},"geometry":{"type":"LineString","coordinates":[[-70.35,-22.5],[-70.25,-22.61],[-70.11,-22.25],[-70.25,-21.78],[-70.44,-22.0],[-70.35,-22.5]]}},{"type":"Feature","properties":{"level":1016},"geometry":{"type":"LineString","coordinates":[[18.62,-21.0],[19.16,-21.0],[19.86,-19.5],[19.0,-18.9],[17.29,-19.5],[18.17,-20.0],[18.62,-21.0]]}},{"type":"Feature","properties":{"level":1016},"geometry":{"type":"LineString","coordinates":[[-70.39,-19.5],[-70.25,-19.68],[-70.25,-18.89],[-70.39,-19.5]]}},{"type":"Feature","properties":{"level":1016},"geometry":{"type":"LineString","coordinates":[[-41.62,-19.25],[-41.5,-19.4],[-41.35,-19.25],[-41.62,-19.25]]}},{"type":"Feature","properties":{"level":1016},"geometry":{"type":"LineString","coordinates":[[-65.5,-18.57],[-66.0,-18.24],[-66.4,-17.5],[-65.87,-17.5],[-65.18,-18.5],[-65.5,-18.57]]}},{"type":"Feature","properties":{"level":1016},"geometry":{"type":"LineString","coordinates":[[-41.0,-17.8],[-41.0,-17.43],[-40.69,-17.75],[-41.0,-17.8]]}},{"type":"Feature","properties":{"level":1016},"geometry":{"type":"LineString","coordinates":[[169.25,-16.86],[168.58,-16.0],[169.0,-15.73],[169.61,-16.75],[169.25,-16.86]]}},{"type":"Feature","properties":{"level":1016},"geometry":{"type":"LineString","coordinates":[[-73.6,-16.25],[-73.38,-16.25],[-73.6,-16.25]]}},{"type":"Feature","properties":{"level":1016},"geometry":{"type":"LineString","coordinates":[[-61.76,-15.75],[-61.5,-15.91],[-61.5,-15.71],[-61.76,-15.75]]}},{"type":"Feature","properties":{"level":1016},"geometry":{"type":"LineString","coordinates":[[180.0,-15.47],[179.25,-15.62],[176.25,-14.69],[176.0,-14.95],[173.25,-14.44],[172.5,-14.88],[171.25,-14.87],[169.75,-14.46],[168.75,-14.58],[168.5,-14.85],[167.91,-14.75],[167.5,-15.04],[166.75,-14.63],[166.75,-15.46],[167.26,-15.75],[167.25,-16.33],[167.0,-16.58],[164.5,-16.9],[162.0,-17.72],[159.75,-17.1],[157.25,-17.37],[154.5,-16.68],[150.75,-16.65],[147.5,-16.12],[146.25,-16.45],[145.25,-15.9],[144.89,-16.25],[145.06,-16.75],[144.72,-18.25],[145.5,-18.71],[146.15,-19.5],[146.0,-19.73],[145.5,-19.76],[145.41,-19.25],[145.0,-19.17],[144.38,-19.5],[144.48,-20.0],[145.0,-20.37],[145.75,-20.48],[146.07,-21.5],[146.89,-22.0],[147.11,-22.5],[146.75,-22.42],[146.5,-22.91],[146.0,-23.18],[145.73,-23.0],[145.73,-23.75],[145.47,-24.0],[145.25,-25.0],[144.75,-24.7],[144.3,-25.0],[145.0,-25.56],[145.22,-26.5],[146.57,-27.5],[146.18,-28.0],[146.75,-28.03],[147.0,-28.37],[147.75,-28.6],[147.75,-29.75],[148.5,-30.24],[148.5,-30.63],[148.0,-30.87],[147.5,-30.44],[147.31,-30.75],[147.0,-30.77],[146.5,-30.37],[146.0,-30.44],[145.5,-29.58],[144.5,-29.74],[144.0,-29.18],[143.0,-29.69],[141.25,-28.1],[140.5,-29.32],[140.25,-29.1],[140.08,-29.25],[140.19,-29.5],[140.0,-29.69],[138.85,-28.25],[136.91,-27.25],[136.25,-27.19],[135.76,-27.5],[135.79,-28.0],[135.27,-28.75],[133.0,-30.71],[131.75,-31.02],[130.32,-31.75],[129.89,-32.75],[129.8,-35.25],[130.25,-36.17],[131.0,-36.69],[135.5,-38.48],[143.5,-41.15],[146.5,-43.06],[147.45,-42.25],[145.98,-41.25],[146.25,-40.76],[148.25,-40.06],[150.75,-40.07],[152.63,-39.0],[152.95,-36.25],[151.85,-34.5],[151.75,-33.48],[152.5,-32.93],[153.25,-32.83],[153.75,-33.25],[154.52,-33.25],[155.0,-33.87],[156.0,-34.13],[156.75,-34.03],[157.35,-34.75],[157.23,-35.5],[157.69,-37.0],[157.66,-40.0],[157.89,-41.25],[159.61,-43.75],[162.0,-46.02],[164.5,-47.65],[171.75,-51.17],[176.0,-52.54],[180.0,-53.34]]}},{"type":"Feature","properties":{"level":1016},"geometry":{"type":"LineString","coordinates":[[147.85,-9.5],[148.25,-9.53],[148.2,-9.25],[147.71,-8.75],[146.81,-7.0],[146.25,-7.1],[145.93,-6.25],[145.25,-5.69],[144.25,-5.62],[143.25,-4.96],[142.5,-5.33],[142.29,-5.0],[141.01,-4.75],[138.75,-3.71],[138.7,-3.5],[137.5,-3.68],[136.5,-3.56],[136.25,-3.91],[135.6,-4.0],[139.5,-4.58],[140.5,-5.07],[142.0,-5.38],[142.75,-6.1],[144.0,-6.75],[144.5,-6.22],[145.5,-6.96],[145.75,-7.43],[146.5,-7.64],[147.09,-8.75],[147.85,-9.5]]}},{"type":"Feature","properties":{"level":1016},"geometry":{"type":"LineString","coordinates":[[-36.0,-7.54],[-36.17,-7.5],[-35.84,-7.5],[-36.0,-7.54]]}},{"type":"Feature","properties":{"level":1016},"geometry":{"type":"LineString","coordinates":[[147.11,-6.5],[147.48,-6.5],[147.55,-6.25],[145.99,-5.75],[146.25,-6.13],[147.11,-6.5]]}},{"type":"Feature","properties":{"level":1016},"geometry":{"type":"LineString","coordinates":[[-79.44,-6.25],[-79.25,-6.42],[-79.06,-6.25],[-79.17,-5.0],[-78.85,-4.25],[-78.95,-3.75],[-78.21,-2.25],[-78.05,-1.0],[-77.64,-0.5],[-77.64,0.25],[-76.5,1.57],[-76.08,1.75],[-75.57,3.0],[-75.56,3.75],[-75.04,4.75],[-75.28,6.75],[-75.96,7.25],[-76.23,6.5],[-76.0,5.63],[-75.58,5.25],[-75.68,4.5],[-76.13,4.0],[-76.25,3.25],[-77.18,1.5],[-77.75,1.35],[-78.59,0.5],[-78.59,0.0],[-79.06,-0.75],[-79.07,-2.25],[-79.57,-3.0],[-79.28,-4.0],[-79.91,-5.0],[-79.34,-5.75],[-79.44,-6.25]]}},{"type":"Feature","properties":{"level":1016},"geometry":{"type":"LineString","coordinates":[[-74.7,3.5],[-74.25,3.47],[-74.0,3.72],[-73.25,4.98],[-72.75,5.31],[-71.9,6.5],[-72.26,7.0],[-72.25,7.64],[-72.75,7.64],[-73.0,8.09],[-73.04,7.0],[-72.72,6.5],[-73.82,6.0],[-74.44,4.75],[-74.7,3.5]]}},{"type":"Feature","properties":{"level":1016},"geometry":{"type":"LineString","coordinates":[[-72.16,8.0],[-72.0,7.8],[-71.0,8.21],[-70.03,9.5],[-71.0,9.12],[-71.39,8.75],[-71.35,8.5],[-72.16,8.0]]}},{"type":"Feature","properties":{"level":1016},"geometry":{"type":"LineString","coordinates":[[-24.45,15.0],[-24.25,14.77],[-24.07,15.0],[-24.25,15.19],[-24.45,15.0]]}},{"type":"Feature","properties":{"level":1016},"geometry":{"type":"LineString","coordinates":[[-70.63,18.5],[-70.16,18.5],[-70.09,18.75],[-70.53,19.25],[-70.34,19.5],[-71.61,19.25],[-71.49,19.0],[-71.75,18.64],[-71.18,18.75],[-70.63,18.5]]}},{"type":"Feature","properties":{"level":1016},"geometry":{"type":"LineString","coordinates":[[-155.82,19.25],[-155.5,19.11],[-155.02,19.5],[-155.25,20.17],[-155.65,20.0],[-155.82,19.25]]}},{"type":"Feature","properties":{"level":1016},"geometry":{"type":"LineString","coordinates":[[104.27,19.75],[104.75,19.53],[105.01,20.0],[104.0,20.56],[103.8,20.25],[104.27,19.75]]}},{"type":"Feature","properties":{"level":1016},"geometry":{"type":"LineString","coordinates":[[-165.2,20.25],[-164.5,20.1],[-163.25,21.26],[-163.13,20.5],[-162.75,20.25],[-161.25,20.67],[-160.5,20.5],[-159.25,20.73],[-157.0,21.46],[-156.49,21.25],[-156.44,20.75],[-156.0,20.65],[-155.25,21.26],[-153.71,21.75],[-153.0,22.34],[-151.25,22.51],[-149.0,23.32],[-144.25,25.99],[-142.26,27.75],[-140.0,30.51],[-138.75,31.22],[-138.83,31.5],[-137.13,32.75],[-134.81,35.25],[-135.0,36.08],[-134.19,36.5],[-133.5,36.46],[-132.81,36.75],[-131.08,38.0],[-130.45,39.0],[-128.5,39.95],[-125.24,44.5],[-125.21,45.75],[-126.75,47.5],[-128.0,48.53],[-129.61,51.0],[-131.75,52.36],[-132.0,52.74],[-132.75,52.93],[-135.75,52.31],[-140.75,52.11],[-142.75,52.26],[-144.0,52.11],[-145.0,52.38],[-146.5,52.2],[-148.5,52.82],[-151.0,52.64],[-152.5,52.84],[-159.25,51.73],[-162.0,50.69],[-163.25,49.97],[-163.59,49.5],[-163.36,48.5],[-163.75,48.03],[-165.25,46.82],[-166.07,46.5],[-167.08,45.5],[-168.25,45.09],[-172.0,42.92],[-174.73,41.0],[-176.67,39.0],[-177.2,37.75],[-176.29,36.0],[-175.9,35.75],[-174.17,33.25],[-174.19,32.75],[-173.69,31.75],[-173.64,30.75],[-172.84,29.5],[-173.21,27.75],[-172.59,27.0],[-171.75,25.1],[-170.25,23.91],[-167.75,20.99],[-166.0,20.32],[-165.2,20.25]]}},{"type":"Feature","properties":{"level":1016},"geometry":{"type":"LineString","coordinates":[[18.91,21.75],[19.37,22.0],[19.5,22.95],[19.16,22.75],[18.91,21.75]]}},{"type":"Feature","properties":{"level":1016},"geometry":{"type":"LineString","coordinates":[[-10.26,22.75],[-9.72,23.0],[-10.0,23.36],[-10.26,22.75]]}},{"type":"Feature","properties":{"level":1016},"geometry":{"type":"LineString","coordinates":[[120.73,23.0],[121.0,22.75],[121.47,23.5],[121.9,24.5],[121.75,25.17],[121.05,24.5],[120.73,23.0]]}},{"type":"Feature","properties":{"level":1016},"geometry":{"type":"LineString","coordinates":[[110.5,24.49],[110.5,24.84],[110.75,24.77],[110.75,24.45],[110.5,24.49]]}},{"type":"Feature","properties":{"level":1016},"geometry":{"type":"LineString","coordinates":[[105.75,24.74],[105.75,25.88],[106.25,25.09],[106.5,25.56],[106.95,25.5],[107.0,25.06],[106.25,24.89],[106.0,24.61],[105.75,24.74]]}},{"type":"Feature","properties":{"level":1016},"geometry":{"type":"LineString","coordinates":[[-106.0,25.0],[-105.75,24.77],[-105.67,25.0],[-105.99,25.25],[-105.93,26.5],[-107.0,26.82],[-106.85,26.0],[-106.44,25.75],[-106.0,25.0]]}},{"type":"Feature","properties":{"level":1016},"geometry":{"type":"LineString","coordinates":[[10.25,25.14],[9.14,25.75],[9.08,26.25],[7.72,26.5],[8.0,26.79],[7.42,26.75],[7.75,27.73],[8.5,27.87],[9.0,27.47],[9.5,27.56],[10.5,27.25],[10.23,26.5],[10.54,26.0],[10.27,25.75],[10.25,25.14]]}},{"type":"Feature","properties":{"level":1016},"geometry":{"type":"LineString","coordinates":[[104.75,27.61],[104.16,28.0],[103.45,29.5],[102.94,30.0],[103.66,31.0],[105.16,32.25],[105.33,32.75],[105.82,33.0],[105.95,33.25],[105.45,33.5],[106.0,33.89],[106.17,33.0],[106.0,32.5],[107.25,32.05],[108.0,31.39],[108.5,31.36],[108.97,31.0],[106.75,28.56],[106.15,28.5],[106.4,28.0],[106.19,27.75],[104.75,27.61]]}},{"type":"Feature","properties":{"level":1016},"geometry":{"type":"LineString","coordinates":[[88.0,28.19],[86.45,28.5],[86.04,28.75],[86.19,29.0],[86.0,29.12],[85.75,28.96],[83.28,29.5],[82.66,30.25],[83.75,30.43],[84.75,29.93],[84.97,30.0],[84.82,30.25],[82.75,30.78],[81.75,30.46],[80.35,30.75],[79.04,31.5],[79.0,32.29],[78.5,32.05],[78.24,32.25],[78.46,32.5],[78.17,32.75],[78.5,33.0],[78.26,33.25],[79.25,33.89],[80.25,34.1],[80.86,34.0],[81.25,33.42],[83.0,33.22],[83.75,32.91],[84.07,33.0],[83.68,33.25],[84.11,33.75],[87.0,34.15],[87.57,34.5],[87.83,35.0],[88.9,35.25],[90.0,36.01],[94.25,35.87],[94.99,35.5],[94.5,36.04],[93.04,36.75],[93.5,38.0],[93.2,38.75],[93.5,38.95],[94.5,38.3],[95.17,38.5],[94.5,38.7],[94.5,39.01],[95.61,38.75],[95.5,38.2],[95.75,38.04],[96.5,37.99],[97.22,38.25],[97.2,38.5],[98.0,38.38],[98.5,38.79],[98.88,38.25],[98.5,37.47],[100.25,37.16],[100.5,36.61],[99.7,36.5],[100.84,36.25],[100.75,36.0],[100.25,35.86],[99.39,36.25],[99.17,35.0],[100.5,34.52],[101.5,35.13],[102.5,34.39],[103.09,34.25],[103.17,33.25],[102.25,32.28],[102.0,31.12],[101.5,31.7],[101.01,31.25],[101.19,31.0],[101.0,30.82],[100.5,31.26],[100.25,30.7],[100.0,30.97],[99.12,30.75],[99.29,30.25],[99.1,29.75],[99.5,29.5],[99.75,28.77],[99.5,28.41],[99.25,28.33],[99.15,28.75],[97.75,30.24],[97.59,30.0],[98.13,29.25],[98.0,28.97],[96.75,30.2],[95.25,30.84],[94.0,31.05],[93.65,31.0],[93.5,30.67],[92.65,30.5],[92.58,30.25],[93.04,30.0],[92.24,29.75],[92.5,29.08],[92.73,29.0],[90.5,28.53],[89.0,28.55],[88.0,28.19]]}},{"type":"Feature","properties":{"level":1016},"geometry":{"type":"LineString","coordinates":[[-81.0,29.23],[-81.27,30.5],[-80.79,31.0],[-80.25,30.92],[-79.94,29.5],[-80.75,29.06],[-81.0,29.23]]}},{"type":"Feature","properties":{"level":1016},"geometry":{"type":"LineString","coordinates":[[125.5,30.71],[125.43,31.25],[125.75,31.31],[125.91,31.0],[125.5,30.71]]}},{"type":"Feature","properties":{"level":1016},"geometry":{"type":"LineString","coordinates":[[-11.25,30.97],[-11.72,31.5],[-11.7,32.5],[-10.5,33.32],[-9.75,33.31],[-10.0,31.91],[-11.25,30.97]]}},{"type":"Feature","properties":{"level":1016},"geometry":{"type":"LineString","coordinates":[[-2.04,32.0],[-0.75,32.3],[-0.42,32.75],[-1.25,32.75],[-1.5,32.35],[-2.0,32.31],[-2.04,32.0]]}},{"type":"Feature","properties":{"level":1016},"geometry":{"type":"LineString","coordinates":[[92.85,32.25],[94.0,32.2],[94.09,32.5],[93.0,32.52],[92.85,32.25]]}},{"type":"Feature","properties":{"level":1016},"geometry":{"type":"LineString","coordinates":[[-108.21,33.0],[-107.74,33.0],[-108.22,34.0],[-109.88,34.0],[-109.5,33.53],[-109.0,33.59],[-108.21,33.0]]}},{"type":"Feature","properties":{"level":1016},"geometry":{"type":"LineString","coordinates":[[77.5,33.12],[77.32,33.25],[77.88,33.5],[75.81,34.5],[76.0,35.0],[75.31,35.5],[75.5,35.68],[76.0,35.28],[76.5,35.25],[76.29,35.0],[76.5,34.65],[77.99,34.0],[78.18,33.5],[77.5,33.12]]}},{"type":"Feature","properties":{"level":1016},"geometry":{"type":"LineString","coordinates":[[84.31,33.25],[85.25,33.2],[85.52,33.5],[85.25,33.71],[85.0,33.28],[84.5,33.72],[84.13,33.5],[84.31,33.25]]}},{"type":"Feature","properties":{"level":1016},"geometry":{"type":"LineString","coordinates":[[74.42,33.5],[75.25,33.5],[74.0,34.45],[73.84,34.25],[74.42,33.5]]}},{"type":"Feature","properties":{"level":1016},"geometry":{"type":"LineString","coordinates":[[108.0,34.24],[109.79,34.75],[109.0,34.19],[108.0,34.24]]}},{"type":"Feature","properties":{"level":1016},"geometry":{"type":"LineString","coordinates":[[105.5,34.38],[104.25,35.05],[103.75,34.91],[103.09,36.25],[103.5,36.67],[104.05,36.75],[104.25,37.46],[105.0,37.87],[105.58,37.75],[106.25,38.22],[106.8,37.5],[106.71,37.25],[106.25,37.41],[106.11,37.25],[106.0,36.57],[105.56,36.75],[105.5,37.32],[104.99,37.25],[105.42,36.0],[105.13,35.25],[105.8,34.75],[105.5,34.38]]}},{"type":"Feature","properties":{"level":1016},"geometry":{"type":"LineString","coordinates":[[73.25,35.19],[73.13,35.5],[73.5,35.77],[74.31,35.75],[74.08,36.0],[74.22,36.25],[74.55,36.25],[74.85,35.75],[74.75,35.43],[73.25,35.19]]}},{"type":"Feature","properties":{"level":1016},"geometry":{"type":"LineString","coordinates":[[-105.78,35.75],[-105.5,35.73],[-105.18,36.25],[-105.25,37.54],[-105.78,35.75]]}},{"type":"Feature","properties":{"level":1016},"geometry":{"type":"LineString","coordinates":[[52.17,35.75],[53.5,35.92],[54.0,36.36],[55.33,36.75],[56.18,37.5],[56.0,37.59],[55.0,36.94],[54.0,36.91],[53.0,36.41],[51.45,36.75],[50.5,37.21],[49.64,37.0],[50.75,36.15],[52.17,35.75]]}},{"type":"Feature","properties":{"level":1016},"geometry":{"type":"LineString","coordinates":[[-135.5,36.15],[-135.25,36.68],[-134.82,36.5],[-135.5,36.15]]}},{"type":"Feature","properties":{"level":1016},"geometry":{"type":"LineString","coordinates":[[-106.27,36.5],[-106.13,36.75],[-106.41,37.75],[-106.05,38.25],[-106.16,38.75],[-105.65,39.5],[-105.75,40.37],[-106.2,40.25],[-106.0,39.97],[-106.32,40.0],[-106.5,40.34],[-106.7,39.5],[-107.34,39.0],[-107.66,38.25],[-108.0,38.2],[-108.39,37.75],[-108.25,37.49],[-107.0,37.1],[-106.27,36.5]]}},{"type":"Feature","properties":{"level":1016},"geometry":{"type":"LineString","coordinates":[[28.75,36.62],[28.35,37.0],[28.68,37.0],[28.75,36.62]]}},{"type":"Feature","properties":{"level":1016},"geometry":{"type":"LineString","coordinates":[[81.0,36.55],[77.43,38.0],[77.28,38.25],[77.5,38.75],[77.25,38.81],[77.2,38.25],[77.0,38.17],[76.75,38.61],[75.8,39.25],[76.75,38.98],[81.5,38.92],[83.5,39.88],[84.25,39.77],[84.18,39.25],[84.77,39.0],[84.7,38.5],[85.08,38.0],[83.25,37.01],[81.0,36.55]]}},{"type":"Feature","properties":{"level":1016},"geometry":{"type":"LineString","coordinates":[[-135.25,36.87],[-136.0,37.41],[-136.0,38.26],[-135.26,38.25],[-134.66,37.75],[-134.79,37.5],[-134.6,37.25],[-135.25,36.87]]}},{"type":"Feature","properties":{"level":1016},"geometry":{"type":"LineString","coordinates":[[59.05,37.0],[59.75,37.0],[58.25,37.87],[58.0,37.75],[59.05,37.0]]}},{"type":"Feature","properties":{"level":1016},"geometry":{"type":"LineString","coordinates":[[27.25,37.25],[27.13,37.5],[27.5,37.74],[27.5,37.36],[27.25,37.25]]}},{"type":"Feature","properties":{"level":1016},"geometry":{"type":"LineString","coordinates":[[27.75,37.12],[27.52,37.25],[27.75,37.33],[27.75,37.12]]}},{"type":"Feature","properties":{"level":1016},"geometry":{"type":"LineString","coordinates":[[-5.0,37.49],[-5.14,37.75],[-4.87,37.75],[-5.0,37.49]]}},{"type":"Feature","properties":{"level":1016},"geometry":{"type":"LineString","coordinates":[[-4.0,37.7],[-4.52,38.0],[-3.88,38.0],[-4.0,37.7]]}},{"type":"Feature","properties":{"level":1016},"geometry":{"type":"LineString","coordinates":[[46.0,41.69],[46.26,41.75],[46.0,41.69]]}},{"type":"Feature","properties":{"level":1016},"geometry":{"type":"LineString","coordinates":[[-180.0,42.75],[-178.92,43.75],[-180.0,44.85]]}},{"type":"Feature","properties":{"level":1016},"geometry":{"type":"LineString","coordinates":[[119.25,42.72],[118.34,43.0],[117.89,43.5],[118.25,43.84],[118.75,43.5],[120.55,43.75],[120.25,42.84],[119.25,42.72]]}},{"type":"Feature","properties":{"level":1016},"geometry":{"type":"LineString","coordinates":[[107.25,42.93],[106.8,43.25],[107.09,44.0],[105.0,44.25],[104.5,44.53],[103.5,44.31],[103.29,45.25],[103.52,45.5],[103.31,45.75],[105.5,46.6],[106.0,47.29],[106.94,47.5],[106.69,47.75],[107.17,48.25],[108.0,48.18],[109.98,49.0],[109.89,49.25],[110.61,49.75],[110.48,51.5],[111.08,52.0],[110.75,52.22],[110.5,52.04],[110.37,52.5],[111.73,54.25],[111.98,55.0],[114.0,55.53],[114.15,55.0],[113.68,54.75],[114.5,54.47],[116.0,54.72],[116.5,54.47],[117.75,54.62],[118.0,54.14],[119.25,53.59],[121.25,53.15],[122.4,52.25],[122.38,50.0],[121.94,49.25],[122.21,49.0],[120.56,46.25],[120.6,46.0],[120.12,45.75],[119.96,45.25],[116.75,43.53],[114.5,42.99],[113.5,43.54],[111.75,43.32],[110.75,43.53],[108.75,43.35],[107.75,42.81],[107.25,42.93]]}},{"type":"Feature","properties":{"level":1016},"geometry":{"type":"LineString","coordinates":[[-178.34,44.5],[-178.05,44.5],[-178.09,44.75],[-178.34,44.5]]}},{"type":"Feature","properties":{"level":1016},"geometry":{"type":"LineString","coordinates":[[-176.84,44.75],[-176.68,44.75],[-176.75,45.06],[-177.25,45.21],[-177.41,45.0],[-176.84,44.75]]}},{"type":"Feature","properties":{"level":1016},"geometry":{"type":"LineString","coordinates":[[180.0,44.85],[177.75,45.1],[177.31,45.5],[176.25,45.78],[174.5,45.94],[155.75,49.86],[155.41,50.0],[155.25,50.39],[151.25,51.28],[148.43,52.75],[144.26,56.0],[143.54,56.25],[140.86,58.25],[142.38,59.5],[143.0,60.49],[143.75,59.93],[144.25,60.16],[145.0,59.88],[146.72,60.25],[146.12,60.5],[148.0,60.76],[148.75,60.52],[150.81,60.5],[154.62,61.25],[155.65,62.0],[155.23,62.25],[155.52,62.75],[155.25,63.03],[154.25,62.61],[152.5,62.95],[151.85,62.75],[151.61,63.0],[151.91,63.5],[151.5,64.09],[150.25,64.75],[149.5,64.57],[149.06,65.75],[147.48,67.0],[147.5,67.59],[146.4,68.25],[145.73,69.0],[145.81,69.5],[144.99,71.0],[144.7,72.25],[144.94,72.75],[147.71,74.75],[149.06,76.5],[150.44,77.5],[151.41,79.25],[153.28,81.0],[156.5,82.03],[162.25,82.88],[169.25,83.4],[180.0,83.77]]}},{"type":"Feature","properties":{"level":1016},"geometry":{"type":"LineString","coordinates":[[106.0,59.46],[105.25,59.66],[104.5,60.21],[102.5,60.47],[102.38,60.75],[101.75,60.86],[100.99,61.5],[100.86,62.0],[101.11,62.75],[102.25,63.14],[103.5,64.08],[104.57,64.5],[107.75,64.85],[110.25,64.6],[113.03,63.75],[114.0,63.04],[114.31,62.5],[111.98,61.25],[110.86,61.0],[108.88,60.0],[109.08,59.75],[108.75,59.37],[106.0,59.46]]}},{"type":"Feature","properties":{"level":1016},"geometry":{"type":"LineString","coordinates":[[102.84,60.75],[103.0,60.56],[103.14,60.75],[102.84,60.75]]}},{"type":"Feature","properties":{"level":1016},"geometry":{"type":"LineString","coordinates":[[-28.5,67.93],[-28.69,68.0],[-27.57,68.25],[-28.5,67.93]]}},{"type":"Feature","properties":{"level":1016},"geometry":{"type":"LineString","coordinates":[[-31.5,81.5],[-30.4,81.5],[-31.5,81.5]]}},{"type":"Feature","properties":{"level":1016},"geometry":{"type":"LineString","coordinates":[[-180.0,83.77],[-157.5,83.79],[-136.25,82.8],[-130.25,82.21],[-124.5,81.25],[-119.75,80.15],[-116.65,79.0],[-115.56,78.0],[-114.72,76.5],[-117.63,75.25],[-117.4,74.25],[-119.22,73.5],[-118.9,72.5],[-118.93,72.0],[-119.49,71.5],[-119.31,70.5],[-119.48,69.75],[-119.75,69.23],[-121.35,69.0],[-121.12,68.75],[-121.44,68.5],[-121.31,67.75],[-119.91,66.75],[-119.6,66.25],[-119.31,65.0],[-119.56,64.25],[-119.1,63.5],[-118.56,63.0],[-116.8,62.25],[-114.5,61.9],[-113.5,61.24],[-110.25,60.62],[-104.0,58.91],[-101.25,58.04],[-98.94,57.0],[-95.77,55.0],[-94.02,53.5],[-91.31,48.0],[-91.48,47.25],[-90.75,47.11],[-90.25,46.6],[-90.92,42.75],[-91.19,42.25],[-92.25,40.9],[-93.36,40.5],[-95.51,38.0],[-95.47,36.75],[-95.71,36.25],[-95.44,35.75],[-95.5,34.38],[-93.75,33.68],[-92.75,32.81],[-91.0,32.16],[-90.0,31.35],[-82.75,28.1],[-82.25,28.12],[-82.0,27.65],[-80.75,26.76],[-80.0,26.89],[-79.0,26.39],[-78.25,26.42],[-76.75,25.96],[-75.57,25.25],[-75.27,24.5],[-74.5,24.08],[-74.0,23.47],[-71.0,22.29],[-68.25,21.85],[-67.75,22.13],[-64.25,21.92],[-62.25,21.5],[-60.25,20.7],[-57.25,20.36],[-55.25,19.4],[-52.5,18.77],[-49.8,18.5],[-48.5,17.7],[-46.75,17.64],[-46.5,17.23],[-45.5,17.35],[-42.75,16.43],[-40.0,16.56],[-39.0,15.96],[-37.25,16.02],[-36.5,16.35],[-34.25,16.27],[-30.25,16.76],[-27.75,16.63],[-26.25,16.2],[-22.75,16.03],[-19.75,16.4],[-19.0,16.69],[-18.75,17.33],[-17.5,18.4],[-16.62,20.0],[-16.58,20.75],[-16.25,21.09],[-14.25,20.81],[-13.5,21.04],[-12.5,22.37],[-11.69,22.5],[-11.58,22.25],[-11.93,21.75],[-11.75,21.68],[-10.37,22.5],[-11.07,22.5],[-11.11,22.75],[-10.59,23.25],[-11.0,23.55],[-11.5,23.4],[-11.76,24.25],[-9.5,26.33],[-8.87,26.5],[-9.25,26.63],[-9.33,27.25],[-9.68,27.75],[-10.38,28.25],[-8.31,30.25],[-9.26,30.25],[-9.25,30.62],[-8.5,30.65],[-8.25,31.12],[-7.75,31.08],[-7.0,31.55],[-6.18,31.5],[-7.0,31.98],[-8.25,31.37],[-9.0,31.44],[-9.5,31.21],[-9.72,31.5],[-8.5,33.16],[-8.0,33.25],[-8.28,32.75],[-8.0,32.3],[-7.23,33.0],[-8.0,33.25],[-7.67,33.75],[-7.99,34.75],[-7.66,35.5],[-7.0,35.83],[-6.25,35.6],[-6.0,35.78],[-5.54,35.5],[-5.25,34.76],[-4.0,34.94],[-3.96,35.25],[-4.48,35.5],[-3.82,36.75],[-2.0,36.93],[0.25,37.85],[3.63,36.75],[2.25,36.51],[1.59,36.0],[1.2,35.0],[1.57,34.5],[0.35,33.25],[1.0,32.91],[2.5,32.67],[3.25,32.18],[4.0,32.76],[6.25,33.4],[7.0,33.19],[8.4,33.25],[8.75,32.93],[9.23,31.5],[8.9,29.75],[8.75,29.5],[8.25,30.09],[7.82,30.0],[7.81,29.25],[7.48,29.0],[6.75,27.27],[6.25,27.13],[5.84,28.0],[5.36,28.25],[5.5,29.02],[5.25,29.07],[4.25,27.88],[4.41,28.5],[3.94,29.25],[3.64,29.25],[3.5,28.85],[2.75,28.8],[2.0,28.94],[1.92,29.5],[1.5,29.73],[0.75,29.31],[0.27,29.5],[0.0,31.28],[-1.5,30.26],[-1.78,29.75],[-2.72,29.25],[-2.5,28.68],[-3.75,28.23],[-4.41,28.25],[-4.78,28.0],[-4.75,27.67],[-6.0,26.64],[-6.5,26.61],[-7.0,25.91],[-7.5,25.9],[-7.5,24.7],[-8.19,25.0],[-8.25,25.28],[-8.5,24.86],[-8.75,25.16],[-9.08,25.0],[-9.08,24.25],[-8.38,23.75],[-8.5,23.14],[-8.75,23.43],[-9.0,23.3],[-8.99,22.75],[-8.25,22.58],[-8.09,22.25],[-8.5,21.61],[-8.0,21.67],[-6.31,23.25],[-5.75,23.37],[-5.25,23.9],[-1.5,25.39],[0.12,26.5],[1.53,26.75],[2.0,27.26],[2.25,26.97],[3.0,26.92],[3.75,27.4],[4.71,26.75],[4.13,25.25],[4.5,25.14],[4.98,25.5],[5.15,26.0],[4.98,26.25],[5.25,26.35],[5.63,25.5],[5.18,24.5],[5.65,23.75],[5.26,23.25],[5.35,22.75],[5.75,22.5],[7.25,23.57],[7.53,23.5],[8.0,22.63],[8.25,22.7],[9.5,23.47],[9.75,24.0],[10.75,23.14],[11.75,22.72],[12.58,22.75],[14.75,24.26],[15.25,24.16],[15.5,23.8],[17.0,24.25],[19.0,24.11],[19.75,23.36],[20.0,23.43],[22.75,25.81],[23.49,26.0],[23.52,26.25],[24.25,26.69],[25.25,26.76],[26.75,28.15],[26.65,29.5],[27.0,30.13],[29.25,30.74],[29.46,31.0],[30.09,32.25],[29.95,33.5],[30.21,34.0],[29.54,35.25],[29.71,36.0],[30.5,36.36],[30.75,37.34],[32.75,36.09],[33.5,36.58],[34.0,36.48],[35.75,37.72],[36.5,37.61],[36.75,37.79],[37.25,37.59],[39.5,38.16],[40.5,38.7],[41.5,38.38],[41.75,38.5],[42.39,38.0],[42.29,37.75],[42.75,37.77],[43.0,37.41],[44.0,37.46],[44.0,38.0],[44.5,38.29],[44.64,39.0],[44.35,39.5],[44.49,39.75],[43.58,40.0],[43.5,40.25],[43.75,40.45],[44.5,40.35],[45.0,39.78],[45.32,39.75],[45.29,39.5],[46.0,38.78],[46.25,38.99],[46.5,38.88],[46.5,38.64],[46.0,38.71],[46.0,38.44],[46.5,38.29],[47.0,38.74],[48.0,38.87],[48.46,38.5],[48.59,37.5],[49.25,36.88],[49.46,37.0],[49.25,37.61],[49.65,38.0],[49.5,38.25],[49.0,38.33],[48.0,39.32],[46.63,39.0],[46.67,39.25],[47.17,39.5],[47.15,39.75],[46.73,40.5],[45.98,41.0],[46.0,41.25],[46.73,41.5],[49.25,40.45],[50.75,40.24],[51.15,40.5],[51.0,40.98],[50.25,41.26],[49.91,41.75],[49.95,42.5],[50.84,43.75],[50.6,44.5],[50.78,44.75],[50.5,45.09],[49.25,45.19],[48.5,44.98],[48.25,45.38],[45.99,46.5],[45.89,47.5],[45.63,47.75],[44.21,47.75],[43.75,48.5],[42.75,48.54],[39.75,50.73],[34.25,52.8],[31.25,53.21],[27.5,52.67],[26.75,52.79],[19.5,52.31],[14.25,52.42],[13.6,53.0],[11.5,53.38],[9.0,54.24],[0.75,55.43],[-3.0,55.54],[-6.0,56.76],[-10.75,57.38],[-20.25,59.68],[-23.25,59.75],[-25.25,59.44],[-31.0,57.61],[-33.25,55.99],[-34.54,54.0],[-34.54,53.25],[-34.09,51.75],[-32.97,50.75],[-34.19,49.75],[-34.47,49.25],[-34.68,47.5],[-35.25,47.56],[-35.43,47.25],[-35.75,47.29],[-38.21,45.75],[-40.12,43.75],[-40.61,42.75],[-48.65,35.25],[-50.5,34.2],[-52.0,34.03],[-52.75,34.39],[-53.44,35.25],[-53.68,36.5],[-53.69,38.75],[-54.24,39.75],[-54.25,40.3],[-56.11,41.5],[-56.64,42.25],[-59.0,43.56],[-62.75,43.53],[-64.04,43.75],[-64.87,44.5],[-65.0,45.02],[-65.5,45.29],[-65.77,46.25],[-66.93,46.75],[-66.96,47.25],[-67.58,48.0],[-67.78,48.75],[-68.5,49.08],[-69.0,50.2],[-69.67,51.0],[-72.25,52.53],[-79.0,55.09],[-80.64,56.0],[-82.25,57.31],[-83.46,59.0],[-84.18,61.25],[-84.16,61.75],[-82.58,63.75],[-82.55,64.25],[-81.75,64.47],[-80.79,65.25],[-78.22,68.0],[-78.0,70.0],[-73.25,70.41],[-72.98,70.5],[-73.3,70.75],[-73.1,71.25],[-74.75,71.72],[-75.5,72.43],[-76.62,72.75],[-76.31,73.0],[-76.5,73.14],[-77.5,73.51],[-83.25,73.72],[-84.78,74.0],[-85.05,74.25],[-84.79,74.5],[-83.61,74.75],[-83.35,75.0],[-81.46,75.25],[-82.5,75.76],[-85.92,75.75],[-87.32,76.25],[-86.5,76.53],[-80.7,76.75],[-79.91,77.25],[-80.94,77.75],[-80.95,78.25],[-79.76,78.5],[-79.25,79.1],[-78.25,79.01],[-77.97,79.25],[-78.58,79.5],[-77.25,79.92],[-68.25,80.56],[-66.5,80.54],[-63.25,79.98],[-58.66,80.0],[-60.0,79.82],[-61.07,79.25],[-59.32,78.5],[-60.97,77.75],[-60.82,77.5],[-57.83,76.75],[-55.32,75.75],[-55.19,75.25],[-54.43,74.5],[-54.45,73.5],[-53.72,72.75],[-53.73,72.5],[-54.9,72.0],[-54.95,71.75],[-53.5,71.82],[-52.5,71.56],[-52.25,71.11],[-50.97,70.75],[-51.15,70.25],[-49.5,69.99],[-49.37,69.5],[-48.83,69.0],[-49.16,68.25],[-48.91,67.25],[-48.22,66.5],[-48.46,66.25],[-48.12,64.75],[-48.26,64.25],[-47.82,63.75],[-48.01,63.25],[-47.02,63.0],[-47.96,62.5],[-43.75,61.59],[-42.87,62.0],[-43.25,62.5],[-43.1,62.75],[-42.0,63.6],[-41.17,63.75],[-41.52,64.25],[-41.13,64.5],[-41.0,65.05],[-39.5,65.83],[-38.0,66.22],[-38.0,66.54],[-37.25,66.61],[-36.25,66.22],[-30.0,67.09],[-29.42,67.0],[-28.82,66.0],[-27.5,65.2],[-26.75,65.15],[-24.75,65.62],[-23.25,65.23],[-23.05,65.0],[-21.86,65.25],[-21.34,66.25],[-21.39,67.5],[-20.78,69.25],[-20.49,69.5],[-20.1,71.5],[-20.5,72.56],[-21.25,72.9],[-21.47,73.25],[-20.65,73.5],[-20.57,73.75],[-20.89,74.0],[-20.5,74.29],[-19.59,74.5],[-20.5,74.73],[-20.95,75.25],[-20.24,75.75],[-20.74,76.25],[-21.2,76.5],[-21.75,76.45],[-22.02,76.75],[-20.74,77.25],[-21.5,77.48],[-22.75,77.21],[-24.11,77.5],[-22.72,78.5],[-24.75,79.25],[-27.0,79.73],[-29.25,80.82],[-34.33,81.5],[-33.75,81.93],[-31.98,82.25],[-33.25,82.77],[-35.82,83.0],[-35.36,83.25],[-35.5,83.29],[-39.5,83.69],[-54.5,83.96],[-63.0,84.44],[-78.59,87.0],[-89.0,88.07],[-101.25,88.69],[-119.0,89.06],[-180.0,89.2]]}},{"type":"Feature","properties":{"level":1016},"geometry":{"type":"LineString","coordinates":[[180.0,89.2],[152.75,88.86],[136.75,88.26],[125.25,87.15],[120.75,86.39],[117.25,85.43],[113.75,84.11],[111.01,82.75],[110.21,81.25],[110.25,80.25],[110.58,79.5],[110.23,79.25],[107.0,78.6],[103.0,78.75],[101.37,78.25],[100.15,77.0],[98.14,76.25],[90.65,75.0],[87.12,73.0],[82.5,70.97],[78.5,69.55],[71.56,64.5],[68.25,62.59],[64.74,61.25],[62.5,60.05],[59.3,58.0],[59.16,57.5],[57.43,55.75],[55.69,52.25],[54.17,47.0],[54.46,46.75],[54.56,45.25],[54.21,44.75],[54.21,43.75],[54.56,43.25],[54.84,41.5],[55.5,40.95],[56.0,40.91],[56.31,40.5],[57.5,40.2],[60.0,38.94],[62.75,39.12],[65.25,40.28],[66.75,40.25],[67.12,39.75],[66.47,39.5],[66.88,39.0],[66.28,38.0],[66.5,37.62],[68.0,38.52],[68.92,38.5],[69.25,38.19],[69.75,38.16],[69.86,37.5],[69.66,36.75],[68.78,35.75],[68.25,36.42],[67.25,36.66],[66.77,36.0],[66.21,36.0],[66.25,36.26],[63.88,35.5],[64.93,35.25],[63.61,34.5],[63.75,34.42],[65.25,34.65],[65.78,34.5],[65.08,34.25],[65.5,33.97],[66.75,34.4],[66.92,34.75],[67.25,34.47],[68.25,34.52],[68.83,34.75],[68.63,35.0],[69.25,35.19],[70.0,35.01],[70.25,35.22],[71.25,35.21],[71.65,36.0],[72.0,36.04],[71.88,35.5],[72.25,35.12],[73.0,35.18],[73.25,34.66],[74.61,34.5],[75.37,33.75],[75.25,33.5],[75.5,33.29],[75.75,33.48],[75.89,33.25],[75.6,33.0],[75.69,32.75],[76.07,32.75],[76.38,32.25],[77.25,31.83],[78.75,30.56],[81.25,29.5],[81.75,28.9],[82.25,28.83],[83.0,28.29],[84.46,28.25],[86.5,27.42],[87.25,27.54],[88.0,27.13],[88.5,27.47],[88.75,27.19],[89.5,27.03],[90.0,27.39],[90.5,27.14],[91.25,27.44],[91.75,26.99],[93.22,27.75],[93.25,28.06],[94.25,28.31],[95.0,29.11],[95.25,28.57],[95.75,28.61],[96.5,28.09],[97.0,27.25],[97.25,27.75],[97.75,27.82],[98.54,27.25],[98.23,27.0],[98.52,26.75],[98.25,25.26],[99.2,26.75],[99.25,27.21],[99.4,26.75],[99.75,26.59],[99.96,26.75],[99.79,27.0],[100.25,27.12],[100.5,27.91],[101.0,26.82],[101.9,27.5],[101.87,28.25],[101.98,28.5],[102.25,28.46],[102.47,28.25],[102.5,26.75],[102.58,27.25],[103.0,27.45],[103.76,27.0],[103.5,26.69],[103.25,27.16],[103.24,26.5],[102.36,26.0],[102.75,25.73],[103.0,25.12],[103.25,25.26],[103.41,25.0],[103.25,24.75],[103.0,24.93],[102.36,24.5],[102.75,24.11],[103.5,24.28],[103.64,24.0],[103.25,23.44],[102.96,23.5],[102.95,23.0],[103.45,23.0],[103.46,22.5],[104.5,21.03],[104.65,21.5],[103.75,22.85],[104.5,22.52],[105.0,23.01],[105.67,23.0],[105.75,22.62],[106.5,22.9],[106.8,23.5],[106.0,23.74],[105.7,24.25],[106.0,24.41],[107.0,24.16],[107.25,24.4],[107.75,23.93],[107.99,24.25],[107.68,24.75],[108.25,25.21],[108.75,24.88],[109.5,25.44],[109.52,25.0],[110.17,24.5],[110.04,24.0],[110.25,23.84],[110.75,24.2],[111.25,23.85],[111.75,24.14],[112.75,23.79],[112.9,24.25],[113.25,24.3],[113.63,24.25],[114.0,23.75],[116.5,25.01],[117.0,24.18],[117.6,24.75],[118.0,24.69],[120.25,25.63],[121.75,25.67],[123.5,26.09],[124.46,26.75],[125.56,28.25],[125.93,29.25],[125.75,30.59],[126.25,30.56],[126.75,29.97],[127.5,29.65],[129.5,28.13],[130.0,28.29],[132.0,27.45],[136.5,27.06],[141.25,27.96],[143.25,28.0],[147.75,28.98],[153.0,29.39],[157.25,30.31],[158.26,30.75],[159.7,32.5],[161.25,33.72],[168.5,36.15],[168.97,36.5],[171.78,37.25],[175.0,39.35],[177.5,41.56],[180.0,42.75]]}},{"type":"Feature","properties":{"level":1020},"geometry":{"type":"LineString","coordinates":[[180.0,-89.68],[158.53,-89.5],[180.0,-89.04]]}},{"type":"Feature","properties":{"level":1020},"geometry":{"type":"LineString","coordinates":[[-180.0,-89.04],[-178.78,-89.0],[-180.0,-88.92]]}},{"type":"Feature","properties":{"level":1020},"geometry":{"type":"LineString","coordinates":[[180.0,-88.92],[148.8,-88.5],[161.0,-88.11],[163.35,-87.75],[162.98,-87.5],[153.0,-87.39],[145.03,-87.0],[127.25,-85.81],[125.47,-85.5],[124.34,-84.75],[123.75,-84.62],[117.91,-84.25],[116.9,-84.0],[116.77,-83.75],[117.05,-83.25],[120.56,-82.75],[119.75,-82.49],[114.25,-82.19],[113.66,-82.25],[113.67,-82.5],[114.67,-83.0],[114.5,-83.09],[111.25,-83.06],[110.51,-82.75],[110.05,-82.25],[110.81,-81.75],[110.65,-81.5],[107.0,-81.38],[106.51,-81.25],[106.63,-81.0],[107.46,-80.5],[104.75,-80.64],[101.5,-79.99],[99.5,-78.82],[97.94,-78.5],[95.5,-76.91],[94.27,-76.5],[94.24,-76.0],[95.45,-75.5],[94.33,-75.25],[94.52,-75.0],[94.29,-74.75],[93.4,-74.5],[93.7,-74.25],[94.75,-74.01],[96.0,-74.29],[98.1,-73.5],[94.0,-72.7],[89.75,-72.74],[88.5,-73.25],[88.65,-73.5],[88.0,-73.81],[87.84,-74.0],[88.0,-74.23],[89.68,-74.75],[88.57,-75.25],[90.0,-75.3],[90.75,-75.04],[91.24,-75.25],[90.25,-75.62],[88.25,-75.76],[88.54,-75.5],[88.25,-75.34],[80.75,-77.12],[71.75,-77.64],[70.97,-78.0],[70.75,-78.5],[69.5,-78.89],[68.5,-79.93],[66.75,-80.31],[61.5,-80.44],[57.5,-80.16],[54.25,-79.4],[53.28,-79.0],[51.5,-77.59],[50.0,-77.4],[44.25,-77.71],[42.5,-78.0],[36.5,-77.99],[35.5,-78.28],[35.12,-78.75],[36.89,-80.25],[43.25,-81.69],[47.5,-82.23],[66.75,-83.78],[67.18,-84.0],[66.31,-84.5],[67.0,-84.95],[71.95,-85.75],[72.75,-86.0],[72.61,-86.25],[73.06,-86.5],[71.4,-86.75],[49.54,-87.5],[48.47,-87.75],[49.29,-88.0],[49.04,-88.25],[49.82,-88.5],[58.75,-88.83],[83.0,-88.71],[98.81,-89.0],[91.25,-89.33],[65.25,-89.64],[-10.5,-89.78],[-85.75,-89.36],[-118.5,-88.92],[-134.5,-89.0],[-140.75,-88.55],[-149.25,-88.5],[-175.65,-88.75],[-154.93,-89.5],[-180.0,-89.68]]}},{"type":"Feature","properties":{"level":1020},"geometry":{"type":"LineString","coordinates":[[122.82,-77.5],[124.75,-77.65],[126.68,-77.25],[128.21,-76.25],[128.12,-75.75],[128.58,-75.5],[128.0,-74.65],[129.25,-74.51],[130.88,-73.5],[130.72,-73.25],[130.0,-73.1],[128.24,-73.5],[128.0,-72.88],[126.99,-72.75],[126.65,-72.5],[127.5,-72.28],[127.67,-72.0],[127.0,-71.9],[124.94,-72.5],[124.84,-73.0],[125.11,-73.25],[126.68,-73.5],[124.76,-73.75],[124.72,-74.25],[124.5,-74.38],[120.5,-72.92],[114.6,-72.5],[115.08,-72.25],[114.75,-72.2],[110.0,-72.17],[105.81,-71.5],[105.96,-71.75],[107.31,-72.25],[107.15,-72.75],[107.77,-73.75],[107.49,-74.0],[108.12,-75.5],[109.75,-76.29],[112.75,-76.86],[122.82,-77.5]]}},{"type":"Feature","properties":{"level":1020},"geometry":{"type":"LineString","coordinates":[[-60.21,-55.75],[-58.25,-56.0],[-55.0,-55.84],[-48.83,-54.5],[-41.0,-51.71],[-31.79,-47.5],[-28.5,-44.8],[-26.62,-42.25],[-26.01,-40.25],[-26.36,-36.75],[-27.75,-35.1],[-29.75,-34.65],[-30.5,-34.77],[-31.25,-34.39],[-35.25,-35.04],[-37.5,-35.85],[-43.25,-36.56],[-45.75,-36.51],[-47.25,-36.08],[-48.5,-36.05],[-51.25,-35.15],[-52.75,-33.72],[-54.07,-33.5],[-54.48,-33.0],[-55.0,-33.2],[-55.25,-33.03],[-55.04,-32.5],[-55.25,-32.04],[-56.28,-31.0],[-57.5,-30.5],[-58.92,-29.0],[-59.5,-27.34],[-59.86,-27.0],[-59.55,-25.75],[-60.25,-24.42],[-60.42,-23.5],[-61.27,-22.5],[-62.07,-21.0],[-63.13,-20.25],[-63.25,-19.75],[-63.53,-19.75],[-63.41,-20.25],[-63.75,-20.41],[-64.25,-19.97],[-64.78,-21.0],[-65.09,-22.75],[-64.85,-23.25],[-65.59,-24.0],[-65.57,-24.5],[-65.87,-25.0],[-66.03,-26.25],[-65.65,-26.75],[-66.25,-27.41],[-66.67,-27.5],[-66.24,-27.75],[-66.5,-28.71],[-67.0,-28.39],[-67.7,-28.5],[-67.75,-27.91],[-67.64,-29.0],[-67.75,-29.2],[-68.0,-28.79],[-68.18,-29.0],[-67.75,-29.66],[-67.99,-30.25],[-67.77,-31.0],[-68.38,-30.75],[-68.47,-29.25],[-68.75,-29.29],[-68.7,-31.0],[-69.0,-30.91],[-69.09,-31.5],[-68.85,-31.75],[-69.14,-32.75],[-69.49,-33.0],[-69.5,-33.4],[-69.75,-32.51],[-69.93,-33.0],[-69.95,-33.5],[-69.5,-33.61],[-69.33,-34.5],[-70.0,-35.18],[-70.5,-35.21],[-70.45,-35.75],[-70.76,-36.0],[-70.25,-36.43],[-68.5,-36.33],[-68.43,-37.25],[-69.0,-37.44],[-69.25,-36.96],[-69.75,-37.02],[-70.5,-37.99],[-70.6,-37.75],[-70.9,-37.75],[-71.0,-38.5],[-70.75,-39.26],[-70.85,-39.5],[-71.62,-39.75],[-72.03,-41.25],[-70.55,-42.0],[-70.08,-43.25],[-69.4,-43.75],[-69.63,-44.0],[-69.55,-44.5],[-69.25,-44.5],[-68.68,-45.25],[-68.75,-45.86],[-68.41,-46.25],[-69.14,-46.75],[-69.02,-47.25],[-68.03,-48.75],[-67.61,-49.0],[-67.61,-49.5],[-65.88,-52.0],[-63.38,-54.5],[-60.21,-55.75]]}},{"type":"Feature","properties":{"level":1020},"geometry":{"type":"LineString","coordinates":[[-180.0,-51.83],[-172.75,-52.23],[-169.68,-52.0],[-166.5,-51.26],[-162.84,-49.5],[-159.56,-47.25],[-156.49,-44.75],[-151.84,-40.0],[-150.72,-38.25],[-149.6,-37.25],[-149.26,-36.5],[-148.43,-36.0],[-147.57,-35.0],[-146.74,-33.25],[-144.75,-32.2],[-142.14,-29.75],[-141.6,-28.5],[-140.75,-27.48],[-139.48,-27.0],[-140.5,-26.71],[-141.0,-26.42],[-141.25,-25.9],[-143.0,-25.02],[-145.75,-25.0],[-148.25,-24.15],[-148.75,-24.28],[-150.5,-23.54],[-151.25,-23.78],[-151.75,-23.47],[-152.5,-23.54],[-153.25,-23.03],[-154.5,-23.09],[-156.25,-22.16],[-157.0,-22.32],[-158.25,-22.07],[-162.0,-20.8],[-165.25,-20.65],[-167.5,-19.97],[-169.0,-20.16],[-171.75,-19.72],[-172.25,-20.06],[-174.25,-19.72],[-175.0,-19.75],[-175.75,-20.18],[-176.5,-19.75],[-176.75,-20.06],[-178.0,-19.65],[-178.5,-19.79],[-179.0,-19.51],[-180.0,-19.49]]}},{"type":"Feature","properties":{"level":1020},"geometry":{"type":"LineString","coordinates":[[21.47,-49.25],[24.75,-49.37],[40.0,-48.88],[49.0,-48.31],[54.75,-47.59],[56.75,-47.12],[59.0,-46.4],[61.25,-45.12],[62.75,-44.79],[66.25,-44.91],[77.0,-46.43],[87.25,-47.48],[90.5,-47.55],[95.0,-47.12],[100.4,-45.75],[102.04,-45.0],[107.5,-43.33],[111.25,-41.69],[112.14,-40.75],[112.32,-39.25],[112.65,-38.5],[112.68,-37.25],[111.26,-35.75],[110.9,-35.0],[105.5,-32.1],[103.46,-30.75],[102.25,-29.55],[100.0,-28.15],[98.25,-25.81],[96.25,-24.21],[95.25,-23.88],[93.5,-22.45],[83.75,-19.96],[83.25,-20.12],[82.25,-19.84],[80.75,-19.99],[79.5,-19.78],[78.0,-20.08],[76.0,-19.92],[74.25,-20.35],[73.25,-20.22],[72.0,-21.22],[71.25,-21.03],[70.75,-21.29],[70.0,-21.04],[68.25,-21.43],[67.75,-21.78],[66.0,-21.83],[65.25,-22.08],[64.5,-21.77],[63.5,-21.95],[61.0,-21.69],[59.0,-21.07],[57.0,-21.2],[56.14,-21.5],[55.5,-22.15],[47.75,-24.94],[46.86,-26.0],[46.25,-26.31],[43.0,-26.79],[37.5,-26.73],[35.5,-27.08],[35.27,-27.25],[34.87,-28.75],[34.79,-30.5],[34.97,-31.25],[34.22,-31.5],[35.47,-32.75],[34.65,-34.25],[34.0,-34.38],[33.68,-35.0],[34.4,-36.75],[34.32,-37.25],[34.0,-37.48],[32.75,-37.57],[31.75,-38.22],[28.0,-39.44],[25.84,-37.75],[23.5,-37.76],[22.25,-37.14],[21.72,-36.5],[21.8,-35.75],[22.45,-35.0],[22.21,-34.25],[19.0,-34.16],[18.25,-33.83],[16.5,-31.36],[7.07,-24.75],[4.5,-23.87],[1.5,-22.3],[0.0,-21.94],[-3.75,-19.83],[-7.0,-19.56],[-11.25,-17.91],[-13.0,-17.55],[-15.75,-17.96],[-15.97,-18.5],[-16.25,-18.61],[-18.25,-18.2],[-20.0,-18.75],[-22.75,-18.14],[-23.25,-18.48],[-24.09,-18.5],[-23.95,-19.0],[-24.39,-19.25],[-24.5,-19.75],[-25.0,-19.93],[-26.25,-19.84],[-27.5,-20.23],[-29.25,-20.36],[-30.04,-21.0],[-30.71,-22.5],[-31.26,-22.75],[-30.68,-23.25],[-30.84,-23.75],[-30.0,-24.7],[-29.25,-24.54],[-27.75,-25.23],[-29.17,-25.25],[-28.81,-25.75],[-29.21,-26.0],[-29.16,-26.25],[-28.5,-27.05],[-25.75,-27.68],[-25.25,-27.44],[-23.75,-27.4],[-21.75,-27.76],[-20.25,-27.29],[-16.25,-27.75],[-14.88,-27.25],[-15.24,-27.0],[-14.25,-26.97],[-13.0,-27.57],[-11.84,-28.5],[-11.68,-28.75],[-12.01,-29.0],[-11.25,-29.05],[-10.25,-29.84],[-10.0,-29.95],[-9.75,-29.5],[-8.75,-30.17],[-8.25,-29.87],[-7.75,-30.41],[-7.25,-29.91],[-6.5,-31.6],[-5.5,-32.14],[-5.0,-32.16],[-4.5,-32.66],[-3.11,-33.25],[1.25,-36.31],[3.5,-38.75],[7.4,-41.5],[12.42,-46.5],[15.7,-48.0],[21.47,-49.25]]}},{"type":"Feature","properties":{"level":1020},"geometry":{"type":"LineString","coordinates":[[-72.5,-43.5],[-72.25,-43.71],[-72.0,-43.53],[-71.07,-42.25],[-72.0,-41.8],[-72.19,-42.0],[-72.25,-43.25],[-72.5,-43.5]]}},{"type":"Feature","properties":{"level":1020},"geometry":{"type":"LineString","coordinates":[[-70.31,-32.0],[-70.0,-32.05],[-69.8,-31.75],[-69.96,-31.0],[-69.36,-29.75],[-69.3,-28.75],[-68.29,-27.75],[-67.84,-26.75],[-68.0,-25.77],[-67.5,-25.42],[-67.56,-25.75],[-67.14,-25.75],[-67.29,-26.0],[-67.0,-26.29],[-66.75,-26.0],[-66.74,-25.25],[-66.25,-24.5],[-66.94,-23.25],[-66.75,-22.0],[-66.11,-21.0],[-66.25,-20.67],[-66.8,-20.5],[-66.66,-20.0],[-66.06,-19.5],[-66.28,-19.25],[-66.13,-19.0],[-66.58,-18.5],[-66.75,-17.79],[-67.0,-18.81],[-67.5,-18.39],[-68.46,-19.25],[-68.5,-19.58],[-68.86,-18.25],[-68.75,-17.88],[-67.5,-18.11],[-67.76,-17.5],[-67.5,-17.32],[-66.89,-17.5],[-67.5,-16.78],[-68.0,-17.41],[-68.0,-16.86],[-68.5,-16.7],[-68.75,-17.15],[-69.0,-16.67],[-70.24,-15.75],[-70.36,-14.75],[-69.25,-15.4],[-69.0,-15.19],[-69.0,-14.7],[-70.06,-13.75],[-71.5,-13.37],[-72.01,-13.0],[-73.08,-13.25],[-72.0,-13.41],[-71.19,-14.25],[-71.25,-14.49],[-71.75,-14.28],[-72.0,-14.52],[-72.25,-13.78],[-72.75,-13.6],[-73.0,-13.94],[-73.25,-13.63],[-73.75,-14.02],[-74.23,-13.75],[-74.87,-12.25],[-74.8,-11.75],[-75.0,-11.45],[-75.25,-11.6],[-75.64,-11.25],[-75.75,-10.5],[-76.0,-10.19],[-76.3,-10.25],[-76.46,-9.5],[-77.5,-8.7],[-77.67,-9.0],[-77.42,-10.0],[-74.75,-14.06],[-72.82,-15.25],[-72.75,-15.61],[-72.05,-15.5],[-71.13,-16.5],[-70.75,-16.51],[-70.66,-17.0],[-70.14,-17.25],[-69.09,-19.5],[-68.75,-21.76],[-68.5,-21.74],[-68.21,-22.25],[-67.97,-23.75],[-69.3,-25.0],[-69.4,-27.0],[-70.43,-29.5],[-70.24,-30.0],[-70.62,-31.5],[-70.31,-32.0]]}},{"type":"Feature","properties":{"level":1020},"geometry":{"type":"LineString","coordinates":[[-104.77,-31.75],[-104.68,-31.0],[-105.09,-30.75],[-104.96,-30.5],[-105.18,-30.0],[-105.0,-29.75],[-104.75,-29.9],[-104.5,-30.42],[-104.1,-30.0],[-104.0,-29.23],[-104.5,-29.14],[-104.75,-29.62],[-105.04,-29.25],[-104.87,-28.75],[-105.5,-28.33],[-106.25,-29.46],[-106.5,-28.86],[-107.25,-28.57],[-107.32,-29.0],[-108.01,-29.75],[-107.75,-29.91],[-107.0,-28.99],[-107.01,-29.75],[-107.33,-30.25],[-107.0,-30.03],[-106.25,-30.69],[-106.0,-29.89],[-105.62,-30.75],[-104.77,-31.75]]}},{"type":"Feature","properties":{"level":1020},"geometry":{"type":"LineString","coordinates":[[-108.75,-30.5],[-108.32,-30.0],[-108.5,-29.8],[-108.8,-30.0],[-108.75,-30.5]]}},{"type":"Feature","properties":{"level":1020},"geometry":{"type":"LineString","coordinates":[[-9.06,-30.5],[-8.87,-30.5],[-9.06,-30.5]]}},{"type":"Feature","properties":{"level":1020},"geometry":{"type":"LineString","coordinates":[[-106.26,-28.75],[-106.25,-28.48],[-106.26,-28.75]]}},{"type":"Feature","properties":{"level":1020},"geometry":{"type":"LineString","coordinates":[[-114.07,-28.5],[-113.0,-28.62],[-112.28,-27.5],[-112.81,-27.25],[-112.5,-26.93],[-112.17,-27.5],[-111.96,-27.5],[-112.05,-26.75],[-112.5,-26.47],[-112.75,-26.85],[-112.9,-26.5],[-112.75,-26.25],[-113.0,-25.88],[-113.25,-25.74],[-114.0,-26.1],[-114.25,-26.56],[-114.25,-26.0],[-114.48,-25.75],[-116.0,-24.88],[-116.23,-26.0],[-116.5,-25.93],[-116.75,-26.38],[-117.25,-26.61],[-117.5,-25.88],[-118.21,-26.25],[-118.25,-26.69],[-119.2,-25.25],[-120.31,-24.5],[-120.25,-25.36],[-119.39,-27.0],[-119.0,-28.47],[-118.54,-28.25],[-117.79,-27.0],[-117.43,-28.0],[-116.75,-28.15],[-116.39,-28.0],[-116.48,-27.5],[-115.75,-27.79],[-114.91,-27.75],[-115.17,-27.25],[-115.0,-26.88],[-114.45,-27.5],[-114.81,-28.0],[-114.07,-28.5]]}},{"type":"Feature","properties":{"level":1020},"geometry":{"type":"LineString","coordinates":[[-5.75,-28.26],[-6.0,-27.98],[-5.25,-28.25],[-5.75,-28.26]]}},{"type":"Feature","properties":{"level":1020},"geometry":{"type":"LineString","coordinates":[[-110.13,-28.0],[-109.68,-28.0],[-110.0,-27.25],[-109.64,-26.25],[-111.0,-25.42],[-111.23,-26.75],[-110.95,-27.25],[-110.25,-27.58],[-110.13,-28.0]]}},{"type":"Feature","properties":{"level":1020},"geometry":{"type":"LineString","coordinates":[[-15.08,-27.75],[-14.77,-27.75],[-15.08,-27.75]]}},{"type":"Feature","properties":{"level":1020},"geometry":{"type":"LineString","coordinates":[[-122.07,-27.5],[-121.5,-27.62],[-121.09,-26.75],[-120.75,-27.03],[-120.7,-26.75],[-122.5,-24.93],[-122.59,-25.5],[-121.97,-27.0],[-122.07,-27.5]]}},{"type":"Feature","properties":{"level":1020},"geometry":{"type":"LineString","coordinates":[[-113.0,-27.6],[-113.0,-27.41],[-112.85,-27.5],[-113.0,-27.6]]}},{"type":"Feature","properties":{"level":1020},"geometry":{"type":"LineString","coordinates":[[-109.29,-27.5],[-109.25,-27.25],[-109.29,-27.5]]}},{"type":"Feature","properties":{"level":1020},"geometry":{"type":"LineString","coordinates":[[-116.5,-27.49],[-116.88,-27.0],[-116.75,-26.74],[-116.42,-27.0],[-116.5,-27.49]]}},{"type":"Feature","properties":{"level":1020},"geometry":{"type":"LineString","coordinates":[[-107.09,-27.25],[-106.5,-27.26],[-106.37,-26.5],[-107.0,-25.69],[-108.5,-25.14],[-108.51,-26.0],[-109.0,-26.25],[-109.0,-26.91],[-108.0,-27.09],[-107.5,-26.89],[-107.09,-27.25]]}},{"type":"Feature","properties":{"level":1020},"geometry":{"type":"LineString","coordinates":[[-10.75,-27.03],[-11.25,-26.44],[-9.93,-27.0],[-10.75,-27.03]]}},{"type":"Feature","properties":{"level":1020},"geometry":{"type":"LineString","coordinates":[[-11.75,-26.55],[-11.75,-26.4],[-11.75,-26.55]]}},{"type":"Feature","properties":{"level":1020},"geometry":{"type":"LineString","coordinates":[[-124.85,-26.25],[-124.5,-26.45],[-124.0,-25.69],[-124.5,-25.51],[-124.85,-26.25]]}},{"type":"Feature","properties":{"level":1020},"geometry":{"type":"LineString","coordinates":[[-111.67,-26.0],[-111.3,-26.0],[-111.3,-25.75],[-111.75,-25.65],[-111.67,-26.0]]}},{"type":"Feature","properties":{"level":1020},"geometry":{"type":"LineString","coordinates":[[180.0,-19.49],[178.26,-19.75],[178.43,-20.5],[178.25,-20.63],[177.03,-20.5],[176.0,-21.29],[174.75,-20.93],[174.64,-21.5],[174.25,-21.94],[174.0,-21.31],[173.0,-21.49],[172.25,-21.03],[172.0,-21.1],[171.87,-22.0],[172.75,-21.61],[172.93,-21.75],[172.84,-22.5],[172.25,-22.41],[171.75,-23.23],[171.5,-22.45],[170.15,-22.75],[169.63,-23.0],[169.0,-23.96],[166.5,-24.02],[163.5,-23.7],[162.5,-23.08],[161.25,-22.94],[160.75,-22.66],[159.75,-22.78],[159.0,-22.35],[158.0,-22.77],[157.25,-22.56],[155.55,-23.25],[155.32,-23.75],[155.5,-24.5],[156.5,-26.19],[157.25,-26.21],[157.51,-26.5],[157.57,-27.25],[158.5,-29.17],[159.5,-30.26],[160.14,-30.5],[160.75,-31.39],[165.75,-31.15],[167.75,-30.02],[168.93,-30.0],[171.75,-31.26],[173.0,-31.51],[174.5,-32.8],[174.87,-34.0],[174.56,-36.25],[174.88,-36.5],[174.5,-36.31],[174.32,-36.75],[174.5,-37.0],[171.32,-40.0],[171.3,-40.5],[170.75,-40.48],[166.25,-41.9],[165.67,-42.5],[164.49,-42.75],[164.42,-43.5],[165.5,-45.58],[167.75,-47.14],[169.75,-46.1],[169.75,-45.72],[169.37,-45.5],[169.5,-45.37],[170.14,-45.5],[170.25,-45.8],[170.75,-45.51],[171.05,-46.0],[170.91,-46.25],[170.25,-46.9],[169.27,-47.25],[169.19,-47.75],[171.28,-49.25],[175.5,-50.93],[180.0,-51.83]]}},{"type":"Feature","properties":{"level":1020},"geometry":{"type":"LineString","coordinates":[[-68.12,-16.5],[-68.0,-16.67],[-67.72,-16.5],[-68.25,-15.73],[-68.6,-15.75],[-68.75,-16.2],[-68.5,-16.12],[-68.12,-16.5]]}},{"type":"Feature","properties":{"level":1020},"geometry":{"type":"LineString","coordinates":[[-78.65,-2.25],[-78.5,-2.35],[-78.41,-2.0],[-78.75,-0.7],[-78.65,-2.25]]}},{"type":"Feature","properties":{"level":1020},"geometry":{"type":"LineString","coordinates":[[-78.43,-1.0],[-78.25,-1.11],[-78.0,-0.5],[-78.0,0.05],[-78.43,-1.0]]}},{"type":"Feature","properties":{"level":1020},"geometry":{"type":"LineString","coordinates":[[-31.46,23.25],[-26.0,23.11],[-24.0,23.59],[-23.25,24.13],[-23.0,23.79],[-22.25,24.31],[-22.0,24.93],[-21.25,25.22],[-20.5,25.11],[-20.5,25.83],[-19.48,27.25],[-19.31,28.0],[-17.44,30.25],[-16.88,31.75],[-16.89,32.5],[-16.4,32.75],[-12.45,39.75],[-11.5,40.6],[-9.75,41.58],[-9.0,42.57],[-8.6,42.5],[-8.06,41.75],[-7.5,41.43],[-7.5,42.05],[-6.5,41.59],[-4.5,41.84],[-4.0,41.66],[-3.71,41.25],[-4.25,40.85],[-5.0,40.71],[-5.0,40.33],[-3.5,40.61],[-2.25,40.41],[-1.54,39.25],[-1.62,39.0],[-1.25,38.69],[0.0,38.61],[0.25,39.26],[2.0,40.0],[2.5,40.06],[3.0,39.74],[3.75,40.0],[6.5,40.15],[9.25,41.19],[9.7,40.5],[9.16,40.0],[9.56,39.25],[10.5,38.56],[11.1,37.75],[11.24,37.0],[10.96,36.5],[11.25,35.93],[13.75,33.88],[15.58,32.0],[16.73,31.25],[17.25,31.21],[18.0,31.53],[18.75,32.29],[20.0,32.35],[20.44,32.75],[19.81,34.0],[18.75,34.74],[18.68,35.0],[19.0,35.83],[20.56,36.75],[20.68,37.25],[20.41,38.0],[20.83,38.0],[20.2,40.0],[19.52,40.75],[19.59,41.75],[19.26,42.0],[19.25,42.48],[20.22,41.75],[20.23,40.75],[21.62,39.0],[22.28,37.5],[22.5,37.42],[22.75,38.24],[23.0,38.05],[24.0,38.2],[24.89,38.0],[25.34,39.25],[26.0,39.94],[27.75,39.41],[28.25,39.63],[28.75,39.43],[29.37,39.75],[29.75,39.27],[31.14,38.75],[31.01,38.5],[31.25,38.38],[31.5,38.6],[32.0,38.37],[31.99,39.5],[32.24,39.75],[32.25,40.29],[33.01,40.25],[33.0,39.94],[32.58,39.75],[33.0,39.66],[33.5,39.87],[33.75,39.73],[33.98,40.0],[33.78,40.5],[34.25,40.6],[34.64,40.25],[34.36,40.0],[34.75,39.9],[35.25,39.91],[36.0,40.37],[36.5,39.92],[38.53,40.0],[37.79,40.25],[38.25,40.35],[40.5,40.36],[41.5,40.8],[43.1,41.0],[42.96,41.25],[43.25,41.6],[43.55,41.5],[43.5,41.25],[43.77,41.25],[43.86,42.25],[44.51,42.75],[44.0,42.84],[43.5,43.28],[43.25,43.16],[41.08,43.75],[43.05,45.25],[42.75,45.62],[41.08,45.75],[40.39,46.5],[38.75,47.44],[37.5,48.49],[33.0,50.45],[27.5,50.74],[24.75,49.86],[24.25,49.4],[22.0,49.84],[20.25,48.94],[19.5,49.59],[18.5,49.94],[17.5,49.86],[16.0,50.33],[13.25,50.35],[12.75,50.69],[10.0,51.11],[8.75,51.98],[2.25,53.87],[0.0,54.21],[-2.0,54.21],[-5.0,55.06],[-12.09,56.25],[-16.25,57.25],[-22.0,57.89],[-26.25,57.18],[-29.25,55.85],[-30.74,54.5],[-31.53,52.5],[-30.92,50.75],[-31.73,49.25],[-34.5,46.22],[-36.75,44.47],[-38.75,42.47],[-46.34,33.0],[-47.7,30.5],[-47.25,29.53],[-46.25,28.9],[-42.5,27.44],[-42.25,27.11],[-39.66,25.75],[-38.25,25.31],[-38.0,24.97],[-37.5,24.86],[-37.0,25.14],[-35.75,24.16],[-34.0,23.85],[-32.5,23.26],[-31.46,23.25]]}},{"type":"Feature","properties":{"level":1020},"geometry":{"type":"LineString","coordinates":[[-162.22,25.0],[-161.75,24.9],[-161.0,25.25],[-159.0,25.03],[-157.75,25.28],[-156.75,25.77],[-152.75,26.79],[-150.75,28.01],[-149.92,29.0],[-150.01,29.25],[-149.5,30.66],[-147.45,32.5],[-143.01,34.75],[-141.5,36.12],[-139.05,37.25],[-136.62,39.5],[-133.5,40.85],[-130.94,42.5],[-129.97,43.75],[-129.67,44.75],[-129.73,45.5],[-130.25,46.04],[-130.45,46.75],[-132.75,49.44],[-134.25,50.44],[-135.25,50.61],[-148.0,50.26],[-153.5,49.74],[-158.81,48.5],[-161.45,47.25],[-163.9,44.75],[-166.5,43.52],[-170.03,41.25],[-171.67,39.25],[-171.95,38.25],[-171.77,36.25],[-171.0,35.04],[-167.93,28.25],[-166.75,26.87],[-165.0,25.71],[-162.75,25.57],[-162.22,25.0]]}},{"type":"Feature","properties":{"level":1020},"geometry":{"type":"LineString","coordinates":[[87.92,27.5],[88.25,27.42],[88.5,27.65],[89.0,27.42],[89.75,27.9],[90.25,27.6],[91.25,27.87],[92.0,27.46],[92.5,27.59],[93.25,28.37],[95.16,29.5],[95.15,29.75],[94.75,30.04],[94.25,30.01],[94.0,29.63],[93.26,29.5],[93.46,29.0],[92.51,28.75],[92.71,28.5],[92.5,28.09],[91.0,28.5],[89.25,27.94],[86.75,28.31],[85.0,29.03],[84.75,28.88],[84.25,29.07],[83.75,28.69],[83.75,29.35],[83.33,29.25],[83.25,29.0],[82.5,29.38],[83.0,28.7],[84.75,28.43],[86.5,27.64],[87.92,27.5]]}},{"type":"Feature","properties":{"level":1020},"geometry":{"type":"LineString","coordinates":[[97.0,28.0],[98.25,28.0],[98.5,27.77],[98.87,28.25],[98.5,28.2],[97.25,29.79],[96.5,29.99],[96.25,29.84],[95.5,30.55],[94.56,30.5],[95.59,30.0],[95.78,29.5],[95.59,29.25],[97.0,28.0]]}},{"type":"Feature","properties":{"level":1020},"geometry":{"type":"LineString","coordinates":[[-17.75,28.5],[-17.75,28.94],[-18.02,28.75],[-17.75,28.5]]}},{"type":"Feature","properties":{"level":1020},"geometry":{"type":"LineString","coordinates":[[-69.04,28.75],[-66.5,29.09],[-64.75,28.94],[-64.05,29.5],[-64.51,30.0],[-64.5,30.3],[-62.25,30.72],[-59.5,31.63],[-58.4,32.25],[-58.17,33.0],[-58.31,34.25],[-58.8,34.75],[-58.68,35.0],[-58.88,35.5],[-58.43,37.0],[-58.6,37.5],[-59.94,38.5],[-60.1,39.75],[-61.04,41.0],[-61.75,41.38],[-64.75,42.07],[-66.25,42.75],[-67.6,43.75],[-67.57,44.25],[-68.06,45.25],[-68.75,45.75],[-68.74,46.25],[-69.49,47.25],[-69.39,47.75],[-69.92,48.0],[-70.75,49.37],[-75.25,51.98],[-83.5,55.25],[-86.0,57.02],[-87.56,58.75],[-88.27,60.0],[-87.47,62.25],[-85.0,64.68],[-84.0,65.09],[-81.91,67.5],[-82.5,69.12],[-83.24,69.75],[-82.77,70.0],[-82.86,70.5],[-85.25,71.31],[-86.97,72.5],[-87.03,72.75],[-89.5,72.86],[-91.3,73.75],[-93.5,75.37],[-95.44,76.25],[-94.42,76.5],[-94.83,76.75],[-95.75,77.02],[-100.25,77.26],[-103.5,76.91],[-105.02,76.0],[-106.5,75.85],[-109.66,75.0],[-113.39,73.0],[-115.07,72.75],[-114.47,72.25],[-116.35,71.75],[-116.04,71.0],[-116.25,70.71],[-114.95,70.25],[-115.94,70.0],[-116.13,69.75],[-115.77,69.0],[-117.19,68.0],[-116.9,67.75],[-118.03,67.5],[-117.58,67.25],[-117.51,66.75],[-117.06,66.5],[-115.5,64.62],[-113.75,63.44],[-98.0,58.01],[-93.75,55.53],[-91.72,53.5],[-91.18,52.75],[-91.06,51.75],[-90.16,49.25],[-88.5,47.28],[-88.91,46.25],[-88.55,45.5],[-88.25,45.25],[-87.25,45.28],[-86.25,44.59],[-85.62,42.5],[-84.17,41.25],[-86.75,39.93],[-87.19,39.5],[-87.25,38.25],[-88.29,36.5],[-87.75,34.16],[-87.0,33.83],[-86.25,32.98],[-84.0,32.4],[-81.0,32.86],[-78.75,32.86],[-76.57,31.75],[-75.0,31.29],[-74.75,30.97],[-73.75,31.11],[-73.0,30.65],[-72.5,30.7],[-71.0,29.76],[-70.5,29.73],[-70.0,29.23],[-69.25,29.13],[-69.04,28.75]]}},{"type":"Feature","properties":{"level":1020},"geometry":{"type":"LineString","coordinates":[[80.97,29.75],[81.5,29.67],[81.75,30.06],[82.5,29.56],[82.88,29.75],[82.25,30.31],[81.25,30.06],[80.78,30.5],[79.0,31.22],[78.75,31.61],[78.5,31.54],[78.0,32.0],[77.87,32.5],[76.51,34.0],[75.5,34.37],[75.5,33.94],[76.3,33.25],[76.21,33.0],[76.66,32.25],[77.25,32.17],[77.5,31.71],[78.44,31.0],[79.5,30.65],[79.75,30.2],[80.5,30.14],[80.97,29.75]]}},{"type":"Feature","properties":{"level":1020},"geometry":{"type":"LineString","coordinates":[[109.74,30.0],[110.5,29.76],[110.75,29.89],[111.04,30.25],[110.86,30.75],[110.36,30.75],[110.25,30.28],[109.74,30.0]]}},{"type":"Feature","properties":{"level":1020},"geometry":{"type":"LineString","coordinates":[[102.3,30.25],[102.5,30.18],[102.75,30.6],[103.16,30.75],[103.5,31.45],[103.96,31.5],[102.75,31.37],[102.25,30.75],[102.3,30.25]]}},{"type":"Feature","properties":{"level":1020},"geometry":{"type":"LineString","coordinates":[[110.99,31.0],[111.69,31.5],[111.5,32.02],[110.86,31.75],[110.99,31.0]]}},{"type":"Feature","properties":{"level":1020},"geometry":{"type":"LineString","coordinates":[[13.14,31.5],[13.32,31.5],[13.25,31.8],[13.14,31.5]]}},{"type":"Feature","properties":{"level":1020},"geometry":{"type":"LineString","coordinates":[[20.84,32.75],[22.12,32.75],[21.0,32.92],[20.84,32.75]]}},{"type":"Feature","properties":{"level":1020},"geometry":{"type":"LineString","coordinates":[[110.16,33.25],[110.75,33.12],[110.75,33.43],[110.5,33.5],[110.75,33.52],[112.0,33.35],[112.54,33.75],[111.75,34.25],[110.5,33.88],[110.16,33.25]]}},{"type":"Feature","properties":{"level":1020},"geometry":{"type":"LineString","coordinates":[[7.88,35.0],[8.8,35.0],[8.47,35.25],[7.68,35.25],[7.88,35.0]]}},{"type":"Feature","properties":{"level":1020},"geometry":{"type":"LineString","coordinates":[[73.55,35.0],[74.5,34.77],[74.75,35.0],[74.5,35.31],[73.55,35.0]]}},{"type":"Feature","properties":{"level":1020},"geometry":{"type":"LineString","coordinates":[[78.25,35.33],[77.46,36.0],[77.5,36.19],[78.5,36.01],[78.66,35.75],[78.25,35.33]]}},{"type":"Feature","properties":{"level":1020},"geometry":{"type":"LineString","coordinates":[[112.99,35.5],[113.25,35.39],[113.69,35.75],[113.5,36.33],[113.0,36.0],[112.5,36.12],[112.99,35.5]]}},{"type":"Feature","properties":{"level":1020},"geometry":{"type":"LineString","coordinates":[[14.75,37.39],[14.64,37.5],[14.75,37.39]]}},{"type":"Feature","properties":{"level":1020},"geometry":{"type":"LineString","coordinates":[[22.93,37.75],[23.0,37.9],[22.93,37.75]]}},{"type":"Feature","properties":{"level":1020},"geometry":{"type":"LineString","coordinates":[[22.25,38.22],[22.75,38.25],[22.25,38.22]]}},{"type":"Feature","properties":{"level":1020},"geometry":{"type":"LineString","coordinates":[[113.32,38.75],[113.75,38.6],[114.0,39.09],[114.75,39.27],[115.54,40.0],[115.25,40.09],[114.25,39.58],[113.75,39.64],[113.17,39.0],[113.32,38.75]]}},{"type":"Feature","properties":{"level":1020},"geometry":{"type":"LineString","coordinates":[[16.25,40.23],[16.43,40.25],[16.25,40.23]]}},{"type":"Feature","properties":{"level":1020},"geometry":{"type":"LineString","coordinates":[[119.37,40.25],[119.5,40.01],[119.84,40.25],[119.37,40.25]]}},{"type":"Feature","properties":{"level":1020},"geometry":{"type":"LineString","coordinates":[[17.5,40.49],[17.76,40.5],[17.5,40.49]]}},{"type":"Feature","properties":{"level":1020},"geometry":{"type":"LineString","coordinates":[[15.75,40.93],[14.88,41.75],[15.25,41.8],[16.08,41.25],[15.75,40.93]]}},{"type":"Feature","properties":{"level":1020},"geometry":{"type":"LineString","coordinates":[[14.5,41.79],[14.5,42.05],[14.67,42.0],[14.5,41.79]]}},{"type":"Feature","properties":{"level":1020},"geometry":{"type":"LineString","coordinates":[[93.5,41.99],[92.25,42.38],[91.8,42.75],[91.91,43.0],[93.0,43.14],[94.93,42.5],[94.75,42.03],[93.5,41.99]]}},{"type":"Feature","properties":{"level":1020},"geometry":{"type":"LineString","coordinates":[[14.0,42.39],[14.0,42.54],[14.0,42.39]]}},{"type":"Feature","properties":{"level":1020},"geometry":{"type":"LineString","coordinates":[[89.25,42.45],[88.13,42.75],[89.0,43.1],[91.43,43.0],[91.25,42.6],[89.75,42.32],[89.25,42.45]]}},{"type":"Feature","properties":{"level":1020},"geometry":{"type":"LineString","coordinates":[[11.75,42.94],[11.75,43.2],[11.91,43.0],[11.75,42.94]]}},{"type":"Feature","properties":{"level":1020},"geometry":{"type":"LineString","coordinates":[[13.5,42.99],[13.5,43.29],[13.5,42.99]]}},{"type":"Feature","properties":{"level":1020},"geometry":{"type":"LineString","coordinates":[[17.5,43.24],[17.72,43.25],[17.5,43.24]]}},{"type":"Feature","properties":{"level":1020},"geometry":{"type":"LineString","coordinates":[[10.75,43.41],[10.75,43.77],[11.31,43.5],[10.75,43.41]]}},{"type":"Feature","properties":{"level":1020},"geometry":{"type":"LineString","coordinates":[[11.75,43.98],[11.48,44.25],[12.26,44.25],[11.75,43.98]]}},{"type":"Feature","properties":{"level":1020},"geometry":{"type":"LineString","coordinates":[[16.75,49.74],[17.07,49.75],[16.75,49.74]]}},{"type":"Feature","properties":{"level":1020},"geometry":{"type":"LineString","coordinates":[[14.94,50.75],[15.25,50.52],[15.48,50.75],[14.94,50.75]]}},{"type":"Feature","properties":{"level":1020},"geometry":{"type":"LineString","coordinates":[[112.96,56.25],[113.0,56.06],[113.25,56.13],[114.29,56.75],[113.75,57.11],[113.25,57.05],[112.92,56.75],[112.96,56.25]]}},{"type":"Feature","properties":{"level":1020},"geometry":{"type":"LineString","coordinates":[[117.46,56.75],[118.66,57.25],[117.75,57.51],[117.0,58.54],[115.02,57.75],[115.5,57.49],[116.0,57.6],[117.46,56.75]]}},{"type":"Feature","properties":{"level":1020},"geometry":{"type":"LineString","coordinates":[[-44.28,62.0],[-43.89,62.0],[-43.75,62.82],[-42.66,63.5],[-41.25,65.28],[-38.5,66.66],[-38.0,67.16],[-34.5,67.34],[-32.25,68.23],[-32.0,68.85],[-28.75,68.98],[-28.79,69.25],[-28.25,69.42],[-25.75,69.41],[-25.28,69.5],[-25.67,69.75],[-25.5,69.92],[-24.06,70.0],[-26.25,70.29],[-26.46,70.5],[-25.66,71.0],[-26.38,71.25],[-25.56,71.5],[-26.35,71.75],[-25.25,71.89],[-24.85,72.25],[-25.87,72.5],[-25.78,73.0],[-25.05,73.0],[-25.0,73.25],[-25.79,73.5],[-25.58,73.75],[-23.87,74.5],[-23.85,74.75],[-23.07,75.0],[-23.25,75.34],[-22.7,75.5],[-23.77,75.75],[-23.68,76.25],[-24.53,76.5],[-24.58,77.0],[-25.59,77.5],[-25.65,77.75],[-25.25,78.25],[-27.8,78.5],[-28.29,79.0],[-30.01,79.75],[-30.63,80.75],[-35.0,80.96],[-40.79,82.0],[-38.62,82.25],[-40.0,82.64],[-45.0,83.01],[-45.35,82.75],[-45.06,82.5],[-45.25,82.46],[-46.5,82.68],[-47.75,82.26],[-48.75,82.45],[-49.5,82.21],[-52.75,82.24],[-53.0,81.95],[-55.0,82.27],[-57.25,82.12],[-58.61,81.75],[-56.55,81.25],[-53.24,81.0],[-56.24,80.75],[-56.67,80.5],[-56.0,79.96],[-58.25,79.25],[-58.47,79.0],[-56.34,78.25],[-57.58,77.75],[-55.75,77.48],[-55.0,77.06],[-51.55,76.25],[-50.45,75.5],[-50.36,74.75],[-51.34,73.75],[-51.25,72.63],[-52.5,72.58],[-52.86,72.25],[-51.75,71.54],[-50.25,71.4],[-47.77,69.25],[-47.58,68.75],[-47.8,68.25],[-47.31,67.5],[-47.16,66.75],[-47.44,64.25],[-45.75,63.32],[-44.55,63.25],[-44.6,62.5],[-44.28,62.0]]}},{"type":"Feature","properties":{"level":1020},"geometry":{"type":"LineString","coordinates":[[101.48,65.75],[102.5,65.78],[102.85,66.0],[102.0,66.33],[101.48,65.75]]}},{"type":"Feature","properties":{"level":1020},"geometry":{"type":"LineString","coordinates":[[116.5,65.95],[116.5,66.12],[116.85,66.0],[116.5,65.95]]}},{"type":"Feature","properties":{"level":1020},"geometry":{"type":"LineString","coordinates":[[113.7,67.0],[114.68,67.0],[114.61,67.25],[115.08,67.75],[113.5,67.95],[111.49,67.75],[111.5,67.5],[113.0,67.34],[113.7,67.0]]}},{"type":"Feature","properties":{"level":1020},"geometry":{"type":"LineString","coordinates":[[-118.65,68.0],[-117.97,68.0],[-118.25,68.29],[-118.63,68.25],[-118.65,68.0]]}},{"type":"Feature","properties":{"level":1020},"geometry":{"type":"LineString","coordinates":[[117.75,69.36],[117.6,69.5],[118.96,70.0],[120.16,70.0],[120.06,69.75],[119.25,69.47],[117.75,69.36]]}},{"type":"Feature","properties":{"level":1020},"geometry":{"type":"LineString","coordinates":[[109.25,70.21],[106.38,70.75],[107.5,71.51],[110.75,71.14],[111.33,70.75],[109.25,70.21]]}},{"type":"Feature","properties":{"level":1020},"geometry":{"type":"LineString","coordinates":[[-76.8,72.0],[-75.99,72.0],[-76.09,72.25],[-77.04,72.25],[-76.8,72.0]]}},{"type":"Feature","properties":{"level":1020},"geometry":{"type":"LineString","coordinates":[[-83.55,72.25],[-83.0,72.13],[-81.4,72.75],[-81.5,73.0],[-82.25,73.19],[-83.75,72.68],[-83.9,72.5],[-83.55,72.25]]}},{"type":"Feature","properties":{"level":1020},"geometry":{"type":"LineString","coordinates":[[-91.63,75.0],[-90.75,74.75],[-89.75,74.77],[-89.42,75.0],[-89.47,75.25],[-90.25,75.34],[-91.0,75.34],[-91.63,75.0]]}},{"type":"Feature","properties":{"level":1020},"geometry":{"type":"LineString","coordinates":[[-88.12,75.0],[-87.7,75.25],[-88.3,75.25],[-88.12,75.0]]}},{"type":"Feature","properties":{"level":1020},"geometry":{"type":"LineString","coordinates":[[108.33,75.5],[108.75,75.25],[109.85,75.75],[109.97,76.0],[108.5,75.92],[108.13,75.75],[108.33,75.5]]}},{"type":"Feature","properties":{"level":1020},"geometry":{"type":"LineString","coordinates":[[-77.52,80.5],[-76.5,80.33],[-74.69,80.5],[-75.0,80.75],[-77.52,80.5]]}},{"type":"Feature","properties":{"level":1020},"geometry":{"type":"LineString","coordinates":[[-60.36,80.5],[-59.52,80.5],[-60.36,80.5]]}},{"type":"Feature","properties":{"level":1020},"geometry":{"type":"LineString","coordinates":[[-78.45,80.75],[-77.96,80.75],[-78.45,80.75]]}},{"type":"Feature","properties":{"level":1020},"geometry":{"type":"LineString","coordinates":[[-72.17,80.75],[-71.25,80.52],[-68.5,80.9],[-66.77,81.25],[-66.91,81.5],[-66.5,81.6],[-65.21,81.5],[-66.08,81.75],[-62.01,82.25],[-64.75,82.63],[-67.0,82.58],[-68.25,82.94],[-76.25,82.86],[-86.0,82.12],[-87.72,81.5],[-84.5,81.51],[-84.69,81.25],[-84.25,81.14],[-82.5,81.41],[-78.25,81.52],[-77.0,80.92],[-74.5,80.76],[-74.0,81.05],[-73.75,80.77],[-72.75,80.92],[-72.17,80.75]]}},{"type":"Feature","properties":{"level":1020},"geometry":{"type":"LineString","coordinates":[[-52.75,81.0],[-50.42,81.0],[-52.75,81.0]]}},{"type":"Feature","properties":{"level":1020},"geometry":{"type":"LineString","coordinates":[[-60.29,81.75],[-59.3,81.75],[-60.29,81.75]]}},{"type":"Feature","properties":{"level":1020},"geometry":{"type":"LineString","coordinates":[[-49.25,81.72],[-48.75,82.08],[-48.05,82.0],[-49.25,81.72]]}},{"type":"Feature","properties":{"level":1020},"geometry":{"type":"LineString","coordinates":[[-46.5,82.23],[-46.65,82.25],[-46.5,82.23]]}},{"type":"Feature","properties":{"level":1020},"geometry":{"type":"LineString","coordinates":[[-43.25,82.44],[-43.5,82.5],[-42.45,82.5],[-43.25,82.44]]}},{"type":"Feature","properties":{"level":1020},"geometry":{"type":"LineString","coordinates":[[-180.0,86.48],[-159.5,86.29],[-143.25,85.67],[-128.25,84.58],[-111.0,82.33],[-107.0,82.06],[-103.25,82.24],[-99.5,83.1],[-97.16,84.0],[-96.58,85.0],[-97.0,85.3],[-98.94,85.75],[-103.35,86.25],[-122.75,87.26],[-151.5,87.67],[-180.0,87.38]]}},{"type":"Feature","properties":{"level":1020},"geometry":{"type":"LineString","coordinates":[[180.0,87.38],[156.49,86.5],[140.75,85.26],[128.75,83.73],[122.75,82.06],[119.44,80.75],[118.5,79.5],[118.58,78.5],[118.31,77.5],[118.62,76.5],[120.2,75.5],[126.5,74.02],[128.32,73.5],[128.5,73.26],[129.25,73.25],[120.25,73.25],[115.5,73.85],[113.5,73.5],[110.25,73.53],[106.25,73.18],[105.5,73.5],[102.5,73.77],[102.25,73.25],[100.75,72.97],[99.75,72.38],[98.75,72.68],[96.5,72.34],[94.75,71.96],[93.75,71.49],[91.25,71.19],[87.25,70.05],[80.75,67.55],[74.75,64.32],[65.33,58.75],[64.0,57.78],[62.5,56.25],[61.3,55.5],[60.18,54.5],[60.0,53.6],[58.75,51.68],[58.7,50.0],[57.56,46.25],[57.7,44.75],[58.25,44.01],[59.75,43.49],[61.25,44.07],[63.25,43.61],[65.25,44.7],[66.75,44.87],[69.5,44.63],[73.25,43.52],[73.75,43.69],[73.92,43.5],[73.72,43.0],[72.0,42.95],[71.5,42.64],[70.65,42.75],[69.98,42.0],[69.91,41.25],[70.75,41.02],[72.0,41.76],[72.5,41.54],[72.61,41.25],[73.25,41.17],[73.5,40.61],[71.0,39.92],[68.75,39.73],[68.59,39.25],[68.25,39.41],[67.35,39.0],[67.21,38.75],[67.5,38.47],[67.75,38.79],[69.75,38.83],[70.25,39.1],[70.67,38.75],[70.25,38.52],[70.24,38.25],[70.5,38.25],[70.4,37.75],[70.96,37.0],[70.5,36.87],[70.0,36.24],[69.53,36.25],[69.74,36.0],[69.5,35.73],[68.5,35.4],[68.31,35.25],[68.5,35.11],[70.25,35.63],[71.0,35.54],[71.14,36.0],[72.5,36.67],[73.45,36.75],[73.5,37.04],[73.82,37.0],[73.52,36.75],[74.5,36.38],[74.7,37.0],[74.5,37.27],[74.0,37.26],[73.65,37.75],[73.68,38.25],[74.25,39.12],[74.5,39.12],[75.0,38.64],[75.03,38.25],[75.73,37.75],[75.75,37.24],[76.12,37.25],[76.1,36.75],[76.65,36.5],[76.0,36.44],[75.75,36.94],[75.25,36.99],[75.14,36.75],[75.43,36.5],[74.69,36.0],[75.0,35.75],[75.72,35.75],[76.0,35.44],[76.71,35.25],[76.64,34.75],[78.75,34.05],[79.06,34.25],[78.76,34.75],[78.92,35.5],[79.5,35.65],[80.72,35.0],[80.34,34.5],[80.61,34.25],[81.5,34.33],[82.25,33.45],[82.86,33.75],[82.74,34.25],[83.25,34.31],[83.75,34.86],[84.5,34.27],[85.0,34.52],[86.0,34.18],[86.33,34.5],[86.25,34.86],[87.0,35.15],[87.5,35.69],[88.83,35.75],[89.5,36.39],[90.5,36.46],[90.35,36.75],[90.75,37.05],[91.26,36.5],[91.15,36.25],[92.04,36.25],[92.37,36.75],[92.15,37.5],[91.17,38.5],[92.25,38.58],[93.0,39.09],[94.5,39.19],[95.5,38.95],[95.75,39.3],[97.0,39.1],[98.0,39.28],[99.75,38.16],[100.92,37.75],[101.0,37.12],[101.35,37.25],[101.11,37.5],[101.25,37.63],[102.0,37.35],[102.25,36.99],[102.75,36.94],[103.31,37.25],[102.75,37.41],[101.5,38.4],[101.0,38.4],[98.25,39.7],[96.5,40.06],[94.25,39.61],[90.25,39.38],[88.75,39.02],[87.5,38.34],[86.5,38.09],[85.65,37.5],[83.75,36.85],[81.0,36.19],[80.63,36.25],[80.25,36.67],[80.0,36.26],[79.97,36.5],[78.75,36.96],[76.76,37.25],[76.14,38.0],[76.51,38.25],[75.5,38.9],[74.8,39.75],[78.84,40.75],[78.45,41.0],[79.5,41.63],[80.25,41.54],[82.75,42.27],[83.5,42.01],[85.0,42.08],[85.75,41.87],[86.06,42.0],[85.78,42.25],[86.25,42.4],[88.15,42.25],[87.84,42.0],[88.0,41.71],[86.97,41.5],[87.75,41.2],[89.0,41.35],[89.75,41.06],[91.75,41.26],[92.25,40.86],[93.75,40.86],[94.0,41.26],[94.5,40.98],[96.5,41.5],[97.5,41.34],[99.17,42.0],[98.34,42.5],[98.75,42.62],[98.98,43.0],[98.5,43.24],[97.0,43.44],[96.25,43.84],[94.25,43.82],[94.12,44.0],[94.5,44.22],[95.77,44.25],[95.5,45.09],[96.25,45.31],[97.0,45.16],[97.13,45.5],[96.75,45.83],[95.25,45.75],[94.1,46.25],[95.5,46.63],[96.25,46.1],[97.5,45.89],[97.89,46.25],[98.75,46.25],[99.5,46.57],[101.5,46.27],[103.05,46.75],[101.78,47.75],[102.5,48.06],[103.25,48.01],[103.75,48.44],[105.0,48.47],[105.68,49.25],[106.67,49.5],[107.5,50.3],[108.09,50.5],[108.57,51.5],[107.94,52.0],[108.91,53.0],[107.75,52.87],[107.48,53.0],[107.66,53.5],[108.41,54.0],[109.2,55.5],[109.75,55.97],[110.27,56.0],[109.81,55.25],[109.75,54.6],[110.25,54.75],[110.73,56.0],[110.6,56.5],[111.39,57.5],[110.75,57.19],[110.05,57.5],[110.5,57.81],[108.5,57.53],[106.76,58.0],[102.0,58.27],[100.25,58.72],[99.0,59.33],[97.21,60.75],[96.48,62.25],[96.41,63.0],[96.75,63.75],[98.19,64.5],[97.52,65.0],[98.25,65.31],[99.25,65.2],[98.81,65.75],[99.0,65.86],[101.0,65.9],[100.75,66.88],[101.0,66.95],[101.25,66.47],[101.75,66.44],[102.46,67.0],[101.5,67.25],[101.71,67.5],[102.25,67.97],[103.5,68.19],[104.25,68.76],[107.25,68.42],[108.24,69.0],[108.17,69.25],[108.61,69.25],[108.25,69.0],[108.5,68.84],[109.25,68.91],[109.38,69.0],[108.86,69.5],[109.5,69.6],[109.91,69.5],[109.53,69.25],[109.75,69.07],[110.79,69.0],[110.92,68.75],[110.72,68.5],[111.0,68.41],[112.25,68.43],[113.0,69.05],[114.5,69.01],[115.75,68.74],[115.9,68.25],[115.6,68.0],[116.67,67.75],[116.69,67.5],[115.04,67.0],[115.85,66.75],[116.41,66.25],[116.25,66.14],[115.5,66.03],[114.75,66.35],[114.0,66.35],[113.94,66.0],[115.5,65.9],[115.84,65.5],[117.0,65.07],[117.75,65.1],[117.6,64.75],[121.25,63.56],[122.14,63.0],[122.09,62.5],[122.69,61.75],[121.22,60.25],[121.92,59.5],[121.84,59.0],[120.0,57.46],[119.59,57.5],[120.01,57.75],[119.29,58.0],[119.5,58.25],[119.09,58.25],[118.65,57.5],[118.75,57.37],[119.0,57.61],[119.55,57.25],[118.45,56.5],[119.86,56.25],[119.55,55.75],[119.75,55.41],[120.5,54.96],[121.11,55.0],[121.32,54.5],[120.91,54.25],[123.25,53.55],[124.47,52.75],[124.32,52.5],[124.87,52.0],[125.19,51.25],[125.71,49.0],[125.6,47.0],[126.0,46.24],[127.04,45.5],[126.96,44.5],[126.56,44.0],[122.14,41.0],[120.38,39.5],[119.76,38.5],[119.8,37.25],[119.37,36.75],[119.41,36.5],[118.0,36.41],[117.94,35.5],[118.46,34.0],[119.0,33.76],[119.47,33.0],[120.88,32.25],[121.13,33.0],[123.25,34.42],[124.5,34.92],[125.75,34.78],[127.25,33.58],[128.25,33.42],[128.91,32.75],[130.5,32.52],[130.35,32.0],[131.0,31.05],[131.25,31.34],[131.47,31.25],[132.75,30.12],[134.0,30.64],[135.25,30.33],[151.5,31.72],[155.75,32.66],[161.0,35.19],[170.46,39.0],[171.32,39.75],[172.17,41.0],[173.01,42.5],[172.89,43.25],[171.98,44.0],[169.25,44.96],[160.28,47.5],[153.0,48.4],[150.25,49.07],[149.3,49.75],[146.75,50.6],[144.8,52.25],[140.75,54.79],[138.0,55.81],[137.81,56.0],[138.04,56.5],[139.98,58.0],[139.83,58.5],[139.46,58.75],[140.98,59.5],[141.11,60.25],[140.75,60.5],[141.11,61.0],[141.75,61.14],[141.75,61.5],[142.1,61.75],[142.75,61.9],[143.75,61.36],[146.25,61.3],[147.5,61.0],[149.84,61.25],[148.25,61.98],[148.0,62.54],[146.62,63.0],[146.0,63.59],[144.94,63.5],[144.46,64.0],[144.33,64.75],[145.15,65.0],[144.5,65.47],[142.5,65.64],[141.75,66.36],[140.09,67.0],[139.44,67.75],[140.42,68.5],[139.7,69.25],[140.39,69.75],[136.5,70.28],[132.0,71.36],[130.3,72.25],[129.45,73.0],[130.0,73.12],[133.5,72.73],[134.75,72.87],[138.24,74.0],[140.2,75.0],[139.5,76.15],[141.0,77.75],[141.81,81.25],[143.75,83.14],[146.25,84.16],[153.0,85.37],[161.25,86.14],[180.0,86.48]]}},{"type":"Feature","properties":{"level":1024},"geometry":{"type":"LineString","coordinates":[[-128.41,-89.75],[-83.25,-89.75],[-128.41,-89.75]]}},{"type":"Feature","properties":{"level":1024},"geometry":{"type":"LineString","coordinates":[[96.71,-89.75],[102.07,-89.75],[96.71,-89.75]]}},{"type":"Feature","properties":{"level":1024},"geometry":{"type":"LineString","coordinates":[[111.67,-89.5],[134.25,-89.51],[166.03,-89.0],[142.41,-88.5],[138.53,-88.25],[141.5,-87.91],[147.5,-87.75],[129.75,-86.86],[118.0,-86.88],[114.75,-86.32],[113.0,-85.67],[110.75,-85.48],[99.25,-86.31],[63.0,-87.44],[57.23,-87.75],[56.48,-88.0],[62.21,-88.5],[99.75,-88.42],[125.82,-89.0],[127.23,-89.25],[111.67,-89.5]]}},{"type":"Feature","properties":{"level":1024},"geometry":{"type":"LineString","coordinates":[[89.32,-83.0],[91.75,-83.16],[96.0,-82.61],[97.77,-82.0],[97.04,-81.75],[97.27,-81.5],[99.32,-81.0],[99.16,-80.75],[91.75,-77.41],[90.25,-77.33],[87.0,-76.63],[81.75,-77.44],[78.5,-77.5],[76.0,-78.08],[73.5,-78.33],[70.26,-79.25],[69.97,-79.75],[70.25,-80.07],[67.62,-80.75],[66.88,-81.25],[70.0,-82.1],[78.75,-81.87],[82.76,-82.5],[89.32,-83.0]]}},{"type":"Feature","properties":{"level":1024},"geometry":{"type":"LineString","coordinates":[[51.17,-80.75],[53.35,-80.75],[52.96,-80.5],[53.4,-80.25],[51.66,-79.5],[51.04,-79.0],[51.04,-78.5],[50.25,-78.12],[48.0,-77.96],[44.5,-78.24],[41.5,-78.94],[41.17,-79.25],[42.25,-79.85],[44.75,-80.37],[51.17,-80.75]]}},{"type":"Feature","properties":{"level":1024},"geometry":{"type":"LineString","coordinates":[[122.33,-76.5],[124.75,-76.58],[125.75,-76.35],[126.12,-76.0],[125.88,-75.5],[125.25,-75.13],[120.5,-73.48],[110.75,-72.66],[108.5,-72.57],[107.95,-72.75],[108.23,-73.0],[107.91,-73.25],[108.93,-74.0],[108.62,-74.5],[108.86,-74.75],[108.72,-75.0],[111.25,-75.91],[117.0,-76.42],[122.33,-76.5]]}},{"type":"Feature","properties":{"level":1024},"geometry":{"type":"LineString","coordinates":[[-57.78,-54.25],[-53.5,-54.15],[-46.5,-52.39],[-42.99,-51.0],[-35.75,-47.54],[-31.66,-43.75],[-30.68,-42.0],[-30.52,-39.75],[-31.75,-39.02],[-32.25,-37.98],[-32.75,-38.08],[-33.75,-37.65],[-35.75,-37.5],[-36.25,-37.78],[-37.75,-37.6],[-38.75,-38.03],[-41.0,-37.81],[-41.75,-38.09],[-42.5,-37.95],[-44.5,-38.17],[-44.75,-37.98],[-47.0,-37.96],[-49.0,-37.53],[-51.0,-37.51],[-53.85,-36.5],[-56.25,-35.16],[-56.75,-35.37],[-57.0,-35.1],[-57.25,-35.31],[-59.75,-33.21],[-61.25,-32.73],[-61.75,-32.82],[-62.75,-33.81],[-63.25,-33.87],[-63.68,-35.5],[-65.0,-36.49],[-66.5,-38.66],[-67.25,-39.34],[-68.04,-39.5],[-68.81,-40.5],[-68.0,-41.47],[-66.5,-41.75],[-66.49,-44.25],[-65.93,-45.0],[-65.92,-47.25],[-65.41,-49.0],[-64.75,-50.05],[-63.35,-51.5],[-61.5,-52.94],[-59.5,-53.89],[-57.78,-54.25]]}},{"type":"Feature","properties":{"level":1024},"geometry":{"type":"LineString","coordinates":[[-180.0,-50.1],[-174.0,-50.91],[-169.75,-50.34],[-167.65,-49.75],[-165.75,-48.89],[-161.5,-46.3],[-159.33,-44.5],[-156.39,-41.5],[-153.65,-37.5],[-153.69,-37.0],[-152.46,-34.75],[-152.83,-33.0],[-152.27,-31.25],[-151.48,-30.25],[-151.61,-29.5],[-152.43,-28.5],[-153.96,-27.5],[-157.5,-25.8],[-158.0,-25.67],[-158.5,-25.85],[-159.5,-25.08],[-160.25,-25.21],[-162.25,-24.21],[-164.0,-23.92],[-166.75,-24.3],[-168.25,-23.69],[-168.75,-23.92],[-171.25,-23.77],[-171.5,-23.98],[-172.0,-23.71],[-172.5,-23.95],[-173.5,-23.78],[-174.5,-23.97],[-175.0,-24.46],[-176.75,-24.39],[-177.25,-24.8],[-177.75,-24.64],[-178.25,-25.5],[-178.4,-25.0],[-178.75,-24.88],[-179.25,-25.21],[-180.0,-25.06]]}},{"type":"Feature","properties":{"level":1024},"geometry":{"type":"LineString","coordinates":[[35.16,-46.75],[40.5,-46.97],[49.25,-46.41],[53.5,-45.4],[54.28,-45.0],[55.75,-43.34],[57.5,-42.76],[63.0,-42.99],[74.5,-44.85],[81.75,-45.69],[86.75,-46.07],[91.0,-45.99],[96.5,-44.9],[98.25,-44.3],[105.25,-41.05],[106.5,-40.16],[106.89,-39.5],[106.67,-38.25],[106.0,-37.06],[104.0,-35.0],[100.97,-33.25],[96.76,-31.5],[95.03,-30.25],[93.5,-28.55],[92.5,-27.81],[89.25,-26.05],[88.5,-26.1],[88.0,-25.67],[86.25,-25.21],[85.25,-25.24],[82.5,-24.63],[82.0,-24.94],[81.25,-24.83],[80.5,-25.09],[78.75,-24.87],[77.0,-26.14],[76.34,-27.25],[75.25,-28.41],[74.5,-28.82],[74.25,-29.31],[73.75,-29.44],[73.25,-29.97],[71.0,-30.59],[69.25,-30.71],[67.0,-30.01],[65.39,-27.5],[65.0,-27.37],[63.25,-27.53],[60.75,-28.5],[59.75,-28.18],[56.5,-29.57],[53.47,-29.25],[52.0,-28.64],[51.25,-28.75],[49.5,-28.49],[46.5,-28.91],[45.25,-29.63],[43.24,-29.75],[40.5,-31.19],[40.02,-32.5],[39.79,-34.25],[40.07,-35.5],[40.77,-36.75],[40.75,-38.52],[39.5,-38.87],[39.25,-39.18],[35.5,-39.83],[31.0,-40.13],[30.17,-40.5],[29.84,-41.0],[28.72,-41.75],[26.75,-42.39],[25.75,-42.19],[22.0,-42.64],[21.17,-42.5],[21.18,-42.25],[21.58,-42.0],[20.59,-41.75],[21.1,-41.25],[20.52,-40.75],[19.0,-40.07],[17.42,-39.75],[17.5,-39.03],[17.19,-39.0],[17.0,-39.29],[16.59,-38.75],[16.55,-37.25],[15.34,-36.25],[14.06,-34.5],[11.0,-32.99],[10.5,-33.28],[8.83,-33.5],[8.75,-34.31],[7.0,-34.08],[6.24,-35.0],[6.52,-36.0],[6.97,-36.25],[8.5,-38.29],[10.75,-39.5],[12.0,-41.0],[12.55,-41.25],[13.25,-42.04],[14.5,-42.7],[16.5,-43.28],[17.51,-44.25],[19.92,-44.5],[20.45,-45.25],[21.5,-45.68],[23.75,-45.35],[25.0,-46.01],[31.5,-46.27],[35.16,-46.75]]}},{"type":"Feature","properties":{"level":1024},"geometry":{"type":"LineString","coordinates":[[27.38,-41.5],[28.14,-41.5],[27.5,-41.25],[27.38,-41.5]]}},{"type":"Feature","properties":{"level":1024},"geometry":{"type":"LineString","coordinates":[[-32.0,-39.37],[-32.0,-39.2],[-32.0,-39.37]]}},{"type":"Feature","properties":{"level":1024},"geometry":{"type":"LineString","coordinates":[[-69.46,-28.5],[-69.25,-28.56],[-68.45,-27.75],[-68.11,-26.75],[-68.25,-26.15],[-68.5,-26.04],[-68.75,-26.25],[-69.46,-28.5]]}},{"type":"Feature","properties":{"level":1024},"geometry":{"type":"LineString","coordinates":[[178.0,-27.7],[177.79,-27.5],[178.0,-27.07],[178.23,-27.25],[178.0,-27.7]]}},{"type":"Feature","properties":{"level":1024},"geometry":{"type":"LineString","coordinates":[[180.0,-25.06],[179.25,-25.33],[178.5,-26.17],[178.41,-26.75],[177.65,-27.0],[177.91,-28.5],[177.22,-28.75],[177.5,-29.43],[177.79,-29.5],[177.31,-30.25],[177.39,-31.75],[177.18,-32.25],[177.06,-35.25],[176.48,-36.75],[175.23,-38.25],[175.35,-39.25],[175.75,-39.85],[176.8,-40.25],[175.79,-45.25],[175.97,-47.75],[177.25,-49.05],[180.0,-50.1]]}},{"type":"Feature","properties":{"level":1024},"geometry":{"type":"LineString","coordinates":[[-31.08,29.5],[-28.5,29.46],[-25.0,31.27],[-18.67,36.5],[-14.08,41.25],[-11.39,43.0],[-10.0,43.56],[-8.5,43.8],[-6.75,43.63],[-6.0,43.19],[-4.0,43.05],[-3.25,43.41],[-2.25,43.08],[-1.25,43.19],[-1.1,43.25],[-1.45,44.0],[-0.6,45.0],[0.25,45.22],[0.5,45.69],[1.75,46.12],[2.75,46.07],[3.25,45.52],[3.75,46.12],[4.0,45.64],[4.34,46.25],[4.0,47.03],[4.5,47.01],[5.0,47.42],[5.11,47.25],[4.82,46.75],[5.0,46.54],[5.25,46.69],[5.74,47.5],[5.47,47.75],[5.7,48.5],[7.5,49.3],[6.75,49.66],[5.25,49.55],[4.0,49.12],[2.5,49.07],[2.24,49.25],[2.64,49.5],[2.83,50.0],[2.35,50.5],[2.78,51.0],[2.25,51.59],[-8.5,54.29],[-20.0,56.0],[-22.0,55.99],[-25.75,55.11],[-28.0,53.51],[-28.9,52.0],[-29.11,50.25],[-30.25,48.16],[-36.59,42.0],[-38.61,39.25],[-39.84,36.75],[-39.89,35.75],[-39.41,35.0],[-39.58,34.5],[-39.34,33.25],[-38.63,32.25],[-37.75,31.6],[-35.5,30.57],[-33.25,29.76],[-32.5,29.85],[-32.0,29.55],[-31.08,29.5]]}},{"type":"Feature","properties":{"level":1024},"geometry":{"type":"LineString","coordinates":[[-160.27,29.75],[-157.25,29.86],[-156.11,30.5],[-153.5,32.73],[-148.55,34.75],[-143.75,37.42],[-140.25,40.0],[-138.84,40.75],[-137.45,41.75],[-135.18,44.0],[-135.2,46.0],[-135.5,46.29],[-135.47,47.0],[-136.14,47.75],[-137.25,48.35],[-138.75,48.62],[-141.25,48.8],[-144.5,48.5],[-149.25,48.52],[-155.25,47.74],[-157.42,47.0],[-159.1,46.0],[-161.5,44.15],[-163.0,42.67],[-165.22,41.5],[-166.1,40.75],[-167.08,38.75],[-167.13,35.75],[-166.49,34.5],[-166.5,33.92],[-165.25,31.95],[-163.0,30.24],[-162.0,30.41],[-160.27,29.75]]}},{"type":"Feature","properties":{"level":1024},"geometry":{"type":"LineString","coordinates":[[132.96,33.25],[133.5,33.52],[134.25,33.41],[134.73,33.75],[134.68,34.0],[134.25,34.2],[133.0,33.83],[132.96,33.25]]}},{"type":"Feature","properties":{"level":1024},"geometry":{"type":"LineString","coordinates":[[135.63,33.5],[146.75,33.95],[151.5,34.42],[154.25,34.98],[163.5,38.63],[165.75,39.75],[166.98,40.75],[167.02,42.25],[166.69,42.75],[165.0,43.92],[160.5,45.59],[158.0,46.21],[155.0,46.53],[149.75,46.52],[142.75,46.13],[140.25,44.66],[135.25,42.81],[134.25,42.75],[134.04,43.0],[134.25,43.85],[133.5,43.83],[132.49,43.0],[132.76,42.5],[132.3,40.75],[133.26,39.25],[134.23,38.75],[135.0,37.86],[136.35,37.5],[136.57,36.75],[136.56,36.5],[135.5,35.76],[133.1,35.0],[133.75,35.05],[135.25,34.63],[135.43,34.5],[135.03,33.75],[135.63,33.5]]}},{"type":"Feature","properties":{"level":1024},"geometry":{"type":"LineString","coordinates":[[77.89,34.5],[78.19,34.5],[78.13,34.75],[77.25,36.1],[75.25,36.37],[74.89,36.0],[75.25,36.07],[76.75,35.37],[77.0,34.89],[77.25,35.28],[77.89,34.5]]}},{"type":"Feature","properties":{"level":1024},"geometry":{"type":"LineString","coordinates":[[-69.31,34.75],[-68.54,35.0],[-68.53,35.5],[-67.75,35.85],[-66.76,36.75],[-66.37,38.0],[-66.82,39.0],[-67.75,39.62],[-68.75,39.89],[-71.25,40.1],[-72.75,39.66],[-74.0,39.95],[-74.25,40.26],[-76.25,38.86],[-77.0,38.6],[-77.21,38.0],[-78.0,37.25],[-78.79,37.0],[-78.54,36.5],[-78.75,36.32],[-79.7,36.5],[-79.55,37.25],[-79.12,37.75],[-79.03,38.75],[-79.5,39.1],[-79.75,38.99],[-81.55,37.75],[-81.67,37.25],[-82.27,36.75],[-82.23,36.25],[-83.7,35.5],[-83.73,35.25],[-83.5,34.95],[-82.5,35.21],[-82.0,35.6],[-81.5,35.61],[-81.25,36.16],[-80.25,36.24],[-79.75,35.67],[-79.5,36.19],[-78.75,35.92],[-78.5,35.36],[-78.25,35.29],[-74.0,35.44],[-73.91,35.0],[-73.5,34.91],[-73.0,35.3],[-72.5,34.96],[-71.25,35.48],[-71.0,34.82],[-70.25,34.77],[-69.5,35.37],[-69.16,35.25],[-69.31,34.75]]}},{"type":"Feature","properties":{"level":1024},"geometry":{"type":"LineString","coordinates":[[81.0,35.0],[82.0,35.12],[83.75,36.09],[84.8,36.0],[84.5,36.51],[85.69,36.5],[85.5,36.28],[84.85,36.25],[85.0,36.08],[86.59,36.25],[86.27,36.5],[86.65,36.75],[86.69,37.25],[86.5,37.6],[86.25,37.59],[83.75,36.56],[82.32,36.5],[81.75,36.09],[80.0,36.0],[79.42,36.25],[79.3,36.0],[79.58,35.75],[81.0,35.0]]}},{"type":"Feature","properties":{"level":1024},"geometry":{"type":"LineString","coordinates":[[85.69,35.5],[86.51,35.5],[86.25,35.91],[85.75,35.95],[85.49,35.75],[85.69,35.5]]}},{"type":"Feature","properties":{"level":1024},"geometry":{"type":"LineString","coordinates":[[81.5,35.74],[82.0,36.05],[82.95,36.0],[81.5,35.74]]}},{"type":"Feature","properties":{"level":1024},"geometry":{"type":"LineString","coordinates":[[71.51,36.5],[72.0,36.44],[71.92,36.75],[72.33,36.75],[72.82,37.5],[72.88,38.75],[73.82,39.5],[73.5,39.63],[71.53,39.0],[71.45,38.5],[71.86,38.5],[71.75,38.24],[72.01,38.0],[71.51,37.75],[71.5,37.5],[71.44,37.75],[71.07,37.75],[71.25,36.6],[71.69,36.75],[71.51,36.5]]}},{"type":"Feature","properties":{"level":1024},"geometry":{"type":"LineString","coordinates":[[76.95,36.5],[77.75,36.32],[78.56,36.75],[76.5,36.91],[76.23,36.75],[76.95,36.5]]}},{"type":"Feature","properties":{"level":1024},"geometry":{"type":"LineString","coordinates":[[87.39,37.5],[87.5,37.31],[88.58,37.5],[88.81,37.75],[88.6,38.0],[89.5,38.18],[89.5,38.46],[87.15,38.0],[87.39,37.5]]}},{"type":"Feature","properties":{"level":1024},"geometry":{"type":"LineString","coordinates":[[73.88,40.25],[74.86,40.5],[74.0,41.13],[73.83,41.0],[73.88,40.25]]}},{"type":"Feature","properties":{"level":1024},"geometry":{"type":"LineString","coordinates":[[-75.17,41.75],[-75.0,41.51],[-73.0,41.93],[-72.83,43.0],[-71.48,44.25],[-71.09,45.75],[-72.43,47.0],[-71.98,47.25],[-72.0,47.63],[-73.32,48.25],[-74.03,49.0],[-78.25,51.22],[-81.0,51.89],[-84.75,53.56],[-86.0,53.73],[-87.5,53.46],[-87.84,52.75],[-87.39,49.0],[-86.5,48.69],[-85.75,47.77],[-85.25,47.62],[-84.93,47.25],[-84.89,46.25],[-80.5,44.69],[-80.0,43.96],[-77.91,43.5],[-78.01,43.25],[-77.69,43.0],[-75.17,41.75]]}},{"type":"Feature","properties":{"level":1024},"geometry":{"type":"LineString","coordinates":[[76.07,41.75],[77.25,41.57],[77.75,41.86],[78.25,41.71],[78.5,41.94],[79.0,41.55],[79.23,41.75],[78.88,42.0],[79.25,42.22],[80.25,41.68],[82.75,42.57],[83.5,42.61],[83.75,42.9],[84.75,42.9],[85.07,43.25],[86.0,43.41],[86.9,43.0],[87.0,42.73],[87.91,43.25],[88.0,43.56],[89.75,43.32],[91.5,43.66],[93.49,43.5],[93.75,43.77],[92.99,43.75],[91.82,44.75],[92.5,45.01],[94.0,45.04],[94.34,45.75],[92.75,46.53],[92.11,46.0],[91.5,46.23],[91.75,46.26],[92.0,46.83],[92.6,47.0],[92.17,47.25],[91.9,47.75],[92.02,48.0],[92.49,48.0],[92.5,47.63],[93.0,47.47],[93.25,48.05],[95.25,47.95],[95.75,48.38],[97.0,47.87],[97.5,47.3],[97.75,47.39],[97.75,46.91],[98.19,47.0],[98.13,47.25],[98.75,47.4],[99.0,47.78],[99.22,47.75],[99.12,47.5],[99.75,47.44],[99.99,47.75],[99.79,48.0],[100.39,48.5],[98.88,48.75],[99.8,49.25],[99.83,49.5],[99.46,49.75],[100.5,50.25],[100.25,50.5],[100.5,51.51],[100.89,51.25],[100.75,50.61],[101.5,50.82],[102.75,49.9],[104.5,49.4],[104.5,49.66],[104.19,49.75],[104.5,50.25],[103.63,50.5],[103.55,50.75],[104.0,50.65],[105.53,51.5],[104.59,51.75],[105.4,52.25],[105.21,53.25],[105.47,54.0],[106.34,55.0],[106.16,55.5],[104.75,56.19],[103.5,56.15],[102.35,56.75],[100.5,57.15],[96.75,58.53],[95.55,59.25],[94.66,60.25],[91.6,62.25],[90.4,63.5],[89.25,64.13],[87.75,64.19],[84.25,64.83],[81.0,64.28],[76.0,62.51],[71.75,60.14],[65.5,55.43],[63.46,53.25],[62.59,51.0],[62.84,50.25],[63.25,49.87],[65.5,49.8],[66.08,49.5],[66.75,48.18],[70.0,47.15],[72.75,45.45],[75.5,45.08],[78.5,45.34],[78.75,45.24],[78.76,44.75],[79.25,44.44],[81.0,44.46],[83.82,43.5],[80.75,42.63],[79.75,42.61],[79.25,42.89],[77.75,42.14],[76.0,42.14],[75.84,42.0],[76.07,41.75]]}},{"type":"Feature","properties":{"level":1024},"geometry":{"type":"LineString","coordinates":[[73.37,42.0],[73.89,42.0],[73.75,42.4],[75.0,42.14],[75.24,42.5],[73.25,42.52],[73.02,42.25],[73.37,42.0]]}},{"type":"Feature","properties":{"level":1024},"geometry":{"type":"LineString","coordinates":[[27.96,42.25],[30.0,42.82],[31.5,42.96],[32.5,43.48],[33.36,45.75],[32.0,46.57],[31.0,46.59],[30.28,46.25],[30.25,45.98],[29.5,45.5],[29.51,45.0],[29.0,45.07],[28.34,44.25],[28.25,43.63],[27.78,43.25],[27.53,42.5],[27.96,42.25]]}},{"type":"Feature","properties":{"level":1024},"geometry":{"type":"LineString","coordinates":[[76.44,42.75],[78.0,42.72],[78.98,43.0],[77.5,43.4],[75.97,43.0],[76.44,42.75]]}},{"type":"Feature","properties":{"level":1024},"geometry":{"type":"LineString","coordinates":[[-77.5,43.16],[-77.71,43.25],[-77.5,43.45],[-77.15,43.25],[-77.5,43.16]]}},{"type":"Feature","properties":{"level":1024},"geometry":{"type":"LineString","coordinates":[[79.41,43.25],[80.5,43.05],[81.66,43.5],[79.41,43.25]]}},{"type":"Feature","properties":{"level":1024},"geometry":{"type":"LineString","coordinates":[[135.76,46.25],[136.0,46.02],[136.75,46.26],[137.25,46.02],[137.5,46.14],[138.25,47.18],[140.09,48.5],[140.4,49.5],[140.31,51.0],[139.75,51.29],[138.99,51.25],[138.88,51.75],[139.08,52.25],[138.75,52.57],[137.67,52.0],[137.89,51.75],[137.64,51.25],[138.02,50.75],[137.28,49.75],[135.5,48.33],[134.72,48.25],[134.41,47.75],[134.78,47.5],[134.46,47.25],[134.99,46.5],[135.76,46.25]]}},{"type":"Feature","properties":{"level":1024},"geometry":{"type":"LineString","coordinates":[[142.0,46.5],[142.77,47.0],[142.25,47.9],[141.86,47.5],[142.0,46.5]]}},{"type":"Feature","properties":{"level":1024},"geometry":{"type":"LineString","coordinates":[[135.0,47.14],[134.85,47.25],[135.0,47.14]]}},{"type":"Feature","properties":{"level":1024},"geometry":{"type":"LineString","coordinates":[[5.93,47.75],[6.25,47.67],[6.8,48.0],[6.75,48.19],[6.25,48.1],[5.93,47.75]]}},{"type":"Feature","properties":{"level":1024},"geometry":{"type":"LineString","coordinates":[[142.24,48.25],[142.5,48.27],[142.69,48.75],[142.5,50.05],[142.04,48.75],[142.24,48.25]]}},{"type":"Feature","properties":{"level":1024},"geometry":{"type":"LineString","coordinates":[[7.72,48.5],[8.0,48.3],[8.37,48.5],[8.0,48.65],[7.72,48.5]]}},{"type":"Feature","properties":{"level":1024},"geometry":{"type":"LineString","coordinates":[[131.27,48.75],[131.5,48.55],[132.5,48.68],[133.25,49.23],[133.75,49.21],[134.92,50.25],[134.75,50.49],[134.33,50.5],[135.83,50.75],[135.6,51.25],[135.4,54.0],[135.0,54.42],[133.97,54.75],[137.0,56.18],[138.65,57.75],[138.5,58.05],[137.21,58.25],[137.33,59.5],[138.5,60.25],[139.25,60.14],[139.0,60.5],[140.17,61.25],[140.63,62.25],[140.46,62.75],[140.86,63.0],[140.0,63.68],[139.8,64.0],[140.0,64.25],[141.5,64.37],[141.9,64.75],[140.86,65.5],[141.09,65.75],[139.75,66.19],[139.73,66.5],[139.25,66.77],[138.5,66.81],[137.5,67.24],[136.96,67.0],[137.5,66.71],[136.75,66.67],[136.25,66.22],[135.25,66.43],[134.35,66.0],[134.13,65.75],[134.25,65.49],[132.25,65.11],[131.25,65.28],[130.85,65.5],[130.38,66.25],[130.64,67.0],[129.52,67.25],[130.38,67.5],[130.43,67.75],[129.59,68.0],[129.66,68.25],[130.22,68.5],[129.03,69.0],[129.0,69.4],[128.43,69.25],[128.5,68.99],[126.95,69.25],[125.86,68.75],[126.21,68.5],[125.21,68.0],[125.41,67.75],[125.14,67.25],[125.59,66.0],[126.5,64.6],[132.05,62.5],[132.16,62.25],[131.51,61.5],[130.16,61.0],[130.25,60.5],[130.74,60.5],[130.75,60.25],[129.25,59.75],[129.18,59.5],[130.0,59.4],[130.75,59.72],[131.5,59.47],[131.68,59.0],[127.75,58.19],[127.25,58.28],[127.08,58.0],[126.25,57.86],[126.09,57.75],[126.3,57.25],[125.91,57.0],[126.5,56.68],[127.75,56.76],[127.69,56.5],[126.25,56.22],[125.89,55.75],[123.9,55.75],[124.25,55.39],[125.92,55.0],[126.0,54.5],[125.78,54.25],[128.82,52.75],[129.1,52.0],[129.75,51.28],[130.2,51.25],[130.4,50.5],[131.0,50.0],[131.27,48.75]]}},{"type":"Feature","properties":{"level":1024},"geometry":{"type":"LineString","coordinates":[[2.83,50.25],[3.06,50.25],[2.83,50.25]]}},{"type":"Feature","properties":{"level":1024},"geometry":{"type":"LineString","coordinates":[[127.75,54.24],[127.36,54.5],[127.5,54.64],[128.22,54.5],[127.75,54.24]]}},{"type":"Feature","properties":{"level":1024},"geometry":{"type":"LineString","coordinates":[[129.5,56.14],[129.34,56.25],[129.72,56.75],[129.25,57.21],[128.23,57.25],[128.0,57.86],[128.25,57.59],[129.75,57.31],[130.75,57.45],[131.14,57.75],[130.91,57.25],[131.87,56.5],[131.0,56.04],[130.33,56.25],[130.9,56.5],[130.5,56.64],[129.5,56.14]]}},{"type":"Feature","properties":{"level":1024},"geometry":{"type":"LineString","coordinates":[[125.25,58.25],[126.0,58.1],[126.35,58.5],[125.25,58.25]]}},{"type":"Feature","properties":{"level":1024},"geometry":{"type":"LineString","coordinates":[[-97.27,59.75],[-96.0,59.68],[-95.0,59.98],[-94.5,60.26],[-94.0,61.01],[-91.25,62.47],[-87.35,66.0],[-87.23,67.0],[-88.5,68.13],[-90.0,68.77],[-91.75,70.42],[-93.25,71.42],[-96.75,72.99],[-98.5,73.35],[-100.0,73.41],[-100.75,73.13],[-107.5,72.39],[-109.0,71.95],[-110.75,72.08],[-113.01,71.5],[-111.71,71.25],[-111.77,70.5],[-110.89,70.0],[-111.1,69.5],[-110.61,68.5],[-110.85,68.0],[-112.0,67.46],[-113.13,67.25],[-113.26,67.0],[-112.84,66.25],[-113.28,65.75],[-112.75,65.05],[-110.92,64.0],[-108.75,63.54],[-107.28,62.75],[-103.31,61.25],[-97.27,59.75]]}},{"type":"Feature","properties":{"level":1024},"geometry":{"type":"LineString","coordinates":[[131.0,60.4],[130.76,60.5],[131.25,60.66],[131.4,60.5],[131.0,60.4]]}},{"type":"Feature","properties":{"level":1024},"geometry":{"type":"LineString","coordinates":[[135.75,60.66],[135.75,60.84],[136.03,60.75],[135.75,60.66]]}},{"type":"Feature","properties":{"level":1024},"geometry":{"type":"LineString","coordinates":[[135.25,61.54],[135.25,61.9],[135.5,61.86],[135.5,61.5],[135.25,61.54]]}},{"type":"Feature","properties":{"level":1024},"geometry":{"type":"LineString","coordinates":[[144.44,61.75],[146.05,61.75],[145.5,62.08],[144.44,61.75]]}},{"type":"Feature","properties":{"level":1024},"geometry":{"type":"LineString","coordinates":[[133.75,61.97],[134.25,62.18],[134.7,62.0],[133.75,61.97]]}},{"type":"Feature","properties":{"level":1024},"geometry":{"type":"LineString","coordinates":[[-44.27,63.25],[-44.0,63.09],[-43.04,63.5],[-42.8,64.25],[-42.27,64.5],[-42.23,65.0],[-41.66,65.25],[-41.39,66.0],[-41.0,66.21],[-37.5,67.52],[-34.22,67.75],[-33.95,68.0],[-34.03,68.25],[-33.64,68.25],[-33.41,68.75],[-32.75,69.15],[-29.25,69.26],[-28.58,69.75],[-29.04,70.0],[-29.0,70.38],[-28.0,70.36],[-26.93,70.75],[-27.75,71.39],[-29.25,70.87],[-30.57,72.0],[-29.25,72.62],[-28.25,72.71],[-26.75,71.9],[-26.0,72.1],[-25.88,72.25],[-26.69,72.75],[-26.69,73.25],[-26.34,73.5],[-26.71,74.0],[-26.37,74.25],[-27.5,74.09],[-28.29,74.25],[-25.87,75.25],[-26.82,76.25],[-26.32,76.5],[-26.39,76.75],[-27.75,77.63],[-29.75,78.15],[-32.39,79.25],[-33.75,80.25],[-38.0,80.68],[-40.25,81.26],[-42.5,81.29],[-51.75,80.21],[-53.14,79.5],[-55.0,78.96],[-55.28,78.75],[-54.45,78.5],[-47.31,77.75],[-46.45,77.5],[-45.48,76.75],[-46.75,76.33],[-46.91,75.75],[-48.52,74.0],[-48.87,73.25],[-50.28,72.25],[-49.09,71.75],[-49.05,71.25],[-48.11,70.75],[-46.31,69.0],[-45.8,67.75],[-44.33,66.25],[-45.53,65.75],[-44.59,64.75],[-45.95,64.25],[-44.27,63.25]]}},{"type":"Feature","properties":{"level":1024},"geometry":{"type":"LineString","coordinates":[[133.25,64.19],[132.55,64.5],[133.0,64.65],[133.57,64.25],[133.25,64.19]]}},{"type":"Feature","properties":{"level":1024},"geometry":{"type":"LineString","coordinates":[[-110.75,64.43],[-110.97,64.5],[-110.44,64.5],[-110.75,64.43]]}},{"type":"Feature","properties":{"level":1024},"geometry":{"type":"LineString","coordinates":[[135.89,67.75],[136.35,67.75],[136.0,67.98],[135.89,67.75]]}},{"type":"Feature","properties":{"level":1024},"geometry":{"type":"LineString","coordinates":[[94.86,68.25],[96.25,68.71],[97.87,68.75],[97.95,69.0],[96.75,69.22],[94.75,69.03],[94.12,69.5],[94.45,69.75],[93.5,70.03],[93.0,70.04],[92.25,69.63],[91.37,69.75],[91.28,69.5],[91.5,69.39],[92.73,69.25],[93.04,69.0],[93.16,68.5],[93.75,68.39],[94.25,68.58],[94.86,68.25]]}},{"type":"Feature","properties":{"level":1028},"geometry":{"type":"LineString","coordinates":[[138.97,-89.0],[151.99,-89.0],[141.25,-88.67],[132.62,-88.75],[138.97,-89.0]]}},{"type":"Feature","properties":{"level":1028},"geometry":{"type":"LineString","coordinates":[[121.52,-88.25],[127.25,-88.34],[135.06,-87.75],[132.0,-87.45],[126.25,-87.38],[118.24,-88.0],[121.52,-88.25]]}},{"type":"Feature","properties":{"level":1028},"geometry":{"type":"LineString","coordinates":[[74.31,-88.0],[103.75,-87.76],[106.27,-87.5],[106.07,-87.25],[106.54,-87.0],[107.92,-86.75],[104.25,-86.53],[70.62,-87.75],[74.31,-88.0]]}},{"type":"Feature","properties":{"level":1028},"geometry":{"type":"LineString","coordinates":[[71.94,-81.0],[75.25,-80.9],[78.0,-80.18],[83.0,-79.75],[85.75,-80.14],[89.75,-80.21],[91.25,-79.78],[91.5,-79.25],[90.71,-78.0],[89.15,-77.5],[84.5,-77.45],[82.75,-77.79],[77.75,-78.19],[76.25,-78.65],[72.97,-79.0],[70.96,-79.75],[71.4,-80.0],[71.42,-80.25],[70.6,-80.5],[71.0,-80.81],[71.94,-81.0]]}},{"type":"Feature","properties":{"level":1028},"geometry":{"type":"LineString","coordinates":[[46.99,-80.0],[49.92,-80.0],[49.12,-79.25],[49.47,-78.75],[48.75,-78.59],[45.75,-78.75],[44.0,-79.25],[44.09,-79.5],[44.93,-79.75],[46.99,-80.0]]}},{"type":"Feature","properties":{"level":1028},"geometry":{"type":"LineString","coordinates":[[115.0,-76.0],[118.25,-76.16],[125.18,-76.0],[124.97,-75.5],[124.16,-75.0],[120.0,-73.71],[113.0,-73.08],[108.84,-73.25],[110.17,-74.25],[109.69,-74.75],[110.25,-75.24],[112.0,-75.81],[115.0,-76.0]]}},{"type":"Feature","properties":{"level":1028},"geometry":{"type":"LineString","coordinates":[[-56.94,-52.25],[-56.0,-52.48],[-53.75,-52.48],[-49.75,-51.76],[-45.52,-50.25],[-40.25,-47.64],[-38.94,-46.5],[-36.83,-43.75],[-36.61,-43.0],[-36.8,-42.5],[-36.65,-42.0],[-37.06,-41.5],[-36.91,-41.25],[-37.75,-40.81],[-38.25,-40.95],[-39.25,-40.78],[-39.5,-40.42],[-40.75,-40.66],[-42.28,-40.5],[-43.75,-39.91],[-45.75,-39.96],[-46.5,-39.68],[-48.0,-39.86],[-49.75,-39.23],[-57.0,-38.86],[-58.75,-39.27],[-61.13,-41.0],[-62.63,-42.75],[-63.33,-44.5],[-63.34,-46.5],[-62.68,-48.75],[-61.91,-49.75],[-60.45,-51.0],[-60.27,-51.5],[-58.0,-51.75],[-56.94,-52.25]]}},{"type":"Feature","properties":{"level":1028},"geometry":{"type":"LineString","coordinates":[[-180.0,-47.1],[-178.75,-47.92],[-177.0,-48.53],[-175.0,-48.78],[-172.0,-48.7],[-167.71,-47.5],[-163.97,-45.25],[-161.38,-43.0],[-159.38,-40.75],[-157.94,-38.0],[-157.84,-37.0],[-157.28,-36.0],[-158.08,-33.75],[-158.56,-33.0],[-158.63,-31.25],[-159.62,-29.75],[-161.25,-28.67],[-163.75,-28.04],[-164.25,-27.67],[-164.63,-27.75],[-164.75,-28.14],[-165.5,-27.81],[-165.75,-28.04],[-167.75,-27.4],[-168.5,-27.69],[-168.75,-27.17],[-169.0,-27.18],[-169.5,-27.34],[-169.75,-27.84],[-170.8,-27.75],[-170.77,-28.25],[-171.0,-28.33],[-171.75,-28.54],[-172.75,-28.36],[-173.5,-29.56],[-173.95,-29.0],[-173.62,-28.75],[-174.0,-28.73],[-174.36,-29.25],[-173.96,-29.5],[-175.51,-30.75],[-176.0,-31.5],[-176.04,-32.0],[-178.5,-34.09],[-178.58,-37.5],[-180.0,-40.97]]}},{"type":"Feature","properties":{"level":1028},"geometry":{"type":"LineString","coordinates":[[84.3,-44.25],[89.25,-44.32],[92.0,-43.35],[94.77,-43.0],[97.47,-41.25],[97.77,-40.5],[99.22,-38.75],[99.21,-37.5],[97.25,-35.69],[94.37,-34.25],[92.0,-33.4],[91.0,-32.52],[88.08,-31.25],[88.01,-30.75],[87.25,-30.21],[85.0,-29.45],[83.5,-29.44],[81.5,-28.97],[81.0,-29.28],[80.5,-29.0],[80.25,-29.36],[78.24,-29.75],[77.0,-30.43],[76.5,-31.21],[76.25,-30.99],[75.5,-31.03],[74.25,-32.02],[73.5,-31.98],[70.75,-32.76],[64.25,-33.16],[59.5,-32.73],[57.75,-33.13],[51.75,-33.36],[49.0,-32.96],[48.0,-33.41],[47.01,-34.5],[47.5,-36.1],[49.25,-37.66],[51.56,-38.75],[55.5,-39.96],[73.75,-43.19],[84.3,-44.25]]}},{"type":"Feature","properties":{"level":1028},"geometry":{"type":"LineString","coordinates":[[180.0,-40.97],[179.48,-42.25],[179.15,-44.0],[179.36,-46.0],[180.0,-47.1]]}},{"type":"Feature","properties":{"level":1028},"geometry":{"type":"LineString","coordinates":[[-171.33,-28.0],[-171.25,-28.15],[-171.1,-28.0],[-171.33,-28.0]]}},{"type":"Feature","properties":{"level":1028},"geometry":{"type":"LineString","coordinates":[[-168.75,-27.89],[-168.75,-27.67],[-168.56,-27.75],[-168.75,-27.89]]}},{"type":"Feature","properties":{"level":1028},"geometry":{"type":"LineString","coordinates":[[-32.3,35.0],[-30.5,34.78],[-29.0,35.0],[-27.25,35.44],[-25.25,36.28],[-22.25,38.06],[-19.72,40.25],[-14.5,44.04],[-11.75,45.29],[-7.5,46.51],[-6.5,47.25],[-5.04,47.75],[-4.5,48.27],[-3.46,48.75],[-3.25,49.79],[-4.62,50.25],[-4.52,51.0],[-6.46,51.75],[-8.04,52.0],[-9.25,52.52],[-13.75,53.34],[-19.0,53.93],[-21.25,53.71],[-23.75,52.99],[-26.5,50.53],[-27.91,47.0],[-28.47,46.25],[-31.53,43.75],[-34.06,40.75],[-34.83,38.0],[-34.5,36.22],[-33.75,35.31],[-32.3,35.0]]}},{"type":"Feature","properties":{"level":1028},"geometry":{"type":"LineString","coordinates":[[80.67,35.25],[81.69,35.25],[81.25,35.66],[80.5,35.75],[80.38,35.5],[80.67,35.25]]}},{"type":"Feature","properties":{"level":1028},"geometry":{"type":"LineString","coordinates":[[-157.64,35.75],[-156.25,35.57],[-153.25,36.24],[-147.19,38.5],[-143.11,41.25],[-140.43,44.0],[-140.41,45.0],[-141.0,45.67],[-142.5,46.38],[-144.25,46.57],[-148.0,46.48],[-149.0,46.69],[-152.71,46.25],[-156.05,45.0],[-158.15,43.5],[-158.76,42.5],[-159.51,42.0],[-160.58,38.5],[-160.25,37.42],[-159.25,36.37],[-157.64,35.75]]}},{"type":"Feature","properties":{"level":1028},"geometry":{"type":"LineString","coordinates":[[149.23,37.5],[150.25,37.39],[152.25,37.66],[156.5,39.28],[158.25,39.69],[159.75,40.74],[159.75,41.75],[158.5,42.94],[156.0,43.77],[151.0,43.76],[149.25,43.3],[147.13,40.5],[144.75,39.75],[143.98,38.75],[144.0,38.44],[144.75,37.83],[147.0,37.85],[149.23,37.5]]}},{"type":"Feature","properties":{"level":1028},"geometry":{"type":"LineString","coordinates":[[79.64,42.0],[80.0,41.77],[81.47,42.25],[80.0,42.43],[79.6,42.25],[79.64,42.0]]}},{"type":"Feature","properties":{"level":1028},"geometry":{"type":"LineString","coordinates":[[84.15,46.5],[86.6,47.25],[86.4,48.0],[86.75,48.05],[88.51,47.75],[89.5,47.09],[89.77,47.25],[90.0,46.76],[91.0,46.57],[91.04,47.0],[91.5,47.28],[90.75,47.42],[90.16,48.25],[89.5,48.41],[88.78,49.0],[89.75,49.26],[90.0,49.79],[90.5,50.01],[90.75,49.98],[91.75,48.7],[92.5,48.74],[92.5,49.45],[93.33,49.75],[92.0,50.23],[91.88,50.5],[92.49,50.75],[94.25,50.78],[96.0,50.27],[97.5,50.79],[97.36,50.25],[97.75,50.05],[99.58,52.0],[99.28,52.5],[99.84,53.0],[99.67,53.25],[100.5,53.36],[101.5,52.98],[101.51,53.25],[101.03,53.5],[100.3,54.75],[99.72,55.25],[96.0,56.71],[91.5,58.04],[87.25,59.75],[86.25,59.72],[83.75,60.56],[80.5,60.7],[77.5,60.09],[73.25,57.78],[69.75,55.37],[69.18,54.75],[68.98,54.0],[68.0,53.0],[68.03,52.25],[69.07,51.25],[71.75,50.53],[74.5,49.33],[75.25,48.16],[78.5,47.5],[80.75,47.57],[81.75,47.18],[83.75,46.9],[84.15,46.5]]}},{"type":"Feature","properties":{"level":1028},"geometry":{"type":"LineString","coordinates":[[95.25,50.96],[94.09,51.5],[94.5,51.82],[95.0,51.79],[95.75,51.55],[95.97,51.25],[95.25,50.96]]}},{"type":"Feature","properties":{"level":1028},"geometry":{"type":"LineString","coordinates":[[98.0,53.23],[98.25,53.43],[99.36,53.25],[98.0,53.23]]}},{"type":"Feature","properties":{"level":1028},"geometry":{"type":"LineString","coordinates":[[133.4,53.25],[134.41,53.25],[133.4,53.25]]}},{"type":"Feature","properties":{"level":1028},"geometry":{"type":"LineString","coordinates":[[-99.75,62.25],[-98.5,62.2],[-98.0,62.73],[-97.25,62.53],[-96.65,62.75],[-95.61,63.5],[-95.57,64.25],[-94.65,64.5],[-94.08,65.0],[-94.1,65.25],[-91.96,65.75],[-92.62,66.0],[-93.0,66.8],[-93.25,66.82],[-94.0,66.09],[-94.75,66.82],[-96.25,66.9],[-100.45,68.0],[-101.21,69.0],[-102.25,69.4],[-103.5,69.09],[-103.0,68.45],[-104.75,68.55],[-105.5,68.34],[-106.5,67.62],[-107.25,67.39],[-107.75,66.75],[-109.25,66.98],[-110.5,66.25],[-109.5,65.41],[-106.25,64.13],[-103.25,63.31],[-101.35,63.25],[-101.0,62.69],[-99.75,62.25]]}},{"type":"Feature","properties":{"level":1028},"geometry":{"type":"LineString","coordinates":[[136.89,64.0],[137.45,64.0],[137.1,64.25],[137.25,64.29],[137.75,64.06],[138.38,64.25],[137.89,64.75],[138.2,65.0],[136.43,65.0],[136.8,64.5],[136.31,64.25],[136.89,64.0]]}},{"type":"Feature","properties":{"level":1028},"geometry":{"type":"LineString","coordinates":[[-44.2,64.5],[-43.25,64.32],[-42.94,64.5],[-42.83,65.0],[-42.2,65.5],[-42.72,65.75],[-42.57,66.0],[-41.0,67.04],[-38.38,67.75],[-36.25,67.74],[-35.17,68.0],[-33.25,69.49],[-31.15,69.5],[-31.15,69.75],[-31.55,70.0],[-30.85,70.5],[-30.49,71.25],[-31.04,72.0],[-30.25,72.7],[-28.95,73.25],[-28.61,73.75],[-30.0,73.51],[-30.62,73.25],[-30.75,72.95],[-30.89,73.5],[-28.75,74.47],[-28.14,75.0],[-27.73,76.75],[-36.75,79.43],[-41.85,80.25],[-45.96,80.0],[-48.7,79.5],[-50.86,78.75],[-50.26,78.5],[-46.75,78.22],[-44.37,77.75],[-43.67,77.5],[-43.66,77.25],[-43.27,77.0],[-40.16,76.0],[-40.09,75.75],[-43.25,75.13],[-45.75,74.29],[-46.77,73.75],[-47.48,73.0],[-48.88,72.5],[-48.99,72.25],[-46.75,70.83],[-44.66,69.0],[-44.25,68.12],[-42.92,67.25],[-43.02,66.75],[-44.42,65.5],[-43.84,65.0],[-44.2,64.5]]}},{"type":"Feature","properties":{"level":1028},"geometry":{"type":"LineString","coordinates":[[-26.9,72.25],[-26.35,72.25],[-26.75,72.57],[-27.39,72.5],[-26.9,72.25]]}},{"type":"Feature","properties":{"level":1032},"geometry":{"type":"LineString","coordinates":[[72.72,-80.5],[75.0,-80.58],[80.25,-79.64],[87.25,-79.59],[89.25,-79.14],[89.92,-78.5],[89.0,-78.19],[86.15,-78.25],[79.25,-79.42],[73.25,-79.9],[72.86,-80.0],[72.99,-80.25],[72.72,-80.5]]}},{"type":"Feature","properties":{"level":1032},"geometry":{"type":"LineString","coordinates":[[78.26,-78.75],[79.0,-78.99],[80.66,-78.75],[79.75,-78.45],[78.26,-78.75]]}},{"type":"Feature","properties":{"level":1032},"geometry":{"type":"LineString","coordinates":[[116.06,-75.75],[118.25,-75.98],[121.25,-75.85],[122.5,-75.66],[122.93,-75.25],[122.75,-74.96],[121.5,-74.36],[119.25,-73.83],[113.0,-73.34],[110.75,-73.29],[109.98,-73.5],[110.21,-73.75],[111.99,-74.25],[110.75,-74.65],[110.59,-75.0],[112.0,-75.36],[116.06,-75.75]]}},{"type":"Feature","properties":{"level":1032},"geometry":{"type":"LineString","coordinates":[[-54.39,-50.25],[-50.75,-49.81],[-47.75,-48.32],[-44.7,-45.5],[-45.11,-45.0],[-44.74,-44.25],[-44.94,-43.25],[-49.5,-43.23],[-53.75,-42.89],[-56.0,-43.18],[-58.04,-44.0],[-59.43,-46.0],[-59.18,-47.75],[-58.3,-48.75],[-57.25,-49.46],[-54.39,-50.25]]}},{"type":"Feature","properties":{"level":1032},"geometry":{"type":"LineString","coordinates":[[-173.88,-45.5],[-171.75,-45.68],[-169.0,-44.41],[-166.52,-42.5],[-163.38,-39.25],[-163.23,-39.0],[-163.33,-38.0],[-163.68,-37.5],[-163.6,-36.75],[-164.5,-35.57],[-164.75,-34.5],[-165.5,-33.21],[-167.0,-32.76],[-168.5,-32.85],[-169.5,-33.27],[-170.23,-34.0],[-171.96,-38.75],[-174.25,-40.76],[-175.5,-42.17],[-175.86,-43.0],[-175.91,-43.75],[-175.5,-44.74],[-173.88,-45.5]]}},{"type":"Feature","properties":{"level":1032},"geometry":{"type":"LineString","coordinates":[[84.84,-41.75],[88.0,-41.56],[88.75,-41.03],[90.12,-41.0],[90.75,-40.61],[91.27,-39.75],[92.0,-39.69],[92.31,-39.0],[90.97,-37.5],[88.23,-36.25],[85.75,-35.34],[84.86,-35.25],[83.14,-34.5],[81.75,-34.29],[80.75,-33.77],[79.25,-33.57],[77.0,-34.28],[76.5,-34.12],[73.0,-35.52],[67.87,-37.0],[66.53,-37.75],[69.03,-39.5],[72.75,-40.63],[76.0,-41.03],[77.75,-40.82],[83.25,-41.73],[84.84,-41.75]]}},{"type":"Feature","properties":{"level":1032},"geometry":{"type":"LineString","coordinates":[[-21.0,47.0],[-20.0,47.28],[-19.75,46.98],[-18.0,47.75],[-18.0,46.86],[-17.0,47.06],[-15.5,47.55],[-13.82,48.5],[-13.49,49.25],[-14.0,49.52],[-15.5,49.63],[-15.75,50.21],[-16.5,50.08],[-16.75,50.29],[-17.75,49.93],[-18.5,50.1],[-20.4,49.75],[-22.03,49.0],[-20.17,48.75],[-22.0,48.3],[-22.61,47.5],[-22.5,47.21],[-21.25,47.19],[-21.0,47.0]]}},{"type":"Feature","properties":{"level":1032},"geometry":{"type":"LineString","coordinates":[[89.27,47.75],[90.13,47.75],[89.25,48.37],[89.0,48.13],[88.5,48.48],[88.12,49.25],[87.5,49.4],[87.5,49.65],[88.0,49.69],[88.0,50.0],[88.5,50.11],[89.5,49.75],[90.14,50.25],[89.5,50.5],[90.45,50.75],[90.0,50.83],[90.25,51.32],[92.47,52.0],[92.75,52.31],[95.0,52.54],[95.16,52.75],[94.25,53.13],[94.01,53.0],[94.0,52.64],[93.5,53.09],[92.5,52.99],[90.75,53.39],[90.29,53.75],[91.16,54.25],[91.04,54.5],[90.25,54.35],[89.68,54.5],[89.35,54.75],[89.6,55.0],[87.96,56.0],[84.75,56.45],[81.5,57.27],[80.25,57.28],[78.25,56.88],[76.5,54.94],[75.92,53.25],[76.36,52.5],[75.99,51.75],[76.22,51.25],[77.5,50.22],[80.25,49.61],[81.5,49.66],[82.75,49.07],[83.45,49.25],[83.5,49.58],[84.5,49.76],[85.02,49.25],[84.01,49.0],[84.75,48.63],[85.5,48.56],[85.75,48.82],[86.25,48.44],[86.47,48.5],[86.41,48.75],[86.75,48.76],[87.0,48.37],[89.27,47.75]]}},{"type":"Feature","properties":{"level":1032},"geometry":{"type":"LineString","coordinates":[[91.89,51.0],[92.93,51.0],[91.89,51.0]]}},{"type":"Feature","properties":{"level":1032},"geometry":{"type":"LineString","coordinates":[[94.73,52.25],[95.85,52.25],[95.0,52.45],[94.73,52.25]]}},{"type":"Feature","properties":{"level":1032},"geometry":{"type":"LineString","coordinates":[[94.85,53.25],[95.5,53.09],[95.75,53.49],[96.75,53.33],[97.12,53.5],[97.0,53.67],[96.5,53.57],[96.21,53.75],[96.25,54.0],[94.75,54.69],[93.0,55.14],[92.06,54.75],[94.68,54.0],[94.42,53.5],[94.85,53.25]]}},{"type":"Feature","properties":{"level":1032},"geometry":{"type":"LineString","coordinates":[[-41.17,67.75],[-36.25,67.9],[-34.87,68.5],[-34.37,69.0],[-34.75,69.43],[-31.56,70.5],[-31.13,71.25],[-31.68,71.75],[-31.59,72.75],[-31.76,73.0],[-29.61,74.75],[-30.07,75.25],[-29.9,75.75],[-30.2,76.25],[-33.0,76.68],[-34.47,76.5],[-35.81,76.0],[-35.75,75.73],[-34.21,75.5],[-34.61,75.25],[-41.75,74.86],[-47.07,72.5],[-47.16,72.25],[-46.91,72.0],[-43.28,69.25],[-42.65,68.5],[-41.17,67.75]]}},{"type":"Feature","properties":{"level":1032},"geometry":{"type":"LineString","coordinates":[[-37.8,76.5],[-36.02,76.5],[-36.09,76.75],[-37.75,77.15],[-40.26,77.25],[-40.25,77.0],[-37.8,76.5]]}},{"type":"Feature","properties":{"level":1036},"geometry":{"type":"LineString","coordinates":[[83.17,-79.25],[86.0,-79.35],[88.31,-79.0],[83.17,-79.25]]}},{"type":"Feature","properties":{"level":1036},"geometry":{"type":"LineString","coordinates":[[115.91,-75.5],[118.5,-75.63],[121.0,-75.28],[121.58,-75.0],[120.93,-74.5],[118.75,-74.0],[116.5,-73.74],[114.17,-73.75],[114.0,-73.92],[115.0,-74.37],[116.05,-74.5],[116.14,-74.75],[115.25,-74.97],[113.7,-74.75],[113.89,-75.25],[115.91,-75.5]]}},{"type":"Feature","properties":{"level":1036},"geometry":{"type":"LineString","coordinates":[[88.2,48.25],[88.52,48.25],[88.0,49.12],[86.64,49.0],[88.2,48.25]]}},{"type":"Feature","properties":{"level":1036},"geometry":{"type":"LineString","coordinates":[[85.24,48.75],[86.48,49.0],[84.73,49.0],[85.24,48.75]]}},{"type":"Feature","properties":{"level":1036},"geometry":{"type":"LineString","coordinates":[[85.54,49.5],[86.5,49.53],[86.75,49.34],[87.08,49.5],[86.75,49.87],[84.5,50.43],[84.77,50.75],[84.55,51.0],[84.75,51.22],[86.25,51.01],[87.0,50.64],[88.5,50.96],[88.69,50.75],[88.48,50.5],[88.75,50.45],[89.2,51.0],[89.65,51.0],[90.46,51.75],[89.75,52.38],[88.75,52.33],[87.54,51.75],[86.25,51.62],[86.0,51.11],[85.25,51.62],[84.25,51.5],[83.21,51.0],[83.71,50.5],[83.51,50.25],[84.75,50.15],[85.54,49.5]]}},{"type":"Feature","properties":{"level":1036},"geometry":{"type":"LineString","coordinates":[[-37.23,68.25],[-36.25,68.08],[-35.92,68.25],[-35.49,68.5],[-35.8,68.75],[-35.18,69.25],[-35.97,69.5],[-32.42,70.75],[-32.32,71.25],[-33.0,72.07],[-34.8,72.75],[-34.66,73.0],[-33.5,73.18],[-31.25,74.02],[-30.94,74.5],[-31.04,74.75],[-33.75,74.82],[-40.25,74.32],[-45.13,72.5],[-41.97,69.5],[-39.25,68.5],[-37.23,68.25]]}},{"type":"Feature","properties":{"level":1040},"geometry":{"type":"LineString","coordinates":[[-37.05,68.75],[-36.43,69.0],[-37.0,69.5],[-36.89,70.0],[-34.63,70.75],[-34.19,71.25],[-34.34,71.5],[-36.5,72.58],[-39.5,73.33],[-41.25,73.16],[-42.24,72.75],[-40.25,71.37],[-37.84,70.25],[-38.06,69.25],[-37.05,68.75]]}},{"type":"Feature","properties":{"level":1040},"geometry":{"type":"LineString","coordinates":[[-36.83,73.25],[-36.01,73.25],[-35.45,73.75],[-36.3,73.75],[-36.83,73.25]]}},{"type":"Feature","properties":{"level":1044},"geometry":{"type":"LineString","coordinates":[[-37.48,70.75],[-37.0,70.53],[-36.25,70.6],[-35.5,70.9],[-35.3,71.25],[-35.75,71.73],[-36.5,71.98],[-36.83,71.75],[-37.0,71.13],[-37.71,71.0],[-37.48,70.75]]}},{"type":"Feature","properties":{"level":1044},"geometry":{"type":"LineString","coordinates":[[-38.27,71.25],[-37.99,71.25],[-38.48,72.0],[-38.5,72.5],[-39.43,72.5],[-39.47,72.0],[-38.27,71.25]]}}]}