{"type":"FeatureCollection","features":[{"type":"Feature","properties":{"level":948},"geometry":{"type":"LineString","coordinates":[[123.25,-65.56],[123.08,-65.5],[123.5,-65.5],[123.25,-65.56]]}},{"type":"Feature","properties":{"level":952},"geometry":{"type":"LineString","coordinates":[[122.25,-66.26],[121.01,-65.75],[119.62,-64.75],[117.55,-64.5],[124.75,-63.57],[126.5,-63.88],[127.92,-64.75],[127.47,-65.5],[126.75,-65.8],[124.0,-66.33],[122.25,-66.26]]}},{"type":"Feature","properties":{"level":952},"geometry":{"type":"LineString","coordinates":[[128.75,-62.97],[128.71,-62.75],[129.07,-62.75],[128.75,-62.97]]}},{"type":"Feature","properties":{"level":956},"geometry":{"type":"LineString","coordinates":[[-171.75,-69.53],[-173.75,-69.06],[-174.89,-68.5],[-175.63,-67.75],[-175.6,-67.0],[-174.75,-66.44],[-173.25,-66.25],[-170.25,-66.6],[-164.25,-68.19],[-161.37,-68.25],[-163.48,-69.0],[-165.84,-69.5],[-169.0,-69.74],[-171.75,-69.53]]}},{"type":"Feature","properties":{"level":956},"geometry":{"type":"LineString","coordinates":[[121.5,-67.27],[114.5,-65.81],[112.38,-66.0],[113.11,-65.5],[113.07,-65.0],[114.0,-64.3],[117.75,-63.28],[128.25,-62.18],[129.5,-62.32],[130.42,-63.0],[130.84,-65.0],[130.81,-65.25],[129.55,-66.0],[130.0,-66.59],[129.0,-66.3],[126.5,-66.37],[124.5,-67.05],[121.5,-67.27]]}},{"type":"Feature","properties":{"level":960},"geometry":{"type":"LineString","coordinates":[[-169.5,-70.5],[-172.5,-70.24],[-175.33,-69.5],[-176.85,-68.5],[-177.14,-68.0],[-177.15,-67.25],[-176.53,-66.5],[-175.25,-65.84],[-170.75,-65.17],[-167.5,-65.4],[-161.1,-66.5],[-155.25,-66.01],[-154.55,-66.25],[-154.78,-66.75],[-156.26,-67.75],[-160.5,-69.38],[-164.75,-70.26],[-169.5,-70.5]]}},{"type":"Feature","properties":{"level":960},"geometry":{"type":"LineString","coordinates":[[119.5,-67.77],[117.25,-67.5],[115.5,-67.69],[109.25,-67.38],[105.55,-66.25],[113.4,-63.5],[116.16,-62.75],[119.37,-62.25],[126.5,-61.67],[129.0,-61.78],[130.75,-62.25],[132.32,-63.25],[134.83,-65.5],[134.5,-65.81],[131.25,-66.25],[129.75,-67.24],[126.5,-66.89],[124.5,-67.38],[120.5,-67.85],[119.5,-67.77]]}},{"type":"Feature","properties":{"level":960},"geometry":{"type":"LineString","coordinates":[[-1.0,-61.15],[-1.1,-61.0],[-0.5,-60.46],[0.0,-60.32],[0.48,-60.5],[-1.0,-61.15]]}},{"type":"Feature","properties":{"level":960},"geometry":{"type":"LineString","coordinates":[[0.75,-60.59],[0.53,-60.5],[0.75,-60.42],[0.75,-60.59]]}},{"type":"Feature","properties":{"level":960},"geometry":{"type":"LineString","coordinates":[[1.25,-60.62],[1.25,-60.37],[1.25,-60.62]]}},{"type":"Feature","properties":{"level":964},"geometry":{"type":"LineString","coordinates":[[-170.5,-71.26],[-174.25,-70.79],[-177.0,-69.9],[-178.0,-69.26],[-178.65,-68.5],[-178.8,-68.0],[-178.62,-67.25],[-177.71,-66.25],[-176.25,-65.42],[-171.25,-64.06],[-166.75,-63.84],[-158.75,-65.1],[-156.5,-65.04],[-153.75,-64.61],[-151.9,-65.0],[-151.87,-65.75],[-152.1,-66.25],[-153.5,-67.63],[-155.25,-68.62],[-158.0,-69.69],[-163.75,-70.97],[-166.5,-71.24],[-170.5,-71.26]]}},{"type":"Feature","properties":{"level":964},"geometry":{"type":"LineString","coordinates":[[114.25,-68.52],[109.25,-68.05],[105.75,-67.47],[103.75,-67.56],[104.27,-66.5],[102.5,-66.28],[101.91,-66.0],[101.86,-65.75],[103.5,-65.07],[116.5,-61.78],[120.5,-61.19],[125.0,-61.0],[129.0,-61.22],[131.75,-61.91],[135.3,-63.75],[136.68,-65.0],[136.79,-65.5],[136.59,-65.75],[134.5,-66.44],[133.53,-66.25],[130.0,-67.53],[128.0,-67.49],[122.29,-68.0],[120.75,-68.49],[114.25,-68.52]]}},{"type":"Feature","properties":{"level":964},"geometry":{"type":"LineString","coordinates":[[-4.0,-62.52],[-5.92,-62.0],[-4.72,-61.5],[-2.61,-59.75],[-2.25,-59.2],[0.0,-58.64],[1.25,-58.08],[2.25,-58.07],[3.0,-58.44],[3.84,-59.75],[3.75,-61.01],[2.85,-61.75],[1.5,-62.37],[-1.0,-62.74],[-4.0,-62.52]]}},{"type":"Feature","properties":{"level":968},"geometry":{"type":"LineString","coordinates":[[180.0,-69.51],[179.48,-68.25],[180.0,-67.1]]}},{"type":"Feature","properties":{"level":968},"geometry":{"type":"LineString","coordinates":[[101.75,-69.03],[101.9,-68.25],[102.57,-67.5],[101.25,-66.96],[98.5,-67.16],[97.75,-66.97],[94.75,-67.12],[91.0,-66.88],[89.75,-67.24],[87.42,-67.0],[88.25,-66.42],[92.25,-65.5],[102.5,-63.95],[116.25,-60.77],[122.25,-60.16],[127.75,-60.39],[132.26,-61.25],[134.85,-62.25],[137.79,-63.75],[138.83,-64.5],[139.63,-65.5],[136.75,-66.55],[131.5,-67.73],[121.5,-68.86],[114.0,-69.13],[111.0,-68.62],[107.5,-68.43],[106.5,-68.62],[105.75,-68.24],[101.75,-69.03]]}},{"type":"Feature","properties":{"level":968},"geometry":{"type":"LineString","coordinates":[[12.75,-67.25],[9.7,-66.75],[9.88,-66.5],[12.25,-65.9],[15.25,-66.11],[21.5,-65.95],[22.03,-66.0],[22.08,-66.25],[21.25,-66.79],[19.0,-67.22],[12.75,-67.25]]}},{"type":"Feature","properties":{"level":968},"geometry":{"type":"LineString","coordinates":[[-180.0,-67.1],[-178.54,-65.75],[-176.0,-64.48],[-172.75,-63.27],[-168.75,-62.77],[-163.25,-62.83],[-158.75,-63.76],[-157.0,-63.89],[-155.25,-63.81],[-153.25,-63.33],[-151.5,-63.43],[-150.0,-63.89],[-149.59,-65.25],[-149.79,-66.25],[-150.92,-67.5],[-153.75,-69.12],[-158.25,-70.83],[-163.5,-71.9],[-168.75,-72.24],[-173.5,-71.89],[-177.75,-70.89],[-180.0,-69.51]]}},{"type":"Feature","properties":{"level":968},"geometry":{"type":"LineString","coordinates":[[41.75,-66.51],[41.67,-66.25],[42.51,-66.25],[42.5,-66.5],[41.75,-66.51]]}},{"type":"Feature","properties":{"level":968},"geometry":{"type":"LineString","coordinates":[[44.25,-65.82],[43.93,-65.5],[44.75,-65.16],[45.85,-65.5],[45.25,-65.82],[44.25,-65.82]]}},{"type":"Feature","properties":{"level":968},"geometry":{"type":"LineString","coordinates":[[48.0,-65.07],[47.86,-65.0],[48.25,-64.84],[48.59,-65.0],[48.0,-65.07]]}},{"type":"Feature","properties":{"level":968},"geometry":{"type":"LineString","coordinates":[[-0.75,-64.27],[-4.75,-63.37],[-6.75,-62.62],[-8.56,-61.5],[-8.7,-61.25],[-8.52,-60.75],[-8.82,-60.5],[-6.0,-58.77],[-4.25,-58.35],[-0.25,-56.52],[0.0,-56.21],[2.17,-56.5],[3.92,-57.5],[5.3,-58.75],[6.19,-60.25],[6.04,-61.25],[5.37,-62.75],[4.0,-63.6],[2.0,-64.19],[-0.75,-64.27]]}},{"type":"Feature","properties":{"level":968},"geometry":{"type":"LineString","coordinates":[[12.0,-52.34],[11.32,-51.75],[12.0,-51.83],[12.71,-52.25],[12.0,-52.34]]}},{"type":"Feature","properties":{"level":972},"geometry":{"type":"LineString","coordinates":[[66.5,-73.52],[65.85,-73.0],[67.24,-71.0],[66.38,-70.5],[69.75,-68.56],[69.58,-67.75],[69.75,-67.66],[71.5,-67.74],[78.0,-65.92],[84.75,-64.67],[88.5,-64.42],[99.0,-62.93],[102.81,-61.75],[105.0,-61.69],[106.96,-61.0],[116.75,-59.25],[124.25,-59.18],[131.5,-60.21],[136.78,-62.0],[143.5,-65.43],[145.19,-65.75],[139.5,-66.57],[133.0,-68.04],[131.75,-68.53],[129.25,-68.9],[123.0,-69.04],[114.25,-69.9],[112.25,-69.52],[109.75,-69.6],[108.5,-69.08],[107.25,-69.22],[105.75,-69.78],[102.0,-70.04],[101.5,-69.86],[101.25,-69.42],[101.25,-67.69],[100.75,-67.52],[99.75,-67.71],[99.25,-67.3],[98.75,-67.51],[97.5,-67.31],[96.0,-67.8],[92.5,-67.55],[89.0,-67.92],[85.75,-67.84],[84.75,-68.07],[81.5,-68.14],[79.75,-68.5],[77.5,-69.51],[73.75,-70.22],[72.82,-71.0],[72.62,-71.5],[71.07,-72.5],[70.0,-72.5],[68.75,-72.83],[68.0,-73.49],[66.5,-73.52]]}},{"type":"Feature","properties":{"level":972},"geometry":{"type":"LineString","coordinates":[[180.0,-71.37],[178.25,-70.25],[177.71,-69.5],[177.51,-68.75],[177.68,-68.0],[178.33,-67.0],[180.0,-65.56]]}},{"type":"Feature","properties":{"level":972},"geometry":{"type":"LineString","coordinates":[[-118.5,-70.29],[-122.0,-69.26],[-122.61,-68.75],[-122.0,-68.34],[-119.0,-67.62],[-115.5,-66.13],[-109.25,-65.22],[-106.78,-65.5],[-106.78,-66.25],[-106.3,-66.75],[-103.75,-67.38],[-103.35,-67.75],[-105.5,-68.67],[-107.75,-69.14],[-115.75,-69.86],[-117.5,-70.41],[-118.5,-70.29]]}},{"type":"Feature","properties":{"level":972},"geometry":{"type":"LineString","coordinates":[[29.0,-70.26],[15.5,-69.41],[2.75,-68.3],[-4.75,-68.2],[-8.0,-67.66],[-8.53,-67.5],[-8.36,-66.75],[-6.68,-65.5],[-9.56,-62.25],[-10.1,-61.0],[-10.05,-60.25],[-9.25,-59.24],[-4.75,-56.5],[-3.5,-55.33],[-0.75,-54.86],[0.75,-55.03],[3.0,-55.73],[6.0,-57.41],[8.26,-59.75],[9.63,-63.5],[10.25,-64.01],[11.75,-64.46],[17.75,-64.77],[25.25,-64.25],[26.5,-64.62],[27.5,-65.43],[28.5,-65.88],[30.75,-66.2],[36.0,-65.87],[39.59,-64.5],[43.25,-64.14],[44.75,-63.85],[45.5,-63.46],[52.75,-64.07],[54.05,-64.5],[53.5,-65.05],[50.46,-66.25],[50.25,-66.85],[49.41,-67.0],[49.22,-67.5],[49.5,-68.0],[48.85,-68.5],[49.43,-68.75],[44.85,-68.75],[47.85,-68.0],[46.75,-67.79],[41.53,-68.5],[40.78,-69.0],[40.89,-69.5],[40.0,-70.0],[35.5,-69.85],[34.25,-69.6],[33.5,-70.02],[29.0,-70.26]]}},{"type":"Feature","properties":{"level":972},"geometry":{"type":"LineString","coordinates":[[150.25,-67.01],[145.84,-66.0],[147.5,-65.77],[150.25,-65.91],[154.05,-66.5],[154.24,-66.75],[152.5,-67.24],[150.25,-67.01]]}},{"type":"Feature","properties":{"level":972},"geometry":{"type":"LineString","coordinates":[[-180.0,-65.56],[-178.0,-64.4],[-174.0,-62.67],[-167.5,-61.6],[-162.0,-61.77],[-157.0,-62.67],[-152.25,-62.18],[-150.25,-62.27],[-148.32,-62.75],[-147.71,-63.5],[-147.48,-64.25],[-147.57,-65.25],[-148.19,-66.75],[-150.56,-68.75],[-155.0,-70.85],[-160.25,-72.38],[-166.0,-73.19],[-171.0,-73.21],[-176.25,-72.56],[-180.0,-71.37]]}},{"type":"Feature","properties":{"level":972},"geometry":{"type":"LineString","coordinates":[[78.5,-62.75],[76.5,-62.58],[75.16,-62.0],[75.73,-61.5],[75.71,-61.0],[76.23,-60.25],[75.51,-59.0],[75.99,-58.5],[78.25,-57.86],[82.5,-57.51],[84.0,-57.7],[85.23,-58.5],[85.6,-59.5],[83.77,-61.0],[81.0,-61.98],[80.98,-62.25],[79.25,-62.38],[79.07,-62.5],[79.25,-62.75],[78.5,-62.75]]}},{"type":"Feature","properties":{"level":972},"geometry":{"type":"LineString","coordinates":[[12.0,-53.27],[10.79,-52.75],[9.97,-52.0],[9.54,-50.75],[10.0,-50.07],[10.75,-50.05],[12.5,-50.7],[14.02,-51.5],[14.88,-52.5],[14.5,-53.12],[14.0,-53.37],[12.0,-53.27]]}},{"type":"Feature","properties":{"level":972},"geometry":{"type":"LineString","coordinates":[[147.75,56.2],[147.57,56.75],[148.0,56.8],[148.46,56.5],[148.36,56.25],[147.75,56.2]]}},{"type":"Feature","properties":{"level":976},"geometry":{"type":"LineString","coordinates":[[-169.0,-80.76],[-173.31,-80.0],[-174.36,-79.5],[-174.79,-79.0],[-173.84,-78.5],[-173.25,-77.79],[-170.5,-77.48],[-167.62,-78.0],[-168.12,-78.25],[-166.75,-78.38],[-162.64,-79.5],[-163.6,-79.75],[-163.42,-80.0],[-163.71,-80.25],[-163.5,-80.5],[-166.5,-80.79],[-169.0,-80.76]]}},{"type":"Feature","properties":{"level":976},"geometry":{"type":"LineString","coordinates":[[67.25,-74.25],[65.75,-74.05],[64.45,-73.5],[65.22,-71.75],[65.7,-71.25],[64.76,-70.0],[64.79,-69.75],[66.53,-69.25],[65.75,-68.75],[66.25,-68.43],[64.0,-67.96],[60.0,-67.87],[57.25,-67.4],[54.25,-67.84],[49.75,-69.35],[46.25,-69.39],[40.25,-70.49],[35.0,-70.29],[29.0,-71.25],[25.25,-71.44],[18.25,-70.78],[11.25,-70.78],[-8.75,-69.53],[-12.0,-69.02],[-14.0,-68.38],[-14.67,-68.0],[-14.94,-66.75],[-13.89,-65.25],[-11.96,-60.5],[-10.75,-58.77],[-7.78,-56.25],[-7.23,-55.25],[-6.61,-54.75],[-4.5,-54.0],[-2.5,-53.8],[1.75,-54.24],[5.5,-55.44],[7.25,-56.4],[9.0,-57.75],[12.94,-61.75],[14.75,-62.62],[17.5,-63.16],[20.25,-63.17],[26.25,-62.64],[29.0,-63.12],[31.75,-63.99],[34.75,-64.27],[36.75,-64.01],[44.75,-62.16],[49.25,-61.93],[53.5,-62.29],[57.25,-63.29],[60.25,-63.51],[64.75,-62.82],[68.0,-61.74],[70.0,-61.83],[71.31,-61.5],[72.38,-60.75],[73.16,-59.5],[73.55,-58.25],[75.5,-57.55],[78.75,-56.89],[84.25,-56.62],[86.75,-56.95],[87.24,-57.25],[87.5,-57.8],[88.0,-57.61],[88.75,-58.15],[89.2,-59.5],[88.84,-61.0],[89.5,-61.51],[92.0,-61.69],[95.0,-61.23],[96.5,-61.23],[99.75,-60.08],[104.25,-59.61],[114.5,-57.82],[121.0,-57.73],[125.75,-58.17],[132.0,-59.43],[135.25,-60.4],[146.0,-64.37],[160.64,-65.75],[159.64,-66.75],[158.3,-67.5],[154.5,-68.26],[153.75,-68.69],[151.25,-68.47],[149.0,-68.78],[146.0,-68.1],[144.46,-68.25],[143.5,-67.45],[140.25,-67.4],[137.16,-67.75],[131.25,-69.35],[123.0,-69.52],[118.75,-70.07],[116.75,-70.65],[114.5,-70.78],[110.0,-70.34],[108.25,-70.67],[106.0,-70.38],[102.25,-70.45],[101.25,-69.96],[100.5,-68.24],[99.25,-68.05],[99.0,-67.68],[97.75,-67.69],[96.0,-68.28],[93.25,-68.32],[88.75,-69.0],[87.75,-68.49],[86.75,-68.43],[85.5,-68.78],[82.25,-68.99],[80.5,-69.75],[79.6,-69.75],[79.61,-70.25],[79.25,-70.65],[77.5,-71.1],[76.87,-72.0],[74.5,-73.33],[73.25,-73.5],[72.25,-73.32],[69.35,-73.75],[69.75,-73.73],[70.24,-73.0],[70.0,-72.94],[68.86,-73.25],[68.75,-73.81],[67.25,-74.25]]}},{"type":"Feature","properties":{"level":976},"geometry":{"type":"LineString","coordinates":[[180.0,-73.37],[176.5,-71.17],[175.45,-70.0],[175.13,-68.75],[175.42,-67.75],[176.06,-67.0],[177.96,-65.5],[180.0,-64.38]]}},{"type":"Feature","properties":{"level":976},"geometry":{"type":"LineString","coordinates":[[-117.25,-72.51],[-120.75,-72.0],[-123.11,-71.25],[-124.69,-70.0],[-124.94,-68.75],[-124.5,-68.19],[-123.43,-67.5],[-118.0,-65.64],[-114.25,-64.83],[-109.25,-64.26],[-106.5,-64.39],[-104.98,-64.75],[-101.48,-66.75],[-100.46,-67.75],[-100.89,-69.0],[-100.86,-69.75],[-101.38,-71.0],[-102.15,-71.5],[-103.5,-71.92],[-106.5,-72.46],[-109.5,-72.69],[-117.25,-72.51]]}},{"type":"Feature","properties":{"level":976},"geometry":{"type":"LineString","coordinates":[[-180.0,-64.38],[-174.88,-62.0],[-169.39,-60.75],[-167.0,-60.53],[-163.75,-60.54],[-157.5,-61.46],[-151.5,-61.07],[-148.0,-61.27],[-146.5,-61.8],[-146.03,-62.5],[-145.82,-63.5],[-146.1,-66.0],[-146.61,-67.25],[-147.24,-68.0],[-151.25,-70.6],[-156.25,-72.62],[-162.25,-74.05],[-169.25,-74.86],[-177.0,-74.91],[-177.78,-74.75],[-178.69,-74.0],[-180.0,-73.37]]}},{"type":"Feature","properties":{"level":976},"geometry":{"type":"LineString","coordinates":[[-122.0,-57.35],[-122.58,-56.75],[-121.84,-56.0],[-122.55,-55.25],[-122.84,-54.25],[-123.55,-53.25],[-122.96,-52.75],[-122.55,-52.0],[-122.59,-50.75],[-121.75,-50.37],[-121.0,-50.53],[-120.0,-51.59],[-118.5,-52.29],[-117.5,-52.42],[-117.28,-53.25],[-118.79,-55.25],[-121.0,-56.58],[-121.25,-57.27],[-122.0,-57.35]]}},{"type":"Feature","properties":{"level":976},"geometry":{"type":"LineString","coordinates":[[11.5,-54.01],[10.0,-53.43],[8.69,-52.0],[8.36,-50.0],[8.52,-49.25],[9.0,-48.61],[10.25,-48.72],[13.38,-50.0],[15.36,-51.25],[16.14,-52.25],[16.14,-53.25],[15.25,-53.9],[13.5,-54.2],[11.5,-54.01]]}},{"type":"Feature","properties":{"level":976},"geometry":{"type":"LineString","coordinates":[[161.25,44.46],[160.87,45.0],[161.75,46.12],[163.0,46.54],[163.68,46.25],[163.2,45.0],[162.25,44.46],[161.25,44.46]]}},{"type":"Feature","properties":{"level":976},"geometry":{"type":"LineString","coordinates":[[147.25,55.95],[146.6,56.25],[146.3,56.75],[147.0,57.36],[148.5,57.39],[149.37,56.75],[149.17,56.25],[148.5,55.9],[147.25,55.95]]}},{"type":"Feature","properties":{"level":976},"geometry":{"type":"LineString","coordinates":[[47.25,74.44],[41.51,75.0],[36.25,75.85],[35.62,76.0],[35.52,76.25],[36.5,76.74],[38.0,76.91],[42.25,76.76],[46.35,75.75],[47.2,75.25],[47.79,74.5],[47.25,74.44]]}},{"type":"Feature","properties":{"level":980},"geometry":{"type":"LineString","coordinates":[[180.0,-81.79],[174.49,-79.75],[174.3,-79.5],[174.49,-78.75],[173.63,-77.5],[170.95,-76.0],[171.27,-75.0],[172.25,-74.12],[172.88,-73.0],[172.9,-72.5],[172.46,-71.5],[172.39,-70.25],[171.91,-69.0],[172.81,-67.25],[174.96,-65.75],[180.0,-63.14]]}},{"type":"Feature","properties":{"level":980},"geometry":{"type":"LineString","coordinates":[[-54.75,-80.02],[-56.25,-79.59],[-56.44,-79.25],[-56.27,-79.0],[-55.5,-78.79],[-51.75,-78.39],[-45.25,-79.24],[-44.68,-79.5],[-45.83,-80.0],[-47.5,-80.21],[-54.75,-80.02]]}},{"type":"Feature","properties":{"level":980},"geometry":{"type":"LineString","coordinates":[[22.25,-80.02],[17.25,-79.49],[15.96,-79.0],[15.75,-78.46],[16.75,-78.44],[23.36,-80.0],[22.25,-80.02]]}},{"type":"Feature","properties":{"level":980},"geometry":{"type":"LineString","coordinates":[[-35.75,-78.53],[-36.0,-78.25],[-33.25,-77.32],[-32.0,-77.37],[-31.25,-77.72],[-28.75,-77.45],[-25.34,-77.5],[-26.25,-77.71],[-31.25,-77.76],[-33.0,-78.56],[-35.75,-78.53]]}},{"type":"Feature","properties":{"level":980},"geometry":{"type":"LineString","coordinates":[[-28.25,-75.56],[-28.05,-75.0],[-27.0,-74.39],[-24.5,-73.89],[-23.47,-74.0],[-24.06,-74.25],[-23.36,-75.0],[-23.87,-75.25],[-26.75,-75.3],[-28.25,-75.56]]}},{"type":"Feature","properties":{"level":980},"geometry":{"type":"LineString","coordinates":[[67.0,-74.76],[65.0,-74.43],[63.15,-73.5],[63.77,-72.0],[64.52,-71.25],[63.46,-69.75],[63.75,-69.38],[64.34,-69.25],[61.25,-68.41],[57.25,-67.84],[53.75,-68.36],[52.3,-69.0],[51.85,-69.5],[50.75,-69.76],[46.5,-69.74],[44.8,-70.25],[40.5,-70.87],[37.25,-70.83],[35.0,-71.23],[33.5,-71.12],[27.5,-72.01],[25.25,-71.89],[24.0,-72.13],[22.25,-71.79],[21.5,-71.94],[21.11,-71.5],[20.5,-71.49],[20.51,-71.75],[21.68,-72.25],[20.0,-72.28],[19.57,-72.25],[19.48,-71.75],[18.5,-71.32],[16.75,-71.46],[14.75,-71.26],[4.25,-71.17],[1.69,-71.5],[1.52,-71.75],[-1.0,-72.67],[-0.84,-73.0],[-1.0,-73.1],[-2.5,-73.32],[-3.5,-73.1],[-4.25,-73.28],[-6.27,-72.75],[-5.25,-72.46],[-3.5,-72.94],[-2.91,-72.5],[-2.71,-72.0],[-4.75,-71.49],[-8.25,-71.74],[-9.5,-71.38],[-14.75,-72.12],[-18.0,-72.88],[-18.5,-72.78],[-18.54,-68.0],[-17.92,-65.5],[-16.75,-63.59],[-12.41,-57.75],[-9.46,-54.5],[-7.0,-53.4],[-4.25,-52.9],[0.25,-52.96],[4.75,-53.43],[6.0,-53.26],[6.61,-52.5],[7.35,-48.75],[8.25,-47.77],[9.25,-47.5],[10.48,-47.75],[14.5,-49.48],[16.26,-50.75],[17.25,-51.97],[17.77,-53.0],[17.52,-53.75],[13.19,-56.25],[12.97,-56.5],[12.87,-57.75],[13.58,-59.0],[14.81,-60.0],[16.53,-60.75],[18.75,-61.18],[26.5,-61.08],[35.75,-62.38],[39.5,-61.82],[40.64,-61.5],[42.0,-60.75],[43.75,-60.56],[51.75,-60.89],[57.25,-61.83],[60.25,-61.99],[64.0,-61.43],[69.5,-59.79],[70.62,-59.25],[72.75,-57.34],[78.25,-56.21],[85.25,-55.63],[88.0,-55.75],[89.5,-56.13],[93.0,-57.96],[94.75,-58.31],[96.75,-57.93],[97.75,-58.26],[100.0,-58.26],[106.0,-57.47],[112.25,-55.86],[115.5,-55.45],[119.75,-55.86],[128.75,-57.61],[135.5,-59.46],[143.5,-62.17],[144.75,-62.06],[144.96,-62.5],[147.25,-63.33],[150.0,-63.71],[154.25,-63.85],[158.0,-64.39],[163.5,-64.29],[164.69,-64.75],[164.7,-65.25],[164.14,-66.25],[162.98,-67.75],[162.25,-68.22],[158.5,-69.2],[158.0,-69.57],[157.25,-69.44],[154.75,-70.05],[153.5,-70.09],[151.75,-69.75],[149.75,-70.02],[145.5,-69.9],[141.75,-69.09],[139.0,-68.82],[135.75,-69.5],[134.5,-69.34],[129.5,-70.01],[123.75,-70.21],[117.5,-71.33],[110.0,-71.6],[106.25,-70.92],[102.0,-70.68],[100.99,-70.0],[100.08,-68.75],[100.14,-68.5],[98.25,-67.98],[89.5,-69.84],[87.5,-69.86],[85.0,-69.31],[83.75,-69.74],[83.39,-70.25],[77.0,-72.88],[75.56,-74.0],[74.0,-74.61],[71.75,-74.42],[69.75,-74.8],[67.0,-74.76]]}},{"type":"Feature","properties":{"level":980},"geometry":{"type":"LineString","coordinates":[[-115.0,-74.0],[-121.5,-73.15],[-126.25,-72.03],[-128.0,-71.22],[-128.99,-70.25],[-129.07,-69.5],[-128.19,-68.25],[-126.45,-67.0],[-121.25,-64.86],[-117.75,-64.05],[-109.75,-63.27],[-105.75,-63.53],[-100.61,-64.5],[-99.53,-65.5],[-97.54,-66.5],[-95.75,-68.25],[-93.11,-69.5],[-93.93,-70.5],[-95.04,-71.25],[-98.0,-71.94],[-98.89,-72.5],[-101.61,-73.0],[-101.74,-73.25],[-107.25,-73.75],[-115.0,-74.0]]}},{"type":"Feature","properties":{"level":980},"geometry":{"type":"LineString","coordinates":[[-180.0,-63.14],[-175.0,-61.21],[-170.0,-59.96],[-168.0,-59.7],[-163.75,-59.63],[-155.75,-60.27],[-153.0,-59.92],[-147.5,-59.99],[-145.75,-60.33],[-144.64,-61.25],[-144.22,-62.25],[-143.81,-65.5],[-144.0,-66.5],[-144.91,-68.0],[-148.26,-71.0],[-152.09,-73.5],[-157.59,-75.5],[-158.75,-76.11],[-159.4,-76.75],[-159.13,-77.25],[-158.75,-77.42],[-154.08,-78.0],[-153.14,-78.5],[-149.87,-79.0],[-150.19,-79.25],[-147.63,-79.75],[-145.28,-81.0],[-148.5,-81.22],[-149.12,-81.5],[-146.91,-82.0],[-149.5,-82.5],[-154.25,-82.95],[-161.25,-83.13],[-168.25,-82.96],[-176.0,-82.44],[-180.0,-81.79]]}},{"type":"Feature","properties":{"level":980},"geometry":{"type":"LineString","coordinates":[[-120.75,-59.55],[-122.5,-58.67],[-123.69,-57.5],[-125.5,-53.75],[-125.46,-53.0],[-124.96,-52.25],[-124.63,-51.0],[-123.74,-50.25],[-119.65,-49.0],[-119.1,-49.5],[-117.0,-50.24],[-115.75,-50.97],[-114.0,-53.1],[-112.5,-53.16],[-111.5,-53.86],[-110.5,-54.14],[-109.95,-54.75],[-110.03,-55.25],[-110.5,-55.43],[-112.5,-55.0],[-114.75,-55.07],[-117.95,-58.0],[-118.82,-59.25],[-119.75,-59.66],[-120.75,-59.55]]}},{"type":"Feature","properties":{"level":980},"geometry":{"type":"LineString","coordinates":[[109.5,-51.25],[109.0,-51.0],[108.79,-50.5],[109.25,-49.62],[110.25,-49.1],[111.75,-47.85],[113.11,-47.75],[113.31,-48.25],[113.15,-48.75],[111.77,-50.5],[109.5,-51.25]]}},{"type":"Feature","properties":{"level":980},"geometry":{"type":"LineString","coordinates":[[161.0,43.74],[160.45,45.0],[161.5,46.34],[163.0,46.98],[164.5,46.74],[164.7,45.75],[164.24,45.0],[162.25,43.84],[161.0,43.74]]}},{"type":"Feature","properties":{"level":980},"geometry":{"type":"LineString","coordinates":[[147.25,55.5],[145.49,56.25],[145.28,56.75],[145.45,57.25],[146.5,57.91],[148.25,58.07],[150.0,57.65],[150.67,57.0],[150.42,56.25],[149.69,55.75],[148.75,55.46],[147.25,55.5]]}},{"type":"Feature","properties":{"level":980},"geometry":{"type":"LineString","coordinates":[[56.5,69.47],[46.5,71.9],[36.73,73.75],[33.0,75.35],[32.18,76.0],[32.02,76.5],[32.46,77.0],[33.78,77.5],[38.0,78.14],[44.5,78.32],[49.0,77.86],[55.31,75.0],[55.5,74.31],[54.24,73.0],[54.74,72.5],[56.18,72.0],[56.34,70.75],[57.86,69.5],[56.5,69.47]]}},{"type":"Feature","properties":{"level":980},"geometry":{"type":"LineString","coordinates":[[55.75,75.15],[55.63,75.25],[55.75,75.15]]}},{"type":"Feature","properties":{"level":984},"geometry":{"type":"LineString","coordinates":[[-175.25,-85.28],[-175.47,-85.25],[-174.35,-85.25],[-175.25,-85.28]]}},{"type":"Feature","properties":{"level":984},"geometry":{"type":"LineString","coordinates":[[-139.5,-85.25],[-137.75,-85.02],[-137.0,-85.21],[-133.08,-85.25],[-139.5,-85.25]]}},{"type":"Feature","properties":{"level":984},"geometry":{"type":"LineString","coordinates":[[180.0,-85.07],[170.39,-85.0],[170.28,-84.75],[171.5,-84.64],[172.06,-84.0],[170.25,-83.7],[169.8,-83.75],[169.5,-84.27],[168.75,-83.87],[168.0,-84.27],[165.0,-84.43],[164.67,-84.25],[165.5,-83.9],[167.5,-84.07],[167.69,-84.0],[166.72,-83.75],[167.85,-83.5],[166.75,-83.05],[166.0,-83.52],[164.0,-83.23],[163.83,-83.5],[161.84,-83.75],[162.61,-83.0],[162.5,-82.84],[161.87,-83.0],[162.5,-82.43],[159.1,-81.5],[159.06,-81.25],[159.63,-80.75],[161.25,-80.25],[160.45,-80.0],[160.24,-79.75],[160.38,-79.5],[160.75,-79.41],[160.64,-79.75],[161.5,-79.93],[163.39,-79.5],[162.86,-79.0],[163.5,-78.99],[163.59,-78.75],[161.43,-78.0],[162.67,-77.75],[162.25,-77.19],[161.43,-76.75],[161.53,-76.25],[160.73,-75.5],[162.25,-74.95],[162.45,-74.75],[162.25,-74.46],[163.25,-74.13],[164.05,-74.25],[164.12,-73.75],[164.5,-73.42],[165.25,-73.63],[166.25,-73.19],[169.0,-72.83],[169.83,-72.5],[169.32,-71.75],[167.5,-71.78],[167.5,-71.6],[168.03,-71.5],[167.0,-71.44],[166.5,-71.14],[164.0,-70.97],[164.0,-71.52],[162.75,-70.64],[162.25,-70.84],[160.0,-70.4],[159.5,-70.58],[157.25,-70.41],[152.5,-70.71],[149.25,-71.19],[144.75,-71.2],[143.0,-71.03],[140.0,-70.23],[134.0,-70.03],[130.0,-70.55],[125.25,-70.77],[123.73,-71.25],[121.25,-71.55],[110.25,-72.2],[106.0,-71.33],[102.25,-71.01],[100.95,-70.25],[100.0,-69.24],[98.75,-69.18],[97.25,-68.58],[91.24,-70.25],[84.89,-71.0],[84.0,-71.51],[81.5,-71.98],[78.85,-73.0],[75.67,-74.75],[74.25,-75.14],[67.25,-75.26],[64.0,-74.88],[62.25,-73.86],[61.69,-73.25],[62.21,-72.25],[63.42,-71.25],[63.47,-70.5],[63.22,-70.25],[60.5,-69.31],[57.5,-68.65],[54.5,-68.39],[53.09,-69.0],[53.1,-69.5],[52.83,-69.75],[52.0,-69.96],[45.08,-70.5],[43.6,-70.75],[42.75,-71.16],[37.0,-71.43],[34.5,-72.13],[29.0,-72.07],[21.75,-72.58],[17.0,-72.14],[16.0,-72.26],[16.0,-71.72],[14.75,-71.74],[14.0,-71.46],[12.25,-71.79],[10.75,-71.55],[8.75,-71.87],[5.5,-71.9],[1.2,-72.5],[1.25,-72.75],[0.87,-73.0],[1.7,-73.75],[0.72,-74.0],[0.64,-74.25],[1.5,-74.64],[1.5,-74.96],[-1.12,-74.25],[-1.0,-74.04],[-0.39,-74.0],[-1.25,-73.72],[-5.25,-73.85],[-7.5,-73.56],[-10.0,-74.31],[-10.06,-73.75],[-9.16,-73.25],[-9.5,-73.12],[-12.11,-73.75],[-12.45,-74.25],[-11.03,-74.5],[-12.36,-75.25],[-11.25,-75.59],[-5.04,-75.75],[2.0,-76.33],[5.29,-77.0],[5.0,-77.15],[-1.25,-76.78],[-10.25,-76.96],[-15.01,-76.25],[-18.0,-76.06],[-22.38,-76.5],[-22.5,-76.75],[-18.86,-77.5],[-21.19,-77.75],[-21.0,-78.28],[-18.94,-78.75],[-19.25,-78.89],[-27.0,-79.46],[-29.25,-79.89],[-36.6,-79.75],[-40.25,-79.42],[-43.25,-78.86],[-43.86,-79.25],[-43.41,-79.5],[-43.75,-79.85],[-44.75,-80.35],[-46.25,-80.67],[-55.25,-81.22],[-63.0,-80.87],[-64.7,-80.5],[-65.26,-80.0],[-64.88,-79.0],[-62.27,-77.25],[-58.0,-76.15],[-51.25,-75.75],[-41.75,-76.17],[-39.0,-75.2],[-34.5,-72.46],[-29.88,-70.25],[-26.25,-68.92],[-23.75,-67.26],[-22.25,-65.96],[-16.24,-59.5],[-13.73,-56.0],[-13.58,-55.5],[-11.83,-54.0],[-9.5,-52.92],[-6.25,-52.13],[3.5,-51.55],[5.0,-50.4],[6.12,-48.25],[7.0,-47.31],[8.25,-46.75],[9.25,-46.59],[13.75,-48.12],[16.25,-49.62],[18.05,-51.25],[19.33,-53.25],[17.32,-56.5],[17.22,-57.5],[17.66,-58.25],[19.25,-58.88],[26.0,-59.36],[31.5,-60.04],[37.25,-60.14],[42.25,-59.16],[47.5,-59.37],[49.75,-59.15],[56.0,-60.36],[60.5,-60.55],[63.0,-60.22],[66.25,-59.38],[69.0,-58.39],[71.5,-56.88],[74.5,-56.01],[78.75,-55.35],[87.25,-54.62],[89.75,-54.83],[93.75,-55.99],[97.0,-56.21],[98.75,-56.59],[103.25,-56.15],[104.75,-55.65],[105.0,-55.31],[106.75,-54.86],[108.77,-53.5],[108.87,-52.75],[107.64,-51.25],[107.22,-50.25],[107.54,-48.75],[111.0,-46.12],[111.19,-45.75],[112.75,-45.6],[113.58,-46.0],[115.14,-48.0],[115.89,-49.75],[115.36,-50.75],[116.88,-52.5],[124.79,-55.25],[139.81,-59.5],[143.44,-61.0],[148.0,-62.36],[157.5,-63.18],[164.5,-63.19],[167.1,-63.5],[167.73,-63.75],[168.51,-64.5],[168.77,-65.5],[170.25,-65.82],[172.0,-65.41],[180.0,-62.13]]}},{"type":"Feature","properties":{"level":984},"geometry":{"type":"LineString","coordinates":[[-57.25,-83.75],[-57.06,-83.25],[-55.5,-82.94],[-51.75,-82.44],[-49.19,-82.5],[-51.59,-83.25],[-57.25,-83.75]]}},{"type":"Feature","properties":{"level":984},"geometry":{"type":"LineString","coordinates":[[160.75,-83.33],[159.68,-83.0],[160.25,-82.73],[161.0,-82.91],[160.75,-83.33]]}},{"type":"Feature","properties":{"level":984},"geometry":{"type":"LineString","coordinates":[[24.25,-81.53],[18.75,-80.14],[14.02,-79.25],[13.6,-79.0],[14.34,-78.25],[13.86,-78.0],[5.86,-75.75],[8.79,-76.0],[15.75,-77.56],[28.5,-79.41],[31.43,-80.25],[29.25,-81.37],[24.25,-81.53]]}},{"type":"Feature","properties":{"level":984},"geometry":{"type":"LineString","coordinates":[[-28.25,-80.75],[-29.28,-80.5],[-27.75,-80.32],[-26.68,-80.5],[-28.25,-80.75]]}},{"type":"Feature","properties":{"level":984},"geometry":{"type":"LineString","coordinates":[[-25.1,-79.0],[-22.75,-78.89],[-21.9,-78.5],[-22.75,-78.22],[-24.25,-78.29],[-25.44,-78.75],[-25.1,-79.0]]}},{"type":"Feature","properties":{"level":984},"geometry":{"type":"LineString","coordinates":[[164.81,-78.75],[165.3,-78.75],[164.81,-78.75]]}},{"type":"Feature","properties":{"level":984},"geometry":{"type":"LineString","coordinates":[[-145.5,-76.33],[-145.02,-76.25],[-145.5,-76.33]]}},{"type":"Feature","properties":{"level":984},"geometry":{"type":"LineString","coordinates":[[-136.5,-75.06],[-136.7,-75.0],[-136.5,-74.88],[-136.5,-75.06]]}},{"type":"Feature","properties":{"level":984},"geometry":{"type":"LineString","coordinates":[[-133.5,-75.01],[-136.38,-74.75],[-135.75,-74.61],[-134.75,-73.64],[-134.47,-72.75],[-134.84,-71.75],[-134.73,-70.75],[-133.75,-69.03],[-130.0,-66.4],[-124.0,-62.9],[-122.56,-61.5],[-122.83,-60.5],[-125.0,-58.0],[-126.5,-54.75],[-126.62,-53.25],[-125.85,-51.0],[-124.75,-49.88],[-122.75,-48.84],[-120.75,-48.31],[-119.25,-48.24],[-117.5,-48.57],[-115.0,-49.42],[-112.5,-50.99],[-111.75,-50.82],[-110.46,-52.75],[-109.11,-53.75],[-107.95,-55.25],[-107.77,-55.75],[-108.0,-56.04],[-111.0,-56.83],[-113.68,-58.5],[-113.7,-59.25],[-114.09,-59.75],[-113.63,-60.5],[-113.48,-61.5],[-105.0,-62.58],[-100.02,-63.5],[-92.0,-67.29],[-90.5,-67.85],[-88.75,-68.12],[-88.19,-68.5],[-88.81,-70.5],[-89.51,-71.0],[-93.25,-72.25],[-98.12,-73.25],[-99.25,-74.0],[-99.03,-74.25],[-99.25,-74.49],[-106.25,-74.88],[-110.25,-74.67],[-111.75,-74.89],[-114.0,-74.65],[-118.5,-74.95],[-127.5,-74.75],[-130.5,-75.13],[-133.5,-75.01]]}},{"type":"Feature","properties":{"level":984},"geometry":{"type":"LineString","coordinates":[[-14.02,-74.75],[-13.05,-74.75],[-12.7,-74.5],[-14.02,-74.75]]}},{"type":"Feature","properties":{"level":984},"geometry":{"type":"LineString","coordinates":[[-49.25,-71.28],[-49.37,-71.0],[-49.01,-70.5],[-47.55,-69.75],[-44.0,-69.35],[-42.5,-69.42],[-42.06,-69.75],[-42.75,-70.5],[-45.25,-71.19],[-47.0,-71.47],[-49.25,-71.28]]}},{"type":"Feature","properties":{"level":984},"geometry":{"type":"LineString","coordinates":[[-180.0,-62.13],[-172.78,-59.75],[-168.0,-58.88],[-165.0,-58.7],[-156.25,-59.02],[-153.25,-58.73],[-148.0,-58.77],[-144.5,-59.27],[-143.75,-59.64],[-143.19,-60.25],[-141.05,-64.5],[-141.91,-68.5],[-141.61,-69.0],[-142.54,-71.25],[-141.99,-72.25],[-142.23,-72.75],[-144.03,-74.5],[-148.36,-76.25],[-147.46,-76.5],[-148.87,-76.75],[-149.33,-77.75],[-149.8,-78.0],[-148.17,-78.25],[-144.38,-78.25],[-143.62,-78.0],[-143.6,-77.75],[-144.55,-77.25],[-144.95,-76.75],[-144.61,-76.5],[-144.99,-76.25],[-143.25,-75.85],[-141.5,-76.54],[-140.0,-76.11],[-138.75,-76.63],[-132.5,-77.42],[-130.25,-77.93],[-129.56,-78.25],[-132.41,-79.25],[-132.05,-79.75],[-130.38,-80.5],[-127.06,-80.75],[-127.93,-81.25],[-126.04,-81.5],[-129.0,-81.97],[-130.45,-82.5],[-128.97,-82.75],[-128.64,-83.0],[-130.94,-83.75],[-130.87,-84.0],[-137.75,-85.0],[-141.15,-85.0],[-146.75,-85.51],[-156.25,-85.54],[-163.75,-85.5],[-164.25,-85.29],[-170.75,-84.85],[-174.25,-84.98],[-176.5,-84.8],[-178.75,-85.14],[-180.0,-85.07]]}},{"type":"Feature","properties":{"level":984},"geometry":{"type":"LineString","coordinates":[[-121.0,21.33],[-121.24,21.75],[-121.09,22.0],[-120.52,22.0],[-120.59,21.5],[-121.0,21.33]]}},{"type":"Feature","properties":{"level":984},"geometry":{"type":"LineString","coordinates":[[160.75,43.19],[159.83,44.5],[160.04,45.25],[161.5,46.85],[163.25,47.65],[165.0,47.38],[165.7,47.0],[165.83,45.75],[164.7,44.5],[162.83,43.5],[161.25,43.05],[160.75,43.19]]}},{"type":"Feature","properties":{"level":984},"geometry":{"type":"LineString","coordinates":[[146.75,54.97],[145.25,55.52],[144.32,56.25],[144.07,57.25],[144.59,58.0],[146.5,58.83],[149.25,59.11],[151.21,58.75],[152.28,57.75],[152.29,56.75],[151.4,55.75],[149.25,54.97],[146.75,54.97]]}},{"type":"Feature","properties":{"level":984},"geometry":{"type":"LineString","coordinates":[[-53.75,55.65],[-54.23,56.25],[-53.75,56.81],[-52.85,56.75],[-52.28,56.25],[-52.75,55.63],[-53.75,55.65]]}},{"type":"Feature","properties":{"level":984},"geometry":{"type":"LineString","coordinates":[[154.0,60.23],[153.63,60.5],[154.25,61.09],[155.0,61.23],[155.47,61.75],[155.32,62.75],[154.65,63.5],[155.5,64.21],[158.0,64.51],[158.04,64.0],[159.46,63.25],[159.63,62.75],[158.11,62.0],[157.5,60.94],[157.0,60.56],[155.0,60.04],[154.0,60.23]]}},{"type":"Feature","properties":{"level":984},"geometry":{"type":"LineString","coordinates":[[56.5,68.49],[46.75,70.12],[41.19,70.5],[39.75,71.14],[36.12,72.0],[33.24,73.0],[30.41,74.5],[29.31,75.75],[29.21,76.75],[30.13,77.75],[31.75,78.41],[35.0,79.03],[40.0,79.58],[52.5,80.08],[56.0,79.85],[58.75,79.35],[59.75,78.93],[60.34,78.0],[60.93,77.75],[60.99,77.5],[60.4,77.0],[60.82,76.25],[61.36,76.0],[58.83,75.25],[58.36,74.75],[58.3,74.25],[59.5,73.63],[60.36,72.75],[60.68,72.0],[60.95,70.0],[60.15,69.0],[59.5,68.64],[56.5,68.49]]}},{"type":"Feature","properties":{"level":988},"geometry":{"type":"LineString","coordinates":[[180.0,-85.38],[172.5,-85.39],[166.85,-85.0],[168.33,-84.75],[167.25,-84.63],[160.8,-84.75],[161.5,-84.52],[161.59,-84.25],[163.75,-84.14],[164.81,-83.75],[162.0,-83.92],[158.32,-83.75],[159.5,-83.61],[160.07,-83.25],[159.02,-82.75],[159.66,-82.5],[158.79,-82.25],[158.86,-82.0],[156.91,-81.75],[157.1,-81.25],[158.31,-80.5],[158.04,-80.25],[158.75,-80.27],[159.4,-79.75],[158.75,-79.38],[157.63,-79.25],[160.25,-79.03],[160.75,-78.64],[161.86,-78.5],[159.55,-77.25],[161.0,-77.0],[160.31,-76.75],[160.6,-76.25],[158.34,-75.5],[160.22,-75.0],[159.35,-74.75],[159.5,-74.69],[161.5,-74.74],[162.12,-74.0],[161.0,-73.25],[162.25,-73.23],[163.25,-73.73],[163.75,-73.32],[164.48,-73.25],[164.25,-72.89],[163.04,-72.75],[163.75,-72.39],[164.25,-72.37],[164.75,-72.8],[166.5,-72.95],[166.67,-72.75],[165.25,-72.16],[163.0,-71.9],[162.75,-71.62],[160.75,-72.37],[160.7,-71.75],[160.25,-71.68],[159.0,-71.73],[158.0,-72.0],[157.83,-72.25],[159.67,-72.5],[159.05,-72.75],[156.91,-72.25],[156.9,-72.0],[157.85,-71.5],[157.4,-71.25],[157.25,-70.74],[156.71,-70.75],[156.5,-71.14],[156.0,-71.24],[147.5,-72.27],[143.75,-72.14],[139.56,-71.5],[137.25,-70.91],[133.5,-70.56],[131.75,-70.93],[127.5,-71.15],[124.26,-71.75],[117.0,-72.51],[111.0,-72.7],[108.75,-72.47],[105.5,-71.58],[102.5,-71.25],[99.5,-69.66],[97.25,-69.14],[92.75,-70.24],[91.5,-70.85],[87.75,-71.55],[87.0,-71.94],[82.75,-72.5],[79.81,-73.5],[75.5,-75.43],[70.0,-75.8],[66.25,-75.71],[62.4,-75.0],[60.98,-74.0],[60.62,-73.25],[60.56,-72.25],[62.32,-71.25],[62.84,-70.5],[60.5,-69.7],[57.75,-69.23],[54.5,-69.46],[54.54,-69.75],[53.75,-70.04],[46.0,-71.25],[37.0,-71.76],[34.75,-72.49],[32.5,-72.45],[30.75,-72.69],[28.75,-72.42],[25.75,-72.46],[24.25,-72.79],[21.0,-72.79],[11.0,-71.88],[5.5,-72.33],[3.78,-73.25],[3.71,-73.5],[5.01,-74.5],[5.06,-74.75],[5.86,-75.0],[9.75,-75.52],[14.75,-76.68],[19.5,-77.45],[32.25,-78.64],[34.47,-79.25],[36.04,-80.0],[35.68,-80.5],[34.79,-81.0],[32.75,-81.6],[27.25,-82.32],[24.25,-82.28],[22.0,-81.91],[17.15,-80.25],[12.76,-79.25],[12.43,-79.0],[13.06,-78.5],[12.89,-78.25],[10.59,-77.75],[9.75,-77.24],[7.0,-76.83],[6.84,-77.0],[8.39,-77.5],[6.5,-77.64],[-2.25,-77.1],[-9.75,-77.5],[-13.75,-77.44],[-14.48,-77.75],[-14.2,-78.0],[-14.75,-78.44],[-19.5,-80.03],[-21.36,-80.25],[-21.5,-80.53],[-25.5,-80.57],[-30.57,-81.0],[-32.78,-81.5],[-30.19,-81.75],[-36.5,-82.2],[-43.25,-83.77],[-52.0,-83.75],[-51.5,-84.25],[-57.0,-84.71],[-64.75,-84.78],[-68.0,-85.04],[-73.75,-84.69],[-74.53,-84.5],[-74.81,-84.25],[-74.75,-83.97],[-77.0,-83.5],[-75.77,-83.0],[-77.7,-82.25],[-78.32,-81.75],[-77.91,-80.75],[-78.94,-80.25],[-77.35,-80.0],[-77.61,-79.75],[-77.5,-79.48],[-74.76,-79.25],[-72.99,-78.0],[-68.05,-76.25],[-70.5,-76.46],[-73.08,-76.25],[-70.07,-75.75],[-72.71,-75.5],[-72.0,-75.26],[-71.25,-75.38],[-67.25,-74.87],[-64.64,-73.75],[-64.46,-73.5],[-64.87,-73.0],[-63.63,-72.5],[-64.07,-72.0],[-63.14,-71.25],[-63.91,-70.5],[-63.67,-70.0],[-64.27,-69.75],[-64.36,-69.25],[-65.91,-68.75],[-66.43,-68.0],[-66.16,-67.75],[-66.0,-66.91],[-64.32,-66.25],[-62.15,-65.0],[-58.5,-63.86],[-57.75,-64.09],[-56.93,-63.75],[-54.02,-64.5],[-53.36,-65.25],[-53.4,-65.75],[-53.84,-66.0],[-53.68,-66.25],[-51.25,-67.05],[-41.0,-66.77],[-35.0,-67.37],[-32.91,-67.0],[-27.5,-64.58],[-23.25,-62.08],[-21.0,-60.31],[-18.6,-58.0],[-16.47,-55.25],[-13.12,-53.0],[-8.5,-51.43],[-0.25,-50.54],[1.5,-50.12],[3.0,-49.35],[6.25,-46.18],[8.0,-45.54],[10.0,-45.86],[12.75,-46.68],[18.1,-50.0],[20.72,-53.0],[20.79,-53.75],[20.41,-55.0],[20.87,-56.5],[21.5,-57.04],[23.25,-57.63],[28.5,-58.32],[34.25,-58.68],[42.25,-58.12],[49.75,-58.07],[55.25,-59.06],[59.25,-59.29],[62.25,-58.96],[65.54,-58.25],[68.0,-57.42],[70.5,-56.25],[73.25,-55.45],[85.25,-53.88],[89.25,-53.62],[92.75,-54.16],[95.75,-54.25],[98.25,-54.96],[100.5,-54.73],[104.2,-53.25],[104.16,-53.0],[104.48,-52.75],[105.33,-52.5],[105.84,-51.75],[105.62,-50.75],[105.89,-50.25],[106.03,-48.75],[106.53,-47.75],[108.25,-45.84],[110.25,-44.31],[110.75,-43.97],[112.0,-43.81],[113.43,-44.5],[116.25,-46.51],[120.5,-50.55],[123.75,-52.72],[126.5,-53.87],[128.75,-54.25],[131.75,-55.15],[136.5,-57.29],[148.25,-61.26],[151.5,-61.73],[157.5,-62.11],[166.25,-62.34],[172.25,-63.35],[180.0,-61.18]]}},{"type":"Feature","properties":{"level":988},"geometry":{"type":"LineString","coordinates":[[-132.98,-76.5],[-132.0,-76.69],[-131.25,-76.5],[-131.75,-75.83],[-132.5,-75.98],[-132.98,-76.5]]}},{"type":"Feature","properties":{"level":988},"geometry":{"type":"LineString","coordinates":[[-8.15,-75.25],[-2.98,-75.25],[-3.22,-75.0],[-2.5,-75.13],[-2.32,-74.75],[-3.75,-74.53],[-3.61,-74.25],[-4.5,-74.03],[-6.0,-74.47],[-7.0,-74.26],[-8.0,-74.68],[-10.32,-75.0],[-8.15,-75.25]]}},{"type":"Feature","properties":{"level":988},"geometry":{"type":"LineString","coordinates":[[166.84,-72.5],[167.25,-72.45],[167.55,-72.0],[166.75,-71.71],[165.59,-71.75],[166.25,-71.83],[166.84,-72.5]]}},{"type":"Feature","properties":{"level":988},"geometry":{"type":"LineString","coordinates":[[157.98,-71.25],[158.75,-71.33],[159.01,-70.75],[157.78,-71.0],[157.98,-71.25]]}},{"type":"Feature","properties":{"level":988},"geometry":{"type":"LineString","coordinates":[[153.8,-71.0],[155.15,-71.0],[153.8,-71.0]]}},{"type":"Feature","properties":{"level":988},"geometry":{"type":"LineString","coordinates":[[-180.0,-61.18],[-172.5,-58.89],[-167.25,-57.98],[-154.75,-57.57],[-146.0,-57.69],[-144.0,-57.96],[-142.64,-58.5],[-138.97,-61.75],[-138.36,-62.75],[-137.55,-63.25],[-136.74,-64.75],[-135.75,-65.22],[-134.5,-65.19],[-132.0,-64.23],[-130.25,-63.17],[-126.99,-60.5],[-126.78,-59.0],[-127.77,-56.0],[-127.98,-53.75],[-127.41,-51.25],[-126.3,-49.5],[-124.0,-48.0],[-120.0,-46.74],[-116.25,-47.53],[-112.5,-49.22],[-111.5,-49.3],[-110.25,-50.57],[-109.73,-50.75],[-108.85,-52.25],[-105.57,-56.0],[-105.63,-56.5],[-108.14,-58.0],[-108.61,-59.0],[-108.45,-59.5],[-107.75,-60.09],[-105.75,-61.0],[-98.54,-62.75],[-89.0,-65.96],[-81.75,-67.15],[-80.75,-66.97],[-78.5,-65.85],[-75.75,-65.3],[-67.75,-65.39],[-67.06,-65.5],[-66.86,-65.75],[-68.64,-66.75],[-68.62,-67.0],[-68.2,-67.25],[-68.75,-67.78],[-69.55,-67.75],[-68.98,-67.5],[-68.77,-67.25],[-69.0,-67.11],[-74.0,-68.67],[-78.25,-69.26],[-79.47,-69.75],[-79.91,-71.0],[-80.5,-71.25],[-83.25,-71.9],[-93.27,-73.5],[-92.75,-73.8],[-90.59,-74.0],[-90.51,-74.25],[-91.75,-74.67],[-96.75,-75.0],[-103.0,-76.37],[-106.0,-76.34],[-111.0,-75.67],[-111.91,-75.75],[-111.45,-76.25],[-112.25,-76.36],[-113.04,-76.25],[-112.84,-76.0],[-113.0,-75.84],[-114.25,-75.52],[-116.0,-75.84],[-121.5,-75.39],[-124.75,-75.61],[-126.25,-75.41],[-126.76,-75.5],[-126.26,-75.75],[-128.32,-76.0],[-127.5,-77.05],[-126.0,-76.96],[-125.25,-77.29],[-123.5,-77.21],[-119.68,-77.75],[-117.5,-78.61],[-116.33,-79.75],[-120.25,-79.54],[-121.75,-78.98],[-123.25,-78.9],[-124.2,-79.75],[-121.25,-80.46],[-120.24,-81.0],[-119.97,-81.5],[-117.98,-82.0],[-119.0,-82.25],[-123.25,-82.09],[-124.3,-82.25],[-124.03,-82.5],[-122.5,-82.78],[-114.25,-83.08],[-106.0,-82.66],[-91.25,-81.0],[-89.0,-80.27],[-88.82,-80.0],[-86.75,-79.77],[-86.0,-79.45],[-85.82,-79.25],[-86.29,-78.75],[-87.8,-78.25],[-86.36,-77.75],[-87.06,-77.25],[-86.52,-77.0],[-84.68,-76.75],[-81.0,-75.72],[-76.7,-75.75],[-79.24,-76.25],[-77.74,-77.0],[-77.58,-77.25],[-78.0,-77.36],[-80.5,-77.52],[-82.25,-77.15],[-85.31,-77.25],[-83.99,-77.5],[-84.75,-77.56],[-85.04,-78.0],[-84.21,-78.75],[-84.4,-79.0],[-82.27,-79.75],[-82.5,-79.99],[-84.25,-79.95],[-85.71,-80.25],[-86.73,-80.75],[-96.75,-82.43],[-101.25,-83.64],[-123.5,-85.46],[-124.08,-85.75],[-123.13,-86.0],[-125.0,-86.27],[-142.5,-85.84],[-154.5,-85.95],[-158.75,-86.3],[-159.27,-86.25],[-158.3,-86.0],[-163.25,-85.84],[-170.75,-85.18],[-175.25,-85.54],[-180.0,-85.38]]}},{"type":"Feature","properties":{"level":988},"geometry":{"type":"LineString","coordinates":[[-120.75,20.98],[-121.36,21.25],[-121.59,21.75],[-121.0,22.41],[-120.5,22.34],[-120.21,22.0],[-120.25,21.44],[-120.75,20.98]]}},{"type":"Feature","properties":{"level":988},"geometry":{"type":"LineString","coordinates":[[160.75,42.66],[159.5,43.73],[159.06,44.75],[159.21,45.5],[159.75,46.31],[161.25,47.38],[163.5,48.5],[164.5,48.55],[166.0,48.03],[166.52,47.0],[166.58,46.0],[165.25,44.08],[163.99,43.25],[161.5,42.62],[160.75,42.66]]}},{"type":"Feature","properties":{"level":988},"geometry":{"type":"LineString","coordinates":[[159.5,52.96],[158.94,53.25],[159.17,54.25],[158.49,54.75],[158.53,55.5],[160.06,56.75],[160.67,58.25],[162.12,60.25],[162.0,60.35],[160.75,60.0],[159.67,59.25],[158.25,58.69],[156.0,58.75],[154.85,58.0],[154.25,56.79],[153.25,55.79],[151.93,55.0],[149.75,54.43],[146.5,54.49],[144.22,55.25],[142.77,56.5],[142.48,58.25],[142.97,59.0],[143.75,59.58],[145.0,60.04],[145.23,60.5],[145.75,60.77],[146.27,60.75],[145.92,61.0],[148.25,61.05],[149.5,61.51],[151.5,61.71],[151.58,62.0],[152.05,62.25],[151.73,63.0],[152.84,63.5],[153.43,64.25],[155.75,65.03],[157.5,65.28],[161.75,64.97],[162.76,64.5],[163.17,63.75],[163.77,63.5],[163.76,63.0],[164.61,62.25],[164.25,61.39],[165.0,61.33],[165.25,60.81],[166.75,60.88],[167.5,60.47],[174.0,59.38],[175.57,58.75],[176.93,57.5],[176.75,57.04],[176.25,56.76],[173.75,55.83],[172.5,55.72],[170.38,55.0],[169.0,54.81],[166.75,53.56],[162.25,52.76],[159.5,52.96]]}},{"type":"Feature","properties":{"level":988},"geometry":{"type":"LineString","coordinates":[[-54.0,55.16],[-55.0,55.72],[-55.24,56.25],[-55.05,56.75],[-54.25,57.34],[-52.25,57.29],[-51.09,56.5],[-51.18,55.75],[-51.75,55.36],[-52.75,55.08],[-54.0,55.16]]}},{"type":"Feature","properties":{"level":988},"geometry":{"type":"LineString","coordinates":[[56.5,67.24],[47.75,68.65],[38.0,69.79],[32.94,71.5],[28.2,73.75],[26.22,75.5],[25.86,76.5],[25.98,77.25],[27.75,78.9],[29.52,79.5],[33.25,80.25],[39.75,80.88],[46.5,81.28],[56.25,81.47],[64.25,81.09],[67.81,80.25],[68.21,79.0],[67.69,78.5],[68.04,78.25],[67.0,77.5],[67.3,77.0],[63.22,75.75],[63.12,75.5],[64.36,75.25],[65.18,74.5],[65.12,72.25],[64.72,70.75],[64.11,70.0],[64.11,69.5],[62.25,68.1],[60.5,67.22],[59.5,67.03],[56.5,67.24]]}},{"type":"Feature","properties":{"level":992},"geometry":{"type":"LineString","coordinates":[[180.0,-85.67],[178.89,-85.5],[170.0,-85.88],[168.5,-85.41],[163.73,-85.25],[165.33,-85.0],[164.75,-84.87],[160.75,-84.85],[158.11,-84.25],[159.03,-84.0],[157.64,-83.75],[157.75,-83.4],[158.37,-83.25],[158.54,-83.5],[159.29,-83.5],[158.81,-83.25],[159.06,-83.0],[158.25,-82.92],[157.75,-83.16],[157.7,-82.75],[157.32,-82.5],[157.41,-82.25],[157.0,-82.17],[156.25,-82.2],[156.42,-82.5],[155.75,-82.59],[153.9,-82.25],[155.76,-82.25],[155.91,-82.0],[154.77,-81.75],[155.75,-81.61],[157.4,-80.75],[157.36,-80.5],[156.54,-80.25],[156.75,-80.08],[158.81,-79.75],[157.5,-79.61],[155.94,-79.0],[159.94,-78.75],[160.08,-78.5],[159.49,-78.25],[160.2,-77.75],[159.24,-77.25],[159.96,-77.0],[158.75,-76.21],[157.25,-75.93],[156.5,-75.55],[155.0,-75.53],[155.29,-74.75],[154.75,-74.52],[152.0,-73.92],[148.75,-73.85],[144.25,-73.22],[142.75,-73.27],[139.81,-72.5],[138.5,-71.86],[136.75,-71.54],[133.0,-71.37],[128.25,-71.55],[117.5,-72.94],[111.0,-73.0],[102.75,-71.49],[100.25,-70.57],[97.25,-70.51],[96.88,-70.25],[97.27,-70.0],[97.24,-69.75],[96.75,-69.66],[94.47,-70.25],[93.98,-70.75],[92.25,-71.56],[87.25,-72.73],[84.25,-73.13],[76.25,-75.72],[70.0,-76.24],[64.75,-76.05],[60.0,-74.9],[59.77,-74.75],[59.82,-73.75],[59.37,-73.25],[59.62,-73.0],[59.54,-72.75],[59.14,-72.25],[61.96,-70.5],[61.5,-70.18],[58.75,-69.74],[56.25,-69.94],[46.48,-71.5],[37.25,-72.1],[34.75,-72.74],[30.75,-72.94],[26.0,-72.64],[24.75,-72.97],[20.5,-73.06],[17.25,-72.63],[14.0,-72.57],[12.5,-72.07],[11.75,-72.5],[7.0,-72.39],[6.45,-72.5],[5.92,-73.0],[6.43,-73.75],[6.07,-74.0],[7.75,-74.77],[19.75,-76.95],[28.5,-77.94],[34.25,-78.25],[36.79,-78.75],[37.78,-79.25],[38.15,-79.75],[37.97,-80.25],[37.28,-80.75],[34.14,-82.0],[32.75,-82.34],[27.0,-82.92],[21.23,-83.0],[22.42,-82.5],[20.19,-82.0],[17.69,-81.25],[16.96,-80.75],[11.75,-79.32],[11.12,-79.0],[11.48,-78.5],[10.64,-78.25],[-2.0,-77.4],[-10.0,-77.88],[-11.0,-78.2],[-11.71,-78.75],[-11.18,-79.25],[-14.25,-79.54],[-17.25,-80.3],[-18.75,-80.97],[-21.0,-81.09],[-24.0,-80.75],[-25.77,-81.0],[-20.66,-81.5],[-21.42,-81.75],[-28.2,-82.0],[-34.09,-83.0],[-37.51,-84.0],[-41.68,-84.75],[-60.5,-85.44],[-67.5,-85.99],[-74.0,-85.71],[-85.25,-85.73],[-89.0,-85.31],[-94.5,-85.29],[-96.25,-84.79],[-99.25,-84.55],[-111.09,-85.25],[-105.48,-85.5],[-108.36,-86.0],[-112.0,-86.26],[-132.5,-86.74],[-135.88,-86.5],[-134.53,-86.25],[-134.75,-86.23],[-140.25,-86.24],[-142.5,-85.98],[-146.91,-86.25],[-145.43,-86.5],[-145.75,-86.74],[-151.44,-86.5],[-151.25,-86.87],[-150.75,-86.95],[-143.5,-86.69],[-140.0,-86.32],[-138.23,-86.75],[-143.75,-87.16],[-148.75,-87.24],[-151.72,-87.0],[-153.75,-86.45],[-156.75,-86.37],[-159.0,-86.59],[-160.0,-86.4],[-160.5,-86.05],[-164.0,-85.99],[-171.25,-85.39],[-175.25,-85.84],[-180.0,-85.67]]}},{"type":"Feature","properties":{"level":992},"geometry":{"type":"LineString","coordinates":[[-91.82,-84.25],[-88.75,-84.32],[-86.69,-84.0],[-86.93,-83.75],[-87.5,-83.73],[-91.5,-84.01],[-91.82,-84.25]]}},{"type":"Feature","properties":{"level":992},"geometry":{"type":"LineString","coordinates":[[-91.42,-82.5],[-87.0,-82.38],[-85.0,-81.65],[-84.25,-81.08],[-82.97,-80.75],[-83.75,-80.45],[-84.43,-80.5],[-85.03,-80.75],[-84.91,-81.0],[-91.8,-82.25],[-91.42,-82.5]]}},{"type":"Feature","properties":{"level":992},"geometry":{"type":"LineString","coordinates":[[-109.03,-82.25],[-106.42,-82.25],[-100.74,-81.75],[-88.25,-79.31],[-87.86,-79.0],[-88.0,-78.77],[-88.5,-78.75],[-89.0,-78.03],[-89.59,-77.75],[-88.88,-77.25],[-88.85,-76.75],[-89.46,-76.5],[-89.3,-76.25],[-87.56,-75.75],[-87.73,-75.5],[-88.5,-75.47],[-97.75,-76.37],[-98.18,-76.5],[-97.41,-77.0],[-102.0,-77.4],[-107.25,-77.23],[-110.75,-76.47],[-112.25,-76.59],[-114.25,-75.97],[-117.0,-75.95],[-118.09,-76.25],[-116.5,-77.0],[-117.18,-77.25],[-115.34,-77.75],[-116.1,-78.25],[-115.75,-78.62],[-113.25,-78.9],[-111.09,-79.5],[-111.07,-80.25],[-111.56,-80.5],[-114.32,-81.0],[-114.59,-81.25],[-109.03,-82.25]]}},{"type":"Feature","properties":{"level":992},"geometry":{"type":"LineString","coordinates":[[-100.75,-78.76],[-103.32,-78.5],[-100.25,-78.43],[-98.97,-78.75],[-100.75,-78.76]]}},{"type":"Feature","properties":{"level":992},"geometry":{"type":"LineString","coordinates":[[-118.76,-77.0],[-118.45,-77.0],[-118.75,-76.54],[-119.65,-76.25],[-122.43,-76.25],[-121.0,-76.64],[-119.5,-76.66],[-118.76,-77.0]]}},{"type":"Feature","properties":{"level":992},"geometry":{"type":"LineString","coordinates":[[160.17,-74.25],[161.25,-74.49],[161.86,-74.0],[161.0,-73.43],[157.0,-72.59],[156.4,-72.25],[156.52,-71.75],[156.25,-71.68],[154.25,-71.72],[151.82,-72.25],[154.25,-72.88],[155.86,-73.0],[156.15,-73.25],[155.89,-73.5],[156.5,-73.69],[160.17,-74.25]]}},{"type":"Feature","properties":{"level":992},"geometry":{"type":"LineString","coordinates":[[161.92,-73.0],[162.49,-73.0],[162.0,-72.32],[161.21,-72.75],[161.92,-73.0]]}},{"type":"Feature","properties":{"level":992},"geometry":{"type":"LineString","coordinates":[[158.89,-72.0],[159.5,-72.23],[160.26,-72.0],[158.89,-72.0]]}},{"type":"Feature","properties":{"level":992},"geometry":{"type":"LineString","coordinates":[[-180.0,-60.21],[-173.0,-58.12],[-170.0,-57.49],[-159.75,-56.53],[-158.5,-56.05],[-156.5,-56.02],[-154.0,-56.44],[-146.25,-56.44],[-142.75,-56.82],[-137.25,-59.73],[-134.25,-60.44],[-132.75,-60.24],[-130.56,-59.0],[-129.8,-56.75],[-130.0,-54.25],[-129.59,-52.25],[-127.71,-48.75],[-126.72,-47.75],[-125.0,-46.77],[-121.25,-45.46],[-120.25,-45.42],[-115.75,-46.2],[-113.25,-47.46],[-111.5,-47.7],[-111.04,-48.0],[-109.25,-49.64],[-106.51,-53.0],[-103.07,-56.25],[-102.93,-56.75],[-103.79,-57.5],[-104.0,-58.0],[-103.77,-58.5],[-104.03,-59.25],[-103.5,-59.83],[-102.25,-60.37],[-92.87,-63.0],[-85.25,-64.55],[-81.0,-64.86],[-69.0,-63.99],[-62.5,-62.83],[-60.0,-62.68],[-54.25,-63.19],[-51.84,-63.75],[-48.75,-64.85],[-45.75,-65.07],[-41.75,-64.5],[-36.75,-63.15],[-34.0,-63.19],[-28.25,-61.55],[-24.5,-59.5],[-19.67,-55.25],[-15.9,-52.75],[-13.74,-51.75],[-10.25,-50.66],[-2.75,-49.52],[0.25,-48.75],[2.99,-46.75],[5.5,-43.94],[10.5,-44.89],[14.98,-47.0],[18.0,-48.94],[21.87,-52.5],[22.28,-53.0],[22.52,-54.5],[23.21,-55.5],[24.25,-56.11],[26.22,-56.75],[29.5,-57.27],[33.75,-57.5],[50.5,-56.93],[55.5,-57.79],[59.0,-58.0],[63.5,-57.5],[66.5,-56.78],[71.75,-54.9],[77.25,-54.05],[89.25,-52.61],[93.5,-52.91],[99.0,-52.88],[101.43,-52.0],[103.9,-50.25],[104.98,-47.5],[107.25,-44.83],[109.67,-43.0],[111.0,-42.63],[112.5,-42.95],[115.5,-44.39],[122.14,-48.75],[127.75,-51.88],[138.34,-56.5],[148.5,-60.08],[154.5,-60.82],[172.25,-61.79],[176.25,-61.29],[180.0,-60.21]]}},{"type":"Feature","properties":{"level":992},"geometry":{"type":"LineString","coordinates":[[-121.25,20.86],[-121.8,21.5],[-121.83,22.0],[-121.25,22.64],[-120.5,22.61],[-119.96,22.0],[-119.98,21.5],[-120.5,20.85],[-121.25,20.86]]}},{"type":"Feature","properties":{"level":992},"geometry":{"type":"LineString","coordinates":[[161.0,42.21],[159.5,42.74],[158.75,43.53],[158.4,45.25],[158.5,45.75],[160.0,47.83],[161.5,49.63],[162.0,49.64],[162.45,50.25],[159.23,51.0],[158.35,52.25],[158.4,52.75],[157.67,53.5],[157.82,54.25],[157.41,55.0],[157.25,56.08],[156.75,56.13],[153.0,54.32],[151.5,53.97],[148.25,53.76],[145.5,54.13],[142.75,55.23],[141.06,57.0],[140.71,58.0],[142.08,60.25],[143.5,61.24],[145.5,61.57],[147.5,62.21],[148.9,63.0],[149.75,62.98],[150.01,63.5],[151.25,63.62],[152.04,64.5],[154.25,65.5],[159.75,66.27],[162.0,65.94],[163.25,66.03],[164.1,65.25],[165.25,64.66],[169.2,63.75],[170.17,63.25],[169.85,62.75],[169.77,62.0],[170.0,61.78],[171.75,61.02],[175.25,60.31],[178.07,58.75],[178.92,57.75],[179.23,57.0],[178.84,55.75],[178.25,55.24],[176.5,54.43],[174.25,54.02],[173.25,53.31],[172.25,53.52],[172.03,53.25],[169.76,52.75],[169.75,52.4],[168.9,52.5],[168.75,52.06],[168.11,51.75],[168.03,51.25],[167.35,51.0],[167.34,50.5],[167.76,50.0],[167.33,49.25],[167.56,48.75],[167.28,48.0],[167.32,46.25],[166.11,44.0],[163.75,42.53],[161.0,42.21]]}},{"type":"Feature","properties":{"level":992},"geometry":{"type":"LineString","coordinates":[[-50.5,53.73],[-54.25,54.63],[-55.25,55.1],[-56.18,56.25],[-56.02,57.25],[-55.25,57.91],[-53.75,58.39],[-51.5,58.34],[-50.25,57.84],[-48.48,56.25],[-47.9,55.25],[-48.32,54.25],[-48.75,53.86],[-50.5,53.73]]}},{"type":"Feature","properties":{"level":992},"geometry":{"type":"LineString","coordinates":[[169.75,63.64],[169.54,63.75],[170.29,63.75],[169.75,63.64]]}},{"type":"Feature","properties":{"level":992},"geometry":{"type":"LineString","coordinates":[[60.0,65.15],[59.75,65.41],[57.25,65.43],[52.5,66.18],[51.25,66.71],[48.5,67.32],[33.45,69.75],[30.25,70.85],[22.0,74.74],[20.71,76.0],[20.42,76.75],[20.49,77.25],[21.0,77.62],[22.76,78.0],[22.83,78.25],[22.58,78.5],[23.38,79.0],[22.7,79.5],[25.89,80.0],[27.52,80.75],[31.75,81.39],[39.25,81.99],[51.0,82.48],[73.5,82.67],[88.48,82.0],[89.86,81.75],[90.8,81.25],[82.5,80.08],[78.29,79.25],[71.83,77.0],[71.03,76.25],[70.64,74.75],[69.81,73.0],[68.42,71.0],[67.98,69.75],[68.26,69.25],[67.77,68.5],[63.38,66.5],[61.5,65.28],[60.0,65.15]]}},{"type":"Feature","properties":{"level":996},"geometry":{"type":"LineString","coordinates":[[180.0,-87.95],[150.5,-87.52],[137.25,-86.76],[133.07,-86.25],[132.7,-85.75],[135.25,-85.56],[146.5,-86.1],[154.75,-86.03],[155.26,-86.0],[150.83,-85.75],[161.48,-85.0],[157.49,-84.5],[156.99,-84.25],[158.31,-84.0],[155.56,-83.25],[156.59,-83.0],[156.25,-82.78],[152.4,-82.25],[153.31,-82.0],[153.5,-81.7],[155.25,-81.38],[156.77,-80.75],[154.0,-80.6],[152.0,-81.11],[151.41,-81.0],[151.36,-80.75],[152.0,-80.62],[155.5,-80.4],[156.87,-79.75],[156.69,-79.5],[155.08,-79.0],[156.0,-78.7],[158.33,-78.5],[158.75,-77.96],[159.51,-77.75],[159.5,-77.47],[157.63,-76.75],[157.54,-76.5],[157.9,-76.25],[156.5,-76.0],[155.5,-76.23],[153.75,-76.1],[151.25,-75.22],[148.75,-74.71],[144.5,-74.47],[139.25,-73.68],[136.5,-71.92],[133.0,-71.68],[128.25,-71.88],[117.75,-73.36],[114.5,-73.58],[108.67,-73.0],[101.0,-71.15],[96.25,-71.37],[95.0,-71.12],[94.4,-71.25],[93.82,-71.75],[91.5,-72.47],[87.75,-73.37],[84.41,-73.5],[82.75,-74.61],[79.75,-75.23],[77.25,-76.07],[72.75,-76.55],[65.75,-76.7],[64.5,-76.6],[62.0,-75.81],[58.11,-75.0],[57.9,-74.75],[58.84,-74.25],[58.43,-74.0],[58.15,-73.25],[58.61,-72.75],[58.36,-72.0],[60.55,-70.5],[59.0,-70.19],[55.25,-70.43],[44.0,-72.0],[37.75,-72.39],[35.25,-72.94],[31.25,-73.19],[28.25,-73.16],[26.25,-72.86],[25.0,-73.19],[21.5,-73.28],[13.5,-72.78],[6.87,-73.0],[7.91,-74.25],[11.0,-75.1],[26.5,-77.4],[36.75,-78.21],[38.39,-78.75],[39.54,-79.5],[39.59,-80.0],[38.88,-80.75],[35.45,-82.25],[27.25,-83.38],[20.75,-83.55],[15.75,-83.19],[15.22,-83.0],[19.51,-82.25],[17.25,-81.5],[14.47,-81.25],[14.64,-81.0],[12.94,-80.25],[10.25,-79.52],[9.5,-78.98],[8.0,-78.54],[3.62,-78.0],[-0.5,-78.01],[-2.0,-77.73],[-3.5,-77.94],[-8.5,-77.94],[-10.06,-78.25],[-4.63,-78.75],[-9.09,-79.0],[-5.82,-79.5],[-6.5,-79.81],[-12.5,-79.97],[-12.51,-80.25],[-13.42,-80.75],[-15.95,-81.0],[-16.07,-81.25],[-15.75,-81.46],[-13.92,-81.75],[-14.25,-82.15],[-15.81,-83.0],[-15.08,-83.25],[-16.09,-83.5],[-22.25,-84.26],[-28.75,-84.56],[-38.25,-85.48],[-58.0,-85.91],[-79.5,-86.98],[-90.75,-87.06],[-105.75,-86.71],[-117.5,-87.44],[-132.25,-87.72],[-180.0,-87.95]]}},{"type":"Feature","properties":{"level":996},"geometry":{"type":"LineString","coordinates":[[-177.2,-86.25],[-172.75,-86.43],[-161.23,-86.25],[-165.25,-86.22],[-166.25,-85.96],[-171.5,-85.59],[-173.75,-86.05],[-177.2,-86.25]]}},{"type":"Feature","properties":{"level":996},"geometry":{"type":"LineString","coordinates":[[164.86,-85.75],[167.27,-85.75],[165.75,-85.49],[164.86,-85.75]]}},{"type":"Feature","properties":{"level":996},"geometry":{"type":"LineString","coordinates":[[-7.25,-83.25],[-7.5,-83.0],[-2.54,-82.75],[5.47,-83.0],[3.75,-83.24],[-7.25,-83.25]]}},{"type":"Feature","properties":{"level":996},"geometry":{"type":"LineString","coordinates":[[-106.3,-81.5],[-104.0,-81.7],[-101.73,-81.5],[-98.0,-80.13],[-95.25,-79.91],[-90.38,-79.0],[-92.75,-78.48],[-94.25,-79.04],[-96.25,-79.29],[-105.5,-79.05],[-106.39,-78.75],[-109.25,-78.58],[-109.43,-78.25],[-109.0,-77.96],[-111.0,-77.58],[-115.0,-77.97],[-115.39,-78.25],[-114.5,-78.54],[-112.5,-78.51],[-111.5,-79.05],[-106.75,-79.43],[-105.14,-80.0],[-105.75,-80.27],[-108.75,-80.63],[-109.38,-81.0],[-106.3,-81.5]]}},{"type":"Feature","properties":{"level":996},"geometry":{"type":"LineString","coordinates":[[160.0,-74.0],[161.0,-74.2],[161.65,-74.0],[161.25,-73.6],[160.25,-73.44],[159.55,-73.75],[160.0,-74.0]]}},{"type":"Feature","properties":{"level":996},"geometry":{"type":"LineString","coordinates":[[-180.0,-59.3],[-171.5,-56.88],[-161.75,-55.46],[-160.5,-54.87],[-151.75,-55.44],[-142.5,-55.14],[-137.5,-57.03],[-134.75,-57.22],[-133.25,-56.42],[-132.37,-55.5],[-131.56,-52.0],[-130.47,-49.5],[-128.25,-46.75],[-126.75,-45.72],[-124.75,-44.84],[-121.25,-44.11],[-119.5,-44.02],[-117.25,-44.16],[-112.25,-46.55],[-110.75,-46.91],[-109.5,-47.59],[-105.42,-52.5],[-103.25,-54.38],[-99.91,-56.75],[-99.74,-57.5],[-99.98,-58.25],[-99.5,-58.94],[-97.25,-60.17],[-94.52,-61.0],[-88.0,-62.05],[-85.75,-61.75],[-84.5,-61.87],[-82.99,-62.25],[-83.28,-62.5],[-82.61,-62.75],[-78.25,-63.39],[-71.0,-63.1],[-59.25,-61.54],[-55.5,-61.91],[-48.75,-63.19],[-45.5,-63.28],[-34.02,-61.25],[-30.25,-59.86],[-27.25,-58.44],[-20.25,-53.38],[-15.62,-51.0],[-12.0,-49.81],[-5.0,-48.51],[-2.25,-47.7],[-0.75,-46.93],[0.77,-45.5],[2.0,-42.43],[6.07,-42.75],[9.2,-43.5],[14.5,-45.84],[19.66,-49.25],[23.7,-52.75],[25.07,-54.75],[27.5,-55.72],[31.0,-56.29],[34.25,-56.5],[47.25,-56.17],[52.25,-55.84],[54.75,-56.47],[58.75,-56.8],[61.75,-56.67],[64.0,-56.27],[71.75,-53.99],[81.0,-52.93],[89.75,-51.6],[95.0,-51.45],[99.75,-50.7],[101.7,-49.5],[103.85,-46.5],[107.01,-43.25],[109.0,-41.82],[110.75,-41.46],[116.5,-43.39],[122.54,-46.5],[126.6,-48.0],[127.14,-48.0],[127.03,-47.75],[127.25,-47.68],[127.75,-47.92],[128.75,-49.01],[129.18,-49.0],[129.19,-48.0],[128.19,-46.5],[128.43,-46.0],[129.0,-46.07],[131.25,-47.43],[134.52,-50.25],[134.0,-50.45],[132.25,-50.03],[130.75,-49.15],[129.85,-49.25],[130.94,-50.25],[132.75,-50.93],[133.34,-51.5],[134.0,-51.59],[134.75,-52.28],[135.75,-52.66],[137.0,-53.67],[138.97,-54.75],[147.5,-58.17],[151.25,-59.19],[170.75,-60.7],[175.0,-60.43],[180.0,-59.3]]}},{"type":"Feature","properties":{"level":996},"geometry":{"type":"LineString","coordinates":[[137.75,-52.76],[136.93,-52.0],[137.82,-52.25],[138.35,-52.75],[137.75,-52.76]]}},{"type":"Feature","properties":{"level":996},"geometry":{"type":"LineString","coordinates":[[126.75,-47.5],[127.04,-47.5],[127.0,-47.71],[126.75,-47.5]]}},{"type":"Feature","properties":{"level":996},"geometry":{"type":"LineString","coordinates":[[-121.5,20.68],[-122.1,21.5],[-122.0,22.46],[-121.25,22.93],[-120.25,22.76],[-119.67,22.0],[-119.74,21.25],[-120.5,20.59],[-121.5,20.68]]}},{"type":"Feature","properties":{"level":996},"geometry":{"type":"LineString","coordinates":[[-50.75,51.99],[-52.5,52.61],[-53.68,53.5],[-55.5,54.4],[-56.73,55.5],[-57.08,56.25],[-57.03,57.25],[-56.0,58.57],[-54.0,59.66],[-51.5,60.08],[-49.25,59.39],[-46.5,58.17],[-44.64,57.75],[-45.12,57.5],[-44.17,57.25],[-44.96,57.0],[-45.72,54.0],[-46.54,53.0],[-48.5,51.98],[-49.75,51.76],[-50.75,51.99]]}},{"type":"Feature","properties":{"level":996},"geometry":{"type":"LineString","coordinates":[[-80.25,54.21],[-80.09,54.25],[-80.25,54.21]]}},{"type":"Feature","properties":{"level":996},"geometry":{"type":"LineString","coordinates":[[180.0,54.15],[178.38,53.0],[177.14,52.5],[176.5,52.34],[176.0,52.5],[175.5,52.15],[174.5,52.14],[172.36,51.25],[169.0,48.46],[166.88,44.0],[164.5,42.32],[163.0,41.81],[161.5,41.71],[158.75,42.37],[157.74,44.0],[157.63,46.0],[158.15,47.75],[157.61,49.0],[157.88,50.0],[157.1,51.25],[157.34,52.25],[157.0,52.89],[155.5,53.42],[149.5,52.96],[145.0,53.54],[143.0,54.19],[141.5,55.04],[139.91,56.25],[139.2,57.25],[139.86,58.0],[139.91,58.75],[140.55,60.0],[140.55,60.5],[142.0,61.37],[144.75,62.07],[145.25,62.49],[146.0,62.64],[146.34,63.5],[146.75,63.87],[148.5,63.64],[150.75,64.43],[152.25,65.54],[153.5,65.99],[155.75,66.21],[156.25,66.61],[158.0,67.05],[161.75,67.29],[162.5,67.53],[165.5,67.25],[168.0,65.93],[169.68,65.75],[170.0,65.48],[172.62,65.25],[174.06,64.25],[173.27,63.75],[173.41,63.5],[174.35,63.25],[174.39,62.75],[177.1,61.25],[178.5,60.12],[179.55,59.0],[179.52,58.75],[180.0,58.55]]}},{"type":"Feature","properties":{"level":996},"geometry":{"type":"LineString","coordinates":[[-180.0,58.55],[-179.23,57.0],[-179.39,55.75],[-180.0,54.15]]}},{"type":"Feature","properties":{"level":996},"geometry":{"type":"LineString","coordinates":[[-41.25,59.24],[-40.5,59.84],[-38.5,60.18],[-36.75,59.88],[-36.25,60.03],[-35.66,59.75],[-36.25,59.34],[-41.25,59.24]]}},{"type":"Feature","properties":{"level":996},"geometry":{"type":"LineString","coordinates":[[66.25,60.72],[63.75,61.42],[59.5,62.0],[57.5,62.96],[51.25,64.62],[48.25,65.88],[32.0,69.1],[27.5,70.26],[27.0,70.65],[25.0,70.99],[18.75,72.75],[16.21,73.75],[12.98,75.75],[12.1,76.75],[11.91,77.75],[12.25,78.16],[13.5,78.17],[14.83,78.75],[18.0,78.91],[19.02,79.5],[19.07,79.75],[20.48,80.25],[20.17,80.75],[20.58,81.0],[23.8,81.75],[37.0,83.01],[48.25,83.52],[70.5,83.84],[95.0,83.27],[107.5,82.25],[111.92,81.5],[113.46,80.75],[111.5,80.03],[104.5,79.21],[100.0,79.17],[98.5,79.56],[94.5,79.57],[92.75,79.13],[83.67,78.0],[78.71,76.75],[76.25,75.21],[71.83,70.75],[70.93,69.25],[68.93,66.75],[68.82,63.5],[68.39,62.5],[67.57,61.25],[66.75,60.75],[66.25,60.72]]}},{"type":"Feature","properties":{"level":1000},"geometry":{"type":"LineString","coordinates":[[180.0,-88.27],[159.0,-88.18],[139.76,-87.75],[134.25,-87.4],[127.57,-86.5],[127.44,-86.0],[126.85,-85.75],[127.09,-85.5],[131.0,-84.85],[138.0,-84.93],[143.75,-85.36],[149.5,-85.03],[153.5,-85.32],[159.29,-85.0],[156.11,-84.5],[156.23,-84.25],[157.53,-84.0],[152.33,-83.25],[155.71,-83.0],[152.75,-82.63],[151.25,-82.11],[148.1,-82.0],[147.92,-81.75],[148.16,-81.5],[148.05,-81.25],[149.25,-80.43],[152.5,-79.95],[155.2,-80.25],[155.39,-80.0],[155.25,-79.71],[155.72,-79.5],[154.5,-79.39],[154.07,-78.75],[155.75,-78.38],[157.75,-78.33],[158.39,-77.25],[154.25,-76.61],[151.0,-76.39],[149.04,-75.75],[146.24,-75.25],[138.75,-75.15],[138.2,-75.0],[137.78,-74.25],[135.5,-72.63],[133.37,-72.0],[126.5,-72.23],[121.77,-73.25],[115.25,-73.94],[108.0,-73.13],[101.75,-71.57],[96.0,-71.87],[88.5,-73.86],[85.5,-74.06],[84.1,-74.75],[78.5,-76.62],[65.75,-77.22],[63.5,-77.01],[61.25,-76.0],[59.25,-75.9],[55.64,-74.75],[56.5,-74.25],[57.0,-73.13],[57.58,-72.5],[57.63,-71.75],[58.05,-71.5],[57.98,-70.75],[56.75,-70.63],[45.25,-72.09],[38.25,-72.66],[35.5,-73.25],[32.25,-73.55],[26.5,-73.2],[23.75,-73.55],[8.11,-73.25],[8.64,-74.25],[11.34,-75.0],[28.5,-77.42],[37.0,-78.0],[38.37,-78.25],[40.55,-79.5],[40.64,-80.0],[40.18,-80.75],[37.92,-82.0],[35.75,-82.59],[30.93,-83.25],[29.99,-83.75],[28.09,-84.25],[26.89,-84.25],[27.31,-84.0],[26.0,-83.95],[-3.0,-84.3],[-8.0,-84.12],[-17.97,-84.75],[-23.0,-85.76],[-25.25,-85.79],[-27.5,-85.49],[-77.5,-87.4],[-131.18,-88.25],[-180.0,-88.27]]}},{"type":"Feature","properties":{"level":1000},"geometry":{"type":"LineString","coordinates":[[-169.37,-86.0],[-167.7,-86.0],[-169.37,-86.0]]}},{"type":"Feature","properties":{"level":1000},"geometry":{"type":"LineString","coordinates":[[6.81,-82.5],[13.5,-82.71],[15.86,-82.5],[17.19,-82.25],[17.37,-82.0],[15.5,-81.57],[9.25,-81.15],[0.0,-81.46],[-5.0,-80.88],[-9.0,-80.76],[-12.16,-81.0],[-11.0,-81.28],[-7.32,-81.5],[-7.67,-81.75],[-6.5,-82.09],[0.75,-82.05],[6.81,-82.5]]}},{"type":"Feature","properties":{"level":1000},"geometry":{"type":"LineString","coordinates":[[-5.16,-79.25],[-3.73,-79.25],[-5.16,-79.25]]}},{"type":"Feature","properties":{"level":1000},"geometry":{"type":"LineString","coordinates":[[-3.26,-78.5],[-2.38,-78.5],[-1.9,-78.25],[-3.26,-78.5]]}},{"type":"Feature","properties":{"level":1000},"geometry":{"type":"LineString","coordinates":[[-6.07,-78.25],[-4.75,-78.4],[-4.19,-78.25],[-6.07,-78.25]]}},{"type":"Feature","properties":{"level":1000},"geometry":{"type":"LineString","coordinates":[[160.31,-74.0],[161.43,-74.0],[161.25,-73.65],[160.5,-73.55],[160.01,-73.75],[160.31,-74.0]]}},{"type":"Feature","properties":{"level":1000},"geometry":{"type":"LineString","coordinates":[[-180.0,-58.32],[-173.25,-56.31],[-163.25,-54.37],[-162.71,-53.75],[-155.25,-54.19],[-150.75,-54.19],[-145.75,-53.99],[-142.5,-53.42],[-138.75,-54.27],[-137.0,-54.22],[-135.2,-53.0],[-133.11,-49.5],[-132.69,-49.25],[-132.25,-48.25],[-131.0,-46.71],[-129.41,-45.25],[-125.75,-43.34],[-123.5,-42.65],[-121.75,-42.48],[-118.75,-42.47],[-114.5,-43.87],[-110.0,-45.9],[-109.75,-45.63],[-109.5,-45.73],[-105.57,-50.75],[-102.9,-53.25],[-101.0,-54.63],[-97.17,-56.75],[-92.95,-59.5],[-91.01,-60.0],[-79.75,-61.4],[-76.75,-62.05],[-73.75,-62.2],[-70.75,-62.06],[-64.75,-61.14],[-58.5,-60.62],[-54.75,-60.85],[-48.75,-61.92],[-46.25,-61.91],[-41.0,-61.17],[-36.0,-60.04],[-30.0,-57.67],[-22.51,-52.75],[-17.75,-50.34],[-13.25,-48.85],[-6.0,-47.01],[-4.74,-46.5],[-3.07,-45.0],[-2.36,-43.75],[-2.3,-42.5],[-2.61,-41.75],[-2.23,-40.75],[-2.0,-40.72],[1.5,-40.84],[6.0,-41.55],[8.46,-42.25],[14.0,-44.66],[18.25,-47.14],[24.0,-51.56],[26.0,-53.46],[27.7,-54.5],[28.75,-54.83],[31.5,-55.32],[36.0,-55.54],[52.25,-54.94],[56.25,-55.55],[58.75,-55.67],[61.5,-55.51],[64.46,-55.0],[67.5,-54.03],[71.5,-53.16],[73.25,-53.14],[73.75,-52.85],[82.0,-52.02],[97.0,-49.33],[99.29,-48.5],[101.1,-47.25],[104.59,-43.5],[106.34,-42.0],[107.75,-41.01],[109.25,-40.44],[114.5,-41.05],[118.25,-42.38],[121.99,-43.25],[124.0,-42.96],[124.5,-43.12],[125.25,-42.16],[127.5,-42.96],[128.25,-42.93],[129.25,-43.28],[131.32,-44.75],[132.01,-45.75],[132.59,-46.0],[134.75,-48.13],[138.75,-51.38],[146.87,-55.75],[151.75,-57.58],[157.5,-58.66],[168.5,-59.64],[175.0,-59.4],[180.0,-58.32]]}},{"type":"Feature","properties":{"level":1000},"geometry":{"type":"LineString","coordinates":[[-62.25,-27.85],[-62.25,-27.65],[-61.73,-27.75],[-62.25,-27.85]]}},{"type":"Feature","properties":{"level":1000},"geometry":{"type":"LineString","coordinates":[[-62.5,-27.61],[-64.27,-26.75],[-64.41,-26.25],[-64.96,-25.75],[-64.97,-25.25],[-65.61,-25.5],[-65.29,-24.0],[-64.67,-23.5],[-64.82,-21.5],[-64.54,-21.25],[-64.81,-21.0],[-64.48,-20.75],[-64.73,-20.5],[-64.24,-20.0],[-64.25,-18.91],[-65.36,-18.5],[-65.0,-18.11],[-64.0,-18.7],[-62.75,-17.84],[-61.75,-18.59],[-61.25,-18.32],[-60.25,-19.55],[-59.77,-20.75],[-59.58,-21.75],[-59.75,-22.67],[-61.8,-24.5],[-61.85,-25.0],[-61.46,-25.25],[-62.74,-26.5],[-62.5,-27.61]]}},{"type":"Feature","properties":{"level":1000},"geometry":{"type":"LineString","coordinates":[[-121.25,20.23],[-122.49,21.0],[-122.68,21.5],[-122.57,22.25],[-121.75,23.13],[-121.0,23.32],[-120.25,23.21],[-119.26,22.25],[-119.15,21.25],[-120.0,20.3],[-121.25,20.23]]}},{"type":"Feature","properties":{"level":1000},"geometry":{"type":"LineString","coordinates":[[159.25,27.74],[158.96,28.0],[158.96,28.5],[159.5,28.82],[159.84,28.75],[160.03,28.0],[159.25,27.74]]}},{"type":"Feature","properties":{"level":1000},"geometry":{"type":"LineString","coordinates":[[-50.75,50.69],[-53.34,51.75],[-55.68,53.25],[-56.9,54.25],[-57.83,55.5],[-58.29,56.5],[-58.32,57.5],[-57.87,58.5],[-56.75,59.65],[-54.5,60.66],[-53.0,61.03],[-51.25,61.05],[-49.0,60.71],[-48.25,60.97],[-48.0,61.58],[-47.5,61.2],[-45.5,61.2],[-44.5,60.32],[-43.25,59.79],[-42.5,59.84],[-39.75,60.81],[-37.0,61.09],[-33.0,60.43],[-31.97,59.5],[-31.94,58.75],[-32.25,58.31],[-34.4,57.25],[-37.75,57.25],[-39.75,56.75],[-43.0,54.38],[-44.6,52.5],[-46.22,51.5],[-48.5,50.81],[-50.75,50.69]]}},{"type":"Feature","properties":{"level":1000},"geometry":{"type":"LineString","coordinates":[[-79.0,51.0],[-79.5,51.46],[-82.5,51.9],[-85.5,53.5],[-87.82,55.0],[-91.75,58.15],[-95.17,60.0],[-95.82,60.75],[-95.75,61.61],[-94.75,61.85],[-92.75,61.49],[-88.25,58.63],[-84.25,57.56],[-79.75,56.82],[-76.75,55.77],[-76.05,53.5],[-76.48,51.75],[-77.5,51.1],[-79.0,51.0]]}},{"type":"Feature","properties":{"level":1000},"geometry":{"type":"LineString","coordinates":[[180.0,52.23],[176.75,51.0],[174.5,50.51],[172.0,49.21],[170.75,48.25],[169.82,47.0],[169.37,46.75],[168.72,45.25],[167.75,44.09],[165.25,42.03],[162.75,41.02],[160.25,41.08],[159.0,41.39],[158.25,41.87],[156.98,43.5],[156.39,45.75],[156.12,49.0],[155.47,50.0],[155.76,50.5],[155.65,50.75],[153.5,51.84],[147.75,52.32],[143.0,53.39],[140.53,54.5],[137.82,57.25],[138.57,58.0],[138.26,58.75],[137.91,59.0],[137.98,59.25],[138.5,59.65],[139.16,59.75],[139.48,60.5],[140.5,61.45],[141.44,61.5],[141.5,62.07],[143.37,62.25],[143.66,63.25],[144.0,63.51],[144.75,63.67],[146.0,64.53],[148.0,64.39],[148.25,64.71],[150.2,65.25],[151.5,66.13],[154.0,67.14],[157.42,68.0],[159.62,69.0],[161.25,69.38],[163.0,68.88],[164.75,68.87],[165.33,68.5],[167.75,67.93],[168.5,67.96],[172.75,66.57],[174.75,66.55],[174.75,65.74],[176.0,65.69],[178.5,64.18],[179.16,63.5],[179.26,62.5],[180.0,61.4]]}},{"type":"Feature","properties":{"level":1000},"geometry":{"type":"LineString","coordinates":[[66.25,58.25],[63.75,58.59],[59.23,60.0],[58.5,60.5],[49.75,63.06],[44.5,65.13],[33.75,67.4],[33.25,67.8],[25.0,69.58],[23.5,70.21],[15.96,72.0],[12.7,73.5],[10.34,75.0],[8.06,77.25],[7.91,78.25],[8.29,78.75],[9.25,79.25],[13.51,79.5],[12.95,80.0],[13.14,80.5],[15.54,81.75],[21.5,82.94],[38.25,84.31],[63.5,84.92],[91.5,84.6],[112.5,83.4],[118.18,82.75],[123.11,81.75],[126.4,80.5],[127.25,79.97],[127.84,79.25],[128.03,78.25],[127.73,77.25],[127.25,76.92],[125.25,76.44],[122.75,76.42],[108.5,77.56],[100.75,77.89],[91.25,77.21],[84.0,75.75],[81.63,74.75],[78.25,72.81],[74.0,69.53],[72.8,67.75],[72.1,66.0],[71.95,63.5],[70.75,60.32],[69.91,59.5],[68.23,58.5],[66.25,58.25]]}},{"type":"Feature","properties":{"level":1000},"geometry":{"type":"LineString","coordinates":[[-180.0,61.4],[-178.31,58.5],[-178.27,57.5],[-177.96,57.0],[-178.17,54.75],[-178.48,54.0],[-180.0,52.23]]}},{"type":"Feature","properties":{"level":1000},"geometry":{"type":"LineString","coordinates":[[-54.25,64.97],[-54.49,65.25],[-54.25,65.38],[-53.54,65.25],[-53.39,65.0],[-54.25,64.97]]}},{"type":"Feature","properties":{"level":1000},"geometry":{"type":"LineString","coordinates":[[134.5,71.7],[132.94,72.25],[132.32,72.75],[132.41,73.25],[133.03,74.0],[135.5,74.29],[137.5,74.22],[139.29,73.75],[139.79,73.25],[139.12,72.5],[137.75,71.92],[134.5,71.7]]}},{"type":"Feature","properties":{"level":1000},"geometry":{"type":"LineString","coordinates":[[162.5,75.47],[161.97,75.75],[162.25,76.25],[163.4,76.25],[164.05,75.75],[163.5,75.38],[162.5,75.47]]}},{"type":"Feature","properties":{"level":1004},"geometry":{"type":"LineString","coordinates":[[180.0,-88.76],[167.25,-88.74],[135.75,-88.09],[130.11,-87.75],[121.94,-86.75],[121.0,-85.89],[120.8,-85.5],[120.94,-85.25],[121.58,-84.75],[123.25,-84.39],[125.25,-84.6],[136.0,-84.19],[146.25,-84.73],[154.38,-84.25],[154.4,-84.0],[154.0,-83.89],[150.75,-83.4],[150.36,-83.0],[150.76,-82.75],[150.75,-82.49],[145.75,-82.38],[144.14,-82.0],[144.43,-81.25],[146.85,-80.75],[148.5,-79.91],[152.47,-79.5],[152.02,-79.25],[152.17,-79.0],[153.25,-78.22],[155.75,-77.68],[155.89,-78.0],[157.0,-78.24],[157.5,-78.12],[157.75,-77.75],[154.25,-76.98],[148.75,-76.83],[144.75,-76.3],[144.06,-76.5],[143.0,-77.64],[142.32,-78.0],[140.25,-78.05],[138.02,-77.75],[136.61,-77.25],[136.6,-77.0],[137.54,-76.75],[137.69,-76.5],[136.5,-75.85],[136.57,-75.25],[136.24,-74.5],[134.75,-73.35],[132.5,-72.44],[129.5,-72.3],[126.03,-72.5],[123.0,-73.43],[115.5,-74.26],[108.0,-73.38],[102.25,-72.04],[97.5,-72.32],[95.94,-72.5],[90.41,-73.75],[89.25,-74.29],[83.75,-75.32],[81.21,-76.5],[79.25,-77.02],[65.5,-77.64],[62.25,-77.27],[61.0,-76.38],[58.0,-76.06],[54.47,-75.0],[54.0,-74.5],[55.77,-73.5],[56.36,-72.5],[56.45,-71.75],[56.0,-71.23],[55.5,-71.14],[39.5,-72.92],[35.25,-73.72],[32.5,-73.95],[28.5,-73.82],[26.75,-73.46],[20.75,-74.03],[13.75,-73.62],[10.25,-73.66],[9.23,-74.0],[10.75,-74.54],[17.5,-75.8],[29.0,-77.32],[38.25,-77.99],[39.3,-78.25],[41.3,-79.5],[41.43,-80.25],[40.83,-81.0],[38.75,-82.21],[36.53,-83.0],[36.54,-83.25],[37.43,-83.75],[35.5,-84.53],[32.5,-85.0],[28.0,-85.2],[18.75,-84.91],[-4.5,-85.11],[-22.5,-86.32],[-37.75,-86.49],[-67.0,-87.59],[-102.5,-88.33],[-180.0,-88.76]]}},{"type":"Feature","properties":{"level":1004},"geometry":{"type":"LineString","coordinates":[[8.2,-82.25],[12.25,-82.41],[14.69,-82.0],[10.0,-81.54],[6.75,-81.75],[8.2,-82.25]]}},{"type":"Feature","properties":{"level":1004},"geometry":{"type":"LineString","coordinates":[[-10.56,-81.0],[-8.84,-81.0],[-10.56,-81.0]]}},{"type":"Feature","properties":{"level":1004},"geometry":{"type":"LineString","coordinates":[[160.23,-73.75],[161.0,-73.95],[161.31,-73.75],[160.23,-73.75]]}},{"type":"Feature","properties":{"level":1004},"geometry":{"type":"LineString","coordinates":[[-180.0,-57.28],[-166.0,-53.58],[-164.75,-52.71],[-152.5,-53.01],[-147.5,-52.66],[-143.0,-51.69],[-140.5,-51.73],[-138.5,-51.36],[-136.75,-50.21],[-132.02,-45.0],[-130.25,-43.5],[-126.25,-41.47],[-122.5,-40.69],[-117.5,-41.22],[-112.0,-42.59],[-111.5,-42.89],[-110.75,-42.93],[-110.75,-41.68],[-106.83,-47.25],[-104.8,-49.75],[-102.24,-52.25],[-98.84,-54.5],[-93.65,-56.75],[-91.8,-58.0],[-89.5,-58.78],[-84.0,-59.87],[-74.0,-61.0],[-70.75,-60.94],[-63.25,-60.03],[-57.0,-59.67],[-54.75,-59.73],[-49.75,-60.67],[-47.25,-60.78],[-44.5,-60.52],[-40.75,-59.79],[-32.0,-56.55],[-29.16,-55.0],[-25.41,-52.5],[-21.75,-50.52],[-8.2,-45.25],[-6.83,-44.0],[-6.76,-43.0],[-6.41,-42.75],[-6.86,-41.25],[-6.75,-39.84],[-6.5,-39.4],[-5.75,-38.95],[-2.5,-38.92],[-0.75,-39.04],[2.75,-39.76],[4.0,-39.88],[4.5,-39.67],[5.0,-40.11],[6.5,-40.45],[10.0,-41.89],[17.75,-45.83],[26.91,-52.5],[30.5,-54.1],[33.25,-54.46],[37.5,-54.58],[52.75,-54.0],[59.25,-54.59],[64.75,-53.73],[66.5,-53.1],[70.5,-52.45],[78.25,-51.79],[85.0,-50.72],[91.5,-49.17],[97.0,-47.63],[99.16,-46.5],[100.27,-45.75],[105.18,-41.0],[107.25,-39.68],[108.75,-39.37],[112.5,-39.27],[115.0,-39.41],[117.5,-39.95],[119.75,-39.9],[122.75,-37.88],[123.5,-38.04],[124.0,-37.88],[124.75,-38.23],[125.25,-38.07],[125.5,-38.37],[126.0,-38.31],[126.75,-38.63],[127.25,-39.19],[127.75,-39.21],[127.45,-39.5],[128.23,-40.0],[128.47,-40.5],[129.5,-41.09],[133.5,-45.2],[136.43,-47.5],[140.0,-50.75],[144.75,-53.51],[149.75,-55.55],[154.25,-56.91],[157.14,-57.5],[161.25,-58.15],[166.75,-58.65],[173.25,-58.57],[176.5,-58.12],[180.0,-57.28]]}},{"type":"Feature","properties":{"level":1004},"geometry":{"type":"LineString","coordinates":[[127.0,-38.2],[127.0,-37.93],[127.0,-38.2]]}},{"type":"Feature","properties":{"level":1004},"geometry":{"type":"LineString","coordinates":[[125.75,-37.61],[125.61,-37.5],[125.75,-37.61]]}},{"type":"Feature","properties":{"level":1004},"geometry":{"type":"LineString","coordinates":[[126.5,-37.18],[126.29,-37.0],[126.75,-36.69],[126.79,-37.0],[126.5,-37.18]]}},{"type":"Feature","properties":{"level":1004},"geometry":{"type":"LineString","coordinates":[[128.5,-36.75],[127.75,-36.37],[127.5,-35.77],[126.5,-36.42],[126.68,-36.0],[126.5,-35.89],[125.75,-36.23],[125.69,-35.25],[125.21,-34.75],[126.25,-33.29],[126.75,-33.19],[127.0,-33.47],[127.25,-32.76],[127.75,-32.91],[128.39,-33.75],[128.6,-35.25],[128.0,-35.15],[127.84,-35.5],[128.5,-36.75]]}},{"type":"Feature","properties":{"level":1004},"geometry":{"type":"LineString","coordinates":[[-56.25,-34.63],[-56.43,-34.5],[-56.25,-34.39],[-56.25,-34.63]]}},{"type":"Feature","properties":{"level":1004},"geometry":{"type":"LineString","coordinates":[[-57.75,-32.62],[-57.75,-32.38],[-57.52,-32.5],[-57.75,-32.62]]}},{"type":"Feature","properties":{"level":1004},"geometry":{"type":"LineString","coordinates":[[-61.0,-30.81],[-62.25,-29.9],[-63.75,-30.07],[-63.65,-29.5],[-64.15,-29.0],[-64.59,-28.0],[-65.25,-28.1],[-65.88,-27.5],[-65.35,-26.75],[-65.5,-26.28],[-66.77,-27.5],[-66.06,-27.75],[-66.25,-28.53],[-66.75,-28.41],[-67.25,-28.67],[-67.67,-28.5],[-67.88,-27.75],[-67.75,-27.18],[-67.25,-27.74],[-67.0,-27.05],[-66.43,-26.75],[-66.12,-26.25],[-66.43,-25.75],[-66.42,-25.25],[-66.0,-24.53],[-65.49,-24.5],[-65.67,-23.75],[-64.89,-23.25],[-65.13,-22.75],[-65.0,-21.44],[-65.84,-23.0],[-65.75,-23.62],[-66.0,-23.81],[-66.23,-23.5],[-65.82,-21.5],[-65.48,-21.25],[-65.5,-20.99],[-65.75,-20.97],[-65.82,-20.25],[-65.5,-19.89],[-65.12,-20.0],[-65.27,-20.5],[-65.0,-20.78],[-64.95,-20.25],[-64.65,-20.0],[-64.87,-19.75],[-64.75,-19.18],[-65.25,-19.5],[-65.51,-19.25],[-65.5,-18.75],[-65.89,-18.5],[-66.43,-17.5],[-65.99,-17.5],[-65.75,-17.87],[-64.25,-17.97],[-64.02,-17.75],[-65.55,-17.0],[-67.0,-15.42],[-67.75,-15.76],[-68.0,-15.6],[-67.72,-15.25],[-67.86,-14.75],[-68.5,-13.81],[-71.35,-12.75],[-71.51,-12.25],[-72.18,-11.75],[-71.75,-11.41],[-71.79,-11.0],[-72.25,-10.8],[-72.55,-11.0],[-72.36,-11.5],[-73.25,-11.62],[-74.0,-10.36],[-74.31,-9.25],[-74.75,-8.66],[-75.0,-8.54],[-75.25,-8.76],[-75.5,-8.55],[-75.84,-7.25],[-75.37,-7.0],[-75.25,-5.96],[-74.75,-7.59],[-74.09,-7.75],[-73.75,-8.7],[-73.0,-8.87],[-73.07,-8.5],[-73.74,-8.25],[-73.48,-8.0],[-73.5,-7.34],[-73.4,-7.75],[-72.75,-7.76],[-72.69,-7.25],[-71.75,-6.25],[-71.71,-6.75],[-71.5,-6.82],[-70.75,-6.12],[-70.5,-6.08],[-70.61,-6.5],[-70.25,-6.59],[-68.75,-6.17],[-68.75,-6.72],[-69.0,-6.88],[-69.25,-6.64],[-69.25,-6.98],[-68.0,-7.37],[-67.39,-6.25],[-68.0,-6.4],[-68.13,-5.75],[-67.25,-4.84],[-66.47,-4.5],[-67.12,-4.25],[-66.81,-3.75],[-67.36,-2.0],[-66.37,-1.5],[-66.7,-1.0],[-66.5,-0.41],[-65.56,-0.75],[-65.75,-0.17],[-66.03,-0.25],[-65.78,0.25],[-65.25,0.12],[-64.5,1.2],[-63.25,0.67],[-63.02,1.0],[-63.92,1.5],[-63.91,1.75],[-63.0,1.97],[-62.94,1.5],[-62.5,1.05],[-62.0,1.26],[-61.79,1.0],[-62.48,0.5],[-62.25,0.0],[-62.59,-0.25],[-62.21,-0.75],[-62.24,-1.25],[-62.0,-1.41],[-61.5,-1.11],[-61.0,-1.37],[-60.25,-0.87],[-60.0,-1.11],[-59.5,-0.84],[-59.0,-0.05],[-58.73,0.0],[-58.75,0.45],[-59.07,0.5],[-58.75,0.51],[-58.25,1.13],[-58.0,0.79],[-57.75,0.81],[-57.64,1.25],[-58.0,1.78],[-57.25,1.82],[-57.06,2.5],[-56.75,2.56],[-56.42,2.25],[-56.6,1.75],[-55.93,1.5],[-55.19,-0.75],[-54.25,-0.97],[-54.41,-1.5],[-53.5,-1.4],[-53.67,-1.75],[-53.07,-2.0],[-53.49,-2.5],[-53.5,-3.0],[-53.19,-3.75],[-52.5,-4.16],[-51.87,-5.5],[-52.24,-5.75],[-51.75,-6.23],[-51.76,-6.5],[-51.25,-6.58],[-51.22,-7.0],[-51.5,-7.39],[-52.0,-7.24],[-52.42,-7.5],[-52.21,-8.0],[-52.3,-8.75],[-53.73,-9.25],[-53.75,-9.55],[-52.75,-9.49],[-52.67,-9.75],[-53.0,-10.15],[-53.5,-10.06],[-53.73,-10.25],[-53.76,-10.75],[-53.18,-11.0],[-53.25,-12.2],[-53.82,-12.0],[-54.5,-10.67],[-55.0,-10.56],[-55.75,-10.78],[-56.25,-10.32],[-56.75,-10.15],[-57.0,-10.32],[-57.25,-9.97],[-58.23,-10.5],[-57.44,-11.0],[-56.9,-12.0],[-57.0,-12.61],[-57.25,-12.03],[-57.87,-11.75],[-57.46,-12.25],[-57.5,-12.96],[-57.75,-12.27],[-58.1,-12.25],[-58.0,-12.0],[-58.45,-11.5],[-58.61,-11.0],[-58.29,-10.5],[-58.75,-9.46],[-59.0,-10.15],[-60.0,-10.15],[-60.26,-11.0],[-60.5,-11.28],[-60.84,-11.25],[-60.45,-12.0],[-60.6,-12.75],[-59.17,-15.0],[-59.15,-15.75],[-58.89,-15.75],[-58.75,-15.3],[-58.22,-15.25],[-57.85,-14.5],[-57.25,-14.27],[-56.8,-14.5],[-56.81,-14.75],[-57.71,-16.25],[-57.5,-16.42],[-57.25,-16.05],[-56.56,-15.75],[-56.52,-15.0],[-56.0,-14.51],[-55.56,-14.75],[-56.24,-15.0],[-55.25,-16.73],[-55.0,-16.42],[-54.84,-16.5],[-55.25,-17.45],[-55.77,-17.5],[-55.82,-18.0],[-56.38,-18.75],[-56.46,-20.25],[-56.86,-20.5],[-57.27,-21.5],[-56.76,-22.25],[-56.82,-23.0],[-57.11,-23.75],[-57.67,-24.25],[-57.5,-24.49],[-56.96,-24.25],[-57.06,-24.75],[-57.39,-24.75],[-57.5,-24.53],[-57.92,-25.0],[-57.36,-25.75],[-57.35,-26.25],[-57.77,-26.75],[-57.75,-27.45],[-58.19,-27.5],[-57.71,-28.5],[-58.11,-29.0],[-58.5,-30.4],[-59.75,-30.94],[-61.0,-30.81]]}},{"type":"Feature","properties":{"level":1004},"geometry":{"type":"LineString","coordinates":[[-58.07,-27.0],[-57.78,-27.0],[-58.07,-27.0]]}},{"type":"Feature","properties":{"level":1004},"geometry":{"type":"LineString","coordinates":[[-56.0,-17.25],[-56.0,-16.96],[-56.0,-17.25]]}},{"type":"Feature","properties":{"level":1004},"geometry":{"type":"LineString","coordinates":[[-59.52,-16.0],[-59.27,-16.0],[-59.52,-16.0]]}},{"type":"Feature","properties":{"level":1004},"geometry":{"type":"LineString","coordinates":[[-60.56,-14.75],[-60.38,-14.75],[-60.5,-13.39],[-61.02,-13.75],[-60.56,-14.75]]}},{"type":"Feature","properties":{"level":1004},"geometry":{"type":"LineString","coordinates":[[-50.0,-12.47],[-50.5,-11.48],[-49.75,-11.61],[-49.71,-12.25],[-50.0,-12.47]]}},{"type":"Feature","properties":{"level":1004},"geometry":{"type":"LineString","coordinates":[[-63.86,-11.5],[-63.75,-11.66],[-63.42,-11.5],[-63.75,-11.35],[-63.86,-11.5]]}},{"type":"Feature","properties":{"level":1004},"geometry":{"type":"LineString","coordinates":[[-70.72,-11.0],[-70.5,-11.21],[-70.39,-11.0],[-70.72,-11.0]]}},{"type":"Feature","properties":{"level":1004},"geometry":{"type":"LineString","coordinates":[[-63.92,-10.75],[-63.75,-10.96],[-63.4,-10.75],[-63.75,-10.24],[-63.92,-10.75]]}},{"type":"Feature","properties":{"level":1004},"geometry":{"type":"LineString","coordinates":[[-49.75,-10.81],[-49.5,-10.75],[-49.75,-10.81]]}},{"type":"Feature","properties":{"level":1004},"geometry":{"type":"LineString","coordinates":[[-54.29,-10.5],[-53.83,-10.5],[-54.0,-10.24],[-54.29,-10.5]]}},{"type":"Feature","properties":{"level":1004},"geometry":{"type":"LineString","coordinates":[[-75.0,-10.15],[-75.26,-9.75],[-75.25,-9.31],[-75.0,-9.25],[-75.0,-10.15]]}},{"type":"Feature","properties":{"level":1004},"geometry":{"type":"LineString","coordinates":[[-54.7,-9.75],[-54.43,-9.75],[-54.49,-9.0],[-55.55,-8.25],[-55.75,-7.67],[-56.0,-7.68],[-55.75,-8.0],[-56.0,-8.11],[-56.5,-8.0],[-56.67,-7.5],[-57.0,-7.56],[-57.1,-8.5],[-56.75,-8.77],[-55.71,-8.75],[-54.7,-9.75]]}},{"type":"Feature","properties":{"level":1004},"geometry":{"type":"LineString","coordinates":[[-62.62,-9.5],[-62.5,-9.68],[-62.33,-9.5],[-62.62,-9.5]]}},{"type":"Feature","properties":{"level":1004},"geometry":{"type":"LineString","coordinates":[[-68.28,-9.25],[-67.91,-8.75],[-68.0,-8.49],[-68.4,-8.75],[-68.28,-9.25]]}},{"type":"Feature","properties":{"level":1004},"geometry":{"type":"LineString","coordinates":[[-55.92,-9.25],[-55.61,-9.25],[-55.92,-9.25]]}},{"type":"Feature","properties":{"level":1004},"geometry":{"type":"LineString","coordinates":[[-62.77,-9.0],[-62.37,-9.0],[-62.5,-8.76],[-62.77,-9.0]]}},{"type":"Feature","properties":{"level":1004},"geometry":{"type":"LineString","coordinates":[[-72.15,-8.5],[-72.0,-8.73],[-71.86,-8.5],[-72.0,-7.87],[-72.15,-8.5]]}},{"type":"Feature","properties":{"level":1004},"geometry":{"type":"LineString","coordinates":[[-63.08,-8.5],[-62.9,-8.5],[-63.0,-8.23],[-63.08,-8.5]]}},{"type":"Feature","properties":{"level":1004},"geometry":{"type":"LineString","coordinates":[[-53.03,-8.5],[-52.86,-8.5],[-53.03,-8.5]]}},{"type":"Feature","properties":{"level":1004},"geometry":{"type":"LineString","coordinates":[[-47.75,-8.68],[-47.75,-8.46],[-47.42,-8.5],[-47.75,-8.68]]}},{"type":"Feature","properties":{"level":1004},"geometry":{"type":"LineString","coordinates":[[-62.31,-8.25],[-62.13,-8.25],[-62.31,-8.25]]}},{"type":"Feature","properties":{"level":1004},"geometry":{"type":"LineString","coordinates":[[-71.26,-8.0],[-71.0,-8.17],[-70.7,-7.5],[-71.26,-8.0]]}},{"type":"Feature","properties":{"level":1004},"geometry":{"type":"LineString","coordinates":[[-54.92,-8.0],[-54.5,-8.09],[-54.25,-7.74],[-54.5,-7.6],[-54.92,-8.0]]}},{"type":"Feature","properties":{"level":1004},"geometry":{"type":"LineString","coordinates":[[-52.94,-8.0],[-52.73,-8.0],[-52.94,-8.0]]}},{"type":"Feature","properties":{"level":1004},"geometry":{"type":"LineString","coordinates":[[-61.05,-6.75],[-60.9,-6.75],[-61.05,-6.75]]}},{"type":"Feature","properties":{"level":1004},"geometry":{"type":"LineString","coordinates":[[-76.25,-6.02],[-76.03,-6.0],[-76.25,-6.02]]}},{"type":"Feature","properties":{"level":1004},"geometry":{"type":"LineString","coordinates":[[-74.75,-6.01],[-75.12,-5.75],[-74.25,-5.17],[-73.56,-5.75],[-73.75,-6.09],[-74.25,-5.61],[-74.75,-6.01]]}},{"type":"Feature","properties":{"level":1004},"geometry":{"type":"LineString","coordinates":[[-67.31,-6.0],[-67.25,-6.14],[-67.31,-6.0]]}},{"type":"Feature","properties":{"level":1004},"geometry":{"type":"LineString","coordinates":[[-66.61,-6.0],[-66.25,-6.25],[-66.25,-5.71],[-66.61,-6.0]]}},{"type":"Feature","properties":{"level":1004},"geometry":{"type":"LineString","coordinates":[[-61.53,-6.0],[-61.12,-6.0],[-61.53,-6.0]]}},{"type":"Feature","properties":{"level":1004},"geometry":{"type":"LineString","coordinates":[[-68.25,-4.76],[-68.0,-4.38],[-67.7,-4.5],[-67.72,-4.75],[-68.25,-4.76]]}},{"type":"Feature","properties":{"level":1004},"geometry":{"type":"LineString","coordinates":[[-63.81,-4.5],[-63.25,-4.56],[-63.16,-4.25],[-63.5,-4.12],[-63.81,-4.5]]}},{"type":"Feature","properties":{"level":1004},"geometry":{"type":"LineString","coordinates":[[-43.0,-4.25],[-42.75,-3.92],[-42.75,-4.24],[-43.0,-4.25]]}},{"type":"Feature","properties":{"level":1004},"geometry":{"type":"LineString","coordinates":[[-64.45,-3.5],[-64.25,-3.67],[-64.08,-3.5],[-64.25,-3.28],[-64.45,-3.5]]}},{"type":"Feature","properties":{"level":1004},"geometry":{"type":"LineString","coordinates":[[-63.41,-3.25],[-62.75,-3.33],[-62.64,-3.0],[-63.0,-2.92],[-63.41,-3.25]]}},{"type":"Feature","properties":{"level":1004},"geometry":{"type":"LineString","coordinates":[[-66.95,-2.5],[-66.5,-2.72],[-66.34,-2.5],[-66.5,-2.31],[-66.95,-2.5]]}},{"type":"Feature","properties":{"level":1004},"geometry":{"type":"LineString","coordinates":[[-62.6,-2.5],[-62.5,-2.75],[-62.29,-2.5],[-62.6,-2.5]]}},{"type":"Feature","properties":{"level":1004},"geometry":{"type":"LineString","coordinates":[[-55.68,-2.25],[-55.24,-2.25],[-55.68,-2.25]]}},{"type":"Feature","properties":{"level":1004},"geometry":{"type":"LineString","coordinates":[[-64.55,-1.5],[-64.29,-1.25],[-64.75,-0.75],[-64.75,-0.19],[-65.48,-0.5],[-65.25,-1.11],[-64.55,-1.5]]}},{"type":"Feature","properties":{"level":1004},"geometry":{"type":"LineString","coordinates":[[-53.25,-1.27],[-52.91,-1.25],[-53.25,-1.27]]}},{"type":"Feature","properties":{"level":1004},"geometry":{"type":"LineString","coordinates":[[-62.86,-1.0],[-62.63,-1.0],[-62.86,-1.0]]}},{"type":"Feature","properties":{"level":1004},"geometry":{"type":"LineString","coordinates":[[-61.5,1.46],[-61.5,1.67],[-61.5,1.46]]}},{"type":"Feature","properties":{"level":1004},"geometry":{"type":"LineString","coordinates":[[-62.75,1.94],[-62.95,2.0],[-62.75,1.94]]}},{"type":"Feature","properties":{"level":1004},"geometry":{"type":"LineString","coordinates":[[-64.5,2.18],[-64.67,2.25],[-64.5,2.18]]}},{"type":"Feature","properties":{"level":1004},"geometry":{"type":"LineString","coordinates":[[-59.5,2.24],[-59.74,2.5],[-59.5,2.68],[-59.19,2.5],[-59.5,2.24]]}},{"type":"Feature","properties":{"level":1004},"geometry":{"type":"LineString","coordinates":[[-60.0,2.45],[-60.0,2.71],[-59.77,2.5],[-60.0,2.45]]}},{"type":"Feature","properties":{"level":1004},"geometry":{"type":"LineString","coordinates":[[145.0,12.7],[145.25,12.89],[145.46,12.75],[145.25,12.57],[145.0,12.7]]}},{"type":"Feature","properties":{"level":1004},"geometry":{"type":"LineString","coordinates":[[148.5,13.59],[148.32,13.75],[148.5,13.94],[148.76,13.75],[148.5,13.59]]}},{"type":"Feature","properties":{"level":1004},"geometry":{"type":"LineString","coordinates":[[155.0,14.31],[154.75,14.5],[155.25,14.59],[155.0,14.31]]}},{"type":"Feature","properties":{"level":1004},"geometry":{"type":"LineString","coordinates":[[-121.75,19.24],[-122.63,19.75],[-123.31,20.75],[-123.58,21.5],[-123.48,22.5],[-122.96,23.25],[-122.0,23.84],[-121.0,24.04],[-119.75,23.83],[-118.92,23.25],[-118.33,22.25],[-118.2,21.25],[-118.38,20.5],[-119.0,19.73],[-120.0,19.08],[-121.75,19.24]]}},{"type":"Feature","properties":{"level":1004},"geometry":{"type":"LineString","coordinates":[[158.75,27.38],[158.23,28.0],[158.43,28.75],[159.5,29.3],[160.25,29.05],[160.52,28.5],[160.36,27.75],[159.75,27.33],[158.75,27.38]]}},{"type":"Feature","properties":{"level":1004},"geometry":{"type":"LineString","coordinates":[[-81.0,47.0],[-82.78,48.25],[-82.75,48.54],[-81.5,48.69],[-81.6,49.0],[-82.5,49.44],[-84.0,49.31],[-85.95,49.75],[-86.4,50.0],[-85.97,50.5],[-86.0,51.11],[-88.75,52.23],[-89.24,52.75],[-89.28,53.25],[-91.5,54.81],[-94.75,55.84],[-95.99,56.75],[-95.93,57.25],[-96.48,57.5],[-96.95,58.25],[-98.3,59.0],[-101.11,62.75],[-100.5,63.15],[-97.0,63.41],[-92.0,62.83],[-85.85,60.75],[-78.5,58.72],[-76.5,57.85],[-75.25,56.98],[-74.0,56.0],[-72.79,54.5],[-73.83,51.5],[-75.1,49.5],[-75.9,48.75],[-78.5,47.45],[-80.75,46.83],[-81.0,47.0]]}},{"type":"Feature","properties":{"level":1004},"geometry":{"type":"LineString","coordinates":[[-52.75,49.73],[-54.76,50.25],[-57.37,51.5],[-57.32,52.25],[-58.25,54.0],[-58.8,54.25],[-58.89,54.5],[-58.55,54.75],[-59.67,56.25],[-59.91,57.25],[-59.63,59.25],[-58.09,61.75],[-56.76,65.75],[-55.75,66.7],[-54.5,67.35],[-52.25,67.14],[-51.56,67.5],[-52.25,67.72],[-52.75,68.53],[-54.5,68.74],[-54.86,69.25],[-54.75,69.59],[-53.5,69.14],[-51.5,69.64],[-50.5,69.61],[-50.02,69.25],[-49.98,69.0],[-51.1,68.5],[-51.0,68.08],[-50.23,67.75],[-51.18,67.25],[-50.74,67.0],[-50.67,66.5],[-51.86,66.25],[-51.0,65.99],[-50.0,65.94],[-49.22,66.5],[-49.0,67.12],[-48.47,67.25],[-48.25,67.77],[-47.25,67.53],[-46.91,66.75],[-47.12,65.25],[-47.44,64.75],[-47.2,64.5],[-47.32,64.0],[-46.91,63.5],[-47.57,62.75],[-46.25,61.89],[-44.5,61.42],[-44.26,60.75],[-43.87,60.5],[-42.5,60.64],[-40.75,61.42],[-39.25,61.68],[-37.25,61.92],[-36.0,61.54],[-34.75,61.71],[-31.25,60.94],[-30.0,60.04],[-28.49,58.25],[-29.51,57.0],[-31.25,56.33],[-31.75,55.9],[-35.0,54.74],[-36.5,54.55],[-37.0,54.07],[-39.75,53.47],[-42.0,52.42],[-44.25,50.94],[-46.25,50.1],[-50.0,49.53],[-52.75,49.73]]}},{"type":"Feature","properties":{"level":1004},"geometry":{"type":"LineString","coordinates":[[180.0,50.94],[178.5,50.2],[174.75,49.15],[172.5,48.25],[167.07,42.25],[163.5,40.45],[162.0,39.93],[159.75,40.16],[159.0,40.29],[157.0,41.35],[154.92,45.25],[154.5,48.65],[153.5,49.59],[151.75,50.56],[143.25,52.6],[140.0,53.76],[137.03,56.0],[137.36,56.5],[137.03,57.0],[137.27,57.5],[136.84,58.25],[136.84,59.5],[137.5,60.19],[138.25,60.41],[138.75,61.12],[139.75,61.47],[139.75,61.87],[140.46,62.5],[141.15,62.75],[140.77,63.25],[141.0,63.5],[143.25,64.14],[143.8,64.75],[147.0,65.03],[148.25,65.57],[149.0,65.57],[149.54,66.25],[149.67,67.0],[151.14,67.75],[151.75,68.48],[152.82,69.0],[153.27,69.75],[153.87,70.0],[153.25,70.64],[151.1,71.75],[149.26,72.25],[146.0,72.42],[139.5,70.97],[135.25,70.64],[129.5,71.42],[118.75,74.34],[111.5,74.93],[110.32,75.25],[108.75,76.07],[107.75,76.23],[104.25,76.4],[98.25,76.1],[91.0,75.21],[88.0,74.4],[82.25,72.37],[78.85,70.25],[77.62,69.0],[75.48,65.75],[75.13,65.0],[75.0,62.55],[73.87,60.5],[72.18,58.75],[69.75,57.3],[66.5,56.51],[60.75,57.42],[59.25,58.2],[55.83,59.0],[51.25,60.62],[49.24,61.0],[43.75,63.11],[39.5,64.42],[30.5,66.54],[25.5,68.13],[23.0,68.6],[20.56,68.75],[20.31,69.75],[16.0,70.45],[13.16,71.25],[10.5,72.44],[6.91,74.75],[4.44,77.0],[3.97,77.75],[3.83,78.5],[4.18,79.5],[5.41,80.25],[6.47,81.25],[9.55,82.75],[14.25,83.8],[22.75,84.78],[34.25,85.47],[51.25,85.96],[69.0,86.09],[85.5,85.91],[106.75,85.15],[116.75,84.48],[123.25,83.78],[128.0,82.94],[132.87,81.75],[135.91,80.75],[141.75,78.31],[148.0,77.32],[151.25,77.47],[162.0,79.61],[166.25,79.81],[170.25,79.65],[171.85,79.25],[170.9,78.25],[171.34,77.75],[175.0,76.26],[177.25,76.45],[178.43,76.25],[179.39,75.75],[180.0,74.9]]}},{"type":"Feature","properties":{"level":1004},"geometry":{"type":"LineString","coordinates":[[88.0,60.23],[87.54,60.5],[87.82,60.75],[88.33,60.75],[88.53,60.5],[88.0,60.23]]}},{"type":"Feature","properties":{"level":1004},"geometry":{"type":"LineString","coordinates":[[-180.0,65.32],[-179.15,64.75],[-178.41,63.75],[-177.29,61.25],[-176.67,59.25],[-176.76,57.5],[-176.49,57.0],[-176.7,55.5],[-177.45,53.25],[-178.75,51.86],[-180.0,50.94]]}},{"type":"Feature","properties":{"level":1004},"geometry":{"type":"LineString","coordinates":[[180.0,69.99],[178.0,69.35],[176.25,69.35],[174.38,68.5],[174.98,67.75],[176.23,67.0],[176.06,66.75],[178.25,66.23],[180.0,65.32]]}},{"type":"Feature","properties":{"level":1004},"geometry":{"type":"LineString","coordinates":[[-180.0,70.38],[-180.0,69.99]]}},{"type":"Feature","properties":{"level":1004},"geometry":{"type":"LineString","coordinates":[[180.0,71.22],[178.85,71.0],[180.0,70.38]]}},{"type":"Feature","properties":{"level":1004},"geometry":{"type":"LineString","coordinates":[[165.31,71.5],[170.75,71.56],[172.25,71.94],[173.83,72.75],[173.5,72.99],[171.75,73.07],[164.0,72.63],[161.67,72.25],[160.94,71.75],[161.5,71.53],[165.31,71.5]]}},{"type":"Feature","properties":{"level":1004},"geometry":{"type":"LineString","coordinates":[[-180.0,72.18],[-179.41,71.5],[-180.0,71.22]]}},{"type":"Feature","properties":{"level":1004},"geometry":{"type":"LineString","coordinates":[[180.0,74.28],[179.57,73.0],[180.0,72.18]]}},{"type":"Feature","properties":{"level":1004},"geometry":{"type":"LineString","coordinates":[[-180.0,74.9],[-180.0,74.28]]}},{"type":"Feature","properties":{"level":1008},"geometry":{"type":"LineString","coordinates":[[180.0,-89.35],[129.25,-88.23],[118.54,-87.25],[117.43,-87.0],[115.8,-86.0],[115.7,-85.5],[116.33,-84.75],[119.04,-83.75],[126.5,-83.22],[132.75,-82.5],[136.5,-81.56],[144.25,-80.57],[146.01,-80.25],[148.8,-79.25],[150.5,-78.22],[154.65,-77.5],[154.0,-77.22],[152.75,-77.23],[150.75,-77.76],[142.0,-78.81],[140.75,-78.8],[136.0,-77.96],[134.25,-77.25],[135.27,-76.25],[135.44,-75.5],[134.44,-75.0],[134.35,-74.5],[132.35,-73.25],[132.02,-72.75],[131.5,-72.65],[129.25,-72.63],[125.5,-73.1],[125.13,-73.25],[125.36,-73.5],[124.12,-73.75],[116.0,-74.56],[108.0,-73.66],[103.75,-72.94],[99.0,-72.9],[93.25,-73.67],[90.25,-74.92],[88.93,-75.0],[89.03,-75.5],[85.0,-75.53],[83.56,-76.5],[81.0,-77.32],[70.0,-78.06],[64.75,-78.01],[62.75,-77.9],[61.5,-77.37],[60.75,-76.7],[57.5,-76.39],[53.92,-75.5],[52.75,-74.68],[52.53,-74.0],[54.05,-72.75],[54.2,-72.0],[54.0,-71.79],[44.0,-72.77],[37.0,-73.92],[32.25,-74.29],[21.25,-74.43],[14.0,-73.96],[11.57,-74.25],[13.75,-74.67],[16.25,-75.52],[22.5,-76.16],[29.54,-77.25],[39.0,-77.88],[40.3,-78.25],[41.71,-79.25],[42.16,-80.0],[41.94,-80.75],[39.29,-82.75],[39.93,-83.75],[39.8,-84.0],[37.95,-85.0],[34.25,-85.84],[28.75,-86.18],[19.0,-85.96],[5.25,-86.1],[-26.25,-87.56],[-47.75,-87.44],[-110.75,-89.09],[-180.0,-89.35]]}},{"type":"Feature","properties":{"level":1008},"geometry":{"type":"LineString","coordinates":[[144.06,-84.25],[146.75,-84.29],[148.2,-84.0],[146.75,-83.82],[142.58,-84.0],[144.06,-84.25]]}},{"type":"Feature","properties":{"level":1008},"geometry":{"type":"LineString","coordinates":[[146.73,-83.0],[148.82,-83.0],[146.73,-83.0]]}},{"type":"Feature","properties":{"level":1008},"geometry":{"type":"LineString","coordinates":[[-180.0,-56.2],[-170.01,-53.25],[-168.09,-52.5],[-167.38,-52.0],[-167.43,-51.75],[-167.0,-51.6],[-163.75,-51.43],[-155.25,-51.8],[-151.25,-51.54],[-148.25,-51.06],[-140.25,-49.11],[-139.41,-48.75],[-137.38,-47.25],[-134.0,-43.65],[-131.5,-41.79],[-128.5,-40.27],[-125.25,-39.07],[-117.0,-38.69],[-116.02,-37.75],[-114.75,-35.38],[-114.0,-34.62],[-111.93,-35.5],[-111.86,-36.0],[-110.22,-38.25],[-108.1,-43.0],[-105.75,-46.55],[-102.75,-49.88],[-99.5,-52.41],[-95.75,-54.57],[-88.75,-57.71],[-86.5,-58.35],[-76.75,-59.61],[-73.5,-59.89],[-71.0,-59.81],[-56.0,-58.6],[-49.5,-59.54],[-47.75,-59.59],[-43.75,-58.98],[-40.75,-58.14],[-32.11,-54.5],[-25.16,-50.5],[-12.84,-44.5],[-11.0,-42.42],[-10.25,-39.8],[-9.75,-38.93],[-9.7,-38.25],[-9.33,-37.75],[-7.75,-37.11],[-6.5,-36.89],[-3.0,-37.05],[-1.75,-37.39],[-0.25,-37.42],[1.0,-37.94],[3.0,-37.97],[8.12,-40.0],[18.0,-44.81],[22.75,-47.91],[27.25,-51.24],[29.75,-52.5],[32.0,-53.22],[38.0,-53.64],[53.0,-53.06],[56.75,-53.38],[60.0,-53.37],[66.51,-52.0],[78.0,-50.98],[86.57,-49.5],[91.5,-47.86],[97.79,-45.25],[103.25,-40.52],[105.5,-39.03],[110.75,-37.76],[115.84,-37.25],[116.46,-36.75],[117.1,-35.5],[117.75,-35.2],[117.9,-34.5],[118.5,-34.13],[122.25,-33.56],[122.58,-32.75],[123.19,-32.5],[123.25,-32.16],[123.94,-31.75],[123.75,-30.9],[123.2,-30.5],[122.78,-29.75],[122.77,-29.0],[123.03,-28.5],[122.7,-28.25],[122.94,-27.75],[122.84,-27.25],[123.14,-27.0],[122.75,-26.85],[122.66,-26.25],[123.16,-26.0],[122.72,-24.75],[123.0,-24.1],[123.25,-24.09],[123.75,-23.46],[125.0,-24.15],[125.3,-25.25],[124.85,-25.75],[125.15,-26.5],[125.75,-26.48],[126.25,-26.75],[126.25,-27.18],[125.88,-27.25],[126.0,-28.55],[126.25,-28.72],[126.75,-28.48],[127.25,-28.77],[126.92,-28.0],[127.5,-28.2],[127.75,-27.83],[127.88,-28.25],[129.3,-29.5],[129.56,-30.25],[129.5,-31.08],[129.75,-31.07],[130.3,-31.75],[130.47,-33.25],[131.15,-34.75],[130.75,-36.25],[130.25,-36.55],[129.75,-36.18],[129.54,-36.25],[129.45,-36.75],[129.81,-37.25],[129.75,-38.0],[130.11,-38.25],[130.25,-39.3],[130.75,-39.69],[131.25,-39.35],[131.65,-39.5],[132.11,-40.5],[135.0,-44.41],[137.25,-46.19],[138.0,-47.32],[139.5,-48.77],[143.0,-51.2],[147.25,-53.4],[150.5,-54.65],[154.75,-55.91],[161.75,-57.25],[167.75,-57.75],[172.5,-57.64],[177.25,-56.91],[180.0,-56.2]]}},{"type":"Feature","properties":{"level":1008},"geometry":{"type":"LineString","coordinates":[[-58.5,-36.81],[-58.75,-36.38],[-59.5,-35.94],[-59.75,-36.44],[-60.21,-35.5],[-61.25,-35.15],[-61.31,-34.75],[-61.83,-34.25],[-61.68,-34.0],[-62.0,-33.88],[-62.14,-33.5],[-62.0,-33.07],[-61.5,-33.22],[-61.5,-32.77],[-62.5,-31.95],[-63.75,-31.55],[-64.25,-31.14],[-65.0,-31.57],[-65.5,-31.58],[-66.0,-31.35],[-66.5,-30.55],[-67.11,-30.5],[-67.25,-30.89],[-67.57,-30.25],[-67.75,-28.82],[-68.13,-29.0],[-68.23,-29.5],[-68.75,-29.53],[-68.84,-29.25],[-68.45,-29.0],[-68.61,-28.5],[-68.0,-28.01],[-67.8,-27.0],[-67.23,-27.0],[-68.0,-26.03],[-67.89,-25.75],[-67.75,-25.64],[-67.25,-25.96],[-67.0,-26.6],[-66.75,-26.27],[-66.5,-26.51],[-66.32,-26.25],[-66.68,-25.5],[-66.21,-24.5],[-66.73,-23.25],[-66.39,-22.75],[-66.64,-22.0],[-66.11,-21.5],[-65.98,-21.0],[-66.35,-20.0],[-65.78,-19.75],[-66.0,-18.86],[-66.5,-18.3],[-67.1,-16.75],[-67.5,-16.61],[-68.59,-15.25],[-68.75,-14.1],[-71.44,-13.0],[-71.84,-12.25],[-72.25,-12.02],[-72.5,-12.03],[-73.0,-12.61],[-73.75,-11.32],[-73.98,-11.5],[-73.8,-12.0],[-74.0,-12.45],[-75.36,-10.25],[-75.75,-8.97],[-76.0,-9.38],[-76.81,-8.0],[-77.38,-6.75],[-76.97,-6.5],[-77.48,-5.75],[-77.17,-5.5],[-77.75,-5.16],[-78.25,-5.31],[-78.5,-6.0],[-79.0,-6.27],[-79.1,-6.0],[-78.95,-5.75],[-79.13,-5.0],[-79.0,-4.79],[-78.71,-5.0],[-78.71,-4.25],[-78.19,-4.0],[-78.5,-3.65],[-78.75,-4.0],[-78.83,-3.75],[-78.5,-3.21],[-78.16,-3.5],[-78.32,-2.75],[-78.04,-2.5],[-77.86,-1.0],[-77.38,-0.5],[-77.43,0.25],[-76.5,1.21],[-75.25,1.83],[-74.5,3.06],[-73.91,3.25],[-73.25,4.55],[-71.81,6.25],[-71.78,6.75],[-72.01,7.0],[-71.87,7.5],[-71.0,7.93],[-70.25,8.75],[-68.75,8.9],[-68.5,8.73],[-68.23,9.0],[-68.67,9.25],[-68.5,9.37],[-67.75,9.22],[-67.01,9.75],[-65.75,9.97],[-66.74,10.25],[-66.28,10.5],[-66.84,11.0],[-66.5,11.34],[-64.75,11.74],[-63.75,11.77],[-62.77,11.0],[-62.82,10.5],[-62.5,10.0],[-61.5,9.79],[-60.75,8.8],[-60.5,8.91],[-59.75,8.53],[-59.01,7.75],[-59.0,7.44],[-59.85,7.25],[-59.56,6.75],[-59.86,6.0],[-60.29,6.25],[-59.91,6.5],[-60.25,6.85],[-60.45,6.5],[-60.75,6.6],[-61.0,6.22],[-61.93,6.0],[-62.25,5.65],[-62.5,6.15],[-62.75,6.08],[-62.87,5.75],[-62.4,5.5],[-62.25,5.08],[-61.81,5.0],[-61.79,4.75],[-61.75,5.38],[-61.25,4.77],[-59.75,4.87],[-59.25,5.25],[-59.4,5.5],[-59.07,6.25],[-58.5,6.9],[-57.25,6.18],[-55.25,6.27],[-53.5,5.78],[-51.64,4.25],[-51.13,2.25],[-50.4,1.5],[-50.77,0.25],[-50.23,-0.25],[-47.75,-0.64],[-45.44,-1.75],[-44.5,-2.55],[-44.25,-2.59],[-44.0,-2.14],[-43.75,-2.13],[-41.0,-2.6],[-39.78,-3.25],[-39.22,-3.75],[-39.0,-4.38],[-38.5,-4.48],[-37.75,-5.3],[-37.0,-5.45],[-36.75,-5.18],[-36.48,-5.25],[-37.0,-6.75],[-37.75,-7.0],[-37.75,-7.25],[-38.25,-7.62],[-39.0,-7.73],[-39.27,-7.25],[-39.75,-7.02],[-40.67,-7.5],[-40.95,-8.25],[-42.76,-9.5],[-43.02,-10.0],[-42.79,-10.5],[-43.31,-10.5],[-43.27,-10.75],[-43.0,-11.03],[-42.75,-10.83],[-42.63,-11.0],[-42.81,-11.5],[-42.21,-13.25],[-42.5,-13.39],[-42.75,-12.89],[-42.83,-14.0],[-43.13,-14.5],[-42.95,-14.75],[-43.12,-15.0],[-43.0,-15.72],[-43.25,-15.92],[-43.75,-15.78],[-43.73,-15.5],[-44.0,-15.35],[-44.63,-16.0],[-44.74,-16.75],[-44.38,-17.25],[-44.75,-17.56],[-45.0,-16.93],[-45.75,-17.04],[-45.58,-16.5],[-46.26,-15.75],[-46.25,-15.41],[-45.73,-15.5],[-45.72,-15.0],[-45.36,-14.75],[-46.0,-14.54],[-47.25,-15.27],[-47.41,-14.5],[-47.2,-14.0],[-47.5,-13.77],[-48.12,-15.25],[-49.05,-15.5],[-49.25,-15.99],[-51.0,-16.6],[-51.6,-17.25],[-51.99,-17.25],[-52.0,-16.85],[-52.41,-17.0],[-52.12,-17.5],[-51.75,-17.81],[-51.5,-17.65],[-50.75,-18.47],[-50.42,-18.25],[-50.75,-17.88],[-50.79,-17.25],[-50.25,-16.74],[-49.75,-16.67],[-49.65,-17.25],[-49.91,-18.0],[-49.32,-18.5],[-49.64,-19.0],[-50.24,-19.25],[-50.35,-19.5],[-50.13,-19.75],[-51.0,-20.15],[-51.25,-20.03],[-53.24,-22.0],[-53.69,-23.25],[-54.5,-24.2],[-54.09,-25.5],[-54.38,-26.75],[-53.95,-27.5],[-54.68,-29.0],[-53.57,-29.75],[-54.5,-30.69],[-53.67,-31.75],[-54.36,-33.0],[-54.66,-34.5],[-55.5,-35.27],[-57.0,-36.13],[-57.25,-36.05],[-57.55,-36.5],[-58.5,-36.81]]}},{"type":"Feature","properties":{"level":1008},"geometry":{"type":"LineString","coordinates":[[129.41,-32.75],[129.5,-32.94],[129.25,-31.94],[129.41,-32.75]]}},{"type":"Feature","properties":{"level":1008},"geometry":{"type":"LineString","coordinates":[[-66.0,-32.36],[-66.0,-32.09],[-66.0,-32.36]]}},{"type":"Feature","properties":{"level":1008},"geometry":{"type":"LineString","coordinates":[[-69.25,-32.1],[-69.65,-31.5],[-69.25,-29.7],[-68.85,-29.75],[-69.25,-32.1]]}},{"type":"Feature","properties":{"level":1008},"geometry":{"type":"LineString","coordinates":[[128.22,-31.25],[128.5,-31.39],[128.65,-31.0],[128.5,-30.7],[128.0,-30.59],[128.22,-31.25]]}},{"type":"Feature","properties":{"level":1008},"geometry":{"type":"LineString","coordinates":[[124.92,-27.5],[125.26,-27.25],[125.0,-26.72],[124.92,-27.5]]}},{"type":"Feature","properties":{"level":1008},"geometry":{"type":"LineString","coordinates":[[124.19,-25.75],[124.25,-25.89],[124.69,-25.25],[124.25,-24.67],[124.19,-25.75]]}},{"type":"Feature","properties":{"level":1008},"geometry":{"type":"LineString","coordinates":[[125.75,-25.8],[125.75,-25.5],[125.75,-25.8]]}},{"type":"Feature","properties":{"level":1008},"geometry":{"type":"LineString","coordinates":[[-54.51,-25.5],[-54.5,-25.19],[-54.51,-25.5]]}},{"type":"Feature","properties":{"level":1008},"geometry":{"type":"LineString","coordinates":[[-69.5,-23.06],[-69.78,-22.25],[-69.5,-21.78],[-69.5,-23.06]]}},{"type":"Feature","properties":{"level":1008},"geometry":{"type":"LineString","coordinates":[[-67.25,-21.76],[-68.05,-21.0],[-68.52,-19.75],[-68.9,-17.5],[-69.25,-17.42],[-69.47,-16.5],[-68.81,-16.75],[-68.25,-17.41],[-67.93,-17.0],[-68.58,-16.5],[-67.75,-16.71],[-67.68,-17.0],[-67.92,-17.25],[-67.11,-17.75],[-67.43,-18.5],[-68.0,-18.57],[-68.09,-19.0],[-67.89,-20.25],[-66.73,-21.0],[-66.9,-21.75],[-67.25,-21.76]]}},{"type":"Feature","properties":{"level":1008},"geometry":{"type":"LineString","coordinates":[[-49.75,-20.08],[-49.75,-19.9],[-49.75,-20.08]]}},{"type":"Feature","properties":{"level":1008},"geometry":{"type":"LineString","coordinates":[[16.75,-19.51],[15.87,-19.0],[16.06,-18.5],[15.9,-18.25],[17.04,-18.25],[17.08,-17.25],[16.7,-16.75],[17.5,-15.33],[18.0,-15.63],[18.37,-15.0],[19.5,-14.12],[20.25,-14.8],[20.75,-14.56],[21.25,-14.99],[22.0,-14.71],[21.83,-15.25],[22.1,-15.75],[21.97,-16.5],[22.3,-16.75],[22.16,-17.0],[22.5,-17.75],[22.25,-17.91],[21.75,-17.76],[21.5,-18.1],[20.79,-18.25],[20.75,-18.56],[20.5,-18.42],[20.0,-18.8],[18.5,-18.01],[18.0,-18.25],[17.99,-19.25],[16.75,-19.51]]}},{"type":"Feature","properties":{"level":1008},"geometry":{"type":"LineString","coordinates":[[-68.57,-18.25],[-67.75,-18.24],[-67.55,-18.0],[-68.0,-17.67],[-68.57,-18.0],[-68.57,-18.25]]}},{"type":"Feature","properties":{"level":1008},"geometry":{"type":"LineString","coordinates":[[-65.67,-17.5],[-65.0,-17.69],[-64.76,-17.5],[-67.0,-16.31],[-67.11,-16.5],[-66.66,-17.25],[-65.67,-17.5]]}},{"type":"Feature","properties":{"level":1008},"geometry":{"type":"LineString","coordinates":[[-70.25,-15.91],[-70.75,-15.06],[-71.5,-14.99],[-71.75,-14.64],[-72.25,-14.55],[-72.16,-14.0],[-72.5,-14.07],[-72.61,-13.5],[-71.93,-13.5],[-71.03,-14.25],[-71.0,-14.54],[-70.25,-14.32],[-69.45,-15.0],[-69.87,-15.25],[-70.25,-15.91]]}},{"type":"Feature","properties":{"level":1008},"geometry":{"type":"LineString","coordinates":[[-74.34,-11.0],[-74.0,-11.25],[-74.25,-10.14],[-74.56,-10.75],[-74.34,-11.0]]}},{"type":"Feature","properties":{"level":1008},"geometry":{"type":"LineString","coordinates":[[-42.25,-10.71],[-42.4,-10.5],[-42.0,-10.02],[-41.75,-10.21],[-41.8,-10.5],[-42.25,-10.71]]}},{"type":"Feature","properties":{"level":1008},"geometry":{"type":"LineString","coordinates":[[26.5,-8.79],[25.46,-8.0],[26.25,-7.6],[26.61,-7.75],[26.25,-7.44],[26.25,-6.16],[25.75,-6.28],[25.5,-6.04],[24.79,-6.0],[24.66,-5.75],[26.5,-4.19],[27.49,-5.0],[27.59,-5.5],[28.09,-5.75],[28.08,-6.25],[28.55,-7.25],[28.25,-7.82],[28.0,-7.57],[27.75,-7.65],[26.5,-8.79]]}},{"type":"Feature","properties":{"level":1008},"geometry":{"type":"LineString","coordinates":[[30.75,-8.51],[30.21,-7.25],[29.5,-6.69],[29.21,-6.0],[29.5,-5.35],[29.83,-5.75],[29.7,-6.25],[30.4,-6.75],[31.01,-8.5],[30.75,-8.51]]}},{"type":"Feature","properties":{"level":1008},"geometry":{"type":"LineString","coordinates":[[-38.77,-6.75],[-38.0,-6.64],[-37.6,-6.25],[-38.0,-5.95],[-38.5,-6.03],[-38.86,-6.5],[-38.77,-6.75]]}},{"type":"Feature","properties":{"level":1008},"geometry":{"type":"LineString","coordinates":[[-40.12,-5.75],[-40.0,-5.94],[-39.65,-5.5],[-39.75,-5.0],[-39.46,-4.5],[-39.75,-4.37],[-40.25,-4.75],[-40.12,-5.75]]}},{"type":"Feature","properties":{"level":1008},"geometry":{"type":"LineString","coordinates":[[-46.79,-2.5],[-46.25,-2.54],[-46.12,-2.25],[-46.79,-2.5]]}},{"type":"Feature","properties":{"level":1008},"geometry":{"type":"LineString","coordinates":[[-65.33,4.0],[-65.0,3.78],[-64.52,4.0],[-65.5,4.52],[-65.58,4.25],[-65.33,4.0]]}},{"type":"Feature","properties":{"level":1008},"geometry":{"type":"LineString","coordinates":[[-77.0,4.13],[-77.12,5.0],[-76.89,5.75],[-76.97,6.5],[-76.75,6.64],[-76.56,5.5],[-77.0,4.13]]}},{"type":"Feature","properties":{"level":1008},"geometry":{"type":"LineString","coordinates":[[-65.15,5.0],[-64.93,5.0],[-64.75,5.91],[-64.15,6.25],[-64.25,6.7],[-63.92,6.5],[-63.93,5.75],[-63.48,5.75],[-63.47,7.25],[-63.75,7.5],[-64.69,7.5],[-65.0,7.2],[-65.5,7.45],[-66.0,6.48],[-66.25,6.91],[-66.5,6.75],[-66.34,6.5],[-66.85,6.25],[-67.1,5.75],[-65.75,5.63],[-65.15,5.0]]}},{"type":"Feature","properties":{"level":1008},"geometry":{"type":"LineString","coordinates":[[31.5,4.83],[31.5,5.39],[32.11,5.0],[31.5,4.83]]}},{"type":"Feature","properties":{"level":1008},"geometry":{"type":"LineString","coordinates":[[32.25,5.03],[32.25,5.31],[32.25,5.03]]}},{"type":"Feature","properties":{"level":1008},"geometry":{"type":"LineString","coordinates":[[30.75,5.44],[30.5,6.5],[30.75,7.5],[31.25,6.6],[31.75,7.09],[32.15,7.0],[31.38,5.5],[30.75,5.44]]}},{"type":"Feature","properties":{"level":1008},"geometry":{"type":"LineString","coordinates":[[28.5,5.88],[28.43,6.25],[28.75,6.41],[28.91,6.25],[28.5,5.88]]}},{"type":"Feature","properties":{"level":1008},"geometry":{"type":"LineString","coordinates":[[28.75,6.55],[28.56,7.25],[28.75,7.85],[29.06,7.25],[28.75,6.55]]}},{"type":"Feature","properties":{"level":1008},"geometry":{"type":"LineString","coordinates":[[-77.0,6.75],[-77.17,7.75],[-77.0,8.34],[-76.71,8.0],[-76.75,7.02],[-77.0,6.75]]}},{"type":"Feature","properties":{"level":1008},"geometry":{"type":"LineString","coordinates":[[28.5,8.45],[28.25,9.55],[27.0,8.83],[26.25,8.87],[26.0,8.94],[25.75,9.69],[24.0,9.92],[20.75,9.06],[20.5,9.74],[19.68,10.0],[18.99,11.25],[18.5,11.5],[17.75,10.9],[17.0,9.24],[16.26,10.25],[15.0,10.04],[14.0,10.47],[14.09,10.75],[13.75,11.0],[12.75,10.67],[12.67,11.0],[12.0,11.3],[11.63,10.25],[11.11,11.25],[11.25,11.59],[9.5,11.27],[8.5,11.42],[8.0,11.73],[8.0,12.14],[7.5,12.65],[7.0,12.17],[5.25,12.62],[4.25,11.78],[4.24,11.5],[3.25,11.59],[2.75,11.3],[2.87,12.0],[2.25,12.45],[1.56,12.0],[1.75,11.25],[0.96,11.5],[0.79,12.25],[-0.75,12.67],[-1.0,12.16],[-2.5,12.12],[-2.75,11.58],[-3.25,12.18],[-3.75,12.22],[-4.5,12.8],[-5.5,12.67],[-5.75,12.96],[-7.75,12.29],[-7.97,12.5],[-7.5,13.15],[-7.09,13.25],[-8.0,13.67],[-9.75,13.41],[-9.63,14.5],[-10.25,14.79],[-11.0,14.66],[-11.1,15.0],[-10.56,16.0],[-9.33,16.5],[-8.0,17.77],[-7.0,17.49],[-4.75,17.8],[-2.0,19.14],[-1.54,18.0],[-0.5,17.35],[0.75,17.31],[1.75,16.76],[2.0,17.12],[2.5,17.27],[2.75,16.78],[4.25,17.17],[5.5,16.78],[5.66,16.5],[5.16,16.0],[5.09,15.5],[5.75,14.2],[6.75,14.75],[8.0,14.56],[9.25,14.0],[11.0,14.56],[18.5,16.02],[20.5,15.86],[20.99,14.75],[21.06,13.75],[22.25,12.74],[22.75,12.94],[23.18,12.0],[22.93,11.75],[23.5,11.59],[25.5,12.88],[26.25,13.03],[27.75,13.9],[28.75,15.76],[29.32,15.25],[29.75,16.39],[30.5,16.05],[30.37,15.75],[30.87,15.5],[31.27,16.0],[31.5,17.38],[32.0,17.19],[32.25,17.52],[33.5,17.71],[33.75,18.36],[34.5,18.56],[35.32,17.5],[35.62,16.25],[36.25,16.13],[36.63,15.75],[36.56,15.25],[34.88,13.75],[33.5,13.48],[33.21,13.0],[33.25,12.48],[33.0,12.4],[32.72,12.75],[32.36,11.5],[32.47,10.5],[31.75,10.29],[30.25,10.68],[29.97,10.5],[29.75,9.52],[29.5,9.59],[29.25,10.39],[28.61,9.5],[28.61,8.75],[28.89,8.5],[28.75,8.29],[28.5,8.45]]}},{"type":"Feature","properties":{"level":1008},"geometry":{"type":"LineString","coordinates":[[31.5,8.66],[31.5,8.85],[31.5,8.66]]}},{"type":"Feature","properties":{"level":1008},"geometry":{"type":"LineString","coordinates":[[-95.25,9.48],[-94.75,9.84],[-94.61,9.5],[-95.25,9.48]]}},{"type":"Feature","properties":{"level":1008},"geometry":{"type":"LineString","coordinates":[[-96.75,9.6],[-97.0,9.85],[-98.0,10.0],[-99.75,11.13],[-102.25,11.02],[-102.75,11.53],[-103.75,12.0],[-102.93,12.25],[-102.29,13.25],[-102.15,14.0],[-101.5,14.08],[-100.99,14.5],[-101.13,15.5],[-102.07,16.25],[-101.76,16.75],[-102.1,18.0],[-101.0,17.22],[-98.25,16.6],[-97.25,15.86],[-96.0,15.81],[-95.5,16.14],[-95.5,16.57],[-95.25,16.62],[-94.5,16.53],[-94.21,16.25],[-95.07,15.5],[-95.0,15.3],[-94.09,15.0],[-93.86,14.25],[-94.15,14.0],[-94.11,13.75],[-93.76,13.25],[-93.0,12.9],[-92.75,13.0],[-92.0,12.5],[-92.04,11.75],[-92.5,10.99],[-94.0,10.46],[-95.15,10.5],[-94.86,10.25],[-95.25,10.03],[-95.5,10.41],[-96.75,9.6]]}},{"type":"Feature","properties":{"level":1008},"geometry":{"type":"LineString","coordinates":[[31.0,9.56],[31.25,10.08],[31.27,9.75],[31.0,9.56]]}},{"type":"Feature","properties":{"level":1008},"geometry":{"type":"LineString","coordinates":[[-64.34,10.0],[-63.75,9.83],[-63.25,9.96],[-63.1,10.25],[-63.75,10.58],[-64.48,10.25],[-64.34,10.0]]}},{"type":"Feature","properties":{"level":1008},"geometry":{"type":"LineString","coordinates":[[-68.5,10.46],[-69.07,10.75],[-68.93,11.0],[-69.35,11.0],[-69.25,11.62],[-68.34,11.0],[-68.5,10.46]]}},{"type":"Feature","properties":{"level":1008},"geometry":{"type":"LineString","coordinates":[[146.25,10.48],[143.68,10.75],[143.0,11.28],[142.56,11.25],[142.44,11.5],[142.86,11.75],[142.47,12.25],[142.5,12.75],[142.25,12.9],[142.0,12.89],[141.78,12.25],[142.2,12.0],[141.75,11.6],[140.5,11.82],[139.75,12.26],[139.5,11.56],[138.0,11.5],[136.25,12.04],[135.75,12.48],[135.0,12.18],[134.5,13.25],[133.5,13.43],[133.4,14.0],[132.81,14.5],[133.02,14.75],[132.93,15.5],[133.25,15.75],[132.84,16.5],[133.25,17.15],[133.75,17.47],[134.0,17.28],[134.09,17.75],[135.75,19.56],[137.0,20.07],[138.5,19.93],[138.75,20.2],[139.0,20.05],[139.75,20.3],[145.0,19.26],[148.0,19.03],[149.5,18.43],[150.5,18.59],[152.0,17.91],[152.25,18.39],[154.25,18.38],[154.5,18.72],[155.25,18.81],[155.75,18.47],[156.5,19.09],[158.25,18.02],[158.5,18.4],[158.75,18.37],[159.25,17.77],[159.98,18.0],[159.75,18.5],[161.75,18.23],[162.5,18.65],[163.25,18.67],[163.88,19.75],[165.25,20.68],[167.25,20.68],[169.47,19.5],[170.32,18.75],[170.43,18.25],[170.97,17.75],[170.53,17.25],[170.27,15.75],[168.97,14.75],[169.3,14.25],[169.0,13.55],[168.0,12.71],[167.0,12.37],[166.5,12.41],[165.75,12.07],[164.5,12.07],[164.0,12.48],[163.25,12.47],[162.25,13.54],[161.25,14.09],[161.0,13.88],[160.78,14.0],[161.04,14.25],[160.75,14.55],[160.5,14.14],[159.0,14.46],[158.66,14.25],[158.66,13.5],[157.75,12.84],[157.0,12.79],[156.75,12.25],[154.75,12.61],[153.0,12.39],[151.25,12.83],[150.12,12.5],[150.0,12.09],[149.25,12.21],[148.5,11.59],[146.25,10.48]]}},{"type":"Feature","properties":{"level":1008},"geometry":{"type":"LineString","coordinates":[[30.15,11.0],[30.25,10.78],[30.75,10.97],[31.55,12.0],[31.0,12.14],[30.75,11.7],[30.25,11.69],[30.15,11.0]]}},{"type":"Feature","properties":{"level":1008},"geometry":{"type":"LineString","coordinates":[[-76.5,11.21],[-76.5,11.57],[-76.5,11.21]]}},{"type":"Feature","properties":{"level":1008},"geometry":{"type":"LineString","coordinates":[[-72.75,11.21],[-73.21,11.5],[-73.14,11.75],[-72.0,12.35],[-71.5,12.25],[-72.18,11.25],[-72.75,11.21]]}},{"type":"Feature","properties":{"level":1008},"geometry":{"type":"LineString","coordinates":[[167.5,11.73],[166.84,12.0],[167.5,12.1],[167.5,11.73]]}},{"type":"Feature","properties":{"level":1008},"geometry":{"type":"LineString","coordinates":[[-103.75,12.06],[-103.91,12.75],[-103.75,12.84],[-103.6,12.75],[-103.75,12.06]]}},{"type":"Feature","properties":{"level":1008},"geometry":{"type":"LineString","coordinates":[[-5.04,13.25],[-4.78,13.25],[-5.04,13.25]]}},{"type":"Feature","properties":{"level":1008},"geometry":{"type":"LineString","coordinates":[[153.46,13.25],[153.86,13.25],[153.46,13.25]]}},{"type":"Feature","properties":{"level":1008},"geometry":{"type":"LineString","coordinates":[[-95.51,14.0],[-95.1,14.0],[-95.04,14.25],[-95.63,14.25],[-95.51,14.0]]}},{"type":"Feature","properties":{"level":1008},"geometry":{"type":"LineString","coordinates":[[-91.25,13.95],[-91.81,14.25],[-91.21,14.25],[-91.25,13.95]]}},{"type":"Feature","properties":{"level":1008},"geometry":{"type":"LineString","coordinates":[[-90.75,13.99],[-90.46,14.0],[-90.75,13.99]]}},{"type":"Feature","properties":{"level":1008},"geometry":{"type":"LineString","coordinates":[[-10.0,14.18],[-10.18,14.25],[-10.0,14.18]]}},{"type":"Feature","properties":{"level":1008},"geometry":{"type":"LineString","coordinates":[[-92.0,14.35],[-92.16,14.5],[-92.0,14.6],[-91.84,14.5],[-92.0,14.35]]}},{"type":"Feature","properties":{"level":1008},"geometry":{"type":"LineString","coordinates":[[-12.0,14.43],[-11.96,14.75],[-11.45,14.75],[-11.75,14.31],[-12.0,14.43]]}},{"type":"Feature","properties":{"level":1008},"geometry":{"type":"LineString","coordinates":[[-92.25,14.62],[-92.38,14.75],[-92.25,14.62]]}},{"type":"Feature","properties":{"level":1008},"geometry":{"type":"LineString","coordinates":[[171.5,14.64],[171.15,15.25],[171.75,15.66],[171.99,15.0],[171.75,14.63],[171.5,14.64]]}},{"type":"Feature","properties":{"level":1008},"geometry":{"type":"LineString","coordinates":[[-88.25,14.9],[-90.0,15.7],[-90.91,15.75],[-91.52,16.25],[-91.18,16.75],[-91.73,17.5],[-92.72,17.75],[-92.75,18.26],[-92.0,17.95],[-91.75,18.31],[-91.5,18.2],[-91.33,19.0],[-90.01,20.5],[-90.07,21.0],[-89.75,21.18],[-89.25,20.97],[-89.42,21.25],[-89.25,21.28],[-88.33,21.0],[-88.44,20.5],[-88.2,20.25],[-88.06,19.0],[-88.5,18.65],[-89.5,18.89],[-89.36,18.0],[-89.0,17.89],[-88.5,18.38],[-88.25,17.91],[-86.75,17.24],[-86.25,16.43],[-85.5,16.45],[-84.89,16.0],[-85.25,15.64],[-86.25,15.36],[-86.5,15.36],[-86.75,15.93],[-87.5,15.4],[-87.75,14.84],[-88.0,15.04],[-88.25,14.9]]}},{"type":"Feature","properties":{"level":1008},"geometry":{"type":"LineString","coordinates":[[-92.75,15.05],[-92.97,15.25],[-92.73,15.25],[-92.75,15.05]]}},{"type":"Feature","properties":{"level":1008},"geometry":{"type":"LineString","coordinates":[[122.0,15.17],[122.0,15.35],[122.0,15.17]]}},{"type":"Feature","properties":{"level":1008},"geometry":{"type":"LineString","coordinates":[[-11.5,15.53],[-11.62,16.5],[-11.25,16.69],[-10.9,16.25],[-11.5,15.53]]}},{"type":"Feature","properties":{"level":1008},"geometry":{"type":"LineString","coordinates":[[37.5,15.74],[37.35,16.0],[37.5,16.16],[37.5,15.74]]}},{"type":"Feature","properties":{"level":1008},"geometry":{"type":"LineString","coordinates":[[171.5,15.8],[171.26,16.0],[171.42,16.5],[171.04,16.75],[171.25,17.15],[171.79,16.0],[171.5,15.8]]}},{"type":"Feature","properties":{"level":1008},"geometry":{"type":"LineString","coordinates":[[-121.25,16.25],[-124.0,17.44],[-124.75,18.05],[-125.64,19.5],[-125.9,21.25],[-125.3,23.0],[-123.82,24.75],[-122.25,25.41],[-120.0,25.57],[-117.5,24.55],[-116.5,23.63],[-115.87,22.25],[-115.67,20.0],[-116.32,18.25],[-117.5,17.14],[-119.25,16.3],[-120.25,16.09],[-121.25,16.25]]}},{"type":"Feature","properties":{"level":1008},"geometry":{"type":"LineString","coordinates":[[-89.89,16.75],[-89.62,16.75],[-89.89,16.75]]}},{"type":"Feature","properties":{"level":1008},"geometry":{"type":"LineString","coordinates":[[30.5,16.77],[30.5,17.01],[30.5,16.77]]}},{"type":"Feature","properties":{"level":1008},"geometry":{"type":"LineString","coordinates":[[33.12,17.25],[33.36,17.25],[33.12,17.25]]}},{"type":"Feature","properties":{"level":1008},"geometry":{"type":"LineString","coordinates":[[158.16,17.75],[158.25,17.98],[158.16,17.75]]}},{"type":"Feature","properties":{"level":1008},"geometry":{"type":"LineString","coordinates":[[-165.5,25.67],[-165.48,26.5],[-165.27,26.75],[-165.37,27.75],[-166.25,27.91],[-166.54,28.5],[-164.75,31.25],[-163.86,31.0],[-163.79,31.5],[-164.15,31.75],[-163.75,32.09],[-163.26,31.0],[-163.65,30.5],[-163.62,29.5],[-163.5,29.26],[-162.74,29.5],[-162.23,27.75],[-162.5,27.8],[-164.0,26.53],[-165.5,25.67]]}},{"type":"Feature","properties":{"level":1008},"geometry":{"type":"LineString","coordinates":[[158.5,25.94],[157.72,27.0],[157.17,28.75],[158.25,29.82],[159.75,29.96],[160.5,29.79],[161.29,28.5],[161.0,27.22],[159.5,26.09],[158.5,25.94]]}},{"type":"Feature","properties":{"level":1008},"geometry":{"type":"LineString","coordinates":[[-165.26,29.0],[-165.09,29.25],[-165.25,29.53],[-165.58,29.25],[-165.26,29.0]]}},{"type":"Feature","properties":{"level":1008},"geometry":{"type":"LineString","coordinates":[[-80.25,29.42],[-80.25,29.57],[-79.87,29.5],[-80.25,29.42]]}},{"type":"Feature","properties":{"level":1008},"geometry":{"type":"LineString","coordinates":[[-78.75,29.84],[-78.89,30.0],[-78.65,30.25],[-78.05,30.25],[-78.08,30.0],[-78.75,29.84]]}},{"type":"Feature","properties":{"level":1008},"geometry":{"type":"LineString","coordinates":[[-83.5,44.24],[-83.71,44.5],[-83.41,44.75],[-84.09,45.0],[-84.0,45.41],[-83.5,45.37],[-83.07,45.0],[-83.18,44.5],[-83.5,44.24]]}},{"type":"Feature","properties":{"level":1008},"geometry":{"type":"LineString","coordinates":[[-82.5,45.23],[-83.55,45.75],[-84.84,46.0],[-84.93,46.25],[-84.25,46.5],[-85.0,47.39],[-86.5,47.64],[-87.25,47.51],[-88.0,48.04],[-90.5,47.68],[-91.25,48.08],[-91.75,48.81],[-92.75,49.12],[-93.19,50.0],[-94.86,51.25],[-95.93,52.5],[-98.23,54.0],[-99.6,55.25],[-99.73,55.5],[-98.91,56.0],[-99.97,56.5],[-101.47,58.0],[-103.78,59.5],[-103.6,59.75],[-103.75,60.5],[-105.49,62.75],[-105.58,63.75],[-105.35,64.25],[-104.25,64.85],[-102.75,65.14],[-97.0,65.05],[-91.75,64.29],[-77.75,61.56],[-76.5,60.99],[-72.0,58.14],[-71.07,56.75],[-69.34,55.5],[-68.69,54.0],[-69.64,53.25],[-70.21,51.75],[-71.25,51.34],[-71.93,50.5],[-72.5,50.31],[-73.2,49.5],[-73.25,48.92],[-74.0,48.06],[-75.22,47.25],[-76.75,45.37],[-81.0,45.04],[-82.5,45.23]]}},{"type":"Feature","properties":{"level":1008},"geometry":{"type":"LineString","coordinates":[[-54.5,47.47],[-57.6,48.25],[-58.0,49.02],[-58.0,49.59],[-59.84,51.0],[-60.25,52.75],[-60.8,53.0],[-60.32,53.25],[-61.0,53.3],[-63.0,55.79],[-64.44,56.5],[-65.75,57.6],[-66.45,57.75],[-66.35,58.5],[-65.5,59.28],[-64.75,58.11],[-64.0,58.64],[-63.5,58.5],[-62.64,58.75],[-61.46,63.5],[-58.73,67.75],[-58.45,68.5],[-58.42,69.75],[-56.75,71.62],[-55.75,72.17],[-54.75,71.73],[-54.25,71.92],[-52.5,71.79],[-52.0,71.28],[-51.0,71.27],[-49.75,70.56],[-49.0,70.53],[-45.95,69.5],[-45.13,69.0],[-44.73,68.0],[-45.68,67.0],[-45.79,66.0],[-44.93,64.75],[-45.52,63.25],[-45.5,62.75],[-43.91,61.25],[-40.0,62.68],[-38.25,62.92],[-38.0,63.39],[-35.0,63.19],[-32.83,62.5],[-31.75,62.48],[-30.5,62.13],[-30.0,62.31],[-29.25,61.61],[-28.41,61.25],[-28.34,60.75],[-23.59,57.5],[-23.75,57.12],[-24.75,56.59],[-26.75,56.04],[-31.5,54.1],[-34.98,52.25],[-35.25,52.36],[-36.25,51.8],[-40.25,50.94],[-46.25,48.65],[-52.75,47.33],[-54.5,47.47]]}},{"type":"Feature","properties":{"level":1008},"geometry":{"type":"LineString","coordinates":[[180.0,49.47],[175.0,48.1],[173.75,47.51],[171.82,46.0],[170.0,43.71],[168.44,42.25],[164.25,39.78],[160.75,38.44],[160.25,38.78],[157.0,39.47],[154.99,41.25],[154.58,42.5],[153.48,44.25],[152.78,47.5],[150.77,49.25],[141.0,52.36],[140.25,52.96],[139.25,53.25],[137.75,54.1],[137.2,54.5],[137.0,55.04],[135.73,55.75],[136.1,56.5],[135.21,59.75],[134.64,60.75],[134.37,62.0],[133.91,62.25],[133.25,63.29],[134.0,63.54],[135.25,63.53],[136.75,63.06],[138.5,62.88],[141.25,64.27],[141.56,64.5],[141.63,65.0],[142.5,65.38],[145.75,65.44],[146.2,65.75],[146.0,66.11],[146.47,66.25],[145.5,67.15],[145.0,67.41],[143.5,67.5],[143.25,67.83],[142.25,68.03],[142.08,68.25],[142.2,69.0],[141.5,69.29],[141.0,69.32],[140.25,68.92],[139.66,69.5],[137.75,69.68],[131.25,69.01],[129.92,69.5],[129.75,70.26],[128.0,70.98],[124.0,70.75],[120.25,71.39],[114.25,73.05],[105.0,74.16],[99.0,73.94],[95.25,73.49],[85.75,71.2],[84.05,70.5],[82.67,69.5],[81.95,68.75],[81.64,67.75],[81.9,66.5],[82.5,65.78],[86.0,64.64],[88.32,64.5],[88.95,64.25],[89.0,64.0],[92.25,63.19],[93.33,62.5],[92.7,62.0],[91.65,61.75],[91.5,61.21],[89.5,59.69],[88.0,59.32],[85.75,59.16],[82.5,60.62],[79.5,61.06],[77.0,59.97],[72.25,56.8],[70.25,55.95],[66.5,55.16],[63.0,55.33],[60.5,55.78],[57.25,56.92],[54.41,57.5],[52.25,58.42],[46.75,60.11],[35.25,62.76],[34.25,63.53],[32.5,64.12],[27.75,65.09],[24.25,65.1],[20.0,66.11],[17.84,67.0],[17.75,67.5],[17.22,68.0],[18.25,67.98],[18.25,68.2],[17.25,68.4],[17.06,68.75],[14.25,68.85],[10.75,69.74],[6.5,71.78],[0.25,76.56],[-0.61,77.75],[-1.34,81.0],[-1.3,81.75],[-0.84,82.5],[2.0,84.07],[7.25,85.19],[13.0,85.91],[22.0,86.51],[34.0,86.93],[65.5,87.29],[91.75,87.01],[112.25,86.24],[128.5,84.89],[147.5,81.94],[173.25,81.64],[177.5,81.39],[180.0,80.96]]}},{"type":"Feature","properties":{"level":1008},"geometry":{"type":"LineString","coordinates":[[-94.43,52.75],[-93.87,52.75],[-94.43,52.75]]}},{"type":"Feature","properties":{"level":1008},"geometry":{"type":"LineString","coordinates":[[135.76,61.25],[136.75,61.0],[137.5,61.49],[137.5,62.0],[137.08,62.25],[136.75,62.86],[136.0,63.01],[135.53,61.5],[135.76,61.25]]}},{"type":"Feature","properties":{"level":1008},"geometry":{"type":"LineString","coordinates":[[-32.5,62.71],[-33.07,63.25],[-32.58,63.25],[-31.84,62.75],[-32.0,62.51],[-32.5,62.71]]}},{"type":"Feature","properties":{"level":1008},"geometry":{"type":"LineString","coordinates":[[-180.0,67.9],[-179.08,67.5],[-179.0,67.15],[-178.08,67.0],[-179.18,66.5],[-179.09,66.25],[-178.0,65.99],[-176.67,65.0],[-175.23,63.0],[-174.76,59.75],[-175.08,58.75],[-174.75,58.5],[-175.14,58.0],[-174.86,57.5],[-175.32,56.5],[-175.26,56.0],[-176.0,53.65],[-177.7,51.5],[-179.09,50.25],[-179.28,49.75],[-180.0,49.47]]}},{"type":"Feature","properties":{"level":1008},"geometry":{"type":"LineString","coordinates":[[180.0,68.02],[180.0,67.9]]}},{"type":"Feature","properties":{"level":1008},"geometry":{"type":"LineString","coordinates":[[-180.0,80.96],[-178.12,80.25],[-176.88,79.5],[-176.48,78.25],[-175.48,76.5],[-175.62,73.0],[-174.87,69.5],[-175.25,68.68],[-177.0,67.67],[-178.25,67.55],[-180.0,68.02]]}},{"type":"Feature","properties":{"level":1012},"geometry":{"type":"LineString","coordinates":[[180.0,-89.78],[145.46,-89.5],[154.0,-89.26],[155.27,-89.0],[123.5,-88.43],[115.25,-87.71],[112.84,-87.25],[111.75,-86.75],[112.04,-85.75],[113.34,-84.25],[115.56,-83.5],[118.68,-83.0],[129.25,-82.14],[142.35,-80.0],[135.75,-79.67],[135.58,-79.5],[136.11,-79.0],[135.85,-78.75],[133.0,-77.92],[132.34,-77.5],[133.89,-76.25],[134.0,-75.64],[133.3,-75.25],[133.69,-74.5],[132.5,-73.72],[131.0,-73.57],[129.75,-73.04],[128.21,-73.5],[128.17,-73.75],[127.75,-73.88],[123.25,-74.16],[120.0,-74.77],[117.75,-74.9],[97.75,-73.91],[95.01,-74.0],[93.5,-74.29],[92.5,-75.25],[92.25,-75.82],[90.75,-75.75],[89.75,-76.09],[86.0,-75.8],[85.75,-76.0],[85.75,-76.82],[84.25,-77.06],[83.5,-77.53],[79.5,-78.01],[76.5,-78.07],[72.75,-78.65],[68.75,-78.35],[66.5,-78.52],[61.75,-78.08],[59.56,-77.0],[54.5,-76.19],[53.0,-75.56],[52.94,-75.25],[50.44,-74.25],[49.75,-73.6],[47.75,-73.3],[41.75,-73.53],[36.75,-74.41],[30.0,-75.0],[15.75,-74.34],[14.79,-74.5],[17.08,-75.5],[22.5,-75.86],[28.75,-77.04],[39.0,-77.48],[41.25,-78.11],[41.5,-78.25],[41.45,-78.75],[42.2,-79.25],[42.74,-80.0],[42.53,-81.0],[41.25,-82.0],[41.05,-83.0],[41.52,-83.75],[41.36,-84.5],[42.37,-85.0],[39.28,-85.5],[38.75,-86.25],[39.04,-86.75],[37.5,-86.88],[17.5,-87.14],[4.75,-87.8],[-71.5,-88.54],[-95.5,-89.47],[-180.0,-89.78]]}},{"type":"Feature","properties":{"level":1012},"geometry":{"type":"LineString","coordinates":[[52.5,-89.25],[58.37,-89.25],[52.5,-89.25]]}},{"type":"Feature","properties":{"level":1012},"geometry":{"type":"LineString","coordinates":[[-180.0,-54.97],[-172.46,-52.5],[-170.95,-51.75],[-170.12,-51.0],[-169.92,-50.5],[-168.0,-50.02],[-160.25,-50.43],[-154.5,-50.32],[-148.5,-49.22],[-145.15,-48.0],[-142.44,-46.75],[-140.25,-45.08],[-138.0,-43.76],[-133.5,-40.36],[-130.43,-38.5],[-128.75,-37.71],[-127.25,-37.33],[-123.75,-36.95],[-120.75,-36.3],[-119.25,-35.48],[-118.26,-34.25],[-117.2,-32.0],[-116.33,-31.0],[-115.77,-28.75],[-115.5,-28.71],[-113.25,-30.21],[-110.75,-31.08],[-109.5,-31.17],[-108.43,-31.75],[-107.62,-33.25],[-107.97,-34.25],[-108.27,-34.5],[-108.21,-37.0],[-107.0,-41.31],[-105.95,-43.5],[-104.25,-46.12],[-102.73,-48.0],[-100.75,-49.82],[-96.25,-52.83],[-88.0,-56.48],[-83.25,-57.64],[-76.25,-58.5],[-74.25,-58.68],[-69.75,-58.57],[-57.75,-57.45],[-47.5,-57.99],[-45.0,-57.64],[-42.72,-57.0],[-38.5,-55.2],[-36.25,-54.84],[-36.35,-54.5],[-37.49,-54.0],[-37.4,-53.5],[-36.75,-52.94],[-34.25,-51.95],[-29.25,-50.57],[-21.0,-45.94],[-18.45,-44.25],[-16.0,-42.14],[-15.49,-41.25],[-14.0,-40.14],[-13.22,-39.25],[-12.35,-37.5],[-11.25,-36.35],[-7.75,-35.0],[-5.75,-34.91],[-5.0,-35.15],[-4.5,-34.88],[-4.0,-35.12],[-3.5,-35.0],[-4.07,-34.75],[-3.5,-34.61],[4.0,-36.99],[12.0,-40.6],[13.5,-41.07],[20.25,-44.82],[26.8,-49.5],[30.5,-51.34],[34.0,-52.32],[40.75,-52.65],[52.25,-52.03],[57.5,-52.23],[65.25,-50.98],[72.75,-50.65],[80.0,-49.93],[84.25,-49.17],[90.31,-47.0],[96.78,-43.75],[103.52,-38.5],[112.0,-35.69],[113.5,-34.97],[114.76,-33.0],[115.13,-31.5],[116.25,-31.51],[116.5,-30.97],[118.23,-30.5],[118.8,-30.0],[118.89,-27.75],[119.29,-26.75],[118.76,-25.5],[119.32,-24.75],[118.9,-24.0],[119.49,-23.25],[118.44,-22.25],[118.21,-21.5],[118.5,-21.04],[118.81,-21.0],[119.5,-17.9],[120.0,-17.64],[120.25,-16.35],[120.75,-16.48],[120.74,-15.75],[121.0,-15.68],[121.25,-15.64],[121.75,-16.22],[123.25,-15.83],[123.75,-16.82],[124.12,-16.75],[125.25,-17.44],[127.25,-17.5],[127.25,-17.05],[126.75,-16.69],[126.21,-15.5],[125.5,-15.09],[125.0,-15.07],[124.75,-14.57],[124.25,-14.44],[123.91,-13.75],[124.25,-12.95],[125.87,-11.75],[125.75,-10.75],[126.28,-9.25],[127.25,-8.74],[127.75,-8.94],[127.87,-9.25],[127.12,-10.5],[127.03,-11.25],[127.87,-13.0],[129.0,-13.39],[129.5,-14.41],[129.75,-14.27],[130.25,-15.17],[131.75,-15.53],[132.25,-15.37],[132.95,-16.25],[132.66,-16.5],[133.0,-16.71],[133.75,-16.4],[134.44,-17.0],[134.3,-17.75],[133.63,-18.5],[133.75,-18.85],[134.15,-19.0],[133.5,-19.37],[133.25,-19.96],[131.5,-20.69],[130.64,-21.5],[130.48,-22.0],[130.81,-22.25],[130.62,-23.0],[129.63,-24.5],[129.75,-24.74],[130.0,-24.54],[130.4,-25.0],[130.25,-25.16],[129.75,-24.75],[129.04,-25.0],[129.58,-25.5],[129.27,-26.0],[130.58,-27.0],[132.07,-29.25],[133.24,-31.75],[133.95,-32.5],[134.51,-37.25],[134.48,-39.0],[134.97,-41.0],[136.75,-43.59],[140.57,-47.75],[143.75,-50.06],[148.25,-52.49],[153.75,-54.5],[160.25,-56.01],[165.25,-56.63],[170.25,-56.68],[174.25,-56.29],[180.0,-54.97]]}},{"type":"Feature","properties":{"level":1012},"geometry":{"type":"LineString","coordinates":[[166.0,-41.53],[165.47,-40.75],[165.65,-40.25],[165.56,-39.25],[166.01,-38.5],[166.63,-38.0],[167.75,-37.65],[168.25,-37.69],[169.19,-38.25],[169.53,-39.0],[169.52,-40.5],[169.0,-41.21],[168.0,-41.64],[166.0,-41.53]]}},{"type":"Feature","properties":{"level":1012},"geometry":{"type":"LineString","coordinates":[[-76.75,-38.75],[-77.3,-38.25],[-77.0,-37.45],[-76.25,-37.19],[-75.25,-37.61],[-75.32,-38.5],[-76.0,-38.85],[-76.75,-38.75]]}},{"type":"Feature","properties":{"level":1012},"geometry":{"type":"LineString","coordinates":[[-70.75,-28.33],[-70.75,-27.93],[-70.75,-28.33]]}},{"type":"Feature","properties":{"level":1012},"geometry":{"type":"LineString","coordinates":[[-49.25,-28.35],[-49.25,-28.19],[-49.25,-28.35]]}},{"type":"Feature","properties":{"level":1012},"geometry":{"type":"LineString","coordinates":[[-70.25,-27.57],[-70.33,-26.0],[-70.0,-25.81],[-70.0,-27.25],[-70.25,-27.57]]}},{"type":"Feature","properties":{"level":1012},"geometry":{"type":"LineString","coordinates":[[-44.25,-22.54],[-43.49,-22.25],[-44.25,-22.54]]}},{"type":"Feature","properties":{"level":1012},"geometry":{"type":"LineString","coordinates":[[-41.75,-22.52],[-41.91,-22.25],[-41.75,-21.66],[-42.75,-21.76],[-43.01,-22.0],[-43.0,-21.75],[-43.39,-21.5],[-43.5,-20.78],[-42.75,-21.11],[-42.0,-20.94],[-41.5,-21.12],[-41.25,-20.65],[-40.75,-20.66],[-40.5,-20.37],[-40.32,-20.75],[-41.11,-21.5],[-41.1,-22.25],[-41.5,-22.61],[-41.75,-22.52]]}},{"type":"Feature","properties":{"level":1012},"geometry":{"type":"LineString","coordinates":[[-66.51,-19.75],[-66.22,-19.5],[-66.4,-19.0],[-67.0,-18.67],[-67.1,-19.0],[-66.75,-19.07],[-66.51,-19.75]]}},{"type":"Feature","properties":{"level":1012},"geometry":{"type":"LineString","coordinates":[[-40.25,-18.98],[-40.25,-18.64],[-40.25,-18.98]]}},{"type":"Feature","properties":{"level":1012},"geometry":{"type":"LineString","coordinates":[[134.25,-18.92],[134.16,-18.5],[134.5,-18.39],[134.55,-18.75],[134.25,-18.92]]}},{"type":"Feature","properties":{"level":1012},"geometry":{"type":"LineString","coordinates":[[-71.53,-17.5],[-71.5,-17.21],[-71.95,-17.25],[-71.53,-17.5]]}},{"type":"Feature","properties":{"level":1012},"geometry":{"type":"LineString","coordinates":[[126.25,-17.39],[126.25,-17.17],[126.47,-17.25],[126.25,-17.39]]}},{"type":"Feature","properties":{"level":1012},"geometry":{"type":"LineString","coordinates":[[34.25,-16.77],[34.6,-16.5],[34.42,-16.25],[34.75,-15.81],[34.99,-16.5],[34.5,-16.86],[34.25,-16.77]]}},{"type":"Feature","properties":{"level":1012},"geometry":{"type":"LineString","coordinates":[[-67.88,-16.5],[-67.71,-16.5],[-68.5,-15.53],[-68.66,-15.75],[-67.88,-16.5]]}},{"type":"Feature","properties":{"level":1012},"geometry":{"type":"LineString","coordinates":[[-69.35,-16.25],[-68.76,-16.0],[-69.75,-15.48],[-69.93,-15.75],[-69.5,-15.82],[-69.35,-16.25]]}},{"type":"Feature","properties":{"level":1012},"geometry":{"type":"LineString","coordinates":[[33.5,-15.63],[33.5,-15.47],[33.5,-15.63]]}},{"type":"Feature","properties":{"level":1012},"geometry":{"type":"LineString","coordinates":[[-69.05,-15.25],[-68.75,-15.0],[-69.54,-14.0],[-71.5,-13.15],[-72.0,-12.36],[-72.26,-12.25],[-72.15,-12.75],[-72.5,-13.14],[-73.21,-13.0],[-73.0,-13.31],[-71.5,-13.46],[-71.0,-14.11],[-70.25,-14.12],[-69.05,-15.25]]}},{"type":"Feature","properties":{"level":1012},"geometry":{"type":"LineString","coordinates":[[35.25,-14.61],[34.75,-14.32],[34.25,-13.21],[34.17,-12.25],[34.43,-11.0],[33.75,-9.46],[34.61,-10.25],[34.53,-11.0],[35.0,-11.95],[35.5,-11.39],[36.15,-11.5],[35.75,-11.54],[34.73,-12.5],[34.63,-13.25],[35.0,-13.67],[35.25,-14.61]]}},{"type":"Feature","properties":{"level":1012},"geometry":{"type":"LineString","coordinates":[[36.25,-11.84],[36.25,-11.54],[36.51,-11.75],[36.25,-11.84]]}},{"type":"Feature","properties":{"level":1012},"geometry":{"type":"LineString","coordinates":[[18.13,-11.25],[18.75,-11.43],[19.02,-11.25],[19.28,-11.0],[19.17,-10.5],[18.75,-10.25],[18.5,-10.51],[18.25,-10.39],[18.0,-9.89],[17.25,-9.9],[17.22,-10.25],[17.67,-10.5],[18.13,-11.25]]}},{"type":"Feature","properties":{"level":1012},"geometry":{"type":"LineString","coordinates":[[161.88,-10.75],[162.2,-10.75],[162.0,-10.54],[161.88,-10.75]]}},{"type":"Feature","properties":{"level":1012},"geometry":{"type":"LineString","coordinates":[[180.0,-10.46],[177.75,-10.7],[174.25,-12.17],[171.75,-11.91],[170.75,-12.37],[169.0,-12.05],[164.5,-11.93],[158.75,-13.4],[157.75,-13.38],[154.25,-12.46],[153.1,-10.0],[153.36,-9.5],[153.01,-8.5],[151.91,-7.25],[151.82,-6.75],[152.78,-6.0],[152.25,-5.37],[152.47,-4.75],[151.75,-4.15],[151.56,-4.25],[151.68,-4.75],[150.75,-5.54],[148.5,-5.6],[148.41,-6.25],[148.0,-6.49],[147.5,-6.02],[145.5,-5.25],[145.61,-4.75],[145.25,-4.56],[145.07,-4.75],[145.48,-5.25],[145.0,-5.24],[144.5,-4.82],[141.65,-4.5],[141.5,-4.19],[141.0,-4.48],[140.47,-4.0],[141.01,-3.75],[140.75,-3.64],[140.25,-3.84],[139.0,-3.33],[137.25,-3.29],[136.5,-2.97],[135.25,-3.59],[134.0,-2.29],[133.66,-2.75],[133.85,-3.0],[133.6,-3.5],[134.0,-3.82],[135.0,-3.82],[135.5,-4.44],[136.5,-4.32],[139.41,-4.75],[140.75,-5.54],[141.95,-5.75],[142.51,-6.25],[142.57,-6.75],[142.34,-7.0],[141.5,-7.13],[140.5,-6.96],[138.95,-7.75],[138.86,-8.5],[140.0,-8.5],[140.26,-8.75],[139.74,-9.5],[139.0,-9.83],[136.5,-9.94],[135.99,-11.0],[136.39,-12.5],[137.25,-12.69],[138.15,-13.5],[138.03,-14.0],[136.95,-14.25],[138.54,-15.75],[139.05,-17.0],[139.0,-17.31],[138.75,-17.34],[138.0,-17.07],[136.25,-15.86],[135.5,-15.08],[135.15,-13.75],[135.36,-13.25],[134.53,-13.0],[134.47,-12.5],[134.81,-12.25],[134.44,-11.25],[133.0,-9.28],[131.44,-8.5],[131.66,-7.5],[131.5,-7.23],[131.0,-7.3],[130.05,-6.0],[129.94,-5.75],[130.44,-5.25],[131.38,-5.0],[131.14,-3.25],[131.25,-3.1],[131.75,-3.75],[131.9,-3.25],[131.25,-2.74],[128.25,-2.73],[127.78,-2.0],[128.16,-1.5],[127.15,-1.25],[127.99,-0.75],[127.92,0.25],[128.51,0.5],[128.25,0.75],[128.63,1.25],[128.56,1.5],[128.0,1.17],[127.75,1.93],[127.29,1.5],[127.25,1.1],[127.21,1.5],[127.0,1.57],[126.5,1.25],[126.0,1.5],[125.25,1.1],[125.0,1.68],[124.0,0.99],[121.5,1.08],[121.0,1.37],[120.75,0.92],[120.25,0.8],[120.0,0.07],[121.0,0.37],[122.5,0.25],[122.89,-0.25],[122.78,-0.5],[121.5,-0.78],[120.75,-1.28],[120.17,-0.75],[120.0,-0.12],[119.32,-2.25],[118.83,-3.0],[119.0,-3.54],[119.25,-3.48],[119.5,-3.78],[119.5,-5.37],[118.75,-5.78],[117.75,-5.6],[117.25,-4.71],[116.75,-4.6],[116.47,-4.25],[116.38,-2.0],[116.67,-1.0],[116.5,-0.85],[115.45,-1.5],[115.67,-2.25],[114.86,-3.75],[115.36,-4.5],[114.69,-5.25],[113.75,-5.66],[112.0,-4.85],[110.25,-4.61],[109.67,-4.25],[108.5,-4.55],[107.75,-3.58],[107.0,-3.77],[106.61,-2.75],[106.0,-2.5],[105.88,-0.75],[106.0,0.0],[106.33,0.25],[106.5,0.82],[106.83,0.0],[106.75,-0.75],[107.5,-1.32],[108.0,-1.61],[108.75,-1.62],[109.18,-1.0],[109.75,-1.04],[110.07,-1.5],[109.25,-1.69],[109.25,-1.88],[111.5,-2.72],[112.25,-2.39],[114.75,-0.29],[115.52,-0.25],[115.22,0.5],[115.75,0.36],[116.25,0.54],[116.75,1.26],[117.04,1.25],[117.13,1.0],[116.84,0.5],[117.25,0.07],[117.33,0.75],[117.66,1.0],[117.78,1.5],[117.75,1.78],[117.05,2.25],[117.0,2.52],[117.32,2.5],[117.16,3.0],[116.5,3.25],[116.71,4.0],[117.5,4.58],[118.09,4.5],[118.0,5.14],[117.25,5.5],[117.0,6.63],[115.5,6.37],[115.25,5.98],[114.75,6.07],[114.5,5.73],[113.75,5.5],[113.56,5.25],[113.77,5.0],[113.07,3.25],[111.25,2.1],[111.0,1.51],[110.25,1.89],[109.25,1.99],[109.15,2.25],[108.75,2.07],[108.28,2.75],[107.95,2.75],[108.75,4.1],[109.25,4.12],[109.41,4.5],[108.75,5.07],[108.25,4.97],[108.14,5.5],[107.14,6.0],[107.13,6.75],[107.5,7.43],[107.75,7.26],[107.91,7.5],[107.5,8.24],[107.15,8.25],[106.38,9.75],[107.4,10.5],[108.5,10.61],[109.41,11.0],[109.5,14.0],[109.32,14.75],[109.39,15.75],[109.68,16.25],[109.52,16.5],[109.8,16.75],[109.74,17.0],[110.75,17.88],[112.25,17.8],[113.0,18.14],[113.75,17.9],[114.75,18.33],[116.5,18.11],[117.0,18.33],[120.5,18.38],[120.64,17.5],[120.4,16.5],[121.13,15.75],[121.25,14.77],[121.5,14.67],[121.37,15.25],[121.61,15.75],[122.66,16.75],[123.0,17.5],[125.5,18.6],[127.59,20.0],[128.16,20.5],[129.2,22.5],[130.0,23.48],[132.75,24.83],[134.5,26.21],[136.75,26.58],[140.0,28.05],[143.25,28.4],[147.0,29.5],[150.25,31.49],[152.99,34.75],[153.51,36.75],[153.26,37.5],[153.73,38.5],[152.86,40.0],[152.7,41.5],[151.43,43.25],[150.97,44.75],[151.1,45.25],[150.44,46.5],[148.95,48.0],[143.75,50.08],[143.0,50.79],[142.5,50.61],[140.75,51.1],[140.25,51.55],[139.25,51.85],[138.75,52.4],[136.44,53.5],[135.59,54.75],[134.42,55.5],[134.69,56.5],[134.0,58.13],[133.36,58.75],[133.47,59.25],[132.68,59.75],[132.04,60.75],[131.5,60.94],[131.25,61.4],[129.5,62.15],[127.44,63.5],[127.07,64.0],[128.6,64.5],[128.92,64.5],[128.82,64.25],[129.0,64.21],[131.5,64.52],[134.25,63.91],[135.0,64.09],[135.75,63.73],[136.5,63.81],[137.25,63.41],[139.5,63.76],[140.66,64.5],[140.74,64.75],[140.46,65.0],[140.78,65.75],[140.42,66.0],[140.54,66.5],[139.59,66.75],[139.5,67.35],[137.25,67.74],[137.0,67.98],[136.5,67.92],[136.09,67.75],[136.53,67.5],[136.51,67.0],[136.25,66.73],[135.0,66.57],[132.5,65.71],[131.5,65.72],[130.62,66.25],[130.87,66.75],[130.75,67.08],[129.5,66.8],[128.89,67.25],[129.1,68.75],[127.75,69.44],[126.0,69.3],[123.75,68.3],[123.0,68.21],[120.25,68.81],[112.75,71.53],[107.25,72.27],[101.5,72.0],[97.75,71.46],[95.75,70.74],[90.75,70.36],[87.64,69.25],[87.33,68.5],[88.32,68.0],[88.15,67.75],[88.25,67.06],[89.5,66.78],[92.25,65.44],[94.0,64.87],[95.02,64.0],[97.05,63.0],[98.27,62.0],[98.8,61.0],[98.5,60.25],[98.0,60.06],[97.0,60.28],[94.25,59.85],[91.25,58.47],[89.0,57.95],[86.25,57.86],[80.0,58.3],[76.75,57.32],[73.75,55.68],[70.25,54.39],[67.0,53.93],[62.66,53.75],[59.75,54.19],[59.0,54.36],[58.5,54.79],[54.5,55.47],[49.25,57.09],[48.0,57.79],[45.0,58.7],[38.25,59.94],[35.25,60.76],[32.25,60.99],[29.25,62.08],[25.75,62.97],[19.5,63.6],[17.25,64.61],[15.07,64.75],[14.25,65.34],[13.5,65.23],[12.75,65.56],[11.25,65.23],[7.75,65.5],[2.43,66.75],[1.48,67.25],[0.69,68.0],[0.64,68.5],[1.15,69.0],[0.99,69.25],[1.13,70.25],[0.27,71.75],[-3.84,75.5],[-5.22,77.25],[-9.09,81.25],[-9.43,82.0],[-13.11,84.5],[-12.62,85.25],[-11.72,85.75],[-8.3,86.5],[-2.0,87.21],[8.25,87.82],[38.25,88.5],[81.25,88.5],[104.75,88.12],[123.5,87.39],[136.0,86.41],[155.25,84.25],[180.0,82.86]]}},{"type":"Feature","properties":{"level":1012},"geometry":{"type":"LineString","coordinates":[[159.87,-9.75],[160.69,-9.75],[160.0,-9.48],[159.87,-9.75]]}},{"type":"Feature","properties":{"level":1012},"geometry":{"type":"LineString","coordinates":[[31.16,-9.25],[31.25,-9.4],[31.58,-9.0],[32.32,-8.75],[31.9,-8.0],[31.25,-7.5],[31.05,-7.75],[31.44,-8.75],[31.16,-9.25]]}},{"type":"Feature","properties":{"level":1012},"geometry":{"type":"LineString","coordinates":[[15.47,-8.75],[16.0,-8.64],[16.26,-8.0],[15.0,-6.48],[14.91,-7.75],[15.16,-8.25],[14.99,-8.5],[15.47,-8.75]]}},{"type":"Feature","properties":{"level":1012},"geometry":{"type":"LineString","coordinates":[[129.75,-7.02],[129.75,-6.67],[129.75,-7.02]]}},{"type":"Feature","properties":{"level":1012},"geometry":{"type":"LineString","coordinates":[[155.31,-6.5],[155.5,-6.68],[155.85,-6.5],[155.0,-5.59],[154.73,-5.75],[154.81,-6.0],[155.31,-6.5]]}},{"type":"Feature","properties":{"level":1012},"geometry":{"type":"LineString","coordinates":[[147.92,-5.75],[148.13,-5.75],[147.92,-5.75]]}},{"type":"Feature","properties":{"level":1012},"geometry":{"type":"LineString","coordinates":[[152.71,-4.75],[153.0,-4.78],[153.15,-4.5],[152.75,-3.85],[152.56,-4.0],[152.71,-4.75]]}},{"type":"Feature","properties":{"level":1012},"geometry":{"type":"LineString","coordinates":[[12.06,-4.25],[12.26,-4.25],[12.06,-4.25]]}},{"type":"Feature","properties":{"level":1012},"geometry":{"type":"LineString","coordinates":[[28.61,-4.25],[28.75,-4.38],[29.15,-3.5],[28.83,-2.75],[29.0,-2.58],[29.4,-3.0],[29.43,-3.75],[29.75,-4.08],[30.36,-3.25],[30.72,-2.25],[30.23,-1.5],[30.21,-1.0],[30.6,-0.25],[31.5,0.09],[31.75,-0.13],[33.13,0.5],[32.49,0.75],[32.25,2.4],[31.5,2.2],[31.0,2.98],[31.0,3.52],[30.0,3.44],[29.25,4.1],[28.6,3.25],[28.25,3.25],[27.87,2.75],[28.48,2.25],[28.17,1.75],[29.75,0.9],[30.58,1.25],[30.5,0.96],[29.5,0.42],[29.25,0.64],[28.84,0.5],[28.39,-0.75],[28.23,-2.25],[28.58,-2.75],[28.07,-3.75],[28.61,-4.25]]}},{"type":"Feature","properties":{"level":1012},"geometry":{"type":"LineString","coordinates":[[132.8,-4.0],[133.0,-4.2],[133.38,-4.0],[133.26,-3.5],[132.25,-2.56],[131.93,-2.75],[132.02,-3.0],[132.9,-3.5],[132.59,-3.75],[132.8,-4.0]]}},{"type":"Feature","properties":{"level":1012},"geometry":{"type":"LineString","coordinates":[[141.87,-3.5],[143.26,-3.5],[141.75,-3.14],[140.91,-3.25],[141.87,-3.5]]}},{"type":"Feature","properties":{"level":1012},"geometry":{"type":"LineString","coordinates":[[151.92,-3.5],[152.08,-3.5],[152.0,-3.14],[151.92,-3.5]]}},{"type":"Feature","properties":{"level":1012},"geometry":{"type":"LineString","coordinates":[[-79.51,-3.25],[-79.0,-2.72],[-78.5,-2.66],[-78.19,-2.0],[-78.1,-1.0],[-77.67,-0.5],[-77.86,-0.25],[-77.73,0.25],[-77.42,0.5],[-77.73,0.75],[-77.75,1.37],[-78.78,0.5],[-78.5,0.23],[-78.25,0.66],[-78.0,0.64],[-77.8,0.25],[-78.41,-0.5],[-78.46,-1.5],[-78.86,-1.0],[-78.58,-0.5],[-78.75,-0.01],[-79.04,-0.5],[-79.06,-2.25],[-79.53,-2.75],[-79.51,-3.25]]}},{"type":"Feature","properties":{"level":1012},"geometry":{"type":"LineString","coordinates":[[12.34,-2.75],[12.77,-2.75],[13.01,-2.25],[12.86,-1.75],[12.0,-1.28],[11.49,-0.5],[11.0,-0.37],[10.93,-0.75],[11.22,-1.0],[11.09,-1.5],[12.34,-2.75]]}},{"type":"Feature","properties":{"level":1012},"geometry":{"type":"LineString","coordinates":[[35.75,-2.61],[36.25,-1.62],[36.42,-2.0],[36.25,-2.55],[35.75,-2.61]]}},{"type":"Feature","properties":{"level":1012},"geometry":{"type":"LineString","coordinates":[[125.5,-2.54],[125.5,-2.36],[125.82,-2.5],[125.5,-2.54]]}},{"type":"Feature","properties":{"level":1012},"geometry":{"type":"LineString","coordinates":[[137.51,-2.5],[137.75,-2.65],[137.92,-2.5],[137.51,-2.5]]}},{"type":"Feature","properties":{"level":1012},"geometry":{"type":"LineString","coordinates":[[130.03,-2.0],[130.29,-2.0],[130.25,-1.59],[130.0,-1.72],[130.03,-2.0]]}},{"type":"Feature","properties":{"level":1012},"geometry":{"type":"LineString","coordinates":[[133.34,-2.0],[134.0,-2.05],[134.21,-1.25],[133.75,-0.84],[132.75,-0.36],[131.47,-0.75],[131.54,-1.25],[133.34,-2.0]]}},{"type":"Feature","properties":{"level":1012},"geometry":{"type":"LineString","coordinates":[[130.57,-1.0],[130.75,-1.19],[131.1,-1.0],[130.75,-0.84],[130.57,-1.0]]}},{"type":"Feature","properties":{"level":1012},"geometry":{"type":"LineString","coordinates":[[29.5,-0.85],[29.5,-0.27],[30.39,0.25],[30.48,0.0],[29.5,-0.85]]}},{"type":"Feature","properties":{"level":1012},"geometry":{"type":"LineString","coordinates":[[3.75,-0.54],[3.91,-0.5],[3.75,-0.54]]}},{"type":"Feature","properties":{"level":1012},"geometry":{"type":"LineString","coordinates":[[111.75,-0.26],[111.5,-0.19],[111.5,0.1],[111.75,0.02],[111.75,-0.26]]}},{"type":"Feature","properties":{"level":1012},"geometry":{"type":"LineString","coordinates":[[127.5,-0.3],[127.16,0.0],[127.5,0.31],[127.5,-0.3]]}},{"type":"Feature","properties":{"level":1012},"geometry":{"type":"LineString","coordinates":[[130.87,-0.25],[131.14,-0.25],[130.87,-0.25]]}},{"type":"Feature","properties":{"level":1012},"geometry":{"type":"LineString","coordinates":[[6.37,0.25],[6.77,0.25],[6.37,0.25]]}},{"type":"Feature","properties":{"level":1012},"geometry":{"type":"LineString","coordinates":[[10.82,0.25],[11.5,0.6],[12.0,0.44],[12.0,1.1],[12.75,1.25],[12.57,1.75],[11.73,2.0],[12.09,3.0],[11.84,3.5],[12.0,3.69],[12.59,3.25],[12.4,2.5],[13.0,1.97],[14.36,1.5],[14.5,1.0],[14.4,2.5],[13.81,4.25],[14.09,4.75],[14.5,4.72],[14.75,5.0],[15.0,6.42],[15.25,6.28],[15.55,6.75],[14.57,7.0],[14.25,8.08],[13.25,7.8],[12.75,7.98],[12.5,7.62],[11.75,7.58],[11.5,7.17],[11.0,7.39],[10.82,6.75],[9.36,6.25],[9.79,5.5],[9.5,5.07],[9.0,5.27],[8.87,5.0],[9.25,4.58],[9.5,4.86],[10.14,4.5],[10.58,3.75],[9.78,1.25],[10.14,0.5],[10.82,0.25]]}},{"type":"Feature","properties":{"level":1012},"geometry":{"type":"LineString","coordinates":[[112.75,0.69],[112.75,0.95],[112.93,0.75],[112.75,0.69]]}},{"type":"Feature","properties":{"level":1012},"geometry":{"type":"LineString","coordinates":[[105.75,0.99],[104.94,1.75],[104.75,2.31],[104.5,2.09],[104.25,2.26],[104.15,2.5],[104.5,3.02],[105.25,2.71],[106.2,1.5],[106.4,1.0],[105.75,0.99]]}},{"type":"Feature","properties":{"level":1012},"geometry":{"type":"LineString","coordinates":[[127.75,0.93],[127.75,1.09],[127.75,0.93]]}},{"type":"Feature","properties":{"level":1012},"geometry":{"type":"LineString","coordinates":[[-76.73,1.75],[-76.28,1.75],[-76.34,2.0],[-75.65,2.75],[-75.63,3.5],[-75.02,4.75],[-75.11,6.0],[-74.91,6.5],[-75.5,7.12],[-75.81,6.75],[-75.43,5.5],[-75.68,4.5],[-76.14,4.0],[-76.73,1.75]]}},{"type":"Feature","properties":{"level":1012},"geometry":{"type":"LineString","coordinates":[[108.75,1.63],[108.75,1.89],[108.75,1.63]]}},{"type":"Feature","properties":{"level":1012},"geometry":{"type":"LineString","coordinates":[[128.32,2.25],[128.62,2.25],[128.5,2.54],[128.32,2.25]]}},{"type":"Feature","properties":{"level":1012},"geometry":{"type":"LineString","coordinates":[[22.95,2.5],[23.38,2.5],[22.95,2.5]]}},{"type":"Feature","properties":{"level":1012},"geometry":{"type":"LineString","coordinates":[[42.5,3.24],[42.25,3.75],[41.78,4.0],[41.91,4.25],[41.68,4.75],[42.0,5.43],[42.81,4.0],[42.5,3.24]]}},{"type":"Feature","properties":{"level":1012},"geometry":{"type":"LineString","coordinates":[[-74.75,3.5],[-74.17,3.5],[-73.49,4.5],[-73.76,5.25],[-73.5,5.6],[-72.75,5.33],[-71.91,6.5],[-72.33,7.0],[-72.25,7.54],[-72.75,7.67],[-73.25,8.4],[-73.16,7.0],[-72.57,6.5],[-73.0,6.41],[-73.5,5.91],[-73.75,6.12],[-73.95,6.0],[-74.75,3.5]]}},{"type":"Feature","properties":{"level":1012},"geometry":{"type":"LineString","coordinates":[[111.24,3.5],[111.5,3.77],[111.25,3.83],[111.24,3.5]]}},{"type":"Feature","properties":{"level":1012},"geometry":{"type":"LineString","coordinates":[[12.75,3.58],[12.36,4.0],[13.0,5.19],[13.62,4.25],[12.75,3.58]]}},{"type":"Feature","properties":{"level":1012},"geometry":{"type":"LineString","coordinates":[[11.0,4.13],[11.25,6.27],[11.98,5.25],[11.81,5.0],[12.41,4.75],[12.0,4.72],[11.75,4.06],[11.0,4.13]]}},{"type":"Feature","properties":{"level":1012},"geometry":{"type":"LineString","coordinates":[[107.75,4.15],[107.58,4.25],[107.93,4.25],[107.75,4.15]]}},{"type":"Feature","properties":{"level":1012},"geometry":{"type":"LineString","coordinates":[[-154.52,4.5],[-154.5,4.32],[-154.52,4.5]]}},{"type":"Feature","properties":{"level":1012},"geometry":{"type":"LineString","coordinates":[[10.5,4.7],[10.28,4.75],[10.5,4.7]]}},{"type":"Feature","properties":{"level":1012},"geometry":{"type":"LineString","coordinates":[[45.0,4.74],[44.0,5.18],[43.75,5.67],[42.64,6.25],[43.5,6.26],[43.75,5.89],[44.75,5.5],[45.13,5.0],[45.0,4.74]]}},{"type":"Feature","properties":{"level":1012},"geometry":{"type":"LineString","coordinates":[[113.14,4.75],[113.33,4.75],[113.47,5.25],[113.25,5.54],[112.95,5.25],[113.14,4.75]]}},{"type":"Feature","properties":{"level":1012},"geometry":{"type":"LineString","coordinates":[[-155.93,5.0],[-155.45,5.0],[-155.76,5.75],[-156.5,6.15],[-156.75,5.93],[-157.25,6.0],[-157.18,5.75],[-155.93,5.0]]}},{"type":"Feature","properties":{"level":1012},"geometry":{"type":"LineString","coordinates":[[-76.11,5.25],[-75.74,5.5],[-75.91,6.5],[-76.25,6.73],[-76.11,5.25]]}},{"type":"Feature","properties":{"level":1012},"geometry":{"type":"LineString","coordinates":[[105.0,5.91],[104.69,6.25],[105.0,6.81],[105.25,6.9],[105.99,6.5],[105.0,5.91]]}},{"type":"Feature","properties":{"level":1012},"geometry":{"type":"LineString","coordinates":[[124.68,6.0],[124.96,6.0],[125.16,6.5],[125.0,6.66],[124.75,6.41],[124.25,6.96],[124.09,6.5],[124.68,6.0]]}},{"type":"Feature","properties":{"level":1012},"geometry":{"type":"LineString","coordinates":[[106.25,6.18],[105.99,6.75],[106.25,6.88],[106.54,6.25],[106.25,6.18]]}},{"type":"Feature","properties":{"level":1012},"geometry":{"type":"LineString","coordinates":[[22.23,6.75],[23.0,6.58],[23.3,6.75],[23.4,7.0],[23.02,7.25],[23.25,8.61],[22.25,8.5],[21.86,8.0],[22.23,6.75]]}},{"type":"Feature","properties":{"level":1012},"geometry":{"type":"LineString","coordinates":[[125.05,7.0],[125.25,6.83],[125.43,7.0],[125.49,8.25],[125.0,8.84],[124.75,8.39],[123.92,8.0],[123.93,7.75],[124.5,7.38],[125.01,7.75],[125.05,7.0]]}},{"type":"Feature","properties":{"level":1012},"geometry":{"type":"LineString","coordinates":[[-72.18,8.0],[-71.0,8.23],[-70.13,9.5],[-71.0,9.16],[-72.18,8.0]]}},{"type":"Feature","properties":{"level":1012},"geometry":{"type":"LineString","coordinates":[[122.97,8.0],[123.24,8.0],[122.97,8.0]]}},{"type":"Feature","properties":{"level":1012},"geometry":{"type":"LineString","coordinates":[[106.75,8.25],[106.59,8.5],[106.75,8.69],[106.96,8.5],[106.75,8.25]]}},{"type":"Feature","properties":{"level":1012},"geometry":{"type":"LineString","coordinates":[[-83.01,9.0],[-82.62,9.0],[-83.75,10.0],[-84.11,10.0],[-83.99,9.5],[-83.01,9.0]]}},{"type":"Feature","properties":{"level":1012},"geometry":{"type":"LineString","coordinates":[[13.51,9.25],[13.75,9.03],[13.75,9.37],[13.5,9.55],[13.51,9.25]]}},{"type":"Feature","properties":{"level":1012},"geometry":{"type":"LineString","coordinates":[[45.5,10.69],[45.35,10.75],[45.5,10.69]]}},{"type":"Feature","properties":{"level":1012},"geometry":{"type":"LineString","coordinates":[[42.0,11.5],[42.26,11.5],[42.0,11.5]]}},{"type":"Feature","properties":{"level":1012},"geometry":{"type":"LineString","coordinates":[[-91.65,14.75],[-90.97,14.75],[-92.25,15.42],[-91.65,14.75]]}},{"type":"Feature","properties":{"level":1012},"geometry":{"type":"LineString","coordinates":[[-24.49,15.0],[-24.25,14.75],[-24.05,15.0],[-24.25,15.23],[-24.49,15.0]]}},{"type":"Feature","properties":{"level":1012},"geometry":{"type":"LineString","coordinates":[[108.75,15.92],[108.75,16.22],[108.75,15.92]]}},{"type":"Feature","properties":{"level":1012},"geometry":{"type":"LineString","coordinates":[[-45.86,16.25],[-45.56,16.25],[-45.86,16.25]]}},{"type":"Feature","properties":{"level":1012},"geometry":{"type":"LineString","coordinates":[[108.75,16.25],[108.58,16.5],[108.75,16.74],[108.92,16.5],[108.75,16.25]]}},{"type":"Feature","properties":{"level":1012},"geometry":{"type":"LineString","coordinates":[[49.0,17.46],[48.07,18.5],[48.03,19.75],[48.41,20.25],[48.33,20.5],[50.0,22.54],[50.5,22.72],[52.25,24.31],[52.47,24.25],[52.34,23.5],[53.0,22.79],[55.25,23.17],[55.59,23.0],[55.6,21.75],[55.31,21.75],[54.75,22.38],[54.51,22.25],[54.78,21.5],[54.58,21.0],[54.0,20.24],[52.5,19.32],[51.75,18.32],[50.75,18.18],[49.5,17.49],[49.0,17.46]]}},{"type":"Feature","properties":{"level":1012},"geometry":{"type":"LineString","coordinates":[[-180.0,18.09],[-179.43,18.75],[-178.5,18.78],[-178.17,19.0],[-178.23,19.25],[-177.0,19.62],[-175.5,20.45],[-175.25,21.22],[-174.0,22.0],[-174.43,22.25],[-174.39,22.5],[-173.0,23.28],[-172.18,23.25],[-171.75,23.72],[-171.4,23.75],[-171.5,24.14],[-170.75,24.01],[-170.5,24.44],[-170.0,24.34],[-169.89,24.5],[-170.78,25.0],[-170.8,26.0],[-169.68,27.5],[-169.08,29.0],[-167.43,31.25],[-165.0,33.66],[-163.5,34.68],[-162.75,34.59],[-160.5,36.09],[-159.5,36.34],[-156.75,37.8],[-155.52,36.75],[-155.13,35.0],[-156.2,31.75],[-156.09,30.0],[-156.95,26.0],[-157.07,24.25],[-156.99,22.75],[-156.08,21.25],[-156.69,20.75],[-155.97,20.25],[-156.18,19.75],[-155.79,18.25],[-154.25,17.92],[-153.5,17.3],[-150.25,15.98],[-144.5,15.96],[-143.0,15.57],[-140.75,15.62],[-139.0,15.35],[-135.5,15.9],[-132.25,15.9],[-130.99,16.75],[-131.01,17.25],[-130.55,18.0],[-130.84,19.5],[-130.5,21.51],[-129.92,23.0],[-128.82,24.75],[-127.22,26.5],[-123.88,28.75],[-122.33,30.5],[-122.34,32.5],[-122.97,36.0],[-122.61,37.5],[-121.88,38.0],[-122.75,38.08],[-123.08,38.5],[-123.0,38.7],[-122.25,38.3],[-121.99,38.5],[-122.28,39.5],[-122.25,39.89],[-122.0,39.91],[-119.0,36.5],[-118.77,35.25],[-119.5,35.17],[-120.0,35.64],[-120.25,35.56],[-119.75,34.63],[-119.0,34.48],[-118.5,34.68],[-118.09,34.25],[-117.25,34.23],[-116.5,33.29],[-116.61,34.0],[-115.97,34.0],[-116.99,35.0],[-116.48,35.5],[-117.45,35.75],[-117.0,35.79],[-116.91,36.0],[-117.32,36.75],[-116.25,36.61],[-115.5,34.92],[-114.94,35.5],[-115.27,36.25],[-114.8,36.5],[-114.75,36.85],[-114.25,36.9],[-113.91,36.25],[-114.3,35.5],[-113.93,35.0],[-113.5,34.95],[-112.5,34.19],[-111.75,34.38],[-111.29,34.25],[-110.0,33.16],[-109.25,32.87],[-109.25,32.22],[-109.5,32.32],[-109.75,32.94],[-110.32,33.0],[-110.25,32.5],[-109.63,32.25],[-109.63,31.75],[-109.03,31.25],[-109.11,31.0],[-108.75,30.5],[-108.92,30.0],[-108.36,29.0],[-108.15,27.5],[-107.44,26.75],[-107.1,25.5],[-106.14,24.75],[-106.12,24.25],[-105.75,24.0],[-105.63,23.5],[-104.75,23.1],[-104.5,23.35],[-104.5,22.96],[-104.0,23.25],[-103.25,22.66],[-102.75,22.81],[-102.5,22.12],[-102.25,22.67],[-102.0,22.63],[-101.53,21.25],[-101.0,20.83],[-100.43,20.75],[-100.37,20.25],[-99.75,19.72],[-99.75,19.39],[-100.25,19.68],[-100.48,19.5],[-100.0,18.83],[-99.0,19.14],[-98.5,18.92],[-98.25,19.57],[-98.0,19.23],[-97.86,19.5],[-97.5,19.51],[-97.4,18.75],[-97.0,18.29],[-96.87,19.75],[-97.75,20.12],[-99.0,21.43],[-99.58,21.5],[-99.38,22.25],[-99.5,22.75],[-99.17,23.0],[-99.13,23.75],[-99.69,25.5],[-99.34,26.0],[-99.69,26.75],[-99.5,27.31],[-99.25,27.37],[-98.75,26.75],[-97.75,27.63],[-97.49,27.5],[-97.5,27.04],[-97.25,26.99],[-95.75,27.98],[-95.56,28.5],[-96.08,28.75],[-95.5,29.2],[-95.35,29.0],[-95.6,28.75],[-95.5,28.54],[-95.0,28.91],[-93.5,28.99],[-93.0,29.25],[-94.5,29.56],[-94.56,29.75],[-94.0,30.59],[-93.47,30.5],[-93.25,30.09],[-93.18,30.75],[-93.0,30.82],[-92.25,30.74],[-92.24,30.0],[-91.25,29.69],[-88.75,30.11],[-84.25,29.96],[-82.75,30.67],[-82.25,30.5],[-81.75,31.01],[-79.75,31.7],[-78.5,31.95],[-76.5,31.77],[-76.0,32.01],[-75.0,30.72],[-74.5,30.82],[-73.01,30.0],[-72.2,29.25],[-71.42,27.75],[-71.69,26.75],[-71.52,26.0],[-70.59,25.25],[-70.25,24.32],[-69.5,24.04],[-69.0,23.44],[-66.25,22.96],[-65.25,22.43],[-63.97,22.25],[-62.25,21.24],[-60.5,20.63],[-60.0,20.25],[-60.0,19.94],[-59.45,20.0],[-58.75,19.34],[-58.23,19.25],[-57.25,18.18],[-56.25,18.48],[-55.75,18.22],[-54.75,18.41],[-53.5,18.0],[-52.5,18.16],[-50.75,17.63],[-50.5,17.24],[-48.5,17.43],[-47.25,16.65],[-46.0,16.77],[-45.5,17.38],[-45.25,17.31],[-45.5,16.26],[-44.35,16.25],[-44.48,15.75],[-44.0,15.37],[-43.5,15.38],[-43.25,15.03],[-42.75,15.42],[-41.25,14.77],[-40.25,15.04],[-39.0,15.01],[-38.5,14.72],[-37.0,14.95],[-35.5,14.6],[-34.5,14.96],[-32.75,14.92],[-32.0,15.17],[-29.75,15.06],[-29.25,14.78],[-28.0,14.96],[-26.5,14.71],[-25.55,15.0],[-24.75,15.72],[-23.25,15.95],[-19.75,17.08],[-18.0,18.03],[-17.5,18.07],[-16.75,17.65],[-16.25,17.84],[-16.0,18.34],[-14.5,18.39],[-13.75,19.58],[-13.25,19.96],[-12.25,19.85],[-10.25,20.7],[-7.0,21.52],[-5.75,21.98],[-4.25,22.92],[-3.5,22.88],[-2.25,24.03],[-1.75,23.69],[-1.0,24.25],[0.0,23.44],[1.25,24.56],[2.25,24.45],[2.5,24.64],[3.0,24.31],[3.5,24.42],[4.05,24.0],[3.71,23.0],[4.0,22.25],[3.41,20.5],[4.0,20.41],[4.5,20.84],[5.0,20.47],[6.5,20.73],[7.75,20.34],[8.25,19.82],[8.7,18.75],[8.48,17.75],[8.75,17.52],[9.3,17.75],[9.39,18.25],[9.81,18.5],[9.75,19.06],[10.32,19.5],[10.52,20.25],[11.11,20.75],[11.75,21.03],[12.75,20.81],[13.25,20.42],[13.75,20.48],[14.25,21.25],[15.0,21.48],[15.75,21.23],[16.25,20.12],[17.0,20.07],[17.5,19.26],[19.25,18.85],[20.75,19.09],[22.11,18.75],[22.59,18.0],[21.78,17.5],[23.0,15.96],[24.0,15.92],[23.76,16.5],[24.5,17.05],[25.25,17.38],[26.5,17.45],[28.25,18.22],[29.0,19.35],[30.25,20.6],[31.0,20.77],[31.75,21.62],[32.0,21.7],[32.5,21.13],[33.0,21.5],[32.85,22.0],[33.12,22.75],[33.75,22.84],[34.71,22.0],[34.7,21.0],[35.0,20.61],[35.75,20.9],[35.95,20.75],[36.03,20.25],[35.66,19.75],[36.0,19.52],[35.99,18.75],[36.79,18.0],[37.2,18.0],[37.5,19.2],[38.0,19.39],[38.5,18.69],[39.0,19.05],[39.64,19.0],[39.38,18.5],[39.75,17.67],[40.25,17.66],[40.75,17.29],[41.5,18.14],[42.14,17.75],[42.45,17.25],[42.44,16.5],[43.0,15.97],[43.55,13.25],[43.5,12.78],[42.75,12.74],[41.75,13.68],[41.5,13.62],[41.54,13.25],[41.98,13.0],[42.04,12.5],[42.33,12.25],[41.67,11.75],[41.86,11.25],[41.35,11.25],[41.25,11.46],[40.9,11.25],[40.16,12.5],[39.95,15.0],[39.07,15.75],[38.66,17.25],[38.25,17.95],[37.93,18.0],[37.88,17.25],[38.12,17.0],[37.89,16.25],[38.36,15.25],[38.0,14.82],[37.5,14.7],[36.58,13.25],[36.6,12.5],[36.16,12.25],[36.1,11.75],[35.43,10.75],[35.75,9.86],[34.5,10.84],[33.98,9.5],[34.02,9.0],[34.75,8.22],[34.86,6.75],[35.32,6.5],[34.95,6.0],[35.09,5.75],[35.25,5.64],[36.0,6.35],[36.5,5.22],[36.75,5.11],[37.0,5.62],[37.0,4.25],[37.57,4.0],[37.59,3.25],[38.08,2.75],[37.67,2.25],[37.75,2.03],[38.0,1.86],[38.5,2.46],[39.05,2.25],[39.39,1.25],[39.25,1.03],[38.5,1.0],[37.0,2.33],[36.75,2.19],[36.25,0.65],[36.0,0.58],[35.74,1.25],[35.25,1.69],[35.0,1.45],[34.25,1.43],[33.8,1.0],[33.67,0.5],[34.99,-0.25],[34.39,-1.0],[34.71,-1.5],[34.53,-1.75],[35.04,-2.25],[34.57,-2.75],[34.75,-3.5],[35.34,-3.5],[34.49,-4.25],[34.66,-4.5],[34.44,-5.5],[33.91,-6.0],[33.77,-7.0],[32.46,-7.75],[32.75,-7.84],[33.08,-8.5],[32.62,-8.75],[32.47,-9.25],[33.24,-10.0],[33.44,-11.0],[32.89,-12.0],[32.91,-13.25],[32.5,-13.54],[31.75,-13.49],[31.5,-14.3],[30.52,-15.0],[31.0,-15.5],[32.0,-15.49],[32.48,-15.25],[32.5,-14.4],[33.0,-14.75],[33.25,-15.63],[34.04,-15.75],[34.1,-16.5],[33.25,-16.75],[32.63,-16.25],[32.75,-15.73],[31.5,-16.33],[29.25,-16.14],[29.0,-16.88],[28.54,-17.0],[29.08,-17.25],[28.75,-17.53],[27.48,-17.25],[28.75,-15.86],[30.06,-15.25],[30.0,-14.87],[29.25,-15.11],[28.92,-15.0],[28.95,-14.75],[29.75,-14.63],[30.25,-14.0],[30.75,-13.96],[31.48,-13.0],[31.72,-12.0],[32.19,-11.5],[32.7,-10.0],[32.5,-9.83],[32.2,-10.0],[32.25,-10.55],[31.25,-11.19],[30.75,-12.42],[30.25,-11.89],[29.5,-11.96],[29.0,-12.34],[27.0,-11.57],[27.12,-11.25],[26.68,-10.75],[26.5,-9.32],[25.75,-9.79],[24.25,-10.03],[23.5,-10.83],[22.5,-11.04],[22.24,-11.5],[22.25,-12.54],[23.25,-13.04],[24.25,-12.71],[24.75,-13.37],[25.03,-13.25],[25.77,-13.5],[25.69,-14.0],[25.0,-14.09],[24.0,-15.0],[24.42,-15.75],[24.25,-15.96],[24.0,-15.75],[23.67,-16.0],[24.03,-16.75],[24.5,-16.87],[25.0,-17.7],[25.5,-17.67],[25.0,-17.91],[24.84,-18.5],[25.34,-19.5],[26.27,-20.0],[26.36,-20.25],[25.87,-21.0],[24.5,-21.1],[24.35,-21.0],[24.68,-20.75],[24.0,-20.63],[18.73,-21.75],[18.59,-22.0],[19.07,-22.25],[19.25,-22.91],[19.5,-22.89],[19.94,-23.75],[20.6,-24.25],[20.94,-25.25],[20.69,-26.0],[20.0,-26.01],[19.61,-26.5],[17.75,-27.4],[17.25,-27.09],[17.44,-26.0],[17.26,-25.0],[16.91,-24.5],[16.91,-23.25],[17.23,-22.5],[16.53,-22.25],[16.25,-21.34],[15.75,-21.62],[15.44,-21.5],[15.7,-21.0],[15.14,-20.75],[15.2,-20.25],[14.88,-20.0],[14.82,-19.5],[14.12,-19.5],[13.9,-19.25],[14.06,-18.5],[13.25,-18.21],[13.37,-17.75],[13.0,-17.16],[12.75,-17.18],[12.75,-16.94],[14.25,-15.41],[13.94,-15.0],[14.0,-14.62],[12.98,-14.5],[13.58,-14.0],[13.36,-13.5],[13.75,-13.38],[14.25,-14.23],[15.12,-13.25],[14.97,-12.75],[15.31,-12.5],[15.24,-11.5],[16.0,-11.56],[16.39,-11.25],[16.4,-10.5],[16.01,-10.25],[16.0,-9.94],[15.55,-10.0],[15.25,-10.48],[14.04,-10.25],[13.95,-9.0],[14.57,-8.5],[14.17,-7.75],[13.55,-7.5],[13.25,-6.76],[12.2,-6.0],[12.36,-5.75],[12.0,-5.63],[11.83,-5.25],[12.06,-4.75],[11.85,-4.5],[12.01,-4.0],[10.8,-3.0],[10.5,-2.36],[9.0,-1.74],[8.25,-0.92],[7.75,-0.75],[7.05,-1.25],[7.0,-1.78],[6.91,-1.25],[6.0,-0.72],[5.0,-1.42],[4.75,-1.37],[4.25,-0.5],[4.47,0.0],[4.0,0.69],[3.25,0.52],[1.75,1.05],[0.75,0.54],[-0.25,1.39],[-0.75,1.43],[-1.0,2.0],[-1.5,2.18],[-1.75,2.59],[-2.25,2.39],[-4.0,2.61],[-4.75,2.2],[-5.5,2.47],[-7.0,2.08],[-9.25,2.1],[-9.55,1.5],[-10.25,1.14],[-12.0,1.33],[-13.25,1.04],[-13.5,1.17],[-14.55,0.0],[-14.36,-0.5],[-14.75,-0.9],[-17.75,-1.62],[-18.25,-2.0],[-18.52,-3.0],[-19.75,-3.36],[-20.25,-3.23],[-22.25,-4.48],[-22.5,-5.04],[-23.5,-5.1],[-24.5,-4.69],[-24.81,-5.0],[-28.25,-6.19],[-28.5,-6.01],[-29.75,-6.21],[-32.0,-6.11],[-33.75,-5.67],[-35.0,-5.96],[-35.18,-7.75],[-36.5,-8.91],[-36.76,-10.0],[-37.93,-10.75],[-38.5,-12.37],[-39.0,-12.44],[-39.79,-13.0],[-40.07,-13.5],[-39.64,-14.0],[-39.84,-14.75],[-39.67,-15.5],[-40.41,-16.75],[-40.25,-17.1],[-39.75,-17.0],[-39.71,-18.0],[-40.75,-18.76],[-40.83,-18.5],[-41.17,-18.5],[-41.25,-19.32],[-41.5,-19.15],[-43.0,-19.26],[-43.2,-19.5],[-42.95,-20.25],[-43.25,-20.73],[-43.75,-20.36],[-45.15,-20.75],[-45.0,-21.13],[-45.75,-20.78],[-45.45,-21.75],[-45.75,-22.0],[-46.0,-21.7],[-46.5,-21.82],[-46.77,-23.0],[-47.5,-23.63],[-49.0,-24.14],[-50.03,-24.0],[-50.4,-25.0],[-50.75,-25.02],[-51.04,-25.5],[-50.78,-26.25],[-51.11,-26.5],[-50.37,-27.5],[-50.5,-28.32],[-49.97,-28.25],[-50.27,-29.25],[-50.16,-30.0],[-51.52,-32.0],[-51.9,-33.5],[-53.03,-35.25],[-54.5,-36.37],[-56.0,-37.07],[-58.0,-37.47],[-60.0,-37.52],[-61.5,-36.94],[-63.0,-36.82],[-63.75,-35.99],[-64.9,-34.0],[-65.0,-33.05],[-65.5,-32.82],[-67.0,-33.01],[-67.25,-32.78],[-68.75,-32.87],[-68.75,-31.68],[-69.1,-32.5],[-69.57,-32.75],[-69.85,-32.0],[-69.82,-30.75],[-69.11,-29.0],[-68.0,-27.28],[-67.89,-26.5],[-68.45,-25.75],[-67.88,-25.5],[-68.2,-24.75],[-67.75,-24.34],[-67.21,-24.5],[-66.99,-23.75],[-67.21,-23.0],[-66.97,-22.5],[-67.5,-22.16],[-67.75,-21.64],[-68.38,-21.5],[-69.14,-18.0],[-69.5,-17.86],[-69.75,-17.26],[-70.5,-16.53],[-71.93,-15.75],[-72.0,-15.43],[-72.75,-15.19],[-72.98,-15.5],[-72.75,-15.88],[-72.25,-15.6],[-72.05,-15.75],[-72.29,-16.0],[-71.25,-16.7],[-70.77,-16.75],[-70.8,-17.25],[-70.22,-17.5],[-69.25,-19.9],[-69.0,-22.19],[-68.5,-21.7],[-67.93,-23.0],[-68.0,-23.9],[-68.25,-24.17],[-68.75,-24.04],[-69.24,-24.25],[-69.56,-25.0],[-69.39,-25.5],[-70.0,-25.66],[-70.35,-24.0],[-69.99,-21.75],[-70.25,-19.19],[-70.75,-19.45],[-71.66,-18.75],[-72.15,-17.75],[-71.99,-17.0],[-74.25,-15.72],[-74.5,-15.85],[-75.0,-15.49],[-75.5,-15.55],[-76.75,-14.58],[-77.07,-13.5],[-76.5,-12.84],[-76.12,-13.0],[-76.0,-13.39],[-75.5,-13.35],[-75.37,-14.0],[-74.75,-14.8],[-74.36,-14.75],[-74.75,-14.01],[-75.16,-13.75],[-75.16,-13.25],[-75.82,-12.0],[-75.75,-11.46],[-75.0,-12.21],[-74.47,-11.75],[-75.0,-11.13],[-75.25,-11.29],[-75.75,-9.66],[-76.65,-9.25],[-76.5,-8.75],[-77.5,-6.94],[-77.81,-7.0],[-76.86,-8.75],[-76.74,-9.5],[-76.5,-9.88],[-76.25,-9.82],[-76.1,-10.25],[-76.5,-10.55],[-76.68,-10.25],[-77.03,-10.25],[-78.0,-8.83],[-78.18,-9.25],[-76.75,-12.06],[-77.25,-11.68],[-78.5,-11.54],[-79.0,-11.2],[-80.25,-11.34],[-81.0,-10.68],[-81.25,-10.0],[-82.25,-8.86],[-83.75,-8.37],[-85.21,-7.5],[-87.25,-7.23],[-87.75,-6.87],[-89.48,-4.5],[-91.25,-3.86],[-93.2,-3.5],[-94.07,-3.0],[-95.75,-2.73],[-98.0,-2.73],[-98.75,-2.54],[-99.25,-2.07],[-100.25,-2.13],[-104.25,-3.24],[-104.94,-3.75],[-106.75,-4.32],[-107.75,-4.09],[-110.25,-4.43],[-111.5,-3.68],[-113.0,-3.4],[-113.75,-2.94],[-116.0,-2.85],[-117.75,-2.43],[-119.26,-1.75],[-119.5,-0.9],[-121.0,-0.43],[-121.5,-0.95],[-122.75,-1.19],[-124.0,-1.76],[-124.3,-2.5],[-125.5,-2.95],[-126.29,-3.75],[-127.5,-3.64],[-128.0,-4.4],[-129.5,-5.19],[-131.0,-5.01],[-134.25,-5.67],[-135.0,-6.46],[-135.75,-6.56],[-136.25,-7.31],[-142.0,-8.15],[-142.88,-8.5],[-143.25,-9.14],[-143.31,-8.75],[-143.75,-8.5],[-144.88,-9.5],[-144.64,-10.25],[-145.25,-10.69],[-149.5,-10.36],[-151.5,-10.62],[-155.25,-10.02],[-159.0,-9.73],[-159.5,-9.97],[-161.5,-10.01],[-163.0,-10.37],[-164.0,-9.87],[-166.75,-9.61],[-169.0,-10.3],[-170.0,-10.22],[-171.25,-10.6],[-172.5,-10.49],[-173.75,-9.95],[-175.5,-10.58],[-176.0,-10.33],[-176.5,-10.55],[-177.25,-10.43],[-177.75,-10.11],[-178.75,-10.44],[-180.0,-10.46]]}},{"type":"Feature","properties":{"level":1012},"geometry":{"type":"LineString","coordinates":[[39.75,19.15],[40.0,19.52],[40.0,19.13],[39.75,19.15]]}},{"type":"Feature","properties":{"level":1012},"geometry":{"type":"LineString","coordinates":[[40.5,19.24],[40.86,19.25],[40.5,19.24]]}},{"type":"Feature","properties":{"level":1012},"geometry":{"type":"LineString","coordinates":[[48.4,19.25],[48.59,19.25],[48.4,19.25]]}},{"type":"Feature","properties":{"level":1012},"geometry":{"type":"LineString","coordinates":[[-16.25,21.4],[-16.25,21.56],[-16.25,21.4]]}},{"type":"Feature","properties":{"level":1012},"geometry":{"type":"LineString","coordinates":[[38.5,23.22],[37.25,23.86],[37.12,24.5],[37.5,24.61],[38.5,24.28],[38.79,23.25],[38.5,23.22]]}},{"type":"Feature","properties":{"level":1012},"geometry":{"type":"LineString","coordinates":[[-170.83,23.5],[-170.41,23.5],[-170.83,23.5]]}},{"type":"Feature","properties":{"level":1012},"geometry":{"type":"LineString","coordinates":[[55.25,23.49],[54.75,23.53],[54.5,23.98],[52.52,24.25],[53.0,24.86],[54.0,25.25],[54.5,25.05],[55.25,25.42],[55.39,25.25],[55.11,24.5],[55.58,24.0],[55.25,23.49]]}},{"type":"Feature","properties":{"level":1012},"geometry":{"type":"LineString","coordinates":[[-0.25,24.69],[-0.25,25.1],[0.01,25.0],[-0.25,24.69]]}},{"type":"Feature","properties":{"level":1012},"geometry":{"type":"LineString","coordinates":[[1.0,25.42],[1.0,25.66],[1.17,25.5],[1.0,25.42]]}},{"type":"Feature","properties":{"level":1012},"geometry":{"type":"LineString","coordinates":[[6.75,26.15],[6.25,26.58],[6.25,27.1],[7.0,26.79],[7.25,27.31],[8.13,26.5],[7.5,26.57],[6.75,26.15]]}},{"type":"Feature","properties":{"level":1012},"geometry":{"type":"LineString","coordinates":[[67.5,26.46],[67.41,28.75],[67.65,29.5],[68.0,29.68],[68.51,28.75],[69.27,28.25],[68.0,26.38],[67.5,26.46]]}},{"type":"Feature","properties":{"level":1012},"geometry":{"type":"LineString","coordinates":[[-105.25,26.64],[-105.64,27.0],[-105.01,27.25],[-105.79,28.0],[-105.35,28.25],[-105.87,28.75],[-106.07,29.5],[-105.75,29.59],[-105.25,29.13],[-104.5,29.83],[-104.18,29.5],[-104.52,29.25],[-104.43,28.75],[-105.21,28.5],[-104.96,28.25],[-105.27,28.0],[-104.35,28.0],[-104.9,27.5],[-104.75,26.79],[-105.25,26.64]]}},{"type":"Feature","properties":{"level":1012},"geometry":{"type":"LineString","coordinates":[[-100.5,27.12],[-101.1,27.5],[-101.0,27.64],[-100.47,27.5],[-100.32,27.25],[-100.5,27.12]]}},{"type":"Feature","properties":{"level":1012},"geometry":{"type":"LineString","coordinates":[[-9.25,28.19],[-9.37,28.5],[-9.04,29.0],[-8.0,29.71],[-6.75,30.2],[-6.25,30.04],[-5.75,30.75],[-4.5,31.43],[-4.01,31.25],[-3.89,31.0],[-4.25,31.04],[-5.0,30.25],[-5.5,30.62],[-5.67,30.5],[-5.5,30.18],[-4.5,30.19],[-4.27,30.0],[-5.0,29.15],[-5.75,29.38],[-7.0,29.26],[-7.03,29.0],[-7.75,28.63],[-9.25,28.19]]}},{"type":"Feature","properties":{"level":1012},"geometry":{"type":"LineString","coordinates":[[0.0,28.92],[0.0,29.15],[0.0,28.92]]}},{"type":"Feature","properties":{"level":1012},"geometry":{"type":"LineString","coordinates":[[70.5,29.0],[70.18,29.5],[70.44,30.25],[70.22,32.0],[70.75,32.88],[71.75,32.99],[72.0,32.39],[72.75,32.52],[73.75,32.25],[73.8,31.75],[74.82,30.25],[73.25,30.24],[70.5,29.0]]}},{"type":"Feature","properties":{"level":1012},"geometry":{"type":"LineString","coordinates":[[0.25,29.15],[0.09,29.25],[0.25,29.15]]}},{"type":"Feature","properties":{"level":1012},"geometry":{"type":"LineString","coordinates":[[-107.0,29.97],[-107.55,30.25],[-107.25,31.24],[-107.0,30.69],[-106.75,30.92],[-106.17,30.75],[-106.37,30.25],[-107.0,29.97]]}},{"type":"Feature","properties":{"level":1012},"geometry":{"type":"LineString","coordinates":[[58.25,30.0],[58.25,30.25],[58.25,30.0]]}},{"type":"Feature","properties":{"level":1012},"geometry":{"type":"LineString","coordinates":[[-103.5,30.73],[-104.08,31.25],[-104.0,32.04],[-102.91,31.25],[-103.2,30.75],[-103.5,30.73]]}},{"type":"Feature","properties":{"level":1012},"geometry":{"type":"LineString","coordinates":[[-105.5,30.98],[-106.35,31.5],[-106.45,32.0],[-106.25,32.03],[-105.5,30.98]]}},{"type":"Feature","properties":{"level":1012},"geometry":{"type":"LineString","coordinates":[[-116.07,31.75],[-115.75,31.51],[-115.67,31.75],[-115.99,32.5],[-116.25,32.61],[-116.07,31.75]]}},{"type":"Feature","properties":{"level":1012},"geometry":{"type":"LineString","coordinates":[[72.0,32.95],[71.77,33.0],[72.0,32.95]]}},{"type":"Feature","properties":{"level":1012},"geometry":{"type":"LineString","coordinates":[[-120.6,36.0],[-120.21,36.0],[-120.43,36.5],[-121.0,36.94],[-121.21,36.75],[-121.12,36.5],[-120.6,36.0]]}},{"type":"Feature","properties":{"level":1012},"geometry":{"type":"LineString","coordinates":[[-101.5,36.86],[-101.87,37.25],[-101.85,38.0],[-100.23,39.75],[-99.51,40.25],[-98.5,40.42],[-97.5,41.02],[-96.48,40.5],[-96.46,40.0],[-98.05,38.25],[-100.0,37.66],[-100.75,37.03],[-101.5,36.86]]}},{"type":"Feature","properties":{"level":1012},"geometry":{"type":"LineString","coordinates":[[0.0,39.58],[-0.22,39.75],[0.25,39.98],[0.32,39.75],[0.0,39.58]]}},{"type":"Feature","properties":{"level":1012},"geometry":{"type":"LineString","coordinates":[[-96.25,40.23],[-95.98,40.25],[-96.25,40.23]]}},{"type":"Feature","properties":{"level":1012},"geometry":{"type":"LineString","coordinates":[[-122.25,40.32],[-122.25,40.56],[-122.25,40.32]]}},{"type":"Feature","properties":{"level":1012},"geometry":{"type":"LineString","coordinates":[[-87.5,41.4],[-90.5,42.45],[-90.2,43.0],[-90.75,43.46],[-91.04,44.25],[-92.3,45.0],[-92.5,45.85],[-94.3,46.75],[-94.71,48.0],[-96.5,49.13],[-97.01,50.0],[-98.64,51.5],[-101.44,52.5],[-102.22,54.0],[-104.5,55.37],[-105.38,55.5],[-105.0,55.6],[-105.0,55.82],[-105.75,55.61],[-106.75,55.88],[-107.25,55.63],[-107.74,56.25],[-109.25,56.29],[-110.65,57.0],[-110.62,57.25],[-109.05,58.25],[-108.66,59.0],[-109.65,59.75],[-109.24,60.25],[-109.87,60.75],[-110.23,61.5],[-109.75,62.5],[-110.0,63.01],[-109.25,63.75],[-109.2,64.5],[-108.5,65.31],[-106.5,66.28],[-103.5,67.11],[-98.75,67.62],[-95.0,67.17],[-92.12,66.0],[-85.5,65.5],[-82.25,64.74],[-78.5,64.82],[-74.0,65.45],[-72.18,67.5],[-70.0,67.93],[-69.0,67.85],[-69.16,67.5],[-67.75,66.76],[-65.5,66.52],[-65.25,66.22],[-63.27,66.25],[-63.22,67.25],[-63.96,67.5],[-64.12,68.0],[-64.52,68.25],[-64.62,69.0],[-64.22,69.25],[-63.55,70.5],[-62.0,71.75],[-61.28,72.75],[-61.31,73.25],[-62.1,73.75],[-61.73,74.25],[-62.01,75.25],[-61.81,75.75],[-61.27,76.0],[-60.25,76.0],[-58.25,75.61],[-56.28,74.75],[-53.5,73.0],[-52.75,72.24],[-50.75,72.08],[-50.46,72.0],[-50.5,71.72],[-49.0,71.84],[-48.25,71.4],[-47.75,71.42],[-46.5,70.66],[-43.9,70.0],[-43.09,69.0],[-42.95,67.75],[-43.25,67.21],[-44.5,66.18],[-44.65,65.75],[-43.32,64.25],[-43.16,63.5],[-42.75,63.26],[-41.25,63.32],[-38.5,64.62],[-33.61,65.5],[-29.0,65.39],[-27.83,65.0],[-26.22,63.75],[-26.14,62.75],[-24.75,61.61],[-23.92,60.25],[-24.0,60.0],[-22.0,58.56],[-20.66,56.75],[-20.95,56.25],[-21.75,55.85],[-26.75,54.36],[-32.75,51.77],[-36.17,49.75],[-36.75,48.98],[-39.75,47.01],[-40.78,47.5],[-41.0,47.96],[-42.25,48.08],[-44.75,47.14],[-48.0,46.41],[-55.0,45.99],[-59.25,47.16],[-62.75,48.85],[-64.25,49.83],[-66.25,50.14],[-67.0,49.64],[-68.25,49.41],[-69.25,48.89],[-70.0,49.06],[-70.75,48.68],[-70.61,48.0],[-72.25,47.45],[-72.47,47.0],[-72.35,46.5],[-73.25,45.74],[-74.0,44.52],[-74.75,44.57],[-76.25,44.02],[-77.75,43.0],[-80.75,42.58],[-82.69,42.0],[-83.25,41.59],[-87.5,41.4]]}},{"type":"Feature","properties":{"level":1012},"geometry":{"type":"LineString","coordinates":[[-86.62,42.0],[-86.5,42.26],[-86.62,42.0]]}},{"type":"Feature","properties":{"level":1012},"geometry":{"type":"LineString","coordinates":[[3.75,42.74],[3.75,43.18],[3.94,43.0],[3.75,42.74]]}},{"type":"Feature","properties":{"level":1012},"geometry":{"type":"LineString","coordinates":[[180.0,48.65],[177.08,47.75],[174.0,46.15],[168.02,40.5],[159.75,36.0],[157.77,34.5],[156.75,33.17],[156.25,32.88],[155.66,31.0],[156.0,30.37],[156.75,31.22],[159.5,31.81],[160.0,31.48],[161.13,31.25],[162.05,30.75],[162.5,30.19],[164.0,25.89],[165.25,25.76],[166.75,25.02],[167.25,24.11],[171.51,21.5],[174.5,19.16],[174.9,18.5],[176.0,17.91],[177.0,17.96],[178.25,17.29],[178.75,17.85],[180.0,18.09]]}},{"type":"Feature","properties":{"level":1012},"geometry":{"type":"LineString","coordinates":[[-108.75,55.49],[-108.34,55.5],[-108.75,55.49]]}},{"type":"Feature","properties":{"level":1012},"geometry":{"type":"LineString","coordinates":[[-107.0,55.48],[-106.69,55.5],[-107.0,55.48]]}},{"type":"Feature","properties":{"level":1012},"geometry":{"type":"LineString","coordinates":[[-3.5,61.21],[-6.5,61.89],[-6.76,62.0],[-6.76,62.25],[-7.51,62.5],[-7.58,62.75],[-7.0,62.95],[-4.25,62.92],[-2.0,62.5],[-0.88,62.0],[-3.5,61.21]]}},{"type":"Feature","properties":{"level":1012},"geometry":{"type":"LineString","coordinates":[[-68.11,64.5],[-67.71,64.5],[-67.75,64.97],[-68.5,65.26],[-68.91,65.0],[-68.75,64.62],[-68.11,64.5]]}},{"type":"Feature","properties":{"level":1012},"geometry":{"type":"LineString","coordinates":[[-46.5,72.19],[-45.5,72.55],[-44.74,72.5],[-46.5,72.19]]}},{"type":"Feature","properties":{"level":1012},"geometry":{"type":"LineString","coordinates":[[-116.0,77.74],[-117.75,78.23],[-118.07,78.75],[-117.43,79.25],[-115.5,79.76],[-109.0,80.26],[-104.5,80.12],[-101.0,79.73],[-98.33,79.0],[-97.83,78.75],[-98.0,78.5],[-97.31,78.0],[-97.33,77.75],[-98.0,77.55],[-103.5,77.87],[-112.75,77.54],[-116.0,77.74]]}},{"type":"Feature","properties":{"level":1012},"geometry":{"type":"LineString","coordinates":[[-180.0,82.86],[-175.0,82.31],[-171.38,81.5],[-169.75,80.65],[-169.09,79.5],[-169.28,78.5],[-171.01,75.75],[-171.49,74.5],[-171.5,72.5],[-171.15,71.5],[-170.06,69.75],[-170.07,69.25],[-171.12,68.5],[-171.66,67.0],[-173.35,66.5],[-173.88,65.75],[-173.8,64.5],[-172.8,63.75],[-172.04,62.25],[-171.91,60.75],[-172.34,59.0],[-173.04,58.0],[-173.58,56.0],[-174.5,54.5],[-174.54,53.75],[-175.98,52.0],[-176.28,51.25],[-177.81,49.75],[-180.0,48.65]]}},{"type":"Feature","properties":{"level":1016},"geometry":{"type":"LineString","coordinates":[[-61.57,-89.75],[48.25,-89.75],[-54.5,-89.35],[-61.44,-89.5],[-61.57,-89.75]]}},{"type":"Feature","properties":{"level":1016},"geometry":{"type":"LineString","coordinates":[[59.75,-89.75],[62.5,-89.75],[59.75,-89.75]]}},{"type":"Feature","properties":{"level":1016},"geometry":{"type":"LineString","coordinates":[[83.94,-89.5],[101.38,-89.5],[115.85,-88.5],[110.0,-87.77],[107.31,-86.75],[108.59,-86.0],[109.19,-85.25],[109.07,-84.75],[109.55,-84.25],[111.19,-83.75],[115.5,-82.86],[122.0,-82.27],[125.5,-81.68],[131.0,-81.38],[132.98,-81.0],[131.0,-80.59],[130.4,-80.25],[130.95,-79.5],[131.86,-79.0],[131.84,-78.75],[130.54,-77.75],[131.81,-76.75],[132.1,-75.75],[133.21,-74.5],[132.75,-74.3],[131.25,-74.34],[130.98,-74.25],[131.09,-74.0],[129.5,-73.4],[129.04,-73.5],[129.18,-73.75],[128.25,-74.26],[124.75,-74.35],[123.5,-74.53],[121.5,-75.22],[116.0,-75.45],[111.25,-76.01],[106.25,-75.96],[101.0,-75.23],[95.75,-75.14],[94.34,-75.5],[94.3,-76.25],[94.0,-76.56],[92.25,-76.91],[91.0,-76.62],[90.32,-76.75],[89.5,-78.01],[88.5,-77.89],[86.5,-78.29],[77.25,-78.37],[75.25,-78.88],[73.0,-78.93],[68.75,-78.64],[66.5,-78.89],[58.5,-78.0],[57.57,-77.5],[56.25,-77.47],[53.09,-76.5],[49.25,-74.54],[46.75,-74.22],[42.75,-74.16],[40.0,-74.49],[36.25,-75.37],[31.75,-75.42],[22.25,-74.84],[18.64,-75.0],[25.25,-75.64],[29.25,-76.38],[39.15,-77.25],[41.98,-78.0],[42.33,-78.25],[41.96,-78.75],[43.1,-79.75],[43.44,-80.5],[43.02,-81.5],[43.47,-82.5],[42.93,-83.5],[43.26,-84.25],[44.39,-84.75],[47.15,-85.25],[47.31,-85.75],[44.73,-86.25],[46.18,-86.75],[40.73,-87.5],[42.55,-88.0],[42.89,-88.25],[42.85,-88.5],[85.65,-89.25],[83.94,-89.5]]}},{"type":"Feature","properties":{"level":1016},"geometry":{"type":"LineString","coordinates":[[14.83,-88.25],[21.75,-88.39],[26.5,-88.25],[28.07,-88.0],[20.25,-87.94],[14.83,-88.25]]}},{"type":"Feature","properties":{"level":1016},"geometry":{"type":"LineString","coordinates":[[104.75,-79.8],[104.59,-79.75],[105.41,-79.5],[104.16,-79.25],[105.25,-78.95],[113.0,-78.93],[119.25,-79.25],[114.5,-79.61],[104.75,-79.8]]}},{"type":"Feature","properties":{"level":1016},"geometry":{"type":"LineString","coordinates":[[101.0,-77.02],[99.45,-76.5],[102.0,-76.55],[102.29,-77.0],[101.0,-77.02]]}},{"type":"Feature","properties":{"level":1016},"geometry":{"type":"LineString","coordinates":[[-76.33,-57.25],[-70.0,-57.41],[-60.0,-56.17],[-48.5,-56.08],[-45.5,-55.68],[-43.5,-55.05],[-40.8,-53.5],[-36.17,-50.25],[-35.25,-49.14],[-32.39,-48.0],[-32.34,-47.25],[-33.56,-46.75],[-35.0,-46.56],[-35.18,-46.25],[-35.18,-45.0],[-34.25,-44.08],[-31.25,-42.85],[-27.0,-39.65],[-24.74,-39.75],[-22.75,-40.24],[-22.25,-39.98],[-22.0,-40.25],[-20.5,-39.39],[-19.75,-39.28],[-15.75,-36.66],[-15.44,-36.0],[-14.0,-34.5],[-12.75,-33.77],[-10.42,-33.25],[-10.25,-32.54],[-9.75,-32.59],[-9.5,-32.19],[-8.75,-32.69],[-7.5,-32.23],[-4.5,-32.68],[0.25,-34.09],[6.75,-36.51],[10.5,-38.43],[15.25,-40.37],[19.75,-42.76],[27.25,-48.0],[30.0,-49.6],[35.0,-51.25],[38.25,-51.52],[45.0,-51.46],[51.5,-50.99],[57.0,-50.94],[59.0,-50.38],[62.75,-49.97],[68.5,-49.97],[69.5,-49.46],[69.75,-49.72],[70.5,-49.81],[75.0,-49.78],[79.5,-49.36],[83.9,-48.25],[91.25,-45.08],[94.78,-43.0],[101.1,-38.25],[109.5,-34.31],[111.0,-32.89],[111.92,-30.75],[111.59,-29.5],[113.74,-26.75],[114.0,-25.75],[114.27,-25.5],[113.65,-24.5],[114.0,-23.25],[113.5,-23.18],[113.28,-22.75],[113.43,-21.75],[113.03,-19.0],[111.94,-17.75],[110.85,-15.5],[109.0,-14.77],[107.66,-13.75],[106.25,-13.57],[106.0,-13.14],[104.25,-12.57],[103.3,-12.0],[102.25,-11.7],[101.75,-11.84],[100.5,-11.63],[98.0,-10.6],[97.25,-10.66],[96.48,-10.0],[95.0,-9.43],[94.0,-9.43],[92.5,-8.97],[90.75,-9.16],[89.5,-8.9],[85.75,-9.02],[83.25,-8.93],[83.0,-8.72],[81.75,-8.89],[80.5,-8.39],[78.5,-8.23],[78.25,-8.24],[78.04,-8.75],[77.5,-9.06],[77.0,-9.02],[76.75,-8.67],[75.0,-9.21],[73.5,-8.81],[72.25,-8.86],[70.5,-8.29],[68.25,-8.49],[66.25,-8.0],[65.25,-8.02],[64.0,-7.52],[63.75,-7.87],[63.25,-7.32],[62.25,-7.1],[61.0,-7.75],[60.25,-7.52],[58.75,-7.97],[58.0,-7.29],[56.75,-6.84],[56.0,-7.29],[55.0,-7.41],[52.5,-6.2],[50.0,-6.21],[46.75,-6.74],[46.5,-7.01],[46.25,-6.76],[45.5,-6.99],[45.25,-7.47],[44.0,-7.93],[43.25,-7.48],[43.29,-8.5],[43.0,-8.64],[41.75,-8.55],[41.25,-8.29],[40.75,-8.78],[40.25,-8.73],[39.75,-9.26],[39.25,-8.9],[38.5,-9.13],[38.75,-10.45],[39.31,-11.0],[39.49,-14.5],[40.15,-14.75],[40.72,-15.5],[40.86,-16.5],[40.16,-18.0],[37.5,-19.5],[35.75,-19.32],[35.25,-18.64],[34.77,-18.75],[34.5,-19.42],[34.25,-18.4],[33.26,-18.5],[33.24,-18.0],[33.0,-17.76],[32.5,-17.99],[31.5,-17.7],[30.75,-17.15],[30.5,-17.5],[30.6,-18.25],[30.32,-19.0],[29.25,-19.34],[27.75,-20.43],[27.61,-21.75],[26.81,-22.25],[26.81,-23.0],[27.27,-23.5],[27.21,-24.25],[27.75,-25.32],[27.25,-25.57],[25.61,-25.5],[26.12,-27.0],[26.34,-27.0],[26.5,-26.47],[26.94,-26.75],[26.73,-29.5],[27.25,-29.61],[27.46,-30.5],[25.75,-31.03],[25.0,-31.01],[24.29,-31.5],[22.75,-31.31],[21.75,-31.59],[21.0,-32.26],[20.0,-31.44],[19.35,-31.5],[19.24,-31.75],[19.75,-31.95],[20.19,-32.5],[19.75,-32.64],[18.87,-32.0],[18.59,-31.5],[19.0,-31.4],[19.15,-30.75],[18.75,-30.27],[17.3,-29.75],[16.75,-27.93],[14.81,-27.25],[13.61,-25.5],[12.45,-22.5],[12.71,-21.75],[12.48,-21.0],[12.75,-20.41],[9.5,-18.88],[6.75,-15.74],[5.75,-14.92],[4.75,-14.69],[4.29,-14.25],[3.25,-13.83],[0.5,-13.08],[-0.75,-13.08],[-1.5,-12.58],[-2.5,-12.39],[-4.25,-12.21],[-5.25,-12.65],[-7.0,-12.29],[-8.0,-12.58],[-9.5,-12.39],[-10.25,-12.67],[-12.75,-12.74],[-13.25,-13.05],[-15.25,-13.45],[-17.25,-14.18],[-20.25,-14.41],[-24.25,-15.11],[-25.25,-15.06],[-29.0,-15.79],[-30.07,-16.25],[-30.54,-16.75],[-34.25,-18.25],[-34.55,-18.75],[-35.5,-19.34],[-35.99,-20.25],[-36.09,-21.5],[-36.67,-21.75],[-37.11,-24.25],[-36.33,-26.75],[-36.42,-28.25],[-36.73,-29.0],[-37.5,-29.24],[-38.0,-29.12],[-39.5,-28.06],[-40.75,-28.05],[-41.75,-27.43],[-42.0,-27.72],[-44.25,-28.0],[-45.75,-28.56],[-46.7,-29.5],[-49.44,-33.5],[-49.73,-34.25],[-51.95,-37.0],[-54.5,-38.25],[-56.0,-38.65],[-56.75,-38.41],[-59.25,-38.72],[-61.56,-38.5],[-63.25,-38.05],[-65.59,-37.0],[-66.75,-35.55],[-67.5,-35.46],[-68.5,-35.95],[-69.25,-36.64],[-70.0,-36.7],[-70.25,-37.03],[-71.75,-37.47],[-71.75,-39.11],[-72.06,-39.25],[-72.19,-39.0],[-71.97,-38.5],[-72.25,-38.52],[-72.91,-39.0],[-73.15,-39.75],[-74.0,-40.65],[-76.75,-40.9],[-77.5,-40.71],[-78.5,-39.89],[-79.15,-39.0],[-79.37,-38.25],[-79.37,-36.75],[-78.42,-33.5],[-79.82,-29.25],[-79.18,-28.0],[-79.33,-26.25],[-78.89,-25.75],[-79.28,-24.5],[-78.97,-23.0],[-79.21,-22.5],[-83.0,-19.48],[-86.48,-18.0],[-87.79,-17.25],[-88.21,-16.75],[-90.43,-15.75],[-90.25,-15.43],[-91.41,-15.0],[-93.0,-13.99],[-97.75,-12.96],[-99.5,-12.95],[-100.25,-13.35],[-102.0,-13.35],[-104.75,-14.04],[-107.0,-13.94],[-108.0,-14.24],[-109.0,-13.98],[-109.75,-14.29],[-112.0,-14.45],[-112.67,-14.75],[-112.43,-15.0],[-112.5,-15.29],[-113.25,-15.26],[-114.25,-15.64],[-114.75,-16.16],[-116.09,-16.75],[-116.62,-18.0],[-116.5,-18.33],[-118.18,-18.75],[-118.16,-19.0],[-116.75,-20.2],[-116.2,-21.5],[-113.75,-23.11],[-110.15,-26.25],[-108.25,-27.47],[-106.88,-29.25],[-105.76,-33.25],[-106.11,-34.5],[-105.88,-37.25],[-105.32,-40.0],[-104.69,-41.75],[-102.59,-45.5],[-100.0,-48.33],[-96.25,-51.1],[-92.79,-53.0],[-88.75,-54.75],[-83.81,-56.25],[-76.33,-57.25]]}},{"type":"Feature","properties":{"level":1016},"geometry":{"type":"LineString","coordinates":[[-180.0,-53.61],[-176.89,-52.5],[-174.28,-51.25],[-173.56,-50.75],[-173.27,-50.25],[-173.21,-49.25],[-172.0,-48.67],[-168.75,-48.46],[-162.75,-48.96],[-157.5,-49.0],[-152.75,-48.35],[-148.41,-47.0],[-146.39,-45.75],[-142.79,-42.5],[-140.0,-41.39],[-137.96,-40.25],[-132.85,-36.5],[-130.5,-35.48],[-125.5,-34.28],[-124.25,-33.48],[-123.47,-32.75],[-122.43,-31.0],[-122.66,-30.0],[-122.45,-29.0],[-122.95,-27.75],[-123.25,-27.5],[-123.31,-26.75],[-123.14,-26.0],[-122.27,-25.5],[-122.38,-25.0],[-121.96,-23.75],[-123.56,-22.75],[-124.5,-21.72],[-128.5,-20.45],[-129.0,-19.9],[-130.01,-19.75],[-132.75,-17.95],[-136.75,-16.97],[-137.5,-16.92],[-138.75,-17.28],[-139.25,-17.25],[-139.5,-16.93],[-140.5,-16.93],[-145.25,-17.5],[-148.0,-17.35],[-149.0,-16.95],[-150.25,-16.94],[-154.75,-15.71],[-156.75,-15.48],[-161.25,-16.48],[-163.25,-16.53],[-169.0,-15.89],[-175.5,-16.57],[-178.0,-17.18],[-179.5,-17.19],[-180.0,-16.98]]}},{"type":"Feature","properties":{"level":1016},"geometry":{"type":"LineString","coordinates":[[69.25,-49.49],[69.25,-49.16],[69.25,-49.49]]}},{"type":"Feature","properties":{"level":1016},"geometry":{"type":"LineString","coordinates":[[-38.5,-49.05],[-39.31,-47.75],[-38.52,-47.25],[-36.5,-46.81],[-36.31,-47.5],[-36.75,-48.53],[-37.25,-48.87],[-38.5,-49.05]]}},{"type":"Feature","properties":{"level":1016},"geometry":{"type":"LineString","coordinates":[[166.25,-42.76],[165.25,-42.35],[164.7,-41.75],[164.34,-40.75],[164.38,-39.5],[164.95,-37.75],[166.18,-35.75],[166.92,-35.0],[168.22,-31.5],[168.5,-31.44],[170.15,-32.25],[171.98,-34.25],[172.65,-36.0],[172.71,-38.5],[172.07,-40.0],[171.0,-41.3],[169.75,-42.24],[168.25,-42.86],[166.25,-42.76]]}},{"type":"Feature","properties":{"level":1016},"geometry":{"type":"LineString","coordinates":[[-70.52,-34.75],[-70.14,-34.5],[-69.96,-33.5],[-70.18,-33.25],[-70.24,-32.25],[-69.97,-31.5],[-70.17,-30.75],[-69.73,-30.5],[-69.41,-28.75],[-68.51,-27.75],[-68.68,-27.5],[-68.23,-26.75],[-68.5,-26.15],[-68.75,-26.15],[-69.0,-27.17],[-69.41,-27.25],[-69.36,-27.75],[-70.07,-28.5],[-70.02,-29.0],[-70.51,-29.5],[-70.38,-30.0],[-70.82,-31.25],[-70.31,-32.5],[-70.52,-34.75]]}},{"type":"Feature","properties":{"level":1016},"geometry":{"type":"LineString","coordinates":[[-9.55,-32.75],[-9.21,-32.75],[-9.55,-32.75]]}},{"type":"Feature","properties":{"level":1016},"geometry":{"type":"LineString","coordinates":[[-67.79,-23.75],[-67.5,-23.96],[-67.42,-23.75],[-67.75,-22.84],[-67.79,-23.75]]}},{"type":"Feature","properties":{"level":1016},"geometry":{"type":"LineString","coordinates":[[-118.84,-18.75],[-118.5,-18.82],[-118.47,-18.5],[-118.75,-18.44],[-118.84,-18.75]]}},{"type":"Feature","properties":{"level":1016},"geometry":{"type":"LineString","coordinates":[[180.0,-16.98],[179.72,-16.5],[179.28,-16.5],[178.87,-16.75],[179.0,-16.92],[179.81,-17.0],[178.0,-17.3],[177.41,-17.75],[177.25,-18.28],[172.25,-18.26],[170.0,-18.89],[169.25,-18.63],[168.75,-19.08],[167.12,-19.0],[166.5,-19.68],[165.0,-19.16],[162.5,-18.85],[161.0,-18.84],[158.5,-19.32],[156.5,-18.94],[155.25,-19.05],[152.0,-18.7],[146.25,-17.17],[145.49,-16.25],[145.0,-16.08],[144.66,-16.25],[144.87,-17.5],[144.51,-18.5],[143.84,-18.5],[143.58,-19.5],[144.5,-21.16],[145.18,-21.5],[144.77,-22.0],[145.08,-22.75],[144.64,-23.25],[144.67,-24.25],[144.4,-24.75],[144.75,-26.29],[143.5,-26.63],[142.75,-26.36],[142.0,-27.06],[141.75,-26.78],[141.25,-26.78],[140.75,-27.09],[139.5,-26.93],[138.25,-27.15],[137.25,-28.05],[136.69,-28.0],[136.0,-28.24],[135.93,-28.5],[135.94,-29.75],[136.43,-32.0],[136.23,-32.5],[136.38,-33.25],[137.18,-34.0],[137.32,-34.5],[137.14,-35.0],[137.28,-35.25],[136.92,-35.75],[137.33,-36.0],[137.33,-37.0],[138.05,-39.5],[137.95,-40.0],[139.15,-43.5],[140.34,-45.25],[142.02,-47.0],[144.0,-48.54],[147.25,-50.53],[152.5,-52.82],[155.5,-53.73],[161.0,-54.98],[165.0,-55.5],[169.0,-55.6],[172.75,-55.33],[176.05,-54.75],[180.0,-53.61]]}},{"type":"Feature","properties":{"level":1016},"geometry":{"type":"LineString","coordinates":[[-71.12,-13.75],[-71.0,-13.94],[-70.13,-13.75],[-71.0,-13.42],[-71.21,-13.5],[-71.12,-13.75]]}},{"type":"Feature","properties":{"level":1016},"geometry":{"type":"LineString","coordinates":[[34.98,-10.0],[35.43,-9.75],[35.35,-9.0],[36.25,-7.9],[36.83,-7.75],[36.75,-6.81],[36.43,-6.75],[36.7,-7.5],[36.0,-7.53],[35.25,-7.95],[34.75,-8.82],[33.5,-8.83],[33.5,-9.04],[34.98,-10.0]]}},{"type":"Feature","properties":{"level":1016},"geometry":{"type":"LineString","coordinates":[[147.92,-9.5],[148.13,-9.5],[148.14,-9.25],[147.6,-8.75],[147.0,-7.41],[146.59,-7.25],[146.75,-8.14],[147.92,-9.5]]}},{"type":"Feature","properties":{"level":1016},"geometry":{"type":"LineString","coordinates":[[38.81,-8.5],[39.0,-8.7],[39.19,-8.5],[39.0,-8.13],[38.69,-8.25],[38.81,-8.5]]}},{"type":"Feature","properties":{"level":1016},"geometry":{"type":"LineString","coordinates":[[37.63,-7.25],[37.87,-7.25],[38.0,-6.79],[38.43,-6.5],[38.86,-5.0],[38.67,-4.5],[38.93,-4.0],[38.5,-3.44],[38.12,-3.5],[38.36,-3.75],[37.73,-4.0],[38.25,-5.16],[37.72,-5.0],[37.0,-4.23],[37.03,-5.0],[36.39,-5.25],[36.65,-6.25],[37.0,-6.7],[37.25,-6.19],[37.92,-6.25],[37.52,-7.0],[37.63,-7.25]]}},{"type":"Feature","properties":{"level":1016},"geometry":{"type":"LineString","coordinates":[[38.86,-7.25],[39.0,-7.42],[39.0,-6.95],[38.86,-7.25]]}},{"type":"Feature","properties":{"level":1016},"geometry":{"type":"LineString","coordinates":[[145.85,-7.25],[146.14,-7.25],[146.05,-6.5],[145.25,-5.72],[144.5,-5.7],[143.25,-5.01],[142.25,-5.33],[142.75,-6.03],[144.0,-6.48],[144.5,-6.16],[145.5,-6.77],[145.85,-7.25]]}},{"type":"Feature","properties":{"level":1016},"geometry":{"type":"LineString","coordinates":[[141.3,-5.25],[142.18,-5.25],[139.5,-4.09],[138.68,-3.5],[136.29,-3.5],[136.18,-4.0],[139.25,-4.45],[141.3,-5.25]]}},{"type":"Feature","properties":{"level":1016},"geometry":{"type":"LineString","coordinates":[[119.4,-3.0],[119.5,-3.15],[120.0,-2.91],[120.25,-2.4],[120.76,-2.25],[120.25,-1.67],[119.32,-2.75],[119.4,-3.0]]}},{"type":"Feature","properties":{"level":1016},"geometry":{"type":"LineString","coordinates":[[101.44,-2.25],[101.66,-2.25],[101.59,-1.75],[101.07,-1.5],[100.9,-1.0],[100.58,-1.0],[101.44,-2.25]]}},{"type":"Feature","properties":{"level":1016},"geometry":{"type":"LineString","coordinates":[[36.99,-2.0],[37.5,-1.98],[37.64,-1.75],[37.16,-0.75],[37.7,-0.25],[37.61,0.25],[36.82,0.25],[36.5,0.61],[36.48,0.25],[36.0,-0.24],[35.53,0.5],[35.59,1.25],[35.2,1.25],[35.48,0.75],[35.33,-0.5],[35.5,-0.92],[36.5,-1.07],[36.99,-2.0]]}},{"type":"Feature","properties":{"level":1016},"geometry":{"type":"LineString","coordinates":[[99.22,1.5],[99.53,1.75],[99.29,2.5],[98.03,3.5],[97.5,4.41],[97.0,4.87],[95.6,5.0],[96.25,4.67],[97.5,3.12],[98.0,3.18],[98.38,2.25],[99.22,1.5]]}},{"type":"Feature","properties":{"level":1016},"geometry":{"type":"LineString","coordinates":[[38.14,5.0],[38.5,4.85],[38.75,5.28],[39.86,5.0],[40.16,5.75],[39.91,6.0],[40.05,6.25],[40.75,6.58],[41.13,7.25],[41.0,7.9],[40.5,7.68],[40.25,8.28],[42.25,8.76],[43.0,8.21],[44.0,7.97],[44.04,8.5],[44.51,8.75],[43.97,9.25],[44.08,9.5],[43.75,9.92],[43.0,10.29],[41.25,9.79],[40.4,9.25],[40.12,8.75],[39.5,8.64],[40.2,10.5],[39.8,12.25],[39.9,14.0],[39.71,14.75],[38.75,15.85],[38.7,14.75],[39.09,14.75],[38.37,14.0],[38.97,13.5],[39.07,13.0],[38.5,12.04],[37.82,12.5],[38.0,12.87],[38.68,13.25],[38.5,13.66],[37.31,12.75],[37.15,12.5],[37.5,12.48],[37.75,11.84],[36.75,11.48],[36.5,10.75],[36.97,10.25],[36.23,10.0],[36.83,9.5],[36.25,8.61],[35.81,8.75],[34.99,8.0],[35.67,7.25],[35.75,6.8],[36.0,7.14],[37.46,6.75],[37.16,6.25],[37.25,5.86],[37.89,6.75],[38.1,6.75],[38.25,6.5],[37.84,5.75],[38.14,5.0]]}},{"type":"Feature","properties":{"level":1016},"geometry":{"type":"LineString","coordinates":[[80.38,6.75],[80.5,6.51],[81.0,6.56],[81.39,7.0],[80.75,7.66],[80.38,6.75]]}},{"type":"Feature","properties":{"level":1016},"geometry":{"type":"LineString","coordinates":[[77.23,8.5],[77.6,8.5],[77.25,8.97],[77.23,8.5]]}},{"type":"Feature","properties":{"level":1016},"geometry":{"type":"LineString","coordinates":[[34.66,8.75],[34.75,8.58],[35.0,8.98],[35.5,8.8],[35.63,9.0],[34.75,9.25],[34.66,8.75]]}},{"type":"Feature","properties":{"level":1016},"geometry":{"type":"LineString","coordinates":[[76.96,9.25],[77.25,9.01],[77.74,9.75],[77.68,10.0],[78.25,10.09],[78.43,10.5],[78.25,10.62],[78.0,10.34],[77.0,10.61],[76.61,10.5],[76.96,9.25]]}},{"type":"Feature","properties":{"level":1016},"geometry":{"type":"LineString","coordinates":[[49.91,9.5],[50.5,10.0],[49.26,10.0],[49.91,9.5]]}},{"type":"Feature","properties":{"level":1016},"geometry":{"type":"LineString","coordinates":[[44.84,9.75],[45.75,9.58],[45.9,9.75],[45.5,10.0],[44.84,9.75]]}},{"type":"Feature","properties":{"level":1016},"geometry":{"type":"LineString","coordinates":[[38.5,10.19],[38.49,10.75],[38.17,11.25],[38.5,11.34],[38.5,10.19]]}},{"type":"Feature","properties":{"level":1016},"geometry":{"type":"LineString","coordinates":[[47.01,10.25],[47.25,10.13],[48.25,10.97],[48.91,10.75],[48.75,11.01],[47.25,10.81],[47.01,10.25]]}},{"type":"Feature","properties":{"level":1016},"geometry":{"type":"LineString","coordinates":[[49.68,10.75],[50.25,10.5],[50.98,11.25],[50.82,11.5],[50.5,11.12],[49.75,11.33],[49.49,11.0],[49.68,10.75]]}},{"type":"Feature","properties":{"level":1016},"geometry":{"type":"LineString","coordinates":[[76.46,11.0],[76.86,11.0],[77.67,11.75],[77.75,12.12],[78.06,12.0],[78.28,11.25],[78.75,11.11],[79.67,13.5],[79.0,14.34],[78.5,14.24],[78.19,14.5],[78.39,14.75],[78.0,15.0],[78.0,15.37],[77.25,15.55],[77.0,15.23],[76.11,15.25],[76.84,16.0],[76.81,16.25],[75.75,15.88],[75.0,16.11],[74.26,16.5],[74.0,17.21],[73.96,16.25],[74.75,14.74],[74.75,14.0],[75.61,12.75],[75.54,12.25],[76.46,11.0]]}},{"type":"Feature","properties":{"level":1016},"geometry":{"type":"LineString","coordinates":[[53.93,12.5],[54.12,12.5],[53.93,12.5]]}},{"type":"Feature","properties":{"level":1016},"geometry":{"type":"LineString","coordinates":[[44.06,13.25],[44.33,13.25],[44.5,13.57],[46.25,13.81],[48.0,14.55],[48.75,14.42],[49.25,14.88],[51.25,15.33],[51.46,15.75],[51.25,15.87],[50.85,15.75],[50.75,15.44],[48.75,15.1],[47.5,15.3],[46.75,14.4],[45.75,14.55],[45.0,15.02],[44.89,15.5],[44.27,16.25],[45.05,16.5],[44.31,17.5],[44.43,18.25],[44.2,18.5],[44.08,19.5],[43.5,19.15],[43.0,20.03],[42.5,19.72],[42.2,20.75],[42.25,21.55],[41.5,20.91],[41.41,21.25],[40.98,21.5],[41.0,21.78],[40.5,21.94],[40.22,21.0],[41.75,19.69],[42.18,18.25],[43.11,17.75],[44.06,13.25]]}},{"type":"Feature","properties":{"level":1016},"geometry":{"type":"LineString","coordinates":[[77.5,14.89],[77.99,15.0],[77.5,14.89]]}},{"type":"Feature","properties":{"level":1016},"geometry":{"type":"LineString","coordinates":[[78.67,15.0],[79.25,15.07],[79.3,15.25],[79.36,16.25],[78.82,16.75],[79.34,18.0],[78.39,19.0],[78.75,19.36],[79.1,19.25],[79.0,19.52],[77.75,19.6],[77.63,20.25],[78.48,20.5],[78.4,20.75],[79.11,21.0],[79.15,21.25],[80.0,21.76],[80.75,21.27],[81.38,22.25],[82.28,22.5],[82.44,22.75],[82.27,23.0],[82.5,23.1],[82.66,22.75],[83.25,22.63],[84.5,22.93],[84.72,23.5],[83.0,23.5],[82.0,23.9],[81.5,23.53],[80.0,23.4],[80.0,23.76],[79.5,23.65],[78.75,24.16],[78.0,23.81],[77.75,23.92],[77.75,24.86],[77.25,24.85],[76.75,24.44],[76.0,24.26],[75.66,24.5],[75.75,25.0],[74.74,25.75],[74.5,26.5],[72.33,24.75],[72.57,24.25],[73.5,23.74],[74.0,24.09],[74.32,24.0],[74.47,23.75],[74.3,22.75],[74.5,22.45],[75.75,22.33],[77.0,22.68],[77.4,22.5],[76.5,21.57],[76.25,21.74],[75.0,21.55],[74.5,22.17],[73.72,21.75],[74.75,21.61],[75.75,21.12],[76.25,21.26],[76.5,20.95],[77.25,21.04],[77.49,20.75],[76.0,20.68],[74.75,20.29],[74.25,21.16],[73.75,21.0],[73.35,20.0],[73.61,19.5],[73.44,18.5],[73.69,17.75],[74.0,17.29],[74.25,17.67],[74.73,17.75],[74.25,17.88],[74.0,18.83],[75.25,18.74],[76.57,17.5],[76.5,16.5],[77.0,16.75],[77.52,16.5],[77.5,16.2],[78.25,16.21],[78.5,15.99],[78.67,15.0]]}},{"type":"Feature","properties":{"level":1016},"geometry":{"type":"LineString","coordinates":[[98.75,15.0],[99.01,15.0],[99.18,15.5],[99.0,16.63],[98.77,16.5],[98.58,15.5],[98.75,15.0]]}},{"type":"Feature","properties":{"level":1016},"geometry":{"type":"LineString","coordinates":[[61.9,16.5],[64.75,16.44],[65.75,16.85],[67.5,18.05],[68.95,19.75],[69.25,20.67],[70.0,21.23],[71.06,21.25],[70.66,21.5],[71.09,22.5],[70.25,22.79],[69.6,22.0],[69.75,21.39],[69.25,21.56],[68.83,23.0],[69.34,23.25],[68.75,23.77],[67.25,23.84],[66.0,22.93],[64.75,21.44],[63.11,20.25],[61.28,18.25],[60.68,17.0],[61.0,16.69],[61.9,16.5]]}},{"type":"Feature","properties":{"level":1016},"geometry":{"type":"LineString","coordinates":[[50.75,16.75],[52.75,16.53],[53.5,16.71],[54.0,17.13],[54.75,17.0],[55.18,17.25],[54.5,17.38],[53.0,16.95],[51.5,17.08],[50.75,16.75]]}},{"type":"Feature","properties":{"level":1016},"geometry":{"type":"LineString","coordinates":[[81.39,17.5],[81.5,17.32],[82.25,17.47],[82.97,18.0],[83.75,19.56],[83.97,19.0],[84.25,18.91],[84.42,20.25],[84.25,20.47],[83.72,20.25],[83.5,19.73],[83.0,19.71],[82.75,19.45],[82.33,20.0],[82.27,20.5],[81.0,20.67],[80.6,20.5],[80.57,19.75],[81.2,18.5],[82.05,18.5],[81.39,17.5]]}},{"type":"Feature","properties":{"level":1016},"geometry":{"type":"LineString","coordinates":[[76.0,19.2],[76.7,19.25],[76.0,19.2]]}},{"type":"Feature","properties":{"level":1016},"geometry":{"type":"LineString","coordinates":[[40.16,22.25],[40.33,22.25],[40.28,23.0],[40.0,23.78],[39.88,23.0],[40.16,22.25]]}},{"type":"Feature","properties":{"level":1016},"geometry":{"type":"LineString","coordinates":[[58.83,22.5],[59.25,22.41],[59.27,22.75],[57.0,23.47],[57.0,23.03],[58.83,22.5]]}},{"type":"Feature","properties":{"level":1016},"geometry":{"type":"LineString","coordinates":[[5.7,23.0],[6.5,23.23],[6.68,23.5],[6.25,23.67],[5.75,23.54],[5.39,23.25],[5.7,23.0]]}},{"type":"Feature","properties":{"level":1016},"geometry":{"type":"LineString","coordinates":[[44.22,23.75],[44.5,23.52],[45.32,23.75],[45.0,24.51],[44.5,24.81],[44.17,24.5],[44.22,23.75]]}},{"type":"Feature","properties":{"level":1016},"geometry":{"type":"LineString","coordinates":[[43.03,24.5],[43.5,24.25],[43.68,24.5],[43.53,25.25],[43.03,24.5]]}},{"type":"Feature","properties":{"level":1016},"geometry":{"type":"LineString","coordinates":[[-180.0,25.07],[-179.25,25.39],[-175.75,25.75],[-175.0,26.45],[-173.75,26.87],[-172.84,27.75],[-172.5,28.64],[-172.17,28.75],[-171.25,30.16],[-169.75,31.48],[-167.31,34.25],[-166.3,35.0],[-163.0,36.9],[-162.75,37.27],[-158.92,38.5],[-158.25,39.28],[-157.25,39.62],[-156.5,39.47],[-156.25,39.87],[-155.25,40.25],[-155.36,40.5],[-154.0,40.67],[-153.25,41.43],[-152.5,41.34],[-152.14,41.75],[-152.25,42.52],[-151.5,42.49],[-149.5,43.24],[-149.5,42.89],[-150.71,40.75],[-151.46,36.25],[-151.43,33.0],[-151.0,31.75],[-150.87,30.0],[-150.16,27.75],[-148.25,25.86],[-144.5,25.27],[-142.5,24.37],[-141.25,24.43],[-140.0,24.96],[-136.25,25.42],[-135.5,26.32],[-135.0,26.37],[-133.5,27.56],[-132.43,29.25],[-129.5,32.12],[-128.25,34.11],[-127.43,36.25],[-126.69,40.25],[-125.71,42.5],[-124.25,43.6],[-124.0,43.62],[-123.54,43.0],[-123.25,42.97],[-122.0,44.78],[-121.73,43.5],[-122.17,42.5],[-122.0,42.18],[-121.25,43.21],[-119.75,43.17],[-119.25,43.49],[-118.75,43.07],[-118.5,43.72],[-118.25,43.5],[-118.0,43.8],[-117.5,43.53],[-116.75,44.22],[-116.25,44.15],[-115.25,43.19],[-114.75,43.31],[-114.25,42.91],[-113.25,42.73],[-113.25,42.3],[-114.25,42.41],[-115.75,42.19],[-116.5,43.24],[-117.11,43.5],[-116.71,42.75],[-116.72,42.25],[-117.0,42.01],[-117.5,42.2],[-117.65,41.75],[-116.86,41.0],[-117.0,40.76],[-117.56,40.75],[-117.5,40.54],[-117.0,40.74],[-116.94,40.5],[-117.27,40.25],[-116.95,40.0],[-118.0,39.5],[-117.89,38.75],[-118.14,38.5],[-117.75,38.28],[-117.4,38.5],[-117.25,38.16],[-116.75,38.1],[-116.25,37.65],[-116.12,38.25],[-115.5,38.78],[-115.97,38.0],[-115.53,38.0],[-115.0,38.54],[-114.0,37.67],[-112.25,37.33],[-110.65,38.0],[-110.75,38.3],[-111.0,38.1],[-111.03,38.5],[-110.5,38.67],[-110.43,39.25],[-110.0,39.33],[-109.75,39.02],[-108.75,39.48],[-108.59,39.25],[-108.89,38.75],[-108.31,38.25],[-108.58,37.75],[-108.32,37.25],[-106.93,37.25],[-106.75,36.0],[-106.5,35.81],[-106.23,36.0],[-106.42,36.25],[-105.75,36.6],[-105.52,36.5],[-105.87,35.75],[-105.5,35.59],[-105.05,36.25],[-104.81,37.25],[-105.13,37.75],[-104.96,38.0],[-105.49,38.5],[-104.88,38.75],[-105.27,39.25],[-105.43,40.5],[-106.02,41.25],[-106.0,41.49],[-105.75,41.54],[-105.44,41.25],[-105.38,42.5],[-105.58,42.75],[-105.17,43.0],[-105.29,43.25],[-104.91,44.25],[-103.5,44.14],[-103.25,43.73],[-102.0,43.88],[-100.74,44.25],[-100.22,44.75],[-99.25,44.65],[-98.68,45.0],[-98.24,45.75],[-98.62,46.25],[-98.45,46.75],[-100.36,48.75],[-100.5,49.3],[-105.0,52.2],[-108.25,53.27],[-109.75,53.25],[-109.81,53.5],[-110.25,53.66],[-111.75,53.63],[-113.25,54.29],[-115.36,54.5],[-115.93,55.0],[-115.86,55.25],[-116.76,55.25],[-117.0,55.56],[-117.25,55.35],[-118.75,55.42],[-119.5,54.99],[-121.0,55.37],[-121.57,56.0],[-121.05,56.25],[-123.0,56.42],[-124.75,58.51],[-126.64,59.25],[-126.16,59.5],[-126.25,59.94],[-127.75,60.25],[-128.17,60.5],[-127.9,60.75],[-128.75,61.11],[-129.75,60.93],[-130.5,61.35],[-132.0,61.58],[-133.5,61.57],[-133.31,61.25],[-133.5,61.1],[-134.0,61.25],[-134.01,61.0],[-134.74,60.75],[-135.25,60.27],[-135.75,60.28],[-137.25,60.55],[-137.75,61.01],[-138.5,60.68],[-140.25,61.05],[-141.25,61.51],[-141.75,61.46],[-142.5,62.08],[-144.25,62.37],[-144.38,62.0],[-144.0,61.55],[-143.64,61.5],[-143.61,61.25],[-144.5,61.08],[-145.75,61.5],[-145.75,61.23],[-144.75,60.69],[-143.0,60.78],[-143.1,60.5],[-142.0,60.28],[-142.0,59.95],[-140.09,59.5],[-140.13,59.0],[-141.25,58.41],[-143.5,58.28],[-148.5,57.27],[-149.91,56.5],[-150.75,56.34],[-154.0,56.66],[-154.23,56.75],[-153.9,57.0],[-154.13,57.5],[-154.75,57.37],[-155.35,57.75],[-154.17,58.5],[-154.35,58.75],[-153.78,60.25],[-153.88,60.75],[-153.5,61.13],[-152.87,60.5],[-151.93,61.5],[-152.75,61.94],[-153.75,61.39],[-153.92,61.5],[-153.5,61.98],[-152.75,62.13],[-152.08,62.75],[-151.25,63.11],[-150.75,62.97],[-148.25,63.92],[-147.25,63.92],[-146.5,63.64],[-144.25,63.69],[-144.53,64.25],[-145.52,64.5],[-145.54,65.0],[-146.54,65.5],[-145.25,65.57],[-144.75,65.32],[-142.5,65.17],[-141.28,66.0],[-141.59,66.5],[-141.5,66.78],[-139.58,66.75],[-139.0,66.33],[-137.5,66.14],[-136.64,65.5],[-135.0,65.09],[-132.75,65.46],[-128.25,65.49],[-127.75,65.87],[-126.75,65.87],[-125.5,65.17],[-123.5,64.83],[-123.25,64.15],[-122.36,64.0],[-122.72,63.75],[-122.25,63.52],[-121.5,63.6],[-121.25,63.28],[-120.25,63.4],[-119.5,63.96],[-118.5,64.21],[-115.48,64.5],[-113.76,65.0],[-114.25,65.11],[-114.4,65.5],[-113.25,66.46],[-111.25,67.43],[-111.42,68.0],[-111.25,68.12],[-109.0,69.06],[-104.46,70.25],[-103.3,71.0],[-103.03,71.5],[-103.5,72.01],[-105.55,73.0],[-106.11,73.75],[-106.91,74.0],[-106.35,74.75],[-106.7,75.75],[-108.75,75.92],[-111.25,75.65],[-112.75,76.08],[-120.5,76.9],[-124.09,78.0],[-124.9,78.5],[-125.17,79.25],[-124.84,79.75],[-124.0,80.24],[-121.5,80.92],[-117.25,81.42],[-109.5,81.85],[-99.0,81.89],[-92.75,81.57],[-91.84,81.25],[-93.24,80.75],[-92.75,80.36],[-89.02,79.5],[-89.55,79.25],[-88.75,79.17],[-88.75,78.94],[-89.9,78.75],[-89.54,78.25],[-86.75,78.01],[-86.22,77.75],[-86.75,77.74],[-86.96,77.5],[-86.5,77.21],[-84.11,77.0],[-88.16,76.75],[-88.53,76.5],[-86.78,76.25],[-86.67,76.0],[-91.14,75.0],[-90.75,74.68],[-88.05,74.25],[-87.9,74.0],[-89.75,73.62],[-91.25,74.12],[-93.5,74.04],[-95.25,73.59],[-95.86,73.0],[-95.13,72.5],[-95.0,71.97],[-93.25,72.24],[-91.75,72.79],[-91.0,72.73],[-89.25,71.73],[-79.25,71.43],[-76.75,70.66],[-73.5,70.3],[-72.73,70.0],[-72.5,69.66],[-71.18,69.5],[-70.97,70.0],[-71.25,70.3],[-73.57,71.0],[-72.57,71.25],[-72.67,71.5],[-74.5,71.6],[-74.71,71.75],[-74.57,72.0],[-76.74,72.75],[-76.46,73.0],[-77.5,73.58],[-80.25,73.61],[-82.25,73.89],[-84.75,73.49],[-85.25,73.94],[-86.19,74.0],[-80.5,74.48],[-80.0,74.75],[-79.57,75.5],[-81.75,75.97],[-83.12,76.0],[-82.81,76.25],[-82.0,76.05],[-78.25,76.29],[-76.8,76.75],[-76.8,77.25],[-75.75,77.83],[-72.5,78.19],[-70.25,77.66],[-70.04,77.5],[-70.5,77.21],[-67.93,76.75],[-68.0,76.49],[-63.0,76.57],[-58.0,76.16],[-55.0,75.23],[-51.0,73.2],[-48.25,72.57],[-44.5,73.56],[-40.75,73.69],[-39.25,73.42],[-38.85,73.0],[-39.06,72.75],[-43.0,72.32],[-44.43,72.0],[-45.38,71.5],[-45.36,71.25],[-45.0,71.09],[-42.75,70.86],[-41.75,70.39],[-40.35,68.5],[-41.37,67.5],[-41.35,67.25],[-41.24,67.0],[-40.0,66.44],[-39.0,66.24],[-38.75,66.58],[-37.25,66.68],[-35.25,66.45],[-28.75,67.31],[-25.5,67.27],[-22.9,66.75],[-22.25,65.79],[-21.5,65.41],[-21.41,65.75],[-21.0,66.0],[-19.5,66.03],[-19.33,65.5],[-20.5,65.32],[-20.81,64.75],[-20.0,64.41],[-19.5,64.68],[-18.55,63.5],[-19.22,62.75],[-18.85,62.25],[-18.8,61.25],[-19.17,60.75],[-18.65,59.75],[-19.15,58.75],[-18.78,56.0],[-19.13,55.25],[-20.25,54.72],[-27.2,52.75],[-31.0,50.96],[-35.25,48.25],[-39.14,44.75],[-41.25,42.03],[-42.25,41.51],[-44.41,39.75],[-47.5,34.92],[-48.0,34.73],[-49.0,33.39],[-50.0,33.08],[-50.76,32.25],[-50.81,31.75],[-51.59,31.25],[-51.5,31.11],[-51.0,31.3],[-51.21,30.5],[-50.5,30.17],[-48.0,30.79],[-47.5,30.45],[-46.75,30.5],[-46.0,29.86],[-44.52,29.5],[-43.75,28.9],[-43.5,28.98],[-42.75,28.52],[-40.95,28.5],[-39.28,27.5],[-39.25,26.91],[-38.62,26.5],[-38.0,25.35],[-37.69,25.25],[-37.75,24.96],[-36.75,23.98],[-36.0,23.48],[-31.75,22.22],[-30.75,22.31],[-29.75,22.01],[-26.0,22.64],[-24.5,23.24],[-22.75,24.45],[-22.5,24.26],[-21.25,24.43],[-16.75,25.89],[-13.5,27.34],[-11.75,27.74],[-11.0,28.61],[-10.46,28.75],[-11.2,29.0],[-10.75,29.5],[-10.69,30.5],[-10.0,31.24],[-9.33,31.0],[-9.61,30.75],[-9.0,30.89],[-7.75,30.66],[-7.5,31.12],[-5.5,31.77],[-4.4,32.5],[-4.75,32.75],[-4.21,33.25],[-2.5,33.81],[-2.35,34.25],[-3.25,34.31],[-3.5,34.53],[-4.5,33.92],[-5.25,33.89],[-6.05,33.5],[-5.6,33.0],[-6.5,32.1],[-8.25,31.37],[-9.0,31.52],[-9.32,32.0],[-9.25,32.32],[-8.25,33.11],[-6.65,33.5],[-7.24,34.25],[-7.02,35.5],[-8.25,36.39],[-8.67,37.0],[-8.43,37.5],[-9.1,38.75],[-8.78,39.75],[-8.41,40.0],[-9.15,40.75],[-9.07,41.0],[-8.5,41.4],[-7.5,41.3],[-7.0,41.82],[-6.0,41.84],[-5.5,42.14],[-5.0,41.91],[-4.0,42.32],[-3.25,42.08],[-2.5,41.5],[-1.62,41.75],[-1.81,42.25],[-1.5,42.73],[-0.25,42.65],[1.2,43.0],[-0.5,43.41],[-2.25,43.2],[-3.25,43.61],[-4.15,44.75],[-3.91,46.25],[-2.56,47.5],[-0.5,48.11],[2.08,48.5],[2.97,50.25],[3.91,51.0],[4.93,52.5],[5.03,53.25],[6.5,54.08],[9.25,54.83],[10.25,54.92],[12.5,54.58],[13.75,53.94],[14.75,53.92],[15.26,52.0],[14.66,51.25],[13.0,50.76],[12.26,50.25],[12.23,49.5],[13.02,48.75],[12.5,48.09],[11.25,47.73],[10.25,47.74],[9.75,47.37],[7.25,46.66],[6.7,46.25],[6.32,45.5],[5.2,45.0],[5.38,43.75],[5.75,43.26],[6.75,42.84],[7.11,43.0],[7.28,40.75],[6.0,39.68],[4.39,37.75],[4.06,37.0],[3.5,36.87],[3.0,37.26],[2.43,37.0],[2.25,36.65],[1.75,36.83],[1.21,36.5],[1.95,36.25],[2.0,35.63],[2.5,35.48],[3.0,35.71],[3.61,35.25],[2.5,34.32],[0.91,33.5],[1.75,33.49],[2.5,34.18],[3.81,34.0],[3.39,33.5],[3.5,32.87],[3.75,33.08],[4.5,33.03],[4.87,33.5],[4.09,34.0],[4.5,34.51],[5.5,34.91],[6.93,34.5],[7.39,33.5],[7.34,32.0],[9.39,30.5],[9.09,28.75],[10.31,27.5],[10.5,26.73],[11.04,26.25],[10.5,25.85],[10.27,24.5],[9.75,25.16],[9.25,25.26],[8.5,25.29],[7.77,25.0],[8.0,24.8],[8.5,24.93],[8.99,24.75],[11.75,22.73],[12.56,22.75],[13.25,23.67],[14.0,23.99],[15.0,23.9],[15.18,23.0],[15.5,22.87],[15.75,23.58],[16.5,23.4],[18.5,23.52],[18.88,22.5],[18.59,21.75],[17.75,21.36],[17.5,21.59],[17.25,21.18],[16.5,21.34],[16.39,21.0],[17.0,20.87],[17.5,20.43],[18.0,20.51],[18.5,19.69],[18.84,19.75],[19.5,21.08],[20.25,21.12],[20.5,21.42],[21.5,21.75],[23.5,21.93],[24.25,22.45],[25.44,21.75],[25.25,21.25],[25.75,20.6],[26.75,21.16],[28.77,23.25],[30.0,23.93],[30.5,25.02],[30.75,25.06],[30.69,24.75],[31.0,24.44],[32.25,24.72],[32.25,25.43],[31.65,26.5],[32.5,26.57],[32.75,27.32],[33.5,26.7],[33.69,27.0],[33.1,27.75],[33.0,29.04],[34.0,28.11],[34.73,28.75],[34.75,29.07],[34.77,28.75],[36.5,27.65],[37.5,26.25],[38.15,27.25],[38.47,28.75],[38.75,28.93],[39.32,28.5],[39.14,27.75],[40.67,27.0],[40.75,26.73],[41.25,27.07],[41.5,26.9],[42.0,27.04],[42.9,26.5],[43.0,27.36],[43.25,26.98],[44.25,27.28],[44.75,26.49],[45.25,26.36],[45.84,27.0],[46.04,27.75],[46.72,28.25],[47.33,29.25],[45.57,32.25],[45.48,33.25],[45.75,33.63],[46.75,32.91],[48.5,32.72],[49.26,32.25],[49.91,31.0],[51.41,29.5],[51.51,28.75],[53.5,27.84],[54.0,27.23],[54.8,27.5],[54.74,28.0],[55.25,28.17],[55.79,28.25],[56.0,27.71],[56.75,27.73],[57.75,28.76],[58.25,28.29],[60.25,27.85],[61.0,27.4],[60.75,26.9],[59.25,26.47],[63.0,26.03],[63.75,25.51],[65.25,25.37],[65.5,25.81],[66.0,25.65],[66.25,26.27],[67.0,25.4],[66.8,27.25],[67.33,29.75],[67.75,30.11],[68.25,29.96],[69.0,30.14],[69.25,29.74],[70.0,29.95],[70.08,31.5],[70.0,31.75],[69.41,32.0],[70.06,32.5],[70.22,33.5],[70.75,33.47],[71.22,33.75],[71.0,34.1],[70.01,34.5],[71.75,34.7],[72.5,34.49],[73.5,33.66],[76.51,32.0],[77.25,30.63],[77.77,30.5],[79.5,29.25],[81.25,28.71],[82.5,27.82],[84.5,27.6],[86.75,26.87],[89.75,26.7],[93.5,27.04],[95.25,28.01],[95.95,28.0],[96.25,27.78],[96.23,27.5],[94.5,26.51],[93.25,25.41],[93.0,25.35],[92.25,25.95],[91.0,25.75],[90.93,25.5],[93.27,25.0],[93.33,24.5],[92.59,23.5],[93.16,21.5],[94.0,20.34],[94.18,21.25],[93.93,22.0],[93.95,23.25],[94.16,24.25],[96.25,26.81],[96.85,26.75],[97.09,26.25],[96.87,25.75],[97.0,25.6],[97.5,26.13],[97.78,25.75],[97.25,23.75],[96.75,23.13],[96.29,23.0],[96.58,21.75],[96.37,20.5],[96.89,18.5],[97.0,18.26],[97.35,18.25],[97.2,19.0],[97.75,19.42],[98.05,17.75],[98.51,17.25],[98.73,17.5],[98.5,18.25],[99.0,19.14],[99.25,18.83],[99.75,18.95],[99.7,19.75],[100.0,20.33],[100.5,18.99],[100.75,19.27],[101.02,19.0],[101.21,18.25],[100.68,17.5],[101.0,16.63],[101.25,17.21],[101.47,17.0],[101.5,16.27],[101.75,16.29],[101.51,17.5],[101.19,17.75],[101.26,18.25],[101.75,18.7],[102.5,18.8],[103.0,18.39],[103.75,18.67],[105.0,17.57],[105.75,17.57],[106.5,17.05],[106.15,18.75],[107.25,20.02],[110.0,20.7],[110.5,21.03],[117.75,21.82],[118.99,22.5],[119.21,23.25],[119.84,24.0],[120.5,24.37],[120.71,24.0],[120.48,23.25],[120.75,22.09],[121.25,21.98],[122.5,22.36],[127.25,25.84],[127.5,26.27],[127.75,26.15],[129.0,27.17],[129.75,28.24],[130.75,28.63],[132.25,30.01],[133.75,30.33],[134.0,30.21],[134.17,30.75],[134.5,30.59],[135.0,30.86],[135.23,31.25],[135.07,32.25],[135.5,32.74],[136.5,32.42],[138.0,33.09],[138.75,33.09],[142.5,32.42],[145.75,33.49],[147.36,34.75],[148.04,35.75],[148.73,37.0],[149.32,39.25],[148.66,41.0],[148.13,41.75],[147.65,44.0],[147.11,44.5],[147.22,45.25],[145.5,46.3],[143.52,47.0],[142.5,47.9],[140.89,47.75],[140.61,47.25],[140.25,47.35],[139.75,48.0],[140.13,48.5],[140.17,49.5],[139.5,49.85],[138.65,51.0],[137.75,50.83],[137.58,51.0],[137.82,51.25],[137.75,51.53],[137.0,51.22],[135.25,51.65],[134.96,52.25],[135.14,54.0],[134.75,54.29],[133.18,54.25],[133.67,54.75],[133.08,55.5],[133.7,56.0],[133.07,56.25],[132.96,56.75],[132.07,57.5],[131.5,58.4],[126.0,61.96],[125.5,62.59],[117.94,66.75],[112.0,68.49],[109.25,68.4],[102.75,66.94],[100.5,66.69],[99.5,67.23],[98.75,67.24],[98.47,67.75],[97.97,68.0],[97.73,68.5],[98.06,68.5],[98.25,68.19],[99.0,68.31],[99.5,67.87],[99.8,68.0],[99.79,68.5],[98.0,69.57],[95.0,69.46],[95.49,70.0],[93.25,70.08],[92.0,69.7],[91.75,69.34],[91.5,69.56],[90.99,69.25],[91.5,69.09],[91.65,68.5],[92.0,68.23],[93.75,67.64],[94.75,68.07],[95.25,67.84],[95.5,68.13],[95.75,67.88],[96.5,68.04],[97.49,67.75],[96.85,67.0],[96.73,66.25],[97.0,66.09],[98.0,66.39],[99.27,66.25],[100.14,65.0],[100.37,63.75],[100.76,63.5],[100.7,63.0],[100.99,62.5],[101.96,61.5],[102.0,60.75],[102.5,60.25],[102.39,60.0],[102.7,59.5],[102.75,58.0],[101.5,57.25],[100.25,56.92],[99.25,57.52],[95.0,57.78],[91.5,56.69],[88.75,56.19],[83.25,56.42],[79.33,56.0],[78.16,55.5],[77.62,55.0],[70.75,53.09],[65.75,52.56],[58.5,52.58],[56.5,53.35],[53.0,53.53],[50.25,54.24],[47.75,54.58],[46.0,55.2],[42.5,57.03],[39.75,57.28],[37.25,58.1],[33.75,58.85],[25.61,59.75],[23.5,60.37],[21.04,60.0],[20.25,59.43],[17.25,58.41],[13.5,58.28],[11.0,57.79],[9.5,57.8],[7.5,58.49],[7.39,59.5],[6.75,59.85],[5.77,59.5],[6.03,59.25],[5.5,59.0],[-3.25,59.3],[-16.0,61.93],[-16.75,62.25],[-15.97,62.75],[-15.0,62.96],[-13.5,64.12],[-10.75,65.09],[-7.75,65.71],[-7.44,66.0],[-7.98,67.0],[-10.25,68.0],[-10.89,69.0],[-9.84,70.0],[-9.4,71.25],[-10.36,72.25],[-10.74,73.25],[-11.81,74.5],[-12.12,75.5],[-12.75,76.23],[-16.75,78.49],[-18.25,78.99],[-20.11,79.0],[-19.5,79.07],[-19.25,79.35],[-18.25,79.06],[-17.75,79.23],[-19.25,79.51],[-19.44,79.75],[-18.0,79.83],[-17.08,80.5],[-18.0,80.44],[-18.03,80.75],[-14.86,81.5],[-21.5,82.63],[-25.5,83.64],[-28.5,84.01],[-43.5,84.96],[-47.33,85.5],[-47.22,86.0],[-47.45,86.5],[-47.17,86.75],[-42.5,88.75],[-42.37,89.0],[-43.25,89.26],[-51.25,89.66],[-70.75,89.83],[-180.0,89.81]]}},{"type":"Feature","properties":{"level":1016},"geometry":{"type":"LineString","coordinates":[[39.78,25.5],[40.0,25.32],[40.23,25.5],[40.05,26.5],[39.25,26.9],[38.75,26.73],[38.5,27.03],[38.36,26.75],[38.77,26.25],[39.5,26.45],[39.74,26.25],[39.78,25.5]]}},{"type":"Feature","properties":{"level":1016},"geometry":{"type":"LineString","coordinates":[[65.75,26.1],[65.75,26.32],[65.75,26.1]]}},{"type":"Feature","properties":{"level":1016},"geometry":{"type":"LineString","coordinates":[[57.64,26.5],[58.25,26.47],[58.77,26.75],[57.75,27.19],[57.64,26.5]]}},{"type":"Feature","properties":{"level":1016},"geometry":{"type":"LineString","coordinates":[[63.5,27.3],[62.75,27.67],[61.96,28.5],[62.03,28.75],[63.0,29.09],[64.25,29.08],[66.0,30.65],[66.03,29.5],[65.5,28.02],[64.5,27.42],[63.5,27.3]]}},{"type":"Feature","properties":{"level":1016},"geometry":{"type":"LineString","coordinates":[[36.25,28.17],[36.0,29.14],[36.25,29.86],[36.75,30.01],[36.47,29.5],[36.53,28.75],[36.98,28.25],[36.75,28.04],[36.25,28.17]]}},{"type":"Feature","properties":{"level":1016},"geometry":{"type":"LineString","coordinates":[[59.0,28.25],[56.63,32.0],[57.0,32.24],[57.25,32.12],[57.61,32.5],[56.92,32.75],[56.62,33.25],[56.75,33.88],[57.5,32.83],[58.0,32.79],[58.44,32.25],[58.93,31.0],[59.38,30.75],[59.73,30.0],[60.02,28.5],[59.75,28.28],[59.0,28.25]]}},{"type":"Feature","properties":{"level":1016},"geometry":{"type":"LineString","coordinates":[[-56.78,29.5],[-56.15,30.25],[-56.73,30.0],[-56.78,29.5]]}},{"type":"Feature","properties":{"level":1016},"geometry":{"type":"LineString","coordinates":[[-10.21,29.5],[-9.25,29.41],[-9.1,29.75],[-9.25,30.01],[-10.07,29.75],[-10.21,29.5]]}},{"type":"Feature","properties":{"level":1016},"geometry":{"type":"LineString","coordinates":[[61.75,29.4],[60.96,30.0],[60.74,31.0],[61.5,32.5],[62.75,32.83],[62.94,32.75],[62.63,32.5],[64.0,32.1],[65.0,32.33],[65.25,31.75],[66.14,31.75],[66.0,31.45],[64.75,31.08],[64.71,30.5],[65.0,30.15],[63.5,30.11],[62.65,29.5],[61.75,29.4]]}},{"type":"Feature","properties":{"level":1016},"geometry":{"type":"LineString","coordinates":[[85.75,30.49],[85.18,31.0],[85.75,31.39],[86.25,31.06],[86.5,31.19],[86.79,31.5],[86.5,31.8],[85.75,32.2],[85.0,31.87],[83.75,31.98],[83.25,32.37],[82.25,32.6],[82.0,32.44],[82.05,33.0],[83.0,33.15],[83.5,32.92],[83.75,33.28],[84.16,33.25],[84.5,32.41],[85.0,32.35],[86.0,32.73],[86.25,32.49],[87.5,32.27],[88.37,32.5],[87.25,32.8],[86.75,32.6],[86.3,32.75],[87.0,33.44],[88.25,33.37],[88.75,33.62],[89.0,33.25],[88.85,32.75],[90.0,32.54],[90.25,32.25],[89.75,31.64],[88.64,31.0],[88.25,30.97],[88.0,31.39],[87.5,31.36],[87.11,31.25],[87.48,31.0],[87.25,30.87],[86.5,30.67],[86.25,30.91],[85.75,30.49]]}},{"type":"Feature","properties":{"level":1016},"geometry":{"type":"LineString","coordinates":[[35.5,31.34],[35.5,31.69],[35.5,31.34]]}},{"type":"Feature","properties":{"level":1016},"geometry":{"type":"LineString","coordinates":[[55.5,31.31],[55.08,31.75],[54.97,32.5],[54.5,32.7],[54.15,32.0],[53.54,32.5],[53.5,33.03],[54.0,32.94],[54.25,33.32],[54.79,33.25],[55.27,32.75],[55.07,32.5],[55.5,31.31]]}},{"type":"Feature","properties":{"level":1016},"geometry":{"type":"LineString","coordinates":[[-63.52,32.0],[-62.0,32.03],[-61.75,31.76],[-60.0,32.62],[-58.25,32.98],[-58.04,34.0],[-57.25,34.64],[-54.5,36.11],[-54.0,35.86],[-53.73,36.0],[-52.0,37.15],[-49.25,39.49],[-47.75,40.09],[-47.0,40.09],[-44.44,42.5],[-44.6,42.75],[-44.32,43.0],[-44.13,44.25],[-45.0,44.4],[-50.25,43.14],[-52.25,43.03],[-55.25,43.37],[-56.25,44.05],[-60.5,45.05],[-62.75,44.82],[-63.23,45.25],[-64.5,45.56],[-66.25,45.41],[-68.0,45.77],[-70.5,44.25],[-71.75,42.93],[-72.25,43.09],[-72.75,42.34],[-73.5,42.5],[-74.0,41.99],[-75.25,41.45],[-76.75,41.44],[-78.16,40.0],[-78.35,39.25],[-78.92,38.5],[-80.0,38.11],[-80.15,38.25],[-79.92,38.5],[-80.25,38.61],[-80.69,38.25],[-80.88,38.0],[-80.75,37.18],[-81.0,37.05],[-81.23,37.25],[-81.35,37.75],[-81.31,37.25],[-83.5,36.86],[-86.85,35.0],[-86.45,34.75],[-86.75,34.66],[-86.84,34.25],[-85.5,34.0],[-85.38,33.5],[-84.25,33.18],[-80.75,33.19],[-76.25,34.17],[-74.75,34.0],[-72.25,34.21],[-71.5,33.91],[-69.5,33.7],[-65.75,33.89],[-65.21,33.25],[-63.75,32.5],[-63.52,32.0]]}},{"type":"Feature","properties":{"level":1016},"geometry":{"type":"LineString","coordinates":[[56.0,32.81],[55.75,33.12],[55.2,33.25],[54.9,33.75],[55.0,34.04],[54.26,34.0],[54.0,33.42],[53.08,34.25],[53.18,34.5],[53.75,34.83],[55.5,34.65],[56.75,34.92],[56.93,34.5],[56.05,33.5],[56.0,32.81]]}},{"type":"Feature","properties":{"level":1016},"geometry":{"type":"LineString","coordinates":[[-59.5,33.46],[-59.75,33.75],[-59.25,33.87],[-59.5,33.46]]}},{"type":"Feature","properties":{"level":1016},"geometry":{"type":"LineString","coordinates":[[137.5,33.46],[137.35,34.25],[137.75,34.49],[138.23,33.75],[138.0,33.42],[137.5,33.46]]}},{"type":"Feature","properties":{"level":1016},"geometry":{"type":"LineString","coordinates":[[91.0,33.95],[90.43,34.25],[90.5,34.81],[91.27,34.75],[91.0,35.3],[92.5,35.4],[92.75,35.78],[93.29,35.5],[92.05,34.75],[92.06,34.25],[91.0,33.95]]}},{"type":"Feature","properties":{"level":1016},"geometry":{"type":"LineString","coordinates":[[-0.59,34.5],[0.25,34.61],[0.75,35.0],[0.25,35.4],[0.0,34.92],[-0.52,35.0],[-0.74,34.75],[-0.59,34.5]]}},{"type":"Feature","properties":{"level":1016},"geometry":{"type":"LineString","coordinates":[[-4.73,34.75],[-4.25,34.56],[-3.92,34.75],[-4.5,35.04],[-4.99,35.0],[-4.73,34.75]]}},{"type":"Feature","properties":{"level":1016},"geometry":{"type":"LineString","coordinates":[[10.0,35.19],[10.0,35.71],[10.75,35.8],[11.21,35.5],[11.0,35.18],[10.0,35.19]]}},{"type":"Feature","properties":{"level":1016},"geometry":{"type":"LineString","coordinates":[[-118.36,36.0],[-118.01,36.25],[-118.06,37.25],[-117.47,37.5],[-118.68,38.75],[-119.0,38.98],[-119.3,38.75],[-119.5,39.2],[-119.75,38.88],[-119.95,39.5],[-120.25,39.55],[-120.12,38.5],[-118.36,36.0]]}},{"type":"Feature","properties":{"level":1016},"geometry":{"type":"LineString","coordinates":[[97.25,35.94],[94.75,36.78],[94.48,37.75],[94.09,38.0],[97.75,37.57],[98.0,37.13],[98.53,37.0],[98.48,36.5],[98.06,36.0],[97.25,35.94]]}},{"type":"Feature","properties":{"level":1016},"geometry":{"type":"LineString","coordinates":[[0.71,36.25],[1.06,36.25],[0.71,36.25]]}},{"type":"Feature","properties":{"level":1016},"geometry":{"type":"LineString","coordinates":[[5.25,36.94],[5.25,37.11],[5.75,37.15],[6.3,37.0],[5.25,36.94]]}},{"type":"Feature","properties":{"level":1016},"geometry":{"type":"LineString","coordinates":[[106.5,37.5],[105.79,38.0],[105.88,38.5],[106.62,39.25],[106.74,39.75],[106.0,40.0],[105.93,40.25],[107.99,41.75],[107.25,42.0],[104.25,41.4],[104.06,41.75],[104.86,42.25],[104.5,42.01],[104.38,42.25],[104.58,42.75],[105.66,43.0],[105.69,43.5],[106.14,43.75],[105.75,43.83],[105.13,43.5],[105.0,43.04],[103.5,43.88],[102.75,43.96],[101.5,43.64],[100.7,44.5],[101.88,44.75],[101.27,45.25],[102.0,45.49],[102.5,45.22],[103.5,45.37],[106.75,44.46],[107.75,45.07],[111.25,45.85],[113.0,46.56],[114.0,45.96],[114.25,45.3],[114.5,45.73],[114.75,45.25],[115.32,45.5],[115.17,45.75],[115.49,46.25],[116.54,47.0],[117.5,47.32],[118.82,47.25],[119.5,47.53],[119.1,47.0],[119.31,46.75],[119.22,46.25],[120.25,45.06],[121.0,44.94],[121.75,45.34],[124.0,45.71],[124.77,45.5],[125.15,45.0],[122.25,42.16],[120.75,41.69],[120.0,42.05],[119.0,41.86],[117.75,42.83],[116.75,42.98],[115.5,42.36],[113.06,42.0],[112.75,41.63],[111.25,41.79],[110.5,41.45],[110.25,41.83],[108.75,41.75],[109.39,41.5],[109.5,40.66],[110.49,40.25],[108.75,40.14],[108.39,39.75],[107.75,39.57],[108.01,38.5],[107.5,38.02],[107.0,38.24],[106.5,37.5]]}},{"type":"Feature","properties":{"level":1016},"geometry":{"type":"LineString","coordinates":[[-109.79,37.75],[-108.77,38.0],[-109.0,38.24],[-109.5,38.18],[-109.99,38.0],[-109.79,37.75]]}},{"type":"Feature","properties":{"level":1016},"geometry":{"type":"LineString","coordinates":[[-47.77,38.0],[-46.86,38.25],[-46.53,39.25],[-47.01,39.25],[-47.25,38.58],[-48.0,38.64],[-47.77,38.0]]}},{"type":"Feature","properties":{"level":1016},"geometry":{"type":"LineString","coordinates":[[-113.0,39.88],[-114.0,40.37],[-113.97,41.25],[-113.75,41.43],[-113.25,41.37],[-112.75,40.76],[-112.47,40.75],[-112.88,40.5],[-112.7,40.25],[-113.0,39.88]]}},{"type":"Feature","properties":{"level":1016},"geometry":{"type":"LineString","coordinates":[[-119.58,41.0],[-119.48,41.25],[-118.82,41.5],[-119.16,41.75],[-119.0,42.07],[-119.8,41.75],[-119.58,41.5],[-119.82,41.25],[-119.58,41.0]]}},{"type":"Feature","properties":{"level":1016},"geometry":{"type":"LineString","coordinates":[[-119.0,43.5],[-119.5,43.6],[-119.78,44.0],[-119.25,44.34],[-118.78,44.25],[-118.56,44.0],[-119.0,43.5]]}},{"type":"Feature","properties":{"level":1016},"geometry":{"type":"LineString","coordinates":[[-108.75,43.74],[-108.67,44.0],[-109.0,43.97],[-108.89,44.25],[-109.21,44.5],[-109.25,45.38],[-109.75,45.64],[-110.75,45.34],[-111.5,45.42],[-111.75,45.0],[-112.1,45.25],[-111.75,45.71],[-111.0,45.88],[-111.0,46.62],[-110.59,46.0],[-110.34,46.0],[-110.68,46.5],[-110.48,46.75],[-111.0,46.88],[-111.25,46.63],[-112.0,46.87],[-111.93,46.5],[-112.25,46.1],[-112.37,46.75],[-113.22,48.25],[-114.72,49.5],[-114.57,49.75],[-114.75,50.1],[-115.25,49.84],[-115.36,50.0],[-115.09,50.25],[-115.61,51.0],[-115.53,51.25],[-117.34,53.0],[-115.73,52.75],[-114.5,51.87],[-114.5,51.54],[-114.84,51.25],[-113.75,50.0],[-114.09,49.75],[-114.0,49.58],[-112.34,49.25],[-112.75,48.75],[-112.3,48.25],[-112.2,47.75],[-111.75,47.48],[-110.5,47.56],[-110.25,47.33],[-109.25,47.21],[-109.25,46.88],[-110.3,46.5],[-110.0,45.89],[-108.66,45.75],[-108.5,45.0],[-108.25,45.06],[-107.75,44.3],[-108.25,43.59],[-108.75,43.74]]}},{"type":"Feature","properties":{"level":1016},"geometry":{"type":"LineString","coordinates":[[142.75,45.32],[142.53,45.5],[142.75,45.84],[143.33,45.75],[143.25,45.37],[142.75,45.32]]}},{"type":"Feature","properties":{"level":1016},"geometry":{"type":"LineString","coordinates":[[5.81,46.75],[6.0,46.5],[7.09,47.25],[6.5,47.31],[5.81,46.75]]}},{"type":"Feature","properties":{"level":1016},"geometry":{"type":"LineString","coordinates":[[180.0,47.75],[177.5,46.83],[173.92,44.25],[170.32,40.75],[169.86,39.75],[168.58,39.0],[164.61,35.75],[164.89,35.25],[164.49,34.0],[164.52,33.75],[165.23,33.25],[166.12,31.75],[166.18,31.0],[167.37,29.0],[168.73,27.75],[170.1,27.0],[170.5,26.4],[172.63,25.5],[174.5,25.06],[180.0,25.07]]}},{"type":"Feature","properties":{"level":1016},"geometry":{"type":"LineString","coordinates":[[13.0,49.5],[12.99,49.75],[13.5,49.75],[13.0,49.5]]}},{"type":"Feature","properties":{"level":1016},"geometry":{"type":"LineString","coordinates":[[13.5,50.21],[13.68,50.25],[13.5,50.21]]}},{"type":"Feature","properties":{"level":1016},"geometry":{"type":"LineString","coordinates":[[-158.25,57.72],[-157.74,57.75],[-158.25,57.72]]}},{"type":"Feature","properties":{"level":1016},"geometry":{"type":"LineString","coordinates":[[-129.75,59.73],[-130.41,60.25],[-130.25,60.49],[-129.12,60.0],[-129.75,59.73]]}},{"type":"Feature","properties":{"level":1016},"geometry":{"type":"LineString","coordinates":[[7.48,59.75],[7.79,59.75],[7.75,60.6],[7.0,60.49],[6.85,60.25],[7.48,59.75]]}},{"type":"Feature","properties":{"level":1016},"geometry":{"type":"LineString","coordinates":[[-148.1,61.5],[-148.0,61.32],[-146.54,61.5],[-147.5,61.7],[-148.1,61.5]]}},{"type":"Feature","properties":{"level":1016},"geometry":{"type":"LineString","coordinates":[[-148.82,62.25],[-147.44,62.25],[-148.25,62.49],[-148.82,62.25]]}},{"type":"Feature","properties":{"level":1016},"geometry":{"type":"LineString","coordinates":[[-118.78,62.5],[-118.41,62.5],[-118.75,62.75],[-118.78,62.5]]}},{"type":"Feature","properties":{"level":1016},"geometry":{"type":"LineString","coordinates":[[-119.26,62.75],[-118.75,62.75],[-119.25,63.26],[-119.44,63.0],[-119.26,62.75]]}},{"type":"Feature","properties":{"level":1016},"geometry":{"type":"LineString","coordinates":[[128.11,64.75],[130.08,65.25],[128.21,65.5],[129.19,65.75],[128.75,66.09],[127.5,65.96],[126.4,65.5],[126.38,65.25],[127.0,64.95],[128.11,64.75]]}},{"type":"Feature","properties":{"level":1016},"geometry":{"type":"LineString","coordinates":[[133.6,64.75],[135.12,64.75],[133.75,65.23],[133.41,65.0],[133.6,64.75]]}},{"type":"Feature","properties":{"level":1016},"geometry":{"type":"LineString","coordinates":[[-19.83,65.75],[-19.75,65.58],[-19.66,65.75],[-19.83,65.75]]}},{"type":"Feature","properties":{"level":1016},"geometry":{"type":"LineString","coordinates":[[126.97,66.0],[128.0,66.02],[128.46,66.25],[127.85,66.5],[128.33,67.0],[128.25,67.3],[128.0,67.43],[127.02,67.0],[127.59,66.75],[126.39,66.25],[126.97,66.0]]}},{"type":"Feature","properties":{"level":1016},"geometry":{"type":"LineString","coordinates":[[99.06,69.25],[99.83,69.25],[99.75,69.84],[98.75,69.76],[99.17,69.5],[99.06,69.25]]}},{"type":"Feature","properties":{"level":1016},"geometry":{"type":"LineString","coordinates":[[105.6,69.25],[106.5,69.33],[107.25,69.72],[108.5,69.75],[109.0,70.13],[110.0,70.27],[110.15,70.5],[108.75,70.77],[106.25,70.73],[105.92,70.25],[104.81,69.75],[104.87,69.5],[105.6,69.25]]}},{"type":"Feature","properties":{"level":1016},"geometry":{"type":"LineString","coordinates":[[-21.75,72.0],[-22.0,72.36],[-21.0,72.65],[-19.99,72.25],[-21.0,71.92],[-21.75,72.0]]}},{"type":"Feature","properties":{"level":1016},"geometry":{"type":"LineString","coordinates":[[-80.25,72.47],[-79.5,72.75],[-77.81,72.75],[-78.75,72.42],[-80.25,72.47]]}},{"type":"Feature","properties":{"level":1016},"geometry":{"type":"LineString","coordinates":[[-21.0,72.81],[-21.49,73.25],[-19.75,74.02],[-18.0,74.03],[-16.2,73.25],[-16.25,73.0],[-18.0,72.83],[-21.0,72.81]]}},{"type":"Feature","properties":{"level":1016},"geometry":{"type":"LineString","coordinates":[[-69.75,77.15],[-69.4,77.25],[-69.75,77.15]]}},{"type":"Feature","properties":{"level":1016},"geometry":{"type":"LineString","coordinates":[[-180.0,84.85],[-171.0,83.67],[-165.75,82.64],[-163.79,82.0],[-162.37,81.25],[-161.69,80.75],[-161.38,80.0],[-162.11,79.0],[-165.7,76.25],[-166.73,74.75],[-166.77,73.0],[-166.5,72.0],[-164.09,70.25],[-163.62,69.5],[-164.3,69.0],[-166.05,68.5],[-166.0,68.16],[-165.09,67.5],[-165.79,66.0],[-166.68,65.5],[-166.0,64.0],[-166.08,63.75],[-167.5,63.83],[-168.03,63.0],[-167.95,61.5],[-168.75,58.87],[-170.25,56.75],[-171.16,56.25],[-172.4,55.0],[-172.9,53.5],[-176.0,49.94],[-177.83,48.75],[-180.0,47.75]]}},{"type":"Feature","properties":{"level":1016},"geometry":{"type":"LineString","coordinates":[[180.0,89.81],[164.0,89.61],[159.17,89.25],[161.61,87.75],[163.79,87.0],[171.8,85.75],[180.0,84.85]]}},{"type":"Feature","properties":{"level":1020},"geometry":{"type":"LineString","coordinates":[[71.07,-88.75],[91.0,-88.94],[101.44,-88.75],[103.49,-88.5],[106.0,-87.75],[104.02,-87.0],[104.68,-86.25],[104.94,-85.0],[105.69,-84.5],[108.12,-83.75],[111.88,-83.0],[112.62,-82.5],[118.25,-82.18],[127.75,-80.54],[128.13,-80.25],[127.0,-79.75],[127.42,-79.25],[128.75,-78.79],[128.63,-77.75],[130.39,-77.0],[130.08,-76.25],[130.2,-76.0],[131.35,-75.5],[131.8,-74.75],[130.75,-74.64],[129.75,-74.06],[127.75,-74.57],[125.75,-74.47],[124.0,-74.81],[122.5,-75.5],[117.5,-75.82],[113.62,-76.5],[109.0,-76.9],[107.5,-77.12],[107.05,-77.5],[107.35,-78.0],[108.0,-78.18],[125.99,-79.25],[125.5,-79.59],[121.0,-79.95],[112.5,-80.13],[104.75,-80.77],[102.5,-80.61],[100.95,-80.25],[99.63,-79.75],[99.4,-79.25],[98.75,-78.9],[96.5,-78.7],[96.04,-78.5],[96.41,-78.0],[94.75,-77.68],[93.0,-77.87],[93.13,-78.25],[93.81,-78.5],[93.58,-78.75],[92.25,-78.87],[82.25,-78.62],[78.25,-78.74],[74.25,-79.19],[65.25,-79.12],[59.5,-78.77],[55.75,-78.19],[53.39,-77.5],[49.14,-75.75],[47.0,-75.16],[44.75,-74.89],[41.25,-75.05],[38.9,-75.75],[36.5,-76.05],[26.95,-75.25],[23.62,-75.25],[25.5,-75.4],[29.75,-76.24],[38.25,-77.0],[41.32,-77.5],[42.77,-78.0],[42.9,-78.25],[42.5,-78.75],[42.58,-79.0],[43.99,-80.25],[44.57,-81.25],[46.01,-82.0],[45.81,-82.5],[46.05,-82.75],[46.05,-83.25],[49.63,-84.0],[49.51,-84.25],[50.2,-84.75],[55.29,-86.0],[49.26,-87.5],[49.11,-87.75],[54.5,-88.29],[71.07,-88.75]]}},{"type":"Feature","properties":{"level":1020},"geometry":{"type":"LineString","coordinates":[[21.51,-75.0],[22.54,-75.0],[21.51,-75.0]]}},{"type":"Feature","properties":{"level":1020},"geometry":{"type":"LineString","coordinates":[[-73.83,-55.75],[-70.5,-55.93],[-68.9,-55.75],[-68.76,-55.5],[-69.0,-55.0],[-68.61,-54.5],[-68.69,-54.0],[-68.0,-53.65],[-67.0,-53.68],[-66.98,-54.0],[-66.31,-54.5],[-65.36,-54.75],[-67.0,-54.95],[-67.0,-55.15],[-65.5,-55.32],[-60.5,-54.49],[-56.25,-54.37],[-47.65,-53.25],[-45.5,-52.52],[-43.78,-51.0],[-43.61,-49.75],[-43.78,-49.5],[-45.75,-48.51],[-47.5,-48.57],[-48.5,-48.13],[-51.0,-48.5],[-52.25,-48.36],[-52.83,-48.0],[-52.79,-47.25],[-51.5,-46.36],[-47.5,-45.07],[-47.0,-45.24],[-46.25,-45.06],[-43.0,-43.41],[-41.75,-43.45],[-40.5,-42.91],[-39.25,-42.77],[-38.25,-41.5],[-38.52,-41.0],[-37.5,-41.18],[-37.25,-40.36],[-35.75,-40.23],[-34.25,-40.59],[-29.25,-36.43],[-26.75,-35.81],[-23.5,-35.54],[-21.75,-34.7],[-20.83,-34.5],[-19.25,-32.87],[-19.13,-31.75],[-18.3,-30.5],[-18.68,-29.75],[-21.16,-28.75],[-20.25,-28.63],[-17.75,-28.73],[-16.97,-28.5],[-15.25,-28.51],[-13.75,-28.8],[-12.75,-28.73],[-10.0,-29.32],[-8.25,-29.34],[-4.0,-30.43],[-1.25,-31.44],[13.5,-37.33],[14.25,-37.81],[15.25,-37.97],[16.25,-39.09],[16.75,-38.94],[17.41,-39.5],[20.94,-41.0],[25.4,-44.75],[30.09,-47.75],[33.75,-49.4],[35.75,-49.97],[44.75,-50.23],[55.75,-49.4],[56.25,-49.08],[59.25,-48.73],[68.0,-48.98],[68.75,-49.29],[69.25,-48.8],[70.0,-48.99],[73.5,-49.03],[78.5,-48.54],[83.28,-47.25],[89.66,-44.5],[93.75,-41.75],[99.47,-37.25],[101.78,-36.25],[105.25,-34.01],[106.25,-33.59],[107.29,-32.5],[108.17,-30.25],[107.91,-28.75],[106.87,-27.25],[106.81,-26.0],[107.37,-24.5],[107.24,-22.75],[106.58,-21.5],[105.5,-20.45],[101.25,-17.87],[98.25,-16.86],[96.5,-16.69],[95.75,-16.38],[94.0,-16.34],[92.0,-15.93],[90.25,-15.94],[88.75,-16.28],[86.25,-15.71],[83.25,-15.74],[82.25,-15.98],[80.5,-15.64],[75.25,-16.08],[73.0,-15.97],[71.5,-16.27],[70.5,-16.85],[69.25,-16.39],[65.75,-16.16],[63.75,-15.55],[62.75,-15.81],[61.0,-15.32],[59.5,-15.39],[57.5,-15.94],[55.5,-15.42],[55.0,-15.61],[53.0,-15.54],[52.25,-14.69],[50.5,-14.05],[50.0,-13.52],[49.5,-13.37],[48.51,-14.25],[48.46,-16.0],[46.18,-18.5],[46.67,-19.5],[46.14,-20.5],[46.64,-21.0],[46.41,-21.75],[45.75,-21.61],[45.25,-22.15],[43.97,-22.5],[44.0,-22.96],[44.25,-22.99],[44.5,-22.61],[44.6,-22.75],[44.27,-23.75],[44.5,-24.16],[45.25,-24.01],[45.75,-24.21],[46.25,-23.88],[46.53,-24.0],[46.65,-24.75],[46.98,-25.0],[46.94,-25.5],[45.75,-26.17],[45.5,-26.69],[44.5,-27.04],[43.75,-27.67],[43.25,-27.35],[42.0,-28.25],[41.0,-28.49],[40.62,-28.0],[40.86,-27.5],[40.75,-26.75],[40.89,-26.25],[41.55,-25.5],[40.75,-24.23],[39.0,-23.84],[38.0,-23.92],[37.25,-24.3],[36.5,-24.13],[36.0,-24.49],[35.5,-24.46],[35.0,-24.01],[34.5,-24.24],[33.75,-24.04],[32.25,-22.93],[31.5,-22.75],[31.5,-23.04],[31.25,-23.13],[30.87,-22.75],[30.25,-22.72],[29.14,-23.5],[29.12,-24.25],[29.74,-24.5],[29.62,-25.25],[28.36,-26.75],[27.81,-28.0],[27.8,-28.5],[28.25,-28.89],[28.09,-29.25],[28.43,-29.75],[27.97,-30.75],[26.25,-31.47],[26.0,-32.11],[25.25,-32.29],[24.75,-31.74],[24.25,-31.85],[23.75,-32.34],[22.75,-31.99],[22.69,-32.75],[22.19,-33.25],[22.25,-33.68],[21.5,-33.96],[21.25,-34.35],[20.75,-34.28],[20.25,-34.63],[19.75,-33.98],[19.48,-34.25],[19.5,-34.73],[18.0,-35.01],[17.0,-34.51],[16.0,-33.64],[13.74,-30.5],[10.5,-27.48],[8.81,-25.5],[5.5,-22.67],[2.5,-20.65],[1.5,-20.26],[-3.25,-19.91],[-8.57,-20.25],[-11.5,-21.59],[-13.75,-21.36],[-14.25,-21.66],[-15.25,-21.7],[-17.0,-22.55],[-17.75,-22.5],[-18.0,-22.8],[-21.25,-22.51],[-25.25,-23.72],[-27.25,-24.03],[-27.76,-24.5],[-27.69,-25.75],[-25.36,-28.0],[-25.54,-28.25],[-27.16,-28.5],[-30.25,-29.62],[-31.25,-29.62],[-33.25,-30.16],[-33.5,-30.54],[-41.75,-31.33],[-43.25,-31.84],[-44.5,-32.54],[-44.73,-33.0],[-45.24,-33.25],[-46.75,-35.68],[-48.25,-36.92],[-49.5,-38.45],[-51.25,-39.37],[-55.75,-40.15],[-57.75,-39.8],[-61.0,-39.94],[-65.0,-39.11],[-67.06,-38.25],[-68.25,-37.21],[-68.82,-37.25],[-68.62,-37.5],[-69.0,-37.76],[-69.25,-37.27],[-70.25,-37.56],[-70.89,-38.0],[-70.79,-39.0],[-71.51,-39.5],[-72.0,-40.64],[-72.08,-41.25],[-71.44,-41.75],[-72.25,-41.98],[-72.28,-43.0],[-72.58,-43.5],[-72.5,-43.84],[-72.0,-44.0],[-72.59,-44.25],[-73.09,-46.25],[-73.93,-46.75],[-73.96,-47.75],[-74.33,-48.0],[-73.96,-48.25],[-74.25,-48.39],[-74.9,-47.75],[-74.52,-47.0],[-75.0,-46.72],[-75.5,-46.9],[-76.05,-46.5],[-77.87,-43.75],[-80.5,-40.93],[-81.48,-39.5],[-82.32,-37.25],[-83.44,-32.5],[-85.0,-30.17],[-85.25,-29.04],[-86.08,-28.25],[-87.0,-26.32],[-88.0,-25.78],[-88.5,-25.85],[-89.25,-24.72],[-90.0,-24.7],[-91.5,-24.2],[-98.0,-24.71],[-98.73,-24.5],[-99.0,-24.14],[-99.25,-24.14],[-99.5,-24.53],[-100.0,-23.96],[-100.75,-24.26],[-101.5,-24.08],[-102.75,-25.09],[-103.4,-25.25],[-103.33,-26.0],[-103.84,-27.25],[-103.51,-28.5],[-103.71,-30.25],[-103.26,-31.25],[-103.49,-31.5],[-103.22,-32.25],[-103.21,-33.75],[-102.75,-34.11],[-102.67,-34.5],[-102.75,-34.75],[-103.25,-34.59],[-103.49,-35.25],[-103.37,-37.5],[-103.09,-38.0],[-103.22,-38.5],[-102.0,-42.5],[-100.25,-45.25],[-99.0,-46.66],[-97.24,-48.25],[-94.01,-50.5],[-88.25,-53.27],[-83.5,-54.66],[-80.0,-55.25],[-73.83,-55.75]]}},{"type":"Feature","properties":{"level":1020},"geometry":{"type":"LineString","coordinates":[[-180.0,-51.78],[-177.38,-50.25],[-177.14,-49.5],[-177.5,-47.25],[-176.5,-46.41],[-175.75,-46.18],[-172.5,-46.37],[-165.75,-47.3],[-159.75,-47.48],[-154.61,-46.75],[-150.37,-45.25],[-148.13,-43.75],[-145.5,-41.26],[-142.52,-39.5],[-139.75,-37.43],[-137.5,-35.37],[-134.16,-33.25],[-132.25,-32.7],[-131.5,-32.25],[-130.18,-31.0],[-130.14,-30.0],[-129.72,-29.0],[-130.17,-27.5],[-131.25,-26.34],[-131.75,-26.26],[-132.0,-25.85],[-136.25,-23.75],[-138.0,-23.2],[-139.0,-23.22],[-141.5,-22.34],[-144.75,-21.87],[-147.0,-21.88],[-150.75,-20.99],[-159.25,-20.84],[-163.5,-21.24],[-167.75,-20.89],[-170.5,-21.02],[-173.0,-21.94],[-173.5,-21.71],[-174.5,-23.06],[-176.0,-23.37],[-176.5,-23.79],[-177.25,-23.5],[-178.25,-24.31],[-178.5,-24.12],[-180.0,-24.09]]}},{"type":"Feature","properties":{"level":1020},"geometry":{"type":"LineString","coordinates":[[-75.0,-48.31],[-75.0,-47.91],[-75.0,-48.31]]}},{"type":"Feature","properties":{"level":1020},"geometry":{"type":"LineString","coordinates":[[-73.0,-48.26],[-73.5,-48.08],[-73.62,-47.75],[-72.99,-47.25],[-72.27,-47.25],[-72.07,-47.75],[-72.25,-48.22],[-73.0,-48.26]]}},{"type":"Feature","properties":{"level":1020},"geometry":{"type":"LineString","coordinates":[[177.25,-40.33],[177.25,-39.96],[177.64,-40.0],[177.63,-40.25],[177.25,-40.33]]}},{"type":"Feature","properties":{"level":1020},"geometry":{"type":"LineString","coordinates":[[180.0,-37.23],[179.5,-37.93],[179.25,-37.95],[179.05,-37.75],[179.34,-37.25],[179.25,-36.76],[178.68,-37.5],[178.05,-37.25],[178.82,-36.25],[179.27,-34.5],[180.0,-33.67]]}},{"type":"Feature","properties":{"level":1020},"geometry":{"type":"LineString","coordinates":[[-180.0,-33.67],[-179.25,-32.93],[-178.0,-32.73],[-177.5,-32.88],[-177.17,-33.5],[-177.37,-34.5],[-178.38,-36.25],[-180.0,-37.23]]}},{"type":"Feature","properties":{"level":1020},"geometry":{"type":"LineString","coordinates":[[-175.5,-33.12],[-175.25,-32.63],[-174.73,-32.75],[-175.0,-33.12],[-175.5,-33.12]]}},{"type":"Feature","properties":{"level":1020},"geometry":{"type":"LineString","coordinates":[[180.0,-24.09],[179.75,-24.41],[179.0,-24.39],[178.5,-24.69],[178.0,-24.55],[177.25,-25.35],[176.75,-25.03],[176.5,-25.64],[176.24,-25.5],[175.5,-26.33],[174.92,-26.5],[174.43,-27.75],[174.68,-28.5],[174.59,-29.25],[174.95,-29.75],[174.89,-31.25],[175.7,-33.5],[176.84,-35.5],[176.87,-36.25],[177.25,-36.67],[178.14,-36.5],[177.92,-37.0],[177.25,-37.7],[176.75,-37.79],[176.0,-37.43],[175.75,-36.9],[175.64,-37.75],[174.99,-38.25],[174.8,-39.5],[175.13,-40.0],[175.0,-40.36],[174.0,-40.61],[173.25,-41.23],[172.75,-41.18],[172.54,-41.75],[171.25,-42.75],[168.5,-44.14],[166.5,-45.47],[166.0,-45.3],[164.02,-42.75],[162.94,-40.25],[162.99,-35.25],[163.37,-33.25],[163.79,-32.5],[163.66,-31.75],[164.06,-31.0],[163.97,-30.5],[161.39,-26.75],[161.18,-26.0],[160.25,-25.54],[160.25,-25.22],[159.18,-25.0],[158.75,-24.6],[157.0,-24.27],[153.75,-23.81],[152.0,-23.87],[150.25,-23.2],[149.0,-23.2],[147.63,-24.25],[147.34,-25.75],[147.42,-27.25],[146.25,-29.1],[145.75,-29.58],[143.5,-30.52],[143.25,-30.87],[142.75,-30.88],[142.25,-31.27],[141.5,-31.28],[141.0,-32.18],[140.5,-32.08],[139.92,-32.5],[140.25,-32.55],[140.53,-33.0],[140.15,-34.5],[140.52,-36.0],[140.47,-37.5],[141.04,-38.25],[141.28,-39.25],[141.47,-40.25],[141.32,-41.75],[141.8,-43.5],[142.78,-45.0],[145.29,-47.5],[147.09,-48.75],[150.0,-50.29],[152.75,-51.49],[156.5,-52.67],[162.63,-54.0],[165.75,-54.34],[169.75,-54.33],[172.25,-54.06],[177.42,-52.75],[180.0,-51.78]]}},{"type":"Feature","properties":{"level":1020},"geometry":{"type":"LineString","coordinates":[[38.39,6.0],[40.0,6.65],[40.33,7.0],[40.47,7.25],[39.47,7.5],[40.0,8.35],[39.23,8.0],[38.39,6.0]]}},{"type":"Feature","properties":{"level":1020},"geometry":{"type":"LineString","coordinates":[[38.83,9.0],[39.5,9.23],[39.8,9.75],[39.5,13.09],[38.77,11.0],[39.37,10.0],[38.63,9.75],[38.66,9.5],[38.29,9.25],[38.83,9.0]]}},{"type":"Feature","properties":{"level":1020},"geometry":{"type":"LineString","coordinates":[[104.12,21.5],[104.25,21.34],[104.53,21.5],[103.75,22.88],[104.75,22.65],[105.0,22.99],[106.25,23.0],[106.43,23.5],[105.92,23.75],[106.0,24.36],[106.75,24.25],[108.0,25.05],[108.75,25.1],[109.5,25.57],[110.0,25.35],[110.25,25.48],[111.0,24.87],[112.25,24.48],[112.47,25.0],[113.0,24.68],[113.5,25.13],[114.5,24.51],[114.77,24.75],[114.46,25.25],[115.5,25.18],[115.75,25.55],[116.0,25.27],[116.5,25.41],[117.18,24.5],[117.5,24.78],[118.0,24.75],[119.5,25.71],[120.5,26.7],[124.02,28.5],[124.84,29.25],[125.75,30.9],[126.39,31.25],[127.4,32.5],[128.75,32.87],[129.5,33.41],[129.75,33.06],[130.75,33.01],[130.8,32.5],[131.25,32.23],[131.87,33.0],[132.06,33.75],[132.5,34.08],[132.75,34.1],[132.77,33.5],[133.0,33.41],[134.25,33.72],[134.4,34.0],[134.08,34.5],[135.15,35.25],[134.73,36.0],[135.5,36.73],[136.25,37.03],[136.5,37.09],[136.91,36.75],[136.48,36.25],[136.55,36.0],[138.25,35.4],[139.26,36.5],[140.0,36.76],[140.5,36.61],[141.0,37.25],[140.74,38.25],[140.89,38.75],[141.8,39.5],[141.5,40.19],[141.0,40.23],[140.63,39.5],[139.5,38.72],[139.52,39.0],[138.5,39.59],[137.5,40.78],[136.75,40.97],[134.75,40.86],[133.67,41.5],[133.07,42.5],[134.0,42.84],[135.15,43.75],[135.66,44.75],[136.42,45.5],[136.63,46.5],[137.82,47.5],[137.2,47.75],[137.25,48.05],[135.75,47.45],[133.97,48.5],[133.81,49.25],[134.67,50.75],[134.41,51.0],[134.36,52.75],[134.52,53.0],[133.5,52.79],[133.25,53.12],[132.39,53.25],[131.5,53.86],[130.85,54.0],[131.25,54.67],[132.14,55.25],[131.64,55.5],[131.75,55.8],[129.85,56.5],[129.67,57.0],[128.87,57.5],[129.68,58.0],[127.25,58.96],[121.25,62.55],[117.25,64.31],[114.25,65.29],[113.75,65.24],[113.26,65.5],[113.45,65.75],[113.25,65.83],[112.0,65.72],[111.5,66.13],[109.5,66.15],[108.76,65.75],[109.0,65.47],[107.12,65.0],[106.75,64.54],[105.69,64.25],[106.15,63.75],[105.43,63.5],[106.57,63.25],[106.25,62.74],[105.67,62.5],[105.65,61.5],[105.87,61.25],[105.33,61.0],[105.75,60.5],[105.59,60.0],[105.84,59.75],[105.21,58.25],[105.93,58.0],[105.65,57.5],[106.0,56.75],[105.49,56.25],[105.2,55.0],[105.87,54.5],[105.83,54.0],[106.57,53.5],[106.42,53.0],[107.5,53.35],[109.25,54.5],[109.42,54.25],[109.25,53.91],[108.32,53.0],[108.86,52.75],[108.5,52.59],[108.42,52.25],[110.75,51.23],[111.58,51.25],[113.25,49.5],[112.25,49.29],[112.0,48.84],[115.25,48.89],[115.67,49.0],[116.25,49.63],[118.25,49.25],[119.75,49.69],[121.5,48.51],[121.5,46.72],[128.25,47.3],[129.07,46.75],[129.5,46.12],[130.5,46.43],[131.63,46.25],[132.25,45.72],[133.37,46.25],[133.93,46.25],[134.19,46.0],[133.84,45.25],[132.5,43.95],[131.75,43.54],[131.06,44.0],[131.0,44.52],[129.75,44.33],[129.25,43.95],[128.25,44.31],[127.25,44.01],[126.36,43.25],[126.11,42.5],[125.0,42.14],[124.01,41.5],[122.11,40.0],[121.5,39.13],[118.39,37.5],[117.94,37.0],[116.48,36.75],[113.75,34.56],[113.0,34.69],[112.17,34.5],[112.36,35.0],[113.72,35.5],[113.96,37.5],[113.0,38.43],[112.5,38.38],[112.87,39.0],[112.0,39.18],[111.12,38.25],[111.1,37.5],[110.73,36.75],[110.69,36.0],[111.0,35.67],[111.5,36.21],[111.65,36.0],[111.38,34.75],[110.75,34.48],[110.0,34.51],[109.25,34.0],[108.5,33.93],[107.0,34.36],[106.25,35.83],[105.75,36.32],[105.34,36.25],[104.96,35.25],[105.34,35.0],[105.28,34.75],[104.75,34.64],[103.0,35.43],[102.5,36.35],[102.08,36.25],[102.49,36.0],[102.5,35.73],[101.75,36.09],[101.5,35.81],[100.75,35.81],[100.5,35.59],[98.75,36.3],[98.53,35.75],[98.0,35.54],[97.75,35.76],[96.75,35.79],[96.25,35.18],[95.5,35.06],[95.25,34.69],[95.0,34.85],[94.5,34.69],[93.86,34.25],[93.0,33.0],[92.25,33.21],[91.75,33.08],[91.25,33.65],[90.84,33.5],[91.0,33.07],[91.56,33.0],[91.33,31.75],[91.68,31.5],[91.0,30.7],[89.25,30.64],[88.7,30.25],[88.9,30.0],[88.65,29.75],[88.75,29.52],[89.0,29.81],[90.02,29.25],[89.5,28.93],[87.75,28.92],[86.68,29.25],[86.46,29.5],[88.32,29.75],[88.12,30.0],[88.29,30.25],[87.79,30.5],[86.5,29.93],[86.25,30.28],[86.0,30.01],[84.25,30.64],[83.5,31.17],[82.75,31.14],[81.5,31.95],[81.0,31.8],[80.25,32.32],[80.0,32.16],[78.75,33.15],[79.53,33.0],[79.74,33.25],[79.15,33.75],[80.0,33.78],[80.5,34.1],[81.25,33.69],[81.26,34.0],[81.75,34.08],[82.21,33.5],[82.75,33.7],[83.25,33.41],[84.25,33.88],[85.1,33.25],[86.0,33.12],[86.35,33.25],[85.75,33.29],[85.5,33.75],[85.75,33.98],[86.75,34.12],[87.25,33.7],[89.25,33.93],[89.25,34.15],[88.75,34.36],[88.36,34.25],[88.5,34.87],[89.53,34.75],[89.75,35.36],[90.0,35.29],[91.25,35.93],[92.25,36.13],[92.5,35.92],[93.0,36.09],[94.25,35.83],[94.48,36.0],[94.25,36.17],[93.08,36.5],[93.25,36.83],[92.2,37.0],[91.5,37.68],[91.0,37.74],[90.42,38.25],[91.0,38.23],[91.25,38.6],[93.25,39.09],[95.25,39.11],[96.75,38.4],[97.5,38.74],[97.75,38.4],[98.13,38.5],[97.95,38.0],[98.25,37.43],[99.5,37.07],[100.5,37.18],[100.8,36.5],[101.25,36.25],[101.55,36.25],[101.34,36.75],[101.5,36.95],[102.5,36.62],[103.89,37.0],[103.75,37.55],[102.75,37.69],[101.81,38.75],[101.12,39.0],[101.0,39.43],[100.47,39.5],[100.7,38.75],[100.5,38.74],[100.0,39.41],[99.58,39.5],[100.14,39.75],[100.0,40.02],[99.1,40.25],[99.55,40.75],[99.27,41.5],[98.5,41.75],[98.79,42.25],[98.42,42.5],[98.43,42.75],[98.76,43.0],[97.5,43.44],[97.0,43.39],[95.7,44.5],[95.7,45.0],[96.75,45.14],[97.02,45.5],[96.5,45.87],[94.5,45.84],[93.5,46.79],[92.39,47.25],[91.28,48.5],[92.13,48.75],[91.56,50.25],[91.75,50.42],[93.0,50.89],[94.25,50.86],[95.75,50.18],[96.71,50.0],[96.75,49.44],[95.75,49.41],[94.62,48.75],[95.0,48.46],[96.5,48.35],[97.0,47.63],[98.25,47.18],[98.72,47.5],[98.75,47.77],[99.5,47.77],[100.0,47.46],[100.25,47.88],[100.82,48.0],[101.09,48.5],[100.06,48.75],[100.22,49.0],[99.15,49.5],[99.43,49.75],[98.66,50.0],[99.75,50.13],[99.95,50.25],[99.75,50.38],[99.25,50.29],[99.0,50.58],[98.5,50.13],[97.7,50.0],[98.32,51.0],[98.2,51.25],[98.44,51.5],[98.23,52.0],[99.03,52.0],[98.5,52.48],[98.36,53.0],[96.92,54.25],[98.38,54.25],[99.16,55.0],[99.0,55.87],[95.5,55.76],[89.5,54.75],[87.5,55.18],[84.0,54.81],[81.25,54.34],[80.06,53.5],[77.25,52.51],[69.25,51.47],[64.0,51.08],[59.25,51.33],[53.0,50.97],[49.75,51.2],[46.56,51.75],[45.95,52.0],[45.77,52.5],[45.0,52.73],[40.75,53.17],[39.0,53.64],[38.25,53.53],[37.5,54.53],[35.5,54.14],[33.25,54.52],[30.0,54.42],[29.2,54.5],[29.0,55.1],[27.75,55.2],[24.25,54.61],[23.71,54.25],[22.75,54.07],[21.91,53.0],[22.37,51.0],[23.08,50.0],[23.0,49.76],[19.5,49.5],[19.01,49.25],[18.83,48.75],[19.25,48.47],[21.5,48.5],[21.75,48.88],[23.26,48.0],[23.32,47.25],[22.45,47.0],[22.21,46.5],[22.57,46.0],[21.72,45.0],[21.56,44.0],[22.2,43.25],[22.25,43.0],[22.0,42.83],[19.75,44.35],[15.5,45.27],[14.99,46.25],[14.5,46.52],[14.25,46.41],[13.89,46.75],[14.46,47.25],[14.25,47.3],[11.25,47.04],[10.25,46.62],[9.0,46.78],[8.0,46.55],[7.9,46.25],[7.06,45.75],[6.89,45.25],[7.25,44.29],[7.44,45.25],[8.75,46.1],[11.0,45.59],[12.59,45.75],[14.41,44.5],[15.11,43.75],[16.63,43.0],[18.17,41.25],[17.81,39.25],[17.0,38.07],[15.25,37.03],[15.02,37.5],[15.49,38.0],[14.75,38.07],[13.24,37.75],[13.33,37.5],[15.21,36.5],[15.26,34.0],[14.89,33.25],[14.88,32.25],[15.21,31.75],[14.97,31.25],[15.25,30.86],[16.0,30.82],[16.27,30.25],[16.0,30.0],[16.22,29.0],[15.49,28.75],[16.25,28.24],[17.25,28.39],[17.5,27.34],[19.0,27.88],[19.75,28.45],[20.25,28.43],[20.28,28.75],[20.75,28.85],[22.0,29.04],[25.0,28.72],[25.0,29.54],[25.75,29.7],[26.25,29.27],[26.42,29.75],[27.25,30.04],[28.09,29.5],[29.25,29.34],[30.01,29.75],[30.5,30.6],[31.46,31.25],[32.49,32.75],[32.94,34.0],[32.46,34.5],[33.25,34.55],[34.17,35.0],[34.0,35.29],[34.36,35.5],[33.86,35.75],[34.0,36.02],[34.75,35.81],[35.75,36.27],[36.14,34.75],[35.71,34.25],[35.62,33.25],[36.0,33.19],[36.5,33.52],[37.5,33.3],[37.9,33.0],[37.7,32.5],[38.25,32.3],[39.05,32.5],[39.41,32.0],[40.0,31.72],[40.5,30.92],[41.45,32.0],[41.5,32.39],[42.0,32.54],[42.35,32.5],[43.0,31.34],[43.25,31.5],[43.05,32.75],[42.5,33.75],[42.78,34.25],[42.05,36.0],[42.5,36.41],[42.35,36.75],[42.5,36.83],[44.0,36.57],[44.25,36.01],[44.71,36.0],[44.49,35.75],[44.75,35.37],[45.25,35.19],[45.5,35.56],[46.0,35.34],[46.02,34.0],[46.75,33.25],[48.15,33.5],[48.18,33.0],[48.9,33.0],[49.79,32.25],[50.25,31.02],[50.5,31.07],[50.89,30.5],[51.54,30.25],[52.25,28.92],[52.75,28.67],[53.75,29.1],[55.0,28.65],[55.19,28.75],[54.66,29.25],[55.32,29.25],[55.0,29.61],[54.29,29.75],[53.85,30.5],[52.95,31.0],[52.0,32.08],[51.45,32.25],[51.5,33.09],[52.75,32.7],[52.75,33.21],[52.25,33.33],[50.2,35.0],[50.69,35.25],[50.75,35.8],[52.25,35.4],[53.5,35.62],[54.5,35.44],[54.24,36.0],[54.5,36.22],[55.28,36.0],[55.24,35.75],[55.5,35.7],[56.75,36.43],[57.75,36.25],[57.25,35.75],[57.56,35.5],[59.0,35.22],[61.5,33.93],[62.0,34.35],[62.5,34.29],[61.93,33.75],[63.6,33.25],[63.56,33.0],[64.0,32.64],[64.75,32.93],[65.25,32.86],[65.5,33.22],[66.25,32.85],[66.14,32.5],[66.5,32.41],[68.67,33.5],[68.8,33.25],[68.19,32.5],[67.75,32.34],[67.42,32.5],[67.21,32.0],[67.34,31.5],[66.73,31.0],[67.27,30.75],[67.25,30.11],[67.5,30.36],[68.0,30.34],[68.0,30.88],[68.6,31.25],[68.08,31.75],[68.74,32.25],[68.65,32.5],[69.65,32.5],[69.77,32.75],[69.47,33.0],[69.75,33.64],[70.64,34.0],[69.5,34.44],[69.11,34.25],[69.0,33.86],[68.77,34.0],[69.22,35.0],[70.75,34.77],[71.75,35.07],[73.0,34.81],[74.5,33.36],[75.25,33.13],[77.1,31.75],[77.5,30.9],[78.84,30.5],[79.5,30.02],[80.5,29.83],[83.0,28.2],[84.35,28.25],[86.5,27.37],[87.0,27.25],[87.25,27.48],[88.0,26.97],[88.5,27.32],[89.75,26.89],[91.25,27.16],[91.75,26.94],[93.0,27.58],[93.22,27.25],[93.5,27.33],[93.77,28.0],[95.0,28.66],[96.42,28.0],[97.08,27.0],[97.28,27.0],[97.25,27.65],[98.0,27.59],[98.28,26.0],[97.93,25.0],[98.5,24.88],[98.75,24.57],[99.0,25.02],[99.64,24.75],[99.95,24.0],[99.7,23.75],[100.0,23.61],[100.37,24.5],[100.88,24.5],[101.5,25.0],[101.5,25.84],[100.75,26.34],[100.5,25.75],[100.5,26.47],[102.0,26.7],[102.88,26.25],[102.33,26.0],[103.02,24.5],[102.5,24.62],[102.43,24.0],[102.85,23.5],[102.88,23.0],[103.94,22.0],[104.12,21.5]]}},{"type":"Feature","properties":{"level":1020},"geometry":{"type":"LineString","coordinates":[[120.97,23.5],[121.25,23.41],[121.58,24.0],[121.74,24.5],[121.5,24.76],[121.23,24.5],[120.97,23.5]]}},{"type":"Feature","properties":{"level":1020},"geometry":{"type":"LineString","coordinates":[[106.0,27.73],[105.75,28.26],[105.5,27.95],[104.43,28.0],[103.61,28.75],[103.39,29.5],[102.8,30.0],[104.5,31.86],[105.17,32.25],[105.23,32.75],[105.75,32.88],[106.0,32.29],[106.75,32.17],[107.75,31.38],[108.5,31.32],[109.01,31.0],[109.02,30.75],[108.25,30.39],[106.95,28.75],[106.25,28.59],[106.4,28.0],[106.0,27.73]]}},{"type":"Feature","properties":{"level":1020},"geometry":{"type":"LineString","coordinates":[[-180.0,28.47],[-179.0,28.72],[-177.75,29.5],[-176.75,29.64],[-174.25,31.04],[-173.5,31.95],[-172.5,32.39],[-168.75,36.26],[-166.81,37.0],[-165.47,38.25],[-162.75,39.43],[-162.25,40.06],[-161.25,40.23],[-161.0,40.95],[-160.25,41.03],[-159.6,41.75],[-158.25,42.15],[-158.0,42.79],[-157.25,43.42],[-155.5,44.16],[-155.0,44.17],[-154.5,44.9],[-154.0,44.82],[-153.25,45.38],[-152.75,45.38],[-152.0,46.02],[-151.25,46.12],[-150.75,46.62],[-148.0,46.67],[-146.5,46.06],[-146.0,46.45],[-145.25,46.24],[-144.0,46.41],[-143.5,46.73],[-143.0,46.49],[-140.83,46.75],[-143.25,44.45],[-145.82,40.75],[-146.25,39.5],[-146.0,38.08],[-144.75,37.21],[-143.25,37.33],[-142.5,36.99],[-136.5,36.08],[-135.25,36.25],[-133.0,37.13],[-131.73,38.0],[-126.67,44.5],[-124.02,47.0],[-124.19,47.75],[-124.02,48.0],[-123.25,48.0],[-123.0,47.75],[-123.49,47.25],[-123.25,46.81],[-122.25,47.07],[-121.85,47.75],[-122.12,48.75],[-121.85,49.25],[-123.25,49.69],[-123.5,49.57],[-124.4,50.0],[-123.59,50.75],[-124.48,51.25],[-124.5,51.66],[-125.0,51.76],[-122.99,52.0],[-123.25,52.39],[-124.5,52.27],[-125.38,52.75],[-124.34,53.25],[-125.13,53.5],[-125.55,54.5],[-125.34,54.75],[-125.89,55.0],[-125.78,55.25],[-126.0,55.49],[-126.32,55.5],[-126.0,55.54],[-125.97,55.75],[-126.47,56.25],[-126.23,56.5],[-126.46,57.5],[-127.25,57.84],[-127.7,57.75],[-127.56,57.5],[-127.75,57.23],[-128.75,57.63],[-129.75,57.54],[-129.75,57.84],[-129.15,58.0],[-130.75,58.29],[-131.5,58.27],[-132.5,57.66],[-132.87,58.0],[-132.58,58.25],[-133.0,58.5],[-133.39,58.25],[-133.0,57.07],[-133.5,56.71],[-134.5,56.64],[-134.5,56.33],[-134.0,56.25],[-133.96,56.0],[-134.75,55.87],[-135.75,55.09],[-137.0,55.06],[-138.25,54.58],[-139.75,54.53],[-141.25,53.48],[-143.25,53.57],[-143.66,53.5],[-143.75,53.24],[-146.25,53.04],[-147.25,52.5],[-148.5,52.33],[-149.75,52.48],[-152.25,52.26],[-153.5,52.57],[-155.25,52.56],[-156.5,53.03],[-158.75,54.44],[-159.71,54.75],[-161.0,56.14],[-162.5,57.22],[-164.75,57.79],[-165.75,57.71],[-166.75,56.53],[-167.78,56.25],[-168.23,55.75],[-167.94,55.5],[-168.25,54.87],[-168.75,55.2],[-169.15,54.75],[-168.92,54.5],[-170.92,53.25],[-171.1,52.75],[-171.9,52.25],[-173.83,50.25],[-176.25,48.57],[-180.0,46.5]]}},{"type":"Feature","properties":{"level":1020},"geometry":{"type":"LineString","coordinates":[[17.75,28.45],[17.22,28.75],[17.75,28.94],[17.75,28.45]]}},{"type":"Feature","properties":{"level":1020},"geometry":{"type":"LineString","coordinates":[[56.81,28.5],[57.0,28.37],[57.21,28.75],[57.75,28.95],[58.25,28.46],[58.51,28.5],[57.31,30.75],[56.0,31.82],[55.81,31.75],[56.6,30.75],[56.4,30.5],[56.73,30.25],[55.56,30.0],[56.05,29.25],[55.71,29.0],[56.81,28.5]]}},{"type":"Feature","properties":{"level":1020},"geometry":{"type":"LineString","coordinates":[[60.86,28.5],[61.29,28.5],[61.06,29.25],[60.25,29.77],[60.13,29.5],[60.86,28.5]]}},{"type":"Feature","properties":{"level":1020},"geometry":{"type":"LineString","coordinates":[[-28.93,29.0],[-25.0,28.9],[-21.75,29.57],[-18.75,31.1],[-17.5,32.65],[-16.5,32.57],[-14.52,34.0],[-12.95,35.75],[-12.25,37.25],[-11.72,39.5],[-10.68,41.25],[-9.0,42.58],[-7.75,42.66],[-7.0,43.04],[-5.64,43.25],[-5.54,43.5],[-6.15,44.25],[-6.19,45.25],[-5.13,47.25],[1.3,52.25],[2.78,54.5],[2.21,55.25],[2.53,55.75],[2.38,56.25],[1.5,56.84],[-1.5,57.18],[-2.5,57.61],[-12.0,58.42],[-13.5,58.3],[-16.37,57.25],[-16.7,56.25],[-18.0,54.61],[-20.25,53.57],[-26.91,51.5],[-30.46,49.75],[-33.01,48.0],[-35.86,45.0],[-37.48,42.5],[-39.26,37.75],[-39.38,36.5],[-38.83,35.25],[-38.25,35.1],[-37.5,34.43],[-35.49,32.25],[-33.63,31.25],[-33.0,30.48],[-31.5,29.53],[-28.93,29.0]]}},{"type":"Feature","properties":{"level":1020},"geometry":{"type":"LineString","coordinates":[[54.22,31.25],[54.25,31.63],[53.34,32.0],[54.22,31.25]]}},{"type":"Feature","properties":{"level":1020},"geometry":{"type":"LineString","coordinates":[[59.83,31.75],[60.25,31.85],[60.51,32.5],[60.28,32.75],[60.25,33.85],[60.0,34.02],[59.5,33.8],[58.25,34.32],[59.0,33.33],[58.73,33.0],[59.24,32.5],[59.34,32.0],[59.83,31.75]]}},{"type":"Feature","properties":{"level":1020},"geometry":{"type":"LineString","coordinates":[[112.0,31.92],[111.77,32.25],[112.08,32.25],[112.0,31.92]]}},{"type":"Feature","properties":{"level":1020},"geometry":{"type":"LineString","coordinates":[[80.03,32.75],[81.0,32.56],[81.17,32.75],[81.0,32.93],[80.5,32.79],[80.0,33.15],[79.82,33.0],[80.03,32.75]]}},{"type":"Feature","properties":{"level":1020},"geometry":{"type":"LineString","coordinates":[[113.0,33.74],[113.0,33.89],[113.0,33.74]]}},{"type":"Feature","properties":{"level":1020},"geometry":{"type":"LineString","coordinates":[[133.5,34.15],[133.36,34.25],[133.5,34.15]]}},{"type":"Feature","properties":{"level":1020},"geometry":{"type":"LineString","coordinates":[[36.5,35.14],[36.5,35.34],[36.75,35.25],[36.5,35.14]]}},{"type":"Feature","properties":{"level":1020},"geometry":{"type":"LineString","coordinates":[[108.5,35.5],[108.98,35.5],[109.42,36.5],[108.75,36.71],[108.27,36.5],[108.5,35.5]]}},{"type":"Feature","properties":{"level":1020},"geometry":{"type":"LineString","coordinates":[[31.0,35.72],[30.31,36.0],[30.65,36.25],[30.75,36.76],[31.65,36.25],[31.5,35.82],[31.0,35.72]]}},{"type":"Feature","properties":{"level":1020},"geometry":{"type":"LineString","coordinates":[[65.5,36.48],[65.21,36.75],[65.75,37.51],[66.0,37.64],[66.5,37.4],[67.75,38.06],[68.0,37.3],[68.5,37.5],[69.15,37.25],[69.03,36.75],[68.75,36.67],[67.5,36.75],[65.5,36.48]]}},{"type":"Feature","properties":{"level":1020},"geometry":{"type":"LineString","coordinates":[[80.75,36.45],[80.25,36.79],[77.25,37.34],[76.37,38.0],[76.5,38.29],[74.96,39.5],[75.88,40.0],[79.0,40.63],[79.75,40.58],[80.25,41.31],[83.0,41.76],[83.81,41.75],[83.03,41.5],[84.2,41.0],[83.83,40.75],[84.25,40.43],[84.77,40.5],[84.26,41.0],[84.75,41.61],[85.4,41.25],[85.25,40.98],[85.92,40.75],[85.75,40.38],[84.0,40.01],[83.56,39.75],[83.25,39.13],[82.55,38.75],[84.0,38.6],[85.0,39.23],[85.25,39.11],[85.52,38.25],[84.73,37.5],[81.75,36.48],[80.75,36.45]]}},{"type":"Feature","properties":{"level":1020},"geometry":{"type":"LineString","coordinates":[[137.25,36.7],[136.94,37.0],[137.25,37.32],[138.0,37.71],[138.44,37.5],[137.25,36.7]]}},{"type":"Feature","properties":{"level":1020},"geometry":{"type":"LineString","coordinates":[[-69.39,37.25],[-66.25,37.4],[-64.72,38.25],[-64.12,39.0],[-65.37,40.0],[-65.33,40.25],[-64.75,40.72],[-64.75,41.08],[-63.54,41.25],[-64.47,41.75],[-66.0,41.85],[-69.75,40.5],[-70.23,40.0],[-70.02,39.5],[-70.25,39.38],[-72.75,39.17],[-74.5,38.25],[-74.21,37.75],[-73.5,37.31],[-69.39,37.25]]}},{"type":"Feature","properties":{"level":1020},"geometry":{"type":"LineString","coordinates":[[14.75,37.45],[14.94,37.5],[14.75,37.45]]}},{"type":"Feature","properties":{"level":1020},"geometry":{"type":"LineString","coordinates":[[138.75,37.71],[138.53,37.75],[138.75,38.15],[139.0,38.17],[139.12,38.0],[138.75,37.71]]}},{"type":"Feature","properties":{"level":1020},"geometry":{"type":"LineString","coordinates":[[15.51,38.0],[16.0,37.76],[16.88,39.25],[16.25,39.61],[16.36,40.0],[16.02,40.5],[15.0,40.87],[14.86,40.75],[15.18,40.25],[15.75,39.99],[16.14,39.0],[16.04,38.5],[15.51,38.0]]}},{"type":"Feature","properties":{"level":1020},"geometry":{"type":"LineString","coordinates":[[29.0,37.91],[29.0,38.12],[29.0,37.91]]}},{"type":"Feature","properties":{"level":1020},"geometry":{"type":"LineString","coordinates":[[139.0,38.4],[138.84,38.5],[139.25,38.57],[139.0,38.4]]}},{"type":"Feature","properties":{"level":1020},"geometry":{"type":"LineString","coordinates":[[87.0,38.72],[86.8,39.0],[87.0,39.43],[88.0,39.78],[88.5,40.22],[89.25,40.16],[89.36,40.75],[89.75,40.89],[93.5,40.95],[93.79,41.0],[93.45,41.25],[94.0,41.35],[94.5,40.81],[95.77,40.75],[96.11,40.5],[95.63,40.0],[94.25,39.63],[90.25,39.48],[87.5,38.6],[87.0,38.72]]}},{"type":"Feature","properties":{"level":1020},"geometry":{"type":"LineString","coordinates":[[113.26,38.75],[113.75,38.74],[114.0,39.48],[114.26,39.5],[113.5,39.52],[112.93,39.25],[113.26,38.75]]}},{"type":"Feature","properties":{"level":1020},"geometry":{"type":"LineString","coordinates":[[-110.99,40.75],[-109.91,40.75],[-110.5,40.93],[-110.99,40.75]]}},{"type":"Feature","properties":{"level":1020},"geometry":{"type":"LineString","coordinates":[[22.0,41.49],[21.36,42.0],[21.75,42.39],[22.11,41.75],[22.0,41.49]]}},{"type":"Feature","properties":{"level":1020},"geometry":{"type":"LineString","coordinates":[[13.45,41.75],[14.25,41.6],[14.4,42.0],[13.25,43.16],[12.99,43.0],[13.31,42.5],[13.15,42.0],[13.5,42.19],[13.76,42.0],[13.45,41.75]]}},{"type":"Feature","properties":{"level":1020},"geometry":{"type":"LineString","coordinates":[[130.5,41.72],[130.22,42.0],[131.75,43.17],[132.25,43.04],[132.67,42.5],[130.5,41.72]]}},{"type":"Feature","properties":{"level":1020},"geometry":{"type":"LineString","coordinates":[[92.5,42.2],[91.25,42.84],[92.25,43.14],[93.79,42.75],[93.0,42.12],[92.5,42.2]]}},{"type":"Feature","properties":{"level":1020},"geometry":{"type":"LineString","coordinates":[[89.25,42.49],[88.38,42.75],[88.75,43.05],[90.05,42.75],[90.06,42.5],[89.75,42.38],[89.25,42.49]]}},{"type":"Feature","properties":{"level":1020},"geometry":{"type":"LineString","coordinates":[[24.0,43.22],[22.5,43.91],[22.49,44.25],[22.75,44.41],[24.0,44.12],[24.75,44.22],[25.79,43.75],[25.5,43.24],[24.0,43.22]]}},{"type":"Feature","properties":{"level":1020},"geometry":{"type":"LineString","coordinates":[[24.25,46.45],[24.41,46.5],[24.25,46.45]]}},{"type":"Feature","properties":{"level":1020},"geometry":{"type":"LineString","coordinates":[[180.0,46.5],[178.25,45.66],[176.25,44.2],[174.25,42.02],[171.01,39.25],[169.21,37.0],[169.98,36.25],[169.88,35.25],[169.36,34.0],[169.39,33.25],[171.25,30.7],[172.39,30.0],[176.5,28.5],[178.75,28.16],[180.0,28.47]]}},{"type":"Feature","properties":{"level":1020},"geometry":{"type":"LineString","coordinates":[[-131.5,49.99],[-131.8,50.25],[-131.88,50.75],[-131.25,51.47],[-129.5,51.79],[-128.81,51.25],[-128.84,50.75],[-129.75,50.14],[-131.5,49.99]]}},{"type":"Feature","properties":{"level":1020},"geometry":{"type":"LineString","coordinates":[[94.75,50.9],[94.25,51.25],[95.62,51.5],[94.75,50.9]]}},{"type":"Feature","properties":{"level":1020},"geometry":{"type":"LineString","coordinates":[[-122.62,53.0],[-122.25,52.84],[-122.12,53.0],[-122.45,53.75],[-122.25,53.86],[-121.5,53.89],[-121.0,53.65],[-120.75,53.83],[-121.97,54.75],[-122.98,54.75],[-123.15,53.75],[-123.88,53.5],[-123.78,53.25],[-122.62,53.0]]}},{"type":"Feature","properties":{"level":1020},"geometry":{"type":"LineString","coordinates":[[98.24,53.5],[99.51,53.5],[99.0,53.84],[98.24,53.5]]}},{"type":"Feature","properties":{"level":1020},"geometry":{"type":"LineString","coordinates":[[-134.41,57.25],[-134.01,57.25],[-134.41,57.25]]}},{"type":"Feature","properties":{"level":1020},"geometry":{"type":"LineString","coordinates":[[-16.94,64.25],[-15.94,64.5],[-17.0,64.71],[-17.14,64.5],[-16.94,64.25]]}},{"type":"Feature","properties":{"level":1020},"geometry":{"type":"LineString","coordinates":[[-35.89,67.25],[-35.75,67.07],[-35.0,67.13],[-33.75,67.96],[-32.5,68.25],[-32.27,68.5],[-32.36,68.75],[-31.56,68.75],[-31.64,69.0],[-31.25,69.15],[-30.5,68.82],[-29.75,69.08],[-28.5,68.78],[-27.75,68.96],[-27.63,69.25],[-29.0,69.95],[-29.7,70.0],[-27.75,69.99],[-27.75,70.28],[-27.5,70.15],[-25.93,71.0],[-27.0,71.14],[-27.25,71.72],[-26.5,71.32],[-25.87,71.5],[-26.68,71.75],[-25.29,72.25],[-26.0,72.38],[-26.6,73.0],[-26.25,73.16],[-25.24,73.0],[-25.11,73.25],[-25.86,73.5],[-24.79,74.0],[-24.76,74.25],[-23.75,74.38],[-22.5,75.03],[-22.5,74.75],[-22.25,74.69],[-21.3,75.0],[-22.25,75.07],[-22.32,75.25],[-21.0,75.69],[-21.11,76.0],[-23.59,76.5],[-23.64,77.25],[-24.33,77.5],[-22.66,78.5],[-23.5,79.01],[-25.3,79.5],[-25.88,80.0],[-27.99,80.5],[-27.58,80.75],[-27.69,81.0],[-28.75,80.86],[-30.75,81.18],[-41.75,81.8],[-45.0,81.21],[-49.75,80.97],[-54.25,81.2],[-54.48,81.25],[-54.28,81.5],[-55.0,81.61],[-58.25,81.03],[-59.25,81.09],[-59.46,81.0],[-57.14,80.75],[-58.0,79.82],[-59.16,79.5],[-59.33,79.25],[-64.0,78.82],[-67.75,78.0],[-64.5,77.77],[-63.5,77.0],[-57.75,76.69],[-54.25,76.91],[-53.86,76.75],[-54.37,76.5],[-54.16,76.0],[-52.02,75.25],[-50.25,74.3],[-48.25,73.87],[-45.75,73.92],[-44.0,74.24],[-41.75,75.03],[-35.53,74.25],[-35.33,74.0],[-35.52,73.5],[-36.5,72.94],[-37.0,72.17],[-37.62,71.75],[-37.25,71.47],[-39.5,71.01],[-39.91,70.75],[-40.09,70.25],[-38.8,69.0],[-37.93,67.75],[-37.5,67.58],[-36.5,67.7],[-35.89,67.25]]}},{"type":"Feature","properties":{"level":1020},"geometry":{"type":"LineString","coordinates":[[-156.62,67.5],[-156.0,67.26],[-152.25,67.53],[-151.0,68.39],[-148.0,68.72],[-146.0,69.34],[-145.75,69.63],[-144.75,69.19],[-144.0,69.4],[-142.5,69.35],[-140.75,68.89],[-135.5,68.91],[-129.0,69.27],[-126.75,70.27],[-124.49,70.75],[-123.75,71.28],[-122.25,71.0],[-119.0,72.1],[-117.75,71.96],[-116.67,72.25],[-116.0,72.86],[-115.42,73.0],[-116.48,73.25],[-116.25,73.5],[-116.35,73.75],[-117.75,74.27],[-121.42,74.75],[-125.75,75.84],[-131.0,77.55],[-134.73,79.0],[-136.62,80.0],[-137.59,80.75],[-137.83,81.5],[-137.0,82.28],[-134.0,83.07],[-115.75,85.19],[-111.3,86.25],[-112.75,86.75],[-119.25,87.06],[-135.0,87.11],[-148.75,86.38],[-153.07,85.75],[-153.83,85.25],[-152.04,83.75],[-151.3,82.75],[-151.44,82.25],[-152.53,81.5],[-153.86,79.25],[-159.66,76.0],[-160.77,74.75],[-160.81,73.25],[-159.45,71.25],[-159.43,70.75],[-158.38,69.75],[-159.12,69.25],[-160.15,69.0],[-160.03,68.75],[-157.48,68.0],[-157.6,67.75],[-156.62,67.5]]}},{"type":"Feature","properties":{"level":1020},"geometry":{"type":"LineString","coordinates":[[-27.31,69.5],[-26.0,69.3],[-25.34,69.5],[-26.5,70.13],[-26.79,70.0],[-26.75,69.71],[-27.31,69.5]]}},{"type":"Feature","properties":{"level":1020},"geometry":{"type":"LineString","coordinates":[[-43.7,71.5],[-42.25,71.43],[-39.07,72.0],[-41.5,72.15],[-43.0,71.88],[-43.7,71.5]]}},{"type":"Feature","properties":{"level":1020},"geometry":{"type":"LineString","coordinates":[[-26.31,81.0],[-25.28,81.0],[-26.31,81.0]]}},{"type":"Feature","properties":{"level":1020},"geometry":{"type":"LineString","coordinates":[[-77.28,81.25],[-72.5,81.25],[-72.86,81.5],[-72.04,82.0],[-72.5,82.05],[-73.25,81.67],[-73.58,81.75],[-73.07,82.0],[-74.25,82.13],[-74.16,81.75],[-74.5,81.59],[-77.03,81.75],[-74.7,82.25],[-74.62,82.5],[-75.0,82.57],[-77.0,82.26],[-82.0,82.25],[-83.4,82.0],[-79.0,81.89],[-78.75,81.63],[-77.28,81.25]]}},{"type":"Feature","properties":{"level":1020},"geometry":{"type":"LineString","coordinates":[[-84.96,82.0],[-83.67,82.0],[-84.96,82.0]]}},{"type":"Feature","properties":{"level":1020},"geometry":{"type":"LineString","coordinates":[[-78.75,81.99],[-77.25,82.24],[-77.11,82.0],[-77.25,81.84],[-78.75,81.99]]}},{"type":"Feature","properties":{"level":1020},"geometry":{"type":"LineString","coordinates":[[-67.41,82.0],[-66.93,82.0],[-67.41,82.0]]}},{"type":"Feature","properties":{"level":1020},"geometry":{"type":"LineString","coordinates":[[-69.01,82.25],[-67.81,82.25],[-69.01,82.25]]}},{"type":"Feature","properties":{"level":1020},"geometry":{"type":"LineString","coordinates":[[-41.21,82.25],[-38.86,82.25],[-41.0,82.64],[-41.21,82.25]]}},{"type":"Feature","properties":{"level":1020},"geometry":{"type":"LineString","coordinates":[[-70.98,82.5],[-70.5,82.32],[-69.84,82.5],[-70.98,82.5]]}},{"type":"Feature","properties":{"level":1020},"geometry":{"type":"LineString","coordinates":[[-68.36,82.75],[-68.2,82.75],[-68.36,82.75]]}},{"type":"Feature","properties":{"level":1020},"geometry":{"type":"LineString","coordinates":[[-43.81,82.75],[-43.1,82.75],[-43.81,82.75]]}},{"type":"Feature","properties":{"level":1024},"geometry":{"type":"LineString","coordinates":[[74.27,-88.5],[92.75,-88.61],[102.91,-87.75],[101.89,-87.25],[101.67,-86.75],[101.83,-86.5],[101.16,-86.0],[101.25,-85.5],[101.72,-85.0],[105.25,-83.75],[109.36,-83.0],[111.07,-82.25],[116.14,-81.75],[120.12,-80.75],[119.75,-80.49],[115.25,-80.35],[106.25,-81.04],[100.5,-81.07],[99.71,-81.0],[98.72,-80.25],[96.25,-79.38],[82.25,-78.89],[74.0,-79.51],[67.0,-79.44],[63.0,-79.63],[54.5,-78.67],[52.65,-78.25],[49.15,-76.75],[46.0,-75.92],[35.5,-76.31],[28.18,-75.75],[41.75,-77.43],[43.24,-78.0],[43.29,-78.5],[42.96,-79.0],[46.75,-81.56],[51.75,-82.55],[58.63,-83.25],[59.37,-83.75],[58.42,-84.25],[56.35,-84.5],[55.97,-84.75],[62.66,-85.75],[62.65,-86.0],[61.75,-86.5],[56.61,-87.0],[55.13,-87.5],[55.5,-87.61],[62.5,-88.12],[74.27,-88.5]]}},{"type":"Feature","properties":{"level":1024},"geometry":{"type":"LineString","coordinates":[[119.44,-78.5],[124.75,-78.73],[126.5,-78.42],[127.66,-77.75],[128.05,-77.25],[125.29,-77.25],[126.79,-76.0],[126.96,-75.5],[127.74,-75.0],[125.25,-74.81],[122.5,-75.74],[118.21,-76.0],[109.04,-77.5],[117.25,-77.82],[119.44,-78.5]]}},{"type":"Feature","properties":{"level":1024},"geometry":{"type":"LineString","coordinates":[[26.91,-75.5],[28.02,-75.5],[26.91,-75.5]]}},{"type":"Feature","properties":{"level":1024},"geometry":{"type":"LineString","coordinates":[[-76.23,-53.5],[-73.75,-53.74],[-73.05,-53.25],[-73.34,-53.0],[-73.16,-52.75],[-73.48,-52.5],[-73.5,-51.91],[-74.11,-51.75],[-74.0,-51.32],[-75.15,-51.25],[-74.99,-51.0],[-75.2,-50.75],[-77.81,-48.25],[-81.2,-43.75],[-85.43,-39.25],[-89.75,-33.01],[-90.96,-32.0],[-91.75,-32.16],[-92.75,-30.6],[-93.0,-31.1],[-93.75,-31.14],[-94.0,-31.53],[-94.75,-30.52],[-95.25,-30.4],[-95.5,-30.82],[-96.25,-30.91],[-96.5,-30.22],[-96.54,-30.75],[-97.0,-31.34],[-98.0,-31.02],[-98.06,-31.25],[-97.6,-31.75],[-97.69,-32.0],[-98.25,-31.89],[-98.37,-32.5],[-98.78,-33.0],[-98.75,-33.86],[-99.0,-33.98],[-99.25,-33.55],[-99.36,-33.75],[-100.34,-37.0],[-99.98,-38.0],[-100.05,-39.0],[-99.69,-40.75],[-96.15,-45.75],[-92.8,-48.75],[-88.5,-51.04],[-85.25,-52.22],[-82.15,-53.0],[-76.23,-53.5]]}},{"type":"Feature","properties":{"level":1024},"geometry":{"type":"LineString","coordinates":[[167.51,-52.75],[170.5,-52.54],[174.0,-51.58],[176.5,-50.62],[178.44,-49.25],[178.37,-48.0],[177.25,-46.86],[174.75,-45.53],[173.94,-44.75],[173.5,-44.0],[173.5,-42.72],[173.0,-42.3],[171.0,-43.17],[169.5,-44.23],[167.59,-45.0],[166.75,-46.22],[165.75,-46.12],[164.75,-45.5],[162.72,-43.5],[161.49,-41.25],[160.71,-39.25],[160.52,-37.25],[159.96,-35.25],[160.16,-34.75],[159.93,-33.25],[159.47,-32.0],[158.44,-30.75],[158.5,-30.34],[157.25,-29.42],[153.5,-27.66],[152.75,-26.89],[152.0,-26.97],[151.75,-28.7],[151.5,-28.94],[150.93,-28.75],[151.32,-28.5],[151.43,-27.75],[151.25,-27.63],[150.5,-28.5],[149.28,-29.25],[147.9,-30.75],[146.38,-31.5],[146.22,-32.5],[145.85,-32.75],[145.68,-33.5],[145.18,-34.0],[144.41,-36.0],[143.82,-36.5],[143.91,-37.25],[144.8,-37.75],[144.87,-39.25],[144.35,-40.75],[144.85,-41.5],[144.63,-42.75],[145.15,-44.0],[149.12,-47.75],[154.0,-50.32],[156.5,-51.18],[161.5,-52.41],[167.51,-52.75]]}},{"type":"Feature","properties":{"level":1024},"geometry":{"type":"LineString","coordinates":[[-74.0,-52.29],[-74.0,-52.1],[-74.0,-52.29]]}},{"type":"Feature","properties":{"level":1024},"geometry":{"type":"LineString","coordinates":[[-74.75,-52.0],[-74.75,-51.67],[-74.75,-52.0]]}},{"type":"Feature","properties":{"level":1024},"geometry":{"type":"LineString","coordinates":[[-64.19,-51.75],[-62.0,-51.96],[-60.45,-51.75],[-58.8,-50.0],[-58.88,-49.0],[-58.64,-48.25],[-59.49,-46.75],[-58.25,-45.35],[-58.25,-44.75],[-58.61,-44.25],[-58.22,-43.75],[-58.69,-43.25],[-58.71,-42.75],[-59.37,-42.25],[-63.25,-41.78],[-65.25,-40.92],[-68.0,-40.42],[-68.67,-40.75],[-68.5,-41.18],[-67.0,-40.9],[-66.88,-41.25],[-68.25,-41.74],[-68.0,-42.64],[-67.5,-42.77],[-66.0,-42.25],[-65.91,-42.5],[-66.55,-43.25],[-66.69,-44.0],[-66.44,-44.25],[-66.5,-44.75],[-67.25,-45.15],[-67.99,-46.25],[-67.15,-48.75],[-67.75,-49.74],[-67.7,-50.5],[-67.0,-51.12],[-64.19,-51.75]]}},{"type":"Feature","properties":{"level":1024},"geometry":{"type":"LineString","coordinates":[[-73.54,-51.25],[-73.15,-50.5],[-73.08,-49.5],[-73.25,-49.32],[-73.62,-50.25],[-73.54,-51.25]]}},{"type":"Feature","properties":{"level":1024},"geometry":{"type":"LineString","coordinates":[[40.24,-48.5],[45.0,-48.56],[51.25,-48.04],[53.5,-47.61],[54.5,-46.3],[56.0,-46.75],[65.0,-47.82],[71.25,-48.15],[75.42,-48.0],[80.5,-46.92],[83.05,-46.0],[86.69,-44.25],[89.5,-42.48],[95.82,-37.75],[99.24,-35.5],[99.6,-35.0],[102.18,-33.25],[103.25,-31.91],[104.04,-30.0],[103.51,-29.25],[103.52,-28.5],[100.97,-26.5],[98.5,-23.83],[96.0,-22.09],[94.75,-21.71],[92.0,-21.69],[89.75,-21.04],[87.75,-21.32],[85.75,-20.99],[85.0,-21.37],[84.25,-21.14],[83.75,-21.74],[83.25,-21.61],[82.0,-21.83],[81.25,-22.75],[80.25,-22.25],[79.5,-23.07],[79.25,-23.01],[78.5,-23.67],[77.25,-23.67],[76.25,-24.33],[75.55,-24.25],[74.45,-25.75],[74.0,-25.81],[73.75,-26.23],[73.25,-26.05],[69.25,-28.08],[67.0,-28.55],[65.63,-28.5],[65.13,-26.5],[64.77,-26.0],[63.0,-25.38],[61.25,-25.11],[60.5,-24.35],[58.75,-24.51],[57.5,-24.29],[56.75,-24.58],[55.75,-24.53],[54.0,-25.16],[53.0,-25.12],[52.0,-25.71],[50.25,-26.06],[48.75,-27.63],[45.55,-29.75],[44.75,-31.02],[43.5,-31.74],[43.38,-33.5],[42.93,-34.0],[42.97,-35.25],[43.6,-36.5],[46.2,-39.5],[47.62,-40.75],[48.5,-42.03],[48.0,-42.04],[46.75,-41.46],[44.25,-39.86],[43.75,-39.93],[43.25,-38.7],[42.0,-38.89],[41.8,-38.75],[41.83,-38.25],[41.0,-37.45],[40.25,-37.23],[40.0,-37.56],[39.04,-37.25],[36.75,-34.34],[35.46,-33.5],[33.58,-32.75],[32.5,-31.44],[32.0,-31.23],[28.0,-33.16],[24.92,-35.75],[23.91,-36.25],[23.5,-36.88],[23.0,-36.78],[22.68,-37.0],[22.44,-38.5],[22.98,-39.5],[24.35,-40.75],[25.41,-41.0],[26.75,-42.65],[30.25,-45.4],[34.58,-47.75],[40.24,-48.5]]}},{"type":"Feature","properties":{"level":1024},"geometry":{"type":"LineString","coordinates":[[-165.91,-45.5],[-159.5,-45.41],[-156.0,-44.57],[-152.15,-43.0],[-146.99,-38.5],[-142.08,-33.0],[-141.38,-32.5],[-141.0,-31.69],[-139.68,-30.75],[-139.56,-30.25],[-139.1,-30.0],[-139.37,-29.0],[-139.75,-28.56],[-141.99,-27.25],[-142.8,-27.0],[-143.5,-26.25],[-144.5,-26.37],[-147.25,-25.08],[-150.0,-24.83],[-150.5,-24.56],[-155.0,-24.67],[-158.5,-25.22],[-159.0,-24.99],[-162.0,-25.22],[-164.25,-25.54],[-166.5,-26.38],[-167.25,-26.34],[-168.5,-27.55],[-169.12,-27.75],[-169.78,-28.75],[-170.71,-31.75],[-175.25,-37.5],[-176.74,-40.5],[-176.41,-42.25],[-174.96,-43.5],[-169.25,-45.08],[-165.91,-45.5]]}},{"type":"Feature","properties":{"level":1024},"geometry":{"type":"LineString","coordinates":[[-65.75,-42.18],[-65.75,-41.76],[-65.43,-42.0],[-65.75,-42.18]]}},{"type":"Feature","properties":{"level":1024},"geometry":{"type":"LineString","coordinates":[[42.66,-38.5],[42.75,-38.74],[42.84,-38.5],[42.66,-38.5]]}},{"type":"Feature","properties":{"level":1024},"geometry":{"type":"LineString","coordinates":[[143.48,-37.0],[143.5,-37.25],[143.48,-37.0]]}},{"type":"Feature","properties":{"level":1024},"geometry":{"type":"LineString","coordinates":[[29.57,-30.75],[30.08,-30.75],[31.41,-29.25],[31.61,-27.75],[30.74,-27.5],[31.43,-27.0],[31.16,-26.5],[31.25,-26.04],[30.5,-26.14],[29.9,-26.5],[29.92,-27.0],[29.5,-27.5],[29.55,-27.75],[28.73,-28.25],[28.8,-28.75],[29.45,-29.25],[29.19,-29.75],[29.57,-30.75]]}},{"type":"Feature","properties":{"level":1024},"geometry":{"type":"LineString","coordinates":[[88.93,27.25],[89.75,27.13],[89.63,27.5],[90.0,27.76],[90.5,27.53],[91.25,27.75],[92.11,27.25],[92.89,27.75],[93.25,28.34],[94.19,28.5],[94.51,29.0],[95.25,29.27],[95.22,28.75],[95.75,28.79],[96.5,28.37],[96.75,27.65],[98.0,27.96],[99.25,27.12],[99.5,27.45],[100.0,27.44],[100.77,28.5],[101.5,28.34],[102.0,28.75],[102.21,30.25],[102.5,30.23],[103.13,30.75],[104.22,32.75],[104.09,33.5],[103.75,33.63],[103.66,34.0],[102.95,34.25],[102.76,34.5],[103.0,34.84],[102.0,34.68],[102.14,35.25],[101.75,35.25],[101.5,35.53],[101.0,35.05],[99.0,34.44],[98.75,34.55],[98.25,34.18],[96.75,34.53],[96.52,34.25],[96.75,33.62],[96.0,33.73],[95.87,33.5],[96.33,32.5],[96.84,32.0],[96.63,31.75],[97.37,31.25],[97.79,30.5],[96.75,31.07],[96.32,31.0],[96.25,30.7],[96.0,31.23],[95.53,31.5],[96.03,31.75],[95.0,32.12],[94.56,32.0],[94.51,31.75],[94.97,31.5],[94.5,31.19],[93.0,31.28],[92.4,31.0],[92.33,30.5],[91.51,29.5],[92.01,29.25],[91.75,28.95],[91.25,29.06],[90.5,28.67],[90.25,29.13],[90.0,28.65],[88.75,28.56],[88.25,28.2],[86.5,28.49],[86.05,28.75],[86.0,29.04],[83.33,29.5],[82.0,30.72],[81.5,30.49],[80.75,30.61],[79.05,31.5],[79.04,32.25],[79.26,32.5],[78.5,32.53],[78.26,32.75],[78.54,33.0],[78.27,33.25],[78.56,33.5],[78.5,33.77],[78.25,33.89],[78.0,33.37],[76.14,34.5],[76.15,34.75],[76.25,34.89],[76.75,34.39],[77.5,34.24],[77.1,34.75],[77.5,34.79],[78.75,33.96],[78.96,34.25],[79.55,34.25],[78.0,36.05],[79.0,35.73],[79.5,35.19],[80.0,35.29],[81.0,34.9],[82.0,34.98],[82.25,34.56],[83.75,33.97],[84.0,34.3],[86.0,34.2],[86.22,34.5],[85.77,34.75],[85.68,35.5],[86.0,35.17],[86.5,35.37],[86.75,36.05],[87.25,36.17],[88.25,35.81],[89.12,36.25],[89.22,36.75],[88.25,36.67],[87.85,37.0],[88.25,37.28],[88.95,37.25],[88.85,37.5],[89.21,37.75],[88.78,38.0],[89.5,38.19],[89.5,38.4],[88.75,38.51],[86.75,38.11],[85.25,37.26],[82.25,36.54],[81.75,36.21],[80.75,36.11],[80.33,36.25],[80.25,36.56],[80.0,36.17],[78.0,36.98],[76.75,37.04],[76.5,37.34],[76.44,37.0],[76.0,36.69],[75.0,37.32],[74.25,37.45],[73.74,38.0],[73.75,38.52],[74.25,39.0],[74.5,39.11],[74.41,38.75],[74.75,38.45],[75.0,38.67],[75.25,38.06],[75.75,37.88],[76.04,38.25],[75.0,39.19],[74.03,39.5],[73.95,39.75],[74.5,40.07],[75.0,39.93],[75.25,40.28],[76.47,40.25],[76.99,40.5],[77.04,40.75],[77.75,40.81],[79.5,41.84],[80.25,41.64],[82.75,42.37],[83.5,42.1],[85.25,42.15],[85.75,41.93],[85.96,42.0],[85.68,42.25],[86.12,42.75],[87.0,42.54],[87.25,43.09],[88.0,43.55],[89.75,43.32],[91.75,43.64],[94.67,43.0],[93.5,44.07],[91.75,44.71],[89.75,43.71],[88.5,44.19],[87.5,43.66],[86.25,43.88],[85.5,43.74],[84.25,44.3],[83.72,44.25],[83.25,44.59],[82.99,44.5],[83.0,44.24],[82.5,44.19],[80.99,45.0],[82.75,45.41],[83.25,45.24],[84.25,45.57],[84.52,45.75],[84.57,46.25],[85.75,46.77],[86.25,46.33],[87.0,46.15],[88.0,46.38],[89.26,46.25],[89.32,46.0],[88.77,45.25],[89.75,44.89],[90.5,45.07],[91.75,44.83],[92.75,45.02],[94.25,44.9],[94.25,45.79],[91.44,47.5],[90.85,48.25],[90.75,48.77],[89.83,49.0],[89.98,49.25],[89.44,49.5],[89.84,50.5],[89.59,51.0],[88.74,51.25],[89.25,51.76],[90.75,51.34],[93.0,51.71],[94.25,52.28],[97.0,51.83],[97.77,52.25],[97.75,52.61],[96.5,52.67],[95.93,53.25],[96.12,54.0],[95.75,54.2],[94.2,54.25],[94.44,54.5],[94.25,54.55],[93.5,54.42],[92.75,53.74],[91.75,53.71],[90.75,53.35],[88.25,54.04],[86.63,53.5],[85.48,53.0],[85.21,52.75],[85.18,52.25],[81.92,51.25],[81.81,51.0],[80.97,50.75],[80.76,50.5],[81.03,50.25],[80.88,50.0],[81.55,49.25],[81.0,49.05],[77.75,49.3],[76.51,49.5],[76.89,49.75],[76.75,49.8],[74.75,50.0],[67.0,49.48],[61.0,48.1],[60.0,48.48],[59.5,49.03],[58.0,49.33],[46.0,48.22],[44.75,48.17],[44.0,48.45],[41.0,47.99],[39.25,48.17],[38.25,48.07],[35.76,47.25],[36.23,46.75],[35.53,46.25],[35.23,45.5],[33.42,45.0],[33.81,44.0],[36.85,42.5],[39.25,41.64],[40.85,41.5],[40.76,41.25],[40.0,40.98],[39.25,41.14],[38.25,40.84],[37.75,41.02],[37.34,40.75],[37.5,40.45],[39.5,40.62],[40.59,40.25],[39.5,39.61],[39.0,39.58],[39.0,39.26],[39.75,39.39],[40.25,39.92],[41.0,39.34],[43.0,39.93],[43.37,39.75],[43.11,39.25],[44.25,39.09],[44.4,39.25],[44.1,39.5],[44.4,39.75],[43.75,39.82],[43.59,40.25],[44.5,40.33],[45.45,39.75],[46.0,38.44],[46.64,38.25],[46.43,37.75],[46.82,37.75],[47.0,38.18],[47.65,37.75],[48.5,37.65],[48.86,36.75],[49.25,36.44],[49.75,36.46],[50.0,36.78],[50.75,36.13],[52.75,35.57],[56.25,37.16],[57.0,37.22],[58.5,36.66],[59.4,35.5],[60.25,35.05],[61.5,35.85],[61.18,36.5],[61.25,36.86],[62.18,37.25],[62.75,38.31],[64.5,40.11],[65.25,40.57],[65.68,40.5],[66.5,40.08],[66.63,39.5],[67.41,39.25],[67.0,38.45],[67.25,38.28],[68.75,38.69],[69.75,38.46],[70.0,38.3],[70.19,37.5],[69.97,37.25],[70.34,37.0],[68.75,35.65],[68.25,36.1],[67.75,36.12],[67.25,35.82],[65.75,35.94],[65.25,35.64],[64.17,35.5],[64.81,35.25],[63.29,34.5],[63.44,34.25],[62.77,34.0],[63.0,33.67],[64.0,33.54],[64.25,33.0],[65.5,33.66],[66.75,33.82],[66.93,33.75],[66.73,33.25],[67.0,32.92],[68.03,33.5],[68.95,34.75],[68.82,35.0],[71.0,35.19],[71.51,35.5],[71.75,36.02],[72.02,36.0],[71.81,35.75],[72.0,35.38],[72.75,35.14],[73.75,35.8],[74.32,35.75],[73.1,36.25],[73.25,36.62],[73.85,36.5],[74.0,36.26],[74.57,36.25],[74.76,35.5],[74.25,35.3],[73.5,35.4],[73.14,35.0],[73.21,34.75],[73.75,34.47],[74.25,34.64],[74.75,34.4],[75.36,33.75],[75.34,33.5],[75.84,33.25],[75.8,33.0],[76.25,32.79],[76.49,32.25],[77.25,32.0],[78.75,30.68],[79.5,30.58],[79.75,30.17],[80.5,30.12],[81.0,29.71],[81.5,29.63],[82.0,29.87],[82.32,29.5],[82.14,29.0],[82.5,29.03],[83.0,28.55],[84.75,28.36],[86.5,27.62],[87.25,27.73],[88.0,27.36],[88.5,27.63],[88.93,27.25]]}},{"type":"Feature","properties":{"level":1024},"geometry":{"type":"LineString","coordinates":[[57.14,29.25],[57.62,29.25],[57.4,29.75],[56.36,29.5],[57.14,29.25]]}},{"type":"Feature","properties":{"level":1024},"geometry":{"type":"LineString","coordinates":[[84.16,30.0],[84.75,29.83],[85.41,30.0],[84.75,30.31],[84.5,30.07],[84.0,30.54],[83.55,30.5],[84.16,30.0]]}},{"type":"Feature","properties":{"level":1024},"geometry":{"type":"LineString","coordinates":[[51.91,30.25],[52.88,30.75],[51.75,31.7],[50.89,32.0],[51.0,31.6],[51.69,31.25],[51.31,31.0],[51.91,30.25]]}},{"type":"Feature","properties":{"level":1024},"geometry":{"type":"LineString","coordinates":[[50.23,32.0],[50.61,32.0],[50.48,32.75],[50.73,33.0],[50.54,33.25],[49.25,33.38],[49.14,33.25],[50.23,32.0]]}},{"type":"Feature","properties":{"level":1024},"geometry":{"type":"LineString","coordinates":[[-180.0,32.17],[-174.38,34.5],[-170.0,38.07],[-168.75,38.62],[-165.8,40.5],[-164.92,41.25],[-164.52,42.0],[-161.85,43.5],[-161.23,44.25],[-160.74,45.5],[-159.0,46.48],[-158.31,47.25],[-158.24,48.25],[-158.43,48.75],[-160.25,50.06],[-160.65,50.75],[-161.25,50.84],[-162.0,51.39],[-163.45,51.5],[-164.0,51.93],[-165.5,51.95],[-166.28,51.75],[-165.5,51.5],[-165.94,51.25],[-167.25,51.54],[-168.02,51.25],[-167.79,51.0],[-168.26,50.75],[-170.83,50.25],[-175.0,47.72],[-178.04,46.25],[-180.0,44.76]]}},{"type":"Feature","properties":{"level":1024},"geometry":{"type":"LineString","coordinates":[[-27.36,32.75],[-24.25,33.11],[-20.64,34.5],[-16.53,37.5],[-12.5,41.97],[-9.36,44.5],[-5.43,50.0],[-4.25,51.38],[-3.15,52.0],[-2.64,53.0],[-3.4,54.25],[-3.24,54.75],[-3.5,54.75],[-4.25,55.44],[-5.0,55.47],[-5.5,55.79],[-10.25,55.97],[-12.31,55.75],[-14.75,54.93],[-19.5,52.46],[-25.25,50.71],[-29.03,48.75],[-31.13,47.25],[-33.18,45.0],[-34.34,43.25],[-35.42,40.25],[-35.32,38.25],[-34.83,37.0],[-34.13,36.0],[-31.75,34.08],[-29.75,33.09],[-27.36,32.75]]}},{"type":"Feature","properties":{"level":1024},"geometry":{"type":"LineString","coordinates":[[52.25,36.45],[51.09,36.75],[50.48,37.25],[51.84,38.5],[52.5,38.58],[52.75,38.94],[53.25,38.68],[54.25,39.1],[55.0,39.07],[55.5,38.58],[56.18,38.5],[56.09,38.0],[55.25,37.14],[52.25,36.45]]}},{"type":"Feature","properties":{"level":1024},"geometry":{"type":"LineString","coordinates":[[44.64,37.25],[44.88,37.25],[44.14,38.0],[44.0,38.45],[43.75,38.23],[42.57,38.25],[43.09,37.5],[44.25,37.57],[44.64,37.25]]}},{"type":"Feature","properties":{"level":1024},"geometry":{"type":"LineString","coordinates":[[50.0,37.45],[50.0,37.65],[50.0,37.45]]}},{"type":"Feature","properties":{"level":1024},"geometry":{"type":"LineString","coordinates":[[70.5,39.91],[69.75,40.07],[69.42,40.5],[70.25,40.66],[72.0,41.69],[72.5,41.64],[72.75,41.26],[73.25,41.37],[73.8,40.75],[73.5,40.3],[70.5,39.91]]}},{"type":"Feature","properties":{"level":1024},"geometry":{"type":"LineString","coordinates":[[126.49,40.5],[127.46,40.5],[127.75,41.25],[128.25,40.89],[128.5,41.34],[128.9,41.5],[128.78,41.75],[127.5,41.6],[127.0,41.0],[127.1,40.75],[126.49,40.5]]}},{"type":"Feature","properties":{"level":1024},"geometry":{"type":"LineString","coordinates":[[75.5,40.97],[74.25,41.23],[74.25,41.55],[74.0,41.41],[72.59,41.75],[73.75,41.86],[74.0,42.3],[75.0,42.23],[77.75,42.99],[78.75,42.86],[79.39,42.5],[77.5,41.96],[75.61,42.0],[75.34,41.75],[76.34,41.5],[76.25,41.25],[75.5,40.97]]}},{"type":"Feature","properties":{"level":1024},"geometry":{"type":"LineString","coordinates":[[37.5,42.84],[37.38,43.25],[37.73,43.5],[38.41,43.25],[38.25,42.83],[37.5,42.84]]}},{"type":"Feature","properties":{"level":1024},"geometry":{"type":"LineString","coordinates":[[-134.13,43.25],[-132.5,44.17],[-132.25,45.04],[-133.51,44.75],[-134.41,44.0],[-134.52,43.5],[-134.13,43.25]]}},{"type":"Feature","properties":{"level":1024},"geometry":{"type":"LineString","coordinates":[[78.5,43.18],[78.0,43.53],[77.0,43.64],[76.97,44.25],[78.0,44.18],[78.75,44.62],[79.25,44.38],[81.0,44.32],[82.0,43.99],[82.57,43.5],[82.25,43.1],[81.25,43.6],[79.25,43.06],[78.5,43.18]]}},{"type":"Feature","properties":{"level":1024},"geometry":{"type":"LineString","coordinates":[[180.0,44.76],[177.25,42.69],[176.0,41.14],[174.93,40.25],[174.27,39.25],[174.45,38.0],[174.07,37.5],[173.7,36.0],[174.49,33.75],[175.63,32.5],[177.0,31.98],[180.0,32.17]]}},{"type":"Feature","properties":{"level":1024},"geometry":{"type":"LineString","coordinates":[[123.18,49.25],[125.0,49.11],[125.17,49.5],[124.42,49.75],[124.75,50.05],[125.75,50.04],[127.0,49.57],[129.04,50.5],[128.99,51.25],[128.25,51.91],[127.13,53.5],[127.07,53.75],[127.44,54.0],[126.77,54.75],[126.66,55.25],[127.43,56.25],[127.16,56.5],[128.12,57.0],[127.74,57.5],[126.5,58.0],[126.0,58.57],[124.0,58.5],[123.39,59.25],[121.73,60.25],[120.25,60.58],[118.5,61.42],[115.5,61.8],[115.0,62.09],[114.0,62.08],[113.76,62.25],[114.0,62.51],[113.17,62.5],[112.19,62.0],[112.82,61.75],[111.6,61.0],[111.56,59.75],[111.0,59.76],[110.42,59.25],[111.75,58.65],[111.82,58.25],[110.03,57.5],[110.11,57.25],[109.75,57.34],[108.96,57.0],[108.59,56.5],[108.75,55.2],[109.25,56.09],[110.51,56.0],[110.11,55.5],[110.25,55.02],[110.86,55.25],[110.93,55.5],[110.58,55.75],[110.75,55.83],[111.25,55.76],[111.5,55.43],[113.75,55.75],[114.06,55.25],[113.61,55.0],[113.48,54.25],[112.73,54.0],[113.37,53.75],[113.09,53.5],[113.5,53.15],[114.23,53.0],[114.53,52.5],[114.06,52.25],[114.75,51.31],[116.19,51.5],[118.25,50.98],[121.25,51.51],[121.92,51.0],[121.99,50.25],[123.18,49.25]]}},{"type":"Feature","properties":{"level":1024},"geometry":{"type":"LineString","coordinates":[[114.5,52.84],[114.28,53.0],[114.5,53.28],[115.66,53.25],[114.5,52.84]]}},{"type":"Feature","properties":{"level":1024},"geometry":{"type":"LineString","coordinates":[[-37.12,68.75],[-37.0,68.57],[-35.0,68.6],[-33.25,68.95],[-33.25,69.27],[-32.0,69.75],[-31.75,70.62],[-30.5,70.49],[-29.92,70.75],[-29.8,71.5],[-30.25,72.0],[-29.0,72.37],[-28.25,73.05],[-27.64,73.0],[-27.51,72.5],[-27.13,72.5],[-27.03,73.25],[-26.42,73.75],[-26.49,74.5],[-23.71,75.25],[-25.18,76.0],[-25.35,76.25],[-25.0,77.05],[-25.99,77.0],[-25.84,77.25],[-26.04,77.75],[-25.17,78.25],[-27.75,78.4],[-27.99,78.5],[-28.1,79.0],[-28.9,79.5],[-29.0,80.0],[-29.5,80.26],[-32.5,80.8],[-41.0,80.92],[-50.42,80.0],[-49.75,79.68],[-45.87,79.25],[-45.43,78.75],[-44.77,78.5],[-46.08,77.75],[-50.0,77.18],[-51.75,76.44],[-48.5,75.93],[-42.75,76.2],[-40.5,76.04],[-34.0,74.54],[-33.08,74.0],[-32.94,73.75],[-33.49,73.25],[-34.7,73.0],[-35.24,72.5],[-35.33,72.25],[-34.36,71.75],[-34.23,71.25],[-37.5,70.75],[-38.8,70.25],[-38.81,70.0],[-37.12,68.75]]}},{"type":"Feature","properties":{"level":1024},"geometry":{"type":"LineString","coordinates":[[-30.53,69.25],[-29.86,69.25],[-29.82,69.5],[-30.88,69.5],[-30.53,69.25]]}},{"type":"Feature","properties":{"level":1024},"geometry":{"type":"LineString","coordinates":[[-142.28,71.5],[-135.25,71.52],[-132.5,72.19],[-131.79,72.75],[-132.22,73.25],[-134.14,74.25],[-137.75,75.5],[-143.25,76.28],[-146.5,76.16],[-149.25,75.75],[-151.58,75.0],[-152.73,74.0],[-152.0,73.12],[-148.65,72.25],[-142.28,71.5]]}},{"type":"Feature","properties":{"level":1024},"geometry":{"type":"LineString","coordinates":[[-59.99,77.5],[-56.0,77.28],[-53.45,77.5],[-57.25,78.17],[-60.0,78.21],[-61.3,78.0],[-59.99,77.5]]}},{"type":"Feature","properties":{"level":1028},"geometry":{"type":"LineString","coordinates":[[74.78,-88.25],[91.0,-88.39],[100.47,-87.75],[100.63,-87.5],[99.85,-87.25],[99.75,-86.64],[98.97,-86.25],[98.78,-85.75],[99.62,-85.0],[103.82,-83.5],[114.75,-81.0],[111.25,-81.0],[100.5,-81.7],[96.6,-80.75],[97.28,-80.25],[95.75,-79.73],[83.0,-79.16],[79.8,-79.25],[75.0,-80.49],[73.75,-80.07],[72.25,-79.95],[62.75,-80.15],[58.0,-79.78],[52.31,-78.75],[49.25,-77.77],[48.0,-77.13],[45.75,-76.64],[41.0,-76.42],[38.57,-76.75],[41.25,-77.11],[43.0,-77.63],[43.73,-78.0],[43.84,-78.75],[43.45,-79.0],[44.0,-79.55],[45.5,-80.41],[48.43,-81.5],[54.25,-82.29],[65.99,-83.25],[69.21,-83.75],[64.13,-84.0],[60.57,-84.75],[68.68,-85.5],[68.71,-85.75],[67.42,-86.0],[67.31,-86.25],[68.95,-86.5],[68.27,-86.75],[61.04,-87.0],[59.29,-87.25],[59.79,-87.5],[74.78,-88.25]]}},{"type":"Feature","properties":{"level":1028},"geometry":{"type":"LineString","coordinates":[[123.24,-78.25],[125.5,-78.33],[126.23,-78.0],[126.0,-77.78],[124.0,-77.91],[123.37,-78.0],[123.24,-78.25]]}},{"type":"Feature","properties":{"level":1028},"geometry":{"type":"LineString","coordinates":[[115.42,-77.25],[118.25,-77.27],[123.75,-76.72],[125.43,-76.25],[125.45,-76.0],[124.75,-75.44],[123.0,-75.87],[119.25,-76.07],[113.98,-77.0],[115.42,-77.25]]}},{"type":"Feature","properties":{"level":1028},"geometry":{"type":"LineString","coordinates":[[35.92,-76.5],[38.21,-76.5],[35.92,-76.5]]}},{"type":"Feature","properties":{"level":1028},"geometry":{"type":"LineString","coordinates":[[161.79,-50.25],[163.5,-50.36],[168.5,-49.97],[171.03,-49.0],[171.92,-48.25],[171.93,-48.0],[171.21,-47.0],[170.5,-46.64],[170.25,-46.75],[169.94,-46.25],[169.41,-46.25],[168.75,-46.79],[166.25,-47.29],[164.25,-46.87],[162.75,-46.07],[160.5,-43.83],[159.25,-42.12],[158.24,-40.25],[158.11,-39.5],[156.78,-37.5],[156.9,-37.0],[154.61,-33.5],[154.25,-33.25],[153.0,-33.21],[152.29,-32.5],[152.82,-31.5],[152.78,-30.25],[151.75,-30.27],[151.82,-30.75],[151.21,-31.0],[150.75,-31.65],[149.94,-31.75],[150.1,-32.0],[149.95,-32.5],[149.03,-33.25],[149.27,-33.75],[148.5,-33.75],[147.73,-34.5],[148.05,-35.0],[147.58,-35.5],[148.0,-35.64],[148.0,-35.87],[147.69,-36.0],[148.14,-37.0],[148.5,-37.3],[150.18,-37.5],[149.99,-38.5],[148.5,-40.74],[147.0,-40.8],[146.0,-41.17],[145.7,-41.75],[146.0,-42.03],[147.25,-41.92],[147.5,-42.16],[148.75,-41.32],[149.73,-42.75],[149.97,-44.25],[150.73,-46.0],[151.44,-46.75],[153.39,-48.0],[156.75,-49.34],[161.79,-50.25]]}},{"type":"Feature","properties":{"level":1028},"geometry":{"type":"LineString","coordinates":[[67.15,-47.0],[72.5,-47.16],[75.5,-46.78],[80.5,-45.6],[84.89,-43.5],[94.55,-36.25],[95.65,-35.0],[96.93,-34.0],[98.55,-32.0],[98.51,-30.75],[97.93,-29.0],[96.5,-27.77],[94.5,-26.99],[92.5,-26.46],[88.5,-25.9],[87.0,-26.33],[81.75,-26.74],[77.0,-28.4],[65.25,-31.11],[62.0,-30.64],[58.25,-29.74],[54.75,-29.76],[51.25,-30.68],[47.97,-32.75],[47.61,-33.5],[47.37,-35.25],[47.53,-36.5],[48.25,-38.12],[50.29,-40.5],[53.75,-43.39],[55.5,-44.39],[58.25,-45.37],[63.25,-46.47],[67.15,-47.0]]}},{"type":"Feature","properties":{"level":1028},"geometry":{"type":"LineString","coordinates":[[39.02,-46.25],[40.0,-46.02],[41.75,-46.44],[45.5,-45.82],[46.25,-45.57],[46.88,-44.75],[46.88,-44.0],[45.5,-43.1],[44.89,-43.0],[44.96,-42.75],[43.5,-41.65],[42.75,-41.62],[42.43,-41.25],[41.25,-41.17],[40.06,-40.0],[40.16,-39.75],[38.06,-39.0],[36.25,-37.7],[35.5,-37.88],[34.25,-36.62],[32.75,-37.02],[31.75,-36.31],[31.0,-37.0],[30.5,-36.79],[30.0,-37.16],[28.5,-37.34],[27.92,-38.5],[29.43,-40.25],[29.57,-40.75],[32.5,-43.28],[35.93,-45.5],[37.5,-45.71],[39.02,-46.25]]}},{"type":"Feature","properties":{"level":1028},"geometry":{"type":"LineString","coordinates":[[170.29,-45.75],[170.5,-45.86],[170.55,-45.5],[170.29,-45.75]]}},{"type":"Feature","properties":{"level":1028},"geometry":{"type":"LineString","coordinates":[[-165.57,-42.75],[-162.5,-42.97],[-160.75,-42.79],[-157.25,-41.77],[-154.5,-40.5],[-152.96,-39.0],[-149.25,-33.78],[-148.78,-32.0],[-148.79,-31.5],[-149.2,-31.0],[-149.23,-30.5],[-149.01,-30.25],[-149.15,-30.0],[-152.0,-28.44],[-153.75,-28.16],[-157.0,-28.07],[-160.25,-28.8],[-164.75,-31.42],[-167.5,-33.75],[-171.5,-39.75],[-171.03,-41.0],[-170.25,-41.51],[-168.5,-42.18],[-165.57,-42.75]]}},{"type":"Feature","properties":{"level":1028},"geometry":{"type":"LineString","coordinates":[[150.75,-32.78],[150.75,-32.44],[151.6,-32.5],[150.75,-32.78]]}},{"type":"Feature","properties":{"level":1028},"geometry":{"type":"LineString","coordinates":[[86.86,27.75],[87.08,27.75],[87.11,28.25],[86.13,28.25],[86.86,27.75]]}},{"type":"Feature","properties":{"level":1028},"geometry":{"type":"LineString","coordinates":[[87.82,27.75],[88.25,27.55],[88.5,27.99],[88.85,28.0],[87.75,28.07],[87.82,27.75]]}},{"type":"Feature","properties":{"level":1028},"geometry":{"type":"LineString","coordinates":[[90.21,27.75],[90.75,27.77],[91.0,28.42],[91.43,28.25],[91.31,28.0],[91.5,27.85],[91.88,28.5],[91.75,28.67],[91.5,28.39],[91.25,28.71],[89.85,28.25],[90.21,27.75]]}},{"type":"Feature","properties":{"level":1028},"geometry":{"type":"LineString","coordinates":[[96.89,29.0],[97.25,28.88],[97.5,29.11],[97.75,28.92],[97.8,29.25],[97.0,30.1],[96.0,30.3],[95.75,29.95],[95.43,30.0],[95.97,29.25],[96.89,29.0]]}},{"type":"Feature","properties":{"level":1028},"geometry":{"type":"LineString","coordinates":[[99.74,29.0],[100.5,29.05],[100.75,28.83],[101.25,29.24],[101.75,29.09],[101.83,29.75],[101.64,30.0],[101.91,30.5],[101.56,31.75],[100.82,31.25],[100.97,31.0],[100.75,30.83],[100.0,31.07],[99.5,30.95],[99.0,30.45],[98.39,30.25],[99.1,30.0],[99.33,29.25],[99.74,29.0]]}},{"type":"Feature","properties":{"level":1028},"geometry":{"type":"LineString","coordinates":[[93.87,30.5],[94.25,30.29],[95.46,30.5],[95.0,30.83],[94.75,30.54],[94.0,30.79],[93.87,30.5]]}},{"type":"Feature","properties":{"level":1028},"geometry":{"type":"LineString","coordinates":[[101.88,31.0],[102.25,30.78],[102.75,30.97],[103.03,31.25],[102.8,31.5],[102.88,31.75],[102.75,31.9],[101.88,31.0]]}},{"type":"Feature","properties":{"level":1028},"geometry":{"type":"LineString","coordinates":[[77.7,31.75],[78.02,31.75],[77.63,32.75],[76.75,33.62],[76.7,34.0],[75.59,34.5],[75.74,35.0],[75.12,35.25],[75.27,34.5],[76.5,33.08],[76.75,32.35],[77.25,32.41],[77.7,31.75]]}},{"type":"Feature","properties":{"level":1028},"geometry":{"type":"LineString","coordinates":[[66.15,34.5],[66.5,34.35],[68.25,34.5],[68.46,35.0],[69.08,35.25],[68.5,35.37],[68.0,35.04],[67.5,35.17],[67.49,35.5],[66.0,35.5],[65.77,34.75],[66.15,34.5]]}},{"type":"Feature","properties":{"level":1028},"geometry":{"type":"LineString","coordinates":[[77.69,34.75],[78.0,34.55],[78.2,34.75],[77.5,35.93],[76.0,36.44],[75.5,36.91],[75.1,36.75],[75.19,36.5],[74.66,36.0],[75.0,35.71],[75.25,35.94],[76.5,35.35],[77.0,34.83],[77.25,35.06],[77.69,34.75]]}},{"type":"Feature","properties":{"level":1028},"geometry":{"type":"LineString","coordinates":[[73.53,35.0],[74.69,35.0],[74.5,35.28],[74.25,35.01],[73.53,35.0]]}},{"type":"Feature","properties":{"level":1028},"geometry":{"type":"LineString","coordinates":[[69.64,35.25],[71.0,35.5],[71.3,36.0],[72.49,36.75],[72.5,37.11],[72.92,37.25],[72.78,37.75],[72.96,38.0],[72.05,38.25],[72.84,38.5],[73.13,39.25],[73.0,39.42],[72.25,39.12],[71.75,39.24],[70.81,38.75],[71.09,38.5],[70.47,37.75],[71.04,37.0],[71.0,36.75],[70.5,36.82],[70.0,36.23],[69.65,36.25],[69.76,36.0],[69.15,35.5],[69.64,35.25]]}},{"type":"Feature","properties":{"level":1028},"geometry":{"type":"LineString","coordinates":[[80.47,35.25],[82.0,35.1],[83.22,35.5],[83.5,35.8],[86.0,36.24],[85.99,37.0],[86.5,36.96],[86.5,37.18],[86.25,37.51],[83.75,36.55],[82.5,36.47],[81.75,35.89],[80.0,35.93],[79.5,36.18],[79.31,36.0],[80.47,35.25]]}},{"type":"Feature","properties":{"level":1028},"geometry":{"type":"LineString","coordinates":[[74.11,36.5],[74.68,36.5],[74.24,36.75],[74.53,37.0],[73.55,36.75],[74.11,36.5]]}},{"type":"Feature","properties":{"level":1028},"geometry":{"type":"LineString","coordinates":[[-28.05,37.0],[-24.9,37.0],[-19.5,39.21],[-17.74,40.5],[-11.98,45.75],[-9.27,49.5],[-8.99,50.25],[-9.08,50.75],[-8.36,52.25],[-9.0,52.65],[-11.5,53.06],[-14.75,52.63],[-23.83,49.5],[-27.29,47.5],[-30.05,44.75],[-31.22,42.25],[-31.43,40.75],[-31.33,39.5],[-30.88,38.75],[-29.25,37.43],[-28.05,37.0]]}},{"type":"Feature","properties":{"level":1028},"geometry":{"type":"LineString","coordinates":[[-180.0,37.68],[-179.5,37.51],[-178.95,36.75],[-178.0,36.58],[-177.5,37.12],[-175.29,37.75],[-173.0,39.27],[-171.68,40.5],[-170.75,40.7],[-169.25,41.76],[-168.51,42.0],[-168.25,42.5],[-167.54,43.0],[-167.77,43.25],[-166.75,43.86],[-166.64,44.5],[-165.89,45.0],[-166.12,45.5],[-165.71,46.0],[-166.5,45.88],[-166.69,46.0],[-166.37,46.75],[-166.5,46.89],[-167.75,47.19],[-169.25,46.97],[-171.5,47.09],[-172.5,46.81],[-175.75,45.16],[-178.12,43.25],[-180.0,41.15]]}},{"type":"Feature","properties":{"level":1028},"geometry":{"type":"LineString","coordinates":[[67.39,38.75],[69.22,39.0],[68.25,39.28],[67.5,39.03],[67.39,38.75]]}},{"type":"Feature","properties":{"level":1028},"geometry":{"type":"LineString","coordinates":[[69.39,39.0],[70.92,39.5],[70.0,39.55],[69.37,39.25],[69.39,39.0]]}},{"type":"Feature","properties":{"level":1028},"geometry":{"type":"LineString","coordinates":[[180.0,41.15],[179.26,40.25],[179.14,39.5],[179.4,39.0],[179.06,38.25],[179.5,37.75],[180.0,37.68]]}},{"type":"Feature","properties":{"level":1028},"geometry":{"type":"LineString","coordinates":[[79.68,42.0],[80.0,41.78],[80.5,41.87],[81.99,42.5],[81.5,42.32],[80.0,42.4],[79.68,42.25],[79.68,42.0]]}},{"type":"Feature","properties":{"level":1028},"geometry":{"type":"LineString","coordinates":[[90.31,47.25],[90.6,47.25],[90.27,48.0],[89.75,47.92],[89.72,48.25],[88.75,48.9],[87.5,49.23],[87.5,49.63],[86.0,49.9],[85.5,50.27],[84.88,50.25],[85.25,49.87],[85.75,49.92],[86.58,49.5],[84.83,49.0],[85.0,48.84],[85.5,48.72],[85.75,48.92],[86.5,48.59],[87.0,48.64],[89.5,47.58],[90.0,47.76],[90.31,47.25]]}},{"type":"Feature","properties":{"level":1028},"geometry":{"type":"LineString","coordinates":[[83.43,50.75],[84.0,50.51],[84.41,50.75],[84.25,51.25],[83.36,51.0],[83.43,50.75]]}},{"type":"Feature","properties":{"level":1028},"geometry":{"type":"LineString","coordinates":[[118.72,54.75],[119.39,54.75],[119.08,55.0],[119.37,55.25],[118.89,55.5],[119.32,55.75],[118.75,55.88],[118.16,55.5],[118.85,55.25],[118.41,55.0],[118.72,54.75]]}},{"type":"Feature","properties":{"level":1028},"geometry":{"type":"LineString","coordinates":[[123.7,55.5],[124.0,55.41],[124.41,55.75],[123.79,56.25],[124.14,56.75],[124.0,56.89],[123.5,56.9],[123.28,56.75],[123.43,56.5],[122.79,56.25],[123.15,55.75],[123.7,55.5]]}},{"type":"Feature","properties":{"level":1028},"geometry":{"type":"LineString","coordinates":[[118.97,56.25],[119.5,56.55],[120.25,56.15],[121.25,56.2],[120.0,56.68],[119.87,57.0],[120.75,57.35],[122.41,57.5],[122.0,57.9],[121.5,57.7],[120.75,58.07],[120.25,57.82],[119.25,58.28],[118.25,57.89],[117.75,58.08],[117.0,58.86],[115.25,58.39],[114.98,58.5],[115.5,58.59],[115.88,59.5],[115.25,59.68],[113.75,59.41],[113.21,59.0],[113.21,58.5],[114.25,58.11],[114.73,57.5],[114.31,57.25],[114.5,56.95],[117.0,56.57],[119.25,57.31],[119.15,57.0],[118.3,56.5],[118.97,56.25]]}},{"type":"Feature","properties":{"level":1028},"geometry":{"type":"LineString","coordinates":[[-35.95,69.0],[-35.0,68.75],[-32.43,70.0],[-33.0,70.43],[-34.0,70.63],[-36.25,70.48],[-37.35,70.0],[-37.18,69.5],[-35.95,69.0]]}},{"type":"Feature","properties":{"level":1028},"geometry":{"type":"LineString","coordinates":[[-32.32,71.25],[-31.25,71.32],[-31.03,71.75],[-29.83,72.5],[-30.0,73.05],[-30.73,73.5],[-28.66,74.25],[-27.0,75.25],[-26.98,75.5],[-27.47,76.25],[-27.5,76.84],[-28.72,77.25],[-29.23,77.75],[-30.04,78.0],[-30.76,78.75],[-33.25,80.11],[-39.0,80.56],[-44.09,80.25],[-44.78,80.0],[-42.28,79.0],[-40.76,78.75],[-40.76,78.5],[-41.75,77.92],[-43.86,77.5],[-47.18,77.25],[-48.86,76.75],[-40.25,76.33],[-33.75,74.8],[-32.65,74.25],[-32.16,73.5],[-33.12,73.0],[-33.5,72.42],[-34.18,72.25],[-32.32,71.25]]}},{"type":"Feature","properties":{"level":1032},"geometry":{"type":"LineString","coordinates":[[73.45,-88.0],[89.5,-88.21],[98.46,-87.75],[98.94,-87.5],[97.97,-87.25],[98.2,-86.75],[96.72,-86.25],[96.15,-85.5],[101.9,-83.5],[106.52,-82.5],[107.12,-82.25],[107.29,-81.75],[105.5,-81.6],[103.85,-81.75],[103.98,-82.0],[103.0,-82.14],[95.67,-82.5],[97.39,-81.75],[94.85,-80.75],[94.63,-80.5],[95.27,-80.25],[94.46,-80.0],[83.75,-79.45],[78.25,-79.92],[73.0,-81.0],[72.25,-81.0],[71.75,-80.75],[71.82,-80.5],[69.75,-80.41],[64.95,-80.5],[61.5,-80.83],[51.0,-78.89],[46.75,-77.17],[43.25,-76.78],[42.33,-77.0],[44.25,-77.97],[44.69,-78.5],[44.83,-79.0],[43.99,-79.25],[44.24,-79.5],[47.5,-80.79],[56.07,-81.25],[51.31,-81.5],[72.49,-83.75],[73.81,-84.0],[67.37,-84.25],[66.6,-84.5],[66.65,-84.75],[67.5,-84.95],[73.41,-85.25],[74.48,-85.5],[73.69,-85.75],[74.0,-85.88],[77.34,-86.25],[77.69,-86.5],[63.51,-87.25],[65.5,-87.61],[73.45,-88.0]]}},{"type":"Feature","properties":{"level":1032},"geometry":{"type":"LineString","coordinates":[[61.0,-81.79],[60.5,-81.45],[59.39,-81.25],[60.75,-81.24],[61.77,-81.75],[61.0,-81.79]]}},{"type":"Feature","properties":{"level":1032},"geometry":{"type":"LineString","coordinates":[[67.92,-45.75],[71.75,-45.91],[74.25,-45.61],[79.25,-44.35],[82.34,-43.0],[84.92,-41.25],[90.53,-36.25],[92.96,-32.5],[92.72,-32.0],[92.91,-31.5],[92.81,-31.0],[91.75,-29.78],[89.5,-29.11],[87.75,-28.88],[82.5,-29.09],[68.75,-32.38],[63.0,-33.09],[58.25,-33.27],[55.75,-33.71],[53.75,-34.59],[52.28,-36.5],[52.33,-37.75],[52.98,-39.0],[54.5,-40.85],[56.5,-42.51],[58.25,-43.43],[61.0,-44.42],[64.46,-45.25],[67.92,-45.75]]}},{"type":"Feature","properties":{"level":1032},"geometry":{"type":"LineString","coordinates":[[-161.89,-38.25],[-160.0,-38.25],[-158.5,-37.57],[-157.5,-36.79],[-156.57,-35.25],[-156.94,-34.75],[-156.65,-34.5],[-156.87,-33.75],[-158.25,-33.36],[-159.25,-33.75],[-160.65,-34.75],[-161.0,-35.9],[-161.75,-36.67],[-162.5,-37.0],[-162.82,-37.5],[-162.71,-38.0],[-161.89,-38.25]]}},{"type":"Feature","properties":{"level":1032},"geometry":{"type":"LineString","coordinates":[[76.92,35.0],[77.25,35.3],[77.81,35.0],[77.25,35.96],[76.25,35.89],[75.75,36.51],[75.15,36.25],[76.25,35.7],[76.92,35.0]]}},{"type":"Feature","properties":{"level":1032},"geometry":{"type":"LineString","coordinates":[[80.68,35.25],[82.07,35.25],[81.25,35.67],[80.27,35.75],[80.25,35.5],[80.68,35.25]]}},{"type":"Feature","properties":{"level":1032},"geometry":{"type":"LineString","coordinates":[[70.88,36.25],[72.0,36.47],[72.0,37.15],[71.75,37.21],[71.25,36.85],[70.88,36.25]]}},{"type":"Feature","properties":{"level":1032},"geometry":{"type":"LineString","coordinates":[[79.89,42.0],[80.95,42.25],[80.14,42.25],[79.89,42.0]]}},{"type":"Feature","properties":{"level":1032},"geometry":{"type":"LineString","coordinates":[[-24.16,42.75],[-22.5,42.58],[-20.11,43.5],[-17.0,46.16],[-16.26,47.25],[-16.03,48.5],[-17.5,48.92],[-19.0,48.77],[-22.67,47.0],[-24.22,45.75],[-24.84,44.75],[-25.06,43.5],[-24.16,42.75]]}},{"type":"Feature","properties":{"level":1032},"geometry":{"type":"LineString","coordinates":[[116.7,57.25],[117.79,57.25],[117.0,57.53],[116.75,58.05],[116.21,57.75],[116.19,57.5],[116.7,57.25]]}},{"type":"Feature","properties":{"level":1032},"geometry":{"type":"LineString","coordinates":[[-36.17,69.25],[-35.0,69.09],[-34.5,69.48],[-33.75,69.55],[-32.98,70.0],[-35.5,70.26],[-36.77,70.0],[-36.93,69.75],[-36.17,69.25]]}},{"type":"Feature","properties":{"level":1032},"geometry":{"type":"LineString","coordinates":[[-32.27,72.25],[-30.75,72.46],[-30.56,72.75],[-31.75,73.13],[-32.25,73.01],[-32.86,72.5],[-32.27,72.25]]}},{"type":"Feature","properties":{"level":1032},"geometry":{"type":"LineString","coordinates":[[-31.33,73.75],[-30.5,74.34],[-29.7,74.5],[-29.21,75.0],[-29.75,75.86],[-30.5,76.25],[-32.0,76.53],[-35.5,76.69],[-37.75,77.04],[-43.0,77.17],[-44.99,77.0],[-35.0,75.87],[-33.75,75.5],[-33.85,75.25],[-33.55,75.0],[-31.33,73.75]]}},{"type":"Feature","properties":{"level":1036},"geometry":{"type":"LineString","coordinates":[[79.97,-88.0],[92.54,-88.0],[96.61,-87.5],[95.73,-87.25],[95.79,-87.0],[96.4,-86.75],[91.25,-85.75],[95.5,-84.94],[98.86,-84.0],[101.31,-83.0],[97.79,-83.0],[90.24,-84.25],[79.08,-85.25],[80.72,-85.75],[82.75,-85.98],[90.5,-86.02],[90.75,-86.25],[67.36,-87.25],[69.5,-87.59],[79.97,-88.0]]}},{"type":"Feature","properties":{"level":1036},"geometry":{"type":"LineString","coordinates":[[71.51,-84.5],[79.25,-84.71],[88.0,-84.09],[94.0,-83.37],[94.4,-83.0],[88.56,-83.0],[89.28,-82.75],[91.5,-82.65],[95.52,-81.75],[92.25,-80.15],[84.0,-79.75],[78.25,-80.12],[72.5,-81.39],[69.75,-80.92],[65.04,-81.0],[64.93,-81.25],[66.0,-81.45],[66.91,-82.25],[64.79,-82.75],[73.5,-83.58],[78.51,-83.75],[78.0,-84.21],[77.25,-84.42],[71.51,-84.5]]}},{"type":"Feature","properties":{"level":1036},"geometry":{"type":"LineString","coordinates":[[57.78,-81.75],[58.58,-81.75],[58.86,-81.5],[55.85,-81.5],[57.78,-81.75]]}},{"type":"Feature","properties":{"level":1036},"geometry":{"type":"LineString","coordinates":[[55.62,-81.0],[57.31,-81.0],[58.07,-80.75],[56.68,-80.25],[49.65,-79.0],[49.5,-78.75],[47.0,-77.65],[45.5,-77.29],[44.11,-77.25],[45.85,-79.0],[45.75,-79.42],[45.02,-79.75],[46.36,-80.25],[48.25,-80.71],[55.62,-81.0]]}},{"type":"Feature","properties":{"level":1036},"geometry":{"type":"LineString","coordinates":[[68.32,-44.0],[70.5,-44.04],[74.5,-43.47],[77.45,-42.75],[79.91,-41.75],[82.0,-40.31],[84.66,-37.75],[86.36,-35.5],[86.75,-33.67],[86.0,-32.8],[84.5,-32.35],[79.25,-32.35],[64.5,-35.4],[58.7,-37.25],[57.96,-38.0],[57.8,-38.75],[58.11,-39.75],[58.83,-40.75],[60.5,-41.94],[63.13,-43.0],[68.32,-44.0]]}},{"type":"Feature","properties":{"level":1036},"geometry":{"type":"LineString","coordinates":[[77.4,35.25],[77.59,35.25],[77.25,35.78],[76.44,35.75],[77.4,35.25]]}},{"type":"Feature","properties":{"level":1040},"geometry":{"type":"LineString","coordinates":[[78.42,-87.75],[90.25,-87.49],[94.44,-86.75],[91.75,-86.54],[73.08,-87.25],[72.69,-87.5],[78.42,-87.75]]}},{"type":"Feature","properties":{"level":1040},"geometry":{"type":"LineString","coordinates":[[86.85,-85.0],[89.75,-85.15],[94.96,-84.25],[92.36,-84.25],[86.98,-84.75],[86.85,-85.0]]}},{"type":"Feature","properties":{"level":1040},"geometry":{"type":"LineString","coordinates":[[84.02,-84.0],[86.32,-84.0],[90.01,-83.5],[85.25,-83.45],[84.02,-84.0]]}},{"type":"Feature","properties":{"level":1040},"geometry":{"type":"LineString","coordinates":[[72.01,-83.25],[82.94,-83.25],[82.65,-83.0],[90.5,-82.46],[94.31,-81.75],[94.16,-81.5],[91.74,-80.75],[91.19,-80.25],[83.25,-79.91],[78.5,-80.22],[74.25,-81.09],[72.6,-81.75],[72.89,-82.25],[69.0,-82.38],[66.47,-82.75],[67.34,-83.0],[72.01,-83.25]]}},{"type":"Feature","properties":{"level":1040},"geometry":{"type":"LineString","coordinates":[[67.89,-81.5],[70.51,-81.5],[70.25,-81.24],[67.89,-81.5]]}},{"type":"Feature","properties":{"level":1040},"geometry":{"type":"LineString","coordinates":[[52.09,-80.75],[54.55,-80.75],[54.74,-80.5],[51.5,-79.49],[48.87,-79.0],[47.5,-78.28],[45.75,-77.79],[45.67,-78.0],[46.16,-78.75],[47.45,-79.75],[47.05,-80.0],[47.12,-80.25],[48.25,-80.56],[52.09,-80.75]]}},{"type":"Feature","properties":{"level":1040},"geometry":{"type":"LineString","coordinates":[[67.78,-41.25],[70.5,-41.28],[73.75,-40.14],[76.22,-38.5],[76.71,-37.75],[76.7,-37.0],[74.5,-36.59],[72.75,-36.69],[67.75,-38.2],[66.65,-39.0],[66.27,-39.75],[66.68,-40.75],[67.78,-41.25]]}},{"type":"Feature","properties":{"level":1044},"geometry":{"type":"LineString","coordinates":[[70.05,-83.0],[75.48,-83.0],[68.55,-82.75],[70.05,-83.0]]}},{"type":"Feature","properties":{"level":1044},"geometry":{"type":"LineString","coordinates":[[78.21,-82.5],[82.5,-82.63],[89.25,-82.36],[93.18,-81.75],[91.5,-81.23],[89.75,-81.14],[79.75,-81.7],[78.34,-82.0],[78.06,-82.25],[78.21,-82.5]]}},{"type":"Feature","properties":{"level":1044},"geometry":{"type":"LineString","coordinates":[[74.2,-81.5],[81.25,-80.74],[82.0,-80.91],[84.5,-80.82],[87.58,-80.25],[84.0,-80.07],[79.39,-80.25],[74.5,-81.14],[74.11,-81.25],[74.2,-81.5]]}},{"type":"Feature","properties":{"level":1044},"geometry":{"type":"LineString","coordinates":[[47.92,-79.25],[49.31,-79.25],[48.25,-79.14],[48.06,-78.75],[46.74,-78.5],[47.92,-79.25]]}},{"type":"Feature","properties":{"level":1048},"geometry":{"type":"LineString","coordinates":[[82.17,-82.25],[83.89,-82.25],[83.99,-82.0],[81.84,-82.0],[82.17,-82.25]]}},{"type":"Feature","properties":{"level":1048},"geometry":{"type":"LineString","coordinates":[[86.32,-82.0],[89.0,-82.13],[90.52,-81.75],[88.25,-81.49],[86.32,-82.0]]}},{"type":"Feature","properties":{"level":1048},"geometry":{"type":"LineString","coordinates":[[76.91,-80.75],[77.25,-80.91],[80.59,-80.5],[78.0,-80.48],[76.91,-80.75]]}},{"type":"Feature","properties":{"level":1048},"geometry":{"type":"LineString","coordinates":[[83.63,-80.25],[85.18,-80.25],[83.63,-80.25]]}}]}