{"type":"FeatureCollection","features":[{"type":"Feature","properties":{"level":944},"geometry":{"type":"LineString","coordinates":[[126.5,-65.26],[123.01,-64.25],[125.0,-63.7],[126.55,-63.75],[127.27,-64.25],[127.56,-65.0],[127.25,-65.36],[126.5,-65.26]]}},{"type":"Feature","properties":{"level":948},"geometry":{"type":"LineString","coordinates":[[125.75,-65.77],[118.25,-65.36],[115.5,-65.64],[114.75,-65.37],[114.61,-64.75],[115.5,-63.91],[118.25,-63.12],[121.95,-61.25],[123.0,-61.04],[123.89,-61.25],[125.25,-62.49],[129.0,-63.43],[129.86,-64.5],[129.75,-65.0],[129.0,-65.54],[127.5,-65.93],[125.75,-65.77]]}},{"type":"Feature","properties":{"level":952},"geometry":{"type":"LineString","coordinates":[[-175.0,-69.26],[-178.25,-68.68],[-179.25,-68.11],[-179.51,-67.5],[-179.0,-67.25],[-175.75,-67.22],[-170.37,-68.25],[-170.64,-68.75],[-171.69,-69.0],[-175.0,-69.26]]}},{"type":"Feature","properties":{"level":952},"geometry":{"type":"LineString","coordinates":[[121.5,-67.01],[120.5,-66.7],[112.21,-66.25],[112.46,-66.0],[112.74,-64.5],[113.74,-63.75],[117.0,-62.35],[121.75,-60.82],[124.25,-60.88],[128.5,-62.35],[131.64,-63.0],[132.88,-63.5],[131.18,-65.25],[128.99,-66.25],[126.0,-66.22],[125.01,-66.75],[124.0,-66.44],[122.25,-66.64],[121.75,-67.05],[121.5,-67.01]]}},{"type":"Feature","properties":{"level":956},"geometry":{"type":"LineString","coordinates":[[180.0,-68.79],[179.22,-68.25],[178.91,-67.5],[179.18,-67.0],[180.0,-66.61]]}},{"type":"Feature","properties":{"level":956},"geometry":{"type":"LineString","coordinates":[[118.75,-67.77],[111.5,-67.32],[109.31,-66.75],[109.17,-66.0],[111.0,-64.26],[113.75,-62.8],[117.7,-61.25],[121.75,-60.37],[124.0,-60.36],[126.16,-60.75],[132.75,-62.65],[133.75,-63.07],[134.17,-63.5],[134.04,-64.25],[133.34,-65.0],[132.53,-65.5],[130.75,-66.03],[130.0,-67.04],[126.5,-66.79],[122.25,-67.67],[118.75,-67.77]]}},{"type":"Feature","properties":{"level":956},"geometry":{"type":"LineString","coordinates":[[-180.0,-66.61],[-177.5,-66.19],[-175.0,-66.34],[-166.5,-67.51],[-165.77,-68.0],[-166.37,-68.5],[-168.33,-69.25],[-172.75,-69.95],[-176.75,-69.74],[-180.0,-68.79]]}},{"type":"Feature","properties":{"level":960},"geometry":{"type":"LineString","coordinates":[[180.0,-69.65],[178.16,-68.75],[177.68,-68.25],[177.45,-67.5],[178.19,-66.5],[180.0,-65.75]]}},{"type":"Feature","properties":{"level":960},"geometry":{"type":"LineString","coordinates":[[117.25,-68.51],[111.21,-68.0],[108.0,-67.16],[105.21,-66.0],[106.75,-65.39],[111.75,-62.59],[115.04,-61.25],[118.0,-60.36],[121.25,-59.87],[125.0,-59.92],[129.75,-60.92],[134.0,-62.35],[135.05,-63.0],[135.66,-63.75],[135.46,-65.25],[133.0,-66.0],[129.5,-67.57],[124.75,-67.71],[121.0,-68.49],[117.25,-68.51]]}},{"type":"Feature","properties":{"level":960},"geometry":{"type":"LineString","coordinates":[[-180.0,-65.75],[-178.25,-65.36],[-174.25,-65.4],[-167.25,-66.24],[-163.5,-66.39],[-162.75,-66.61],[-162.38,-67.0],[-162.97,-68.0],[-165.0,-69.16],[-167.0,-69.83],[-169.75,-70.39],[-175.0,-70.58],[-177.5,-70.27],[-180.0,-69.65]]}},{"type":"Feature","properties":{"level":960},"geometry":{"type":"LineString","coordinates":[[-4.0,-62.56],[-3.55,-62.5],[-4.0,-62.56]]}},{"type":"Feature","properties":{"level":960},"geometry":{"type":"LineString","coordinates":[[-3.25,-62.32],[-3.42,-62.25],[-2.75,-61.05],[-2.5,-61.31],[-2.54,-61.75],[-3.25,-62.32]]}},{"type":"Feature","properties":{"level":964},"geometry":{"type":"LineString","coordinates":[[180.0,-70.45],[177.0,-69.25],[176.19,-68.5],[175.91,-67.75],[176.25,-66.76],[177.0,-66.0],[178.76,-65.0],[180.0,-64.64]]}},{"type":"Feature","properties":{"level":964},"geometry":{"type":"LineString","coordinates":[[114.75,-69.25],[108.75,-68.1],[106.75,-67.46],[105.25,-66.45],[100.98,-66.0],[101.25,-65.47],[106.5,-63.74],[114.5,-60.47],[118.25,-59.49],[122.25,-59.15],[127.5,-59.64],[133.75,-61.4],[136.41,-62.75],[138.72,-65.25],[135.25,-66.2],[134.5,-66.66],[134.01,-66.25],[133.65,-66.25],[131.5,-67.5],[130.0,-68.02],[123.25,-68.85],[114.75,-69.25]]}},{"type":"Feature","properties":{"level":964},"geometry":{"type":"LineString","coordinates":[[30.0,-67.01],[30.36,-67.0],[30.0,-67.01]]}},{"type":"Feature","properties":{"level":964},"geometry":{"type":"LineString","coordinates":[[11.0,-66.77],[9.88,-66.5],[12.5,-65.87],[18.04,-65.5],[17.5,-66.13],[16.0,-66.56],[13.25,-66.89],[11.0,-66.77]]}},{"type":"Feature","properties":{"level":964},"geometry":{"type":"LineString","coordinates":[[99.25,-66.77],[99.1,-66.75],[99.75,-66.15],[100.49,-66.25],[99.25,-66.77]]}},{"type":"Feature","properties":{"level":964},"geometry":{"type":"LineString","coordinates":[[-180.0,-64.64],[-174.0,-63.98],[-166.5,-65.16],[-161.5,-65.04],[-159.56,-65.75],[-159.34,-66.25],[-160.24,-67.75],[-161.95,-69.0],[-164.25,-70.0],[-167.0,-70.76],[-170.5,-71.24],[-173.75,-71.32],[-177.0,-71.06],[-180.0,-70.45]]}},{"type":"Feature","properties":{"level":964},"geometry":{"type":"LineString","coordinates":[[-8.0,-63.54],[-9.25,-63.12],[-9.51,-62.75],[-7.75,-62.1],[-5.89,-60.75],[-5.82,-59.75],[-3.75,-58.88],[-3.25,-58.39],[-2.25,-58.53],[-0.72,-59.25],[0.0,-59.97],[0.54,-61.0],[0.25,-62.27],[-0.5,-62.94],[-1.5,-63.39],[-4.75,-63.73],[-8.0,-63.54]]}},{"type":"Feature","properties":{"level":968},"geometry":{"type":"LineString","coordinates":[[180.0,-71.35],[175.75,-69.89],[174.61,-69.0],[174.18,-68.0],[174.47,-66.75],[175.33,-65.75],[177.25,-64.38],[180.0,-63.49]]}},{"type":"Feature","properties":{"level":968},"geometry":{"type":"LineString","coordinates":[[-120.0,-69.76],[-120.37,-69.5],[-120.33,-69.25],[-119.36,-67.25],[-118.7,-66.5],[-116.11,-65.0],[-114.0,-64.19],[-112.5,-64.29],[-111.0,-65.44],[-108.5,-66.1],[-108.0,-66.5],[-108.75,-67.03],[-110.5,-67.13],[-112.0,-67.69],[-116.75,-68.59],[-120.0,-69.76]]}},{"type":"Feature","properties":{"level":968},"geometry":{"type":"LineString","coordinates":[[114.75,-69.77],[107.75,-68.59],[105.3,-67.5],[105.25,-66.95],[101.5,-66.91],[100.0,-67.42],[99.5,-67.15],[93.25,-66.93],[91.37,-66.5],[96.67,-65.25],[104.0,-63.11],[112.75,-59.78],[117.25,-58.66],[121.5,-58.38],[126.5,-58.73],[131.75,-59.94],[135.75,-61.36],[140.25,-63.62],[145.56,-65.5],[138.75,-66.45],[137.5,-66.39],[136.75,-66.82],[132.75,-67.91],[130.96,-68.75],[122.25,-69.27],[118.0,-69.89],[114.75,-69.77]]}},{"type":"Feature","properties":{"level":968},"geometry":{"type":"LineString","coordinates":[[32.5,-69.04],[31.75,-68.76],[27.5,-68.59],[22.5,-68.07],[17.75,-68.43],[7.25,-68.07],[-0.5,-68.53],[-6.56,-68.5],[-7.04,-68.25],[-6.47,-67.75],[-2.34,-66.25],[-5.25,-65.6],[-9.25,-64.18],[-10.75,-63.22],[-11.18,-62.25],[-10.22,-60.5],[-8.75,-59.86],[-6.68,-58.5],[-6.0,-57.75],[-4.96,-57.25],[-4.97,-57.0],[-2.75,-56.85],[-1.4,-57.25],[1.11,-58.5],[3.53,-61.25],[4.32,-64.25],[2.23,-65.5],[2.5,-65.77],[5.75,-65.74],[20.5,-63.69],[22.5,-64.57],[23.27,-65.5],[23.5,-66.41],[24.25,-67.2],[29.5,-66.0],[32.5,-65.63],[34.25,-64.66],[35.75,-64.19],[38.75,-64.22],[39.25,-64.44],[40.25,-64.05],[41.25,-64.53],[41.92,-65.25],[41.96,-65.5],[41.25,-66.03],[37.44,-67.5],[36.25,-68.7],[33.5,-68.61],[32.5,-69.04]]}},{"type":"Feature","properties":{"level":968},"geometry":{"type":"LineString","coordinates":[[-108.0,-65.86],[-108.13,-65.75],[-107.75,-65.5],[-106.53,-65.5],[-107.0,-65.83],[-108.0,-65.86]]}},{"type":"Feature","properties":{"level":968},"geometry":{"type":"LineString","coordinates":[[42.5,-64.56],[42.34,-64.25],[42.83,-64.25],[42.91,-64.5],[42.5,-64.56]]}},{"type":"Feature","properties":{"level":968},"geometry":{"type":"LineString","coordinates":[[-180.0,-63.49],[-175.25,-62.86],[-172.25,-63.01],[-165.5,-64.11],[-160.75,-63.77],[-157.85,-64.5],[-157.17,-65.0],[-156.97,-65.75],[-157.36,-67.0],[-159.13,-68.75],[-161.4,-70.0],[-165.25,-71.26],[-168.75,-71.86],[-172.5,-72.11],[-176.5,-71.95],[-180.0,-71.35]]}},{"type":"Feature","properties":{"level":968},"geometry":{"type":"LineString","coordinates":[[155.75,41.69],[155.1,42.25],[156.0,42.45],[156.43,42.25],[156.37,42.0],[155.75,41.69]]}},{"type":"Feature","properties":{"level":972},"geometry":{"type":"LineString","coordinates":[[-169.25,-80.01],[-170.52,-79.5],[-168.75,-79.26],[-167.25,-79.5],[-167.24,-79.75],[-167.75,-80.01],[-169.25,-80.01]]}},{"type":"Feature","properties":{"level":972},"geometry":{"type":"LineString","coordinates":[[69.5,-72.32],[69.05,-72.0],[69.5,-71.55],[70.38,-71.75],[70.31,-72.0],[69.5,-72.32]]}},{"type":"Feature","properties":{"level":972},"geometry":{"type":"LineString","coordinates":[[180.0,-72.31],[177.25,-71.63],[174.5,-70.61],[172.61,-69.25],[172.3,-68.75],[172.17,-67.75],[172.34,-67.0],[173.08,-66.0],[175.25,-64.12],[180.0,-62.43]]}},{"type":"Feature","properties":{"level":972},"geometry":{"type":"LineString","coordinates":[[-116.0,-71.25],[-119.0,-70.92],[-122.0,-70.21],[-122.71,-69.75],[-123.02,-69.25],[-122.87,-68.0],[-121.5,-66.5],[-118.77,-64.75],[-116.5,-63.8],[-113.75,-63.16],[-111.25,-63.15],[-108.75,-64.26],[-105.75,-65.04],[-104.96,-65.75],[-105.11,-66.5],[-105.5,-67.0],[-109.7,-70.0],[-109.96,-70.75],[-112.21,-71.25],[-116.0,-71.25]]}},{"type":"Feature","properties":{"level":972},"geometry":{"type":"LineString","coordinates":[[27.5,-70.51],[23.0,-70.27],[21.75,-70.43],[20.75,-70.1],[11.5,-69.6],[-3.75,-69.82],[-10.25,-69.61],[-13.75,-69.1],[-14.34,-68.5],[-14.52,-67.75],[-12.84,-64.0],[-12.89,-62.0],[-12.39,-60.75],[-8.08,-56.75],[-6.75,-55.99],[-4.5,-55.72],[-1.5,-56.2],[2.25,-57.64],[3.65,-58.5],[8.0,-62.37],[9.75,-63.06],[13.5,-63.17],[21.75,-62.0],[25.0,-62.58],[27.25,-63.5],[30.25,-63.69],[36.75,-62.47],[37.6,-62.25],[38.0,-61.9],[39.0,-61.88],[47.0,-63.08],[48.51,-63.5],[47.38,-64.5],[46.99,-66.0],[49.25,-66.61],[49.4,-66.75],[49.09,-67.25],[49.25,-67.35],[51.0,-67.36],[52.75,-66.87],[53.95,-67.0],[51.25,-67.39],[49.25,-68.42],[45.0,-68.7],[43.04,-69.5],[39.25,-70.25],[36.5,-69.89],[29.0,-70.65],[27.5,-70.51]]}},{"type":"Feature","properties":{"level":972},"geometry":{"type":"LineString","coordinates":[[114.25,-70.28],[107.5,-69.27],[106.25,-68.78],[104.5,-67.5],[102.25,-67.67],[101.25,-67.43],[99.75,-67.79],[98.5,-67.5],[96.0,-67.87],[93.25,-67.6],[88.75,-68.04],[84.17,-67.5],[84.45,-67.0],[85.68,-66.5],[85.78,-66.25],[94.25,-64.27],[100.25,-62.58],[106.5,-60.63],[110.25,-59.02],[115.5,-57.8],[119.5,-57.44],[124.5,-57.67],[129.5,-58.58],[134.25,-59.88],[142.25,-62.83],[148.25,-64.43],[151.87,-64.75],[153.41,-65.0],[153.62,-65.25],[152.16,-66.25],[149.75,-66.79],[139.75,-67.16],[137.0,-67.68],[134.8,-68.5],[131.75,-69.19],[123.25,-69.69],[118.75,-70.42],[114.25,-70.28]]}},{"type":"Feature","properties":{"level":972},"geometry":{"type":"LineString","coordinates":[[-180.0,-62.43],[-177.5,-61.98],[-175.25,-61.88],[-171.5,-62.03],[-165.25,-63.03],[-160.25,-62.58],[-155.63,-63.75],[-155.02,-64.5],[-154.89,-65.75],[-155.57,-67.5],[-157.61,-69.25],[-160.38,-70.75],[-164.0,-71.94],[-167.75,-72.61],[-171.75,-72.94],[-176.0,-72.84],[-180.0,-72.31]]}},{"type":"Feature","properties":{"level":972},"geometry":{"type":"LineString","coordinates":[[-125.0,-51.77],[-125.3,-51.5],[-124.71,-51.5],[-125.0,-51.77]]}},{"type":"Feature","properties":{"level":972},"geometry":{"type":"LineString","coordinates":[[5.75,-49.81],[5.0,-49.17],[6.25,-49.25],[7.42,-49.75],[7.0,-50.0],[5.75,-49.81]]}},{"type":"Feature","properties":{"level":972},"geometry":{"type":"LineString","coordinates":[[155.25,41.15],[154.81,41.5],[154.93,42.5],[156.25,42.91],[157.24,42.25],[157.24,42.0],[156.39,41.25],[155.25,41.15]]}},{"type":"Feature","properties":{"level":976},"geometry":{"type":"LineString","coordinates":[[180.0,-80.39],[178.79,-79.75],[177.77,-78.75],[176.6,-76.5],[177.25,-75.94],[180.0,-75.23]]}},{"type":"Feature","properties":{"level":976},"geometry":{"type":"LineString","coordinates":[[-157.5,-78.04],[-156.38,-78.0],[-157.5,-78.04]]}},{"type":"Feature","properties":{"level":976},"geometry":{"type":"LineString","coordinates":[[-180.0,-75.23],[-178.19,-74.75],[-177.97,-74.5],[-180.0,-73.96]]}},{"type":"Feature","properties":{"level":976},"geometry":{"type":"LineString","coordinates":[[66.75,-74.03],[66.04,-73.75],[65.68,-73.25],[66.25,-71.75],[66.95,-71.0],[66.17,-70.75],[65.63,-70.25],[67.26,-69.75],[67.44,-69.5],[66.99,-69.0],[69.0,-69.21],[69.75,-68.7],[70.02,-68.25],[69.32,-67.75],[69.5,-67.52],[71.25,-67.75],[74.75,-66.51],[79.0,-65.56],[81.5,-65.25],[88.0,-63.68],[91.75,-63.19],[95.75,-61.49],[100.25,-60.42],[109.5,-57.34],[114.75,-56.38],[120.5,-56.37],[127.75,-57.4],[135.75,-59.23],[135.86,-59.5],[139.75,-60.91],[144.25,-62.06],[146.07,-62.25],[148.0,-63.03],[155.75,-64.11],[156.25,-64.43],[156.34,-64.75],[156.35,-65.25],[155.8,-66.0],[154.5,-66.85],[153.02,-67.5],[149.25,-68.49],[139.5,-68.31],[135.77,-69.25],[124.0,-70.19],[121.75,-70.67],[118.5,-70.97],[113.75,-70.77],[109.0,-70.18],[105.75,-69.17],[104.75,-68.14],[102.0,-68.48],[100.75,-68.11],[99.25,-68.18],[98.0,-67.84],[95.75,-68.43],[91.25,-68.73],[89.25,-69.25],[82.75,-69.45],[81.66,-70.0],[81.25,-70.47],[81.39,-70.75],[81.0,-71.06],[76.5,-72.77],[75.08,-73.75],[72.5,-73.57],[70.25,-73.77],[69.0,-73.18],[68.61,-73.5],[68.75,-74.01],[68.0,-74.18],[66.75,-74.03]]}},{"type":"Feature","properties":{"level":976},"geometry":{"type":"LineString","coordinates":[[180.0,-73.96],[177.75,-73.32],[172.0,-71.08],[169.98,-69.25],[169.55,-68.0],[169.88,-67.0],[170.73,-66.0],[174.03,-63.5],[177.05,-62.25],[180.0,-61.36]]}},{"type":"Feature","properties":{"level":976},"geometry":{"type":"LineString","coordinates":[[-118.0,-72.26],[-121.75,-71.63],[-124.4,-70.75],[-125.78,-70.0],[-126.3,-69.25],[-126.31,-68.75],[-125.25,-67.25],[-123.58,-65.75],[-122.0,-64.77],[-118.5,-63.19],[-115.0,-62.37],[-112.0,-62.16],[-109.5,-62.44],[-107.5,-62.89],[-104.5,-64.12],[-102.89,-65.5],[-102.52,-67.5],[-102.06,-68.25],[-102.04,-69.0],[-101.3,-70.0],[-103.25,-71.03],[-107.86,-72.0],[-113.0,-72.4],[-118.0,-72.26]]}},{"type":"Feature","properties":{"level":976},"geometry":{"type":"LineString","coordinates":[[22.75,-72.02],[24.07,-71.75],[21.0,-71.65],[19.25,-71.2],[17.0,-71.33],[14.0,-71.1],[13.0,-71.27],[11.5,-70.92],[-13.75,-71.02],[-15.5,-70.79],[-16.34,-70.25],[-17.4,-68.5],[-17.48,-67.25],[-17.08,-66.0],[-15.6,-63.5],[-14.15,-60.25],[-12.05,-57.75],[-11.5,-56.7],[-10.08,-55.75],[-9.0,-55.32],[-5.5,-54.82],[-1.75,-55.19],[1.75,-56.08],[4.43,-57.25],[9.0,-60.32],[11.75,-61.18],[15.0,-61.31],[19.75,-60.42],[27.0,-60.5],[31.5,-60.12],[32.25,-59.74],[34.0,-59.56],[36.25,-59.57],[40.0,-60.46],[43.0,-60.51],[44.5,-60.84],[50.0,-62.65],[51.5,-63.77],[52.5,-64.08],[60.0,-63.53],[60.5,-63.25],[61.66,-63.25],[62.25,-62.62],[63.5,-62.51],[64.21,-62.75],[64.27,-63.0],[63.5,-62.86],[63.25,-63.0],[63.5,-63.63],[62.2,-63.75],[63.15,-65.0],[61.75,-65.04],[61.5,-65.3],[63.25,-65.42],[65.0,-65.18],[67.75,-66.28],[68.54,-66.25],[68.09,-66.0],[68.5,-65.95],[70.13,-66.25],[69.71,-67.0],[65.87,-67.5],[66.15,-67.75],[66.0,-67.78],[65.5,-67.52],[64.25,-67.5],[62.75,-67.84],[60.75,-67.5],[60.0,-67.98],[58.25,-67.74],[57.5,-68.38],[56.0,-68.54],[55.25,-68.5],[54.75,-68.11],[54.25,-68.06],[53.16,-68.5],[52.13,-69.5],[51.0,-69.75],[49.0,-69.8],[46.5,-69.49],[40.25,-70.8],[36.75,-70.48],[28.25,-71.57],[25.75,-71.61],[24.5,-72.04],[22.75,-72.02]]}},{"type":"Feature","properties":{"level":976},"geometry":{"type":"LineString","coordinates":[[67.25,-67.75],[68.14,-67.75],[67.25,-67.75]]}},{"type":"Feature","properties":{"level":976},"geometry":{"type":"LineString","coordinates":[[68.75,-67.79],[68.53,-67.75],[69.1,-67.75],[68.75,-67.79]]}},{"type":"Feature","properties":{"level":976},"geometry":{"type":"LineString","coordinates":[[56.62,-66.75],[57.02,-66.75],[56.62,-66.75]]}},{"type":"Feature","properties":{"level":976},"geometry":{"type":"LineString","coordinates":[[58.22,-66.25],[59.12,-66.25],[58.22,-66.25]]}},{"type":"Feature","properties":{"level":976},"geometry":{"type":"LineString","coordinates":[[60.11,-65.75],[61.47,-65.75],[60.11,-65.75]]}},{"type":"Feature","properties":{"level":976},"geometry":{"type":"LineString","coordinates":[[66.0,-64.8],[65.79,-64.75],[66.87,-64.75],[66.0,-64.8]]}},{"type":"Feature","properties":{"level":976},"geometry":{"type":"LineString","coordinates":[[70.5,-62.81],[70.5,-62.56],[70.75,-62.48],[71.29,-62.75],[70.5,-62.81]]}},{"type":"Feature","properties":{"level":976},"geometry":{"type":"LineString","coordinates":[[71.75,-62.27],[71.67,-62.0],[72.05,-61.25],[71.15,-61.25],[71.5,-60.99],[71.5,-60.54],[69.0,-61.3],[68.52,-61.0],[68.91,-60.5],[67.0,-60.37],[65.44,-59.5],[65.32,-59.0],[66.45,-58.5],[68.5,-58.24],[72.5,-58.54],[73.58,-59.0],[73.18,-60.5],[72.73,-60.75],[72.83,-61.0],[72.6,-61.25],[73.0,-61.7],[74.5,-61.21],[74.73,-61.5],[73.5,-62.28],[72.25,-62.48],[71.75,-62.27]]}},{"type":"Feature","properties":{"level":976},"geometry":{"type":"LineString","coordinates":[[-180.0,-61.36],[-174.25,-61.01],[-171.25,-61.18],[-165.5,-61.96],[-162.75,-61.83],[-161.0,-61.47],[-159.5,-61.54],[-155.73,-62.25],[-154.24,-62.75],[-153.26,-63.5],[-152.87,-64.75],[-153.44,-67.0],[-154.69,-68.75],[-156.5,-70.18],[-158.5,-71.31],[-160.61,-72.25],[-163.75,-73.2],[-173.31,-75.0],[-172.46,-75.5],[-158.25,-78.17],[-154.04,-79.75],[-153.68,-80.0],[-153.91,-80.5],[-156.17,-81.25],[-157.91,-81.5],[-166.0,-81.84],[-175.58,-81.25],[-180.0,-80.39]]}},{"type":"Feature","properties":{"level":976},"geometry":{"type":"LineString","coordinates":[[-121.75,-58.18],[-122.42,-57.5],[-125.25,-56.36],[-126.1,-55.75],[-126.25,-54.5],[-126.66,-53.5],[-126.12,-52.5],[-126.11,-51.5],[-125.61,-51.0],[-123.75,-50.84],[-122.0,-51.46],[-120.5,-52.57],[-119.87,-52.75],[-120.28,-53.25],[-120.1,-54.25],[-120.75,-55.0],[-120.33,-55.75],[-120.34,-56.25],[-121.43,-57.25],[-121.53,-57.5],[-121.25,-58.1],[-121.75,-58.18]]}},{"type":"Feature","properties":{"level":976},"geometry":{"type":"LineString","coordinates":[[5.5,-50.54],[4.31,-50.0],[3.6,-49.25],[2.94,-48.25],[2.98,-47.75],[3.25,-47.5],[7.25,-48.43],[8.82,-49.5],[8.5,-50.25],[7.75,-50.63],[6.75,-50.75],[5.5,-50.54]]}},{"type":"Feature","properties":{"level":976},"geometry":{"type":"LineString","coordinates":[[155.75,40.73],[155.0,40.81],[154.56,41.25],[154.43,42.25],[154.75,42.79],[156.5,43.23],[157.69,42.75],[158.23,42.25],[156.94,41.0],[155.75,40.73]]}},{"type":"Feature","properties":{"level":976},"geometry":{"type":"LineString","coordinates":[[143.75,56.92],[143.65,57.25],[144.0,57.47],[144.58,57.25],[144.25,56.84],[143.75,56.92]]}},{"type":"Feature","properties":{"level":976},"geometry":{"type":"LineString","coordinates":[[51.75,70.99],[51.5,71.25],[52.0,71.42],[52.91,71.25],[52.75,70.9],[51.75,70.99]]}},{"type":"Feature","properties":{"level":976},"geometry":{"type":"LineString","coordinates":[[49.0,71.48],[48.99,71.75],[48.43,72.0],[46.25,72.57],[44.36,73.5],[40.0,74.87],[38.51,75.75],[38.35,76.5],[39.25,77.02],[41.75,77.05],[44.0,76.71],[46.25,75.96],[47.07,75.5],[48.64,74.0],[49.43,73.0],[49.75,72.0],[50.29,71.5],[49.0,71.48]]}},{"type":"Feature","properties":{"level":980},"geometry":{"type":"LineString","coordinates":[[180.0,-84.51],[180.0,-84.49]]}},{"type":"Feature","properties":{"level":980},"geometry":{"type":"LineString","coordinates":[[-180.0,-84.49],[-179.2,-84.5],[-180.0,-84.51]]}},{"type":"Feature","properties":{"level":980},"geometry":{"type":"LineString","coordinates":[[180.0,-83.64],[174.75,-83.17],[173.75,-83.27],[172.75,-82.74],[171.5,-83.05],[165.5,-81.61],[164.88,-81.0],[165.75,-80.42],[166.38,-79.5],[167.65,-78.75],[166.5,-78.38],[163.5,-78.31],[162.94,-77.75],[163.09,-77.25],[162.34,-76.75],[161.75,-75.71],[161.27,-75.5],[162.26,-75.25],[163.25,-74.58],[164.0,-74.76],[165.0,-74.4],[165.25,-74.08],[167.25,-73.72],[167.5,-73.46],[168.5,-73.45],[169.0,-73.71],[169.25,-73.34],[169.5,-73.69],[170.0,-73.64],[170.0,-73.38],[169.36,-73.25],[170.4,-72.5],[170.01,-72.25],[170.0,-71.91],[169.82,-72.0],[169.98,-72.25],[169.75,-72.28],[169.5,-71.82],[168.5,-71.79],[165.75,-70.9],[163.75,-70.8],[163.5,-71.0],[162.0,-70.05],[160.42,-69.75],[162.0,-69.31],[162.38,-68.75],[164.25,-68.02],[169.25,-64.84],[172.74,-63.0],[176.75,-61.41],[180.0,-60.62]]}},{"type":"Feature","properties":{"level":980},"geometry":{"type":"LineString","coordinates":[[163.75,-81.75],[164.48,-81.75],[163.75,-81.75]]}},{"type":"Feature","properties":{"level":980},"geometry":{"type":"LineString","coordinates":[[21.25,-81.0],[16.25,-80.45],[8.71,-78.75],[4.23,-78.0],[3.24,-77.75],[2.25,-76.89],[0.0,-76.45],[-5.5,-76.18],[-8.0,-76.45],[-11.25,-76.4],[-14.5,-75.66],[-17.25,-75.42],[-20.74,-75.75],[-20.72,-75.25],[-21.0,-75.04],[-24.0,-75.56],[-24.48,-75.75],[-24.48,-76.0],[-28.14,-76.75],[-27.75,-76.91],[-24.25,-76.6],[-24.1,-76.75],[-29.25,-77.54],[-33.25,-77.64],[-35.25,-78.33],[-35.94,-78.25],[-35.27,-78.0],[-34.83,-77.5],[-34.78,-77.0],[-34.24,-76.75],[-22.9,-72.75],[-22.25,-72.01],[-21.5,-70.28],[-20.81,-67.75],[-17.87,-62.5],[-17.41,-61.0],[-15.24,-58.25],[-14.29,-56.5],[-11.24,-54.75],[-7.0,-53.96],[-2.25,-54.04],[2.0,-54.79],[4.75,-55.77],[10.75,-58.83],[13.0,-59.37],[15.25,-59.36],[19.0,-58.59],[26.25,-58.77],[36.0,-58.15],[40.75,-59.25],[45.5,-60.01],[52.5,-61.85],[54.75,-62.02],[57.75,-61.73],[61.0,-60.72],[62.42,-59.75],[63.25,-58.33],[64.25,-57.84],[68.5,-57.29],[74.0,-57.58],[76.88,-58.0],[77.75,-59.05],[78.25,-59.04],[80.04,-59.75],[79.94,-60.5],[80.14,-60.75],[79.44,-61.25],[79.78,-61.75],[79.3,-62.0],[80.5,-62.24],[80.54,-62.5],[81.75,-62.86],[83.5,-62.34],[84.75,-62.47],[86.0,-62.22],[86.75,-62.42],[88.75,-61.81],[90.22,-61.75],[92.01,-60.75],[92.07,-60.5],[93.5,-60.4],[99.0,-58.93],[103.67,-57.0],[106.3,-55.5],[108.0,-54.87],[110.0,-54.48],[113.75,-54.56],[121.0,-55.29],[127.25,-56.39],[135.75,-58.42],[138.75,-59.61],[143.0,-60.71],[148.75,-61.92],[157.0,-63.2],[159.0,-64.26],[159.13,-64.5],[158.89,-65.25],[160.21,-66.5],[159.69,-67.5],[162.22,-67.5],[160.5,-68.34],[157.0,-69.0],[154.5,-68.84],[146.5,-69.69],[141.25,-69.47],[136.5,-69.84],[134.0,-69.76],[119.5,-71.35],[112.25,-71.29],[106.0,-69.77],[104.5,-68.61],[101.0,-69.0],[99.5,-68.64],[98.25,-68.76],[97.25,-68.41],[85.25,-71.23],[74.25,-74.93],[69.5,-74.95],[65.75,-74.35],[63.87,-73.5],[64.33,-73.0],[64.74,-71.75],[65.15,-71.25],[63.44,-69.25],[62.25,-68.94],[60.25,-68.89],[57.51,-69.0],[52.0,-70.04],[47.0,-70.29],[43.0,-71.2],[37.5,-71.29],[35.0,-72.02],[25.25,-72.16],[22.0,-72.58],[19.75,-72.36],[18.0,-71.9],[16.0,-72.13],[13.0,-71.65],[11.5,-71.98],[5.5,-71.98],[3.0,-72.38],[2.35,-72.75],[2.45,-73.0],[1.75,-73.22],[1.25,-73.01],[-1.68,-73.0],[-2.25,-72.72],[-5.75,-72.32],[-9.25,-73.01],[-14.18,-73.25],[-13.53,-73.75],[-14.46,-74.5],[-13.92,-75.5],[-13.5,-75.67],[-9.75,-75.48],[-4.5,-75.87],[-3.75,-75.78],[-3.68,-75.5],[-5.0,-75.0],[-2.5,-74.74],[1.25,-76.0],[16.25,-78.43],[22.5,-79.15],[25.25,-79.67],[26.69,-80.25],[26.51,-80.5],[25.25,-80.85],[21.25,-81.0]]}},{"type":"Feature","properties":{"level":980},"geometry":{"type":"LineString","coordinates":[[162.0,-81.07],[161.84,-81.0],[162.42,-81.0],[162.0,-81.07]]}},{"type":"Feature","properties":{"level":980},"geometry":{"type":"LineString","coordinates":[[-23.25,-76.01],[-21.88,-75.75],[-22.21,-76.0],[-23.25,-76.01]]}},{"type":"Feature","properties":{"level":980},"geometry":{"type":"LineString","coordinates":[[-7.0,-74.52],[-8.64,-74.25],[-8.0,-73.94],[-6.0,-73.82],[-4.25,-73.39],[-3.1,-73.5],[-7.0,-74.52]]}},{"type":"Feature","properties":{"level":980},"geometry":{"type":"LineString","coordinates":[[-119.25,-73.25],[-122.75,-72.92],[-127.0,-72.07],[-129.5,-71.24],[-130.11,-70.75],[-130.26,-70.25],[-130.22,-69.5],[-129.68,-68.5],[-125.86,-64.5],[-122.57,-62.25],[-121.88,-61.5],[-120.25,-60.96],[-115.25,-60.56],[-107.25,-61.46],[-102.87,-63.5],[-98.5,-66.69],[-96.35,-67.5],[-95.46,-68.75],[-96.07,-69.75],[-97.09,-70.5],[-102.0,-72.22],[-104.5,-72.67],[-111.5,-73.24],[-119.25,-73.25]]}},{"type":"Feature","properties":{"level":980},"geometry":{"type":"LineString","coordinates":[[-14.64,-73.25],[-14.29,-73.25],[-14.64,-73.25]]}},{"type":"Feature","properties":{"level":980},"geometry":{"type":"LineString","coordinates":[[162.48,-69.75],[162.75,-69.92],[163.51,-69.75],[162.75,-69.48],[162.51,-69.5],[162.48,-69.75]]}},{"type":"Feature","properties":{"level":980},"geometry":{"type":"LineString","coordinates":[[-180.0,-60.62],[-173.75,-60.14],[-165.5,-60.93],[-159.75,-60.53],[-154.43,-61.25],[-152.25,-61.99],[-151.47,-62.75],[-151.11,-63.75],[-151.07,-65.75],[-151.71,-68.0],[-154.62,-71.5],[-157.7,-74.0],[-157.72,-74.5],[-156.65,-75.5],[-154.46,-76.75],[-154.47,-77.0],[-155.4,-77.25],[-155.06,-77.5],[-150.75,-78.33],[-145.75,-78.74],[-145.5,-79.02],[-142.43,-79.5],[-141.11,-80.0],[-141.21,-80.25],[-140.25,-80.5],[-141.25,-80.88],[-144.2,-81.25],[-146.42,-81.25],[-147.07,-81.5],[-144.83,-82.0],[-145.5,-82.35],[-150.25,-83.27],[-158.18,-84.25],[-170.5,-84.16],[-180.0,-83.64]]}},{"type":"Feature","properties":{"level":980},"geometry":{"type":"LineString","coordinates":[[-120.25,-60.09],[-122.5,-59.6],[-124.33,-58.75],[-126.75,-56.59],[-127.5,-55.36],[-127.94,-53.75],[-127.52,-52.0],[-126.75,-50.79],[-124.75,-49.13],[-123.5,-48.98],[-120.5,-49.42],[-119.25,-50.13],[-118.53,-51.0],[-117.93,-53.25],[-118.22,-56.0],[-118.14,-58.25],[-119.5,-59.94],[-120.25,-60.09]]}},{"type":"Feature","properties":{"level":980},"geometry":{"type":"LineString","coordinates":[[105.5,-52.54],[104.5,-52.18],[103.7,-51.5],[104.67,-49.75],[106.0,-48.98],[108.44,-49.0],[109.11,-50.0],[109.1,-51.0],[108.75,-51.86],[107.5,-52.57],[105.5,-52.54]]}},{"type":"Feature","properties":{"level":980},"geometry":{"type":"LineString","coordinates":[[5.75,-51.52],[4.0,-50.88],[2.45,-49.5],[1.78,-47.75],[2.0,-47.0],[2.5,-46.52],[4.0,-46.58],[7.5,-47.51],[9.25,-48.48],[10.0,-49.5],[10.07,-50.5],[9.71,-51.0],[7.75,-51.59],[5.75,-51.52]]}},{"type":"Feature","properties":{"level":980},"geometry":{"type":"LineString","coordinates":[[-120.25,20.99],[-120.5,21.25],[-120.35,21.5],[-119.75,21.51],[-119.75,21.05],[-120.25,20.99]]}},{"type":"Feature","properties":{"level":980},"geometry":{"type":"LineString","coordinates":[[155.0,40.38],[154.32,41.0],[154.01,42.25],[154.75,43.12],[157.25,43.54],[158.0,43.21],[158.61,42.5],[158.5,41.87],[157.75,40.96],[156.0,40.38],[155.0,40.38]]}},{"type":"Feature","properties":{"level":980},"geometry":{"type":"LineString","coordinates":[[143.75,56.48],[142.88,57.0],[142.75,57.5],[143.0,57.84],[144.0,58.21],[145.45,57.75],[145.6,57.25],[145.26,56.75],[143.75,56.48]]}},{"type":"Feature","properties":{"level":980},"geometry":{"type":"LineString","coordinates":[[-54.0,56.67],[-54.32,57.0],[-54.0,57.55],[-53.25,57.61],[-52.7,57.25],[-53.07,56.75],[-54.0,56.67]]}},{"type":"Feature","properties":{"level":980},"geometry":{"type":"LineString","coordinates":[[156.5,61.0],[156.38,61.5],[156.75,62.59],[159.24,61.5],[158.25,61.03],[156.5,61.0]]}},{"type":"Feature","properties":{"level":980},"geometry":{"type":"LineString","coordinates":[[52.75,68.48],[36.75,73.11],[32.54,74.75],[31.85,75.25],[31.76,75.75],[32.41,76.75],[33.63,77.5],[35.25,78.05],[37.5,78.38],[40.75,78.47],[46.0,78.15],[49.25,77.76],[51.0,77.29],[53.35,76.0],[53.58,75.5],[55.06,75.0],[55.23,74.75],[55.07,74.0],[54.06,73.0],[54.5,72.44],[55.83,71.75],[56.21,71.25],[56.28,70.25],[55.68,68.75],[54.5,68.35],[52.75,68.48]]}},{"type":"Feature","properties":{"level":984},"geometry":{"type":"LineString","coordinates":[[180.0,-85.12],[172.25,-85.2],[170.25,-84.98],[170.06,-84.75],[170.5,-84.5],[170.5,-84.22],[165.25,-84.4],[164.84,-84.25],[165.5,-83.9],[166.6,-83.75],[164.25,-83.27],[162.25,-83.79],[161.66,-83.75],[161.52,-83.5],[162.29,-83.25],[161.75,-83.11],[160.87,-83.25],[161.13,-83.5],[160.25,-83.58],[160.69,-83.25],[159.57,-83.0],[160.0,-82.69],[161.15,-82.5],[159.25,-81.73],[157.75,-81.56],[157.47,-81.25],[158.01,-80.75],[159.16,-80.25],[159.49,-79.75],[159.21,-79.5],[157.57,-79.25],[160.25,-79.09],[161.0,-78.62],[162.05,-78.5],[161.35,-78.0],[161.25,-77.65],[160.25,-77.25],[161.52,-77.0],[160.86,-76.75],[161.07,-76.25],[160.38,-75.75],[160.53,-75.25],[162.19,-74.75],[162.0,-74.22],[162.5,-74.4],[163.0,-74.0],[164.0,-74.07],[163.9,-73.75],[164.5,-73.39],[165.25,-73.54],[165.5,-73.15],[165.91,-73.25],[165.79,-73.0],[166.5,-73.19],[167.22,-73.0],[167.75,-72.57],[168.25,-72.79],[169.12,-72.5],[168.75,-72.08],[167.75,-71.71],[165.6,-71.5],[166.06,-71.25],[165.75,-71.2],[165.0,-71.28],[164.91,-71.75],[166.49,-72.25],[164.78,-72.0],[164.5,-71.65],[163.25,-71.83],[162.75,-71.5],[162.25,-71.63],[161.25,-71.36],[160.5,-71.6],[159.4,-71.5],[159.21,-71.25],[159.62,-70.75],[158.56,-70.5],[159.23,-70.25],[158.06,-70.0],[157.75,-69.62],[156.5,-69.51],[154.25,-69.59],[153.75,-69.84],[153.0,-69.49],[152.0,-69.54],[149.75,-69.93],[146.5,-70.87],[140.25,-70.29],[134.0,-70.27],[123.0,-71.51],[113.75,-71.77],[109.75,-71.1],[104.0,-69.49],[101.0,-69.53],[97.0,-69.17],[92.75,-70.13],[91.5,-70.73],[88.0,-71.59],[85.75,-72.48],[75.75,-75.38],[73.0,-75.52],[69.25,-75.44],[64.67,-74.75],[62.28,-73.5],[62.21,-73.25],[63.62,-71.25],[63.48,-70.5],[62.25,-69.9],[59.5,-69.46],[46.0,-71.37],[37.0,-71.91],[33.75,-72.59],[30.5,-72.79],[25.5,-72.41],[24.0,-72.79],[21.5,-72.94],[14.25,-72.36],[11.25,-72.56],[6.75,-72.35],[4.53,-73.0],[3.82,-73.5],[3.89,-74.0],[4.89,-74.5],[5.03,-75.0],[10.5,-76.63],[15.75,-77.65],[29.0,-78.83],[31.78,-79.5],[32.27,-80.0],[32.0,-80.52],[30.05,-81.5],[24.5,-81.86],[20.75,-81.84],[17.14,-81.5],[13.0,-80.15],[2.81,-78.0],[1.91,-77.75],[1.23,-77.25],[-0.5,-77.04],[-10.75,-77.12],[-15.5,-76.78],[-16.5,-76.25],[-18.25,-76.2],[-23.56,-77.25],[-23.89,-77.5],[-23.75,-77.77],[-30.09,-78.0],[-31.75,-78.63],[-33.75,-78.79],[-36.25,-78.69],[-38.25,-78.32],[-38.87,-78.0],[-39.07,-77.5],[-38.65,-76.5],[-37.75,-75.66],[-34.5,-73.57],[-29.5,-70.83],[-27.0,-69.08],[-23.0,-64.84],[-20.65,-61.75],[-18.07,-57.5],[-15.92,-55.5],[-13.41,-54.25],[-10.0,-53.34],[-5.5,-52.85],[0.5,-52.75],[1.5,-52.42],[1.78,-52.0],[0.67,-49.0],[0.41,-47.5],[1.04,-45.75],[2.0,-45.28],[6.55,-46.0],[9.0,-47.26],[10.56,-48.5],[11.83,-51.0],[10.5,-52.15],[9.34,-52.75],[8.53,-53.5],[8.43,-54.0],[8.75,-54.54],[10.92,-56.25],[12.5,-57.07],[14.0,-57.38],[36.75,-57.22],[40.75,-57.77],[42.5,-57.7],[46.0,-58.99],[48.75,-59.66],[54.5,-60.45],[58.5,-59.56],[60.75,-58.62],[62.25,-57.45],[65.0,-56.66],[69.75,-56.48],[76.5,-56.66],[79.44,-57.0],[83.62,-58.5],[84.36,-59.0],[84.07,-59.25],[84.5,-59.42],[85.75,-59.36],[86.75,-59.69],[88.0,-59.75],[89.95,-59.25],[90.06,-59.0],[92.75,-57.97],[97.0,-57.62],[99.5,-56.55],[102.27,-54.5],[102.9,-53.75],[103.01,-52.5],[102.23,-51.0],[103.5,-48.66],[106.25,-47.15],[108.5,-46.75],[112.0,-50.82],[113.25,-51.69],[115.75,-52.69],[125.0,-54.64],[129.5,-55.83],[131.25,-55.97],[140.25,-59.1],[155.25,-61.76],[158.0,-62.43],[160.25,-63.13],[162.0,-64.5],[165.25,-64.73],[175.25,-61.14],[180.0,-59.88]]}},{"type":"Feature","properties":{"level":984},"geometry":{"type":"LineString","coordinates":[[-116.5,-84.15],[-116.73,-84.0],[-114.45,-84.0],[-116.5,-84.15]]}},{"type":"Feature","properties":{"level":984},"geometry":{"type":"LineString","coordinates":[[-101.75,-82.51],[-101.99,-82.5],[-100.5,-82.09],[-100.1,-82.25],[-101.75,-82.51]]}},{"type":"Feature","properties":{"level":984},"geometry":{"type":"LineString","coordinates":[[-61.0,-80.03],[-63.25,-79.53],[-63.63,-79.25],[-63.61,-79.0],[-62.52,-78.25],[-61.0,-77.9],[-55.5,-77.84],[-52.08,-78.25],[-50.58,-79.25],[-50.68,-79.5],[-51.5,-79.78],[-53.5,-80.08],[-61.0,-80.03]]}},{"type":"Feature","properties":{"level":984},"geometry":{"type":"LineString","coordinates":[[-48.25,-80.0],[-48.46,-79.75],[-47.25,-79.6],[-46.5,-79.21],[-45.06,-79.25],[-48.25,-80.0]]}},{"type":"Feature","properties":{"level":984},"geometry":{"type":"LineString","coordinates":[[-139.25,-76.29],[-139.6,-76.0],[-138.35,-76.25],[-139.25,-76.29]]}},{"type":"Feature","properties":{"level":984},"geometry":{"type":"LineString","coordinates":[[-130.5,-75.04],[-132.5,-74.81],[-133.25,-74.97],[-135.9,-74.5],[-134.26,-73.25],[-134.4,-71.0],[-133.67,-69.25],[-131.75,-66.9],[-127.32,-62.25],[-126.39,-60.75],[-126.55,-59.5],[-128.95,-55.5],[-129.2,-53.0],[-128.87,-51.75],[-128.15,-50.5],[-124.75,-47.44],[-120.5,-47.74],[-118.75,-48.36],[-115.5,-50.66],[-115.0,-50.73],[-114.5,-50.34],[-113.75,-50.72],[-113.12,-50.5],[-112.91,-52.25],[-114.47,-52.25],[-114.75,-52.49],[-115.26,-53.75],[-115.03,-54.0],[-115.65,-56.0],[-114.76,-57.75],[-113.01,-59.0],[-111.77,-59.5],[-104.8,-61.25],[-100.7,-63.0],[-94.56,-66.25],[-92.0,-66.89],[-91.56,-67.5],[-92.31,-70.0],[-93.26,-70.75],[-95.41,-71.5],[-98.08,-72.0],[-98.47,-72.5],[-100.42,-73.0],[-100.68,-73.25],[-103.25,-73.81],[-107.25,-74.2],[-110.5,-74.22],[-112.0,-74.51],[-114.0,-74.24],[-116.5,-74.64],[-121.75,-74.58],[-127.5,-74.91],[-129.25,-75.22],[-130.5,-75.04]]}},{"type":"Feature","properties":{"level":984},"geometry":{"type":"LineString","coordinates":[[-180.0,-59.88],[-174.75,-59.37],[-165.25,-59.9],[-162.0,-59.5],[-160.25,-59.51],[-154.25,-60.01],[-151.24,-60.75],[-150.33,-61.25],[-149.51,-62.25],[-148.18,-65.5],[-148.8,-67.75],[-148.62,-71.0],[-148.0,-71.68],[-147.08,-72.0],[-146.99,-73.0],[-146.5,-73.82],[-144.75,-74.75],[-144.81,-75.25],[-145.9,-75.75],[-145.86,-76.0],[-143.25,-76.18],[-141.0,-76.73],[-138.0,-76.58],[-136.47,-77.25],[-138.32,-78.0],[-137.21,-78.5],[-129.64,-80.25],[-129.84,-80.75],[-133.51,-82.0],[-133.11,-82.5],[-128.75,-82.79],[-127.65,-83.0],[-127.57,-83.25],[-129.54,-84.0],[-134.61,-84.5],[-132.0,-84.7],[-117.33,-84.75],[-124.25,-85.16],[-127.75,-85.88],[-135.0,-85.61],[-139.5,-85.98],[-142.25,-85.8],[-162.25,-85.79],[-170.5,-85.06],[-174.5,-85.36],[-175.79,-85.25],[-176.25,-85.0],[-180.0,-85.12]]}},{"type":"Feature","properties":{"level":984},"geometry":{"type":"LineString","coordinates":[[-120.5,20.72],[-120.79,21.25],[-120.5,21.74],[-120.0,21.91],[-119.54,21.75],[-119.37,21.5],[-119.5,21.0],[-120.0,20.66],[-120.5,20.72]]}},{"type":"Feature","properties":{"level":984},"geometry":{"type":"LineString","coordinates":[[155.5,39.99],[154.42,40.25],[153.87,41.0],[153.61,42.5],[153.84,43.0],[154.75,43.52],[155.25,43.45],[157.25,44.11],[157.75,44.15],[158.75,43.55],[159.1,42.25],[158.75,41.26],[157.25,40.31],[155.5,39.99]]}},{"type":"Feature","properties":{"level":984},"geometry":{"type":"LineString","coordinates":[[144.0,55.99],[142.5,56.43],[141.94,57.0],[141.72,57.75],[142.06,58.25],[143.25,58.91],[144.75,59.14],[146.25,58.78],[146.85,58.25],[146.93,57.25],[146.59,56.75],[145.25,56.04],[144.0,55.99]]}},{"type":"Feature","properties":{"level":984},"geometry":{"type":"LineString","coordinates":[[-54.25,56.24],[-54.74,56.5],[-55.05,57.0],[-54.97,57.5],[-54.5,58.02],[-53.0,58.15],[-51.85,57.5],[-51.85,56.75],[-52.47,56.25],[-53.25,56.08],[-54.25,56.24]]}},{"type":"Feature","properties":{"level":984},"geometry":{"type":"LineString","coordinates":[[153.5,59.97],[154.05,61.0],[154.78,61.5],[154.97,63.0],[156.5,63.55],[157.94,63.5],[159.5,62.54],[160.54,62.5],[161.28,62.0],[158.45,60.0],[156.5,59.77],[153.5,59.97]]}},{"type":"Feature","properties":{"level":984},"geometry":{"type":"LineString","coordinates":[[55.0,66.96],[50.25,67.78],[41.5,70.22],[32.94,71.5],[32.5,72.09],[27.43,74.75],[27.01,75.25],[27.0,76.0],[28.43,77.5],[29.74,78.0],[33.5,78.93],[37.5,79.5],[42.25,79.69],[53.75,79.54],[57.5,79.3],[59.5,78.83],[62.0,77.25],[61.46,76.5],[61.63,76.0],[58.26,75.25],[57.75,74.88],[57.08,73.75],[57.21,73.5],[58.75,72.97],[59.5,72.3],[59.9,71.0],[59.88,70.25],[58.82,68.5],[57.44,67.5],[56.38,67.0],[55.0,66.96]]}},{"type":"Feature","properties":{"level":988},"geometry":{"type":"LineString","coordinates":[[150.0,-86.01],[151.78,-86.0],[150.0,-86.01]]}},{"type":"Feature","properties":{"level":988},"geometry":{"type":"LineString","coordinates":[[180.0,-85.37],[172.5,-85.48],[169.25,-85.1],[164.0,-85.29],[163.73,-85.25],[167.59,-84.75],[161.73,-84.75],[161.88,-84.5],[165.46,-83.75],[164.75,-83.6],[162.0,-83.92],[159.5,-83.83],[159.24,-83.75],[160.12,-83.25],[158.75,-82.75],[159.09,-82.5],[158.48,-82.25],[158.6,-82.0],[156.5,-82.01],[155.72,-81.75],[156.44,-81.5],[157.42,-80.75],[156.81,-80.25],[157.0,-80.06],[158.77,-79.75],[157.5,-79.56],[156.78,-79.0],[159.9,-78.75],[159.77,-78.25],[160.37,-77.75],[159.67,-77.25],[160.76,-77.0],[159.97,-76.5],[160.32,-76.25],[158.45,-75.5],[159.46,-75.0],[159.81,-74.5],[159.16,-74.25],[159.75,-74.13],[161.25,-74.63],[162.13,-74.0],[161.4,-73.5],[161.5,-73.16],[162.25,-73.17],[163.25,-73.64],[163.38,-73.5],[163.1,-73.25],[163.25,-73.16],[164.25,-73.35],[164.68,-72.75],[163.25,-72.88],[162.32,-72.5],[162.25,-72.24],[161.0,-72.46],[160.5,-71.86],[158.75,-71.59],[158.25,-71.3],[157.55,-70.25],[157.0,-69.91],[156.25,-70.4],[154.45,-70.5],[154.13,-70.75],[154.75,-70.9],[155.5,-70.61],[155.86,-70.75],[154.5,-71.35],[153.77,-71.25],[153.95,-71.0],[153.75,-70.86],[150.75,-70.94],[149.62,-71.25],[148.94,-71.75],[149.74,-72.0],[149.5,-72.09],[146.0,-72.33],[144.0,-72.2],[140.0,-70.99],[134.25,-70.76],[128.25,-71.12],[123.25,-71.77],[114.0,-72.09],[110.25,-71.52],[105.75,-70.35],[99.25,-70.18],[97.75,-70.48],[96.5,-70.05],[95.26,-70.25],[95.0,-70.5],[95.18,-70.75],[93.25,-71.48],[82.13,-74.5],[76.75,-75.8],[74.0,-76.03],[68.75,-75.88],[62.49,-75.0],[61.43,-74.25],[60.62,-73.25],[61.02,-72.0],[62.36,-70.5],[62.0,-70.22],[60.0,-69.93],[47.25,-71.62],[37.5,-72.38],[34.25,-73.01],[30.75,-73.16],[26.0,-72.84],[23.25,-73.32],[20.75,-73.4],[13.5,-72.79],[8.75,-72.96],[7.73,-73.5],[8.25,-74.77],[9.41,-75.5],[11.5,-76.15],[17.0,-77.05],[32.75,-78.27],[34.28,-78.75],[35.78,-80.25],[34.48,-81.25],[31.99,-82.0],[24.75,-82.48],[20.25,-82.32],[16.0,-81.65],[6.69,-79.0],[-0.73,-77.5],[-4.75,-77.34],[-11.5,-77.7],[-15.5,-77.47],[-16.15,-77.75],[-14.77,-78.25],[-16.5,-78.56],[-17.75,-79.05],[-26.58,-79.5],[-28.99,-80.0],[-28.52,-80.25],[-26.32,-80.5],[-28.0,-80.77],[-29.5,-80.61],[-29.79,-80.5],[-29.26,-80.25],[-30.0,-80.05],[-36.5,-80.11],[-42.5,-79.81],[-46.0,-80.91],[-51.17,-81.75],[-51.42,-82.0],[-48.67,-82.25],[-48.89,-82.5],[-50.57,-83.0],[-55.82,-83.5],[-57.27,-84.0],[-60.81,-84.0],[-60.0,-83.94],[-57.5,-82.98],[-59.5,-82.51],[-67.0,-81.94],[-70.99,-81.0],[-72.75,-80.35],[-73.43,-80.0],[-73.89,-78.75],[-73.25,-78.25],[-73.78,-77.5],[-72.96,-76.75],[-74.58,-76.25],[-67.75,-75.53],[-67.72,-75.25],[-66.5,-74.48],[-63.25,-74.11],[-62.25,-73.75],[-62.62,-73.5],[-62.57,-73.25],[-63.52,-73.25],[-62.79,-72.75],[-62.77,-72.5],[-63.14,-72.25],[-63.0,-72.05],[-62.25,-71.72],[-61.46,-71.75],[-62.25,-69.94],[-62.0,-70.12],[-61.22,-70.0],[-61.0,-70.37],[-58.48,-70.5],[-57.22,-70.25],[-56.0,-69.51],[-50.0,-68.69],[-45.5,-68.59],[-43.97,-69.25],[-43.66,-70.0],[-43.87,-70.75],[-45.75,-72.1],[-49.46,-73.25],[-50.07,-74.0],[-49.89,-74.25],[-48.0,-74.75],[-45.75,-74.58],[-40.3,-72.5],[-36.0,-70.42],[-30.73,-67.25],[-24.79,-62.25],[-20.43,-56.75],[-18.05,-55.0],[-15.55,-53.75],[-12.5,-52.78],[-3.0,-51.24],[-2.0,-50.85],[-1.45,-50.25],[-1.17,-49.25],[-1.06,-47.25],[-0.62,-45.5],[0.46,-44.25],[1.0,-44.2],[5.25,-44.64],[8.81,-46.25],[11.0,-47.71],[13.55,-50.75],[12.72,-52.75],[12.91,-53.75],[13.5,-54.32],[15.75,-55.38],[24.0,-56.22],[34.5,-56.19],[41.75,-56.47],[47.75,-58.11],[52.5,-58.9],[54.5,-58.81],[57.25,-58.32],[59.21,-57.75],[62.0,-56.39],[65.25,-55.79],[80.0,-55.86],[87.75,-57.06],[94.75,-56.07],[97.0,-55.33],[98.0,-54.25],[98.75,-54.0],[99.75,-53.16],[100.51,-51.75],[100.48,-50.25],[102.5,-47.71],[105.75,-45.77],[107.0,-45.58],[107.96,-45.75],[107.75,-45.44],[108.75,-45.77],[110.81,-47.0],[115.0,-50.11],[119.25,-51.75],[127.25,-53.6],[139.25,-57.81],[154.0,-60.53],[160.0,-61.86],[163.25,-62.88],[165.25,-63.17],[167.25,-62.81],[176.0,-60.05],[180.0,-59.16]]}},{"type":"Feature","properties":{"level":988},"geometry":{"type":"LineString","coordinates":[[-65.0,-83.51],[-67.32,-83.25],[-65.0,-83.22],[-63.34,-83.5],[-65.0,-83.51]]}},{"type":"Feature","properties":{"level":988},"geometry":{"type":"LineString","coordinates":[[-72.0,-83.02],[-76.2,-82.5],[-75.0,-82.34],[-72.0,-82.87],[-69.06,-83.0],[-72.0,-83.02]]}},{"type":"Feature","properties":{"level":988},"geometry":{"type":"LineString","coordinates":[[-89.5,-80.56],[-89.67,-80.5],[-88.54,-80.0],[-86.38,-80.25],[-87.75,-80.58],[-89.5,-80.56]]}},{"type":"Feature","properties":{"level":988},"geometry":{"type":"LineString","coordinates":[[-84.5,-80.02],[-84.86,-79.5],[-86.61,-79.0],[-86.75,-78.5],[-85.75,-78.33],[-86.13,-77.75],[-85.71,-77.5],[-85.93,-77.25],[-85.42,-77.25],[-85.52,-77.75],[-84.54,-78.5],[-84.68,-79.0],[-84.28,-79.25],[-84.49,-79.5],[-83.63,-79.75],[-83.79,-80.0],[-84.5,-80.02]]}},{"type":"Feature","properties":{"level":988},"geometry":{"type":"LineString","coordinates":[[-24.27,-78.75],[-22.75,-78.77],[-22.37,-78.5],[-23.75,-78.5],[-24.27,-78.75]]}},{"type":"Feature","properties":{"level":988},"geometry":{"type":"LineString","coordinates":[[-79.75,-77.06],[-80.18,-76.25],[-79.25,-76.28],[-78.3,-76.75],[-78.24,-77.0],[-78.75,-77.24],[-79.75,-77.06]]}},{"type":"Feature","properties":{"level":988},"geometry":{"type":"LineString","coordinates":[[-132.54,-76.75],[-132.0,-76.7],[-131.46,-76.0],[-132.5,-75.97],[-133.05,-76.5],[-132.54,-76.75]]}},{"type":"Feature","properties":{"level":988},"geometry":{"type":"LineString","coordinates":[[-116.75,-75.76],[-116.5,-75.58],[-115.19,-75.75],[-116.75,-75.76]]}},{"type":"Feature","properties":{"level":988},"geometry":{"type":"LineString","coordinates":[[166.01,-72.75],[166.64,-72.75],[166.39,-72.5],[164.72,-72.25],[164.75,-72.69],[166.01,-72.75]]}},{"type":"Feature","properties":{"level":988},"geometry":{"type":"LineString","coordinates":[[-80.25,-67.03],[-82.75,-66.34],[-83.13,-66.0],[-83.03,-65.75],[-81.79,-65.0],[-78.5,-64.48],[-75.25,-64.8],[-73.51,-65.5],[-73.81,-66.0],[-75.76,-66.75],[-79.0,-67.14],[-80.25,-67.03]]}},{"type":"Feature","properties":{"level":988},"geometry":{"type":"LineString","coordinates":[[-180.0,-59.16],[-174.5,-58.56],[-165.75,-58.86],[-160.75,-58.48],[-153.25,-58.98],[-149.75,-59.6],[-148.31,-60.25],[-146.25,-62.9],[-143.71,-64.5],[-143.45,-65.25],[-143.87,-66.75],[-143.35,-67.25],[-143.36,-68.0],[-141.75,-68.54],[-140.25,-68.65],[-138.25,-68.03],[-135.41,-66.25],[-131.82,-63.25],[-130.28,-61.25],[-129.78,-59.5],[-130.69,-56.25],[-130.91,-53.25],[-130.57,-51.75],[-129.17,-49.5],[-125.75,-46.53],[-123.25,-46.21],[-120.0,-46.19],[-117.25,-47.41],[-116.0,-47.58],[-115.25,-47.33],[-114.05,-48.5],[-112.25,-49.5],[-110.96,-51.0],[-109.81,-52.75],[-110.09,-53.25],[-111.47,-54.0],[-112.0,-55.07],[-112.2,-56.25],[-111.73,-57.0],[-108.5,-58.84],[-98.94,-62.0],[-92.75,-64.6],[-88.26,-65.75],[-87.41,-66.5],[-87.25,-67.17],[-85.58,-69.75],[-86.25,-70.31],[-89.21,-71.5],[-94.25,-72.98],[-94.25,-73.82],[-95.75,-73.77],[-96.95,-74.0],[-98.36,-74.75],[-98.44,-75.0],[-99.25,-75.25],[-102.75,-75.22],[-105.58,-75.75],[-107.5,-75.82],[-109.75,-75.34],[-113.75,-75.49],[-115.5,-75.18],[-118.0,-75.42],[-121.75,-75.17],[-126.5,-75.44],[-127.25,-75.88],[-128.75,-75.97],[-128.96,-76.5],[-129.49,-76.5],[-129.25,-76.82],[-128.5,-76.84],[-127.75,-77.3],[-126.23,-77.25],[-125.75,-77.72],[-125.0,-77.95],[-122.25,-77.75],[-121.25,-77.9],[-120.64,-78.25],[-122.0,-78.73],[-126.0,-78.36],[-128.84,-77.5],[-129.25,-77.09],[-131.13,-77.5],[-130.55,-78.25],[-130.9,-78.5],[-130.5,-78.79],[-124.83,-79.75],[-124.86,-80.25],[-124.1,-80.5],[-125.79,-81.25],[-124.0,-81.59],[-112.75,-81.99],[-104.75,-81.43],[-100.5,-80.83],[-95.75,-80.69],[-94.58,-80.75],[-93.43,-81.25],[-96.75,-82.25],[-101.5,-82.77],[-105.0,-83.58],[-110.25,-84.25],[-109.92,-84.5],[-108.44,-84.75],[-114.25,-84.88],[-118.68,-85.5],[-123.25,-85.61],[-124.35,-85.75],[-123.93,-86.0],[-124.5,-86.18],[-127.25,-86.31],[-130.5,-86.07],[-139.75,-86.17],[-142.5,-85.96],[-149.75,-86.31],[-159.25,-86.36],[-160.07,-86.25],[-160.25,-86.0],[-164.0,-85.97],[-171.25,-85.26],[-174.25,-85.57],[-180.0,-85.37]]}},{"type":"Feature","properties":{"level":988},"geometry":{"type":"LineString","coordinates":[[-120.25,20.45],[-120.85,20.75],[-120.96,21.5],[-120.5,22.0],[-119.5,22.02],[-119.09,21.5],[-119.25,21.0],[-119.75,20.54],[-120.25,20.45]]}},{"type":"Feature","properties":{"level":988},"geometry":{"type":"LineString","coordinates":[[155.25,39.73],[153.99,40.0],[153.5,40.72],[153.24,42.5],[153.75,43.45],[154.5,44.05],[155.0,43.92],[157.75,44.63],[158.75,44.25],[159.33,43.75],[159.75,42.25],[159.5,41.55],[158.82,40.75],[157.0,39.91],[155.25,39.73]]}},{"type":"Feature","properties":{"level":988},"geometry":{"type":"LineString","coordinates":[[-53.75,55.21],[-55.0,55.79],[-55.74,56.5],[-55.87,57.25],[-55.48,58.0],[-54.53,58.75],[-53.75,59.02],[-52.27,58.75],[-50.97,58.0],[-50.6,57.25],[-51.03,56.25],[-52.25,55.48],[-53.75,55.21]]}},{"type":"Feature","properties":{"level":988},"geometry":{"type":"LineString","coordinates":[[143.25,55.49],[141.5,56.31],[140.28,57.75],[140.6,58.0],[140.5,58.32],[142.0,59.88],[143.0,60.53],[143.75,60.65],[144.75,60.45],[147.25,60.87],[148.5,60.59],[151.5,60.73],[153.0,62.0],[153.16,62.25],[152.81,62.75],[152.97,63.0],[154.5,63.78],[157.75,64.34],[161.75,63.61],[162.26,63.25],[162.28,63.0],[163.51,62.25],[163.29,60.5],[162.75,60.24],[162.25,60.35],[161.75,59.9],[158.25,58.93],[155.75,58.66],[153.5,58.81],[152.75,59.28],[152.25,58.88],[151.5,59.3],[150.25,59.35],[149.61,59.0],[149.56,58.5],[149.12,58.0],[149.25,57.75],[148.61,57.0],[147.17,56.0],[145.0,55.43],[143.25,55.49]]}},{"type":"Feature","properties":{"level":988},"geometry":{"type":"LineString","coordinates":[[149.02,59.75],[149.75,59.61],[149.96,60.0],[149.36,60.25],[149.0,60.09],[148.75,60.29],[148.11,60.25],[149.02,59.75]]}},{"type":"Feature","properties":{"level":988},"geometry":{"type":"LineString","coordinates":[[53.75,65.72],[45.75,67.36],[44.0,68.13],[38.75,69.43],[29.0,71.27],[25.21,73.5],[24.24,74.5],[23.65,76.0],[23.99,77.5],[24.75,77.6],[27.46,79.0],[32.11,80.5],[36.5,81.07],[56.25,81.53],[62.75,81.27],[64.75,80.79],[68.21,80.5],[69.48,80.0],[68.84,78.25],[67.53,77.25],[67.61,77.0],[62.19,75.5],[62.9,74.75],[63.03,73.75],[63.98,71.75],[63.87,70.5],[63.23,69.75],[63.33,69.5],[62.0,68.69],[60.25,66.79],[59.5,66.28],[57.0,65.68],[53.75,65.72]]}},{"type":"Feature","properties":{"level":992},"geometry":{"type":"LineString","coordinates":[[180.0,-86.76],[158.0,-87.17],[144.75,-86.58],[141.73,-86.25],[162.52,-85.0],[158.09,-84.25],[159.36,-84.0],[158.41,-83.75],[159.59,-83.25],[158.75,-82.97],[157.25,-83.27],[157.31,-83.0],[156.8,-82.75],[153.62,-82.25],[154.2,-82.0],[154.02,-81.75],[157.1,-80.75],[154.31,-80.5],[155.5,-80.44],[157.0,-79.75],[157.0,-79.49],[155.47,-79.0],[158.5,-78.52],[159.8,-77.75],[159.34,-77.25],[159.72,-77.0],[159.5,-76.79],[158.4,-76.75],[158.51,-76.25],[157.25,-75.93],[156.57,-75.25],[157.77,-75.0],[157.51,-74.75],[158.15,-74.5],[158.0,-74.16],[159.0,-73.81],[161.25,-74.31],[161.86,-74.0],[160.66,-73.0],[160.85,-72.75],[160.19,-72.5],[160.31,-72.25],[160.12,-72.0],[158.5,-71.9],[157.25,-71.56],[154.25,-72.24],[154.79,-73.0],[154.74,-73.25],[154.0,-73.55],[149.75,-73.83],[143.11,-73.5],[140.75,-72.86],[139.5,-72.78],[137.75,-71.64],[136.0,-71.22],[129.75,-71.25],[124.25,-72.09],[122.25,-71.96],[120.75,-72.27],[114.75,-72.46],[109.75,-71.7],[106.5,-70.88],[100.25,-70.97],[98.5,-71.52],[93.5,-72.12],[90.25,-73.23],[79.25,-76.25],[72.5,-76.51],[65.25,-76.08],[61.42,-75.5],[59.74,-75.0],[59.22,-74.75],[59.09,-73.75],[59.43,-73.0],[58.96,-72.25],[59.91,-71.25],[59.98,-70.5],[59.0,-70.4],[45.08,-72.25],[38.0,-72.86],[34.5,-73.49],[26.5,-73.44],[20.75,-74.02],[15.0,-73.65],[12.75,-74.06],[11.0,-73.91],[9.72,-74.25],[9.64,-74.5],[10.52,-75.0],[15.0,-76.19],[33.36,-77.75],[37.0,-78.38],[38.37,-79.25],[38.17,-80.0],[37.3,-80.75],[34.27,-82.0],[24.75,-83.05],[14.94,-82.75],[14.59,-82.5],[15.27,-82.0],[14.7,-81.75],[9.68,-81.0],[7.0,-79.86],[3.5,-79.23],[0.5,-79.0],[-2.25,-78.33],[-8.5,-77.9],[-11.5,-78.25],[-12.31,-79.25],[-15.25,-79.32],[-18.25,-79.96],[-18.42,-80.0],[-18.28,-80.5],[-18.75,-80.58],[-25.5,-80.63],[-30.09,-81.0],[-31.22,-81.25],[-28.93,-81.5],[-29.5,-81.79],[-37.5,-82.39],[-40.4,-83.25],[-43.75,-83.85],[-49.0,-83.37],[-53.5,-83.74],[-53.38,-84.0],[-52.09,-84.25],[-55.5,-84.64],[-64.75,-84.78],[-68.0,-85.06],[-73.5,-84.9],[-77.25,-84.21],[-83.5,-83.69],[-84.41,-83.5],[-85.83,-82.75],[-84.73,-82.0],[-81.05,-81.0],[-80.98,-80.75],[-81.81,-80.25],[-82.5,-80.19],[-85.5,-80.6],[-86.5,-81.02],[-91.75,-81.46],[-98.5,-82.82],[-100.75,-83.03],[-102.02,-83.5],[-101.88,-83.75],[-102.22,-84.0],[-101.0,-84.35],[-100.59,-84.75],[-110.5,-85.21],[-110.88,-85.25],[-109.91,-85.5],[-110.37,-85.75],[-113.32,-86.0],[-124.75,-86.65],[-136.75,-86.53],[-146.25,-87.27],[-164.5,-87.26],[-175.0,-86.68],[-180.0,-86.76]]}},{"type":"Feature","properties":{"level":992},"geometry":{"type":"LineString","coordinates":[[-158.26,-86.5],[-156.75,-86.73],[-155.31,-86.5],[-158.26,-86.5]]}},{"type":"Feature","properties":{"level":992},"geometry":{"type":"LineString","coordinates":[[-180.0,-86.35],[-173.0,-86.39],[-166.25,-86.22],[-165.56,-86.0],[-170.75,-85.49],[-176.5,-85.82],[-180.0,-85.63]]}},{"type":"Feature","properties":{"level":992},"geometry":{"type":"LineString","coordinates":[[162.3,-86.0],[165.0,-86.15],[168.0,-85.99],[170.57,-85.5],[169.25,-85.25],[164.0,-85.83],[161.0,-85.54],[158.81,-85.75],[162.3,-86.0]]}},{"type":"Feature","properties":{"level":992},"geometry":{"type":"LineString","coordinates":[[180.0,-85.63],[179.0,-85.48],[174.25,-85.66],[171.06,-86.0],[173.0,-86.36],[180.0,-86.35]]}},{"type":"Feature","properties":{"level":992},"geometry":{"type":"LineString","coordinates":[[162.38,-84.0],[163.0,-84.17],[163.82,-84.0],[162.38,-84.0]]}},{"type":"Feature","properties":{"level":992},"geometry":{"type":"LineString","coordinates":[[-117.25,-81.5],[-113.75,-81.53],[-108.5,-81.15],[-99.0,-79.68],[-95.25,-80.13],[-92.25,-79.83],[-91.25,-79.49],[-89.19,-79.5],[-88.05,-79.25],[-89.49,-78.75],[-89.44,-78.5],[-86.71,-77.5],[-88.28,-77.25],[-88.55,-77.0],[-88.15,-76.75],[-86.25,-76.35],[-85.0,-75.69],[-80.0,-75.53],[-79.36,-75.25],[-79.65,-75.0],[-79.5,-74.9],[-75.87,-74.5],[-79.5,-73.63],[-81.75,-74.06],[-84.0,-73.68],[-88.5,-73.6],[-90.5,-73.9],[-91.0,-74.27],[-93.0,-74.75],[-95.0,-74.73],[-96.97,-75.75],[-103.75,-76.86],[-106.25,-76.77],[-108.75,-76.14],[-110.25,-76.13],[-112.25,-76.5],[-113.5,-76.02],[-115.75,-76.14],[-121.25,-75.47],[-122.25,-75.59],[-124.25,-76.31],[-125.75,-76.16],[-127.16,-76.75],[-120.75,-77.24],[-118.5,-77.1],[-118.0,-76.55],[-117.0,-76.74],[-117.0,-77.13],[-117.51,-77.25],[-117.37,-77.5],[-119.0,-77.72],[-118.61,-78.0],[-119.57,-78.25],[-120.25,-79.08],[-122.75,-79.42],[-123.32,-79.75],[-121.25,-80.65],[-118.0,-80.99],[-118.27,-81.25],[-117.25,-81.5]]}},{"type":"Feature","properties":{"level":992},"geometry":{"type":"LineString","coordinates":[[-94.0,-78.59],[-94.75,-78.31],[-94.77,-78.0],[-92.25,-77.46],[-90.21,-77.5],[-91.25,-77.9],[-91.75,-78.59],[-94.0,-78.59]]}},{"type":"Feature","properties":{"level":992},"geometry":{"type":"LineString","coordinates":[[-72.66,-74.5],[-69.79,-74.5],[-70.75,-74.19],[-72.66,-74.5]]}},{"type":"Feature","properties":{"level":992},"geometry":{"type":"LineString","coordinates":[[-65.7,-73.75],[-64.96,-73.5],[-66.13,-73.5],[-65.7,-73.75]]}},{"type":"Feature","properties":{"level":992},"geometry":{"type":"LineString","coordinates":[[158.25,-72.52],[158.25,-72.25],[158.5,-72.24],[159.6,-72.5],[158.25,-72.52]]}},{"type":"Feature","properties":{"level":992},"geometry":{"type":"LineString","coordinates":[[-71.86,-70.25],[-71.64,-70.25],[-71.86,-70.25]]}},{"type":"Feature","properties":{"level":992},"geometry":{"type":"LineString","coordinates":[[-71.25,-69.44],[-71.48,-69.25],[-70.48,-69.25],[-71.25,-69.44]]}},{"type":"Feature","properties":{"level":992},"geometry":{"type":"LineString","coordinates":[[-60.5,-64.95],[-60.5,-64.74],[-60.5,-64.95]]}},{"type":"Feature","properties":{"level":992},"geometry":{"type":"LineString","coordinates":[[-180.0,-58.39],[-174.25,-57.74],[-165.75,-57.75],[-163.25,-57.47],[-150.3,-58.0],[-146.75,-58.61],[-143.75,-60.94],[-143.0,-61.24],[-137.25,-61.99],[-134.23,-60.5],[-133.1,-59.0],[-132.87,-58.25],[-132.94,-53.25],[-132.49,-51.25],[-131.55,-49.5],[-129.5,-47.58],[-127.0,-46.05],[-124.0,-45.02],[-121.0,-44.8],[-117.0,-45.82],[-115.5,-45.0],[-112.13,-48.0],[-107.27,-53.25],[-107.39,-54.25],[-108.23,-55.25],[-107.82,-56.0],[-107.86,-56.5],[-107.24,-57.25],[-105.89,-57.75],[-104.75,-58.53],[-99.5,-60.12],[-90.0,-63.49],[-86.25,-64.15],[-71.0,-63.08],[-69.0,-63.11],[-66.85,-64.25],[-66.6,-65.0],[-67.5,-65.87],[-69.16,-66.75],[-68.75,-67.06],[-68.75,-67.33],[-71.39,-68.25],[-72.17,-69.0],[-72.25,-69.58],[-71.48,-70.0],[-71.1,-70.5],[-69.0,-70.83],[-68.0,-71.45],[-64.5,-71.61],[-63.48,-71.25],[-64.44,-70.5],[-63.7,-70.0],[-63.67,-69.75],[-65.55,-68.5],[-65.87,-68.0],[-65.68,-67.25],[-61.75,-65.16],[-61.0,-65.23],[-59.56,-66.0],[-59.0,-66.81],[-54.5,-67.01],[-49.5,-66.71],[-43.75,-65.69],[-40.75,-65.97],[-39.0,-66.58],[-37.75,-66.71],[-36.25,-66.45],[-34.5,-65.79],[-31.61,-64.25],[-29.5,-62.81],[-26.27,-60.0],[-23.36,-56.75],[-19.75,-54.24],[-15.0,-52.21],[-6.5,-50.32],[-4.34,-49.5],[-3.58,-48.75],[-3.02,-47.5],[-2.62,-43.0],[-1.75,-42.72],[3.75,-43.23],[7.5,-44.74],[11.0,-46.73],[15.0,-50.34],[15.28,-51.0],[15.33,-52.75],[16.17,-53.5],[18.5,-54.33],[22.25,-54.98],[39.0,-55.47],[42.75,-55.3],[48.5,-56.98],[52.75,-57.53],[56.75,-57.11],[61.11,-55.5],[63.75,-55.05],[80.25,-54.79],[88.25,-55.18],[91.0,-54.72],[92.25,-54.22],[95.0,-53.81],[96.0,-53.42],[98.0,-51.84],[98.87,-49.75],[101.25,-47.09],[102.27,-46.25],[104.16,-45.0],[107.25,-44.36],[110.62,-45.5],[117.31,-48.75],[122.25,-50.66],[137.5,-55.83],[143.5,-57.36],[162.0,-61.23],[164.0,-61.58],[167.0,-61.54],[180.0,-58.39]]}},{"type":"Feature","properties":{"level":992},"geometry":{"type":"LineString","coordinates":[[-120.25,20.24],[-121.0,20.58],[-121.21,21.5],[-120.75,22.14],[-119.5,22.31],[-118.93,21.75],[-118.85,21.25],[-119.35,20.5],[-120.25,20.24]]}},{"type":"Feature","properties":{"level":992},"geometry":{"type":"LineString","coordinates":[[155.0,39.49],[153.75,39.79],[153.03,41.0],[152.71,42.75],[153.5,43.86],[154.5,44.47],[156.25,44.7],[157.0,45.07],[158.75,45.0],[160.0,44.0],[160.46,42.5],[160.0,41.16],[158.29,40.0],[157.25,39.58],[155.0,39.49]]}},{"type":"Feature","properties":{"level":992},"geometry":{"type":"LineString","coordinates":[[-54.0,50.97],[-54.82,51.5],[-54.75,52.84],[-55.97,53.75],[-56.88,56.5],[-56.8,57.5],[-55.75,58.68],[-54.0,59.46],[-51.5,59.58],[-50.15,59.25],[-49.5,58.75],[-48.89,57.75],[-48.8,57.0],[-48.99,56.5],[-50.0,55.06],[-51.14,54.0],[-51.75,52.48],[-52.46,52.0],[-53.0,51.18],[-54.0,50.97]]}},{"type":"Feature","properties":{"level":992},"geometry":{"type":"LineString","coordinates":[[161.25,53.21],[159.86,53.5],[160.18,54.5],[160.04,54.75],[160.96,55.0],[160.95,55.25],[160.53,55.5],[160.74,56.0],[160.5,56.17],[160.25,56.0],[160.18,55.75],[160.48,55.5],[159.75,55.34],[159.5,55.0],[158.75,55.08],[158.25,55.42],[157.75,55.2],[157.49,55.5],[158.43,56.75],[157.5,57.29],[152.25,57.27],[151.25,56.99],[147.5,55.16],[145.0,54.84],[142.75,55.09],[140.38,56.25],[139.5,57.14],[138.53,57.0],[139.92,58.0],[139.81,58.25],[140.21,58.75],[140.11,59.25],[140.49,60.5],[140.85,60.75],[142.25,61.25],[144.75,61.25],[146.25,61.76],[147.0,61.7],[148.25,62.37],[150.5,61.91],[150.75,62.0],[150.72,63.0],[151.0,63.18],[152.07,63.25],[152.66,63.5],[152.93,64.0],[154.17,64.5],[156.0,65.03],[157.5,65.1],[160.25,64.66],[162.0,64.9],[163.58,64.0],[165.1,63.5],[165.25,63.16],[166.59,62.5],[167.21,61.75],[167.24,61.5],[166.81,61.25],[167.75,60.75],[167.49,60.5],[170.0,59.69],[172.91,58.25],[174.26,57.0],[174.81,56.0],[174.43,55.25],[173.0,54.66],[166.5,53.93],[162.5,53.04],[161.25,53.21]]}},{"type":"Feature","properties":{"level":992},"geometry":{"type":"LineString","coordinates":[[55.5,63.72],[52.5,64.17],[47.5,65.39],[39.75,67.97],[37.0,68.63],[22.91,71.5],[22.25,72.3],[18.75,74.64],[17.75,75.0],[16.88,74.75],[16.41,75.25],[17.34,75.75],[17.41,76.25],[18.18,77.5],[20.5,78.34],[21.79,78.5],[21.83,78.75],[22.61,79.25],[22.3,79.5],[25.15,80.0],[25.89,80.25],[25.79,80.5],[26.04,80.75],[27.45,81.25],[32.75,82.03],[44.25,82.58],[71.75,82.96],[84.5,82.61],[88.26,82.25],[90.4,81.75],[89.54,81.25],[79.75,79.21],[73.61,77.5],[70.12,76.25],[69.9,75.75],[68.44,74.5],[68.27,73.25],[68.51,72.0],[67.71,70.5],[67.45,69.75],[67.6,69.0],[67.31,68.5],[65.75,68.02],[64.15,66.75],[61.5,65.37],[59.2,64.75],[58.85,64.25],[59.0,63.96],[57.5,63.61],[55.5,63.72]]}},{"type":"Feature","properties":{"level":992},"geometry":{"type":"LineString","coordinates":[[14.75,76.98],[15.08,77.0],[14.75,76.98]]}},{"type":"Feature","properties":{"level":996},"geometry":{"type":"LineString","coordinates":[[180.0,-87.88],[154.75,-87.5],[142.25,-87.07],[136.75,-86.62],[136.5,-86.5],[145.5,-85.34],[152.5,-84.73],[155.25,-84.65],[155.82,-84.75],[155.29,-85.0],[156.75,-85.06],[160.77,-85.0],[156.92,-84.25],[158.72,-84.0],[155.5,-83.32],[155.33,-83.25],[156.19,-83.0],[152.81,-82.25],[153.2,-82.0],[152.5,-81.58],[151.25,-81.64],[150.0,-82.08],[148.77,-81.75],[148.88,-81.5],[148.68,-81.25],[149.23,-80.75],[150.0,-80.5],[152.5,-80.18],[155.35,-80.25],[155.51,-79.75],[156.1,-79.5],[154.75,-79.0],[155.0,-78.75],[158.0,-78.35],[158.5,-77.74],[159.38,-77.5],[158.75,-77.09],[156.91,-76.75],[155.95,-76.25],[156.34,-76.0],[155.5,-76.07],[154.08,-75.75],[154.81,-75.25],[153.25,-75.06],[152.5,-74.69],[139.25,-73.89],[138.25,-73.21],[136.99,-72.75],[136.7,-72.25],[134.75,-71.71],[130.5,-71.51],[126.25,-71.97],[125.25,-72.45],[122.5,-72.34],[116.25,-72.87],[110.0,-72.27],[105.75,-71.47],[100.51,-72.25],[97.5,-72.22],[95.5,-72.46],[88.2,-74.5],[84.72,-75.75],[80.25,-76.71],[77.5,-76.92],[68.0,-76.88],[64.0,-76.63],[59.25,-75.68],[57.0,-75.0],[56.8,-74.5],[57.7,-72.75],[57.52,-71.5],[56.0,-71.09],[36.5,-73.84],[20.25,-74.52],[18.0,-75.0],[12.89,-75.0],[15.75,-75.78],[30.25,-76.94],[37.06,-77.75],[38.94,-78.25],[39.79,-79.0],[39.71,-79.75],[39.37,-80.25],[36.04,-82.0],[33.5,-82.57],[30.75,-82.83],[28.0,-83.53],[16.25,-83.53],[8.32,-83.0],[7.72,-82.75],[12.92,-82.0],[12.43,-81.75],[10.5,-81.56],[5.75,-81.68],[0.0,-81.38],[-2.55,-81.0],[-4.0,-80.53],[-5.99,-80.5],[-6.27,-80.25],[-7.78,-80.0],[-11.75,-79.98],[-12.14,-80.0],[-12.05,-80.25],[-11.02,-80.5],[-16.61,-80.75],[-18.0,-81.65],[-20.5,-81.99],[-25.0,-82.22],[-26.5,-81.96],[-28.08,-82.0],[-36.34,-83.25],[-37.75,-83.58],[-39.18,-84.25],[-41.66,-84.75],[-61.25,-85.43],[-67.25,-86.03],[-84.25,-85.59],[-90.75,-85.08],[-94.25,-85.49],[-102.5,-85.43],[-110.0,-86.45],[-131.0,-87.57],[-180.0,-87.88]]}},{"type":"Feature","properties":{"level":996},"geometry":{"type":"LineString","coordinates":[[-169.47,-86.0],[-167.78,-86.0],[-169.47,-86.0]]}},{"type":"Feature","properties":{"level":996},"geometry":{"type":"LineString","coordinates":[[-171.86,-85.75],[-171.0,-85.91],[-169.72,-85.75],[-171.86,-85.75]]}},{"type":"Feature","properties":{"level":996},"geometry":{"type":"LineString","coordinates":[[-92.89,-82.0],[-90.75,-82.1],[-89.25,-81.75],[-90.5,-81.58],[-92.89,-82.0]]}},{"type":"Feature","properties":{"level":996},"geometry":{"type":"LineString","coordinates":[[-113.9,-81.0],[-108.5,-80.95],[-100.61,-79.5],[-100.64,-79.25],[-102.83,-79.0],[-102.25,-78.48],[-99.0,-78.34],[-96.22,-77.75],[-96.92,-77.5],[-95.69,-77.0],[-98.75,-76.97],[-103.25,-77.55],[-105.99,-77.5],[-104.28,-78.0],[-104.12,-78.25],[-108.0,-78.36],[-108.94,-78.25],[-108.53,-78.0],[-114.56,-77.25],[-114.7,-77.0],[-114.5,-76.9],[-113.44,-76.75],[-117.38,-76.0],[-120.5,-75.87],[-122.27,-76.25],[-121.0,-76.68],[-119.0,-76.79],[-118.5,-76.32],[-117.5,-76.29],[-115.91,-77.0],[-115.93,-77.25],[-118.56,-78.25],[-118.62,-78.5],[-117.0,-79.05],[-114.74,-79.25],[-114.86,-79.5],[-113.85,-80.0],[-114.85,-80.75],[-113.9,-81.0]]}},{"type":"Feature","properties":{"level":996},"geometry":{"type":"LineString","coordinates":[[-25.5,-81.0],[-21.97,-81.0],[-24.0,-80.84],[-25.5,-81.0]]}},{"type":"Feature","properties":{"level":996},"geometry":{"type":"LineString","coordinates":[[-92.04,-76.0],[-88.0,-75.82],[-87.09,-75.5],[-86.84,-75.0],[-88.5,-74.92],[-91.5,-75.4],[-91.96,-75.5],[-91.73,-75.75],[-92.04,-76.0]]}},{"type":"Feature","properties":{"level":996},"geometry":{"type":"LineString","coordinates":[[156.24,-74.25],[157.86,-73.75],[157.17,-73.5],[159.0,-73.35],[159.5,-73.4],[160.5,-74.09],[161.65,-74.0],[161.25,-73.6],[159.5,-72.78],[157.75,-72.79],[155.76,-73.25],[156.24,-74.25]]}},{"type":"Feature","properties":{"level":996},"geometry":{"type":"LineString","coordinates":[[-66.23,-70.0],[-65.0,-70.05],[-64.43,-69.75],[-64.97,-69.25],[-65.75,-69.01],[-65.7,-69.5],[-66.5,-69.75],[-66.23,-70.0]]}},{"type":"Feature","properties":{"level":996},"geometry":{"type":"LineString","coordinates":[[-180.0,-57.55],[-174.5,-56.89],[-168.5,-56.65],[-165.75,-56.24],[-159.5,-56.59],[-147.0,-56.6],[-145.25,-56.94],[-142.0,-58.14],[-139.25,-58.26],[-138.1,-57.75],[-136.63,-56.25],[-136.45,-54.75],[-135.83,-53.5],[-135.93,-53.0],[-135.33,-51.5],[-134.1,-49.5],[-133.0,-48.24],[-131.0,-46.61],[-127.41,-44.5],[-125.0,-43.7],[-122.25,-43.28],[-117.0,-44.32],[-115.0,-44.14],[-114.25,-44.36],[-112.76,-45.5],[-107.5,-51.36],[-105.21,-53.25],[-104.11,-54.75],[-103.98,-55.25],[-104.27,-55.75],[-103.84,-56.25],[-102.16,-57.5],[-99.5,-58.55],[-94.25,-59.75],[-93.25,-59.66],[-92.0,-59.96],[-90.76,-60.5],[-90.92,-60.75],[-89.81,-61.5],[-85.25,-62.72],[-83.5,-62.81],[-76.0,-62.3],[-73.75,-62.34],[-67.75,-61.75],[-65.5,-62.23],[-62.49,-63.5],[-62.75,-64.32],[-63.51,-64.5],[-63.0,-65.02],[-58.5,-63.85],[-57.75,-64.04],[-56.75,-63.72],[-55.75,-63.8],[-53.5,-64.86],[-51.0,-65.12],[-42.75,-63.46],[-39.25,-63.68],[-36.5,-63.37],[-34.5,-62.86],[-32.5,-61.98],[-29.75,-60.03],[-24.5,-55.24],[-22.25,-53.78],[-17.75,-51.75],[-8.22,-49.0],[-6.56,-48.25],[-5.85,-47.5],[-5.36,-45.75],[-5.87,-42.0],[-5.5,-41.65],[-4.0,-41.43],[2.25,-41.98],[4.5,-42.66],[8.25,-44.23],[11.25,-45.97],[16.25,-49.86],[16.81,-50.5],[17.35,-51.75],[18.21,-52.5],[20.58,-53.5],[23.25,-54.03],[27.25,-54.31],[38.75,-54.53],[43.75,-54.37],[49.75,-56.01],[52.75,-56.22],[56.0,-55.97],[59.25,-54.86],[62.5,-54.29],[74.5,-54.22],[88.75,-53.48],[91.96,-52.75],[95.15,-51.25],[96.32,-50.0],[97.97,-48.75],[100.32,-46.25],[102.54,-44.5],[105.25,-43.55],[106.5,-43.47],[112.75,-44.99],[124.94,-49.75],[131.14,-51.5],[139.5,-54.86],[151.5,-58.05],[158.0,-59.46],[162.5,-60.23],[167.0,-60.45],[171.0,-59.71],[180.0,-57.55]]}},{"type":"Feature","properties":{"level":996},"geometry":{"type":"LineString","coordinates":[[-120.5,19.92],[-121.46,20.75],[-121.61,21.25],[-121.37,22.0],[-120.5,22.6],[-119.25,22.45],[-118.62,21.75],[-118.71,20.75],[-119.5,20.01],[-120.5,19.92]]}},{"type":"Feature","properties":{"level":996},"geometry":{"type":"LineString","coordinates":[[155.75,38.98],[153.25,39.54],[152.76,40.0],[151.92,42.25],[152.5,43.87],[154.0,45.01],[156.25,45.83],[159.25,45.76],[160.25,45.42],[161.11,44.5],[161.29,44.0],[161.18,42.5],[160.56,41.25],[159.5,40.14],[158.33,39.5],[155.75,38.98]]}},{"type":"Feature","properties":{"level":996},"geometry":{"type":"LineString","coordinates":[[-55.0,49.99],[-56.5,50.5],[-56.75,51.0],[-57.61,51.5],[-57.83,52.0],[-57.63,53.0],[-57.99,54.5],[-58.14,57.0],[-57.77,58.0],[-57.25,58.63],[-56.5,59.19],[-55.0,59.8],[-52.5,60.19],[-49.0,59.7],[-45.92,58.5],[-45.75,57.0],[-46.42,55.5],[-48.26,53.75],[-50.25,51.17],[-52.5,49.89],[-53.75,49.78],[-55.0,49.99]]}},{"type":"Feature","properties":{"level":996},"geometry":{"type":"LineString","coordinates":[[161.5,51.22],[158.25,51.67],[158.0,52.0],[158.31,52.5],[157.75,52.79],[156.0,52.74],[155.79,54.0],[155.5,54.43],[153.25,55.34],[151.75,55.38],[147.75,54.41],[144.75,54.17],[143.0,54.41],[141.75,54.87],[139.0,56.55],[138.0,56.19],[137.46,56.25],[139.01,58.0],[138.41,59.25],[138.5,59.54],[139.25,59.96],[140.5,61.5],[144.25,61.87],[145.05,62.25],[145.25,62.59],[146.0,62.64],[147.0,63.55],[148.75,63.37],[151.0,63.75],[151.5,64.25],[153.0,64.93],[155.0,65.55],[157.75,65.82],[158.5,66.08],[159.5,66.08],[167.75,64.06],[170.25,63.75],[170.65,63.25],[170.09,62.5],[170.0,61.24],[172.5,60.09],[174.5,58.81],[175.5,57.97],[176.4,56.5],[176.45,55.0],[175.0,53.26],[174.5,53.27],[173.5,52.8],[172.5,53.06],[172.0,52.57],[170.09,52.25],[167.25,52.03],[166.75,51.76],[165.75,51.88],[164.75,51.43],[163.75,51.49],[163.0,51.05],[161.5,51.22]]}},{"type":"Feature","properties":{"level":996},"geometry":{"type":"LineString","coordinates":[[-43.5,58.71],[-41.94,58.75],[-43.5,58.71]]}},{"type":"Feature","properties":{"level":996},"geometry":{"type":"LineString","coordinates":[[59.25,60.97],[59.0,61.34],[58.25,61.57],[50.25,62.73],[42.94,64.75],[41.5,65.52],[34.5,67.83],[24.25,70.09],[17.0,72.13],[14.7,73.0],[11.5,74.73],[9.51,76.5],[9.28,77.75],[9.8,78.5],[10.5,78.87],[11.75,79.0],[13.25,78.72],[14.5,79.03],[17.5,79.05],[18.28,79.5],[19.07,80.75],[19.49,81.0],[24.04,82.25],[30.75,83.03],[42.0,83.63],[67.0,84.12],[85.75,83.83],[95.5,83.28],[103.5,82.53],[107.83,81.75],[109.2,81.25],[109.32,81.0],[109.23,80.75],[107.91,80.25],[102.75,79.27],[100.0,79.31],[97.25,79.7],[96.0,79.48],[94.25,79.54],[83.05,77.75],[76.56,76.0],[73.96,74.5],[70.2,69.25],[69.45,68.5],[66.6,66.75],[66.64,65.5],[66.38,64.75],[64.75,62.32],[62.5,61.19],[59.5,60.76],[59.25,60.97]]}},{"type":"Feature","properties":{"level":1000},"geometry":{"type":"LineString","coordinates":[[180.0,-88.19],[142.0,-87.64],[137.0,-87.42],[133.0,-86.86],[132.7,-86.75],[133.2,-86.5],[138.59,-85.75],[140.54,-85.0],[141.9,-84.75],[153.03,-84.25],[152.81,-84.0],[152.0,-83.88],[146.73,-83.5],[150.75,-83.48],[151.55,-83.0],[150.25,-82.62],[145.03,-82.0],[145.17,-81.75],[147.5,-80.77],[148.05,-80.25],[148.89,-80.0],[152.25,-79.78],[153.25,-80.03],[154.86,-80.0],[153.41,-79.75],[153.8,-79.5],[153.57,-78.75],[153.77,-78.5],[155.75,-78.23],[157.0,-78.33],[157.88,-78.0],[157.88,-77.75],[157.25,-77.28],[155.28,-77.0],[153.75,-76.27],[148.0,-75.17],[142.75,-75.01],[140.0,-75.2],[139.0,-75.67],[137.25,-75.42],[135.72,-75.0],[135.66,-74.75],[136.0,-74.5],[135.67,-73.75],[135.98,-73.25],[134.6,-72.75],[134.93,-72.5],[134.75,-72.4],[133.25,-72.13],[130.75,-71.9],[127.0,-72.2],[126.67,-72.25],[126.25,-72.79],[123.75,-72.79],[118.5,-73.41],[107.75,-72.99],[107.09,-73.25],[107.14,-73.5],[106.62,-73.75],[106.74,-74.0],[110.0,-74.75],[105.0,-74.99],[102.5,-74.85],[102.03,-74.5],[102.06,-74.25],[101.25,-73.75],[99.75,-73.35],[96.0,-73.25],[94.25,-73.53],[92.62,-74.5],[93.25,-74.85],[94.75,-75.11],[99.0,-75.23],[100.24,-75.5],[97.5,-75.65],[89.25,-75.41],[82.48,-77.0],[78.5,-77.31],[65.5,-77.5],[63.0,-77.23],[60.25,-76.42],[57.75,-76.05],[55.03,-75.0],[54.55,-74.5],[55.33,-72.25],[55.11,-72.0],[54.25,-71.86],[52.59,-72.0],[48.25,-72.98],[37.0,-74.33],[27.75,-75.09],[22.0,-75.06],[20.59,-75.25],[21.0,-75.61],[22.23,-76.0],[30.75,-76.64],[37.75,-77.54],[39.71,-78.0],[40.96,-78.75],[40.96,-79.25],[40.48,-80.25],[37.34,-82.25],[33.25,-83.44],[27.75,-84.11],[25.25,-84.23],[5.5,-83.51],[-2.5,-83.49],[-29.5,-84.76],[-38.0,-85.45],[-43.75,-85.33],[-58.0,-85.88],[-67.5,-86.59],[-83.04,-87.25],[-106.75,-87.4],[-112.7,-87.75],[-132.75,-88.1],[-180.0,-88.19]]}},{"type":"Feature","properties":{"level":1000},"geometry":{"type":"LineString","coordinates":[[126.25,-84.51],[127.71,-84.0],[130.61,-84.0],[127.87,-84.5],[126.25,-84.51]]}},{"type":"Feature","properties":{"level":1000},"geometry":{"type":"LineString","coordinates":[[-12.95,-82.5],[-11.5,-82.63],[-7.5,-82.08],[-1.8,-81.75],[-4.0,-81.24],[-8.0,-80.82],[-14.43,-81.0],[-8.72,-81.5],[-12.95,-82.5]]}},{"type":"Feature","properties":{"level":1000},"geometry":{"type":"LineString","coordinates":[[-111.27,-80.75],[-108.24,-80.75],[-106.47,-80.25],[-107.35,-79.75],[-111.14,-79.25],[-110.06,-79.0],[-110.75,-78.56],[-112.0,-78.57],[-112.22,-78.75],[-112.06,-79.0],[-112.23,-79.25],[-112.73,-79.5],[-112.07,-80.0],[-112.53,-80.5],[-111.27,-80.75]]}},{"type":"Feature","properties":{"level":1000},"geometry":{"type":"LineString","coordinates":[[-117.01,-78.5],[-112.5,-78.31],[-112.03,-78.0],[-115.75,-77.52],[-116.69,-78.0],[-117.01,-78.5]]}},{"type":"Feature","properties":{"level":1000},"geometry":{"type":"LineString","coordinates":[[160.8,-74.0],[161.39,-74.0],[161.35,-73.75],[160.5,-73.53],[160.12,-73.75],[160.8,-74.0]]}},{"type":"Feature","properties":{"level":1000},"geometry":{"type":"LineString","coordinates":[[158.07,-73.0],[159.11,-73.0],[158.07,-73.0]]}},{"type":"Feature","properties":{"level":1000},"geometry":{"type":"LineString","coordinates":[[-180.0,-56.68],[-168.79,-55.25],[-168.25,-54.77],[-160.0,-55.52],[-151.0,-55.39],[-146.0,-54.7],[-143.75,-54.98],[-141.25,-54.91],[-139.3,-53.5],[-136.17,-49.0],[-133.49,-46.25],[-129.92,-43.75],[-127.25,-42.63],[-123.75,-41.92],[-119.5,-42.33],[-112.75,-43.82],[-107.5,-49.83],[-104.9,-52.0],[-102.34,-53.75],[-99.75,-56.11],[-97.5,-57.18],[-88.75,-59.87],[-85.75,-61.05],[-84.0,-61.41],[-81.0,-61.58],[-66.5,-60.78],[-64.25,-61.14],[-60.0,-62.39],[-56.5,-63.1],[-55.0,-62.97],[-52.0,-63.33],[-48.0,-63.11],[-39.25,-61.95],[-35.0,-60.76],[-32.25,-59.16],[-27.66,-55.25],[-23.51,-52.75],[-17.5,-50.2],[-9.97,-47.5],[-8.95,-46.75],[-8.34,-45.5],[-8.15,-44.25],[-8.42,-42.5],[-8.8,-41.75],[-8.43,-40.75],[-7.75,-40.22],[-5.75,-40.04],[-0.25,-40.32],[3.25,-41.34],[7.0,-42.76],[12.8,-46.0],[17.0,-49.02],[19.75,-51.39],[22.25,-52.61],[26.0,-53.27],[39.0,-53.61],[44.25,-53.52],[45.75,-53.71],[49.5,-54.75],[53.75,-54.99],[55.75,-54.67],[59.25,-53.65],[61.75,-53.35],[72.75,-53.53],[73.25,-53.49],[73.5,-53.21],[74.0,-53.42],[75.25,-53.39],[85.5,-52.51],[90.03,-51.75],[92.75,-50.68],[96.75,-47.87],[98.85,-45.75],[101.25,-43.87],[103.75,-42.89],[105.75,-42.61],[112.5,-43.6],[117.25,-45.0],[121.25,-45.86],[124.5,-45.91],[124.74,-45.5],[124.56,-44.75],[124.75,-44.43],[125.0,-44.44],[132.75,-49.2],[142.0,-53.79],[149.0,-56.37],[157.5,-58.45],[162.5,-59.19],[167.5,-59.32],[180.0,-56.68]]}},{"type":"Feature","properties":{"level":1000},"geometry":{"type":"LineString","coordinates":[[-120.75,19.22],[-121.5,19.64],[-121.98,20.25],[-122.26,21.0],[-122.14,22.0],[-121.75,22.6],[-121.0,23.05],[-120.0,23.2],[-119.25,23.04],[-118.5,22.5],[-118.04,21.75],[-118.09,20.5],[-119.25,19.35],[-120.0,19.13],[-120.75,19.22]]}},{"type":"Feature","properties":{"level":1000},"geometry":{"type":"LineString","coordinates":[[160.75,27.12],[160.54,27.75],[160.75,28.02],[161.25,28.06],[161.5,27.48],[161.25,27.17],[160.75,27.12]]}},{"type":"Feature","properties":{"level":1000},"geometry":{"type":"LineString","coordinates":[[154.5,38.47],[152.44,39.25],[151.45,40.75],[151.06,43.0],[151.6,44.25],[153.5,45.86],[155.77,46.75],[156.25,47.28],[157.25,47.52],[157.5,47.21],[158.5,47.46],[160.0,46.92],[161.75,46.68],[162.25,46.35],[161.83,45.5],[162.11,44.75],[162.11,42.75],[161.0,40.8],[159.25,39.37],[157.5,38.62],[154.5,38.47]]}},{"type":"Feature","properties":{"level":1000},"geometry":{"type":"LineString","coordinates":[[157.75,47.71],[158.08,47.75],[157.75,47.71]]}},{"type":"Feature","properties":{"level":1000},"geometry":{"type":"LineString","coordinates":[[159.5,47.74],[159.16,48.0],[160.14,48.0],[160.22,47.75],[159.5,47.74]]}},{"type":"Feature","properties":{"level":1000},"geometry":{"type":"LineString","coordinates":[[159.0,48.19],[158.55,49.0],[157.75,48.9],[157.5,49.35],[157.0,49.25],[155.5,49.78],[155.25,50.46],[155.0,50.31],[154.63,50.5],[154.02,52.25],[152.25,53.44],[150.25,53.67],[146.5,53.45],[144.0,53.56],[140.6,54.5],[138.5,56.02],[137.0,55.92],[138.01,57.75],[137.23,58.75],[137.17,59.75],[138.75,60.87],[139.7,61.25],[139.75,61.79],[143.0,62.43],[143.66,63.25],[144.0,63.43],[145.25,63.38],[146.0,64.16],[147.0,64.34],[148.0,63.96],[148.5,64.0],[149.5,64.57],[150.5,64.56],[152.0,65.55],[158.0,66.83],[162.75,67.29],[165.0,67.02],[166.01,66.75],[166.5,66.03],[167.01,65.75],[169.25,65.59],[170.0,65.19],[172.0,64.94],[173.17,63.5],[174.04,63.0],[174.43,62.5],[173.84,62.0],[173.93,61.75],[175.99,59.75],[176.85,58.0],[177.47,57.5],[178.01,56.0],[177.96,55.25],[177.0,53.34],[175.0,51.82],[173.0,51.09],[168.25,50.17],[168.0,49.77],[167.25,49.81],[166.75,49.41],[164.75,49.23],[164.0,48.65],[163.0,49.29],[162.78,49.25],[163.0,48.75],[162.75,48.53],[162.0,48.32],[161.5,48.57],[160.25,48.59],[159.25,48.42],[159.0,48.19]]}},{"type":"Feature","properties":{"level":1000},"geometry":{"type":"LineString","coordinates":[[-54.5,48.71],[-58.0,49.02],[-58.25,49.36],[-60.42,50.25],[-60.15,51.75],[-60.24,53.0],[-59.74,53.5],[-59.93,54.0],[-59.57,55.0],[-59.68,56.25],[-59.38,57.75],[-58.57,59.0],[-57.0,60.09],[-55.0,60.85],[-52.0,61.54],[-51.74,61.5],[-52.0,61.25],[-47.25,60.65],[-45.5,60.76],[-43.5,59.47],[-39.75,59.84],[-37.13,58.75],[-35.86,57.75],[-35.76,57.0],[-36.75,56.79],[-37.25,56.42],[-39.25,56.45],[-42.03,55.75],[-43.75,54.05],[-46.5,52.55],[-48.95,50.25],[-50.78,49.25],[-53.0,48.62],[-54.5,48.71]]}},{"type":"Feature","properties":{"level":1000},"geometry":{"type":"LineString","coordinates":[[-82.25,50.42],[-87.75,53.25],[-93.45,58.5],[-95.75,60.12],[-96.7,61.25],[-96.75,61.81],[-96.0,62.22],[-95.0,62.34],[-92.0,61.73],[-90.43,60.75],[-88.0,58.66],[-82.0,55.17],[-78.91,54.0],[-78.46,53.5],[-78.35,51.5],[-78.51,51.0],[-79.25,50.47],[-80.0,50.29],[-82.25,50.42]]}},{"type":"Feature","properties":{"level":1000},"geometry":{"type":"LineString","coordinates":[[-37.25,55.86],[-37.45,56.0],[-37.0,56.14],[-37.0,55.86],[-37.25,55.86]]}},{"type":"Feature","properties":{"level":1000},"geometry":{"type":"LineString","coordinates":[[58.0,58.95],[54.75,60.05],[51.17,60.75],[40.5,63.48],[36.83,65.0],[30.75,66.68],[28.89,67.5],[21.5,69.03],[21.07,69.25],[20.97,69.5],[21.2,69.75],[21.0,70.0],[16.25,70.91],[13.25,71.74],[10.76,72.75],[7.91,74.5],[6.01,76.5],[5.55,77.5],[5.63,78.0],[6.11,78.5],[7.75,79.24],[11.5,80.06],[13.58,81.5],[15.0,82.15],[20.25,83.22],[26.75,83.95],[37.75,84.65],[55.25,85.17],[71.5,85.25],[88.0,84.99],[107.57,84.0],[115.5,83.18],[122.98,82.0],[125.46,81.25],[126.73,80.5],[129.95,76.75],[131.63,76.0],[134.0,75.5],[136.16,74.5],[136.7,74.0],[136.13,73.25],[134.5,72.65],[133.0,72.45],[131.25,72.56],[129.11,73.0],[126.5,75.47],[125.0,76.07],[122.5,76.48],[114.5,77.13],[102.75,77.83],[95.0,77.61],[86.36,76.5],[83.0,75.79],[80.75,74.99],[78.75,74.06],[75.61,71.75],[70.7,67.0],[69.49,64.5],[67.99,62.5],[67.5,61.41],[66.25,60.31],[64.25,59.34],[62.75,58.94],[58.0,58.95]]}},{"type":"Feature","properties":{"level":1000},"geometry":{"type":"LineString","coordinates":[[-51.25,61.7],[-51.49,61.75],[-50.75,62.25],[-50.75,63.01],[-49.5,62.62],[-48.5,62.01],[-47.95,62.0],[-48.0,61.79],[-49.0,62.05],[-51.25,61.7]]}},{"type":"Feature","properties":{"level":1004},"geometry":{"type":"LineString","coordinates":[[180.0,-88.45],[140.25,-88.13],[133.25,-87.72],[129.26,-87.0],[131.59,-86.25],[135.02,-85.75],[136.47,-85.0],[139.69,-84.0],[138.25,-83.46],[136.25,-83.57],[124.0,-85.46],[121.88,-85.5],[120.9,-85.25],[121.94,-84.25],[122.63,-84.0],[134.75,-82.73],[137.31,-82.25],[137.43,-82.0],[138.25,-81.76],[140.51,-81.75],[142.82,-81.0],[146.25,-80.41],[148.5,-79.64],[150.3,-79.5],[150.95,-79.25],[152.18,-78.25],[155.1,-77.5],[151.9,-76.5],[145.5,-75.79],[143.75,-75.76],[142.0,-76.1],[140.25,-77.14],[138.0,-76.99],[133.25,-75.75],[133.5,-75.14],[134.5,-74.38],[134.6,-73.75],[135.01,-73.25],[133.5,-73.23],[132.75,-72.68],[131.75,-72.47],[120.5,-73.77],[115.03,-74.0],[114.25,-74.5],[116.1,-75.25],[109.75,-76.32],[102.0,-76.55],[89.25,-76.08],[87.76,-76.75],[84.75,-77.23],[69.75,-78.05],[62.75,-77.84],[59.5,-76.91],[56.0,-76.28],[53.91,-75.5],[52.25,-74.42],[50.25,-73.75],[46.0,-73.88],[31.0,-75.73],[26.0,-75.55],[24.63,-75.75],[24.75,-76.01],[31.25,-76.36],[38.75,-77.45],[40.69,-78.0],[41.72,-78.75],[41.82,-79.25],[41.48,-80.25],[39.68,-81.5],[39.5,-82.19],[37.87,-83.25],[37.83,-83.75],[34.72,-84.5],[31.0,-84.87],[26.0,-84.95],[20.0,-84.59],[5.0,-84.23],[-8.0,-84.86],[-13.54,-84.75],[-23.5,-85.91],[-29.0,-85.72],[-53.5,-86.44],[-68.97,-87.5],[-90.5,-88.04],[-125.25,-88.44],[-180.0,-88.45]]}},{"type":"Feature","properties":{"level":1004},"geometry":{"type":"LineString","coordinates":[[156.31,-78.0],[157.43,-78.0],[157.32,-77.75],[156.5,-77.6],[156.07,-77.75],[156.31,-78.0]]}},{"type":"Feature","properties":{"level":1004},"geometry":{"type":"LineString","coordinates":[[-180.0,-55.75],[-171.5,-54.16],[-171.15,-54.0],[-171.17,-53.5],[-170.75,-53.38],[-162.75,-54.27],[-156.75,-54.3],[-150.75,-53.88],[-147.75,-52.97],[-143.5,-52.25],[-141.75,-51.58],[-140.75,-50.81],[-138.25,-47.96],[-134.5,-44.5],[-131.34,-42.5],[-128.07,-41.0],[-125.5,-40.53],[-118.75,-40.75],[-114.0,-41.41],[-113.5,-41.85],[-113.18,-41.25],[-113.25,-40.85],[-108.98,-46.5],[-106.6,-49.0],[-104.52,-50.75],[-100.34,-53.5],[-97.49,-55.75],[-93.25,-57.46],[-84.75,-59.77],[-81.25,-60.35],[-78.25,-60.44],[-64.75,-59.96],[-61.75,-60.34],[-57.5,-61.61],[-55.0,-61.98],[-51.75,-62.08],[-47.25,-61.83],[-41.36,-60.75],[-35.75,-58.82],[-34.0,-57.79],[-30.66,-55.25],[-26.14,-52.5],[-14.44,-47.0],[-12.29,-45.5],[-11.89,-44.25],[-11.25,-43.5],[-12.29,-42.5],[-11.92,-41.25],[-12.03,-39.25],[-11.25,-38.81],[-7.75,-38.39],[-2.75,-38.73],[0.75,-39.54],[4.25,-40.69],[11.0,-43.84],[21.0,-50.52],[23.75,-51.68],[27.5,-52.37],[39.25,-52.7],[44.5,-52.6],[49.5,-53.55],[52.5,-53.8],[60.0,-52.45],[70.0,-52.79],[78.0,-52.42],[85.25,-51.33],[90.0,-50.07],[95.13,-47.25],[98.23,-44.75],[98.54,-44.25],[100.25,-43.16],[102.87,-42.0],[106.25,-41.69],[110.0,-41.9],[117.75,-42.98],[119.25,-42.86],[121.0,-42.32],[121.5,-42.04],[121.69,-41.25],[122.0,-41.21],[126.0,-42.18],[127.0,-42.73],[127.75,-42.71],[128.35,-43.75],[130.57,-45.5],[130.76,-46.0],[132.48,-47.5],[138.96,-51.25],[145.25,-54.0],[148.75,-55.27],[153.25,-56.53],[160.0,-57.93],[166.0,-58.39],[169.5,-58.04],[180.0,-55.75]]}},{"type":"Feature","properties":{"level":1004},"geometry":{"type":"LineString","coordinates":[[-64.25,-28.57],[-64.5,-28.0],[-65.53,-27.5],[-64.83,-26.25],[-65.0,-25.38],[-64.18,-24.25],[-64.25,-23.95],[-64.5,-23.92],[-64.75,-24.4],[-64.83,-24.25],[-64.5,-22.41],[-63.75,-21.53],[-64.0,-20.95],[-63.5,-20.84],[-63.15,-20.25],[-63.16,-19.25],[-63.76,-18.75],[-63.25,-18.35],[-62.57,-18.75],[-61.75,-20.07],[-61.0,-20.75],[-60.95,-21.5],[-61.16,-21.75],[-61.56,-25.5],[-62.44,-26.5],[-62.0,-27.25],[-62.02,-28.0],[-62.25,-28.33],[-62.75,-28.46],[-63.75,-28.26],[-64.25,-28.57]]}},{"type":"Feature","properties":{"level":1004},"geometry":{"type":"LineString","coordinates":[[-121.25,17.7],[-122.89,18.75],[-123.83,20.0],[-123.91,21.0],[-123.43,22.5],[-122.5,23.58],[-121.5,24.08],[-119.75,24.23],[-118.25,23.82],[-117.27,23.0],[-116.82,22.25],[-116.63,20.75],[-117.0,19.17],[-117.75,18.47],[-119.25,17.65],[-120.75,17.53],[-121.25,17.7]]}},{"type":"Feature","properties":{"level":1004},"geometry":{"type":"LineString","coordinates":[[160.5,26.7],[160.0,27.15],[159.98,27.75],[160.5,28.39],[161.25,28.53],[161.66,28.25],[161.92,27.5],[161.25,26.72],[160.5,26.7]]}},{"type":"Feature","properties":{"level":1004},"geometry":{"type":"LineString","coordinates":[[153.5,37.67],[152.0,38.41],[151.12,39.25],[150.4,40.75],[149.87,42.75],[150.43,45.25],[151.08,46.25],[152.01,48.75],[152.0,50.33],[151.5,51.4],[149.5,52.19],[141.5,53.42],[139.75,54.16],[138.15,55.25],[137.5,55.5],[136.36,55.5],[137.09,56.5],[137.07,57.25],[136.23,58.25],[135.58,60.75],[136.25,61.15],[137.0,61.01],[137.5,61.18],[140.0,62.83],[141.21,62.75],[140.91,63.25],[141.0,63.5],[142.0,63.91],[143.0,64.27],[144.25,64.06],[145.75,64.87],[147.5,64.69],[147.75,65.03],[149.26,65.25],[151.25,66.62],[155.0,68.04],[155.5,67.95],[158.25,68.47],[161.25,69.3],[162.75,68.67],[163.75,68.91],[167.75,67.96],[169.25,68.13],[170.25,67.95],[171.5,68.39],[171.73,68.25],[169.9,67.25],[172.85,66.0],[174.25,66.04],[174.36,65.25],[175.51,65.0],[175.78,64.75],[175.58,64.5],[175.75,64.38],[176.75,64.32],[177.49,63.75],[177.52,63.5],[176.8,63.0],[177.69,62.5],[178.36,61.75],[178.95,59.0],[178.83,57.75],[179.38,56.75],[179.04,56.0],[179.02,54.5],[178.65,53.75],[176.53,51.25],[173.25,49.74],[167.5,47.8],[165.25,46.69],[163.7,45.25],[163.48,43.5],[162.32,41.25],[159.75,38.98],[157.0,37.64],[153.5,37.67]]}},{"type":"Feature","properties":{"level":1004},"geometry":{"type":"LineString","coordinates":[[-55.5,47.46],[-59.0,47.75],[-59.25,48.11],[-60.25,48.39],[-61.64,49.25],[-62.89,51.0],[-62.45,51.5],[-62.17,53.0],[-62.31,53.75],[-61.94,54.75],[-61.56,55.0],[-61.56,57.0],[-61.22,57.25],[-60.48,59.25],[-59.75,60.22],[-56.11,63.5],[-56.05,64.0],[-56.61,64.75],[-56.6,65.5],[-56.08,66.25],[-55.0,66.89],[-53.75,67.14],[-52.83,66.75],[-52.8,66.5],[-52.25,66.18],[-51.52,66.0],[-51.65,65.75],[-49.75,65.55],[-49.35,65.25],[-49.0,64.19],[-47.26,63.75],[-47.2,63.5],[-47.75,63.0],[-46.41,61.75],[-46.47,61.5],[-44.57,61.25],[-44.39,60.5],[-44.0,60.17],[-43.0,59.96],[-39.75,60.57],[-38.5,60.19],[-37.5,60.17],[-33.5,58.91],[-31.97,58.0],[-31.9,57.5],[-31.58,57.25],[-31.75,56.9],[-32.47,56.75],[-33.0,56.15],[-36.46,54.0],[-36.69,53.5],[-37.25,53.42],[-38.0,52.9],[-41.25,52.45],[-44.75,51.36],[-48.0,49.25],[-51.25,47.91],[-53.25,47.41],[-55.5,47.46]]}},{"type":"Feature","properties":{"level":1004},"geometry":{"type":"LineString","coordinates":[[-82.5,47.62],[-85.25,49.45],[-88.9,51.25],[-90.75,53.04],[-94.79,56.0],[-96.5,57.12],[-98.75,58.2],[-99.25,59.29],[-101.69,61.25],[-101.96,62.0],[-103.39,64.0],[-103.34,64.5],[-101.5,64.92],[-100.0,64.85],[-91.75,63.22],[-87.5,61.4],[-77.46,55.5],[-76.14,52.5],[-76.35,50.75],[-76.75,49.93],[-78.5,48.5],[-80.0,47.75],[-82.5,47.62]]}},{"type":"Feature","properties":{"level":1004},"geometry":{"type":"LineString","coordinates":[[60.25,57.25],[55.5,57.51],[53.5,58.37],[46.75,60.31],[41.0,61.67],[36.75,62.3],[34.42,63.0],[30.33,63.75],[29.95,64.0],[29.75,64.69],[27.75,65.4],[19.0,67.05],[18.43,67.5],[18.82,68.25],[18.75,69.12],[14.0,69.92],[10.75,70.86],[7.5,72.17],[5.5,73.4],[2.63,76.0],[1.94,77.25],[1.99,78.0],[3.21,79.75],[7.46,82.5],[10.75,83.58],[15.75,84.41],[24.0,85.21],[38.5,86.02],[67.25,86.44],[98.25,85.9],[109.25,85.36],[119.5,84.47],[126.0,83.59],[131.44,82.5],[134.38,81.5],[140.45,78.75],[143.0,77.95],[147.25,77.04],[153.14,77.25],[165.5,78.67],[170.25,78.4],[172.0,78.06],[172.54,77.75],[170.76,76.75],[170.64,75.5],[170.33,75.0],[169.44,74.25],[168.0,73.54],[164.75,72.97],[157.5,72.61],[155.69,72.25],[154.25,71.54],[153.75,71.81],[152.5,71.67],[149.75,72.98],[147.5,73.31],[146.5,72.98],[142.5,72.82],[136.25,71.65],[129.5,71.42],[116.0,74.53],[107.5,76.18],[104.5,76.39],[97.0,76.16],[89.75,75.26],[84.26,73.75],[81.52,72.5],[76.75,69.52],[73.62,66.75],[70.69,62.0],[69.5,60.48],[68.31,59.5],[65.75,58.2],[62.5,57.4],[60.25,57.25]]}},{"type":"Feature","properties":{"level":1004},"geometry":{"type":"LineString","coordinates":[[87.5,59.96],[86.85,60.5],[87.5,60.73],[88.21,60.5],[88.29,60.0],[87.5,59.96]]}},{"type":"Feature","properties":{"level":1008},"geometry":{"type":"LineString","coordinates":[[180.0,-88.88],[148.75,-88.83],[131.5,-88.32],[127.0,-87.87],[125.52,-87.25],[125.39,-87.0],[125.62,-86.75],[127.47,-86.25],[127.21,-86.0],[120.25,-86.23],[118.52,-86.0],[117.21,-85.5],[117.12,-85.25],[118.17,-84.5],[120.42,-83.75],[127.25,-83.13],[131.0,-82.5],[134.75,-81.5],[145.0,-79.96],[151.88,-77.25],[150.5,-76.74],[144.75,-76.57],[140.0,-77.68],[135.0,-78.06],[130.09,-77.75],[128.98,-77.25],[127.14,-77.0],[130.0,-76.29],[132.09,-75.5],[133.47,-74.25],[133.24,-74.0],[133.32,-73.5],[132.25,-73.11],[120.87,-74.25],[119.25,-74.75],[119.52,-75.25],[119.0,-75.75],[116.03,-76.25],[113.99,-77.0],[104.75,-77.27],[91.0,-76.73],[87.25,-77.49],[76.75,-78.11],[71.75,-78.69],[67.0,-78.62],[59.5,-77.97],[54.25,-76.49],[51.8,-75.25],[49.25,-74.61],[42.5,-74.9],[39.0,-75.76],[32.17,-76.25],[40.75,-77.56],[41.62,-78.0],[42.32,-78.75],[42.63,-79.5],[42.31,-80.25],[41.28,-81.25],[41.47,-82.5],[40.75,-83.15],[40.34,-84.0],[36.26,-85.25],[30.5,-85.81],[15.0,-85.14],[3.25,-85.21],[-20.0,-86.29],[-42.75,-86.63],[-65.62,-88.0],[-82.5,-88.4],[-140.0,-89.0],[-180.0,-88.88]]}},{"type":"Feature","properties":{"level":1008},"geometry":{"type":"LineString","coordinates":[[-180.0,-54.62],[-177.08,-54.0],[-175.0,-53.25],[-173.97,-52.75],[-173.75,-52.05],[-173.0,-51.87],[-171.0,-51.91],[-163.0,-52.99],[-158.0,-53.02],[-153.0,-52.57],[-146.88,-50.75],[-143.25,-49.1],[-138.0,-44.3],[-135.75,-42.65],[-131.19,-40.0],[-128.0,-39.01],[-124.25,-38.81],[-120.97,-38.25],[-119.09,-36.25],[-119.18,-36.0],[-117.97,-34.0],[-116.75,-32.89],[-115.82,-33.5],[-115.4,-34.25],[-115.0,-34.38],[-114.25,-35.68],[-113.39,-36.5],[-113.0,-37.93],[-109.2,-44.25],[-106.73,-47.0],[-102.0,-50.98],[-96.25,-54.77],[-92.5,-56.38],[-85.75,-58.27],[-79.75,-59.25],[-74.0,-59.37],[-66.5,-58.91],[-63.0,-58.95],[-60.75,-59.27],[-55.25,-60.76],[-51.25,-60.93],[-46.5,-60.34],[-43.23,-59.5],[-39.5,-58.09],[-35.25,-56.1],[-19.47,-47.0],[-17.5,-45.57],[-15.28,-43.25],[-15.35,-41.75],[-14.69,-40.75],[-14.67,-38.75],[-14.4,-38.0],[-13.75,-37.47],[-9.0,-36.76],[-8.0,-36.96],[-5.5,-36.77],[-4.5,-37.1],[-3.0,-37.19],[1.75,-38.67],[10.5,-42.54],[16.57,-46.0],[21.5,-49.26],[26.0,-50.93],[32.25,-51.56],[44.5,-51.65],[51.0,-52.5],[53.5,-52.29],[57.75,-51.39],[72.25,-52.01],[76.25,-51.81],[81.0,-51.1],[86.75,-49.66],[90.28,-48.25],[94.76,-45.75],[97.66,-43.25],[101.56,-41.25],[106.0,-40.62],[115.5,-40.45],[117.0,-40.07],[118.5,-39.27],[119.0,-39.36],[119.36,-38.75],[119.24,-38.25],[119.5,-38.1],[123.25,-38.62],[124.75,-38.36],[126.25,-39.24],[129.25,-42.31],[131.5,-43.96],[132.96,-46.0],[135.75,-48.08],[139.75,-50.39],[144.25,-52.47],[151.25,-54.95],[159.5,-56.87],[165.25,-57.4],[169.75,-56.97],[180.0,-54.62]]}},{"type":"Feature","properties":{"level":1008},"geometry":{"type":"LineString","coordinates":[[-60.75,-35.53],[-61.32,-35.0],[-61.33,-34.0],[-62.0,-33.15],[-64.75,-32.76],[-64.9,-32.25],[-64.75,-31.24],[-66.53,-30.25],[-66.61,-29.75],[-66.36,-29.25],[-65.5,-28.57],[-65.75,-27.98],[-66.5,-28.76],[-67.64,-28.5],[-67.75,-27.13],[-67.51,-27.25],[-67.5,-27.79],[-67.25,-27.72],[-67.0,-27.14],[-65.95,-26.25],[-66.25,-25.49],[-65.94,-25.5],[-65.44,-24.0],[-64.87,-23.25],[-65.07,-22.75],[-64.6,-20.0],[-64.77,-19.75],[-64.44,-19.0],[-64.98,-18.5],[-64.0,-18.55],[-63.95,-17.75],[-65.45,-17.0],[-67.75,-14.77],[-68.25,-13.91],[-71.25,-12.26],[-71.31,-12.0],[-70.91,-11.75],[-71.33,-11.25],[-70.97,-11.0],[-71.25,-10.6],[-71.75,-10.87],[-72.09,-10.75],[-72.0,-9.95],[-69.75,-10.82],[-68.38,-11.0],[-69.0,-10.05],[-69.45,-10.0],[-70.12,-9.5],[-70.0,-8.68],[-68.75,-9.95],[-67.5,-9.91],[-67.53,-9.25],[-67.25,-8.84],[-66.5,-10.75],[-66.5,-11.02],[-66.75,-11.1],[-67.25,-10.59],[-67.37,-10.75],[-66.97,-11.25],[-66.5,-11.5],[-65.25,-11.48],[-63.96,-12.5],[-63.74,-13.0],[-63.09,-13.25],[-63.27,-13.75],[-62.83,-16.0],[-61.5,-16.66],[-60.39,-16.75],[-59.91,-17.5],[-60.38,-18.0],[-59.75,-18.25],[-59.75,-17.99],[-59.5,-17.95],[-58.29,-18.5],[-58.17,-19.0],[-57.63,-19.5],[-57.48,-21.75],[-57.65,-23.25],[-58.06,-24.25],[-57.41,-26.25],[-57.45,-30.5],[-58.25,-31.72],[-58.54,-31.75],[-58.61,-32.5],[-60.18,-35.25],[-60.75,-35.53]]}},{"type":"Feature","properties":{"level":1008},"geometry":{"type":"LineString","coordinates":[[126.25,-35.61],[125.0,-34.7],[124.08,-34.75],[123.78,-32.25],[123.08,-31.25],[123.5,-30.57],[124.12,-30.25],[125.25,-31.23],[125.5,-31.21],[126.0,-32.13],[127.0,-32.43],[126.67,-34.0],[126.75,-35.19],[126.5,-35.74],[126.25,-35.61]]}},{"type":"Feature","properties":{"level":1008},"geometry":{"type":"LineString","coordinates":[[-66.43,-27.25],[-66.0,-27.41],[-65.75,-26.47],[-66.43,-27.25]]}},{"type":"Feature","properties":{"level":1008},"geometry":{"type":"LineString","coordinates":[[15.25,-20.58],[14.9,-19.75],[15.25,-20.18],[16.5,-19.76],[16.89,-20.0],[16.26,-20.5],[15.25,-20.58]]}},{"type":"Feature","properties":{"level":1008},"geometry":{"type":"LineString","coordinates":[[18.0,-20.39],[17.79,-20.0],[18.07,-19.5],[17.75,-19.37],[17.32,-19.5],[17.25,-19.76],[17.0,-19.49],[16.25,-19.7],[15.88,-19.5],[15.96,-19.0],[15.41,-18.75],[15.88,-17.75],[15.24,-17.0],[15.0,-16.25],[14.5,-16.01],[14.25,-15.5],[14.25,-14.75],[14.86,-13.75],[14.75,-12.8],[15.0,-12.53],[15.5,-12.87],[15.55,-12.25],[16.25,-11.96],[16.5,-11.96],[17.0,-12.61],[17.75,-11.25],[17.75,-10.82],[18.92,-11.0],[19.5,-11.59],[20.0,-11.62],[20.25,-11.39],[20.5,-11.61],[21.0,-11.38],[21.25,-11.81],[21.56,-9.75],[21.96,-9.5],[22.0,-9.02],[22.75,-9.93],[23.29,-10.0],[23.4,-10.25],[23.16,-10.5],[24.62,-12.25],[25.56,-12.25],[24.8,-12.75],[25.0,-13.07],[24.75,-13.18],[24.5,-12.93],[24.06,-13.25],[24.06,-13.5],[25.0,-13.44],[25.23,-13.75],[25.0,-14.27],[24.5,-14.18],[24.42,-14.75],[24.5,-14.97],[24.75,-14.83],[24.62,-15.25],[24.85,-16.0],[25.31,-16.25],[25.88,-17.25],[25.64,-17.5],[25.84,-17.75],[24.97,-19.0],[25.16,-19.5],[25.0,-19.79],[21.75,-19.98],[20.75,-19.69],[19.5,-20.25],[18.0,-20.39]]}},{"type":"Feature","properties":{"level":1008},"geometry":{"type":"LineString","coordinates":[[30.5,-15.0],[30.0,-14.65],[30.0,-14.33],[30.5,-13.44],[31.0,-13.42],[31.32,-13.0],[31.61,-11.75],[32.0,-11.5],[31.9,-11.25],[31.5,-11.3],[31.4,-11.75],[30.52,-12.75],[29.25,-12.81],[28.75,-13.55],[28.34,-13.75],[28.25,-14.25],[27.64,-14.25],[27.4,-13.5],[27.63,-13.0],[26.89,-12.5],[26.84,-12.0],[26.5,-11.52],[26.25,-11.52],[26.41,-11.25],[25.5,-10.69],[25.0,-10.91],[23.35,-9.75],[23.5,-9.35],[24.25,-9.45],[24.64,-9.25],[24.66,-9.0],[24.0,-8.41],[24.0,-7.65],[23.73,-7.5],[23.94,-7.25],[23.0,-6.98],[22.5,-7.2],[21.78,-6.25],[21.75,-5.87],[21.06,-5.25],[21.57,-4.75],[20.34,-4.5],[20.41,-4.0],[19.75,-3.9],[19.17,-3.25],[20.0,-2.99],[20.25,-2.62],[21.25,-2.81],[21.57,-2.5],[21.84,-2.0],[21.44,-1.25],[22.11,-0.75],[21.69,-0.25],[21.94,0.0],[22.36,-0.5],[23.36,-0.5],[23.25,-0.86],[22.93,-0.75],[23.08,-1.0],[22.75,-1.25],[22.75,-1.55],[23.25,-1.58],[23.5,-1.88],[23.75,-1.41],[24.29,-1.5],[23.72,-2.25],[24.0,-2.49],[24.25,-1.81],[24.5,-2.21],[24.75,-2.08],[24.75,-1.41],[25.92,-2.0],[25.75,-2.38],[25.5,-2.14],[25.25,-2.79],[25.0,-2.62],[24.45,-2.75],[24.95,-3.0],[24.75,-3.28],[22.75,-2.5],[22.42,-3.0],[22.75,-3.5],[23.25,-3.32],[24.25,-3.98],[25.5,-3.93],[26.25,-4.25],[25.5,-4.53],[25.25,-5.16],[26.37,-4.75],[26.54,-4.5],[26.26,-4.25],[27.0,-4.36],[27.5,-3.93],[28.75,-4.57],[28.83,-5.0],[28.33,-5.25],[28.38,-5.5],[28.5,-5.69],[29.0,-5.51],[29.43,-5.75],[28.91,-6.25],[29.12,-6.5],[29.06,-7.0],[28.18,-7.5],[28.13,-7.75],[28.5,-7.8],[29.25,-7.35],[29.51,-7.5],[29.11,-7.75],[29.5,-8.28],[30.23,-7.75],[30.0,-7.08],[29.56,-7.0],[29.65,-6.75],[30.5,-6.78],[30.69,-6.0],[30.25,-5.9],[30.0,-5.41],[29.5,-5.56],[29.23,-4.75],[28.83,-4.5],[29.0,-4.2],[29.25,-3.95],[29.48,-4.75],[30.05,-4.75],[29.87,-4.25],[30.5,-3.29],[31.0,-3.54],[31.25,-2.83],[33.25,-2.27],[33.0,-2.19],[33.0,-1.93],[34.09,-1.75],[33.57,-1.25],[33.75,-0.91],[34.25,-1.1],[34.5,-0.88],[35.25,-1.37],[34.91,-2.75],[34.37,-3.0],[34.75,-3.56],[35.24,-3.75],[34.78,-4.25],[34.75,-5.17],[35.25,-5.04],[35.53,-5.25],[35.6,-5.75],[35.25,-6.22],[34.75,-5.5],[34.13,-5.75],[33.84,-6.0],[33.84,-6.75],[34.25,-6.96],[35.25,-6.67],[35.84,-7.0],[34.5,-8.73],[34.04,-8.75],[33.75,-8.33],[33.25,-8.91],[32.63,-9.0],[32.75,-9.4],[33.29,-9.5],[33.55,-11.25],[33.26,-12.25],[32.5,-13.67],[31.25,-14.11],[30.5,-15.0]]}},{"type":"Feature","properties":{"level":1008},"geometry":{"type":"LineString","coordinates":[[-62.75,-12.81],[-62.75,-12.65],[-62.75,-12.81]]}},{"type":"Feature","properties":{"level":1008},"geometry":{"type":"LineString","coordinates":[[-73.25,-11.39],[-73.16,-11.0],[-74.0,-10.42],[-74.5,-9.28],[-74.75,-9.1],[-75.0,-9.36],[-75.5,-8.86],[-75.78,-7.25],[-75.53,-6.75],[-77.47,-4.75],[-77.25,-4.36],[-76.25,-4.7],[-76.0,-4.22],[-75.11,-4.25],[-75.97,-3.25],[-76.0,-2.91],[-75.5,-2.85],[-74.75,-3.45],[-73.79,-3.75],[-73.92,-4.25],[-73.47,-4.5],[-72.94,-5.5],[-72.0,-5.66],[-71.25,-6.57],[-70.5,-5.87],[-69.86,-5.75],[-69.65,-5.25],[-69.74,-4.5],[-70.25,-4.17],[-70.0,-4.05],[-68.54,-4.5],[-68.52,-4.75],[-69.38,-5.75],[-69.34,-6.5],[-69.71,-6.75],[-69.8,-8.0],[-70.75,-9.13],[-71.4,-8.0],[-72.75,-6.94],[-73.0,-5.95],[-73.5,-6.38],[-74.0,-6.34],[-74.78,-7.0],[-73.52,-8.0],[-73.0,-9.23],[-72.75,-9.25],[-73.6,-9.5],[-73.5,-10.03],[-73.25,-10.23],[-73.0,-10.0],[-72.82,-10.25],[-72.99,-10.75],[-72.66,-11.25],[-73.25,-11.39]]}},{"type":"Feature","properties":{"level":1008},"geometry":{"type":"LineString","coordinates":[[27.69,-10.5],[28.0,-10.53],[28.08,-10.25],[28.0,-8.89],[27.6,-9.25],[27.69,-10.5]]}},{"type":"Feature","properties":{"level":1008},"geometry":{"type":"LineString","coordinates":[[20.75,-9.28],[20.31,-8.75],[20.3,-8.25],[19.86,-7.5],[20.0,-6.76],[20.25,-6.85],[20.25,-6.56],[20.0,-6.71],[19.39,-6.5],[19.5,-6.2],[20.75,-6.43],[21.04,-7.25],[21.72,-7.75],[21.65,-8.75],[21.0,-8.93],[20.75,-9.28]]}},{"type":"Feature","properties":{"level":1008},"geometry":{"type":"LineString","coordinates":[[30.94,-9.25],[31.25,-9.42],[31.75,-8.75],[32.0,-9.03],[32.08,-8.5],[31.75,-7.86],[31.0,-7.43],[30.7,-7.5],[30.75,-8.25],[31.09,-8.5],[30.78,-8.75],[30.94,-9.25]]}},{"type":"Feature","properties":{"level":1008},"geometry":{"type":"LineString","coordinates":[[-68.75,-8.77],[-68.75,-8.55],[-68.75,-8.77]]}},{"type":"Feature","properties":{"level":1008},"geometry":{"type":"LineString","coordinates":[[-68.5,-8.2],[-68.5,-7.7],[-68.5,-8.2]]}},{"type":"Feature","properties":{"level":1008},"geometry":{"type":"LineString","coordinates":[[33.93,-8.0],[34.74,-7.5],[34.5,-7.31],[34.0,-7.62],[32.75,-7.75],[33.93,-8.0]]}},{"type":"Feature","properties":{"level":1008},"geometry":{"type":"LineString","coordinates":[[-71.05,-7.5],[-71.0,-7.66],[-70.83,-7.5],[-71.05,-7.5]]}},{"type":"Feature","properties":{"level":1008},"geometry":{"type":"LineString","coordinates":[[-62.0,-7.56],[-62.36,-7.25],[-62.25,-6.94],[-61.57,-7.25],[-62.0,-7.56]]}},{"type":"Feature","properties":{"level":1008},"geometry":{"type":"LineString","coordinates":[[-68.0,-7.17],[-68.0,-6.94],[-68.0,-7.17]]}},{"type":"Feature","properties":{"level":1008},"geometry":{"type":"LineString","coordinates":[[24.46,-6.75],[25.0,-6.21],[25.5,-6.71],[25.63,-6.25],[25.0,-5.92],[24.6,-6.25],[24.46,-6.75]]}},{"type":"Feature","properties":{"level":1008},"geometry":{"type":"LineString","coordinates":[[-69.0,-6.59],[-69.05,-6.25],[-68.5,-6.08],[-68.5,-6.67],[-69.0,-6.59]]}},{"type":"Feature","properties":{"level":1008},"geometry":{"type":"LineString","coordinates":[[-60.25,-6.51],[-60.25,-5.89],[-59.23,-6.0],[-59.75,-6.09],[-60.25,-6.51]]}},{"type":"Feature","properties":{"level":1008},"geometry":{"type":"LineString","coordinates":[[-59.75,-5.59],[-59.75,-5.02],[-59.75,-5.59]]}},{"type":"Feature","properties":{"level":1008},"geometry":{"type":"LineString","coordinates":[[-76.28,-5.25],[-76.13,-5.25],[-76.25,-4.8],[-76.28,-5.25]]}},{"type":"Feature","properties":{"level":1008},"geometry":{"type":"LineString","coordinates":[[17.75,-5.28],[17.41,-5.0],[18.0,-4.68],[18.06,-5.0],[17.75,-5.28]]}},{"type":"Feature","properties":{"level":1008},"geometry":{"type":"LineString","coordinates":[[18.5,-5.28],[18.68,-5.0],[18.5,-4.25],[19.08,-5.25],[18.75,-5.46],[18.5,-5.28]]}},{"type":"Feature","properties":{"level":1008},"geometry":{"type":"LineString","coordinates":[[19.75,-4.39],[19.75,-4.06],[19.97,-4.25],[19.75,-4.39]]}},{"type":"Feature","properties":{"level":1008},"geometry":{"type":"LineString","coordinates":[[23.68,-4.25],[24.03,-4.25],[23.75,-4.02],[23.68,-4.25]]}},{"type":"Feature","properties":{"level":1008},"geometry":{"type":"LineString","coordinates":[[-60.25,-3.94],[-60.55,-3.25],[-60.0,-2.67],[-59.79,-3.5],[-60.25,-3.94]]}},{"type":"Feature","properties":{"level":1008},"geometry":{"type":"LineString","coordinates":[[-59.0,-3.62],[-59.37,-3.25],[-59.19,-3.0],[-58.75,-2.97],[-59.0,-3.62]]}},{"type":"Feature","properties":{"level":1008},"geometry":{"type":"LineString","coordinates":[[-63.5,-3.36],[-63.5,-3.09],[-62.94,-3.25],[-63.5,-3.36]]}},{"type":"Feature","properties":{"level":1008},"geometry":{"type":"LineString","coordinates":[[-62.75,-3.11],[-62.75,-2.9],[-62.75,-3.11]]}},{"type":"Feature","properties":{"level":1008},"geometry":{"type":"LineString","coordinates":[[20.9,-3.0],[21.07,-3.0],[20.9,-3.0]]}},{"type":"Feature","properties":{"level":1008},"geometry":{"type":"LineString","coordinates":[[25.75,-3.13],[25.65,-3.0],[26.0,-2.97],[25.75,-3.13]]}},{"type":"Feature","properties":{"level":1008},"geometry":{"type":"LineString","coordinates":[[30.5,-2.77],[30.06,-2.25],[30.16,-2.0],[30.41,-2.0],[30.5,-2.47],[30.75,-2.47],[31.25,-1.82],[31.25,-2.6],[30.75,-2.55],[30.5,-2.77]]}},{"type":"Feature","properties":{"level":1008},"geometry":{"type":"LineString","coordinates":[[36.0,-2.69],[35.78,-2.5],[36.25,-1.6],[36.41,-2.0],[36.0,-2.69]]}},{"type":"Feature","properties":{"level":1008},"geometry":{"type":"LineString","coordinates":[[-63.5,-2.32],[-63.5,-1.93],[-63.28,-2.25],[-63.5,-2.32]]}},{"type":"Feature","properties":{"level":1008},"geometry":{"type":"LineString","coordinates":[[-62.5,-2.49],[-63.55,-1.0],[-64.64,0.0],[-64.64,0.5],[-64.08,1.0],[-63.25,0.63],[-62.04,0.5],[-62.69,-0.25],[-62.5,-0.59],[-62.2,-0.5],[-62.26,-1.0],[-62.98,-1.5],[-62.75,-1.66],[-61.75,-1.38],[-61.5,-0.73],[-60.64,-0.75],[-60.39,-1.0],[-61.44,-1.5],[-61.04,-2.0],[-61.5,-2.34],[-61.4,-1.75],[-61.75,-1.53],[-62.5,-2.49]]}},{"type":"Feature","properties":{"level":1008},"geometry":{"type":"LineString","coordinates":[[-139.75,-1.04],[-140.0,-0.78],[-140.75,-0.91],[-140.92,-0.25],[-141.5,-0.07],[-141.69,0.25],[-140.89,0.75],[-140.5,1.66],[-139.75,1.15],[-139.65,1.5],[-139.24,1.5],[-139.67,1.0],[-139.41,0.5],[-139.42,-0.25],[-139.75,-1.04]]}},{"type":"Feature","properties":{"level":1008},"geometry":{"type":"LineString","coordinates":[[24.75,-1.06],[24.43,-0.75],[24.75,-0.57],[25.18,-1.0],[24.75,-1.06]]}},{"type":"Feature","properties":{"level":1008},"geometry":{"type":"LineString","coordinates":[[25.5,-1.03],[25.5,-0.56],[26.01,-0.75],[26.0,-1.09],[25.5,-1.03]]}},{"type":"Feature","properties":{"level":1008},"geometry":{"type":"LineString","coordinates":[[31.5,-0.54],[31.44,0.0],[30.82,0.25],[31.75,0.28],[32.0,0.59],[32.5,0.25],[31.93,0.0],[31.5,-0.54]]}},{"type":"Feature","properties":{"level":1008},"geometry":{"type":"LineString","coordinates":[[34.25,-0.63],[33.5,0.1],[33.25,0.8],[33.0,0.18],[32.53,0.25],[32.75,0.26],[32.75,0.52],[30.75,1.17],[30.17,0.75],[29.61,0.75],[29.98,1.25],[29.15,1.75],[28.55,2.5],[28.79,3.0],[28.55,3.75],[29.1,4.25],[29.0,4.56],[28.25,4.14],[27.0,4.62],[26.61,4.5],[26.18,4.25],[26.25,3.65],[25.25,3.5],[25.01,3.25],[25.0,2.43],[24.0,2.68],[23.53,2.5],[23.29,2.25],[23.57,1.75],[23.5,1.36],[23.25,1.81],[23.0,1.34],[22.65,2.25],[22.0,2.71],[22.0,3.75],[22.62,3.75],[22.22,4.5],[22.5,5.09],[22.75,4.58],[23.13,4.5],[23.2,4.75],[22.72,5.25],[24.0,5.29],[26.0,4.71],[26.25,5.06],[28.25,5.68],[28.42,6.0],[28.15,6.75],[28.25,8.31],[27.5,7.68],[27.52,8.25],[27.25,8.52],[25.15,8.0],[24.7,8.5],[25.0,8.77],[24.5,8.89],[24.0,8.52],[23.73,9.0],[23.75,9.57],[21.75,9.82],[21.5,10.52],[20.75,10.37],[20.5,10.67],[20.25,10.61],[20.25,11.65],[19.0,11.09],[18.75,11.37],[18.25,11.33],[18.08,10.25],[16.5,9.48],[15.25,9.72],[14.5,9.53],[13.89,9.75],[14.13,11.0],[13.25,11.05],[12.09,11.75],[11.07,12.75],[11.25,13.21],[12.5,13.29],[13.26,13.0],[13.5,12.4],[14.0,12.43],[14.36,13.0],[13.95,13.75],[13.97,14.5],[18.25,15.59],[19.25,15.43],[20.75,16.12],[21.5,15.5],[21.52,14.75],[21.24,14.25],[21.75,13.75],[21.72,13.0],[21.25,12.25],[23.25,12.38],[23.5,12.04],[24.75,12.36],[25.13,12.75],[25.0,13.8],[25.75,13.65],[27.0,13.97],[26.95,14.25],[27.25,14.43],[27.75,14.29],[28.17,15.0],[28.36,16.25],[29.0,17.08],[29.25,16.71],[29.54,17.0],[29.63,17.25],[29.4,17.5],[30.01,18.75],[30.75,19.51],[31.75,19.41],[32.25,19.64],[33.02,20.5],[33.25,21.59],[33.75,21.77],[33.66,20.75],[34.5,20.88],[35.5,20.1],[36.51,18.25],[36.26,17.75],[36.75,17.66],[37.5,18.12],[37.87,18.0],[37.82,17.25],[38.04,17.0],[37.78,16.25],[38.49,15.25],[37.97,14.5],[38.22,13.75],[37.75,13.43],[37.25,13.96],[37.09,13.5],[37.25,13.0],[37.5,13.0],[37.0,12.93],[36.5,12.24],[36.25,12.43],[35.98,12.25],[36.18,11.75],[35.76,11.25],[36.14,11.0],[35.5,10.98],[35.35,10.75],[35.61,10.0],[34.5,10.6],[34.33,10.25],[34.47,10.0],[34.14,9.5],[34.18,9.0],[34.35,8.5],[35.0,8.31],[34.73,7.75],[35.01,7.25],[34.8,6.75],[35.33,6.5],[34.5,6.41],[34.0,5.64],[33.5,5.81],[33.25,6.49],[32.73,5.75],[33.01,5.5],[32.6,4.75],[32.75,4.51],[33.25,4.73],[33.25,4.06],[32.75,4.48],[32.12,4.0],[32.6,3.75],[32.75,3.37],[33.25,3.63],[34.01,2.75],[33.86,2.5],[35.25,1.75],[35.0,1.55],[34.75,1.72],[34.58,1.5],[33.93,1.5],[33.87,0.75],[34.25,0.37],[34.5,0.64],[34.89,0.5],[35.0,0.06],[35.29,0.0],[34.25,-0.63]]}},{"type":"Feature","properties":{"level":1008},"geometry":{"type":"LineString","coordinates":[[36.0,0.01],[35.7,1.25],[35.25,1.75],[34.94,2.75],[35.25,3.33],[35.75,3.25],[36.25,3.72],[36.68,3.25],[36.78,2.5],[36.0,0.01]]}},{"type":"Feature","properties":{"level":1008},"geometry":{"type":"LineString","coordinates":[[23.5,0.5],[23.06,1.0],[23.22,1.25],[24.0,1.06],[24.34,0.5],[23.5,0.5]]}},{"type":"Feature","properties":{"level":1008},"geometry":{"type":"LineString","coordinates":[[-61.0,0.58],[-61.0,0.85],[-61.0,0.58]]}},{"type":"Feature","properties":{"level":1008},"geometry":{"type":"LineString","coordinates":[[30.42,1.75],[30.75,1.69],[31.0,2.45],[30.75,2.55],[30.5,2.23],[29.75,2.63],[29.5,2.38],[28.85,2.5],[29.25,2.39],[29.75,1.8],[30.42,1.75]]}},{"type":"Feature","properties":{"level":1008},"geometry":{"type":"LineString","coordinates":[[37.25,2.49],[37.25,2.86],[37.5,2.8],[37.5,2.42],[37.25,2.49]]}},{"type":"Feature","properties":{"level":1008},"geometry":{"type":"LineString","coordinates":[[-140.5,3.02],[-140.72,3.25],[-140.25,3.46],[-140.06,3.25],[-140.5,3.02]]}},{"type":"Feature","properties":{"level":1008},"geometry":{"type":"LineString","coordinates":[[37.0,3.15],[36.81,3.25],[37.0,3.39],[37.0,3.15]]}},{"type":"Feature","properties":{"level":1008},"geometry":{"type":"LineString","coordinates":[[30.47,3.5],[30.75,3.3],[30.87,3.5],[30.77,3.75],[31.05,4.25],[30.69,4.5],[31.38,5.0],[31.25,5.36],[30.5,5.54],[30.25,5.27],[30.0,5.44],[29.22,4.75],[29.75,4.19],[30.25,4.34],[30.47,3.5]]}},{"type":"Feature","properties":{"level":1008},"geometry":{"type":"LineString","coordinates":[[-141.5,3.61],[-141.6,3.75],[-141.0,4.34],[-140.88,3.75],[-141.5,3.61]]}},{"type":"Feature","properties":{"level":1008},"geometry":{"type":"LineString","coordinates":[[-157.0,4.99],[-157.61,5.5],[-156.5,5.46],[-156.35,5.25],[-157.0,4.99]]}},{"type":"Feature","properties":{"level":1008},"geometry":{"type":"LineString","coordinates":[[24.25,5.56],[23.91,6.0],[24.25,6.47],[25.12,5.75],[24.25,5.56]]}},{"type":"Feature","properties":{"level":1008},"geometry":{"type":"LineString","coordinates":[[-134.75,6.93],[-135.19,7.5],[-135.0,8.12],[-133.75,8.31],[-133.43,7.25],[-134.75,6.93]]}},{"type":"Feature","properties":{"level":1008},"geometry":{"type":"LineString","coordinates":[[-94.25,7.18],[-94.25,7.39],[-94.25,7.18]]}},{"type":"Feature","properties":{"level":1008},"geometry":{"type":"LineString","coordinates":[[-95.0,7.99],[-95.25,8.32],[-95.75,8.1],[-96.5,8.66],[-97.0,8.51],[-97.5,8.67],[-98.75,8.21],[-100.25,8.8],[-100.75,9.26],[-101.5,9.06],[-102.5,9.64],[-103.0,9.64],[-104.26,11.0],[-104.45,11.5],[-104.18,12.0],[-104.25,12.68],[-104.57,12.5],[-104.6,12.0],[-105.0,11.49],[-105.75,11.46],[-106.0,11.93],[-107.0,11.94],[-107.5,11.29],[-109.19,12.5],[-109.19,13.0],[-109.49,13.25],[-109.25,14.96],[-109.0,15.02],[-108.75,15.62],[-108.25,15.53],[-106.56,17.25],[-106.88,17.5],[-107.11,18.25],[-107.2,21.75],[-108.46,24.0],[-109.25,24.33],[-109.5,23.74],[-109.76,24.75],[-110.5,24.82],[-113.36,29.0],[-113.06,29.25],[-113.5,29.66],[-113.75,29.45],[-114.5,30.02],[-115.09,31.5],[-116.0,32.9],[-116.0,33.55],[-115.0,33.11],[-114.98,33.75],[-114.25,34.28],[-114.11,34.0],[-114.57,33.25],[-114.25,32.87],[-113.5,33.22],[-112.7,33.25],[-112.75,33.0],[-113.5,32.54],[-114.37,32.5],[-114.19,32.0],[-113.0,30.91],[-112.79,30.0],[-112.42,29.5],[-112.61,29.0],[-112.25,28.87],[-111.75,29.27],[-111.16,29.0],[-111.06,28.25],[-110.5,28.26],[-110.25,27.81],[-110.0,27.88],[-109.28,27.25],[-107.5,24.44],[-105.56,22.5],[-105.39,21.25],[-105.67,20.25],[-104.75,19.11],[-103.25,18.12],[-102.0,17.94],[-100.75,17.16],[-98.25,16.5],[-97.25,15.81],[-96.5,15.59],[-95.55,15.75],[-94.75,15.3],[-94.0,15.58],[-92.75,14.78],[-93.13,13.5],[-93.0,12.91],[-92.28,12.0],[-92.53,11.5],[-92.31,10.75],[-91.95,10.5],[-91.88,10.0],[-92.17,9.75],[-91.93,9.25],[-92.5,9.77],[-93.0,9.54],[-93.5,8.74],[-94.0,8.74],[-94.5,8.09],[-95.0,7.99]]}},{"type":"Feature","properties":{"level":1008},"geometry":{"type":"LineString","coordinates":[[22.0,8.89],[22.0,9.11],[22.2,9.0],[22.0,8.89]]}},{"type":"Feature","properties":{"level":1008},"geometry":{"type":"LineString","coordinates":[[-145.0,9.45],[-145.75,9.75],[-145.82,10.75],[-144.89,11.75],[-144.5,11.77],[-144.01,10.5],[-144.06,10.0],[-144.5,9.48],[-145.0,9.45]]}},{"type":"Feature","properties":{"level":1008},"geometry":{"type":"LineString","coordinates":[[-124.0,10.16],[-124.0,10.56],[-123.6,10.25],[-124.0,10.16]]}},{"type":"Feature","properties":{"level":1008},"geometry":{"type":"LineString","coordinates":[[-87.5,10.22],[-87.69,10.5],[-87.5,10.61],[-87.5,10.22]]}},{"type":"Feature","properties":{"level":1008},"geometry":{"type":"LineString","coordinates":[[41.0,10.16],[40.89,10.5],[41.22,11.0],[41.0,11.17],[40.67,11.0],[40.66,11.25],[40.86,12.0],[41.44,12.25],[40.75,12.67],[40.34,13.25],[40.0,14.98],[41.25,14.75],[40.76,14.5],[40.77,14.25],[41.44,13.25],[41.95,13.0],[42.02,12.5],[42.34,12.25],[42.25,11.9],[42.0,12.04],[41.53,11.75],[41.75,11.38],[42.25,11.44],[42.34,11.25],[41.9,10.75],[42.0,10.26],[41.6,10.25],[41.5,10.58],[41.0,10.16]]}},{"type":"Feature","properties":{"level":1008},"geometry":{"type":"LineString","coordinates":[[-123.25,10.67],[-124.08,11.25],[-124.22,12.0],[-125.8,13.0],[-125.82,13.25],[-125.5,13.47],[-124.7,13.5],[-125.14,14.0],[-125.44,15.25],[-125.75,15.4],[-127.29,17.75],[-127.55,20.0],[-127.38,21.75],[-126.58,23.5],[-123.25,26.03],[-119.75,26.91],[-118.5,26.84],[-117.0,26.42],[-114.89,25.25],[-112.5,22.95],[-111.65,21.75],[-111.29,19.5],[-110.8,18.5],[-110.82,17.25],[-111.46,14.75],[-112.5,14.07],[-114.0,13.54],[-114.5,13.03],[-115.25,12.96],[-116.0,12.08],[-116.75,11.96],[-117.0,12.26],[-117.75,11.98],[-118.0,11.63],[-119.25,11.66],[-121.25,10.56],[-122.25,10.87],[-123.0,10.56],[-123.25,10.67]]}},{"type":"Feature","properties":{"level":1008},"geometry":{"type":"LineString","coordinates":[[-161.5,11.93],[-161.71,12.0],[-161.6,12.25],[-160.95,12.5],[-161.0,12.08],[-161.5,11.93]]}},{"type":"Feature","properties":{"level":1008},"geometry":{"type":"LineString","coordinates":[[-108.28,12.0],[-108.25,11.76],[-108.28,12.0]]}},{"type":"Feature","properties":{"level":1008},"geometry":{"type":"LineString","coordinates":[[41.6,12.25],[41.75,12.09],[41.75,12.34],[41.6,12.25]]}},{"type":"Feature","properties":{"level":1008},"geometry":{"type":"LineString","coordinates":[[143.75,12.2],[144.0,12.46],[144.33,12.25],[143.75,12.2]]}},{"type":"Feature","properties":{"level":1008},"geometry":{"type":"LineString","coordinates":[[-105.31,12.5],[-105.01,12.5],[-105.25,12.72],[-105.31,12.5]]}},{"type":"Feature","properties":{"level":1008},"geometry":{"type":"LineString","coordinates":[[146.5,12.34],[146.5,12.82],[146.5,12.34]]}},{"type":"Feature","properties":{"level":1008},"geometry":{"type":"LineString","coordinates":[[42.75,12.69],[42.75,12.88],[42.75,12.69]]}},{"type":"Feature","properties":{"level":1008},"geometry":{"type":"LineString","coordinates":[[144.75,12.73],[144.49,13.25],[144.75,13.52],[145.11,13.25],[144.75,12.73]]}},{"type":"Feature","properties":{"level":1008},"geometry":{"type":"LineString","coordinates":[[147.0,12.56],[146.83,12.75],[147.0,12.94],[147.25,12.75],[147.5,13.06],[147.91,12.75],[147.0,12.56]]}},{"type":"Feature","properties":{"level":1008},"geometry":{"type":"LineString","coordinates":[[-104.93,13.0],[-104.53,13.0],[-104.75,13.24],[-104.93,13.0]]}},{"type":"Feature","properties":{"level":1008},"geometry":{"type":"LineString","coordinates":[[-105.29,13.25],[-105.11,13.5],[-105.25,13.67],[-105.29,13.25]]}},{"type":"Feature","properties":{"level":1008},"geometry":{"type":"LineString","coordinates":[[42.0,13.21],[41.99,13.5],[41.37,14.0],[41.25,14.75],[41.75,14.69],[42.5,13.75],[43.63,13.5],[43.5,13.05],[43.0,13.57],[42.56,13.25],[42.0,13.21]]}},{"type":"Feature","properties":{"level":1008},"geometry":{"type":"LineString","coordinates":[[-104.86,13.5],[-104.75,13.26],[-104.69,13.75],[-104.86,13.5]]}},{"type":"Feature","properties":{"level":1008},"geometry":{"type":"LineString","coordinates":[[148.0,13.38],[147.77,13.5],[148.0,13.64],[148.0,13.38]]}},{"type":"Feature","properties":{"level":1008},"geometry":{"type":"LineString","coordinates":[[155.0,13.71],[154.44,14.25],[154.3,14.75],[154.75,15.17],[155.25,15.15],[155.59,14.5],[155.38,13.75],[155.0,13.71]]}},{"type":"Feature","properties":{"level":1008},"geometry":{"type":"LineString","coordinates":[[167.5,15.2],[166.98,15.5],[167.32,15.75],[166.8,16.75],[165.84,17.25],[165.56,17.75],[165.74,19.0],[168.25,19.82],[169.0,19.62],[169.5,19.15],[170.0,19.2],[170.49,18.75],[170.32,18.5],[170.71,17.75],[170.36,17.25],[171.0,16.92],[171.14,16.25],[169.0,15.14],[167.5,15.2]]}},{"type":"Feature","properties":{"level":1008},"geometry":{"type":"LineString","coordinates":[[166.5,15.55],[166.29,15.75],[166.5,16.02],[166.76,15.75],[166.5,15.55]]}},{"type":"Feature","properties":{"level":1008},"geometry":{"type":"LineString","coordinates":[[-88.0,15.98],[-88.3,16.5],[-87.75,17.33],[-86.25,17.03],[-85.8,16.25],[-86.0,15.97],[-88.0,15.98]]}},{"type":"Feature","properties":{"level":1008},"geometry":{"type":"LineString","coordinates":[[166.0,16.59],[166.0,16.93],[166.0,16.59]]}},{"type":"Feature","properties":{"level":1008},"geometry":{"type":"LineString","coordinates":[[50.0,17.98],[49.64,18.25],[49.64,19.0],[49.9,19.5],[52.25,21.59],[51.94,20.75],[52.5,20.48],[52.85,19.5],[52.75,18.99],[52.25,18.61],[51.0,18.58],[50.0,17.98]]}},{"type":"Feature","properties":{"level":1008},"geometry":{"type":"LineString","coordinates":[[-94.75,18.74],[-94.5,19.17],[-94.15,19.0],[-94.5,18.63],[-94.75,18.74]]}},{"type":"Feature","properties":{"level":1008},"geometry":{"type":"LineString","coordinates":[[-94.75,19.61],[-94.75,19.83],[-94.55,19.75],[-94.75,19.61]]}},{"type":"Feature","properties":{"level":1008},"geometry":{"type":"LineString","coordinates":[[-109.33,24.75],[-109.15,24.75],[-109.33,24.75]]}},{"type":"Feature","properties":{"level":1008},"geometry":{"type":"LineString","coordinates":[[160.25,25.98],[159.59,26.25],[159.26,26.75],[159.13,27.25],[159.42,28.25],[159.95,28.75],[160.75,29.06],[162.0,28.78],[162.47,28.25],[162.64,27.25],[162.49,27.0],[161.5,25.96],[160.25,25.98]]}},{"type":"Feature","properties":{"level":1008},"geometry":{"type":"LineString","coordinates":[[67.75,27.08],[67.6,27.25],[67.75,28.31],[68.5,28.6],[68.33,27.75],[67.75,27.08]]}},{"type":"Feature","properties":{"level":1008},"geometry":{"type":"LineString","coordinates":[[-80.0,29.67],[-79.84,29.75],[-80.0,29.67]]}},{"type":"Feature","properties":{"level":1008},"geometry":{"type":"LineString","coordinates":[[70.75,30.13],[70.75,31.44],[71.92,31.75],[71.74,31.0],[70.75,30.13]]}},{"type":"Feature","properties":{"level":1008},"geometry":{"type":"LineString","coordinates":[[96.25,36.48],[95.75,36.89],[96.94,36.5],[96.25,36.48]]}},{"type":"Feature","properties":{"level":1008},"geometry":{"type":"LineString","coordinates":[[-83.25,44.98],[-85.89,45.5],[-86.0,46.23],[-87.25,46.72],[-88.31,47.5],[-89.25,49.02],[-91.5,49.57],[-92.75,49.38],[-93.0,49.85],[-95.5,51.03],[-96.25,51.01],[-96.5,50.76],[-96.75,50.97],[-98.32,52.5],[-99.29,54.25],[-101.0,55.65],[-103.29,57.0],[-103.37,58.0],[-104.5,59.48],[-106.79,61.0],[-106.88,61.25],[-106.48,61.75],[-107.01,62.25],[-106.64,62.5],[-107.04,63.0],[-106.44,65.25],[-105.25,65.94],[-102.96,66.5],[-99.0,66.37],[-96.5,65.94],[-86.56,63.25],[-79.75,60.83],[-77.39,59.25],[-74.57,56.25],[-73.74,53.75],[-73.81,53.0],[-74.59,51.5],[-74.86,49.5],[-76.75,47.54],[-78.67,46.25],[-80.75,45.39],[-83.25,44.98]]}},{"type":"Feature","properties":{"level":1008},"geometry":{"type":"LineString","coordinates":[[-58.0,46.24],[-60.5,46.68],[-62.32,47.75],[-63.0,48.26],[-64.9,50.5],[-64.98,50.75],[-64.49,51.5],[-64.9,53.75],[-64.46,55.5],[-64.52,56.25],[-64.75,56.75],[-65.5,56.79],[-66.3,57.25],[-66.6,57.75],[-66.65,58.75],[-66.28,59.25],[-65.5,59.57],[-65.3,58.75],[-65.0,58.66],[-64.59,58.75],[-64.5,59.13],[-64.0,58.95],[-63.25,59.11],[-63.41,60.0],[-63.14,60.5],[-61.46,62.0],[-60.79,63.5],[-60.5,65.0],[-58.96,66.5],[-55.75,68.33],[-55.0,69.13],[-54.0,69.33],[-53.5,69.13],[-51.5,69.5],[-49.99,69.25],[-48.96,67.75],[-48.92,67.25],[-47.83,66.75],[-48.0,66.25],[-47.61,64.5],[-45.62,64.0],[-45.76,63.5],[-46.27,63.0],[-45.79,62.5],[-45.93,62.25],[-45.75,61.98],[-44.37,61.5],[-43.75,60.53],[-40.0,61.3],[-38.25,60.93],[-38.04,61.0],[-38.39,61.5],[-38.25,61.57],[-36.75,61.48],[-35.5,60.99],[-32.91,60.5],[-30.91,59.0],[-28.0,57.39],[-27.46,56.75],[-27.49,56.25],[-27.75,56.0],[-33.25,53.6],[-39.5,49.51],[-40.25,49.33],[-41.0,49.63],[-41.5,49.42],[-44.75,49.36],[-48.25,47.58],[-52.25,46.43],[-55.75,46.15],[-58.0,46.24]]}},{"type":"Feature","properties":{"level":1008},"geometry":{"type":"LineString","coordinates":[[180.0,54.42],[178.87,52.25],[177.73,51.0],[176.42,50.0],[175.25,49.39],[168.02,46.75],[166.0,45.7],[165.02,44.25],[163.95,42.0],[162.61,40.25],[161.25,39.0],[156.0,35.94],[154.0,35.79],[152.75,36.33],[151.75,36.4],[150.81,37.0],[149.75,38.81],[148.31,42.5],[147.96,45.0],[148.52,45.75],[149.55,48.75],[149.48,49.75],[148.5,50.55],[145.75,51.61],[141.25,52.55],[137.86,54.25],[137.0,55.01],[135.75,55.2],[136.0,56.25],[135.5,57.27],[135.0,57.63],[133.66,60.25],[133.22,62.75],[133.46,63.25],[134.75,63.56],[138.5,63.08],[141.0,64.22],[141.26,64.5],[141.06,65.0],[141.25,65.07],[146.0,65.25],[147.0,65.98],[147.81,66.25],[147.65,67.0],[148.51,67.25],[149.43,68.0],[149.4,68.5],[148.84,69.0],[149.35,69.5],[150.16,69.75],[150.02,70.0],[146.0,70.82],[143.75,70.91],[136.75,70.19],[133.25,70.1],[131.5,69.6],[130.0,69.64],[129.25,70.37],[128.0,70.99],[124.75,70.69],[122.75,71.12],[121.5,71.07],[110.75,73.51],[105.0,74.4],[101.25,74.3],[98.5,74.52],[96.25,74.36],[92.53,73.75],[90.0,73.05],[81.6,69.75],[80.42,69.0],[79.23,67.75],[77.0,64.17],[75.0,63.14],[74.0,61.25],[72.07,59.75],[69.46,58.25],[67.0,57.19],[62.5,56.02],[60.0,55.73],[56.75,56.14],[52.25,56.27],[49.0,57.42],[47.92,58.25],[43.5,59.3],[42.58,59.75],[34.5,60.83],[28.0,62.16],[25.12,63.0],[23.25,63.81],[18.51,65.0],[15.9,66.5],[15.84,66.75],[16.11,67.0],[15.75,67.42],[14.25,67.44],[11.37,68.0],[5.25,70.15],[1.5,72.89],[-0.77,75.0],[-1.66,76.25],[-2.49,78.5],[-2.32,81.0],[-1.71,82.25],[-0.75,83.17],[2.13,84.5],[6.75,85.54],[14.25,86.41],[25.0,87.08],[55.0,87.67],[90.25,87.46],[116.0,86.43],[124.5,85.68],[132.5,84.62],[137.27,83.75],[144.75,81.79],[149.75,80.95],[155.75,80.64],[172.0,80.54],[177.75,80.12],[180.0,79.33]]}},{"type":"Feature","properties":{"level":1008},"geometry":{"type":"LineString","coordinates":[[85.5,59.22],[83.5,59.66],[82.5,59.56],[81.38,60.0],[80.95,60.75],[80.92,61.5],[82.75,62.05],[86.25,62.46],[89.5,62.38],[91.5,61.89],[93.0,61.05],[93.49,60.5],[93.47,60.25],[93.0,60.13],[90.75,60.0],[89.0,59.22],[85.5,59.22]]}},{"type":"Feature","properties":{"level":1008},"geometry":{"type":"LineString","coordinates":[[-180.0,64.32],[-179.1,62.75],[-178.64,60.75],[-179.08,58.25],[-179.1,56.5],[-180.0,54.42]]}},{"type":"Feature","properties":{"level":1008},"geometry":{"type":"LineString","coordinates":[[180.0,68.61],[175.75,68.82],[174.86,68.5],[174.49,68.0],[175.37,67.0],[175.25,66.21],[176.0,66.25],[176.75,65.8],[178.5,65.44],[180.0,64.32]]}},{"type":"Feature","properties":{"level":1008},"geometry":{"type":"LineString","coordinates":[[-54.75,69.32],[-54.84,69.5],[-54.75,69.32]]}},{"type":"Feature","properties":{"level":1008},"geometry":{"type":"LineString","coordinates":[[-180.0,70.95],[-178.78,70.25],[-178.22,69.25],[-178.55,68.5],[-180.0,68.61]]}},{"type":"Feature","properties":{"level":1008},"geometry":{"type":"LineString","coordinates":[[180.0,71.03],[180.0,70.95]]}},{"type":"Feature","properties":{"level":1008},"geometry":{"type":"LineString","coordinates":[[-180.0,72.57],[-179.09,71.5],[-179.11,71.25],[-180.0,71.03]]}},{"type":"Feature","properties":{"level":1008},"geometry":{"type":"LineString","coordinates":[[180.0,73.83],[179.66,73.0],[180.0,72.57]]}},{"type":"Feature","properties":{"level":1008},"geometry":{"type":"LineString","coordinates":[[-180.0,74.56],[-180.0,73.83]]}},{"type":"Feature","properties":{"level":1008},"geometry":{"type":"LineString","coordinates":[[180.0,76.76],[179.21,76.25],[178.94,75.75],[179.0,75.5],[179.83,75.0],[180.0,74.56]]}},{"type":"Feature","properties":{"level":1008},"geometry":{"type":"LineString","coordinates":[[-180.0,79.33],[-179.0,78.5],[-178.62,77.75],[-179.0,77.29],[-180.0,76.76]]}},{"type":"Feature","properties":{"level":1012},"geometry":{"type":"LineString","coordinates":[[180.0,-89.76],[145.25,-89.69],[126.75,-88.96],[123.75,-88.63],[122.11,-88.0],[121.76,-87.5],[120.5,-87.13],[115.75,-86.6],[114.76,-86.0],[114.45,-85.5],[115.25,-84.44],[116.14,-84.0],[121.0,-83.17],[126.25,-82.63],[137.75,-80.2],[141.25,-79.68],[146.25,-78.0],[148.25,-77.81],[148.75,-77.48],[150.24,-77.25],[149.75,-77.0],[144.75,-77.03],[139.5,-78.31],[135.5,-78.51],[128.5,-78.21],[125.5,-77.82],[118.75,-78.24],[110.5,-78.3],[96.25,-77.55],[85.25,-77.92],[77.25,-78.47],[74.25,-78.98],[66.25,-79.01],[58.75,-78.73],[55.76,-78.0],[53.02,-76.75],[49.75,-75.64],[47.25,-75.41],[45.5,-75.54],[42.54,-76.25],[35.24,-76.5],[42.0,-77.54],[43.31,-79.5],[42.95,-81.25],[44.31,-82.0],[44.08,-82.25],[44.17,-82.75],[43.13,-83.25],[42.29,-84.5],[42.75,-85.03],[34.5,-86.44],[25.5,-86.71],[0.25,-86.54],[-27.5,-87.38],[-43.26,-87.25],[-58.75,-88.21],[-103.5,-89.45],[-180.0,-89.76]]}},{"type":"Feature","properties":{"level":1012},"geometry":{"type":"LineString","coordinates":[[120.38,-77.0],[121.5,-77.17],[127.0,-76.4],[130.32,-75.5],[132.54,-74.25],[132.51,-73.5],[129.75,-73.52],[127.75,-74.28],[123.61,-74.75],[122.54,-75.5],[119.63,-76.25],[119.66,-76.5],[120.32,-76.75],[120.38,-77.0]]}},{"type":"Feature","properties":{"level":1012},"geometry":{"type":"LineString","coordinates":[[-180.0,-53.28],[-178.75,-52.78],[-177.5,-51.88],[-176.7,-51.0],[-176.7,-50.5],[-176.4,-50.25],[-175.0,-49.95],[-172.75,-50.09],[-164.75,-51.45],[-160.0,-51.7],[-154.75,-51.1],[-151.75,-50.31],[-149.5,-49.42],[-147.25,-48.06],[-144.25,-45.17],[-141.11,-43.75],[-133.52,-38.25],[-131.75,-37.57],[-128.5,-37.06],[-126.0,-36.36],[-124.0,-35.32],[-123.39,-33.5],[-122.73,-32.75],[-122.66,-32.25],[-122.56,-30.5],[-122.99,-29.75],[-123.0,-28.11],[-120.75,-26.73],[-120.03,-25.25],[-119.5,-24.85],[-119.25,-24.77],[-118.75,-25.09],[-118.25,-24.59],[-118.0,-25.28],[-117.75,-25.31],[-116.75,-24.51],[-116.29,-24.75],[-116.5,-26.0],[-115.5,-26.71],[-115.25,-26.21],[-115.0,-26.17],[-114.31,-27.5],[-114.25,-28.16],[-112.5,-29.3],[-112.32,-29.0],[-111.5,-28.76],[-110.5,-29.04],[-109.36,-30.5],[-109.27,-31.75],[-110.5,-32.31],[-110.99,-33.0],[-110.68,-37.0],[-110.4,-38.0],[-109.45,-40.75],[-108.5,-42.5],[-106.7,-45.0],[-103.88,-47.75],[-99.75,-50.86],[-93.5,-54.51],[-87.75,-56.48],[-81.25,-57.79],[-75.25,-58.32],[-62.5,-57.74],[-55.75,-59.38],[-53.75,-59.61],[-49.5,-59.34],[-45.72,-58.5],[-42.66,-57.25],[-39.0,-55.34],[-36.36,-54.75],[-36.41,-54.5],[-37.55,-54.0],[-37.45,-53.5],[-36.75,-52.88],[-31.75,-51.42],[-28.14,-49.75],[-22.21,-45.25],[-20.96,-44.0],[-20.25,-43.0],[-20.09,-42.25],[-17.85,-39.75],[-16.64,-37.25],[-16.0,-36.68],[-14.79,-36.0],[-12.75,-35.47],[-12.5,-34.72],[-10.25,-35.16],[-10.0,-34.65],[-8.5,-34.26],[-2.0,-36.18],[5.0,-38.94],[13.25,-42.63],[21.75,-47.7],[25.25,-49.23],[28.75,-50.16],[36.5,-50.64],[44.25,-50.58],[51.25,-51.25],[55.0,-50.34],[56.75,-50.19],[67.75,-51.23],[75.25,-51.18],[82.25,-49.84],[88.13,-47.75],[91.75,-45.95],[94.73,-44.0],[95.71,-43.0],[99.49,-40.75],[103.0,-39.82],[112.0,-38.26],[114.17,-37.5],[114.61,-36.5],[115.15,-36.0],[115.09,-34.75],[116.5,-34.6],[117.5,-34.21],[119.0,-33.13],[119.86,-32.0],[119.09,-30.75],[118.85,-29.5],[119.58,-26.0],[118.84,-25.25],[119.83,-24.25],[119.51,-24.0],[119.75,-23.96],[120.1,-22.75],[120.5,-22.76],[120.75,-23.12],[121.0,-23.01],[120.83,-21.25],[121.27,-20.5],[121.13,-19.25],[121.68,-18.25],[121.94,-18.25],[122.25,-19.04],[122.63,-18.75],[123.15,-18.75],[123.23,-18.25],[123.75,-18.12],[124.0,-18.61],[124.25,-18.61],[124.75,-17.24],[125.25,-17.93],[125.75,-17.71],[126.36,-18.0],[126.5,-18.47],[126.85,-18.5],[126.82,-19.25],[127.68,-20.0],[127.5,-20.47],[127.25,-20.33],[126.5,-21.17],[125.75,-20.73],[125.23,-21.25],[126.31,-22.0],[125.75,-21.96],[125.57,-22.5],[126.74,-22.75],[126.91,-23.25],[126.25,-24.38],[125.75,-23.55],[125.55,-23.75],[125.58,-25.5],[125.0,-25.13],[124.93,-25.5],[125.11,-26.5],[125.75,-27.89],[126.23,-28.25],[126.0,-28.35],[126.0,-28.71],[126.5,-28.53],[127.25,-28.86],[127.25,-29.78],[128.5,-30.05],[129.32,-31.5],[128.96,-33.0],[128.62,-33.5],[128.94,-35.5],[128.76,-37.0],[129.0,-38.21],[132.65,-43.5],[137.0,-47.3],[140.0,-49.21],[147.25,-52.47],[154.0,-54.63],[161.0,-56.11],[164.75,-56.37],[168.5,-56.06],[180.0,-53.28]]}},{"type":"Feature","properties":{"level":1012},"geometry":{"type":"LineString","coordinates":[[-29.0,-43.29],[-29.17,-43.25],[-29.0,-42.97],[-28.54,-43.0],[-29.0,-43.29]]}},{"type":"Feature","properties":{"level":1012},"geometry":{"type":"LineString","coordinates":[[167.5,-43.05],[166.57,-42.5],[166.73,-41.25],[166.02,-39.25],[166.5,-38.72],[167.5,-38.42],[170.0,-39.39],[170.72,-40.0],[170.62,-41.0],[169.49,-42.5],[168.36,-43.0],[167.5,-43.05]]}},{"type":"Feature","properties":{"level":1012},"geometry":{"type":"LineString","coordinates":[[-76.75,-39.25],[-77.57,-38.5],[-77.75,-37.5],[-77.31,-36.25],[-76.0,-35.64],[-74.31,-36.75],[-74.04,-37.25],[-74.04,-38.0],[-74.42,-38.75],[-75.04,-39.25],[-76.0,-39.47],[-76.75,-39.25]]}},{"type":"Feature","properties":{"level":1012},"geometry":{"type":"LineString","coordinates":[[119.67,-33.75],[121.13,-33.5],[120.84,-33.25],[120.8,-32.75],[120.25,-33.37],[119.48,-33.25],[119.67,-33.75]]}},{"type":"Feature","properties":{"level":1012},"geometry":{"type":"LineString","coordinates":[[-69.5,-32.02],[-69.64,-31.25],[-69.47,-30.25],[-69.25,-29.73],[-68.75,-29.63],[-69.5,-32.02]]}},{"type":"Feature","properties":{"level":1012},"geometry":{"type":"LineString","coordinates":[[23.0,-29.54],[23.22,-29.0],[21.69,-28.25],[21.73,-27.75],[20.25,-26.13],[19.25,-25.95],[17.75,-26.16],[17.5,-25.92],[17.31,-27.0],[16.86,-27.5],[16.5,-27.09],[15.5,-27.06],[14.7,-23.25],[14.79,-22.5],[11.88,-17.75],[11.92,-16.0],[12.69,-13.5],[13.75,-12.5],[14.0,-11.39],[14.29,-11.25],[14.0,-11.14],[13.14,-9.25],[13.38,-8.25],[12.54,-6.25],[12.65,-5.5],[12.44,-5.0],[13.0,-5.05],[13.39,-4.75],[12.6,-4.0],[13.0,-3.8],[14.5,-3.83],[15.75,-4.05],[15.5,-3.3],[14.89,-3.25],[15.25,-3.14],[15.14,-2.75],[14.25,-2.13],[13.75,-2.46],[13.25,-2.05],[12.0,-1.73],[11.91,-2.0],[12.26,-2.5],[12.0,-2.85],[11.75,-2.95],[11.0,-2.41],[10.75,-2.85],[10.5,-2.42],[10.28,-2.5],[10.42,-2.75],[10.2,-2.75],[8.25,-0.5],[8.41,0.25],[7.94,1.75],[7.95,2.75],[7.62,3.25],[7.73,3.75],[7.5,4.03],[7.25,3.56],[7.0,3.68],[6.75,4.47],[6.5,4.28],[5.5,4.76],[4.25,6.09],[2.0,6.32],[-0.25,5.35],[-2.0,4.99],[-4.25,5.51],[-4.5,5.8],[-5.25,5.77],[-5.56,6.0],[-5.47,6.25],[-6.33,6.5],[-6.41,6.75],[-5.75,6.9],[-5.52,7.25],[-5.85,8.5],[-5.19,9.0],[-5.5,9.37],[-6.5,9.56],[-7.82,10.5],[-8.5,10.32],[-8.74,10.5],[-9.3,11.5],[-8.74,12.0],[-8.62,12.5],[-9.0,12.5],[-9.25,11.91],[-9.5,12.28],[-10.25,12.23],[-10.5,12.55],[-11.0,12.08],[-11.75,12.11],[-12.5,12.46],[-13.25,12.02],[-13.26,13.0],[-12.92,14.0],[-13.0,14.3],[-13.25,14.09],[-13.42,14.5],[-13.1,15.0],[-13.26,15.75],[-14.0,15.97],[-13.21,16.5],[-13.46,17.75],[-12.5,18.28],[-12.12,18.0],[-12.05,17.25],[-11.75,17.16],[-10.76,18.0],[-10.77,18.25],[-9.14,18.75],[-7.4,19.75],[-5.5,21.5],[-4.62,22.0],[-4.25,22.77],[-2.6,23.0],[-2.08,23.75],[1.25,24.93],[4.0,27.05],[6.0,27.35],[6.75,26.44],[6.25,26.44],[5.75,26.82],[5.5,26.69],[5.3,26.5],[5.43,26.0],[5.25,25.66],[5.0,25.64],[4.75,26.17],[3.84,25.5],[3.5,24.6],[3.0,24.77],[2.62,24.25],[2.81,23.75],[2.55,22.75],[2.77,21.75],[1.87,20.5],[1.74,19.5],[2.25,19.01],[2.5,18.96],[3.75,19.69],[5.75,19.81],[6.75,20.23],[7.5,20.21],[8.0,20.04],[8.14,19.5],[8.5,19.24],[8.71,18.5],[8.53,17.75],[8.75,17.51],[9.5,17.48],[11.48,19.75],[12.25,19.87],[13.0,19.65],[14.06,20.5],[14.5,21.52],[15.0,21.68],[15.8,21.5],[16.25,20.41],[16.77,20.5],[17.5,19.69],[17.75,20.45],[18.0,20.34],[18.12,19.75],[19.0,18.98],[20.0,18.97],[22.25,19.46],[22.5,19.2],[23.0,19.21],[23.19,18.5],[23.76,18.25],[22.77,17.25],[23.0,16.83],[23.25,16.84],[24.61,18.25],[25.0,18.99],[26.25,19.59],[27.0,19.26],[27.25,19.38],[27.79,20.0],[28.5,20.28],[29.5,21.37],[30.49,21.75],[31.0,23.08],[32.25,23.64],[32.96,25.0],[34.0,25.27],[34.75,24.08],[35.0,23.95],[35.47,24.25],[35.6,25.0],[34.96,25.75],[35.5,25.56],[35.68,25.75],[35.16,26.5],[35.55,26.75],[34.72,28.0],[35.0,28.45],[35.75,27.61],[36.49,27.5],[37.5,26.17],[37.94,26.75],[38.05,27.75],[38.25,27.87],[39.0,27.92],[40.0,27.27],[40.63,27.75],[41.68,27.75],[40.75,27.23],[40.25,26.56],[39.0,26.64],[38.5,26.97],[38.1,26.75],[38.75,26.15],[39.5,26.47],[39.78,26.0],[39.72,25.0],[40.5,25.31],[41.5,24.42],[41.7,24.75],[41.25,25.25],[41.48,25.5],[40.5,25.8],[40.31,26.25],[40.5,26.45],[41.75,26.54],[42.25,26.09],[43.0,26.08],[43.35,26.5],[42.85,27.0],[43.75,26.76],[44.5,26.96],[45.0,26.75],[46.86,28.25],[47.25,28.07],[47.5,28.22],[47.65,30.5],[47.18,31.0],[47.17,31.75],[46.5,32.81],[49.0,32.25],[50.63,30.0],[51.3,29.5],[51.3,28.75],[53.03,28.0],[51.85,28.0],[53.0,27.2],[54.0,27.03],[55.5,27.7],[56.75,27.69],[57.75,28.72],[59.0,27.93],[60.58,27.75],[61.1,27.25],[60.75,26.91],[59.35,26.75],[59.07,26.5],[59.25,26.42],[60.5,26.35],[60.75,26.54],[61.0,26.27],[62.0,26.63],[63.5,26.46],[65.75,26.75],[66.29,26.5],[66.48,26.0],[65.5,25.61],[64.5,25.98],[63.5,25.88],[63.12,25.5],[63.0,24.89],[62.75,24.82],[60.75,24.68],[59.5,24.87],[59.35,24.75],[60.04,23.25],[59.91,22.5],[59.69,22.0],[58.75,21.35],[58.5,20.81],[58.0,20.78],[57.69,20.0],[57.89,19.75],[57.75,19.39],[56.75,19.27],[56.48,18.5],[55.5,18.19],[55.22,17.75],[55.65,17.5],[55.5,17.28],[55.0,17.45],[52.03,16.75],[53.0,16.37],[54.18,16.75],[53.36,15.25],[53.46,14.25],[53.25,13.9],[53.0,14.13],[52.56,13.5],[52.67,11.75],[52.45,10.25],[51.55,8.0],[50.76,7.5],[50.6,6.5],[49.91,6.0],[49.84,5.25],[48.75,4.81],[47.25,3.48],[46.75,2.19],[44.87,1.75],[43.25,0.52],[41.5,-1.39],[40.9,-1.5],[41.03,-1.75],[39.77,-2.75],[39.56,-3.25],[38.75,-3.69],[38.25,-3.28],[38.0,-3.5],[38.32,-3.75],[38.2,-4.0],[37.8,-4.25],[37.94,-5.0],[37.66,-5.0],[37.25,-4.21],[37.0,-4.18],[36.92,-5.0],[36.4,-5.5],[36.75,-6.5],[36.45,-6.75],[36.6,-7.5],[36.0,-7.65],[34.63,-9.25],[34.75,-9.65],[36.0,-10.15],[36.8,-9.25],[36.95,-8.75],[36.71,-8.5],[35.75,-9.49],[35.71,-8.75],[37.25,-7.45],[37.75,-7.48],[38.0,-7.11],[38.33,-7.25],[38.63,-7.75],[38.5,-8.18],[38.0,-8.18],[37.64,-8.75],[38.0,-9.07],[38.32,-9.0],[38.5,-9.59],[39.0,-9.62],[39.24,-10.75],[39.8,-11.0],[39.34,-11.5],[39.64,-12.0],[39.89,-14.5],[40.29,-15.25],[40.16,-15.75],[39.25,-16.89],[37.5,-17.86],[37.0,-17.92],[36.0,-18.9],[35.0,-19.14],[33.75,-20.06],[33.55,-19.75],[34.13,-19.0],[34.19,-18.5],[34.0,-18.39],[33.94,-18.75],[33.25,-18.78],[33.03,-18.5],[33.11,-17.75],[32.5,-17.15],[31.75,-17.06],[31.25,-16.78],[31.26,-16.5],[30.59,-16.5],[30.34,-17.5],[30.49,-18.0],[31.5,-18.62],[32.52,-18.75],[32.25,-20.59],[31.87,-20.5],[32.12,-19.5],[31.75,-19.42],[31.25,-18.66],[30.75,-18.62],[30.5,-19.06],[29.25,-19.57],[28.92,-19.5],[28.67,-20.0],[28.75,-20.58],[29.0,-19.96],[29.25,-20.13],[29.47,-21.25],[28.75,-21.38],[27.25,-22.24],[26.75,-21.91],[26.18,-22.0],[26.31,-22.25],[25.76,-22.75],[26.1,-23.25],[25.52,-23.5],[25.56,-23.75],[24.72,-24.75],[25.14,-26.0],[23.78,-26.75],[23.04,-28.0],[23.25,-28.71],[23.5,-28.61],[24.69,-27.5],[24.75,-26.79],[24.99,-27.0],[24.71,-28.75],[24.98,-29.0],[23.0,-29.54]]}},{"type":"Feature","properties":{"level":1012},"geometry":{"type":"LineString","coordinates":[[123.52,-26.75],[123.94,-26.75],[123.52,-26.75]]}},{"type":"Feature","properties":{"level":1012},"geometry":{"type":"LineString","coordinates":[[-120.5,-25.08],[-120.19,-24.75],[-120.5,-25.08]]}},{"type":"Feature","properties":{"level":1012},"geometry":{"type":"LineString","coordinates":[[118.75,-24.32],[118.51,-24.25],[119.24,-24.25],[118.75,-24.32]]}},{"type":"Feature","properties":{"level":1012},"geometry":{"type":"LineString","coordinates":[[130.75,-17.72],[130.6,-17.5],[130.8,-17.0],[130.48,-16.25],[130.82,-15.75],[130.21,-15.5],[130.75,-15.23],[131.25,-15.38],[131.5,-14.47],[132.0,-14.34],[132.29,-14.75],[131.65,-15.5],[131.78,-16.5],[131.14,-17.5],[130.75,-17.72]]}},{"type":"Feature","properties":{"level":1012},"geometry":{"type":"LineString","coordinates":[[46.5,-17.34],[46.7,-17.0],[46.5,-16.25],[47.16,-16.5],[47.0,-17.05],[46.5,-17.34]]}},{"type":"Feature","properties":{"level":1012},"geometry":{"type":"LineString","coordinates":[[123.75,-17.37],[123.59,-17.25],[123.75,-17.16],[123.75,-17.37]]}},{"type":"Feature","properties":{"level":1012},"geometry":{"type":"LineString","coordinates":[[129.25,-16.82],[129.57,-16.5],[129.6,-16.75],[129.25,-16.82]]}},{"type":"Feature","properties":{"level":1012},"geometry":{"type":"LineString","coordinates":[[130.0,-15.79],[130.0,-15.58],[130.0,-15.79]]}},{"type":"Feature","properties":{"level":1012},"geometry":{"type":"LineString","coordinates":[[47.25,-15.68],[47.15,-15.5],[48.25,-14.71],[48.37,-15.0],[47.75,-15.71],[47.25,-15.68]]}},{"type":"Feature","properties":{"level":1012},"geometry":{"type":"LineString","coordinates":[[34.36,-15.0],[34.5,-15.22],[34.66,-15.0],[34.25,-14.03],[34.1,-14.25],[34.36,-15.0]]}},{"type":"Feature","properties":{"level":1012},"geometry":{"type":"LineString","coordinates":[[180.0,-10.52],[178.38,-9.75],[177.75,-9.14],[177.25,-9.36],[176.0,-8.48],[175.75,-8.81],[175.25,-8.74],[175.5,-9.36],[174.75,-9.51],[174.0,-10.05],[173.25,-9.79],[173.0,-9.98],[172.5,-9.54],[170.13,-9.0],[169.63,-8.75],[169.75,-8.47],[168.25,-8.51],[166.0,-7.65],[164.46,-6.25],[164.33,-5.75],[162.5,-5.35],[162.0,-4.79],[161.13,-5.25],[161.0,-4.23],[160.25,-3.97],[160.0,-4.26],[158.75,-4.06],[158.25,-4.36],[158.06,-4.25],[157.83,-4.0],[157.89,-3.25],[158.5,-2.94],[158.75,-3.07],[159.39,-2.5],[159.0,-1.8],[158.72,-2.0],[158.92,-2.25],[158.75,-2.57],[158.0,-2.38],[157.5,-3.03],[157.21,-2.75],[157.56,-2.25],[157.31,-1.5],[157.75,-0.74],[159.2,-0.25],[158.66,1.0],[159.5,0.77],[159.71,1.25],[158.5,1.35],[158.25,1.75],[158.0,1.32],[157.5,1.23],[157.5,1.58],[158.25,1.79],[158.29,2.0],[157.78,2.25],[158.5,2.72],[158.45,3.0],[157.74,3.75],[156.91,4.0],[156.75,4.29],[156.25,3.8],[155.75,3.69],[156.41,4.5],[156.0,5.06],[154.5,4.68],[153.75,4.97],[152.5,4.59],[152.27,4.75],[152.9,5.5],[152.75,5.68],[150.5,6.25],[149.25,5.78],[148.7,6.5],[148.75,7.07],[147.75,6.81],[147.25,7.05],[146.75,6.69],[145.25,6.68],[144.25,6.26],[143.25,6.5],[142.5,7.24],[141.0,6.6],[140.0,6.75],[139.25,7.19],[136.75,6.87],[135.25,7.65],[134.75,7.43],[134.25,7.74],[134.0,8.27],[132.0,9.23],[130.5,8.81],[130.53,8.5],[130.0,8.23],[128.5,9.09],[128.0,8.94],[127.25,9.48],[126.5,9.16],[125.99,9.5],[126.07,10.0],[125.75,10.21],[125.89,11.25],[125.71,12.25],[125.25,12.74],[124.95,12.75],[125.05,14.25],[125.89,14.75],[126.04,15.25],[125.85,15.5],[126.47,16.0],[127.0,16.02],[127.38,16.25],[127.25,16.54],[129.58,17.5],[129.86,18.25],[131.25,19.62],[131.75,20.72],[132.75,21.83],[133.13,23.75],[133.5,24.3],[135.25,25.59],[144.25,28.41],[147.5,30.38],[148.59,32.0],[148.25,33.0],[148.68,34.25],[148.5,35.25],[148.01,35.5],[147.62,37.0],[147.12,40.25],[146.01,41.75],[145.56,43.25],[145.11,43.75],[145.68,44.5],[146.2,48.0],[145.95,48.75],[145.24,49.5],[145.2,50.0],[143.5,50.79],[142.75,50.94],[142.25,50.79],[140.5,52.06],[139.52,52.25],[138.75,52.89],[137.25,53.51],[136.75,53.51],[136.12,54.25],[134.75,54.96],[134.58,56.25],[133.48,57.5],[132.75,59.25],[131.39,60.75],[131.26,61.5],[130.75,62.09],[129.5,62.7],[128.56,63.5],[128.51,63.75],[128.96,64.0],[131.5,64.27],[134.25,63.9],[137.0,63.8],[137.5,64.03],[139.08,63.75],[139.25,64.04],[138.71,64.25],[140.2,64.5],[140.25,65.4],[141.73,66.25],[139.87,67.25],[139.75,68.0],[140.33,68.5],[139.75,69.52],[137.25,69.41],[135.3,68.5],[135.51,68.25],[132.5,67.76],[132.0,67.38],[131.5,67.62],[130.0,67.54],[129.13,68.25],[129.14,68.75],[128.75,69.24],[127.5,69.6],[126.0,69.48],[123.0,68.47],[121.75,68.42],[115.75,70.05],[112.25,71.37],[107.25,72.44],[102.75,72.57],[95.19,72.0],[87.1,69.75],[85.34,68.75],[84.64,68.0],[84.58,67.5],[84.7,67.0],[85.63,66.25],[88.0,65.65],[90.0,64.45],[93.5,63.34],[94.25,62.91],[94.62,62.5],[94.51,62.25],[96.26,60.5],[96.21,60.0],[97.22,58.75],[97.25,58.5],[96.75,58.27],[95.5,58.14],[94.25,58.67],[93.5,58.72],[85.5,57.11],[81.5,57.62],[78.25,58.61],[76.25,58.67],[71.5,57.42],[69.75,56.61],[65.0,55.11],[62.25,54.61],[59.25,54.33],[57.5,54.64],[53.75,54.81],[50.5,54.7],[46.63,55.5],[42.25,57.07],[40.84,58.0],[39.16,58.5],[34.5,58.98],[26.25,60.37],[19.71,62.5],[18.0,62.8],[17.0,63.54],[15.0,63.86],[12.25,64.8],[10.75,64.7],[4.75,65.43],[-4.25,68.2],[-4.49,68.75],[-4.04,69.5],[-4.23,70.0],[-3.65,70.75],[-3.7,71.25],[-6.31,74.75],[-8.02,78.0],[-9.13,80.75],[-9.57,81.25],[-9.57,81.75],[-10.5,82.66],[-13.58,84.75],[-13.98,85.5],[-13.77,86.0],[-12.25,86.7],[-8.5,87.4],[0.0,88.1],[10.25,88.53],[56.75,88.98],[103.5,88.66],[119.25,88.17],[130.5,87.43],[139.25,86.35],[156.75,83.33],[162.5,82.74],[180.0,81.59]]}},{"type":"Feature","properties":{"level":1012},"geometry":{"type":"LineString","coordinates":[[-112.89,-8.5],[-112.39,-8.5],[-112.75,-8.33],[-112.89,-8.5]]}},{"type":"Feature","properties":{"level":1012},"geometry":{"type":"LineString","coordinates":[[38.5,-8.66],[38.5,-8.28],[38.5,-8.66]]}},{"type":"Feature","properties":{"level":1012},"geometry":{"type":"LineString","coordinates":[[166.25,-8.26],[166.25,-8.09],[166.25,-8.26]]}},{"type":"Feature","properties":{"level":1012},"geometry":{"type":"LineString","coordinates":[[-45.75,-7.03],[-45.45,-7.0],[-45.75,-7.03]]}},{"type":"Feature","properties":{"level":1012},"geometry":{"type":"LineString","coordinates":[[37.0,-7.19],[37.25,-6.29],[37.5,-6.37],[37.58,-6.75],[37.0,-7.19]]}},{"type":"Feature","properties":{"level":1012},"geometry":{"type":"LineString","coordinates":[[141.0,-6.53],[140.38,-6.0],[140.5,-5.53],[141.75,-5.75],[141.0,-6.53]]}},{"type":"Feature","properties":{"level":1012},"geometry":{"type":"LineString","coordinates":[[119.25,-5.37],[119.01,-5.0],[119.5,-4.84],[119.5,-5.35],[119.25,-5.37]]}},{"type":"Feature","properties":{"level":1012},"geometry":{"type":"LineString","coordinates":[[104.75,-4.76],[103.75,-3.85],[103.0,-3.5],[102.25,-2.47],[101.65,-1.25],[102.0,0.21],[103.75,0.53],[104.75,0.03],[105.56,-1.0],[105.76,-2.75],[105.48,-3.75],[104.79,-4.25],[104.75,-4.76]]}},{"type":"Feature","properties":{"level":1012},"geometry":{"type":"LineString","coordinates":[[65.75,-4.51],[64.3,-3.75],[64.59,-3.5],[64.75,-2.75],[63.75,-1.51],[63.68,-2.25],[63.0,-2.23],[62.0,-3.21],[61.0,-2.87],[61.02,-3.5],[60.75,-3.68],[60.25,-2.82],[60.0,-2.95],[59.79,-2.75],[59.87,-2.5],[60.25,-2.31],[60.5,-2.64],[61.0,-2.71],[61.34,-2.0],[60.52,-1.5],[60.84,-0.75],[60.5,-0.63],[60.0,-0.85],[59.87,-0.5],[60.75,-0.34],[61.5,0.14],[62.65,0.0],[62.75,1.13],[63.5,1.44],[64.0,1.27],[63.43,0.75],[63.82,0.5],[63.97,0.0],[63.17,-1.0],[63.75,-1.49],[64.5,-0.78],[64.9,-1.25],[65.0,-2.2],[65.75,-1.97],[66.43,-3.25],[66.29,-3.5],[67.43,-4.25],[67.46,-4.5],[67.25,-4.69],[66.5,-4.22],[66.0,-4.58],[65.75,-4.51]]}},{"type":"Feature","properties":{"level":1012},"geometry":{"type":"LineString","coordinates":[[68.75,-4.55],[67.51,-4.0],[68.04,-3.25],[68.0,-2.41],[68.5,-2.52],[68.56,-3.0],[69.0,-3.11],[69.55,-3.75],[69.04,-4.25],[69.0,-4.62],[68.75,-4.55]]}},{"type":"Feature","properties":{"level":1012},"geometry":{"type":"LineString","coordinates":[[-42.25,-4.36],[-42.25,-3.25],[-41.93,-3.0],[-41.33,-3.0],[-41.52,-3.5],[-41.25,-4.22],[-42.0,-4.49],[-42.25,-4.36]]}},{"type":"Feature","properties":{"level":1012},"geometry":{"type":"LineString","coordinates":[[63.0,-3.59],[63.27,-3.5],[63.0,-3.59]]}},{"type":"Feature","properties":{"level":1012},"geometry":{"type":"LineString","coordinates":[[114.25,-3.51],[113.51,-2.5],[113.0,-2.39],[112.25,-2.63],[111.56,-2.25],[111.5,-1.96],[111.91,-1.5],[111.5,-1.37],[111.5,-0.71],[111.75,-1.0],[112.75,-0.95],[114.5,-0.44],[115.18,0.5],[115.75,0.44],[117.0,1.32],[116.89,0.25],[117.25,-0.43],[118.25,-0.18],[118.39,-0.5],[118.2,-1.25],[117.5,-2.12],[116.91,-1.5],[116.95,-0.5],[116.5,-0.55],[115.5,-1.27],[115.4,-1.5],[115.74,-2.25],[115.25,-3.11],[114.94,-3.25],[114.98,-3.5],[114.25,-3.51]]}},{"type":"Feature","properties":{"level":1012},"geometry":{"type":"LineString","coordinates":[[36.54,-3.25],[37.5,-3.4],[37.71,-3.0],[37.25,-2.79],[36.54,-3.25]]}},{"type":"Feature","properties":{"level":1012},"geometry":{"type":"LineString","coordinates":[[58.75,-3.27],[58.38,-2.25],[58.73,-1.75],[58.32,-1.5],[58.5,-1.36],[58.75,-1.73],[59.0,-1.7],[59.13,-1.5],[58.74,-1.25],[59.25,-1.04],[59.54,-1.25],[58.9,-2.0],[59.25,-1.84],[59.8,-2.25],[59.7,-2.75],[59.25,-3.28],[58.75,-3.27]]}},{"type":"Feature","properties":{"level":1012},"geometry":{"type":"LineString","coordinates":[[-44.0,-2.76],[-43.75,-2.49],[-42.92,-2.75],[-44.0,-2.76]]}},{"type":"Feature","properties":{"level":1012},"geometry":{"type":"LineString","coordinates":[[71.0,-2.84],[71.0,-2.69],[71.0,-2.84]]}},{"type":"Feature","properties":{"level":1012},"geometry":{"type":"LineString","coordinates":[[71.5,-2.84],[71.15,-2.5],[71.25,-2.17],[71.5,-1.94],[72.09,-2.0],[71.92,-2.75],[71.5,-2.84]]}},{"type":"Feature","properties":{"level":1012},"geometry":{"type":"LineString","coordinates":[[73.0,-2.8],[73.0,-2.61],[73.3,-2.75],[73.0,-2.8]]}},{"type":"Feature","properties":{"level":1012},"geometry":{"type":"LineString","coordinates":[[54.25,-2.53],[54.57,-2.5],[54.5,-2.68],[54.25,-2.53]]}},{"type":"Feature","properties":{"level":1012},"geometry":{"type":"LineString","coordinates":[[110.0,-2.58],[110.0,-2.33],[110.36,-2.5],[110.0,-2.58]]}},{"type":"Feature","properties":{"level":1012},"geometry":{"type":"LineString","coordinates":[[51.5,-2.33],[51.5,-2.15],[51.86,-2.25],[51.5,-2.33]]}},{"type":"Feature","properties":{"level":1012},"geometry":{"type":"LineString","coordinates":[[175.9,-2.25],[176.47,-2.25],[176.25,-2.15],[175.85,-1.0],[176.68,-0.25],[176.5,0.17],[176.03,0.0],[175.75,-0.84],[175.5,-0.63],[175.16,-0.75],[175.18,-1.5],[174.96,-1.75],[175.75,-1.71],[175.9,-2.25]]}},{"type":"Feature","properties":{"level":1012},"geometry":{"type":"LineString","coordinates":[[54.5,-2.1],[53.25,-1.61],[52.75,-1.74],[52.25,-1.52],[52.13,-1.25],[52.46,0.0],[51.75,-0.33],[50.75,0.43],[50.56,1.5],[50.92,3.25],[51.5,2.91],[51.75,2.15],[52.5,2.04],[53.25,1.22],[54.1,0.75],[54.25,-1.04],[54.77,-1.5],[54.5,-2.1]]}},{"type":"Feature","properties":{"level":1012},"geometry":{"type":"LineString","coordinates":[[55.0,-2.07],[55.0,-1.88],[55.0,-2.07]]}},{"type":"Feature","properties":{"level":1012},"geometry":{"type":"LineString","coordinates":[[70.0,-2.03],[69.51,-1.75],[69.0,-0.35],[68.25,0.25],[67.89,0.0],[67.95,0.25],[67.3,0.75],[67.7,1.25],[67.86,2.25],[68.32,3.0],[68.25,3.51],[68.0,3.55],[67.75,3.01],[67.4,3.5],[67.66,3.75],[67.6,4.25],[68.16,4.5],[67.76,5.5],[68.25,5.52],[68.75,5.05],[69.76,5.75],[69.75,6.1],[69.5,5.88],[69.34,6.0],[69.75,6.5],[70.0,6.2],[70.5,6.42],[71.0,5.91],[71.5,6.59],[71.94,6.5],[71.59,6.0],[72.41,5.25],[72.27,4.75],[72.89,3.75],[72.5,3.26],[72.0,3.75],[71.25,3.4],[71.0,3.84],[70.75,3.41],[70.0,3.58],[69.5,3.22],[69.25,3.66],[69.0,3.5],[69.25,2.73],[68.75,2.75],[69.25,2.41],[69.75,3.0],[70.0,2.97],[70.12,2.75],[69.71,2.5],[69.53,2.0],[69.67,1.75],[69.44,1.5],[70.36,0.75],[70.98,-0.25],[70.96,-0.5],[70.21,-0.75],[70.93,-1.25],[70.96,-1.5],[70.0,-2.03]]}},{"type":"Feature","properties":{"level":1012},"geometry":{"type":"LineString","coordinates":[[110.0,-2.16],[109.5,-1.61],[108.63,-1.5],[110.25,-1.5],[110.5,-1.27],[110.48,-2.0],[110.0,-2.16]]}},{"type":"Feature","properties":{"level":1012},"geometry":{"type":"LineString","coordinates":[[168.45,-2.0],[168.75,-2.16],[169.59,-2.0],[169.0,-1.72],[168.45,-2.0]]}},{"type":"Feature","properties":{"level":1012},"geometry":{"type":"LineString","coordinates":[[111.25,-1.8],[111.22,-1.5],[111.41,-1.5],[111.45,-1.75],[111.25,-1.8]]}},{"type":"Feature","properties":{"level":1012},"geometry":{"type":"LineString","coordinates":[[28.76,-1.5],[29.5,-1.75],[29.88,-1.5],[29.87,-1.0],[29.25,-1.43],[29.0,-0.98],[28.76,-1.5]]}},{"type":"Feature","properties":{"level":1012},"geometry":{"type":"LineString","coordinates":[[103.81,-1.5],[104.0,-1.6],[104.04,-1.25],[103.75,-0.98],[103.57,-1.25],[103.81,-1.5]]}},{"type":"Feature","properties":{"level":1012},"geometry":{"type":"LineString","coordinates":[[168.2,-1.5],[168.25,-1.1],[168.2,-1.5]]}},{"type":"Feature","properties":{"level":1012},"geometry":{"type":"LineString","coordinates":[[110.75,-1.34],[110.51,-1.25],[110.93,-1.25],[110.75,-1.34]]}},{"type":"Feature","properties":{"level":1012},"geometry":{"type":"LineString","coordinates":[[34.89,-1.0],[35.75,-0.78],[36.0,-1.0],[36.25,-0.77],[36.75,-1.14],[37.15,-0.5],[37.69,-0.5],[37.74,0.0],[37.25,0.24],[36.25,-0.08],[36.0,-0.37],[35.75,-0.15],[34.68,-0.75],[34.89,-1.0]]}},{"type":"Feature","properties":{"level":1012},"geometry":{"type":"LineString","coordinates":[[102.39,-1.0],[102.76,-1.0],[102.5,-0.8],[102.39,-1.0]]}},{"type":"Feature","properties":{"level":1012},"geometry":{"type":"LineString","coordinates":[[169.34,-1.0],[170.59,-1.0],[170.82,-0.75],[170.8,0.0],[170.25,0.07],[169.25,-0.52],[169.13,-0.75],[169.34,-1.0]]}},{"type":"Feature","properties":{"level":1012},"geometry":{"type":"LineString","coordinates":[[104.45,-0.5],[104.74,-0.5],[104.5,-0.32],[104.45,-0.5]]}},{"type":"Feature","properties":{"level":1012},"geometry":{"type":"LineString","coordinates":[[111.5,-0.27],[111.5,0.17],[112.77,-0.25],[111.5,-0.27]]}},{"type":"Feature","properties":{"level":1012},"geometry":{"type":"LineString","coordinates":[[171.14,-0.25],[171.46,-0.25],[171.46,0.0],[171.14,-0.25]]}},{"type":"Feature","properties":{"level":1012},"geometry":{"type":"LineString","coordinates":[[172.11,-0.25],[172.32,-0.25],[172.11,-0.25]]}},{"type":"Feature","properties":{"level":1012},"geometry":{"type":"LineString","coordinates":[[69.29,0.0],[69.59,0.0],[69.29,0.0]]}},{"type":"Feature","properties":{"level":1012},"geometry":{"type":"LineString","coordinates":[[111.0,-0.01],[110.9,0.25],[111.0,-0.01]]}},{"type":"Feature","properties":{"level":1012},"geometry":{"type":"LineString","coordinates":[[173.21,0.0],[173.47,0.0],[173.21,0.0]]}},{"type":"Feature","properties":{"level":1012},"geometry":{"type":"LineString","coordinates":[[173.5,0.0],[173.82,0.0],[173.5,0.0]]}},{"type":"Feature","properties":{"level":1012},"geometry":{"type":"LineString","coordinates":[[175.73,0.25],[176.22,0.75],[176.0,0.9],[174.91,0.5],[175.73,0.25]]}},{"type":"Feature","properties":{"level":1012},"geometry":{"type":"LineString","coordinates":[[68.23,0.5],[68.25,0.33],[68.35,1.0],[68.0,1.32],[67.86,1.25],[68.23,0.5]]}},{"type":"Feature","properties":{"level":1012},"geometry":{"type":"LineString","coordinates":[[71.0,0.41],[71.0,0.79],[71.0,0.41]]}},{"type":"Feature","properties":{"level":1012},"geometry":{"type":"LineString","coordinates":[[165.51,0.5],[166.25,0.42],[166.34,0.75],[165.75,1.15],[164.96,1.0],[165.51,0.5]]}},{"type":"Feature","properties":{"level":1012},"geometry":{"type":"LineString","coordinates":[[57.5,0.55],[57.27,0.75],[57.5,0.84],[57.5,0.55]]}},{"type":"Feature","properties":{"level":1012},"geometry":{"type":"LineString","coordinates":[[34.25,1.0],[34.75,0.79],[35.25,1.11],[35.5,0.99],[35.56,1.25],[34.5,1.37],[34.25,1.0]]}},{"type":"Feature","properties":{"level":1012},"geometry":{"type":"LineString","coordinates":[[68.87,1.25],[69.0,1.1],[69.19,1.5],[69.0,1.7],[68.87,1.25]]}},{"type":"Feature","properties":{"level":1012},"geometry":{"type":"LineString","coordinates":[[169.98,1.25],[170.27,1.25],[169.98,1.25]]}},{"type":"Feature","properties":{"level":1012},"geometry":{"type":"LineString","coordinates":[[118.75,1.34],[118.53,1.5],[118.75,1.71],[119.05,1.5],[118.75,1.34]]}},{"type":"Feature","properties":{"level":1012},"geometry":{"type":"LineString","coordinates":[[167.24,2.0],[167.25,2.28],[167.24,2.0]]}},{"type":"Feature","properties":{"level":1012},"geometry":{"type":"LineString","coordinates":[[16.95,2.25],[17.29,2.25],[17.36,3.0],[17.91,4.25],[17.71,4.75],[17.9,5.0],[15.75,7.33],[14.66,6.75],[14.07,6.0],[14.5,5.15],[15.25,4.4],[15.58,3.25],[16.25,2.99],[16.95,2.25]]}},{"type":"Feature","properties":{"level":1012},"geometry":{"type":"LineString","coordinates":[[160.77,2.5],[161.7,2.5],[160.89,2.75],[161.23,3.0],[161.0,3.62],[160.4,2.75],[160.77,2.5]]}},{"type":"Feature","properties":{"level":1012},"geometry":{"type":"LineString","coordinates":[[72.5,2.95],[72.5,3.21],[72.5,2.95]]}},{"type":"Feature","properties":{"level":1012},"geometry":{"type":"LineString","coordinates":[[159.37,3.0],[160.0,2.78],[160.22,3.0],[160.07,3.25],[160.56,3.75],[160.0,4.14],[159.37,3.0]]}},{"type":"Feature","properties":{"level":1012},"geometry":{"type":"LineString","coordinates":[[161.99,3.0],[162.25,2.81],[162.39,3.0],[161.99,3.0]]}},{"type":"Feature","properties":{"level":1012},"geometry":{"type":"LineString","coordinates":[[162.83,3.0],[163.5,3.11],[163.6,3.5],[163.0,3.54],[162.83,3.0]]}},{"type":"Feature","properties":{"level":1012},"geometry":{"type":"LineString","coordinates":[[8.32,3.25],[8.5,3.09],[8.92,3.5],[8.75,3.88],[8.32,3.25]]}},{"type":"Feature","properties":{"level":1012},"geometry":{"type":"LineString","coordinates":[[38.83,3.5],[39.5,3.29],[39.92,4.0],[40.5,3.92],[40.59,4.25],[40.29,4.75],[40.5,4.87],[41.3,4.5],[40.96,5.25],[40.0,5.72],[39.51,5.25],[39.81,4.75],[38.42,4.5],[38.81,4.75],[38.68,5.25],[39.47,5.5],[39.75,6.34],[40.74,6.75],[41.1,7.75],[40.74,8.25],[41.18,8.75],[42.25,8.84],[42.48,8.25],[42.75,8.26],[43.25,7.57],[43.27,8.0],[44.25,8.03],[45.06,8.75],[44.75,9.13],[43.75,9.11],[42.5,9.72],[41.75,9.76],[39.25,8.2],[38.5,7.24],[38.25,7.46],[38.73,8.5],[38.65,8.75],[39.25,8.61],[39.7,9.25],[40.03,10.5],[39.79,12.25],[39.97,12.75],[39.9,14.25],[39.59,15.0],[38.75,15.98],[38.6,15.75],[38.75,15.03],[39.18,14.75],[38.85,14.25],[39.25,12.96],[38.84,12.5],[39.0,11.97],[38.75,11.79],[38.0,11.93],[37.78,11.5],[38.25,11.37],[38.75,11.67],[38.69,10.75],[39.0,10.74],[39.12,10.0],[37.5,9.57],[36.99,10.0],[36.81,9.25],[36.46,9.0],[36.5,8.68],[36.89,8.5],[36.75,8.31],[36.25,8.55],[36.0,8.05],[34.93,8.0],[35.0,7.71],[35.71,7.25],[35.75,6.76],[36.0,7.15],[36.25,6.91],[36.75,7.09],[37.25,6.94],[36.97,7.25],[37.5,7.64],[37.66,7.0],[37.5,6.5],[37.08,6.25],[37.16,5.5],[37.47,5.5],[37.28,5.75],[37.74,6.25],[37.52,6.5],[38.0,6.94],[38.27,6.5],[37.8,6.25],[38.02,6.0],[37.67,5.75],[38.21,4.5],[38.02,4.25],[38.5,3.59],[38.83,3.5]]}},{"type":"Feature","properties":{"level":1012},"geometry":{"type":"LineString","coordinates":[[154.75,3.48],[154.59,3.75],[154.75,3.86],[155.48,3.5],[154.75,3.48]]}},{"type":"Feature","properties":{"level":1012},"geometry":{"type":"LineString","coordinates":[[-64.72,3.75],[-64.41,3.75],[-64.53,4.25],[-64.16,4.5],[-64.13,4.75],[-64.5,5.11],[-64.79,4.75],[-64.65,4.5],[-65.36,4.5],[-65.25,4.11],[-64.72,3.75]]}},{"type":"Feature","properties":{"level":1012},"geometry":{"type":"LineString","coordinates":[[6.25,3.65],[6.25,3.88],[6.41,3.75],[6.25,3.65]]}},{"type":"Feature","properties":{"level":1012},"geometry":{"type":"LineString","coordinates":[[-75.0,3.79],[-75.0,4.15],[-75.0,3.79]]}},{"type":"Feature","properties":{"level":1012},"geometry":{"type":"LineString","coordinates":[[8.96,4.0],[9.3,4.0],[9.25,4.42],[8.82,4.25],[8.96,4.0]]}},{"type":"Feature","properties":{"level":1012},"geometry":{"type":"LineString","coordinates":[[-74.75,4.16],[-74.92,4.25],[-74.75,4.54],[-74.75,4.16]]}},{"type":"Feature","properties":{"level":1012},"geometry":{"type":"LineString","coordinates":[[-59.36,4.25],[-59.12,4.25],[-59.29,4.5],[-58.81,5.0],[-58.86,5.75],[-60.0,6.8],[-60.75,6.65],[-61.25,6.11],[-62.5,6.39],[-62.7,6.25],[-62.78,5.75],[-62.25,5.06],[-61.5,5.04],[-61.25,4.74],[-60.25,4.87],[-59.36,4.25]]}},{"type":"Feature","properties":{"level":1012},"geometry":{"type":"LineString","coordinates":[[71.64,4.25],[71.75,4.1],[72.0,4.25],[71.75,4.56],[71.64,4.25]]}},{"type":"Feature","properties":{"level":1012},"geometry":{"type":"LineString","coordinates":[[159.32,4.25],[159.62,4.25],[159.5,4.65],[159.32,4.25]]}},{"type":"Feature","properties":{"level":1012},"geometry":{"type":"LineString","coordinates":[[161.95,4.25],[162.0,4.09],[162.29,4.25],[162.0,4.5],[161.95,4.25]]}},{"type":"Feature","properties":{"level":1012},"geometry":{"type":"LineString","coordinates":[[51.25,4.45],[51.04,4.5],[51.5,4.88],[51.25,4.45]]}},{"type":"Feature","properties":{"level":1012},"geometry":{"type":"LineString","coordinates":[[68.38,4.5],[69.0,4.34],[69.21,4.5],[68.5,4.8],[68.38,4.5]]}},{"type":"Feature","properties":{"level":1012},"geometry":{"type":"LineString","coordinates":[[-65.07,5.0],[-64.88,5.0],[-65.25,6.48],[-65.58,5.75],[-65.07,5.0]]}},{"type":"Feature","properties":{"level":1012},"geometry":{"type":"LineString","coordinates":[[69.83,5.0],[70.07,5.0],[69.83,5.0]]}},{"type":"Feature","properties":{"level":1012},"geometry":{"type":"LineString","coordinates":[[71.56,5.0],[72.07,5.0],[71.75,5.26],[71.56,5.0]]}},{"type":"Feature","properties":{"level":1012},"geometry":{"type":"LineString","coordinates":[[10.01,5.25],[10.5,5.03],[11.11,5.5],[10.87,6.0],[11.0,6.45],[11.52,6.5],[11.31,7.0],[11.0,6.54],[9.7,6.0],[10.01,5.25]]}},{"type":"Feature","properties":{"level":1012},"geometry":{"type":"LineString","coordinates":[[126.25,6.22],[126.1,6.25],[126.25,6.22]]}},{"type":"Feature","properties":{"level":1012},"geometry":{"type":"LineString","coordinates":[[69.25,6.37],[69.0,6.85],[69.39,6.75],[69.25,6.37]]}},{"type":"Feature","properties":{"level":1012},"geometry":{"type":"LineString","coordinates":[[70.5,6.58],[70.5,6.86],[70.5,6.58]]}},{"type":"Feature","properties":{"level":1012},"geometry":{"type":"LineString","coordinates":[[-8.0,6.9],[-8.0,7.1],[-8.0,6.9]]}},{"type":"Feature","properties":{"level":1012},"geometry":{"type":"LineString","coordinates":[[-4.59,7.0],[-3.97,7.0],[-3.25,7.83],[-2.75,7.6],[-2.25,7.81],[-2.0,7.1],[-1.71,7.75],[-3.25,8.56],[-4.0,7.86],[-4.5,7.85],[-4.92,8.25],[-5.25,8.25],[-5.47,7.75],[-4.75,7.58],[-4.42,7.25],[-4.59,7.0]]}},{"type":"Feature","properties":{"level":1012},"geometry":{"type":"LineString","coordinates":[[-10.75,7.09],[-10.75,7.27],[-10.75,7.09]]}},{"type":"Feature","properties":{"level":1012},"geometry":{"type":"LineString","coordinates":[[-11.0,7.4],[-11.0,7.59],[-11.0,7.4]]}},{"type":"Feature","properties":{"level":1012},"geometry":{"type":"LineString","coordinates":[[-12.25,7.71],[-12.47,7.75],[-12.25,7.8],[-12.29,8.5],[-12.5,8.7],[-13.0,8.6],[-13.0,9.09],[-12.0,9.1],[-11.82,8.25],[-11.38,7.75],[-12.0,7.52],[-12.25,7.71]]}},{"type":"Feature","properties":{"level":1012},"geometry":{"type":"LineString","coordinates":[[-11.0,7.93],[-11.0,8.28],[-11.0,7.93]]}},{"type":"Feature","properties":{"level":1012},"geometry":{"type":"LineString","coordinates":[[75.75,8.32],[75.21,9.0],[75.1,10.0],[74.57,10.75],[74.75,11.8],[75.28,12.0],[75.53,12.0],[76.42,10.75],[76.2,10.5],[76.54,10.0],[75.75,8.32]]}},{"type":"Feature","properties":{"level":1012},"geometry":{"type":"LineString","coordinates":[[-82.86,8.75],[-82.15,8.75],[-83.25,9.78],[-84.75,10.37],[-84.09,9.5],[-82.86,8.75]]}},{"type":"Feature","properties":{"level":1012},"geometry":{"type":"LineString","coordinates":[[77.75,8.56],[77.63,9.0],[78.07,9.75],[78.5,10.1],[78.68,10.0],[78.75,9.2],[78.25,9.18],[77.75,8.56]]}},{"type":"Feature","properties":{"level":1012},"geometry":{"type":"LineString","coordinates":[[80.0,8.92],[80.0,9.29],[80.0,8.92]]}},{"type":"Feature","properties":{"level":1012},"geometry":{"type":"LineString","coordinates":[[45.46,9.25],[45.78,9.75],[45.0,10.11],[44.61,9.75],[45.46,9.25]]}},{"type":"Feature","properties":{"level":1012},"geometry":{"type":"LineString","coordinates":[[-67.03,10.0],[-66.48,10.0],[-66.89,10.25],[-66.54,10.5],[-67.51,10.5],[-67.49,10.25],[-67.03,10.0]]}},{"type":"Feature","properties":{"level":1012},"geometry":{"type":"LineString","coordinates":[[37.57,10.25],[38.19,10.25],[38.25,11.07],[36.75,11.43],[36.75,10.83],[37.25,10.83],[37.57,10.25]]}},{"type":"Feature","properties":{"level":1012},"geometry":{"type":"LineString","coordinates":[[46.91,10.25],[47.25,10.19],[47.75,10.68],[48.84,11.0],[48.0,11.11],[47.25,10.89],[46.91,10.25]]}},{"type":"Feature","properties":{"level":1012},"geometry":{"type":"LineString","coordinates":[[76.75,10.7],[76.52,10.75],[77.19,11.0],[77.66,11.5],[78.0,11.5],[78.17,11.0],[77.97,10.75],[76.75,10.7]]}},{"type":"Feature","properties":{"level":1012},"geometry":{"type":"LineString","coordinates":[[78.75,10.67],[79.0,10.96],[78.75,10.67]]}},{"type":"Feature","properties":{"level":1012},"geometry":{"type":"LineString","coordinates":[[126.12,10.75],[126.25,10.58],[126.44,10.75],[126.12,10.75]]}},{"type":"Feature","properties":{"level":1012},"geometry":{"type":"LineString","coordinates":[[-8.56,11.0],[-8.13,11.0],[-8.11,11.25],[-8.5,11.38],[-8.7,11.25],[-8.56,11.0]]}},{"type":"Feature","properties":{"level":1012},"geometry":{"type":"LineString","coordinates":[[74.25,12.24],[73.9,13.25],[72.98,14.25],[72.75,17.76],[73.06,17.75],[73.25,17.14],[73.5,17.69],[73.68,16.75],[73.48,16.25],[74.07,15.5],[74.33,14.0],[75.0,13.32],[74.6,12.25],[74.25,12.24]]}},{"type":"Feature","properties":{"level":1012},"geometry":{"type":"LineString","coordinates":[[114.5,12.48],[113.5,12.59],[112.97,13.0],[113.32,13.5],[112.8,13.75],[112.59,14.75],[112.75,15.13],[113.25,15.32],[115.5,15.61],[115.87,14.25],[115.7,13.25],[114.5,12.48]]}},{"type":"Feature","properties":{"level":1012},"geometry":{"type":"LineString","coordinates":[[37.49,12.75],[37.75,12.6],[38.62,13.25],[38.25,13.54],[37.49,12.75]]}},{"type":"Feature","properties":{"level":1012},"geometry":{"type":"LineString","coordinates":[[54.25,12.73],[54.25,12.88],[54.54,12.75],[54.25,12.73]]}},{"type":"Feature","properties":{"level":1012},"geometry":{"type":"LineString","coordinates":[[44.03,13.25],[44.34,13.25],[44.28,13.5],[44.5,13.66],[45.5,13.6],[46.81,14.25],[45.75,14.47],[44.3,16.25],[44.25,16.52],[45.0,16.5],[44.19,17.5],[44.31,18.25],[44.0,19.52],[43.5,19.02],[43.19,19.0],[43.0,19.38],[42.25,19.66],[41.76,20.5],[41.25,20.72],[41.22,21.0],[40.5,21.6],[40.15,21.25],[40.25,21.01],[41.78,19.75],[42.16,18.25],[43.28,17.75],[43.25,16.99],[43.87,16.25],[43.49,15.5],[43.75,14.41],[43.95,14.5],[43.83,15.0],[44.08,15.0],[44.03,13.25]]}},{"type":"Feature","properties":{"level":1012},"geometry":{"type":"LineString","coordinates":[[-88.07,14.0],[-87.75,14.23],[-87.0,13.97],[-86.89,14.25],[-87.75,14.3],[-88.5,14.67],[-89.15,14.5],[-88.07,14.0]]}},{"type":"Feature","properties":{"level":1012},"geometry":{"type":"LineString","coordinates":[[-91.09,14.5],[-90.0,14.39],[-89.86,15.0],[-90.09,15.5],[-91.11,15.75],[-92.25,17.0],[-92.96,17.0],[-92.5,16.39],[-91.75,16.0],[-92.0,15.6],[-92.54,15.5],[-91.75,14.77],[-91.09,14.5]]}},{"type":"Feature","properties":{"level":1012},"geometry":{"type":"LineString","coordinates":[[48.64,14.5],[48.75,14.36],[49.25,14.8],[50.94,15.25],[49.75,15.36],[48.75,15.07],[48.51,14.75],[48.64,14.5]]}},{"type":"Feature","properties":{"level":1012},"geometry":{"type":"LineString","coordinates":[[125.5,14.95],[125.73,15.0],[125.5,14.95]]}},{"type":"Feature","properties":{"level":1012},"geometry":{"type":"LineString","coordinates":[[51.15,15.25],[51.4,15.5],[51.25,15.6],[51.15,15.25]]}},{"type":"Feature","properties":{"level":1012},"geometry":{"type":"LineString","coordinates":[[-14.5,15.44],[-14.3,15.5],[-14.5,15.44]]}},{"type":"Feature","properties":{"level":1012},"geometry":{"type":"LineString","coordinates":[[-180.0,16.31],[-178.75,16.61],[-178.25,17.32],[-177.28,17.75],[-176.5,18.59],[-174.4,20.0],[-174.6,20.5],[-173.65,21.0],[-173.54,22.0],[-172.5,22.75],[-172.58,23.25],[-171.48,24.25],[-171.3,24.75],[-171.82,25.0],[-170.55,26.75],[-170.47,27.25],[-169.12,28.25],[-169.22,28.5],[-168.36,29.25],[-168.79,29.5],[-168.5,29.98],[-166.5,31.65],[-166.11,31.75],[-165.72,32.75],[-161.75,35.83],[-160.5,36.13],[-158.75,37.1],[-158.25,37.1],[-157.25,37.79],[-156.5,37.86],[-155.95,37.5],[-155.85,36.0],[-155.39,35.5],[-154.71,33.5],[-154.66,32.75],[-155.6,30.25],[-155.26,28.5],[-155.42,27.25],[-155.26,25.5],[-155.16,24.75],[-153.5,22.2],[-150.75,20.41],[-147.25,20.48],[-144.25,19.68],[-143.0,19.81],[-140.75,20.47],[-138.75,20.51],[-137.25,21.27],[-137.0,21.01],[-136.0,21.07],[-135.25,21.46],[-134.75,21.44],[-134.0,21.9],[-132.75,23.64],[-131.75,24.5],[-131.05,25.75],[-129.75,27.33],[-126.5,29.53],[-124.6,31.75],[-124.0,35.25],[-124.3,36.25],[-124.22,37.5],[-124.58,38.5],[-124.54,40.0],[-124.25,40.21],[-124.0,40.1],[-123.5,39.0],[-122.75,38.76],[-122.39,39.0],[-122.52,40.25],[-122.2,40.5],[-120.3,37.75],[-118.97,36.5],[-118.69,35.25],[-119.0,34.99],[-119.75,35.17],[-119.92,35.0],[-119.75,34.63],[-119.0,34.48],[-118.38,34.75],[-117.75,35.5],[-117.75,35.8],[-117.03,36.25],[-117.37,36.75],[-117.25,36.89],[-116.25,36.68],[-115.5,35.81],[-114.83,37.0],[-114.0,37.02],[-113.88,35.0],[-112.69,34.25],[-111.25,33.85],[-110.75,33.31],[-110.5,33.42],[-109.73,33.0],[-110.25,33.02],[-110.33,32.5],[-110.0,31.91],[-109.75,32.22],[-109.73,31.75],[-109.08,31.25],[-109.05,30.75],[-109.37,30.5],[-108.77,29.5],[-109.03,29.0],[-109.0,28.02],[-108.55,28.0],[-108.38,27.25],[-107.75,27.03],[-107.87,26.5],[-107.25,25.93],[-107.15,25.5],[-106.24,24.75],[-106.25,24.25],[-105.73,23.5],[-105.01,23.0],[-104.75,22.28],[-104.42,22.5],[-104.15,22.0],[-104.25,21.44],[-103.75,21.83],[-103.75,21.15],[-103.4,21.0],[-104.75,20.8],[-104.95,20.5],[-104.79,20.25],[-104.5,19.96],[-104.0,20.44],[-103.5,19.44],[-102.75,19.65],[-102.27,19.25],[-101.5,19.08],[-100.5,19.29],[-99.75,18.28],[-99.29,18.5],[-99.25,18.77],[-98.34,18.5],[-97.97,18.25],[-98.25,17.89],[-99.5,17.66],[-101.0,18.01],[-101.02,17.75],[-100.25,17.41],[-99.25,17.46],[-98.75,17.12],[-98.0,17.11],[-96.5,15.97],[-95.86,16.25],[-95.75,17.0],[-96.85,18.5],[-96.69,19.75],[-97.75,20.21],[-99.17,21.75],[-99.3,22.75],[-99.02,23.5],[-99.31,24.5],[-99.25,24.71],[-98.75,24.47],[-98.64,24.75],[-99.5,24.93],[-100.01,25.75],[-99.59,26.0],[-99.66,26.25],[-100.25,26.89],[-101.0,27.2],[-101.5,27.05],[-101.41,28.0],[-100.75,27.8],[-100.35,28.0],[-100.5,28.54],[-99.5,27.98],[-99.0,28.3],[-97.0,28.47],[-96.0,28.91],[-94.75,29.9],[-93.5,30.11],[-91.5,30.14],[-90.25,30.55],[-88.75,30.64],[-84.75,30.14],[-79.54,31.5],[-77.43,31.25],[-77.45,31.0],[-76.75,30.57],[-75.75,29.32],[-74.5,28.99],[-74.22,28.5],[-73.25,27.88],[-73.67,27.0],[-73.61,25.25],[-72.51,24.25],[-70.59,21.75],[-70.5,21.25],[-69.5,20.62],[-69.21,20.0],[-66.25,19.42],[-65.0,19.6],[-63.09,19.0],[-61.92,17.5],[-61.6,16.5],[-61.87,16.25],[-61.14,15.75],[-61.4,15.25],[-60.62,14.0],[-60.0,13.81],[-59.5,13.06],[-58.25,13.08],[-57.75,12.75],[-57.25,12.75],[-55.37,11.0],[-54.75,10.94],[-54.25,11.2],[-52.2,9.75],[-51.7,8.75],[-52.25,7.6],[-51.75,7.57],[-51.42,7.0],[-50.94,7.0],[-50.14,6.0],[-49.52,5.75],[-49.62,5.25],[-50.15,4.75],[-50.5,3.98],[-50.75,3.69],[-51.0,3.97],[-51.09,3.0],[-50.79,2.25],[-49.75,1.11],[-49.44,1.25],[-49.2,1.5],[-49.28,2.0],[-49.5,2.27],[-50.25,2.17],[-50.54,2.75],[-49.5,3.55],[-48.75,3.69],[-48.5,3.22],[-48.27,3.5],[-48.71,4.0],[-48.5,4.29],[-48.25,4.12],[-47.88,3.25],[-48.0,2.92],[-48.56,2.75],[-48.44,2.0],[-47.83,1.75],[-47.35,1.0],[-47.04,-0.75],[-46.11,-1.5],[-46.25,-1.88],[-47.19,-2.25],[-47.7,-3.25],[-48.03,-5.0],[-46.99,-5.25],[-46.82,-5.5],[-46.96,-6.5],[-46.5,-7.07],[-45.75,-7.41],[-45.25,-7.28],[-45.11,-7.5],[-45.5,-8.09],[-46.25,-7.63],[-46.17,-8.0],[-46.75,-8.36],[-46.5,-9.27],[-46.0,-9.11],[-45.53,-9.5],[-46.25,-9.9],[-46.34,-10.75],[-46.89,-11.25],[-46.81,-11.75],[-46.5,-11.93],[-46.5,-12.78],[-47.0,-12.61],[-47.5,-13.17],[-48.0,-12.79],[-47.7,-13.75],[-48.1,-14.5],[-49.25,-15.13],[-49.75,-15.02],[-50.1,-15.75],[-51.0,-16.58],[-52.5,-16.39],[-53.25,-15.95],[-53.5,-15.32],[-54.25,-15.25],[-54.15,-15.75],[-53.59,-16.25],[-54.04,-16.75],[-53.5,-17.34],[-53.17,-18.75],[-52.92,-19.0],[-53.14,-19.25],[-52.75,-19.24],[-52.62,-19.5],[-53.07,-20.75],[-53.0,-21.14],[-53.5,-21.25],[-53.64,-21.75],[-55.0,-23.0],[-54.6,-23.75],[-54.77,-24.75],[-53.93,-25.25],[-54.0,-25.42],[-54.25,-25.3],[-54.68,-26.0],[-54.69,-27.0],[-54.16,-27.5],[-53.91,-28.25],[-54.24,-28.5],[-54.16,-29.0],[-53.65,-29.75],[-54.04,-30.25],[-54.33,-31.25],[-54.87,-31.75],[-55.25,-33.24],[-57.5,-35.78],[-57.75,-35.77],[-57.75,-35.41],[-59.5,-36.25],[-60.75,-36.22],[-62.5,-37.02],[-63.62,-36.75],[-64.0,-36.29],[-65.5,-35.87],[-66.01,-34.75],[-66.5,-34.38],[-67.33,-32.5],[-67.29,-31.25],[-67.64,-30.75],[-67.88,-29.25],[-67.63,-29.0],[-68.25,-28.48],[-68.5,-29.11],[-68.73,-28.75],[-68.5,-28.24],[-68.05,-28.0],[-67.75,-26.86],[-67.25,-27.18],[-66.75,-26.44],[-66.5,-26.57],[-66.17,-26.25],[-66.43,-25.25],[-65.7,-24.5],[-65.08,-23.25],[-65.24,-22.75],[-65.0,-21.5],[-65.3,-21.5],[-65.4,-20.75],[-65.01,-20.25],[-66.32,-17.5],[-65.75,-17.82],[-65.0,-17.73],[-64.83,-17.5],[-65.85,-17.0],[-66.25,-16.55],[-67.75,-16.05],[-68.5,-15.25],[-69.0,-14.14],[-71.48,-13.0],[-72.0,-12.2],[-72.25,-12.12],[-73.0,-12.59],[-73.75,-11.4],[-73.98,-11.5],[-73.84,-12.0],[-74.0,-12.31],[-77.14,-7.25],[-76.89,-6.25],[-77.0,-5.75],[-77.75,-5.33],[-78.25,-5.36],[-78.75,-5.95],[-78.89,-5.5],[-78.66,-5.25],[-78.25,-2.8],[-78.0,-2.5],[-78.0,-1.53],[-77.41,-0.5],[-77.43,0.25],[-74.58,2.75],[-73.25,4.71],[-72.15,5.75],[-71.8,6.5],[-72.07,7.0],[-72.0,7.57],[-71.0,8.06],[-69.5,9.46],[-68.86,10.25],[-69.0,10.39],[-69.5,10.44],[-69.75,10.01],[-70.24,10.25],[-69.91,10.5],[-70.75,10.45],[-70.72,9.5],[-72.5,8.28],[-72.97,9.25],[-72.44,10.75],[-73.0,10.68],[-73.25,11.15],[-74.0,11.17],[-74.11,10.75],[-73.75,10.24],[-73.19,10.5],[-73.2,9.75],[-73.56,9.0],[-73.48,7.25],[-74.0,6.28],[-74.75,5.44],[-74.7,6.25],[-74.11,7.25],[-74.0,8.3],[-74.36,8.25],[-74.75,7.19],[-75.75,7.61],[-76.45,7.25],[-76.38,5.5],[-77.25,2.79],[-77.65,2.5],[-78.0,1.55],[-79.07,0.5],[-79.34,-0.5],[-79.27,-2.25],[-79.71,-2.75],[-80.0,-3.74],[-80.79,-4.25],[-80.75,-4.64],[-80.25,-4.42],[-80.12,-5.25],[-80.38,-5.5],[-79.73,-6.5],[-79.5,-8.2],[-80.27,-7.25],[-81.0,-7.38],[-82.25,-6.57],[-84.75,-7.6],[-87.0,-7.02],[-87.75,-7.18],[-88.25,-7.03],[-89.5,-7.51],[-93.0,-6.59],[-94.5,-6.53],[-96.75,-5.86],[-97.75,-5.85],[-100.5,-6.42],[-102.25,-6.26],[-103.5,-6.43],[-107.25,-8.01],[-109.5,-7.97],[-110.0,-8.64],[-111.25,-8.48],[-112.5,-9.05],[-114.0,-9.26],[-114.5,-10.16],[-117.25,-10.37],[-118.0,-11.07],[-119.78,-11.0],[-120.38,-11.75],[-120.2,-12.5],[-121.07,-12.75],[-120.97,-14.25],[-122.25,-14.86],[-125.0,-14.24],[-126.0,-14.49],[-126.05,-14.75],[-125.74,-15.0],[-125.86,-15.25],[-125.0,-15.99],[-124.61,-17.0],[-122.95,-19.25],[-123.5,-20.05],[-126.5,-20.41],[-127.5,-19.79],[-129.0,-19.3],[-130.0,-18.41],[-131.75,-17.47],[-137.25,-16.06],[-140.0,-16.09],[-142.0,-15.83],[-144.0,-14.99],[-148.5,-14.54],[-156.75,-13.04],[-159.75,-13.35],[-161.75,-12.95],[-163.75,-12.15],[-164.5,-12.44],[-165.25,-12.39],[-166.75,-12.01],[-168.0,-11.36],[-171.0,-11.56],[-173.0,-10.96],[-174.25,-11.2],[-175.25,-10.78],[-176.75,-10.84],[-177.5,-10.25],[-178.75,-10.55],[-180.0,-10.52]]}},{"type":"Feature","properties":{"level":1012},"geometry":{"type":"LineString","coordinates":[[115.75,16.32],[115.75,16.73],[116.0,16.76],[116.06,16.5],[115.75,16.32]]}},{"type":"Feature","properties":{"level":1012},"geometry":{"type":"LineString","coordinates":[[110.0,16.85],[109.75,17.0],[110.0,17.35],[110.18,17.0],[110.0,16.85]]}},{"type":"Feature","properties":{"level":1012},"geometry":{"type":"LineString","coordinates":[[75.75,17.21],[75.0,17.47],[75.0,17.8],[75.75,17.75],[76.38,17.25],[75.75,17.21]]}},{"type":"Feature","properties":{"level":1012},"geometry":{"type":"LineString","coordinates":[[95.5,17.46],[95.5,17.77],[95.5,17.46]]}},{"type":"Feature","properties":{"level":1012},"geometry":{"type":"LineString","coordinates":[[-76.74,18.0],[-76.38,18.0],[-76.74,18.0]]}},{"type":"Feature","properties":{"level":1012},"geometry":{"type":"LineString","coordinates":[[-71.63,18.0],[-71.25,17.85],[-70.75,18.31],[-69.75,18.17],[-68.64,18.75],[-69.25,19.47],[-70.0,19.79],[-70.75,19.87],[-71.75,19.53],[-72.92,19.75],[-72.45,19.25],[-72.62,19.0],[-72.36,18.75],[-72.48,18.25],[-71.63,18.0]]}},{"type":"Feature","properties":{"level":1012},"geometry":{"type":"LineString","coordinates":[[73.25,17.95],[73.25,18.28],[73.25,17.95]]}},{"type":"Feature","properties":{"level":1012},"geometry":{"type":"LineString","coordinates":[[-74.06,18.25],[-73.79,18.5],[-74.3,18.5],[-74.06,18.25]]}},{"type":"Feature","properties":{"level":1012},"geometry":{"type":"LineString","coordinates":[[-72.93,18.25],[-72.53,18.25],[-72.93,18.25]]}},{"type":"Feature","properties":{"level":1012},"geometry":{"type":"LineString","coordinates":[[-67.04,18.25],[-66.75,18.05],[-65.74,18.25],[-66.5,18.45],[-67.04,18.25]]}},{"type":"Feature","properties":{"level":1012},"geometry":{"type":"LineString","coordinates":[[-155.9,19.25],[-155.5,19.05],[-155.02,19.5],[-155.25,20.03],[-155.75,20.04],[-155.96,19.75],[-155.9,19.25]]}},{"type":"Feature","properties":{"level":1012},"geometry":{"type":"LineString","coordinates":[[73.0,19.0],[72.89,19.25],[73.25,19.58],[73.45,19.25],[73.0,19.0]]}},{"type":"Feature","properties":{"level":1012},"geometry":{"type":"LineString","coordinates":[[-77.05,20.0],[-76.5,19.9],[-76.34,20.25],[-77.05,20.0]]}},{"type":"Feature","properties":{"level":1012},"geometry":{"type":"LineString","coordinates":[[95.0,19.94],[94.59,20.25],[94.46,20.75],[94.94,21.5],[94.74,22.0],[94.91,22.5],[95.5,23.36],[95.62,22.75],[96.0,22.32],[96.05,21.5],[96.0,21.33],[95.75,21.75],[95.5,21.28],[95.0,21.1],[95.36,20.0],[95.0,19.94]]}},{"type":"Feature","properties":{"level":1012},"geometry":{"type":"LineString","coordinates":[[-75.17,20.25],[-74.59,20.25],[-75.0,20.57],[-75.22,20.5],[-75.17,20.25]]}},{"type":"Feature","properties":{"level":1012},"geometry":{"type":"LineString","coordinates":[[-75.78,20.5],[-75.5,20.32],[-75.31,20.5],[-75.78,20.5]]}},{"type":"Feature","properties":{"level":1012},"geometry":{"type":"LineString","coordinates":[[91.75,22.06],[91.75,22.46],[91.75,22.06]]}},{"type":"Feature","properties":{"level":1012},"geometry":{"type":"LineString","coordinates":[[46.2,22.5],[46.57,22.75],[46.54,23.25],[46.85,23.75],[46.86,24.5],[47.31,25.0],[47.35,25.75],[47.25,26.04],[46.75,26.1],[46.45,25.5],[45.5,25.12],[45.37,25.25],[45.84,25.75],[46.33,26.0],[46.28,26.25],[45.5,26.58],[45.25,26.45],[45.0,26.74],[44.89,25.25],[44.75,25.02],[44.5,25.21],[44.0,24.02],[43.68,24.25],[43.83,25.25],[43.5,25.36],[43.25,24.93],[42.65,24.75],[42.73,23.75],[43.0,23.55],[44.0,23.97],[44.75,23.32],[45.25,23.49],[45.34,24.0],[44.95,24.75],[45.75,24.86],[46.08,24.5],[46.16,23.5],[46.48,23.25],[46.12,22.75],[46.2,22.5]]}},{"type":"Feature","properties":{"level":1012},"geometry":{"type":"LineString","coordinates":[[59.11,22.5],[59.45,22.5],[59.3,23.0],[58.75,23.39],[58.26,23.25],[59.11,22.5]]}},{"type":"Feature","properties":{"level":1012},"geometry":{"type":"LineString","coordinates":[[88.25,22.44],[88.01,22.75],[88.17,23.25],[87.73,24.25],[87.78,25.0],[87.2,25.25],[87.02,25.5],[87.25,25.64],[88.0,25.86],[88.75,25.54],[89.5,26.07],[89.99,26.0],[89.75,25.25],[89.5,25.39],[89.09,25.0],[89.38,24.5],[88.91,24.25],[88.91,24.0],[89.25,23.71],[89.5,23.68],[89.56,24.0],[90.15,24.25],[90.22,24.5],[89.55,25.0],[89.75,25.25],[90.0,25.01],[92.25,25.03],[93.06,24.75],[91.5,23.76],[91.53,23.25],[91.0,22.83],[89.5,22.28],[89.0,22.59],[88.25,22.44]]}},{"type":"Feature","properties":{"level":1012},"geometry":{"type":"LineString","coordinates":[[57.41,23.0],[57.75,22.92],[57.98,23.25],[56.75,23.92],[56.25,24.83],[56.25,23.87],[56.84,23.5],[57.0,23.06],[57.41,23.0]]}},{"type":"Feature","properties":{"level":1012},"geometry":{"type":"LineString","coordinates":[[94.5,23.58],[94.35,24.0],[94.57,24.5],[95.75,26.1],[96.14,25.25],[95.57,25.0],[95.58,24.75],[94.5,23.58]]}},{"type":"Feature","properties":{"level":1012},"geometry":{"type":"LineString","coordinates":[[96.25,23.65],[96.5,24.53],[97.0,24.32],[97.21,24.5],[97.0,24.75],[96.75,24.52],[96.81,25.0],[96.5,25.61],[97.0,25.32],[97.5,25.58],[97.25,24.25],[96.25,23.65]]}},{"type":"Feature","properties":{"level":1012},"geometry":{"type":"LineString","coordinates":[[88.25,24.25],[88.5,24.08],[88.67,24.25],[88.5,24.53],[88.25,24.25]]}},{"type":"Feature","properties":{"level":1012},"geometry":{"type":"LineString","coordinates":[[68.25,24.91],[68.02,25.5],[67.0,26.06],[66.5,27.31],[66.0,27.05],[65.88,27.25],[66.75,28.25],[67.0,28.02],[67.5,29.92],[68.5,29.98],[68.75,30.34],[69.5,30.47],[69.75,30.8],[70.0,30.5],[70.1,31.75],[69.75,31.88],[69.5,31.39],[69.25,32.0],[70.24,32.5],[70.35,33.25],[71.0,33.29],[71.81,33.75],[71.5,33.76],[71.3,34.25],[72.0,34.51],[75.75,32.23],[77.0,30.64],[77.71,30.25],[79.25,28.26],[80.25,27.46],[81.49,25.5],[80.25,25.27],[79.25,25.46],[78.0,26.24],[76.75,26.61],[76.48,27.0],[76.5,27.57],[75.5,28.1],[72.0,26.79],[71.29,26.75],[69.81,25.25],[68.5,24.77],[68.25,24.91]]}},{"type":"Feature","properties":{"level":1012},"geometry":{"type":"LineString","coordinates":[[81.75,25.23],[81.52,25.5],[82.11,25.75],[82.21,25.25],[81.75,25.23]]}},{"type":"Feature","properties":{"level":1012},"geometry":{"type":"LineString","coordinates":[[86.75,25.23],[85.96,25.75],[86.94,25.5],[86.75,25.23]]}},{"type":"Feature","properties":{"level":1012},"geometry":{"type":"LineString","coordinates":[[93.0,25.73],[92.0,26.46],[91.25,26.16],[90.8,26.25],[90.74,26.5],[93.5,26.8],[94.25,27.3],[94.87,27.25],[94.0,26.38],[93.5,26.7],[93.0,26.6],[92.83,26.25],[93.18,26.0],[93.0,25.73]]}},{"type":"Feature","properties":{"level":1012},"geometry":{"type":"LineString","coordinates":[[58.18,26.0],[58.35,26.0],[58.18,26.0]]}},{"type":"Feature","properties":{"level":1012},"geometry":{"type":"LineString","coordinates":[[57.5,26.25],[57.75,26.12],[58.93,26.75],[57.75,27.22],[57.53,27.0],[57.5,26.25]]}},{"type":"Feature","properties":{"level":1012},"geometry":{"type":"LineString","coordinates":[[96.25,26.22],[96.03,26.25],[96.5,26.71],[96.86,26.5],[96.75,26.07],[96.25,26.22]]}},{"type":"Feature","properties":{"level":1012},"geometry":{"type":"LineString","coordinates":[[-98.97,27.5],[-98.75,27.31],[-98.5,27.61],[-98.35,28.0],[-98.5,28.22],[-98.97,27.5]]}},{"type":"Feature","properties":{"level":1012},"geometry":{"type":"LineString","coordinates":[[37.75,27.41],[36.62,28.25],[36.75,28.49],[37.5,28.06],[37.98,27.5],[37.75,27.41]]}},{"type":"Feature","properties":{"level":1012},"geometry":{"type":"LineString","coordinates":[[63.75,27.45],[62.75,27.77],[62.33,28.5],[62.64,28.75],[64.25,28.99],[64.9,29.5],[65.0,29.95],[65.25,29.81],[65.75,30.14],[65.65,29.25],[64.45,28.75],[65.0,28.57],[65.5,28.79],[65.5,28.26],[64.95,27.75],[63.75,27.45]]}},{"type":"Feature","properties":{"level":1012},"geometry":{"type":"LineString","coordinates":[[59.25,28.46],[59.0,28.52],[58.74,29.25],[58.16,29.75],[57.2,31.25],[57.11,31.75],[57.75,32.28],[58.5,31.57],[58.73,31.0],[59.25,30.71],[59.75,29.7],[59.83,28.5],[59.25,28.46]]}},{"type":"Feature","properties":{"level":1012},"geometry":{"type":"LineString","coordinates":[[87.75,28.97],[87.61,29.25],[88.25,29.44],[89.25,29.49],[89.7,29.25],[87.75,28.97]]}},{"type":"Feature","properties":{"level":1012},"geometry":{"type":"LineString","coordinates":[[62.0,29.72],[62.0,29.89],[62.0,29.72]]}},{"type":"Feature","properties":{"level":1012},"geometry":{"type":"LineString","coordinates":[[61.0,30.37],[61.0,30.83],[61.0,30.37]]}},{"type":"Feature","properties":{"level":1012},"geometry":{"type":"LineString","coordinates":[[63.25,30.32],[63.5,31.14],[62.0,30.77],[61.64,31.25],[62.25,32.61],[62.5,32.16],[63.53,32.25],[63.38,31.75],[63.01,31.5],[63.25,31.31],[63.75,31.25],[64.03,31.75],[64.75,31.97],[64.19,30.5],[63.25,30.32]]}},{"type":"Feature","properties":{"level":1012},"geometry":{"type":"LineString","coordinates":[[85.5,30.45],[84.49,30.75],[84.75,31.01],[84.0,31.01],[83.75,31.25],[83.71,31.5],[84.15,31.75],[84.0,32.06],[83.25,32.31],[83.08,32.0],[83.25,31.46],[82.75,31.39],[82.62,31.5],[82.92,32.0],[82.5,32.15],[82.0,31.79],[81.75,31.88],[81.34,32.75],[81.0,32.99],[80.5,32.87],[79.5,33.5],[80.5,34.1],[81.5,34.15],[82.09,33.75],[81.34,33.75],[81.49,33.5],[82.25,33.37],[82.72,33.75],[82.25,34.38],[83.25,34.36],[83.75,34.73],[84.25,34.28],[85.83,34.0],[86.13,33.75],[86.06,33.5],[85.08,33.5],[85.25,33.03],[85.5,33.29],[86.0,33.05],[86.6,33.5],[86.32,33.75],[86.5,33.97],[87.0,33.99],[87.75,33.32],[88.25,33.32],[88.31,33.0],[88.0,32.63],[87.0,32.66],[87.02,32.25],[88.5,32.11],[88.75,32.35],[89.58,32.0],[89.53,31.75],[88.75,31.28],[88.25,31.73],[87.5,30.76],[86.75,30.9],[86.0,30.33],[85.5,30.45]]}},{"type":"Feature","properties":{"level":1012},"geometry":{"type":"LineString","coordinates":[[-110.6,30.75],[-110.5,30.62],[-109.7,31.0],[-110.5,31.83],[-110.81,31.75],[-110.5,31.26],[-110.25,31.25],[-110.75,31.13],[-110.6,30.75]]}},{"type":"Feature","properties":{"level":1012},"geometry":{"type":"LineString","coordinates":[[-107.25,30.71],[-107.5,31.75],[-106.5,32.19],[-106.25,32.73],[-106.02,32.5],[-106.17,31.25],[-107.0,30.6],[-107.25,30.71]]}},{"type":"Feature","properties":{"level":1012},"geometry":{"type":"LineString","coordinates":[[-103.75,30.95],[-104.32,31.75],[-104.25,32.12],[-102.43,31.25],[-103.25,30.88],[-103.75,30.95]]}},{"type":"Feature","properties":{"level":1012},"geometry":{"type":"LineString","coordinates":[[86.13,31.25],[86.75,31.42],[87.11,31.25],[86.5,31.66],[85.0,31.75],[84.8,31.5],[86.13,31.25]]}},{"type":"Feature","properties":{"level":1012},"geometry":{"type":"LineString","coordinates":[[79.75,32.46],[79.48,32.75],[79.75,32.89],[80.62,32.5],[79.75,32.46]]}},{"type":"Feature","properties":{"level":1012},"geometry":{"type":"LineString","coordinates":[[-116.81,33.5],[-116.5,33.36],[-116.5,34.34],[-117.0,34.66],[-118.15,34.5],[-118.07,34.25],[-117.25,34.16],[-116.81,33.5]]}},{"type":"Feature","properties":{"level":1012},"geometry":{"type":"LineString","coordinates":[[70.5,34.25],[70.14,34.5],[71.15,34.25],[70.5,34.25]]}},{"type":"Feature","properties":{"level":1012},"geometry":{"type":"LineString","coordinates":[[88.5,34.05],[87.92,34.5],[89.0,34.86],[89.6,34.5],[88.5,34.05]]}},{"type":"Feature","properties":{"level":1012},"geometry":{"type":"LineString","coordinates":[[86.75,34.45],[86.24,34.75],[87.25,34.89],[87.49,34.5],[87.0,34.27],[86.75,34.45]]}},{"type":"Feature","properties":{"level":1012},"geometry":{"type":"LineString","coordinates":[[90.0,34.71],[89.75,35.15],[88.25,35.3],[88.19,35.5],[89.25,35.53],[89.75,35.31],[90.0,35.58],[91.0,35.53],[91.78,35.0],[91.5,34.9],[91.0,35.2],[90.75,34.72],[90.0,34.71]]}},{"type":"Feature","properties":{"level":1012},"geometry":{"type":"LineString","coordinates":[[92.5,35.47],[92.0,35.75],[93.01,35.75],[92.5,35.47]]}},{"type":"Feature","properties":{"level":1012},"geometry":{"type":"LineString","coordinates":[[97.5,35.94],[96.0,36.3],[94.75,36.23],[94.15,36.5],[93.83,37.0],[94.05,37.75],[93.71,38.25],[94.72,38.0],[94.7,37.75],[95.0,37.6],[95.25,37.77],[96.0,37.24],[97.69,37.25],[97.69,37.0],[98.29,36.5],[97.9,36.0],[97.5,35.94]]}},{"type":"Feature","properties":{"level":1012},"geometry":{"type":"LineString","coordinates":[[-101.5,37.56],[-101.91,38.0],[-101.39,39.75],[-102.0,39.81],[-102.36,40.75],[-102.72,41.0],[-102.25,41.04],[-102.0,40.38],[-101.5,40.44],[-100.5,39.94],[-99.75,40.37],[-98.88,40.5],[-98.23,41.0],[-98.17,41.25],[-98.48,41.5],[-97.5,41.96],[-96.25,42.33],[-94.25,42.35],[-91.75,42.85],[-91.4,43.0],[-90.97,45.0],[-92.01,45.5],[-92.0,45.76],[-93.02,46.0],[-93.1,46.5],[-96.0,48.45],[-97.0,48.29],[-97.75,48.65],[-99.55,50.25],[-101.5,52.98],[-105.0,55.06],[-106.25,56.38],[-108.23,57.75],[-108.37,58.5],[-109.75,58.89],[-110.5,58.6],[-110.69,58.75],[-110.24,59.5],[-110.54,59.75],[-113.92,61.0],[-114.12,61.25],[-113.46,62.0],[-113.68,62.5],[-113.32,63.25],[-112.0,63.45],[-111.5,63.89],[-110.87,64.0],[-110.95,64.5],[-110.62,64.75],[-110.87,65.5],[-110.25,65.63],[-109.94,66.0],[-110.01,66.5],[-107.75,67.61],[-106.0,68.08],[-101.75,68.66],[-95.5,68.45],[-94.25,68.03],[-93.25,67.08],[-90.0,65.8],[-85.71,65.5],[-84.75,65.27],[-84.25,64.78],[-83.5,64.5],[-78.0,63.77],[-76.25,63.76],[-74.0,64.35],[-72.0,64.3],[-70.5,63.92],[-69.5,63.2],[-67.75,62.67],[-67.58,62.75],[-68.67,63.5],[-68.5,63.74],[-65.75,63.16],[-65.25,63.21],[-64.96,63.75],[-65.5,64.62],[-67.31,65.75],[-66.92,66.25],[-64.75,65.62],[-62.93,66.0],[-61.75,66.75],[-63.19,68.0],[-62.68,68.5],[-60.44,69.5],[-58.5,70.72],[-58.41,71.5],[-55.75,72.11],[-55.0,71.42],[-54.5,71.51],[-53.75,71.12],[-53.54,71.25],[-53.72,71.5],[-53.5,71.57],[-53.49,71.25],[-53.25,71.13],[-52.5,71.27],[-51.75,70.86],[-49.11,70.25],[-48.78,69.5],[-48.23,69.25],[-47.75,68.5],[-46.38,67.5],[-45.75,65.75],[-44.87,65.0],[-44.75,64.5],[-44.24,64.0],[-44.81,63.5],[-44.98,62.75],[-43.75,61.36],[-42.61,61.5],[-41.25,62.58],[-33.25,63.77],[-32.49,64.25],[-30.75,63.99],[-30.0,64.22],[-28.75,63.79],[-28.14,63.25],[-28.63,62.75],[-29.94,62.25],[-29.66,61.25],[-28.64,59.75],[-26.06,57.5],[-24.89,55.75],[-25.24,55.25],[-26.0,54.8],[-30.25,53.37],[-33.25,51.99],[-36.75,49.46],[-37.5,49.15],[-43.0,44.89],[-43.5,45.0],[-43.5,46.12],[-45.25,46.6],[-48.25,45.5],[-53.0,44.53],[-56.25,44.51],[-59.5,45.09],[-61.5,45.63],[-64.5,47.12],[-65.98,48.25],[-66.25,49.05],[-67.78,49.5],[-67.64,50.0],[-68.5,51.07],[-70.5,51.25],[-71.0,50.9],[-71.75,50.86],[-73.0,50.34],[-74.36,47.25],[-75.99,46.25],[-76.75,45.34],[-77.75,44.98],[-78.5,44.35],[-80.75,43.81],[-82.25,43.09],[-85.75,42.44],[-87.0,41.95],[-88.75,42.36],[-93.0,41.54],[-94.75,41.58],[-94.96,41.5],[-94.6,41.0],[-95.1,40.75],[-95.5,39.93],[-96.93,39.25],[-97.28,38.75],[-99.75,38.01],[-101.0,37.87],[-101.5,37.56]]}},{"type":"Feature","properties":{"level":1012},"geometry":{"type":"LineString","coordinates":[[108.0,42.93],[107.11,43.5],[107.75,44.23],[108.39,44.5],[108.66,45.25],[109.75,46.02],[112.75,47.05],[116.25,46.75],[117.01,46.5],[116.75,45.75],[116.97,45.5],[116.75,45.43],[116.5,45.44],[116.0,46.15],[114.75,46.1],[113.84,45.75],[112.37,44.5],[112.5,44.15],[113.8,44.25],[113.5,43.86],[111.75,43.34],[111.25,43.65],[109.0,43.37],[108.0,42.93]]}},{"type":"Feature","properties":{"level":1012},"geometry":{"type":"LineString","coordinates":[[-3.0,45.73],[-3.31,46.0],[-3.28,46.5],[-2.5,46.74],[-2.0,46.54],[-2.0,45.86],[-2.5,45.56],[-3.0,45.73]]}},{"type":"Feature","properties":{"level":1012},"geometry":{"type":"LineString","coordinates":[[-93.5,46.13],[-93.5,46.39],[-93.33,46.25],[-93.5,46.13]]}},{"type":"Feature","properties":{"level":1012},"geometry":{"type":"LineString","coordinates":[[180.0,51.86],[178.42,50.25],[176.5,48.92],[175.0,48.24],[173.0,47.8],[167.75,44.93],[163.25,39.02],[155.5,33.33],[153.41,30.75],[153.36,29.75],[152.42,28.5],[152.25,27.41],[151.21,26.75],[151.25,26.47],[151.86,26.5],[151.79,26.0],[152.26,25.25],[152.75,25.05],[153.25,25.25],[153.5,25.04],[156.31,26.75],[156.65,28.0],[159.0,30.15],[161.5,30.13],[162.5,29.88],[163.4,29.25],[163.94,28.5],[164.53,26.75],[164.37,26.0],[164.64,24.75],[165.75,24.14],[168.75,23.09],[172.27,20.5],[173.87,18.25],[173.21,17.5],[173.77,17.0],[174.3,14.75],[174.89,14.0],[175.75,14.05],[177.0,13.62],[177.5,13.67],[179.0,14.65],[180.0,16.31]]}},{"type":"Feature","properties":{"level":1012},"geometry":{"type":"LineString","coordinates":[[-143.25,58.46],[-145.25,58.72],[-148.0,58.57],[-151.32,59.0],[-149.0,60.43],[-148.5,60.2],[-148.1,60.75],[-146.75,60.8],[-144.0,60.1],[-142.64,59.5],[-142.44,59.0],[-143.25,58.46]]}},{"type":"Feature","properties":{"level":1012},"geometry":{"type":"LineString","coordinates":[[-112.0,58.47],[-111.73,58.5],[-112.0,58.47]]}},{"type":"Feature","properties":{"level":1012},"geometry":{"type":"LineString","coordinates":[[-152.25,59.44],[-152.8,59.75],[-151.0,61.48],[-150.25,61.39],[-149.75,61.65],[-149.51,61.5],[-149.94,61.25],[-149.85,61.0],[-151.0,60.47],[-151.84,59.5],[-152.25,59.44]]}},{"type":"Feature","properties":{"level":1012},"geometry":{"type":"LineString","coordinates":[[-122.25,59.73],[-123.11,60.0],[-122.0,60.18],[-121.02,59.75],[-121.25,59.55],[-122.25,59.73]]}},{"type":"Feature","properties":{"level":1012},"geometry":{"type":"LineString","coordinates":[[-124.0,60.21],[-123.75,60.41],[-123.48,60.25],[-124.0,60.21]]}},{"type":"Feature","properties":{"level":1012},"geometry":{"type":"LineString","coordinates":[[-74.12,61.25],[-73.25,61.04],[-72.88,61.25],[-73.75,62.25],[-74.0,61.54],[-74.27,61.5],[-74.12,61.25]]}},{"type":"Feature","properties":{"level":1012},"geometry":{"type":"LineString","coordinates":[[-8.5,61.23],[-13.75,62.4],[-16.5,62.58],[-16.9,62.75],[-16.87,63.0],[-13.75,63.18],[-13.0,64.26],[-10.5,64.84],[-6.75,63.91],[-3.82,62.25],[-3.87,62.0],[-6.1,61.25],[-7.25,61.08],[-8.5,61.23]]}},{"type":"Feature","properties":{"level":1012},"geometry":{"type":"LineString","coordinates":[[-140.5,61.48],[-141.67,61.75],[-142.25,62.29],[-141.75,62.37],[-140.75,61.96],[-138.72,62.0],[-139.25,61.72],[-140.0,61.88],[-139.9,61.5],[-140.5,61.48]]}},{"type":"Feature","properties":{"level":1012},"geometry":{"type":"LineString","coordinates":[[-124.75,61.92],[-126.81,63.0],[-125.75,63.12],[-124.8,62.5],[-124.75,61.92]]}},{"type":"Feature","properties":{"level":1012},"geometry":{"type":"LineString","coordinates":[[-138.75,62.45],[-137.8,62.5],[-138.75,62.45]]}},{"type":"Feature","properties":{"level":1012},"geometry":{"type":"LineString","coordinates":[[-126.75,63.47],[-127.34,64.0],[-128.8,64.0],[-128.14,64.25],[-128.39,64.5],[-129.0,64.23],[-130.75,64.81],[-131.25,64.51],[-133.08,64.5],[-132.45,64.25],[-132.75,64.16],[-134.75,64.53],[-134.55,64.0],[-134.75,63.8],[-135.75,64.02],[-136.75,63.86],[-137.91,64.25],[-136.5,65.01],[-133.0,64.86],[-132.4,65.0],[-132.87,65.25],[-132.0,65.33],[-128.5,64.89],[-128.0,64.55],[-127.25,64.5],[-126.39,63.5],[-126.75,63.47]]}},{"type":"Feature","properties":{"level":1012},"geometry":{"type":"LineString","coordinates":[[-139.25,64.45],[-140.03,65.25],[-139.5,65.56],[-137.74,65.0],[-138.36,64.75],[-138.13,64.5],[-138.25,64.29],[-139.25,64.45]]}},{"type":"Feature","properties":{"level":1012},"geometry":{"type":"LineString","coordinates":[[-179.69,66.25],[-179.33,66.25],[-179.69,66.25]]}},{"type":"Feature","properties":{"level":1012},"geometry":{"type":"LineString","coordinates":[[143.06,66.75],[144.5,66.54],[145.06,66.75],[143.5,67.24],[143.06,66.75]]}},{"type":"Feature","properties":{"level":1012},"geometry":{"type":"LineString","coordinates":[[-180.0,66.87],[-179.0,66.91],[-179.21,66.25],[-178.0,66.02],[-177.15,65.25],[-175.99,62.5],[-175.8,60.5],[-176.78,58.75],[-176.85,57.0],[-177.57,56.25],[-177.75,55.5],[-178.22,55.0],[-178.08,54.75],[-178.69,54.25],[-180.0,51.86]]}},{"type":"Feature","properties":{"level":1012},"geometry":{"type":"LineString","coordinates":[[142.45,67.0],[142.77,67.0],[142.45,67.0]]}},{"type":"Feature","properties":{"level":1012},"geometry":{"type":"LineString","coordinates":[[133.25,67.21],[133.06,67.5],[133.32,67.5],[133.25,67.21]]}},{"type":"Feature","properties":{"level":1012},"geometry":{"type":"LineString","coordinates":[[180.0,67.2],[179.0,67.23],[178.61,67.0],[179.25,66.74],[180.0,66.87]]}},{"type":"Feature","properties":{"level":1012},"geometry":{"type":"LineString","coordinates":[[139.5,67.74],[139.67,67.75],[139.5,67.74]]}},{"type":"Feature","properties":{"level":1012},"geometry":{"type":"LineString","coordinates":[[140.8,67.75],[141.21,67.75],[140.8,67.75]]}},{"type":"Feature","properties":{"level":1012},"geometry":{"type":"LineString","coordinates":[[-52.71,70.5],[-51.88,70.5],[-52.75,70.86],[-53.24,70.75],[-52.71,70.5]]}},{"type":"Feature","properties":{"level":1012},"geometry":{"type":"LineString","coordinates":[[-104.75,77.22],[-110.5,77.63],[-118.5,77.65],[-120.72,78.0],[-121.54,78.5],[-121.13,79.0],[-118.75,79.55],[-114.75,79.87],[-110.75,79.9],[-104.76,79.25],[-101.58,78.0],[-101.89,77.5],[-103.0,77.12],[-104.75,77.22]]}},{"type":"Feature","properties":{"level":1012},"geometry":{"type":"LineString","coordinates":[[-180.0,81.59],[-173.69,80.75],[-172.36,80.25],[-171.64,79.5],[-172.24,77.5],[-174.54,75.0],[-175.18,73.5],[-175.38,71.25],[-174.94,69.75],[-175.25,68.0],[-177.0,67.28],[-178.72,67.25],[-178.37,67.0],[-178.75,66.93],[-180.0,67.2]]}},{"type":"Feature","properties":{"level":1016},"geometry":{"type":"LineString","coordinates":[[-51.21,-89.75],[48.75,-89.83],[80.5,-89.62],[109.0,-89.07],[114.25,-88.68],[116.5,-88.31],[117.17,-88.0],[116.75,-87.72],[112.31,-87.0],[111.78,-86.0],[111.84,-85.5],[112.12,-84.5],[113.02,-84.0],[125.25,-81.72],[131.25,-81.0],[129.5,-80.76],[129.41,-80.5],[131.74,-80.0],[131.83,-79.5],[132.62,-79.25],[131.0,-78.83],[125.5,-78.41],[107.25,-79.6],[104.25,-78.84],[99.75,-78.34],[95.5,-78.15],[89.5,-78.33],[87.25,-78.09],[74.75,-79.26],[70.54,-79.25],[61.75,-79.86],[55.75,-79.0],[52.9,-78.25],[49.17,-76.75],[47.25,-76.49],[45.0,-76.92],[42.75,-76.81],[41.74,-77.0],[42.77,-77.5],[42.99,-78.0],[42.89,-78.5],[44.25,-79.94],[46.14,-81.0],[46.93,-82.0],[46.78,-83.0],[45.76,-83.5],[45.74,-84.0],[45.06,-84.5],[46.55,-85.25],[43.14,-86.0],[42.11,-86.75],[40.0,-87.08],[33.25,-87.37],[17.25,-87.32],[-17.0,-87.95],[-42.5,-88.03],[-58.14,-88.75],[-61.33,-89.0],[-63.54,-89.5],[-51.21,-89.75]]}},{"type":"Feature","properties":{"level":1016},"geometry":{"type":"LineString","coordinates":[[49.25,-89.25],[57.88,-89.25],[49.25,-89.25]]}},{"type":"Feature","properties":{"level":1016},"geometry":{"type":"LineString","coordinates":[[122.12,-76.25],[124.5,-76.31],[126.75,-76.0],[128.46,-75.5],[130.49,-74.5],[129.25,-74.0],[123.59,-75.5],[122.14,-76.0],[122.12,-76.25]]}},{"type":"Feature","properties":{"level":1016},"geometry":{"type":"LineString","coordinates":[[-55.99,-57.5],[-53.25,-57.72],[-49.0,-57.21],[-46.75,-56.62],[-43.0,-54.81],[-38.44,-51.5],[-37.83,-50.75],[-38.25,-50.36],[-40.87,-49.25],[-41.48,-48.25],[-41.0,-47.19],[-37.75,-45.62],[-35.5,-43.82],[-33.12,-42.75],[-30.0,-40.09],[-24.75,-40.28],[-23.75,-40.01],[-22.64,-39.0],[-20.26,-37.5],[-19.25,-35.79],[-18.25,-35.36],[-17.25,-34.27],[-16.25,-33.94],[-15.73,-33.25],[-14.5,-33.2],[-14.0,-32.62],[-13.5,-32.72],[-13.37,-32.5],[-13.57,-32.25],[-14.07,-32.0],[-13.75,-31.84],[-9.0,-32.47],[-6.5,-33.04],[-0.75,-34.98],[7.5,-38.86],[13.5,-41.04],[20.0,-44.82],[26.0,-47.91],[29.25,-48.82],[37.5,-49.39],[43.0,-49.31],[49.75,-49.72],[51.5,-49.45],[53.75,-48.75],[55.0,-48.8],[64.75,-50.15],[69.25,-50.52],[73.75,-50.54],[78.8,-49.75],[83.5,-48.36],[87.29,-46.75],[90.92,-44.75],[94.0,-42.45],[97.5,-40.34],[102.0,-38.55],[106.5,-37.43],[110.0,-35.96],[110.92,-34.75],[110.88,-34.0],[111.26,-33.25],[110.89,-32.25],[111.09,-32.0],[111.5,-31.69],[115.2,-30.5],[116.0,-30.69],[116.25,-30.39],[116.31,-29.0],[115.37,-27.0],[115.54,-25.75],[114.87,-24.0],[114.85,-22.0],[116.6,-18.25],[117.05,-18.0],[117.36,-17.0],[116.25,-14.63],[115.0,-13.46],[113.75,-12.83],[112.5,-12.82],[110.85,-12.25],[110.0,-12.27],[108.25,-11.84],[105.0,-10.54],[102.5,-10.23],[100.75,-10.28],[98.5,-9.78],[92.75,-9.62],[89.75,-10.42],[88.75,-10.38],[87.75,-10.81],[84.5,-11.5],[80.0,-12.03],[78.5,-12.7],[77.5,-12.75],[76.75,-13.05],[72.0,-13.56],[70.75,-13.44],[70.25,-13.75],[67.0,-14.48],[64.25,-14.17],[63.0,-14.62],[57.75,-13.94],[57.0,-14.03],[55.0,-13.72],[50.5,-12.38],[49.81,-12.75],[49.84,-13.5],[49.4,-14.0],[49.64,-14.25],[48.93,-15.25],[48.89,-16.0],[48.4,-16.25],[48.25,-16.75],[47.92,-16.75],[48.28,-17.75],[47.44,-18.75],[47.5,-19.34],[47.25,-19.09],[46.47,-20.0],[47.0,-20.19],[46.75,-20.66],[46.5,-20.33],[46.27,-20.5],[46.64,-21.0],[46.75,-21.77],[46.5,-22.18],[45.78,-22.25],[46.08,-23.25],[45.59,-24.0],[45.75,-24.18],[46.25,-23.96],[46.5,-24.13],[46.72,-25.0],[46.5,-25.23],[45.0,-25.45],[42.5,-23.77],[42.65,-23.5],[41.96,-22.0],[41.75,-20.58],[41.25,-20.12],[40.75,-20.38],[40.25,-20.08],[40.02,-20.5],[39.5,-20.48],[38.75,-21.51],[38.25,-21.38],[37.25,-21.68],[36.17,-22.5],[35.01,-23.0],[34.5,-23.74],[32.0,-23.77],[31.25,-23.41],[30.75,-22.83],[30.25,-22.75],[29.75,-23.05],[29.5,-23.92],[29.06,-24.0],[29.75,-24.08],[30.41,-24.5],[30.5,-24.89],[29.46,-25.5],[29.63,-26.0],[29.26,-26.5],[29.37,-27.0],[28.44,-28.0],[28.53,-28.5],[27.9,-29.75],[28.14,-30.0],[27.88,-31.0],[26.0,-31.57],[25.0,-31.1],[24.39,-31.75],[22.25,-31.99],[20.0,-31.48],[18.75,-31.51],[18.66,-31.0],[17.75,-30.85],[16.41,-28.5],[14.03,-26.5],[12.37,-23.75],[9.05,-19.75],[8.5,-18.53],[6.53,-17.0],[4.75,-14.33],[2.75,-12.84],[2.5,-12.36],[1.72,-12.25],[1.37,-11.25],[0.75,-10.67],[-2.0,-9.98],[-2.75,-9.55],[-3.25,-9.58],[-4.25,-9.03],[-5.25,-9.0],[-5.75,-8.59],[-9.0,-8.37],[-11.0,-7.61],[-12.25,-7.61],[-15.25,-6.75],[-18.5,-7.64],[-20.5,-7.55],[-22.5,-8.44],[-24.25,-8.47],[-27.5,-9.6],[-28.75,-9.44],[-29.75,-10.01],[-30.25,-9.47],[-31.0,-9.77],[-32.0,-9.56],[-32.75,-9.84],[-33.75,-9.64],[-35.08,-8.25],[-35.63,-8.0],[-35.5,-7.7],[-36.25,-7.71],[-37.5,-8.85],[-38.0,-8.7],[-38.75,-9.21],[-38.68,-9.5],[-39.0,-9.87],[-39.75,-9.43],[-40.08,-9.5],[-40.0,-9.76],[-40.75,-9.7],[-41.47,-10.25],[-41.75,-11.0],[-42.5,-11.28],[-42.08,-13.5],[-41.66,-13.75],[-41.65,-14.0],[-42.0,-14.13],[-42.3,-13.75],[-42.77,-15.5],[-43.35,-16.25],[-43.53,-16.75],[-43.37,-17.25],[-43.5,-17.52],[-43.75,-17.44],[-43.91,-18.0],[-43.68,-19.5],[-44.25,-20.2],[-46.5,-18.48],[-46.75,-18.41],[-47.53,-19.0],[-46.73,-20.5],[-47.01,-20.5],[-47.02,-21.0],[-46.75,-21.25],[-46.85,-21.75],[-46.48,-22.5],[-46.95,-23.0],[-46.8,-23.5],[-47.5,-23.9],[-48.25,-23.73],[-48.0,-24.09],[-46.5,-24.13],[-45.25,-23.82],[-45.0,-23.44],[-44.0,-22.9],[-43.75,-22.47],[-43.25,-22.6],[-42.25,-22.37],[-41.7,-21.75],[-41.9,-21.25],[-40.49,-20.75],[-40.75,-21.23],[-40.8,-22.5],[-41.75,-23.61],[-43.25,-23.97],[-44.0,-23.5],[-44.25,-24.0],[-44.06,-24.5],[-43.37,-24.75],[-43.69,-25.75],[-43.49,-26.25],[-43.75,-26.1],[-43.89,-26.25],[-43.75,-26.78],[-44.5,-26.63],[-44.75,-26.91],[-45.26,-26.25],[-46.75,-25.21],[-47.42,-25.25],[-45.75,-27.07],[-46.0,-27.29],[-48.25,-27.63],[-49.35,-29.0],[-49.55,-30.25],[-50.16,-31.5],[-52.25,-33.98],[-53.0,-34.43],[-54.75,-36.22],[-58.0,-37.55],[-61.25,-37.81],[-62.5,-38.31],[-63.25,-38.08],[-64.5,-38.23],[-66.25,-37.68],[-67.84,-36.25],[-68.5,-35.96],[-69.25,-36.51],[-69.75,-36.43],[-70.75,-36.89],[-69.9,-35.75],[-69.98,-35.0],[-69.72,-34.25],[-70.29,-33.25],[-70.17,-32.75],[-70.5,-32.65],[-70.75,-33.12],[-71.1,-33.0],[-70.88,-33.5],[-71.02,-34.0],[-70.53,-34.75],[-70.84,-35.75],[-71.26,-36.25],[-71.06,-37.0],[-71.82,-38.0],[-71.75,-39.0],[-72.5,-40.01],[-73.25,-40.11],[-74.0,-41.44],[-75.0,-41.92],[-76.75,-41.52],[-78.05,-40.75],[-79.11,-39.5],[-79.7,-38.0],[-80.04,-35.0],[-81.6,-31.0],[-81.73,-29.75],[-80.59,-25.5],[-80.25,-25.61],[-79.89,-24.75],[-79.0,-24.28],[-78.98,-24.0],[-79.45,-23.5],[-79.39,-23.0],[-79.72,-22.25],[-80.94,-21.5],[-81.01,-21.25],[-80.76,-21.0],[-81.33,-20.25],[-83.75,-19.12],[-88.25,-17.98],[-88.49,-18.25],[-88.38,-18.5],[-89.0,-18.52],[-91.75,-17.5],[-92.01,-17.5],[-92.0,-17.88],[-93.0,-17.87],[-97.25,-17.23],[-97.75,-17.45],[-101.25,-17.18],[-105.5,-17.61],[-106.75,-18.34],[-108.25,-18.59],[-109.3,-19.5],[-109.38,-20.0],[-110.46,-21.25],[-110.37,-21.75],[-108.74,-23.5],[-108.88,-25.0],[-107.5,-27.58],[-107.0,-27.82],[-106.7,-28.5],[-107.11,-29.0],[-107.31,-30.75],[-107.11,-31.75],[-107.5,-32.48],[-107.93,-34.5],[-108.04,-36.0],[-107.75,-39.03],[-106.83,-41.5],[-105.0,-44.35],[-103.41,-46.0],[-100.29,-48.5],[-96.59,-51.0],[-92.5,-53.33],[-89.25,-54.7],[-84.5,-55.79],[-75.75,-56.85],[-70.5,-56.87],[-64.25,-56.38],[-60.75,-56.52],[-55.99,-57.5]]}},{"type":"Feature","properties":{"level":1016},"geometry":{"type":"LineString","coordinates":[[-180.0,-46.51],[-178.25,-46.63],[-169.75,-49.09],[-164.75,-50.02],[-159.25,-50.07],[-153.5,-48.87],[-151.75,-48.24],[-150.5,-47.49],[-146.0,-43.5],[-141.25,-40.75],[-136.11,-36.25],[-131.21,-34.25],[-129.6,-32.75],[-129.55,-31.0],[-128.94,-30.0],[-129.85,-28.0],[-131.06,-27.25],[-132.01,-26.25],[-136.0,-24.25],[-137.75,-23.08],[-140.67,-21.75],[-145.75,-20.45],[-150.25,-19.8],[-152.25,-19.17],[-154.5,-19.04],[-157.0,-18.13],[-159.5,-18.22],[-168.0,-16.79],[-177.25,-16.82],[-180.0,-16.32]]}},{"type":"Feature","properties":{"level":1016},"geometry":{"type":"LineString","coordinates":[[167.0,-44.52],[166.0,-43.73],[165.34,-42.75],[164.86,-39.75],[165.46,-38.25],[167.07,-36.25],[167.35,-35.25],[168.25,-33.59],[170.75,-35.2],[172.1,-37.0],[172.6,-38.25],[172.68,-40.0],[171.66,-42.5],[167.75,-44.52],[167.0,-44.52]]}},{"type":"Feature","properties":{"level":1016},"geometry":{"type":"LineString","coordinates":[[-70.45,-32.25],[-69.88,-32.25],[-69.82,-30.75],[-69.25,-28.8],[-68.34,-27.75],[-67.98,-26.75],[-68.15,-25.75],[-67.75,-25.61],[-67.0,-26.19],[-66.75,-26.08],[-66.66,-25.25],[-66.0,-24.16],[-65.75,-24.09],[-65.68,-23.25],[-66.08,-23.0],[-66.22,-21.75],[-65.89,-21.25],[-65.92,-20.75],[-66.25,-20.25],[-65.71,-19.5],[-66.65,-17.5],[-66.13,-17.0],[-66.5,-16.7],[-66.75,-17.06],[-67.5,-16.67],[-67.75,-16.92],[-67.65,-16.5],[-68.2,-15.75],[-68.95,-15.5],[-68.83,-15.0],[-69.1,-14.5],[-70.0,-13.72],[-71.5,-13.17],[-72.0,-12.59],[-72.5,-12.96],[-73.0,-12.92],[-73.75,-13.3],[-73.65,-13.0],[-74.42,-12.25],[-74.68,-11.5],[-75.0,-11.17],[-75.3,-11.25],[-75.75,-9.98],[-76.55,-9.25],[-76.56,-8.75],[-77.61,-6.75],[-77.43,-6.0],[-77.75,-5.83],[-78.06,-6.25],[-77.75,-7.72],[-78.22,-7.5],[-78.03,-7.0],[-78.44,-6.5],[-78.97,-6.75],[-78.97,-7.0],[-78.32,-7.5],[-78.57,-8.0],[-78.02,-8.75],[-78.07,-9.25],[-77.27,-10.5],[-77.34,-10.75],[-75.25,-13.96],[-73.88,-15.5],[-73.25,-15.44],[-72.75,-15.92],[-72.25,-15.75],[-72.27,-16.0],[-70.91,-16.75],[-70.75,-17.25],[-70.25,-17.43],[-69.24,-19.5],[-68.92,-22.0],[-68.75,-22.19],[-68.5,-22.01],[-68.04,-23.25],[-68.25,-23.89],[-68.75,-23.77],[-69.14,-24.25],[-69.46,-25.0],[-69.27,-25.5],[-69.32,-26.25],[-69.58,-26.5],[-69.46,-27.0],[-70.32,-29.0],[-70.64,-29.25],[-70.5,-30.0],[-70.9,-31.25],[-70.45,-32.25]]}},{"type":"Feature","properties":{"level":1016},"geometry":{"type":"LineString","coordinates":[[-49.93,-28.75],[-49.75,-28.92],[-49.38,-28.5],[-49.3,-28.0],[-48.79,-27.75],[-48.96,-27.25],[-48.75,-26.75],[-50.58,-25.75],[-49.0,-25.64],[-48.54,-25.25],[-48.5,-24.9],[-49.0,-24.85],[-49.5,-25.19],[-50.5,-25.13],[-50.75,-25.34],[-51.25,-25.12],[-51.78,-26.0],[-51.85,-26.25],[-50.77,-27.0],[-50.87,-28.5],[-50.5,-28.62],[-50.16,-28.25],[-49.75,-28.19],[-49.68,-28.5],[-49.93,-28.75]]}},{"type":"Feature","properties":{"level":1016},"geometry":{"type":"LineString","coordinates":[[-37.5,-28.25],[-37.82,-28.0],[-37.5,-27.72],[-37.16,-28.0],[-37.5,-28.25]]}},{"type":"Feature","properties":{"level":1016},"geometry":{"type":"LineString","coordinates":[[-49.12,-26.25],[-48.9,-26.25],[-49.0,-26.0],[-49.12,-26.25]]}},{"type":"Feature","properties":{"level":1016},"geometry":{"type":"LineString","coordinates":[[-45.52,-25.5],[-45.25,-25.62],[-44.98,-25.25],[-45.25,-24.98],[-45.52,-25.5]]}},{"type":"Feature","properties":{"level":1016},"geometry":{"type":"LineString","coordinates":[[-43.98,-25.0],[-43.59,-25.0],[-43.75,-24.8],[-43.98,-25.0]]}},{"type":"Feature","properties":{"level":1016},"geometry":{"type":"LineString","coordinates":[[142.75,-24.51],[143.0,-24.33],[143.25,-24.5],[142.75,-24.51]]}},{"type":"Feature","properties":{"level":1016},"geometry":{"type":"LineString","coordinates":[[144.0,-24.61],[143.68,-24.25],[144.0,-24.16],[144.0,-24.61]]}},{"type":"Feature","properties":{"level":1016},"geometry":{"type":"LineString","coordinates":[[134.75,-22.3],[134.58,-22.25],[134.75,-22.08],[134.75,-22.3]]}},{"type":"Feature","properties":{"level":1016},"geometry":{"type":"LineString","coordinates":[[139.36,-21.0],[139.5,-21.23],[139.75,-21.08],[139.77,-20.75],[139.5,-20.62],[139.36,-21.0]]}},{"type":"Feature","properties":{"level":1016},"geometry":{"type":"LineString","coordinates":[[138.94,-20.0],[139.27,-20.0],[138.94,-20.0]]}},{"type":"Feature","properties":{"level":1016},"geometry":{"type":"LineString","coordinates":[[176.0,-17.78],[176.0,-17.63],[176.0,-17.78]]}},{"type":"Feature","properties":{"level":1016},"geometry":{"type":"LineString","coordinates":[[180.0,-16.32],[177.5,-16.68],[177.0,-17.28],[176.75,-17.29],[176.74,-16.75],[176.25,-16.53],[170.5,-16.35],[168.25,-15.79],[167.5,-15.98],[167.25,-15.79],[167.08,-16.0],[167.25,-16.27],[165.5,-16.46],[162.25,-16.26],[161.75,-16.03],[159.75,-16.5],[158.5,-16.25],[156.75,-16.56],[153.32,-15.75],[151.5,-14.82],[149.66,-14.25],[146.25,-12.38],[144.25,-11.93],[143.03,-12.5],[143.24,-13.5],[143.15,-15.75],[144.38,-16.5],[144.5,-17.0],[144.43,-17.25],[143.56,-17.75],[143.7,-18.25],[143.5,-18.81],[143.18,-19.0],[143.12,-19.5],[144.32,-20.75],[144.25,-21.51],[143.5,-21.12],[143.0,-21.5],[143.19,-22.5],[143.04,-22.75],[143.46,-23.25],[143.37,-23.5],[142.0,-23.87],[140.93,-24.5],[139.75,-24.69],[137.89,-24.0],[137.68,-23.25],[137.84,-22.75],[136.65,-22.25],[136.56,-22.0],[135.0,-22.08],[134.5,-21.76],[134.38,-22.25],[133.83,-22.5],[133.75,-22.86],[133.58,-22.5],[133.0,-22.22],[133.01,-22.75],[132.75,-22.98],[130.66,-24.0],[131.7,-24.25],[131.67,-24.5],[131.35,-25.0],[130.0,-25.64],[129.85,-26.0],[131.5,-26.78],[131.62,-27.5],[132.2,-28.5],[132.37,-31.25],[130.93,-36.0],[131.24,-37.75],[132.25,-39.86],[134.57,-43.0],[138.5,-46.51],[142.25,-48.85],[147.25,-51.24],[154.75,-53.68],[160.0,-54.89],[164.0,-55.25],[166.75,-55.1],[169.83,-54.5],[178.43,-51.75],[179.17,-51.0],[179.6,-49.75],[179.0,-48.46],[179.02,-47.5],[180.0,-46.51]]}},{"type":"Feature","properties":{"level":1016},"geometry":{"type":"LineString","coordinates":[[166.68,-15.5],[167.0,-15.71],[167.22,-15.5],[166.75,-14.78],[166.68,-15.5]]}},{"type":"Feature","properties":{"level":1016},"geometry":{"type":"LineString","coordinates":[[167.7,-15.5],[168.0,-15.72],[168.07,-15.25],[167.7,-15.5]]}},{"type":"Feature","properties":{"level":1016},"geometry":{"type":"LineString","coordinates":[[142.24,-15.0],[142.75,-15.17],[142.94,-14.5],[142.38,-13.25],[142.25,-12.27],[141.94,-12.5],[141.73,-13.5],[141.9,-14.5],[142.24,-15.0]]}},{"type":"Feature","properties":{"level":1016},"geometry":{"type":"LineString","coordinates":[[43.32,-11.75],[43.59,-11.75],[43.32,-11.75]]}},{"type":"Feature","properties":{"level":1016},"geometry":{"type":"LineString","coordinates":[[150.05,-10.5],[150.36,-10.5],[150.28,-10.25],[149.0,-9.34],[148.5,-9.53],[148.5,-9.18],[147.87,-8.75],[147.0,-7.11],[146.75,-6.81],[146.5,-6.91],[146.17,-6.25],[147.25,-6.65],[147.65,-6.5],[147.5,-6.14],[146.25,-5.66],[145.5,-5.84],[144.5,-5.16],[144.25,-5.39],[143.25,-4.88],[141.25,-4.78],[138.75,-3.41],[137.5,-3.55],[136.5,-3.23],[135.36,-4.0],[135.75,-4.3],[136.5,-4.14],[139.5,-4.63],[140.5,-5.13],[142.0,-5.46],[143.25,-6.83],[145.0,-7.01],[145.5,-7.28],[145.75,-7.79],[146.25,-7.8],[147.5,-9.59],[148.0,-9.92],[150.05,-10.5]]}},{"type":"Feature","properties":{"level":1016},"geometry":{"type":"LineString","coordinates":[[124.89,-9.25],[126.34,-8.75],[125.5,-8.61],[124.89,-9.25]]}},{"type":"Feature","properties":{"level":1016},"geometry":{"type":"LineString","coordinates":[[-39.61,-9.0],[-39.5,-9.17],[-39.41,-9.0],[-39.61,-9.0]]}},{"type":"Feature","properties":{"level":1016},"geometry":{"type":"LineString","coordinates":[[-37.0,-9.11],[-37.19,-8.75],[-37.0,-8.53],[-36.76,-8.75],[-37.0,-9.11]]}},{"type":"Feature","properties":{"level":1016},"geometry":{"type":"LineString","coordinates":[[117.18,-8.75],[117.5,-8.86],[117.18,-8.75]]}},{"type":"Feature","properties":{"level":1016},"geometry":{"type":"LineString","coordinates":[[107.65,-7.5],[108.25,-7.57],[108.46,-7.25],[108.25,-7.02],[107.17,-7.25],[107.65,-7.5]]}},{"type":"Feature","properties":{"level":1016},"geometry":{"type":"LineString","coordinates":[[109.82,-7.5],[110.57,-7.5],[110.0,-7.15],[109.54,-7.25],[109.82,-7.5]]}},{"type":"Feature","properties":{"level":1016},"geometry":{"type":"LineString","coordinates":[[-79.12,-3.5],[-78.7,-3.25],[-78.28,-2.25],[-78.09,-1.0],[-77.7,-0.5],[-77.68,0.25],[-76.32,1.75],[-76.06,2.5],[-75.73,2.75],[-75.7,3.5],[-75.09,4.75],[-75.25,5.71],[-76.95,1.75],[-78.52,0.5],[-78.51,0.0],[-78.99,-0.75],[-78.95,-2.25],[-79.49,-3.0],[-79.12,-3.5]]}},{"type":"Feature","properties":{"level":1016},"geometry":{"type":"LineString","coordinates":[[119.82,-3.5],[120.0,-3.65],[120.19,-3.5],[119.91,-3.0],[120.19,-2.5],[121.17,-2.25],[120.65,-2.0],[120.7,-1.75],[120.25,-1.14],[119.63,-2.5],[119.16,-2.75],[119.42,-3.25],[119.83,-3.25],[119.82,-3.5]]}},{"type":"Feature","properties":{"level":1016},"geometry":{"type":"LineString","coordinates":[[101.69,-2.75],[102.0,-2.95],[102.09,-2.75],[100.75,-0.87],[100.53,-1.0],[100.62,-1.25],[101.69,-2.75]]}},{"type":"Feature","properties":{"level":1016},"geometry":{"type":"LineString","coordinates":[[133.57,-1.5],[134.0,-1.51],[134.09,-1.25],[133.25,-0.87],[133.08,-1.0],[133.57,-1.5]]}},{"type":"Feature","properties":{"level":1016},"geometry":{"type":"LineString","coordinates":[[99.08,1.75],[99.37,1.75],[99.32,2.25],[98.67,2.75],[98.5,3.23],[98.28,2.5],[99.08,1.75]]}},{"type":"Feature","properties":{"level":1016},"geometry":{"type":"LineString","coordinates":[[115.17,1.75],[115.51,1.75],[115.26,2.0],[116.01,3.5],[116.05,4.25],[115.75,4.81],[115.5,4.69],[115.17,3.75],[115.34,3.25],[114.56,2.5],[114.75,2.14],[115.23,2.0],[115.17,1.75]]}},{"type":"Feature","properties":{"level":1016},"geometry":{"type":"LineString","coordinates":[[97.42,3.25],[97.8,3.25],[97.91,3.75],[97.0,4.87],[95.62,5.0],[96.0,4.98],[97.42,3.25]]}},{"type":"Feature","properties":{"level":1016},"geometry":{"type":"LineString","coordinates":[[-74.52,3.5],[-74.06,3.75],[-73.44,5.0],[-72.75,5.37],[-71.95,6.5],[-72.36,7.0],[-72.35,7.5],[-72.75,7.57],[-73.0,7.93],[-73.0,7.02],[-72.73,6.5],[-73.5,5.91],[-73.75,5.98],[-74.61,3.75],[-74.52,3.5]]}},{"type":"Feature","properties":{"level":1016},"geometry":{"type":"LineString","coordinates":[[38.92,6.5],[40.0,6.69],[40.32,7.25],[39.75,7.33],[39.43,7.0],[38.75,6.83],[38.92,6.5]]}},{"type":"Feature","properties":{"level":1016},"geometry":{"type":"LineString","coordinates":[[39.21,9.5],[39.75,9.69],[39.86,10.25],[39.59,12.0],[39.25,12.35],[39.08,11.75],[39.46,11.5],[38.89,11.0],[39.49,10.5],[39.39,10.25],[39.63,10.0],[39.21,9.75],[39.21,9.5]]}},{"type":"Feature","properties":{"level":1016},"geometry":{"type":"LineString","coordinates":[[107.98,14.75],[108.25,14.57],[108.42,14.75],[108.2,15.25],[107.5,15.66],[107.67,16.0],[106.94,16.75],[106.49,17.75],[107.14,19.0],[108.25,19.61],[108.75,19.46],[108.91,18.75],[109.5,18.42],[110.21,18.75],[111.0,19.67],[111.75,19.93],[114.5,19.79],[116.75,20.31],[118.0,20.36],[119.75,19.93],[121.5,19.86],[122.75,20.06],[125.25,21.27],[125.82,21.75],[125.87,22.25],[126.68,23.5],[127.25,23.71],[130.16,27.25],[130.25,27.97],[130.75,27.93],[131.75,29.37],[132.37,29.75],[132.75,30.51],[133.01,30.5],[133.19,30.75],[132.75,30.93],[132.75,31.3],[133.5,31.02],[133.75,31.17],[134.15,32.25],[133.86,32.5],[134.5,32.3],[135.25,33.5],[136.16,34.0],[136.73,35.5],[137.5,35.42],[137.75,35.19],[138.5,35.4],[139.0,35.26],[139.35,35.5],[139.5,36.25],[140.0,35.7],[140.5,35.66],[141.0,36.32],[141.25,36.23],[142.75,37.23],[143.36,38.25],[143.0,39.0],[142.25,39.26],[141.88,40.25],[140.96,41.0],[141.26,41.25],[140.72,42.25],[141.35,42.75],[141.28,43.0],[140.58,43.5],[139.75,44.74],[139.0,45.07],[138.37,45.75],[138.33,46.25],[138.95,46.75],[139.25,47.83],[139.69,48.5],[140.15,48.75],[139.88,49.75],[139.23,50.25],[139.14,51.0],[138.21,51.25],[138.0,51.77],[135.75,52.08],[135.05,53.25],[134.99,54.0],[134.75,54.13],[132.85,54.25],[133.75,54.75],[132.89,55.25],[133.36,56.0],[132.88,56.25],[132.78,56.75],[131.85,57.5],[131.95,57.75],[131.4,58.0],[131.12,58.75],[130.24,59.25],[129.75,60.02],[122.38,65.75],[112.25,68.49],[112.0,68.76],[109.25,69.05],[108.5,69.5],[109.69,69.75],[109.86,70.0],[109.65,70.5],[107.25,71.09],[103.73,71.0],[104.21,70.5],[104.07,69.5],[105.97,68.5],[102.5,67.57],[100.75,67.47],[100.0,67.75],[100.58,68.25],[100.36,68.75],[100.98,69.25],[100.76,69.5],[101.03,69.75],[100.25,70.31],[96.75,70.02],[96.0,70.28],[95.75,70.11],[93.75,70.26],[92.0,69.94],[90.92,70.0],[89.99,69.75],[90.33,69.5],[89.96,69.0],[90.25,68.5],[90.92,68.25],[89.23,67.75],[89.75,67.37],[91.0,67.46],[91.5,66.28],[92.75,66.03],[96.5,64.28],[97.19,63.25],[98.59,62.25],[100.25,59.25],[100.03,58.75],[100.49,57.75],[100.29,56.5],[100.92,54.0],[100.66,53.25],[99.67,53.0],[101.0,52.04],[100.68,51.5],[102.1,51.25],[102.0,50.73],[103.57,50.0],[103.39,48.75],[103.05,48.5],[102.72,48.5],[102.98,48.75],[102.75,48.77],[101.75,48.45],[99.83,48.75],[99.9,49.0],[99.64,49.25],[98.75,49.57],[98.23,50.25],[98.25,50.56],[98.5,50.44],[98.75,50.75],[98.42,51.0],[98.75,51.22],[98.74,51.5],[97.7,52.25],[97.75,52.44],[98.5,52.21],[99.27,52.75],[97.46,52.5],[97.5,52.75],[98.31,53.0],[98.25,53.38],[97.76,53.5],[97.27,54.0],[97.7,55.0],[97.5,56.22],[97.0,56.05],[96.64,55.25],[96.0,55.22],[95.75,54.74],[94.53,55.5],[94.31,56.25],[93.5,56.44],[92.0,56.52],[87.5,55.76],[84.75,55.56],[77.75,56.21],[72.5,55.55],[66.5,53.62],[61.5,52.94],[58.5,52.77],[56.75,53.2],[55.75,52.86],[49.5,52.77],[48.5,52.87],[45.75,53.72],[40.75,54.26],[35.25,56.51],[30.0,57.14],[28.75,57.61],[22.25,59.05],[19.75,59.23],[17.0,58.73],[14.5,58.88],[14.0,59.09],[12.25,58.58],[9.0,58.61],[8.5,58.76],[7.72,59.5],[7.78,59.75],[7.5,60.0],[7.79,60.25],[7.75,60.85],[6.75,61.17],[5.25,60.88],[4.5,60.29],[3.75,60.08],[0.0,59.99],[-5.0,59.47],[-9.75,59.62],[-18.5,60.93],[-21.5,60.25],[-23.75,58.87],[-23.99,58.0],[-23.35,56.5],[-23.22,55.5],[-24.0,54.77],[-25.77,53.75],[-31.75,51.16],[-34.15,49.75],[-39.25,45.61],[-42.75,41.71],[-44.5,40.28],[-46.75,37.21],[-48.5,35.72],[-49.0,35.89],[-49.5,35.69],[-51.25,33.78],[-55.75,32.02],[-57.75,32.38],[-57.88,33.5],[-58.32,33.75],[-58.06,34.25],[-58.17,34.5],[-54.8,36.75],[-53.75,36.94],[-52.25,38.02],[-51.56,39.25],[-51.89,40.5],[-51.57,41.0],[-51.75,41.21],[-58.75,42.38],[-61.0,43.07],[-64.37,44.5],[-64.98,45.25],[-68.25,47.12],[-70.0,47.6],[-71.0,48.14],[-71.98,47.75],[-72.82,46.75],[-73.77,46.25],[-73.84,45.0],[-75.5,44.16],[-77.25,42.87],[-78.75,42.62],[-86.75,39.57],[-87.38,39.0],[-87.75,38.03],[-88.76,37.5],[-88.01,37.25],[-88.18,36.75],[-87.95,35.75],[-88.5,34.89],[-89.05,34.5],[-87.85,33.5],[-86.75,32.94],[-83.0,32.44],[-77.0,33.41],[-69.75,33.28],[-68.25,32.8],[-68.02,32.25],[-67.25,31.84],[-65.25,31.63],[-64.75,30.61],[-64.23,30.5],[-64.48,30.0],[-63.26,28.75],[-63.0,28.05],[-60.36,26.75],[-59.75,25.84],[-58.75,25.44],[-55.9,25.75],[-52.5,27.19],[-52.25,27.11],[-51.75,27.56],[-51.25,27.41],[-50.5,27.82],[-49.75,27.73],[-49.5,28.1],[-48.25,28.18],[-47.5,27.34],[-46.5,27.03],[-46.25,26.72],[-45.66,26.75],[-45.75,26.45],[-45.5,26.54],[-45.25,26.23],[-44.64,26.25],[-43.5,24.65],[-42.0,23.58],[-41.75,22.92],[-39.5,21.64],[-39.0,21.09],[-38.85,20.5],[-38.25,19.98],[-35.95,20.0],[-35.25,19.86],[-34.75,19.43],[-34.5,19.42],[-34.25,19.83],[-32.0,19.4],[-31.75,19.6],[-29.75,19.32],[-27.5,19.43],[-26.25,20.12],[-24.25,19.93],[-21.75,20.88],[-18.5,23.41],[-15.57,24.75],[-14.25,26.03],[-12.0,26.36],[-11.95,27.0],[-10.26,28.75],[-10.31,29.0],[-9.0,29.37],[-7.35,30.25],[-7.21,31.0],[-5.5,31.0],[-5.58,31.5],[-4.55,32.0],[-4.5,32.25],[-3.0,32.78],[-2.25,32.63],[-1.75,32.9],[-1.46,32.5],[-2.0,32.37],[-2.0,31.94],[-0.75,32.11],[-0.5,32.34],[0.0,32.19],[0.0,32.57],[1.0,32.09],[2.0,32.04],[2.5,31.43],[4.0,31.67],[4.75,32.22],[5.64,32.25],[5.84,31.5],[5.62,31.0],[6.25,30.52],[6.78,30.5],[6.75,29.77],[7.5,29.87],[8.5,29.43],[8.62,28.75],[9.5,27.93],[9.86,27.25],[10.25,25.26],[9.5,25.13],[8.75,25.37],[7.5,25.03],[7.81,24.25],[7.5,23.93],[7.0,23.99],[6.5,23.58],[6.25,23.69],[5.5,23.4],[5.39,23.25],[5.75,22.61],[6.75,22.93],[7.5,23.61],[8.0,22.66],[9.75,23.75],[11.5,23.12],[15.25,24.13],[16.0,23.74],[17.0,24.07],[18.75,24.06],[19.24,23.5],[19.06,22.25],[18.27,21.25],[18.5,19.71],[18.82,20.0],[18.75,20.54],[19.96,21.5],[20.5,22.34],[21.0,22.24],[23.25,22.94],[24.75,24.14],[25.25,23.58],[26.25,23.18],[26.75,23.82],[28.2,24.75],[28.62,25.5],[29.82,25.5],[30.2,26.25],[30.25,27.5],[31.25,29.35],[31.5,29.11],[32.25,29.09],[32.57,29.5],[32.5,29.97],[32.75,30.05],[33.49,29.25],[34.25,29.25],[34.51,29.5],[34.29,30.25],[34.87,30.5],[35.5,32.2],[35.93,31.5],[35.41,30.5],[35.5,30.04],[36.14,31.0],[36.5,30.85],[38.25,31.62],[38.41,31.5],[38.19,31.25],[38.75,31.0],[39.5,29.91],[40.25,30.11],[41.0,29.81],[42.0,30.25],[42.75,30.11],[43.5,30.51],[44.04,31.5],[44.23,33.25],[44.75,33.48],[45.0,34.02],[45.5,34.0],[47.0,33.19],[46.86,33.75],[47.5,33.85],[48.21,33.5],[48.1,33.0],[48.75,32.94],[49.75,32.25],[50.05,31.25],[50.25,31.01],[50.5,31.12],[50.91,30.5],[51.5,30.35],[52.25,28.92],[52.75,28.64],[53.25,28.93],[54.25,28.89],[55.25,28.49],[55.26,28.75],[54.69,29.25],[55.32,29.25],[55.1,29.5],[54.31,29.75],[53.86,30.5],[52.88,31.0],[51.02,32.5],[51.25,32.75],[51.25,33.3],[53.0,32.56],[52.75,33.15],[52.0,33.34],[51.0,34.34],[50.68,34.25],[50.81,34.0],[50.5,33.47],[50.08,34.75],[49.25,34.8],[49.5,34.59],[49.75,34.71],[50.09,34.25],[49.75,34.21],[49.5,34.49],[48.84,34.5],[48.8,35.0],[50.5,35.24],[51.0,35.7],[52.75,35.36],[53.5,35.62],[54.0,35.42],[54.16,35.5],[53.96,36.0],[54.39,36.25],[55.0,36.28],[55.5,35.67],[55.79,35.75],[56.0,36.34],[57.25,36.27],[58.0,36.54],[58.25,36.1],[58.5,36.3],[58.85,36.0],[58.0,35.92],[57.75,36.13],[57.09,35.5],[59.25,35.03],[60.5,34.4],[60.71,35.25],[61.1,35.25],[61.25,35.75],[61.44,35.5],[61.39,34.75],[61.66,34.5],[61.25,33.74],[63.5,33.47],[64.0,33.28],[63.63,33.0],[64.0,32.78],[65.0,33.18],[65.25,33.01],[65.5,33.52],[66.0,33.33],[66.25,33.66],[66.46,33.5],[66.05,33.0],[66.31,32.75],[66.25,32.38],[68.0,33.2],[69.0,34.52],[69.07,35.0],[70.75,34.71],[71.25,34.98],[72.0,35.0],[73.0,34.76],[73.75,33.85],[76.97,31.75],[77.32,30.75],[78.89,30.25],[78.96,29.75],[79.4,29.75],[79.37,29.5],[79.75,29.23],[80.09,29.25],[79.69,29.75],[80.32,29.75],[80.34,29.25],[80.63,29.0],[81.25,28.99],[82.5,28.04],[83.75,27.83],[84.71,28.0],[85.0,27.48],[87.0,26.97],[87.25,27.26],[87.38,27.0],[88.0,26.86],[88.5,27.12],[89.75,26.81],[92.0,26.9],[93.0,27.5],[93.04,27.25],[93.5,27.2],[94.06,27.5],[94.09,28.0],[95.0,28.54],[96.28,28.0],[96.62,27.0],[97.25,26.66],[97.25,27.55],[98.0,27.5],[98.12,26.0],[97.0,22.82],[97.5,23.41],[98.17,23.25],[98.25,22.31],[98.46,22.75],[98.28,23.25],[99.0,23.66],[99.0,22.95],[98.51,22.75],[98.73,22.5],[98.43,22.25],[98.87,22.0],[98.66,21.75],[99.15,20.75],[99.5,20.53],[100.75,21.25],[100.75,21.87],[101.0,21.97],[101.41,21.5],[101.25,21.25],[101.0,21.58],[100.75,21.25],[101.0,20.35],[101.5,21.08],[101.94,20.75],[102.0,20.41],[102.25,21.2],[102.75,21.39],[103.02,20.0],[102.0,19.4],[102.0,19.11],[103.0,18.59],[103.75,18.89],[105.0,17.64],[105.78,17.5],[106.65,16.5],[107.15,15.5],[107.98,14.75]]}},{"type":"Feature","properties":{"level":1016},"geometry":{"type":"LineString","coordinates":[[120.66,16.5],[121.0,16.29],[121.37,17.0],[121.34,18.25],[121.0,18.55],[120.66,16.5]]}},{"type":"Feature","properties":{"level":1016},"geometry":{"type":"LineString","coordinates":[[96.74,19.5],[97.0,19.3],[97.1,19.5],[96.75,21.14],[96.55,20.5],[96.74,19.5]]}},{"type":"Feature","properties":{"level":1016},"geometry":{"type":"LineString","coordinates":[[97.47,20.25],[97.69,20.5],[97.5,21.74],[97.09,20.75],[97.47,20.25]]}},{"type":"Feature","properties":{"level":1016},"geometry":{"type":"LineString","coordinates":[[93.6,21.25],[93.75,21.02],[94.07,21.25],[93.76,22.0],[93.75,23.99],[93.28,23.5],[93.19,22.75],[93.6,21.25]]}},{"type":"Feature","properties":{"level":1016},"geometry":{"type":"LineString","coordinates":[[-11.21,21.75],[-11.0,21.72],[-9.62,23.5],[-9.75,23.86],[-10.17,23.75],[-10.25,24.24],[-12.26,23.75],[-12.0,23.12],[-11.07,23.0],[-11.37,22.75],[-11.25,22.32],[-10.96,22.25],[-11.25,22.18],[-11.21,21.75]]}},{"type":"Feature","properties":{"level":1016},"geometry":{"type":"LineString","coordinates":[[-180.0,24.39],[-179.25,24.37],[-178.75,24.64],[-178.57,25.25],[-177.25,25.63],[-176.73,26.25],[-175.63,26.5],[-171.75,29.26],[-170.98,30.25],[-170.95,30.75],[-167.8,33.25],[-167.25,34.08],[-165.25,35.24],[-163.88,36.5],[-162.25,37.5],[-159.25,38.62],[-159.0,39.14],[-158.5,39.05],[-157.5,40.13],[-156.25,40.6],[-153.01,42.5],[-151.75,43.87],[-150.5,44.2],[-148.25,43.43],[-146.62,44.0],[-148.25,42.19],[-149.48,39.5],[-149.17,38.5],[-149.64,37.25],[-149.75,36.0],[-149.3,34.25],[-148.78,33.5],[-147.25,32.41],[-144.5,32.91],[-144.0,33.46],[-140.75,34.35],[-138.25,33.22],[-136.75,31.92],[-135.25,31.58],[-132.0,33.66],[-130.75,34.72],[-127.75,39.21],[-127.18,40.75],[-126.26,42.25],[-125.25,43.24],[-124.25,43.81],[-123.5,42.48],[-123.44,42.75],[-122.75,43.06],[-122.5,42.94],[-122.5,42.31],[-123.21,42.0],[-123.25,41.2],[-123.0,40.9],[-122.0,41.2],[-121.51,40.0],[-120.75,39.37],[-120.25,38.28],[-118.96,36.75],[-118.5,35.81],[-118.01,36.0],[-118.13,37.25],[-117.81,37.5],[-118.23,38.25],[-119.25,38.95],[-119.5,39.73],[-120.12,40.25],[-120.21,40.75],[-118.96,41.5],[-118.96,42.0],[-119.25,42.21],[-119.75,42.16],[-119.7,42.5],[-120.0,42.48],[-120.23,43.0],[-120.0,43.32],[-119.39,43.25],[-119.0,42.96],[-118.75,42.19],[-118.39,42.75],[-118.51,43.25],[-117.75,43.43],[-117.77,44.0],[-117.0,43.98],[-117.0,44.28],[-116.25,43.78],[-116.18,43.5],[-114.78,43.0],[-114.75,42.72],[-114.2,42.5],[-115.75,42.35],[-116.84,43.25],[-116.42,43.5],[-116.8,43.75],[-117.33,42.5],[-117.7,42.25],[-117.5,41.26],[-116.82,41.0],[-116.84,40.5],[-116.96,40.0],[-117.83,39.5],[-118.0,38.38],[-117.5,38.52],[-116.25,37.87],[-116.22,38.25],[-115.75,38.6],[-115.49,38.5],[-115.75,37.95],[-115.25,38.26],[-114.57,38.0],[-114.24,37.5],[-112.5,37.15],[-111.01,38.0],[-111.17,38.5],[-110.68,38.75],[-110.5,39.31],[-109.75,39.02],[-109.25,39.12],[-109.11,39.0],[-109.44,38.25],[-110.0,37.69],[-109.01,37.5],[-108.37,37.0],[-108.25,36.63],[-106.75,35.64],[-105.75,35.41],[-105.0,35.6],[-104.75,36.05],[-104.47,36.0],[-104.3,36.75],[-105.01,38.25],[-104.5,39.25],[-105.25,39.95],[-105.07,41.75],[-105.67,42.75],[-106.75,42.62],[-107.14,43.0],[-106.21,45.0],[-106.46,45.25],[-106.28,45.75],[-107.25,46.03],[-107.53,46.25],[-107.41,46.5],[-105.5,46.86],[-104.93,46.5],[-102.0,46.11],[-99.42,47.0],[-99.63,47.75],[-100.22,48.25],[-101.1,48.5],[-102.41,50.0],[-103.42,50.5],[-104.22,51.75],[-105.5,52.74],[-107.0,53.19],[-108.25,54.46],[-111.25,55.48],[-112.5,55.62],[-113.0,55.44],[-114.5,55.92],[-115.25,55.82],[-116.5,56.09],[-117.23,56.0],[-117.25,55.48],[-119.0,55.67],[-119.48,55.5],[-119.1,55.25],[-119.25,55.2],[-120.4,55.5],[-121.59,56.0],[-119.0,56.3],[-118.69,56.5],[-119.28,56.75],[-119.0,57.28],[-120.0,57.39],[-120.76,57.0],[-121.0,56.52],[-121.75,56.64],[-122.25,56.45],[-121.87,56.75],[-121.86,57.25],[-122.75,58.02],[-123.25,58.06],[-125.0,59.08],[-126.03,59.25],[-126.5,59.81],[-128.0,59.81],[-128.0,60.27],[-129.43,60.0],[-129.25,60.59],[-128.25,60.53],[-127.78,60.75],[-128.25,61.11],[-130.32,60.75],[-130.07,60.5],[-130.5,60.2],[-132.25,60.53],[-132.5,60.18],[-133.0,60.01],[-133.75,60.16],[-134.25,59.76],[-136.5,60.08],[-136.93,59.75],[-136.67,59.5],[-136.75,59.28],[-138.0,59.97],[-138.78,59.75],[-137.75,58.53],[-137.22,58.25],[-137.25,57.86],[-138.5,56.84],[-142.9,54.75],[-150.0,53.8],[-152.01,53.75],[-152.18,54.0],[-152.05,54.5],[-152.25,54.54],[-154.0,54.13],[-155.0,54.21],[-156.35,54.75],[-155.37,55.0],[-155.38,55.25],[-157.0,55.8],[-157.75,56.3],[-158.02,56.75],[-157.71,57.0],[-159.75,57.43],[-160.62,58.0],[-161.14,58.75],[-159.5,59.77],[-159.0,60.51],[-158.45,60.75],[-158.25,61.5],[-159.0,61.83],[-160.75,61.21],[-162.0,61.39],[-164.34,62.75],[-165.5,63.02],[-168.6,65.75],[-169.75,66.15],[-170.5,65.67],[-170.95,65.75],[-170.78,65.5],[-171.89,64.5],[-172.08,60.75],[-171.91,60.25],[-172.12,59.75],[-173.53,58.0],[-176.25,55.85],[-176.33,55.25],[-177.44,54.0],[-177.61,53.0],[-180.0,50.52]]}},{"type":"Feature","properties":{"level":1016},"geometry":{"type":"LineString","coordinates":[[93.73,25.0],[94.75,25.09],[95.29,25.75],[95.35,26.5],[95.9,27.0],[95.5,26.9],[94.63,26.25],[94.37,25.75],[93.8,25.5],[93.73,25.0]]}},{"type":"Feature","properties":{"level":1016},"geometry":{"type":"LineString","coordinates":[[-12.35,25.25],[-12.25,25.07],[-12.03,25.25],[-12.25,25.47],[-12.35,25.25]]}},{"type":"Feature","properties":{"level":1016},"geometry":{"type":"LineString","coordinates":[[91.17,25.5],[92.24,25.5],[91.5,25.7],[91.17,25.5]]}},{"type":"Feature","properties":{"level":1016},"geometry":{"type":"LineString","coordinates":[[88.25,28.24],[87.57,28.5],[87.5,28.87],[87.0,28.48],[86.39,28.75],[86.67,29.0],[84.48,29.25],[84.34,29.5],[84.5,29.65],[86.13,29.75],[83.5,31.06],[83.25,30.95],[81.0,31.69],[80.25,32.23],[80.0,32.06],[79.69,32.25],[80.24,31.25],[80.0,31.14],[79.17,31.5],[79.0,31.75],[79.12,32.25],[79.49,32.5],[79.25,32.67],[78.66,32.25],[78.78,32.75],[78.45,32.75],[78.62,33.0],[78.46,33.25],[78.75,33.79],[80.0,33.96],[80.28,34.25],[79.28,34.75],[79.2,35.25],[82.04,35.0],[82.25,34.72],[82.5,34.75],[82.4,35.0],[82.75,35.29],[83.75,35.31],[84.25,34.89],[84.75,35.44],[85.25,35.63],[85.75,35.49],[86.0,35.8],[87.25,36.1],[87.75,36.02],[88.0,35.64],[88.5,35.91],[89.25,35.74],[89.75,36.27],[90.38,36.0],[90.5,35.69],[91.5,36.12],[93.75,36.03],[94.0,36.25],[92.75,36.88],[92.52,37.25],[93.0,38.75],[93.5,39.05],[94.09,38.5],[94.75,38.31],[95.18,38.5],[94.92,38.75],[95.25,39.02],[95.63,38.75],[95.65,38.5],[95.22,38.25],[95.5,37.86],[97.75,37.53],[98.64,37.0],[98.67,36.5],[98.0,35.82],[96.75,35.98],[96.5,35.74],[96.25,36.02],[95.75,35.66],[94.06,35.5],[95.0,34.75],[94.0,35.12],[93.61,35.0],[94.11,34.5],[93.84,34.25],[93.75,33.64],[93.2,33.75],[93.0,33.13],[91.5,33.78],[90.75,33.53],[90.62,33.0],[91.52,32.25],[91.22,31.5],[90.69,31.0],[90.95,30.75],[90.0,30.42],[89.5,30.6],[88.75,30.27],[88.25,30.37],[88.0,30.11],[87.5,30.39],[87.16,30.25],[87.0,29.49],[87.5,29.39],[88.5,29.83],[89.25,29.85],[90.08,29.5],[90.0,28.99],[89.75,28.86],[88.12,28.75],[88.45,28.5],[88.25,28.24]]}},{"type":"Feature","properties":{"level":1016},"geometry":{"type":"LineString","coordinates":[[56.72,28.5],[57.0,28.27],[57.25,28.82],[57.75,28.93],[58.25,28.42],[58.58,28.5],[57.99,29.25],[57.36,30.75],[56.25,31.83],[55.75,31.91],[55.83,31.5],[57.1,30.25],[56.75,29.93],[55.75,30.23],[54.52,31.0],[54.25,31.71],[53.53,32.25],[53.25,32.17],[53.35,31.75],[54.5,30.92],[54.52,30.5],[56.08,29.25],[56.21,28.75],[56.72,28.5]]}},{"type":"Feature","properties":{"level":1016},"geometry":{"type":"LineString","coordinates":[[60.87,28.5],[61.32,28.5],[61.21,29.5],[60.75,29.89],[60.25,29.76],[60.15,29.5],[60.87,28.5]]}},{"type":"Feature","properties":{"level":1016},"geometry":{"type":"LineString","coordinates":[[90.75,28.96],[90.5,29.25],[91.25,30.17],[91.55,30.0],[91.63,29.75],[91.21,29.5],[91.51,29.25],[90.75,28.96]]}},{"type":"Feature","properties":{"level":1016},"geometry":{"type":"LineString","coordinates":[[53.0,29.19],[52.63,29.5],[52.5,30.13],[53.0,29.77],[53.89,29.75],[54.09,29.5],[53.25,29.5],[53.0,29.19]]}},{"type":"Feature","properties":{"level":1016},"geometry":{"type":"LineString","coordinates":[[83.5,29.62],[82.95,30.25],[84.0,30.03],[84.2,29.75],[83.5,29.62]]}},{"type":"Feature","properties":{"level":1016},"geometry":{"type":"LineString","coordinates":[[-9.5,29.81],[-9.5,30.5],[-8.28,30.5],[-9.5,29.81]]}},{"type":"Feature","properties":{"level":1016},"geometry":{"type":"LineString","coordinates":[[67.36,30.5],[67.75,30.33],[67.91,30.5],[67.58,30.75],[67.75,31.32],[66.75,31.19],[66.66,31.0],[67.25,30.91],[67.36,30.5]]}},{"type":"Feature","properties":{"level":1016},"geometry":{"type":"LineString","coordinates":[[-8.0,31.49],[-8.78,31.75],[-8.25,31.82],[-8.0,31.49]]}},{"type":"Feature","properties":{"level":1016},"geometry":{"type":"LineString","coordinates":[[59.73,31.75],[59.96,32.25],[60.61,32.5],[60.44,33.25],[60.0,33.81],[58.25,34.59],[58.0,34.52],[58.01,34.25],[58.97,33.25],[58.62,33.0],[59.21,32.0],[59.73,31.75]]}},{"type":"Feature","properties":{"level":1016},"geometry":{"type":"LineString","coordinates":[[-108.16,33.0],[-107.78,33.0],[-107.98,33.5],[-107.86,33.75],[-108.2,34.0],[-107.82,34.25],[-108.0,34.48],[-108.47,34.5],[-108.75,34.07],[-109.75,34.21],[-110.04,34.0],[-109.75,33.57],[-108.93,33.5],[-108.16,33.0]]}},{"type":"Feature","properties":{"level":1016},"geometry":{"type":"LineString","coordinates":[[68.86,33.0],[69.5,32.98],[70.0,33.82],[70.92,33.75],[70.78,34.0],[69.5,34.44],[68.75,33.75],[69.17,33.5],[68.86,33.0]]}},{"type":"Feature","properties":{"level":1016},"geometry":{"type":"LineString","coordinates":[[-1.0,33.24],[-0.84,33.5],[-1.15,34.0],[-0.75,34.34],[-0.25,34.19],[1.0,34.76],[1.46,34.5],[1.25,34.12],[-0.25,33.24],[-1.0,33.24]]}},{"type":"Feature","properties":{"level":1016},"geometry":{"type":"LineString","coordinates":[[77.75,33.71],[76.72,34.25],[77.75,34.27],[77.9,34.0],[77.75,33.71]]}},{"type":"Feature","properties":{"level":1016},"geometry":{"type":"LineString","coordinates":[[-59.5,33.92],[-59.5,34.3],[-59.5,33.92]]}},{"type":"Feature","properties":{"level":1016},"geometry":{"type":"LineString","coordinates":[[-110.88,34.25],[-110.33,34.25],[-111.25,34.81],[-111.75,35.6],[-112.0,35.57],[-112.28,35.25],[-110.88,34.25]]}},{"type":"Feature","properties":{"level":1016},"geometry":{"type":"LineString","coordinates":[[85.75,34.25],[86.0,34.16],[86.27,34.5],[85.5,35.09],[84.9,35.0],[84.45,34.5],[85.75,34.25]]}},{"type":"Feature","properties":{"level":1016},"geometry":{"type":"LineString","coordinates":[[108.5,34.24],[109.02,34.5],[109.06,34.25],[108.5,34.24]]}},{"type":"Feature","properties":{"level":1016},"geometry":{"type":"LineString","coordinates":[[-3.5,34.66],[-3.5,35.08],[-2.75,35.29],[-2.07,35.0],[-2.75,34.98],[-3.25,34.51],[-3.5,34.66]]}},{"type":"Feature","properties":{"level":1016},"geometry":{"type":"LineString","coordinates":[[-1.75,34.72],[-1.9,35.25],[-1.5,35.76],[-4.75,36.57],[-5.18,36.5],[-5.0,37.12],[-3.5,36.8],[-3.03,37.0],[-2.7,37.25],[-3.36,37.5],[-2.75,37.84],[-2.07,38.75],[-2.5,38.92],[-5.0,38.22],[-5.29,38.5],[-5.16,38.75],[-4.5,38.58],[-3.41,39.25],[-4.0,39.54],[-5.25,39.62],[-5.75,40.21],[-6.75,40.35],[-7.75,39.46],[-8.06,39.75],[-8.0,40.1],[-7.75,39.95],[-7.5,40.4],[-6.81,40.75],[-7.5,41.53],[-7.6,42.0],[-6.75,42.12],[-6.3,42.75],[-4.83,43.25],[-5.25,43.75],[-5.12,46.25],[-3.8,48.0],[-1.75,49.22],[0.25,49.51],[1.0,50.26],[1.6,50.25],[4.75,52.55],[5.26,52.5],[6.5,53.23],[7.75,53.27],[8.5,53.0],[10.02,51.5],[9.25,51.18],[10.59,51.0],[9.67,50.25],[10.5,49.69],[11.5,49.59],[11.01,49.0],[11.09,48.75],[11.79,48.25],[12.0,47.67],[12.84,47.5],[10.75,47.17],[10.25,47.3],[9.5,46.88],[8.5,46.82],[7.77,46.5],[7.75,46.24],[6.93,46.0],[6.68,45.75],[6.79,45.5],[6.25,45.17],[5.31,45.0],[5.06,44.5],[5.2,43.75],[5.76,43.75],[5.8,43.25],[6.98,42.25],[6.66,42.0],[6.5,40.57],[5.61,40.25],[4.77,39.0],[3.75,38.91],[-0.75,36.37],[-1.14,36.0],[-0.5,35.84],[0.5,36.03],[0.51,35.75],[-0.67,35.0],[-1.75,34.72]]}},{"type":"Feature","properties":{"level":1016},"geometry":{"type":"LineString","coordinates":[[109.5,34.73],[109.79,34.75],[109.5,34.73]]}},{"type":"Feature","properties":{"level":1016},"geometry":{"type":"LineString","coordinates":[[10.25,35.18],[9.86,35.5],[10.0,36.1],[11.07,35.5],[11.0,35.26],[10.75,35.43],[10.25,35.18]]}},{"type":"Feature","properties":{"level":1016},"geometry":{"type":"LineString","coordinates":[[103.75,35.16],[103.0,35.48],[102.5,36.42],[101.75,36.37],[101.42,36.75],[101.75,36.93],[102.25,36.56],[102.75,36.54],[104.85,37.0],[104.25,37.02],[104.33,37.75],[103.45,38.5],[103.44,39.25],[103.18,39.5],[104.34,40.25],[104.25,40.65],[103.0,41.26],[101.25,41.5],[100.52,42.5],[101.0,42.84],[102.0,43.03],[102.21,43.25],[102.0,43.48],[101.25,43.36],[100.75,43.66],[99.25,43.07],[98.55,43.5],[98.66,44.25],[99.39,44.5],[98.78,45.0],[99.05,45.25],[98.5,45.57],[97.05,45.75],[97.75,45.83],[98.0,46.18],[98.75,46.2],[99.25,46.83],[100.25,46.79],[100.5,46.48],[101.25,46.42],[101.49,46.5],[101.32,46.75],[101.91,47.0],[102.5,47.69],[103.5,47.68],[104.0,48.01],[104.75,47.79],[105.5,48.0],[106.0,47.76],[106.75,47.8],[107.25,48.32],[107.75,47.99],[109.0,48.12],[110.5,49.32],[110.67,49.0],[110.5,48.72],[111.5,48.73],[113.0,48.13],[115.0,48.2],[116.25,47.94],[118.0,48.03],[120.0,47.79],[120.26,47.5],[119.9,46.75],[120.75,45.62],[121.5,45.44],[122.25,45.61],[123.7,45.25],[123.5,44.67],[122.09,43.25],[119.25,41.95],[118.25,42.84],[117.0,43.0],[115.5,42.38],[113.0,42.08],[112.25,41.7],[111.0,41.63],[110.11,41.25],[110.25,40.73],[111.16,40.5],[111.01,40.25],[109.31,39.75],[109.2,39.0],[108.64,38.5],[108.72,38.25],[107.64,37.5],[106.35,37.0],[106.0,36.52],[105.25,36.88],[105.05,36.75],[105.0,35.77],[104.5,35.55],[104.0,35.8],[103.97,35.25],[103.75,35.16]]}},{"type":"Feature","properties":{"level":1016},"geometry":{"type":"LineString","coordinates":[[-93.7,35.75],[-93.0,35.62],[-91.97,36.0],[-92.05,36.25],[-92.5,36.39],[-93.0,36.07],[-93.5,36.18],[-93.7,35.75]]}},{"type":"Feature","properties":{"level":1016},"geometry":{"type":"LineString","coordinates":[[62.75,35.96],[62.75,36.27],[62.75,35.96]]}},{"type":"Feature","properties":{"level":1016},"geometry":{"type":"LineString","coordinates":[[100.25,35.84],[99.87,36.25],[100.98,36.25],[100.99,36.0],[100.25,35.84]]}},{"type":"Feature","properties":{"level":1016},"geometry":{"type":"LineString","coordinates":[[9.0,36.2],[8.37,36.5],[8.5,36.69],[9.5,37.21],[10.11,37.0],[10.17,36.5],[9.0,36.2]]}},{"type":"Feature","properties":{"level":1016},"geometry":{"type":"LineString","coordinates":[[-91.62,36.75],[-91.0,36.64],[-90.25,36.87],[-89.95,37.25],[-90.04,37.5],[-91.0,37.76],[-91.6,37.5],[-91.77,37.25],[-91.62,36.75]]}},{"type":"Feature","properties":{"level":1016},"geometry":{"type":"LineString","coordinates":[[47.5,36.93],[46.75,37.25],[46.87,37.5],[47.75,37.59],[48.26,37.25],[48.0,36.95],[47.5,36.93]]}},{"type":"Feature","properties":{"level":1016},"geometry":{"type":"LineString","coordinates":[[82.0,37.0],[81.63,37.25],[83.7,37.75],[82.75,37.01],[82.0,37.0]]}},{"type":"Feature","properties":{"level":1016},"geometry":{"type":"LineString","coordinates":[[4.25,37.39],[4.25,37.61],[4.25,37.39]]}},{"type":"Feature","properties":{"level":1016},"geometry":{"type":"LineString","coordinates":[[-4.25,37.68],[-4.5,38.15],[-3.75,38.23],[-3.52,38.0],[-4.25,37.68]]}},{"type":"Feature","properties":{"level":1016},"geometry":{"type":"LineString","coordinates":[[78.25,37.75],[75.72,39.25],[77.0,39.52],[77.5,39.14],[78.5,39.44],[78.75,38.75],[79.41,38.0],[78.25,37.75]]}},{"type":"Feature","properties":{"level":1016},"geometry":{"type":"LineString","coordinates":[[-113.25,38.61],[-113.42,38.75],[-113.32,39.25],[-113.9,39.5],[-113.74,40.0],[-114.19,40.75],[-114.0,41.27],[-112.75,42.07],[-112.05,40.75],[-112.63,40.5],[-112.56,39.75],[-112.89,39.5],[-112.5,39.43],[-112.5,38.94],[-113.25,38.61]]}},{"type":"Feature","properties":{"level":1016},"geometry":{"type":"LineString","coordinates":[[-8.5,40.23],[-8.86,40.5],[-8.5,40.74],[-8.34,40.5],[-8.5,40.23]]}},{"type":"Feature","properties":{"level":1016},"geometry":{"type":"LineString","coordinates":[[142.23,43.25],[143.05,43.5],[143.17,43.75],[142.75,44.28],[142.23,43.25]]}},{"type":"Feature","properties":{"level":1016},"geometry":{"type":"LineString","coordinates":[[-103.75,43.75],[-103.54,44.25],[-104.5,44.59],[-104.25,44.0],[-103.75,43.75]]}},{"type":"Feature","properties":{"level":1016},"geometry":{"type":"LineString","coordinates":[[-120.25,45.48],[-119.75,46.05],[-119.0,45.97],[-118.96,45.75],[-119.42,45.5],[-120.25,45.48]]}},{"type":"Feature","properties":{"level":1016},"geometry":{"type":"LineString","coordinates":[[-118.75,46.39],[-118.75,46.77],[-118.6,46.5],[-118.75,46.39]]}},{"type":"Feature","properties":{"level":1016},"geometry":{"type":"LineString","coordinates":[[139.81,48.25],[140.31,48.25],[139.81,48.25]]}},{"type":"Feature","properties":{"level":1016},"geometry":{"type":"LineString","coordinates":[[93.75,48.42],[92.99,48.75],[92.6,49.25],[93.5,49.35],[93.77,49.25],[93.75,48.6],[94.4,48.75],[94.32,48.5],[93.75,48.42]]}},{"type":"Feature","properties":{"level":1016},"geometry":{"type":"LineString","coordinates":[[92.25,49.4],[91.5,50.25],[92.4,50.75],[93.75,50.88],[95.39,50.25],[95.0,49.81],[92.25,49.4]]}},{"type":"Feature","properties":{"level":1016},"geometry":{"type":"LineString","coordinates":[[11.75,50.23],[10.62,50.75],[11.25,51.23],[12.0,51.17],[12.24,50.75],[11.75,50.23]]}},{"type":"Feature","properties":{"level":1016},"geometry":{"type":"LineString","coordinates":[[180.0,50.52],[178.76,49.25],[176.55,48.0],[172.32,46.25],[169.83,44.5],[167.0,41.48],[164.0,37.15],[162.49,35.5],[161.77,34.0],[162.25,33.5],[162.27,32.75],[162.88,32.25],[163.68,32.0],[167.03,29.25],[167.91,28.0],[169.25,26.68],[172.25,24.68],[174.5,24.05],[175.25,23.58],[175.75,23.7],[176.25,23.44],[177.5,23.43],[177.75,24.18],[178.1,24.0],[178.25,23.41],[178.5,23.97],[179.75,23.99],[180.0,24.39]]}},{"type":"Feature","properties":{"level":1016},"geometry":{"type":"LineString","coordinates":[[10.5,51.94],[10.33,52.0],[10.72,52.0],[10.5,51.94]]}},{"type":"Feature","properties":{"level":1016},"geometry":{"type":"LineString","coordinates":[[-140.24,60.5],[-140.0,60.38],[-139.21,60.75],[-140.5,61.3],[-141.19,61.25],[-140.25,60.85],[-140.24,60.5]]}},{"type":"Feature","properties":{"level":1016},"geometry":{"type":"LineString","coordinates":[[6.23,61.5],[7.22,61.5],[6.93,61.75],[7.0,62.06],[6.5,62.1],[5.74,61.75],[6.23,61.5]]}},{"type":"Feature","properties":{"level":1016},"geometry":{"type":"LineString","coordinates":[[-162.12,63.0],[-161.25,62.83],[-160.53,63.5],[-160.75,63.63],[-162.0,63.25],[-162.12,63.0]]}},{"type":"Feature","properties":{"level":1016},"geometry":{"type":"LineString","coordinates":[[-157.34,64.5],[-156.59,64.5],[-157.25,64.7],[-157.34,64.5]]}},{"type":"Feature","properties":{"level":1016},"geometry":{"type":"LineString","coordinates":[[129.41,64.5],[130.5,64.98],[132.0,64.45],[133.75,64.35],[135.27,64.75],[134.0,65.35],[131.04,65.0],[130.5,65.58],[128.42,66.5],[128.45,67.0],[128.03,67.5],[128.43,68.0],[128.0,68.14],[127.36,68.0],[127.25,67.6],[126.37,67.5],[125.62,66.75],[125.55,66.0],[126.27,64.75],[129.41,64.5]]}},{"type":"Feature","properties":{"level":1016},"geometry":{"type":"LineString","coordinates":[[136.94,64.75],[138.22,65.0],[137.5,65.07],[136.94,64.75]]}},{"type":"Feature","properties":{"level":1016},"geometry":{"type":"LineString","coordinates":[[137.87,65.5],[138.5,65.34],[138.8,65.5],[137.85,66.25],[137.21,66.25],[137.87,65.5]]}},{"type":"Feature","properties":{"level":1016},"geometry":{"type":"LineString","coordinates":[[138.9,66.0],[139.75,65.96],[139.33,66.25],[139.83,66.5],[138.13,67.0],[138.27,66.5],[138.9,66.0]]}},{"type":"Feature","properties":{"level":1016},"geometry":{"type":"LineString","coordinates":[[-123.16,66.75],[-122.25,66.77],[-121.8,67.0],[-121.77,67.25],[-122.5,67.26],[-123.16,66.75]]}},{"type":"Feature","properties":{"level":1016},"geometry":{"type":"LineString","coordinates":[[-65.68,67.0],[-65.0,66.81],[-64.52,67.0],[-65.75,67.61],[-66.59,67.5],[-65.68,67.0]]}},{"type":"Feature","properties":{"level":1016},"geometry":{"type":"LineString","coordinates":[[-83.78,67.75],[-83.16,67.75],[-82.86,68.0],[-83.09,68.5],[-83.75,68.61],[-84.69,68.25],[-83.78,67.75]]}},{"type":"Feature","properties":{"level":1016},"geometry":{"type":"LineString","coordinates":[[-113.29,69.75],[-112.76,69.75],[-113.0,69.9],[-113.29,69.75]]}},{"type":"Feature","properties":{"level":1016},"geometry":{"type":"LineString","coordinates":[[101.77,70.5],[102.57,70.5],[102.5,70.75],[101.77,70.5]]}},{"type":"Feature","properties":{"level":1016},"geometry":{"type":"LineString","coordinates":[[-102.04,72.75],[-101.46,72.75],[-102.04,72.75]]}},{"type":"Feature","properties":{"level":1016},"geometry":{"type":"LineString","coordinates":[[-73.5,72.67],[-73.65,72.75],[-73.0,72.75],[-73.5,72.67]]}},{"type":"Feature","properties":{"level":1016},"geometry":{"type":"LineString","coordinates":[[-18.86,75.25],[-18.5,75.08],[-17.76,75.25],[-18.86,75.25]]}},{"type":"Feature","properties":{"level":1016},"geometry":{"type":"LineString","coordinates":[[-20.0,76.73],[-19.36,76.75],[-20.0,76.73]]}},{"type":"Feature","properties":{"level":1016},"geometry":{"type":"LineString","coordinates":[[-180.0,83.48],[-168.75,81.84],[-166.59,81.25],[-165.16,80.5],[-164.69,79.75],[-164.95,78.75],[-168.37,76.0],[-170.29,73.75],[-170.48,72.25],[-170.25,70.94],[-169.5,70.16],[-164.93,69.25],[-164.99,69.0],[-166.0,68.69],[-166.03,68.25],[-165.53,68.0],[-165.25,67.23],[-164.35,67.0],[-165.75,66.07],[-167.73,65.5],[-166.5,65.39],[-165.58,64.5],[-161.25,64.58],[-160.5,63.96],[-160.27,64.0],[-160.44,64.25],[-160.25,64.32],[-159.25,64.35],[-158.25,64.79],[-157.36,64.75],[-156.88,65.5],[-157.25,66.03],[-154.5,66.3],[-153.5,66.77],[-152.0,66.92],[-150.25,67.65],[-146.5,68.54],[-145.5,67.87],[-143.25,67.63],[-141.0,67.64],[-139.75,68.29],[-138.0,68.25],[-136.5,67.46],[-136.1,66.75],[-135.75,66.58],[-134.75,67.0],[-134.25,67.68],[-133.75,67.87],[-126.75,68.42],[-124.51,69.25],[-124.61,69.5],[-124.25,70.06],[-121.25,70.47],[-118.25,71.3],[-116.25,71.34],[-115.75,70.95],[-112.25,70.58],[-111.58,70.25],[-112.08,69.75],[-111.5,69.65],[-110.56,69.75],[-110.75,70.27],[-108.72,70.5],[-108.41,71.0],[-108.51,71.25],[-109.93,71.75],[-109.96,72.0],[-108.93,72.25],[-109.01,72.5],[-112.74,74.25],[-112.12,74.5],[-112.0,74.79],[-114.47,75.0],[-112.23,75.25],[-112.5,75.53],[-114.75,75.95],[-118.75,75.98],[-123.75,76.5],[-127.31,77.5],[-128.67,78.25],[-129.25,79.0],[-128.96,79.5],[-128.25,79.91],[-126.0,80.54],[-121.5,81.12],[-116.25,81.4],[-105.5,81.17],[-99.75,80.46],[-96.31,79.75],[-93.39,77.75],[-91.81,77.0],[-94.05,76.5],[-93.18,76.0],[-93.25,75.7],[-95.4,75.0],[-94.43,74.5],[-96.25,73.7],[-96.49,73.75],[-96.5,74.06],[-98.5,74.03],[-100.25,73.64],[-100.62,73.5],[-100.65,73.25],[-100.35,72.75],[-99.0,72.47],[-97.0,72.52],[-95.28,72.25],[-95.39,71.0],[-95.0,70.83],[-94.11,71.0],[-94.35,71.5],[-93.9,72.0],[-92.5,72.15],[-89.75,71.28],[-87.0,70.97],[-85.75,70.35],[-84.5,70.53],[-84.22,70.25],[-82.0,70.16],[-79.0,70.59],[-77.25,69.97],[-74.25,69.75],[-73.75,69.38],[-71.0,69.07],[-70.0,68.71],[-68.34,69.0],[-67.97,69.5],[-68.01,70.0],[-68.75,70.05],[-68.59,70.5],[-69.25,70.93],[-71.01,71.25],[-71.09,71.5],[-72.06,72.0],[-72.37,72.5],[-70.75,72.93],[-67.75,72.82],[-64.77,73.25],[-64.07,73.5],[-63.86,73.75],[-64.0,74.0],[-66.1,74.25],[-65.89,74.5],[-63.12,74.75],[-63.19,75.5],[-62.0,75.92],[-60.54,76.0],[-59.15,75.75],[-56.48,74.75],[-53.75,72.88],[-53.0,72.09],[-51.75,71.58],[-50.25,71.45],[-49.5,71.08],[-48.5,71.04],[-47.77,70.75],[-47.48,70.25],[-47.64,69.75],[-45.65,68.5],[-44.67,67.5],[-44.62,66.5],[-44.94,65.75],[-44.06,65.0],[-43.87,64.5],[-43.05,64.0],[-43.89,63.5],[-43.25,63.16],[-41.25,63.55],[-41.0,63.96],[-40.7,64.0],[-40.83,64.25],[-40.5,64.58],[-39.0,64.94],[-38.5,65.44],[-31.25,66.98],[-25.75,67.22],[-21.5,66.76],[-16.75,66.89],[-14.5,67.27],[-13.9,67.5],[-13.82,67.75],[-14.93,69.25],[-13.59,71.25],[-14.5,72.23],[-15.75,72.6],[-17.25,72.38],[-19.5,72.46],[-21.5,72.03],[-22.21,72.25],[-21.73,73.0],[-22.24,73.25],[-20.8,74.0],[-21.0,74.3],[-19.13,74.5],[-19.96,75.0],[-19.42,75.25],[-19.43,76.0],[-18.0,75.71],[-16.88,76.5],[-17.28,77.0],[-17.23,77.25],[-18.0,77.81],[-18.62,77.75],[-18.41,78.0],[-19.0,78.4],[-20.5,78.42],[-21.22,79.0],[-18.76,80.0],[-18.33,80.5],[-18.45,80.75],[-15.11,81.5],[-27.05,84.0],[-40.75,85.0],[-49.51,86.0],[-52.75,87.32],[-57.23,88.25],[-68.5,89.01],[-96.0,89.42],[-147.75,89.46],[-180.0,89.07]]}},{"type":"Feature","properties":{"level":1016},"geometry":{"type":"LineString","coordinates":[[180.0,89.07],[168.5,88.49],[164.5,87.96],[162.96,87.5],[164.16,86.5],[167.78,85.5],[174.32,84.25],[180.0,83.48]]}},{"type":"Feature","properties":{"level":1020},"geometry":{"type":"LineString","coordinates":[[-26.44,-89.5],[17.42,-89.5],[-31.0,-88.96],[-37.5,-88.97],[-40.57,-89.25],[-26.44,-89.5]]}},{"type":"Feature","properties":{"level":1020},"geometry":{"type":"LineString","coordinates":[[76.06,-89.0],[98.0,-89.01],[105.9,-88.75],[111.43,-88.25],[111.55,-88.0],[109.2,-87.25],[108.83,-86.75],[108.77,-84.75],[109.54,-84.25],[114.75,-82.88],[119.58,-82.25],[123.25,-81.22],[126.2,-80.75],[128.0,-80.27],[128.33,-80.0],[128.25,-79.74],[129.64,-79.25],[124.0,-78.96],[121.79,-79.75],[112.5,-80.09],[107.5,-80.75],[103.75,-80.44],[100.75,-79.35],[98.5,-78.92],[87.25,-78.45],[82.25,-78.77],[76.0,-79.67],[70.0,-80.09],[65.76,-80.75],[62.0,-80.89],[52.69,-79.25],[47.5,-77.6],[43.24,-77.25],[43.62,-77.75],[43.33,-78.5],[44.25,-79.4],[48.5,-81.16],[53.5,-82.3],[59.0,-82.54],[62.38,-83.25],[60.86,-83.75],[57.92,-84.25],[53.15,-84.75],[52.47,-85.0],[52.8,-85.5],[52.37,-85.75],[49.17,-86.5],[49.18,-87.0],[45.85,-87.75],[46.09,-88.0],[47.75,-88.38],[50.75,-88.56],[76.06,-89.0]]}},{"type":"Feature","properties":{"level":1020},"geometry":{"type":"LineString","coordinates":[[15.91,-88.25],[24.26,-88.25],[22.75,-88.01],[19.75,-87.99],[15.91,-88.25]]}},{"type":"Feature","properties":{"level":1020},"geometry":{"type":"LineString","coordinates":[[125.03,-75.5],[125.75,-75.71],[127.68,-75.0],[125.2,-75.25],[125.03,-75.5]]}},{"type":"Feature","properties":{"level":1020},"geometry":{"type":"LineString","coordinates":[[-73.96,-55.25],[-69.75,-55.38],[-68.75,-54.5],[-69.35,-54.0],[-68.0,-53.46],[-61.5,-54.73],[-58.0,-54.98],[-50.25,-54.07],[-48.0,-53.41],[-46.77,-52.75],[-46.32,-52.25],[-46.02,-51.25],[-46.25,-50.84],[-49.0,-50.42],[-49.75,-50.72],[-51.0,-50.53],[-53.25,-51.22],[-55.5,-51.01],[-56.01,-50.25],[-56.19,-47.25],[-55.5,-46.72],[-53.75,-45.99],[-50.75,-45.36],[-50.0,-44.93],[-49.0,-45.2],[-46.77,-44.5],[-45.0,-43.53],[-43.75,-43.2],[-42.25,-43.22],[-40.0,-42.38],[-39.25,-41.6],[-34.75,-40.33],[-34.0,-39.5],[-31.0,-37.59],[-28.75,-37.1],[-26.5,-37.01],[-25.5,-36.56],[-22.52,-34.25],[-21.97,-32.75],[-21.55,-32.25],[-21.59,-31.0],[-23.43,-29.5],[-21.57,-29.0],[-20.25,-29.21],[-19.93,-29.0],[-20.5,-27.99],[-17.25,-29.19],[-12.5,-29.74],[-7.0,-30.86],[-3.25,-31.89],[-0.25,-33.21],[4.0,-35.52],[13.25,-39.36],[14.0,-39.41],[15.25,-40.27],[16.5,-40.34],[17.0,-40.95],[18.25,-41.39],[26.75,-46.1],[30.0,-47.24],[37.5,-47.89],[45.5,-48.02],[49.5,-47.75],[49.66,-47.5],[49.47,-47.25],[49.97,-47.0],[50.16,-46.5],[50.75,-46.41],[61.75,-48.87],[68.5,-49.88],[69.19,-49.5],[69.25,-49.15],[70.0,-49.73],[70.75,-49.86],[75.75,-49.42],[80.75,-48.21],[84.58,-46.75],[89.25,-44.04],[93.5,-40.97],[98.75,-38.3],[103.05,-36.75],[105.96,-35.0],[107.26,-34.0],[107.44,-32.75],[108.05,-32.0],[107.2,-29.75],[108.5,-28.18],[110.34,-26.5],[110.59,-25.75],[110.26,-24.75],[110.41,-24.0],[109.25,-21.41],[107.06,-18.75],[102.5,-16.7],[99.5,-16.16],[93.25,-16.42],[91.75,-16.17],[90.25,-16.57],[88.25,-16.49],[83.5,-17.26],[82.75,-17.1],[81.25,-17.84],[76.5,-19.22],[76.0,-19.65],[75.0,-20.01],[74.75,-20.55],[74.0,-20.15],[73.74,-20.5],[73.81,-21.0],[73.29,-21.25],[73.38,-21.75],[73.0,-21.74],[72.75,-22.11],[72.0,-21.98],[71.74,-23.0],[71.5,-23.03],[70.75,-21.99],[70.25,-22.76],[69.75,-22.84],[68.75,-22.07],[67.25,-22.42],[66.75,-22.07],[66.25,-22.25],[65.5,-21.93],[63.75,-21.66],[63.0,-21.81],[61.25,-21.33],[57.75,-21.21],[57.5,-21.38],[55.75,-20.8],[55.08,-21.0],[55.5,-21.52],[52.0,-21.17],[50.5,-22.16],[49.75,-21.93],[48.83,-23.5],[47.74,-26.25],[47.03,-27.0],[40.59,-31.25],[39.81,-33.25],[39.93,-35.0],[40.53,-36.5],[41.5,-38.04],[40.49,-37.5],[37.93,-34.5],[36.5,-32.35],[33.48,-30.5],[32.93,-29.75],[32.69,-28.5],[32.25,-28.12],[32.03,-27.25],[31.75,-27.2],[31.49,-26.75],[31.25,-25.92],[30.24,-26.5],[30.0,-27.35],[28.66,-28.75],[29.37,-29.5],[28.81,-30.5],[27.75,-31.41],[26.9,-31.5],[26.0,-32.32],[25.5,-32.28],[25.25,-32.66],[24.0,-32.24],[22.75,-32.69],[21.25,-32.56],[21.03,-32.75],[21.19,-33.5],[21.0,-33.66],[20.5,-33.73],[20.0,-34.14],[19.5,-33.98],[19.5,-34.31],[18.75,-34.29],[16.25,-31.5],[10.0,-25.63],[5.0,-22.23],[2.5,-21.2],[-0.5,-20.46],[-4.0,-19.94],[-7.0,-19.77],[-12.23,-18.25],[-11.87,-18.0],[-16.5,-17.41],[-16.75,-17.5],[-16.73,-17.75],[-15.75,-18.02],[-15.64,-18.25],[-20.25,-18.42],[-22.75,-19.01],[-27.25,-19.22],[-28.75,-20.2],[-29.25,-20.27],[-30.01,-21.25],[-31.23,-21.75],[-31.25,-22.27],[-31.89,-22.75],[-31.67,-23.25],[-31.75,-24.08],[-32.5,-24.39],[-32.61,-25.25],[-32.42,-25.75],[-32.73,-26.5],[-32.11,-28.0],[-31.26,-28.5],[-32.5,-28.97],[-33.25,-28.71],[-33.98,-29.75],[-36.75,-30.51],[-38.5,-30.28],[-40.75,-30.61],[-42.0,-30.08],[-43.75,-30.23],[-45.0,-31.4],[-46.75,-32.45],[-48.0,-33.83],[-48.99,-34.25],[-49.91,-35.75],[-53.75,-38.67],[-57.0,-39.29],[-64.0,-39.87],[-66.5,-39.39],[-68.75,-38.48],[-69.25,-37.95],[-69.5,-38.2],[-70.75,-38.23],[-70.47,-39.0],[-71.5,-39.74],[-71.71,-40.25],[-72.0,-41.27],[-71.34,-41.75],[-72.0,-41.78],[-72.18,-42.0],[-72.64,-44.0],[-72.57,-44.75],[-72.97,-45.0],[-73.23,-46.0],[-73.99,-46.75],[-74.0,-47.12],[-74.75,-47.68],[-75.23,-47.5],[-75.46,-47.0],[-76.72,-46.0],[-78.28,-43.75],[-81.21,-40.5],[-85.96,-30.75],[-88.0,-27.74],[-89.25,-26.81],[-91.5,-25.59],[-92.0,-25.79],[-92.25,-25.48],[-93.0,-25.68],[-93.5,-26.2],[-95.5,-25.71],[-97.25,-25.99],[-98.25,-25.74],[-98.75,-26.02],[-99.75,-25.59],[-101.25,-26.13],[-102.25,-26.18],[-102.95,-26.75],[-103.02,-27.5],[-103.47,-28.5],[-104.25,-29.07],[-104.34,-29.5],[-104.02,-30.0],[-104.25,-30.3],[-104.88,-33.75],[-104.7,-35.0],[-105.1,-36.75],[-104.98,-38.75],[-104.38,-40.75],[-103.47,-42.5],[-100.65,-45.75],[-97.25,-48.5],[-94.95,-50.0],[-91.75,-51.74],[-89.0,-52.86],[-85.25,-53.91],[-81.5,-54.54],[-73.96,-55.25]]}},{"type":"Feature","properties":{"level":1020},"geometry":{"type":"LineString","coordinates":[[-180.0,-43.5],[-173.5,-46.16],[-168.0,-47.82],[-162.25,-48.43],[-159.75,-48.31],[-157.0,-47.75],[-152.75,-45.96],[-145.0,-39.64],[-138.87,-33.5],[-137.29,-32.5],[-136.65,-31.25],[-136.62,-30.5],[-137.5,-28.83],[-138.5,-27.82],[-140.75,-26.25],[-147.5,-24.17],[-149.0,-24.0],[-150.0,-23.6],[-152.5,-23.51],[-153.49,-23.0],[-154.25,-23.1],[-155.0,-22.7],[-155.5,-22.86],[-156.5,-22.59],[-158.75,-22.62],[-159.25,-22.41],[-166.0,-22.29],[-167.25,-21.85],[-168.25,-21.99],[-168.5,-21.8],[-169.75,-22.2],[-170.75,-22.0],[-172.0,-22.25],[-172.5,-22.92],[-173.75,-23.26],[-174.0,-23.65],[-175.25,-23.5],[-176.25,-23.79],[-176.75,-23.52],[-178.0,-24.01],[-178.5,-23.7],[-179.25,-24.09],[-180.0,-23.64]]}},{"type":"Feature","properties":{"level":1020},"geometry":{"type":"LineString","coordinates":[[45.25,-41.55],[44.3,-40.75],[44.5,-40.58],[45.55,-41.5],[45.25,-41.55]]}},{"type":"Feature","properties":{"level":1020},"geometry":{"type":"LineString","coordinates":[[44.0,-40.04],[44.25,-39.95],[44.25,-40.24],[44.0,-40.04]]}},{"type":"Feature","properties":{"level":1020},"geometry":{"type":"LineString","coordinates":[[43.5,-39.82],[43.25,-39.4],[43.8,-39.75],[43.5,-39.82]]}},{"type":"Feature","properties":{"level":1020},"geometry":{"type":"LineString","coordinates":[[175.92,-39.5],[176.25,-39.64],[177.92,-38.25],[178.05,-37.75],[177.0,-37.95],[176.0,-37.78],[175.5,-38.02],[175.16,-39.0],[175.92,-39.5]]}},{"type":"Feature","properties":{"level":1020},"geometry":{"type":"LineString","coordinates":[[180.0,-39.64],[179.32,-40.0],[178.67,-40.75],[178.57,-41.5],[179.27,-43.0],[180.0,-43.5]]}},{"type":"Feature","properties":{"level":1020},"geometry":{"type":"LineString","coordinates":[[175.75,-38.84],[176.07,-38.75],[175.75,-38.84]]}},{"type":"Feature","properties":{"level":1020},"geometry":{"type":"LineString","coordinates":[[-175.25,-32.5],[-175.6,-32.25],[-175.71,-31.75],[-175.5,-31.42],[-175.0,-31.35],[-174.77,-31.75],[-174.92,-32.5],[-175.25,-32.5]]}},{"type":"Feature","properties":{"level":1020},"geometry":{"type":"LineString","coordinates":[[-180.0,-32.46],[-178.25,-31.97],[-177.5,-32.1],[-176.75,-32.67],[-176.57,-33.25],[-177.0,-36.25],[-178.0,-36.75],[-179.75,-38.35],[-180.0,-39.64]]}},{"type":"Feature","properties":{"level":1020},"geometry":{"type":"LineString","coordinates":[[-68.88,-27.0],[-68.75,-27.22],[-68.23,-27.0],[-68.5,-26.21],[-68.88,-27.0]]}},{"type":"Feature","properties":{"level":1020},"geometry":{"type":"LineString","coordinates":[[-67.81,-23.75],[-67.75,-23.97],[-67.5,-23.84],[-67.49,-23.25],[-66.81,-22.25],[-67.75,-21.35],[-68.25,-21.38],[-68.41,-20.5],[-67.65,-20.5],[-66.5,-21.13],[-66.36,-20.75],[-66.75,-20.67],[-67.25,-19.78],[-67.5,-19.7],[-68.25,-20.15],[-68.5,-19.98],[-68.88,-19.5],[-68.75,-19.0],[-69.1,-18.5],[-69.07,-17.5],[-70.75,-15.32],[-71.75,-15.17],[-72.5,-14.58],[-73.16,-14.75],[-72.5,-15.44],[-72.25,-15.29],[-71.75,-15.5],[-71.79,-15.75],[-71.0,-16.42],[-70.75,-16.31],[-70.53,-17.0],[-70.03,-17.25],[-69.52,-18.0],[-68.75,-21.17],[-68.32,-21.5],[-67.84,-22.75],[-67.81,-23.75]]}},{"type":"Feature","properties":{"level":1020},"geometry":{"type":"LineString","coordinates":[[180.0,-23.64],[178.5,-23.33],[177.0,-23.52],[176.25,-23.15],[175.75,-23.45],[174.5,-23.2],[174.25,-23.61],[173.5,-22.89],[173.25,-22.96],[173.22,-23.25],[173.54,-24.0],[173.25,-24.18],[172.25,-23.64],[171.0,-23.46],[170.0,-23.69],[169.25,-23.33],[168.25,-24.0],[167.25,-24.14],[166.5,-24.55],[165.25,-24.6],[163.27,-24.0],[161.25,-22.59],[160.0,-22.21],[155.0,-21.21],[151.75,-21.29],[150.5,-21.55],[149.75,-21.38],[148.5,-20.58],[148.03,-21.5],[148.25,-21.74],[148.5,-21.54],[149.01,-22.0],[148.5,-22.53],[148.0,-22.23],[147.83,-22.5],[148.0,-23.06],[148.92,-23.25],[149.0,-24.0],[148.75,-24.61],[148.0,-24.38],[147.58,-24.75],[148.14,-25.25],[148.26,-26.0],[147.75,-26.97],[147.5,-28.31],[146.0,-28.98],[144.75,-28.77],[144.0,-28.37],[143.25,-28.62],[142.5,-28.29],[141.25,-28.25],[140.0,-28.9],[138.5,-28.98],[137.75,-29.18],[137.25,-29.74],[136.75,-29.73],[136.6,-30.0],[136.75,-31.25],[137.0,-31.45],[137.25,-31.27],[137.25,-31.69],[136.35,-33.5],[135.48,-34.25],[135.5,-34.75],[134.99,-35.5],[135.03,-37.5],[134.62,-37.75],[134.5,-38.96],[136.5,-42.29],[139.75,-45.45],[142.0,-47.02],[147.08,-49.75],[152.5,-51.78],[158.0,-53.27],[161.5,-53.82],[165.5,-53.75],[169.0,-53.03],[173.0,-51.58],[174.59,-50.75],[175.37,-50.0],[175.5,-49.5],[175.24,-48.5],[172.47,-44.75],[172.56,-44.0],[172.25,-43.09],[171.0,-43.24],[170.5,-43.69],[169.0,-44.19],[166.5,-45.59],[165.42,-44.75],[164.52,-43.5],[163.37,-40.25],[163.27,-38.25],[163.74,-35.5],[164.33,-34.0],[164.2,-33.25],[164.38,-32.25],[163.6,-30.25],[163.69,-30.0],[164.75,-29.45],[167.5,-29.78],[168.0,-29.63],[169.75,-30.78],[172.25,-31.35],[172.5,-32.03],[174.0,-33.29],[174.64,-34.5],[177.0,-35.79],[177.69,-35.25],[179.0,-33.09],[180.0,-32.46]]}},{"type":"Feature","properties":{"level":1020},"geometry":{"type":"LineString","coordinates":[[-76.06,-12.0],[-75.83,-11.75],[-76.0,-10.66],[-76.92,-10.0],[-77.0,-9.65],[-77.23,-10.0],[-76.06,-12.0]]}},{"type":"Feature","properties":{"level":1020},"geometry":{"type":"LineString","coordinates":[[143.12,-6.0],[144.15,-6.0],[143.5,-5.37],[143.0,-5.37],[142.75,-5.69],[142.5,-5.55],[142.5,-5.79],[143.12,-6.0]]}},{"type":"Feature","properties":{"level":1020},"geometry":{"type":"LineString","coordinates":[[139.97,-4.75],[140.59,-4.75],[138.25,-3.73],[137.5,-3.89],[136.8,-3.75],[136.63,-4.0],[138.75,-4.42],[139.25,-4.34],[139.97,-4.75]]}},{"type":"Feature","properties":{"level":1020},"geometry":{"type":"LineString","coordinates":[[120.84,22.75],[121.0,22.62],[121.6,23.5],[122.15,25.0],[122.89,26.0],[123.63,26.5],[126.25,29.45],[126.75,31.19],[128.0,32.13],[128.5,33.02],[129.25,33.58],[130.0,33.78],[130.27,33.75],[130.06,33.5],[130.25,33.33],[130.5,33.44],[131.25,32.9],[131.47,33.25],[131.07,33.75],[131.25,33.99],[132.0,34.02],[133.54,34.75],[133.74,35.25],[133.46,35.75],[133.56,36.25],[134.24,36.75],[135.31,38.75],[134.75,39.97],[133.5,40.68],[131.63,42.5],[132.0,42.65],[132.25,43.1],[133.25,42.93],[134.64,43.5],[135.47,44.75],[135.25,45.2],[133.25,44.64],[132.0,43.79],[131.53,44.0],[131.84,44.25],[131.25,44.78],[130.25,44.56],[129.25,43.99],[128.78,44.25],[128.75,44.5],[128.25,44.61],[126.25,43.34],[125.78,42.75],[124.75,42.35],[123.77,41.25],[121.75,39.71],[120.0,38.93],[118.72,37.75],[118.37,37.0],[117.0,36.62],[116.0,35.86],[112.75,34.59],[112.5,34.17],[111.53,34.5],[112.26,35.0],[114.05,35.5],[113.72,36.5],[113.94,37.5],[113.45,37.75],[113.33,38.25],[113.0,38.33],[112.85,37.5],[111.8,36.75],[111.8,35.75],[111.33,35.0],[111.48,34.75],[110.75,34.36],[109.75,34.33],[109.25,33.88],[106.25,34.4],[105.41,34.0],[105.5,33.79],[106.5,34.04],[106.0,33.45],[104.75,33.81],[104.5,33.66],[103.98,34.25],[102.75,34.87],[102.7,35.5],[101.25,35.72],[100.25,34.91],[99.69,35.25],[99.68,36.0],[99.0,36.1],[99.25,35.18],[98.75,35.57],[98.0,35.26],[97.2,35.25],[98.0,35.24],[98.16,34.5],[96.25,34.76],[95.75,34.5],[96.25,33.82],[96.5,34.03],[96.75,33.34],[96.25,33.74],[95.29,33.5],[95.5,33.13],[96.5,32.82],[97.14,32.25],[96.87,31.25],[96.49,31.0],[96.5,30.43],[96.0,30.77],[94.66,31.0],[94.25,31.42],[92.21,30.25],[92.08,29.75],[91.6,29.5],[92.67,29.25],[92.55,29.0],[92.0,29.18],[91.5,28.72],[91.25,28.88],[90.5,28.62],[90.25,29.12],[90.0,28.61],[88.25,28.15],[83.25,29.43],[82.0,30.7],[81.0,30.53],[79.0,31.35],[78.78,32.0],[78.5,31.68],[78.0,32.16],[78.25,32.58],[77.5,32.98],[77.25,33.5],[76.77,33.75],[76.83,34.0],[75.86,34.5],[75.95,35.0],[75.27,35.5],[75.35,35.75],[76.0,35.29],[76.55,35.25],[76.43,34.75],[77.0,34.41],[77.33,34.5],[76.98,34.75],[77.5,34.91],[78.5,34.28],[78.69,34.5],[78.22,34.75],[78.63,35.0],[78.5,35.36],[77.75,35.73],[77.47,36.25],[80.5,35.17],[82.0,35.12],[82.5,35.5],[86.0,36.17],[86.11,36.5],[86.5,36.24],[87.56,36.25],[87.6,36.75],[87.16,37.0],[88.0,37.37],[88.75,37.14],[88.87,38.0],[90.0,38.25],[89.84,38.5],[90.0,38.63],[90.5,38.44],[91.25,38.83],[92.5,38.87],[93.5,39.2],[95.75,38.99],[96.5,39.21],[97.0,38.81],[97.5,39.02],[98.5,38.92],[99.02,38.5],[98.6,38.0],[98.75,37.4],[100.5,37.36],[101.0,37.12],[101.5,37.42],[102.75,36.91],[103.53,37.25],[101.74,38.25],[101.75,38.78],[100.5,38.69],[99.75,39.26],[96.5,40.13],[92.25,39.35],[90.5,39.45],[88.75,38.95],[85.61,37.5],[81.0,36.34],[80.25,36.79],[77.0,37.43],[76.66,37.75],[76.5,38.37],[74.33,39.75],[77.75,40.46],[77.94,40.75],[78.83,40.75],[78.31,41.0],[79.5,41.66],[81.0,41.44],[82.75,42.18],[85.75,41.86],[86.08,42.0],[85.81,42.25],[86.25,42.4],[87.89,42.25],[87.72,42.0],[87.88,41.75],[87.33,41.5],[88.25,41.13],[89.0,41.23],[90.0,40.99],[92.18,41.75],[91.83,42.25],[91.25,42.54],[89.75,42.3],[88.06,42.75],[88.75,43.08],[91.5,43.06],[92.0,43.24],[93.75,43.02],[95.13,42.5],[94.66,41.75],[95.25,41.3],[97.0,40.79],[97.75,41.02],[98.36,42.0],[96.82,43.0],[96.64,43.5],[96.0,43.65],[95.5,43.38],[94.18,44.0],[94.5,44.21],[95.95,44.25],[95.42,45.0],[95.52,45.5],[92.25,47.02],[91.25,47.87],[90.75,48.84],[89.89,49.5],[89.9,50.0],[90.61,50.5],[89.8,50.75],[90.03,51.5],[91.38,51.75],[93.25,52.6],[94.96,53.0],[94.5,53.67],[94.0,53.57],[93.0,54.01],[91.5,54.0],[90.75,54.43],[88.0,54.63],[86.0,54.24],[77.75,54.09],[75.5,53.47],[74.0,52.54],[70.5,52.44],[69.25,52.25],[68.25,51.78],[63.75,51.06],[61.25,50.87],[54.75,51.01],[51.25,50.42],[47.75,50.16],[43.0,50.72],[39.38,51.75],[36.75,52.23],[34.5,53.09],[31.75,53.73],[28.75,53.79],[24.5,54.46],[22.0,54.45],[20.5,54.09],[19.5,53.5],[20.98,52.5],[21.24,51.25],[20.97,50.75],[21.9,50.0],[21.86,49.75],[20.9,49.25],[21.16,49.0],[20.0,48.97],[19.47,48.5],[20.5,48.38],[20.64,48.25],[20.3,48.0],[20.5,47.84],[22.96,47.5],[23.07,47.25],[22.43,46.75],[23.21,46.0],[23.18,45.75],[23.0,45.47],[22.75,45.76],[22.34,45.25],[22.07,44.75],[22.25,44.08],[22.75,44.0],[22.75,44.35],[23.5,43.76],[24.64,43.5],[24.75,43.23],[24.96,43.5],[25.5,43.21],[25.75,43.48],[26.11,43.25],[26.0,43.05],[24.5,42.99],[23.25,42.32],[23.25,42.13],[23.94,42.0],[23.05,41.75],[23.35,41.5],[23.25,41.25],[22.5,41.9],[22.67,41.5],[22.52,41.25],[21.64,41.0],[21.5,40.3],[21.25,40.41],[21.49,40.75],[20.92,41.5],[20.9,42.0],[20.16,42.25],[20.58,42.75],[20.03,43.0],[20.14,43.25],[19.25,44.05],[17.5,44.61],[16.75,44.43],[16.0,45.17],[14.75,45.74],[14.75,46.26],[14.25,46.07],[13.0,46.38],[12.28,46.0],[13.08,46.0],[12.26,45.5],[12.5,45.06],[14.25,44.26],[14.82,43.5],[17.75,41.49],[18.48,40.5],[18.1,39.75],[18.12,39.25],[17.36,38.0],[15.31,36.25],[14.78,33.5],[14.92,32.75],[15.86,31.0],[16.28,29.25],[16.75,28.82],[17.5,29.44],[17.91,28.75],[17.49,28.5],[18.0,28.23],[18.72,28.75],[18.69,29.0],[19.34,29.5],[19.75,30.25],[20.75,30.02],[23.75,30.24],[24.5,30.38],[25.0,30.91],[26.56,31.25],[27.5,30.94],[28.25,30.99],[28.5,31.48],[29.78,32.5],[30.19,33.5],[29.85,34.25],[27.9,35.5],[26.22,37.25],[26.25,38.31],[26.0,38.1],[25.89,38.25],[26.52,39.0],[26.0,39.75],[26.25,39.98],[27.75,39.38],[29.0,39.94],[30.18,40.0],[30.75,40.31],[31.0,40.15],[31.0,40.54],[32.0,40.03],[32.5,40.39],[33.04,40.25],[33.0,39.4],[33.58,39.25],[33.11,39.0],[33.16,38.75],[33.5,38.66],[33.75,38.87],[34.4,38.5],[34.31,38.0],[34.75,37.75],[33.31,37.0],[34.0,36.6],[35.25,37.54],[35.5,38.09],[35.8,38.0],[35.62,38.25],[36.5,38.52],[36.39,38.0],[35.91,37.75],[36.25,37.57],[36.75,37.87],[37.25,37.58],[38.75,37.94],[38.75,38.46],[39.5,38.38],[39.71,38.5],[39.27,38.75],[39.75,39.01],[40.0,38.68],[40.5,38.81],[42.15,38.25],[43.0,39.05],[43.75,39.13],[43.84,39.5],[44.5,39.51],[44.5,39.82],[43.78,40.0],[43.81,40.25],[44.5,40.31],[45.0,39.78],[45.46,39.75],[45.45,39.5],[46.25,38.55],[46.75,38.63],[48.5,38.0],[48.69,37.25],[49.61,36.75],[49.75,36.44],[50.25,36.47],[50.75,36.1],[52.25,35.69],[53.5,35.95],[54.25,36.54],[54.73,36.5],[56.0,37.14],[57.75,37.19],[57.69,37.5],[58.0,37.59],[60.15,36.5],[59.99,37.25],[60.25,37.47],[65.5,38.97],[65.92,39.5],[66.25,39.55],[66.5,39.04],[66.77,39.0],[66.25,38.25],[66.5,37.68],[68.0,38.54],[69.05,38.5],[69.25,38.23],[69.75,38.25],[69.85,38.0],[69.65,36.75],[68.75,35.73],[68.25,36.35],[67.92,36.25],[67.5,36.63],[67.13,36.5],[67.25,35.97],[66.25,35.86],[65.75,36.05],[65.25,35.61],[63.84,35.5],[64.91,35.25],[63.55,34.5],[64.18,34.25],[64.0,33.94],[64.75,33.89],[65.0,33.67],[67.0,34.39],[68.5,34.49],[68.83,34.75],[68.61,35.0],[69.25,35.22],[70.0,35.03],[70.25,35.25],[71.25,35.19],[71.66,36.0],[72.0,36.06],[71.86,35.5],[72.09,35.25],[73.0,35.16],[73.25,34.69],[73.75,34.56],[74.5,34.59],[75.25,33.97],[75.5,33.37],[75.75,33.49],[76.42,32.25],[77.25,31.84],[77.78,31.25],[81.0,29.59],[81.5,29.51],[82.0,29.74],[81.74,29.0],[83.0,28.35],[84.25,28.34],[86.5,27.45],[87.25,27.59],[88.0,27.22],[88.5,27.49],[88.75,27.23],[89.75,27.02],[90.0,27.53],[90.25,27.18],[91.0,27.22],[91.5,27.5],[91.75,27.06],[92.5,27.39],[93.25,28.11],[94.25,28.4],[95.0,29.16],[95.25,28.62],[95.75,28.67],[96.5,28.14],[96.75,27.54],[97.0,27.43],[97.25,27.81],[97.75,27.89],[98.18,27.75],[98.69,27.25],[98.49,26.25],[98.75,26.16],[99.07,27.0],[99.0,27.41],[99.5,27.68],[100.25,26.85],[100.4,27.25],[100.21,27.75],[100.5,28.04],[100.69,27.0],[101.0,26.66],[101.81,27.25],[102.0,28.33],[102.5,28.51],[102.54,27.75],[102.21,27.5],[102.5,27.21],[103.0,27.64],[103.92,27.25],[103.65,26.5],[103.25,26.25],[103.27,25.75],[103.79,25.75],[103.75,24.63],[104.0,24.33],[104.5,25.09],[104.75,24.86],[105.09,25.0],[105.0,24.41],[104.37,24.0],[104.75,23.31],[105.75,23.32],[106.25,23.05],[106.56,23.5],[106.0,23.5],[105.75,24.04],[105.5,23.98],[105.25,24.25],[105.68,24.5],[105.4,24.75],[105.81,25.0],[105.5,25.62],[104.96,25.75],[104.83,26.25],[105.0,26.36],[105.41,26.25],[105.5,25.98],[105.75,26.25],[106.25,25.07],[106.75,25.59],[107.5,25.01],[108.0,25.5],[108.75,25.07],[109.07,25.5],[108.89,25.75],[109.75,25.95],[109.78,25.5],[110.3,25.5],[111.0,24.7],[111.5,24.73],[112.25,24.29],[112.5,24.78],[113.25,24.46],[113.44,25.0],[113.73,25.0],[113.64,24.5],[114.25,23.93],[116.5,25.19],[116.86,25.0],[117.21,24.0],[117.5,23.92],[118.75,24.81],[120.75,25.59],[121.38,25.25],[121.12,24.0],[120.78,23.5],[120.84,22.75]]}},{"type":"Feature","properties":{"level":1020},"geometry":{"type":"LineString","coordinates":[[111.5,24.91],[111.5,25.09],[111.5,24.91]]}},{"type":"Feature","properties":{"level":1020},"geometry":{"type":"LineString","coordinates":[[106.5,27.2],[105.25,27.88],[104.75,27.66],[104.5,27.8],[102.94,30.0],[103.66,31.0],[105.75,32.8],[106.0,32.33],[106.93,32.25],[106.97,32.0],[107.46,32.0],[108.0,31.45],[109.0,31.14],[109.77,31.25],[109.75,30.99],[108.5,30.57],[107.27,29.25],[107.25,28.56],[107.5,29.01],[107.61,28.5],[107.25,28.35],[106.89,28.5],[106.87,28.0],[107.32,27.75],[106.92,27.25],[106.5,27.2]]}},{"type":"Feature","properties":{"level":1020},"geometry":{"type":"LineString","coordinates":[[-29.03,27.5],[-26.0,27.46],[-25.25,27.78],[-20.75,28.62],[-19.25,29.37],[-17.75,29.8],[-15.25,31.68],[-11.97,36.5],[-10.95,41.25],[-9.45,43.0],[-8.66,43.25],[-5.92,48.25],[-4.0,49.88],[-3.75,50.33],[-1.09,51.5],[-0.48,52.0],[-0.25,52.74],[2.51,55.5],[2.97,56.25],[2.5,56.42],[2.11,57.0],[0.0,57.62],[-1.5,57.66],[-3.0,57.17],[-3.41,57.25],[-3.75,57.69],[-4.25,57.56],[-5.5,57.87],[-15.75,58.26],[-19.12,57.75],[-20.62,57.0],[-21.54,55.5],[-23.13,53.75],[-31.75,49.57],[-35.44,46.75],[-37.34,44.75],[-38.92,41.75],[-39.88,34.75],[-39.67,33.75],[-38.11,33.25],[-36.75,32.4],[-36.2,31.25],[-35.0,30.75],[-34.5,29.88],[-33.25,29.62],[-32.58,29.25],[-32.25,28.76],[-32.0,28.92],[-29.03,27.5]]}},{"type":"Feature","properties":{"level":1020},"geometry":{"type":"LineString","coordinates":[[109.75,27.7],[110.0,28.1],[110.25,28.05],[110.0,27.65],[109.75,27.7]]}},{"type":"Feature","properties":{"level":1020},"geometry":{"type":"LineString","coordinates":[[-180.0,28.26],[-177.25,28.65],[-174.0,30.67],[-172.75,32.16],[-171.75,32.72],[-171.35,33.5],[-170.0,34.25],[-170.0,34.95],[-168.63,35.5],[-168.28,36.0],[-166.77,37.0],[-161.5,41.51],[-161.0,41.81],[-160.39,41.75],[-160.17,42.0],[-160.75,41.77],[-160.79,42.0],[-160.24,42.75],[-157.07,44.75],[-156.78,45.25],[-154.94,46.0],[-155.59,46.25],[-155.55,46.5],[-154.79,47.0],[-154.65,47.75],[-152.08,48.75],[-154.47,49.25],[-155.0,49.81],[-158.0,51.0],[-159.5,52.28],[-161.0,53.13],[-161.5,54.02],[-162.49,55.0],[-162.0,55.54],[-162.86,55.75],[-165.0,57.66],[-167.5,58.12],[-171.75,55.69],[-172.75,55.42],[-173.02,55.0],[-173.86,54.5],[-173.72,54.25],[-174.5,53.45],[-175.25,53.37],[-180.0,49.08]]}},{"type":"Feature","properties":{"level":1020},"geometry":{"type":"LineString","coordinates":[[57.18,29.25],[57.59,29.25],[57.25,29.63],[56.41,29.5],[57.18,29.25]]}},{"type":"Feature","properties":{"level":1020},"geometry":{"type":"LineString","coordinates":[[90.47,29.5],[90.62,29.75],[90.43,30.0],[90.91,30.5],[90.75,30.59],[89.99,30.0],[90.47,29.5]]}},{"type":"Feature","properties":{"level":1020},"geometry":{"type":"LineString","coordinates":[[50.23,32.0],[50.41,32.25],[50.14,33.0],[49.25,33.38],[49.12,33.25],[49.5,32.84],[49.75,32.9],[49.77,32.5],[50.23,32.0]]}},{"type":"Feature","properties":{"level":1020},"geometry":{"type":"LineString","coordinates":[[112.0,31.96],[111.23,32.5],[111.96,32.5],[112.0,31.96]]}},{"type":"Feature","properties":{"level":1020},"geometry":{"type":"LineString","coordinates":[[93.98,32.25],[94.5,32.04],[95.0,32.05],[95.1,32.25],[94.25,32.7],[92.11,32.75],[93.98,32.25]]}},{"type":"Feature","properties":{"level":1020},"geometry":{"type":"LineString","coordinates":[[108.25,32.4],[108.0,32.8],[106.34,33.0],[106.35,33.25],[108.0,33.35],[109.55,32.75],[109.25,32.43],[108.25,32.4]]}},{"type":"Feature","properties":{"level":1020},"geometry":{"type":"LineString","coordinates":[[66.88,33.5],[67.0,33.34],[67.25,33.61],[67.5,33.41],[68.0,33.75],[67.75,34.17],[66.88,33.5]]}},{"type":"Feature","properties":{"level":1020},"geometry":{"type":"LineString","coordinates":[[74.42,33.5],[75.11,33.5],[74.0,34.37],[73.91,34.0],[74.42,33.5]]}},{"type":"Feature","properties":{"level":1020},"geometry":{"type":"LineString","coordinates":[[133.73,34.0],[134.03,34.0],[133.73,34.0]]}},{"type":"Feature","properties":{"level":1020},"geometry":{"type":"LineString","coordinates":[[46.0,34.5],[46.25,34.41],[46.78,35.25],[46.93,35.75],[46.75,36.1],[46.28,35.75],[46.64,35.5],[46.57,35.25],[46.25,35.22],[46.0,34.5]]}},{"type":"Feature","properties":{"level":1020},"geometry":{"type":"LineString","coordinates":[[131.25,34.43],[131.05,34.5],[131.25,34.43]]}},{"type":"Feature","properties":{"level":1020},"geometry":{"type":"LineString","coordinates":[[-79.56,35.25],[-76.75,35.77],[-76.0,36.19],[-73.5,36.37],[-71.75,36.06],[-68.25,36.45],[-66.0,37.1],[-65.59,37.5],[-65.38,38.25],[-66.6,39.0],[-67.34,40.0],[-67.35,40.5],[-68.12,41.0],[-71.75,42.29],[-72.25,43.82],[-73.0,43.08],[-73.52,43.5],[-74.05,43.0],[-74.25,42.06],[-75.25,42.23],[-76.0,41.37],[-77.0,41.34],[-77.25,40.78],[-78.25,40.62],[-78.4,39.75],[-77.88,39.0],[-78.17,38.5],[-78.51,38.5],[-78.75,38.79],[-79.0,38.39],[-79.75,38.49],[-81.0,37.81],[-81.41,36.25],[-81.9,35.75],[-81.5,35.5],[-79.56,35.25]]}},{"type":"Feature","properties":{"level":1020},"geometry":{"type":"LineString","coordinates":[[73.25,35.17],[73.15,35.5],[73.89,36.0],[73.05,36.25],[73.25,36.64],[74.75,36.3],[74.56,36.0],[74.86,35.75],[74.8,35.5],[74.25,35.24],[73.5,35.39],[73.25,35.17]]}},{"type":"Feature","properties":{"level":1020},"geometry":{"type":"LineString","coordinates":[[110.98,35.75],[111.33,36.25],[111.5,37.25],[112.09,37.75],[111.5,38.21],[111.02,37.0],[110.98,35.75]]}},{"type":"Feature","properties":{"level":1020},"geometry":{"type":"LineString","coordinates":[[-118.5,36.25],[-118.22,36.25],[-118.44,37.0],[-118.81,37.75],[-119.5,38.32],[-119.49,37.75],[-118.5,36.25]]}},{"type":"Feature","properties":{"level":1020},"geometry":{"type":"LineString","coordinates":[[32.41,36.25],[33.26,36.25],[32.75,36.37],[32.25,37.05],[31.68,37.0],[32.41,36.25]]}},{"type":"Feature","properties":{"level":1020},"geometry":{"type":"LineString","coordinates":[[52.5,36.5],[53.01,37.25],[52.91,38.0],[53.5,38.28],[53.83,38.75],[55.0,38.84],[55.83,38.25],[55.45,37.25],[55.0,36.97],[54.0,36.91],[53.0,36.38],[52.5,36.5]]}},{"type":"Feature","properties":{"level":1020},"geometry":{"type":"LineString","coordinates":[[-106.38,36.75],[-105.25,36.54],[-104.99,37.25],[-105.25,38.06],[-105.59,38.25],[-105.0,39.08],[-105.38,39.5],[-105.5,40.58],[-106.25,41.55],[-107.25,41.25],[-107.29,40.75],[-107.69,40.5],[-108.05,39.5],[-108.0,39.0],[-107.6,38.75],[-108.25,38.19],[-108.39,37.75],[-108.25,37.49],[-107.0,37.16],[-106.38,36.75]]}},{"type":"Feature","properties":{"level":1020},"geometry":{"type":"LineString","coordinates":[[75.25,37.19],[75.0,37.46],[74.75,37.28],[74.01,37.5],[74.24,37.75],[73.73,38.25],[74.0,38.62],[75.0,38.57],[75.03,38.25],[75.6,38.0],[75.61,37.5],[75.25,37.19]]}},{"type":"Feature","properties":{"level":1020},"geometry":{"type":"LineString","coordinates":[[90.75,37.25],[91.41,37.25],[91.32,37.5],[90.3,37.75],[90.75,37.25]]}},{"type":"Feature","properties":{"level":1020},"geometry":{"type":"LineString","coordinates":[[-139.54,38.5],[-135.75,38.36],[-132.75,39.35],[-132.0,39.81],[-130.5,40.93],[-125.57,46.25],[-124.97,48.25],[-125.11,48.5],[-124.0,47.88],[-123.25,47.82],[-123.0,47.58],[-122.84,47.75],[-122.76,48.0],[-124.0,49.19],[-124.06,49.5],[-123.75,49.5],[-123.5,49.87],[-123.3,49.5],[-123.03,49.5],[-122.98,50.0],[-122.6,50.0],[-122.5,49.51],[-122.96,49.5],[-122.16,49.25],[-122.34,48.5],[-122.0,47.78],[-121.0,48.61],[-120.87,49.25],[-120.34,49.5],[-120.39,50.25],[-121.25,50.54],[-122.0,49.84],[-122.35,50.25],[-122.06,50.75],[-122.32,51.25],[-122.0,51.17],[-121.75,51.4],[-121.25,51.11],[-120.75,51.48],[-120.25,50.98],[-119.75,51.1],[-119.15,51.5],[-119.0,52.23],[-118.75,52.29],[-118.91,51.75],[-118.35,51.25],[-118.75,51.01],[-119.0,51.35],[-119.49,50.75],[-119.25,50.55],[-119.0,50.91],[-118.25,50.87],[-118.17,50.0],[-117.89,50.0],[-117.63,50.25],[-117.63,50.75],[-118.36,51.75],[-117.69,52.25],[-118.0,52.29],[-118.28,52.75],[-117.75,52.68],[-117.82,53.0],[-118.87,53.5],[-118.93,54.0],[-119.25,54.08],[-119.46,54.5],[-120.25,54.48],[-120.9,54.75],[-120.9,55.0],[-123.25,55.89],[-123.37,56.75],[-124.0,57.18],[-124.75,57.18],[-124.75,57.38],[-124.5,57.26],[-124.23,57.5],[-125.23,58.25],[-126.0,58.11],[-126.01,57.75],[-126.25,57.69],[-126.91,57.75],[-127.75,58.3],[-128.64,58.25],[-128.83,58.0],[-128.25,57.28],[-128.25,56.57],[-128.68,56.75],[-128.78,57.25],[-129.3,57.75],[-128.84,58.5],[-129.1,58.5],[-129.75,57.49],[-130.25,57.6],[-131.25,57.18],[-131.75,57.68],[-132.38,56.75],[-131.54,55.75],[-131.57,55.0],[-131.2,55.0],[-131.11,54.75],[-131.16,53.5],[-131.5,53.04],[-132.5,53.24],[-133.0,52.1],[-133.75,52.17],[-134.5,51.8],[-135.0,52.34],[-136.0,52.56],[-136.32,52.25],[-136.25,51.92],[-137.53,51.5],[-138.56,50.0],[-139.75,49.57],[-140.31,49.0],[-140.0,48.71],[-138.75,49.48],[-137.5,49.61],[-136.82,50.25],[-136.57,51.25],[-135.75,51.86],[-135.11,51.75],[-135.35,51.0],[-134.75,50.78],[-132.5,51.84],[-130.5,51.59],[-129.86,50.75],[-130.01,50.25],[-131.0,49.58],[-135.59,48.0],[-138.99,46.25],[-140.1,45.5],[-141.95,43.25],[-142.75,41.0],[-142.55,40.25],[-142.77,39.5],[-139.54,38.5]]}},{"type":"Feature","properties":{"level":1020},"geometry":{"type":"LineString","coordinates":[[37.75,38.46],[37.54,38.5],[38.5,38.84],[38.72,38.5],[38.0,38.26],[37.75,38.46]]}},{"type":"Feature","properties":{"level":1020},"geometry":{"type":"LineString","coordinates":[[41.75,38.68],[41.44,39.0],[43.07,39.75],[42.84,39.25],[41.75,38.68]]}},{"type":"Feature","properties":{"level":1020},"geometry":{"type":"LineString","coordinates":[[113.2,38.75],[113.75,38.63],[114.0,39.05],[114.75,39.32],[115.14,39.75],[115.0,39.9],[113.5,39.53],[113.07,39.25],[113.2,38.75]]}},{"type":"Feature","properties":{"level":1020},"geometry":{"type":"LineString","coordinates":[[-111.23,40.0],[-111.0,39.91],[-110.81,40.25],[-109.46,40.75],[-110.5,41.24],[-111.5,41.03],[-111.54,40.5],[-111.23,40.0]]}},{"type":"Feature","properties":{"level":1020},"geometry":{"type":"LineString","coordinates":[[70.5,40.5],[70.85,40.5],[70.5,40.5]]}},{"type":"Feature","properties":{"level":1020},"geometry":{"type":"LineString","coordinates":[[31.75,40.63],[31.53,40.75],[31.75,40.94],[33.5,41.68],[33.67,41.25],[33.21,40.75],[31.75,40.63]]}},{"type":"Feature","properties":{"level":1020},"geometry":{"type":"LineString","coordinates":[[-110.99,42.25],[-110.5,42.25],[-110.37,42.75],[-110.0,43.03],[-109.0,42.63],[-109.45,43.5],[-109.14,43.75],[-109.45,45.0],[-110.25,45.56],[-112.0,45.52],[-111.86,44.75],[-112.26,44.5],[-111.05,44.0],[-110.99,43.75],[-111.67,43.25],[-110.99,42.25]]}},{"type":"Feature","properties":{"level":1020},"geometry":{"type":"LineString","coordinates":[[131.0,42.16],[130.77,42.25],[131.0,42.43],[131.0,42.16]]}},{"type":"Feature","properties":{"level":1020},"geometry":{"type":"LineString","coordinates":[[-115.08,43.75],[-114.75,43.6],[-114.08,43.75],[-114.14,44.75],[-113.71,44.75],[-113.5,44.3],[-112.88,45.5],[-112.8,46.0],[-113.25,46.5],[-113.0,46.8],[-112.5,46.69],[-112.5,46.93],[-112.93,47.25],[-112.92,48.0],[-113.25,48.35],[-113.75,48.21],[-113.57,47.75],[-114.0,47.02],[-114.25,47.18],[-116.05,46.75],[-115.23,46.5],[-115.45,45.75],[-116.06,45.5],[-116.03,45.0],[-115.95,44.5],[-114.99,44.0],[-115.08,43.75]]}},{"type":"Feature","properties":{"level":1020},"geometry":{"type":"LineString","coordinates":[[24.25,45.73],[23.94,46.0],[24.35,46.0],[24.25,45.73]]}},{"type":"Feature","properties":{"level":1020},"geometry":{"type":"LineString","coordinates":[[131.86,45.75],[132.5,45.9],[133.7,47.0],[133.04,47.25],[132.66,48.5],[133.57,49.0],[134.96,50.75],[134.48,51.0],[134.66,53.0],[133.5,52.84],[130.89,54.0],[130.05,55.0],[131.71,55.75],[130.3,56.25],[129.83,57.0],[129.03,57.5],[130.01,58.0],[129.76,58.25],[128.0,58.84],[126.06,60.25],[121.5,62.75],[117.3,64.75],[113.5,66.1],[108.0,66.78],[107.0,66.28],[105.75,66.26],[105.5,65.97],[104.75,65.78],[102.5,65.93],[102.19,65.75],[102.75,65.51],[102.84,65.0],[102.34,64.5],[102.57,64.0],[102.11,63.5],[101.39,63.25],[102.15,63.0],[102.15,62.75],[103.27,61.5],[103.0,60.75],[103.64,59.0],[103.45,57.75],[104.22,57.25],[104.41,55.75],[104.23,55.0],[104.71,54.5],[104.75,53.63],[105.79,53.25],[105.17,52.5],[105.14,52.0],[107.0,52.79],[107.28,52.75],[106.75,52.08],[106.25,52.03],[106.25,51.65],[108.5,52.36],[110.25,52.6],[111.5,52.4],[111.4,52.0],[111.75,51.87],[112.25,52.73],[112.87,52.5],[113.06,52.0],[112.82,51.75],[114.25,50.36],[115.0,50.37],[115.5,50.78],[116.5,51.01],[117.25,50.55],[117.35,50.25],[118.25,49.97],[119.0,50.15],[119.75,50.72],[120.75,50.79],[120.92,50.25],[120.76,49.75],[121.53,49.0],[121.56,47.5],[121.99,47.25],[124.25,47.67],[127.5,47.67],[129.0,47.22],[129.5,46.45],[130.5,46.6],[131.86,45.75]]}},{"type":"Feature","properties":{"level":1020},"geometry":{"type":"LineString","coordinates":[[-125.5,48.67],[-125.19,48.75],[-125.25,48.52],[-125.5,48.67]]}},{"type":"Feature","properties":{"level":1020},"geometry":{"type":"LineString","coordinates":[[-126.0,48.98],[-126.0,49.29],[-125.65,49.0],[-126.0,48.98]]}},{"type":"Feature","properties":{"level":1020},"geometry":{"type":"LineString","coordinates":[[-114.59,49.0],[-114.18,49.25],[-114.25,50.59],[-113.0,48.82],[-112.75,49.3],[-111.0,49.83],[-108.25,49.41],[-107.95,49.5],[-107.61,50.25],[-108.38,50.25],[-109.0,49.9],[-109.25,50.17],[-111.5,50.43],[-111.5,51.08],[-112.22,51.25],[-112.0,51.47],[-111.5,51.27],[-109.59,51.75],[-109.66,52.25],[-110.5,52.81],[-112.5,53.28],[-113.0,53.62],[-113.5,53.41],[-114.75,53.52],[-115.5,54.16],[-116.25,53.97],[-117.75,54.08],[-117.59,53.5],[-116.75,53.14],[-116.25,52.29],[-115.25,51.5],[-116.05,51.25],[-115.41,51.0],[-115.2,50.5],[-115.44,50.25],[-114.59,49.0]]}},{"type":"Feature","properties":{"level":1020},"geometry":{"type":"LineString","coordinates":[[180.0,49.08],[177.5,47.53],[173.41,45.5],[170.26,42.75],[169.56,42.0],[169.45,41.5],[168.5,40.71],[167.68,39.0],[166.79,38.0],[166.54,37.0],[166.71,36.5],[166.17,34.75],[169.2,31.25],[172.25,29.17],[175.75,28.14],[177.25,28.03],[180.0,28.26]]}},{"type":"Feature","properties":{"level":1020},"geometry":{"type":"LineString","coordinates":[[-124.5,49.74],[-124.25,49.75],[-124.5,49.74]]}},{"type":"Feature","properties":{"level":1020},"geometry":{"type":"LineString","coordinates":[[-117.21,50.0],[-117.0,49.82],[-116.85,50.0],[-117.0,51.0],[-116.75,51.13],[-116.0,50.37],[-115.75,50.29],[-115.66,50.5],[-117.5,51.82],[-117.65,51.75],[-117.0,51.0],[-117.33,50.75],[-117.08,50.25],[-117.21,50.0]]}},{"type":"Feature","properties":{"level":1020},"geometry":{"type":"LineString","coordinates":[[-138.53,51.5],[-138.25,51.36],[-138.11,51.75],[-138.53,51.5]]}},{"type":"Feature","properties":{"level":1020},"geometry":{"type":"LineString","coordinates":[[-138.07,52.0],[-138.0,51.81],[-137.75,52.13],[-138.07,52.0]]}},{"type":"Feature","properties":{"level":1020},"geometry":{"type":"LineString","coordinates":[[108.0,52.96],[107.84,53.0],[108.0,52.96]]}},{"type":"Feature","properties":{"level":1020},"geometry":{"type":"LineString","coordinates":[[-175.1,53.75],[-174.79,53.75],[-175.1,53.75]]}},{"type":"Feature","properties":{"level":1020},"geometry":{"type":"LineString","coordinates":[[-42.9,64.5],[-42.25,64.41],[-41.28,65.25],[-41.96,65.75],[-41.5,66.15],[-39.0,66.19],[-38.86,66.5],[-39.16,66.75],[-38.5,67.18],[-35.75,66.87],[-35.0,67.03],[-34.0,67.63],[-33.75,68.03],[-32.25,68.15],[-32.16,68.75],[-31.26,69.25],[-30.97,69.25],[-30.79,68.75],[-30.5,68.71],[-29.75,69.07],[-28.5,68.84],[-28.19,69.0],[-28.72,69.25],[-28.56,69.5],[-28.75,69.83],[-28.25,70.02],[-27.5,69.88],[-27.25,70.46],[-26.65,70.75],[-27.32,71.25],[-27.62,71.75],[-27.5,71.9],[-25.79,72.0],[-25.73,72.25],[-26.4,72.75],[-25.75,73.07],[-25.25,72.91],[-25.03,73.25],[-25.75,73.53],[-24.75,73.9],[-24.74,74.25],[-23.75,74.43],[-22.71,75.25],[-23.0,75.73],[-23.49,75.75],[-23.49,76.25],[-24.5,76.5],[-23.95,77.0],[-24.0,77.2],[-24.76,77.5],[-23.19,78.5],[-28.5,80.78],[-31.32,81.25],[-30.47,81.5],[-31.75,81.53],[-32.0,81.25],[-33.75,81.46],[-34.64,82.0],[-33.02,82.25],[-33.25,82.52],[-38.5,83.15],[-40.5,82.87],[-44.0,83.09],[-47.25,82.64],[-48.89,82.75],[-54.0,82.18],[-55.0,82.32],[-59.0,82.04],[-60.68,81.75],[-62.0,81.2],[-63.0,81.3],[-65.25,80.93],[-65.5,80.62],[-66.25,80.56],[-66.29,80.25],[-62.47,79.75],[-69.01,78.0],[-68.25,77.66],[-66.75,77.53],[-68.34,77.25],[-68.24,77.0],[-67.25,76.55],[-61.25,76.63],[-58.0,76.15],[-56.75,75.73],[-55.5,76.09],[-54.5,75.95],[-53.96,75.5],[-54.75,74.97],[-51.5,72.65],[-50.0,71.97],[-47.25,72.1],[-44.38,70.5],[-44.37,70.25],[-45.45,70.0],[-45.46,69.75],[-43.21,68.25],[-42.99,67.5],[-43.74,66.25],[-44.51,65.75],[-42.88,65.0],[-42.9,64.5]]}},{"type":"Feature","properties":{"level":1020},"geometry":{"type":"LineString","coordinates":[[128.01,65.25],[129.17,65.25],[128.01,65.25]]}},{"type":"Feature","properties":{"level":1020},"geometry":{"type":"LineString","coordinates":[[-155.98,67.5],[-154.5,67.47],[-153.25,68.04],[-151.75,68.03],[-151.0,68.41],[-150.12,68.5],[-150.5,68.83],[-153.76,69.25],[-153.0,69.62],[-150.5,70.1],[-146.75,70.36],[-140.0,70.01],[-134.25,70.5],[-131.07,71.0],[-126.25,72.36],[-125.5,72.06],[-122.75,72.12],[-122.39,72.25],[-122.63,72.5],[-122.45,72.75],[-121.15,73.5],[-121.45,74.0],[-122.5,74.07],[-124.75,73.67],[-135.87,77.25],[-142.37,80.75],[-142.75,81.25],[-142.7,81.5],[-141.25,82.34],[-138.0,83.01],[-114.0,84.7],[-111.25,85.1],[-109.48,85.75],[-110.5,86.29],[-113.93,86.75],[-129.0,87.11],[-148.75,86.78],[-154.25,86.34],[-157.42,85.75],[-158.19,85.25],[-158.3,84.75],[-155.72,83.25],[-155.25,82.68],[-155.08,82.0],[-155.76,81.25],[-155.82,80.75],[-157.44,79.0],[-163.26,75.25],[-164.32,74.25],[-164.84,73.0],[-164.26,72.25],[-159.75,69.75],[-160.45,69.25],[-160.5,68.44],[-160.0,68.67],[-157.75,68.36],[-157.25,68.48],[-156.97,67.75],[-155.98,67.5]]}},{"type":"Feature","properties":{"level":1020},"geometry":{"type":"LineString","coordinates":[[94.39,68.75],[95.18,68.75],[94.75,68.76],[94.5,69.27],[93.74,69.25],[93.75,68.88],[94.39,68.75]]}},{"type":"Feature","properties":{"level":1020},"geometry":{"type":"LineString","coordinates":[[-26.94,69.75],[-26.25,69.59],[-25.91,69.75],[-25.9,70.0],[-26.75,70.18],[-27.12,70.0],[-26.94,69.75]]}},{"type":"Feature","properties":{"level":1020},"geometry":{"type":"LineString","coordinates":[[-76.11,71.25],[-76.0,71.05],[-74.15,71.25],[-76.11,71.25]]}},{"type":"Feature","properties":{"level":1020},"geometry":{"type":"LineString","coordinates":[[-82.3,77.0],[-82.0,76.84],[-80.73,77.25],[-82.25,77.61],[-82.8,77.25],[-82.3,77.0]]}},{"type":"Feature","properties":{"level":1020},"geometry":{"type":"LineString","coordinates":[[-80.0,77.75],[-79.0,77.62],[-78.25,78.11],[-75.07,78.75],[-75.75,78.81],[-76.5,79.21],[-77.31,79.0],[-77.24,79.25],[-78.0,79.4],[-81.76,79.25],[-78.61,79.0],[-80.5,78.82],[-81.19,78.0],[-80.0,77.75]]}},{"type":"Feature","properties":{"level":1020},"geometry":{"type":"LineString","coordinates":[[-83.06,78.0],[-82.87,78.0],[-83.06,78.0]]}},{"type":"Feature","properties":{"level":1020},"geometry":{"type":"LineString","coordinates":[[-74.99,79.75],[-71.0,79.92],[-65.67,81.25],[-66.91,81.5],[-66.75,81.59],[-65.5,81.53],[-62.37,82.0],[-64.5,82.5],[-68.25,82.46],[-68.5,82.76],[-76.25,82.78],[-81.0,82.28],[-82.0,82.44],[-85.75,82.12],[-88.63,81.5],[-86.25,80.95],[-85.5,81.17],[-82.0,80.84],[-80.5,81.18],[-79.75,80.88],[-78.25,80.8],[-74.0,81.16],[-73.25,80.96],[-72.0,81.12],[-71.32,81.0],[-71.23,80.75],[-73.25,80.55],[-74.0,79.88],[-74.99,79.75]]}},{"type":"Feature","properties":{"level":1020},"geometry":{"type":"LineString","coordinates":[[-70.25,80.74],[-69.75,80.93],[-69.05,80.75],[-70.25,80.74]]}},{"type":"Feature","properties":{"level":1020},"geometry":{"type":"LineString","coordinates":[[-72.0,81.73],[-70.9,81.75],[-72.0,81.73]]}},{"type":"Feature","properties":{"level":1024},"geometry":{"type":"LineString","coordinates":[[83.24,-88.75],[97.75,-88.73],[103.5,-88.47],[107.16,-88.0],[105.49,-87.0],[105.4,-86.0],[105.03,-85.5],[105.35,-84.75],[107.27,-84.0],[111.58,-83.0],[111.19,-82.5],[111.5,-82.39],[116.06,-82.0],[116.66,-81.75],[117.07,-81.25],[116.25,-80.5],[115.0,-80.33],[106.75,-81.23],[101.75,-80.68],[98.28,-79.5],[96.5,-79.2],[85.0,-78.92],[82.75,-79.07],[77.75,-79.84],[75.99,-80.5],[72.0,-81.41],[70.25,-81.24],[63.95,-81.75],[63.83,-82.0],[62.58,-82.5],[64.21,-83.0],[67.72,-83.5],[67.84,-83.75],[63.75,-84.16],[61.17,-84.75],[65.23,-85.5],[59.9,-86.25],[60.82,-86.75],[55.12,-87.75],[65.5,-88.42],[83.24,-88.75]]}},{"type":"Feature","properties":{"level":1024},"geometry":{"type":"LineString","coordinates":[[53.88,-81.5],[55.75,-81.73],[58.51,-81.5],[56.0,-81.32],[53.88,-81.5]]}},{"type":"Feature","properties":{"level":1024},"geometry":{"type":"LineString","coordinates":[[53.15,-81.0],[56.0,-81.13],[56.84,-81.0],[56.98,-80.75],[50.31,-79.25],[48.75,-78.59],[45.0,-77.69],[44.45,-77.75],[43.92,-78.75],[45.0,-79.52],[48.25,-80.63],[53.15,-81.0]]}},{"type":"Feature","properties":{"level":1024},"geometry":{"type":"LineString","coordinates":[[125.71,-79.5],[126.72,-79.5],[125.71,-79.5]]}},{"type":"Feature","properties":{"level":1024},"geometry":{"type":"LineString","coordinates":[[-82.56,-52.25],[-80.5,-52.49],[-76.75,-52.4],[-75.0,-52.09],[-74.5,-51.59],[-74.0,-51.92],[-73.75,-51.47],[-73.5,-52.1],[-73.25,-51.38],[-72.19,-51.0],[-73.0,-50.78],[-72.91,-49.5],[-73.25,-48.48],[-73.63,-48.75],[-73.97,-50.0],[-74.47,-50.5],[-74.75,-51.36],[-75.25,-51.44],[-75.65,-51.0],[-75.25,-50.7],[-76.25,-50.36],[-77.76,-49.0],[-81.11,-44.5],[-85.42,-40.25],[-89.25,-35.21],[-91.28,-33.75],[-93.25,-33.0],[-93.75,-33.17],[-95.0,-31.84],[-95.25,-31.23],[-96.38,-31.75],[-97.0,-30.64],[-97.58,-31.75],[-98.25,-32.0],[-98.8,-32.75],[-98.74,-33.25],[-100.5,-35.14],[-101.37,-36.5],[-101.57,-38.25],[-100.96,-40.5],[-100.09,-42.0],[-94.89,-47.25],[-93.0,-48.5],[-91.0,-49.59],[-87.02,-51.25],[-82.56,-52.25]]}},{"type":"Feature","properties":{"level":1024},"geometry":{"type":"LineString","coordinates":[[159.46,-52.0],[161.75,-52.21],[164.5,-52.06],[167.97,-51.0],[170.5,-49.42],[170.66,-49.0],[170.49,-47.25],[170.0,-46.25],[169.25,-46.16],[168.75,-45.69],[167.5,-45.56],[166.75,-46.14],[166.0,-46.12],[164.68,-45.5],[163.56,-44.5],[162.53,-43.0],[161.87,-41.5],[160.88,-37.0],[160.98,-33.5],[160.68,-32.25],[159.96,-31.0],[158.25,-29.09],[156.25,-27.52],[153.75,-26.59],[152.25,-25.76],[151.25,-25.97],[151.02,-26.25],[151.5,-26.48],[151.54,-27.0],[151.0,-26.9],[150.78,-27.5],[151.0,-27.75],[150.75,-28.17],[149.58,-29.0],[149.43,-29.5],[148.74,-30.25],[147.5,-30.74],[146.42,-31.5],[145.75,-34.08],[145.5,-33.82],[144.98,-34.0],[144.5,-34.96],[144.0,-35.18],[143.04,-35.25],[142.25,-34.76],[141.75,-34.94],[141.5,-35.39],[141.0,-35.41],[140.73,-37.0],[140.42,-37.5],[140.58,-38.25],[139.39,-41.0],[139.45,-41.5],[140.48,-43.25],[141.5,-44.28],[145.07,-47.0],[147.71,-48.5],[153.0,-50.5],[159.46,-52.0]]}},{"type":"Feature","properties":{"level":1024},"geometry":{"type":"LineString","coordinates":[[-64.62,-51.25],[-62.5,-51.23],[-61.82,-50.75],[-61.47,-47.25],[-59.9,-46.0],[-60.0,-45.5],[-61.03,-45.25],[-59.25,-44.75],[-59.25,-44.42],[-59.85,-44.25],[-59.71,-44.0],[-58.31,-43.5],[-58.25,-43.25],[-58.68,-42.75],[-64.75,-41.82],[-66.25,-41.27],[-67.87,-42.25],[-67.41,-43.25],[-68.85,-45.75],[-68.18,-46.25],[-69.16,-47.0],[-68.11,-47.75],[-68.06,-48.75],[-67.53,-49.0],[-67.46,-50.0],[-66.5,-50.67],[-64.62,-51.25]]}},{"type":"Feature","properties":{"level":1024},"geometry":{"type":"LineString","coordinates":[[68.61,-49.25],[69.25,-48.83],[72.25,-48.84],[75.5,-48.43],[81.25,-46.75],[88.38,-42.75],[92.0,-40.15],[94.74,-38.5],[95.52,-38.25],[95.68,-37.75],[98.5,-36.58],[101.54,-34.75],[103.36,-33.25],[103.65,-32.0],[103.39,-31.25],[103.61,-30.75],[101.41,-28.25],[101.21,-27.25],[101.66,-26.25],[101.28,-25.0],[100.73,-24.5],[100.41,-23.75],[97.25,-21.99],[95.0,-22.04],[93.0,-22.67],[92.0,-22.23],[89.0,-21.81],[86.39,-22.75],[85.0,-23.96],[84.0,-24.26],[83.25,-24.17],[82.0,-24.66],[79.0,-26.64],[75.5,-27.65],[69.75,-28.8],[67.0,-28.69],[65.0,-27.74],[64.5,-27.23],[62.5,-26.72],[56.75,-26.32],[56.0,-26.72],[54.25,-26.93],[49.5,-28.74],[47.57,-30.0],[44.47,-33.0],[44.11,-34.0],[44.2,-36.0],[45.4,-38.25],[48.49,-41.75],[51.55,-44.25],[54.5,-45.79],[57.75,-46.96],[62.0,-48.03],[68.0,-48.94],[68.61,-49.25]]}},{"type":"Feature","properties":{"level":1024},"geometry":{"type":"LineString","coordinates":[[-164.59,-46.25],[-161.75,-46.32],[-159.0,-45.81],[-156.0,-44.79],[-153.99,-43.5],[-150.25,-39.96],[-147.39,-36.75],[-145.18,-33.0],[-145.0,-31.98],[-144.65,-31.5],[-144.75,-30.4],[-146.9,-28.5],[-148.5,-27.75],[-149.5,-27.69],[-150.8,-27.0],[-154.25,-26.46],[-156.75,-26.37],[-159.25,-26.6],[-159.75,-26.44],[-161.75,-26.73],[-163.0,-26.45],[-168.0,-28.16],[-168.5,-28.01],[-169.0,-28.98],[-169.0,-29.77],[-170.0,-30.57],[-172.39,-33.5],[-174.01,-36.75],[-175.19,-38.25],[-175.86,-40.75],[-175.28,-42.5],[-174.54,-43.25],[-172.95,-44.25],[-171.25,-44.97],[-167.75,-45.92],[-164.59,-46.25]]}},{"type":"Feature","properties":{"level":1024},"geometry":{"type":"LineString","coordinates":[[41.13,-46.0],[42.99,-46.0],[44.54,-45.25],[44.63,-45.0],[44.25,-44.81],[44.19,-44.5],[44.51,-44.0],[44.17,-43.75],[43.87,-43.0],[40.57,-39.75],[37.83,-38.5],[37.94,-38.0],[37.25,-37.82],[37.0,-37.29],[36.5,-37.2],[36.5,-36.4],[34.22,-35.75],[32.75,-34.15],[31.0,-33.16],[30.0,-32.98],[27.5,-33.66],[25.5,-33.8],[25.34,-34.75],[24.0,-35.43],[23.2,-35.5],[23.0,-35.78],[21.5,-36.26],[21.0,-36.07],[19.5,-36.42],[18.75,-36.0],[18.25,-36.68],[17.25,-36.17],[17.0,-36.28],[16.5,-35.59],[15.0,-35.19],[14.5,-34.48],[12.75,-33.16],[12.51,-33.25],[12.46,-33.75],[13.06,-34.5],[12.75,-34.57],[11.99,-34.0],[11.75,-33.3],[11.27,-33.0],[11.5,-32.49],[11.25,-32.29],[10.75,-32.71],[10.33,-32.25],[10.59,-32.0],[10.33,-31.75],[6.5,-29.48],[5.98,-28.75],[1.25,-27.17],[0.25,-27.18],[-0.61,-27.75],[0.52,-28.75],[0.38,-29.0],[1.0,-29.9],[1.89,-30.0],[1.63,-29.5],[1.75,-29.34],[2.76,-30.75],[3.75,-31.3],[4.25,-32.07],[7.25,-33.38],[8.0,-33.46],[11.0,-35.3],[12.25,-35.23],[13.0,-35.99],[13.75,-35.71],[14.25,-36.02],[14.5,-36.51],[15.25,-36.14],[16.0,-37.42],[16.62,-37.25],[16.75,-36.66],[17.5,-36.84],[19.44,-38.5],[20.0,-38.76],[20.25,-38.58],[21.25,-39.04],[22.25,-39.81],[23.0,-40.83],[26.0,-42.46],[26.5,-43.19],[27.25,-43.71],[29.5,-44.86],[33.5,-45.74],[41.13,-46.0]]}},{"type":"Feature","properties":{"level":1024},"geometry":{"type":"LineString","coordinates":[[17.47,-38.25],[17.54,-37.75],[17.25,-37.46],[17.47,-38.25]]}},{"type":"Feature","properties":{"level":1024},"geometry":{"type":"LineString","coordinates":[[-101.67,-34.5],[-101.5,-34.72],[-101.0,-34.47],[-100.3,-33.75],[-100.5,-33.04],[-101.67,-34.5]]}},{"type":"Feature","properties":{"level":1024},"geometry":{"type":"LineString","coordinates":[[7.96,-34.0],[8.37,-34.0],[7.96,-34.0]]}},{"type":"Feature","properties":{"level":1024},"geometry":{"type":"LineString","coordinates":[[7.67,-33.75],[7.82,-33.75],[7.67,-33.75]]}},{"type":"Feature","properties":{"level":1024},"geometry":{"type":"LineString","coordinates":[[87.96,27.5],[88.5,27.73],[89.5,27.68],[89.75,27.94],[90.25,27.69],[91.25,27.95],[92.5,27.6],[93.25,28.46],[94.08,28.75],[94.3,29.0],[94.13,29.25],[94.75,29.2],[95.11,29.75],[94.75,30.12],[93.5,29.69],[92.75,29.84],[92.64,29.5],[93.36,29.0],[92.54,28.75],[92.69,28.5],[92.5,28.15],[92.25,28.12],[91.75,28.63],[91.5,28.37],[91.25,28.7],[89.75,28.3],[89.25,27.81],[88.75,28.1],[87.25,28.12],[85.25,28.54],[84.94,29.0],[84.78,28.5],[85.25,28.44],[85.72,28.0],[86.25,27.95],[86.5,27.68],[87.5,27.84],[87.96,27.5]]}},{"type":"Feature","properties":{"level":1024},"geometry":{"type":"LineString","coordinates":[[97.21,28.0],[98.24,28.25],[98.15,28.75],[97.25,29.91],[95.0,30.85],[94.25,30.7],[94.25,30.36],[95.64,30.0],[95.75,29.26],[96.25,28.89],[96.5,29.07],[97.0,28.86],[97.62,29.0],[97.67,28.75],[97.1,28.25],[97.21,28.0]]}},{"type":"Feature","properties":{"level":1024},"geometry":{"type":"LineString","coordinates":[[101.49,28.5],[102.0,28.79],[102.2,30.25],[102.5,30.26],[102.75,30.72],[103.16,30.75],[103.4,31.25],[103.25,32.49],[103.5,32.05],[103.75,32.1],[104.19,32.75],[104.0,33.08],[103.55,33.0],[103.5,33.38],[103.31,33.25],[103.45,33.0],[102.75,32.81],[102.0,32.12],[101.56,32.25],[101.78,32.5],[101.29,33.0],[101.29,33.75],[101.5,34.0],[101.25,34.09],[100.95,34.0],[101.23,33.75],[100.8,33.0],[101.22,32.5],[100.75,31.22],[100.0,31.34],[99.5,31.13],[99.08,31.5],[99.32,31.75],[99.0,32.16],[99.0,31.73],[98.21,31.25],[98.42,30.75],[98.17,30.5],[98.5,29.96],[99.0,30.16],[99.14,29.5],[100.0,28.53],[101.0,28.84],[101.49,28.5]]}},{"type":"Feature","properties":{"level":1024},"geometry":{"type":"LineString","coordinates":[[98.44,29.0],[98.64,29.25],[97.91,30.25],[97.5,30.27],[97.63,29.75],[98.44,29.0]]}},{"type":"Feature","properties":{"level":1024},"geometry":{"type":"LineString","coordinates":[[79.74,30.25],[80.89,30.25],[79.84,30.75],[79.75,31.02],[78.94,31.0],[79.02,30.75],[79.75,30.65],[79.74,30.25]]}},{"type":"Feature","properties":{"level":1024},"geometry":{"type":"LineString","coordinates":[[-180.0,31.39],[-178.25,31.48],[-176.25,32.47],[-175.75,32.46],[-175.5,32.94],[-174.75,33.08],[-174.33,33.75],[-173.31,34.25],[-172.72,35.25],[-172.13,35.5],[-170.81,37.0],[-170.32,37.25],[-169.75,38.31],[-167.31,40.25],[-165.92,41.0],[-165.9,41.5],[-164.74,42.25],[-163.2,44.5],[-162.37,45.25],[-161.98,46.5],[-162.21,47.75],[-162.7,48.25],[-162.69,49.25],[-163.04,49.25],[-163.0,49.5],[-163.8,50.25],[-164.0,50.92],[-165.31,51.5],[-166.0,52.15],[-166.75,52.34],[-167.57,53.0],[-167.86,53.0],[-168.0,52.69],[-168.3,52.75],[-168.48,53.0],[-168.04,53.5],[-168.25,53.66],[-168.75,53.04],[-170.0,53.3],[-171.88,52.5],[-172.72,51.5],[-175.15,50.75],[-180.0,47.67]]}},{"type":"Feature","properties":{"level":1024},"geometry":{"type":"LineString","coordinates":[[77.54,31.75],[78.05,31.75],[77.75,32.39],[77.14,32.75],[77.21,33.0],[76.43,34.0],[75.51,34.5],[75.25,35.28],[74.5,35.29],[74.03,35.0],[75.4,34.5],[75.95,33.5],[76.35,33.25],[76.75,32.32],[77.0,32.64],[77.54,31.75]]}},{"type":"Feature","properties":{"level":1024},"geometry":{"type":"LineString","coordinates":[[-28.82,32.0],[-27.5,31.8],[-25.5,31.93],[-23.0,32.57],[-20.25,33.92],[-18.35,35.5],[-15.5,38.5],[-13.25,41.92],[-10.04,45.5],[-4.7,53.0],[-4.42,53.75],[-4.92,54.5],[-7.25,55.51],[-10.5,56.07],[-14.25,56.1],[-17.75,55.62],[-20.0,54.52],[-23.25,52.03],[-29.79,49.0],[-33.22,46.5],[-34.88,44.5],[-35.46,43.25],[-36.08,41.0],[-36.0,39.23],[-34.75,36.25],[-33.25,34.25],[-30.75,32.75],[-28.82,32.0]]}},{"type":"Feature","properties":{"level":1024},"geometry":{"type":"LineString","coordinates":[[99.25,32.25],[99.75,32.47],[100.81,32.25],[100.5,32.71],[99.75,32.55],[99.5,32.87],[99.25,32.25]]}},{"type":"Feature","properties":{"level":1024},"geometry":{"type":"LineString","coordinates":[[77.75,34.75],[78.09,34.75],[77.25,36.08],[76.0,36.39],[75.75,36.79],[75.25,36.99],[75.1,36.75],[75.36,36.5],[74.7,36.0],[75.0,35.7],[75.25,35.96],[76.0,35.77],[76.0,35.5],[76.75,35.3],[77.0,34.91],[77.25,35.27],[77.75,34.75]]}},{"type":"Feature","properties":{"level":1024},"geometry":{"type":"LineString","coordinates":[[68.35,35.25],[68.95,35.25],[69.0,35.49],[70.0,35.42],[70.75,36.2],[71.0,36.01],[72.0,36.31],[72.39,36.75],[71.5,36.68],[71.5,36.85],[71.95,37.0],[71.87,37.25],[72.8,37.5],[72.5,37.77],[73.28,38.0],[72.12,38.25],[72.75,38.33],[73.25,39.06],[73.89,39.0],[74.06,39.5],[73.59,39.75],[74.25,40.35],[74.75,40.02],[75.0,40.22],[75.15,40.5],[74.6,40.75],[74.85,41.0],[73.75,41.18],[73.5,41.65],[73.0,41.58],[72.76,41.5],[73.25,41.41],[73.72,40.75],[73.5,40.12],[73.25,40.36],[70.75,39.84],[68.75,39.8],[68.56,39.5],[67.5,39.2],[67.29,38.75],[67.5,38.57],[67.75,38.83],[69.5,38.82],[70.25,39.1],[70.86,39.0],[70.74,38.75],[71.07,38.5],[70.75,38.39],[70.5,38.67],[70.33,38.5],[70.61,38.25],[70.43,37.75],[71.0,37.1],[71.0,36.7],[70.5,36.88],[70.0,36.5],[70.0,36.24],[69.75,36.41],[69.54,36.25],[69.71,36.0],[69.5,35.74],[68.35,35.25]]}},{"type":"Feature","properties":{"level":1024},"geometry":{"type":"LineString","coordinates":[[80.56,35.25],[82.0,35.23],[82.5,35.69],[84.0,35.97],[84.5,36.51],[86.57,37.0],[86.25,37.53],[81.5,36.18],[80.28,36.25],[80.46,36.5],[80.25,36.6],[80.19,36.25],[79.75,36.2],[79.5,36.51],[79.08,36.5],[78.15,37.0],[76.75,36.86],[76.43,37.5],[76.25,36.72],[76.75,36.74],[77.25,36.38],[78.5,36.55],[78.76,36.0],[80.56,35.25]]}},{"type":"Feature","properties":{"level":1024},"geometry":{"type":"LineString","coordinates":[[75.17,38.25],[76.32,38.25],[74.75,39.34],[74.2,39.25],[74.75,39.04],[75.17,38.25]]}},{"type":"Feature","properties":{"level":1024},"geometry":{"type":"LineString","coordinates":[[99.07,38.75],[99.25,38.59],[99.7,38.75],[98.25,39.43],[98.14,39.25],[99.07,38.75]]}},{"type":"Feature","properties":{"level":1024},"geometry":{"type":"LineString","coordinates":[[46.73,39.5],[47.24,39.75],[47.06,40.75],[47.25,40.85],[49.62,40.5],[50.01,41.5],[49.5,41.74],[48.25,41.73],[48.5,42.41],[49.5,42.13],[51.0,42.61],[51.43,43.5],[51.29,43.75],[52.5,44.0],[53.0,43.83],[54.25,44.92],[55.75,45.2],[55.97,45.5],[55.5,45.76],[54.5,45.07],[53.75,45.4],[53.56,46.5],[51.25,47.16],[49.11,46.5],[46.66,44.75],[46.57,44.5],[47.12,44.0],[47.28,42.25],[46.75,42.42],[45.75,42.21],[45.75,42.63],[45.25,43.03],[45.0,42.67],[44.25,42.86],[44.0,42.62],[43.94,43.0],[43.5,43.26],[42.86,43.0],[43.5,42.89],[43.75,42.49],[44.48,42.25],[44.5,41.95],[43.64,41.75],[44.0,41.07],[44.37,40.75],[46.25,40.37],[46.79,39.75],[46.73,39.5]]}},{"type":"Feature","properties":{"level":1024},"geometry":{"type":"LineString","coordinates":[[71.75,39.41],[72.0,39.65],[73.44,39.75],[72.25,39.27],[71.75,39.41]]}},{"type":"Feature","properties":{"level":1024},"geometry":{"type":"LineString","coordinates":[[57.21,40.0],[58.75,39.75],[60.5,40.08],[60.8,40.25],[60.8,40.75],[61.75,41.22],[65.75,40.3],[67.0,40.49],[66.7,40.75],[67.38,41.5],[68.0,42.01],[68.5,41.94],[69.33,42.25],[69.5,42.98],[70.06,41.75],[69.9,41.25],[70.75,41.13],[71.01,41.25],[70.57,41.75],[71.5,42.35],[71.9,42.25],[71.25,41.47],[72.0,41.86],[72.33,41.75],[72.5,42.04],[73.75,41.88],[73.92,42.0],[73.63,42.25],[73.75,42.42],[74.75,42.3],[75.83,42.5],[75.75,42.71],[73.6,43.0],[75.0,43.88],[76.5,43.74],[78.0,44.38],[78.5,44.17],[81.0,44.33],[83.66,43.5],[80.5,42.6],[79.75,42.62],[79.43,43.0],[81.25,43.19],[81.87,43.5],[81.25,43.65],[78.75,43.2],[78.0,43.62],[76.0,43.2],[75.25,43.36],[75.5,42.86],[76.0,42.72],[77.5,42.96],[78.9,42.75],[78.75,42.42],[76.75,41.63],[76.5,40.94],[75.56,41.0],[75.32,40.75],[75.63,40.5],[76.25,40.4],[77.0,40.91],[77.75,40.93],[78.0,41.28],[78.71,41.5],[78.5,41.78],[79.0,41.64],[79.5,41.89],[80.0,41.69],[81.25,41.85],[82.75,42.5],[84.36,42.25],[84.43,42.5],[84.01,42.75],[84.75,42.93],[85.5,43.68],[87.08,43.0],[86.82,42.75],[87.0,42.67],[87.77,43.25],[87.75,43.67],[83.25,44.65],[82.5,44.36],[81.14,45.0],[83.25,45.18],[84.5,45.57],[84.89,46.0],[84.58,46.25],[85.75,46.86],[89.5,46.73],[90.25,46.24],[91.0,46.33],[91.25,46.83],[91.75,46.49],[91.83,46.75],[91.5,47.19],[90.33,48.0],[90.5,48.3],[89.5,48.49],[88.17,49.25],[88.72,49.5],[86.0,50.53],[84.9,50.5],[85.03,50.75],[84.49,51.25],[86.75,51.46],[87.69,51.25],[88.75,51.76],[91.56,52.25],[91.25,52.64],[90.25,52.45],[90.0,52.81],[88.5,53.29],[83.75,52.44],[80.7,51.5],[80.44,51.25],[81.35,51.0],[80.9,50.75],[81.75,50.25],[81.64,49.75],[82.0,49.15],[82.5,48.93],[83.7,49.0],[83.63,48.25],[83.25,47.96],[83.0,48.26],[79.25,48.68],[76.5,48.46],[76.0,48.82],[72.25,49.11],[71.0,49.03],[67.25,48.13],[62.75,48.36],[60.75,47.53],[60.25,47.56],[60.1,47.5],[60.45,47.25],[60.25,47.05],[59.12,47.0],[57.75,45.99],[57.01,45.75],[58.0,45.28],[58.0,44.03],[56.75,43.8],[55.25,43.0],[55.43,42.75],[55.19,42.5],[56.0,42.28],[56.42,41.75],[55.5,41.61],[55.43,40.75],[56.25,40.14],[57.21,40.0]]}},{"type":"Feature","properties":{"level":1024},"geometry":{"type":"LineString","coordinates":[[61.43,40.25],[62.25,40.18],[62.43,40.5],[61.61,40.5],[61.43,40.25]]}},{"type":"Feature","properties":{"level":1024},"geometry":{"type":"LineString","coordinates":[[40.68,41.0],[41.54,41.25],[41.25,41.45],[40.68,41.0]]}},{"type":"Feature","properties":{"level":1024},"geometry":{"type":"LineString","coordinates":[[41.59,41.5],[42.25,41.48],[42.25,41.95],[42.81,42.0],[42.25,42.03],[41.59,41.5]]}},{"type":"Feature","properties":{"level":1024},"geometry":{"type":"LineString","coordinates":[[45.5,41.94],[45.34,42.0],[45.5,41.94]]}},{"type":"Feature","properties":{"level":1024},"geometry":{"type":"LineString","coordinates":[[40.93,42.75],[41.26,42.75],[40.74,43.25],[39.51,43.75],[40.93,42.75]]}},{"type":"Feature","properties":{"level":1024},"geometry":{"type":"LineString","coordinates":[[70.75,42.72],[71.0,43.29],[71.75,43.38],[73.4,43.0],[71.5,43.21],[71.32,43.0],[71.75,42.74],[70.75,42.72]]}},{"type":"Feature","properties":{"level":1024},"geometry":{"type":"LineString","coordinates":[[94.22,43.0],[94.84,43.0],[93.87,43.5],[93.5,43.97],[92.42,43.5],[93.75,43.49],[94.22,43.0]]}},{"type":"Feature","properties":{"level":1024},"geometry":{"type":"LineString","coordinates":[[89.01,43.5],[89.75,43.3],[91.23,43.5],[91.33,43.75],[90.5,43.92],[89.75,43.74],[88.5,44.21],[87.76,43.75],[89.01,43.5]]}},{"type":"Feature","properties":{"level":1024},"geometry":{"type":"LineString","coordinates":[[35.87,43.75],[37.33,44.25],[36.5,44.71],[34.94,44.25],[35.87,43.75]]}},{"type":"Feature","properties":{"level":1024},"geometry":{"type":"LineString","coordinates":[[91.93,43.75],[92.35,43.75],[92.0,44.07],[91.31,44.0],[91.93,43.75]]}},{"type":"Feature","properties":{"level":1024},"geometry":{"type":"LineString","coordinates":[[39.04,44.0],[39.38,44.0],[39.04,44.0]]}},{"type":"Feature","properties":{"level":1024},"geometry":{"type":"LineString","coordinates":[[38.57,44.25],[38.82,44.25],[38.57,44.25]]}},{"type":"Feature","properties":{"level":1024},"geometry":{"type":"LineString","coordinates":[[37.89,44.5],[38.0,44.27],[38.11,44.5],[37.89,44.5]]}},{"type":"Feature","properties":{"level":1024},"geometry":{"type":"LineString","coordinates":[[88.94,45.25],[89.75,45.07],[91.36,45.25],[90.25,45.86],[88.94,45.25]]}},{"type":"Feature","properties":{"level":1024},"geometry":{"type":"LineString","coordinates":[[92.05,45.25],[93.21,45.25],[92.05,45.25]]}},{"type":"Feature","properties":{"level":1024},"geometry":{"type":"LineString","coordinates":[[36.72,45.75],[37.75,45.68],[38.29,46.25],[37.75,46.44],[37.04,46.25],[36.68,46.0],[36.72,45.75]]}},{"type":"Feature","properties":{"level":1024},"geometry":{"type":"LineString","coordinates":[[69.75,45.98],[69.45,46.75],[70.19,47.25],[71.75,47.72],[72.78,47.5],[72.5,46.77],[69.75,45.98]]}},{"type":"Feature","properties":{"level":1024},"geometry":{"type":"LineString","coordinates":[[180.0,47.67],[178.0,46.58],[173.5,43.25],[170.75,39.97],[169.79,37.5],[170.44,35.5],[171.25,34.25],[171.99,33.5],[174.5,31.9],[175.5,31.46],[178.0,31.09],[180.0,31.39]]}},{"type":"Feature","properties":{"level":1024},"geometry":{"type":"LineString","coordinates":[[122.9,49.5],[123.25,49.27],[124.3,50.0],[123.75,49.93],[123.5,50.37],[122.75,50.27],[122.9,49.5]]}},{"type":"Feature","properties":{"level":1024},"geometry":{"type":"LineString","coordinates":[[126.44,50.0],[127.19,50.25],[128.49,51.5],[127.87,53.0],[127.34,53.5],[127.7,54.0],[126.9,54.75],[126.59,55.5],[126.89,56.0],[126.56,56.5],[127.88,57.0],[127.82,57.25],[127.5,57.73],[126.25,58.37],[124.0,58.93],[122.0,60.34],[118.25,61.88],[115.5,62.83],[112.5,63.46],[110.75,63.32],[110.0,62.88],[109.23,62.0],[109.34,61.75],[108.5,61.05],[108.36,60.25],[107.54,59.5],[107.69,58.75],[107.47,58.5],[108.0,58.4],[108.5,58.7],[109.9,57.75],[108.71,57.25],[108.31,56.25],[108.59,55.0],[109.5,55.89],[110.25,55.75],[110.02,55.5],[110.0,54.46],[110.75,55.02],[111.0,55.81],[111.5,55.33],[114.25,55.79],[114.86,55.5],[114.2,55.25],[114.5,54.77],[115.18,54.75],[114.75,54.53],[114.75,54.11],[115.75,54.23],[116.25,53.93],[117.25,54.12],[117.75,53.75],[116.1,53.0],[116.25,52.65],[119.0,52.01],[120.5,52.31],[122.23,52.0],[122.75,51.57],[123.78,51.25],[124.0,50.66],[125.5,50.55],[126.44,50.0]]}},{"type":"Feature","properties":{"level":1024},"geometry":{"type":"LineString","coordinates":[[-173.6,51.75],[-173.0,51.73],[-172.95,52.0],[-173.6,51.75]]}},{"type":"Feature","properties":{"level":1024},"geometry":{"type":"LineString","coordinates":[[-43.17,65.25],[-42.25,65.09],[-41.74,65.25],[-43.0,65.85],[-44.07,65.75],[-43.17,65.25]]}},{"type":"Feature","properties":{"level":1024},"geometry":{"type":"LineString","coordinates":[[-41.51,66.75],[-40.75,66.54],[-40.43,66.75],[-41.69,67.0],[-41.51,66.75]]}},{"type":"Feature","properties":{"level":1024},"geometry":{"type":"LineString","coordinates":[[-39.24,67.75],[-37.0,67.68],[-36.5,68.13],[-35.51,68.5],[-33.0,68.68],[-33.13,69.25],[-32.75,69.36],[-31.5,69.55],[-30.25,69.16],[-29.75,69.37],[-29.47,69.25],[-29.16,69.5],[-30.0,69.49],[-30.38,69.75],[-29.55,70.25],[-30.05,70.5],[-29.59,71.0],[-30.26,72.0],[-28.0,73.02],[-27.25,72.8],[-26.36,73.5],[-26.58,74.0],[-26.43,74.25],[-27.26,74.5],[-24.19,75.25],[-25.5,75.91],[-25.75,75.78],[-26.41,76.0],[-26.6,76.25],[-25.75,76.5],[-25.72,76.75],[-26.38,77.0],[-26.32,77.25],[-26.7,77.5],[-26.59,78.0],[-28.65,78.25],[-28.94,79.0],[-29.67,79.5],[-29.6,80.0],[-30.5,80.64],[-36.0,80.9],[-38.75,81.3],[-41.5,81.3],[-43.75,80.84],[-56.69,80.0],[-57.15,79.75],[-56.48,79.5],[-52.14,79.25],[-53.02,79.0],[-52.4,78.75],[-52.77,78.5],[-59.42,77.5],[-58.75,77.28],[-53.25,76.98],[-49.75,76.5],[-49.81,75.5],[-48.61,75.25],[-48.5,74.9],[-47.0,74.61],[-46.73,74.25],[-48.0,74.33],[-49.5,73.98],[-49.87,73.75],[-49.7,73.5],[-48.5,73.0],[-45.0,73.37],[-43.63,72.75],[-43.07,72.25],[-43.2,71.5],[-41.16,69.75],[-41.06,69.0],[-39.24,67.75]]}},{"type":"Feature","properties":{"level":1024},"geometry":{"type":"LineString","coordinates":[[-152.09,73.25],[-147.5,73.05],[-145.42,73.5],[-145.75,74.11],[-146.5,74.49],[-150.25,74.94],[-152.25,74.64],[-153.19,74.25],[-153.19,73.75],[-152.09,73.25]]}},{"type":"Feature","properties":{"level":1028},"geometry":{"type":"LineString","coordinates":[[87.38,-88.5],[97.75,-88.42],[103.48,-88.0],[103.88,-87.75],[103.68,-87.5],[102.56,-87.25],[102.74,-87.0],[102.5,-86.25],[101.48,-86.0],[101.45,-85.25],[105.0,-83.6],[107.05,-83.0],[107.78,-82.5],[108.03,-82.0],[108.68,-81.75],[100.73,-81.5],[99.66,-81.0],[99.96,-80.75],[96.25,-79.54],[83.25,-79.38],[78.5,-80.15],[74.0,-81.16],[72.0,-81.86],[67.25,-81.95],[65.4,-82.25],[64.75,-82.61],[65.83,-83.0],[73.71,-84.0],[69.75,-84.39],[68.37,-84.75],[68.88,-85.0],[73.99,-85.5],[71.17,-86.0],[75.89,-86.5],[63.5,-87.19],[61.55,-87.5],[68.5,-88.11],[87.38,-88.5]]}},{"type":"Feature","properties":{"level":1028},"geometry":{"type":"LineString","coordinates":[[49.06,-80.5],[52.68,-80.5],[48.02,-78.75],[45.45,-78.25],[45.5,-78.62],[46.08,-79.0],[46.0,-79.19],[45.13,-79.25],[48.0,-80.34],[49.06,-80.5]]}},{"type":"Feature","properties":{"level":1028},"geometry":{"type":"LineString","coordinates":[[159.74,-50.0],[162.75,-49.65],[163.87,-48.75],[163.95,-47.75],[161.25,-44.31],[159.99,-42.25],[158.84,-39.75],[158.79,-39.0],[157.63,-35.5],[157.67,-35.0],[157.1,-34.0],[155.25,-31.56],[155.25,-31.21],[153.5,-30.23],[153.0,-29.27],[152.5,-28.99],[151.89,-29.75],[151.29,-31.25],[149.71,-31.5],[149.74,-31.75],[148.55,-32.75],[148.5,-33.09],[148.8,-33.5],[148.5,-33.47],[147.67,-34.5],[147.8,-35.25],[147.5,-36.23],[145.93,-37.25],[145.89,-39.25],[144.59,-40.25],[144.46,-41.25],[144.76,-41.5],[144.75,-41.95],[145.05,-42.0],[145.33,-43.0],[146.0,-43.69],[147.07,-43.75],[146.53,-44.5],[146.7,-45.0],[149.55,-47.0],[153.5,-48.82],[157.0,-49.67],[159.74,-50.0]]}},{"type":"Feature","properties":{"level":1028},"geometry":{"type":"LineString","coordinates":[[66.92,-47.75],[70.25,-47.87],[74.25,-47.55],[78.25,-46.57],[82.0,-44.89],[89.43,-40.0],[91.85,-38.0],[95.65,-36.0],[98.33,-33.25],[98.64,-31.75],[98.1,-30.5],[96.87,-29.25],[95.17,-28.5],[91.75,-27.5],[89.5,-27.27],[87.25,-27.61],[83.75,-27.72],[78.0,-29.24],[69.0,-30.62],[64.25,-30.69],[63.25,-30.44],[59.0,-30.2],[55.75,-30.79],[54.5,-30.8],[52.5,-31.52],[51.5,-32.25],[50.18,-32.75],[49.5,-33.36],[48.31,-36.0],[48.64,-37.75],[49.0,-38.59],[50.27,-40.25],[52.72,-42.75],[55.0,-44.35],[58.25,-45.81],[62.75,-47.06],[66.92,-47.75]]}},{"type":"Feature","properties":{"level":1028},"geometry":{"type":"LineString","coordinates":[[-165.13,-43.25],[-163.0,-43.41],[-160.0,-42.88],[-157.25,-41.88],[-155.97,-41.0],[-153.93,-39.0],[-151.77,-35.75],[-151.34,-33.75],[-151.86,-32.0],[-153.75,-30.8],[-155.5,-30.14],[-159.0,-30.09],[-163.75,-31.81],[-165.61,-32.75],[-166.75,-34.02],[-167.91,-34.5],[-169.31,-36.0],[-170.31,-38.0],[-170.95,-39.75],[-170.8,-40.5],[-168.75,-42.21],[-165.13,-43.25]]}},{"type":"Feature","properties":{"level":1028},"geometry":{"type":"LineString","coordinates":[[37.17,-42.5],[37.49,-42.5],[37.78,-42.0],[37.25,-41.92],[36.0,-40.73],[35.5,-40.64],[35.0,-40.88],[34.0,-40.7],[33.8,-40.25],[34.18,-39.75],[33.91,-39.5],[30.75,-38.44],[30.5,-38.08],[30.25,-38.08],[29.75,-38.68],[29.25,-38.21],[29.03,-38.5],[29.25,-38.88],[29.75,-38.88],[30.21,-40.0],[32.0,-41.7],[33.25,-42.08],[36.0,-42.38],[37.08,-42.25],[37.17,-42.5]]}},{"type":"Feature","properties":{"level":1028},"geometry":{"type":"LineString","coordinates":[[96.91,29.25],[97.36,29.5],[97.0,29.91],[96.5,30.01],[96.08,29.5],[96.91,29.25]]}},{"type":"Feature","properties":{"level":1028},"geometry":{"type":"LineString","coordinates":[[99.97,29.25],[100.25,29.11],[100.75,29.33],[100.94,29.75],[100.25,29.85],[100.34,30.25],[100.0,30.82],[99.5,30.84],[99.24,29.75],[99.5,29.58],[100.03,29.75],[99.97,29.25]]}},{"type":"Feature","properties":{"level":1028},"geometry":{"type":"LineString","coordinates":[[-180.0,35.14],[-177.25,35.79],[-176.25,36.42],[-174.75,36.76],[-174.0,37.6],[-172.5,38.52],[-171.59,39.75],[-169.43,41.0],[-168.88,41.5],[-168.98,41.75],[-167.72,42.75],[-167.75,43.25],[-167.39,43.5],[-167.78,44.0],[-167.61,44.25],[-167.84,44.75],[-167.25,45.5],[-167.64,45.75],[-167.98,46.5],[-167.77,47.0],[-168.16,47.25],[-167.87,48.0],[-168.41,48.5],[-168.12,48.75],[-168.66,48.75],[-168.75,48.49],[-168.88,48.75],[-170.0,49.11],[-172.5,49.07],[-174.75,48.39],[-180.0,45.45]]}},{"type":"Feature","properties":{"level":1028},"geometry":{"type":"LineString","coordinates":[[77.41,35.25],[77.59,35.25],[77.57,35.5],[77.25,35.83],[76.36,35.75],[77.41,35.25]]}},{"type":"Feature","properties":{"level":1028},"geometry":{"type":"LineString","coordinates":[[80.08,35.75],[80.5,35.58],[80.75,35.97],[81.74,36.0],[80.25,36.0],[80.08,35.75]]}},{"type":"Feature","properties":{"level":1028},"geometry":{"type":"LineString","coordinates":[[-27.37,36.25],[-25.45,36.5],[-21.75,37.99],[-17.5,41.09],[-15.35,43.25],[-11.79,47.5],[-11.03,49.0],[-11.02,50.0],[-10.56,51.0],[-11.35,52.75],[-12.75,53.38],[-13.75,53.46],[-18.25,52.85],[-26.05,49.0],[-29.56,46.75],[-30.69,45.5],[-32.0,43.05],[-32.45,41.25],[-32.38,40.5],[-32.01,39.5],[-31.03,38.0],[-29.0,36.52],[-27.37,36.25]]}},{"type":"Feature","properties":{"level":1028},"geometry":{"type":"LineString","coordinates":[[79.8,42.0],[80.5,41.93],[80.75,42.2],[81.3,42.25],[80.0,42.36],[79.8,42.0]]}},{"type":"Feature","properties":{"level":1028},"geometry":{"type":"LineString","coordinates":[[180.0,45.45],[178.35,44.25],[178.25,43.75],[177.25,43.6],[176.64,43.0],[176.45,42.25],[175.2,41.0],[174.69,40.0],[174.53,38.25],[175.08,37.5],[175.25,36.46],[177.17,35.25],[180.0,35.14]]}},{"type":"Feature","properties":{"level":1028},"geometry":{"type":"LineString","coordinates":[[88.31,48.0],[88.74,48.0],[88.92,48.25],[87.25,49.13],[86.55,49.0],[87.25,48.72],[87.5,48.84],[87.75,48.28],[88.31,48.0]]}},{"type":"Feature","properties":{"level":1028},"geometry":{"type":"LineString","coordinates":[[120.25,56.25],[120.72,56.25],[120.0,56.68],[120.0,57.04],[121.75,57.44],[122.5,57.17],[123.0,57.25],[121.5,58.02],[119.77,58.0],[119.81,58.25],[119.5,58.42],[118.0,58.11],[117.0,59.0],[116.75,58.73],[115.24,58.5],[116.36,59.5],[116.0,59.83],[113.75,59.57],[113.02,59.0],[113.0,58.24],[114.0,57.94],[114.07,57.25],[114.33,57.0],[117.5,56.6],[119.25,57.29],[118.31,56.5],[119.0,56.36],[119.5,56.61],[120.25,56.25]]}},{"type":"Feature","properties":{"level":1028},"geometry":{"type":"LineString","coordinates":[[-36.95,68.75],[-34.5,68.71],[-33.25,69.46],[-31.4,70.0],[-30.61,70.75],[-30.44,71.25],[-30.97,72.0],[-29.75,73.03],[-28.5,73.5],[-29.25,74.0],[-26.9,75.25],[-27.86,76.75],[-31.75,77.68],[-32.05,78.75],[-33.52,80.0],[-34.16,80.25],[-39.25,80.51],[-47.16,79.75],[-43.62,78.75],[-43.7,78.5],[-43.39,78.25],[-43.65,77.5],[-42.82,77.25],[-45.25,76.58],[-45.81,76.0],[-44.54,75.75],[-44.5,75.47],[-41.75,75.0],[-41.5,74.7],[-40.25,74.34],[-36.34,73.5],[-38.0,72.75],[-40.0,72.39],[-40.52,71.75],[-39.6,70.75],[-39.81,70.25],[-39.25,69.72],[-39.04,69.0],[-38.5,68.77],[-36.95,68.75]]}},{"type":"Feature","properties":{"level":1032},"geometry":{"type":"LineString","coordinates":[[74.49,-88.0],[94.25,-88.21],[101.26,-87.75],[101.13,-87.5],[100.06,-87.25],[100.48,-87.0],[100.25,-86.47],[95.69,-85.75],[98.03,-84.75],[97.17,-84.5],[97.02,-84.0],[95.25,-83.86],[80.5,-85.25],[81.35,-85.5],[87.5,-86.0],[86.69,-86.25],[66.98,-87.25],[66.51,-87.5],[74.49,-88.0]]}},{"type":"Feature","properties":{"level":1032},"geometry":{"type":"LineString","coordinates":[[75.17,-84.5],[80.75,-84.6],[88.25,-84.12],[98.25,-82.38],[99.25,-82.01],[99.33,-81.75],[97.39,-81.25],[97.87,-81.0],[97.78,-80.75],[97.24,-80.5],[97.17,-80.25],[95.58,-79.75],[85.5,-79.74],[78.5,-80.35],[74.03,-81.5],[79.5,-81.64],[79.0,-82.05],[78.0,-82.33],[74.5,-82.68],[67.5,-82.46],[66.25,-82.75],[67.5,-83.02],[76.99,-83.75],[77.0,-84.01],[75.17,-84.5]]}},{"type":"Feature","properties":{"level":1032},"geometry":{"type":"LineString","coordinates":[[66.72,-46.5],[70.0,-46.74],[73.0,-46.55],[75.75,-45.85],[80.0,-44.23],[82.79,-42.5],[91.17,-36.0],[92.16,-34.75],[92.73,-33.0],[92.63,-32.25],[91.5,-31.1],[89.5,-30.18],[87.0,-30.02],[83.5,-30.18],[70.75,-32.31],[66.5,-32.55],[64.0,-32.96],[61.5,-32.9],[58.0,-33.21],[55.0,-34.13],[53.13,-35.75],[52.54,-37.0],[52.62,-38.5],[54.59,-41.25],[56.21,-42.75],[58.5,-44.1],[61.0,-45.14],[63.5,-45.9],[66.72,-46.5]]}},{"type":"Feature","properties":{"level":1032},"geometry":{"type":"LineString","coordinates":[[155.85,-46.25],[156.75,-46.02],[157.25,-45.3],[157.34,-44.75],[156.0,-41.22],[155.23,-40.0],[154.14,-39.0],[153.5,-37.44],[152.5,-36.94],[151.5,-37.01],[150.83,-38.75],[149.95,-40.0],[149.68,-41.25],[151.0,-44.0],[151.75,-44.78],[153.75,-45.9],[155.85,-46.25]]}},{"type":"Feature","properties":{"level":1032},"geometry":{"type":"LineString","coordinates":[[147.36,-41.5],[148.0,-41.64],[148.2,-41.25],[148.0,-41.05],[147.5,-41.1],[147.27,-41.25],[147.36,-41.5]]}},{"type":"Feature","properties":{"level":1032},"geometry":{"type":"LineString","coordinates":[[148.81,-37.0],[149.25,-37.16],[149.66,-37.0],[150.38,-35.0],[150.22,-34.75],[150.5,-34.42],[149.75,-34.47],[149.25,-35.07],[148.75,-35.13],[148.63,-35.5],[148.99,-36.5],[148.81,-37.0]]}},{"type":"Feature","properties":{"level":1032},"geometry":{"type":"LineString","coordinates":[[-177.61,41.0],[-176.97,41.0],[-177.25,41.07],[-177.39,41.5],[-177.07,42.0],[-177.5,42.33],[-178.32,41.75],[-178.0,41.04],[-177.61,41.0]]}},{"type":"Feature","properties":{"level":1032},"geometry":{"type":"LineString","coordinates":[[-176.52,41.5],[-176.5,41.86],[-176.83,41.75],[-176.52,41.5]]}},{"type":"Feature","properties":{"level":1032},"geometry":{"type":"LineString","coordinates":[[-176.02,42.0],[-175.75,41.8],[-175.58,42.0],[-175.98,42.25],[-175.96,42.5],[-175.36,42.75],[-176.25,43.04],[-176.88,42.75],[-176.02,42.0]]}},{"type":"Feature","properties":{"level":1032},"geometry":{"type":"LineString","coordinates":[[-26.29,42.5],[-23.25,42.48],[-21.5,42.95],[-20.05,44.0],[-19.82,44.5],[-17.97,46.25],[-17.67,47.0],[-17.05,47.5],[-16.87,48.25],[-17.19,48.75],[-18.25,49.52],[-18.86,49.5],[-21.25,49.02],[-24.0,47.53],[-25.87,45.75],[-26.68,44.0],[-26.75,43.12],[-26.29,42.5]]}},{"type":"Feature","properties":{"level":1032},"geometry":{"type":"LineString","coordinates":[[116.69,57.25],[117.25,57.03],[118.02,57.25],[117.45,57.5],[117.25,58.25],[117.0,58.37],[116.5,57.99],[115.99,58.0],[116.77,57.5],[116.69,57.25]]}},{"type":"Feature","properties":{"level":1032},"geometry":{"type":"LineString","coordinates":[[-36.23,68.75],[-35.03,68.75],[-34.43,69.5],[-33.75,69.55],[-31.43,70.75],[-31.23,71.25],[-31.78,72.25],[-31.37,73.25],[-28.78,75.0],[-28.97,75.75],[-31.0,76.4],[-37.25,76.7],[-43.12,76.5],[-43.78,76.25],[-41.75,76.17],[-39.75,76.43],[-37.87,76.25],[-42.17,75.75],[-39.86,75.25],[-39.86,75.0],[-38.77,74.5],[-35.73,73.75],[-35.5,73.5],[-35.75,73.18],[-37.93,72.25],[-37.98,71.75],[-37.34,71.0],[-38.33,70.5],[-37.97,69.25],[-36.23,68.75]]}},{"type":"Feature","properties":{"level":1036},"geometry":{"type":"LineString","coordinates":[[74.75,-87.75],[96.73,-87.75],[98.27,-87.0],[98.3,-86.75],[97.0,-86.46],[92.0,-86.47],[72.12,-87.25],[71.96,-87.5],[74.75,-87.75]]}},{"type":"Feature","properties":{"level":1036},"geometry":{"type":"LineString","coordinates":[[84.11,-84.0],[87.75,-83.76],[91.75,-83.04],[96.04,-82.0],[96.43,-81.5],[95.84,-81.0],[94.98,-80.75],[95.75,-80.22],[90.5,-79.91],[79.5,-80.38],[75.22,-81.25],[81.0,-81.07],[84.18,-81.25],[81.59,-81.75],[78.5,-82.71],[76.47,-83.0],[76.4,-83.25],[81.75,-83.4],[84.11,-84.0]]}},{"type":"Feature","properties":{"level":1036},"geometry":{"type":"LineString","coordinates":[[67.86,-45.0],[71.0,-45.09],[74.0,-44.56],[78.75,-42.49],[81.25,-40.77],[84.69,-37.5],[85.78,-35.5],[85.99,-34.5],[85.79,-34.0],[85.05,-33.5],[83.75,-33.19],[81.0,-33.03],[71.5,-34.32],[67.5,-34.59],[59.75,-36.2],[58.67,-36.75],[57.33,-38.0],[57.07,-38.75],[57.61,-40.5],[59.44,-42.25],[62.41,-43.75],[67.86,-45.0]]}},{"type":"Feature","properties":{"level":1036},"geometry":{"type":"LineString","coordinates":[[-36.69,69.0],[-35.08,69.25],[-35.81,69.5],[-33.25,70.41],[-32.55,71.25],[-32.61,73.0],[-32.25,73.57],[-30.45,74.75],[-32.5,75.53],[-36.0,75.63],[-38.46,75.25],[-37.68,75.0],[-36.71,74.25],[-34.82,73.75],[-34.3,73.25],[-36.25,72.77],[-37.34,72.25],[-37.39,71.75],[-36.8,71.0],[-37.55,70.25],[-37.67,69.5],[-37.5,69.24],[-36.69,69.0]]}},{"type":"Feature","properties":{"level":1040},"geometry":{"type":"LineString","coordinates":[[82.53,-87.5],[89.86,-87.5],[95.43,-87.0],[94.74,-86.75],[90.15,-86.75],[82.53,-87.5]]}},{"type":"Feature","properties":{"level":1040},"geometry":{"type":"LineString","coordinates":[[82.51,-82.5],[83.5,-82.7],[88.75,-82.57],[93.5,-82.0],[94.83,-81.5],[93.0,-80.44],[90.5,-80.09],[79.9,-80.5],[86.91,-81.0],[87.45,-81.25],[83.71,-81.75],[82.89,-82.0],[82.51,-82.5]]}},{"type":"Feature","properties":{"level":1040},"geometry":{"type":"LineString","coordinates":[[67.17,-42.25],[70.0,-42.3],[73.0,-41.47],[75.48,-40.0],[75.93,-39.0],[76.56,-38.5],[76.46,-37.5],[75.25,-37.14],[72.5,-37.2],[65.25,-38.61],[64.23,-39.5],[64.12,-40.0],[64.4,-40.5],[64.25,-40.78],[64.94,-41.5],[67.17,-42.25]]}},{"type":"Feature","properties":{"level":1040},"geometry":{"type":"LineString","coordinates":[[-37.21,69.75],[-36.5,69.64],[-33.95,70.5],[-33.68,72.5],[-33.4,73.0],[-34.0,73.05],[-37.0,72.06],[-37.08,71.75],[-36.46,70.75],[-37.08,70.25],[-37.21,69.75]]}},{"type":"Feature","properties":{"level":1040},"geometry":{"type":"LineString","coordinates":[[-33.77,73.75],[-33.49,74.0],[-34.0,74.38],[-34.91,74.25],[-33.77,73.75]]}},{"type":"Feature","properties":{"level":1040},"geometry":{"type":"LineString","coordinates":[[-35.95,74.75],[-35.0,74.52],[-33.93,74.75],[-35.75,75.1],[-36.16,75.0],[-35.95,74.75]]}},{"type":"Feature","properties":{"level":1044},"geometry":{"type":"LineString","coordinates":[[90.55,-81.5],[91.64,-81.5],[90.55,-81.5]]}},{"type":"Feature","properties":{"level":1044},"geometry":{"type":"LineString","coordinates":[[-35.2,71.0],[-34.75,70.8],[-34.5,70.98],[-34.58,71.5],[-34.35,72.0],[-34.5,72.39],[-35.21,72.25],[-36.36,71.5],[-35.2,71.0]]}}]}