{"type":"FeatureCollection","features":[{"type":"Feature","properties":{"level":956},"geometry":{"type":"LineString","coordinates":[[-160.5,-68.51],[-159.56,-68.5],[-160.5,-68.51]]}},{"type":"Feature","properties":{"level":956},"geometry":{"type":"LineString","coordinates":[[-159.0,-68.31],[-159.16,-68.25],[-157.56,-68.25],[-159.0,-68.31]]}},{"type":"Feature","properties":{"level":956},"geometry":{"type":"LineString","coordinates":[[119.5,-66.06],[118.91,-65.75],[118.9,-65.5],[120.0,-65.08],[121.5,-65.22],[122.11,-65.75],[122.02,-66.0],[121.25,-66.19],[119.5,-66.06]]}},{"type":"Feature","properties":{"level":960},"geometry":{"type":"LineString","coordinates":[[-167.75,-69.77],[-169.75,-69.35],[-171.0,-68.71],[-171.57,-67.75],[-171.12,-66.75],[-170.18,-66.0],[-169.0,-65.48],[-165.75,-65.71],[-161.75,-65.17],[-159.5,-65.33],[-155.0,-66.26],[-149.67,-66.25],[-150.81,-67.25],[-152.0,-67.91],[-156.5,-69.25],[-162.25,-69.87],[-167.75,-69.77]]}},{"type":"Feature","properties":{"level":960},"geometry":{"type":"LineString","coordinates":[[121.25,-67.28],[116.61,-66.5],[115.46,-65.75],[115.09,-65.0],[115.25,-64.75],[117.75,-63.97],[120.75,-63.89],[127.25,-64.99],[127.88,-65.5],[127.25,-65.99],[125.73,-66.25],[125.41,-66.75],[124.75,-66.99],[124.0,-66.71],[122.0,-67.34],[121.25,-67.28]]}},{"type":"Feature","properties":{"level":960},"geometry":{"type":"LineString","coordinates":[[-0.5,-61.25],[-1.01,-61.0],[0.0,-60.61],[1.27,-60.75],[1.43,-61.25],[-0.5,-61.25]]}},{"type":"Feature","properties":{"level":964},"geometry":{"type":"LineString","coordinates":[[-167.5,-70.77],[-170.25,-70.36],[-172.5,-69.53],[-173.47,-68.5],[-173.57,-67.75],[-173.36,-67.25],[-171.97,-66.0],[-170.0,-64.96],[-164.75,-63.98],[-163.5,-63.54],[-156.75,-63.55],[-151.0,-64.69],[-149.0,-64.63],[-146.5,-64.16],[-145.91,-64.25],[-145.84,-64.5],[-146.27,-65.5],[-148.5,-67.38],[-150.5,-68.43],[-153.25,-69.39],[-156.5,-70.12],[-161.0,-70.69],[-167.5,-70.77]]}},{"type":"Feature","properties":{"level":964},"geometry":{"type":"LineString","coordinates":[[102.5,-67.8],[102.37,-66.75],[101.4,-66.5],[102.5,-65.86],[105.25,-65.36],[109.25,-65.16],[113.26,-64.0],[117.75,-63.14],[121.75,-63.05],[128.5,-63.91],[133.75,-63.93],[134.75,-64.13],[135.12,-64.5],[134.25,-65.07],[130.3,-66.0],[130.04,-66.25],[130.28,-66.5],[129.75,-66.95],[126.5,-66.86],[121.75,-67.79],[119.0,-67.95],[115.0,-67.63],[113.97,-67.5],[114.22,-67.25],[114.14,-67.0],[113.75,-66.94],[111.5,-67.31],[104.75,-67.45],[102.5,-67.8]]}},{"type":"Feature","properties":{"level":964},"geometry":{"type":"LineString","coordinates":[[0.25,-62.27],[-2.0,-61.6],[-3.32,-60.75],[-3.33,-60.5],[0.25,-59.29],[4.25,-58.81],[4.88,-58.5],[5.5,-57.8],[6.16,-58.25],[6.51,-59.25],[6.39,-60.25],[6.11,-61.0],[5.36,-61.75],[3.25,-62.36],[0.25,-62.27]]}},{"type":"Feature","properties":{"level":964},"geometry":{"type":"LineString","coordinates":[[88.5,-58.76],[87.9,-58.5],[88.75,-57.99],[90.25,-57.82],[91.06,-58.0],[90.5,-58.55],[88.5,-58.76]]}},{"type":"Feature","properties":{"level":964},"geometry":{"type":"LineString","coordinates":[[17.5,-55.55],[16.12,-54.75],[15.89,-54.25],[16.0,-53.95],[16.5,-53.78],[17.25,-53.97],[19.03,-55.25],[18.5,-55.66],[17.5,-55.55]]}},{"type":"Feature","properties":{"level":968},"geometry":{"type":"LineString","coordinates":[[71.0,-72.09],[71.0,-71.93],[71.0,-72.09]]}},{"type":"Feature","properties":{"level":968},"geometry":{"type":"LineString","coordinates":[[-168.75,-71.76],[-171.8,-71.25],[-174.0,-70.49],[-175.04,-69.75],[-175.62,-69.0],[-175.78,-68.5],[-175.55,-67.75],[-174.1,-66.25],[-171.5,-64.69],[-169.25,-63.86],[-163.5,-62.3],[-155.5,-62.16],[-149.5,-63.14],[-145.0,-62.59],[-143.75,-62.92],[-143.38,-63.25],[-143.69,-64.75],[-145.19,-66.75],[-147.37,-68.25],[-151.25,-69.87],[-155.6,-71.0],[-160.0,-71.61],[-164.75,-71.93],[-168.75,-71.76]]}},{"type":"Feature","properties":{"level":968},"geometry":{"type":"LineString","coordinates":[[98.5,-70.02],[98.72,-69.25],[99.93,-68.5],[99.33,-68.0],[99.97,-67.5],[99.5,-67.02],[98.5,-67.27],[97.5,-66.94],[94.0,-67.29],[91.25,-66.9],[89.75,-67.33],[88.75,-67.06],[87.0,-67.29],[84.32,-67.25],[86.25,-67.06],[87.5,-66.31],[88.64,-66.0],[88.67,-65.75],[98.75,-64.54],[105.0,-64.03],[114.25,-62.55],[117.75,-62.21],[122.75,-62.17],[133.5,-63.23],[135.5,-63.67],[136.48,-64.5],[136.09,-65.75],[131.75,-66.59],[129.75,-67.62],[128.25,-67.51],[123.5,-68.13],[118.5,-68.43],[106.75,-68.22],[104.0,-68.46],[99.5,-69.95],[98.5,-70.02]]}},{"type":"Feature","properties":{"level":968},"geometry":{"type":"LineString","coordinates":[[2.5,-63.76],[-0.25,-63.38],[-3.0,-62.35],[-5.34,-60.5],[-5.58,-60.0],[-5.5,-59.6],[-4.15,-59.0],[-2.76,-58.0],[3.0,-56.85],[4.5,-56.28],[5.0,-55.83],[6.0,-56.08],[7.25,-57.01],[8.33,-58.5],[8.66,-59.75],[8.61,-61.75],[7.81,-62.5],[6.0,-63.31],[2.5,-63.76]]}},{"type":"Feature","properties":{"level":968},"geometry":{"type":"LineString","coordinates":[[87.5,-60.0],[86.5,-59.87],[85.5,-59.3],[85.43,-58.25],[85.7,-57.75],[88.25,-56.92],[90.75,-56.54],[92.5,-56.55],[93.5,-56.79],[94.02,-57.25],[94.01,-58.0],[93.5,-58.67],[92.25,-59.42],[90.25,-59.99],[88.5,-60.15],[87.5,-60.0]]}},{"type":"Feature","properties":{"level":968},"geometry":{"type":"LineString","coordinates":[[17.75,-56.3],[16.16,-55.75],[15.09,-54.75],[14.85,-53.75],[15.47,-52.75],[16.5,-52.49],[17.75,-52.88],[20.0,-54.1],[20.96,-55.25],[20.9,-55.75],[20.28,-56.25],[17.75,-56.3]]}},{"type":"Feature","properties":{"level":972},"geometry":{"type":"LineString","coordinates":[[66.5,-73.75],[65.61,-73.25],[65.61,-72.75],[66.53,-71.0],[65.64,-70.25],[67.25,-69.5],[67.73,-69.0],[68.58,-68.75],[68.69,-68.5],[68.5,-68.42],[65.5,-67.81],[60.0,-67.65],[58.0,-67.14],[57.0,-67.16],[56.78,-67.0],[57.0,-66.67],[55.75,-66.44],[50.0,-66.64],[48.66,-66.0],[47.25,-65.81],[46.68,-65.5],[47.25,-65.09],[48.75,-65.13],[52.75,-63.96],[55.75,-64.04],[59.5,-63.55],[64.0,-64.64],[68.75,-63.97],[71.0,-64.58],[78.25,-65.27],[77.28,-65.0],[79.75,-64.87],[80.02,-64.75],[78.84,-64.5],[80.24,-64.25],[79.38,-64.0],[79.5,-63.85],[81.0,-63.79],[82.25,-63.41],[82.45,-63.25],[82.25,-62.99],[83.25,-63.07],[84.18,-62.75],[82.41,-61.5],[82.11,-60.75],[82.66,-60.5],[82.56,-59.5],[84.39,-57.25],[85.25,-56.82],[88.75,-55.93],[92.25,-55.49],[95.25,-55.75],[95.93,-56.25],[97.12,-59.25],[96.09,-59.75],[96.39,-60.0],[95.2,-60.5],[95.44,-60.75],[94.78,-61.0],[96.35,-61.25],[96.56,-61.75],[101.25,-62.17],[104.75,-61.81],[104.99,-61.75],[105.06,-61.25],[106.75,-60.95],[108.25,-60.89],[109.0,-61.0],[109.2,-61.25],[111.25,-61.41],[117.5,-60.92],[123.5,-60.99],[133.0,-62.37],[135.75,-62.98],[138.29,-64.25],[139.04,-65.0],[139.37,-65.75],[139.3,-66.0],[137.25,-66.29],[132.8,-67.5],[131.75,-67.99],[130.0,-68.25],[114.75,-69.11],[108.5,-68.94],[104.75,-69.34],[101.79,-70.5],[99.5,-70.85],[97.5,-70.88],[96.54,-70.5],[97.97,-69.5],[98.0,-68.98],[99.11,-68.75],[98.88,-68.25],[99.21,-67.75],[99.0,-67.5],[97.5,-67.47],[97.41,-67.75],[96.77,-68.0],[95.75,-68.13],[91.25,-67.71],[89.0,-68.09],[87.0,-67.94],[85.25,-67.98],[84.75,-68.27],[81.25,-68.21],[77.75,-69.61],[74.25,-70.34],[74.07,-70.5],[74.33,-70.75],[73.68,-71.5],[75.13,-72.25],[74.44,-73.0],[73.25,-73.22],[72.25,-72.98],[70.75,-73.18],[70.5,-72.8],[70.0,-72.68],[68.75,-72.93],[68.25,-73.54],[66.5,-73.75]]}},{"type":"Feature","properties":{"level":972},"geometry":{"type":"LineString","coordinates":[[-168.75,-73.01],[-173.25,-72.41],[-176.0,-71.55],[-178.0,-70.12],[-178.38,-69.25],[-178.22,-68.5],[-177.54,-67.5],[-176.5,-66.6],[-173.1,-64.5],[-168.0,-62.51],[-163.75,-61.31],[-156.0,-60.74],[-150.25,-61.62],[-143.75,-61.12],[-141.75,-61.36],[-141.22,-61.75],[-141.03,-63.75],[-141.77,-65.25],[-143.0,-66.75],[-145.25,-68.41],[-148.48,-70.0],[-152.5,-71.33],[-158.0,-72.47],[-162.75,-72.97],[-168.75,-73.01]]}},{"type":"Feature","properties":{"level":972},"geometry":{"type":"LineString","coordinates":[[-108.75,-69.51],[-110.71,-69.0],[-111.5,-68.57],[-111.52,-68.25],[-108.25,-67.64],[-106.81,-67.75],[-107.2,-68.25],[-106.83,-69.25],[-108.75,-69.51]]}},{"type":"Feature","properties":{"level":972},"geometry":{"type":"LineString","coordinates":[[-103.75,-69.28],[-103.13,-69.25],[-103.75,-69.28]]}},{"type":"Feature","properties":{"level":972},"geometry":{"type":"LineString","coordinates":[[16.25,-68.76],[11.0,-68.38],[0.16,-66.75],[0.93,-65.75],[-3.25,-64.13],[-4.75,-63.09],[-5.75,-62.06],[-7.07,-60.0],[-6.77,-58.5],[-5.25,-57.25],[0.28,-55.75],[0.84,-55.0],[1.0,-54.35],[2.5,-54.02],[4.25,-54.32],[7.57,-55.5],[9.43,-56.75],[10.44,-57.75],[11.15,-59.25],[12.0,-62.25],[11.3,-64.25],[11.67,-64.75],[18.78,-66.0],[22.25,-66.26],[26.75,-66.25],[26.95,-66.5],[26.73,-67.0],[25.6,-67.75],[25.35,-68.0],[25.56,-68.25],[25.25,-68.34],[22.75,-68.75],[16.25,-68.76]]}},{"type":"Feature","properties":{"level":972},"geometry":{"type":"LineString","coordinates":[[16.75,-57.01],[14.75,-56.42],[14.06,-55.75],[13.75,-55.0],[13.72,-53.75],[14.13,-52.75],[14.75,-52.0],[15.75,-51.5],[17.0,-51.47],[18.75,-52.2],[21.25,-53.73],[22.32,-55.0],[22.31,-56.25],[21.0,-56.89],[19.75,-57.11],[16.75,-57.01]]}},{"type":"Feature","properties":{"level":972},"geometry":{"type":"LineString","coordinates":[[-117.0,-54.35],[-117.16,-54.25],[-117.0,-54.14],[-116.74,-54.25],[-117.0,-54.35]]}},{"type":"Feature","properties":{"level":972},"geometry":{"type":"LineString","coordinates":[[150.75,55.68],[150.32,56.0],[150.5,56.64],[151.5,56.86],[152.0,56.5],[152.04,56.25],[151.5,55.86],[150.75,55.68]]}},{"type":"Feature","properties":{"level":976},"geometry":{"type":"LineString","coordinates":[[66.25,-74.28],[64.14,-73.5],[65.25,-71.25],[64.25,-70.17],[63.95,-69.5],[64.75,-69.15],[65.08,-68.75],[57.75,-67.77],[54.59,-67.75],[54.66,-67.25],[54.25,-67.17],[51.66,-67.5],[51.22,-67.75],[51.69,-68.0],[50.5,-68.83],[49.75,-69.04],[47.16,-68.75],[47.58,-68.25],[46.25,-67.93],[43.5,-68.16],[42.0,-68.55],[41.28,-69.0],[41.38,-69.5],[41.05,-69.75],[39.5,-70.29],[36.5,-69.87],[35.0,-69.89],[28.19,-71.0],[25.0,-71.08],[24.25,-70.87],[23.25,-71.06],[19.25,-70.36],[12.5,-70.43],[3.75,-69.82],[-8.5,-67.7],[-10.74,-66.75],[-11.44,-65.75],[-10.5,-64.92],[-9.25,-64.25],[-8.66,-63.5],[-8.72,-59.75],[-8.45,-58.75],[-7.83,-57.75],[-6.5,-56.7],[-2.0,-54.01],[-0.25,-53.26],[1.75,-52.94],[4.75,-53.37],[9.0,-54.4],[10.75,-54.48],[11.75,-53.89],[14.35,-51.0],[16.0,-50.26],[17.5,-50.55],[21.25,-52.61],[23.17,-54.25],[23.86,-55.5],[23.91,-56.25],[23.16,-57.0],[20.75,-57.87],[16.25,-58.91],[15.59,-59.25],[15.32,-59.75],[15.52,-61.25],[16.97,-63.0],[18.89,-64.0],[21.5,-64.56],[25.0,-64.75],[30.5,-64.52],[34.5,-65.63],[40.25,-65.92],[53.0,-62.91],[56.75,-62.4],[62.0,-62.35],[66.25,-62.84],[70.75,-62.31],[73.0,-61.77],[75.25,-61.81],[77.25,-61.33],[78.5,-60.65],[80.5,-59.26],[82.71,-57.0],[84.25,-56.22],[88.0,-55.19],[94.25,-54.46],[96.5,-54.87],[98.68,-56.0],[100.75,-57.55],[101.75,-58.01],[104.25,-58.57],[108.75,-58.97],[121.25,-59.33],[127.75,-60.36],[134.25,-61.71],[138.58,-63.0],[143.68,-65.75],[143.0,-66.12],[139.5,-66.79],[134.69,-68.0],[134.36,-68.25],[129.5,-69.09],[122.0,-69.25],[120.25,-69.58],[118.75,-69.49],[115.5,-69.86],[109.5,-69.81],[107.5,-70.11],[105.86,-71.0],[104.0,-71.22],[96.25,-71.24],[95.95,-71.0],[95.93,-70.5],[96.99,-69.75],[97.44,-68.75],[98.25,-67.99],[96.25,-68.47],[88.75,-69.03],[86.67,-68.5],[85.75,-68.86],[82.25,-69.08],[80.93,-69.75],[80.0,-69.9],[79.25,-70.98],[78.14,-71.25],[77.04,-72.25],[75.93,-72.75],[74.5,-73.79],[69.5,-74.34],[66.25,-74.28]]}},{"type":"Feature","properties":{"level":976},"geometry":{"type":"LineString","coordinates":[[-110.0,-73.26],[-116.25,-72.83],[-120.75,-72.17],[-122.5,-71.67],[-123.78,-71.0],[-124.2,-70.5],[-124.21,-69.75],[-122.95,-68.0],[-121.0,-67.28],[-116.0,-67.01],[-109.75,-66.2],[-104.25,-66.36],[-100.9,-67.0],[-100.33,-68.0],[-98.86,-69.25],[-98.75,-70.25],[-98.07,-71.0],[-98.48,-71.5],[-100.8,-72.25],[-104.0,-72.86],[-110.0,-73.26]]}},{"type":"Feature","properties":{"level":976},"geometry":{"type":"LineString","coordinates":[[180.0,-71.89],[179.17,-71.0],[178.65,-69.5],[179.24,-68.25],[180.0,-67.41]]}},{"type":"Feature","properties":{"level":976},"geometry":{"type":"LineString","coordinates":[[154.75,-67.52],[156.25,-67.24],[157.24,-67.5],[154.75,-67.52]]}},{"type":"Feature","properties":{"level":976},"geometry":{"type":"LineString","coordinates":[[-180.0,-67.41],[-176.75,-65.24],[-171.48,-62.75],[-164.5,-60.54],[-160.0,-59.8],[-156.25,-59.57],[-149.75,-60.07],[-144.75,-59.73],[-141.75,-59.79],[-140.0,-60.1],[-139.11,-61.5],[-139.13,-63.75],[-139.69,-65.5],[-142.75,-68.34],[-144.75,-69.65],[-146.75,-70.61],[-153.0,-72.66],[-157.5,-73.62],[-162.5,-74.33],[-169.5,-74.63],[-173.5,-74.42],[-175.75,-74.03],[-178.01,-73.25],[-180.0,-71.89]]}},{"type":"Feature","properties":{"level":976},"geometry":{"type":"LineString","coordinates":[[-109.5,-58.01],[-110.3,-57.75],[-111.0,-56.95],[-112.61,-56.25],[-112.53,-55.5],[-111.75,-55.41],[-110.92,-55.75],[-108.59,-57.25],[-108.08,-58.0],[-108.5,-58.23],[-109.5,-58.01]]}},{"type":"Feature","properties":{"level":976},"geometry":{"type":"LineString","coordinates":[[-119.5,-56.29],[-121.0,-56.06],[-121.94,-55.25],[-121.25,-54.57],[-118.5,-52.98],[-116.0,-53.24],[-114.25,-54.23],[-114.12,-54.5],[-115.1,-55.25],[-116.44,-55.75],[-119.5,-56.29]]}},{"type":"Feature","properties":{"level":976},"geometry":{"type":"LineString","coordinates":[[-118.25,-51.31],[-118.5,-51.23],[-118.5,-50.89],[-117.97,-51.0],[-118.25,-51.31]]}},{"type":"Feature","properties":{"level":976},"geometry":{"type":"LineString","coordinates":[[168.75,47.89],[168.46,48.25],[168.44,48.75],[168.63,49.5],[169.13,50.0],[170.5,50.44],[171.25,50.25],[171.46,49.5],[170.75,48.64],[169.75,47.9],[168.75,47.89]]}},{"type":"Feature","properties":{"level":976},"geometry":{"type":"LineString","coordinates":[[163.0,54.89],[162.6,55.5],[163.25,56.22],[164.25,56.48],[165.57,56.0],[165.47,55.5],[165.0,55.05],[163.0,54.89]]}},{"type":"Feature","properties":{"level":976},"geometry":{"type":"LineString","coordinates":[[150.25,55.44],[149.75,55.75],[149.37,56.5],[149.5,57.24],[150.0,57.57],[151.75,57.73],[152.4,57.5],[153.18,56.75],[152.85,56.0],[152.25,55.58],[151.25,55.3],[150.25,55.44]]}},{"type":"Feature","properties":{"level":976},"geometry":{"type":"LineString","coordinates":[[163.0,56.27],[162.75,56.5],[163.23,56.5],[163.0,56.27]]}},{"type":"Feature","properties":{"level":976},"geometry":{"type":"LineString","coordinates":[[37.5,74.99],[36.42,75.5],[36.21,75.75],[36.39,76.0],[40.25,76.52],[44.34,76.25],[40.25,74.97],[37.5,74.99]]}},{"type":"Feature","properties":{"level":980},"geometry":{"type":"LineString","coordinates":[[-55.0,-80.51],[-56.51,-80.25],[-57.05,-80.0],[-57.25,-79.5],[-56.5,-78.92],[-50.75,-76.67],[-48.75,-76.3],[-45.5,-76.26],[-42.75,-76.54],[-42.03,-77.0],[-42.75,-77.59],[-44.77,-78.0],[-44.19,-78.25],[-44.75,-78.61],[-46.28,-78.75],[-44.1,-79.0],[-44.11,-79.25],[-43.6,-79.5],[-43.75,-79.77],[-45.25,-80.32],[-53.25,-80.64],[-55.0,-80.51]]}},{"type":"Feature","properties":{"level":980},"geometry":{"type":"LineString","coordinates":[[-29.0,-80.53],[-28.5,-80.37],[-26.86,-80.5],[-29.0,-80.53]]}},{"type":"Feature","properties":{"level":980},"geometry":{"type":"LineString","coordinates":[[-30.0,-79.51],[-29.45,-79.0],[-34.5,-78.92],[-35.93,-78.5],[-35.5,-78.15],[-34.39,-78.0],[-34.25,-77.75],[-33.25,-77.39],[-31.62,-77.5],[-30.5,-76.85],[-29.23,-76.5],[-30.0,-76.32],[-30.75,-76.62],[-31.25,-76.35],[-31.75,-77.02],[-31.98,-76.5],[-31.03,-76.0],[-30.85,-74.75],[-29.5,-73.89],[-25.25,-72.98],[-19.03,-72.75],[-19.24,-73.25],[-20.5,-74.52],[-22.7,-75.5],[-22.14,-75.75],[-28.75,-76.62],[-30.09,-77.25],[-29.0,-77.39],[-24.0,-77.07],[-22.25,-77.68],[-22.16,-78.0],[-25.89,-78.5],[-24.19,-79.25],[-30.0,-79.51]]}},{"type":"Feature","properties":{"level":980},"geometry":{"type":"LineString","coordinates":[[180.0,-78.09],[177.75,-76.45],[174.52,-74.75],[174.07,-74.25],[173.89,-73.5],[174.89,-71.0],[175.3,-69.0],[176.16,-67.75],[180.0,-65.44]]}},{"type":"Feature","properties":{"level":980},"geometry":{"type":"LineString","coordinates":[[66.25,-74.76],[65.0,-74.51],[62.74,-73.5],[64.08,-71.25],[63.5,-70.19],[61.81,-69.5],[61.12,-68.75],[59.0,-68.6],[57.25,-68.19],[54.5,-68.18],[53.5,-68.7],[51.25,-69.29],[46.25,-69.53],[42.5,-70.51],[39.5,-70.71],[36.5,-70.26],[25.75,-71.85],[24.25,-71.49],[22.0,-71.81],[21.0,-71.37],[20.0,-71.5],[18.0,-71.05],[13.0,-71.15],[8.75,-70.92],[4.0,-71.13],[1.5,-71.5],[0.75,-72.1],[-1.75,-72.38],[-2.5,-71.87],[-3.75,-71.64],[-4.25,-71.79],[-4.75,-71.46],[-6.75,-71.31],[-7.5,-71.54],[-8.25,-71.16],[-9.0,-71.67],[-9.25,-71.1],[-12.5,-71.21],[-16.55,-70.75],[-16.04,-69.5],[-16.17,-67.25],[-15.4,-65.25],[-13.42,-63.25],[-9.62,-57.75],[-7.01,-55.0],[-5.75,-54.01],[-3.75,-52.86],[-0.75,-52.07],[1.5,-51.98],[8.0,-52.76],[9.75,-52.65],[11.0,-52.16],[14.25,-49.75],[15.5,-49.34],[17.25,-49.56],[21.5,-51.68],[24.02,-53.75],[25.33,-55.5],[25.46,-56.25],[25.0,-57.0],[20.96,-59.75],[20.78,-60.25],[20.99,-61.25],[22.69,-62.25],[23.75,-62.51],[31.5,-62.91],[38.5,-64.28],[40.5,-64.38],[42.5,-64.14],[52.0,-61.95],[56.8,-61.25],[58.25,-60.7],[64.5,-61.46],[68.75,-61.35],[74.5,-59.79],[77.0,-59.42],[79.0,-58.48],[81.75,-56.37],[84.5,-55.27],[89.25,-54.19],[95.75,-53.41],[98.0,-53.92],[100.24,-55.0],[101.25,-55.82],[102.85,-56.5],[105.75,-57.14],[109.0,-57.34],[119.0,-57.16],[122.5,-57.71],[137.0,-61.37],[145.25,-64.42],[149.75,-65.66],[152.5,-66.07],[161.5,-66.2],[163.86,-66.5],[162.75,-67.61],[161.5,-68.43],[156.28,-69.0],[156.5,-69.89],[157.87,-70.0],[157.62,-70.25],[157.75,-70.42],[158.75,-70.6],[158.99,-70.75],[158.75,-71.03],[159.83,-71.5],[159.5,-71.82],[156.75,-72.84],[152.76,-71.25],[145.53,-69.75],[144.75,-69.08],[143.37,-68.5],[144.39,-67.5],[143.75,-67.36],[140.0,-67.75],[134.94,-68.75],[133.0,-69.36],[123.0,-69.85],[118.25,-70.7],[113.0,-70.93],[112.0,-71.47],[110.25,-71.48],[107.5,-72.0],[103.75,-71.68],[95.75,-71.75],[95.3,-71.5],[95.17,-71.0],[96.3,-69.75],[96.39,-69.5],[96.0,-69.17],[93.75,-69.19],[89.5,-69.88],[86.75,-69.88],[85.0,-69.47],[83.75,-69.74],[83.46,-70.25],[77.24,-73.0],[75.75,-74.08],[74.25,-74.8],[69.5,-74.93],[66.25,-74.76]]}},{"type":"Feature","properties":{"level":980},"geometry":{"type":"LineString","coordinates":[[-111.75,-74.59],[-113.5,-74.24],[-115.0,-74.49],[-121.25,-73.67],[-125.75,-72.68],[-128.25,-71.71],[-129.83,-70.25],[-129.42,-69.25],[-128.0,-68.07],[-124.0,-66.33],[-119.0,-65.48],[-108.5,-65.14],[-101.5,-65.58],[-96.25,-66.93],[-93.88,-68.5],[-92.25,-70.0],[-90.58,-70.75],[-91.02,-71.25],[-92.16,-71.75],[-98.5,-72.94],[-99.12,-73.25],[-99.04,-73.5],[-99.25,-73.64],[-100.65,-73.75],[-100.5,-74.06],[-99.5,-74.28],[-102.25,-74.21],[-106.25,-74.5],[-110.25,-74.34],[-111.75,-74.59]]}},{"type":"Feature","properties":{"level":980},"geometry":{"type":"LineString","coordinates":[[-18.5,-74.26],[-18.5,-73.77],[-18.5,-74.26]]}},{"type":"Feature","properties":{"level":980},"geometry":{"type":"LineString","coordinates":[[161.75,-73.82],[161.5,-73.44],[162.68,-73.75],[162.25,-73.98],[161.75,-73.82]]}},{"type":"Feature","properties":{"level":980},"geometry":{"type":"LineString","coordinates":[[-13.0,-71.57],[-13.16,-71.5],[-12.5,-71.29],[-12.5,-71.55],[-13.0,-71.57]]}},{"type":"Feature","properties":{"level":980},"geometry":{"type":"LineString","coordinates":[[151.73,-69.25],[152.9,-69.25],[152.5,-68.75],[150.89,-69.0],[151.73,-69.25]]}},{"type":"Feature","properties":{"level":980},"geometry":{"type":"LineString","coordinates":[[154.04,-69.25],[155.74,-69.0],[154.5,-68.79],[154.04,-69.25]]}},{"type":"Feature","properties":{"level":980},"geometry":{"type":"LineString","coordinates":[[42.81,-69.0],[44.5,-69.01],[44.73,-68.5],[43.23,-68.5],[42.56,-68.75],[42.81,-69.0]]}},{"type":"Feature","properties":{"level":980},"geometry":{"type":"LineString","coordinates":[[144.78,-68.75],[145.25,-68.91],[145.68,-68.75],[145.63,-68.25],[144.61,-68.5],[144.78,-68.75]]}},{"type":"Feature","properties":{"level":980},"geometry":{"type":"LineString","coordinates":[[-180.0,-65.44],[-175.22,-63.25],[-167.75,-60.59],[-160.5,-58.95],[-156.25,-58.55],[-151.25,-58.62],[-147.25,-58.18],[-139.75,-58.61],[-138.75,-58.97],[-137.98,-59.75],[-136.68,-63.25],[-136.9,-65.0],[-138.22,-67.25],[-141.25,-69.92],[-143.44,-71.25],[-148.75,-73.46],[-161.48,-76.75],[-162.8,-77.5],[-162.76,-77.75],[-161.34,-78.5],[-153.25,-80.6],[-152.86,-81.0],[-153.25,-81.61],[-160.75,-82.18],[-167.5,-81.98],[-171.25,-81.62],[-177.14,-80.25],[-178.45,-79.5],[-180.0,-78.09]]}},{"type":"Feature","properties":{"level":980},"geometry":{"type":"LineString","coordinates":[[-119.25,-60.6],[-120.51,-60.0],[-122.0,-57.6],[-122.79,-55.25],[-121.5,-51.3],[-120.88,-50.75],[-119.5,-50.29],[-118.0,-50.19],[-116.85,-50.5],[-112.0,-53.03],[-110.5,-54.36],[-108.35,-55.0],[-106.08,-58.0],[-105.94,-58.5],[-108.0,-59.12],[-111.0,-58.93],[-115.0,-59.26],[-116.5,-59.76],[-117.75,-60.57],[-119.25,-60.6]]}},{"type":"Feature","properties":{"level":980},"geometry":{"type":"LineString","coordinates":[[114.25,-49.29],[113.72,-49.0],[113.94,-48.75],[115.09,-48.75],[115.12,-49.0],[114.75,-49.31],[114.25,-49.29]]}},{"type":"Feature","properties":{"level":980},"geometry":{"type":"LineString","coordinates":[[168.75,46.94],[167.75,47.41],[167.44,48.25],[167.69,49.5],[168.6,51.25],[170.75,52.28],[172.5,51.6],[173.25,50.25],[172.02,48.5],[170.39,47.25],[168.75,46.94]]}},{"type":"Feature","properties":{"level":980},"geometry":{"type":"LineString","coordinates":[[163.25,53.7],[161.75,54.14],[161.0,54.5],[160.92,54.75],[161.16,55.25],[161.04,55.75],[161.56,56.25],[161.5,56.6],[162.04,57.0],[161.47,57.5],[161.54,58.0],[162.5,58.98],[164.0,59.07],[164.71,60.0],[166.5,60.35],[171.25,59.68],[173.84,58.75],[172.78,57.5],[171.68,57.0],[171.66,56.5],[170.75,55.5],[168.75,54.0],[165.5,53.6],[163.25,53.7]]}},{"type":"Feature","properties":{"level":980},"geometry":{"type":"LineString","coordinates":[[150.5,54.96],[149.25,55.47],[148.51,56.25],[148.61,57.25],[149.25,57.86],[150.5,58.39],[152.25,58.56],[154.0,58.24],[154.83,57.25],[154.59,56.25],[153.76,55.5],[152.25,54.94],[150.5,54.96]]}},{"type":"Feature","properties":{"level":980},"geometry":{"type":"LineString","coordinates":[[55.0,71.9],[54.79,72.0],[55.0,71.9]]}},{"type":"Feature","properties":{"level":980},"geometry":{"type":"LineString","coordinates":[[53.25,72.23],[36.75,74.11],[33.92,75.0],[33.16,75.5],[32.96,76.0],[33.5,76.58],[35.0,77.25],[38.75,78.04],[42.75,78.35],[47.0,77.9],[51.37,77.0],[52.0,76.68],[52.53,75.75],[53.13,73.75],[54.29,73.5],[53.49,73.0],[53.25,72.23]]}},{"type":"Feature","properties":{"level":984},"geometry":{"type":"LineString","coordinates":[[180.0,-84.9],[178.25,-85.09],[170.32,-85.0],[170.75,-84.73],[171.5,-84.87],[172.0,-84.37],[173.0,-84.62],[173.24,-84.5],[173.0,-84.25],[173.25,-84.05],[174.25,-83.94],[176.0,-84.32],[176.75,-84.8],[177.38,-84.75],[176.5,-83.87],[172.75,-83.42],[171.25,-83.42],[170.75,-83.68],[169.75,-83.53],[169.5,-83.72],[168.25,-82.96],[167.0,-82.77],[165.25,-83.11],[163.0,-83.14],[163.25,-82.73],[164.5,-82.64],[165.36,-82.25],[163.81,-82.0],[163.0,-81.62],[161.8,-81.75],[162.14,-81.5],[161.0,-81.45],[160.76,-81.25],[163.1,-81.25],[165.0,-80.34],[165.75,-80.35],[169.25,-79.05],[169.81,-78.75],[169.81,-78.5],[169.0,-78.21],[168.03,-78.25],[169.75,-77.77],[169.63,-77.5],[168.19,-77.75],[167.25,-78.3],[162.25,-78.32],[159.9,-77.25],[161.17,-77.0],[159.43,-76.75],[160.89,-76.25],[157.75,-76.03],[156.95,-75.75],[157.0,-75.38],[157.5,-75.07],[162.0,-75.02],[162.62,-74.75],[161.75,-74.38],[161.81,-74.0],[161.5,-73.62],[160.5,-73.4],[157.0,-73.47],[152.51,-72.5],[144.02,-72.0],[142.2,-71.5],[141.25,-70.52],[139.75,-69.93],[133.75,-69.83],[124.5,-70.27],[123.42,-70.5],[122.4,-71.25],[120.75,-71.59],[115.0,-71.85],[113.0,-72.35],[108.5,-72.83],[102.5,-72.04],[95.5,-72.35],[94.86,-72.0],[94.58,-71.25],[94.23,-71.0],[94.89,-70.5],[95.0,-70.16],[92.75,-70.03],[91.25,-70.46],[85.25,-70.99],[81.34,-72.5],[78.7,-73.25],[75.25,-75.09],[70.75,-75.34],[63.75,-74.91],[62.25,-74.13],[61.41,-73.25],[62.12,-72.0],[63.0,-71.18],[63.21,-70.5],[62.92,-70.25],[59.5,-69.01],[56.75,-68.5],[54.75,-68.47],[51.75,-69.5],[47.8,-69.75],[43.0,-70.78],[39.5,-70.95],[37.25,-70.68],[31.0,-71.66],[25.5,-72.09],[24.25,-72.39],[17.95,-72.25],[19.01,-71.75],[17.25,-71.67],[17.1,-71.75],[17.47,-72.0],[17.25,-72.11],[16.3,-72.0],[16.45,-71.75],[16.0,-71.54],[14.75,-71.65],[14.25,-71.38],[12.0,-71.8],[10.5,-71.25],[-1.25,-72.85],[-2.5,-72.43],[-3.25,-72.52],[-4.25,-72.17],[-6.5,-72.04],[-7.01,-72.25],[-3.87,-72.5],[-7.0,-72.92],[-8.75,-72.79],[-11.5,-73.45],[-13.0,-74.04],[-15.02,-75.25],[-13.75,-75.1],[-13.27,-75.25],[-13.75,-75.6],[-18.25,-76.26],[-19.76,-76.75],[-18.83,-77.25],[-19.1,-77.75],[-16.9,-78.25],[-17.31,-78.5],[-17.43,-79.0],[-17.75,-79.11],[-20.25,-79.33],[-21.05,-79.5],[-21.25,-79.76],[-24.75,-79.75],[-23.47,-80.0],[-24.0,-80.25],[-23.81,-80.5],[-31.25,-80.9],[-34.96,-81.5],[-33.2,-81.75],[-37.25,-82.19],[-43.0,-83.49],[-50.25,-83.42],[-53.73,-83.75],[-54.0,-84.09],[-56.25,-84.44],[-68.5,-84.89],[-73.04,-84.5],[-72.98,-84.25],[-72.24,-84.0],[-75.28,-83.5],[-70.82,-82.5],[-70.94,-82.25],[-69.5,-81.84],[-67.42,-81.5],[-66.52,-80.25],[-65.75,-79.64],[-62.0,-77.83],[-56.73,-76.0],[-54.25,-74.84],[-53.76,-74.25],[-54.04,-73.75],[-53.33,-72.75],[-53.25,-72.1],[-51.86,-71.5],[-52.23,-70.75],[-52.04,-70.25],[-48.27,-68.25],[-44.25,-67.25],[-38.5,-67.2],[-35.75,-67.57],[-33.0,-68.65],[-30.75,-68.8],[-28.25,-68.57],[-24.0,-67.58],[-22.0,-66.76],[-19.25,-64.59],[-14.75,-60.44],[-9.02,-54.5],[-7.5,-53.13],[-6.25,-52.39],[-3.78,-51.5],[-1.25,-51.09],[8.5,-51.24],[10.25,-50.72],[13.75,-48.77],[14.75,-48.45],[16.5,-48.44],[19.0,-49.4],[21.75,-50.85],[24.81,-53.25],[26.25,-54.81],[26.94,-56.0],[26.83,-56.75],[25.75,-58.75],[25.73,-59.25],[26.19,-59.75],[28.75,-60.64],[31.75,-61.33],[40.25,-62.82],[43.5,-62.67],[51.0,-60.88],[58.25,-59.71],[64.75,-60.26],[68.7,-60.0],[76.75,-58.04],[80.75,-55.82],[84.38,-54.5],[91.75,-52.98],[96.5,-52.4],[98.25,-52.54],[99.75,-53.05],[103.75,-54.97],[107.0,-55.49],[111.0,-55.0],[113.0,-54.99],[114.25,-54.6],[116.0,-54.59],[116.68,-54.25],[116.28,-53.75],[116.75,-53.74],[123.5,-55.74],[124.0,-55.52],[124.78,-56.25],[128.0,-57.4],[148.5,-63.83],[153.75,-64.86],[157.75,-65.15],[162.5,-64.82],[165.5,-64.87],[172.0,-64.07],[172.75,-64.19],[172.49,-64.5],[172.75,-64.86],[173.5,-64.69],[176.0,-64.8],[180.0,-63.81]]}},{"type":"Feature","properties":{"level":984},"geometry":{"type":"LineString","coordinates":[[165.25,-84.27],[165.75,-83.97],[167.39,-84.25],[166.75,-84.41],[165.25,-84.27]]}},{"type":"Feature","properties":{"level":984},"geometry":{"type":"LineString","coordinates":[[170.11,-83.25],[170.89,-83.25],[170.11,-83.25]]}},{"type":"Feature","properties":{"level":984},"geometry":{"type":"LineString","coordinates":[[-23.5,-80.5],[-22.1,-80.5],[-23.5,-80.5]]}},{"type":"Feature","properties":{"level":984},"geometry":{"type":"LineString","coordinates":[[-144.82,-78.5],[-142.5,-78.55],[-142.31,-78.5],[-142.88,-78.25],[-141.85,-78.0],[-148.25,-77.04],[-155.01,-77.5],[-152.25,-77.85],[-150.5,-78.32],[-144.82,-78.5]]}},{"type":"Feature","properties":{"level":984},"geometry":{"type":"LineString","coordinates":[[163.55,-73.25],[164.25,-73.45],[164.61,-73.25],[163.75,-72.84],[163.03,-73.0],[163.55,-73.25]]}},{"type":"Feature","properties":{"level":984},"geometry":{"type":"LineString","coordinates":[[161.78,-73.0],[162.29,-73.0],[163.0,-72.29],[162.54,-70.75],[162.75,-70.65],[163.5,-71.2],[165.25,-71.67],[165.35,-71.5],[164.86,-71.0],[165.02,-70.75],[164.35,-70.5],[168.25,-68.75],[167.0,-68.51],[165.7,-69.0],[165.5,-69.32],[162.5,-69.88],[160.0,-69.81],[159.59,-70.0],[160.31,-70.5],[160.13,-70.75],[160.38,-71.5],[161.75,-71.95],[161.06,-72.5],[161.78,-73.0]]}},{"type":"Feature","properties":{"level":984},"geometry":{"type":"LineString","coordinates":[[166.31,-73.0],[166.55,-73.0],[166.55,-72.75],[166.0,-72.66],[165.75,-72.34],[164.86,-72.5],[166.31,-73.0]]}},{"type":"Feature","properties":{"level":984},"geometry":{"type":"LineString","coordinates":[[1.75,-72.76],[2.0,-72.57],[2.75,-72.75],[1.75,-72.76]]}},{"type":"Feature","properties":{"level":984},"geometry":{"type":"LineString","coordinates":[[-60.25,-72.64],[-60.25,-72.22],[-59.52,-72.5],[-60.25,-72.64]]}},{"type":"Feature","properties":{"level":984},"geometry":{"type":"LineString","coordinates":[[168.3,-72.5],[169.14,-72.5],[168.75,-72.19],[167.9,-72.25],[168.3,-72.5]]}},{"type":"Feature","properties":{"level":984},"geometry":{"type":"LineString","coordinates":[[167.03,-72.25],[167.52,-72.25],[167.38,-72.0],[166.42,-72.0],[167.03,-72.25]]}},{"type":"Feature","properties":{"level":984},"geometry":{"type":"LineString","coordinates":[[3.18,-71.75],[5.03,-71.75],[4.25,-71.56],[3.18,-71.75]]}},{"type":"Feature","properties":{"level":984},"geometry":{"type":"LineString","coordinates":[[-53.5,-66.28],[-54.27,-66.0],[-54.71,-65.25],[-54.73,-64.75],[-54.04,-64.25],[-53.0,-64.12],[-51.13,-64.5],[-49.73,-65.0],[-49.18,-65.5],[-49.25,-65.76],[-50.25,-66.29],[-52.25,-66.46],[-53.5,-66.28]]}},{"type":"Feature","properties":{"level":984},"geometry":{"type":"LineString","coordinates":[[-180.0,-63.81],[-168.25,-59.88],[-162.75,-58.48],[-158.75,-57.8],[-152.5,-57.36],[-150.5,-56.69],[-148.75,-56.64],[-140.0,-57.23],[-138.25,-57.56],[-137.02,-58.5],[-134.0,-62.25],[-133.68,-64.0],[-133.0,-65.02],[-131.5,-65.25],[-128.75,-64.73],[-124.0,-62.85],[-122.66,-61.5],[-122.67,-60.5],[-123.48,-58.5],[-124.09,-56.0],[-123.43,-51.25],[-122.4,-50.0],[-120.25,-48.94],[-119.5,-48.89],[-116.75,-49.24],[-114.26,-50.0],[-111.25,-51.81],[-109.01,-53.5],[-107.25,-54.29],[-105.57,-56.0],[-104.5,-57.5],[-103.65,-58.75],[-105.0,-59.49],[-108.14,-60.5],[-109.01,-61.0],[-109.68,-61.75],[-110.58,-62.0],[-109.75,-62.87],[-106.97,-63.75],[-99.5,-64.8],[-93.42,-66.25],[-87.75,-68.94],[-84.5,-69.48],[-83.83,-70.5],[-83.84,-71.25],[-84.28,-71.5],[-93.25,-73.12],[-94.18,-73.5],[-94.56,-74.0],[-94.21,-74.25],[-94.5,-74.38],[-95.71,-74.5],[-95.93,-74.75],[-99.25,-75.5],[-107.0,-76.03],[-110.25,-75.51],[-113.0,-75.65],[-115.0,-75.19],[-115.64,-75.25],[-115.14,-75.5],[-116.0,-75.58],[-125.5,-74.92],[-131.0,-75.14],[-134.45,-75.75],[-134.91,-75.75],[-134.94,-75.5],[-135.25,-75.45],[-135.57,-75.75],[-137.89,-76.25],[-133.5,-77.5],[-126.75,-78.19],[-123.12,-79.0],[-123.5,-79.41],[-125.44,-80.25],[-125.53,-80.5],[-125.49,-81.0],[-123.65,-81.5],[-129.98,-82.0],[-130.51,-82.25],[-128.37,-82.75],[-135.83,-84.75],[-138.0,-85.02],[-146.0,-85.24],[-163.5,-84.88],[-166.75,-85.08],[-168.0,-85.04],[-168.5,-84.81],[-173.5,-84.65],[-176.5,-84.63],[-179.0,-85.02],[-180.0,-84.9]]}},{"type":"Feature","properties":{"level":984},"geometry":{"type":"LineString","coordinates":[[114.75,-52.05],[112.75,-50.7],[111.57,-49.25],[111.85,-48.5],[112.75,-47.79],[116.75,-46.46],[117.52,-48.0],[118.0,-50.12],[117.5,-51.08],[115.59,-51.5],[115.76,-52.0],[115.5,-52.14],[114.75,-52.05]]}},{"type":"Feature","properties":{"level":984},"geometry":{"type":"LineString","coordinates":[[-121.5,21.73],[-122.03,22.0],[-121.8,22.5],[-121.43,22.25],[-121.5,21.73]]}},{"type":"Feature","properties":{"level":984},"geometry":{"type":"LineString","coordinates":[[168.0,46.24],[167.5,46.44],[166.81,48.5],[166.75,49.25],[167.14,51.0],[166.75,51.79],[163.4,52.75],[159.88,54.25],[160.66,55.25],[160.37,55.75],[160.61,56.25],[160.06,56.5],[160.2,57.25],[160.96,59.0],[161.82,59.75],[162.03,60.25],[161.25,60.35],[160.87,60.75],[161.02,61.0],[160.84,61.25],[161.37,61.75],[163.5,62.31],[166.0,61.9],[168.0,61.87],[168.75,61.52],[169.25,61.58],[170.25,61.03],[170.75,61.19],[171.5,60.83],[176.19,60.5],[177.75,59.93],[178.53,59.25],[178.64,58.75],[178.37,58.25],[175.84,56.25],[175.82,55.75],[174.78,55.0],[174.5,54.5],[174.73,53.75],[174.12,51.75],[174.26,49.75],[174.0,49.34],[171.0,46.64],[169.0,46.05],[168.0,46.24]]}},{"type":"Feature","properties":{"level":984},"geometry":{"type":"LineString","coordinates":[[150.0,54.5],[148.0,55.48],[147.16,56.5],[147.29,57.5],[148.75,58.88],[150.25,59.57],[152.25,59.55],[154.5,59.42],[156.25,58.5],[156.51,56.75],[156.25,55.96],[155.29,55.25],[152.75,54.4],[150.0,54.5]]}},{"type":"Feature","properties":{"level":984},"geometry":{"type":"LineString","coordinates":[[59.25,69.99],[49.25,70.5],[41.0,72.0],[32.5,74.4],[30.44,75.5],[29.91,76.0],[29.79,76.5],[30.55,77.5],[32.5,78.37],[35.5,79.14],[39.5,79.81],[47.0,80.31],[52.25,80.22],[55.23,79.75],[61.37,76.75],[61.29,76.0],[59.11,75.25],[58.42,74.75],[58.43,74.5],[60.5,73.1],[62.25,71.54],[62.54,71.0],[62.48,70.5],[61.25,70.06],[59.25,69.99]]}},{"type":"Feature","properties":{"level":988},"geometry":{"type":"LineString","coordinates":[[180.0,-85.37],[172.5,-85.59],[169.25,-85.19],[164.25,-85.56],[160.43,-85.25],[160.21,-85.0],[158.87,-84.75],[160.21,-84.5],[160.43,-84.25],[163.75,-84.08],[164.69,-83.75],[162.25,-83.89],[161.0,-83.67],[159.62,-84.0],[159.93,-84.25],[159.75,-84.29],[157.52,-84.25],[159.0,-84.08],[159.19,-84.0],[157.92,-83.75],[159.25,-83.66],[159.94,-83.25],[158.75,-82.82],[157.5,-83.36],[156.8,-83.25],[159.12,-82.5],[158.0,-81.69],[155.91,-81.75],[157.75,-81.32],[157.86,-81.0],[158.75,-80.51],[159.76,-80.25],[159.12,-80.0],[159.54,-79.75],[159.25,-79.46],[157.52,-79.25],[157.75,-79.0],[159.75,-79.12],[161.98,-78.5],[160.0,-78.06],[160.21,-77.75],[159.18,-77.25],[159.37,-77.0],[158.48,-76.75],[158.76,-76.5],[156.0,-75.79],[154.25,-75.76],[153.53,-75.25],[153.62,-74.25],[156.75,-74.15],[157.1,-74.0],[156.85,-73.75],[154.5,-73.4],[148.25,-73.74],[144.25,-73.37],[139.65,-72.25],[137.75,-71.39],[134.08,-70.5],[127.5,-70.91],[125.68,-71.5],[123.25,-71.92],[117.5,-72.47],[115.0,-73.06],[112.25,-73.1],[110.75,-73.45],[107.75,-73.3],[102.5,-72.47],[95.75,-72.77],[93.75,-71.84],[92.25,-71.47],[88.5,-71.54],[87.25,-71.72],[86.75,-72.09],[85.5,-72.13],[84.75,-72.6],[82.0,-73.17],[75.62,-75.5],[69.0,-75.75],[63.25,-75.4],[61.62,-75.0],[60.73,-74.0],[60.47,-73.5],[60.5,-72.8],[60.07,-72.25],[62.42,-70.5],[62.19,-70.25],[59.97,-69.75],[58.25,-69.09],[56.25,-68.87],[54.75,-68.97],[51.25,-69.87],[48.0,-70.13],[44.75,-70.92],[41.25,-71.21],[37.5,-71.07],[35.0,-71.99],[29.0,-72.04],[26.5,-72.38],[25.75,-72.25],[24.25,-72.62],[21.75,-72.63],[16.0,-72.36],[14.5,-72.22],[13.5,-71.86],[11.75,-71.94],[10.75,-71.73],[9.99,-72.0],[7.75,-71.94],[5.04,-72.25],[4.25,-72.9],[3.25,-73.21],[-0.25,-73.06],[-2.75,-73.3],[-3.5,-72.74],[-4.25,-73.05],[-7.5,-73.33],[-9.76,-73.75],[-10.24,-74.0],[-9.56,-74.25],[-10.25,-74.31],[-12.25,-75.16],[-11.95,-75.5],[-12.31,-76.75],[-10.25,-76.99],[-9.96,-77.25],[-10.75,-77.33],[-12.0,-77.06],[-14.4,-77.25],[-14.75,-77.5],[-13.83,-78.25],[-14.02,-78.5],[-16.0,-79.08],[-16.75,-79.53],[-18.9,-80.0],[-19.04,-80.25],[-18.78,-80.5],[-20.0,-80.73],[-28.1,-81.0],[-29.38,-81.25],[-28.64,-81.5],[-28.86,-81.75],[-36.0,-82.58],[-43.75,-84.52],[-57.03,-85.25],[-62.5,-85.25],[-66.25,-85.58],[-77.25,-85.36],[-87.75,-84.78],[-88.75,-85.03],[-91.01,-85.0],[-91.31,-84.5],[-86.75,-84.35],[-83.75,-83.49],[-80.94,-83.0],[-82.49,-82.25],[-80.0,-81.18],[-79.2,-80.5],[-79.64,-80.25],[-78.07,-79.75],[-78.23,-79.5],[-78.0,-79.38],[-69.5,-77.5],[-63.99,-75.5],[-64.12,-75.25],[-64.5,-75.22],[-67.5,-76.14],[-68.24,-76.0],[-67.55,-75.5],[-67.6,-75.25],[-65.25,-74.26],[-64.38,-74.5],[-64.94,-74.75],[-64.5,-74.83],[-63.75,-74.36],[-63.0,-74.26],[-62.36,-73.75],[-62.75,-73.53],[-63.77,-73.5],[-63.0,-72.75],[-63.14,-72.25],[-62.03,-71.25],[-62.99,-70.5],[-63.5,-69.6],[-66.25,-68.97],[-66.17,-69.25],[-67.75,-69.51],[-68.75,-70.1],[-69.5,-69.5],[-69.75,-69.87],[-70.5,-69.44],[-71.25,-69.5],[-70.06,-70.0],[-70.03,-70.25],[-70.5,-70.45],[-70.89,-71.0],[-75.18,-71.75],[-75.0,-72.2],[-74.71,-72.25],[-74.88,-72.5],[-78.0,-72.4],[-81.75,-73.82],[-84.25,-73.61],[-89.25,-73.76],[-89.84,-74.0],[-90.04,-74.5],[-88.67,-74.75],[-93.5,-75.76],[-101.75,-76.86],[-107.0,-76.85],[-110.75,-76.13],[-112.5,-76.43],[-114.75,-75.84],[-126.25,-75.5],[-128.0,-75.47],[-129.75,-75.75],[-129.34,-76.0],[-130.25,-76.72],[-131.5,-76.33],[-132.0,-75.94],[-132.86,-76.25],[-132.5,-76.61],[-130.25,-76.8],[-129.17,-77.25],[-126.5,-77.24],[-126.44,-77.5],[-126.0,-77.59],[-120.25,-78.2],[-117.67,-78.75],[-117.54,-79.0],[-118.59,-79.75],[-117.0,-80.17],[-117.28,-80.5],[-117.0,-80.56],[-114.0,-80.74],[-111.72,-80.5],[-113.57,-80.0],[-112.5,-79.82],[-108.2,-80.5],[-110.03,-81.0],[-110.75,-81.95],[-116.4,-83.0],[-116.74,-83.25],[-116.5,-83.3],[-105.25,-83.71],[-102.61,-83.5],[-100.18,-83.0],[-91.75,-82.37],[-91.32,-82.5],[-91.25,-82.75],[-91.75,-83.05],[-94.5,-83.68],[-102.0,-83.88],[-107.75,-84.56],[-116.39,-85.0],[-122.0,-85.59],[-122.39,-85.75],[-122.01,-86.0],[-122.25,-86.04],[-125.75,-86.29],[-127.81,-86.25],[-128.31,-86.0],[-130.25,-85.86],[-133.25,-85.95],[-135.5,-85.73],[-136.31,-85.75],[-135.2,-86.0],[-151.75,-85.82],[-158.75,-86.33],[-159.56,-86.25],[-157.72,-86.0],[-159.0,-85.77],[-164.0,-85.81],[-169.25,-85.52],[-170.75,-85.26],[-174.25,-85.48],[-176.5,-85.27],[-180.0,-85.37]]}},{"type":"Feature","properties":{"level":988},"geometry":{"type":"LineString","coordinates":[[-86.75,-81.28],[-86.8,-81.0],[-86.41,-80.75],[-85.75,-80.71],[-85.45,-81.0],[-86.75,-81.28]]}},{"type":"Feature","properties":{"level":988},"geometry":{"type":"LineString","coordinates":[[25.5,-81.28],[25.16,-81.0],[25.42,-80.75],[24.95,-79.75],[21.6,-78.25],[23.75,-78.41],[26.25,-78.96],[29.75,-78.97],[33.5,-79.32],[34.26,-79.5],[34.75,-80.0],[34.5,-80.6],[33.17,-81.0],[30.0,-81.31],[25.5,-81.28]]}},{"type":"Feature","properties":{"level":988},"geometry":{"type":"LineString","coordinates":[[-85.5,-79.0],[-86.21,-78.75],[-86.06,-78.5],[-86.52,-78.0],[-86.31,-77.75],[-86.45,-77.5],[-87.44,-77.25],[-87.18,-77.0],[-84.75,-76.63],[-83.25,-76.1],[-82.25,-76.15],[-82.0,-76.9],[-81.21,-77.0],[-85.13,-77.25],[-84.03,-77.5],[-84.75,-77.51],[-85.03,-77.75],[-84.73,-78.0],[-84.77,-78.25],[-84.15,-78.5],[-84.03,-79.0],[-84.75,-79.16],[-85.5,-79.0]]}},{"type":"Feature","properties":{"level":988},"geometry":{"type":"LineString","coordinates":[[-81.5,-78.55],[-81.68,-78.25],[-81.25,-78.16],[-79.8,-78.5],[-81.5,-78.55]]}},{"type":"Feature","properties":{"level":988},"geometry":{"type":"LineString","coordinates":[[-80.25,-77.07],[-79.5,-76.65],[-78.64,-77.0],[-79.75,-77.21],[-80.25,-77.07]]}},{"type":"Feature","properties":{"level":988},"geometry":{"type":"LineString","coordinates":[[-135.34,-76.5],[-134.03,-76.5],[-135.34,-76.5]]}},{"type":"Feature","properties":{"level":988},"geometry":{"type":"LineString","coordinates":[[-81.75,-76.08],[-81.0,-75.6],[-76.06,-75.5],[-78.25,-75.57],[-80.5,-76.2],[-81.75,-76.08]]}},{"type":"Feature","properties":{"level":988},"geometry":{"type":"LineString","coordinates":[[-70.0,-76.1],[-68.8,-76.0],[-70.0,-76.1]]}},{"type":"Feature","properties":{"level":988},"geometry":{"type":"LineString","coordinates":[[-63.78,-75.0],[-63.39,-75.0],[-63.78,-75.0]]}},{"type":"Feature","properties":{"level":988},"geometry":{"type":"LineString","coordinates":[[160.47,-74.25],[161.0,-74.32],[161.5,-74.05],[161.51,-73.75],[160.5,-73.54],[159.63,-73.75],[160.47,-74.25]]}},{"type":"Feature","properties":{"level":988},"geometry":{"type":"LineString","coordinates":[[-180.0,-62.15],[-178.5,-62.07],[-175.5,-61.34],[-163.5,-57.78],[-159.75,-57.03],[-153.5,-56.24],[-151.25,-55.5],[-138.5,-56.09],[-137.0,-56.77],[-132.75,-59.82],[-130.5,-60.73],[-129.0,-60.67],[-127.0,-59.8],[-126.18,-58.75],[-125.94,-57.75],[-125.81,-54.75],[-124.74,-51.25],[-124.14,-50.25],[-123.25,-49.37],[-121.85,-48.5],[-120.74,-48.0],[-118.75,-47.76],[-116.0,-47.94],[-114.0,-48.63],[-110.5,-50.49],[-106.08,-53.5],[-103.09,-57.0],[-101.11,-58.75],[-101.26,-59.25],[-103.35,-60.5],[-102.74,-61.0],[-103.41,-62.0],[-103.05,-62.25],[-99.58,-63.5],[-93.5,-64.79],[-86.25,-66.95],[-83.5,-67.48],[-78.25,-67.28],[-74.0,-66.11],[-69.5,-65.63],[-66.5,-65.81],[-66.0,-66.02],[-65.75,-66.76],[-64.67,-66.5],[-61.98,-65.0],[-59.25,-64.14],[-57.0,-63.05],[-54.0,-62.62],[-52.0,-62.64],[-48.0,-63.36],[-42.5,-64.95],[-35.75,-65.25],[-31.25,-65.03],[-22.25,-62.17],[-19.5,-60.84],[-14.63,-57.25],[-10.2,-52.75],[-7.25,-51.21],[-4.78,-50.5],[-2.5,-50.16],[7.25,-49.88],[10.72,-48.75],[13.0,-47.53],[15.25,-47.22],[19.75,-48.81],[22.75,-50.56],[24.95,-52.25],[28.13,-55.5],[28.62,-58.0],[29.6,-59.0],[32.25,-59.91],[35.73,-60.5],[43.25,-61.25],[51.0,-59.57],[58.0,-58.61],[65.0,-58.96],[70.0,-58.37],[76.5,-56.71],[80.0,-55.03],[80.6,-55.0],[83.0,-54.04],[96.25,-51.21],[98.75,-51.47],[103.5,-53.02],[106.0,-53.32],[108.5,-52.84],[109.92,-52.25],[110.71,-51.5],[110.39,-51.0],[110.26,-49.25],[110.85,-47.25],[115.0,-44.24],[116.0,-44.09],[116.99,-44.5],[118.03,-45.5],[120.75,-48.99],[121.25,-49.25],[122.95,-52.25],[123.65,-52.75],[130.75,-56.5],[143.75,-61.0],[147.75,-61.85],[151.5,-63.18],[156.75,-64.02],[166.0,-63.75],[176.25,-62.3],[180.0,-62.15]]}},{"type":"Feature","properties":{"level":988},"geometry":{"type":"LineString","coordinates":[[-121.75,21.47],[-122.26,21.75],[-122.53,22.25],[-122.0,22.88],[-121.25,22.62],[-120.93,22.0],[-121.19,21.5],[-121.75,21.47]]}},{"type":"Feature","properties":{"level":988},"geometry":{"type":"LineString","coordinates":[[180.0,56.22],[178.75,55.21],[178.13,55.0],[178.0,54.63],[176.8,54.25],[176.5,52.88],[175.3,51.25],[174.92,49.75],[174.29,48.5],[171.0,45.92],[169.75,45.38],[168.5,45.18],[167.5,45.6],[166.45,47.5],[165.46,50.0],[163.75,51.67],[161.0,52.78],[159.18,53.25],[158.5,54.21],[157.75,54.33],[157.0,54.91],[155.25,54.19],[153.25,53.8],[151.0,53.74],[149.0,54.1],[146.54,55.25],[144.79,56.75],[144.51,57.5],[144.9,58.5],[145.67,59.5],[146.78,60.25],[146.7,60.5],[148.0,60.87],[152.0,61.16],[153.75,62.25],[153.52,63.0],[155.0,63.51],[156.25,64.88],[157.5,65.15],[158.75,65.05],[160.25,65.59],[162.0,65.33],[163.5,64.45],[165.0,64.11],[166.0,64.15],[167.25,63.82],[170.25,63.9],[171.01,63.5],[171.26,63.0],[172.55,62.0],[175.0,61.81],[177.45,61.25],[178.75,60.75],[180.0,59.93]]}},{"type":"Feature","properties":{"level":988},"geometry":{"type":"LineString","coordinates":[[-180.0,59.93],[-179.34,59.25],[-179.08,58.25],[-179.47,57.0],[-180.0,56.22]]}},{"type":"Feature","properties":{"level":988},"geometry":{"type":"LineString","coordinates":[[47.25,68.99],[41.25,70.3],[31.0,73.63],[27.7,75.5],[26.88,76.5],[26.82,77.25],[27.43,78.0],[28.75,78.79],[31.5,79.63],[35.0,80.31],[44.75,81.25],[56.25,81.61],[64.25,81.0],[63.36,80.75],[65.25,80.18],[65.63,79.75],[65.73,79.0],[68.13,77.5],[68.0,76.96],[64.29,75.75],[64.75,75.5],[65.0,75.0],[65.69,71.5],[65.26,70.5],[64.0,69.66],[62.25,69.13],[59.75,68.93],[47.25,68.99]]}},{"type":"Feature","properties":{"level":992},"geometry":{"type":"LineString","coordinates":[[-95.36,-85.5],[-93.75,-85.68],[-93.14,-85.5],[-95.36,-85.5]]}},{"type":"Feature","properties":{"level":992},"geometry":{"type":"LineString","coordinates":[[180.0,-85.64],[172.75,-86.04],[162.25,-85.89],[157.25,-85.65],[156.26,-85.5],[156.14,-85.25],[158.21,-85.0],[157.75,-84.73],[153.43,-84.75],[152.89,-84.5],[157.46,-84.0],[153.8,-83.25],[155.5,-83.06],[155.69,-83.0],[155.64,-82.75],[152.51,-82.5],[156.0,-81.47],[157.52,-80.75],[157.71,-80.5],[156.55,-80.25],[156.34,-80.0],[158.69,-79.75],[157.5,-79.65],[155.48,-79.0],[159.12,-78.5],[159.05,-77.75],[159.42,-77.5],[157.25,-76.86],[155.5,-76.77],[151.98,-76.0],[148.75,-74.94],[147.0,-74.88],[143.0,-74.07],[140.5,-73.24],[138.0,-72.76],[136.25,-72.02],[134.75,-71.8],[132.5,-71.58],[128.25,-71.66],[119.5,-72.69],[116.5,-73.39],[111.5,-73.82],[106.75,-73.54],[102.0,-72.92],[95.75,-73.1],[93.25,-72.35],[92.25,-72.3],[88.5,-72.89],[87.5,-73.35],[85.25,-73.49],[84.5,-73.87],[78.75,-74.95],[76.0,-75.8],[66.5,-76.22],[62.0,-75.61],[59.34,-74.75],[59.5,-73.75],[59.24,-73.25],[59.48,-73.0],[58.94,-72.25],[61.14,-70.5],[60.85,-70.25],[58.78,-70.0],[58.25,-69.56],[55.75,-69.29],[53.74,-69.5],[47.7,-71.0],[43.25,-71.4],[37.75,-71.51],[36.5,-71.72],[35.0,-72.34],[32.25,-72.4],[30.75,-72.69],[28.5,-72.33],[24.5,-72.83],[20.75,-72.84],[14.25,-72.43],[12.75,-72.07],[11.5,-72.38],[11.0,-72.19],[7.25,-72.16],[6.7,-72.25],[4.25,-73.68],[0.25,-73.33],[-5.25,-74.08],[-8.1,-74.0],[-8.26,-74.25],[-11.79,-75.25],[-11.25,-75.47],[-9.75,-75.43],[-8.25,-76.11],[-6.21,-76.5],[-6.97,-77.0],[-10.96,-78.0],[-11.7,-78.75],[-11.75,-79.0],[-11.45,-79.25],[-16.76,-80.0],[-17.93,-80.75],[-17.73,-81.0],[-18.0,-81.27],[-20.63,-81.25],[-19.98,-81.5],[-22.5,-82.01],[-27.74,-82.0],[-33.75,-83.16],[-38.75,-84.53],[-41.75,-84.94],[-72.5,-86.61],[-85.0,-86.74],[-95.0,-86.22],[-102.5,-86.15],[-116.75,-86.44],[-132.5,-87.18],[-135.1,-87.0],[-135.23,-86.75],[-133.25,-86.47],[-142.25,-85.9],[-148.0,-86.32],[-157.25,-86.51],[-160.03,-86.25],[-159.75,-86.0],[-164.5,-85.98],[-171.0,-85.47],[-180.0,-85.64]]}},{"type":"Feature","properties":{"level":992},"geometry":{"type":"LineString","coordinates":[[-102.08,-85.0],[-100.75,-85.21],[-95.84,-85.0],[-96.5,-84.68],[-98.0,-84.6],[-101.3,-84.75],[-102.08,-85.0]]}},{"type":"Feature","properties":{"level":992},"geometry":{"type":"LineString","coordinates":[[-99.75,-82.5],[-96.6,-82.5],[-92.87,-82.0],[-92.59,-81.75],[-93.27,-81.5],[-92.75,-81.19],[-90.02,-81.0],[-92.35,-80.5],[-89.99,-80.25],[-89.88,-79.75],[-89.5,-79.69],[-86.5,-79.88],[-86.09,-79.75],[-86.56,-79.5],[-86.06,-79.25],[-87.25,-79.06],[-89.92,-77.75],[-90.46,-77.0],[-88.5,-76.22],[-90.0,-76.24],[-92.25,-76.93],[-94.67,-77.25],[-102.5,-77.76],[-107.25,-77.59],[-117.25,-76.19],[-118.23,-76.25],[-117.25,-76.37],[-116.13,-77.0],[-118.35,-77.5],[-115.25,-78.56],[-113.0,-78.79],[-110.25,-79.58],[-104.25,-80.13],[-102.71,-80.75],[-103.42,-81.0],[-96.21,-81.25],[-99.5,-81.59],[-104.0,-81.5],[-105.33,-81.75],[-101.75,-81.9],[-101.32,-82.0],[-101.27,-82.25],[-99.75,-82.5]]}},{"type":"Feature","properties":{"level":992},"geometry":{"type":"LineString","coordinates":[[28.0,-82.03],[25.25,-81.82],[23.03,-81.25],[22.99,-81.0],[24.19,-80.25],[24.06,-79.75],[20.33,-78.25],[14.11,-76.25],[35.5,-78.85],[36.55,-79.25],[37.06,-80.5],[36.72,-81.0],[36.15,-81.25],[32.25,-81.95],[28.0,-82.03]]}},{"type":"Feature","properties":{"level":992},"geometry":{"type":"LineString","coordinates":[[-127.46,-76.75],[-119.37,-76.75],[-120.25,-76.35],[-122.75,-76.21],[-126.25,-76.63],[-126.69,-76.5],[-126.14,-76.25],[-127.5,-76.17],[-127.75,-76.25],[-127.4,-76.5],[-127.46,-76.75]]}},{"type":"Feature","properties":{"level":992},"geometry":{"type":"LineString","coordinates":[[-70.61,-74.75],[-68.0,-74.87],[-65.75,-74.04],[-64.64,-74.0],[-64.66,-73.75],[-65.25,-73.4],[-66.0,-73.38],[-67.25,-73.73],[-70.25,-73.66],[-74.06,-74.25],[-71.5,-74.47],[-70.61,-74.75]]}},{"type":"Feature","properties":{"level":992},"geometry":{"type":"LineString","coordinates":[[-7.02,-73.75],[-5.5,-73.94],[-3.52,-73.25],[-6.5,-73.44],[-7.02,-73.75]]}},{"type":"Feature","properties":{"level":992},"geometry":{"type":"LineString","coordinates":[[160.09,-73.75],[161.0,-73.95],[161.4,-73.75],[160.09,-73.75]]}},{"type":"Feature","properties":{"level":992},"geometry":{"type":"LineString","coordinates":[[-64.75,-71.5],[-62.9,-71.25],[-63.73,-70.75],[-63.75,-70.39],[-64.21,-70.25],[-63.79,-70.0],[-64.0,-69.85],[-66.81,-70.0],[-66.25,-70.22],[-66.25,-70.59],[-65.25,-71.0],[-65.81,-71.25],[-64.75,-71.5]]}},{"type":"Feature","properties":{"level":992},"geometry":{"type":"LineString","coordinates":[[-180.0,-61.09],[-176.0,-60.5],[-163.5,-56.85],[-154.75,-55.2],[-153.0,-54.44],[-138.5,-54.72],[-132.5,-57.19],[-130.0,-57.1],[-129.25,-56.65],[-128.5,-55.81],[-126.82,-51.75],[-125.96,-50.25],[-124.36,-48.25],[-123.0,-47.16],[-121.75,-46.55],[-120.25,-46.18],[-117.5,-46.01],[-115.75,-46.18],[-112.75,-47.27],[-108.25,-50.43],[-107.5,-50.64],[-106.0,-51.73],[-102.5,-55.78],[-98.36,-59.0],[-98.22,-59.25],[-98.99,-59.75],[-99.16,-60.25],[-98.1,-62.0],[-95.25,-63.01],[-87.0,-65.05],[-83.0,-65.56],[-78.75,-65.57],[-72.5,-64.74],[-67.75,-64.42],[-65.0,-64.42],[-64.0,-64.71],[-63.25,-64.13],[-62.5,-64.37],[-62.62,-64.0],[-62.25,-63.74],[-57.5,-62.21],[-53.5,-61.61],[-48.5,-61.89],[-41.75,-63.11],[-38.5,-63.05],[-35.5,-62.63],[-31.5,-61.39],[-28.75,-61.0],[-27.25,-60.33],[-23.25,-59.27],[-20.75,-58.21],[-19.14,-57.25],[-14.37,-53.25],[-9.25,-50.44],[-4.25,-49.25],[3.75,-48.64],[7.0,-48.11],[8.5,-47.63],[10.0,-46.58],[12.75,-45.48],[16.0,-46.27],[18.5,-47.3],[23.5,-50.15],[27.75,-53.6],[30.0,-55.93],[30.53,-57.25],[31.93,-58.25],[36.25,-59.22],[43.75,-59.61],[50.0,-58.54],[58.75,-57.46],[65.0,-57.77],[69.5,-57.32],[74.5,-56.16],[82.75,-53.26],[95.25,-50.33],[97.75,-50.13],[103.0,-51.09],[105.5,-51.07],[107.88,-50.25],[111.0,-45.04],[114.0,-42.87],[115.48,-42.0],[116.0,-41.93],[118.25,-43.62],[122.99,-48.25],[124.86,-49.75],[132.21,-54.5],[138.75,-57.09],[143.0,-59.1],[151.0,-61.72],[153.25,-62.36],[156.0,-62.77],[161.25,-62.98],[164.0,-62.67],[165.5,-62.76],[180.0,-61.09]]}},{"type":"Feature","properties":{"level":992},"geometry":{"type":"LineString","coordinates":[[-121.75,21.18],[-122.5,21.59],[-122.86,22.25],[-122.5,22.99],[-122.0,23.19],[-121.0,22.76],[-120.66,22.0],[-121.0,21.31],[-121.75,21.18]]}},{"type":"Feature","properties":{"level":992},"geometry":{"type":"LineString","coordinates":[[180.0,53.82],[178.87,53.25],[176.0,50.25],[175.27,48.75],[174.25,47.4],[172.0,45.67],[170.75,45.0],[169.5,44.61],[168.25,44.56],[167.5,44.89],[166.25,46.22],[163.25,50.5],[162.11,51.25],[156.75,53.3],[151.25,53.11],[148.75,53.44],[146.79,54.0],[144.12,55.5],[142.86,57.0],[142.55,58.25],[143.09,60.0],[143.5,60.5],[144.5,60.48],[145.25,61.19],[147.25,61.62],[148.5,62.22],[150.25,62.23],[150.26,62.5],[150.76,62.75],[151.0,63.21],[151.5,63.05],[152.49,63.5],[152.55,64.0],[153.01,64.5],[154.83,65.75],[160.25,67.15],[161.75,67.15],[162.5,67.4],[165.25,67.17],[166.22,66.75],[166.5,66.22],[167.25,66.21],[167.75,65.78],[172.25,65.26],[174.5,64.52],[174.75,63.9],[176.01,63.75],[176.03,63.25],[176.54,62.75],[180.0,61.34]]}},{"type":"Feature","properties":{"level":992},"geometry":{"type":"LineString","coordinates":[[-51.75,54.47],[-52.14,55.0],[-51.25,55.6],[-50.25,55.58],[-49.39,55.0],[-49.73,54.5],[-50.5,54.27],[-51.75,54.47]]}},{"type":"Feature","properties":{"level":992},"geometry":{"type":"LineString","coordinates":[[-180.0,61.34],[-178.81,60.5],[-177.84,59.25],[-177.49,58.25],[-177.47,57.25],[-177.63,56.25],[-178.21,55.0],[-179.25,54.43],[-179.5,53.82],[-180.0,53.82]]}},{"type":"Feature","properties":{"level":992},"geometry":{"type":"LineString","coordinates":[[60.75,67.23],[55.75,67.81],[45.25,68.19],[40.75,69.07],[34.5,71.07],[30.0,72.18],[27.27,73.25],[23.28,75.5],[22.7,76.25],[22.38,77.25],[23.63,78.0],[23.55,78.25],[24.5,79.0],[23.52,79.5],[26.94,80.0],[29.25,80.68],[32.0,81.12],[41.25,82.0],[53.75,82.5],[64.5,82.53],[77.97,82.0],[81.56,81.75],[83.36,81.5],[83.5,81.29],[76.25,79.58],[74.4,78.75],[73.61,77.5],[70.86,75.0],[69.68,73.0],[68.98,71.25],[67.07,68.75],[64.0,67.93],[62.25,67.15],[60.75,67.23]]}},{"type":"Feature","properties":{"level":996},"geometry":{"type":"LineString","coordinates":[[180.0,-88.16],[157.25,-87.81],[154.21,-87.5],[156.19,-87.25],[156.09,-87.0],[162.9,-86.5],[154.0,-85.79],[152.95,-85.5],[154.32,-85.0],[149.86,-84.75],[152.52,-84.25],[152.66,-84.0],[152.36,-83.5],[151.4,-83.25],[151.5,-83.0],[153.2,-82.75],[151.5,-82.62],[151.22,-82.5],[151.25,-82.18],[153.25,-81.59],[155.73,-81.25],[157.09,-80.75],[154.0,-80.56],[151.5,-81.32],[150.24,-81.0],[152.25,-80.51],[155.5,-80.43],[155.75,-79.76],[156.41,-79.5],[154.75,-79.2],[154.26,-78.75],[155.75,-78.44],[157.75,-78.42],[158.12,-78.25],[157.75,-77.56],[157.25,-77.35],[152.0,-76.95],[147.75,-76.01],[142.25,-75.29],[134.75,-72.4],[130.0,-72.12],[126.5,-72.2],[120.5,-72.81],[117.25,-73.58],[111.75,-74.08],[102.25,-73.45],[96.25,-73.46],[92.5,-72.87],[88.5,-73.79],[86.0,-73.99],[82.75,-74.97],[77.25,-76.09],[65.5,-76.78],[63.25,-76.47],[61.5,-75.82],[59.39,-75.5],[57.9,-75.0],[57.68,-74.75],[58.24,-74.25],[58.29,-73.75],[57.97,-73.25],[58.31,-72.75],[58.08,-72.0],[58.55,-71.5],[58.5,-71.0],[59.01,-70.5],[55.5,-69.83],[47.75,-71.25],[37.5,-71.84],[34.75,-72.69],[30.75,-72.91],[26.0,-72.66],[24.75,-73.02],[20.5,-73.09],[16.75,-72.66],[8.25,-72.47],[6.75,-72.67],[6.29,-73.0],[6.43,-73.5],[7.25,-74.01],[-0.5,-73.73],[-4.19,-74.25],[2.25,-75.66],[10.25,-76.27],[15.75,-77.34],[16.16,-77.25],[12.25,-76.15],[10.91,-75.5],[12.5,-75.4],[18.1,-76.0],[32.5,-77.93],[37.01,-78.75],[38.2,-79.5],[38.77,-80.5],[38.24,-81.25],[35.34,-82.25],[27.0,-83.37],[21.44,-83.25],[21.5,-83.0],[23.85,-82.5],[20.83,-81.25],[20.76,-80.75],[22.35,-80.25],[22.35,-80.0],[21.0,-79.47],[15.75,-78.12],[5.75,-76.66],[-0.25,-76.95],[-9.25,-77.88],[-10.49,-78.25],[-9.75,-78.53],[-7.15,-78.75],[-9.0,-78.82],[-9.65,-79.25],[-7.08,-79.5],[-7.89,-79.75],[-12.75,-79.9],[-12.97,-80.0],[-13.01,-80.75],[-14.5,-80.69],[-16.18,-81.0],[-16.91,-81.5],[-15.16,-81.75],[-14.98,-82.0],[-16.5,-82.4],[-22.5,-82.61],[-25.8,-83.0],[-25.62,-83.25],[-24.75,-83.4],[-19.5,-83.25],[-17.98,-83.5],[-19.04,-83.75],[-22.7,-84.25],[-28.5,-84.47],[-36.25,-85.4],[-45.75,-85.98],[-55.75,-86.18],[-75.75,-87.21],[-132.25,-87.74],[-162.75,-87.2],[-163.68,-87.0],[-159.97,-86.5],[-161.0,-86.16],[-165.0,-86.14],[-168.0,-85.81],[-171.5,-85.74],[-179.5,-86.06],[-180.0,-86.26]]}},{"type":"Feature","properties":{"level":996},"geometry":{"type":"LineString","coordinates":[[-180.0,-87.55],[-169.75,-87.64],[-163.17,-88.0],[-180.0,-88.16]]}},{"type":"Feature","properties":{"level":996},"geometry":{"type":"LineString","coordinates":[[-150.24,-87.0],[-147.02,-87.0],[-150.24,-87.0]]}},{"type":"Feature","properties":{"level":996},"geometry":{"type":"LineString","coordinates":[[-170.25,-86.78],[-170.11,-86.5],[-169.25,-86.48],[-166.7,-86.75],[-168.5,-86.97],[-170.25,-86.78]]}},{"type":"Feature","properties":{"level":996},"geometry":{"type":"LineString","coordinates":[[-158.33,-86.75],[-154.5,-86.75],[-158.33,-86.75]]}},{"type":"Feature","properties":{"level":996},"geometry":{"type":"LineString","coordinates":[[-165.75,-86.55],[-165.92,-86.5],[-164.32,-86.5],[-165.75,-86.55]]}},{"type":"Feature","properties":{"level":996},"geometry":{"type":"LineString","coordinates":[[-145.48,-86.25],[-143.5,-86.47],[-141.68,-86.25],[-142.5,-86.07],[-145.48,-86.25]]}},{"type":"Feature","properties":{"level":996},"geometry":{"type":"LineString","coordinates":[[128.25,-86.27],[127.12,-86.0],[130.25,-85.86],[133.22,-86.25],[128.25,-86.27]]}},{"type":"Feature","properties":{"level":996},"geometry":{"type":"LineString","coordinates":[[180.0,-86.26],[174.49,-86.75],[177.27,-87.0],[176.5,-87.12],[171.22,-87.25],[180.0,-87.55]]}},{"type":"Feature","properties":{"level":996},"geometry":{"type":"LineString","coordinates":[[-100.56,-80.5],[-95.0,-80.29],[-92.25,-79.88],[-91.75,-79.5],[-89.25,-79.31],[-88.42,-79.0],[-89.69,-78.75],[-89.5,-78.5],[-89.75,-78.36],[-93.5,-77.97],[-105.5,-78.46],[-112.5,-77.62],[-114.0,-78.0],[-114.1,-78.25],[-112.0,-78.51],[-111.75,-79.02],[-103.25,-79.93],[-100.56,-80.5]]}},{"type":"Feature","properties":{"level":996},"geometry":{"type":"LineString","coordinates":[[-6.83,-75.25],[-5.47,-75.0],[-5.92,-74.75],[-4.8,-74.5],[-7.5,-74.33],[-10.52,-75.0],[-9.25,-75.17],[-8.25,-74.9],[-6.83,-75.25]]}},{"type":"Feature","properties":{"level":996},"geometry":{"type":"LineString","coordinates":[[-69.44,-74.5],[-67.88,-74.5],[-69.44,-74.5]]}},{"type":"Feature","properties":{"level":996},"geometry":{"type":"LineString","coordinates":[[-180.0,-60.2],[-175.25,-59.4],[-164.0,-56.0],[-156.25,-54.2],[-154.75,-53.44],[-138.75,-53.26],[-134.5,-54.39],[-132.75,-54.68],[-131.5,-54.56],[-130.75,-54.19],[-129.75,-53.16],[-127.99,-50.0],[-125.99,-47.25],[-124.5,-45.7],[-122.0,-44.3],[-119.75,-43.96],[-116.5,-44.2],[-114.0,-44.83],[-110.25,-46.89],[-108.5,-48.37],[-106.75,-49.4],[-106.25,-49.43],[-102.85,-53.75],[-99.6,-56.5],[-95.25,-59.06],[-94.82,-59.5],[-95.14,-60.25],[-94.99,-60.5],[-93.25,-61.79],[-87.5,-63.42],[-83.0,-63.98],[-81.0,-64.05],[-71.5,-63.27],[-65.0,-63.12],[-57.75,-61.35],[-53.75,-60.72],[-48.75,-60.75],[-43.25,-61.59],[-41.25,-61.64],[-38.0,-61.31],[-31.59,-60.0],[-29.94,-59.5],[-22.5,-56.27],[-14.5,-51.27],[-11.25,-49.7],[-7.0,-48.54],[3.5,-46.89],[6.0,-45.77],[7.08,-45.75],[7.5,-45.02],[7.75,-45.12],[8.25,-44.7],[8.98,-43.5],[9.25,-43.45],[14.75,-44.71],[21.25,-47.8],[26.25,-51.17],[31.12,-55.25],[32.44,-56.75],[33.5,-57.34],[37.5,-58.18],[44.5,-58.24],[56.0,-56.93],[59.25,-56.31],[65.5,-56.61],[69.0,-56.27],[71.74,-55.75],[80.54,-53.0],[95.89,-49.25],[97.75,-49.09],[104.25,-49.33],[106.73,-48.25],[107.82,-47.25],[109.83,-44.25],[112.81,-41.75],[115.25,-40.23],[119.0,-42.2],[123.75,-45.82],[127.46,-48.25],[128.75,-48.38],[129.75,-49.17],[130.03,-49.0],[130.47,-48.0],[130.56,-46.75],[130.75,-46.58],[133.5,-47.66],[138.2,-51.75],[138.45,-52.25],[138.0,-52.69],[136.25,-52.22],[136.0,-52.25],[136.0,-52.74],[138.86,-55.0],[144.0,-57.67],[150.62,-60.0],[155.94,-61.5],[158.75,-61.82],[167.25,-61.5],[180.0,-60.2]]}},{"type":"Feature","properties":{"level":996},"geometry":{"type":"LineString","coordinates":[[-122.25,20.92],[-123.08,21.75],[-123.15,22.75],[-122.5,23.46],[-121.25,23.39],[-120.37,22.5],[-120.43,21.5],[-121.25,20.86],[-122.25,20.92]]}},{"type":"Feature","properties":{"level":996},"geometry":{"type":"LineString","coordinates":[[180.0,51.97],[177.5,50.18],[175.0,47.24],[172.75,45.47],[170.75,44.28],[168.25,44.04],[166.25,45.13],[162.23,49.75],[160.5,50.85],[156.75,52.17],[151.25,52.46],[148.0,52.91],[146.25,53.42],[144.09,54.25],[142.84,55.0],[141.97,55.75],[140.7,57.5],[140.75,57.75],[140.41,57.75],[141.75,61.1],[142.75,61.15],[143.75,61.78],[144.25,61.63],[145.0,61.79],[145.75,62.4],[146.37,62.25],[146.76,63.75],[148.5,63.45],[150.0,63.98],[151.24,64.5],[152.15,65.5],[153.52,66.25],[154.74,66.5],[155.25,66.93],[159.3,68.75],[161.25,69.18],[163.0,68.92],[163.75,69.11],[164.75,68.92],[166.25,68.2],[170.0,67.5],[170.25,67.22],[174.75,66.61],[175.25,66.07],[176.0,66.08],[178.0,65.0],[180.0,63.3]]}},{"type":"Feature","properties":{"level":996},"geometry":{"type":"LineString","coordinates":[[-51.0,53.72],[-52.64,54.25],[-53.17,55.25],[-52.44,56.75],[-51.0,57.63],[-49.0,58.02],[-45.0,58.08],[-44.08,58.5],[-42.75,58.62],[-40.5,60.43],[-36.5,61.57],[-33.25,61.72],[-31.87,61.25],[-31.88,61.0],[-32.44,60.75],[-36.75,59.97],[-40.18,58.75],[-40.57,58.0],[-42.06,57.0],[-42.06,56.0],[-42.44,55.25],[-44.3,54.25],[-45.25,54.0],[-51.0,53.72]]}},{"type":"Feature","properties":{"level":996},"geometry":{"type":"LineString","coordinates":[[69.75,59.95],[67.25,61.11],[64.5,61.93],[61.25,63.25],[60.0,63.93],[59.75,64.25],[59.65,65.25],[59.25,65.41],[57.95,65.5],[57.75,65.75],[53.75,66.6],[46.75,67.12],[42.25,67.74],[34.0,69.88],[25.25,71.7],[18.9,74.25],[14.98,76.25],[14.34,77.0],[16.5,77.14],[17.45,77.5],[16.48,78.0],[17.0,78.29],[18.25,78.4],[18.42,78.75],[19.35,79.0],[19.13,79.25],[19.75,79.46],[19.72,79.75],[20.24,80.0],[21.55,80.25],[22.07,80.75],[23.96,81.25],[33.0,82.47],[46.5,83.29],[69.0,83.53],[98.75,82.81],[111.5,81.78],[115.11,81.0],[116.1,80.25],[115.5,79.77],[113.5,79.32],[106.0,78.87],[101.5,79.32],[99.75,79.19],[97.25,79.75],[94.25,79.69],[85.5,78.7],[80.75,77.37],[77.75,75.71],[74.39,73.25],[69.37,67.5],[69.36,66.25],[70.48,64.25],[71.29,62.0],[71.25,61.0],[70.75,60.0],[70.25,59.77],[69.75,59.95]]}},{"type":"Feature","properties":{"level":996},"geometry":{"type":"LineString","coordinates":[[-180.0,63.3],[-177.5,61.01],[-176.45,59.5],[-176.0,58.08],[-175.88,56.0],[-176.14,54.75],[-176.5,54.26],[-177.92,53.0],[-180.0,51.97]]}},{"type":"Feature","properties":{"level":996},"geometry":{"type":"LineString","coordinates":[[15.75,77.42],[15.56,77.5],[16.02,77.5],[15.75,77.42]]}},{"type":"Feature","properties":{"level":1000},"geometry":{"type":"LineString","coordinates":[[180.0,-88.44],[135.64,-87.75],[122.78,-86.5],[120.86,-86.0],[120.05,-85.5],[119.98,-85.25],[121.25,-84.86],[125.0,-84.5],[134.59,-85.5],[142.75,-85.86],[143.92,-85.75],[146.0,-85.09],[146.15,-85.0],[145.36,-84.5],[145.75,-84.41],[151.08,-84.25],[150.25,-83.94],[147.25,-84.19],[146.13,-83.75],[149.25,-83.28],[149.69,-83.0],[149.96,-82.5],[149.75,-82.39],[146.19,-82.0],[147.3,-81.5],[147.08,-81.25],[148.5,-80.05],[151.0,-79.35],[150.05,-78.5],[149.9,-78.0],[147.0,-77.69],[143.75,-77.8],[141.25,-77.25],[140.03,-76.75],[137.22,-74.5],[135.43,-73.5],[131.75,-72.56],[129.75,-72.47],[121.5,-72.92],[119.7,-73.25],[118.0,-73.87],[111.75,-74.33],[98.0,-73.88],[92.75,-73.3],[79.25,-76.51],[65.0,-77.29],[63.25,-77.12],[61.0,-76.08],[59.0,-75.92],[55.74,-74.75],[56.36,-74.25],[56.19,-73.5],[56.75,-73.5],[57.09,-73.0],[57.19,-71.0],[55.0,-70.4],[50.25,-71.25],[37.75,-72.13],[34.75,-72.95],[28.0,-73.07],[26.75,-72.75],[25.0,-73.22],[21.0,-73.3],[15.25,-72.79],[9.0,-72.85],[7.56,-73.25],[7.59,-73.5],[10.23,-74.5],[12.37,-75.0],[24.75,-76.49],[36.75,-78.36],[39.59,-79.5],[40.13,-80.25],[40.05,-81.0],[38.25,-82.04],[28.75,-83.79],[20.0,-84.02],[17.13,-83.75],[18.12,-83.0],[21.9,-82.5],[21.81,-82.25],[18.67,-81.25],[19.01,-81.0],[18.98,-80.5],[20.41,-80.0],[18.11,-79.0],[14.1,-78.25],[9.0,-77.59],[3.25,-77.41],[-1.75,-77.59],[-3.5,-77.94],[-8.97,-78.0],[-9.94,-78.25],[-4.25,-78.75],[-5.75,-79.03],[-8.59,-79.0],[-6.27,-79.5],[-6.33,-79.75],[-9.66,-80.25],[-9.84,-80.75],[-13.37,-81.0],[-13.24,-81.25],[-10.64,-81.5],[-12.02,-82.25],[-11.0,-82.63],[-0.1,-82.75],[5.04,-83.25],[4.65,-83.5],[-1.5,-83.68],[-14.06,-84.5],[-18.25,-84.97],[-20.77,-85.75],[-22.75,-85.94],[-25.75,-85.98],[-28.0,-85.6],[-68.5,-87.56],[-109.75,-88.17],[-180.0,-88.44]]}},{"type":"Feature","properties":{"level":1000},"geometry":{"type":"LineString","coordinates":[[-163.12,-86.25],[-161.71,-86.25],[-163.12,-86.25]]}},{"type":"Feature","properties":{"level":1000},"geometry":{"type":"LineString","coordinates":[[-8.5,-80.76],[-8.0,-80.58],[-5.16,-80.75],[-8.5,-80.76]]}},{"type":"Feature","properties":{"level":1000},"geometry":{"type":"LineString","coordinates":[[-100.43,-80.25],[-98.25,-80.32],[-94.75,-80.02],[-92.75,-79.59],[-92.12,-79.25],[-92.13,-79.0],[-92.2,-78.75],[-93.25,-78.66],[-96.5,-78.77],[-101.68,-79.75],[-100.43,-80.25]]}},{"type":"Feature","properties":{"level":1000},"geometry":{"type":"LineString","coordinates":[[5.76,-75.75],[9.0,-75.88],[9.43,-75.75],[9.53,-75.25],[8.0,-74.93],[6.75,-75.23],[5.5,-75.11],[5.09,-75.0],[5.82,-74.5],[4.0,-74.29],[0.5,-74.52],[-0.08,-74.75],[2.64,-75.5],[5.76,-75.75]]}},{"type":"Feature","properties":{"level":1000},"geometry":{"type":"LineString","coordinates":[[-180.0,-59.28],[-176.54,-58.75],[-173.25,-57.89],[-157.75,-53.2],[-156.65,-52.5],[-145.75,-52.27],[-139.0,-51.64],[-135.0,-52.22],[-132.75,-51.86],[-131.75,-51.31],[-130.91,-50.5],[-129.0,-48.0],[-127.85,-46.0],[-125.36,-43.5],[-122.75,-42.46],[-120.0,-41.82],[-117.5,-41.97],[-114.75,-42.66],[-110.0,-44.75],[-107.5,-46.55],[-107.0,-45.95],[-103.7,-50.75],[-101.25,-53.51],[-99.18,-55.25],[-95.5,-57.45],[-91.25,-59.29],[-89.75,-60.77],[-86.75,-61.64],[-83.25,-62.12],[-81.25,-62.24],[-72.5,-61.77],[-66.0,-62.02],[-63.0,-61.71],[-56.75,-60.3],[-53.75,-59.89],[-48.25,-59.72],[-42.25,-60.44],[-39.5,-60.18],[-35.29,-59.25],[-32.5,-58.43],[-28.41,-56.5],[-24.97,-55.25],[-17.09,-50.75],[-13.44,-49.0],[-9.25,-47.75],[-2.75,-46.42],[-0.08,-45.5],[0.79,-45.0],[2.07,-43.5],[2.13,-42.25],[1.85,-41.75],[2.25,-40.93],[2.5,-40.88],[7.75,-41.62],[12.75,-42.86],[18.0,-45.22],[23.75,-48.4],[29.25,-52.33],[33.0,-55.41],[35.0,-56.5],[36.75,-56.97],[39.5,-57.27],[44.75,-57.15],[55.5,-56.04],[59.0,-55.42],[61.75,-55.28],[66.5,-55.48],[69.25,-55.11],[95.75,-48.3],[97.5,-47.96],[103.0,-47.62],[105.0,-46.86],[111.5,-40.8],[114.25,-38.92],[116.0,-39.15],[118.25,-39.92],[121.75,-41.67],[124.0,-42.43],[125.0,-42.19],[126.34,-42.5],[126.92,-42.25],[127.25,-41.62],[128.5,-41.97],[129.25,-41.85],[129.74,-42.75],[131.0,-43.2],[131.75,-43.78],[135.25,-46.67],[137.5,-49.01],[143.25,-53.6],[147.25,-55.92],[156.4,-59.75],[159.75,-60.42],[161.5,-60.51],[171.0,-60.05],[180.0,-59.28]]}},{"type":"Feature","properties":{"level":1000},"geometry":{"type":"LineString","coordinates":[[-61.75,-24.06],[-63.89,-23.25],[-63.4,-21.75],[-63.59,-21.25],[-63.01,-20.5],[-63.21,-19.5],[-63.75,-19.0],[-63.0,-17.73],[-62.11,-18.25],[-61.5,-19.34],[-60.25,-20.65],[-59.89,-21.5],[-59.83,-23.0],[-60.25,-23.82],[-60.5,-24.02],[-61.75,-24.06]]}},{"type":"Feature","properties":{"level":1000},"geometry":{"type":"LineString","coordinates":[[-122.25,20.25],[-123.4,20.75],[-123.83,22.5],[-123.53,23.25],[-123.0,23.75],[-121.75,24.11],[-120.75,23.82],[-120.02,23.25],[-119.63,22.5],[-119.61,21.75],[-119.91,21.0],[-120.5,20.43],[-121.25,20.13],[-122.25,20.25]]}},{"type":"Feature","properties":{"level":1000},"geometry":{"type":"LineString","coordinates":[[158.25,28.37],[157.74,28.75],[158.0,29.04],[158.48,29.0],[158.25,28.37]]}},{"type":"Feature","properties":{"level":1000},"geometry":{"type":"LineString","coordinates":[[180.0,50.54],[178.2,49.5],[174.75,46.06],[172.5,44.63],[170.0,43.5],[168.25,43.55],[166.25,44.28],[164.69,45.25],[163.29,46.5],[161.93,48.25],[159.54,50.0],[155.25,51.27],[147.25,52.35],[144.0,53.4],[142.75,53.91],[141.0,55.12],[139.55,56.5],[139.27,57.25],[139.82,58.0],[139.54,58.75],[139.63,59.25],[140.07,59.5],[140.2,60.0],[139.93,60.25],[141.49,62.0],[142.75,61.91],[144.75,62.61],[144.84,63.0],[144.13,63.25],[145.75,63.85],[146.0,64.4],[147.25,64.51],[148.25,64.17],[148.25,64.81],[148.75,64.8],[150.25,65.44],[152.0,66.9],[154.75,68.48],[159.5,70.06],[163.5,70.42],[171.0,70.21],[172.5,69.38],[174.0,69.16],[174.65,68.75],[174.42,68.25],[176.5,67.8],[177.09,66.75],[178.5,66.47],[180.0,65.66]]}},{"type":"Feature","properties":{"level":1000},"geometry":{"type":"LineString","coordinates":[[-47.5,52.75],[-51.75,53.25],[-53.06,53.75],[-54.2,54.5],[-54.85,55.5],[-54.98,56.5],[-54.84,58.25],[-54.11,59.75],[-52.25,60.13],[-48.25,59.61],[-46.55,60.5],[-46.53,61.0],[-45.5,61.07],[-44.4,60.25],[-42.75,60.1],[-41.0,61.28],[-39.0,61.99],[-37.25,62.33],[-33.5,62.58],[-30.25,62.06],[-28.85,61.25],[-28.5,60.75],[-28.45,60.0],[-28.75,59.55],[-30.25,59.0],[-33.0,58.61],[-36.0,57.6],[-38.79,56.0],[-41.25,53.96],[-44.25,52.87],[-47.5,52.75]]}},{"type":"Feature","properties":{"level":1000},"geometry":{"type":"LineString","coordinates":[[-80.0,53.0],[-83.25,53.83],[-86.15,55.25],[-87.03,56.25],[-87.2,57.0],[-86.82,57.25],[-82.75,57.97],[-79.25,57.88],[-76.5,57.12],[-75.42,56.5],[-74.71,55.75],[-74.48,54.75],[-74.79,53.25],[-75.5,52.93],[-80.0,53.0]]}},{"type":"Feature","properties":{"level":1000},"geometry":{"type":"LineString","coordinates":[[69.0,57.49],[67.03,58.0],[65.0,59.2],[60.25,61.17],[58.75,62.27],[54.32,64.0],[53.25,64.74],[52.25,65.07],[49.5,65.73],[40.75,66.85],[33.5,68.93],[25.75,70.48],[24.74,70.5],[20.0,71.88],[15.5,73.88],[11.24,76.25],[9.4,77.75],[9.22,78.5],[10.5,79.3],[13.0,79.2],[14.22,79.5],[14.47,79.75],[14.17,80.0],[14.22,80.5],[16.5,81.45],[20.0,82.31],[25.5,83.08],[32.87,83.75],[42.0,84.23],[60.0,84.64],[90.5,84.29],[102.5,83.83],[112.0,83.2],[119.0,82.38],[124.7,81.25],[127.4,80.0],[128.52,78.75],[128.64,78.0],[128.28,77.25],[127.75,76.75],[126.5,76.38],[99.75,78.0],[93.5,77.59],[89.77,77.0],[83.5,75.21],[79.75,73.43],[76.88,71.75],[74.5,69.28],[73.89,68.25],[73.45,66.75],[74.98,62.0],[75.03,61.0],[74.73,60.0],[73.5,58.54],[71.82,57.5],[69.0,57.49]]}},{"type":"Feature","properties":{"level":1000},"geometry":{"type":"LineString","coordinates":[[-94.5,60.0],[-94.88,60.5],[-94.25,60.93],[-93.25,60.79],[-92.67,60.25],[-93.75,59.92],[-94.5,60.0]]}},{"type":"Feature","properties":{"level":1000},"geometry":{"type":"LineString","coordinates":[[-180.0,65.66],[-178.32,64.25],[-175.48,60.75],[-174.83,59.25],[-174.51,56.5],[-174.9,54.0],[-175.75,52.7],[-177.5,51.65],[-178.0,51.74],[-180.0,50.54]]}},{"type":"Feature","properties":{"level":1000},"geometry":{"type":"LineString","coordinates":[[138.0,71.48],[136.76,72.0],[136.67,72.75],[138.0,72.88],[139.13,72.5],[139.25,71.69],[138.0,71.48]]}},{"type":"Feature","properties":{"level":1000},"geometry":{"type":"LineString","coordinates":[[165.25,75.48],[166.31,75.5],[165.25,75.48]]}},{"type":"Feature","properties":{"level":1000},"geometry":{"type":"LineString","coordinates":[[177.5,76.23],[175.66,76.75],[177.5,76.76],[178.44,76.5],[178.43,76.25],[177.5,76.23]]}},{"type":"Feature","properties":{"level":1004},"geometry":{"type":"LineString","coordinates":[[180.0,-88.69],[133.93,-88.0],[118.5,-86.86],[115.4,-85.75],[116.25,-84.91],[120.14,-83.75],[129.25,-83.23],[138.4,-82.25],[137.08,-82.0],[137.5,-81.73],[140.75,-81.99],[141.62,-81.75],[141.4,-81.25],[144.26,-80.75],[146.21,-80.0],[146.09,-79.0],[145.0,-78.59],[141.5,-78.01],[139.1,-77.25],[137.25,-76.17],[136.32,-75.25],[134.79,-74.25],[132.0,-73.02],[131.0,-72.82],[121.5,-73.18],[120.45,-73.5],[119.0,-74.34],[116.75,-74.58],[102.5,-74.45],[95.25,-73.74],[93.25,-73.75],[88.25,-75.29],[87.0,-75.3],[78.75,-77.09],[65.0,-77.75],[62.5,-77.43],[60.75,-76.44],[57.75,-76.06],[54.4,-75.0],[53.96,-74.25],[54.69,-73.25],[55.25,-73.4],[55.42,-73.25],[56.01,-72.5],[55.99,-72.0],[55.5,-71.49],[53.0,-71.27],[45.09,-71.75],[40.0,-72.46],[38.0,-72.45],[35.5,-73.2],[32.25,-73.48],[26.5,-73.16],[23.5,-73.58],[18.0,-73.59],[14.0,-73.11],[9.08,-73.25],[9.5,-73.36],[9.57,-73.75],[10.5,-74.1],[15.76,-75.25],[22.75,-75.98],[38.0,-78.31],[40.27,-79.25],[41.3,-80.25],[41.28,-81.0],[39.71,-82.0],[35.77,-83.0],[35.14,-83.25],[35.32,-83.5],[35.0,-83.61],[32.39,-83.75],[32.28,-84.0],[33.85,-84.25],[33.28,-84.5],[28.75,-85.12],[25.0,-85.07],[20.25,-84.57],[8.0,-84.68],[-4.5,-85.25],[-12.25,-86.03],[-18.0,-86.32],[-37.25,-86.68],[-64.5,-87.82],[-106.25,-88.66],[-169.0,-89.02],[-173.56,-89.0],[-169.21,-88.75],[-180.0,-88.69]]}},{"type":"Feature","properties":{"level":1004},"geometry":{"type":"LineString","coordinates":[[133.55,-84.5],[142.75,-84.39],[144.5,-84.0],[145.12,-83.5],[148.91,-82.75],[141.75,-82.74],[140.75,-83.29],[134.0,-83.73],[133.98,-84.0],[133.24,-84.25],[133.55,-84.5]]}},{"type":"Feature","properties":{"level":1004},"geometry":{"type":"LineString","coordinates":[[10.82,-83.25],[13.0,-83.26],[20.55,-82.5],[20.25,-82.19],[16.5,-81.56],[9.5,-81.13],[0.25,-81.66],[-5.5,-81.14],[-6.39,-81.25],[-6.51,-81.5],[-7.3,-81.75],[-7.19,-82.0],[-6.0,-82.13],[-0.25,-82.06],[4.25,-82.39],[10.82,-83.25]]}},{"type":"Feature","properties":{"level":1004},"geometry":{"type":"LineString","coordinates":[[-11.06,-81.0],[-8.75,-81.19],[-7.24,-81.0],[-11.06,-81.0]]}},{"type":"Feature","properties":{"level":1004},"geometry":{"type":"LineString","coordinates":[[5.05,-80.5],[7.75,-80.59],[10.0,-80.27],[13.0,-80.29],[16.72,-79.75],[15.47,-79.25],[11.0,-78.57],[7.5,-78.25],[5.0,-78.45],[3.75,-78.0],[2.1,-78.5],[1.91,-78.75],[2.75,-79.27],[1.26,-79.5],[2.28,-79.75],[2.29,-80.0],[5.05,-80.5]]}},{"type":"Feature","properties":{"level":1004},"geometry":{"type":"LineString","coordinates":[[-0.19,-80.0],[1.0,-80.22],[1.15,-80.0],[1.0,-79.72],[0.25,-79.5],[-0.45,-79.75],[-0.19,-80.0]]}},{"type":"Feature","properties":{"level":1004},"geometry":{"type":"LineString","coordinates":[[4.75,-79.75],[4.54,-79.5],[5.84,-79.5],[5.5,-79.78],[4.75,-79.75]]}},{"type":"Feature","properties":{"level":1004},"geometry":{"type":"LineString","coordinates":[[-6.42,-79.25],[-5.25,-79.46],[-3.4,-79.25],[-4.25,-79.09],[-6.42,-79.25]]}},{"type":"Feature","properties":{"level":1004},"geometry":{"type":"LineString","coordinates":[[-2.1,-79.0],[-1.25,-79.15],[-1.07,-79.0],[-1.51,-78.75],[-1.25,-78.54],[0.77,-78.5],[-1.0,-78.45],[-2.25,-78.12],[-3.64,-78.5],[-2.1,-79.0]]}},{"type":"Feature","properties":{"level":1004},"geometry":{"type":"LineString","coordinates":[[-7.61,-78.25],[-5.25,-78.45],[-4.17,-78.25],[-5.25,-78.06],[-7.61,-78.25]]}},{"type":"Feature","properties":{"level":1004},"geometry":{"type":"LineString","coordinates":[[2.07,-75.0],[3.75,-75.15],[4.17,-75.0],[2.5,-74.55],[0.98,-74.75],[2.07,-75.0]]}},{"type":"Feature","properties":{"level":1004},"geometry":{"type":"LineString","coordinates":[[-180.0,-58.34],[-176.0,-57.6],[-171.27,-56.25],[-161.5,-53.01],[-159.5,-52.25],[-158.75,-51.6],[-146.0,-50.92],[-139.5,-50.04],[-136.25,-50.04],[-135.0,-49.75],[-133.0,-48.56],[-128.35,-43.25],[-125.25,-41.06],[-122.25,-40.08],[-119.75,-39.78],[-113.75,-40.73],[-111.75,-40.53],[-111.34,-39.5],[-111.8,-37.25],[-111.25,-36.74],[-109.25,-38.17],[-108.19,-39.5],[-105.89,-45.0],[-104.38,-47.75],[-102.52,-50.25],[-99.42,-53.5],[-97.25,-55.17],[-94.98,-56.5],[-92.25,-57.71],[-91.0,-57.97],[-86.23,-59.75],[-82.5,-60.52],[-76.25,-60.86],[-65.75,-60.81],[-62.25,-60.5],[-53.5,-58.97],[-48.0,-58.67],[-42.25,-59.13],[-38.75,-58.63],[-36.25,-57.94],[-27.5,-54.55],[-19.37,-50.0],[-15.61,-48.25],[-5.67,-45.25],[-4.0,-44.44],[-2.96,-43.75],[-1.79,-42.0],[-2.2,-41.25],[-1.97,-40.75],[-2.17,-39.5],[-2.0,-38.96],[-1.5,-38.76],[4.5,-39.27],[7.25,-40.0],[9.0,-40.16],[15.25,-42.92],[21.5,-46.02],[25.51,-48.5],[33.0,-53.93],[35.5,-55.3],[38.75,-56.13],[43.75,-56.22],[52.0,-55.52],[60.5,-54.35],[66.5,-54.36],[86.25,-49.97],[95.75,-47.22],[101.25,-46.22],[102.5,-45.84],[104.34,-44.75],[110.95,-39.0],[112.75,-37.81],[114.25,-37.68],[120.5,-38.3],[121.04,-38.0],[121.75,-37.11],[123.0,-37.2],[123.81,-37.0],[124.0,-36.5],[124.5,-36.27],[125.92,-36.25],[126.0,-35.98],[126.5,-35.88],[126.75,-35.17],[127.75,-35.28],[129.0,-34.87],[131.16,-36.5],[131.38,-37.25],[132.26,-38.25],[131.9,-38.5],[131.7,-39.5],[131.82,-40.5],[132.51,-42.0],[135.0,-44.71],[138.69,-48.25],[143.75,-52.32],[147.84,-54.75],[156.5,-57.84],[162.0,-58.96],[169.25,-59.13],[180.0,-58.34]]}},{"type":"Feature","properties":{"level":1004},"geometry":{"type":"LineString","coordinates":[[-108.75,-38.39],[-108.9,-38.25],[-108.48,-38.25],[-108.75,-38.39]]}},{"type":"Feature","properties":{"level":1004},"geometry":{"type":"LineString","coordinates":[[-56.5,-29.6],[-56.5,-29.22],[-56.32,-29.5],[-56.5,-29.6]]}},{"type":"Feature","properties":{"level":1004},"geometry":{"type":"LineString","coordinates":[[-57.75,-28.97],[-58.1,-28.5],[-57.5,-28.33],[-57.03,-28.75],[-57.75,-28.97]]}},{"type":"Feature","properties":{"level":1004},"geometry":{"type":"LineString","coordinates":[[-56.75,-28.94],[-56.98,-28.75],[-56.75,-28.56],[-56.51,-28.75],[-56.75,-28.94]]}},{"type":"Feature","properties":{"level":1004},"geometry":{"type":"LineString","coordinates":[[-60.25,-27.82],[-62.25,-26.7],[-64.25,-24.04],[-65.04,-24.5],[-64.58,-23.5],[-64.5,-22.49],[-64.01,-21.75],[-64.39,-21.0],[-64.36,-20.5],[-64.13,-20.0],[-64.18,-19.0],[-63.7,-18.5],[-63.7,-18.0],[-65.53,-17.0],[-67.0,-15.33],[-67.75,-14.94],[-68.01,-14.0],[-69.65,-13.25],[-69.75,-12.89],[-70.08,-12.75],[-69.85,-12.25],[-70.0,-12.07],[-70.89,-11.75],[-70.75,-11.45],[-70.22,-11.5],[-70.36,-11.25],[-69.95,-11.0],[-70.22,-10.75],[-70.19,-10.25],[-69.75,-9.9],[-69.75,-9.61],[-70.4,-10.0],[-70.5,-11.06],[-71.0,-11.3],[-71.5,-10.91],[-72.25,-11.06],[-72.5,-10.86],[-73.0,-11.46],[-74.0,-10.42],[-74.5,-9.3],[-74.88,-9.25],[-75.0,-10.0],[-75.25,-9.8],[-75.81,-7.25],[-75.6,-6.75],[-76.25,-6.37],[-76.75,-5.4],[-77.75,-4.67],[-78.09,-4.75],[-77.8,-4.0],[-77.75,-2.95],[-77.5,-2.63],[-76.75,-2.32],[-76.0,-2.87],[-75.69,-2.75],[-75.99,-2.5],[-75.41,-2.25],[-75.35,-2.0],[-75.75,-1.72],[-76.5,-2.17],[-76.79,-1.5],[-76.58,-1.25],[-75.25,-1.17],[-74.0,-1.65],[-74.06,-2.0],[-73.65,-2.75],[-74.02,-3.25],[-74.07,-4.0],[-73.44,-3.75],[-73.36,-3.0],[-72.75,-2.49],[-72.48,-2.5],[-72.0,-3.37],[-71.5,-2.72],[-70.5,-3.58],[-70.17,-4.0],[-70.71,-4.75],[-70.35,-5.25],[-71.63,-6.25],[-72.0,-7.82],[-70.35,-8.5],[-70.37,-9.0],[-70.0,-9.4],[-69.62,-9.0],[-69.15,-9.0],[-69.3,-8.5],[-69.0,-8.09],[-68.68,-8.5],[-68.82,-8.75],[-68.5,-8.87],[-67.25,-8.25],[-67.0,-8.37],[-66.58,-8.75],[-66.52,-9.5],[-65.46,-10.0],[-65.57,-10.25],[-65.2,-11.25],[-64.7,-12.0],[-63.66,-13.0],[-62.77,-13.5],[-61.44,-15.25],[-61.5,-15.58],[-62.07,-15.5],[-61.52,-16.0],[-61.69,-16.25],[-61.5,-16.61],[-60.5,-16.85],[-60.25,-16.32],[-59.57,-16.5],[-59.58,-17.0],[-60.11,-17.25],[-59.46,-18.0],[-58.25,-18.55],[-57.25,-18.49],[-56.83,-19.5],[-57.17,-20.0],[-57.36,-21.5],[-57.12,-22.25],[-57.37,-22.5],[-56.98,-23.0],[-57.19,-25.5],[-58.09,-27.0],[-59.35,-27.75],[-60.25,-27.82]]}},{"type":"Feature","properties":{"level":1004},"geometry":{"type":"LineString","coordinates":[[-58.75,-17.76],[-59.43,-17.0],[-59.28,-16.25],[-58.91,-16.25],[-58.75,-16.78],[-58.5,-16.57],[-57.82,-17.25],[-58.27,-17.75],[-58.75,-17.76]]}},{"type":"Feature","properties":{"level":1004},"geometry":{"type":"LineString","coordinates":[[-62.18,-16.25],[-61.83,-16.25],[-62.18,-16.25]]}},{"type":"Feature","properties":{"level":1004},"geometry":{"type":"LineString","coordinates":[[-60.5,-16.3],[-60.75,-16.05],[-61.43,-16.0],[-61.0,-15.64],[-60.5,-15.72],[-60.29,-16.0],[-60.5,-16.3]]}},{"type":"Feature","properties":{"level":1004},"geometry":{"type":"LineString","coordinates":[[-61.25,-14.82],[-61.25,-14.49],[-60.98,-14.75],[-61.25,-14.82]]}},{"type":"Feature","properties":{"level":1004},"geometry":{"type":"LineString","coordinates":[[-71.5,-12.02],[-72.04,-11.75],[-71.5,-11.59],[-71.3,-11.75],[-71.5,-12.02]]}},{"type":"Feature","properties":{"level":1004},"geometry":{"type":"LineString","coordinates":[[-71.6,-8.5],[-71.5,-8.38],[-71.6,-8.5]]}},{"type":"Feature","properties":{"level":1004},"geometry":{"type":"LineString","coordinates":[[-68.25,-8.3],[-68.49,-8.25],[-68.25,-7.8],[-67.69,-8.25],[-68.25,-8.3]]}},{"type":"Feature","properties":{"level":1004},"geometry":{"type":"LineString","coordinates":[[-66.25,-8.04],[-66.25,-7.83],[-66.25,-8.04]]}},{"type":"Feature","properties":{"level":1004},"geometry":{"type":"LineString","coordinates":[[-68.5,-7.68],[-68.5,-7.49],[-68.22,-7.5],[-68.5,-7.68]]}},{"type":"Feature","properties":{"level":1004},"geometry":{"type":"LineString","coordinates":[[-66.5,-7.53],[-66.5,-7.16],[-66.33,-7.25],[-66.5,-7.53]]}},{"type":"Feature","properties":{"level":1004},"geometry":{"type":"LineString","coordinates":[[-76.75,-7.27],[-76.5,-6.74],[-76.25,-6.91],[-76.5,-7.33],[-76.75,-7.27]]}},{"type":"Feature","properties":{"level":1004},"geometry":{"type":"LineString","coordinates":[[-71.0,-7.5],[-70.9,-7.0],[-70.69,-7.0],[-71.0,-7.5]]}},{"type":"Feature","properties":{"level":1004},"geometry":{"type":"LineString","coordinates":[[-66.25,-6.63],[-66.42,-6.5],[-66.25,-6.33],[-66.25,-6.63]]}},{"type":"Feature","properties":{"level":1004},"geometry":{"type":"LineString","coordinates":[[-73.05,-6.25],[-72.96,-5.75],[-73.25,-5.8],[-73.44,-5.5],[-72.99,-5.0],[-73.25,-4.71],[-73.83,-5.0],[-73.75,-5.53],[-73.05,-6.25]]}},{"type":"Feature","properties":{"level":1004},"geometry":{"type":"LineString","coordinates":[[-68.25,-6.47],[-68.0,-6.06],[-68.25,-6.47]]}},{"type":"Feature","properties":{"level":1004},"geometry":{"type":"LineString","coordinates":[[-66.0,-6.32],[-66.14,-6.25],[-66.0,-6.32]]}},{"type":"Feature","properties":{"level":1004},"geometry":{"type":"LineString","coordinates":[[-67.5,-5.76],[-67.5,-5.44],[-67.0,-5.12],[-66.86,-5.75],[-67.25,-5.98],[-67.5,-5.76]]}},{"type":"Feature","properties":{"level":1004},"geometry":{"type":"LineString","coordinates":[[-68.0,-4.78],[-68.19,-4.75],[-68.0,-4.78]]}},{"type":"Feature","properties":{"level":1004},"geometry":{"type":"LineString","coordinates":[[-59.25,-4.88],[-59.25,-4.57],[-58.8,-4.5],[-59.59,-4.25],[-59.74,-3.5],[-60.5,-4.24],[-61.18,-3.75],[-61.19,-3.5],[-60.75,-3.13],[-60.0,-3.07],[-59.5,-2.61],[-58.75,-2.55],[-58.5,-2.87],[-58.05,-2.75],[-58.0,-2.45],[-57.5,-2.71],[-56.97,-2.5],[-57.0,-2.79],[-57.5,-2.77],[-57.64,-3.0],[-57.5,-3.34],[-56.91,-3.5],[-57.5,-4.94],[-58.0,-4.51],[-59.25,-4.88]]}},{"type":"Feature","properties":{"level":1004},"geometry":{"type":"LineString","coordinates":[[-56.75,-4.8],[-56.75,-4.44],[-56.49,-4.75],[-56.75,-4.8]]}},{"type":"Feature","properties":{"level":1004},"geometry":{"type":"LineString","coordinates":[[-75.04,-4.5],[-74.37,-4.5],[-75.0,-4.24],[-75.04,-4.5]]}},{"type":"Feature","properties":{"level":1004},"geometry":{"type":"LineString","coordinates":[[-73.1,-4.5],[-72.9,-4.5],[-73.0,-4.34],[-73.1,-4.5]]}},{"type":"Feature","properties":{"level":1004},"geometry":{"type":"LineString","coordinates":[[-67.0,-4.68],[-67.25,-4.22],[-66.73,-4.5],[-67.0,-4.68]]}},{"type":"Feature","properties":{"level":1004},"geometry":{"type":"LineString","coordinates":[[-63.0,-3.8],[-63.0,-3.49],[-62.72,-3.75],[-63.0,-3.8]]}},{"type":"Feature","properties":{"level":1004},"geometry":{"type":"LineString","coordinates":[[-74.82,-3.0],[-74.33,-3.0],[-74.5,-2.5],[-74.75,-2.58],[-74.82,-3.0]]}},{"type":"Feature","properties":{"level":1004},"geometry":{"type":"LineString","coordinates":[[-60.75,-2.78],[-60.75,-2.57],[-60.75,-2.78]]}},{"type":"Feature","properties":{"level":1004},"geometry":{"type":"LineString","coordinates":[[-59.25,-2.38],[-59.25,-2.08],[-59.0,-2.01],[-58.41,-2.25],[-58.75,-2.48],[-59.25,-2.38]]}},{"type":"Feature","properties":{"level":1004},"geometry":{"type":"LineString","coordinates":[[-58.5,-1.94],[-58.5,-1.65],[-58.33,-1.75],[-58.5,-1.94]]}},{"type":"Feature","properties":{"level":1004},"geometry":{"type":"LineString","coordinates":[[-103.0,11.72],[-102.73,11.75],[-103.0,11.72]]}},{"type":"Feature","properties":{"level":1004},"geometry":{"type":"LineString","coordinates":[[166.75,16.48],[166.36,17.5],[166.67,18.25],[167.0,18.45],[167.5,18.06],[168.75,18.42],[168.87,18.0],[168.04,17.25],[167.75,16.64],[167.25,16.39],[166.75,16.48]]}},{"type":"Feature","properties":{"level":1004},"geometry":{"type":"LineString","coordinates":[[-122.5,17.74],[-123.5,18.08],[-125.17,19.75],[-125.37,20.75],[-125.28,22.75],[-124.27,24.25],[-123.5,24.78],[-122.0,25.12],[-120.75,25.04],[-119.25,24.33],[-118.46,23.5],[-117.88,22.0],[-118.02,20.5],[-118.41,19.5],[-119.75,18.22],[-120.75,17.81],[-122.5,17.74]]}},{"type":"Feature","properties":{"level":1004},"geometry":{"type":"LineString","coordinates":[[-164.0,26.23],[-164.75,27.05],[-166.39,27.5],[-166.25,27.9],[-165.75,27.92],[-165.38,28.25],[-165.39,28.5],[-165.87,28.75],[-165.81,29.5],[-165.5,29.87],[-164.65,30.0],[-165.12,30.5],[-164.75,31.07],[-164.0,30.55],[-163.73,29.75],[-163.06,29.0],[-163.3,28.75],[-163.23,27.25],[-164.0,26.23]]}},{"type":"Feature","properties":{"level":1004},"geometry":{"type":"LineString","coordinates":[[157.75,27.96],[157.2,28.5],[157.15,29.25],[157.75,29.75],[158.75,29.69],[159.12,29.25],[159.03,28.5],[158.5,28.11],[157.75,27.96]]}},{"type":"Feature","properties":{"level":1004},"geometry":{"type":"LineString","coordinates":[[-76.0,49.42],[-76.21,49.75],[-78.0,50.23],[-79.0,50.21],[-84.25,51.56],[-86.14,53.0],[-87.75,53.86],[-89.12,54.5],[-91.0,54.84],[-92.0,55.3],[-92.46,56.25],[-93.33,57.0],[-94.79,57.75],[-97.21,59.5],[-98.39,61.0],[-98.36,61.5],[-97.75,61.92],[-96.25,62.3],[-92.5,62.08],[-86.5,60.6],[-78.75,59.66],[-76.5,58.91],[-73.75,57.49],[-71.21,56.0],[-70.98,55.5],[-70.92,54.0],[-71.42,53.0],[-73.02,51.75],[-73.36,51.0],[-74.75,49.58],[-75.75,49.26],[-76.0,49.42]]}},{"type":"Feature","properties":{"level":1004},"geometry":{"type":"LineString","coordinates":[[180.0,49.44],[174.0,44.77],[171.5,43.41],[169.25,42.74],[166.5,43.29],[164.43,44.25],[161.88,46.0],[160.25,47.93],[157.63,49.5],[155.5,49.95],[155.25,50.25],[150.5,50.92],[146.0,51.92],[141.5,53.5],[138.77,55.25],[138.43,56.0],[138.0,56.3],[137.48,56.25],[138.64,57.75],[138.13,58.25],[137.82,59.25],[138.92,60.5],[139.96,61.25],[139.94,61.75],[140.5,62.53],[141.68,62.5],[141.25,62.72],[141.25,63.04],[143.5,63.99],[144.08,64.5],[143.9,64.75],[146.5,65.28],[147.0,65.07],[147.91,65.5],[147.82,65.75],[148.7,66.0],[148.84,66.5],[148.28,67.0],[150.2,68.0],[150.35,68.75],[150.15,69.25],[152.41,70.0],[152.6,70.25],[151.25,71.35],[149.25,72.26],[147.75,72.43],[145.5,72.21],[142.5,70.72],[139.75,70.24],[135.0,70.6],[121.75,74.13],[113.27,74.75],[112.25,75.14],[112.16,75.5],[111.75,75.75],[109.0,76.35],[104.25,76.49],[98.5,76.1],[90.5,74.76],[82.71,72.5],[79.5,69.99],[78.25,68.55],[77.74,66.75],[78.9,64.0],[78.43,63.0],[78.43,62.0],[78.0,60.25],[77.1,59.0],[75.25,57.2],[73.0,56.1],[70.75,55.66],[67.25,56.08],[59.25,59.11],[57.75,60.31],[49.25,64.07],[46.5,64.73],[38.25,65.96],[33.75,67.12],[32.25,67.83],[27.0,69.01],[22.75,69.64],[21.25,70.24],[16.93,71.25],[14.64,72.25],[7.84,76.0],[5.5,77.69],[4.78,79.0],[5.09,79.5],[6.09,80.0],[7.75,81.37],[9.75,82.32],[13.0,83.24],[18.5,84.01],[28.25,84.82],[40.5,85.41],[69.25,85.76],[99.75,85.15],[110.75,84.59],[120.75,83.7],[127.0,82.83],[132.45,81.75],[137.17,80.25],[141.75,78.33],[148.5,76.89],[151.51,77.25],[152.05,77.75],[157.2,79.75],[163.75,80.54],[168.25,80.43],[168.92,80.25],[169.16,80.0],[169.14,79.5],[169.53,79.25],[171.5,78.78],[177.5,78.61],[180.0,78.32]]}},{"type":"Feature","properties":{"level":1004},"geometry":{"type":"LineString","coordinates":[[-47.75,51.75],[-51.75,52.53],[-53.71,53.25],[-55.49,54.5],[-56.76,56.25],[-57.22,57.5],[-57.1,59.0],[-56.65,60.0],[-55.34,61.75],[-55.74,62.5],[-55.58,64.5],[-54.75,65.76],[-54.0,66.4],[-53.75,66.45],[-51.75,65.07],[-49.5,65.55],[-49.47,65.0],[-49.07,64.5],[-49.12,64.0],[-48.71,63.75],[-48.98,63.5],[-48.23,63.0],[-48.36,62.5],[-47.0,62.27],[-46.0,61.78],[-44.75,61.75],[-44.3,61.5],[-44.0,60.79],[-43.25,60.99],[-39.0,63.33],[-36.5,63.73],[-30.5,63.17],[-28.5,62.43],[-26.5,60.9],[-25.84,60.75],[-25.94,60.5],[-25.56,60.25],[-25.42,59.25],[-25.75,58.65],[-26.5,58.13],[-27.25,58.09],[-29.25,56.86],[-30.0,56.89],[-35.25,55.27],[-41.5,52.4],[-44.5,51.71],[-47.75,51.75]]}},{"type":"Feature","properties":{"level":1004},"geometry":{"type":"LineString","coordinates":[[-180.0,67.41],[-178.75,66.84],[-179.04,66.5],[-178.75,66.29],[-178.0,66.19],[-176.35,65.0],[-174.71,62.75],[-173.45,60.0],[-173.13,55.75],[-174.09,53.0],[-175.0,51.84],[-177.0,50.53],[-180.0,49.44]]}},{"type":"Feature","properties":{"level":1004},"geometry":{"type":"LineString","coordinates":[[180.0,68.07],[179.26,68.0],[179.75,67.8],[180.0,67.41]]}},{"type":"Feature","properties":{"level":1004},"geometry":{"type":"LineString","coordinates":[[-180.0,78.32],[-178.25,77.86],[-176.53,77.0],[-175.71,76.25],[-175.5,75.5],[-176.2,73.0],[-175.91,71.25],[-176.94,70.0],[-177.74,68.5],[-178.5,68.14],[-180.0,68.07]]}},{"type":"Feature","properties":{"level":1008},"geometry":{"type":"LineString","coordinates":[[180.0,-89.41],[132.25,-88.14],[112.72,-87.25],[112.65,-87.0],[113.21,-86.75],[113.27,-86.5],[112.33,-86.0],[111.9,-85.5],[112.74,-84.25],[113.4,-84.0],[120.11,-83.0],[126.25,-82.64],[138.98,-80.75],[142.0,-79.92],[142.63,-79.5],[142.75,-79.25],[142.5,-78.97],[138.22,-77.5],[136.5,-76.63],[135.12,-75.25],[133.4,-74.25],[130.0,-73.14],[125.75,-73.3],[122.75,-73.68],[122.26,-74.0],[122.33,-74.25],[123.28,-74.75],[121.5,-75.04],[102.75,-74.76],[94.0,-74.08],[89.25,-75.84],[88.0,-75.75],[86.5,-75.97],[83.75,-76.74],[79.25,-77.54],[70.5,-78.37],[62.65,-78.0],[60.35,-76.75],[57.5,-76.44],[53.81,-75.5],[52.09,-74.0],[52.92,-73.5],[52.54,-73.0],[53.15,-72.5],[52.25,-72.35],[49.0,-72.67],[44.25,-72.45],[32.25,-73.99],[26.75,-73.43],[25.0,-73.83],[21.75,-74.1],[13.75,-73.46],[10.66,-73.75],[12.25,-74.31],[16.71,-75.0],[18.48,-75.5],[23.5,-75.86],[28.25,-76.77],[38.5,-78.11],[41.0,-79.25],[42.26,-80.25],[42.35,-80.75],[41.98,-81.25],[40.5,-82.13],[38.32,-83.0],[38.24,-83.25],[38.82,-83.75],[37.39,-84.5],[37.49,-85.0],[35.0,-86.0],[31.75,-86.46],[28.25,-86.48],[21.5,-85.9],[15.75,-85.82],[0.25,-86.75],[-25.25,-87.79],[-42.5,-87.81],[-112.5,-89.25],[-149.25,-89.5],[-180.0,-89.41]]}},{"type":"Feature","properties":{"level":1008},"geometry":{"type":"LineString","coordinates":[[138.64,-84.0],[140.55,-84.0],[138.64,-84.0]]}},{"type":"Feature","properties":{"level":1008},"geometry":{"type":"LineString","coordinates":[[10.83,-82.75],[19.15,-82.5],[19.01,-82.25],[11.75,-81.48],[8.25,-81.53],[6.6,-81.75],[6.23,-82.0],[7.75,-82.49],[10.83,-82.75]]}},{"type":"Feature","properties":{"level":1008},"geometry":{"type":"LineString","coordinates":[[-180.0,-57.34],[-175.5,-56.38],[-171.75,-55.26],[-164.5,-52.66],[-161.75,-51.4],[-160.75,-50.63],[-158.75,-50.31],[-148.5,-49.67],[-138.5,-48.09],[-137.25,-47.72],[-135.67,-47.0],[-133.75,-45.57],[-130.3,-41.75],[-128.0,-40.04],[-125.54,-38.75],[-123.25,-38.02],[-117.5,-37.77],[-115.75,-37.35],[-113.25,-35.02],[-112.0,-33.33],[-110.75,-32.86],[-108.75,-33.72],[-108.25,-33.71],[-108.0,-34.18],[-106.75,-34.71],[-105.65,-35.75],[-105.49,-36.25],[-106.0,-36.07],[-106.03,-36.25],[-105.8,-38.5],[-106.12,-40.0],[-104.99,-43.5],[-102.5,-47.98],[-100.75,-50.3],[-98.82,-52.25],[-96.0,-54.33],[-91.6,-56.5],[-88.75,-57.44],[-80.0,-59.6],[-75.75,-59.89],[-65.0,-59.64],[-50.75,-57.69],[-42.25,-57.79],[-38.23,-57.0],[-35.25,-56.04],[-30.75,-54.08],[-17.0,-47.1],[-9.76,-44.25],[-7.5,-42.81],[-6.31,-41.75],[-5.56,-40.75],[-5.44,-39.75],[-5.07,-39.5],[-4.52,-38.0],[-3.72,-37.25],[-1.75,-36.97],[-0.25,-37.11],[1.5,-36.75],[1.5,-36.48],[1.75,-36.44],[9.75,-39.14],[20.75,-44.33],[26.25,-47.8],[33.3,-52.75],[37.25,-54.63],[40.75,-55.21],[47.25,-55.04],[61.5,-53.31],[65.0,-53.32],[84.75,-49.44],[92.0,-47.44],[101.25,-44.24],[104.83,-42.0],[110.75,-36.76],[112.25,-36.36],[117.25,-35.93],[117.75,-35.46],[118.75,-35.2],[120.5,-33.85],[121.75,-33.88],[122.5,-33.31],[123.5,-33.06],[124.0,-32.2],[125.0,-31.67],[126.05,-32.0],[126.06,-31.25],[126.77,-31.0],[126.54,-30.25],[126.25,-29.89],[125.25,-30.24],[125.02,-30.0],[124.87,-29.5],[125.12,-29.0],[124.76,-28.75],[124.84,-28.25],[124.57,-28.0],[125.05,-26.75],[125.5,-26.87],[125.58,-27.75],[125.91,-27.75],[126.0,-26.61],[126.25,-26.77],[126.35,-27.5],[127.5,-28.5],[128.19,-29.5],[128.5,-29.38],[128.62,-29.75],[129.5,-30.25],[129.08,-30.75],[130.0,-32.41],[130.75,-32.43],[131.54,-33.0],[133.45,-36.0],[133.5,-36.83],[134.43,-39.0],[134.38,-39.5],[133.83,-40.0],[134.25,-41.43],[134.67,-41.5],[135.25,-42.54],[136.32,-43.5],[138.75,-46.71],[144.75,-51.51],[147.5,-53.2],[153.75,-55.8],[157.75,-56.94],[161.75,-57.7],[165.25,-58.08],[169.25,-58.15],[174.5,-57.95],[180.0,-57.34]]}},{"type":"Feature","properties":{"level":1008},"geometry":{"type":"LineString","coordinates":[[-55.75,-36.76],[-57.0,-36.66],[-58.76,-35.25],[-58.85,-33.25],[-58.25,-33.0],[-58.0,-32.6],[-57.42,-32.5],[-57.27,-32.0],[-56.8,-31.75],[-56.97,-31.25],[-57.75,-30.8],[-58.25,-31.4],[-59.68,-30.5],[-60.0,-30.07],[-61.25,-30.03],[-61.75,-29.56],[-62.2,-29.5],[-62.08,-29.0],[-63.75,-28.05],[-64.25,-28.11],[-64.75,-27.74],[-65.25,-27.91],[-65.5,-27.65],[-65.57,-27.25],[-64.75,-27.02],[-64.67,-26.75],[-65.02,-25.5],[-65.62,-25.5],[-65.3,-24.0],[-64.81,-23.5],[-64.69,-22.0],[-65.0,-21.2],[-65.5,-22.33],[-65.95,-21.75],[-65.42,-21.25],[-65.82,-20.75],[-65.41,-19.5],[-65.49,-18.75],[-66.05,-18.5],[-66.37,-17.5],[-65.75,-17.91],[-64.31,-17.75],[-65.72,-17.0],[-66.5,-16.25],[-67.75,-15.78],[-68.09,-14.5],[-68.5,-13.96],[-69.75,-13.68],[-71.25,-12.97],[-72.0,-12.05],[-72.5,-11.95],[-73.0,-12.22],[-73.86,-11.25],[-74.25,-10.22],[-75.0,-10.6],[-75.75,-9.12],[-76.0,-9.27],[-76.25,-8.99],[-77.11,-7.25],[-76.75,-5.91],[-77.0,-6.02],[-77.27,-5.5],[-77.75,-5.23],[-78.5,-5.24],[-78.56,-4.25],[-78.1,-3.25],[-78.25,-2.93],[-77.81,-2.25],[-77.91,-1.5],[-77.81,-1.0],[-77.35,-0.5],[-77.37,0.25],[-76.5,1.16],[-75.25,1.84],[-74.25,3.15],[-74.0,3.02],[-73.5,4.19],[-72.5,5.23],[-72.0,5.4],[-71.15,5.25],[-70.96,6.25],[-71.62,7.0],[-71.53,7.5],[-68.75,9.17],[-67.0,9.02],[-66.25,9.22],[-65.0,8.67],[-63.0,8.36],[-63.5,8.03],[-63.73,7.5],[-63.07,7.0],[-63.25,6.49],[-63.93,6.75],[-64.0,7.25],[-64.75,6.24],[-65.5,6.91],[-65.75,6.57],[-66.25,6.92],[-67.23,5.75],[-67.56,5.0],[-67.0,4.3],[-66.44,4.5],[-66.15,5.5],[-65.7,5.25],[-65.6,4.75],[-66.15,3.75],[-65.75,3.06],[-64.75,2.99],[-64.5,2.39],[-63.5,2.17],[-63.31,2.5],[-63.57,3.0],[-63.31,3.5],[-62.75,3.56],[-62.25,4.26],[-60.25,4.46],[-59.25,4.21],[-59.34,4.5],[-59.0,4.94],[-57.75,4.71],[-57.5,4.85],[-57.0,4.33],[-56.5,4.56],[-55.5,4.53],[-54.07,3.5],[-53.85,2.75],[-53.95,2.0],[-53.66,1.5],[-54.02,0.75],[-53.75,0.16],[-53.5,0.49],[-53.0,0.2],[-52.8,-0.25],[-53.17,-0.5],[-52.65,-0.75],[-52.67,-1.25],[-51.75,-1.8],[-50.75,-2.05],[-50.25,-2.67],[-49.5,-2.68],[-48.75,-3.13],[-48.0,-3.08],[-47.77,-3.75],[-48.06,-4.25],[-47.75,-4.74],[-47.31,-4.25],[-47.0,-4.41],[-46.5,-4.18],[-46.0,-4.28],[-45.75,-4.79],[-45.0,-4.94],[-44.5,-4.74],[-44.0,-5.05],[-42.75,-4.9],[-42.03,-5.5],[-42.0,-5.76],[-42.75,-5.64],[-43.0,-6.18],[-43.72,-6.5],[-43.0,-6.7],[-43.0,-7.01],[-44.0,-7.1],[-45.25,-7.83],[-46.25,-9.77],[-46.5,-9.75],[-46.25,-8.89],[-46.5,-8.77],[-46.66,-9.0],[-46.45,-10.25],[-46.99,-11.25],[-46.5,-12.61],[-47.0,-12.69],[-47.5,-13.28],[-48.0,-12.92],[-48.25,-13.3],[-48.5,-12.87],[-48.75,-13.5],[-49.21,-13.75],[-49.33,-14.25],[-50.15,-14.75],[-51.0,-15.79],[-51.75,-15.37],[-51.68,-14.5],[-52.3,-14.25],[-52.0,-13.42],[-53.0,-12.88],[-53.5,-13.17],[-55.0,-12.68],[-55.74,-13.5],[-55.51,-14.75],[-56.03,-15.0],[-55.28,-16.25],[-54.84,-16.5],[-54.88,-19.0],[-54.49,-20.0],[-54.88,-21.0],[-54.75,-21.62],[-54.45,-21.5],[-54.42,-22.0],[-55.0,-21.98],[-55.51,-22.5],[-55.5,-22.83],[-55.25,-22.98],[-54.85,-22.75],[-54.72,-24.5],[-54.28,-25.25],[-54.36,-26.75],[-53.75,-27.13],[-53.87,-28.0],[-53.49,-29.25],[-53.0,-29.6],[-52.5,-29.64],[-52.0,-29.31],[-51.06,-29.75],[-51.25,-29.99],[-52.08,-30.0],[-52.61,-30.5],[-52.25,-30.75],[-53.25,-31.38],[-53.5,-31.28],[-53.5,-31.84],[-53.25,-32.16],[-52.75,-32.26],[-52.4,-33.0],[-52.89,-34.25],[-53.36,-34.5],[-52.94,-35.0],[-53.75,-35.35],[-54.5,-36.35],[-55.75,-36.76]]}},{"type":"Feature","properties":{"level":1008},"geometry":{"type":"LineString","coordinates":[[-53.59,-34.0],[-53.5,-34.17],[-53.14,-33.75],[-53.5,-33.64],[-53.59,-34.0]]}},{"type":"Feature","properties":{"level":1008},"geometry":{"type":"LineString","coordinates":[[-54.07,-33.0],[-53.71,-33.0],[-54.0,-32.73],[-54.07,-33.0]]}},{"type":"Feature","properties":{"level":1008},"geometry":{"type":"LineString","coordinates":[[126.36,-32.0],[126.75,-31.64],[126.35,-31.75],[126.36,-32.0]]}},{"type":"Feature","properties":{"level":1008},"geometry":{"type":"LineString","coordinates":[[-55.36,-31.5],[-55.25,-31.64],[-55.25,-31.37],[-55.36,-31.5]]}},{"type":"Feature","properties":{"level":1008},"geometry":{"type":"LineString","coordinates":[[-56.03,-31.25],[-55.93,-31.0],[-56.03,-31.25]]}},{"type":"Feature","properties":{"level":1008},"geometry":{"type":"LineString","coordinates":[[124.25,-31.31],[124.64,-31.25],[124.25,-31.31]]}},{"type":"Feature","properties":{"level":1008},"geometry":{"type":"LineString","coordinates":[[125.0,-31.45],[124.81,-31.25],[125.22,-31.25],[125.0,-31.45]]}},{"type":"Feature","properties":{"level":1008},"geometry":{"type":"LineString","coordinates":[[125.5,-31.39],[125.35,-31.0],[125.75,-30.92],[126.0,-30.42],[126.15,-30.5],[126.21,-30.75],[125.5,-31.39]]}},{"type":"Feature","properties":{"level":1008},"geometry":{"type":"LineString","coordinates":[[124.5,-30.59],[124.5,-30.41],[125.13,-30.5],[124.5,-30.59]]}},{"type":"Feature","properties":{"level":1008},"geometry":{"type":"LineString","coordinates":[[124.5,-29.1],[124.5,-28.87],[124.68,-29.0],[124.5,-29.1]]}},{"type":"Feature","properties":{"level":1008},"geometry":{"type":"LineString","coordinates":[[126.45,-28.75],[126.71,-28.75],[126.5,-28.49],[126.45,-28.75]]}},{"type":"Feature","properties":{"level":1008},"geometry":{"type":"LineString","coordinates":[[124.75,-26.13],[124.75,-25.74],[125.22,-25.75],[124.75,-26.13]]}},{"type":"Feature","properties":{"level":1008},"geometry":{"type":"LineString","coordinates":[[-65.09,-20.75],[-65.0,-20.92],[-64.8,-20.75],[-64.75,-19.9],[-65.0,-20.24],[-65.25,-20.17],[-65.09,-20.75]]}},{"type":"Feature","properties":{"level":1008},"geometry":{"type":"LineString","coordinates":[[-56.28,-14.5],[-55.96,-14.25],[-56.25,-13.89],[-57.0,-13.56],[-57.5,-13.51],[-57.7,-13.75],[-57.5,-14.11],[-57.0,-14.31],[-56.75,-14.1],[-56.28,-14.5]]}},{"type":"Feature","properties":{"level":1008},"geometry":{"type":"LineString","coordinates":[[-52.5,-13.51],[-52.5,-13.28],[-52.5,-13.51]]}},{"type":"Feature","properties":{"level":1008},"geometry":{"type":"LineString","coordinates":[[-58.68,-13.0],[-58.0,-13.16],[-57.68,-12.75],[-58.75,-12.51],[-59.1,-12.25],[-58.85,-11.75],[-59.43,-11.75],[-59.5,-12.05],[-58.68,-13.0]]}},{"type":"Feature","properties":{"level":1008},"geometry":{"type":"LineString","coordinates":[[-46.16,-8.5],[-45.93,-8.5],[-46.0,-8.18],[-46.16,-8.5]]}},{"type":"Feature","properties":{"level":1008},"geometry":{"type":"LineString","coordinates":[[-50.91,-7.0],[-50.75,-7.17],[-50.56,-7.0],[-50.75,-6.81],[-50.91,-7.0]]}},{"type":"Feature","properties":{"level":1008},"geometry":{"type":"LineString","coordinates":[[-46.38,-6.75],[-44.5,-6.88],[-44.14,-6.5],[-45.25,-6.31],[-46.38,-6.75]]}},{"type":"Feature","properties":{"level":1008},"geometry":{"type":"LineString","coordinates":[[-140.25,-6.56],[-139.95,-6.25],[-140.5,-6.06],[-140.81,-6.25],[-141.25,-5.85],[-141.47,-6.0],[-141.25,-6.28],[-142.5,-6.45],[-143.0,-6.0],[-144.5,-5.86],[-145.5,-5.01],[-147.0,-4.47],[-147.25,-4.76],[-147.75,-4.16],[-148.25,-4.4],[-148.28,-4.0],[-148.0,-3.82],[-148.14,-3.25],[-147.75,-2.67],[-147.0,-2.66],[-147.2,-3.0],[-147.06,-3.5],[-146.63,-3.5],[-146.69,-2.75],[-146.25,-2.0],[-146.44,-1.75],[-146.16,-1.25],[-146.89,-0.75],[-147.17,0.5],[-146.5,1.51],[-146.23,1.25],[-146.42,1.0],[-146.25,0.83],[-144.75,0.83],[-144.25,0.14],[-143.75,0.14],[-143.25,0.58],[-142.75,-0.01],[-141.5,0.44],[-141.24,0.75],[-142.07,1.5],[-142.0,1.88],[-141.25,1.27],[-140.75,1.71],[-140.17,1.25],[-140.25,0.89],[-139.75,1.04],[-139.92,0.75],[-139.55,0.5],[-139.59,0.0],[-140.0,-0.19],[-140.36,-0.75],[-140.0,-1.02],[-139.22,-0.75],[-138.74,-0.25],[-138.52,0.5],[-138.75,1.57],[-139.25,1.82],[-139.89,1.5],[-140.24,3.75],[-140.75,4.14],[-140.91,4.0],[-141.0,3.05],[-141.03,4.0],[-141.5,4.5],[-142.13,4.0],[-142.25,3.47],[-143.0,3.33],[-144.5,2.37],[-145.5,2.31],[-146.0,1.85],[-146.75,2.61],[-147.5,2.38],[-147.77,1.75],[-147.7,0.0],[-148.5,-0.04],[-148.5,0.75],[-148.9,1.25],[-148.94,2.0],[-148.5,2.72],[-147.78,2.75],[-147.71,3.0],[-148.06,3.5],[-147.74,4.25],[-148.72,5.0],[-148.88,5.75],[-150.07,6.5],[-150.5,7.55],[-151.0,7.47],[-151.0,7.76],[-151.64,8.0],[-151.1,9.5],[-151.0,9.66],[-150.5,9.36],[-150.0,9.79],[-150.25,11.01],[-149.5,10.81],[-148.5,11.53],[-147.27,12.0],[-145.5,13.4],[-144.5,13.73],[-143.0,14.06],[-142.0,13.87],[-140.75,13.98],[-134.25,15.03],[-132.5,14.86],[-132.0,15.01],[-131.45,14.75],[-130.58,16.75],[-130.45,18.25],[-129.48,20.0],[-128.9,22.25],[-128.0,23.94],[-126.1,26.0],[-123.51,27.25],[-120.25,27.62],[-118.75,27.61],[-116.3,27.0],[-116.46,27.75],[-116.15,28.25],[-116.25,28.53],[-119.27,33.25],[-119.26,34.25],[-118.75,34.15],[-118.5,34.38],[-118.25,34.16],[-117.25,34.11],[-116.94,33.75],[-117.16,33.25],[-116.5,32.32],[-116.73,31.75],[-116.0,31.19],[-115.79,30.5],[-116.0,30.18],[-116.5,30.56],[-116.63,30.25],[-116.0,29.67],[-115.5,30.07],[-114.82,30.0],[-115.07,31.0],[-116.41,33.25],[-116.5,34.0],[-116.0,33.83],[-115.85,34.0],[-116.5,34.86],[-116.89,35.0],[-116.42,35.5],[-117.0,35.75],[-116.87,36.25],[-117.25,36.85],[-116.25,36.61],[-115.9,36.0],[-115.75,34.75],[-115.0,35.01],[-114.83,35.5],[-115.21,36.25],[-114.76,36.5],[-114.75,36.8],[-114.25,36.84],[-113.94,36.25],[-114.48,35.75],[-114.0,34.85],[-113.5,34.85],[-112.75,34.09],[-111.75,34.05],[-111.42,33.75],[-110.74,32.0],[-111.5,31.69],[-110.53,30.5],[-110.5,29.89],[-110.25,30.08],[-110.0,29.7],[-109.5,30.34],[-108.8,29.5],[-108.71,29.0],[-109.0,29.08],[-109.17,28.75],[-109.16,28.0],[-108.75,27.97],[-108.47,27.5],[-108.68,27.25],[-108.18,27.0],[-108.05,26.25],[-106.61,24.75],[-106.48,24.25],[-104.71,21.75],[-105.08,21.5],[-105.25,20.33],[-104.25,19.3],[-103.47,19.25],[-103.43,18.5],[-103.0,18.29],[-102.33,18.5],[-103.1,19.25],[-102.75,19.62],[-101.75,19.06],[-100.5,19.28],[-100.0,18.17],[-99.25,18.82],[-98.25,18.61],[-97.92,18.25],[-98.25,17.78],[-100.5,17.93],[-101.25,18.3],[-101.53,18.25],[-101.54,18.0],[-101.0,17.47],[-98.25,16.77],[-97.25,16.04],[-96.5,15.83],[-95.79,16.0],[-95.5,16.56],[-94.75,16.68],[-94.0,16.39],[-91.0,14.14],[-89.5,13.48],[-88.75,13.47],[-88.25,13.11],[-87.5,13.47],[-87.04,13.0],[-87.66,13.0],[-87.25,12.6],[-87.08,12.0],[-87.75,10.43],[-88.25,10.63],[-88.75,10.32],[-90.0,10.38],[-90.75,9.92],[-91.25,10.21],[-92.0,10.1],[-92.54,9.75],[-92.0,9.76],[-91.7,9.25],[-92.5,8.43],[-93.75,8.27],[-94.75,7.79],[-95.25,7.87],[-95.75,7.34],[-96.51,7.25],[-98.25,5.62],[-99.25,5.77],[-99.75,5.32],[-100.75,4.95],[-101.25,5.05],[-101.5,4.76],[-101.75,4.82],[-102.33,6.0],[-102.75,6.22],[-103.0,5.88],[-104.5,5.66],[-104.9,5.25],[-104.75,4.68],[-105.02,4.75],[-105.35,5.5],[-106.21,5.75],[-105.0,6.38],[-104.75,6.06],[-104.5,6.14],[-104.26,6.5],[-106.0,7.64],[-107.11,7.75],[-105.35,9.0],[-105.57,10.5],[-106.05,11.5],[-106.5,11.98],[-107.5,12.41],[-108.02,11.0],[-107.89,10.75],[-108.63,10.75],[-108.75,10.03],[-109.87,10.0],[-110.37,10.5],[-110.54,10.25],[-110.36,10.0],[-110.75,9.97],[-111.8,9.25],[-112.0,8.74],[-112.25,9.46],[-113.0,8.97],[-113.42,9.0],[-113.09,7.5],[-112.41,7.5],[-112.53,6.5],[-113.0,5.79],[-113.5,6.07],[-114.63,5.75],[-114.53,5.25],[-115.36,3.75],[-115.06,2.75],[-115.5,1.85],[-115.75,2.19],[-116.15,2.0],[-116.0,1.65],[-115.46,1.5],[-115.73,1.0],[-115.11,0.75],[-115.81,0.0],[-115.93,-0.75],[-116.25,-1.07],[-117.25,-1.16],[-117.73,-0.75],[-117.88,-0.25],[-118.5,0.0],[-119.38,-0.75],[-120.0,-0.73],[-120.25,-1.52],[-120.5,-1.03],[-121.25,-1.0],[-121.25,-1.76],[-123.9,-3.25],[-124.25,-3.75],[-125.25,-3.52],[-130.5,-5.16],[-131.25,-5.26],[-131.75,-5.04],[-134.0,-5.45],[-134.75,-5.38],[-135.5,-5.51],[-136.5,-6.07],[-138.0,-5.7],[-138.2,-6.25],[-140.25,-6.56]]}},{"type":"Feature","properties":{"level":1008},"geometry":{"type":"LineString","coordinates":[[-151.75,-6.29],[-151.92,-6.25],[-151.75,-6.29]]}},{"type":"Feature","properties":{"level":1008},"geometry":{"type":"LineString","coordinates":[[-50.57,-6.25],[-50.11,-6.25],[-50.5,-5.88],[-50.57,-6.25]]}},{"type":"Feature","properties":{"level":1008},"geometry":{"type":"LineString","coordinates":[[-160.75,-4.81],[-161.0,-4.58],[-162.0,-4.48],[-162.45,-4.0],[-162.53,-3.5],[-162.35,-3.0],[-162.49,-2.5],[-162.19,-2.0],[-162.56,0.5],[-162.06,1.75],[-161.75,1.91],[-161.5,1.68],[-161.0,1.9],[-160.5,1.52],[-160.0,1.52],[-159.58,0.75],[-160.25,0.54],[-160.14,0.25],[-159.25,0.43],[-159.0,0.0],[-159.75,-1.51],[-160.75,-2.1],[-161.11,-2.75],[-159.75,-3.97],[-159.0,-3.92],[-158.51,-4.5],[-159.0,-4.9],[-159.25,-4.54],[-160.5,-4.96],[-160.75,-4.81]]}},{"type":"Feature","properties":{"level":1008},"geometry":{"type":"LineString","coordinates":[[-145.53,-4.0],[-145.34,-3.75],[-145.5,-3.53],[-145.53,-4.0]]}},{"type":"Feature","properties":{"level":1008},"geometry":{"type":"LineString","coordinates":[[-146.08,-3.5],[-145.51,-3.5],[-146.0,-3.24],[-146.08,-3.5]]}},{"type":"Feature","properties":{"level":1008},"geometry":{"type":"LineString","coordinates":[[-147.0,-2.4],[-147.0,-2.16],[-147.0,-2.4]]}},{"type":"Feature","properties":{"level":1008},"geometry":{"type":"LineString","coordinates":[[-79.5,-2.26],[-80.08,-1.75],[-79.75,-1.18],[-79.5,-1.21],[-79.5,-2.26]]}},{"type":"Feature","properties":{"level":1008},"geometry":{"type":"LineString","coordinates":[[-161.71,-2.0],[-161.5,-2.08],[-161.31,-1.75],[-161.71,-2.0]]}},{"type":"Feature","properties":{"level":1008},"geometry":{"type":"LineString","coordinates":[[-160.95,-1.25],[-160.75,-1.48],[-160.67,-1.25],[-160.95,-1.25]]}},{"type":"Feature","properties":{"level":1008},"geometry":{"type":"LineString","coordinates":[[-143.51,-1.0],[-143.5,-0.7],[-143.51,-1.0]]}},{"type":"Feature","properties":{"level":1008},"geometry":{"type":"LineString","coordinates":[[-54.05,-1.0],[-53.57,-1.0],[-54.05,-1.0]]}},{"type":"Feature","properties":{"level":1008},"geometry":{"type":"LineString","coordinates":[[-160.34,-0.5],[-160.08,-0.5],[-160.34,-0.5]]}},{"type":"Feature","properties":{"level":1008},"geometry":{"type":"LineString","coordinates":[[-145.11,-0.5],[-144.87,-0.5],[-145.11,-0.5]]}},{"type":"Feature","properties":{"level":1008},"geometry":{"type":"LineString","coordinates":[[-113.25,-0.36],[-113.41,-0.25],[-113.25,-0.04],[-113.08,-0.25],[-113.25,-0.36]]}},{"type":"Feature","properties":{"level":1008},"geometry":{"type":"LineString","coordinates":[[-114.0,-0.19],[-114.04,0.0],[-113.84,0.0],[-114.0,-0.19]]}},{"type":"Feature","properties":{"level":1008},"geometry":{"type":"LineString","coordinates":[[-140.46,0.25],[-140.17,0.25],[-140.46,0.25]]}},{"type":"Feature","properties":{"level":1008},"geometry":{"type":"LineString","coordinates":[[-112.5,0.24],[-112.24,0.25],[-112.5,0.24]]}},{"type":"Feature","properties":{"level":1008},"geometry":{"type":"LineString","coordinates":[[-65.39,1.25],[-64.75,1.19],[-64.23,1.5],[-64.25,1.89],[-65.25,1.52],[-65.5,1.99],[-65.39,1.25]]}},{"type":"Feature","properties":{"level":1008},"geometry":{"type":"LineString","coordinates":[[-115.0,1.66],[-115.24,1.75],[-115.0,1.66]]}},{"type":"Feature","properties":{"level":1008},"geometry":{"type":"LineString","coordinates":[[-147.0,1.94],[-147.18,2.0],[-147.0,2.15],[-147.0,1.94]]}},{"type":"Feature","properties":{"level":1008},"geometry":{"type":"LineString","coordinates":[[-142.75,1.94],[-142.75,2.25],[-142.54,2.0],[-142.75,1.94]]}},{"type":"Feature","properties":{"level":1008},"geometry":{"type":"LineString","coordinates":[[-114.75,1.83],[-114.75,2.08],[-114.52,2.0],[-114.75,1.83]]}},{"type":"Feature","properties":{"level":1008},"geometry":{"type":"LineString","coordinates":[[-108.75,1.84],[-108.75,2.24],[-108.75,1.84]]}},{"type":"Feature","properties":{"level":1008},"geometry":{"type":"LineString","coordinates":[[-55.5,2.0],[-55.33,2.25],[-55.75,2.5],[-55.5,2.0]]}},{"type":"Feature","properties":{"level":1008},"geometry":{"type":"LineString","coordinates":[[-141.0,2.17],[-141.0,2.98],[-140.75,2.93],[-140.65,2.5],[-141.0,2.17]]}},{"type":"Feature","properties":{"level":1008},"geometry":{"type":"LineString","coordinates":[[-54.9,2.25],[-54.75,2.1],[-54.57,2.25],[-55.0,2.86],[-55.12,2.5],[-54.9,2.25]]}},{"type":"Feature","properties":{"level":1008},"geometry":{"type":"LineString","coordinates":[[-109.0,2.34],[-110.04,3.0],[-109.87,3.75],[-110.14,4.25],[-109.75,4.93],[-109.09,5.0],[-109.0,5.58],[-108.4,5.0],[-109.22,4.5],[-108.85,4.0],[-107.75,3.73],[-107.61,4.0],[-107.25,4.04],[-107.1,3.75],[-107.64,2.75],[-107.95,2.75],[-107.8,3.0],[-108.5,3.17],[-108.75,2.25],[-109.0,2.34]]}},{"type":"Feature","properties":{"level":1008},"geometry":{"type":"LineString","coordinates":[[-111.75,3.27],[-111.91,3.5],[-111.75,3.69],[-111.55,3.5],[-111.75,3.27]]}},{"type":"Feature","properties":{"level":1008},"geometry":{"type":"LineString","coordinates":[[-116.08,3.75],[-115.85,3.75],[-116.08,3.75]]}},{"type":"Feature","properties":{"level":1008},"geometry":{"type":"LineString","coordinates":[[-114.25,3.64],[-114.5,3.75],[-114.25,4.0],[-114.09,3.75],[-114.25,3.64]]}},{"type":"Feature","properties":{"level":1008},"geometry":{"type":"LineString","coordinates":[[-112.25,3.65],[-112.41,4.25],[-112.25,4.38],[-112.04,4.25],[-112.25,3.65]]}},{"type":"Feature","properties":{"level":1008},"geometry":{"type":"LineString","coordinates":[[-75.25,3.67],[-74.75,4.48],[-75.0,3.63],[-75.25,3.67]]}},{"type":"Feature","properties":{"level":1008},"geometry":{"type":"LineString","coordinates":[[-70.56,3.75],[-70.0,4.06],[-69.25,3.73],[-69.14,4.25],[-69.75,4.65],[-70.5,4.55],[-70.77,4.0],[-70.56,3.75]]}},{"type":"Feature","properties":{"level":1008},"geometry":{"type":"LineString","coordinates":[[-111.5,3.96],[-111.19,4.0],[-111.5,3.96]]}},{"type":"Feature","properties":{"level":1008},"geometry":{"type":"LineString","coordinates":[[-163.75,4.2],[-163.75,4.88],[-163.5,4.88],[-163.5,4.42],[-163.75,4.2]]}},{"type":"Feature","properties":{"level":1008},"geometry":{"type":"LineString","coordinates":[[-113.5,4.2],[-113.5,4.51],[-113.25,4.42],[-113.25,4.16],[-113.5,4.2]]}},{"type":"Feature","properties":{"level":1008},"geometry":{"type":"LineString","coordinates":[[-106.0,4.12],[-106.23,4.25],[-106.11,4.5],[-105.56,4.5],[-105.58,4.25],[-106.0,4.12]]}},{"type":"Feature","properties":{"level":1008},"geometry":{"type":"LineString","coordinates":[[-150.75,4.34],[-151.16,4.75],[-150.75,5.03],[-150.42,4.75],[-150.75,4.34]]}},{"type":"Feature","properties":{"level":1008},"geometry":{"type":"LineString","coordinates":[[-107.75,4.57],[-107.93,4.75],[-107.68,4.75],[-107.75,4.57]]}},{"type":"Feature","properties":{"level":1008},"geometry":{"type":"LineString","coordinates":[[-102.0,4.7],[-101.85,4.75],[-102.0,4.7]]}},{"type":"Feature","properties":{"level":1008},"geometry":{"type":"LineString","coordinates":[[-166.5,4.96],[-167.75,5.07],[-168.29,5.5],[-168.28,5.75],[-167.54,6.25],[-168.5,6.79],[-168.84,6.75],[-168.9,7.0],[-168.22,7.75],[-168.75,8.31],[-169.0,8.51],[-169.75,8.31],[-170.69,8.5],[-170.0,8.6],[-169.32,9.25],[-169.78,10.0],[-169.28,10.25],[-168.43,11.25],[-169.34,12.25],[-168.65,13.75],[-169.25,13.79],[-169.53,14.25],[-169.16,15.25],[-168.5,15.41],[-168.25,15.76],[-168.16,16.0],[-168.54,16.25],[-167.25,17.52],[-166.5,17.47],[-165.75,17.03],[-165.0,17.22],[-164.8,17.75],[-165.25,17.92],[-165.25,18.28],[-163.5,19.31],[-163.08,20.0],[-163.65,20.0],[-165.25,18.72],[-166.25,18.75],[-167.0,18.07],[-169.0,17.17],[-169.5,16.67],[-170.0,16.67],[-168.55,17.75],[-167.25,19.25],[-166.83,20.0],[-167.32,20.25],[-165.84,22.0],[-165.46,23.0],[-165.5,23.25],[-166.0,23.24],[-166.75,23.65],[-167.75,24.67],[-169.25,24.9],[-169.1,25.5],[-169.3,26.0],[-168.54,28.75],[-167.13,31.25],[-164.75,32.77],[-162.57,33.25],[-163.08,33.5],[-162.96,33.75],[-162.0,34.15],[-161.0,33.21],[-160.25,33.33],[-159.25,33.0],[-158.74,32.25],[-159.11,28.25],[-160.45,23.5],[-161.63,21.75],[-162.25,20.03],[-162.75,19.74],[-163.27,19.0],[-162.75,18.35],[-162.38,18.25],[-162.75,18.08],[-162.72,17.75],[-161.77,17.0],[-161.72,16.5],[-161.03,15.5],[-160.5,15.3],[-159.82,14.5],[-159.47,13.5],[-159.59,12.25],[-160.42,11.0],[-160.36,10.25],[-161.32,9.5],[-162.24,7.5],[-162.12,6.75],[-161.66,6.5],[-161.81,6.25],[-162.25,6.09],[-163.0,6.82],[-163.25,6.78],[-163.05,6.25],[-163.25,5.87],[-164.25,6.5],[-164.75,6.3],[-165.75,6.55],[-165.94,6.25],[-165.54,5.75],[-165.83,5.5],[-165.49,5.25],[-165.56,5.0],[-166.5,4.96]]}},{"type":"Feature","properties":{"level":1008},"geometry":{"type":"LineString","coordinates":[[-110.25,5.17],[-110.25,5.53],[-110.25,5.17]]}},{"type":"Feature","properties":{"level":1008},"geometry":{"type":"LineString","coordinates":[[-70.14,5.25],[-69.37,5.25],[-69.75,5.5],[-70.14,5.25]]}},{"type":"Feature","properties":{"level":1008},"geometry":{"type":"LineString","coordinates":[[-163.75,5.46],[-163.6,5.5],[-163.75,5.46]]}},{"type":"Feature","properties":{"level":1008},"geometry":{"type":"LineString","coordinates":[[-165.25,5.69],[-165.44,5.75],[-165.08,5.75],[-165.25,5.69]]}},{"type":"Feature","properties":{"level":1008},"geometry":{"type":"LineString","coordinates":[[-71.5,5.72],[-71.5,6.16],[-71.31,6.0],[-71.5,5.72]]}},{"type":"Feature","properties":{"level":1008},"geometry":{"type":"LineString","coordinates":[[-166.91,6.0],[-166.66,6.0],[-166.91,6.0]]}},{"type":"Feature","properties":{"level":1008},"geometry":{"type":"LineString","coordinates":[[-110.0,5.91],[-110.25,6.43],[-109.64,6.0],[-109.75,5.79],[-110.0,5.91]]}},{"type":"Feature","properties":{"level":1008},"geometry":{"type":"LineString","coordinates":[[-169.5,6.21],[-169.68,6.25],[-169.56,6.5],[-169.28,6.5],[-169.26,6.25],[-169.5,6.21]]}},{"type":"Feature","properties":{"level":1008},"geometry":{"type":"LineString","coordinates":[[-169.0,6.19],[-169.24,6.25],[-169.0,6.19]]}},{"type":"Feature","properties":{"level":1008},"geometry":{"type":"LineString","coordinates":[[-175.0,6.49],[-176.24,6.75],[-175.5,8.21],[-174.0,8.45],[-172.27,8.0],[-173.0,7.13],[-174.25,6.52],[-175.0,6.49]]}},{"type":"Feature","properties":{"level":1008},"geometry":{"type":"LineString","coordinates":[[-105.75,6.4],[-106.0,6.76],[-105.71,6.75],[-105.75,6.4]]}},{"type":"Feature","properties":{"level":1008},"geometry":{"type":"LineString","coordinates":[[-104.19,6.5],[-103.96,6.5],[-104.19,6.5]]}},{"type":"Feature","properties":{"level":1008},"geometry":{"type":"LineString","coordinates":[[-61.5,6.43],[-62.27,6.75],[-61.75,7.55],[-61.14,7.25],[-61.17,6.75],[-61.5,6.43]]}},{"type":"Feature","properties":{"level":1008},"geometry":{"type":"LineString","coordinates":[[-161.25,6.63],[-161.45,6.75],[-161.25,6.85],[-161.25,6.63]]}},{"type":"Feature","properties":{"level":1008},"geometry":{"type":"LineString","coordinates":[[-152.5,6.61],[-152.67,6.75],[-152.5,6.92],[-152.19,6.75],[-152.5,6.61]]}},{"type":"Feature","properties":{"level":1008},"geometry":{"type":"LineString","coordinates":[[-164.62,7.0],[-164.31,7.0],[-164.62,7.0]]}},{"type":"Feature","properties":{"level":1008},"geometry":{"type":"LineString","coordinates":[[-111.5,7.01],[-112.12,7.75],[-111.75,7.96],[-111.27,7.75],[-111.5,7.01]]}},{"type":"Feature","properties":{"level":1008},"geometry":{"type":"LineString","coordinates":[[-75.5,7.95],[-75.77,8.25],[-75.25,8.67],[-74.71,8.5],[-74.75,8.2],[-75.5,7.95]]}},{"type":"Feature","properties":{"level":1008},"geometry":{"type":"LineString","coordinates":[[-94.27,8.25],[-94.25,8.09],[-94.27,8.25]]}},{"type":"Feature","properties":{"level":1008},"geometry":{"type":"LineString","coordinates":[[-109.5,8.42],[-109.25,8.75],[-109.24,8.5],[-109.5,8.42]]}},{"type":"Feature","properties":{"level":1008},"geometry":{"type":"LineString","coordinates":[[-110.5,8.67],[-110.5,8.85],[-110.5,8.67]]}},{"type":"Feature","properties":{"level":1008},"geometry":{"type":"LineString","coordinates":[[-75.75,8.63],[-75.75,8.9],[-75.75,8.63]]}},{"type":"Feature","properties":{"level":1008},"geometry":{"type":"LineString","coordinates":[[-160.75,9.15],[-160.91,9.25],[-160.75,9.46],[-160.56,9.25],[-160.75,9.15]]}},{"type":"Feature","properties":{"level":1008},"geometry":{"type":"LineString","coordinates":[[-111.25,9.22],[-110.93,9.25],[-111.25,9.22]]}},{"type":"Feature","properties":{"level":1008},"geometry":{"type":"LineString","coordinates":[[-108.0,9.0],[-108.21,9.25],[-108.0,9.39],[-108.0,9.0]]}},{"type":"Feature","properties":{"level":1008},"geometry":{"type":"LineString","coordinates":[[-112.13,9.75],[-111.89,9.75],[-112.13,9.75]]}},{"type":"Feature","properties":{"level":1008},"geometry":{"type":"LineString","coordinates":[[-174.5,9.97],[-174.74,10.0],[-174.5,9.97]]}},{"type":"Feature","properties":{"level":1008},"geometry":{"type":"LineString","coordinates":[[-170.0,11.3],[-169.75,11.89],[-169.02,11.5],[-169.25,11.27],[-170.0,11.3]]}},{"type":"Feature","properties":{"level":1008},"geometry":{"type":"LineString","coordinates":[[-109.8,12.0],[-109.61,12.0],[-109.8,12.0]]}},{"type":"Feature","properties":{"level":1008},"geometry":{"type":"LineString","coordinates":[[26.0,11.98],[25.81,12.0],[26.56,12.0],[26.0,11.98]]}},{"type":"Feature","properties":{"level":1008},"geometry":{"type":"LineString","coordinates":[[32.5,11.97],[31.25,13.39],[30.5,13.36],[30.0,12.86],[29.2,12.75],[29.39,13.5],[29.09,13.75],[30.25,15.1],[30.78,15.0],[31.25,14.22],[31.63,14.25],[31.76,14.5],[31.37,15.0],[31.81,16.25],[31.75,16.88],[32.75,17.41],[33.25,17.25],[34.0,18.14],[34.5,18.12],[35.25,17.25],[36.02,15.25],[35.25,15.48],[34.42,14.5],[34.4,13.5],[33.58,12.25],[33.0,11.85],[32.5,11.97]]}},{"type":"Feature","properties":{"level":1008},"geometry":{"type":"LineString","coordinates":[[145.75,11.89],[145.31,12.25],[144.69,14.0],[145.1,14.75],[145.75,15.38],[146.75,15.69],[147.5,16.4],[148.25,16.48],[149.25,16.09],[149.74,15.0],[149.49,14.0],[149.0,13.7],[147.5,14.06],[147.81,13.25],[147.76,12.5],[147.5,12.56],[146.75,11.81],[145.75,11.89]]}},{"type":"Feature","properties":{"level":1008},"geometry":{"type":"LineString","coordinates":[[14.75,12.12],[14.43,12.75],[13.18,12.75],[13.2,13.5],[14.0,13.77],[15.5,13.3],[16.0,13.95],[16.25,13.47],[18.0,13.11],[18.53,13.25],[17.64,14.25],[18.0,14.57],[19.0,14.57],[19.62,14.0],[19.73,13.25],[19.25,12.17],[18.75,12.45],[18.04,12.25],[18.0,12.53],[17.25,12.14],[15.5,12.48],[14.75,12.12]]}},{"type":"Feature","properties":{"level":1008},"geometry":{"type":"LineString","coordinates":[[27.0,12.21],[26.79,12.25],[27.32,12.25],[27.0,12.21]]}},{"type":"Feature","properties":{"level":1008},"geometry":{"type":"LineString","coordinates":[[166.75,12.42],[166.1,13.0],[165.5,13.08],[165.0,13.71],[164.17,14.0],[163.39,15.5],[162.9,19.0],[163.0,19.33],[164.25,20.42],[165.75,20.52],[168.0,19.8],[169.64,18.25],[169.69,17.75],[169.17,16.5],[168.11,15.0],[168.18,14.75],[168.84,14.75],[168.61,14.25],[169.25,13.53],[169.2,13.25],[168.5,12.64],[166.75,12.42]]}},{"type":"Feature","properties":{"level":1008},"geometry":{"type":"LineString","coordinates":[[171.75,13.64],[171.77,14.25],[171.27,14.75],[171.5,15.16],[172.19,14.75],[172.24,14.5],[172.15,14.0],[171.75,13.64]]}},{"type":"Feature","properties":{"level":1008},"geometry":{"type":"LineString","coordinates":[[166.52,14.5],[166.92,14.5],[166.75,15.02],[166.57,15.0],[166.52,14.5]]}},{"type":"Feature","properties":{"level":1008},"geometry":{"type":"LineString","coordinates":[[156.0,14.69],[155.45,15.5],[155.75,16.02],[156.25,16.03],[156.7,15.75],[156.87,15.25],[156.6,14.75],[156.0,14.69]]}},{"type":"Feature","properties":{"level":1008},"geometry":{"type":"LineString","coordinates":[[-87.75,14.95],[-88.75,15.28],[-89.25,15.1],[-90.0,15.72],[-90.84,15.75],[-91.35,16.25],[-91.07,16.75],[-91.75,17.31],[-92.5,17.53],[-94.75,17.32],[-95.34,17.5],[-96.46,18.5],[-96.63,19.25],[-96.23,20.25],[-96.1,21.5],[-95.75,21.82],[-95.0,21.91],[-94.25,21.41],[-91.25,21.3],[-90.25,20.81],[-89.5,21.08],[-88.81,21.0],[-88.25,21.46],[-88.0,21.34],[-88.4,18.75],[-88.0,18.4],[-86.75,18.25],[-85.75,17.67],[-85.0,16.95],[-84.71,16.25],[-84.74,16.0],[-85.25,15.7],[-86.75,15.82],[-87.5,15.54],[-87.75,14.95]]}},{"type":"Feature","properties":{"level":1008},"geometry":{"type":"LineString","coordinates":[[-92.25,15.73],[-93.27,16.25],[-93.0,16.7],[-92.06,16.0],[-91.98,15.75],[-92.25,15.73]]}},{"type":"Feature","properties":{"level":1008},"geometry":{"type":"LineString","coordinates":[[110.25,17.17],[110.25,17.35],[110.25,17.17]]}},{"type":"Feature","properties":{"level":1008},"geometry":{"type":"LineString","coordinates":[[-95.11,18.25],[-94.73,18.25],[-95.0,18.6],[-95.29,18.5],[-95.11,18.25]]}},{"type":"Feature","properties":{"level":1008},"geometry":{"type":"LineString","coordinates":[[-89.55,18.25],[-89.5,18.08],[-89.25,18.55],[-89.5,18.55],[-89.55,18.25]]}},{"type":"Feature","properties":{"level":1008},"geometry":{"type":"LineString","coordinates":[[-103.5,20.24],[-103.5,20.52],[-103.89,20.5],[-104.31,21.25],[-103.94,21.5],[-103.75,22.17],[-103.5,22.24],[-103.3,22.0],[-103.88,21.25],[-103.5,21.27],[-103.0,21.94],[-102.5,21.86],[-102.25,22.17],[-101.85,21.25],[-100.81,20.5],[-101.0,20.22],[-101.75,20.12],[-103.5,20.24]]}},{"type":"Feature","properties":{"level":1008},"geometry":{"type":"LineString","coordinates":[[-105.5,27.24],[-106.28,27.5],[-106.06,27.75],[-106.16,28.0],[-105.5,28.71],[-105.08,27.5],[-105.5,27.24]]}},{"type":"Feature","properties":{"level":1008},"geometry":{"type":"LineString","coordinates":[[157.0,27.71],[156.45,29.0],[156.77,30.0],[158.0,30.44],[158.75,30.29],[159.67,29.75],[159.86,28.75],[159.0,27.8],[158.25,27.55],[157.0,27.71]]}},{"type":"Feature","properties":{"level":1008},"geometry":{"type":"LineString","coordinates":[[-80.5,29.45],[-80.25,29.71],[-80.03,29.5],[-80.25,29.26],[-80.5,29.45]]}},{"type":"Feature","properties":{"level":1008},"geometry":{"type":"LineString","coordinates":[[-78.5,29.88],[-78.69,30.25],[-78.5,30.42],[-77.75,30.64],[-77.4,30.5],[-78.0,29.97],[-78.5,29.88]]}},{"type":"Feature","properties":{"level":1008},"geometry":{"type":"LineString","coordinates":[[-119.5,35.16],[-120.23,35.75],[-120.47,36.5],[-121.16,37.0],[-121.22,37.5],[-122.0,38.33],[-122.59,40.25],[-122.25,40.79],[-120.77,38.0],[-119.0,36.44],[-118.73,35.25],[-119.0,35.04],[-119.5,35.16]]}},{"type":"Feature","properties":{"level":1008},"geometry":{"type":"LineString","coordinates":[[-120.5,35.45],[-121.0,35.59],[-121.25,36.5],[-120.29,35.75],[-120.5,35.45]]}},{"type":"Feature","properties":{"level":1008},"geometry":{"type":"LineString","coordinates":[[-81.25,45.69],[-82.0,46.51],[-83.75,47.61],[-84.75,47.82],[-85.25,47.66],[-85.5,47.72],[-85.5,48.01],[-86.25,47.5],[-88.77,48.25],[-88.5,49.25],[-91.25,50.81],[-91.68,51.25],[-91.11,51.75],[-92.75,51.69],[-94.83,52.75],[-95.72,53.75],[-95.52,54.25],[-96.0,55.0],[-99.94,57.75],[-101.0,59.5],[-102.25,60.74],[-103.35,62.5],[-101.5,63.27],[-98.75,63.71],[-95.5,63.84],[-79.25,62.12],[-77.25,61.52],[-73.25,59.53],[-70.61,58.0],[-69.12,56.5],[-67.61,55.5],[-67.48,54.75],[-68.09,53.25],[-68.22,52.25],[-69.49,51.25],[-70.34,51.0],[-71.75,50.08],[-72.35,49.0],[-72.18,48.5],[-73.25,48.46],[-75.5,46.42],[-76.81,45.75],[-81.25,45.69]]}},{"type":"Feature","properties":{"level":1008},"geometry":{"type":"LineString","coordinates":[[-87.5,47.47],[-87.74,47.5],[-87.5,47.47]]}},{"type":"Feature","properties":{"level":1008},"geometry":{"type":"LineString","coordinates":[[180.0,48.34],[174.75,44.47],[171.0,42.39],[168.25,41.57],[167.75,41.93],[165.0,42.57],[163.9,43.0],[161.5,44.65],[160.28,45.75],[159.67,46.75],[156.75,48.33],[155.0,48.98],[147.25,50.66],[142.73,52.0],[139.0,53.66],[138.09,54.25],[137.5,55.09],[136.59,55.75],[136.56,56.0],[137.25,56.5],[137.41,57.25],[137.41,57.5],[136.58,58.25],[137.2,60.25],[138.07,60.5],[138.4,61.0],[138.21,61.75],[138.89,62.0],[139.0,62.89],[139.81,63.0],[139.9,63.25],[139.67,63.5],[140.0,63.82],[141.56,64.25],[141.72,64.5],[140.99,65.0],[140.9,65.5],[140.45,66.0],[141.0,65.8],[141.89,66.0],[141.0,66.67],[140.0,66.81],[139.8,67.25],[139.0,67.59],[138.95,68.0],[138.24,68.75],[138.25,69.03],[139.25,68.8],[139.38,69.0],[139.0,69.25],[137.5,69.53],[134.0,68.94],[131.0,69.2],[129.96,69.5],[129.75,70.31],[128.0,71.12],[124.75,70.82],[118.06,72.75],[106.75,73.89],[104.5,73.99],[98.75,73.69],[90.0,72.21],[86.03,71.0],[84.6,70.25],[84.15,69.75],[83.6,68.75],[83.69,68.0],[84.5,67.0],[88.25,66.11],[90.24,64.5],[92.06,63.75],[92.0,63.5],[90.35,63.0],[91.63,61.5],[91.46,60.5],[90.75,59.7],[89.75,59.23],[88.25,59.16],[87.25,59.35],[84.75,60.58],[82.5,60.29],[78.75,57.77],[77.25,56.3],[75.75,55.46],[71.75,54.57],[68.75,54.44],[66.5,54.66],[61.25,56.25],[56.0,58.74],[44.78,63.25],[34.85,65.0],[29.0,66.2],[28.5,66.55],[25.48,66.5],[22.0,67.19],[21.0,67.61],[19.77,67.5],[19.36,67.75],[19.57,68.75],[19.26,69.25],[15.75,69.8],[12.75,70.85],[9.25,72.41],[3.17,76.0],[1.16,77.5],[-0.38,79.75],[-1.08,81.25],[-0.94,82.0],[-0.17,83.0],[1.75,83.93],[5.5,84.68],[11.75,85.4],[20.0,85.98],[34.75,86.57],[60.75,86.94],[84.5,86.77],[106.75,86.12],[122.75,85.14],[143.5,82.88],[170.5,82.72],[175.5,82.4],[180.0,81.72]]}},{"type":"Feature","properties":{"level":1008},"geometry":{"type":"LineString","coordinates":[[-47.75,50.73],[-52.25,51.65],[-55.75,53.36],[-58.33,55.75],[-59.83,58.25],[-60.6,61.5],[-59.16,63.5],[-58.1,65.75],[-56.96,71.25],[-55.75,71.98],[-55.0,71.54],[-54.25,71.81],[-53.2,71.75],[-51.75,70.97],[-51.0,70.89],[-50.57,70.5],[-50.64,70.25],[-49.75,70.03],[-49.67,69.5],[-49.33,69.25],[-50.07,68.5],[-49.79,67.5],[-49.98,67.25],[-49.75,66.96],[-49.5,66.92],[-49.3,67.25],[-49.52,67.75],[-48.25,68.83],[-47.25,69.05],[-45.57,68.75],[-45.42,68.5],[-46.12,66.0],[-46.25,64.59],[-46.75,64.14],[-47.74,64.0],[-47.0,63.48],[-45.5,63.15],[-44.75,62.46],[-44.0,62.37],[-43.5,62.64],[-43.36,63.0],[-41.5,63.42],[-38.25,64.86],[-31.75,65.21],[-29.25,64.4],[-28.75,63.96],[-26.23,63.0],[-24.5,62.04],[-23.25,61.07],[-22.5,59.66],[-21.16,58.25],[-22.5,57.3],[-27.75,55.79],[-33.5,53.01],[-34.98,52.75],[-35.25,52.42],[-37.0,52.51],[-40.25,51.4],[-44.25,50.68],[-47.75,50.73]]}},{"type":"Feature","properties":{"level":1008},"geometry":{"type":"LineString","coordinates":[[-50.41,66.0],[-50.0,66.01],[-49.75,66.4],[-51.51,66.25],[-50.41,66.0]]}},{"type":"Feature","properties":{"level":1008},"geometry":{"type":"LineString","coordinates":[[143.82,66.0],[145.25,65.79],[145.61,66.0],[143.5,66.4],[143.34,66.5],[143.82,66.75],[143.25,66.8],[142.75,67.32],[142.0,67.14],[141.13,67.25],[141.0,67.5],[141.42,68.0],[140.99,68.0],[140.6,67.5],[141.25,66.7],[142.48,66.75],[143.0,66.18],[143.82,66.0]]}},{"type":"Feature","properties":{"level":1008},"geometry":{"type":"LineString","coordinates":[[-52.92,70.5],[-51.87,70.5],[-52.92,70.5]]}},{"type":"Feature","properties":{"level":1008},"geometry":{"type":"LineString","coordinates":[[-180.0,81.72],[-175.81,80.5],[-174.5,79.77],[-173.5,78.88],[-172.05,76.75],[-171.54,73.75],[-170.83,72.0],[-171.89,70.25],[-173.75,67.94],[-173.96,67.5],[-173.76,66.75],[-174.3,66.0],[-174.28,65.5],[-173.75,65.03],[-173.67,64.5],[-172.88,63.75],[-172.21,62.5],[-171.46,59.5],[-171.39,57.25],[-172.24,54.25],[-173.5,52.0],[-175.54,50.0],[-178.0,49.3],[-180.0,48.34]]}},{"type":"Feature","properties":{"level":1012},"geometry":{"type":"LineString","coordinates":[[26.75,-89.5],[22.58,-89.25],[49.5,-88.88],[82.58,-89.25],[68.25,-89.61],[26.75,-89.5]]}},{"type":"Feature","properties":{"level":1012},"geometry":{"type":"LineString","coordinates":[[180.0,-89.71],[156.25,-89.55],[154.96,-89.5],[157.15,-89.25],[156.31,-89.0],[149.45,-88.75],[107.79,-87.5],[109.51,-86.75],[108.58,-85.75],[107.27,-85.0],[107.85,-84.5],[109.22,-84.0],[115.0,-82.94],[122.75,-82.23],[133.25,-79.96],[136.75,-79.44],[138.69,-78.75],[138.44,-78.25],[136.0,-77.25],[134.55,-76.25],[133.79,-75.25],[132.0,-74.43],[125.0,-74.18],[124.58,-74.25],[126.26,-74.75],[126.13,-75.0],[122.25,-75.51],[106.0,-75.15],[94.5,-74.47],[93.52,-74.75],[93.0,-75.25],[91.46,-76.0],[89.75,-76.37],[88.5,-76.28],[87.18,-76.5],[85.25,-77.33],[76.5,-78.28],[74.25,-78.75],[68.25,-78.57],[66.5,-78.78],[61.75,-78.16],[61.26,-77.75],[60.25,-77.55],[59.43,-77.0],[57.5,-76.84],[53.75,-75.91],[49.75,-73.91],[47.5,-73.37],[45.0,-73.22],[40.5,-73.45],[36.75,-74.1],[28.5,-74.47],[25.75,-74.32],[23.0,-74.5],[12.54,-74.0],[13.02,-74.25],[18.5,-75.16],[23.25,-75.52],[24.94,-75.75],[26.25,-76.25],[29.54,-76.5],[30.91,-77.0],[31.75,-76.93],[36.43,-77.75],[38.5,-77.87],[40.38,-78.5],[42.5,-79.77],[43.24,-80.75],[42.25,-81.68],[39.96,-83.0],[40.63,-84.0],[40.64,-84.5],[42.09,-85.0],[39.95,-85.5],[39.9,-85.75],[40.55,-86.25],[43.39,-86.75],[43.3,-87.0],[40.5,-87.29],[33.5,-87.62],[19.0,-87.48],[-18.5,-88.72],[-75.77,-89.0],[-69.89,-89.25],[-73.75,-89.44],[-180.0,-89.71]]}},{"type":"Feature","properties":{"level":1012},"geometry":{"type":"LineString","coordinates":[[35.75,-88.01],[36.77,-88.0],[35.75,-88.01]]}},{"type":"Feature","properties":{"level":1012},"geometry":{"type":"LineString","coordinates":[[11.76,-82.5],[15.37,-82.25],[12.0,-81.94],[9.12,-82.0],[9.62,-82.25],[11.76,-82.5]]}},{"type":"Feature","properties":{"level":1012},"geometry":{"type":"LineString","coordinates":[[-180.0,-56.27],[-174.75,-55.02],[-168.0,-52.5],[-165.28,-51.25],[-164.14,-50.5],[-163.75,-49.96],[-162.75,-49.49],[-149.75,-48.3],[-144.75,-47.18],[-139.99,-45.5],[-135.75,-42.74],[-130.85,-38.75],[-127.56,-36.75],[-125.75,-36.12],[-120.5,-35.16],[-119.0,-34.66],[-117.94,-34.0],[-116.31,-32.25],[-116.08,-31.75],[-116.36,-31.0],[-115.73,-29.25],[-114.75,-27.98],[-114.5,-26.8],[-113.75,-26.36],[-112.75,-27.22],[-111.5,-27.76],[-111.32,-28.5],[-110.75,-29.15],[-110.5,-28.82],[-110.0,-29.73],[-109.5,-28.79],[-109.0,-28.76],[-108.21,-29.5],[-107.75,-30.39],[-107.18,-30.25],[-106.8,-31.5],[-105.75,-31.99],[-104.4,-35.25],[-104.04,-39.75],[-103.22,-43.0],[-101.14,-47.25],[-98.25,-50.84],[-95.75,-52.84],[-91.5,-55.07],[-87.3,-56.5],[-79.5,-58.41],[-75.25,-58.69],[-67.5,-58.68],[-60.75,-58.02],[-53.25,-56.75],[-43.0,-56.26],[-36.7,-55.0],[-36.25,-54.86],[-36.24,-54.5],[-37.36,-54.0],[-37.15,-53.5],[-36.25,-52.84],[-35.0,-52.25],[-31.75,-51.53],[-26.5,-49.69],[-17.5,-45.27],[-14.25,-43.52],[-10.24,-40.75],[-7.99,-38.5],[-7.85,-38.0],[-6.25,-35.99],[-5.0,-35.52],[-2.75,-35.29],[-0.75,-34.47],[3.75,-35.57],[7.75,-36.95],[18.25,-41.63],[22.5,-43.83],[33.0,-51.09],[37.75,-53.52],[41.75,-54.16],[45.25,-54.14],[52.5,-53.49],[60.5,-52.34],[64.25,-52.11],[71.25,-50.72],[81.75,-49.16],[87.23,-48.0],[95.0,-45.0],[101.36,-42.0],[108.75,-35.99],[112.25,-34.7],[114.75,-34.14],[115.75,-34.15],[116.5,-33.64],[117.05,-32.75],[117.71,-32.25],[117.75,-31.19],[118.25,-30.93],[118.75,-31.0],[119.0,-30.69],[119.5,-30.83],[120.25,-30.66],[121.0,-29.75],[121.17,-29.0],[121.55,-28.5],[121.65,-27.25],[121.13,-25.0],[121.83,-23.25],[121.89,-22.75],[121.53,-22.25],[121.66,-21.5],[122.25,-21.1],[122.5,-21.3],[123.5,-20.6],[124.25,-20.53],[124.15,-20.0],[125.25,-19.58],[126.25,-19.73],[126.44,-20.25],[126.75,-20.4],[127.26,-19.75],[127.75,-19.66],[128.09,-19.75],[127.52,-20.25],[127.73,-20.5],[128.25,-20.11],[128.53,-20.25],[128.83,-22.25],[128.59,-22.75],[129.36,-24.25],[128.9,-25.0],[129.49,-25.75],[129.39,-26.0],[131.0,-27.36],[131.11,-27.75],[132.08,-28.75],[132.7,-30.5],[133.19,-31.0],[134.05,-32.75],[134.6,-33.25],[134.85,-34.5],[136.28,-37.5],[137.5,-41.01],[138.97,-43.0],[140.28,-45.75],[141.41,-47.25],[146.0,-50.78],[150.5,-53.24],[154.0,-54.66],[162.5,-56.73],[169.75,-57.15],[175.0,-56.9],[180.0,-56.27]]}},{"type":"Feature","properties":{"level":1012},"geometry":{"type":"LineString","coordinates":[[165.25,-39.81],[164.57,-39.0],[164.51,-38.5],[164.75,-38.28],[166.5,-37.39],[167.96,-37.75],[168.19,-38.75],[167.86,-39.5],[167.0,-39.94],[165.25,-39.81]]}},{"type":"Feature","properties":{"level":1012},"geometry":{"type":"LineString","coordinates":[[-76.75,-38.08],[-76.75,-37.63],[-76.12,-37.75],[-76.25,-38.15],[-76.75,-38.08]]}},{"type":"Feature","properties":{"level":1012},"geometry":{"type":"LineString","coordinates":[[-69.5,-31.85],[-69.5,-30.77],[-69.28,-31.0],[-69.5,-31.85]]}},{"type":"Feature","properties":{"level":1012},"geometry":{"type":"LineString","coordinates":[[21.25,-26.84],[20.25,-25.88],[19.0,-26.06],[18.5,-25.55],[18.25,-26.03],[18.0,-25.83],[18.0,-25.14],[18.25,-25.49],[18.45,-25.25],[17.9,-24.75],[18.5,-23.52],[19.15,-24.0],[18.84,-24.5],[19.0,-24.64],[19.5,-24.79],[20.0,-24.51],[20.5,-24.61],[21.25,-25.27],[21.41,-25.75],[21.25,-26.84]]}},{"type":"Feature","properties":{"level":1012},"geometry":{"type":"LineString","coordinates":[[17.25,-19.86],[15.91,-19.25],[15.75,-18.32],[14.5,-18.14],[14.5,-17.56],[13.75,-17.57],[13.41,-17.25],[14.75,-15.9],[15.5,-15.63],[15.75,-15.11],[16.0,-15.0],[16.5,-15.33],[16.75,-14.91],[17.75,-15.1],[18.5,-14.69],[19.04,-14.25],[18.87,-13.75],[19.0,-13.02],[19.25,-13.08],[19.75,-12.28],[20.0,-12.3],[20.28,-12.75],[20.54,-12.5],[20.52,-12.0],[19.75,-11.13],[18.5,-11.01],[18.0,-10.66],[17.92,-11.0],[18.18,-11.5],[17.75,-11.65],[17.27,-10.5],[16.79,-10.25],[16.37,-9.5],[16.24,-8.0],[15.98,-7.5],[16.14,-6.5],[15.86,-6.0],[16.18,-5.25],[15.75,-5.0],[15.5,-5.19],[15.0,-5.11],[14.25,-4.32],[13.87,-4.25],[14.25,-3.93],[14.5,-4.09],[15.11,-3.75],[14.83,-3.25],[15.16,-2.5],[14.61,-1.75],[14.56,-0.5],[14.14,0.25],[14.75,0.23],[14.99,0.75],[15.5,0.95],[16.0,1.67],[16.75,1.35],[17.0,1.65],[17.75,1.62],[18.5,2.31],[19.25,2.28],[19.59,2.0],[19.79,0.5],[20.58,-0.25],[20.08,-1.0],[20.88,-2.0],[20.9,-2.75],[22.25,-2.97],[22.5,-2.75],[22.2,-2.0],[22.43,-1.0],[23.36,-0.5],[23.54,0.5],[23.38,1.5],[24.45,2.5],[24.5,3.0],[24.88,2.75],[25.0,2.04],[26.06,2.5],[26.05,3.25],[25.53,4.0],[25.98,5.0],[25.75,5.22],[24.69,4.75],[24.49,4.5],[24.6,3.75],[24.25,3.44],[23.75,3.56],[23.25,4.12],[23.25,5.09],[22.5,5.26],[21.5,5.08],[21.25,4.66],[21.0,5.05],[20.28,4.75],[20.17,4.5],[20.5,4.54],[21.25,3.91],[21.27,4.25],[21.75,4.66],[22.25,4.53],[22.5,4.0],[22.16,2.25],[23.25,2.27],[23.28,2.0],[23.0,1.65],[22.25,1.35],[22.25,1.81],[20.94,3.0],[20.75,3.62],[19.64,4.25],[19.73,4.5],[19.06,5.0],[19.61,6.25],[18.75,6.99],[17.5,6.89],[15.75,7.59],[15.5,7.51],[15.04,7.75],[15.28,8.0],[15.0,8.08],[12.2,7.75],[11.75,8.7],[11.58,8.25],[11.73,7.75],[10.0,7.84],[9.58,8.25],[10.0,9.14],[10.75,9.11],[11.03,9.5],[10.75,9.89],[9.77,10.0],[9.25,10.39],[9.0,10.95],[6.75,11.41],[6.26,10.75],[6.84,9.25],[7.21,9.0],[6.75,7.97],[4.5,9.21],[4.26,10.0],[3.5,10.95],[2.25,10.99],[2.0,11.19],[1.5,10.96],[0.75,9.74],[-0.25,9.91],[-0.73,8.75],[-1.25,8.65],[-1.56,9.25],[-1.32,10.0],[-1.75,10.67],[-2.75,10.53],[-3.25,10.71],[-3.75,11.79],[-4.0,11.58],[-4.25,11.75],[-4.75,11.2],[-6.0,11.49],[-6.25,11.06],[-7.24,11.25],[-6.77,12.25],[-7.0,12.96],[-7.61,13.25],[-7.19,14.0],[-7.34,14.25],[-8.25,15.14],[-10.39,15.5],[-10.52,16.25],[-11.5,16.18],[-11.94,17.0],[-11.32,18.0],[-10.25,18.63],[-5.5,19.75],[-4.0,20.79],[-2.75,21.16],[-1.75,21.97],[-1.5,22.05],[-1.0,21.58],[-0.75,21.87],[0.5,21.45],[2.0,22.28],[1.95,21.75],[0.94,20.0],[1.23,19.0],[2.25,18.37],[4.5,19.08],[7.25,19.28],[7.93,18.75],[7.99,17.25],[9.25,16.89],[10.0,17.14],[10.75,18.21],[12.25,18.44],[13.25,18.34],[14.5,18.8],[16.5,18.68],[17.75,18.92],[18.25,18.47],[19.75,17.93],[20.78,18.0],[21.75,17.4],[22.52,16.25],[22.06,15.25],[22.1,14.25],[22.5,14.11],[22.62,14.75],[23.25,15.17],[24.13,14.75],[24.03,13.0],[24.5,12.75],[24.75,14.05],[26.0,14.66],[26.18,15.25],[26.75,15.08],[27.52,15.5],[27.41,17.0],[26.95,17.5],[27.0,17.82],[27.5,17.68],[28.5,18.0],[28.68,18.5],[29.25,18.95],[29.39,19.5],[30.5,20.7],[31.5,20.73],[32.75,21.15],[33.25,22.72],[33.93,22.25],[33.61,22.0],[34.0,21.48],[34.5,22.23],[34.75,22.14],[34.93,21.75],[34.75,21.14],[34.24,21.25],[35.25,20.35],[35.77,20.5],[35.88,20.0],[35.67,19.75],[36.0,19.68],[36.17,19.0],[36.87,18.0],[37.44,18.25],[37.5,19.04],[38.1,20.0],[37.63,20.75],[37.67,21.5],[37.19,22.0],[37.66,22.75],[37.06,23.0],[36.41,24.5],[36.44,26.0],[36.91,26.0],[37.23,24.75],[38.5,24.25],[38.86,23.25],[39.25,23.02],[40.01,20.75],[41.0,20.1],[41.75,19.08],[41.85,18.25],[43.0,17.24],[43.29,16.5],[43.19,15.25],[43.82,12.25],[45.5,11.68],[46.75,12.12],[49.27,11.5],[49.0,11.24],[47.5,11.21],[46.64,10.75],[46.0,10.82],[45.5,10.45],[44.5,10.39],[43.75,10.79],[43.25,11.39],[43.5,12.25],[42.27,13.0],[41.75,12.51],[40.25,12.38],[39.93,15.0],[39.16,15.75],[38.75,17.35],[38.25,17.96],[38.0,17.96],[37.85,17.5],[38.09,16.75],[37.88,16.25],[38.4,15.5],[38.01,14.75],[38.08,14.0],[37.75,13.72],[37.25,13.92],[36.52,11.75],[35.44,10.75],[35.5,10.22],[34.5,10.47],[34.2,9.5],[35.06,7.5],[34.89,6.75],[35.35,6.5],[35.04,6.0],[35.12,5.75],[35.25,5.61],[36.0,6.36],[36.15,6.25],[36.5,5.0],[36.95,5.0],[37.03,5.25],[36.93,4.25],[37.53,4.0],[37.62,3.25],[38.23,3.0],[38.32,2.75],[37.5,2.08],[37.0,2.49],[36.75,2.31],[36.56,1.5],[36.25,0.94],[36.0,0.92],[34.89,2.75],[35.09,3.25],[34.75,3.08],[33.98,4.25],[33.75,4.4],[33.45,4.25],[33.69,4.0],[33.36,3.75],[34.89,2.0],[34.15,1.0],[34.56,0.5],[34.36,0.0],[34.86,-0.25],[34.26,-1.25],[34.66,-1.5],[34.5,-1.66],[34.0,-1.46],[33.89,-1.75],[34.74,-2.25],[34.33,-2.75],[34.38,-3.25],[35.11,-3.75],[34.34,-4.25],[34.24,-5.25],[33.24,-5.75],[32.95,-6.25],[31.68,-6.75],[32.21,-7.75],[33.15,-8.5],[32.5,-8.69],[31.27,-7.25],[31.03,-7.5],[31.44,-8.75],[31.03,-9.0],[31.04,-9.5],[31.25,-9.69],[32.25,-9.28],[32.48,-9.5],[32.17,-10.5],[31.5,-10.97],[31.25,-10.92],[30.75,-11.46],[30.25,-11.4],[29.34,-11.75],[29.24,-11.0],[29.0,-10.81],[28.75,-11.27],[28.25,-10.88],[27.97,-10.0],[28.14,-9.0],[27.75,-8.26],[27.08,-8.5],[26.75,-9.13],[25.25,-10.36],[24.75,-10.46],[24.25,-9.93],[23.75,-10.09],[23.28,-10.5],[23.25,-10.93],[22.43,-11.25],[22.44,-11.5],[23.14,-12.0],[23.57,-13.0],[23.17,-14.0],[23.71,-14.5],[23.47,-14.75],[23.77,-15.0],[23.5,-15.42],[23.0,-15.4],[22.75,-15.67],[22.5,-15.36],[21.58,-15.5],[22.75,-16.52],[22.75,-15.85],[23.23,-16.0],[23.05,-16.5],[23.51,-17.25],[23.22,-17.75],[23.36,-18.0],[22.53,-18.5],[21.75,-19.36],[21.25,-19.16],[21.0,-19.38],[20.0,-19.33],[19.57,-19.0],[19.44,-18.5],[19.0,-18.49],[18.88,-18.75],[19.44,-19.25],[19.25,-19.56],[18.75,-19.01],[17.75,-19.36],[17.25,-19.86]]}},{"type":"Feature","properties":{"level":1012},"geometry":{"type":"LineString","coordinates":[[-51.94,-19.5],[-51.75,-19.62],[-51.62,-19.0],[-52.75,-18.18],[-53.0,-18.91],[-52.25,-19.1],[-51.94,-19.5]]}},{"type":"Feature","properties":{"level":1012},"geometry":{"type":"LineString","coordinates":[[-51.45,-18.75],[-51.25,-18.84],[-51.25,-18.51],[-51.65,-18.5],[-51.45,-18.75]]}},{"type":"Feature","properties":{"level":1012},"geometry":{"type":"LineString","coordinates":[[31.0,-16.25],[30.99,-15.75],[31.36,-15.75],[31.36,-16.25],[31.0,-16.25]]}},{"type":"Feature","properties":{"level":1012},"geometry":{"type":"LineString","coordinates":[[-70.25,-15.8],[-70.42,-15.25],[-70.25,-15.12],[-69.75,-15.12],[-69.41,-15.5],[-69.75,-15.87],[-70.25,-15.8]]}},{"type":"Feature","properties":{"level":1012},"geometry":{"type":"LineString","coordinates":[[29.5,-15.84],[29.67,-15.75],[29.5,-15.84]]}},{"type":"Feature","properties":{"level":1012},"geometry":{"type":"LineString","coordinates":[[30.5,-14.53],[30.44,-14.25],[31.15,-13.5],[31.75,-12.16],[32.32,-11.5],[32.58,-10.25],[33.0,-9.83],[33.42,-11.25],[32.56,-12.75],[32.5,-13.25],[32.0,-13.7],[31.75,-13.56],[31.25,-13.86],[30.5,-14.53]]}},{"type":"Feature","properties":{"level":1012},"geometry":{"type":"LineString","coordinates":[[34.75,-14.16],[34.22,-13.0],[34.46,-10.75],[33.8,-10.0],[33.75,-9.46],[34.6,-10.25],[34.52,-11.0],[34.81,-12.0],[34.63,-12.5],[35.02,-14.0],[34.75,-14.16]]}},{"type":"Feature","properties":{"level":1012},"geometry":{"type":"LineString","coordinates":[[180.0,-12.23],[176.75,-12.02],[176.0,-11.63],[175.5,-11.71],[175.25,-12.04],[174.5,-11.7],[173.5,-11.89],[172.0,-11.57],[170.0,-11.61],[168.0,-10.47],[167.75,-10.66],[167.0,-10.19],[166.0,-10.21],[164.75,-9.72],[163.75,-10.22],[162.58,-9.25],[160.08,-5.75],[159.56,-3.5],[159.25,-3.91],[158.69,-3.25],[159.0,-3.21],[159.28,-2.75],[158.5,-2.55],[158.78,-2.25],[158.31,-1.0],[157.73,-0.75],[157.5,-0.18],[156.75,-0.16],[156.32,0.25],[156.54,0.75],[156.04,2.0],[156.27,2.5],[155.74,3.0],[156.05,3.25],[156.08,3.75],[154.75,3.82],[154.25,4.39],[153.72,4.0],[153.25,3.99],[153.13,4.25],[153.46,4.5],[153.0,5.06],[152.0,4.97],[151.75,4.73],[150.5,5.15],[149.9,5.0],[149.96,4.75],[149.75,4.61],[148.64,4.75],[148.57,4.25],[148.25,4.13],[147.01,6.0],[146.0,5.6],[144.25,6.05],[143.5,5.58],[143.14,5.75],[143.74,6.25],[142.5,6.53],[141.0,6.32],[139.75,5.51],[138.5,5.74],[138.07,6.0],[138.09,6.25],[138.66,6.75],[137.5,7.43],[136.23,6.25],[136.25,5.52],[135.39,6.0],[135.62,6.25],[135.25,6.58],[134.5,5.85],[133.75,6.37],[133.25,6.14],[132.0,6.23],[131.5,5.96],[131.25,6.55],[130.25,5.9],[129.25,6.03],[128.75,6.41],[128.5,6.06],[128.25,6.13],[127.25,5.64],[126.5,5.9],[126.25,5.66],[125.75,5.71],[125.75,6.65],[126.25,6.61],[126.65,7.5],[125.98,9.25],[125.75,9.55],[125.38,9.25],[125.5,8.92],[124.92,9.0],[124.75,9.39],[124.25,9.07],[123.45,9.0],[123.67,9.25],[123.66,10.0],[124.14,10.75],[124.0,10.9],[123.5,10.22],[123.49,10.75],[122.92,11.0],[123.0,11.41],[122.09,12.0],[121.65,13.0],[121.75,13.22],[122.0,13.06],[122.25,13.36],[122.5,13.25],[122.75,13.65],[123.25,13.54],[123.5,13.05],[123.75,13.11],[123.69,13.5],[123.92,13.75],[123.75,14.12],[122.0,14.59],[121.85,14.75],[122.0,14.94],[123.19,15.25],[122.92,15.5],[123.25,15.61],[123.75,15.13],[124.0,15.16],[124.34,16.0],[128.5,18.31],[129.64,19.5],[130.86,22.0],[133.75,24.26],[140.25,25.79],[141.0,25.65],[142.75,25.99],[144.0,26.6],[145.75,27.04],[148.0,28.14],[151.0,29.04],[153.75,31.07],[154.0,30.67],[157.0,31.82],[158.25,31.96],[159.05,31.75],[160.5,30.71],[161.33,29.75],[161.53,28.75],[160.82,25.75],[161.25,24.96],[162.25,25.39],[164.0,25.16],[171.46,21.75],[171.82,21.5],[171.82,21.0],[172.5,20.95],[173.25,20.44],[173.42,20.5],[173.24,20.75],[173.5,20.76],[174.5,20.15],[174.32,20.5],[174.5,20.59],[175.0,20.35],[178.22,20.5],[178.36,20.75],[178.75,20.7],[179.0,21.02],[179.75,21.2],[180.0,21.52]]}},{"type":"Feature","properties":{"level":1012},"geometry":{"type":"LineString","coordinates":[[27.5,-10.81],[26.54,-10.0],[27.25,-9.22],[27.66,-10.0],[27.5,-10.81]]}},{"type":"Feature","properties":{"level":1012},"geometry":{"type":"LineString","coordinates":[[29.73,-10.0],[30.0,-10.12],[30.98,-9.75],[30.75,-9.49],[29.73,-10.0]]}},{"type":"Feature","properties":{"level":1012},"geometry":{"type":"LineString","coordinates":[[23.99,-9.75],[24.36,-9.25],[24.25,-9.0],[23.25,-8.45],[22.72,-8.5],[23.0,-9.46],[23.5,-9.6],[23.75,-9.4],[23.99,-9.75]]}},{"type":"Feature","properties":{"level":1012},"geometry":{"type":"LineString","coordinates":[[29.34,-8.0],[29.5,-8.22],[30.02,-8.0],[30.15,-7.5],[30.0,-7.11],[29.54,-7.0],[29.25,-6.24],[28.94,-7.25],[29.34,-8.0]]}},{"type":"Feature","properties":{"level":1012},"geometry":{"type":"LineString","coordinates":[[-77.75,-7.82],[-78.15,-7.5],[-78.0,-6.64],[-77.75,-7.82]]}},{"type":"Feature","properties":{"level":1012},"geometry":{"type":"LineString","coordinates":[[30.34,-6.25],[30.91,-6.0],[30.84,-5.5],[30.33,-5.0],[30.45,-4.75],[30.19,-4.5],[30.5,-4.15],[31.0,-4.11],[30.81,-3.25],[31.25,-2.91],[31.37,-2.5],[31.16,-1.75],[31.75,-1.42],[31.72,-0.5],[32.24,0.25],[32.03,0.5],[32.19,0.75],[31.5,1.2],[31.0,1.22],[30.5,0.9],[30.07,1.0],[31.14,2.25],[30.9,2.75],[31.06,3.5],[30.75,3.79],[30.23,3.5],[30.2,3.0],[29.75,2.68],[29.0,3.24],[28.29,2.75],[28.32,2.5],[28.0,2.65],[27.28,1.25],[27.47,0.75],[26.97,0.5],[27.22,-0.75],[27.67,-1.0],[27.5,-1.35],[27.07,-1.5],[27.13,-1.75],[28.0,-2.59],[27.98,-3.75],[28.75,-4.5],[29.14,-3.75],[29.25,-2.87],[29.37,-3.75],[30.16,-5.0],[30.11,-5.5],[30.49,-5.75],[30.22,-6.0],[30.34,-6.25]]}},{"type":"Feature","properties":{"level":1012},"geometry":{"type":"LineString","coordinates":[[14.5,-5.51],[14.75,-5.38],[14.75,-5.71],[14.5,-5.51]]}},{"type":"Feature","properties":{"level":1012},"geometry":{"type":"LineString","coordinates":[[-40.82,-4.5],[-40.63,-4.0],[-41.0,-3.4],[-41.25,-3.5],[-40.82,-4.5]]}},{"type":"Feature","properties":{"level":1012},"geometry":{"type":"LineString","coordinates":[[-40.52,-3.5],[-40.24,-3.5],[-40.23,-3.25],[-40.52,-3.5]]}},{"type":"Feature","properties":{"level":1012},"geometry":{"type":"LineString","coordinates":[[18.97,-1.75],[19.29,-1.75],[18.97,-1.75]]}},{"type":"Feature","properties":{"level":1012},"geometry":{"type":"LineString","coordinates":[[38.75,0.95],[38.12,1.75],[38.75,2.69],[39.28,2.75],[39.98,1.5],[39.5,0.94],[38.75,0.95]]}},{"type":"Feature","properties":{"level":1012},"geometry":{"type":"LineString","coordinates":[[-75.52,2.0],[-74.75,2.76],[-74.74,3.25],[-74.0,3.63],[-73.25,4.94],[-72.53,5.5],[-71.84,6.5],[-72.23,7.0],[-72.25,7.64],[-72.75,7.75],[-73.0,8.27],[-73.25,8.3],[-73.3,8.0],[-73.0,6.65],[-73.25,6.38],[-73.5,6.53],[-73.51,6.25],[-73.96,6.0],[-74.48,4.75],[-74.76,3.25],[-75.56,2.25],[-75.52,2.0]]}},{"type":"Feature","properties":{"level":1012},"geometry":{"type":"LineString","coordinates":[[42.0,4.21],[41.74,4.5],[41.97,4.75],[41.25,5.15],[40.94,5.75],[41.29,5.75],[41.5,5.29],[41.5,6.04],[42.59,5.0],[42.5,4.58],[42.0,4.21]]}},{"type":"Feature","properties":{"level":1012},"geometry":{"type":"LineString","coordinates":[[42.75,5.7],[41.77,6.5],[42.0,7.03],[42.25,7.06],[42.27,6.75],[43.5,6.75],[43.71,6.5],[43.91,5.75],[42.75,5.7]]}},{"type":"Feature","properties":{"level":1012},"geometry":{"type":"LineString","coordinates":[[135.41,6.75],[135.58,6.75],[135.41,6.75]]}},{"type":"Feature","properties":{"level":1012},"geometry":{"type":"LineString","coordinates":[[139.47,7.5],[139.63,7.5],[139.47,7.5]]}},{"type":"Feature","properties":{"level":1012},"geometry":{"type":"LineString","coordinates":[[-72.24,8.0],[-72.0,7.78],[-71.0,8.17],[-69.82,9.5],[-69.82,9.75],[-70.19,9.75],[-71.0,9.17],[-71.5,8.49],[-72.24,8.0]]}},{"type":"Feature","properties":{"level":1012},"geometry":{"type":"LineString","coordinates":[[-83.01,9.0],[-82.75,8.9],[-82.75,9.26],[-83.77,10.0],[-84.23,10.0],[-83.94,9.5],[-83.01,9.0]]}},{"type":"Feature","properties":{"level":1012},"geometry":{"type":"LineString","coordinates":[[123.81,9.75],[124.25,9.53],[124.57,9.75],[124.25,10.05],[123.81,9.75]]}},{"type":"Feature","properties":{"level":1012},"geometry":{"type":"LineString","coordinates":[[4.91,10.0],[5.5,9.82],[5.56,10.25],[5.0,10.51],[4.91,10.0]]}},{"type":"Feature","properties":{"level":1012},"geometry":{"type":"LineString","coordinates":[[113.25,10.25],[112.0,10.74],[109.99,12.25],[109.93,14.0],[109.69,14.5],[110.0,15.25],[109.64,15.75],[109.1,16.0],[108.99,16.5],[109.75,17.68],[110.75,17.87],[111.5,17.04],[112.0,17.4],[112.75,16.96],[115.25,16.72],[115.75,16.94],[117.0,16.62],[118.0,15.82],[117.75,15.3],[117.18,15.0],[117.19,14.5],[117.75,14.46],[118.5,15.48],[119.02,13.5],[120.07,12.0],[120.0,11.78],[119.25,11.6],[118.75,11.9],[118.25,11.24],[118.0,11.62],[117.41,11.75],[117.57,12.25],[117.25,12.65],[117.25,12.0],[116.77,11.5],[117.0,10.48],[114.75,11.01],[113.75,10.08],[113.25,10.25]]}},{"type":"Feature","properties":{"level":1012},"geometry":{"type":"LineString","coordinates":[[122.0,10.23],[122.19,10.25],[122.0,10.23]]}},{"type":"Feature","properties":{"level":1012},"geometry":{"type":"LineString","coordinates":[[122.5,10.14],[122.26,10.25],[122.73,10.5],[122.75,10.75],[122.79,10.25],[122.5,10.14]]}},{"type":"Feature","properties":{"level":1012},"geometry":{"type":"LineString","coordinates":[[5.65,10.5],[6.19,10.75],[5.7,10.75],[5.65,10.5]]}},{"type":"Feature","properties":{"level":1012},"geometry":{"type":"LineString","coordinates":[[124.73,10.5],[125.0,10.28],[125.14,10.5],[124.82,10.75],[124.75,11.23],[124.52,11.25],[124.5,11.61],[124.73,10.5]]}},{"type":"Feature","properties":{"level":1012},"geometry":{"type":"LineString","coordinates":[[-4.0,11.16],[-4.0,11.34],[-3.81,11.25],[-4.0,11.16]]}},{"type":"Feature","properties":{"level":1012},"geometry":{"type":"LineString","coordinates":[[120.75,11.18],[120.02,11.75],[120.5,12.22],[121.69,11.5],[120.75,11.18]]}},{"type":"Feature","properties":{"level":1012},"geometry":{"type":"LineString","coordinates":[[125.22,11.25],[125.28,11.75],[125.0,12.25],[124.87,12.0],[125.17,11.75],[125.22,11.25]]}},{"type":"Feature","properties":{"level":1012},"geometry":{"type":"LineString","coordinates":[[121.75,11.54],[121.44,12.25],[121.75,12.4],[121.91,12.25],[121.75,11.54]]}},{"type":"Feature","properties":{"level":1012},"geometry":{"type":"LineString","coordinates":[[120.25,12.22],[120.25,12.65],[120.75,12.62],[120.75,12.34],[120.25,12.22]]}},{"type":"Feature","properties":{"level":1012},"geometry":{"type":"LineString","coordinates":[[121.5,13.53],[121.5,13.8],[121.88,13.75],[121.5,13.53]]}},{"type":"Feature","properties":{"level":1012},"geometry":{"type":"LineString","coordinates":[[124.07,13.75],[124.41,13.75],[124.25,14.05],[124.07,13.75]]}},{"type":"Feature","properties":{"level":1012},"geometry":{"type":"LineString","coordinates":[[-9.25,14.16],[-9.25,14.57],[-8.75,14.71],[-8.68,14.25],[-9.25,14.16]]}},{"type":"Feature","properties":{"level":1012},"geometry":{"type":"LineString","coordinates":[[-91.54,14.75],[-90.97,14.75],[-91.62,15.25],[-91.06,15.5],[-91.5,16.03],[-91.95,15.25],[-91.54,14.75]]}},{"type":"Feature","properties":{"level":1012},"geometry":{"type":"LineString","coordinates":[[109.0,15.14],[108.59,15.5],[108.75,15.66],[109.12,15.25],[109.0,15.14]]}},{"type":"Feature","properties":{"level":1012},"geometry":{"type":"LineString","coordinates":[[110.44,16.0],[110.75,15.84],[110.95,16.25],[110.5,16.38],[110.44,16.0]]}},{"type":"Feature","properties":{"level":1012},"geometry":{"type":"LineString","coordinates":[[-12.5,16.96],[-12.69,17.25],[-12.5,17.78],[-12.27,17.25],[-12.5,16.96]]}},{"type":"Feature","properties":{"level":1012},"geometry":{"type":"LineString","coordinates":[[-76.78,18.0],[-76.39,18.0],[-76.78,18.0]]}},{"type":"Feature","properties":{"level":1012},"geometry":{"type":"LineString","coordinates":[[-71.63,18.0],[-71.14,18.0],[-71.25,18.53],[-70.5,18.33],[-70.09,18.5],[-70.54,19.25],[-70.12,19.5],[-71.75,19.36],[-72.5,19.84],[-72.89,19.75],[-72.45,19.25],[-72.67,19.0],[-72.26,18.75],[-73.13,18.25],[-71.63,18.0]]}},{"type":"Feature","properties":{"level":1012},"geometry":{"type":"LineString","coordinates":[[113.75,17.94],[113.75,18.1],[113.75,17.94]]}},{"type":"Feature","properties":{"level":1012},"geometry":{"type":"LineString","coordinates":[[-74.13,18.25],[-73.82,18.25],[-73.74,18.5],[-74.25,18.57],[-74.13,18.25]]}},{"type":"Feature","properties":{"level":1012},"geometry":{"type":"LineString","coordinates":[[-97.38,18.75],[-97.12,18.75],[-96.9,19.75],[-97.75,20.09],[-99.0,21.06],[-99.58,21.0],[-98.64,19.75],[-98.83,19.0],[-98.46,19.0],[-98.25,19.45],[-97.59,19.25],[-97.38,18.75]]}},{"type":"Feature","properties":{"level":1012},"geometry":{"type":"LineString","coordinates":[[-99.9,19.0],[-99.58,19.0],[-99.44,19.5],[-99.75,20.17],[-100.29,19.75],[-99.9,19.0]]}},{"type":"Feature","properties":{"level":1012},"geometry":{"type":"LineString","coordinates":[[-72.0,18.96],[-71.74,19.0],[-72.0,18.96]]}},{"type":"Feature","properties":{"level":1012},"geometry":{"type":"LineString","coordinates":[[50.25,19.21],[49.88,19.5],[50.36,19.5],[50.25,19.21]]}},{"type":"Feature","properties":{"level":1012},"geometry":{"type":"LineString","coordinates":[[51.0,19.33],[50.51,20.25],[52.25,20.83],[52.66,20.75],[52.25,20.13],[51.0,19.33]]}},{"type":"Feature","properties":{"level":1012},"geometry":{"type":"LineString","coordinates":[[-76.97,20.0],[-76.36,20.0],[-76.5,20.2],[-76.97,20.0]]}},{"type":"Feature","properties":{"level":1012},"geometry":{"type":"LineString","coordinates":[[50.25,19.92],[50.04,20.25],[50.25,20.41],[50.49,20.25],[50.25,19.92]]}},{"type":"Feature","properties":{"level":1012},"geometry":{"type":"LineString","coordinates":[[-75.2,20.25],[-74.56,20.25],[-75.0,20.55],[-75.2,20.25]]}},{"type":"Feature","properties":{"level":1012},"geometry":{"type":"LineString","coordinates":[[173.46,20.25],[173.65,20.25],[173.46,20.25]]}},{"type":"Feature","properties":{"level":1012},"geometry":{"type":"LineString","coordinates":[[50.25,20.67],[50.09,21.25],[50.25,21.33],[50.25,20.67]]}},{"type":"Feature","properties":{"level":1012},"geometry":{"type":"LineString","coordinates":[[51.5,21.47],[51.5,22.08],[52.21,22.75],[52.75,22.99],[53.09,22.75],[53.0,22.34],[51.5,21.47]]}},{"type":"Feature","properties":{"level":1012},"geometry":{"type":"LineString","coordinates":[[-180.0,21.52],[-178.44,21.75],[-176.5,23.0],[-175.75,23.17],[-174.5,24.24],[-172.68,26.5],[-170.25,30.59],[-168.75,32.17],[-167.0,33.42],[-163.75,35.0],[-161.25,35.5],[-160.51,36.0],[-160.25,36.46],[-159.25,36.46],[-158.5,36.73],[-158.43,37.0],[-157.0,37.48],[-156.0,37.65],[-155.35,37.0],[-155.44,34.25],[-155.06,32.5],[-154.67,27.5],[-153.87,24.5],[-152.84,23.0],[-151.75,21.9],[-149.5,20.77],[-148.25,20.58],[-142.5,20.54],[-136.25,21.84],[-134.67,23.0],[-132.75,25.06],[-127.88,29.25],[-126.74,30.5],[-125.75,32.0],[-125.53,33.75],[-124.83,36.0],[-125.03,37.0],[-124.88,38.25],[-125.23,39.75],[-124.85,41.0],[-124.97,42.25],[-124.5,42.81],[-123.25,42.7],[-122.5,42.88],[-122.56,42.25],[-122.25,42.19],[-121.75,42.5],[-121.75,43.13],[-120.75,42.18],[-120.55,42.5],[-120.75,42.8],[-121.7,43.5],[-121.5,43.71],[-120.75,43.58],[-120.0,44.06],[-120.25,43.46],[-118.79,43.5],[-119.13,43.25],[-118.7,43.0],[-118.92,42.75],[-118.75,42.39],[-118.3,43.0],[-118.5,43.25],[-118.38,43.5],[-118.79,44.0],[-118.03,44.25],[-118.23,44.5],[-117.75,44.28],[-117.29,44.5],[-117.53,44.75],[-117.25,44.77],[-117.0,44.41],[-116.5,44.58],[-116.56,44.25],[-116.23,43.75],[-115.5,43.19],[-113.75,43.33],[-113.25,43.58],[-112.92,43.5],[-113.2,43.25],[-113.0,43.14],[-112.37,43.25],[-113.25,42.51],[-115.5,42.24],[-117.0,43.43],[-117.25,43.25],[-117.19,42.75],[-116.59,42.25],[-116.75,41.83],[-117.5,42.41],[-118.25,42.26],[-119.0,41.73],[-119.25,42.2],[-119.83,41.75],[-119.75,40.81],[-120.25,41.36],[-120.3,41.0],[-119.66,40.75],[-118.25,41.69],[-118.0,41.69],[-117.75,41.3],[-117.5,41.41],[-116.93,41.0],[-116.92,40.75],[-117.25,40.36],[-117.5,40.95],[-117.78,40.75],[-117.75,40.39],[-117.14,40.0],[-118.17,39.5],[-117.92,39.0],[-118.0,38.47],[-117.42,38.5],[-117.25,38.12],[-116.75,38.05],[-116.33,37.5],[-116.51,37.25],[-116.25,37.14],[-115.34,37.75],[-115.25,38.51],[-114.26,37.75],[-114.33,37.5],[-112.5,37.14],[-112.31,37.0],[-112.47,36.5],[-112.28,35.25],[-110.94,34.25],[-111.0,33.92],[-110.5,34.06],[-110.0,33.15],[-108.75,32.61],[-107.75,32.8],[-107.12,34.0],[-107.5,35.0],[-107.0,35.6],[-106.25,35.66],[-106.13,35.5],[-106.45,35.25],[-106.5,34.56],[-105.92,33.75],[-106.3,32.75],[-104.96,32.5],[-105.11,34.0],[-104.79,34.5],[-104.96,35.0],[-104.25,35.77],[-103.25,36.12],[-102.92,36.5],[-103.08,37.0],[-102.69,37.25],[-102.75,37.54],[-103.86,37.5],[-104.75,38.06],[-104.91,38.25],[-104.5,38.67],[-104.0,38.65],[-103.5,39.23],[-102.25,38.48],[-101.75,39.16],[-99.5,39.9],[-96.5,40.2],[-95.5,40.52],[-94.95,40.0],[-95.4,39.5],[-95.41,39.0],[-96.49,38.75],[-96.51,38.5],[-97.25,38.04],[-97.17,37.25],[-97.98,36.5],[-98.14,36.0],[-98.75,36.22],[-99.31,36.0],[-99.42,35.5],[-98.84,34.0],[-99.26,33.25],[-99.13,32.75],[-99.75,32.11],[-100.25,32.38],[-100.49,32.25],[-100.25,31.98],[-99.25,31.89],[-99.0,31.5],[-99.25,31.3],[-100.25,31.35],[-100.67,31.5],[-100.56,31.75],[-100.75,31.85],[-101.5,31.95],[-101.63,31.75],[-101.15,31.25],[-101.45,31.0],[-100.52,30.5],[-100.74,30.0],[-99.75,29.69],[-98.55,29.75],[-98.23,30.0],[-97.88,31.0],[-97.25,31.65],[-96.75,31.57],[-96.5,31.23],[-96.09,32.0],[-95.0,32.15],[-94.0,32.14],[-93.75,31.91],[-93.25,32.15],[-92.33,30.5],[-91.0,29.99],[-87.5,30.07],[-85.0,29.65],[-82.5,30.46],[-80.5,31.69],[-79.0,32.12],[-77.0,32.34],[-75.85,31.75],[-75.25,31.1],[-73.25,30.61],[-72.96,29.25],[-73.3,28.5],[-73.25,28.0],[-73.94,26.5],[-73.63,26.0],[-73.77,25.0],[-73.25,24.47],[-72.96,23.75],[-71.5,22.34],[-69.75,21.16],[-69.5,21.29],[-68.5,21.04],[-68.25,20.75],[-67.0,20.86],[-64.78,19.75],[-63.84,18.75],[-63.32,17.75],[-61.75,16.56],[-61.81,16.0],[-61.37,15.75],[-61.42,15.25],[-61.0,14.52],[-59.75,14.54],[-58.75,13.93],[-58.59,13.0],[-58.0,12.04],[-57.25,12.04],[-56.75,11.55],[-55.75,11.2],[-55.5,11.52],[-54.25,11.5],[-52.75,10.71],[-52.23,10.25],[-52.34,9.75],[-51.83,9.25],[-51.36,7.75],[-50.5,6.8],[-49.56,6.25],[-49.63,5.5],[-49.31,5.0],[-49.77,4.5],[-48.3,3.0],[-47.0,3.22],[-46.5,3.0],[-46.11,2.0],[-45.75,1.71],[-44.0,2.14],[-43.25,0.9],[-42.5,0.71],[-39.88,-2.25],[-39.89,-4.5],[-40.12,-4.75],[-40.0,-5.57],[-39.25,-5.59],[-38.5,-6.49],[-37.59,-6.75],[-37.58,-7.0],[-38.0,-7.45],[-38.5,-7.12],[-39.0,-7.39],[-39.75,-7.07],[-40.58,-7.25],[-40.5,-7.9],[-40.25,-7.72],[-39.53,-8.0],[-39.46,-8.5],[-39.8,-9.25],[-41.91,-10.0],[-41.72,-10.25],[-41.9,-10.75],[-42.25,-11.04],[-42.5,-10.83],[-42.63,-11.0],[-42.82,-11.5],[-42.43,-12.75],[-42.5,-13.0],[-42.75,-12.51],[-42.86,-12.75],[-42.98,-13.5],[-42.69,-14.25],[-43.08,-15.0],[-43.0,-15.67],[-43.75,-17.01],[-44.0,-16.01],[-44.25,-16.08],[-44.36,-16.75],[-43.93,-17.25],[-45.14,-18.25],[-45.0,-18.64],[-44.75,-18.55],[-44.75,-18.95],[-45.25,-18.99],[-45.47,-18.75],[-45.5,-17.62],[-46.75,-17.98],[-47.0,-17.8],[-47.05,-16.5],[-47.84,-16.0],[-47.5,-15.8],[-47.5,-15.42],[-48.32,-15.75],[-48.08,-16.25],[-48.5,-16.59],[-48.36,-16.0],[-48.7,-15.75],[-49.08,-16.25],[-48.84,-16.75],[-48.91,-17.25],[-48.75,-17.43],[-48.22,-17.25],[-49.04,-18.75],[-48.71,-19.0],[-48.96,-19.5],[-48.23,-20.25],[-48.49,-20.5],[-48.35,-20.75],[-49.0,-21.97],[-49.75,-22.01],[-50.32,-22.5],[-50.2,-23.0],[-51.0,-23.3],[-51.25,-23.1],[-51.63,-23.25],[-51.62,-24.0],[-52.0,-24.41],[-52.35,-24.25],[-52.48,-25.25],[-52.16,-25.5],[-52.28,-26.25],[-52.1,-26.75],[-51.41,-27.5],[-51.37,-28.25],[-50.87,-29.0],[-49.95,-29.75],[-49.72,-30.5],[-50.01,-31.25],[-49.88,-32.0],[-50.75,-33.35],[-51.5,-36.04],[-52.25,-36.75],[-55.0,-38.05],[-57.25,-37.76],[-57.75,-37.29],[-60.01,-36.25],[-61.0,-35.34],[-62.49,-34.75],[-62.6,-34.0],[-62.37,-32.75],[-63.25,-30.94],[-64.0,-30.45],[-65.0,-31.48],[-65.5,-31.29],[-66.25,-30.64],[-67.0,-30.55],[-66.76,-29.0],[-67.0,-28.64],[-67.5,-28.84],[-67.75,-28.11],[-68.25,-29.11],[-68.66,-28.75],[-67.99,-28.0],[-67.75,-27.0],[-67.39,-27.25],[-67.25,-27.9],[-67.0,-27.53],[-66.52,-27.5],[-67.17,-27.0],[-66.75,-26.34],[-66.5,-26.49],[-66.2,-26.25],[-66.58,-25.75],[-66.48,-25.25],[-66.0,-24.42],[-65.5,-24.54],[-65.5,-23.61],[-65.25,-23.65],[-64.93,-23.25],[-65.0,-22.9],[-65.25,-23.0],[-65.25,-23.3],[-65.5,-23.45],[-65.75,-23.27],[-66.0,-23.62],[-66.48,-22.0],[-65.98,-21.0],[-66.32,-20.0],[-65.72,-19.75],[-66.02,-19.0],[-66.5,-18.74],[-66.75,-19.51],[-67.25,-19.35],[-67.52,-19.75],[-68.5,-18.8],[-68.49,-18.5],[-68.14,-18.25],[-69.44,-16.75],[-69.0,-16.35],[-68.25,-17.29],[-67.5,-17.34],[-66.75,-17.81],[-66.25,-17.3],[-65.5,-17.65],[-65.06,-17.5],[-66.5,-16.52],[-67.0,-16.32],[-67.5,-16.47],[-68.95,-14.25],[-71.5,-13.06],[-72.0,-12.22],[-72.41,-12.25],[-72.75,-12.69],[-73.38,-12.75],[-73.29,-12.25],[-73.75,-11.45],[-73.66,-12.0],[-74.0,-12.46],[-74.27,-12.25],[-74.53,-11.5],[-75.28,-11.0],[-75.75,-9.52],[-76.36,-9.25],[-77.51,-6.75],[-77.21,-6.5],[-77.35,-6.0],[-78.0,-5.52],[-78.25,-6.45],[-79.09,-6.25],[-79.21,-5.0],[-78.92,-4.5],[-78.95,-3.75],[-78.16,-2.25],[-78.02,-1.0],[-77.56,-0.5],[-77.59,0.25],[-76.5,1.52],[-76.16,1.5],[-75.92,2.5],[-75.64,2.75],[-75.56,3.75],[-75.03,4.75],[-75.06,6.75],[-75.75,7.4],[-76.32,7.25],[-76.14,5.5],[-76.66,4.0],[-76.37,4.0],[-75.75,5.27],[-75.75,4.5],[-76.2,4.0],[-76.5,2.87],[-76.74,3.0],[-76.75,3.71],[-77.07,2.75],[-77.5,2.42],[-77.5,2.1],[-77.25,2.12],[-76.75,2.56],[-77.22,1.5],[-77.75,1.54],[-78.8,0.5],[-79.19,-1.5],[-79.09,-2.25],[-79.63,-3.0],[-79.45,-4.25],[-80.02,-4.75],[-80.03,-5.0],[-79.65,-5.25],[-79.55,-6.25],[-79.15,-6.75],[-77.75,-11.12],[-78.5,-10.59],[-80.0,-10.87],[-84.75,-10.43],[-89.0,-9.44],[-90.25,-9.52],[-91.5,-9.21],[-92.0,-9.36],[-93.5,-8.98],[-94.56,-9.5],[-98.25,-9.84],[-99.75,-10.42],[-102.0,-10.85],[-103.5,-10.65],[-105.25,-10.81],[-106.25,-11.18],[-108.25,-11.02],[-111.5,-12.45],[-114.75,-13.0],[-115.75,-14.07],[-117.5,-14.29],[-120.0,-15.36],[-123.0,-15.75],[-124.25,-15.47],[-124.75,-15.84],[-126.0,-15.71],[-126.25,-16.28],[-127.25,-16.26],[-128.0,-16.61],[-129.0,-16.64],[-134.0,-15.93],[-147.75,-15.54],[-149.75,-14.98],[-154.94,-14.25],[-157.25,-13.66],[-161.5,-13.75],[-172.5,-12.91],[-174.5,-12.52],[-177.75,-12.71],[-180.0,-12.23]]}},{"type":"Feature","properties":{"level":1012},"geometry":{"type":"LineString","coordinates":[[-99.58,23.0],[-99.25,23.1],[-99.27,23.75],[-100.25,25.63],[-100.75,25.75],[-101.75,25.32],[-100.63,25.0],[-99.58,23.0]]}},{"type":"Feature","properties":{"level":1012},"geometry":{"type":"LineString","coordinates":[[-105.0,23.5],[-104.65,23.5],[-105.0,24.46],[-105.5,24.48],[-105.67,24.25],[-105.29,24.0],[-105.5,23.75],[-105.0,23.5]]}},{"type":"Feature","properties":{"level":1012},"geometry":{"type":"LineString","coordinates":[[54.75,23.9],[54.5,24.13],[53.32,24.25],[53.17,25.0],[52.15,25.5],[52.07,25.75],[52.38,26.25],[52.1,27.0],[52.25,27.34],[54.0,26.67],[56.02,26.5],[56.13,26.25],[55.75,25.66],[55.25,25.38],[54.89,24.75],[55.0,24.14],[54.75,23.9]]}},{"type":"Feature","properties":{"level":1012},"geometry":{"type":"LineString","coordinates":[[152.41,24.75],[153.5,24.85],[153.79,25.25],[153.25,26.09],[152.25,25.63],[152.25,26.32],[151.5,26.58],[151.69,25.25],[152.41,24.75]]}},{"type":"Feature","properties":{"level":1012},"geometry":{"type":"LineString","coordinates":[[68.0,25.97],[67.42,26.5],[67.36,28.5],[67.73,29.5],[68.0,29.56],[69.13,28.25],[69.21,27.5],[68.62,26.25],[68.25,25.91],[68.0,25.97]]}},{"type":"Feature","properties":{"level":1012},"geometry":{"type":"LineString","coordinates":[[-102.63,27.25],[-102.5,27.03],[-102.25,27.44],[-101.85,27.25],[-101.84,28.25],[-101.3,28.75],[-101.5,29.33],[-102.25,29.64],[-102.83,29.25],[-102.55,28.25],[-102.79,28.0],[-102.63,27.25]]}},{"type":"Feature","properties":{"level":1012},"geometry":{"type":"LineString","coordinates":[[151.96,27.5],[152.58,28.0],[152.5,28.24],[152.0,28.05],[151.96,27.5]]}},{"type":"Feature","properties":{"level":1012},"geometry":{"type":"LineString","coordinates":[[-108.26,28.0],[-107.5,27.9],[-107.16,28.25],[-107.32,28.5],[-107.75,28.35],[-108.25,28.63],[-108.26,28.0]]}},{"type":"Feature","properties":{"level":1012},"geometry":{"type":"LineString","coordinates":[[70.0,28.82],[69.98,29.5],[70.37,30.5],[70.13,32.0],[70.5,33.09],[71.25,32.97],[71.72,33.5],[72.25,33.69],[73.24,33.0],[73.75,33.18],[75.57,32.25],[75.98,31.25],[76.0,30.45],[74.0,29.52],[70.0,28.82]]}},{"type":"Feature","properties":{"level":1012},"geometry":{"type":"LineString","coordinates":[[-108.16,29.25],[-107.86,29.25],[-107.75,29.56],[-107.43,29.5],[-107.46,29.75],[-108.5,30.44],[-108.84,30.25],[-108.16,29.25]]}},{"type":"Feature","properties":{"level":1012},"geometry":{"type":"LineString","coordinates":[[-8.0,29.13],[-8.0,29.38],[-7.49,29.5],[-8.0,29.13]]}},{"type":"Feature","properties":{"level":1012},"geometry":{"type":"LineString","coordinates":[[-103.41,29.75],[-101.35,30.25],[-102.25,30.82],[-103.5,30.5],[-104.0,30.9],[-104.23,30.75],[-104.11,30.5],[-103.41,29.75]]}},{"type":"Feature","properties":{"level":1012},"geometry":{"type":"LineString","coordinates":[[-110.25,34.33],[-111.29,35.25],[-111.75,36.5],[-110.75,36.34],[-110.0,35.7],[-109.0,35.34],[-108.66,34.5],[-110.25,34.33]]}},{"type":"Feature","properties":{"level":1012},"geometry":{"type":"LineString","coordinates":[[-103.42,34.5],[-102.5,34.37],[-101.98,34.75],[-102.5,35.21],[-103.48,34.75],[-103.42,34.5]]}},{"type":"Feature","properties":{"level":1012},"geometry":{"type":"LineString","coordinates":[[-118.59,36.0],[-118.25,35.83],[-118.0,35.97],[-117.96,37.25],[-117.44,37.5],[-117.75,37.86],[-118.0,37.76],[-118.75,38.71],[-119.3,38.75],[-119.5,39.19],[-119.75,38.82],[-120.0,39.64],[-121.08,39.75],[-120.43,38.5],[-118.59,36.0]]}},{"type":"Feature","properties":{"level":1012},"geometry":{"type":"LineString","coordinates":[[-109.75,36.72],[-110.75,37.13],[-111.5,36.78],[-112.01,37.25],[-110.75,37.8],[-110.5,38.49],[-110.0,37.36],[-109.25,37.52],[-108.81,37.0],[-109.25,37.05],[-109.75,36.72]]}},{"type":"Feature","properties":{"level":1012},"geometry":{"type":"LineString","coordinates":[[-108.75,36.74],[-107.48,36.75],[-108.5,36.51],[-108.75,36.74]]}},{"type":"Feature","properties":{"level":1012},"geometry":{"type":"LineString","coordinates":[[-110.0,38.22],[-110.06,38.5],[-110.5,38.51],[-110.25,39.25],[-109.75,38.83],[-109.0,39.34],[-108.51,39.25],[-109.0,39.09],[-109.6,38.25],[-110.0,38.22]]}},{"type":"Feature","properties":{"level":1012},"geometry":{"type":"LineString","coordinates":[[-103.75,39.46],[-104.5,39.81],[-105.0,39.55],[-105.19,40.0],[-105.0,40.62],[-103.38,40.25],[-103.25,40.03],[-102.5,40.52],[-102.1,40.25],[-102.35,40.0],[-102.38,39.5],[-102.75,39.28],[-103.75,39.46]]}},{"type":"Feature","properties":{"level":1012},"geometry":{"type":"LineString","coordinates":[[-88.0,40.4],[-88.2,41.0],[-88.82,41.5],[-88.11,42.0],[-88.2,42.25],[-91.62,45.5],[-91.4,46.25],[-92.82,47.5],[-93.75,48.96],[-94.5,49.17],[-96.25,50.23],[-98.25,50.55],[-101.5,52.69],[-102.5,52.62],[-103.0,52.91],[-105.24,53.0],[-107.29,54.0],[-107.67,54.5],[-109.5,55.45],[-110.0,56.11],[-111.92,56.5],[-112.26,56.75],[-112.22,57.0],[-107.75,57.06],[-107.13,57.25],[-107.25,57.81],[-105.61,58.0],[-106.73,59.75],[-106.83,61.0],[-107.47,62.25],[-107.18,63.0],[-106.0,64.07],[-104.5,64.79],[-99.75,65.81],[-96.75,65.82],[-89.0,64.96],[-86.25,65.13],[-81.75,64.44],[-78.75,64.8],[-76.5,64.63],[-71.25,65.07],[-69.75,64.29],[-70.17,64.0],[-69.82,63.5],[-68.43,62.75],[-68.42,62.5],[-68.0,62.23],[-66.5,61.75],[-65.5,61.89],[-64.5,62.5],[-63.64,63.75],[-63.85,64.25],[-64.78,65.0],[-64.64,65.25],[-62.5,65.88],[-62.34,66.25],[-61.51,66.75],[-62.37,68.75],[-62.16,71.25],[-62.33,71.75],[-65.1,74.0],[-68.75,75.56],[-69.07,75.75],[-69.05,76.0],[-66.25,76.41],[-64.0,76.43],[-60.75,76.27],[-58.5,75.86],[-55.5,74.55],[-54.5,73.31],[-52.75,72.16],[-50.08,71.5],[-50.16,71.25],[-49.72,71.0],[-47.5,70.47],[-44.25,70.46],[-43.0,69.92],[-42.34,69.25],[-42.32,68.75],[-42.88,68.0],[-43.05,67.0],[-44.28,66.0],[-44.68,64.75],[-45.03,64.5],[-45.04,64.25],[-44.75,64.13],[-42.75,64.06],[-42.5,64.51],[-41.25,64.94],[-41.5,65.37],[-40.5,65.94],[-38.5,65.98],[-38.0,66.37],[-34.5,66.17],[-30.5,66.71],[-27.5,66.27],[-25.5,65.41],[-24.04,64.25],[-23.18,63.25],[-20.5,61.2],[-19.34,59.5],[-16.77,57.25],[-17.08,56.75],[-27.5,54.23],[-30.23,53.0],[-32.75,51.45],[-33.75,50.45],[-35.5,49.7],[-35.62,50.0],[-36.25,50.21],[-37.0,49.96],[-37.75,50.29],[-48.0,48.9],[-50.5,49.16],[-53.25,49.87],[-55.39,50.75],[-57.75,52.92],[-59.5,53.65],[-60.37,53.75],[-61.25,54.3],[-62.25,54.36],[-64.25,53.24],[-64.52,53.0],[-64.52,52.5],[-65.34,51.5],[-68.58,49.0],[-68.13,48.5],[-68.94,47.75],[-69.0,47.29],[-70.18,46.75],[-70.81,46.0],[-72.25,45.42],[-73.25,44.6],[-74.5,44.39],[-76.0,43.6],[-76.25,43.18],[-77.75,42.73],[-78.75,42.76],[-81.75,41.48],[-85.5,40.87],[-86.75,40.46],[-88.0,40.4]]}},{"type":"Feature","properties":{"level":1012},"geometry":{"type":"LineString","coordinates":[[-108.5,42.65],[-109.04,43.25],[-108.39,43.5],[-108.69,43.75],[-108.49,44.0],[-108.75,44.4],[-109.22,44.5],[-109.25,45.39],[-110.63,45.75],[-110.04,46.0],[-110.3,46.5],[-110.0,46.68],[-109.25,46.47],[-108.5,46.72],[-108.4,46.5],[-109.17,46.0],[-109.13,45.75],[-108.56,45.75],[-108.69,45.25],[-108.25,45.04],[-107.43,44.0],[-107.5,43.64],[-108.19,43.5],[-107.75,43.37],[-107.53,43.0],[-108.5,42.65]]}},{"type":"Feature","properties":{"level":1012},"geometry":{"type":"LineString","coordinates":[[-111.75,45.59],[-112.13,46.0],[-111.5,46.45],[-111.1,45.75],[-111.75,45.59]]}},{"type":"Feature","properties":{"level":1012},"geometry":{"type":"LineString","coordinates":[[-112.0,46.58],[-112.0,47.0],[-112.53,47.5],[-112.52,48.0],[-113.0,48.5],[-113.0,48.93],[-114.25,49.45],[-114.39,50.0],[-114.0,50.02],[-113.0,49.45],[-112.0,49.8],[-111.21,49.25],[-111.75,49.09],[-111.73,48.75],[-110.25,48.36],[-109.5,47.58],[-109.0,47.55],[-108.66,47.25],[-108.75,46.95],[-109.75,46.78],[-110.5,47.2],[-111.75,47.14],[-111.99,47.0],[-111.76,46.75],[-112.0,46.58]]}},{"type":"Feature","properties":{"level":1012},"geometry":{"type":"LineString","coordinates":[[180.0,47.11],[174.25,43.08],[170.5,41.19],[165.75,39.55],[163.0,40.12],[162.68,40.25],[162.47,40.75],[162.55,41.25],[161.25,42.21],[157.01,46.75],[156.25,47.16],[154.75,47.75],[151.0,48.4],[144.75,50.06],[144.0,49.8],[142.25,51.1],[140.75,51.16],[140.25,51.89],[139.0,52.05],[136.91,53.5],[136.01,53.75],[135.9,54.0],[136.25,54.22],[136.24,54.5],[135.35,55.5],[135.72,56.5],[135.49,57.25],[134.99,57.5],[134.84,58.75],[134.25,60.05],[131.75,61.69],[129.57,62.25],[128.5,62.78],[127.33,63.5],[127.01,64.0],[127.75,64.5],[130.5,65.04],[131.0,64.86],[132.19,65.25],[132.0,65.78],[131.25,65.63],[130.0,65.73],[129.75,65.94],[130.5,66.47],[130.8,67.0],[129.5,66.88],[128.74,67.25],[128.61,67.5],[129.15,67.75],[128.68,68.5],[129.01,68.75],[128.75,69.01],[127.0,69.48],[123.5,68.67],[122.25,68.73],[120.75,69.07],[116.67,70.75],[113.0,71.74],[111.0,71.49],[109.85,72.0],[108.5,72.14],[103.5,72.03],[99.5,71.28],[98.59,70.75],[97.53,70.5],[96.0,70.59],[90.75,70.18],[88.91,69.5],[89.75,69.33],[89.79,68.75],[90.66,68.25],[89.67,68.0],[89.33,67.75],[89.5,67.53],[92.75,66.69],[93.75,66.06],[96.0,65.28],[99.04,63.5],[100.34,61.75],[100.52,61.25],[100.25,61.0],[97.25,61.01],[96.25,60.8],[94.6,60.0],[93.67,59.25],[91.0,58.26],[89.5,58.1],[85.25,58.38],[84.0,58.2],[81.57,57.25],[78.0,54.73],[75.0,53.64],[72.75,53.27],[70.5,53.21],[66.0,53.26],[64.0,53.5],[59.28,54.75],[59.21,55.25],[58.75,55.57],[52.75,57.76],[50.5,58.87],[43.5,60.99],[41.29,61.25],[36.25,62.92],[29.5,63.9],[21.75,63.78],[20.0,64.34],[15.5,65.05],[15.27,65.25],[15.46,66.0],[15.0,66.15],[14.5,65.98],[13.5,66.33],[12.25,65.87],[8.87,65.75],[8.33,66.25],[6.73,67.0],[7.16,67.5],[7.3,68.25],[5.75,70.33],[3.0,72.89],[-1.45,75.75],[-3.5,77.43],[-10.08,82.0],[-14.48,83.75],[-14.82,84.5],[-13.75,85.05],[-6.0,86.32],[9.75,87.37],[35.25,88.06],[68.25,88.21],[94.0,87.95],[115.25,87.38],[149.75,85.31],[180.0,83.88]]}},{"type":"Feature","properties":{"level":1012},"geometry":{"type":"LineString","coordinates":[[9.5,58.45],[9.0,58.67],[8.89,59.0],[9.4,59.75],[10.75,60.43],[12.25,60.59],[13.75,60.18],[14.3,59.75],[14.07,59.25],[12.75,58.69],[10.75,58.33],[9.5,58.45]]}},{"type":"Feature","properties":{"level":1012},"geometry":{"type":"LineString","coordinates":[[16.75,60.96],[16.53,61.0],[17.41,62.0],[18.25,61.94],[18.27,61.5],[18.0,61.19],[16.75,60.96]]}},{"type":"Feature","properties":{"level":1012},"geometry":{"type":"LineString","coordinates":[[-126.0,62.49],[-126.59,63.0],[-126.12,63.0],[-125.31,62.5],[-126.0,62.49]]}},{"type":"Feature","properties":{"level":1012},"geometry":{"type":"LineString","coordinates":[[136.97,63.5],[138.0,63.42],[138.13,63.5],[137.76,63.75],[138.75,63.79],[139.23,64.0],[138.75,64.26],[140.56,64.5],[140.55,64.75],[140.0,65.41],[139.25,65.42],[136.75,66.56],[136.25,65.87],[135.5,65.88],[134.75,65.38],[134.37,65.5],[135.21,66.0],[134.5,66.03],[133.75,65.62],[133.0,65.6],[131.88,64.75],[132.25,64.6],[133.0,64.79],[133.75,64.46],[135.0,64.69],[135.25,64.94],[136.0,64.26],[136.5,64.61],[136.86,64.5],[135.77,64.0],[135.87,63.75],[136.5,63.84],[136.97,63.5]]}},{"type":"Feature","properties":{"level":1012},"geometry":{"type":"LineString","coordinates":[[138.85,66.0],[139.75,65.95],[139.42,66.25],[139.84,66.5],[138.75,66.5],[138.75,66.75],[138.3,66.75],[138.28,67.0],[137.5,67.43],[137.25,67.36],[137.22,67.0],[138.85,66.0]]}},{"type":"Feature","properties":{"level":1012},"geometry":{"type":"LineString","coordinates":[[-110.5,77.49],[-113.44,78.0],[-114.05,78.25],[-114.42,78.75],[-113.75,79.31],[-111.75,79.85],[-105.25,80.32],[-101.25,80.17],[-98.5,79.79],[-97.31,79.5],[-96.43,78.75],[-96.5,78.54],[-98.5,78.37],[-101.67,78.5],[-101.7,78.25],[-102.5,78.04],[-106.75,77.44],[-110.5,77.49]]}},{"type":"Feature","properties":{"level":1012},"geometry":{"type":"LineString","coordinates":[[-180.0,83.88],[-172.5,82.75],[-169.13,81.75],[-167.29,80.75],[-166.99,79.75],[-167.63,77.75],[-167.69,74.5],[-166.61,72.75],[-166.21,71.25],[-168.55,68.75],[-169.94,66.25],[-170.77,65.75],[-169.93,64.0],[-169.25,61.59],[-169.11,58.75],[-169.45,58.0],[-169.28,57.5],[-171.46,53.0],[-173.75,50.0],[-175.25,49.12],[-178.4,48.0],[-180.0,47.11]]}},{"type":"Feature","properties":{"level":1016},"geometry":{"type":"LineString","coordinates":[[96.71,-89.0],[108.0,-89.05],[119.79,-88.5],[104.23,-87.75],[103.96,-87.5],[105.13,-87.25],[105.62,-87.0],[105.64,-86.75],[104.75,-86.25],[102.12,-85.5],[103.37,-84.75],[106.67,-83.75],[110.5,-83.14],[112.27,-82.5],[118.75,-82.01],[121.75,-81.0],[121.51,-80.75],[112.0,-80.69],[106.0,-81.04],[100.0,-80.99],[99.82,-80.75],[100.02,-80.5],[100.6,-80.25],[103.75,-79.94],[114.5,-79.96],[121.5,-80.17],[125.5,-80.56],[127.25,-80.48],[131.52,-79.25],[132.12,-78.75],[132.49,-77.0],[132.94,-76.75],[131.68,-75.5],[130.5,-75.07],[129.25,-74.96],[127.75,-74.97],[122.73,-75.75],[118.25,-75.8],[108.25,-75.53],[95.75,-74.82],[94.5,-75.14],[93.5,-76.0],[91.75,-76.61],[89.25,-76.8],[83.06,-78.25],[75.5,-78.97],[66.25,-79.0],[58.4,-78.0],[58.0,-77.48],[53.5,-76.46],[49.25,-74.6],[43.75,-73.98],[40.75,-74.06],[31.75,-75.28],[25.0,-74.65],[17.63,-74.5],[17.66,-74.75],[19.0,-75.06],[24.25,-75.46],[39.21,-77.5],[41.67,-78.25],[41.61,-79.0],[43.42,-80.0],[44.02,-80.75],[41.67,-83.5],[43.09,-84.5],[46.73,-85.25],[47.15,-85.5],[46.99,-85.75],[47.36,-86.0],[46.98,-86.25],[50.23,-86.75],[50.38,-87.0],[47.61,-87.5],[47.36,-87.75],[48.25,-88.25],[56.75,-88.58],[96.71,-89.0]]}},{"type":"Feature","properties":{"level":1016},"geometry":{"type":"LineString","coordinates":[[121.87,-88.5],[123.18,-88.5],[121.87,-88.5]]}},{"type":"Feature","properties":{"level":1016},"geometry":{"type":"LineString","coordinates":[[-73.81,-57.5],[-69.25,-57.56],[-62.75,-57.04],[-53.5,-55.46],[-45.25,-54.83],[-42.0,-54.16],[-39.91,-53.25],[-37.75,-51.69],[-34.51,-50.0],[-31.84,-48.75],[-28.74,-47.75],[-25.59,-46.25],[-21.6,-43.75],[-21.0,-42.95],[-17.42,-41.75],[-17.1,-41.25],[-14.25,-39.31],[-13.55,-38.5],[-12.5,-38.12],[-11.75,-37.56],[-11.16,-36.75],[-10.18,-36.0],[-9.16,-34.5],[-7.46,-33.5],[-6.5,-33.13],[-2.75,-32.64],[1.35,-33.25],[3.75,-34.06],[5.0,-34.18],[12.75,-37.72],[18.5,-39.98],[20.5,-41.08],[21.75,-41.37],[24.25,-42.98],[30.06,-47.5],[35.0,-50.72],[37.25,-51.91],[40.0,-52.7],[43.75,-53.05],[50.5,-52.65],[68.75,-49.9],[69.25,-49.69],[69.25,-49.17],[69.75,-49.65],[74.25,-49.28],[84.0,-47.9],[88.5,-46.39],[96.0,-42.88],[101.5,-39.23],[104.98,-36.25],[107.25,-34.85],[112.0,-32.62],[114.03,-30.75],[114.75,-28.07],[117.29,-27.0],[117.37,-25.0],[116.7,-23.75],[117.02,-22.75],[116.14,-21.75],[116.37,-19.25],[117.24,-18.0],[116.81,-14.75],[117.55,-13.5],[117.42,-12.75],[118.0,-12.6],[118.05,-12.25],[117.5,-11.81],[116.5,-11.51],[116.5,-11.0],[112.99,-10.75],[112.33,-10.25],[112.49,-9.75],[112.12,-9.25],[111.25,-9.19],[109.5,-9.64],[109.13,-9.5],[108.75,-8.74],[108.0,-8.87],[107.25,-9.37],[104.25,-9.19],[103.25,-9.54],[101.0,-9.32],[100.75,-9.58],[99.5,-9.72],[99.25,-10.03],[97.0,-9.46],[96.0,-9.54],[94.5,-9.25],[93.0,-9.38],[92.75,-9.75],[91.75,-9.91],[91.0,-9.75],[90.75,-9.98],[88.25,-10.41],[87.0,-10.27],[85.0,-10.57],[84.0,-10.18],[82.5,-10.57],[79.5,-10.7],[76.25,-11.59],[75.25,-11.55],[73.0,-12.09],[70.25,-11.5],[68.5,-11.83],[67.25,-11.64],[66.5,-12.08],[65.75,-11.69],[64.75,-11.63],[62.25,-12.28],[57.75,-12.54],[54.5,-12.15],[51.5,-11.04],[49.75,-11.02],[49.26,-11.25],[48.95,-12.0],[49.06,-12.25],[48.45,-13.0],[48.5,-13.31],[47.79,-13.75],[47.8,-14.5],[47.25,-14.66],[46.25,-14.41],[44.25,-14.69],[44.0,-15.69],[43.56,-16.25],[40.5,-18.32],[39.75,-19.74],[38.25,-19.07],[35.75,-18.81],[35.48,-18.25],[35.0,-18.23],[34.63,-17.75],[33.75,-17.28],[32.5,-17.79],[32.25,-17.44],[31.38,-17.25],[31.0,-16.76],[30.5,-17.33],[30.0,-17.48],[30.0,-17.87],[29.0,-18.1],[27.13,-19.0],[27.11,-19.5],[26.25,-20.62],[25.0,-21.5],[24.63,-22.5],[24.98,-23.25],[24.68,-24.0],[24.76,-24.75],[25.47,-25.75],[25.19,-26.5],[25.53,-27.0],[26.25,-27.25],[26.35,-27.5],[25.68,-28.0],[25.96,-28.75],[25.67,-29.25],[25.89,-30.0],[24.75,-30.84],[24.63,-30.5],[24.25,-30.48],[24.25,-31.07],[23.25,-30.76],[22.5,-31.08],[22.0,-31.68],[21.5,-31.55],[20.72,-31.75],[20.28,-32.25],[20.25,-32.67],[19.25,-32.93],[19.29,-33.5],[18.75,-34.08],[18.27,-33.75],[17.7,-32.75],[17.59,-32.0],[18.45,-31.5],[18.03,-30.5],[17.25,-30.32],[16.75,-29.88],[16.56,-28.25],[15.75,-27.77],[14.75,-27.6],[13.51,-26.25],[12.27,-22.0],[8.25,-17.54],[6.96,-15.25],[6.25,-14.6],[4.96,-14.0],[4.0,-12.81],[0.67,-11.25],[-0.5,-11.25],[-2.25,-10.71],[-4.0,-9.75],[-4.5,-9.91],[-5.5,-9.74],[-6.0,-9.4],[-7.0,-9.4],[-7.75,-9.09],[-9.0,-9.1],[-10.75,-9.54],[-11.25,-9.34],[-12.75,-9.44],[-13.25,-9.24],[-14.25,-9.42],[-15.0,-9.13],[-15.75,-9.2],[-18.0,-10.06],[-19.0,-9.61],[-19.5,-9.83],[-20.5,-9.43],[-21.5,-9.58],[-22.5,-9.07],[-23.24,-10.0],[-23.75,-9.8],[-26.75,-10.06],[-31.0,-11.72],[-32.75,-11.49],[-34.0,-11.76],[-35.25,-11.37],[-36.5,-11.34],[-37.25,-11.61],[-37.07,-10.5],[-37.75,-10.25],[-38.0,-10.48],[-38.5,-10.02],[-38.8,-10.25],[-38.4,-11.0],[-40.45,-13.25],[-40.47,-14.0],[-41.42,-15.75],[-40.83,-16.75],[-40.14,-17.25],[-40.39,-17.75],[-40.98,-18.0],[-41.13,-18.5],[-40.75,-19.5],[-41.25,-20.01],[-41.75,-20.06],[-42.0,-19.76],[-42.6,-20.75],[-41.75,-20.79],[-41.25,-20.49],[-41.0,-20.66],[-40.25,-20.05],[-39.7,-20.25],[-39.38,-21.25],[-40.06,-23.25],[-39.74,-23.75],[-39.75,-24.25],[-40.5,-24.69],[-41.75,-24.74],[-42.25,-25.19],[-43.5,-25.34],[-44.25,-25.0],[-44.5,-25.17],[-45.04,-24.5],[-44.87,-24.0],[-44.5,-23.66],[-44.0,-23.96],[-43.72,-23.25],[-43.24,-23.0],[-43.35,-22.75],[-42.5,-22.73],[-42.03,-22.25],[-42.75,-22.01],[-43.55,-22.25],[-43.39,-21.25],[-43.75,-20.78],[-44.0,-20.91],[-44.25,-20.69],[-44.5,-21.46],[-45.4,-21.5],[-45.75,-22.27],[-46.01,-22.25],[-45.92,-21.75],[-46.5,-21.59],[-46.49,-23.0],[-47.65,-24.0],[-47.25,-24.31],[-45.46,-24.0],[-45.8,-24.25],[-46.0,-24.92],[-46.75,-25.15],[-47.23,-26.0],[-46.81,-28.25],[-47.7,-30.5],[-47.69,-32.5],[-48.44,-33.25],[-48.83,-35.5],[-49.75,-37.08],[-50.25,-37.04],[-51.0,-37.68],[-53.41,-38.75],[-55.5,-39.07],[-57.25,-38.62],[-58.0,-38.11],[-60.64,-37.5],[-63.5,-36.04],[-64.63,-34.75],[-65.0,-33.05],[-65.75,-32.84],[-66.5,-33.17],[-67.5,-32.37],[-68.5,-32.28],[-69.0,-31.37],[-69.25,-32.64],[-69.81,-32.0],[-69.76,-30.75],[-69.25,-29.13],[-68.24,-28.0],[-67.94,-27.25],[-67.83,-26.75],[-68.15,-25.75],[-67.63,-25.25],[-68.04,-24.75],[-67.75,-24.4],[-67.5,-24.42],[-66.75,-25.37],[-66.23,-24.5],[-66.68,-23.0],[-66.48,-22.75],[-66.81,-22.0],[-67.25,-21.97],[-68.2,-21.0],[-68.07,-20.25],[-68.5,-19.77],[-68.95,-18.0],[-69.5,-17.62],[-69.67,-17.0],[-70.25,-16.27],[-70.85,-16.0],[-70.92,-15.25],[-71.5,-15.59],[-72.5,-14.62],[-73.25,-14.67],[-73.5,-14.2],[-73.75,-14.4],[-74.15,-14.25],[-74.5,-13.66],[-74.0,-13.05],[-73.71,-13.0],[-74.5,-12.26],[-74.81,-12.25],[-74.75,-11.5],[-75.0,-11.22],[-75.39,-11.25],[-75.91,-10.0],[-76.25,-10.34],[-76.43,-10.25],[-76.24,-9.5],[-76.66,-9.25],[-77.0,-8.29],[-77.09,-8.75],[-76.84,-9.0],[-77.0,-9.37],[-78.25,-7.95],[-77.89,-8.75],[-78.03,-9.25],[-77.33,-10.75],[-74.63,-14.75],[-74.0,-15.22],[-73.5,-14.96],[-72.75,-15.92],[-72.5,-15.87],[-71.0,-16.72],[-70.75,-17.26],[-70.26,-17.5],[-69.36,-19.5],[-68.94,-21.25],[-69.02,-22.25],[-68.6,-22.25],[-68.69,-22.75],[-69.02,-22.75],[-69.08,-23.25],[-68.75,-23.45],[-68.25,-22.8],[-67.98,-23.25],[-68.25,-24.02],[-68.75,-23.86],[-69.16,-24.25],[-69.47,-25.0],[-69.3,-25.5],[-69.72,-28.0],[-70.23,-28.5],[-70.22,-29.0],[-70.66,-29.25],[-70.49,-30.0],[-70.96,-31.5],[-70.49,-33.5],[-71.07,-34.25],[-71.0,-35.12],[-72.0,-37.23],[-72.75,-37.54],[-73.23,-39.25],[-74.0,-39.88],[-75.0,-40.17],[-77.0,-40.14],[-78.85,-39.25],[-79.24,-37.0],[-77.45,-33.75],[-77.29,-33.0],[-79.1,-29.0],[-79.45,-27.75],[-79.27,-27.25],[-78.5,-26.82],[-78.38,-26.5],[-79.23,-24.75],[-78.99,-24.5],[-79.45,-24.0],[-79.49,-23.25],[-80.5,-22.12],[-82.25,-20.92],[-84.25,-20.11],[-85.0,-20.21],[-85.75,-19.88],[-86.75,-19.93],[-88.25,-19.45],[-89.5,-19.48],[-91.0,-18.69],[-94.0,-18.26],[-96.5,-18.4],[-97.0,-18.82],[-99.0,-18.83],[-99.5,-19.22],[-100.7,-19.5],[-101.5,-20.38],[-102.0,-20.22],[-104.0,-20.69],[-104.25,-21.1],[-105.75,-21.58],[-106.0,-22.2],[-106.56,-22.25],[-106.5,-22.96],[-107.18,-23.0],[-106.63,-24.0],[-107.0,-24.79],[-105.5,-28.0],[-104.12,-30.0],[-103.05,-33.75],[-102.75,-34.0],[-102.83,-34.75],[-102.46,-35.5],[-102.13,-39.25],[-101.13,-43.0],[-99.5,-46.67],[-97.0,-49.86],[-93.25,-52.6],[-87.75,-54.98],[-80.25,-56.98],[-76.75,-57.44],[-73.81,-57.5]]}},{"type":"Feature","properties":{"level":1016},"geometry":{"type":"LineString","coordinates":[[-180.0,-55.13],[-174.75,-53.66],[-169.17,-51.25],[-167.51,-50.25],[-166.67,-49.0],[-165.5,-48.34],[-151.5,-46.89],[-146.29,-45.25],[-144.5,-44.26],[-140.75,-40.88],[-138.75,-40.12],[-136.76,-39.0],[-131.47,-35.0],[-129.75,-34.13],[-125.75,-32.93],[-124.35,-32.25],[-123.7,-31.5],[-123.77,-30.25],[-123.41,-30.0],[-123.27,-29.0],[-122.91,-28.5],[-123.39,-27.75],[-124.4,-27.25],[-126.1,-25.5],[-129.75,-23.36],[-132.75,-22.21],[-134.25,-21.99],[-137.5,-20.86],[-145.25,-19.9],[-148.75,-19.81],[-152.75,-19.18],[-155.75,-19.16],[-161.75,-18.63],[-163.0,-18.75],[-170.0,-17.68],[-173.0,-17.61],[-177.5,-18.36],[-180.0,-18.05]]}},{"type":"Feature","properties":{"level":1016},"geometry":{"type":"LineString","coordinates":[[-25.75,-42.28],[-26.57,-41.75],[-23.75,-40.68],[-22.39,-41.0],[-22.68,-41.75],[-23.3,-42.25],[-25.0,-42.45],[-25.75,-42.28]]}},{"type":"Feature","properties":{"level":1016},"geometry":{"type":"LineString","coordinates":[[164.75,-41.34],[163.75,-40.5],[163.38,-39.5],[163.54,-38.5],[164.33,-37.25],[167.43,-34.75],[168.06,-34.5],[169.75,-32.61],[171.5,-32.71],[172.3,-33.75],[172.79,-35.75],[171.75,-38.25],[171.05,-39.25],[170.5,-39.83],[169.5,-40.24],[169.0,-40.84],[168.25,-41.15],[167.0,-41.44],[164.75,-41.34]]}},{"type":"Feature","properties":{"level":1016},"geometry":{"type":"LineString","coordinates":[[20.5,-34.59],[20.12,-34.0],[20.75,-33.94],[22.0,-34.25],[22.13,-34.5],[21.75,-34.71],[20.5,-34.59]]}},{"type":"Feature","properties":{"level":1016},"geometry":{"type":"LineString","coordinates":[[170.25,-32.43],[170.11,-32.0],[170.5,-31.76],[170.74,-32.25],[170.25,-32.43]]}},{"type":"Feature","properties":{"level":1016},"geometry":{"type":"LineString","coordinates":[[-49.14,-27.5],[-48.96,-27.5],[-49.0,-26.96],[-49.27,-27.25],[-49.14,-27.5]]}},{"type":"Feature","properties":{"level":1016},"geometry":{"type":"LineString","coordinates":[[-49.06,-26.25],[-48.75,-25.43],[-48.01,-25.0],[-48.05,-24.25],[-48.75,-24.42],[-48.46,-24.75],[-49.19,-25.25],[-49.06,-26.25]]}},{"type":"Feature","properties":{"level":1016},"geometry":{"type":"LineString","coordinates":[[135.23,-23.75],[135.58,-23.25],[135.36,-22.75],[135.7,-22.5],[135.59,-22.0],[134.5,-21.86],[134.06,-22.25],[134.12,-22.5],[134.75,-22.96],[134.7,-23.5],[135.23,-23.75]]}},{"type":"Feature","properties":{"level":1016},"geometry":{"type":"LineString","coordinates":[[142.75,-20.38],[142.62,-20.25],[142.75,-20.38]]}},{"type":"Feature","properties":{"level":1016},"geometry":{"type":"LineString","coordinates":[[143.75,-20.44],[143.52,-20.25],[143.75,-20.19],[143.75,-20.44]]}},{"type":"Feature","properties":{"level":1016},"geometry":{"type":"LineString","coordinates":[[143.5,-20.23],[143.5,-19.94],[143.5,-20.23]]}},{"type":"Feature","properties":{"level":1016},"geometry":{"type":"LineString","coordinates":[[-41.28,-18.0],[-41.02,-18.0],[-41.28,-18.0]]}},{"type":"Feature","properties":{"level":1016},"geometry":{"type":"LineString","coordinates":[[180.0,-18.05],[178.75,-17.84],[177.75,-18.64],[176.25,-18.71],[170.5,-17.97],[169.5,-17.97],[168.5,-18.28],[164.0,-17.26],[161.5,-17.26],[159.0,-16.85],[158.0,-17.04],[156.25,-16.8],[151.25,-15.35],[149.65,-14.5],[149.0,-13.74],[143.5,-11.88],[143.0,-11.53],[143.11,-13.5],[142.64,-14.75],[141.75,-15.39],[140.75,-14.04],[139.99,-14.0],[139.25,-14.3],[138.75,-14.15],[138.53,-14.25],[138.93,-15.0],[138.2,-15.5],[138.3,-16.5],[139.0,-16.76],[139.5,-16.45],[139.32,-17.0],[140.19,-17.75],[141.5,-17.91],[141.85,-18.25],[141.93,-19.25],[142.47,-20.25],[141.81,-21.5],[142.0,-22.5],[141.37,-23.75],[141.39,-24.5],[139.86,-25.75],[139.0,-25.42],[137.22,-25.75],[136.75,-26.8],[136.25,-27.04],[135.75,-26.85],[135.7,-27.5],[136.0,-27.75],[135.51,-28.25],[136.4,-32.5],[137.25,-33.36],[137.25,-34.14],[137.65,-34.5],[137.88,-35.75],[138.33,-35.75],[138.25,-36.25],[139.44,-39.5],[142.21,-44.75],[144.18,-47.25],[146.43,-49.25],[149.0,-50.98],[151.75,-52.42],[155.75,-53.89],[163.25,-55.63],[171.75,-56.02],[176.0,-55.74],[180.0,-55.13]]}},{"type":"Feature","properties":{"level":1016},"geometry":{"type":"LineString","coordinates":[[-68.05,-16.5],[-67.68,-16.5],[-68.25,-15.69],[-68.5,-15.53],[-69.0,-15.69],[-68.05,-16.5]]}},{"type":"Feature","properties":{"level":1016},"geometry":{"type":"LineString","coordinates":[[135.94,-16.25],[136.1,-16.25],[135.94,-16.25]]}},{"type":"Feature","properties":{"level":1016},"geometry":{"type":"LineString","coordinates":[[-69.31,-15.25],[-69.0,-15.45],[-68.68,-15.25],[-69.03,-14.5],[-70.03,-13.75],[-71.5,-13.21],[-72.0,-12.75],[-72.5,-13.07],[-73.09,-13.0],[-73.09,-13.25],[-72.75,-13.4],[-72.0,-13.28],[-71.71,-13.5],[-72.25,-14.09],[-71.75,-14.05],[-71.0,-14.6],[-70.0,-14.61],[-69.31,-15.25]]}},{"type":"Feature","properties":{"level":1016},"geometry":{"type":"LineString","coordinates":[[-41.28,-13.75],[-41.09,-13.25],[-41.5,-12.6],[-41.77,-13.0],[-41.28,-13.75]]}},{"type":"Feature","properties":{"level":1016},"geometry":{"type":"LineString","coordinates":[[140.83,-12.25],[141.0,-12.45],[141.6,-12.0],[141.5,-11.55],[140.7,-11.75],[140.83,-12.25]]}},{"type":"Feature","properties":{"level":1016},"geometry":{"type":"LineString","coordinates":[[43.22,-11.75],[43.64,-11.75],[43.22,-11.75]]}},{"type":"Feature","properties":{"level":1016},"geometry":{"type":"LineString","coordinates":[[126.1,-10.75],[126.59,-10.75],[126.48,-10.25],[126.9,-10.0],[126.8,-9.5],[126.98,-9.25],[126.67,-9.0],[127.25,-8.69],[127.25,-8.39],[125.5,-8.53],[123.92,-9.5],[124.5,-10.06],[124.9,-9.75],[124.84,-9.5],[125.2,-9.5],[126.1,-10.75]]}},{"type":"Feature","properties":{"level":1016},"geometry":{"type":"LineString","coordinates":[[113.05,-10.0],[113.25,-10.2],[113.33,-10.0],[113.05,-10.0]]}},{"type":"Feature","properties":{"level":1016},"geometry":{"type":"LineString","coordinates":[[119.91,-10.0],[120.5,-10.18],[120.64,-10.0],[120.0,-9.49],[119.23,-9.5],[119.91,-10.0]]}},{"type":"Feature","properties":{"level":1016},"geometry":{"type":"LineString","coordinates":[[-36.54,-9.75],[-35.75,-9.19],[-35.33,-8.25],[-35.5,-8.12],[-36.0,-7.94],[-36.67,-8.25],[-36.76,-9.0],[-36.54,-9.75]]}},{"type":"Feature","properties":{"level":1016},"geometry":{"type":"LineString","coordinates":[[34.47,-9.75],[34.75,-9.96],[35.29,-9.75],[35.21,-9.0],[36.0,-8.37],[36.17,-7.75],[35.47,-8.0],[34.81,-9.0],[33.65,-9.0],[34.47,-9.75]]}},{"type":"Feature","properties":{"level":1016},"geometry":{"type":"LineString","coordinates":[[116.93,-9.0],[117.5,-9.16],[117.64,-8.75],[117.25,-8.58],[116.93,-9.0]]}},{"type":"Feature","properties":{"level":1016},"geometry":{"type":"LineString","coordinates":[[147.4,-9.0],[147.67,-9.0],[147.59,-8.25],[146.75,-7.67],[146.75,-8.22],[147.4,-9.0]]}},{"type":"Feature","properties":{"level":1016},"geometry":{"type":"LineString","coordinates":[[114.29,-8.75],[114.69,-8.75],[114.37,-8.5],[114.5,-8.37],[115.0,-8.71],[115.5,-8.67],[115.6,-8.25],[114.5,-8.24],[114.25,-7.87],[113.25,-7.94],[112.5,-7.62],[112.0,-8.0],[111.75,-7.68],[111.5,-7.97],[111.25,-7.56],[111.08,-7.75],[111.06,-8.0],[111.5,-8.43],[112.25,-8.28],[113.0,-8.47],[113.5,-8.25],[113.75,-8.66],[114.29,-8.75]]}},{"type":"Feature","properties":{"level":1016},"geometry":{"type":"LineString","coordinates":[[118.23,-8.75],[118.83,-8.75],[118.5,-8.43],[118.23,-8.75]]}},{"type":"Feature","properties":{"level":1016},"geometry":{"type":"LineString","coordinates":[[119.98,-8.75],[121.0,-8.94],[122.12,-8.75],[122.0,-8.51],[121.5,-8.7],[120.5,-8.34],[119.98,-8.75]]}},{"type":"Feature","properties":{"level":1016},"geometry":{"type":"LineString","coordinates":[[109.75,-8.0],[110.83,-8.0],[110.5,-7.29],[110.0,-7.07],[109.0,-7.18],[107.75,-6.7],[107.25,-6.91],[107.0,-6.64],[106.31,-6.75],[106.75,-7.28],[108.0,-7.88],[109.0,-7.73],[109.75,-8.0]]}},{"type":"Feature","properties":{"level":1016},"geometry":{"type":"LineString","coordinates":[[126.31,-7.75],[126.63,-7.75],[126.31,-7.75]]}},{"type":"Feature","properties":{"level":1016},"geometry":{"type":"LineString","coordinates":[[146.88,-6.5],[147.25,-6.66],[147.65,-6.5],[146.5,-5.7],[145.87,-5.75],[146.88,-6.5]]}},{"type":"Feature","properties":{"level":1016},"geometry":{"type":"LineString","coordinates":[[143.24,-6.25],[144.0,-6.45],[144.23,-6.0],[143.55,-5.0],[143.25,-4.91],[142.96,-5.0],[143.3,-5.25],[142.75,-5.61],[142.16,-5.5],[142.5,-5.92],[143.24,-6.25]]}},{"type":"Feature","properties":{"level":1016},"geometry":{"type":"LineString","coordinates":[[144.72,-6.25],[145.77,-6.25],[145.0,-5.59],[144.27,-6.0],[144.72,-6.25]]}},{"type":"Feature","properties":{"level":1016},"geometry":{"type":"LineString","coordinates":[[104.41,-5.5],[104.63,-5.5],[104.62,-5.0],[104.0,-4.73],[103.57,-4.0],[102.79,-3.75],[101.82,-1.75],[100.7,-0.75],[100.75,-0.16],[100.02,0.75],[99.38,1.0],[99.25,0.75],[100.05,0.0],[100.57,-1.25],[101.63,-2.75],[104.41,-5.5]]}},{"type":"Feature","properties":{"level":1016},"geometry":{"type":"LineString","coordinates":[[141.15,-5.25],[142.02,-5.25],[140.5,-4.3],[139.5,-4.02],[138.75,-3.41],[137.5,-3.72],[136.25,-3.43],[136.25,-3.86],[135.42,-4.0],[135.75,-4.35],[136.5,-4.19],[137.25,-4.45],[139.25,-4.57],[141.15,-5.25]]}},{"type":"Feature","properties":{"level":1016},"geometry":{"type":"LineString","coordinates":[[119.83,-3.5],[120.0,-3.67],[120.25,-3.51],[119.78,-3.0],[120.0,-2.97],[120.25,-2.38],[121.1,-2.25],[120.75,-1.85],[121.0,-1.91],[121.25,-1.5],[121.0,-1.43],[120.75,-1.74],[120.25,-1.08],[119.75,-1.18],[119.64,-2.5],[119.2,-2.75],[119.5,-3.25],[119.75,-3.02],[119.83,-3.5]]}},{"type":"Feature","properties":{"level":1016},"geometry":{"type":"LineString","coordinates":[[-78.88,-2.5],[-78.48,-2.5],[-78.32,-1.75],[-78.48,-1.5],[-77.89,-0.5],[-77.95,0.25],[-78.51,-0.5],[-78.5,-1.23],[-78.75,-1.03],[-78.93,-1.25],[-78.95,-1.5],[-78.62,-1.75],[-78.88,-2.5]]}},{"type":"Feature","properties":{"level":1016},"geometry":{"type":"LineString","coordinates":[[36.73,-1.25],[37.71,0.0],[37.0,0.51],[36.75,1.16],[36.0,-0.19],[35.5,0.69],[35.31,-0.75],[36.0,-1.12],[36.5,-0.96],[36.73,-1.25]]}},{"type":"Feature","properties":{"level":1016},"geometry":{"type":"LineString","coordinates":[[113.61,1.0],[114.0,0.87],[115.0,1.42],[115.5,1.02],[116.25,1.13],[116.45,1.75],[115.96,3.25],[116.05,4.25],[115.75,4.72],[115.06,4.0],[115.0,3.2],[114.41,3.0],[114.0,1.5],[113.36,1.25],[113.61,1.0]]}},{"type":"Feature","properties":{"level":1016},"geometry":{"type":"LineString","coordinates":[[99.15,1.5],[99.25,1.35],[99.57,1.75],[99.49,2.25],[98.62,3.25],[98.07,3.5],[97.5,4.5],[96.25,5.09],[95.56,5.0],[96.25,4.64],[97.25,3.3],[98.0,2.96],[99.15,1.5]]}},{"type":"Feature","properties":{"level":1016},"geometry":{"type":"LineString","coordinates":[[-76.13,3.0],[-76.0,2.8],[-75.81,3.0],[-75.75,4.13],[-76.0,3.86],[-76.13,3.0]]}},{"type":"Feature","properties":{"level":1016},"geometry":{"type":"LineString","coordinates":[[101.45,4.25],[101.5,5.43],[101.45,4.25]]}},{"type":"Feature","properties":{"level":1016},"geometry":{"type":"LineString","coordinates":[[38.1,5.0],[38.25,4.86],[38.58,5.25],[39.33,5.5],[39.39,6.0],[40.25,6.69],[40.66,6.75],[41.19,7.75],[41.19,8.0],[40.8,8.25],[40.87,8.5],[41.24,8.5],[41.25,8.14],[41.83,8.75],[42.75,9.05],[43.25,8.88],[43.56,9.25],[43.45,9.75],[43.25,9.77],[41.5,9.54],[40.0,8.68],[39.67,8.75],[40.05,11.0],[39.72,12.25],[39.88,14.0],[39.55,15.0],[38.75,15.83],[38.75,14.81],[39.28,14.75],[38.57,14.0],[39.0,13.71],[39.17,13.0],[38.5,12.28],[38.0,12.44],[38.0,12.82],[38.67,13.25],[38.5,13.53],[38.25,13.49],[37.44,12.75],[37.72,12.0],[37.25,11.62],[37.0,11.71],[36.64,11.0],[37.1,10.25],[36.79,10.0],[36.83,9.25],[36.25,8.69],[35.75,8.62],[35.24,7.75],[35.5,7.4],[37.0,6.96],[37.26,7.0],[37.05,7.25],[37.5,7.58],[37.5,6.63],[38.0,6.81],[38.16,6.5],[37.77,5.75],[38.1,5.0]]}},{"type":"Feature","properties":{"level":1016},"geometry":{"type":"LineString","coordinates":[[-72.55,6.25],[-72.5,6.08],[-72.01,6.5],[-72.75,7.33],[-72.55,6.25]]}},{"type":"Feature","properties":{"level":1016},"geometry":{"type":"LineString","coordinates":[[77.18,9.25],[77.46,10.0],[77.82,10.25],[77.0,10.48],[76.83,10.25],[77.18,9.25]]}},{"type":"Feature","properties":{"level":1016},"geometry":{"type":"LineString","coordinates":[[47.1,10.25],[48.25,10.47],[48.48,10.75],[47.25,10.79],[47.1,10.25]]}},{"type":"Feature","properties":{"level":1016},"geometry":{"type":"LineString","coordinates":[[76.35,11.25],[76.75,11.02],[77.62,11.75],[77.25,12.17],[76.75,11.89],[76.35,12.0],[77.0,12.63],[77.5,12.53],[77.75,12.2],[78.93,12.5],[78.82,13.0],[79.25,13.81],[78.75,13.74],[78.0,14.04],[77.5,13.73],[77.25,13.93],[76.25,13.6],[76.0,13.81],[75.5,13.55],[75.34,13.25],[75.73,12.75],[75.66,12.25],[76.35,11.25]]}},{"type":"Feature","properties":{"level":1016},"geometry":{"type":"LineString","coordinates":[[43.97,13.5],[45.25,13.67],[46.79,14.25],[46.0,14.4],[45.5,14.78],[44.21,16.25],[44.25,16.51],[45.0,16.5],[44.41,17.5],[44.5,18.5],[44.08,19.5],[43.5,19.52],[43.0,20.25],[42.75,20.19],[42.25,21.67],[42.0,21.37],[41.5,21.85],[40.75,21.85],[40.25,21.13],[41.75,19.74],[42.26,18.25],[43.15,17.75],[43.42,16.75],[43.84,16.5],[43.56,15.5],[43.75,14.5],[44.01,14.25],[43.97,13.5]]}},{"type":"Feature","properties":{"level":1016},"geometry":{"type":"LineString","coordinates":[[47.13,14.75],[47.25,14.6],[47.75,14.88],[48.75,14.54],[49.33,15.0],[48.5,14.94],[47.5,15.26],[47.13,14.75]]}},{"type":"Feature","properties":{"level":1016},"geometry":{"type":"LineString","coordinates":[[49.41,15.25],[50.6,15.25],[49.41,15.25]]}},{"type":"Feature","properties":{"level":1016},"geometry":{"type":"LineString","coordinates":[[78.75,16.0],[79.01,16.0],[78.75,16.39],[78.75,16.0]]}},{"type":"Feature","properties":{"level":1016},"geometry":{"type":"LineString","coordinates":[[120.93,16.5],[121.27,17.0],[121.25,17.77],[121.0,18.08],[120.73,16.75],[120.93,16.5]]}},{"type":"Feature","properties":{"level":1016},"geometry":{"type":"LineString","coordinates":[[73.97,17.0],[75.29,17.0],[75.0,17.09],[74.75,17.77],[74.36,18.0],[74.75,18.41],[76.5,17.5],[77.02,17.5],[77.44,17.25],[77.5,16.92],[78.0,16.79],[78.8,17.0],[78.94,18.0],[78.5,18.67],[77.75,18.46],[77.5,18.7],[78.0,19.46],[78.26,19.5],[77.75,19.66],[77.5,20.37],[75.75,20.63],[74.75,20.35],[74.4,20.5],[74.31,21.0],[74.0,21.04],[73.45,20.0],[73.69,19.25],[73.5,18.5],[73.97,17.0]]}},{"type":"Feature","properties":{"level":1016},"geometry":{"type":"LineString","coordinates":[[81.71,17.5],[82.25,17.56],[83.0,18.07],[83.75,19.58],[84.25,18.99],[84.25,20.37],[82.75,19.47],[82.25,20.37],[81.06,20.25],[80.69,19.5],[81.25,18.42],[82.0,18.5],[81.58,17.75],[81.71,17.5]]}},{"type":"Feature","properties":{"level":1016},"geometry":{"type":"LineString","coordinates":[[99.0,18.42],[98.84,18.5],[99.0,18.88],[99.0,18.42]]}},{"type":"Feature","properties":{"level":1016},"geometry":{"type":"LineString","coordinates":[[75.69,21.25],[76.2,21.5],[76.0,21.75],[75.25,21.73],[75.19,21.5],[75.69,21.25]]}},{"type":"Feature","properties":{"level":1016},"geometry":{"type":"LineString","coordinates":[[76.68,21.25],[77.25,21.15],[79.79,22.0],[79.5,22.58],[78.25,22.66],[76.87,22.0],[77.02,21.5],[76.68,21.25]]}},{"type":"Feature","properties":{"level":1016},"geometry":{"type":"LineString","coordinates":[[-11.45,21.5],[-11.12,21.5],[-11.0,21.86],[-10.25,21.95],[-10.25,22.19],[-11.0,22.24],[-11.45,21.5]]}},{"type":"Feature","properties":{"level":1016},"geometry":{"type":"LineString","coordinates":[[80.65,21.5],[81.25,22.28],[81.96,22.75],[81.0,23.28],[80.33,23.0],[80.12,22.25],[80.65,21.5]]}},{"type":"Feature","properties":{"level":1016},"geometry":{"type":"LineString","coordinates":[[17.75,21.57],[17.26,22.5],[17.75,22.87],[18.5,22.52],[18.54,22.25],[17.75,21.57]]}},{"type":"Feature","properties":{"level":1016},"geometry":{"type":"LineString","coordinates":[[-13.1,22.0],[-12.72,22.0],[-13.1,22.0]]}},{"type":"Feature","properties":{"level":1016},"geometry":{"type":"LineString","coordinates":[[74.79,22.5],[75.75,22.36],[77.2,23.0],[77.32,23.25],[76.5,23.4],[76.0,23.91],[75.19,24.0],[75.29,23.75],[75.0,23.85],[75.12,23.25],[74.69,22.75],[74.79,22.5]]}},{"type":"Feature","properties":{"level":1016},"geometry":{"type":"LineString","coordinates":[[119.75,22.55],[120.0,23.1],[120.08,22.75],[119.75,22.55]]}},{"type":"Feature","properties":{"level":1016},"geometry":{"type":"LineString","coordinates":[[57.31,23.0],[57.75,22.84],[58.54,23.0],[57.0,23.43],[57.0,23.06],[57.31,23.0]]}},{"type":"Feature","properties":{"level":1016},"geometry":{"type":"LineString","coordinates":[[78.24,23.5],[78.58,23.5],[78.24,23.5]]}},{"type":"Feature","properties":{"level":1016},"geometry":{"type":"LineString","coordinates":[[76.99,23.75],[77.25,24.14],[76.99,23.75]]}},{"type":"Feature","properties":{"level":1016},"geometry":{"type":"LineString","coordinates":[[6.0,23.98],[6.04,25.0],[6.5,25.16],[7.0,24.94],[7.15,24.5],[6.5,23.98],[6.0,23.98]]}},{"type":"Feature","properties":{"level":1016},"geometry":{"type":"LineString","coordinates":[[73.26,24.25],[73.5,24.15],[73.74,24.5],[74.0,25.58],[73.09,24.75],[73.26,24.25]]}},{"type":"Feature","properties":{"level":1016},"geometry":{"type":"LineString","coordinates":[[-180.0,25.6],[-178.5,26.24],[-177.75,27.0],[-175.5,28.12],[-173.3,30.0],[-172.25,31.39],[-170.07,33.5],[-168.75,34.45],[-163.5,36.91],[-162.75,36.98],[-162.0,37.65],[-159.5,38.76],[-159.0,38.69],[-155.25,40.51],[-153.06,41.0],[-152.5,41.39],[-152.0,41.17],[-151.25,41.32],[-151.08,41.0],[-151.53,36.75],[-150.92,34.5],[-149.8,31.75],[-149.02,30.5],[-148.25,29.89],[-146.25,29.01],[-145.5,29.11],[-144.75,28.89],[-144.25,29.12],[-142.5,29.25],[-141.94,28.75],[-141.0,28.62],[-139.0,29.44],[-136.25,29.94],[-135.62,30.25],[-134.17,31.75],[-132.0,33.42],[-130.5,35.28],[-129.0,37.75],[-127.89,40.75],[-126.75,42.69],[-124.33,45.0],[-123.96,45.75],[-123.42,45.75],[-122.71,46.5],[-122.41,46.5],[-122.6,46.25],[-122.2,46.25],[-120.96,47.5],[-120.61,48.75],[-120.75,49.02],[-121.26,49.0],[-120.91,49.25],[-121.0,49.67],[-122.5,50.76],[-124.0,51.38],[-124.0,51.67],[-119.5,51.97],[-119.0,51.81],[-118.5,52.35],[-117.75,51.95],[-117.02,52.0],[-119.5,53.59],[-120.0,54.35],[-122.25,55.43],[-122.75,55.49],[-123.25,55.22],[-125.0,55.54],[-125.62,56.25],[-125.77,57.25],[-125.5,57.48],[-124.38,57.5],[-124.75,58.33],[-126.5,58.8],[-126.5,58.3],[-128.45,59.0],[-130.56,60.0],[-130.36,60.5],[-129.72,60.75],[-130.01,61.25],[-130.75,61.53],[-133.05,61.75],[-133.57,62.0],[-133.33,62.25],[-133.57,62.5],[-134.25,62.42],[-135.31,62.75],[-134.57,63.25],[-135.0,63.45],[-135.5,63.2],[-135.84,63.5],[-135.0,63.65],[-134.73,64.25],[-136.0,64.29],[-136.5,63.96],[-136.75,64.35],[-138.75,64.55],[-139.38,65.0],[-136.0,65.04],[-134.75,64.84],[-132.25,65.18],[-131.5,64.95],[-128.25,64.88],[-125.0,63.75],[-123.75,63.87],[-122.5,63.31],[-119.0,62.36],[-118.0,61.69],[-117.25,61.75],[-116.75,62.24],[-116.25,61.94],[-115.25,61.91],[-115.02,62.0],[-115.22,62.25],[-115.09,62.5],[-112.0,63.21],[-111.95,63.75],[-111.5,64.21],[-107.76,66.25],[-105.67,67.75],[-105.25,68.58],[-101.35,70.0],[-101.09,70.5],[-101.19,71.0],[-102.53,72.5],[-102.76,74.5],[-103.5,75.25],[-106.5,75.92],[-111.75,76.2],[-117.25,77.04],[-119.52,77.75],[-120.76,78.5],[-120.98,79.0],[-120.31,79.75],[-118.8,80.5],[-117.06,81.0],[-107.75,82.03],[-82.25,82.92],[-81.53,82.75],[-89.7,81.75],[-88.59,81.0],[-87.5,80.73],[-86.0,80.77],[-85.5,81.0],[-85.42,80.75],[-84.5,80.61],[-79.25,80.72],[-77.25,80.35],[-77.12,80.25],[-77.75,80.0],[-80.41,80.0],[-79.75,79.58],[-78.0,79.5],[-80.75,79.25],[-79.25,79.24],[-78.79,79.0],[-79.0,78.62],[-79.75,78.71],[-80.16,78.5],[-79.84,78.25],[-79.98,78.0],[-79.25,77.57],[-78.25,78.03],[-76.5,78.1],[-74.75,78.61],[-73.64,79.25],[-67.75,80.33],[-63.5,79.88],[-63.02,79.75],[-66.25,79.01],[-71.39,78.25],[-69.5,77.85],[-66.32,77.75],[-66.27,77.5],[-67.09,77.25],[-66.75,76.99],[-60.0,76.55],[-56.0,75.78],[-54.32,74.75],[-54.25,74.25],[-52.5,72.8],[-52.5,72.41],[-50.5,72.48],[-49.75,72.03],[-48.5,71.89],[-47.5,71.45],[-46.75,71.46],[-45.75,71.94],[-44.75,71.88],[-44.0,71.45],[-40.5,70.67],[-40.0,70.47],[-39.96,70.0],[-39.44,69.5],[-40.37,68.5],[-40.22,68.25],[-38.5,67.66],[-36.5,67.84],[-36.23,67.5],[-36.51,67.25],[-36.0,67.04],[-34.25,67.08],[-32.75,67.77],[-31.0,68.06],[-27.25,68.29],[-22.75,67.68],[-19.25,66.63],[-18.64,66.25],[-20.46,64.5],[-19.59,64.25],[-19.5,63.67],[-18.35,63.25],[-16.74,62.0],[-16.6,61.25],[-16.28,61.0],[-16.15,60.0],[-15.42,59.5],[-14.79,56.75],[-15.25,55.76],[-16.0,55.4],[-24.0,53.74],[-28.0,52.4],[-31.0,50.75],[-36.25,47.06],[-37.25,46.68],[-38.25,47.62],[-40.0,47.54],[-41.0,47.84],[-50.0,46.62],[-53.0,46.63],[-55.75,47.13],[-58.0,48.86],[-58.75,48.75],[-59.75,48.99],[-62.75,48.56],[-63.75,47.0],[-66.75,46.32],[-68.75,45.4],[-69.27,45.5],[-69.5,45.03],[-70.49,44.5],[-70.65,44.0],[-71.5,43.18],[-72.5,42.85],[-73.0,42.95],[-73.33,42.25],[-73.75,41.96],[-74.0,41.93],[-74.25,42.29],[-75.25,42.15],[-75.75,41.5],[-76.4,41.25],[-76.26,41.0],[-76.73,40.5],[-76.74,40.0],[-77.52,39.0],[-78.75,38.47],[-79.25,38.91],[-79.25,39.61],[-79.5,39.45],[-81.5,37.35],[-82.47,36.75],[-82.22,36.5],[-83.73,35.75],[-84.57,35.0],[-84.6,34.5],[-84.0,34.18],[-82.75,34.43],[-82.0,33.9],[-81.25,33.81],[-79.0,33.98],[-77.0,34.56],[-75.25,34.7],[-70.75,33.95],[-70.0,34.07],[-69.0,33.75],[-67.75,33.87],[-67.57,33.75],[-67.75,33.4],[-69.11,33.0],[-68.47,31.75],[-67.6,31.0],[-67.0,30.93],[-66.6,30.25],[-65.36,29.5],[-64.23,27.75],[-63.0,27.35],[-62.75,26.8],[-61.5,26.05],[-59.25,25.17],[-57.5,24.83],[-55.0,24.99],[-54.5,25.25],[-54.0,25.08],[-53.75,25.34],[-51.5,25.52],[-49.75,25.18],[-48.25,24.26],[-47.25,23.93],[-46.0,24.05],[-45.87,23.25],[-45.0,22.59],[-44.84,22.0],[-42.5,20.66],[-42.0,19.64],[-41.0,19.19],[-40.75,19.69],[-39.75,18.66],[-39.25,18.59],[-38.25,17.66],[-38.0,17.63],[-37.75,18.1],[-36.25,18.06],[-34.25,18.35],[-33.75,17.83],[-33.25,17.9],[-32.75,17.62],[-32.05,17.75],[-28.5,19.4],[-24.5,19.93],[-19.5,22.71],[-17.25,23.43],[-15.0,25.06],[-14.5,25.0],[-13.25,25.58],[-12.25,25.41],[-11.25,25.83],[-10.81,26.25],[-11.65,27.0],[-11.25,27.15],[-9.74,28.75],[-9.73,29.0],[-8.25,29.96],[-7.37,30.25],[-7.25,31.13],[-5.75,31.26],[-5.25,31.68],[-4.06,32.0],[-3.27,33.0],[-3.54,33.25],[-3.25,33.72],[-3.22,33.0],[-1.67,32.75],[-0.75,32.21],[0.0,32.08],[0.25,32.29],[0.5,32.03],[1.5,31.95],[2.75,30.73],[3.75,30.64],[5.0,31.02],[6.75,30.69],[7.25,30.24],[8.1,28.5],[9.0,28.05],[9.57,27.0],[9.5,25.97],[9.0,26.06],[8.89,25.75],[8.0,25.61],[6.73,26.25],[6.45,26.5],[6.75,26.87],[6.5,26.95],[6.25,26.64],[6.0,26.82],[5.5,26.66],[5.25,25.93],[4.75,26.29],[4.31,25.75],[4.17,25.25],[4.99,25.0],[4.93,24.5],[5.44,24.0],[5.14,23.25],[5.25,22.47],[6.0,22.35],[7.0,22.77],[8.0,22.42],[9.25,22.68],[10.0,22.34],[11.0,22.49],[11.75,22.26],[12.25,21.8],[14.75,22.62],[15.25,22.09],[16.02,21.75],[16.5,20.78],[17.0,20.72],[17.5,20.26],[18.0,20.55],[18.5,19.62],[19.25,20.09],[19.75,20.04],[21.25,20.98],[21.75,21.56],[22.05,21.5],[22.06,21.0],[22.5,20.85],[23.0,20.77],[23.75,21.08],[24.0,20.57],[24.75,20.3],[26.1,20.5],[29.98,24.25],[30.5,25.4],[31.0,25.2],[31.75,25.39],[31.43,26.0],[31.75,26.72],[32.5,26.92],[32.75,27.41],[33.5,26.84],[33.61,27.0],[33.09,27.5],[33.25,28.72],[34.0,28.1],[34.5,28.61],[35.0,28.67],[36.5,27.62],[37.5,26.24],[38.0,26.57],[39.0,26.07],[39.5,26.2],[40.0,25.3],[40.25,25.83],[40.58,25.75],[40.91,25.5],[40.85,25.25],[41.5,24.23],[41.78,24.75],[41.27,25.0],[41.25,25.35],[42.5,25.58],[42.75,25.21],[43.25,25.36],[43.25,25.04],[42.5,24.48],[42.28,24.0],[42.43,23.75],[41.5,23.54],[41.21,23.25],[41.75,22.97],[42.75,23.45],[42.88,23.0],[43.6,22.5],[43.75,21.59],[44.25,21.41],[44.66,21.75],[43.7,23.5],[44.0,23.69],[44.75,23.28],[45.43,23.75],[45.36,24.25],[46.0,24.45],[46.5,23.29],[47.0,24.37],[47.71,25.0],[47.79,25.5],[47.46,26.75],[46.86,27.5],[47.18,28.5],[47.09,29.5],[46.25,30.52],[45.45,33.0],[45.75,33.65],[46.75,32.89],[47.5,32.65],[48.5,32.73],[49.29,32.25],[50.0,30.97],[51.47,29.5],[51.67,28.75],[53.05,28.25],[54.0,27.22],[54.79,27.5],[54.7,27.75],[55.0,28.03],[55.75,28.14],[56.0,27.79],[56.75,27.86],[57.75,28.79],[58.25,28.3],[58.75,28.28],[57.55,30.75],[57.0,31.65],[56.5,32.0],[57.0,32.44],[57.25,32.2],[57.59,32.5],[57.25,32.73],[57.0,32.56],[56.64,33.5],[56.75,33.77],[57.5,32.82],[57.93,32.75],[58.25,32.37],[59.75,30.09],[60.03,28.5],[59.56,28.0],[60.25,27.85],[61.08,27.25],[60.75,26.88],[59.52,26.5],[60.5,26.3],[62.25,26.52],[62.75,26.29],[63.5,26.39],[63.75,25.99],[65.25,26.61],[66.5,26.67],[66.72,26.75],[67.48,30.0],[68.25,30.02],[69.0,30.49],[69.75,30.1],[69.88,30.25],[69.58,30.5],[70.0,31.5],[69.75,31.74],[69.5,31.49],[69.25,32.0],[69.91,32.5],[70.02,32.75],[69.79,33.25],[70.0,33.62],[71.07,33.75],[71.02,34.0],[70.01,34.5],[70.25,34.72],[70.75,34.6],[71.75,34.82],[73.0,34.39],[73.5,33.87],[75.99,32.5],[76.81,31.75],[77.33,30.75],[79.25,29.48],[81.25,28.91],[82.5,28.04],[84.51,28.0],[85.0,27.47],[86.75,26.93],[89.75,26.74],[93.25,26.91],[95.4,28.0],[95.81,28.0],[96.09,27.5],[94.5,26.6],[93.25,25.45],[93.0,25.4],[92.25,25.98],[91.04,25.75],[90.93,25.5],[93.25,24.99],[93.28,24.5],[92.54,23.5],[93.16,21.5],[93.72,20.5],[94.0,20.37],[94.17,21.25],[93.93,22.0],[93.95,23.25],[94.2,24.25],[95.75,26.15],[96.75,26.74],[96.93,26.25],[96.77,25.75],[97.0,25.5],[97.62,25.5],[97.01,23.5],[96.25,23.0],[96.52,21.75],[96.36,20.5],[96.52,19.5],[97.0,18.21],[97.25,18.0],[97.75,18.34],[98.25,17.11],[98.65,17.0],[98.44,16.25],[98.75,14.89],[99.08,15.0],[99.26,15.5],[99.22,16.25],[98.81,16.75],[98.88,17.5],[99.5,18.59],[100.25,18.73],[100.5,18.19],[100.75,19.0],[100.97,18.75],[100.87,18.25],[101.07,18.0],[100.66,17.5],[101.0,16.46],[101.13,17.0],[101.42,17.0],[101.5,16.14],[101.89,16.25],[101.89,16.75],[101.59,17.5],[101.23,17.75],[101.33,18.25],[102.25,18.79],[102.75,18.32],[103.75,18.48],[105.0,17.61],[105.75,17.59],[106.5,16.91],[106.09,18.75],[106.75,20.0],[107.5,20.22],[109.75,20.24],[112.25,21.02],[114.25,20.76],[118.25,20.97],[119.75,21.26],[120.25,20.98],[121.5,21.21],[122.0,21.09],[126.25,23.36],[127.75,24.67],[129.25,25.5],[129.81,26.25],[131.0,27.18],[135.0,28.33],[136.0,29.12],[136.75,30.19],[138.0,30.82],[138.5,30.9],[139.5,30.26],[140.75,30.05],[141.75,30.48],[142.0,29.74],[142.5,29.6],[145.75,30.44],[149.25,32.65],[152.63,35.75],[156.0,38.05],[156.71,39.0],[157.5,41.0],[156.94,41.75],[157.03,42.75],[155.3,44.75],[154.92,45.5],[153.25,46.49],[144.75,47.98],[143.0,47.71],[142.75,47.31],[142.5,47.32],[142.0,47.8],[140.01,48.25],[138.46,49.5],[138.84,50.0],[138.69,51.0],[137.5,51.23],[136.5,51.08],[135.0,51.97],[134.96,54.0],[134.5,54.54],[133.4,54.75],[133.64,55.0],[133.2,55.25],[134.01,56.0],[132.86,57.0],[133.0,57.54],[131.94,59.0],[118.75,66.68],[115.0,67.99],[112.0,68.36],[105.5,67.06],[104.0,66.32],[103.75,65.87],[102.5,66.04],[102.05,65.75],[103.06,65.25],[102.75,64.13],[104.72,61.5],[105.37,59.75],[104.75,59.02],[99.05,58.75],[97.0,58.29],[94.0,57.19],[88.0,56.88],[85.0,56.43],[83.52,56.0],[81.5,54.61],[78.25,53.23],[73.75,52.18],[64.25,51.97],[60.25,52.42],[58.18,53.0],[57.45,53.5],[56.96,54.25],[53.75,55.1],[49.5,57.04],[42.0,59.13],[36.75,59.97],[34.5,60.59],[32.5,60.46],[26.75,61.17],[25.0,61.13],[23.91,60.5],[24.3,59.75],[22.43,58.75],[20.4,57.25],[19.94,56.5],[20.19,55.75],[17.25,50.71],[15.75,50.99],[12.75,50.61],[10.5,50.76],[10.35,50.25],[10.87,49.5],[10.5,49.13],[9.5,49.05],[9.0,48.65],[8.25,48.85],[7.75,48.38],[7.41,48.75],[7.5,49.0],[6.25,49.08],[5.41,49.5],[7.34,50.5],[6.75,50.94],[6.76,51.25],[7.35,51.75],[7.87,53.0],[8.6,54.0],[10.63,56.0],[10.5,56.24],[8.75,56.6],[5.5,57.73],[-0.5,58.93],[-5.95,61.0],[-7.74,62.0],[-7.99,62.25],[-7.75,62.41],[-7.0,62.35],[-5.0,62.94],[-0.31,63.5],[0.46,63.75],[0.93,64.25],[-0.14,65.5],[-4.44,67.5],[-4.76,68.0],[-3.81,69.5],[-3.7,70.5],[-3.9,71.25],[-5.22,72.75],[-8.0,74.37],[-9.75,76.03],[-11.68,77.0],[-13.75,77.62],[-16.75,78.43],[-20.6,79.0],[-19.63,79.25],[-19.62,79.75],[-18.28,80.25],[-18.7,80.75],[-16.25,81.2],[-15.95,81.5],[-24.56,82.25],[-23.9,82.5],[-26.75,83.04],[-27.75,83.59],[-36.0,84.05],[-54.25,84.22],[-60.17,84.75],[-42.25,87.28],[-24.5,88.82],[-9.25,89.42],[18.75,89.73],[94.5,89.77],[135.75,89.39],[148.0,88.88],[180.0,85.89]]}},{"type":"Feature","properties":{"level":1016},"geometry":{"type":"LineString","coordinates":[[63.75,26.73],[63.25,27.0],[63.48,27.25],[62.75,27.59],[61.75,28.75],[63.0,29.13],[64.25,29.13],[64.68,29.5],[64.64,29.75],[63.5,30.08],[61.75,29.41],[60.92,30.0],[60.62,31.0],[61.5,32.28],[62.25,32.77],[62.82,32.75],[62.6,32.5],[62.75,32.44],[64.0,32.23],[65.0,32.38],[65.25,31.88],[66.0,31.84],[66.26,31.5],[66.33,31.0],[65.55,28.0],[65.0,27.62],[63.59,27.25],[63.75,26.73]]}},{"type":"Feature","properties":{"level":1016},"geometry":{"type":"LineString","coordinates":[[-10.0,30.14],[-10.14,30.75],[-9.75,31.13],[-9.37,30.25],[-10.0,30.14]]}},{"type":"Feature","properties":{"level":1016},"geometry":{"type":"LineString","coordinates":[[-7.0,32.21],[-7.0,32.37],[-7.0,32.21]]}},{"type":"Feature","properties":{"level":1016},"geometry":{"type":"LineString","coordinates":[[-109.04,33.25],[-108.75,33.08],[-108.0,33.27],[-107.71,33.75],[-109.0,34.16],[-109.81,34.0],[-109.84,33.5],[-109.25,33.49],[-109.04,33.25]]}},{"type":"Feature","properties":{"level":1016},"geometry":{"type":"LineString","coordinates":[[-1.25,33.07],[-1.31,33.75],[-0.49,33.75],[-0.33,33.5],[-0.49,33.25],[-1.25,33.07]]}},{"type":"Feature","properties":{"level":1016},"geometry":{"type":"LineString","coordinates":[[-3.5,33.81],[-4.04,34.25],[-3.25,34.76],[-4.75,35.22],[-5.3,35.5],[-5.5,35.87],[-6.75,35.51],[-7.92,35.75],[-8.59,37.0],[-7.9,37.25],[-7.81,37.5],[-8.5,37.92],[-9.0,37.5],[-9.25,37.57],[-9.41,38.0],[-9.25,38.34],[-8.0,39.1],[-7.08,38.75],[-6.93,38.0],[-6.5,37.68],[-3.75,38.0],[-4.5,37.66],[-4.75,37.24],[-5.49,37.0],[-5.75,36.5],[-5.5,36.4],[-4.75,36.93],[-2.75,36.87],[-1.56,38.0],[-1.65,38.25],[-0.18,38.75],[-0.73,39.0],[-0.85,39.75],[1.75,41.76],[2.6,41.75],[2.68,43.75],[1.72,44.5],[1.67,45.0],[2.2,45.75],[3.24,46.5],[3.19,46.75],[3.73,47.5],[4.75,48.12],[4.72,47.75],[3.61,46.75],[4.54,46.25],[4.41,46.0],[4.67,45.75],[4.18,45.5],[4.34,45.25],[3.91,44.5],[4.0,44.34],[5.0,44.38],[5.5,43.24],[6.54,42.75],[6.72,42.25],[6.3,41.25],[5.67,40.5],[4.25,39.7],[3.13,38.5],[3.0,38.25],[3.54,37.5],[3.0,36.7],[2.75,36.55],[1.25,36.69],[1.0,36.46],[0.75,36.8],[-0.08,36.75],[-0.38,36.5],[-0.75,35.21],[-2.0,34.31],[-2.25,34.61],[-3.5,33.81]]}},{"type":"Feature","properties":{"level":1016},"geometry":{"type":"LineString","coordinates":[[-4.5,34.16],[-4.92,34.5],[-4.36,34.5],[-4.5,34.16]]}},{"type":"Feature","properties":{"level":1016},"geometry":{"type":"LineString","coordinates":[[-5.25,34.63],[-4.97,34.75],[-5.25,34.63]]}},{"type":"Feature","properties":{"level":1016},"geometry":{"type":"LineString","coordinates":[[-105.81,35.75],[-105.4,35.75],[-104.86,37.25],[-105.27,37.75],[-105.06,38.0],[-105.25,38.15],[-105.64,38.0],[-105.43,37.25],[-105.81,35.75]]}},{"type":"Feature","properties":{"level":1016},"geometry":{"type":"LineString","coordinates":[[-118.6,36.5],[-118.25,36.32],[-118.19,36.5],[-118.75,37.56],[-119.0,37.51],[-118.6,36.5]]}},{"type":"Feature","properties":{"level":1016},"geometry":{"type":"LineString","coordinates":[[81.0,36.39],[80.5,36.7],[79.5,36.75],[77.19,37.5],[76.78,38.0],[77.19,39.25],[76.25,39.51],[76.15,39.75],[77.45,39.75],[77.75,39.29],[79.25,38.85],[80.25,38.28],[81.0,38.4],[82.0,37.75],[81.84,37.25],[82.23,37.0],[83.0,37.44],[83.69,37.25],[83.25,36.91],[82.5,36.89],[81.0,36.39]]}},{"type":"Feature","properties":{"level":1016},"geometry":{"type":"LineString","coordinates":[[-106.4,36.75],[-106.25,36.51],[-106.06,36.75],[-106.48,37.75],[-106.25,38.12],[-105.83,38.25],[-106.05,38.5],[-106.0,38.98],[-105.4,39.25],[-105.43,40.5],[-105.75,40.88],[-106.08,40.5],[-106.02,40.0],[-107.49,39.25],[-107.25,38.62],[-106.58,38.5],[-106.75,38.28],[-107.5,38.49],[-108.62,37.75],[-108.0,37.35],[-107.0,37.3],[-106.4,36.75]]}},{"type":"Feature","properties":{"level":1016},"geometry":{"type":"LineString","coordinates":[[1.28,37.0],[1.94,37.0],[1.5,37.46],[1.28,37.0]]}},{"type":"Feature","properties":{"level":1016},"geometry":{"type":"LineString","coordinates":[[-111.89,38.0],[-111.41,38.0],[-111.25,39.7],[-111.63,38.75],[-111.53,38.5],[-111.89,38.0]]}},{"type":"Feature","properties":{"level":1016},"geometry":{"type":"LineString","coordinates":[[2.68,39.75],[2.92,39.75],[2.68,39.75]]}},{"type":"Feature","properties":{"level":1016},"geometry":{"type":"LineString","coordinates":[[-111.18,40.5],[-111.0,40.36],[-109.42,40.75],[-110.5,41.13],[-111.0,40.96],[-111.18,40.5]]}},{"type":"Feature","properties":{"level":1016},"geometry":{"type":"LineString","coordinates":[[120.5,41.68],[119.75,42.25],[118.23,42.75],[117.5,44.1],[117.11,44.25],[119.25,45.17],[119.18,43.5],[119.75,42.99],[120.5,42.84],[121.5,43.13],[123.0,44.33],[124.25,44.5],[124.8,44.25],[124.88,44.0],[124.5,43.67],[122.19,42.5],[122.33,42.0],[122.0,41.91],[121.5,42.24],[120.75,42.0],[120.77,41.75],[120.5,41.68]]}},{"type":"Feature","properties":{"level":1016},"geometry":{"type":"LineString","coordinates":[[-109.43,42.75],[-109.0,42.56],[-108.95,42.75],[-109.83,43.5],[-109.72,43.75],[-109.2,43.75],[-109.32,44.0],[-110.0,44.68],[-110.5,44.42],[-111.04,44.5],[-110.75,43.86],[-110.5,44.15],[-110.25,44.06],[-110.19,43.75],[-110.5,43.39],[-109.43,42.75]]}},{"type":"Feature","properties":{"level":1016},"geometry":{"type":"LineString","coordinates":[[113.0,42.98],[112.89,43.5],[113.5,44.12],[114.5,44.3],[116.64,44.0],[116.5,43.4],[115.75,43.59],[114.25,43.09],[113.5,43.57],[113.0,42.98]]}},{"type":"Feature","properties":{"level":1016},"geometry":{"type":"LineString","coordinates":[[-99.3,43.75],[-98.75,43.58],[-98.48,44.0],[-98.75,44.34],[-99.5,44.58],[-99.3,43.75]]}},{"type":"Feature","properties":{"level":1016},"geometry":{"type":"LineString","coordinates":[[-101.35,44.0],[-100.7,44.0],[-100.58,44.5],[-100.99,44.75],[-100.5,44.98],[-99.5,44.91],[-98.6,45.75],[-99.61,47.75],[-102.25,49.08],[-105.0,49.41],[-105.17,49.25],[-104.27,48.5],[-103.25,46.87],[-102.04,46.5],[-102.19,46.25],[-102.88,46.25],[-102.88,46.0],[-102.14,45.0],[-101.6,44.75],[-101.83,44.25],[-101.35,44.0]]}},{"type":"Feature","properties":{"level":1016},"geometry":{"type":"LineString","coordinates":[[-2.25,43.98],[-3.07,44.75],[-3.0,45.48],[-2.0,45.96],[-0.92,45.75],[-0.71,45.25],[-1.54,44.0],[-2.0,43.82],[-2.25,43.98]]}},{"type":"Feature","properties":{"level":1016},"geometry":{"type":"LineString","coordinates":[[-97.77,44.75],[-96.94,45.0],[-97.5,45.74],[-97.84,45.5],[-97.77,44.75]]}},{"type":"Feature","properties":{"level":1016},"geometry":{"type":"LineString","coordinates":[[180.0,45.71],[173.5,41.42],[165.0,36.56],[163.95,35.5],[163.75,34.75],[164.35,34.0],[163.54,33.25],[164.2,32.0],[165.5,30.72],[166.65,29.0],[169.25,26.79],[171.25,26.04],[172.75,25.79],[175.0,25.75],[178.5,25.21],[179.25,25.22],[180.0,25.6]]}},{"type":"Feature","properties":{"level":1016},"geometry":{"type":"LineString","coordinates":[[4.25,46.97],[4.25,47.13],[4.25,46.97]]}},{"type":"Feature","properties":{"level":1016},"geometry":{"type":"LineString","coordinates":[[7.4,50.75],[8.0,50.74],[8.3,51.25],[7.89,51.25],[7.4,50.75]]}},{"type":"Feature","properties":{"level":1016},"geometry":{"type":"LineString","coordinates":[[-124.36,56.0],[-123.5,55.88],[-123.5,56.5],[-124.5,56.71],[-124.65,56.25],[-124.36,56.0]]}},{"type":"Feature","properties":{"level":1016},"geometry":{"type":"LineString","coordinates":[[-153.75,56.87],[-153.93,57.25],[-153.5,57.64],[-153.0,57.89],[-152.75,57.77],[-152.67,57.5],[-153.0,57.15],[-153.75,56.87]]}},{"type":"Feature","properties":{"level":1016},"geometry":{"type":"LineString","coordinates":[[-151.25,57.43],[-151.28,57.75],[-151.0,57.89],[-149.91,57.75],[-150.25,57.31],[-151.25,57.43]]}},{"type":"Feature","properties":{"level":1016},"geometry":{"type":"LineString","coordinates":[[-151.75,59.17],[-151.75,59.35],[-151.0,59.3],[-150.62,59.5],[-151.75,59.84],[-153.0,59.52],[-153.6,59.75],[-153.25,59.98],[-153.0,59.85],[-151.75,61.44],[-151.5,61.5],[-151.0,61.09],[-149.75,61.46],[-149.49,60.25],[-150.0,60.21],[-150.55,59.75],[-150.25,59.4],[-149.96,59.5],[-150.08,59.25],[-151.75,59.17]]}},{"type":"Feature","properties":{"level":1016},"geometry":{"type":"LineString","coordinates":[[-146.75,59.46],[-147.43,59.75],[-146.75,60.18],[-145.52,60.0],[-146.0,59.55],[-146.75,59.46]]}},{"type":"Feature","properties":{"level":1016},"geometry":{"type":"LineString","coordinates":[[-153.75,60.22],[-154.01,60.75],[-153.63,61.0],[-153.75,61.31],[-152.75,61.41],[-152.56,61.25],[-153.54,60.75],[-153.75,60.22]]}},{"type":"Feature","properties":{"level":1016},"geometry":{"type":"LineString","coordinates":[[-134.25,60.25],[-135.5,60.57],[-136.25,60.49],[-136.75,61.22],[-138.0,61.51],[-138.25,61.49],[-138.47,61.25],[-138.32,61.0],[-138.75,60.73],[-142.5,62.04],[-143.0,61.91],[-143.46,62.25],[-143.14,62.5],[-143.21,63.25],[-142.96,63.5],[-143.75,63.75],[-142.75,64.69],[-141.44,64.5],[-140.81,64.25],[-142.22,64.25],[-141.89,64.0],[-142.01,63.75],[-141.25,63.25],[-140.25,62.79],[-138.0,62.55],[-137.25,61.99],[-135.5,61.83],[-134.62,61.25],[-134.75,60.97],[-134.1,61.0],[-134.42,60.75],[-134.25,60.25]]}},{"type":"Feature","properties":{"level":1016},"geometry":{"type":"LineString","coordinates":[[-115.31,60.5],[-114.72,60.75],[-115.5,61.07],[-116.6,61.0],[-116.5,60.74],[-115.31,60.5]]}},{"type":"Feature","properties":{"level":1016},"geometry":{"type":"LineString","coordinates":[[-154.0,61.67],[-153.75,62.08],[-153.25,62.07],[-153.01,61.75],[-154.0,61.67]]}},{"type":"Feature","properties":{"level":1016},"geometry":{"type":"LineString","coordinates":[[-148.5,61.72],[-147.37,62.25],[-147.5,62.47],[-148.22,62.5],[-148.29,62.75],[-148.0,62.84],[-147.5,62.55],[-145.75,62.93],[-145.0,62.8],[-145.11,62.5],[-144.29,62.25],[-145.0,61.65],[-148.5,61.72]]}},{"type":"Feature","properties":{"level":1016},"geometry":{"type":"LineString","coordinates":[[-148.0,63.61],[-148.18,63.75],[-147.15,63.75],[-148.0,63.61]]}},{"type":"Feature","properties":{"level":1016},"geometry":{"type":"LineString","coordinates":[[126.89,65.25],[127.75,65.04],[129.32,65.25],[127.75,65.5],[128.88,65.75],[128.75,65.85],[126.69,65.5],[126.89,65.25]]}},{"type":"Feature","properties":{"level":1016},"geometry":{"type":"LineString","coordinates":[[126.57,66.25],[127.0,66.09],[127.74,66.25],[126.57,66.25]]}},{"type":"Feature","properties":{"level":1016},"geometry":{"type":"LineString","coordinates":[[-65.47,66.5],[-65.0,66.43],[-64.53,66.75],[-64.36,67.0],[-64.78,67.25],[-64.62,67.5],[-65.75,67.65],[-66.86,67.5],[-66.7,67.0],[-66.0,67.0],[-65.47,66.5]]}},{"type":"Feature","properties":{"level":1016},"geometry":{"type":"LineString","coordinates":[[127.88,66.75],[128.19,67.0],[126.84,67.0],[127.88,66.75]]}},{"type":"Feature","properties":{"level":1016},"geometry":{"type":"LineString","coordinates":[[93.68,68.0],[95.75,68.5],[97.09,68.5],[96.0,68.38],[95.74,68.0],[96.0,67.94],[96.5,68.18],[97.75,68.22],[98.0,68.57],[98.5,68.25],[99.55,68.5],[98.0,69.38],[96.25,69.37],[95.25,68.95],[94.48,69.5],[94.53,69.75],[95.18,70.0],[94.5,70.04],[94.0,69.66],[92.79,69.5],[93.52,69.25],[92.65,68.75],[93.68,68.0]]}},{"type":"Feature","properties":{"level":1016},"geometry":{"type":"LineString","coordinates":[[-70.63,69.0],[-70.0,68.82],[-68.86,69.0],[-68.6,69.5],[-69.82,70.25],[-69.47,70.5],[-71.25,70.89],[-71.57,71.25],[-72.5,71.51],[-74.5,71.64],[-74.5,72.04],[-76.5,72.63],[-76.72,72.75],[-76.46,73.0],[-77.5,73.5],[-80.19,73.5],[-80.22,73.25],[-79.75,72.95],[-77.55,72.75],[-79.0,72.28],[-79.75,72.31],[-80.75,71.5],[-79.25,71.34],[-76.75,70.3],[-73.81,70.25],[-73.5,69.5],[-71.0,69.22],[-70.63,69.0]]}},{"type":"Feature","properties":{"level":1016},"geometry":{"type":"LineString","coordinates":[[-22.0,69.92],[-22.96,70.25],[-22.5,70.59],[-21.75,70.32],[-21.42,70.5],[-22.0,71.32],[-23.02,71.75],[-22.46,72.25],[-22.75,72.6],[-22.14,73.0],[-22.57,73.25],[-20.84,73.5],[-20.46,74.0],[-18.25,74.52],[-16.75,74.35],[-15.06,73.75],[-14.96,73.5],[-17.25,72.43],[-18.5,71.5],[-22.0,69.92]]}},{"type":"Feature","properties":{"level":1016},"geometry":{"type":"LineString","coordinates":[[106.27,70.0],[108.5,69.8],[108.87,70.0],[108.94,70.5],[106.5,70.62],[106.28,70.5],[106.5,70.26],[107.32,70.25],[106.5,70.22],[106.27,70.0]]}},{"type":"Feature","properties":{"level":1016},"geometry":{"type":"LineString","coordinates":[[-95.01,70.5],[-93.66,70.5],[-93.49,70.75],[-93.9,71.25],[-95.0,71.56],[-95.29,71.5],[-95.46,71.0],[-95.01,70.5]]}},{"type":"Feature","properties":{"level":1016},"geometry":{"type":"LineString","coordinates":[[-83.51,71.75],[-81.75,71.74],[-81.75,72.07],[-81.0,72.25],[-80.54,72.75],[-81.38,73.5],[-82.25,73.58],[-84.5,73.37],[-84.87,73.25],[-84.75,72.68],[-85.51,72.75],[-83.51,71.75]]}},{"type":"Feature","properties":{"level":1016},"geometry":{"type":"LineString","coordinates":[[-88.88,72.0],[-88.0,71.95],[-87.25,72.28],[-85.84,73.5],[-86.12,73.75],[-87.0,73.76],[-88.82,73.25],[-89.12,73.0],[-89.15,72.5],[-88.88,72.0]]}},{"type":"Feature","properties":{"level":1016},"geometry":{"type":"LineString","coordinates":[[-94.82,72.25],[-93.75,72.79],[-91.75,73.09],[-91.11,73.5],[-91.5,73.77],[-93.75,73.62],[-95.11,73.0],[-95.21,72.75],[-94.79,72.5],[-94.82,72.25]]}},{"type":"Feature","properties":{"level":1016},"geometry":{"type":"LineString","coordinates":[[-31.0,73.74],[-31.5,74.15],[-32.25,74.32],[-37.05,74.25],[-34.25,75.02],[-33.25,74.74],[-32.25,75.04],[-30.2,74.75],[-30.23,73.75],[-31.0,73.74]]}},{"type":"Feature","properties":{"level":1016},"geometry":{"type":"LineString","coordinates":[[-86.73,74.75],[-83.75,74.68],[-83.24,75.0],[-85.0,75.29],[-86.85,75.0],[-86.73,74.75]]}},{"type":"Feature","properties":{"level":1016},"geometry":{"type":"LineString","coordinates":[[-82.58,74.75],[-80.91,74.75],[-80.59,75.0],[-81.09,75.25],[-80.04,75.25],[-80.5,75.53],[-81.5,75.52],[-81.36,75.25],[-82.25,75.1],[-82.58,74.75]]}},{"type":"Feature","properties":{"level":1016},"geometry":{"type":"LineString","coordinates":[[-82.74,77.25],[-82.0,77.05],[-80.29,77.25],[-82.25,77.61],[-82.74,77.25]]}},{"type":"Feature","properties":{"level":1016},"geometry":{"type":"LineString","coordinates":[[-81.61,79.25],[-81.17,79.25],[-81.61,79.25]]}},{"type":"Feature","properties":{"level":1016},"geometry":{"type":"LineString","coordinates":[[-84.13,80.0],[-83.68,80.0],[-84.13,80.0]]}},{"type":"Feature","properties":{"level":1016},"geometry":{"type":"LineString","coordinates":[[-81.71,80.0],[-81.5,79.84],[-81.25,80.0],[-81.71,80.0]]}},{"type":"Feature","properties":{"level":1016},"geometry":{"type":"LineString","coordinates":[[-75.5,80.47],[-75.97,80.75],[-74.63,80.75],[-75.5,80.47]]}},{"type":"Feature","properties":{"level":1016},"geometry":{"type":"LineString","coordinates":[[-81.0,82.75],[-80.7,82.75],[-81.0,82.75]]}},{"type":"Feature","properties":{"level":1016},"geometry":{"type":"LineString","coordinates":[[-78.0,82.98],[-78.17,83.0],[-77.68,83.0],[-78.0,82.98]]}},{"type":"Feature","properties":{"level":1016},"geometry":{"type":"LineString","coordinates":[[-180.0,85.89],[-172.25,85.06],[-165.75,83.93],[-161.0,82.29],[-159.47,81.5],[-158.82,80.75],[-159.07,80.25],[-161.63,78.0],[-162.9,76.25],[-162.92,74.25],[-162.18,70.75],[-162.5,69.5],[-165.57,68.5],[-164.71,67.25],[-164.62,66.0],[-165.56,65.5],[-165.25,65.25],[-165.84,64.75],[-165.33,64.25],[-165.27,63.75],[-165.84,61.0],[-165.71,60.25],[-166.57,58.0],[-166.68,57.0],[-167.08,56.75],[-167.02,56.25],[-167.75,55.67],[-168.63,54.25],[-169.53,53.5],[-171.65,50.5],[-172.7,49.5],[-178.25,46.84],[-180.0,45.71]]}},{"type":"Feature","properties":{"level":1020},"geometry":{"type":"LineString","coordinates":[[94.62,-88.5],[99.0,-88.44],[99.65,-88.25],[99.34,-87.75],[101.95,-87.25],[101.99,-87.0],[100.98,-86.5],[98.0,-86.0],[97.73,-85.75],[99.93,-84.75],[104.65,-83.5],[114.83,-81.5],[114.57,-81.25],[110.5,-81.15],[100.0,-81.68],[96.75,-81.35],[96.08,-81.0],[96.1,-80.75],[99.25,-79.96],[102.5,-79.69],[126.5,-79.6],[126.94,-79.5],[127.12,-79.0],[126.83,-78.5],[127.38,-78.0],[127.58,-77.0],[128.34,-76.75],[128.44,-76.0],[128.25,-75.76],[126.25,-75.51],[122.75,-75.92],[111.5,-76.05],[97.25,-75.37],[95.25,-75.62],[94.49,-76.25],[92.5,-77.24],[91.5,-77.37],[90.0,-77.15],[89.0,-77.59],[87.75,-77.68],[86.4,-78.25],[86.5,-78.77],[84.75,-78.58],[76.25,-79.24],[65.25,-79.22],[56.82,-78.25],[50.42,-76.0],[45.0,-74.82],[40.25,-74.7],[39.92,-74.75],[40.03,-75.0],[39.75,-75.14],[36.25,-75.81],[30.75,-75.62],[24.25,-74.87],[21.0,-74.79],[20.75,-75.0],[40.98,-77.5],[42.76,-78.25],[42.08,-79.0],[43.93,-80.0],[44.76,-80.75],[44.66,-81.5],[45.38,-82.0],[45.02,-82.25],[45.03,-82.75],[44.5,-83.25],[45.09,-83.75],[47.0,-84.55],[59.16,-86.5],[58.94,-86.75],[56.5,-86.91],[53.36,-87.5],[54.07,-87.75],[58.5,-88.12],[67.25,-88.38],[94.62,-88.5]]}},{"type":"Feature","properties":{"level":1020},"geometry":{"type":"LineString","coordinates":[[38.0,-75.79],[38.9,-75.75],[38.0,-75.79]]}},{"type":"Feature","properties":{"level":1020},"geometry":{"type":"LineString","coordinates":[[-77.15,-56.0],[-70.25,-56.22],[-63.25,-55.67],[-56.0,-54.2],[-44.29,-52.25],[-42.08,-51.0],[-40.35,-49.25],[-41.5,-47.0],[-41.39,-45.75],[-42.5,-45.13],[-42.66,-44.75],[-42.0,-44.54],[-40.5,-44.74],[-38.5,-43.73],[-36.5,-43.44],[-33.5,-42.29],[-29.04,-40.0],[-25.25,-37.57],[-22.75,-36.93],[-21.5,-37.26],[-20.5,-37.25],[-19.0,-36.9],[-18.5,-36.46],[-16.93,-36.0],[-16.47,-35.5],[-15.82,-35.25],[-15.53,-34.75],[-15.49,-33.75],[-14.87,-33.5],[-15.13,-33.25],[-14.5,-32.77],[-14.42,-32.25],[-13.75,-31.94],[-13.25,-31.38],[-12.18,-31.0],[-12.46,-30.25],[-13.12,-29.75],[-12.75,-29.57],[-7.75,-29.88],[-6.25,-29.72],[-1.0,-30.49],[2.75,-31.5],[9.0,-33.89],[13.0,-34.88],[14.54,-35.0],[14.3,-34.25],[14.5,-33.75],[12.97,-30.75],[11.78,-29.0],[7.72,-24.5],[3.75,-21.37],[1.0,-19.8],[0.0,-19.54],[-8.5,-19.14],[-12.0,-18.35],[-13.75,-18.62],[-15.64,-17.75],[-17.0,-17.42],[-18.02,-17.5],[-18.75,-17.91],[-22.75,-18.13],[-24.25,-18.51],[-25.0,-19.0],[-30.0,-19.65],[-30.5,-20.03],[-31.38,-20.25],[-33.75,-24.0],[-33.72,-26.25],[-34.5,-27.37],[-34.9,-27.5],[-34.91,-28.75],[-34.57,-29.0],[-34.75,-29.42],[-35.5,-29.9],[-38.0,-30.38],[-41.0,-30.26],[-42.5,-30.5],[-44.03,-32.25],[-45.0,-32.85],[-46.5,-36.18],[-49.29,-39.25],[-53.25,-40.07],[-55.75,-40.16],[-57.25,-39.91],[-61.75,-38.29],[-63.25,-38.07],[-66.5,-36.31],[-67.0,-35.28],[-67.75,-35.17],[-67.94,-35.5],[-69.18,-36.25],[-69.25,-36.58],[-69.75,-36.4],[-70.25,-37.04],[-70.75,-37.04],[-71.28,-37.5],[-72.14,-39.75],[-72.48,-42.25],[-72.99,-44.5],[-73.32,-45.0],[-73.2,-45.25],[-73.75,-46.12],[-74.75,-46.17],[-75.5,-46.49],[-76.28,-45.5],[-76.44,-44.75],[-79.5,-41.72],[-81.36,-39.25],[-82.28,-37.0],[-82.7,-32.5],[-84.25,-29.76],[-84.96,-29.25],[-85.68,-28.25],[-87.0,-27.21],[-87.5,-27.14],[-88.5,-25.89],[-89.0,-25.79],[-89.75,-26.04],[-90.5,-25.35],[-91.0,-25.55],[-91.75,-25.23],[-92.0,-25.56],[-92.25,-25.39],[-92.75,-25.63],[-93.75,-25.43],[-94.5,-25.93],[-95.0,-25.67],[-96.0,-26.4],[-96.95,-26.5],[-97.85,-27.75],[-98.0,-28.84],[-98.75,-28.94],[-99.06,-29.5],[-99.27,-30.5],[-99.13,-30.75],[-100.05,-32.75],[-100.15,-34.75],[-99.87,-35.75],[-100.08,-37.0],[-99.78,-38.25],[-99.85,-39.5],[-99.06,-42.25],[-96.51,-47.25],[-94.75,-49.31],[-93.03,-50.75],[-89.0,-52.94],[-82.75,-54.96],[-77.15,-56.0]]}},{"type":"Feature","properties":{"level":1020},"geometry":{"type":"LineString","coordinates":[[-180.0,-53.79],[-175.6,-52.25],[-171.28,-50.0],[-170.44,-49.0],[-170.28,-47.75],[-169.09,-47.0],[-167.75,-46.65],[-161.25,-46.33],[-155.75,-45.78],[-153.0,-45.16],[-149.25,-43.7],[-147.75,-42.87],[-144.53,-39.75],[-139.0,-35.49],[-136.5,-33.0],[-134.5,-31.44],[-133.17,-30.75],[-132.42,-29.5],[-132.83,-28.25],[-134.25,-26.84],[-137.75,-25.07],[-140.5,-24.62],[-142.0,-23.99],[-146.75,-23.5],[-147.25,-23.26],[-147.75,-23.39],[-148.75,-22.96],[-153.5,-22.7],[-159.25,-23.23],[-160.75,-22.71],[-165.5,-23.0],[-167.5,-22.72],[-168.5,-22.95],[-169.75,-22.9],[-170.75,-22.52],[-171.5,-23.1],[-172.75,-23.36],[-173.5,-24.06],[-174.0,-24.03],[-174.75,-24.65],[-176.0,-24.45],[-176.25,-24.69],[-177.0,-24.7],[-177.25,-24.48],[-177.75,-24.86],[-178.25,-24.68],[-178.5,-25.13],[-180.0,-24.86]]}},{"type":"Feature","properties":{"level":1020},"geometry":{"type":"LineString","coordinates":[[44.08,-51.75],[47.5,-51.76],[51.5,-51.42],[65.25,-48.75],[72.25,-48.4],[80.5,-47.52],[83.75,-46.79],[88.89,-44.75],[95.25,-41.26],[104.22,-34.25],[107.36,-32.5],[109.01,-30.75],[109.84,-29.5],[109.75,-28.5],[110.03,-28.0],[109.5,-26.45],[108.36,-24.75],[108.57,-23.75],[107.39,-21.25],[107.38,-20.25],[106.25,-19.65],[105.8,-19.0],[105.25,-18.87],[104.75,-18.4],[103.5,-18.17],[102.25,-17.5],[101.75,-17.54],[99.0,-16.5],[98.25,-16.36],[96.75,-16.55],[92.0,-15.86],[90.25,-16.32],[85.75,-16.5],[84.5,-16.2],[83.25,-16.56],[82.0,-16.33],[76.0,-17.77],[73.0,-17.89],[69.75,-18.49],[68.0,-18.17],[67.26,-18.5],[67.0,-19.0],[66.75,-18.71],[66.74,-19.0],[65.25,-19.84],[65.0,-20.54],[64.5,-20.29],[64.0,-20.89],[63.5,-20.58],[60.75,-20.76],[59.5,-21.16],[57.75,-21.29],[57.0,-20.94],[56.25,-21.18],[55.25,-20.67],[55.02,-21.0],[55.16,-21.25],[54.5,-21.34],[53.5,-20.6],[52.75,-20.98],[51.0,-20.76],[50.5,-21.25],[50.0,-20.87],[49.14,-21.5],[48.3,-25.25],[47.75,-26.19],[46.25,-27.55],[45.5,-28.6],[45.0,-28.67],[43.11,-29.75],[40.5,-31.53],[39.79,-32.5],[40.41,-34.0],[40.0,-34.32],[39.79,-33.25],[39.52,-33.0],[39.66,-32.5],[39.0,-32.01],[38.25,-30.72],[37.99,-30.75],[38.0,-31.61],[36.5,-29.64],[35.5,-28.9],[34.75,-28.84],[33.75,-29.13],[32.91,-29.0],[33.42,-27.5],[32.86,-25.25],[31.82,-23.0],[30.57,-22.25],[30.5,-21.9],[30.33,-22.0],[30.48,-22.5],[29.5,-22.5],[28.97,-22.75],[28.77,-23.0],[28.96,-23.5],[28.0,-23.71],[27.73,-24.25],[28.25,-24.61],[28.75,-24.4],[29.51,-24.5],[29.5,-25.31],[29.25,-25.47],[28.82,-25.25],[28.34,-25.75],[28.4,-27.0],[27.72,-28.25],[28.32,-29.0],[28.0,-29.55],[28.5,-29.84],[28.58,-29.5],[29.04,-29.25],[28.83,-30.0],[28.1,-30.5],[28.0,-31.0],[26.7,-31.5],[26.98,-31.75],[26.73,-32.25],[27.0,-32.32],[27.33,-32.25],[27.03,-31.75],[27.25,-31.69],[27.75,-32.09],[29.0,-32.07],[29.25,-31.86],[29.5,-32.0],[26.75,-34.82],[25.5,-35.37],[25.05,-36.0],[24.97,-37.5],[24.0,-37.59],[23.25,-37.93],[22.98,-38.5],[23.17,-39.25],[25.24,-41.5],[29.06,-44.75],[32.25,-47.2],[36.23,-49.75],[38.25,-50.83],[40.5,-51.46],[44.08,-51.75]]}},{"type":"Feature","properties":{"level":1020},"geometry":{"type":"LineString","coordinates":[[44.25,-38.34],[44.05,-38.0],[43.5,-37.79],[43.25,-38.19],[42.75,-37.43],[42.5,-37.44],[42.34,-37.25],[42.58,-37.0],[41.75,-35.66],[43.5,-36.69],[44.25,-37.92],[44.52,-38.0],[44.5,-38.4],[44.25,-38.34]]}},{"type":"Feature","properties":{"level":1020},"geometry":{"type":"LineString","coordinates":[[42.0,-36.93],[42.0,-36.67],[42.0,-36.93]]}},{"type":"Feature","properties":{"level":1020},"geometry":{"type":"LineString","coordinates":[[-69.85,-34.5],[-69.75,-34.7],[-69.31,-34.0],[-69.33,-33.0],[-69.98,-32.0],[-69.88,-30.75],[-69.62,-30.5],[-69.28,-28.75],[-68.16,-27.25],[-68.23,-26.25],[-68.5,-26.05],[-70.47,-29.5],[-70.44,-31.0],[-70.69,-31.25],[-69.85,-34.5]]}},{"type":"Feature","properties":{"level":1020},"geometry":{"type":"LineString","coordinates":[[-175.5,-33.59],[-175.51,-33.25],[-175.17,-33.25],[-175.04,-33.5],[-175.5,-33.59]]}},{"type":"Feature","properties":{"level":1020},"geometry":{"type":"LineString","coordinates":[[180.0,-24.86],[179.25,-24.7],[177.5,-25.36],[176.95,-25.75],[176.63,-26.5],[176.0,-27.05],[175.25,-26.63],[174.75,-26.68],[174.03,-27.0],[173.71,-27.5],[174.7,-29.0],[175.81,-33.0],[175.73,-35.0],[175.32,-36.5],[175.79,-37.0],[175.99,-37.75],[177.5,-38.11],[178.11,-37.75],[178.0,-38.31],[176.5,-39.23],[175.75,-40.03],[175.0,-39.91],[173.5,-39.17],[172.93,-39.25],[171.94,-40.25],[172.41,-40.75],[172.25,-40.97],[170.86,-41.25],[169.83,-41.75],[169.36,-42.25],[168.5,-42.52],[165.75,-42.58],[164.75,-42.35],[163.25,-41.54],[162.58,-40.5],[162.07,-39.0],[162.33,-37.5],[163.77,-34.0],[163.88,-33.0],[164.41,-32.5],[164.73,-31.25],[165.61,-29.5],[165.0,-27.66],[164.19,-27.25],[165.04,-26.5],[164.64,-26.0],[164.75,-25.47],[164.0,-25.22],[162.5,-23.83],[158.75,-22.25],[155.5,-21.38],[152.5,-21.06],[148.75,-20.06],[148.36,-21.5],[146.25,-22.24],[145.84,-22.75],[145.8,-23.75],[146.25,-24.5],[146.24,-25.25],[146.46,-25.5],[146.16,-26.25],[146.16,-27.25],[144.98,-29.0],[143.0,-30.36],[142.26,-30.5],[142.14,-31.0],[141.5,-31.35],[140.76,-34.75],[141.22,-37.25],[141.75,-37.95],[142.16,-38.0],[142.24,-39.25],[142.89,-41.0],[145.43,-45.5],[149.04,-49.25],[152.25,-51.14],[155.25,-52.36],[159.0,-53.5],[162.0,-54.15],[167.0,-54.75],[174.25,-54.7],[180.0,-53.79]]}},{"type":"Feature","properties":{"level":1020},"geometry":{"type":"LineString","coordinates":[[46.88,-24.25],[47.05,-24.25],[47.18,-23.5],[46.5,-23.07],[46.25,-23.75],[46.88,-24.25]]}},{"type":"Feature","properties":{"level":1020},"geometry":{"type":"LineString","coordinates":[[-67.81,-24.0],[-67.46,-24.0],[-67.15,-23.5],[-67.57,-22.25],[-68.0,-21.86],[-68.28,-22.0],[-67.81,-24.0]]}},{"type":"Feature","properties":{"level":1020},"geometry":{"type":"LineString","coordinates":[[46.94,-22.25],[47.5,-21.67],[47.75,-21.75],[47.88,-21.25],[48.41,-20.75],[48.6,-19.25],[49.2,-18.0],[49.48,-15.5],[49.78,-15.0],[49.5,-14.54],[48.9,-15.25],[49.0,-15.95],[48.0,-16.44],[47.75,-17.17],[47.49,-17.25],[47.5,-18.1],[47.17,-18.0],[47.51,-19.25],[47.0,-19.12],[46.61,-20.0],[46.96,-20.25],[46.5,-20.5],[46.97,-21.75],[46.94,-22.25]]}},{"type":"Feature","properties":{"level":1020},"geometry":{"type":"LineString","coordinates":[[29.98,-21.5],[30.25,-21.4],[30.41,-20.75],[30.0,-20.16],[29.5,-19.98],[29.33,-20.25],[29.61,-20.75],[29.46,-21.0],[29.98,-21.5]]}},{"type":"Feature","properties":{"level":1020},"geometry":{"type":"LineString","coordinates":[[54.28,-21.0],[54.61,-21.0],[54.28,-21.0]]}},{"type":"Feature","properties":{"level":1020},"geometry":{"type":"LineString","coordinates":[[-74.99,-13.0],[-74.75,-13.21],[-74.54,-12.75],[-74.92,-12.5],[-75.14,-11.75],[-75.75,-11.71],[-76.07,-10.75],[-76.63,-10.75],[-76.61,-11.25],[-75.98,-12.25],[-74.99,-13.0]]}},{"type":"Feature","properties":{"level":1020},"geometry":{"type":"LineString","coordinates":[[38.69,6.75],[40.02,6.75],[40.21,7.0],[39.75,7.35],[39.49,7.25],[39.4,7.5],[39.68,8.0],[39.25,7.98],[38.69,6.75]]}},{"type":"Feature","properties":{"level":1020},"geometry":{"type":"LineString","coordinates":[[39.43,10.25],[39.5,10.03],[39.75,10.05],[39.8,10.5],[39.52,12.0],[39.25,12.31],[38.91,11.75],[39.46,11.5],[38.82,11.0],[39.43,10.25]]}},{"type":"Feature","properties":{"level":1020},"geometry":{"type":"LineString","coordinates":[[103.36,22.75],[103.5,22.57],[103.5,23.05],[104.5,22.85],[105.0,23.27],[105.42,23.25],[105.77,23.5],[106.0,24.43],[106.25,24.61],[106.75,24.46],[108.25,25.3],[109.75,25.35],[110.25,24.48],[110.75,24.65],[113.75,23.93],[115.5,23.97],[116.25,24.39],[116.75,24.13],[117.5,24.14],[120.0,25.84],[122.5,26.39],[123.92,27.25],[125.5,28.75],[126.25,28.94],[126.75,29.97],[128.25,30.77],[130.0,31.14],[130.55,30.25],[130.75,30.79],[132.5,31.9],[133.5,32.15],[135.25,33.75],[135.75,33.71],[137.75,34.54],[138.75,34.19],[140.75,34.03],[141.5,34.31],[142.75,33.81],[143.75,33.71],[145.0,34.14],[146.25,35.02],[147.68,35.5],[150.77,38.25],[150.76,38.75],[151.21,39.75],[151.15,40.5],[151.8,42.0],[151.04,43.0],[150.77,44.0],[149.75,44.54],[147.5,44.4],[146.75,44.09],[144.25,44.36],[143.91,44.25],[143.41,43.5],[143.0,43.36],[143.0,43.75],[142.5,44.54],[141.5,43.89],[140.0,43.66],[139.5,43.96],[139.0,43.8],[138.0,44.23],[136.25,44.38],[135.75,44.73],[135.5,44.47],[134.96,44.5],[134.95,44.75],[135.29,45.0],[134.86,45.25],[135.0,45.42],[135.75,45.17],[136.47,45.5],[136.13,45.75],[136.25,45.85],[137.55,46.5],[137.15,46.75],[137.21,47.25],[136.67,48.0],[136.71,48.5],[135.25,48.51],[133.91,49.25],[133.93,50.25],[134.4,50.75],[134.1,51.0],[134.42,51.5],[134.19,52.0],[134.3,52.25],[133.27,52.75],[133.42,53.0],[133.25,53.22],[131.75,53.51],[131.51,53.75],[131.56,54.0],[131.14,54.5],[131.5,55.16],[130.81,55.25],[131.27,55.5],[130.5,55.74],[130.5,56.03],[129.76,56.5],[129.96,56.75],[129.67,57.25],[129.15,57.5],[129.92,58.0],[129.68,58.5],[128.25,58.94],[121.09,62.75],[117.25,63.93],[114.5,64.47],[112.75,64.56],[109.79,64.0],[109.36,63.0],[108.47,62.0],[108.33,61.5],[108.56,60.5],[108.38,60.0],[108.59,59.5],[108.3,59.25],[108.35,59.0],[108.83,58.75],[109.12,57.75],[109.54,57.5],[109.0,57.62],[109.03,57.25],[108.75,57.29],[108.37,56.75],[108.25,55.89],[106.7,55.25],[106.84,54.75],[106.5,54.62],[105.5,55.35],[104.0,55.46],[103.5,55.28],[102.5,56.02],[101.0,56.66],[99.25,56.73],[94.75,55.7],[91.25,55.74],[89.0,55.31],[87.0,55.28],[85.6,54.75],[84.0,53.49],[79.0,51.78],[77.0,51.35],[67.5,50.74],[58.75,50.75],[54.0,51.37],[52.65,51.75],[51.5,52.46],[49.0,53.06],[47.5,54.27],[44.77,55.5],[40.25,56.42],[38.5,57.17],[32.75,57.81],[29.0,57.25],[28.27,56.5],[28.17,55.5],[25.5,54.41],[24.0,53.11],[23.8,51.5],[24.49,50.0],[24.46,49.75],[23.89,49.5],[24.0,49.15],[22.5,49.52],[20.0,49.66],[18.53,49.25],[18.61,48.5],[19.5,48.09],[20.5,48.04],[22.0,48.77],[22.97,48.0],[22.59,47.25],[22.08,47.0],[21.19,46.0],[20.99,45.25],[20.0,44.48],[19.39,44.75],[19.78,45.0],[19.25,45.28],[17.75,44.97],[15.75,45.68],[14.82,47.0],[15.13,47.25],[14.0,47.41],[13.0,47.1],[10.5,47.11],[8.0,46.56],[7.75,46.1],[6.96,45.75],[6.6,45.0],[6.93,44.5],[7.5,44.23],[8.04,44.5],[7.5,44.55],[7.5,45.09],[8.5,45.81],[11.0,45.51],[12.75,45.63],[13.5,45.33],[14.5,44.57],[15.25,43.61],[17.0,42.5],[17.54,41.25],[17.43,41.0],[16.75,40.78],[15.5,41.17],[13.5,42.86],[12.98,43.0],[12.8,42.5],[13.0,41.64],[13.5,41.23],[14.33,41.0],[15.0,40.04],[15.75,39.64],[16.07,38.75],[15.99,38.5],[15.25,38.15],[13.16,38.0],[13.16,37.5],[14.08,37.0],[14.62,35.75],[14.37,32.75],[11.4,31.75],[11.21,31.5],[12.25,29.65],[13.5,29.25],[14.0,27.95],[16.0,27.66],[16.07,27.0],[16.47,26.5],[16.4,26.0],[16.75,25.74],[18.75,25.93],[19.0,26.28],[20.75,27.08],[22.25,27.29],[23.5,26.98],[24.0,26.2],[24.75,26.37],[25.5,25.77],[26.25,26.57],[26.17,27.25],[26.53,27.75],[28.0,27.87],[31.0,30.0],[31.82,31.5],[35.5,36.04],[35.75,35.98],[35.9,35.0],[36.14,34.75],[35.6,34.0],[35.57,33.25],[36.5,32.99],[36.75,32.3],[37.75,32.28],[38.25,32.56],[39.25,31.84],[40.0,31.65],[40.0,31.31],[39.37,30.75],[39.75,30.61],[40.0,30.04],[40.4,30.0],[40.13,29.5],[40.75,29.54],[41.0,28.98],[41.75,28.49],[42.58,29.0],[42.88,29.75],[42.46,30.0],[43.58,31.0],[43.64,31.75],[43.34,32.75],[43.54,33.5],[42.95,34.5],[43.5,34.58],[43.92,35.0],[44.0,35.54],[45.25,35.06],[45.98,35.25],[46.03,34.0],[46.79,33.25],[48.0,33.51],[48.21,33.0],[48.88,33.0],[49.79,32.25],[50.25,31.04],[51.5,30.29],[52.23,29.0],[52.75,28.68],[53.75,28.98],[55.0,28.57],[56.0,28.85],[57.0,28.41],[57.25,28.84],[57.75,28.98],[58.37,28.5],[57.25,30.78],[56.0,31.77],[55.84,31.75],[56.54,30.75],[56.32,30.25],[55.05,30.75],[53.82,32.25],[53.24,32.5],[53.0,33.43],[52.15,33.5],[50.29,35.0],[50.94,35.25],[50.87,35.5],[51.25,35.64],[52.5,35.31],[53.5,35.48],[54.5,35.21],[56.25,35.66],[57.25,35.11],[58.27,35.25],[58.76,35.0],[59.14,34.25],[58.23,34.25],[59.03,33.25],[58.87,33.0],[59.33,32.0],[60.0,31.64],[60.34,32.0],[60.27,32.25],[60.66,32.5],[61.0,33.85],[63.34,33.25],[64.0,32.62],[64.75,32.91],[65.25,32.83],[65.5,33.14],[66.16,32.75],[66.25,32.38],[67.75,32.85],[68.25,33.27],[68.65,33.25],[68.54,32.75],[67.92,32.25],[67.66,31.5],[66.97,31.0],[67.25,30.97],[67.45,30.5],[67.75,30.39],[68.06,30.5],[67.64,30.75],[68.5,31.25],[68.11,32.0],[68.5,32.13],[69.75,33.81],[70.54,34.0],[70.0,34.1],[69.53,34.5],[69.54,34.75],[71.5,35.22],[73.0,35.03],[74.42,33.5],[75.25,33.31],[75.75,32.76],[76.09,32.75],[77.75,31.12],[79.5,30.15],[81.42,29.5],[82.0,28.87],[83.0,28.39],[84.5,28.3],[86.5,27.44],[87.0,27.32],[87.25,27.54],[88.0,27.01],[88.5,27.38],[89.75,26.93],[91.25,27.15],[92.0,26.97],[93.0,27.57],[93.25,27.25],[93.5,27.35],[93.9,27.75],[93.85,28.0],[94.75,28.61],[95.75,28.41],[96.41,28.0],[96.75,27.29],[97.17,27.0],[97.25,27.61],[98.0,27.51],[98.29,26.0],[97.94,25.25],[98.0,24.84],[98.5,24.74],[98.75,24.22],[99.25,24.45],[99.75,24.08],[100.19,24.25],[100.5,24.72],[101.5,24.9],[101.28,26.25],[101.0,26.11],[101.0,26.45],[102.5,26.74],[102.75,27.07],[103.14,26.5],[103.0,26.26],[102.75,26.41],[102.25,25.66],[102.75,25.63],[103.0,25.28],[103.25,25.4],[103.68,25.0],[103.25,24.55],[102.24,24.5],[103.36,22.75]]}},{"type":"Feature","properties":{"level":1020},"geometry":{"type":"LineString","coordinates":[[121.24,23.25],[121.88,24.5],[121.75,25.02],[121.28,24.5],[121.06,23.5],[121.24,23.25]]}},{"type":"Feature","properties":{"level":1020},"geometry":{"type":"LineString","coordinates":[[-30.87,26.75],[-30.0,26.59],[-25.0,27.04],[-19.75,28.62],[-16.75,30.38],[-14.6,32.25],[-13.46,33.75],[-12.7,35.5],[-12.6,37.0],[-10.75,40.26],[-8.75,41.98],[-7.5,41.67],[-6.0,42.15],[-5.5,42.67],[-3.93,43.25],[-4.54,43.75],[-4.89,44.5],[-4.86,45.25],[-4.5,46.0],[-3.0,47.29],[0.0,48.85],[0.62,49.5],[1.55,50.0],[2.76,51.25],[4.33,53.75],[3.89,55.25],[0.5,56.77],[-1.72,57.25],[-4.05,58.25],[-8.57,59.0],[-12.3,57.25],[-13.4,55.5],[-14.75,54.26],[-16.5,53.81],[-20.5,53.34],[-25.41,52.0],[-29.25,50.07],[-33.59,47.25],[-36.38,44.75],[-39.0,41.39],[-41.5,40.16],[-43.0,38.83],[-43.17,37.25],[-43.51,36.5],[-43.24,34.75],[-43.59,34.0],[-43.18,33.5],[-43.28,33.0],[-41.25,33.27],[-40.5,32.27],[-39.0,31.87],[-36.2,30.5],[-34.5,28.22],[-33.5,28.06],[-30.87,26.75]]}},{"type":"Feature","properties":{"level":1020},"geometry":{"type":"LineString","coordinates":[[104.25,27.92],[102.95,30.0],[103.68,31.0],[105.23,32.25],[105.4,32.75],[105.86,32.75],[106.25,32.11],[108.93,31.0],[107.0,28.74],[106.36,28.5],[106.31,28.0],[106.0,27.88],[105.75,28.14],[104.75,27.8],[104.25,27.92]]}},{"type":"Feature","properties":{"level":1020},"geometry":{"type":"LineString","coordinates":[[60.92,28.5],[61.22,28.75],[61.03,29.25],[60.25,29.69],[60.14,29.5],[60.92,28.5]]}},{"type":"Feature","properties":{"level":1020},"geometry":{"type":"LineString","coordinates":[[-17.88,28.75],[-17.63,28.75],[-17.75,28.91],[-17.88,28.75]]}},{"type":"Feature","properties":{"level":1020},"geometry":{"type":"LineString","coordinates":[[88.5,28.97],[87.55,29.25],[88.25,29.46],[89.29,29.25],[88.5,28.97]]}},{"type":"Feature","properties":{"level":1020},"geometry":{"type":"LineString","coordinates":[[-180.0,29.4],[-176.16,31.25],[-175.25,31.84],[-174.0,33.13],[-169.5,36.19],[-164.18,38.5],[-163.33,39.25],[-161.5,39.93],[-159.0,41.7],[-158.5,41.52],[-157.75,42.29],[-155.5,43.07],[-155.0,43.64],[-154.25,43.73],[-153.75,44.47],[-152.5,45.44],[-150.0,46.49],[-149.58,47.0],[-148.75,46.89],[-147.0,47.71],[-145.25,47.42],[-144.25,47.64],[-143.5,47.29],[-143.0,47.45],[-141.25,47.32],[-140.71,47.0],[-144.8,43.0],[-145.69,41.75],[-146.08,40.25],[-145.75,38.71],[-145.25,38.36],[-143.0,37.68],[-141.0,37.53],[-140.25,37.25],[-139.0,37.34],[-138.25,36.81],[-137.0,36.93],[-135.25,37.69],[-134.5,38.38],[-133.75,38.59],[-132.75,39.28],[-130.71,41.25],[-126.53,46.0],[-126.01,47.5],[-126.59,49.0],[-126.65,49.75],[-127.25,50.5],[-126.5,50.81],[-125.65,50.75],[-125.52,51.25],[-125.75,51.55],[-126.0,51.33],[-127.19,51.5],[-126.69,51.75],[-127.47,52.0],[-126.75,52.87],[-126.69,53.5],[-128.11,53.75],[-127.88,55.0],[-128.08,55.25],[-127.23,55.75],[-127.48,56.0],[-127.07,56.5],[-127.75,56.92],[-129.25,57.18],[-130.25,57.78],[-131.0,57.62],[-131.5,58.12],[-132.25,58.1],[-133.06,58.75],[-133.0,59.11],[-135.01,58.5],[-134.38,58.25],[-134.32,57.75],[-133.95,57.5],[-134.07,57.0],[-133.59,57.0],[-133.67,56.75],[-134.5,56.8],[-134.47,57.5],[-134.75,57.73],[-135.0,57.5],[-134.83,57.0],[-135.56,57.25],[-136.25,56.57],[-138.5,55.46],[-143.75,55.03],[-146.75,53.79],[-150.5,53.08],[-153.0,52.88],[-155.36,53.0],[-156.25,53.47],[-156.75,54.38],[-159.0,54.73],[-160.48,55.5],[-160.34,56.0],[-160.5,56.32],[-162.0,56.81],[-163.94,55.75],[-163.4,55.5],[-164.06,55.25],[-163.49,55.0],[-164.25,54.96],[-165.02,54.5],[-165.45,53.75],[-168.25,51.89],[-171.26,49.25],[-176.75,46.39],[-180.0,44.19]]}},{"type":"Feature","properties":{"level":1020},"geometry":{"type":"LineString","coordinates":[[54.5,29.95],[54.08,30.5],[53.24,31.0],[53.35,31.25],[53.75,31.24],[54.44,30.75],[54.81,30.0],[54.5,29.95]]}},{"type":"Feature","properties":{"level":1020},"geometry":{"type":"LineString","coordinates":[[85.0,30.49],[83.86,31.0],[83.75,31.63],[84.25,31.67],[85.25,31.2],[85.75,31.48],[86.0,31.24],[86.21,30.75],[86.0,30.46],[85.0,30.49]]}},{"type":"Feature","properties":{"level":1020},"geometry":{"type":"LineString","coordinates":[[86.5,30.73],[86.33,31.0],[86.59,31.5],[86.33,32.25],[86.75,32.95],[87.01,32.25],[87.5,32.13],[90.25,32.6],[90.61,33.0],[90.32,33.25],[90.5,33.36],[91.41,33.0],[91.08,31.75],[91.21,31.5],[90.81,31.0],[90.99,30.75],[90.75,30.62],[90.5,30.55],[90.25,30.94],[89.0,30.87],[88.75,30.62],[88.31,31.0],[88.67,31.25],[88.25,31.58],[87.5,31.5],[87.3,31.0],[86.75,31.09],[86.5,30.73]]}},{"type":"Feature","properties":{"level":1020},"geometry":{"type":"LineString","coordinates":[[84.0,31.9],[83.75,32.39],[85.25,32.25],[85.44,32.0],[84.75,31.89],[84.5,32.09],[84.0,31.9]]}},{"type":"Feature","properties":{"level":1020},"geometry":{"type":"LineString","coordinates":[[41.5,32.16],[41.27,32.5],[41.5,32.7],[41.79,32.5],[41.5,32.16]]}},{"type":"Feature","properties":{"level":1020},"geometry":{"type":"LineString","coordinates":[[82.0,32.23],[81.91,32.5],[82.5,32.98],[83.5,32.5],[82.0,32.23]]}},{"type":"Feature","properties":{"level":1020},"geometry":{"type":"LineString","coordinates":[[92.75,32.98],[91.75,33.22],[91.37,33.75],[92.1,34.0],[91.25,34.5],[91.5,35.03],[92.0,34.81],[92.27,35.0],[92.0,35.25],[93.0,35.44],[93.25,35.29],[93.75,35.6],[94.75,35.38],[96.0,35.81],[96.4,36.25],[95.75,36.33],[95.0,36.82],[94.5,36.48],[93.58,36.75],[93.42,37.25],[93.65,37.75],[93.2,38.5],[93.25,38.88],[93.5,38.94],[94.5,38.28],[95.19,38.5],[95.0,39.02],[96.5,38.46],[97.25,38.79],[98.25,38.62],[98.73,38.25],[98.17,38.0],[98.25,37.33],[99.5,36.89],[100.25,37.17],[100.66,36.75],[100.5,36.5],[101.11,36.25],[100.5,35.84],[99.75,35.85],[98.5,36.59],[98.25,36.55],[98.0,35.93],[97.5,35.76],[97.25,36.18],[96.75,36.13],[96.58,36.0],[96.75,35.68],[97.0,35.78],[97.49,35.5],[97.29,35.25],[97.42,35.0],[97.0,34.88],[96.25,35.38],[96.01,35.25],[96.18,35.0],[96.0,34.89],[95.5,35.11],[95.25,34.7],[95.0,34.83],[94.57,34.5],[94.5,34.22],[93.85,34.25],[93.09,33.0],[92.75,32.98]]}},{"type":"Feature","properties":{"level":1020},"geometry":{"type":"LineString","coordinates":[[108.25,34.22],[108.07,34.25],[108.25,34.48],[110.25,34.88],[109.0,34.17],[108.25,34.22]]}},{"type":"Feature","properties":{"level":1020},"geometry":{"type":"LineString","coordinates":[[6.02,35.25],[6.5,35.07],[7.38,35.25],[6.25,35.53],[5.98,35.5],[6.02,35.25]]}},{"type":"Feature","properties":{"level":1020},"geometry":{"type":"LineString","coordinates":[[103.0,35.72],[102.93,36.5],[103.25,36.37],[104.8,36.75],[104.87,36.5],[104.25,36.31],[103.75,35.63],[103.0,35.72]]}},{"type":"Feature","properties":{"level":1020},"geometry":{"type":"LineString","coordinates":[[114.25,35.74],[113.75,35.99],[114.0,37.5],[113.56,38.5],[114.22,39.25],[114.35,39.75],[113.51,40.0],[113.74,40.25],[113.61,40.5],[113.22,40.5],[113.47,40.0],[113.0,39.71],[112.75,40.0],[112.88,40.25],[112.5,40.51],[112.25,40.32],[110.76,38.0],[110.75,37.65],[109.0,37.03],[107.92,37.25],[106.75,36.19],[106.5,36.66],[106.0,36.5],[105.45,36.75],[105.26,37.5],[105.5,38.4],[104.68,38.5],[104.25,38.95],[103.75,38.91],[103.59,39.25],[103.06,39.5],[103.75,39.74],[104.13,40.25],[104.0,40.41],[103.15,40.5],[102.75,40.93],[101.25,40.98],[100.0,41.96],[99.43,42.0],[99.17,42.5],[98.59,42.75],[98.88,43.0],[98.28,44.0],[98.55,44.25],[97.84,44.75],[97.69,45.0],[97.9,45.25],[97.25,45.36],[96.66,46.0],[97.64,46.0],[97.15,46.25],[97.25,46.65],[98.5,46.64],[99.0,46.89],[102.0,46.39],[103.25,47.0],[103.5,47.39],[104.0,47.19],[104.25,46.8],[104.58,47.5],[104.11,47.75],[104.45,48.0],[103.39,48.25],[104.02,48.75],[103.15,49.0],[103.42,49.5],[104.0,50.04],[104.25,49.95],[104.41,50.25],[105.3,50.5],[104.82,50.75],[105.0,51.07],[105.5,51.19],[106.0,50.97],[106.25,51.27],[107.17,51.5],[106.69,51.75],[106.5,52.14],[105.75,51.8],[105.49,52.0],[109.5,55.0],[109.63,54.25],[108.86,53.5],[109.05,53.0],[108.33,52.0],[111.1,51.25],[111.03,51.0],[111.8,50.25],[111.0,49.87],[110.5,50.21],[109.75,50.2],[109.91,50.5],[109.5,50.66],[108.5,50.25],[108.75,50.23],[108.75,49.87],[107.92,49.25],[108.25,48.5],[107.75,48.44],[107.5,48.15],[106.75,48.57],[106.28,48.0],[107.25,47.81],[108.0,47.94],[108.13,47.75],[107.2,46.75],[107.65,46.5],[108.5,46.51],[109.0,46.12],[109.14,46.0],[108.84,45.5],[109.0,45.29],[110.5,45.56],[110.51,45.25],[111.0,44.96],[112.5,45.43],[113.75,45.24],[114.0,44.92],[115.5,45.09],[116.0,45.8],[117.52,46.75],[117.78,47.25],[120.5,48.36],[120.79,48.0],[120.73,47.5],[120.55,47.0],[120.13,46.75],[119.91,45.75],[120.5,45.57],[121.0,45.08],[125.0,46.58],[128.0,46.87],[128.45,46.5],[127.98,46.0],[128.5,45.54],[129.25,45.72],[130.41,45.0],[130.5,44.57],[130.66,45.0],[131.0,45.1],[131.43,44.75],[131.25,44.21],[131.12,44.5],[130.75,44.57],[130.5,44.25],[129.75,44.25],[129.75,44.87],[129.0,44.56],[128.75,44.09],[127.25,43.99],[126.63,43.25],[126.88,42.75],[126.5,42.39],[124.75,41.89],[120.75,39.27],[118.5,38.68],[116.13,37.25],[114.25,35.74]]}},{"type":"Feature","properties":{"level":1020},"geometry":{"type":"LineString","coordinates":[[-63.29,36.0],[-62.25,36.46],[-61.5,36.43],[-61.0,36.02],[-60.25,36.23],[-60.0,35.98],[-59.0,36.5],[-58.75,36.31],[-58.5,36.61],[-58.25,36.27],[-58.0,36.8],[-57.0,36.83],[-56.5,37.27],[-55.75,36.88],[-55.58,37.25],[-55.72,37.75],[-54.5,37.66],[-54.25,37.44],[-53.75,37.78],[-53.5,37.5],[-53.25,37.66],[-53.0,37.33],[-52.75,37.39],[-51.89,38.25],[-51.5,39.51],[-51.25,39.63],[-50.75,39.38],[-50.25,39.94],[-49.4,40.0],[-49.25,40.84],[-48.25,41.06],[-48.01,40.75],[-48.2,40.5],[-48.0,40.43],[-47.95,40.75],[-47.5,40.9],[-47.0,40.69],[-46.5,41.1],[-45.75,41.06],[-44.3,42.0],[-43.39,43.5],[-44.25,43.75],[-46.0,43.15],[-47.5,43.37],[-51.5,43.29],[-53.25,44.11],[-59.25,44.73],[-63.5,43.68],[-65.25,43.87],[-66.0,42.99],[-68.99,41.25],[-69.49,40.5],[-69.32,39.5],[-71.45,39.0],[-70.29,38.0],[-68.0,37.18],[-67.5,36.74],[-66.25,36.84],[-63.29,36.0]]}},{"type":"Feature","properties":{"level":1020},"geometry":{"type":"LineString","coordinates":[[81.0,36.0],[78.5,36.34],[78.32,36.5],[78.47,36.75],[78.0,36.97],[76.75,36.92],[76.53,37.0],[76.5,37.36],[76.0,37.04],[75.75,37.46],[75.25,37.46],[75.0,38.05],[75.5,37.94],[76.31,38.25],[74.87,39.5],[75.0,39.75],[79.25,40.87],[79.52,41.0],[79.17,41.25],[79.5,41.56],[81.5,41.62],[82.25,41.95],[85.0,42.01],[85.75,41.75],[86.5,40.69],[87.5,40.49],[88.0,40.83],[88.75,40.58],[87.5,39.89],[87.25,40.02],[87.1,39.75],[87.25,39.41],[88.0,39.66],[88.1,39.5],[88.14,39.0],[87.71,38.5],[83.75,36.69],[82.5,36.58],[81.0,36.0]]}},{"type":"Feature","properties":{"level":1020},"geometry":{"type":"LineString","coordinates":[[15.5,37.54],[15.5,37.91],[15.65,37.75],[15.5,37.54]]}},{"type":"Feature","properties":{"level":1020},"geometry":{"type":"LineString","coordinates":[[16.5,38.04],[16.58,38.75],[16.97,39.25],[16.4,39.75],[16.4,40.5],[16.5,40.74],[17.0,40.74],[17.75,40.32],[18.06,39.75],[17.75,38.73],[16.5,38.04]]}},{"type":"Feature","properties":{"level":1020},"geometry":{"type":"LineString","coordinates":[[94.0,39.73],[92.5,39.81],[91.23,40.25],[92.0,40.96],[93.5,40.87],[94.0,40.48],[96.26,40.25],[94.0,39.73]]}},{"type":"Feature","properties":{"level":1020},"geometry":{"type":"LineString","coordinates":[[111.39,41.0],[112.5,40.75],[112.7,41.0],[112.25,41.31],[111.39,41.0]]}},{"type":"Feature","properties":{"level":1020},"geometry":{"type":"LineString","coordinates":[[-48.5,41.13],[-48.5,41.39],[-48.5,41.13]]}},{"type":"Feature","properties":{"level":1020},"geometry":{"type":"LineString","coordinates":[[-49.0,41.93],[-48.85,42.0],[-49.0,41.93]]}},{"type":"Feature","properties":{"level":1020},"geometry":{"type":"LineString","coordinates":[[89.5,42.23],[88.25,42.7],[88.25,42.96],[88.75,43.12],[92.0,43.07],[92.74,42.5],[90.5,42.67],[89.75,42.12],[89.5,42.23]]}},{"type":"Feature","properties":{"level":1020},"geometry":{"type":"LineString","coordinates":[[129.25,43.72],[129.12,44.0],[129.5,44.1],[129.25,43.72]]}},{"type":"Feature","properties":{"level":1020},"geometry":{"type":"LineString","coordinates":[[180.0,44.19],[174.46,40.5],[170.21,37.0],[169.5,35.5],[168.82,34.75],[169.02,33.25],[168.65,32.75],[169.75,31.5],[171.25,30.57],[173.5,29.9],[175.25,29.09],[177.75,28.9],[180.0,29.4]]}},{"type":"Feature","properties":{"level":1020},"geometry":{"type":"LineString","coordinates":[[94.75,45.71],[94.5,45.77],[94.32,46.5],[95.0,46.72],[94.54,47.0],[95.0,47.12],[96.07,46.25],[96.05,46.0],[94.75,45.71]]}},{"type":"Feature","properties":{"level":1020},"geometry":{"type":"LineString","coordinates":[[92.75,47.2],[92.0,47.75],[92.0,48.0],[92.5,48.3],[92.55,47.75],[93.09,47.5],[92.75,47.2]]}},{"type":"Feature","properties":{"level":1020},"geometry":{"type":"LineString","coordinates":[[92.75,48.94],[93.25,49.36],[93.64,49.0],[92.75,48.94]]}},{"type":"Feature","properties":{"level":1020},"geometry":{"type":"LineString","coordinates":[[-129.75,50.24],[-130.34,51.0],[-129.75,51.76],[-128.0,51.89],[-127.5,51.5],[-127.6,50.75],[-127.25,50.5],[-128.0,50.67],[-129.0,50.16],[-129.75,50.24]]}},{"type":"Feature","properties":{"level":1020},"geometry":{"type":"LineString","coordinates":[[100.25,50.59],[100.31,51.5],[100.09,52.0],[100.75,52.17],[101.63,52.0],[101.34,51.75],[101.82,51.5],[101.0,50.84],[100.25,50.59]]}},{"type":"Feature","properties":{"level":1020},"geometry":{"type":"LineString","coordinates":[[-160.75,55.57],[-160.88,55.75],[-160.57,55.75],[-160.75,55.57]]}},{"type":"Feature","properties":{"level":1020},"geometry":{"type":"LineString","coordinates":[[-134.5,56.48],[-134.5,56.67],[-134.5,56.48]]}},{"type":"Feature","properties":{"level":1020},"geometry":{"type":"LineString","coordinates":[[-133.25,57.09],[-133.33,57.75],[-133.94,58.25],[-133.86,58.5],[-133.34,58.25],[-133.07,57.25],[-133.25,57.09]]}},{"type":"Feature","properties":{"level":1020},"geometry":{"type":"LineString","coordinates":[[-134.82,58.0],[-134.75,57.76],[-134.75,58.16],[-134.82,58.0]]}},{"type":"Feature","properties":{"level":1020},"geometry":{"type":"LineString","coordinates":[[-17.28,64.25],[-16.75,64.12],[-15.38,64.5],[-16.25,64.81],[-17.65,64.5],[-17.28,64.25]]}},{"type":"Feature","properties":{"level":1020},"geometry":{"type":"LineString","coordinates":[[-135.86,67.0],[-135.0,66.83],[-134.71,67.5],[-134.0,67.86],[-128.12,68.0],[-123.0,69.17],[-120.25,69.22],[-119.67,70.25],[-118.25,70.99],[-114.25,71.27],[-109.79,72.25],[-110.0,72.66],[-116.11,74.5],[-118.25,75.39],[-122.75,76.42],[-127.42,78.0],[-130.0,79.25],[-131.45,80.5],[-131.71,81.0],[-131.44,81.5],[-129.5,82.69],[-127.75,83.38],[-116.93,85.0],[-112.13,86.0],[-110.81,86.5],[-111.14,86.75],[-116.0,87.12],[-128.25,87.29],[-140.97,87.0],[-146.92,86.25],[-148.68,85.5],[-148.66,85.0],[-148.06,84.25],[-150.91,80.0],[-156.36,77.0],[-157.33,76.25],[-157.91,75.25],[-157.94,74.0],[-157.71,73.25],[-156.05,71.25],[-151.65,70.0],[-153.1,69.5],[-157.86,69.0],[-155.5,68.62],[-151.25,68.74],[-150.0,69.03],[-148.25,68.95],[-145.75,69.66],[-145.25,69.35],[-142.95,69.25],[-145.25,69.14],[-145.75,68.71],[-143.25,68.77],[-142.5,68.13],[-139.5,68.54],[-137.5,68.34],[-136.52,68.0],[-136.58,67.75],[-135.86,67.0]]}},{"type":"Feature","properties":{"level":1020},"geometry":{"type":"LineString","coordinates":[[-155.58,67.5],[-154.75,67.5],[-153.88,68.0],[-156.5,68.18],[-156.66,68.0],[-156.5,67.71],[-156.25,67.82],[-155.58,67.5]]}},{"type":"Feature","properties":{"level":1020},"geometry":{"type":"LineString","coordinates":[[-35.25,68.0],[-33.74,68.0],[-35.15,68.5],[-32.5,68.38],[-32.5,68.97],[-31.59,69.25],[-31.5,70.25],[-31.0,70.6],[-30.51,70.5],[-30.25,70.03],[-29.78,70.25],[-29.97,70.5],[-29.75,70.61],[-28.75,70.52],[-28.5,70.25],[-27.5,70.61],[-27.32,70.75],[-27.75,71.0],[-27.34,71.5],[-27.66,71.75],[-27.73,72.25],[-26.75,72.07],[-26.09,72.25],[-26.99,73.0],[-26.25,73.85],[-25.75,74.0],[-26.58,74.25],[-26.58,74.5],[-25.5,74.67],[-24.5,74.5],[-23.0,75.54],[-22.0,75.37],[-21.03,75.75],[-21.25,76.04],[-23.72,76.5],[-23.96,76.75],[-23.71,77.25],[-24.53,77.5],[-22.66,78.5],[-23.75,79.07],[-25.77,79.5],[-28.0,80.71],[-29.75,81.08],[-41.25,81.58],[-45.0,81.11],[-50.75,80.93],[-52.0,81.16],[-55.75,80.76],[-55.43,80.5],[-55.5,80.25],[-64.5,78.85],[-66.5,78.25],[-64.25,77.86],[-63.25,77.12],[-61.75,77.2],[-54.55,76.25],[-52.16,75.0],[-52.29,74.75],[-51.5,74.3],[-50.5,74.14],[-47.87,73.0],[-47.88,72.5],[-47.5,72.45],[-45.16,72.75],[-46.99,73.25],[-47.57,74.0],[-47.08,74.5],[-46.25,74.72],[-42.5,74.52],[-37.75,74.74],[-36.75,75.07],[-36.5,75.57],[-33.25,76.04],[-28.0,75.78],[-27.76,75.75],[-27.75,75.49],[-26.84,75.5],[-29.32,74.5],[-29.0,74.13],[-27.25,74.47],[-26.85,74.25],[-28.79,73.75],[-27.57,73.0],[-27.75,72.28],[-28.75,72.49],[-28.54,72.75],[-29.92,73.25],[-33.75,73.59],[-35.0,74.02],[-38.25,73.81],[-43.69,73.0],[-42.5,72.56],[-42.78,72.0],[-41.43,71.25],[-40.49,71.0],[-38.58,71.0],[-37.97,70.75],[-38.69,70.0],[-37.75,69.5],[-38.5,68.63],[-38.25,68.2],[-36.0,68.24],[-35.25,68.0]]}},{"type":"Feature","properties":{"level":1020},"geometry":{"type":"LineString","coordinates":[[-30.61,69.0],[-30.25,68.89],[-29.75,69.22],[-29.25,68.96],[-28.62,69.0],[-29.75,69.73],[-31.25,69.74],[-31.47,69.5],[-30.61,69.0]]}},{"type":"Feature","properties":{"level":1020},"geometry":{"type":"LineString","coordinates":[[-151.0,69.99],[-148.71,70.0],[-151.0,69.99]]}},{"type":"Feature","properties":{"level":1024},"geometry":{"type":"LineString","coordinates":[[65.3,-88.0],[73.5,-88.21],[92.5,-88.14],[97.52,-87.5],[98.44,-87.25],[98.48,-87.0],[97.77,-86.5],[93.75,-86.0],[93.91,-85.75],[97.97,-84.5],[102.75,-83.4],[108.1,-82.5],[109.66,-82.0],[109.69,-81.75],[107.5,-81.65],[97.5,-82.05],[95.75,-81.76],[94.39,-81.25],[93.93,-80.75],[94.37,-80.5],[98.0,-79.72],[100.5,-79.47],[110.25,-79.46],[120.25,-78.77],[125.25,-77.88],[126.6,-77.25],[126.9,-76.25],[124.5,-75.89],[104.75,-76.65],[102.5,-76.53],[100.75,-76.11],[97.15,-76.25],[95.5,-76.59],[93.25,-77.62],[90.47,-77.75],[90.41,-78.0],[90.69,-78.25],[93.54,-79.0],[93.43,-79.25],[92.75,-79.41],[89.75,-79.62],[83.75,-79.2],[80.25,-79.23],[76.75,-79.62],[75.78,-80.0],[75.81,-80.25],[75.36,-80.5],[73.0,-80.85],[70.5,-79.91],[66.75,-79.6],[62.75,-79.62],[55.25,-78.5],[46.75,-75.97],[43.5,-75.8],[42.0,-76.13],[35.75,-76.26],[33.75,-75.91],[28.07,-75.75],[41.75,-77.45],[43.23,-78.25],[42.63,-79.0],[44.82,-80.25],[46.23,-81.5],[50.0,-82.56],[53.85,-83.25],[54.21,-83.5],[57.25,-83.87],[57.77,-84.25],[54.92,-84.5],[54.97,-84.75],[58.5,-85.28],[64.81,-85.75],[68.62,-86.25],[68.98,-86.5],[57.99,-87.25],[59.5,-87.6],[65.3,-88.0]]}},{"type":"Feature","properties":{"level":1024},"geometry":{"type":"LineString","coordinates":[[66.25,-83.75],[63.94,-83.5],[66.75,-83.46],[69.78,-83.75],[66.25,-83.75]]}},{"type":"Feature","properties":{"level":1024},"geometry":{"type":"LineString","coordinates":[[26.5,-75.5],[27.75,-75.65],[28.01,-75.5],[26.5,-75.5]]}},{"type":"Feature","properties":{"level":1024},"geometry":{"type":"LineString","coordinates":[[21.47,-75.0],[23.65,-75.0],[21.47,-75.0]]}},{"type":"Feature","properties":{"level":1024},"geometry":{"type":"LineString","coordinates":[[-71.77,-54.75],[-71.0,-54.68],[-70.63,-54.25],[-70.75,-53.99],[-71.39,-54.0],[-71.01,-53.75],[-71.75,-53.28],[-72.0,-53.4],[-72.18,-53.25],[-72.05,-53.0],[-72.54,-52.75],[-71.69,-52.25],[-72.25,-52.04],[-72.5,-52.31],[-72.77,-51.75],[-72.34,-51.5],[-72.6,-51.25],[-72.5,-50.83],[-71.66,-50.75],[-72.16,-50.5],[-72.19,-50.25],[-72.75,-50.15],[-73.01,-48.5],[-73.5,-48.46],[-73.87,-48.75],[-73.93,-49.75],[-74.25,-50.54],[-74.83,-50.75],[-74.34,-50.25],[-74.75,-50.0],[-75.57,-50.25],[-76.88,-49.0],[-78.19,-47.0],[-81.49,-43.5],[-88.25,-35.49],[-89.15,-35.5],[-90.0,-34.34],[-90.5,-34.56],[-91.0,-34.17],[-91.5,-34.35],[-92.5,-33.08],[-92.75,-33.08],[-92.85,-34.0],[-93.15,-34.5],[-93.75,-34.92],[-94.25,-34.66],[-94.56,-35.25],[-95.75,-36.31],[-96.33,-37.5],[-96.4,-39.0],[-95.69,-40.0],[-95.5,-41.04],[-94.48,-43.0],[-93.77,-46.0],[-92.25,-48.27],[-90.25,-49.98],[-87.33,-51.5],[-82.75,-53.08],[-77.5,-54.09],[-71.77,-54.75]]}},{"type":"Feature","properties":{"level":1024},"geometry":{"type":"LineString","coordinates":[[-62.34,-52.75],[-59.5,-52.67],[-56.5,-52.08],[-55.0,-51.42],[-54.25,-50.5],[-54.15,-49.75],[-53.72,-49.25],[-53.85,-48.75],[-54.66,-47.75],[-54.45,-46.0],[-54.95,-45.5],[-54.85,-44.25],[-54.5,-43.61],[-53.26,-43.25],[-53.64,-42.75],[-55.25,-42.44],[-57.75,-41.53],[-61.5,-40.85],[-63.95,-39.75],[-65.25,-39.44],[-67.75,-38.22],[-68.04,-37.75],[-68.5,-37.62],[-69.0,-37.9],[-69.5,-37.43],[-69.75,-38.23],[-70.56,-38.5],[-70.5,-39.64],[-71.45,-39.75],[-71.53,-41.0],[-70.0,-42.77],[-69.22,-42.5],[-69.22,-43.0],[-68.95,-43.25],[-69.77,-44.0],[-69.62,-45.25],[-69.22,-46.0],[-69.7,-47.0],[-68.29,-48.0],[-67.92,-49.0],[-68.25,-49.19],[-68.25,-49.5],[-68.79,-49.75],[-68.9,-50.25],[-69.39,-50.5],[-69.55,-51.25],[-68.77,-51.75],[-68.75,-52.05],[-62.34,-52.75]]}},{"type":"Feature","properties":{"level":1024},"geometry":{"type":"LineString","coordinates":[[-180.0,-52.06],[-177.0,-50.81],[-175.45,-49.75],[-174.81,-49.0],[-174.7,-48.0],[-175.6,-45.5],[-175.25,-44.84],[-172.75,-44.6],[-167.0,-44.77],[-160.5,-44.46],[-157.0,-43.88],[-151.61,-41.75],[-149.97,-40.25],[-145.5,-34.22],[-143.75,-30.5],[-143.7,-29.5],[-144.75,-28.35],[-147.5,-26.91],[-148.0,-26.96],[-150.75,-26.12],[-152.5,-26.12],[-153.25,-25.85],[-158.75,-26.02],[-160.0,-26.46],[-162.5,-26.78],[-163.25,-27.12],[-164.25,-27.11],[-165.75,-27.83],[-166.75,-27.69],[-169.25,-29.88],[-171.64,-34.25],[-173.68,-35.75],[-177.51,-39.25],[-178.36,-40.5],[-178.75,-41.72],[-180.0,-42.24]]}},{"type":"Feature","properties":{"level":1024},"geometry":{"type":"LineString","coordinates":[[-71.62,-51.5],[-71.45,-51.5],[-71.62,-51.5]]}},{"type":"Feature","properties":{"level":1024},"geometry":{"type":"LineString","coordinates":[[44.51,-50.25],[48.0,-50.23],[51.75,-49.88],[55.75,-49.07],[62.0,-47.35],[70.0,-47.39],[79.0,-46.77],[81.25,-46.27],[84.5,-45.14],[87.25,-43.95],[89.3,-42.75],[98.0,-36.4],[103.92,-31.0],[104.95,-28.75],[104.96,-28.25],[104.46,-27.0],[103.86,-26.75],[103.56,-26.25],[102.5,-25.5],[101.1,-25.0],[99.75,-23.97],[98.5,-23.51],[97.0,-22.33],[94.25,-22.14],[93.25,-21.73],[89.5,-21.07],[86.75,-21.05],[85.25,-21.36],[84.0,-21.18],[82.5,-21.68],[80.75,-22.85],[79.0,-23.44],[77.5,-24.57],[76.25,-24.86],[75.0,-25.79],[73.5,-27.53],[72.75,-27.51],[70.25,-28.76],[69.5,-28.84],[68.25,-29.63],[67.5,-29.83],[65.75,-31.12],[64.25,-31.63],[62.0,-30.93],[60.54,-30.0],[59.25,-28.64],[56.5,-27.76],[55.0,-27.75],[52.5,-28.19],[49.9,-29.25],[48.78,-30.0],[46.75,-32.68],[46.0,-33.1],[45.63,-34.25],[46.53,-37.25],[49.28,-41.5],[49.0,-41.85],[47.0,-41.46],[45.75,-40.62],[44.5,-40.54],[43.63,-40.0],[43.25,-39.31],[42.0,-38.85],[41.25,-38.97],[39.25,-37.55],[38.0,-36.98],[36.75,-37.07],[36.72,-36.75],[35.5,-35.34],[34.0,-35.56],[33.25,-34.88],[31.08,-35.5],[30.0,-36.74],[29.5,-36.91],[29.09,-37.5],[28.6,-37.75],[28.0,-37.58],[27.13,-37.75],[26.98,-39.25],[27.5,-40.43],[28.75,-41.08],[30.0,-42.84],[34.08,-46.25],[38.75,-49.08],[42.25,-49.98],[44.51,-50.25]]}},{"type":"Feature","properties":{"level":1024},"geometry":{"type":"LineString","coordinates":[[180.0,-42.24],[178.05,-43.5],[177.0,-43.51],[175.88,-43.0],[175.5,-41.5],[175.25,-41.25],[174.25,-41.21],[174.0,-41.65],[173.25,-41.64],[169.5,-43.96],[169.0,-44.05],[168.0,-44.8],[167.5,-44.85],[166.75,-46.07],[166.13,-46.0],[165.47,-45.5],[165.1,-44.5],[161.74,-41.75],[160.78,-40.25],[160.35,-37.75],[160.34,-31.5],[159.96,-30.0],[158.22,-27.75],[156.75,-26.87],[153.25,-25.36],[151.5,-26.26],[151.0,-26.96],[149.99,-27.5],[149.94,-28.0],[148.11,-30.0],[146.81,-31.0],[146.3,-32.5],[144.53,-35.0],[143.96,-36.75],[144.08,-37.25],[146.25,-37.81],[147.5,-36.99],[147.75,-37.24],[148.31,-36.75],[148.5,-37.47],[148.89,-37.5],[146.75,-37.89],[146.56,-38.25],[146.89,-38.5],[146.3,-38.75],[145.25,-40.59],[145.29,-41.0],[146.0,-41.73],[147.0,-41.9],[147.75,-42.39],[149.14,-45.75],[151.0,-48.18],[152.8,-49.5],[155.75,-50.96],[161.5,-52.63],[168.0,-53.47],[174.5,-53.33],[177.5,-52.82],[180.0,-52.06]]}},{"type":"Feature","properties":{"level":1024},"geometry":{"type":"LineString","coordinates":[[-43.85,-40.25],[-43.5,-40.36],[-43.0,-40.15],[-42.72,-39.75],[-42.88,-39.5],[-41.77,-39.25],[-41.49,-38.25],[-40.89,-37.75],[-40.97,-37.25],[-40.71,-36.75],[-41.0,-36.22],[-41.25,-36.06],[-41.83,-37.0],[-42.25,-37.23],[-42.06,-37.75],[-42.5,-38.63],[-43.02,-38.25],[-43.35,-39.25],[-43.95,-40.0],[-43.85,-40.25]]}},{"type":"Feature","properties":{"level":1024},"geometry":{"type":"LineString","coordinates":[[-42.84,-38.0],[-42.64,-38.0],[-42.84,-38.0]]}},{"type":"Feature","properties":{"level":1024},"geometry":{"type":"LineString","coordinates":[[-37.51,-38.0],[-37.0,-38.09],[-35.5,-37.74],[-35.33,-37.25],[-34.41,-36.75],[-32.22,-36.25],[-32.34,-35.75],[-31.75,-35.3],[-31.2,-34.25],[-31.25,-33.97],[-31.5,-34.11],[-32.26,-33.75],[-31.83,-33.25],[-31.97,-33.0],[-34.25,-32.87],[-37.5,-33.88],[-39.5,-33.96],[-39.6,-34.25],[-39.18,-34.75],[-39.22,-35.25],[-39.78,-35.25],[-39.86,-36.5],[-39.33,-37.0],[-38.75,-37.03],[-37.6,-37.75],[-37.51,-38.0]]}},{"type":"Feature","properties":{"level":1024},"geometry":{"type":"LineString","coordinates":[[-38.77,-37.75],[-38.56,-37.75],[-38.77,-37.75]]}},{"type":"Feature","properties":{"level":1024},"geometry":{"type":"LineString","coordinates":[[-31.19,-34.5],[-30.64,-34.5],[-31.19,-34.5]]}},{"type":"Feature","properties":{"level":1024},"geometry":{"type":"LineString","coordinates":[[-30.43,-34.25],[-30.0,-34.25],[-30.0,-33.75],[-29.5,-33.18],[-29.0,-33.41],[-28.89,-33.0],[-28.5,-32.94],[-28.25,-33.32],[-28.2,-32.75],[-29.25,-32.11],[-29.65,-32.25],[-30.0,-32.75],[-30.5,-32.0],[-31.43,-32.0],[-31.44,-32.75],[-31.09,-33.25],[-31.25,-33.44],[-31.5,-33.13],[-31.71,-33.25],[-31.5,-33.54],[-30.75,-33.73],[-30.43,-34.25]]}},{"type":"Feature","properties":{"level":1024},"geometry":{"type":"LineString","coordinates":[[-29.57,-34.25],[-29.25,-34.29],[-29.03,-34.0],[-29.5,-33.85],[-29.57,-34.25]]}},{"type":"Feature","properties":{"level":1024},"geometry":{"type":"LineString","coordinates":[[-28.96,-34.0],[-28.75,-34.1],[-28.5,-33.81],[-28.01,-33.75],[-28.75,-33.41],[-28.96,-34.0]]}},{"type":"Feature","properties":{"level":1024},"geometry":{"type":"LineString","coordinates":[[-69.89,-33.5],[-69.75,-33.71],[-69.54,-33.5],[-69.48,-33.0],[-69.75,-32.41],[-70.03,-32.75],[-69.89,-33.5]]}},{"type":"Feature","properties":{"level":1024},"geometry":{"type":"LineString","coordinates":[[-30.5,-33.0],[-30.24,-33.0],[-30.5,-33.0]]}},{"type":"Feature","properties":{"level":1024},"geometry":{"type":"LineString","coordinates":[[-70.3,-30.75],[-70.25,-30.96],[-69.7,-30.5],[-69.25,-28.27],[-69.85,-28.5],[-70.37,-29.5],[-70.17,-30.0],[-70.3,-30.75]]}},{"type":"Feature","properties":{"level":1024},"geometry":{"type":"LineString","coordinates":[[99.15,26.75],[99.39,26.75],[100.75,28.05],[100.93,28.5],[101.5,28.26],[102.14,29.0],[102.19,30.0],[103.4,31.25],[103.7,31.75],[103.5,32.0],[103.95,32.25],[103.66,32.75],[103.16,33.0],[103.74,34.0],[102.6,34.5],[103.23,34.75],[103.0,34.93],[102.0,34.73],[101.95,35.0],[101.25,35.3],[99.75,34.45],[99.09,34.5],[98.5,35.01],[98.5,33.96],[96.75,34.31],[96.45,33.75],[96.0,33.65],[95.63,32.75],[96.12,32.0],[94.0,32.3],[94.02,31.5],[93.75,31.26],[92.75,31.33],[92.0,30.8],[91.5,31.09],[91.0,30.53],[89.75,30.0],[90.25,29.85],[91.25,30.48],[91.59,29.75],[91.24,29.5],[92.25,29.33],[92.25,29.14],[91.25,29.1],[90.5,28.63],[90.25,29.16],[90.0,28.64],[86.87,29.0],[87.25,28.58],[88.0,28.75],[88.4,28.25],[87.75,28.25],[86.0,28.74],[86.19,29.0],[86.0,29.12],[85.5,28.94],[84.27,29.25],[84.75,29.66],[85.5,29.4],[86.69,29.75],[84.75,30.18],[83.5,29.45],[83.25,28.99],[82.99,29.0],[83.05,28.75],[83.75,28.69],[84.0,28.44],[84.75,28.69],[86.5,27.68],[87.0,27.59],[87.25,27.86],[88.0,27.44],[88.5,27.7],[89.0,27.38],[89.5,27.47],[89.75,27.78],[90.75,27.45],[91.25,27.78],[92.0,27.23],[93.0,27.86],[93.25,28.4],[94.0,28.52],[94.5,29.07],[95.25,29.3],[95.5,29.25],[95.25,29.17],[95.25,28.73],[96.0,28.87],[96.66,28.25],[96.76,27.75],[98.0,27.99],[99.15,26.75]]}},{"type":"Feature","properties":{"level":1024},"geometry":{"type":"LineString","coordinates":[[57.13,29.25],[57.51,29.25],[57.25,29.72],[56.15,29.75],[56.5,29.37],[57.13,29.25]]}},{"type":"Feature","properties":{"level":1024},"geometry":{"type":"LineString","coordinates":[[81.41,29.75],[81.75,30.21],[82.5,29.56],[83.04,29.75],[82.0,30.69],[81.75,30.31],[81.25,30.55],[80.91,30.25],[81.0,29.85],[81.41,29.75]]}},{"type":"Feature","properties":{"level":1024},"geometry":{"type":"LineString","coordinates":[[51.91,30.25],[53.5,30.5],[51.25,32.13],[50.75,33.34],[49.75,33.6],[49.25,33.35],[50.0,32.21],[50.95,31.5],[51.0,30.75],[51.5,30.68],[51.91,30.25]]}},{"type":"Feature","properties":{"level":1024},"geometry":{"type":"LineString","coordinates":[[79.74,30.25],[80.87,30.5],[80.25,30.78],[79.74,30.25]]}},{"type":"Feature","properties":{"level":1024},"geometry":{"type":"LineString","coordinates":[[79.19,30.75],[79.96,31.0],[79.27,31.5],[79.25,32.3],[80.25,31.29],[80.37,31.5],[79.25,32.79],[78.75,32.85],[78.75,33.75],[80.0,33.96],[80.26,34.25],[79.87,34.5],[80.04,34.75],[79.07,35.25],[78.75,35.81],[78.0,35.87],[77.83,36.75],[77.0,36.62],[76.25,36.89],[76.0,36.71],[74.0,37.47],[74.04,37.75],[73.68,38.0],[73.26,39.0],[73.41,39.25],[74.14,39.5],[74.0,39.88],[74.96,40.0],[74.98,40.5],[75.25,40.73],[76.25,40.58],[77.46,40.75],[79.31,41.75],[78.25,42.24],[78.0,42.03],[76.5,41.95],[76.13,42.25],[76.5,42.64],[77.75,42.84],[78.5,42.41],[79.98,42.5],[79.67,42.25],[80.0,41.74],[81.5,42.11],[82.06,42.5],[81.75,42.66],[81.5,42.42],[80.58,42.5],[80.25,42.6],[80.21,43.0],[81.25,43.08],[81.97,43.5],[82.25,43.97],[83.5,44.35],[83.75,43.95],[84.48,44.25],[80.99,45.0],[82.25,45.01],[82.75,45.45],[83.25,45.24],[84.75,46.12],[85.25,45.96],[85.75,46.35],[87.25,46.22],[88.25,47.31],[89.0,47.15],[89.15,46.75],[89.75,46.62],[90.61,46.0],[90.58,45.75],[90.97,45.5],[90.68,45.25],[91.0,44.95],[91.5,45.17],[92.25,44.93],[92.75,45.07],[94.25,44.87],[94.4,45.25],[94.0,46.13],[92.0,47.18],[90.29,49.0],[89.87,49.75],[90.43,50.5],[90.0,50.77],[91.75,51.0],[92.0,51.3],[93.25,50.93],[94.5,51.12],[95.75,50.18],[97.25,50.17],[97.75,49.56],[98.0,49.8],[98.5,49.8],[98.8,50.5],[98.0,50.56],[98.08,51.25],[99.44,52.5],[99.5,52.94],[98.98,53.5],[97.46,53.75],[97.29,54.0],[97.75,54.2],[98.5,53.85],[98.65,54.0],[98.5,54.14],[96.75,54.57],[93.25,54.63],[92.47,54.25],[92.25,53.18],[90.5,52.9],[90.31,53.25],[89.5,53.64],[88.0,53.32],[88.33,53.0],[87.75,53.05],[86.43,52.0],[84.75,51.82],[82.5,51.19],[82.02,50.75],[82.04,50.0],[81.0,49.7],[78.5,49.72],[76.75,50.0],[73.0,49.91],[68.25,49.12],[63.75,48.76],[58.0,49.55],[48.25,49.04],[45.0,49.08],[44.5,49.37],[40.25,49.52],[37.25,49.1],[36.25,48.75],[35.02,47.5],[34.16,47.25],[33.75,46.81],[33.5,47.09],[33.06,47.0],[33.25,46.45],[33.75,46.66],[34.76,46.0],[34.25,45.7],[33.25,45.85],[32.89,45.5],[33.75,44.33],[35.25,43.99],[37.5,43.9],[38.5,43.15],[40.77,43.0],[42.24,42.25],[41.61,41.5],[40.5,40.98],[37.5,40.65],[36.26,40.75],[36.5,40.48],[36.75,40.6],[36.78,40.25],[38.68,39.5],[38.25,39.24],[37.75,39.3],[37.5,38.94],[38.0,38.88],[38.5,39.16],[40.0,38.97],[42.25,38.08],[43.0,37.38],[44.5,37.16],[45.0,36.45],[45.52,36.5],[45.16,36.75],[44.9,37.75],[45.01,38.25],[46.0,38.25],[46.25,38.1],[46.09,37.75],[46.25,37.51],[46.69,37.25],[46.75,36.75],[47.25,36.39],[47.42,36.75],[47.03,37.25],[47.75,37.57],[49.5,36.15],[50.25,36.56],[51.04,36.0],[52.75,35.48],[54.25,36.4],[55.25,36.55],[56.25,37.09],[57.5,37.13],[58.26,36.25],[58.5,36.08],[58.77,36.25],[58.41,35.75],[58.75,35.51],[59.75,35.25],[60.5,34.64],[61.25,35.0],[63.25,34.28],[62.86,33.75],[64.0,33.52],[64.25,32.99],[65.5,33.63],[66.25,33.71],[66.72,33.5],[66.5,33.2],[67.0,32.94],[68.09,33.5],[69.25,35.17],[70.0,35.02],[71.0,35.2],[72.0,36.08],[72.0,35.64],[72.75,35.21],[73.5,35.77],[74.25,35.67],[74.03,36.0],[74.25,36.2],[74.87,35.5],[73.5,35.34],[73.22,35.0],[73.37,34.75],[74.5,34.74],[75.5,33.56],[75.75,33.66],[76.14,33.25],[76.75,32.25],[77.25,32.25],[77.5,31.75],[78.25,31.63],[78.31,31.25],[79.0,31.12],[79.19,30.75]]}},{"type":"Feature","properties":{"level":1024},"geometry":{"type":"LineString","coordinates":[[81.26,31.0],[81.74,31.0],[80.5,32.08],[80.32,32.0],[80.75,31.27],[81.26,31.0]]}},{"type":"Feature","properties":{"level":1024},"geometry":{"type":"LineString","coordinates":[[-29.43,31.5],[-26.75,31.5],[-25.5,31.73],[-23.75,32.46],[-22.75,32.49],[-20.75,33.34],[-17.5,35.67],[-13.0,40.5],[-10.9,42.25],[-7.75,44.34],[-6.75,45.95],[-5.0,48.07],[-3.89,48.75],[-0.39,51.75],[-0.29,52.5],[-0.8,53.25],[-1.17,54.5],[-1.75,54.61],[-2.5,55.38],[-3.5,55.62],[-5.75,55.47],[-7.0,55.84],[-7.89,55.75],[-10.75,54.91],[-15.75,52.71],[-21.5,51.78],[-24.81,50.75],[-27.75,49.3],[-31.66,46.75],[-33.78,44.75],[-35.0,43.16],[-36.61,39.75],[-37.02,38.25],[-36.49,36.75],[-34.75,34.43],[-32.0,32.38],[-29.43,31.5]]}},{"type":"Feature","properties":{"level":1024},"geometry":{"type":"LineString","coordinates":[[84.69,32.75],[85.2,32.75],[85.1,33.0],[85.5,33.28],[86.0,33.05],[87.0,33.51],[88.2,33.5],[88.46,34.0],[88.03,34.5],[88.75,35.0],[88.97,35.5],[89.5,35.36],[90.25,35.87],[90.75,35.6],[91.75,36.0],[92.0,35.68],[92.5,35.58],[92.75,35.81],[93.5,35.72],[94.43,36.0],[93.75,36.35],[92.25,36.38],[90.5,37.0],[88.32,37.0],[89.49,37.25],[89.11,37.5],[89.41,37.75],[89.22,38.0],[90.0,38.23],[90.0,38.7],[90.5,38.41],[91.25,38.88],[92.22,39.0],[90.25,39.19],[86.5,37.86],[86.0,37.42],[83.75,36.45],[82.5,36.44],[81.75,35.92],[81.0,35.84],[79.5,36.15],[79.13,36.0],[79.25,35.51],[80.4,35.0],[80.74,34.25],[81.0,34.17],[81.75,34.62],[82.04,34.5],[81.77,34.25],[82.0,34.14],[82.25,34.43],[82.52,34.25],[82.31,33.75],[82.5,33.52],[83.5,33.27],[84.25,33.36],[84.69,32.75]]}},{"type":"Feature","properties":{"level":1024},"geometry":{"type":"LineString","coordinates":[[-180.0,33.21],[-178.0,33.79],[-175.51,35.0],[-175.25,35.37],[-173.66,36.0],[-170.25,38.04],[-168.5,38.72],[-166.25,40.5],[-165.5,40.67],[-161.94,42.5],[-161.61,42.75],[-161.76,43.0],[-161.25,43.5],[-161.23,44.0],[-158.11,46.0],[-156.73,47.25],[-156.49,47.75],[-157.75,48.39],[-158.75,49.33],[-158.87,49.75],[-160.07,50.0],[-159.79,50.25],[-160.5,51.0],[-162.5,51.33],[-163.5,51.16],[-165.0,50.34],[-166.25,50.4],[-167.5,49.46],[-170.75,48.04],[-176.9,44.25],[-177.75,43.98],[-180.0,42.14]]}},{"type":"Feature","properties":{"level":1024},"geometry":{"type":"LineString","coordinates":[[126.51,35.0],[127.25,34.98],[127.35,35.75],[127.75,36.03],[128.0,36.0],[128.08,35.75],[127.81,35.5],[128.0,35.27],[128.64,35.25],[129.21,36.5],[128.3,37.5],[127.75,38.63],[126.26,39.0],[126.25,39.77],[125.74,39.0],[126.05,38.75],[125.75,38.5],[125.78,38.0],[126.77,37.5],[126.11,36.0],[126.51,35.0]]}},{"type":"Feature","properties":{"level":1024},"geometry":{"type":"LineString","coordinates":[[68.5,35.64],[68.25,36.11],[67.25,36.58],[67.0,36.1],[66.25,36.39],[65.47,36.25],[65.68,36.5],[64.82,37.25],[64.8,38.25],[65.41,39.0],[65.25,39.5],[66.5,39.57],[67.1,39.25],[66.79,38.75],[66.75,37.9],[68.0,38.6],[69.0,38.59],[69.77,38.25],[69.89,36.75],[69.27,36.25],[69.08,35.75],[68.5,35.64]]}},{"type":"Feature","properties":{"level":1024},"geometry":{"type":"LineString","coordinates":[[53.75,36.98],[51.8,37.25],[51.92,37.75],[52.5,38.37],[53.5,39.05],[55.0,38.97],[56.0,38.57],[56.07,38.25],[56.8,37.75],[56.0,37.79],[54.75,36.98],[53.75,36.98]]}},{"type":"Feature","properties":{"level":1024},"geometry":{"type":"LineString","coordinates":[[90.65,37.25],[91.25,37.02],[91.57,37.5],[90.25,38.0],[90.01,37.5],[90.65,37.25]]}},{"type":"Feature","properties":{"level":1024},"geometry":{"type":"LineString","coordinates":[[34.87,37.75],[35.25,37.64],[35.5,37.95],[36.0,38.01],[36.25,37.84],[37.0,37.95],[37.25,37.74],[38.27,38.0],[37.75,38.38],[37.0,38.03],[36.81,38.25],[37.27,38.5],[37.0,38.97],[36.25,38.68],[35.75,38.07],[34.95,38.0],[34.87,37.75]]}},{"type":"Feature","properties":{"level":1024},"geometry":{"type":"LineString","coordinates":[[100.84,37.75],[101.0,37.64],[101.8,38.0],[101.25,38.37],[100.75,38.34],[100.42,38.0],[100.84,37.75]]}},{"type":"Feature","properties":{"level":1024},"geometry":{"type":"LineString","coordinates":[[99.94,38.25],[100.53,38.5],[99.0,39.31],[98.38,39.25],[99.0,39.07],[99.94,38.25]]}},{"type":"Feature","properties":{"level":1024},"geometry":{"type":"LineString","coordinates":[[92.78,39.25],[94.18,39.25],[92.78,39.25]]}},{"type":"Feature","properties":{"level":1024},"geometry":{"type":"LineString","coordinates":[[94.35,39.25],[95.56,39.25],[95.25,39.5],[94.35,39.25]]}},{"type":"Feature","properties":{"level":1024},"geometry":{"type":"LineString","coordinates":[[125.47,39.75],[125.75,39.67],[126.49,40.25],[125.51,40.0],[125.47,39.75]]}},{"type":"Feature","properties":{"level":1024},"geometry":{"type":"LineString","coordinates":[[95.91,41.75],[96.25,41.52],[96.93,41.75],[96.25,42.49],[95.75,42.35],[95.57,42.0],[95.91,41.75]]}},{"type":"Feature","properties":{"level":1024},"geometry":{"type":"LineString","coordinates":[[42.5,42.24],[42.25,42.25],[42.5,42.24]]}},{"type":"Feature","properties":{"level":1024},"geometry":{"type":"LineString","coordinates":[[180.0,42.14],[179.0,41.21],[177.63,40.5],[176.77,39.75],[176.81,39.5],[176.21,39.0],[176.09,38.5],[174.83,37.75],[175.54,37.0],[174.63,35.0],[174.78,34.25],[176.0,33.93],[176.75,33.28],[178.25,32.98],[180.0,33.21]]}},{"type":"Feature","properties":{"level":1024},"geometry":{"type":"LineString","coordinates":[[83.01,42.5],[83.75,42.3],[84.35,42.5],[83.25,43.05],[83.33,42.75],[83.01,42.5]]}},{"type":"Feature","properties":{"level":1024},"geometry":{"type":"LineString","coordinates":[[85.05,42.5],[85.66,42.5],[86.25,42.97],[87.0,42.73],[87.06,43.0],[85.0,43.59],[84.7,43.25],[85.05,42.5]]}},{"type":"Feature","properties":{"level":1024},"geometry":{"type":"LineString","coordinates":[[93.73,43.25],[94.12,43.5],[93.81,43.75],[93.5,43.85],[93.07,43.5],[93.73,43.25]]}},{"type":"Feature","properties":{"level":1024},"geometry":{"type":"LineString","coordinates":[[95.01,45.5],[96.0,45.3],[96.49,45.5],[96.0,45.73],[95.01,45.5]]}},{"type":"Feature","properties":{"level":1024},"geometry":{"type":"LineString","coordinates":[[121.92,47.25],[122.25,47.16],[124.0,47.86],[126.25,47.99],[127.25,48.37],[129.5,48.2],[130.56,48.5],[131.03,49.75],[130.73,50.75],[131.08,51.5],[129.0,52.2],[127.75,53.07],[126.44,55.5],[128.18,56.5],[127.76,57.5],[126.25,58.56],[123.75,58.93],[123.5,59.41],[121.75,60.4],[119.25,60.88],[116.75,60.45],[116.25,60.79],[116.0,60.59],[115.5,60.67],[113.75,59.85],[112.42,58.5],[113.02,57.75],[111.96,57.5],[111.89,57.25],[112.57,56.75],[113.0,55.85],[114.25,56.02],[114.42,55.75],[114.25,55.12],[113.28,54.5],[112.94,54.0],[113.75,53.76],[113.86,53.5],[113.92,52.75],[113.31,52.5],[113.29,52.25],[113.94,50.75],[113.5,50.4],[112.94,50.5],[113.33,50.25],[113.32,49.75],[114.25,49.54],[116.25,50.58],[116.67,50.25],[116.56,50.0],[117.5,49.7],[118.75,49.9],[119.5,50.31],[120.5,50.04],[120.52,49.75],[121.52,49.0],[121.92,47.25]]}},{"type":"Feature","properties":{"level":1024},"geometry":{"type":"LineString","coordinates":[[128.41,47.75],[129.3,47.75],[128.41,47.75]]}},{"type":"Feature","properties":{"level":1024},"geometry":{"type":"LineString","coordinates":[[96.5,50.47],[95.75,50.51],[95.66,50.75],[96.0,51.12],[96.5,51.19],[97.34,50.5],[96.5,50.47]]}},{"type":"Feature","properties":{"level":1024},"geometry":{"type":"LineString","coordinates":[[89.25,51.19],[90.38,51.25],[90.0,51.03],[89.25,51.19]]}},{"type":"Feature","properties":{"level":1024},"geometry":{"type":"LineString","coordinates":[[-35.59,68.75],[-34.75,68.69],[-33.43,69.0],[-33.25,69.32],[-32.68,69.5],[-32.5,70.48],[-31.5,71.0],[-31.64,71.25],[-31.28,71.75],[-30.5,71.9],[-30.33,72.25],[-31.75,73.01],[-36.5,72.87],[-37.25,73.3],[-40.0,72.89],[-40.72,72.5],[-40.5,72.21],[-37.25,72.33],[-36.69,72.0],[-36.63,71.5],[-34.45,71.0],[-36.59,70.25],[-36.19,70.0],[-36.69,69.5],[-36.65,69.25],[-35.59,68.75]]}},{"type":"Feature","properties":{"level":1024},"geometry":{"type":"LineString","coordinates":[[-135.94,70.75],[-132.36,70.75],[-129.75,71.16],[-127.0,72.31],[-126.01,73.25],[-127.92,74.5],[-132.75,76.37],[-140.0,77.62],[-144.5,77.35],[-148.25,76.44],[-150.25,75.41],[-151.21,74.25],[-150.76,73.5],[-147.5,72.25],[-141.75,71.17],[-135.94,70.75]]}},{"type":"Feature","properties":{"level":1024},"geometry":{"type":"LineString","coordinates":[[-124.65,72.0],[-122.39,72.0],[-123.5,72.37],[-124.75,72.26],[-124.65,72.0]]}},{"type":"Feature","properties":{"level":1024},"geometry":{"type":"LineString","coordinates":[[-48.79,75.0],[-46.5,75.29],[-39.5,75.11],[-37.51,75.5],[-41.12,76.5],[-39.75,76.71],[-35.0,76.33],[-28.75,76.45],[-26.75,76.74],[-26.25,76.34],[-25.75,76.29],[-24.91,77.0],[-26.0,77.17],[-26.29,77.75],[-25.03,78.25],[-27.95,78.5],[-28.05,79.0],[-29.0,79.5],[-29.32,80.0],[-30.09,80.5],[-31.0,80.73],[-40.5,81.02],[-50.0,80.21],[-53.0,79.31],[-57.0,79.07],[-61.17,78.0],[-59.5,77.45],[-55.5,77.21],[-52.5,76.59],[-48.79,75.0]]}},{"type":"Feature","properties":{"level":1024},"geometry":{"type":"LineString","coordinates":[[-63.07,78.5],[-61.8,78.5],[-63.07,78.5]]}},{"type":"Feature","properties":{"level":1028},"geometry":{"type":"LineString","coordinates":[[73.76,-88.0],[89.5,-87.86],[95.0,-87.34],[95.75,-87.14],[96.2,-86.75],[89.22,-86.0],[89.7,-85.75],[94.25,-85.07],[99.5,-83.65],[106.61,-82.25],[105.25,-82.09],[94.73,-82.5],[92.11,-80.75],[92.75,-80.15],[95.15,-79.75],[94.75,-79.67],[90.0,-79.96],[83.25,-79.53],[80.5,-79.63],[77.5,-79.94],[75.41,-80.75],[72.25,-81.08],[69.75,-80.34],[63.0,-80.2],[59.25,-79.74],[53.25,-78.7],[48.0,-77.01],[46.5,-76.74],[43.0,-76.46],[38.92,-76.75],[40.75,-76.84],[42.75,-77.63],[43.6,-78.25],[43.4,-79.25],[47.35,-81.25],[49.5,-81.58],[52.0,-82.29],[56.25,-82.76],[75.63,-83.75],[76.13,-84.0],[66.25,-84.26],[61.48,-84.75],[62.38,-85.0],[75.0,-85.35],[76.08,-85.5],[75.76,-85.75],[76.75,-86.15],[81.22,-86.5],[64.81,-87.0],[62.34,-87.25],[66.72,-87.75],[73.76,-88.0]]}},{"type":"Feature","properties":{"level":1028},"geometry":{"type":"LineString","coordinates":[[95.1,-79.25],[96.0,-79.5],[104.0,-78.92],[113.0,-79.06],[124.5,-77.59],[125.82,-77.25],[125.89,-77.0],[125.67,-76.5],[124.25,-76.12],[113.0,-76.78],[106.75,-76.83],[106.0,-77.29],[102.0,-76.95],[97.0,-77.59],[95.36,-78.0],[95.03,-78.25],[96.22,-78.75],[95.1,-79.25]]}},{"type":"Feature","properties":{"level":1028},"geometry":{"type":"LineString","coordinates":[[35.41,-76.5],[37.58,-76.5],[35.41,-76.5]]}},{"type":"Feature","properties":{"level":1028},"geometry":{"type":"LineString","coordinates":[[32.32,-76.25],[34.51,-76.25],[32.32,-76.25]]}},{"type":"Feature","properties":{"level":1028},"geometry":{"type":"LineString","coordinates":[[-180.0,-48.49],[-180.0,-48.07]]}},{"type":"Feature","properties":{"level":1028},"geometry":{"type":"LineString","coordinates":[[180.0,-48.07],[179.67,-47.25],[179.0,-46.63],[173.75,-44.72],[172.63,-43.5],[172.65,-42.75],[171.75,-42.96],[170.0,-43.91],[169.56,-44.5],[170.12,-45.0],[169.57,-46.0],[169.0,-46.34],[166.5,-46.8],[164.75,-46.46],[161.5,-43.98],[159.45,-41.75],[158.58,-40.25],[155.99,-34.25],[154.75,-32.2],[153.87,-31.75],[153.25,-30.24],[152.84,-30.5],[153.17,-31.0],[152.29,-32.5],[150.61,-33.75],[150.64,-34.75],[150.23,-36.0],[150.64,-38.0],[149.66,-40.75],[149.72,-41.25],[151.36,-45.0],[152.41,-46.5],[153.5,-47.74],[155.62,-49.0],[158.5,-50.13],[162.75,-51.17],[166.25,-51.66],[169.75,-51.76],[172.75,-51.59],[177.0,-50.54],[179.11,-49.5],[180.0,-48.49]]}},{"type":"Feature","properties":{"level":1028},"geometry":{"type":"LineString","coordinates":[[-63.67,-47.75],[-62.5,-47.83],[-61.75,-47.55],[-61.62,-47.25],[-61.81,-47.0],[-61.5,-46.22],[-62.0,-45.87],[-63.06,-45.75],[-63.0,-45.16],[-64.0,-44.86],[-65.17,-45.0],[-65.41,-46.25],[-65.26,-46.75],[-64.75,-47.51],[-63.67,-47.75]]}},{"type":"Feature","properties":{"level":1028},"geometry":{"type":"LineString","coordinates":[[42.36,-47.75],[47.5,-47.92],[49.25,-47.77],[49.2,-47.5],[49.5,-47.29],[50.25,-47.45],[51.5,-47.25],[53.0,-46.58],[54.0,-46.52],[54.09,-46.0],[53.25,-45.1],[52.75,-45.05],[51.5,-44.22],[50.75,-44.28],[49.25,-43.57],[46.5,-43.08],[45.72,-42.5],[44.25,-42.22],[43.0,-41.46],[40.0,-40.69],[37.25,-40.36],[34.25,-39.25],[33.96,-39.75],[33.99,-40.5],[33.43,-40.75],[33.17,-41.25],[33.74,-42.5],[34.38,-43.25],[36.0,-44.76],[38.93,-46.75],[40.25,-47.3],[42.36,-47.75]]}},{"type":"Feature","properties":{"level":1028},"geometry":{"type":"LineString","coordinates":[[69.16,-46.25],[74.0,-46.19],[78.25,-45.65],[83.45,-44.0],[87.0,-42.09],[94.31,-36.0],[96.79,-33.5],[98.36,-31.0],[98.73,-30.0],[97.91,-28.0],[95.75,-26.47],[93.25,-25.73],[87.0,-25.51],[85.25,-26.25],[84.75,-26.18],[82.75,-26.89],[79.5,-27.41],[78.25,-28.27],[70.5,-30.86],[65.75,-32.78],[65.0,-32.95],[63.75,-32.71],[59.75,-32.84],[58.75,-32.58],[54.75,-32.44],[53.0,-32.85],[51.53,-34.25],[51.02,-36.25],[51.14,-39.0],[52.55,-41.5],[53.61,-42.75],[54.5,-43.41],[56.75,-44.54],[59.57,-45.25],[64.25,-45.89],[69.16,-46.25]]}},{"type":"Feature","properties":{"level":1028},"geometry":{"type":"LineString","coordinates":[[-167.84,-42.0],[-166.25,-42.16],[-161.0,-41.94],[-158.0,-41.13],[-154.75,-39.28],[-153.5,-37.65],[-151.83,-33.75],[-151.81,-32.25],[-152.35,-31.0],[-153.5,-30.39],[-155.5,-29.84],[-158.25,-29.76],[-161.0,-30.41],[-163.07,-31.5],[-163.58,-32.5],[-164.25,-32.55],[-165.82,-33.75],[-167.61,-36.0],[-170.48,-39.0],[-171.05,-40.5],[-167.84,-42.0]]}},{"type":"Feature","properties":{"level":1028},"geometry":{"type":"LineString","coordinates":[[-69.91,-30.0],[-69.75,-30.13],[-69.47,-29.5],[-69.5,-28.56],[-70.27,-29.5],[-69.91,-30.0]]}},{"type":"Feature","properties":{"level":1028},"geometry":{"type":"LineString","coordinates":[[90.11,28.0],[90.75,27.8],[91.0,28.42],[91.25,28.3],[91.48,28.5],[91.25,28.7],[90.25,28.36],[90.0,28.25],[90.11,28.0]]}},{"type":"Feature","properties":{"level":1028},"geometry":{"type":"LineString","coordinates":[[96.83,29.0],[97.25,28.87],[97.81,29.25],[97.0,30.17],[95.86,29.75],[95.75,29.47],[96.83,29.0]]}},{"type":"Feature","properties":{"level":1028},"geometry":{"type":"LineString","coordinates":[[100.69,29.0],[101.64,29.75],[101.68,30.25],[101.25,30.6],[101.0,30.42],[100.93,30.75],[99.5,30.92],[99.0,30.39],[98.48,30.25],[99.0,30.06],[99.25,29.55],[100.25,29.53],[100.69,29.0]]}},{"type":"Feature","properties":{"level":1028},"geometry":{"type":"LineString","coordinates":[[66.86,34.25],[68.25,34.37],[68.73,34.75],[68.53,35.0],[69.09,35.25],[68.5,35.35],[68.0,34.97],[67.5,35.07],[67.5,35.52],[66.25,35.16],[66.34,35.5],[66.11,35.5],[65.81,34.75],[66.86,34.25]]}},{"type":"Feature","properties":{"level":1028},"geometry":{"type":"LineString","coordinates":[[84.24,34.25],[85.0,34.35],[86.0,34.06],[86.36,34.5],[84.75,35.36],[83.75,35.04],[83.56,34.75],[84.32,34.5],[84.24,34.25]]}},{"type":"Feature","properties":{"level":1028},"geometry":{"type":"LineString","coordinates":[[77.94,34.5],[78.5,34.29],[78.71,34.5],[78.27,34.75],[78.39,35.0],[78.0,35.1],[77.97,35.5],[77.5,35.98],[76.25,36.31],[75.5,36.89],[75.09,36.75],[75.23,36.5],[74.75,35.93],[75.75,35.79],[76.69,35.25],[77.0,34.81],[77.25,34.97],[77.94,34.5]]}},{"type":"Feature","properties":{"level":1028},"geometry":{"type":"LineString","coordinates":[[69.57,35.25],[71.0,35.45],[73.05,37.5],[73.0,39.35],[72.25,39.3],[71.8,39.75],[72.0,40.06],[71.0,39.59],[70.0,39.79],[68.75,39.49],[67.5,39.08],[67.26,38.75],[67.5,38.6],[67.75,38.82],[70.08,38.75],[70.44,37.0],[70.25,36.63],[69.55,36.25],[69.71,36.0],[69.26,35.5],[69.57,35.25]]}},{"type":"Feature","properties":{"level":1028},"geometry":{"type":"LineString","coordinates":[[80.42,35.25],[82.0,35.08],[83.11,35.75],[82.75,35.96],[81.75,35.59],[79.67,35.75],[80.42,35.25]]}},{"type":"Feature","properties":{"level":1028},"geometry":{"type":"LineString","coordinates":[[-26.82,36.0],[-22.75,37.02],[-20.25,37.97],[-17.75,39.6],[-11.5,44.54],[-9.32,46.75],[-7.43,49.5],[-6.93,51.25],[-7.35,51.5],[-7.38,52.0],[-6.97,52.25],[-6.75,52.78],[-7.5,53.0],[-8.75,52.96],[-15.0,51.42],[-22.25,50.0],[-25.5,48.56],[-28.91,46.25],[-30.25,44.94],[-31.72,42.75],[-32.33,40.75],[-32.2,38.75],[-31.5,37.46],[-30.75,36.83],[-29.5,36.28],[-26.82,36.0]]}},{"type":"Feature","properties":{"level":1028},"geometry":{"type":"LineString","coordinates":[[84.65,36.75],[84.75,36.55],[86.26,36.75],[85.75,37.23],[85.5,36.81],[84.65,36.75]]}},{"type":"Feature","properties":{"level":1028},"geometry":{"type":"LineString","coordinates":[[-177.59,38.75],[-176.25,38.68],[-174.0,39.37],[-171.5,40.94],[-168.98,42.0],[-168.58,42.5],[-168.88,43.0],[-168.15,43.25],[-168.41,44.25],[-169.5,44.57],[-169.65,44.75],[-169.14,45.0],[-169.12,45.25],[-169.5,45.41],[-171.11,45.0],[-174.25,42.64],[-175.25,41.56],[-175.67,41.5],[-176.0,41.9],[-176.12,41.5],[-176.84,41.0],[-177.0,40.25],[-177.72,39.0],[-177.59,38.75]]}},{"type":"Feature","properties":{"level":1028},"geometry":{"type":"LineString","coordinates":[[46.96,41.5],[47.62,41.75],[46.45,42.25],[46.33,42.0],[46.5,41.8],[46.75,41.96],[46.96,41.5]]}},{"type":"Feature","properties":{"level":1028},"geometry":{"type":"LineString","coordinates":[[64.72,41.5],[64.75,41.71],[64.72,41.5]]}},{"type":"Feature","properties":{"level":1028},"geometry":{"type":"LineString","coordinates":[[60.88,41.75],[62.5,41.86],[63.0,42.19],[65.25,42.06],[67.25,42.58],[67.81,43.25],[67.5,43.83],[68.25,43.75],[68.75,43.41],[69.13,43.0],[69.0,42.46],[69.25,42.28],[70.0,42.4],[70.5,41.59],[71.02,41.75],[70.66,42.0],[70.75,42.35],[71.25,42.43],[72.25,42.13],[73.25,42.59],[74.0,42.36],[74.75,42.56],[75.75,42.45],[76.25,42.86],[77.75,43.13],[79.25,42.72],[79.72,43.25],[78.5,43.17],[78.43,43.5],[77.5,43.79],[75.75,43.78],[75.5,43.41],[75.25,43.45],[74.0,44.28],[73.25,44.34],[72.58,44.0],[72.55,43.75],[72.93,43.5],[72.75,43.17],[71.75,43.7],[70.43,43.25],[70.75,44.0],[71.68,44.5],[71.77,44.75],[71.28,45.0],[71.01,45.75],[71.47,46.0],[70.93,46.25],[70.75,46.95],[66.75,46.93],[66.15,46.75],[65.75,46.23],[64.75,46.22],[63.5,45.39],[62.5,44.38],[61.75,44.37],[61.25,44.07],[61.15,43.5],[60.3,42.5],[60.42,42.0],[60.88,41.75]]}},{"type":"Feature","properties":{"level":1028},"geometry":{"type":"LineString","coordinates":[[64.34,41.75],[64.68,41.75],[64.34,41.75]]}},{"type":"Feature","properties":{"level":1028},"geometry":{"type":"LineString","coordinates":[[67.26,42.0],[67.5,41.82],[68.1,42.0],[67.26,42.0]]}},{"type":"Feature","properties":{"level":1028},"geometry":{"type":"LineString","coordinates":[[-168.04,43.75],[-167.73,43.75],[-168.04,43.75]]}},{"type":"Feature","properties":{"level":1028},"geometry":{"type":"LineString","coordinates":[[78.6,44.5],[79.5,44.49],[80.09,45.0],[79.25,45.08],[78.6,44.5]]}},{"type":"Feature","properties":{"level":1028},"geometry":{"type":"LineString","coordinates":[[-168.35,44.75],[-168.07,44.75],[-168.35,44.75]]}},{"type":"Feature","properties":{"level":1028},"geometry":{"type":"LineString","coordinates":[[70.98,47.0],[71.89,47.25],[71.03,47.5],[70.67,47.25],[70.98,47.0]]}},{"type":"Feature","properties":{"level":1028},"geometry":{"type":"LineString","coordinates":[[89.39,47.75],[89.86,47.75],[89.59,48.0],[89.79,48.25],[89.25,48.64],[89.15,49.0],[87.7,49.25],[87.95,49.75],[87.75,49.82],[87.5,49.66],[86.0,49.87],[85.79,49.75],[86.53,49.5],[85.02,49.0],[85.5,48.68],[85.75,48.93],[86.5,48.45],[86.75,48.73],[88.5,47.89],[89.25,48.07],[89.39,47.75]]}},{"type":"Feature","properties":{"level":1028},"geometry":{"type":"LineString","coordinates":[[95.86,53.5],[96.5,53.26],[97.01,53.5],[96.0,53.66],[95.86,53.5]]}},{"type":"Feature","properties":{"level":1028},"geometry":{"type":"LineString","coordinates":[[116.08,57.25],[117.75,57.1],[117.95,57.25],[116.95,57.75],[117.0,58.32],[116.75,58.3],[116.8,58.0],[115.52,57.75],[116.08,57.25]]}},{"type":"Feature","properties":{"level":1028},"geometry":{"type":"LineString","coordinates":[[-35.6,69.0],[-35.0,68.86],[-34.5,69.03],[-34.15,69.25],[-34.38,69.5],[-33.31,70.0],[-34.0,70.14],[-35.75,69.72],[-36.15,69.25],[-35.6,69.0]]}},{"type":"Feature","properties":{"level":1028},"geometry":{"type":"LineString","coordinates":[[-35.12,72.0],[-33.25,71.91],[-32.28,72.25],[-32.75,72.47],[-34.0,72.44],[-35.12,72.0]]}},{"type":"Feature","properties":{"level":1028},"geometry":{"type":"LineString","coordinates":[[-44.28,75.75],[-41.85,75.75],[-43.54,76.5],[-42.0,76.91],[-39.25,77.09],[-36.0,76.85],[-30.5,76.92],[-29.44,77.0],[-29.31,77.25],[-30.25,77.75],[-31.49,78.0],[-31.37,78.25],[-31.62,78.5],[-34.23,80.25],[-36.5,80.47],[-41.0,80.48],[-43.14,80.25],[-43.98,80.0],[-45.5,78.88],[-46.04,78.75],[-41.25,78.99],[-39.98,78.75],[-40.29,78.5],[-41.75,78.24],[-47.75,77.79],[-48.7,78.0],[-47.98,78.25],[-48.5,78.51],[-52.75,78.3],[-54.0,78.0],[-51.75,77.66],[-47.25,75.78],[-44.28,75.75]]}},{"type":"Feature","properties":{"level":1032},"geometry":{"type":"LineString","coordinates":[[71.94,-87.75],[78.25,-87.9],[87.25,-87.66],[92.6,-87.25],[94.2,-87.0],[94.42,-86.75],[88.0,-86.57],[67.21,-87.25],[68.02,-87.5],[71.94,-87.75]]}},{"type":"Feature","properties":{"level":1032},"geometry":{"type":"LineString","coordinates":[[82.91,-85.5],[85.75,-85.71],[89.08,-85.5],[95.35,-84.25],[94.0,-83.82],[83.0,-85.0],[82.36,-85.25],[82.91,-85.5]]}},{"type":"Feature","properties":{"level":1032},"geometry":{"type":"LineString","coordinates":[[82.47,-84.0],[87.0,-84.02],[92.5,-83.32],[93.34,-83.0],[90.8,-82.75],[92.22,-82.25],[92.5,-81.91],[90.98,-81.25],[89.84,-80.25],[83.5,-79.89],[78.75,-80.09],[72.5,-81.38],[70.0,-80.74],[66.25,-80.49],[62.25,-80.59],[59.5,-80.25],[51.2,-78.75],[46.5,-77.16],[44.0,-76.96],[42.6,-77.25],[43.79,-78.0],[44.17,-78.5],[43.88,-79.25],[45.0,-79.93],[47.5,-80.82],[51.68,-81.25],[50.9,-81.5],[52.25,-81.91],[55.75,-82.36],[67.75,-83.14],[81.64,-83.5],[82.47,-84.0]]}},{"type":"Feature","properties":{"level":1032},"geometry":{"type":"LineString","coordinates":[[97.36,-78.75],[98.25,-78.92],[104.75,-78.53],[107.25,-78.09],[108.75,-78.44],[112.5,-78.7],[116.0,-78.34],[119.5,-77.59],[123.75,-77.37],[124.44,-77.25],[124.47,-77.0],[123.0,-76.51],[120.48,-76.5],[120.43,-76.75],[120.93,-77.0],[119.5,-77.4],[118.81,-77.25],[118.45,-77.0],[118.63,-76.75],[118.25,-76.64],[113.0,-77.08],[107.5,-77.16],[106.25,-77.61],[103.25,-77.23],[98.0,-78.24],[97.41,-78.5],[97.36,-78.75]]}},{"type":"Feature","properties":{"level":1032},"geometry":{"type":"LineString","coordinates":[[67.35,-44.75],[71.75,-44.95],[75.25,-44.71],[80.21,-43.25],[84.28,-41.25],[86.37,-39.75],[90.5,-35.26],[91.58,-33.25],[91.57,-32.25],[91.87,-31.5],[91.8,-30.0],[89.75,-29.15],[86.75,-28.87],[82.0,-29.54],[65.25,-34.82],[63.25,-35.28],[60.5,-35.39],[57.5,-36.28],[55.56,-37.5],[55.23,-39.0],[56.15,-40.75],[57.05,-41.75],[59.25,-42.96],[61.0,-43.57],[67.35,-44.75]]}},{"type":"Feature","properties":{"level":1032},"geometry":{"type":"LineString","coordinates":[[-69.9,-29.75],[-69.75,-29.93],[-69.64,-29.75],[-69.5,-28.75],[-69.9,-29.75]]}},{"type":"Feature","properties":{"level":1032},"geometry":{"type":"LineString","coordinates":[[76.94,35.0],[77.25,35.32],[77.75,34.87],[77.5,35.78],[77.0,36.02],[76.25,35.77],[76.94,35.0]]}},{"type":"Feature","properties":{"level":1032},"geometry":{"type":"LineString","coordinates":[[80.62,35.25],[81.5,35.16],[82.36,35.5],[82.0,35.56],[81.75,35.27],[80.5,35.66],[80.31,35.5],[80.62,35.25]]}},{"type":"Feature","properties":{"level":1032},"geometry":{"type":"LineString","coordinates":[[69.72,35.75],[70.0,35.52],[70.57,35.75],[70.47,36.0],[70.75,36.22],[71.0,35.93],[71.25,36.45],[71.6,36.5],[71.5,36.97],[72.01,37.25],[72.11,37.75],[72.0,38.7],[72.25,38.32],[72.5,38.59],[72.0,38.79],[70.55,38.5],[70.65,37.5],[71.1,36.75],[70.09,36.25],[69.72,35.75]]}},{"type":"Feature","properties":{"level":1032},"geometry":{"type":"LineString","coordinates":[[-23.96,41.75],[-22.0,41.78],[-20.5,42.13],[-18.5,43.36],[-17.97,44.0],[-17.0,44.5],[-14.67,46.5],[-14.18,47.25],[-14.4,48.0],[-13.88,48.5],[-14.5,48.81],[-18.0,48.66],[-20.0,48.22],[-23.0,46.94],[-25.25,44.82],[-25.85,43.5],[-25.5,42.43],[-24.5,41.81],[-23.96,41.75]]}},{"type":"Feature","properties":{"level":1032},"geometry":{"type":"LineString","coordinates":[[-35.69,69.25],[-35.25,69.09],[-34.64,69.25],[-35.25,69.47],[-35.69,69.25]]}},{"type":"Feature","properties":{"level":1032},"geometry":{"type":"LineString","coordinates":[[-44.63,77.5],[-40.75,77.27],[-36.65,77.5],[-41.0,77.94],[-44.66,77.75],[-44.63,77.5]]}},{"type":"Feature","properties":{"level":1036},"geometry":{"type":"LineString","coordinates":[[72.2,-87.5],[78.25,-87.74],[84.5,-87.57],[89.05,-87.25],[90.97,-87.0],[91.34,-86.75],[72.88,-87.25],[72.2,-87.5]]}},{"type":"Feature","properties":{"level":1036},"geometry":{"type":"LineString","coordinates":[[67.55,-83.0],[80.75,-83.12],[89.25,-82.43],[91.03,-82.0],[90.75,-81.72],[88.75,-81.38],[83.69,-81.25],[87.37,-80.5],[86.89,-80.25],[83.25,-80.11],[78.0,-80.35],[72.45,-81.75],[72.99,-82.25],[71.68,-82.25],[70.13,-82.0],[71.26,-81.75],[70.9,-81.25],[66.0,-80.85],[61.5,-80.83],[50.3,-79.0],[47.0,-77.68],[45.5,-77.32],[43.74,-77.5],[44.82,-78.75],[44.82,-79.25],[44.52,-79.5],[47.25,-80.57],[54.54,-81.25],[52.1,-81.5],[55.0,-81.98],[63.0,-82.2],[64.75,-82.04],[66.09,-82.5],[65.72,-82.75],[67.55,-83.0]]}},{"type":"Feature","properties":{"level":1036},"geometry":{"type":"LineString","coordinates":[[59.5,-81.29],[59.26,-81.25],[60.58,-81.25],[59.5,-81.29]]}},{"type":"Feature","properties":{"level":1036},"geometry":{"type":"LineString","coordinates":[[98.46,-78.5],[104.75,-78.2],[105.6,-78.0],[105.68,-77.75],[103.75,-77.43],[100.25,-77.95],[98.46,-78.5]]}},{"type":"Feature","properties":{"level":1036},"geometry":{"type":"LineString","coordinates":[[67.91,-42.75],[71.5,-42.76],[74.5,-42.43],[77.78,-41.5],[81.0,-39.75],[82.36,-38.75],[83.56,-37.0],[84.51,-34.25],[84.4,-33.5],[82.75,-33.0],[80.25,-33.07],[72.25,-35.17],[64.75,-37.7],[63.25,-38.54],[62.22,-39.5],[62.12,-40.25],[63.28,-41.5],[65.31,-42.25],[67.91,-42.75]]}},{"type":"Feature","properties":{"level":1040},"geometry":{"type":"LineString","coordinates":[[75.22,-82.75],[82.0,-82.59],[88.5,-81.99],[89.08,-81.75],[85.5,-81.52],[77.0,-81.69],[76.89,-81.5],[79.25,-81.38],[81.16,-80.75],[83.61,-80.5],[78.75,-80.38],[73.8,-81.5],[75.42,-81.75],[75.51,-82.0],[78.73,-82.25],[75.22,-82.75]]}},{"type":"Feature","properties":{"level":1040},"geometry":{"type":"LineString","coordinates":[[57.96,-81.75],[58.71,-81.75],[58.34,-81.5],[56.75,-81.4],[54.12,-81.5],[57.96,-81.75]]}},{"type":"Feature","properties":{"level":1040},"geometry":{"type":"LineString","coordinates":[[52.76,-81.0],[56.75,-81.1],[57.84,-81.0],[58.15,-80.75],[56.4,-80.25],[49.06,-79.0],[48.89,-78.75],[46.5,-77.86],[44.75,-77.53],[45.19,-78.5],[45.76,-79.0],[46.0,-79.5],[45.85,-79.75],[46.77,-80.25],[52.76,-81.0]]}},{"type":"Feature","properties":{"level":1044},"geometry":{"type":"LineString","coordinates":[[76.17,-81.0],[78.44,-81.0],[79.83,-80.5],[76.17,-81.0]]}},{"type":"Feature","properties":{"level":1044},"geometry":{"type":"LineString","coordinates":[[51.62,-80.75],[56.11,-80.75],[48.5,-79.07],[48.22,-78.75],[46.5,-78.15],[45.75,-78.03],[45.61,-78.25],[47.52,-79.75],[47.63,-80.0],[47.44,-80.25],[51.62,-80.75]]}},{"type":"Feature","properties":{"level":1048},"geometry":{"type":"LineString","coordinates":[[47.04,-79.0],[47.5,-79.06],[47.65,-78.75],[46.46,-78.5],[47.04,-79.0]]}}]}